时间,真实值,预测值
2017-04-28 19:00:00,3.9815166,-0.37951973
2017-04-28 19:30:00,3.883183,-1.9876304
2017-04-28 20:00:00,3.1135032,-3.9881568
2017-04-28 20:30:00,4.2741365,-3.6089892
2017-04-28 21:00:00,4.9026327,-4.527449
2017-04-28 21:30:00,5.051767,-4.40101
2017-04-28 22:00:00,5.8418956,-4.6081676
2017-04-28 22:30:00,5.061944,-4.280483
2017-04-28 23:00:00,5.4606485,-4.011703
2017-04-28 23:30:00,3.9218051,-2.9977808
2017-04-29 00:00:00,3.5646358,-0.9101307
2017-04-29 00:30:00,2.9955382,2.5268018
2017-04-29 01:00:00,2.980568,5.261784
2017-04-29 01:30:00,4.8063188,6.9475837
2017-04-29 02:00:00,4.851331,7.4585257
2017-04-29 02:30:00,4.3052826,8.937869
2017-04-29 03:00:00,3.1283154,8.863986
2017-04-29 03:30:00,2.5324876,10.675761
2017-04-29 04:00:00,8.713393,13.412386
2017-04-29 04:30:00,2.7933695,18.169361
2017-04-29 05:00:00,8.1307125,21.9734
2017-04-29 05:30:00,5.280869,24.46697
2017-04-29 06:00:00,4.4633207,24.909876
2017-04-29 06:30:00,3.363409,22.48894
2017-04-29 07:00:00,-2.8686924,18.157448
2017-04-29 07:30:00,-8.9101095,10.459331
2017-04-29 08:00:00,-11.509184,2.4017189
2017-04-29 08:30:00,-7.713828,-2.5474284
2017-04-29 09:00:00,-20.0258,-4.589561
2017-04-29 09:30:00,-15.869132,-5.8663507
2017-04-29 10:00:00,-14.503749,-10.326267
2017-04-29 10:30:00,-18.653013,-14.101767
2017-04-29 11:00:00,-26.628038,-16.419426
2017-04-29 11:30:00,-25.448153,-16.175486
2017-04-29 12:00:00,-24.268265,-17.115099
2017-04-29 12:30:00,-23.088379,-18.994148
2017-04-29 13:00:00,-21.908491,-18.11765
2017-04-29 13:30:00,-20.728605,-18.726933
2017-04-29 14:00:00,-19.54872,-16.364716
2017-04-29 14:30:00,-18.368832,-12.819385
2017-04-29 15:00:00,-17.188948,-10.463099
2017-04-29 15:30:00,-16.00906,-6.150741
2017-04-29 16:00:00,-14.829176,-1.117714
2017-04-29 16:30:00,-13.649288,3.5619228
2017-04-29 17:00:00,-12.4694,7.7763987
2017-04-29 17:30:00,-11.289516,11.790545
2017-04-29 18:00:00,-10.109629,15.168617
2017-04-29 18:30:00,-8.929745,15.6645775
2017-04-29 19:00:00,-7.7498574,15.565049
2017-04-29 19:30:00,-6.5699697,14.076611
2017-04-29 20:00:00,-5.3900857,12.8612175
2017-04-29 20:30:00,-4.210198,12.305338
2017-04-29 21:00:00,-3.0303137,10.267437
2017-04-29 21:30:00,-1.8504258,10.102033
2017-04-29 22:00:00,-0.67053807,9.772106
2017-04-29 22:30:00,0.50934595,9.42944
2017-04-29 23:00:00,1.6892338,9.55349
2017-04-29 23:30:00,2.8691177,10.014276
2017-04-30 00:00:00,4.0490055,9.644416
2017-04-30 00:30:00,4.402034,8.694949
2017-04-30 01:00:00,3.1360586,8.014895
2017-04-30 01:30:00,3.6348224,6.681381
2017-04-30 02:00:00,2.5813513,6.3471966
2017-04-30 02:30:00,3.3770566,5.4232736
2017-04-30 03:00:00,3.319881,4.885914
2017-04-30 03:30:00,3.546647,5.123747
2017-04-30 04:00:00,3.0768971,6.659768
2017-04-30 04:30:00,1.681385,6.491376
2017-04-30 05:00:00,1.5997813,5.2734723
2017-04-30 05:30:00,1.5181812,2.7082276
2017-04-30 06:00:00,2.3045082,-0.23960604
2017-04-30 06:30:00,1.5486305,-1.2963704
2017-04-30 07:00:00,-4.5931444,-4.253662
2017-04-30 07:30:00,-5.6566725,-4.5718026
2017-04-30 08:00:00,-12.827279,-4.7318597
2017-04-30 08:30:00,-21.595823,-6.148386
2017-04-30 09:00:00,-15.995048,-10.142667
2017-04-30 09:30:00,-17.463516,-15.118635
2017-04-30 10:00:00,-18.164124,-16.948135
2017-04-30 10:30:00,-28.081053,-22.630054
2017-04-30 11:00:00,-22.780973,-26.37721
2017-04-30 11:30:00,-24.080145,-26.271158
2017-04-30 12:00:00,-24.742592,-26.120518
2017-04-30 12:30:00,-39.56868,-25.302904
2017-04-30 13:00:00,-19.774418,-25.035004
2017-04-30 13:30:00,-28.12152,-23.11541
2017-04-30 14:00:00,-22.585518,-21.757572
2017-04-30 14:30:00,-17.433907,-20.729939
2017-04-30 15:00:00,-15.301105,-18.555029
2017-04-30 15:30:00,-20.10085,-15.901356
2017-04-30 16:00:00,-11.108061,-13.238584
2017-04-30 16:30:00,-8.658282,-11.044291
2017-04-30 17:00:00,-2.5876744,-7.9572635
2017-04-30 17:30:00,1.5230796,-5.5433345
2017-04-30 18:00:00,-2.3123763,-3.9517803
2017-04-30 18:30:00,0.94773114,-2.399406
2017-04-30 19:00:00,0.6754812,-1.5821173
2017-04-30 19:30:00,-0.471429,-0.14733128
2017-04-30 20:00:00,-3.3934329,0.9498337
2017-04-30 20:30:00,1.6562335,0.12625252
2017-04-30 21:00:00,6.7059035,-0.4715835
2017-04-30 21:30:00,4.49926,-0.55877143
2017-04-30 22:00:00,2.2926126,-0.33269468
2017-04-30 22:30:00,4.898838,-0.48508048
2017-04-30 23:00:00,7.505068,0.278578
2017-04-30 23:30:00,0.98324084,1.3650305
2017-05-01 00:00:00,0.12182511,1.8975707
2017-05-01 00:30:00,-0.93011993,1.505419
2017-05-01 01:00:00,-0.30778438,0.69461894
2017-05-01 01:30:00,0.32411063,0.13561977
2017-05-01 02:00:00,0.809498,-1.4587716
2017-05-01 02:30:00,1.2948891,-2.4288151
2017-05-01 03:00:00,1.4042329,-3.7378514
2017-05-01 03:30:00,1.5135729,-4.886955
2017-05-01 04:00:00,1.622913,-5.403485
2017-05-01 04:30:00,1.7322531,-4.1148148
2017-05-01 05:00:00,7.2962904,-3.3580663
2017-05-01 05:30:00,6.234714,-2.9651234
2017-05-01 06:00:00,3.7348819,-2.1293752
2017-05-01 06:30:00,-3.798961,-3.472776
2017-05-01 07:00:00,-11.3328,-5.667988
2017-05-01 07:30:00,-18.866642,-9.514298
2017-05-01 08:00:00,-7.6316175,-11.582483
2017-05-01 08:30:00,-19.074177,-16.166334
2017-05-01 09:00:00,-30.447622,-18.186724
2017-05-01 09:30:00,-22.100786,-21.77225
2017-05-01 10:00:00,-27.034943,-21.970463
2017-05-01 10:30:00,-18.934729,-26.521637
2017-05-01 11:00:00,-22.805279,-29.088907
2017-05-01 11:30:00,-26.34032,-29.013285
2017-05-01 12:00:00,-17.906973,-28.247746
2017-05-01 12:30:00,-23.706392,-28.128895
2017-05-01 13:00:00,-21.81065,-23.215658
2017-05-01 13:30:00,-23.861696,-21.772026
2017-05-01 14:00:00,-22.59068,-19.753014
2017-05-01 14:30:00,-20.538105,-17.522503
2017-05-01 15:00:00,-14.46871,-15.386171
2017-05-01 15:30:00,-11.047185,-13.639141
2017-05-01 16:00:00,-2.750234,-10.210404
2017-05-01 16:30:00,-1.217359,-7.66019
2017-05-01 17:00:00,-0.48492223,-4.8722596
2017-05-01 17:30:00,3.0138733,-3.1138391
2017-05-01 18:00:00,5.0449014,-0.73933434
2017-05-01 18:30:00,4.781329,0.37602627
2017-05-01 19:00:00,5.043733,1.3255042
2017-05-01 19:30:00,5.8523216,0.926099
2017-05-01 20:00:00,5.792595,0.5354658
2017-05-01 20:30:00,4.8980093,0.4551243
2017-05-01 21:00:00,6.630943,0.36063772
2017-05-01 21:30:00,6.6034174,-0.6128574
2017-05-01 22:00:00,4.9410024,-0.011242111
2017-05-01 22:30:00,4.4271665,-0.50730795
2017-05-01 23:00:00,5.78787,2.4775877
2017-05-01 23:30:00,5.2582345,0.71017706
2017-05-02 00:00:00,7.266794,2.4493203
2017-05-02 00:30:00,7.4857607,2.6131005
2017-05-02 01:00:00,8.21914,2.329671
2017-05-02 01:30:00,5.609281,3.001974
2017-05-02 02:00:00,3.667751,2.4265237
2017-05-02 02:30:00,5.630804,2.9329517
2017-05-02 03:00:00,6.1747727,2.71212
2017-05-02 03:30:00,5.8053985,2.2023273
2017-05-02 04:00:00,8.337881,2.6016533
2017-05-02 04:30:00,10.870359,2.914285
2017-05-02 05:00:00,13.402839,1.888113
2017-05-02 05:30:00,15.935317,1.0773695
2017-05-02 06:00:00,18.467802,0.09520413
2017-05-02 06:30:00,21.00028,-3.283294
2017-05-02 07:00:00,23.53276,-6.618871
2017-05-02 07:30:00,26.065239,-9.263541
2017-05-02 08:00:00,28.597717,-10.810787
2017-05-02 08:30:00,31.130203,-14.437887
2017-05-02 09:00:00,46.482998,-18.240433
2017-05-02 09:30:00,18.529741,-19.583721
2017-05-02 10:00:00,-9.42352,-20.903383
2017-05-02 10:30:00,-6.3966827,-20.74397
2017-05-02 11:00:00,-11.352163,-20.16543
2017-05-02 11:30:00,-22.21755,-19.902853
2017-05-02 12:00:00,-18.626904,-17.546326
2017-05-02 12:30:00,-9.897415,-16.301006
2017-05-02 13:00:00,-4.553373,-14.389472
2017-05-02 13:30:00,-5.327209,-13.7231865
2017-05-02 14:00:00,29.976099,-11.8829365
2017-05-02 14:30:00,-2.9158754,-11.507959
2017-05-02 15:00:00,-5.1304626,-8.988198
2017-05-02 15:30:00,-4.853299,-7.287798
2017-05-02 16:00:00,-5.1019497,-6.2490635
2017-05-02 16:30:00,-4.5954695,-5.116596
2017-05-02 17:00:00,-3.3684132,-3.6157417
2017-05-02 17:30:00,-0.763005,-3.6401772
2017-05-02 18:00:00,1.8424033,-2.8807087
2017-05-02 18:30:00,4.877383,-1.007511
2017-05-02 19:00:00,5.702637,0.30446047
2017-05-02 19:30:00,3.9759474,0.52080446
2017-05-02 20:00:00,4.0180774,1.107879
2017-05-02 20:30:00,5.2836385,1.0014291
2017-05-02 21:00:00,3.2390947,2.1151092
2017-05-02 21:30:00,2.3965342,3.4902701
2017-05-02 22:00:00,7.2779703,3.096728
2017-05-02 22:30:00,10.09002,3.0297668
2017-05-02 23:00:00,6.0722866,3.3697166
2017-05-02 23:30:00,4.837269,3.440442
2017-05-03 00:00:00,5.3399477,1.6496131
2017-05-03 00:30:00,5.4655995,-0.26045066
2017-05-03 01:00:00,4.876818,0.05340938
2017-05-03 01:30:00,4.470404,0.28396627
2017-05-03 02:00:00,4.803937,3.6283076
2017-05-03 02:30:00,10.267117,5.1632133
2017-05-03 03:00:00,8.139303,5.224545
2017-05-03 03:30:00,7.371394,4.848068
2017-05-03 04:00:00,10.848287,5.5214753
2017-05-03 04:30:00,8.172115,6.239149
2017-05-03 05:00:00,7.659579,6.8899517
2017-05-03 05:30:00,4.900997,8.911372
2017-05-03 06:00:00,-0.48474514,7.4794908
2017-05-03 06:30:00,-2.2800956,3.1781511
2017-05-03 07:00:00,-1.8114647,0.028875876
2017-05-03 07:30:00,-8.623432,-3.3795328
2017-05-03 08:00:00,-11.974326,-8.862109
2017-05-03 08:30:00,-14.692578,-11.30558
2017-05-03 09:00:00,-20.539312,-15.202138
2017-05-03 09:30:00,-22.89017,-19.325335
2017-05-03 10:00:00,-29.064623,-24.928764
2017-05-03 10:30:00,-25.934633,-29.655426
2017-05-03 11:00:00,-23.358332,-32.344563
2017-05-03 11:30:00,-33.878098,-27.891336
2017-05-03 12:00:00,-25.553476,-30.97034
2017-05-03 12:30:00,-24.536655,-24.702293
2017-05-03 13:00:00,-14.461592,-22.435644
2017-05-03 13:30:00,-18.764746,-20.640095
2017-05-03 14:00:00,-20.516357,-20.678532
2017-05-03 14:30:00,-19.971416,-22.327887
2017-05-03 15:00:00,-15.865477,-16.491901
2017-05-03 15:30:00,-22.955513,-9.10466
2017-05-03 16:00:00,-10.372149,-4.1271734
2017-05-03 16:30:00,-12.679297,-1.6441237
2017-05-03 17:00:00,-3.9400465,-2.4206913
2017-05-03 17:30:00,-1.3059373,-0.61593586
2017-05-03 18:00:00,0.6841175,0.97180873
2017-05-03 18:30:00,3.1719754,1.252028
2017-05-03 19:00:00,6.235773,3.908572
2017-05-03 19:30:00,7.694162,1.8067956
2017-05-03 20:00:00,6.5787635,1.659297
2017-05-03 20:30:00,6.2633395,4.5941496
2017-05-03 21:00:00,6.4338684,5.3034773
2017-05-03 21:30:00,8.379661,6.027745
2017-05-03 22:00:00,7.043321,8.629156
2017-05-03 22:30:00,5.97731,9.751838
2017-05-03 23:00:00,7.4758472,9.380206
2017-05-03 23:30:00,9.680012,4.8587356
2017-05-04 00:00:00,7.190997,5.1857495
2017-05-04 00:30:00,7.405182,3.535166
2017-05-04 01:00:00,8.152567,2.6869383
2017-05-04 01:30:00,8.798053,4.989052
2017-05-04 02:00:00,7.7841644,5.2472134
2017-05-04 02:30:00,8.083058,3.466852
2017-05-04 03:00:00,8.348157,1.906158
2017-05-04 03:30:00,9.6973295,1.0520108
2017-05-04 04:00:00,8.478876,1.5742718
2017-05-04 04:30:00,8.468597,1.803608
2017-05-04 05:00:00,7.8022056,2.3959992
2017-05-04 05:30:00,7.1358147,4.1836286
2017-05-04 06:00:00,6.469427,3.894687
2017-05-04 06:30:00,5.8030357,2.797081
2017-05-04 07:00:00,5.136645,-1.7813056
2017-05-04 07:30:00,4.4702573,-0.3251323
2017-05-04 08:00:00,3.8038666,-3.9629526
2017-05-04 08:30:00,3.1374755,-7.2710075
2017-05-04 09:00:00,2.471084,-8.090409
2017-05-04 09:30:00,1.8046968,-9.528817
2017-05-04 10:00:00,1.1383057,-7.780213
2017-05-04 10:30:00,0.47191453,-8.082241
2017-05-04 11:00:00,-0.19447283,-8.489623
2017-05-04 11:30:00,-0.8608639,-9.9130745
2017-05-04 12:00:00,-1.527255,-13.215202
2017-05-04 12:30:00,-2.1936424,-13.6797905
2017-05-04 13:00:00,-2.8600335,-16.152264
2017-05-04 13:30:00,-3.5264246,-17.861986
2017-05-04 14:00:00,-4.1928124,-16.668499
2017-05-04 14:30:00,-4.8592033,-16.692883
2017-05-04 15:00:00,-7.4222293,-16.93801
2017-05-04 15:30:00,-6.1755495,-13.293166
2017-05-04 16:00:00,-4.928874,-8.943381
2017-05-04 16:30:00,-0.17422733,-3.9389915
2017-05-04 17:00:00,3.8704433,-0.004983449
2017-05-04 17:30:00,3.6606333,2.5421262
2017-05-04 18:00:00,4.6875734,4.931895
2017-05-04 18:30:00,13.899334,6.1380796
2017-05-04 19:00:00,23.111105,7.370079
2017-05-04 19:30:00,32.322865,5.3722734
2017-05-04 20:00:00,41.53463,5.156536
2017-05-04 20:30:00,50.74639,5.5936027
2017-05-04 21:00:00,9.324301,7.023347
2017-05-04 21:30:00,11.498577,7.2808905
2017-05-04 22:00:00,5.8813086,9.963317
2017-05-04 22:30:00,4.5435038,10.762459
2017-05-04 23:00:00,7.818242,11.144407
2017-05-04 23:30:00,4.6815333,12.371693
2017-05-05 00:00:00,10.661277,11.400368
2017-05-05 00:30:00,8.274195,8.318906
2017-05-05 01:00:00,12.157225,4.302423
2017-05-05 01:30:00,16.684637,3.2383525
2017-05-05 02:00:00,13.700617,3.0976965
2017-05-05 02:30:00,6.8047724,2.0201817
2017-05-05 03:00:00,6.6207542,1.9553343
2017-05-05 03:30:00,15.668436,3.2488313
2017-05-05 04:00:00,13.571878,0.6461925
2017-05-05 04:30:00,11.267007,-0.23082282
2017-05-05 05:00:00,9.693042,-2.6695645
2017-05-05 05:30:00,5.835897,4.100115
2017-05-05 06:00:00,7.979988,-4.175174
2017-05-05 06:30:00,4.013447,-3.0748591
2017-05-05 07:00:00,3.2326026,-3.2997112
2017-05-05 07:30:00,2.403716,-5.5163856
2017-05-05 08:00:00,-3.1761017,-6.5838284
2017-05-05 08:30:00,-2.5762799,-7.9998384
2017-05-05 09:00:00,-3.2258508,-12.970976
2017-05-05 09:30:00,-3.1313756,-13.47261
2017-05-05 10:00:00,-3.1754386,-13.081348
2017-05-05 10:30:00,-3.0949314,-11.983735
2017-05-05 11:00:00,-3.5610113,-8.6801405
2017-05-05 11:30:00,-4.0270915,-8.507347
2017-05-05 12:00:00,-4.4931717,-8.511142
2017-05-05 12:30:00,-6.601738,-7.7768817
2017-05-05 13:00:00,-5.3896675,-7.468655
2017-05-05 13:30:00,-7.4130807,-6.6092587
2017-05-05 14:00:00,-4.4908733,-9.7364645
2017-05-05 14:30:00,-2.5435963,-9.815985
2017-05-05 15:00:00,3.2914286,-9.569911
2017-05-05 15:30:00,-6.0391703,-8.5911665
2017-05-05 16:00:00,-11.775522,-7.5841784
2017-05-05 16:30:00,-19.05657,-6.4644995
2017-05-05 17:00:00,-12.755946,-4.6600757
2017-05-05 17:30:00,-12.584141,-3.1031945
2017-05-05 18:00:00,-0.66042095,-1.366218
2017-05-05 18:30:00,1.7424192,1.544757
2017-05-05 19:00:00,1.7393408,3.5395558
2017-05-05 19:30:00,1.7362585,4.9829555
2017-05-05 20:00:00,1.73318,8.129394
2017-05-05 20:30:00,-0.04310062,9.229317
2017-05-05 21:00:00,0.4000473,7.7970963
2017-05-05 21:30:00,0.84536564,8.690303
2017-05-05 22:00:00,1.6495378,8.658645
2017-05-05 22:30:00,2.64725,7.512762
2017-05-05 23:00:00,3.9894369,6.3170075
2017-05-05 23:30:00,0.97464603,6.544501
2017-05-06 00:00:00,-43.304497,6.321857
2017-05-06 00:30:00,-31.042875,5.104074
2017-05-06 01:00:00,-18.781254,3.7273269
2017-05-06 01:30:00,-6.519633,-0.049958397
2017-05-06 02:00:00,5.7419868,-0.5039808
2017-05-06 02:30:00,4.6699805,-2.4090595
2017-05-06 03:00:00,3.597975,-2.1372278
2017-05-06 03:30:00,2.3684926,-0.9781319
2017-05-06 04:00:00,4.6890883,-0.22090918
2017-05-06 04:30:00,2.4597802,0.8373888
2017-05-06 05:00:00,2.0691206,2.1890826
2017-05-06 05:30:00,2.7651246,3.2365174
2017-05-06 06:00:00,2.2399433,0.5058568
2017-05-06 06:30:00,1.7147583,-1.3306178
2017-05-06 07:00:00,2.6939392,-3.3862474
2017-05-06 07:30:00,-4.886891,-5.9312963
2017-05-06 08:00:00,-4.993842,-8.128591
2017-05-06 08:30:00,-18.94981,-11.078923
2017-05-06 09:00:00,-23.98089,-14.163904
2017-05-06 09:30:00,-17.287415,-17.114014
2017-05-06 10:00:00,-24.216232,-20.202608
2017-05-06 10:30:00,-36.930447,-22.839804
2017-05-06 11:00:00,-31.411324,-24.014639
2017-05-06 11:30:00,-34.249325,-21.442438
2017-05-06 12:00:00,-32.66194,-21.894934
2017-05-06 12:30:00,-33.462837,-21.792364
2017-05-06 13:00:00,-42.669533,-18.033144
2017-05-06 13:30:00,-41.492977,-17.783545
2017-05-06 14:00:00,-23.730951,-16.151993
2017-05-06 14:30:00,-16.080385,-12.638109
2017-05-06 15:00:00,-17.16802,-10.280633
2017-05-06 15:30:00,-28.2193,-5.871822
2017-05-06 16:00:00,-8.994027,-3.107942
2017-05-06 16:30:00,-4.1317782,-3.1932461
2017-05-06 17:00:00,-2.5453823,-0.10958713
2017-05-06 17:30:00,-9.981521,-1.3775935
2017-05-06 18:00:00,1.0090668,1.618625
2017-05-06 18:30:00,0.25382975,2.4222057
2017-05-06 19:00:00,-0.50140727,2.7721405
2017-05-06 19:30:00,3.2840471,0.7376647
2017-05-06 20:00:00,6.478165,-1.96272
2017-05-06 20:30:00,7.7274747,-1.8442049
2017-05-06 21:00:00,4.4491754,-2.1440027
2017-05-06 21:30:00,0.5173153,-3.1713276
2017-05-06 22:00:00,0.76746964,-2.7984004
2017-05-06 22:30:00,1.0176202,-1.2472167
2017-05-06 23:00:00,1.2677745,0.08272072
2017-05-06 23:30:00,1.517925,-0.48522744
2017-05-07 00:00:00,0.20389609,-1.4270864
2017-05-07 00:30:00,3.5580492,-1.6856622
2017-05-07 01:00:00,0.6226274,-3.3166258
2017-05-07 01:30:00,0.34654912,-3.6829214
2017-05-07 02:00:00,2.8939753,-1.6923919
2017-05-07 02:30:00,1.7558484,-0.31359088
2017-05-07 03:00:00,0.61772144,-3.1375022
2017-05-07 03:30:00,-0.52040553,-2.2743194
2017-05-07 04:00:00,-39.361576,-0.6746791
2017-05-07 04:30:00,-24.139189,-2.0833905
2017-05-07 05:00:00,-8.916801,-2.0651457
2017-05-07 05:30:00,-0.9978838,-0.6835603
2017-05-07 06:00:00,-4.1833057,2.3864849
2017-05-07 06:30:00,-7.368731,3.9545376
2017-05-07 07:00:00,-10.5541525,0.024422089
2017-05-07 07:30:00,-13.739577,-2.684079
2017-05-07 08:00:00,-16.964352,-3.4673688
2017-05-07 08:30:00,-20.189129,-7.801713
2017-05-07 09:00:00,-22.791685,-14.3753195
2017-05-07 09:30:00,-22.704912,-16.07586
2017-05-07 10:00:00,-28.0935,-19.79468
2017-05-07 10:30:00,-25.648,-21.213005
2017-05-07 11:00:00,-45.75744,-17.755383
2017-05-07 11:30:00,-34.1547,-18.245523
2017-05-07 12:00:00,-40.24468,-21.215097
2017-05-07 12:30:00,-47.77715,-24.612165
2017-05-07 13:00:00,-26.885506,-29.837564
2017-05-07 13:30:00,-30.496672,-30.536982
2017-05-07 14:00:00,-27.78632,-28.66311
2017-05-07 14:30:00,-18.105246,-27.17699
2017-05-07 15:00:00,-25.910706,-24.408548
2017-05-07 15:30:00,-16.491919,-22.327757
2017-05-07 16:00:00,-25.667257,-16.718248
2017-05-07 16:30:00,-19.72476,-12.135672
2017-05-07 17:00:00,-4.6173277,-7.523408
2017-05-07 17:30:00,-3.1834908,-3.6124523
2017-05-07 18:00:00,1.3020445,0.03340879
2017-05-07 18:30:00,3.5142083,2.8767292
2017-05-07 19:00:00,4.246675,4.1210914
2017-05-07 19:30:00,2.449049,4.303666
2017-05-07 20:00:00,3.7809646,4.9274673
2017-05-07 20:30:00,4.407897,2.5441873
2017-05-07 21:00:00,1.2833062,1.3777777
2017-05-07 21:30:00,3.0479512,0.12937619
2017-05-07 22:00:00,5.0661225,0.46570486
2017-05-07 22:30:00,4.2747507,1.3749932
2017-05-07 23:00:00,6.203526,0.83326656
2017-05-07 23:30:00,4.821658,1.0911604
2017-05-08 00:00:00,4.258024,-0.3365682
2017-05-08 00:30:00,3.186987,1.7042944
2017-05-08 01:00:00,4.4640703,4.2305064
2017-05-08 01:30:00,2.0136142,5.5792274
2017-05-08 02:00:00,4.8050675,7.170661
2017-05-08 02:30:00,4.3515577,8.92988
2017-05-08 03:00:00,3.863111,11.3597145
2017-05-08 03:30:00,3.4419417,11.161812
2017-05-08 04:00:00,3.0207763,4.7140813
2017-05-08 04:30:00,2.5996072,2.9417462
2017-05-08 05:00:00,2.5313911,2.3053296
2017-05-08 05:30:00,2.4631715,3.1088912
2017-05-08 06:00:00,2.3949516,-2.5326653
2017-05-08 06:30:00,5.707306,-6.4652457
2017-05-08 07:00:00,2.0937748,-12.126471
2017-05-08 07:30:00,2.8832178,-15.617474
2017-05-08 08:00:00,7.2420344,-22.861961
2017-05-08 08:30:00,1.9729234,-24.775335
2017-05-08 09:00:00,51.964554,-22.664297
2017-05-08 09:30:00,33.964783,-21.10424
2017-05-08 10:00:00,15.965024,-21.300756
2017-05-08 10:30:00,-2.0347455,-21.227066
2017-05-08 11:00:00,9.297171,-24.598446
2017-05-08 11:30:00,12.647801,-20.971603
2017-05-08 12:00:00,15.998431,-21.714691
2017-05-08 12:30:00,19.349064,-19.43796
2017-05-08 13:00:00,22.699692,-14.746876
2017-05-08 13:30:00,26.050325,-10.395093
2017-05-08 14:00:00,29.400959,-10.033478
2017-05-08 14:30:00,32.751583,-7.2457585
2017-05-08 15:00:00,36.102215,-6.2520328
2017-05-08 15:30:00,39.452843,-4.45467
2017-05-08 16:00:00,42.803474,-2.2931292
2017-05-08 16:30:00,29.178396,3.5771303
2017-05-08 17:00:00,15.553316,6.9020925
2017-05-08 17:30:00,1.9282348,7.917763
2017-05-08 18:00:00,-11.69685,6.7193027
2017-05-08 18:30:00,-25.32193,5.5907235
2017-05-08 19:00:00,-38.947014,4.3617463
2017-05-08 19:30:00,-25.816864,4.9388056
2017-05-08 20:00:00,-12.686717,4.2893705
2017-05-08 20:30:00,0.4434284,4.51241
2017-05-08 21:00:00,13.573574,5.7428117
2017-05-08 21:30:00,2.710982,4.754565
2017-05-08 22:00:00,-1.7626011,6.2756233
2017-05-08 22:30:00,7.491081,6.532605
2017-05-08 23:00:00,16.744768,6.493373
2017-05-08 23:30:00,14.408715,6.7550535
2017-05-09 00:00:00,-1.4319433,5.038032
2017-05-09 00:30:00,-17.272598,3.6225915
2017-05-09 01:00:00,-33.113255,3.417495
2017-05-09 01:30:00,-19.28491,2.8475988
2017-05-09 02:00:00,-20.437801,4.1000166
2017-05-09 02:30:00,1.8831844,4.118382
2017-05-09 03:00:00,1.3544801,4.4667645
2017-05-09 03:30:00,4.754418,3.596234
2017-05-09 04:00:00,8.334995,2.1380074
2017-05-09 04:30:00,3.5057945,2.2188687
2017-05-09 05:00:00,2.1525028,-0.5421055
2017-05-09 05:30:00,0.79920757,-0.24981357
2017-05-09 06:00:00,-0.554084,-1.0197307
2017-05-09 06:30:00,-1.9073793,-1.1144736
2017-05-09 07:00:00,-3.260671,-1.2146611
2017-05-09 07:30:00,-4.6139665,-5.529517
2017-05-09 08:00:00,-2.8146856,-8.997192
2017-05-09 08:30:00,-6.1132345,-12.307719
2017-05-09 09:00:00,-5.644302,-21.766457
2017-05-09 09:30:00,-9.887543,-27.797508
2017-05-09 10:00:00,-3.9987373,-25.329681
2017-05-09 10:30:00,-9.474806,-29.511572
2017-05-09 11:00:00,-8.450952,-31.692108
2017-05-09 11:30:00,-6.422603,-29.625021
2017-05-09 12:00:00,-8.505158,-28.930092
2017-05-09 12:30:00,-16.1429,-22.671776
2017-05-09 13:00:00,-23.00342,-12.183926
2017-05-09 13:30:00,-5.615322,-8.700579
2017-05-09 14:00:00,-8.349619,-6.489014
2017-05-09 14:30:00,-24.175266,-11.391581
2017-05-09 15:00:00,-16.721802,-12.913287
2017-05-09 15:30:00,-11.480151,-11.817188
2017-05-09 16:00:00,-11.290779,-12.83772
2017-05-09 16:30:00,-14.016933,-12.095336
2017-05-09 17:00:00,-7.82535,-12.48401
2017-05-09 17:30:00,-4.3637366,-10.491031
2017-05-09 18:00:00,-1.7038918,-8.032669
2017-05-09 18:30:00,3.7084568,-7.6002827
2017-05-09 19:00:00,2.0700173,-9.183637
2017-05-09 19:30:00,0.47893056,-8.831516
2017-05-09 20:00:00,1.3829701,-2.1642294
2017-05-09 20:30:00,2.2870095,3.3872454
2017-05-09 21:00:00,1.5873694,5.8847866
2017-05-09 21:30:00,0.8877294,5.2282867
2017-05-09 22:00:00,0.6783675,3.8856437
2017-05-09 22:30:00,0.4690094,0.76476794
2017-05-09 23:00:00,0.25964755,-3.5693047
2017-05-09 23:30:00,-2.6974216,-3.5412066
2017-05-10 00:00:00,-1.3749597,-4.9760647
2017-05-10 00:30:00,-0.052501805,-6.8639197
2017-05-10 01:00:00,-1.0906334,-8.362727
2017-05-10 01:30:00,-0.06117199,-8.6121435
2017-05-10 02:00:00,0.9682856,-9.575085
2017-05-10 02:30:00,1.997747,-6.470332
2017-05-10 03:00:00,3.0272045,-1.1539698
2017-05-10 03:30:00,4.056666,5.626369
2017-05-10 04:00:00,2.5487504,9.128454
2017-05-10 04:30:00,3.809771,8.45464
2017-05-10 05:00:00,1.6685549,7.273441
2017-05-10 05:30:00,0.7458601,6.0434837
2017-05-10 06:00:00,1.2746285,5.6344705
2017-05-10 06:30:00,-1.7786076,6.03397
2017-05-10 07:00:00,-3.3067837,-0.9055525
2017-05-10 07:30:00,-10.9066305,-5.0303426
2017-05-10 08:00:00,-11.243592,-12.233294
2017-05-10 08:30:00,-21.67893,-16.601448
2017-05-10 09:00:00,-25.628588,-22.87701
2017-05-10 09:30:00,-26.869759,-28.125443
2017-05-10 10:00:00,-28.729095,-29.87156
2017-05-10 10:30:00,-20.435709,-33.23538
2017-05-10 11:00:00,-20.272379,-32.90441
2017-05-10 11:30:00,-29.276722,-33.107925
2017-05-10 12:00:00,-16.430843,-32.52988
2017-05-10 12:30:00,-28.043905,-31.634655
2017-05-10 13:00:00,-22.54114,-27.709776
2017-05-10 13:30:00,-16.31055,-20.120787
2017-05-10 14:00:00,-3.4418592,-15.884708
2017-05-10 14:30:00,-19.375072,-13.981178
2017-05-10 15:00:00,-9.843879,-12.991164
2017-05-10 15:30:00,-17.21398,-13.789048
2017-05-10 16:00:00,-11.892131,-9.1257305
2017-05-10 16:30:00,-9.093812,-6.6083016
2017-05-10 17:00:00,-6.1341166,-3.6721675
2017-05-10 17:30:00,-1.3663536,-4.2546268
2017-05-10 18:00:00,1.3223541,-5.188682
2017-05-10 18:30:00,2.4617999,-5.051764
2017-05-10 19:00:00,1.5936017,-5.019054
2017-05-10 19:30:00,2.38075,-3.793701
2017-05-10 20:00:00,3.1678982,-2.9910886
2017-05-10 20:30:00,7.3249497,-5.2278166
2017-05-10 21:00:00,6.5159016,-1.9538238
2017-05-10 21:30:00,3.316015,-0.7440896
2017-05-10 22:00:00,2.2771373,3.2369206
2017-05-10 22:30:00,2.995557,4.4488325
2017-05-10 23:00:00,7.7450976,4.272256
2017-05-10 23:30:00,2.4906929,4.2606544
2017-05-11 00:00:00,3.463035,4.024973
2017-05-11 00:30:00,4.365164,3.2812324
2017-05-11 01:00:00,2.1893125,3.4175742
2017-05-11 01:30:00,1.7180854,2.1787434
2017-05-11 02:00:00,1.4606814,2.389974
2017-05-11 02:30:00,1.2032775,2.5767505
2017-05-11 03:00:00,2.4293685,3.1936376
2017-05-11 03:30:00,3.757068,3.0541608
2017-05-11 04:00:00,3.1555505,5.185787
2017-05-11 04:30:00,3.973649,5.0862026
2017-05-11 05:00:00,4.7917476,2.8316638
2017-05-11 05:30:00,2.161192,-0.145387
2017-05-11 06:00:00,4.5134993,-0.6048391
2017-05-11 06:30:00,-0.05245282,-1.0421127
2017-05-11 07:00:00,-4.6184053,-2.1174421
2017-05-11 07:30:00,-1.4510924,-3.259292
2017-05-11 08:00:00,-3.5698512,-5.666273
2017-05-11 08:30:00,-5.7335434,-7.715742
2017-05-11 09:00:00,-6.273691,-7.2943883
2017-05-11 09:30:00,-8.506812,-9.788244
2017-05-11 10:00:00,-10.31395,-13.223586
2017-05-11 10:30:00,-13.144609,-13.737618
2017-05-11 11:00:00,-16.526445,-12.145096
2017-05-11 11:30:00,-21.760458,-13.281599
2017-05-11 12:00:00,-12.248068,-11.712344
2017-05-11 12:30:00,-1.8938333,-12.44686
2017-05-11 13:00:00,-2.8878717,-9.64937
2017-05-11 13:30:00,-21.576345,-7.7190504
2017-05-11 14:00:00,-37.69505,-6.943662
2017-05-11 14:30:00,-36.017952,-9.082022
2017-05-11 15:00:00,-16.237839,-10.923372
2017-05-11 15:30:00,-23.178354,-11.0192375
2017-05-11 16:00:00,-9.979527,-9.364659
2017-05-11 16:30:00,-2.9693887,-10.736373
2017-05-11 17:00:00,1.4954225,-8.576102
2017-05-11 17:30:00,2.1455207,-6.1968465
2017-05-11 18:00:00,2.7956152,-1.8931814
2017-05-11 18:30:00,1.5224693,-0.84036976
2017-05-11 19:00:00,1.2824132,-0.28255004
2017-05-11 19:30:00,13.931897,1.4208273
2017-05-11 20:00:00,15.127214,0.5011543
2017-05-11 20:30:00,16.322525,2.727776
2017-05-11 21:00:00,14.247392,3.8685935
2017-05-11 21:30:00,12.1722555,3.5135188
2017-05-11 22:00:00,10.097119,2.1553478
2017-05-11 22:30:00,8.021983,1.3880794
2017-05-11 23:00:00,5.9468455,1.9710544
2017-05-11 23:30:00,8.867358,-0.25826523
2017-05-12 00:00:00,11.652564,2.1356485
2017-05-12 00:30:00,10.999463,2.959953
2017-05-12 01:00:00,10.346365,3.6622195
2017-05-12 01:30:00,9.693264,3.6535683
2017-05-12 02:00:00,9.040163,6.2955713
2017-05-12 02:30:00,8.387065,5.2698174
2017-05-12 03:00:00,7.733963,7.681878
2017-05-12 03:30:00,7.0808654,7.0579786
2017-05-12 04:00:00,6.4277644,7.485923
2017-05-12 04:30:00,5.774663,8.625614
2017-05-12 05:00:00,5.1215653,8.830228
2017-05-12 05:30:00,4.468464,8.683125
2017-05-12 06:00:00,8.212248,7.1064844
2017-05-12 06:30:00,11.956032,5.37383
2017-05-12 07:00:00,15.699817,0.30703402
2017-05-12 07:30:00,19.443596,-1.8825481
2017-05-12 08:00:00,23.187376,-4.2948837
2017-05-12 08:30:00,26.931164,-7.810967
2017-05-12 09:00:00,30.674944,-8.239593
2017-05-12 09:30:00,34.41873,-6.6881156
2017-05-12 10:00:00,38.16251,-8.621488
2017-05-12 10:30:00,41.906292,-8.182824
2017-05-12 11:00:00,45.650078,-9.656421
2017-05-12 11:30:00,49.39386,-10.3689165
2017-05-12 12:00:00,-7.262786,-9.782449
2017-05-12 12:30:00,-11.186778,-7.612913
2017-05-12 13:00:00,-24.426699,-9.417766
2017-05-12 13:30:00,-31.192484,-15.55592
2017-05-12 14:00:00,-23.102512,-19.861568
2017-05-12 14:30:00,-40.72405,-23.518452
2017-05-12 15:00:00,-30.232576,-23.662855
2017-05-12 15:30:00,-14.19623,-22.584993
2017-05-12 16:00:00,-17.73373,-19.797264
2017-05-12 16:30:00,-16.877625,-18.561205
2017-05-12 17:00:00,-12.065697,-14.408603
2017-05-12 17:30:00,-6.0037174,-10.325136
2017-05-12 18:00:00,-0.65029633,-5.53607
2017-05-12 18:30:00,1.9469881,-2.8503687
2017-05-12 19:00:00,3.5398986,0.1602098
2017-05-12 19:30:00,4.7841854,2.3001711
2017-05-12 20:00:00,5.975818,4.310769
2017-05-12 20:30:00,7.1300983,6.3552227
2017-05-12 21:00:00,7.8872685,6.884831
2017-05-12 21:30:00,5.242673,6.779293
2017-05-12 22:00:00,6.1133804,8.231021
2017-05-12 22:30:00,4.606671,6.580945
2017-05-12 23:00:00,2.0076907,5.872631
2017-05-12 23:30:00,1.8478067,6.797485
2017-05-13 00:00:00,2.6838486,7.942278
2017-05-13 00:30:00,3.389197,5.685444
2017-05-13 01:00:00,3.1450226,5.396822
2017-05-13 01:30:00,5.366949,5.1602063
2017-05-13 02:00:00,6.7744775,4.7140436
2017-05-13 02:30:00,5.761931,5.1620674
2017-05-13 03:00:00,5.0513334,4.9095354
2017-05-13 03:30:00,6.0366335,4.004535
2017-05-13 04:00:00,6.4359255,3.502358
2017-05-13 04:30:00,11.014995,5.1443467
2017-05-13 05:00:00,6.6966796,3.3816988
2017-05-13 05:30:00,5.934415,1.2862189
2017-05-13 06:00:00,4.3024077,1.1314178
2017-05-13 06:30:00,1.2851789,0.94171363
2017-05-13 07:00:00,-7.181951,1.0869741
2017-05-13 07:30:00,-11.200581,-0.19163552
2017-05-13 08:00:00,-14.880523,-4.4156446
2017-05-13 08:30:00,-14.336325,-10.030293
2017-05-13 09:00:00,-17.0239,-15.601772
2017-05-13 09:30:00,-18.94022,-16.791235
2017-05-13 10:00:00,-16.197397,-17.79426
2017-05-13 10:30:00,-20.495134,-13.162345
2017-05-13 11:00:00,-15.1233225,-12.431095
2017-05-13 11:30:00,-20.466894,-7.2756953
2017-05-13 12:00:00,-18.875462,-12.215825
2017-05-13 12:30:00,-15.880085,-6.935271
2017-05-13 13:00:00,-17.247986,-10.175494
2017-05-13 13:30:00,-15.276608,-11.425075
2017-05-13 14:00:00,-11.507349,-13.861854
2017-05-13 14:30:00,-11.735661,-7.4155335
2017-05-13 15:00:00,-11.963971,-5.3223143
2017-05-13 15:30:00,-13.005321,-7.2849984
2017-05-13 16:00:00,-15.231837,-7.4004917
2017-05-13 16:30:00,-5.9571524,-6.6757526
2017-05-13 17:00:00,-0.70420146,-4.7124734
2017-05-13 17:30:00,4.548753,-1.4816998
2017-05-13 18:00:00,5.0317397,0.25088692
2017-05-13 18:30:00,7.4749727,2.5201135
2017-05-13 19:00:00,6.704178,5.3345895
2017-05-13 19:30:00,6.289075,6.886067
2017-05-13 20:00:00,3.9981675,7.679858
2017-05-13 20:30:00,3.1491034,7.263098
2017-05-13 21:00:00,3.661839,6.0896606
2017-05-13 21:30:00,5.958044,7.0587435
2017-05-13 22:00:00,5.6651044,7.658528
2017-05-13 22:30:00,5.372168,7.9847283
2017-05-13 23:00:00,5.079228,5.829461
2017-05-13 23:30:00,4.786288,5.6884317
2017-05-14 00:00:00,4.4933476,6.3172183
2017-05-14 00:30:00,2.8383482,6.8236575
2017-05-14 01:00:00,4.2407403,6.2894444
2017-05-14 01:30:00,2.3023753,4.919796
2017-05-14 02:00:00,2.7146633,4.414397
2017-05-14 02:30:00,3.8361735,3.359268
2017-05-14 03:00:00,4.2415204,-0.28823972
2017-05-14 03:30:00,4.49224,-4.035954
2017-05-14 04:00:00,4.7429557,-6.5938625
2017-05-14 04:30:00,4.04925,-5.1306057
2017-05-14 05:00:00,5.205897,-3.2965198
2017-05-14 05:30:00,3.4603825,-0.2381742
2017-05-14 06:00:00,2.5194767,0.8585499
2017-05-14 06:30:00,-1.22358,2.625972
2017-05-14 07:00:00,-4.966637,2.8232536
2017-05-14 07:30:00,-10.078423,-0.10536696
2017-05-14 08:00:00,-14.44652,-0.86439836
2017-05-14 08:30:00,-7.211262,-3.0752132
2017-05-14 09:00:00,-15.097625,-0.9359189
2017-05-14 09:30:00,-16.404928,-5.4978924
2017-05-14 10:00:00,-28.05864,-9.162943
2017-05-14 10:30:00,-22.246998,-18.579224
2017-05-14 11:00:00,-19.93638,-22.762033
2017-05-14 11:30:00,-15.587413,-20.553764
2017-05-14 12:00:00,-15.590325,-19.860735
2017-05-14 12:30:00,-18.370209,-19.227285
2017-05-14 13:00:00,-15.14992,-19.770506
2017-05-14 13:30:00,-20.980469,-19.398218
2017-05-14 14:00:00,-21.871012,-14.858575
2017-05-14 14:30:00,-16.52879,-14.372407
2017-05-14 15:00:00,-13.159432,-7.828556
2017-05-14 15:30:00,-14.458005,-6.9043694
2017-05-14 16:00:00,-8.711894,-5.0517073
2017-05-14 16:30:00,-6.2653527,-2.9874678
2017-05-14 17:00:00,-4.088333,1.7548273
2017-05-14 17:30:00,-2.2411306,3.8306308
2017-05-14 18:00:00,0.3510029,5.9885726
2017-05-14 18:30:00,6.289535,6.63895
2017-05-14 19:00:00,3.235195,7.7159257
2017-05-14 19:30:00,1.7543826,7.6300077
2017-05-14 20:00:00,2.9882622,4.499689
2017-05-14 20:30:00,5.2196126,2.480233
2017-05-14 21:00:00,7.0374994,2.0801044
2017-05-14 21:30:00,3.1735427,3.837643
2017-05-14 22:00:00,2.5899875,4.392708
2017-05-14 22:30:00,2.2940707,5.393216
2017-05-14 23:00:00,0.77308017,6.977901
2017-05-14 23:30:00,0.30902353,8.344453
2017-05-15 00:00:00,0.81302863,5.862989
2017-05-15 00:30:00,0.40199915,3.1380594
2017-05-15 01:00:00,3.1494992,2.4269118
2017-05-15 01:30:00,1.0122168,1.276893
2017-05-15 02:00:00,0.94067365,4.7691436
2017-05-15 02:30:00,0.86913425,4.211354
2017-05-15 03:00:00,1.4552028,4.9946775
2017-05-15 03:30:00,2.041275,4.6803503
2017-05-15 04:00:00,2.6273472,7.0653563
2017-05-15 04:30:00,3.2134159,9.75481
2017-05-15 05:00:00,1.9754517,13.269398
2017-05-15 05:30:00,4.1826677,14.644254
2017-05-15 06:00:00,4.3599715,14.0410185
2017-05-15 06:30:00,1.4800829,12.360743
2017-05-15 07:00:00,2.406979,10.659475
2017-05-15 07:30:00,8.1828575,8.4342785
2017-05-15 08:00:00,0.34062204,2.8467472
2017-05-15 08:30:00,-7.5016136,-0.64831436
2017-05-15 09:00:00,-13.991051,-6.4940596
2017-05-15 09:30:00,-16.669874,-6.5664806
2017-05-15 10:00:00,-11.1119795,-13.112118
2017-05-15 10:30:00,-2.753041,-15.978201
2017-05-15 11:00:00,-11.923503,-19.821602
2017-05-15 11:30:00,-14.204919,-19.282658
2017-05-15 12:00:00,-15.61284,-16.466919
2017-05-15 12:30:00,-4.6352706,-13.852343
2017-05-15 13:00:00,-3.4915707,-11.4038
2017-05-15 13:30:00,-5.808787,-10.523567
2017-05-15 14:00:00,-14.989901,-8.573781
2017-05-15 14:30:00,-16.535816,-6.6458573
2017-05-15 15:00:00,-18.081732,-4.2976084
2017-05-15 15:30:00,-19.62765,-2.3131864
2017-05-15 16:00:00,-21.173565,1.478425
2017-05-15 16:30:00,-24.058054,2.9936619
2017-05-15 17:00:00,-26.942545,4.7483516
2017-05-15 17:30:00,-29.827036,6.3325467
2017-05-15 18:00:00,-32.711525,7.235128
2017-05-15 18:30:00,-27.234001,8.77335
2017-05-15 19:00:00,-21.756477,9.980379
2017-05-15 19:30:00,-16.278952,11.180407
2017-05-15 20:00:00,-10.801428,11.099892
2017-05-15 20:30:00,-5.3239045,11.322935
2017-05-15 21:00:00,0.15361956,10.240869
2017-05-15 21:30:00,5.631143,8.636455
2017-05-15 22:00:00,4.7536345,7.122257
2017-05-15 22:30:00,6.241312,6.992031
2017-05-15 23:00:00,5.5846157,6.193093
2017-05-15 23:30:00,4.0603924,6.005838
2017-05-16 00:00:00,3.6430705,5.7683325
2017-05-16 00:30:00,9.707424,5.698481
2017-05-16 01:00:00,12.372883,5.114553
2017-05-16 01:30:00,19.093052,4.543534
2017-05-16 02:00:00,10.855096,4.1970882
2017-05-16 02:30:00,35.69819,4.209779
2017-05-16 03:00:00,10.633096,4.4347324
2017-05-16 03:30:00,-1.3539116,4.683455
2017-05-16 04:00:00,3.1852312,5.2617917
2017-05-16 04:30:00,0.25740182,5.366757
2017-05-16 05:00:00,5.4164457,5.4555387
2017-05-16 05:30:00,2.4916048,4.5288463
2017-05-16 06:00:00,9.614471,4.103657
2017-05-16 06:30:00,5.390051,0.78850263
2017-05-16 07:00:00,1.1671574,-2.0223978
2017-05-16 07:30:00,1.1906961,-4.3483257
2017-05-16 08:00:00,-2.4668908,-6.8063183
2017-05-16 08:30:00,-4.7747927,-9.980036
2017-05-16 09:00:00,-7.082694,-11.462069
2017-05-16 09:30:00,-13.993119,-12.874868
2017-05-16 10:00:00,-12.197629,-13.426671
2017-05-16 10:30:00,-19.531456,-12.981899
2017-05-16 11:00:00,-19.309717,-15.661002
2017-05-16 11:30:00,-17.33428,-15.093683
2017-05-16 12:00:00,-29.837551,-17.626057
2017-05-16 12:30:00,-28.684946,-18.992838
2017-05-16 13:00:00,-20.020237,-21.156855
2017-05-16 13:30:00,-24.9257,-20.03028
2017-05-16 14:00:00,-19.792772,-18.408852
2017-05-16 14:30:00,-26.802792,-17.165806
2017-05-16 15:00:00,-20.30496,-15.482002
2017-05-16 15:30:00,-10.389565,-12.155066
2017-05-16 16:00:00,-5.20184,-8.498248
2017-05-16 16:30:00,-10.6603155,-5.9144006
2017-05-16 17:00:00,-8.513712,-4.196245
2017-05-16 17:30:00,-4.16624,-1.5298965
2017-05-16 18:00:00,-0.6677196,-1.1802139
2017-05-16 18:30:00,1.1024758,-1.424671
2017-05-16 19:00:00,2.0109801,-2.2707887
2017-05-16 19:30:00,1.8010833,-3.1339376
2017-05-16 20:00:00,1.5911864,-2.6571941
2017-05-16 20:30:00,0.7361838,-2.3138344
2017-05-16 21:00:00,2.4294026,-0.8020717
2017-05-16 21:30:00,4.122625,-0.11035957
2017-05-16 22:00:00,2.518448,0.4593256
2017-05-16 22:30:00,1.7789651,2.0892305
2017-05-16 23:00:00,2.2281833,3.6366007
2017-05-16 23:30:00,2.7166905,4.52917
2017-05-17 00:00:00,2.012593,3.1257682
2017-05-17 00:30:00,0.97711784,3.5003383
2017-05-17 01:00:00,1.0436872,3.6426485
2017-05-17 01:30:00,1.1823161,5.795176
2017-05-17 02:00:00,0.21069358,7.7792583
2017-05-17 02:30:00,0.15788871,8.8732395
2017-05-17 03:00:00,0.105083846,6.4991302
2017-05-17 03:30:00,1.0458275,4.9605207
2017-05-17 04:00:00,1.2906915,2.4146056
2017-05-17 04:30:00,2.8638954,2.692579
2017-05-17 05:00:00,3.533836,1.5098728
2017-05-17 05:30:00,3.0416963,-0.46095392
2017-05-17 06:00:00,3.9185987,-2.4307594
2017-05-17 06:30:00,2.6050973,-2.569558
2017-05-17 07:00:00,2.2219095,-4.207519
2017-05-17 07:30:00,-6.2445984,-3.7552521
2017-05-17 08:00:00,-20.761774,-4.3771205
2017-05-17 08:30:00,-20.19973,-6.4361677
2017-05-17 09:00:00,-23.14669,-9.441539
2017-05-17 09:30:00,-11.906162,-12.94894
2017-05-17 10:00:00,-23.753002,-15.100578
2017-05-17 10:30:00,-28.017752,-16.788563
2017-05-17 11:00:00,-26.229612,-14.525449
2017-05-17 11:30:00,-30.955965,-14.099841
2017-05-17 12:00:00,-26.154219,-20.427874
2017-05-17 12:30:00,-18.402605,-23.499657
2017-05-17 13:00:00,-20.938587,-22.979904
2017-05-17 13:30:00,-33.07058,-22.485025
2017-05-17 14:00:00,-23.229353,-19.95377
2017-05-17 14:30:00,-24.327717,-19.17708
2017-05-17 15:00:00,-13.731265,-15.519604
2017-05-17 15:30:00,-15.117749,-12.574238
2017-05-17 16:00:00,-10.899298,-8.827278
2017-05-17 16:30:00,-8.990624,-6.8207192
2017-05-17 17:00:00,-7.3293443,-4.9000297
2017-05-17 17:30:00,0.0059287036,-1.5406919
2017-05-17 18:00:00,1.1907865,0.44854912
2017-05-17 18:30:00,4.0058126,1.3393478
2017-05-17 19:00:00,3.9973497,3.3239691
2017-05-17 19:30:00,4.587137,3.116446
2017-05-17 20:00:00,2.684685,4.1571546
2017-05-17 20:30:00,6.220151,3.8431027
2017-05-17 21:00:00,7.044105,3.90711
2017-05-17 21:30:00,4.6810775,2.4337018
2017-05-17 22:00:00,4.730273,1.649357
2017-05-17 22:30:00,3.9031875,0.5651916
2017-05-17 23:00:00,2.058314,1.6052072
2017-05-17 23:30:00,2.6594017,0.67453545
2017-05-18 00:00:00,2.273377,4.6151714
2017-05-18 00:30:00,3.072692,3.344991
2017-05-18 01:00:00,3.1317556,5.4270225
2017-05-18 01:30:00,1.3201573,5.7200117
2017-05-18 02:00:00,1.161803,5.960388
2017-05-18 02:30:00,0.98742336,6.6082406
2017-05-18 03:00:00,0.697916,5.265496
2017-05-18 03:30:00,1.4695212,3.2782784
2017-05-18 04:00:00,2.2411265,3.2403607
2017-05-18 04:30:00,1.7589155,2.988334
2017-05-18 05:00:00,1.2767047,1.5481181
2017-05-18 05:30:00,0.7944938,0.8081867
2017-05-18 06:00:00,3.658248,0.89616215
2017-05-18 06:30:00,-1.6000341,1.9755007
2017-05-18 07:00:00,-6.85832,0.06973616
2017-05-18 07:30:00,-14.317142,-3.3957691
2017-05-18 08:00:00,-11.969533,-9.695446
2017-05-18 08:30:00,-16.412,-12.929584
2017-05-18 09:00:00,-18.064133,-17.497658
2017-05-18 09:30:00,-14.61249,-19.486055
2017-05-18 10:00:00,-26.064991,-21.351263
2017-05-18 10:30:00,-19.450686,-27.82616
2017-05-18 11:00:00,-21.314894,-27.088451
2017-05-18 11:30:00,-21.557686,-31.240372
2017-05-18 12:00:00,-16.214888,-32.18379
2017-05-18 12:30:00,-17.757526,-29.44933
2017-05-18 13:00:00,-18.286732,-29.033953
2017-05-18 13:30:00,-17.859854,-28.398449
2017-05-18 14:00:00,-13.960055,-27.218298
2017-05-18 14:30:00,-14.080029,-25.571161
2017-05-18 15:00:00,-10.391773,-21.588795
2017-05-18 15:30:00,-8.964463,-19.28719
2017-05-18 16:00:00,-9.125553,-15.284046
2017-05-18 16:30:00,-6.3150754,-12.8040905
2017-05-18 17:00:00,-4.977926,-8.197161
2017-05-18 17:30:00,-1.6864723,-4.903587
2017-05-18 18:00:00,-0.35162893,-0.94346625
2017-05-18 18:30:00,1.5341727,2.1629817
2017-05-18 19:00:00,2.717915,2.9924748
2017-05-18 19:30:00,6.3364053,4.715581
2017-05-18 20:00:00,6.3068185,6.7143326
2017-05-18 20:30:00,6.557704,6.096247
2017-05-18 21:00:00,5.7717576,6.569419
2017-05-18 21:30:00,6.1697874,5.8682675
2017-05-18 22:00:00,3.3936698,5.6999283
2017-05-18 22:30:00,2.3864284,5.5439816
2017-05-18 23:00:00,2.9496627,6.1201215
2017-05-18 23:30:00,4.113043,6.831401
2017-05-19 00:00:00,3.1402524,10.026201
2017-05-19 00:30:00,3.3870645,8.16664
2017-05-19 01:00:00,2.4970834,9.350507
2017-05-19 01:30:00,3.5364285,8.845933
2017-05-19 02:00:00,3.4734423,7.8480997
2017-05-19 02:30:00,3.070533,5.992514
2017-05-19 03:00:00,4.7679076,5.28865
2017-05-19 03:30:00,2.6058583,4.8869915
2017-05-19 04:00:00,1.7705512,5.5619664
2017-05-19 04:30:00,1.1891248,5.195128
2017-05-19 05:00:00,1.7130513,4.40934
2017-05-19 05:30:00,1.2848662,4.878487
2017-05-19 06:00:00,4.403292,4.0518312
2017-05-19 06:30:00,-4.595876,0.0116786845
2017-05-19 07:00:00,-4.9845653,-3.6586819
2017-05-19 07:30:00,-5.917068,-8.235851
2017-05-19 08:00:00,-10.939785,-11.739296
2017-05-19 08:30:00,-18.398918,-16.719608
2017-05-19 09:00:00,-18.226763,-20.854828
2017-05-19 09:30:00,-18.125566,-23.209696
2017-05-19 10:00:00,-22.80847,-27.230858
2017-05-19 10:30:00,-26.176506,-26.746885
2017-05-19 11:00:00,-23.92565,-25.834599
2017-05-19 11:30:00,-14.653135,-23.507881
2017-05-19 12:00:00,-18.00051,-21.465828
2017-05-19 12:30:00,-21.274204,-19.01847
2017-05-19 13:00:00,-16.290323,-18.060432
2017-05-19 13:30:00,-10.7976675,-15.957345
2017-05-19 14:00:00,-16.900549,-13.430571
2017-05-19 14:30:00,-18.201624,-12.840542
2017-05-19 15:00:00,-18.229532,-10.80474
2017-05-19 15:30:00,-10.250504,-8.429221
2017-05-19 16:00:00,-9.658252,-6.351414
2017-05-19 16:30:00,-3.1538327,-3.9268587
2017-05-19 17:00:00,0.6049592,-1.6269641
2017-05-19 17:30:00,3.535995,0.0038148507
2017-05-19 18:00:00,5.0376477,2.4802518
2017-05-19 18:30:00,3.969395,3.5529246
2017-05-19 19:00:00,5.627918,4.460585
2017-05-19 19:30:00,6.0574517,5.3524046
2017-05-19 20:00:00,6.2912416,5.421966
2017-05-19 20:30:00,4.6518,4.7479296
2017-05-19 21:00:00,5.009358,4.777806
2017-05-19 21:30:00,4.4946404,5.3949194
2017-05-19 22:00:00,4.0150332,5.6705303
2017-05-19 22:30:00,5.0326176,5.833436
2017-05-19 23:00:00,6.5501003,5.6665773
2017-05-19 23:30:00,4.6572485,5.2926593
2017-05-20 00:00:00,4.3709664,4.464948
2017-05-20 00:30:00,3.5101805,4.9105983
2017-05-20 01:00:00,4.14804,5.4529467
2017-05-20 01:30:00,3.746574,5.7491384
2017-05-20 02:00:00,1.0497763,5.9884973
2017-05-20 02:30:00,2.3868053,6.0676556
2017-05-20 03:00:00,4.741852,6.20457
2017-05-20 03:30:00,4.682634,6.120189
2017-05-20 04:00:00,3.5782156,4.6895895
2017-05-20 04:30:00,4.5979815,4.6480207
2017-05-20 05:00:00,4.026111,4.729764
2017-05-20 05:30:00,5.399441,4.610028
2017-05-20 06:00:00,5.248464,3.2190225
2017-05-20 06:30:00,3.1902463,0.8029002
2017-05-20 07:00:00,1.132032,-1.5480018
2017-05-20 07:30:00,-3.963318,-3.5669873
2017-05-20 08:00:00,-14.748104,-5.577326
2017-05-20 08:30:00,-18.735321,-8.518637
2017-05-20 09:00:00,-18.56263,-10.797245
2017-05-20 09:30:00,-13.009809,-15.283074
2017-05-20 10:00:00,-9.217907,-18.459991
2017-05-20 10:30:00,-9.9775305,-20.520369
2017-05-20 11:00:00,-11.370303,-18.935053
2017-05-20 11:30:00,-9.752934,-18.338108
2017-05-20 12:00:00,-15.965171,-18.655006
2017-05-20 12:30:00,-16.218735,-17.970745
2017-05-20 13:00:00,-13.097046,-16.59204
2017-05-20 13:30:00,-21.280054,-17.246136
2017-05-20 14:00:00,-9.461791,-18.05744
2017-05-20 14:30:00,-14.2904005,-17.246233
2017-05-20 15:00:00,-6.4385076,-16.302588
2017-05-20 15:30:00,-4.489848,-14.197881
2017-05-20 16:00:00,-4.2732553,-11.111151
2017-05-20 16:30:00,-3.131153,-7.2299705
2017-05-20 17:00:00,-1.4794655,-4.536112
2017-05-20 17:30:00,0.23195268,-2.1928775
2017-05-20 18:00:00,2.9360528,0.37715667
2017-05-20 18:30:00,3.79676,1.4354734
2017-05-20 19:00:00,6.122017,2.8952415
2017-05-20 19:30:00,4.0854535,3.632588
2017-05-20 20:00:00,4.548361,3.7844086
2017-05-20 20:30:00,5.507409,3.7632663
2017-05-20 21:00:00,5.1677084,3.379879
2017-05-20 21:30:00,5.4550266,2.3232915
2017-05-20 22:00:00,6.21425,2.0468404
2017-05-20 22:30:00,6.364797,2.5360296
2017-05-20 23:00:00,5.757021,2.7012756
2017-05-20 23:30:00,4.269513,2.650577
2017-05-21 00:00:00,5.6268964,3.204968
2017-05-21 00:30:00,4.6432996,3.2513747
2017-05-21 01:00:00,3.9369714,2.1516514
2017-05-21 01:30:00,4.9915123,2.8413136
2017-05-21 02:00:00,6.9766765,3.9311159
2017-05-21 02:30:00,4.689461,5.4615264
2017-05-21 03:00:00,4.3418665,5.64721
2017-05-21 03:30:00,4.864606,4.873152
2017-05-21 04:00:00,5.024573,5.0402555
2017-05-21 04:30:00,6.4676523,5.660394
2017-05-21 05:00:00,7.354649,5.4393816
2017-05-21 05:30:00,6.3532104,6.1810236
2017-05-21 06:00:00,2.887777,5.2985334
2017-05-21 06:30:00,-0.23470762,1.8314836
2017-05-21 07:00:00,-1.2433394,-0.25663745
2017-05-21 07:30:00,-8.4076,-4.9459205
2017-05-21 08:00:00,-12.136407,-9.575834
2017-05-21 08:30:00,-11.40738,-13.273374
2017-05-21 09:00:00,-17.671825,-16.309227
2017-05-21 09:30:00,-12.050944,-18.422176
2017-05-21 10:00:00,-21.28467,-20.131308
2017-05-21 10:30:00,-22.85947,-19.738123
2017-05-21 11:00:00,-12.579396,-19.055548
2017-05-21 11:30:00,-19.23011,-17.735641
2017-05-21 12:00:00,-17.270609,-17.141495
2017-05-21 12:30:00,-15.125685,-18.352562
2017-05-21 13:00:00,-12.467065,-18.361736
2017-05-21 13:30:00,-12.243475,-19.127954
2017-05-21 14:00:00,-16.942423,-17.08869
2017-05-21 14:30:00,-10.099304,-14.681927
2017-05-21 15:00:00,-5.5578113,-12.85699
2017-05-21 15:30:00,-2.6234517,-10.137414
2017-05-21 16:00:00,-5.1444454,-5.85268
2017-05-21 16:30:00,-2.2057302,-3.0786536
2017-05-21 17:00:00,-2.5398583,-0.3703333
2017-05-21 17:30:00,-0.14253837,2.3031216
2017-05-21 18:00:00,1.8900687,4.895466
2017-05-21 18:30:00,4.935399,5.6340556
2017-05-21 19:00:00,6.9312644,5.8036613
2017-05-21 19:30:00,5.4770656,5.664162
2017-05-21 20:00:00,6.0962057,5.4921074
2017-05-21 20:30:00,5.374564,4.262327
2017-05-21 21:00:00,5.6749687,3.5499177
2017-05-21 21:30:00,6.175835,2.6232703
2017-05-21 22:00:00,4.522697,3.1784978
2017-05-21 22:30:00,6.050142,4.1429644
2017-05-21 23:00:00,4.4516773,5.235668
2017-05-21 23:30:00,4.9974017,5.5022883
2017-05-22 00:00:00,6.7680078,6.636075
2017-05-22 00:30:00,4.939167,5.3314548
2017-05-22 01:00:00,6.444935,5.8488173
2017-05-22 01:30:00,5.9519362,5.2397976
2017-05-22 02:00:00,3.208706,5.3927603
2017-05-22 02:30:00,4.6242523,5.4242907
2017-05-22 03:00:00,6.650412,5.9562807
2017-05-22 03:30:00,4.5126586,5.245823
2017-05-22 04:00:00,5.445211,4.9984303
2017-05-22 04:30:00,3.9308822,5.0649962
2017-05-22 05:00:00,7.8699884,5.0293846
2017-05-22 05:30:00,6.9995594,4.982013
2017-05-22 06:00:00,0.3273662,3.4163232
2017-05-22 06:30:00,2.1949382,1.6417342
2017-05-22 07:00:00,-1.9532058,-0.68921983
2017-05-22 07:30:00,-8.81464,-2.4135473
2017-05-22 08:00:00,-8.647239,-5.035829
2017-05-22 08:30:00,-9.449869,-6.7629523
2017-05-22 09:00:00,-14.322892,-8.842508
2017-05-22 09:30:00,-15.173874,-10.62565
2017-05-22 10:00:00,-13.225727,-16.147362
2017-05-22 10:30:00,-17.467669,-18.974827
2017-05-22 11:00:00,-14.548286,-19.465563
2017-05-22 11:30:00,-10.657607,-18.881918
2017-05-22 12:00:00,-13.6511345,-18.991692
2017-05-22 12:30:00,-11.875461,-17.42223
2017-05-22 13:00:00,-8.25506,-16.174295
2017-05-22 13:30:00,-15.4725485,-14.847575
2017-05-22 14:00:00,-7.7106137,-14.436294
2017-05-22 14:30:00,-12.293457,-13.252468
2017-05-22 15:00:00,-4.6933246,-11.792313
2017-05-22 15:30:00,-1.3098259,-9.257276
2017-05-22 16:00:00,-2.1647155,-6.3544927
2017-05-22 16:30:00,-0.8068533,-3.5458412
2017-05-22 17:00:00,-0.799046,-0.87032163
2017-05-22 17:30:00,-0.185456,1.2336099
2017-05-22 18:00:00,1.4677314,3.08455
2017-05-22 18:30:00,4.7787895,4.06861
2017-05-22 19:00:00,5.3197174,4.263906
2017-05-22 19:30:00,6.8619895,4.7831907
2017-05-22 20:00:00,8.028671,5.2372923
2017-05-22 20:30:00,4.495801,4.547008
2017-05-22 21:00:00,4.640986,4.9436812
2017-05-22 21:30:00,4.7084255,4.3913593
2017-05-22 22:00:00,5.694009,3.7547505
2017-05-22 22:30:00,6.312079,4.824021
2017-05-22 23:00:00,7.567421,5.0294075
2017-05-22 23:30:00,5.0099454,4.901864
2017-05-23 00:00:00,5.7089224,5.5032344
2017-05-23 00:30:00,4.5404515,5.25516
2017-05-23 01:00:00,6.7801485,5.119945
2017-05-23 01:30:00,6.335041,4.4666514
2017-05-23 02:00:00,5.7626843,4.878574
2017-05-23 02:30:00,5.6753983,5.374259
2017-05-23 03:00:00,5.7972293,5.5943184
2017-05-23 03:30:00,6.0790424,6.228082
2017-05-23 04:00:00,4.346222,6.2028556
2017-05-23 04:30:00,5.2536755,6.218218
2017-05-23 05:00:00,6.4972687,6.1881304
2017-05-23 05:30:00,5.952931,5.9152923
2017-05-23 06:00:00,4.1334915,4.1305375
2017-05-23 06:30:00,3.5281763,1.2831103
2017-05-23 07:00:00,1.867973,-1.5885493
2017-05-23 07:30:00,2.4869363,-4.388172
2017-05-23 08:00:00,-0.67425334,-7.8259487
2017-05-23 08:30:00,1.8644725,-10.077318
2017-05-23 09:00:00,-0.1960667,-11.059194
2017-05-23 09:30:00,-1.2820934,-11.727582
2017-05-23 10:00:00,0.6668562,-11.199122
2017-05-23 10:30:00,1.0435102,-10.767136
2017-05-23 11:00:00,1.4201603,-8.373892
2017-05-23 11:30:00,1.7968104,-5.0526605
2017-05-23 12:00:00,2.1734605,-3.1059
2017-05-23 12:30:00,2.5501106,-1.0587145
2017-05-23 13:00:00,2.926761,0.28307325
2017-05-23 13:30:00,3.303411,-0.48385212
2017-05-23 14:00:00,3.680061,1.4369543
2017-05-23 14:30:00,4.0567107,1.0680249
2017-05-23 15:00:00,4.433361,3.1071165
2017-05-23 15:30:00,4.8100114,4.11484
2017-05-23 16:00:00,5.1866612,5.3599634
2017-05-23 16:30:00,5.5633116,6.2671266
2017-05-23 17:00:00,-12.746259,7.107822
2017-05-23 17:30:00,11.304524,6.5219417
2017-05-23 18:00:00,23.336529,6.1600246
2017-05-23 18:30:00,-28.389275,5.9583945
2017-05-23 19:00:00,-8.833073,6.244217
2017-05-23 19:30:00,10.723132,7.417492
2017-05-23 20:00:00,0.053707052,7.509876
2017-05-23 20:30:00,-10.615714,7.1273627
2017-05-23 21:00:00,4.562728,7.755373
2017-05-23 21:30:00,-1.480057,7.307579
2017-05-23 22:00:00,-7.522846,6.928416
2017-05-23 22:30:00,-13.565635,7.8697658
2017-05-23 23:00:00,-9.750485,9.241849
2017-05-23 23:30:00,-5.935332,9.375312
2017-05-24 00:00:00,-2.1201813,10.038444
2017-05-24 00:30:00,1.6949687,9.674718
2017-05-24 01:00:00,5.5101185,9.987191
2017-05-24 01:30:00,9.325273,9.333973
2017-05-24 02:00:00,5.7037754,8.430277
2017-05-24 02:30:00,6.993757,8.682006
2017-05-24 03:00:00,10.414359,8.917405
2017-05-24 03:30:00,10.971806,7.992272
2017-05-24 04:00:00,12.039795,7.412119
2017-05-24 04:30:00,8.303732,7.1987214
2017-05-24 05:00:00,9.471984,6.4536505
2017-05-24 05:30:00,8.647254,5.8268423
2017-05-24 06:00:00,4.457887,4.0485907
2017-05-24 06:30:00,0.9169428,2.2216797
2017-05-24 07:00:00,-2.6240017,0.82755804
2017-05-24 07:30:00,3.1157753,-2.3734405
2017-05-24 08:00:00,-4.587259,-4.727154
2017-05-24 08:30:00,-3.0342927,-8.905252
2017-05-24 09:00:00,-2.6224794,-9.226649
2017-05-24 09:30:00,-0.874945,-9.889573
2017-05-24 10:00:00,1.2233044,-10.59999
2017-05-24 10:30:00,-1.9417548,-9.371943
2017-05-24 11:00:00,-2.467603,-9.69378
2017-05-24 11:30:00,-1.6374769,-8.435868
2017-05-24 12:00:00,-10.510979,-5.4108777
2017-05-24 12:30:00,-9.431866,-7.459412
2017-05-24 13:00:00,-10.644965,-7.735249
2017-05-24 13:30:00,-9.790516,-7.8851366
2017-05-24 14:00:00,-9.50417,-8.781395
2017-05-24 14:30:00,-9.049391,-9.250602
2017-05-24 15:00:00,-5.84993,-8.130908
2017-05-24 15:30:00,-8.531316,-8.851744
2017-05-24 16:00:00,-6.514953,-7.9296665
2017-05-24 16:30:00,-4.2494416,-4.6055865
2017-05-24 17:00:00,-2.5341234,-2.9194024
2017-05-24 17:30:00,-0.98349756,-1.006
2017-05-24 18:00:00,0.5671246,1.1416781
2017-05-24 18:30:00,2.1177506,2.4500852
2017-05-24 19:00:00,4.5354967,3.49966
2017-05-24 19:30:00,0.8484517,4.4429207
2017-05-24 20:00:00,1.0139275,3.9276304
2017-05-24 20:30:00,1.1794034,2.268697
2017-05-24 21:00:00,0.5456244,2.5810573
2017-05-24 21:30:00,-0.0881547,0.1723051
2017-05-24 22:00:00,-0.7219375,1.3399318
2017-05-24 22:30:00,-1.3557165,1.0513401
2017-05-24 23:00:00,-0.9759201,1.746839
2017-05-24 23:30:00,-21.310024,2.6762447
2017-05-25 00:00:00,-3.2803926,4.2477717
2017-05-25 00:30:00,-1.7867616,3.6697404
2017-05-25 01:00:00,-0.2931306,2.974494
2017-05-25 01:30:00,1.2005042,3.872968
2017-05-25 02:00:00,5.420813,3.9642403
2017-05-25 02:30:00,2.6465566,4.808881
2017-05-25 03:00:00,-4.3511477,5.389373
2017-05-25 03:30:00,-1.0355413,4.0103307
2017-05-25 04:00:00,2.280065,6.034878
2017-05-25 04:30:00,5.595671,5.122187
2017-05-25 05:00:00,16.462107,4.8177433
2017-05-25 05:30:00,6.239209,2.7780602
2017-05-25 06:00:00,-3.9836917,2.0421493
2017-05-25 06:30:00,6.842584,-0.17362821
2017-05-25 07:00:00,11.111802,-1.5080383
2017-05-25 07:30:00,3.7103257,-3.4529185
2017-05-25 08:00:00,-3.6911545,-5.551104
2017-05-25 08:30:00,-9.018135,-7.9532013
2017-05-25 09:00:00,-7.01013,-8.132649
2017-05-25 09:30:00,-14.605274,-10.128352
2017-05-25 10:00:00,-16.079153,-9.20123
2017-05-25 10:30:00,-15.131318,-8.83484
2017-05-25 11:00:00,-11.629342,-8.939052
2017-05-25 11:30:00,-7.9746075,-8.937707
2017-05-25 12:00:00,-8.186837,-8.918731
2017-05-25 12:30:00,-5.4335876,-6.8840747
2017-05-25 13:00:00,-9.927856,-5.458151
2017-05-25 13:30:00,-5.3671913,-5.555181
2017-05-25 14:00:00,-8.273975,-3.5216017
2017-05-25 14:30:00,-8.434444,-2.286053
2017-05-25 15:00:00,-6.4804945,-3.1025126
2017-05-25 15:30:00,-4.133971,-2.6048
2017-05-25 16:00:00,-3.5608418,-1.7377963
2017-05-25 16:30:00,-1.3656452,-0.6080117
2017-05-25 17:00:00,-0.37650532,0.63351315
2017-05-25 17:30:00,1.4148247,2.193171
2017-05-25 18:00:00,2.8752446,3.1707468
2017-05-25 18:30:00,2.1749225,4.1188793
2017-05-25 19:00:00,0.9942246,4.338057
2017-05-25 19:30:00,1.6942904,4.7278233
2017-05-25 20:00:00,6.6467724,5.260782
2017-05-25 20:30:00,4.3135386,4.9528
2017-05-25 21:00:00,4.179586,4.00128
2017-05-25 21:30:00,5.304276,4.91697
2017-05-25 22:00:00,7.3528934,4.7079926
2017-05-25 22:30:00,6.9327602,3.686365
2017-05-25 23:00:00,3.1118302,4.4219065
2017-05-25 23:30:00,4.18263,3.1660068
2017-05-26 00:00:00,2.8445015,4.876106
2017-05-26 00:30:00,1.506376,3.9809287
2017-05-26 01:00:00,1.7214465,4.108604
2017-05-26 01:30:00,2.4245305,3.8989785
2017-05-26 02:00:00,0.061665084,3.9928508
2017-05-26 02:30:00,-2.3011966,3.6652868
2017-05-26 03:00:00,1.3981363,2.9144092
2017-05-26 03:30:00,7.139262,3.1874278
2017-05-26 04:00:00,9.662211,4.264528
2017-05-26 04:30:00,2.242581,2.9232075
2017-05-26 05:00:00,1.3909469,4.46895
2017-05-26 05:30:00,3.4100456,5.29937
2017-05-26 06:00:00,2.762306,3.959063
2017-05-26 06:30:00,6.358135,1.9741668
2017-05-26 07:00:00,0.30513117,3.922359
2017-05-26 07:30:00,-1.810598,1.8833954
2017-05-26 08:00:00,-3.9263272,-2.0078948
2017-05-26 08:30:00,-3.638444,-2.2034883
2017-05-26 09:00:00,-4.979991,-2.1800513
2017-05-26 09:30:00,-8.386899,-7.4089584
2017-05-26 10:00:00,-3.238609,-12.555666
2017-05-26 10:30:00,-5.1209106,-11.69431
2017-05-26 11:00:00,-6.9701886,-9.448177
2017-05-26 11:30:00,-4.2224817,-9.672182
2017-05-26 12:00:00,-3.0238667,-10.93997
2017-05-26 12:30:00,-4.433803,-8.864769
2017-05-26 13:00:00,-3.728571,-8.984415
2017-05-26 13:30:00,-4.2452292,-10.166247
2017-05-26 14:00:00,-3.8340223,-10.039405
2017-05-26 14:30:00,-3.8020432,-8.872837
2017-05-26 15:00:00,-4.973559,-7.248758
2017-05-26 15:30:00,-3.3020399,-6.1981087
2017-05-26 16:00:00,-2.521968,-2.835632
2017-05-26 16:30:00,-1.9061548,-1.3245287
2017-05-26 17:00:00,-0.5072966,1.4197195
2017-05-26 17:30:00,0.3962454,2.5092654
2017-05-26 18:00:00,1.3761952,2.2223918
2017-05-26 18:30:00,2.3561487,3.394947
2017-05-26 19:00:00,1.7423514,3.533041
2017-05-26 19:30:00,1.8830488,4.1265473
2017-05-26 20:00:00,1.0423307,4.1864624
2017-05-26 20:30:00,1.26057,4.584752
2017-05-26 21:00:00,2.3798306,1.7823337
2017-05-26 21:30:00,1.3263407,1.0798262
2017-05-26 22:00:00,0.9145463,0.9257184
2017-05-26 22:30:00,0.5027557,1.2402378
2017-05-26 23:00:00,2.25653,2.127276
2017-05-26 23:30:00,0.8131228,2.3669064
2017-05-27 00:00:00,2.3953586,4.6836624
2017-05-27 00:30:00,1.1409358,5.889105
2017-05-27 01:00:00,2.3365474,5.894953
2017-05-27 01:30:00,0.88707,6.2162547
2017-05-27 02:00:00,1.3078548,6.6195107
2017-05-27 02:30:00,3.0907183,5.304502
2017-05-27 03:00:00,2.1165147,5.0368114
2017-05-27 03:30:00,3.175894,5.0889153
2017-05-27 04:00:00,2.8363626,6.036087
2017-05-27 04:30:00,1.7522838,6.594069
2017-05-27 05:00:00,3.0300834,6.5639663
2017-05-27 05:30:00,3.5860493,4.5921035
2017-05-27 06:00:00,2.2966518,4.6870084
2017-05-27 06:30:00,-0.33224252,3.7957013
2017-05-27 07:00:00,-2.9611368,1.8088454
2017-05-27 07:30:00,-5.725879,0.89860386
2017-05-27 08:00:00,-5.688678,-2.3487263
2017-05-27 08:30:00,-4.8320475,-4.314293
2017-05-27 09:00:00,-7.8540053,-6.440825
2017-05-27 09:30:00,-7.4654107,-9.368334
2017-05-27 10:00:00,-8.690718,-10.320539
2017-05-27 10:30:00,-7.048488,-9.933011
2017-05-27 11:00:00,-14.806726,-9.74903
2017-05-27 11:30:00,-18.3257,-9.764084
2017-05-27 12:00:00,2.098285,-8.902894
2017-05-27 12:30:00,-4.0693574,-8.436995
2017-05-27 13:00:00,-1.745385,-8.55851
2017-05-27 13:30:00,-2.1956697,-9.030938
2017-05-27 14:00:00,-2.838375,-9.029047
2017-05-27 14:30:00,-2.327618,-8.747909
2017-05-27 15:00:00,-2.5329592,-7.839762
2017-05-27 15:30:00,-4.1734185,-6.6758924
2017-05-27 16:00:00,-0.5978758,-5.3144355
2017-05-27 16:30:00,-0.33041504,-4.5899267
2017-05-27 17:00:00,0.5342902,-1.671924
2017-05-27 17:30:00,1.3989991,0.20144689
2017-05-27 18:00:00,1.9529718,0.78562766
2017-05-27 18:30:00,1.2826506,2.157243
2017-05-27 19:00:00,1.6261648,3.7196476
2017-05-27 19:30:00,1.4487746,4.3659554
2017-05-27 20:00:00,4.517305,4.3216662
2017-05-27 20:30:00,7.6969275,3.2242074
2017-05-27 21:00:00,2.3166072,3.3223715
2017-05-27 21:30:00,3.4770634,1.7059599
2017-05-27 22:00:00,4.5702715,1.858764
2017-05-27 22:30:00,5.2772856,1.7522876
2017-05-27 23:00:00,7.272088,1.9517132
2017-05-27 23:30:00,9.2668915,2.3827922
2017-05-28 00:00:00,5.120156,2.807522
2017-05-28 00:30:00,3.3833795,2.8835983
2017-05-28 01:00:00,1.6466025,4.8549147
2017-05-28 01:30:00,4.279977,6.013208
2017-05-28 02:00:00,3.562386,5.5042105
2017-05-28 02:30:00,4.7861295,4.910493
2017-05-28 03:00:00,5.693873,5.545372
2017-05-28 03:30:00,4.087503,4.474368
2017-05-28 04:00:00,2.9027624,3.3748147
2017-05-28 04:30:00,4.8361464,1.9845552
2017-05-28 05:00:00,6.9579644,1.5159016
2017-05-28 05:30:00,3.0894785,1.510114
2017-05-28 06:00:00,2.7332923,1.8550035
2017-05-28 06:30:00,2.5476274,0.87925136
2017-05-28 07:00:00,2.9842455,-1.233373
2017-05-28 07:30:00,0.14666758,-3.3900793
2017-05-28 08:00:00,-6.072615,-4.84357
2017-05-28 08:30:00,-3.2317703,-5.8474426
2017-05-28 09:00:00,-3.4718978,-7.788947
2017-05-28 09:30:00,-0.30559516,-8.566645
2017-05-28 10:00:00,1.1202269,-8.882237
2017-05-28 10:30:00,1.1899463,-8.330556
2017-05-28 11:00:00,-4.0478873,-8.513158
2017-05-28 11:30:00,1.201774,-9.758782
2017-05-28 12:00:00,-3.7078996,-7.6989403
2017-05-28 12:30:00,-1.0103785,-7.295918
2017-05-28 13:00:00,-0.9985206,-6.279456
2017-05-28 13:30:00,-1.590015,-6.019475
2017-05-28 14:00:00,1.1315722,-5.740322
2017-05-28 14:30:00,0.37218666,-5.588754
2017-05-28 15:00:00,0.63161784,-5.211569
2017-05-28 15:30:00,1.1790793,-4.5682945
2017-05-28 16:00:00,1.0166442,-2.7230892
2017-05-28 16:30:00,0.85421294,-1.1166666
2017-05-28 17:00:00,2.774292,0.88150084
2017-05-28 17:30:00,2.4244514,1.4084456
2017-05-28 18:00:00,3.1188538,2.3657458
2017-05-28 18:30:00,4.127715,2.6487796
2017-05-28 19:00:00,3.1017962,2.6577551
2017-05-28 19:30:00,2.2742095,2.8390756
2017-05-28 20:00:00,1.7021015,2.6706605
2017-05-28 20:30:00,1.1299934,3.048558
2017-05-28 21:00:00,2.850971,2.7890816
2017-05-28 21:30:00,3.2736814,3.1054435
2017-05-28 22:00:00,2.7899897,3.749351
2017-05-28 22:30:00,1.5992914,3.7191503
2017-05-28 23:00:00,3.0859969,3.944387
2017-05-28 23:30:00,1.4228733,3.7625504
2017-05-29 00:00:00,1.1420888,4.1389403
2017-05-29 00:30:00,2.059825,4.2363396
2017-05-29 01:00:00,1.695157,4.3999124
2017-05-29 01:30:00,2.007593,4.4315524
2017-05-29 02:00:00,1.0430542,3.3590832
2017-05-29 02:30:00,3.4255962,2.7743073
2017-05-29 03:00:00,0.40751928,3.7842991
2017-05-29 03:30:00,0.7547036,4.3152757
2017-05-29 04:00:00,0.5953809,3.5980353
2017-05-29 04:30:00,0.47093487,3.7482657
2017-05-29 05:00:00,0.34648508,3.8942761
2017-05-29 05:30:00,1.8142488,3.1406443
2017-05-29 06:00:00,4.4797416,2.7475243
2017-05-29 06:30:00,5.1032906,2.301848
2017-05-29 07:00:00,-2.4972498,2.3131106
2017-05-29 07:30:00,-1.0412762,1.4425422
2017-05-29 08:00:00,-1.7651144,-1.4363368
2017-05-29 08:30:00,-2.8962443,-3.2722046
2017-05-29 09:00:00,-4.0273743,-5.2114067
2017-05-29 09:30:00,-4.7136226,-4.9951196
2017-05-29 10:00:00,-2.9033809,-5.364053
2017-05-29 10:30:00,-4.236898,-5.465589
2017-05-29 11:00:00,-2.0457482,-5.063663
2017-05-29 11:30:00,-1.641648,-4.214919
2017-05-29 12:00:00,3.5380788,-4.258922
2017-05-29 12:30:00,-0.1646792,-3.669187
2017-05-29 13:00:00,0.695934,-3.073936
2017-05-29 13:30:00,-2.753802,-2.6210136
2017-05-29 14:00:00,-0.9847372,-1.8278141
2017-05-29 14:30:00,-5.366438,-0.766449
2017-05-29 15:00:00,0.15366101,-0.3123399
2017-05-29 15:30:00,1.2663465,0.08059556
2017-05-29 16:00:00,4.106377,1.2411422
2017-05-29 16:30:00,2.7611153,1.8480327
2017-05-29 17:00:00,1.4993526,3.9921348
2017-05-29 17:30:00,0.101896115,4.6708775
2017-05-29 18:00:00,0.086601764,5.612763
2017-05-29 18:30:00,2.777171,6.359748
2017-05-29 19:00:00,3.4527333,7.1691275
2017-05-29 19:30:00,2.542507,6.749307
2017-05-29 20:00:00,2.191287,6.714856
2017-05-29 20:30:00,2.6970215,7.144296
2017-05-29 21:00:00,3.0738413,6.6489277
2017-05-29 21:30:00,3.280735,6.699234
2017-05-29 22:00:00,5.96116,6.633972
2017-05-29 22:30:00,4.2911077,6.806223
2017-05-29 23:00:00,3.6257038,6.8031483
2017-05-29 23:30:00,4.9796166,5.757605
2017-05-30 00:00:00,4.3365607,5.1820307
2017-05-30 00:30:00,4.4428563,4.8080254
2017-05-30 01:00:00,4.511468,4.6772227
2017-05-30 01:30:00,3.4664903,4.485951
2017-05-30 02:00:00,4.27261,4.1896424
2017-05-30 02:30:00,3.985567,4.2775273
2017-05-30 03:00:00,4.37507,4.092669
2017-05-30 03:30:00,4.650715,4.0004435
2017-05-30 04:00:00,5.501863,3.6021311
2017-05-30 04:30:00,4.514577,3.590993
2017-05-30 05:00:00,5.6019564,3.3902333
2017-05-30 05:30:00,5.4969077,3.3109205
2017-05-30 06:00:00,2.79947,3.0541534
2017-05-30 06:30:00,0.8822055,2.5095367
2017-05-30 07:00:00,-1.6258601,0.46428433
2017-05-30 07:30:00,-1.024535,-0.6299717
2017-05-30 08:00:00,-2.210022,-0.9977142
2017-05-30 08:30:00,-1.5487365,-2.4347537
2017-05-30 09:00:00,-2.5366592,-3.465722
2017-05-30 09:30:00,-4.2187214,-3.922936
2017-05-30 10:00:00,-2.591872,-3.5909405
2017-05-30 10:30:00,-4.9405775,-4.190408
2017-05-30 11:00:00,-9.939428,-3.429734
2017-05-30 11:30:00,-6.0489182,-3.1396425
2017-05-30 12:00:00,-0.39397004,-2.4667854
2017-05-30 12:30:00,-0.25966316,-3.1320274
2017-05-30 13:00:00,-1.7938869,-2.8793747
2017-05-30 13:30:00,1.006983,-2.4849057
2017-05-30 14:00:00,1.9291165,-1.8770845
2017-05-30 14:30:00,1.7485498,-1.874737
2017-05-30 15:00:00,2.6160057,-0.24220219
2017-05-30 15:30:00,-0.28045127,1.273532
2017-05-30 16:00:00,3.9925568,1.7338017
2017-05-30 16:30:00,5.5590687,2.647736
2017-05-30 17:00:00,14.728054,3.5026784
2017-05-30 17:30:00,5.0579915,3.7081025
2017-05-30 18:00:00,4.224617,3.6543143
2017-05-30 18:30:00,4.5785613,3.905972
2017-05-30 19:00:00,4.7426543,4.04624
2017-05-30 19:30:00,5.0562844,4.4361005
2017-05-30 20:00:00,2.086657,4.7474923
2017-05-30 20:30:00,3.0586448,4.718588
2017-05-30 21:00:00,4.0306325,5.2591352
2017-05-30 21:30:00,2.5906544,5.23967
2017-05-30 22:00:00,6.742679,5.5704217
2017-05-30 22:30:00,5.444005,5.3637843
2017-05-30 23:00:00,4.145331,5.574604
2017-05-30 23:30:00,2.532955,4.263782
2017-05-31 00:00:00,2.2402184,4.235371
2017-05-31 00:30:00,1.8489484,3.8170092
2017-05-31 01:00:00,2.7814362,4.3127847
2017-05-31 01:30:00,-0.53195447,3.8442369
2017-05-31 02:00:00,1.61153,3.5748167
2017-05-31 02:30:00,3.7550142,3.0255845
2017-05-31 03:00:00,5.8984947,2.9253855
2017-05-31 03:30:00,-11.811122,2.794191
2017-05-31 04:00:00,-1.762213,2.7033255
2017-05-31 04:30:00,2.8199527,2.4757226
2017-05-31 05:00:00,5.633592,2.2414505
2017-05-31 05:30:00,7.001892,2.4582467
2017-05-31 06:00:00,6.9634395,1.8354589
2017-05-31 06:30:00,6.924987,1.2615384
2017-05-31 07:00:00,6.886534,0.22289816
2017-05-31 07:30:00,6.8480816,-0.03423073
2017-05-31 08:00:00,6.8096294,-0.5807276
2017-05-31 08:30:00,14.911541,-1.012142
2017-05-31 09:00:00,23.01346,-1.1827649
2017-05-31 09:30:00,18.309486,-1.3434064
2017-05-31 10:00:00,13.605512,-1.0979621
2017-05-31 10:30:00,8.901542,-1.0668346
2017-05-31 11:00:00,4.3800063,-1.492205
2017-05-31 11:30:00,0.19802931,-1.3220494
2017-05-31 12:00:00,1.1757258,-0.49610564
2017-05-31 12:30:00,2.1534185,-0.57914877
2017-05-31 13:00:00,2.230508,-0.8829068
2017-05-31 13:30:00,-0.47907805,-1.3244157
2017-05-31 14:00:00,-3.3706138,-1.5189165
2017-05-31 14:30:00,4.134008,-1.5609561
2017-05-31 15:00:00,3.4907901,-1.7281954
2017-05-31 15:30:00,3.9919991,-1.530571
2017-05-31 16:00:00,2.9916573,-0.6470973
2017-05-31 16:30:00,3.3672974,0.38278982
2017-05-31 17:00:00,3.2775812,1.6470886
2017-05-31 17:30:00,5.9954343,2.8548522
2017-05-31 18:00:00,5.1754403,3.4804018
2017-05-31 18:30:00,6.913958,3.8319457
2017-05-31 19:00:00,6.565285,4.419585
2017-05-31 19:30:00,-3.6653664,4.4316654
2017-05-31 20:00:00,-13.896018,3.7424254
2017-05-31 20:30:00,4.868826,3.2620683
2017-05-31 21:00:00,4.979828,3.2875438
2017-05-31 21:30:00,5.090826,2.1493566
2017-05-31 22:00:00,6.7441072,2.0331323
2017-05-31 22:30:00,3.8170621,1.8594724
2017-05-31 23:00:00,3.7148662,1.4110719
2017-05-31 23:30:00,3.8117077,1.6331545
2017-06-01 00:00:00,1.8126172,1.9708585
2017-06-01 00:30:00,1.8470079,1.9375682
2017-06-01 01:00:00,1.7486063,2.4299753
2017-06-01 01:30:00,1.3807356,2.3616047
2017-06-01 02:00:00,1.3629807,3.0846329
2017-06-01 02:30:00,0.49881816,3.3182268
2017-06-01 03:00:00,-2.4291015,4.452163
2017-06-01 03:30:00,-4.6664624,2.0044465
2017-06-01 04:00:00,0.5447728,3.2667067
2017-06-01 04:30:00,-4.2122664,4.4032474
2017-06-01 05:00:00,3.5049882,5.4667788
2017-06-01 05:30:00,3.7017083,5.0682254
2017-06-01 06:00:00,3.8984323,4.8990793
2017-06-01 06:30:00,4.0951557,3.2555008
2017-06-01 07:00:00,5.308722,3.5396047
2017-06-01 07:30:00,6.5222845,2.321321
2017-06-01 08:00:00,13.608436,1.0092967
2017-06-01 08:30:00,10.176711,2.2655506
2017-06-01 09:00:00,6.744985,1.4831915
2017-06-01 09:30:00,2.1660075,0.98867434
2017-06-01 10:00:00,2.5202491,0.87472975
2017-06-01 10:30:00,3.8199635,0.5881275
2017-06-01 11:00:00,1.1359432,0.91610247
2017-06-01 11:30:00,1.4986818,0.21723862
2017-06-01 12:00:00,0.76464736,-0.7732728
2017-06-01 12:30:00,1.3978348,-1.6212292
2017-06-01 13:00:00,3.7899702,-2.529176
2017-06-01 13:30:00,-6.573926,-2.354412
2017-06-01 14:00:00,4.2200804,-1.4869562
2017-06-01 14:30:00,3.83681,-0.08135721
2017-06-01 15:00:00,3.9930203,1.1031013
2017-06-01 15:30:00,5.9531984,2.446871
2017-06-01 16:00:00,3.7523165,3.7329865
2017-06-01 16:30:00,3.064327,4.7085423
2017-06-01 17:00:00,5.477197,5.794151
2017-06-01 17:30:00,4.184484,7.03288
2017-06-01 18:00:00,6.438258,7.0342216
2017-06-01 18:30:00,4.6855764,6.4038033
2017-06-01 19:00:00,5.2553673,6.0212336
2017-06-01 19:30:00,5.662346,5.0638127
2017-06-01 20:00:00,3.986705,3.1709766
2017-06-01 20:30:00,5.3116274,5.064804
2017-06-01 21:00:00,5.4044485,6.015145
2017-06-01 21:30:00,5.5827694,6.088802
2017-06-01 22:00:00,5.492337,6.7039857
2017-06-01 22:30:00,3.8237653,6.4578857
2017-06-01 23:00:00,4.234866,7.0773916
2017-06-01 23:30:00,4.91275,6.4909086
2017-06-02 00:00:00,3.9276304,6.573575
2017-06-02 00:30:00,2.8279824,6.4582586
2017-06-02 01:00:00,3.7073338,6.2943916
2017-06-02 01:30:00,3.9192731,6.0283027
2017-06-02 02:00:00,2.9769583,3.764423
2017-06-02 02:30:00,2.7014792,4.163696
2017-06-02 03:00:00,2.7543404,2.8736923
2017-06-02 03:30:00,3.6105263,2.4062405
2017-06-02 04:00:00,4.180769,2.3513143
2017-06-02 04:30:00,3.1334548,1.495008
2017-06-02 05:00:00,4.3657103,1.5217646
2017-06-02 05:30:00,3.725477,3.000644
2017-06-02 06:00:00,1.9113164,3.9650955
2017-06-02 06:30:00,4.412283,3.2637565
2017-06-02 07:00:00,2.6186922,4.2499685
2017-06-02 07:30:00,0.82509756,5.3611126
2017-06-02 08:00:00,-0.96849334,6.1443386
2017-06-02 08:30:00,0.4422377,3.5982502
2017-06-02 09:00:00,0.6961374,2.2776873
2017-06-02 09:30:00,-0.36910874,2.626021
2017-06-02 10:00:00,0.099601395,2.6402075
2017-06-02 10:30:00,2.9422133,2.5228755
2017-06-02 11:00:00,2.779232,2.42938
2017-06-02 11:30:00,1.4856821,1.2630268
2017-06-02 12:00:00,0.45141658,0.63524646
2017-06-02 12:30:00,1.8343511,-0.88204014
2017-06-02 13:00:00,2.7021196,2.1181161
2017-06-02 13:30:00,3.9945726,-1.6885258
2017-06-02 14:00:00,1.3025645,-0.521453
2017-06-02 14:30:00,-0.069401324,-0.35312483
2017-06-02 15:00:00,1.5359625,-0.22075847
2017-06-02 15:30:00,-0.37560478,1.0475005
2017-06-02 16:00:00,3.6117961,0.5039577
2017-06-02 16:30:00,2.7667449,1.6030519
2017-06-02 17:00:00,3.0216582,2.1520054
2017-06-02 17:30:00,1.2868594,1.791652
2017-06-02 18:00:00,1.838835,3.3340712
2017-06-02 18:30:00,2.637344,3.3499534
2017-06-02 19:00:00,3.4358528,3.8119414
2017-06-02 19:30:00,4.1116257,4.1609755
2017-06-02 20:00:00,3.8278537,4.3973804
2017-06-02 20:30:00,4.17546,4.7827535
2017-06-02 21:00:00,5.5657797,6.214254
2017-06-02 21:30:00,5.872409,6.5393615
2017-06-02 22:00:00,4.837333,7.168415
2017-06-02 22:30:00,2.6814673,5.9583383
2017-06-02 23:00:00,3.5990639,7.295838
2017-06-02 23:30:00,3.80303,5.990698
2017-06-03 00:00:00,2.7119203,5.6557937
2017-06-03 00:30:00,2.4318516,5.7524014
2017-06-03 01:00:00,2.5341191,4.9329724
2017-06-03 01:30:00,4.15899,4.330291
2017-06-03 02:00:00,4.365077,3.808275
2017-06-03 02:30:00,4.1780972,4.638175
2017-06-03 03:00:00,4.8294353,4.6072245
2017-06-03 03:30:00,2.1635582,4.7271905
2017-06-03 04:00:00,1.8390121,5.6973696
2017-06-03 04:30:00,1.4601954,4.7366366
2017-06-03 05:00:00,6.7814636,5.137142
2017-06-03 05:30:00,6.5628324,4.9223433
2017-06-03 06:00:00,4.177291,4.0568013
2017-06-03 06:30:00,2.0146089,4.252994
2017-06-03 07:00:00,1.5703682,4.0948696
2017-06-03 07:30:00,1.1261313,3.2547245
2017-06-03 08:00:00,-1.6080487,4.095932
2017-06-03 08:30:00,-2.5638268,3.81586
2017-06-03 09:00:00,-0.16383138,2.4678738
2017-06-03 09:30:00,-1.3906873,1.6209122
2017-06-03 10:00:00,0.53295255,0.05997325
2017-06-03 10:30:00,0.8792363,-0.57647353
2017-06-03 11:00:00,-3.0092165,-0.9848503
2017-06-03 11:30:00,-0.1077069,-0.33556592
2017-06-03 12:00:00,-0.3801151,-1.1018696
2017-06-03 12:30:00,-0.20475197,1.3476261
2017-06-03 13:00:00,-1.7673526,1.3707316
2017-06-03 13:30:00,-0.08469944,2.327768
2017-06-03 14:00:00,-0.013600884,2.09726
2017-06-03 14:30:00,1.1569197,2.112023
2017-06-03 15:00:00,0.68565863,2.561524
2017-06-03 15:30:00,-1.1235695,2.2585196
2017-06-03 16:00:00,-0.85998976,2.1562333
2017-06-03 16:30:00,-0.18648466,2.3263023
2017-06-03 17:00:00,0.8036802,2.5754693
2017-06-03 17:30:00,2.6808567,2.9140024
2017-06-03 18:00:00,2.776097,3.7348893
2017-06-03 18:30:00,2.8713334,4.281495
2017-06-03 19:00:00,3.384265,4.2427225
2017-06-03 19:30:00,5.050425,4.547042
2017-06-03 20:00:00,4.3070836,5.2425222
2017-06-03 20:30:00,3.7950418,5.193067
2017-06-03 21:00:00,2.568687,5.2120876
2017-06-03 21:30:00,2.7135744,5.022821
2017-06-03 22:00:00,2.3365097,4.537181
2017-06-03 22:30:00,4.771389,4.1487937
2017-06-03 23:00:00,2.5273068,4.20511
2017-06-03 23:30:00,2.2579467,4.1552973
2017-06-04 00:00:00,1.2448951,4.170716
2017-06-04 00:30:00,2.613417,3.711475
2017-06-04 01:00:00,2.0528014,3.8472137
2017-06-04 01:30:00,2.473085,3.835529
2017-06-04 02:00:00,1.7709204,4.7233357
2017-06-04 02:30:00,5.3557167,4.2468634
2017-06-04 03:00:00,2.9493198,4.8652315
2017-06-04 03:30:00,3.6991348,4.63426
2017-06-04 04:00:00,3.9383166,4.5198145
2017-06-04 04:30:00,3.9059985,4.091154
2017-06-04 05:00:00,3.87368,4.948866
2017-06-04 05:30:00,3.096291,4.37406
2017-06-04 06:00:00,4.2090664,3.9198382
2017-06-04 06:30:00,2.256579,3.186678
2017-06-04 07:00:00,2.9490635,2.882822
2017-06-04 07:30:00,-0.25564647,2.3882935
2017-06-04 08:00:00,-0.7213798,1.3227121
2017-06-04 08:30:00,-1.0012223,0.55863905
2017-06-04 09:00:00,-1.9841224,0.20619081
2017-06-04 09:30:00,-0.048598148,-0.9804756
2017-06-04 10:00:00,-0.04418581,-0.9438506
2017-06-04 10:30:00,-0.03977347,-1.6361128
2017-06-04 11:00:00,-0.035361134,-1.7743762
2017-06-04 11:30:00,-0.030948795,-2.1376874
2017-06-04 12:00:00,-0.026536457,-2.2910304
2017-06-04 12:30:00,-0.02212412,-1.7662523
2017-06-04 13:00:00,-0.017708013,-2.1264665
2017-06-04 13:30:00,-0.013295676,-0.67845464
2017-06-04 14:00:00,-0.0088833375,-0.48136148
2017-06-04 14:30:00,-0.004471,-0.2004715
2017-06-04 15:00:00,-5.8661877e-05,0.09789449
2017-06-04 15:30:00,0.0043536765,0.402862
2017-06-04 16:00:00,0.008769782,1.0782135
2017-06-04 16:30:00,0.01318212,1.8578032
2017-06-04 17:00:00,0.017594459,2.169764
2017-06-04 17:30:00,0.022006797,2.7604334
2017-06-04 18:00:00,0.026419135,2.7449431
2017-06-04 18:30:00,0.030831471,3.0864038
2017-06-04 19:00:00,0.03524758,3.4667692
2017-06-04 19:30:00,0.039659917,3.6672876
2017-06-04 20:00:00,0.044072255,3.6449356
2017-06-04 20:30:00,0.04848459,4.12692
2017-06-04 21:00:00,0.052896928,4.2244515
2017-06-04 21:30:00,0.057309266,4.1303906
2017-06-04 22:00:00,0.061725374,3.9866524
2017-06-04 22:30:00,0.06613771,3.9408185
2017-06-04 23:00:00,0.07055005,3.8531635
2017-06-04 23:30:00,0.074962385,3.7373989
2017-06-05 00:00:00,0.07937472,3.9471488
2017-06-05 00:30:00,0.08378706,4.130334
2017-06-05 01:00:00,0.08820317,3.713604
2017-06-05 01:30:00,0.09261551,3.8920567
2017-06-05 02:00:00,0.097027846,3.6726305
2017-06-05 02:30:00,0.101440184,4.0429463
2017-06-05 03:00:00,0.10585252,4.4442353
2017-06-05 03:30:00,0.11026486,4.713151
2017-06-05 04:00:00,0.11468097,4.9064875
2017-06-05 04:30:00,0.11909331,4.920945
2017-06-05 05:00:00,0.12350564,5.166178
2017-06-05 05:30:00,0.12791798,4.793021
2017-06-05 06:00:00,0.13233031,4.18656
2017-06-05 06:30:00,0.13674265,3.3701801
2017-06-05 07:00:00,0.14115876,2.4894269
2017-06-05 07:30:00,0.1455711,1.6579254
2017-06-05 08:00:00,0.14998344,0.40295622
2017-06-05 08:30:00,0.15439577,-0.17943472
2017-06-05 09:00:00,0.15880811,-0.19598381
2017-06-05 09:30:00,0.16322045,-0.31539577
2017-06-05 10:00:00,0.16763654,-0.063240625
2017-06-05 10:30:00,0.17204888,-0.18326677
2017-06-05 11:00:00,0.17646122,0.46593848
2017-06-05 11:30:00,0.18087356,0.8152367
2017-06-05 12:00:00,0.1852859,1.1404911
2017-06-05 12:30:00,0.18969823,0.9975744
2017-06-05 13:00:00,0.18969823,1.0934174
2017-06-05 13:30:00,0.18969823,0.7878508
2017-06-05 14:00:00,0.18969823,1.0218328
2017-06-05 14:30:00,0.18969823,1.0840275
2017-06-05 15:00:00,0.18969823,1.0622861
2017-06-05 15:30:00,0.18969823,1.6359956
2017-06-05 16:00:00,0.18969823,1.8322824
2017-06-05 16:30:00,0.18969823,1.988813
2017-06-05 17:00:00,0.18969823,2.4330614
2017-06-05 17:30:00,0.18969823,2.8347309
2017-06-05 18:00:00,0.18969823,2.9401937
2017-06-05 18:30:00,0.18969823,3.0553215
2017-06-05 19:00:00,0.18969823,3.1905365
2017-06-05 19:30:00,0.18969823,2.8645773
2017-06-05 20:00:00,0.18969823,3.2383034
2017-06-05 20:30:00,0.18969823,3.1948771
2017-06-05 21:00:00,0.18969823,3.080439
2017-06-05 21:30:00,0.18969823,2.4644601
2017-06-05 22:00:00,0.18969823,2.529496
2017-06-05 22:30:00,0.18969823,2.0995097
2017-06-05 23:00:00,0.18969823,2.772039
2017-06-05 23:30:00,0.18969823,2.5059383
2017-06-06 00:00:00,0.18969823,2.535973
2017-06-06 00:30:00,0.18969823,1.9368672
2017-06-06 01:00:00,0.18969823,2.4976788
2017-06-06 01:30:00,0.18969823,2.0960243
2017-06-06 02:00:00,0.18969823,1.8567708
2017-06-06 02:30:00,0.18969823,1.2956163
2017-06-06 03:00:00,0.18969823,0.8431124
2017-06-06 03:30:00,0.18969823,0.7298574
2017-06-06 04:00:00,0.18969823,0.8172789
2017-06-06 04:30:00,0.18969823,0.9608853
2017-06-06 05:00:00,0.18969823,0.96440834
2017-06-06 05:30:00,0.18969823,0.8730115
2017-06-06 06:00:00,0.18969823,0.5537896
2017-06-06 06:30:00,0.18969823,0.52000564
2017-06-06 07:00:00,0.18969823,0.34740448
2017-06-06 07:30:00,0.18969823,0.29465613
2017-06-06 08:00:00,0.18969823,0.013325305
2017-06-06 08:30:00,0.18969823,0.22323352
2017-06-06 09:00:00,0.18969823,-0.081383586
2017-06-06 09:30:00,0.18969823,-0.05992101
2017-06-06 10:00:00,0.18969823,-0.31624734
2017-06-06 10:30:00,0.18969823,-0.26704845
2017-06-06 11:00:00,0.18969823,-0.054770146
2017-06-06 11:30:00,0.18969823,-0.067554995
2017-06-06 12:00:00,0.18969823,-0.07839179
2017-06-06 12:30:00,0.18969823,-0.12386412
2017-06-06 13:00:00,0.18969823,0.13480212
2017-06-06 13:30:00,0.18969823,0.06643915
2017-06-06 14:00:00,0.18969823,0.1682432
2017-06-06 14:30:00,0.18969823,-0.096105196
2017-06-06 15:00:00,0.18969823,-0.25459895
2017-06-06 15:30:00,0.18969823,-0.083927
2017-06-06 16:00:00,0.18969823,-0.18708754
2017-06-06 16:30:00,0.18969823,-0.12025813
2017-06-06 17:00:00,0.18969823,0.15551864
2017-06-06 17:30:00,0.18969823,0.37694564
2017-06-06 18:00:00,0.18969823,0.33063307
2017-06-06 18:30:00,0.18969823,0.52173144
2017-06-06 19:00:00,0.18969823,0.5975287
2017-06-06 19:30:00,0.18969823,0.7275551
2017-06-06 20:00:00,0.18969823,0.5351116
2017-06-06 20:30:00,0.18969823,0.70849276
2017-06-06 21:00:00,0.18969823,0.44447213
2017-06-06 21:30:00,0.18969823,0.6047557
2017-06-06 22:00:00,0.18969823,0.47273597
2017-06-06 22:30:00,0.18969823,0.5969672
2017-06-06 23:00:00,0.18969823,0.5656928
2017-06-06 23:30:00,0.18969823,0.5257029
2017-06-07 00:00:00,0.18969823,0.68929476
2017-06-07 00:30:00,0.18969823,0.7044459
2017-06-07 01:00:00,0.18969823,0.85680157
2017-06-07 01:30:00,0.18969823,0.78921854
2017-06-07 02:00:00,0.18969823,0.889896
2017-06-07 02:30:00,0.18969823,0.63155
2017-06-07 03:00:00,0.18969823,0.6213274
2017-06-07 03:30:00,0.18969823,0.59754753
2017-06-07 04:00:00,0.18969823,0.54377425
2017-06-07 04:30:00,0.18969823,0.59138304
2017-06-07 05:00:00,0.18969823,0.5069118
2017-06-07 05:30:00,0.18969823,0.59842545
2017-06-07 06:00:00,0.18969823,0.37254462
2017-06-07 06:30:00,0.18969823,0.2979682
2017-06-07 07:00:00,0.18969823,-0.19369286
2017-06-07 07:30:00,0.18969823,-0.2557105
2017-06-07 08:00:00,0.18969823,-0.2883
2017-06-07 08:30:00,0.18969823,-0.3600429
2017-06-07 09:00:00,0.18969823,-0.3455323
2017-06-07 09:30:00,0.18969823,-0.42176664
2017-06-07 10:00:00,0.18969823,-0.5058045
2017-06-07 10:30:00,0.18969823,-0.5088076
2017-06-07 11:00:00,0.18969823,-0.61598486
2017-06-07 11:30:00,0.18969823,-0.5702714
2017-06-07 12:00:00,0.18969823,-0.52787375
2017-06-07 12:30:00,0.18969823,-0.542942
2017-06-07 13:00:00,0.18969823,-0.4727365
2017-06-07 13:30:00,0.18969823,-0.48880705
2017-06-07 14:00:00,0.18969823,-0.4225617
2017-06-07 14:30:00,0.18969823,-0.3093142
2017-06-07 15:00:00,0.18969823,-0.17604728
2017-06-07 15:30:00,0.18969823,0.09382127
2017-06-07 16:00:00,0.18969823,0.22280774
2017-06-07 16:30:00,0.18969823,0.32421237
2017-06-07 17:00:00,0.18969823,0.35693377
2017-06-07 17:30:00,0.18969823,0.3821455
2017-06-07 18:00:00,0.18969823,0.3994595
2017-06-07 18:30:00,0.18969823,0.35173392
2017-06-07 19:00:00,0.18969823,0.35758564
2017-06-07 19:30:00,0.18969823,0.33595347
2017-06-07 20:00:00,0.18969823,0.3400154
2017-06-07 20:30:00,0.18969823,0.30371818
2017-06-07 21:00:00,0.18969823,0.33833864
2017-06-07 21:30:00,0.18969823,0.347461
2017-06-07 22:00:00,0.18969823,0.31411412
2017-06-07 22:30:00,0.18969823,0.26752645
2017-06-07 23:00:00,0.18969823,0.19396362
2017-06-07 23:30:00,0.18969823,0.15490068
2017-06-08 00:00:00,0.18969823,0.09595396
2017-06-08 00:30:00,0.18969823,0.08797709
2017-06-08 01:00:00,0.18969823,0.07201957
2017-06-08 01:30:00,0.18969823,0.056544363
2017-06-08 02:00:00,0.18969823,0.059389208
2017-06-08 02:30:00,0.18969823,0.06443457
2017-06-08 03:00:00,0.18969823,0.12295551
2017-06-08 03:30:00,0.18969823,0.20895652
2017-06-08 04:00:00,0.18969823,0.317754
2017-06-08 04:30:00,0.18969823,0.37287998
2017-06-08 05:00:00,0.18969823,0.4919189
2017-06-08 05:30:00,0.18969823,0.49192643
2017-06-08 06:00:00,0.18969823,0.46799582
2017-06-08 06:30:00,0.18969823,0.46285248
2017-06-08 07:00:00,0.18969823,0.46611935
2017-06-08 07:30:00,0.18969823,0.48276263
2017-06-08 08:00:00,0.18969823,0.46567473
2017-06-08 08:30:00,0.18969823,0.49659878
2017-06-08 09:00:00,0.18969823,0.3833475
2017-06-08 09:30:00,0.18969823,0.3131118
2017-06-08 10:00:00,0.18969823,0.18223381
2017-06-08 10:30:00,0.18969823,0.059867747
2017-06-08 11:00:00,0.18969823,0.046619426
2017-06-08 11:30:00,0.18969823,0.057331875
2017-06-08 12:00:00,0.18969823,-0.019203912
2017-06-08 12:30:00,0.18969823,0.08199726
2017-06-08 13:00:00,0.18969823,0.094458066
2017-06-08 13:30:00,0.18969823,0.14138107
2017-06-08 14:00:00,0.18969823,0.06854924
2017-06-08 14:30:00,0.18969823,0.111470625
2017-06-08 15:00:00,0.18969823,0.09436763
2017-06-08 15:30:00,0.18969823,0.12503545
2017-06-08 16:00:00,0.18969823,0.18537633
2017-06-08 16:30:00,0.18969823,0.24479406
2017-06-08 17:00:00,0.18969823,0.3697902
2017-06-08 17:30:00,0.18969823,0.3872248
2017-06-08 18:00:00,0.18969823,0.38612828
2017-06-08 18:30:00,0.18969823,0.35536626
2017-06-08 19:00:00,0.18969823,0.3416394
2017-06-08 19:30:00,0.18969823,0.36171913
2017-06-08 20:00:00,0.18969823,0.3508974
2017-06-08 20:30:00,0.18969823,0.37476397
2017-06-08 21:00:00,0.18969823,0.4138985
2017-06-08 21:30:00,0.18969823,0.47350463
2017-06-08 22:00:00,0.18969823,0.504489
2017-06-08 22:30:00,0.18969823,0.4986938
2017-06-08 23:00:00,0.18969823,0.4786819
2017-06-08 23:30:00,0.18969823,0.5116294
2017-06-09 00:00:00,0.18969823,0.4479274
2017-06-09 00:30:00,0.18969823,0.4324258
2017-06-09 01:00:00,0.18969823,0.41635525
2017-06-09 01:30:00,0.18969823,0.40885314
2017-06-09 02:00:00,0.18969823,0.4163741
2017-06-09 02:30:00,0.18969823,0.388261
2017-06-09 03:00:00,0.18969823,0.3463645
2017-06-09 03:30:00,0.18969823,0.27612883
2017-06-09 04:00:00,0.18969823,0.19861712
2017-06-09 04:30:00,0.18969823,0.122322485
2017-06-09 05:00:00,0.18969823,0.05372966
2017-06-09 05:30:00,0.18969823,0.10218625
2017-06-09 06:00:00,0.18969823,0.12762783
2017-06-09 06:30:00,0.18969823,0.1268667
2017-06-09 07:00:00,0.18969823,0.15706728
2017-06-09 07:30:00,0.18969823,0.14558993
2017-06-09 08:00:00,0.18969823,0.18157442
2017-06-09 08:30:00,0.18969823,0.1535442
2017-06-09 09:00:00,0.18969823,0.16823943
2017-06-09 09:30:00,0.18969823,0.16292277
2017-06-09 10:00:00,0.18969823,0.16907592
2017-06-09 10:30:00,0.18969823,0.2044952
2017-06-09 11:00:00,0.18969823,0.054649055
2017-06-09 11:30:00,0.18969823,-0.041246764
2017-06-09 12:00:00,0.18969823,-0.056326333
2017-06-09 12:30:00,0.18969823,-0.26060516
2017-06-09 13:00:00,0.18969823,-0.34515172
2017-06-09 13:30:00,0.18969823,-0.34247643
2017-06-09 14:00:00,0.18969823,-0.37187445
2017-06-09 14:30:00,0.18969823,-0.26067674
2017-06-09 15:00:00,0.18969823,-0.18014687
2017-06-09 15:30:00,0.18969823,-0.020537788
2017-06-09 16:00:00,0.18969823,0.12384852
2017-06-09 16:30:00,0.18969823,0.21979332
2017-06-09 17:00:00,0.18969823,0.2720556
2017-06-09 17:30:00,0.18969823,0.29121593
2017-06-09 18:00:00,0.18969823,0.33825573
2017-06-09 18:30:00,0.18969823,0.33342892
2017-06-09 19:00:00,0.18969823,0.3236321
2017-06-09 19:30:00,0.18969823,0.32827806
2017-06-09 20:00:00,0.18969823,0.36361444
2017-06-09 20:30:00,0.18969823,0.35559234
2017-06-09 21:00:00,0.18969823,0.3668813
2017-06-09 21:30:00,0.18969823,0.36856937
2017-06-09 22:00:00,0.18969823,0.41638163
2017-06-09 22:30:00,0.18969823,0.4170184
2017-06-09 23:00:00,0.18969823,0.45238495
2017-06-09 23:30:00,0.18969823,0.4150214
2017-06-10 00:00:00,0.18969823,0.388001
2017-06-10 00:30:00,0.18969823,0.368332
2017-06-10 01:00:00,0.18969823,0.35315445
2017-06-10 01:30:00,0.18969823,0.33192927
2017-06-10 02:00:00,0.18969823,0.30676273
2017-06-10 02:30:00,0.18969823,0.32796532
2017-06-10 03:00:00,0.18969823,0.36835837
2017-06-10 03:30:00,0.18969823,0.3640176
2017-06-10 04:00:00,0.18969823,0.37430805
2017-06-10 04:30:00,0.18969823,0.40099686
2017-06-10 05:00:00,0.18969823,0.3982839
2017-06-10 05:30:00,0.18969823,0.36855054
2017-06-10 06:00:00,0.18969823,0.38988876
2017-06-10 06:30:00,0.18969823,0.42329592
2017-06-10 07:00:00,0.18969823,0.41918504
2017-06-10 07:30:00,0.18969823,0.45105484
2017-06-10 08:00:00,0.18969823,0.4808372
2017-06-10 08:30:00,0.18969823,0.502134
2017-06-10 09:00:00,0.18969823,0.5165316
2017-06-10 09:30:00,0.18969823,0.49933812
2017-06-10 10:00:00,0.18969823,0.5165956
2017-06-10 10:30:00,0.18969823,0.5365095
2017-06-10 11:00:00,0.18969823,0.5426024
2017-06-10 11:30:00,0.18969823,0.54343516
2017-06-10 12:00:00,0.18969823,0.5099677
2017-06-10 12:30:00,0.18969823,0.5722378
2017-06-10 13:00:00,0.18969823,0.60908514
2017-06-10 13:30:00,0.18969823,0.6518558
2017-06-10 14:00:00,0.18969823,0.6719506
2017-06-10 14:30:00,0.18969823,0.70506006
2017-06-10 15:00:00,0.18969823,0.683752
2017-06-10 15:30:00,0.18969823,0.65666
2017-06-10 16:00:00,0.18969823,0.6315048
2017-06-10 16:30:00,0.18969823,0.61641395
2017-06-10 17:00:00,0.18969823,0.57988685
2017-06-10 17:30:00,0.18969823,0.5976342
2017-06-10 18:00:00,0.18969823,0.5778069
2017-06-10 18:30:00,0.18969823,0.53091407
2017-06-10 19:00:00,0.18969823,0.51561594
2017-06-10 19:30:00,0.18969823,0.5220743
2017-06-10 20:00:00,0.18969823,0.52090997
2017-06-10 20:30:00,0.18969823,0.51831007
2017-06-10 21:00:00,0.18969823,0.50209254
2017-06-10 21:30:00,0.18969823,0.50063056
2017-06-10 22:00:00,0.18969823,0.48347104
2017-06-10 22:30:00,0.18969823,0.4846278
2017-06-10 23:00:00,0.18969823,0.47535098
2017-06-10 23:30:00,0.18969823,0.42432836
2017-06-11 00:00:00,0.18969823,0.35693753
2017-06-11 00:30:00,0.18969823,0.32804444
2017-06-11 01:00:00,0.18969823,0.29595608
2017-06-11 01:30:00,0.18969823,0.28285095
2017-06-11 02:00:00,0.18969823,0.3297438
2017-06-11 02:30:00,0.18969823,0.38103396
2017-06-11 03:00:00,0.18969823,0.41432428
2017-06-11 03:30:00,0.18969823,0.46519995
2017-06-11 04:00:00,0.18969823,0.477446
2017-06-11 04:30:00,0.18969823,0.49545708
2017-06-11 05:00:00,0.18969823,0.48551705
2017-06-11 05:30:00,0.18969823,0.4595743
2017-06-11 06:00:00,0.18969823,0.41540194
2017-06-11 06:30:00,0.18969823,0.36501238
2017-06-11 07:00:00,0.18969823,0.31637493
2017-06-11 07:30:00,0.18969823,0.24318889
2017-06-11 08:00:00,0.18969823,0.1834245
2017-06-11 08:30:00,0.18969823,0.029554117
2017-06-11 09:00:00,0.18969823,-0.16054192
2017-06-11 09:30:00,0.18969823,-0.39484045
2017-06-11 10:00:00,0.18969823,-0.42660478
2017-06-11 10:30:00,0.18969823,-0.5708667
2017-06-11 11:00:00,0.18969823,-0.56633
2017-06-11 11:30:00,0.18969823,-0.51253414
2017-06-11 12:00:00,0.18969823,-0.4470726
2017-06-11 12:30:00,0.18969823,-0.35899916
2017-06-11 13:00:00,0.18969823,-0.2382571
2017-06-11 13:30:00,0.18969823,-0.14992367
2017-06-11 14:00:00,0.18969823,-0.07377598
2017-06-11 14:30:00,0.18969823,0.05976601
2017-06-11 15:00:00,0.18969823,0.19843248
2017-06-11 15:30:00,0.18969823,0.28914353
2017-06-11 16:00:00,0.18969823,0.3781175
2017-06-11 16:30:00,0.18969823,0.4128623
2017-06-11 17:00:00,0.18969823,0.41848418
2017-06-11 17:30:00,0.18969823,0.45986068
2017-06-11 18:00:00,0.18969823,0.45897898
2017-06-11 18:30:00,0.18969823,0.36061135
2017-06-11 19:00:00,0.18969823,0.38541615
2017-06-11 19:30:00,0.18969823,0.44129193
2017-06-11 20:00:00,0.18969823,0.42683408
2017-06-11 20:30:00,0.18969823,0.36928907
2017-06-11 21:00:00,0.18969823,0.340087
2017-06-11 21:30:00,0.18969823,0.35534742
2017-06-11 22:00:00,0.18969823,0.31216982
2017-06-11 22:30:00,0.18969823,0.30131796
2017-06-11 23:00:00,0.18969823,0.35477093
2017-06-11 23:30:00,0.18969823,0.2932582
2017-06-12 00:00:00,0.18969823,0.27420336
2017-06-12 00:30:00,0.18969823,0.3019585
2017-06-12 01:00:00,0.18969823,0.34206143
2017-06-12 01:30:00,0.18969823,0.39790708
2017-06-12 02:00:00,0.18969823,0.43664974
2017-06-12 02:30:00,0.18969823,0.429483
2017-06-12 03:00:00,0.18969823,0.4370906
2017-06-12 03:30:00,0.18969823,0.46550515
2017-06-12 04:00:00,0.18969823,0.49033257
2017-06-12 04:30:00,0.18969823,0.5659301
2017-06-12 05:00:00,0.18969823,0.6208225
2017-06-12 05:30:00,0.18969823,0.6513547
2017-06-12 06:00:00,0.18969823,0.6578771
2017-06-12 06:30:00,0.18969823,0.66181844
2017-06-12 07:00:00,0.18969823,0.56239575
2017-06-12 07:30:00,0.18969823,0.5320784
2017-06-12 08:00:00,0.18969823,0.4603053
2017-06-12 08:30:00,0.18969823,0.38997543
2017-06-12 09:00:00,0.18969823,0.3601441
2017-06-12 09:30:00,0.18969823,0.38201362
2017-06-12 10:00:00,0.18969823,0.30198112
2017-06-12 10:30:00,0.18969823,0.33892643
2017-06-12 11:00:00,0.18969823,0.29753864
2017-06-12 11:30:00,0.18969823,0.25811398
2017-06-12 12:00:00,0.18969823,0.2060966
2017-06-12 12:30:00,0.18969823,0.21379465
2017-06-12 13:00:00,0.18969823,0.28188634
2017-06-12 13:30:00,0.18969823,0.3321101
2017-06-12 14:00:00,0.18969823,0.37270665
2017-06-12 14:30:00,0.18969823,0.3873642
2017-06-12 15:00:00,0.18969823,0.4062231
2017-06-12 15:30:00,0.18969823,0.3967277
2017-06-12 16:00:00,0.18969823,0.44097164
2017-06-12 16:30:00,0.18969823,0.42771956
2017-06-12 17:00:00,0.18969823,0.42304724
2017-06-12 17:30:00,0.18969823,0.4454443
2017-06-12 18:00:00,0.18969823,0.48572806
2017-06-12 18:30:00,0.18969823,0.5005062
2017-06-12 19:00:00,0.18969823,0.4732258
2017-06-12 19:30:00,0.18969823,0.45087776
2017-06-12 20:00:00,0.18969823,0.3668587
2017-06-12 20:30:00,0.18969823,0.33080262
2017-06-12 21:00:00,0.18969823,0.34581813
2017-06-12 21:30:00,0.18969823,0.36063772
2017-06-12 22:00:00,0.18969823,0.3654532
2017-06-12 22:30:00,0.18969823,0.34624767
2017-06-12 23:00:00,0.18969823,0.39171624
2017-06-12 23:30:00,0.18969823,0.3793421
2017-06-13 00:00:00,0.18969823,0.4286013
2017-06-13 00:30:00,0.18969823,0.4153718
2017-06-13 01:00:00,0.18969823,0.44064385
2017-06-13 01:30:00,0.18969823,0.31178924
2017-06-13 02:00:00,0.18969823,0.27721024
2017-06-13 02:30:00,0.18969823,0.29609174
2017-06-13 03:00:00,0.18969823,0.27522826
2017-06-13 03:30:00,0.18969823,0.26141474
2017-06-13 04:00:00,0.18969823,0.28234226
2017-06-13 04:30:00,0.18969823,0.26000175
2017-06-13 05:00:00,0.18969823,0.32919368
2017-06-13 05:30:00,0.18969823,0.30888787
2017-06-13 06:00:00,0.18969823,0.3365413
2017-06-13 06:30:00,0.18969823,0.35377616
2017-06-13 07:00:00,0.18969823,0.35021916
2017-06-13 07:30:00,0.18969823,0.39419937
2017-06-13 08:00:00,0.18969823,0.45608136
2017-06-13 08:30:00,0.18969823,0.42129135
2017-06-13 09:00:00,0.18969823,0.38981718
2017-06-13 09:30:00,0.18969823,0.33834994
2017-06-13 10:00:00,0.18969823,0.23539664
2017-06-13 10:30:00,0.18969823,0.20208745
2017-06-13 11:00:00,0.18969823,0.16001387
2017-06-13 11:30:00,0.18969823,0.04801736
2017-06-13 12:00:00,0.18969823,0.1322964
2017-06-13 12:30:00,0.18969823,0.0044554123
2017-06-13 13:00:00,0.18969823,0.0836175
2017-06-13 13:30:00,0.18969823,0.10302652
2017-06-13 14:00:00,0.18969823,0.1981122
2017-06-13 14:30:00,0.18969823,0.31612998
2017-06-13 15:00:00,0.18969823,0.30541754
2017-06-13 15:30:00,0.18969823,0.28441843
2017-06-13 16:00:00,0.18969823,0.23585634
2017-06-13 16:30:00,0.18969823,0.259478
2017-06-13 17:00:00,0.18969823,0.24685138
2017-06-13 17:30:00,0.18969823,0.29788905
2017-06-13 18:00:00,0.18969823,0.35261184
2017-06-13 18:30:00,0.18969823,0.35486135
2017-06-13 19:00:00,0.18969823,0.40613642
2017-06-13 19:30:00,0.18969823,0.42377445
2017-06-13 20:00:00,0.18969823,0.4847446
2017-06-13 20:30:00,0.18969823,0.4606143
2017-06-13 21:00:00,0.18969823,0.43370315
2017-06-13 21:30:00,0.18969823,0.4542275
2017-06-13 22:00:00,0.18969823,0.38910124
2017-06-13 22:30:00,0.18969823,0.4306021
2017-06-13 23:00:00,0.18969823,0.38118842
2017-06-13 23:30:00,0.18969823,0.3988114
2017-06-14 00:00:00,0.18969823,0.34133044
2017-06-14 00:30:00,0.18969823,0.33701983
2017-06-14 01:00:00,0.18969823,0.3438927
2017-06-14 01:30:00,0.18969823,0.3622768
2017-06-14 02:00:00,0.18969823,0.43559092
2017-06-14 02:30:00,0.18969823,0.41071832
2017-06-14 03:00:00,0.18969823,0.44046298
2017-06-14 03:30:00,0.18969823,0.42548513
2017-06-14 04:00:00,0.18969823,0.4563489
2017-06-14 04:30:00,0.18969823,0.4656672
2017-06-14 05:00:00,0.18969823,0.47798103
2017-06-14 05:30:00,0.18969823,0.4412957
2017-06-14 06:00:00,0.18969823,0.37412718
2017-06-14 06:30:00,0.18969823,0.29930207
2017-06-14 07:00:00,0.18969823,0.2497942
2017-06-14 07:30:00,0.18969823,0.24155357
2017-06-14 08:00:00,0.18969823,0.11333955
2017-06-14 08:30:00,0.18969823,0.08580295
2017-06-14 09:00:00,0.18969823,-0.06451045
2017-06-14 09:30:00,0.18969823,-0.10302703
2017-06-14 10:00:00,0.18969823,-0.16831532
2017-06-14 10:30:00,0.18969823,-0.21928518
2017-06-14 11:00:00,0.18969823,-0.1670455
2017-06-14 11:30:00,0.18969823,-0.13009264
2017-06-14 12:00:00,0.18969823,-0.058018167
2017-06-14 12:30:00,0.18969823,-0.07927351
2017-06-14 13:00:00,0.18969823,-0.0398526
2017-06-14 13:30:00,0.18969823,0.14543168
2017-06-14 14:00:00,0.18969823,0.105468184
2017-06-14 14:30:00,0.18969823,0.14146397
2017-06-14 15:00:00,0.18969823,0.16156629
2017-06-14 15:30:00,0.18969823,0.25879598
2017-06-14 16:00:00,0.18969823,0.25285384
2017-06-14 16:30:00,0.18969823,0.21818061
2017-06-14 17:00:00,0.18969823,0.25136545
2017-06-14 17:30:00,0.18969823,0.29459584
2017-06-14 18:00:00,0.18969823,0.35688853
2017-06-14 18:30:00,0.18969823,0.4076474
2017-06-14 19:00:00,0.18969823,0.40517935
2017-06-14 19:30:00,0.18969823,0.39283156
2017-06-14 20:00:00,0.18969823,0.3435724
2017-06-14 20:30:00,0.18969823,0.37005773
2017-06-14 21:00:00,0.18969823,0.40103075
2017-06-14 21:30:00,0.18969823,0.43799493
2017-06-14 22:00:00,0.18969823,0.38753754
2017-06-14 22:30:00,0.18969823,0.4315328
2017-06-14 23:00:00,0.18969823,0.3888714
2017-06-14 23:30:00,0.18969823,0.38776737
2017-06-15 00:00:00,0.18969823,0.33614567
2017-06-15 00:30:00,0.18969823,0.43783668
2017-06-15 01:00:00,0.18969823,0.43721873
2017-06-15 01:30:00,0.18969823,0.45279565
2017-06-15 02:00:00,0.18969823,0.46636426
2017-06-15 02:30:00,0.18969823,0.4424035
2017-06-15 03:00:00,0.18969823,0.48286438
2017-06-15 03:30:00,0.18969823,0.512236
2017-06-15 04:00:00,0.18969823,0.50197953
2017-06-15 04:30:00,0.18969823,0.55551916
2017-06-15 05:00:00,0.18969823,0.49492204
2017-06-15 05:30:00,0.18969823,0.55098623
2017-06-15 06:00:00,0.18969823,0.5389512
2017-06-15 06:30:00,0.18969823,0.5622865
2017-06-15 07:00:00,0.18969823,0.54734254
2017-06-15 07:30:00,0.18969823,0.50824946
2017-06-15 08:00:00,0.18969823,0.3990601
2017-06-15 08:30:00,0.18969823,0.3328298
2017-06-15 09:00:00,0.18969823,0.21570127
2017-06-15 09:30:00,0.18969823,0.15500242
2017-06-15 10:00:00,0.18969823,0.114432275
2017-06-15 10:30:00,0.18969823,-0.008525377
2017-06-15 11:00:00,0.18969823,-0.06608171
2017-06-15 11:30:00,0.18969823,-0.102540955
2017-06-15 12:00:00,0.18969823,-0.17249404
2017-06-15 12:30:00,0.18969823,-0.15277982
2017-06-15 13:00:00,0.18969823,-0.108826
2017-06-15 13:30:00,0.18969823,-0.14605016
2017-06-15 14:00:00,0.18969823,-0.086930096
2017-06-15 14:30:00,0.18969823,-0.060478676
2017-06-15 15:00:00,0.18969823,0.013709641
2017-06-15 15:30:00,0.18969823,0.06481137
2017-06-15 16:00:00,0.18969823,0.13236046
2017-06-15 16:30:00,0.18969823,0.18320973
2017-06-15 17:00:00,0.18969823,0.23467696
2017-06-15 17:30:00,0.18969823,0.19189876
2017-06-15 18:00:00,0.18969823,0.23242745
2017-06-15 18:30:00,0.18969823,0.1877464
2017-06-15 19:00:00,0.18969823,0.18393318
2017-06-15 19:30:00,0.18969823,0.17728265
2017-06-15 20:00:00,0.18969823,0.1771357
2017-06-15 20:30:00,0.18969823,0.16468243
2017-06-15 21:00:00,0.18969823,0.15653223
2017-06-15 21:30:00,0.18969823,0.23741253
2017-06-15 22:00:00,0.18969823,0.25298572
2017-06-15 22:30:00,0.18969823,0.27958408
2017-06-15 23:00:00,0.18969823,0.2912988
2017-06-15 23:30:00,0.18969823,0.32834965
2017-06-16 00:00:00,0.18969823,0.34031308
2017-06-16 00:30:00,0.18969823,0.28437698
2017-06-16 01:00:00,0.18969823,0.24426654
2017-06-16 01:30:00,0.18969823,0.22078054
2017-06-16 02:00:00,0.18969823,0.20201209
2017-06-16 02:30:00,0.18969823,0.21416768
2017-06-16 03:00:00,0.18969823,0.24502014
2017-06-16 03:30:00,0.18969823,0.30782908
2017-06-16 04:00:00,0.18969823,0.23783454
2017-06-16 04:30:00,0.18969823,0.28666416
2017-06-16 05:00:00,0.18969823,0.36049077
2017-06-16 05:30:00,0.18969823,0.29677752
2017-06-16 06:00:00,0.18969823,0.24177212
2017-06-16 06:30:00,0.18969823,0.24009535
2017-06-16 07:00:00,0.18969823,0.21565604
2017-06-16 07:30:00,0.18969823,0.09766464
2017-06-16 08:00:00,0.18969823,0.051608272
2017-06-16 08:30:00,0.18969823,-0.076021716
2017-06-16 09:00:00,0.18969823,-0.08063375
2017-06-16 09:30:00,0.18969823,-0.17482267
2017-06-16 10:00:00,0.18969823,-0.18028252
2017-06-16 10:30:00,0.18969823,-0.13180709
2017-06-16 11:00:00,0.18969823,-0.10184388
2017-06-16 11:30:00,0.18969823,-0.11075521
2017-06-16 12:00:00,0.18969823,-0.10824572
2017-06-16 12:30:00,0.18969823,-0.055753596
2017-06-16 13:00:00,0.18969823,-0.11013349
2017-06-16 13:30:00,0.18969823,-0.20940922
2017-06-16 14:00:00,0.18969823,-0.14289634
2017-06-16 14:30:00,0.18969823,-0.06299947
2017-06-16 15:00:00,0.18969823,0.031822458
2017-06-16 15:30:00,0.18969823,0.10118396
2017-06-16 16:00:00,0.18969823,0.15154338
2017-06-16 16:30:00,0.18969823,0.23026085
2017-06-16 17:00:00,0.18969823,0.31964555
2017-06-16 17:30:00,0.18969823,0.33610043
2017-06-16 18:00:00,0.18969823,0.36399877
2017-06-16 18:30:00,0.18969823,0.39168233
2017-06-16 19:00:00,0.18969823,0.41874418
2017-06-16 19:30:00,0.18969823,0.45595324
2017-06-16 20:00:00,0.18969823,0.4712137
2017-06-16 20:30:00,0.18969823,0.5343618
2017-06-16 21:00:00,0.18969823,0.5775582
2017-06-16 21:30:00,0.18969823,0.5532734
2017-06-16 22:00:00,0.18969823,0.517613
2017-06-16 22:30:00,0.18969823,0.5153371
2017-06-16 23:00:00,0.18969823,0.51208156
2017-06-16 23:30:00,0.18969823,0.47556198
2017-06-17 00:00:00,0.18969823,0.44193625
2017-06-17 00:30:00,0.18969823,0.4383755
2017-06-17 01:00:00,0.18969823,0.4419438
2017-06-17 01:30:00,0.18969823,0.39708188
2017-06-17 02:00:00,0.18969823,0.35651928
2017-06-17 02:30:00,0.18969823,0.35638362
2017-06-17 03:00:00,0.18969823,0.3667381
2017-06-17 03:30:00,0.18969823,0.40975747
2017-06-17 04:00:00,0.18969823,0.4574906
2017-06-17 04:30:00,0.18969823,0.47153774
2017-06-17 05:00:00,0.18969823,0.50324935
2017-06-17 05:30:00,0.18969823,0.4965724
2017-06-17 06:00:00,0.18969823,0.49933812
2017-06-17 06:30:00,0.18969823,0.503189
2017-06-17 07:00:00,0.18969823,0.5087732
2017-06-17 07:30:00,0.18969823,0.5097793
2017-06-17 08:00:00,0.18969823,0.42354462
2017-06-17 08:30:00,0.18969823,0.319849
2017-06-17 09:00:00,0.18969823,0.26586854
2017-06-17 09:30:00,0.18969823,0.2042842
2017-06-17 10:00:00,0.18969823,0.14825392
2017-06-17 10:30:00,0.18969823,0.1214257
2017-06-17 11:00:00,0.18969823,0.11687394
2017-06-17 11:30:00,0.18969823,0.12214539
2017-06-17 12:00:00,0.18969823,0.08261898
2017-06-17 12:30:00,0.18969823,0.014711931
2017-06-17 13:00:00,0.18969823,0.062818095
2017-06-17 13:30:00,0.18969823,0.14064254
2017-06-17 14:00:00,0.18969823,0.15031502
2017-06-17 14:30:00,0.18969823,0.13457981
2017-06-17 15:00:00,0.18969823,0.14119266
2017-06-17 15:30:00,0.18969823,0.3271213
2017-06-17 16:00:00,0.18969823,0.41114786
2017-06-17 16:30:00,0.18969823,0.44891462
2017-06-17 17:00:00,0.18969823,0.45826682
2017-06-17 17:30:00,0.18969823,0.52060854
2017-06-17 18:00:00,0.18969823,0.5437705
2017-06-17 18:30:00,0.18969823,0.5023224
2017-06-17 19:00:00,0.18969823,0.46395275
2017-06-17 19:30:00,0.18969823,0.47162816
2017-06-17 20:00:00,0.18969823,0.51898074
2017-06-17 20:30:00,0.18969823,0.53423744
2017-06-17 21:00:00,0.18969823,0.5296706
2017-06-17 21:30:00,0.18969823,0.4966666
2017-06-17 22:00:00,0.18969823,0.47833145
2017-06-17 22:30:00,0.18969823,0.4571967
2017-06-17 23:00:00,0.18969823,0.436597
2017-06-17 23:30:00,0.18969823,0.38616973
2017-06-18 00:00:00,0.18969823,0.3373665
2017-06-18 00:30:00,0.18969823,0.3036805
2017-06-18 01:00:00,0.18969823,0.2807823
2017-06-18 01:30:00,0.18969823,0.32233968
2017-06-18 02:00:00,0.18969823,0.38224724
2017-06-18 02:30:00,0.18969823,0.45590428
2017-06-18 03:00:00,0.18969823,0.52842337
2017-06-18 03:30:00,0.18969823,0.56308156
2017-06-18 04:00:00,0.18969823,0.5807309
2017-06-18 04:30:00,0.18969823,0.60193723
2017-06-18 05:00:00,0.18969823,0.5855163
2017-06-18 05:30:00,0.18969823,0.55943036
2017-06-18 06:00:00,0.18969823,0.5173869
2017-06-18 06:30:00,0.18969823,0.44811955
2017-06-18 07:00:00,0.18969823,0.38329476
2017-06-18 07:30:00,0.18969823,0.32345125
2017-06-18 08:00:00,0.18969823,0.2512788
2017-06-18 08:30:00,0.18969823,0.1843439
2017-06-18 09:00:00,0.18969823,0.17901593
2017-06-18 09:30:00,0.18969823,0.09862925
2017-06-18 10:00:00,0.18969823,-0.062140368
2017-06-18 10:30:00,0.18969823,-0.20792462
2017-06-18 11:00:00,0.18969823,-0.2050082
2017-06-18 11:30:00,0.18969823,-0.23778985
2017-06-18 12:00:00,0.18969823,-0.16257288
2017-06-18 12:30:00,0.18969823,-0.12378123
2017-06-18 13:00:00,0.18969823,-0.042742662
2017-06-18 13:30:00,0.18969823,0.010246841
2017-06-18 14:00:00,0.18969823,0.03588814
2017-06-18 14:30:00,0.18969823,0.07264883
2017-06-18 15:00:00,0.18969823,0.18082081
2017-06-18 15:30:00,0.18969823,0.32098696
2017-06-18 16:00:00,0.18969823,0.47331625
2017-06-18 16:30:00,0.18969823,0.5188338
2017-06-18 17:00:00,0.18969823,0.56908023
2017-06-18 17:30:00,0.18969823,0.5865901
2017-06-18 18:00:00,0.18969823,0.6108071
2017-06-18 18:30:00,0.18969823,0.5852563
2017-06-18 19:00:00,0.18969823,0.5380808
2017-06-18 19:30:00,0.18969823,0.47835407
2017-06-18 20:00:00,0.18969823,0.44134468
2017-06-18 20:30:00,0.18969823,0.46059167
2017-06-18 21:00:00,0.18969823,0.48203164
2017-06-18 21:30:00,0.18969823,0.44255045
2017-06-18 22:00:00,0.18969823,0.4469967
2017-06-18 22:30:00,0.18969823,0.46760017
2017-06-18 23:00:00,0.18969823,0.47407362
2017-06-18 23:30:00,0.18969823,0.43942678
2017-06-19 00:00:00,0.18969823,0.39234927
2017-06-19 00:30:00,0.18969823,0.33600247
2017-06-19 01:00:00,0.18969823,0.3791085
2017-06-19 01:30:00,0.18969823,0.38878098
2017-06-19 02:00:00,0.18969823,0.4128284
2017-06-19 02:30:00,0.18969823,0.43630686
2017-06-19 03:00:00,0.18969823,0.49804193
2017-06-19 03:30:00,0.18969823,0.5489327
2017-06-19 04:00:00,0.18969823,0.62451893
2017-06-19 04:30:00,0.18969823,0.71347404
2017-06-19 05:00:00,0.18969823,0.6799576
2017-06-19 05:30:00,0.18969823,0.5861983
2017-06-19 06:00:00,0.18969823,0.5467133
2017-06-19 06:30:00,0.18969823,0.5114146
2017-06-19 07:00:00,0.18969823,0.5127334
2017-06-19 07:30:00,0.18969823,0.5124659
2017-06-19 08:00:00,0.18969823,0.45475125
2017-06-19 08:30:00,0.18969823,0.43186814
2017-06-19 09:00:00,0.18969823,0.47419795
2017-06-19 09:30:00,0.18969823,0.42807376
2017-06-19 10:00:00,0.18969823,0.42083165
2017-06-19 10:30:00,0.18969823,0.41587296
2017-06-19 11:00:00,0.18969823,0.35306025
2017-06-19 11:30:00,0.18969823,0.34373066
2017-06-19 12:00:00,0.18969823,0.28298283
2017-06-19 12:30:00,0.18969823,0.2615391
2017-06-19 13:00:00,0.18969823,0.30325848
2017-06-19 13:30:00,0.18969823,0.32019567
2017-06-19 14:00:00,0.18969823,0.3608261
2017-06-19 14:30:00,0.18969823,0.35640624
2017-06-19 15:00:00,0.18969823,0.39129046
2017-06-19 15:30:00,0.18969823,0.48286813
2017-06-19 16:00:00,0.18969823,0.5405074
2017-06-19 16:30:00,0.18969823,0.47812045
2017-06-19 17:00:00,0.18969823,0.5163771
2017-06-19 17:30:00,0.18969823,0.49964336
2017-06-19 18:00:00,0.18969823,0.50598115
2017-06-19 18:30:00,0.18969823,0.519237
2017-06-19 19:00:00,0.18969823,0.5029667
2017-06-19 19:30:00,0.18969823,0.5111659
2017-06-19 20:00:00,0.18969823,0.4862405
2017-06-19 20:30:00,0.18969823,0.48882535
2017-06-19 21:00:00,0.18969823,0.47263423
2017-06-19 21:30:00,0.18969823,0.45232844
2017-06-19 22:00:00,0.18969823,0.39825374
2017-06-19 22:30:00,0.18969823,0.42541355
2017-06-19 23:00:00,0.18969823,0.4337333
2017-06-19 23:30:00,0.18969823,0.47109687
2017-06-20 00:00:00,0.18969823,0.45435184
2017-06-20 00:30:00,0.18969823,0.42969024
2017-06-20 01:00:00,0.18969823,0.39722508
2017-06-20 01:30:00,0.18969823,0.41988212
2017-06-20 02:00:00,0.18969823,0.48462403
2017-06-20 02:30:00,0.18969823,0.56285167
2017-06-20 03:00:00,0.18969823,0.62597716
2017-06-20 03:30:00,0.18969823,0.64808404
2017-06-20 04:00:00,0.18969823,0.6036818
2017-06-20 04:30:00,0.18969823,0.64210045
2017-06-20 05:00:00,0.18969823,0.6117755
2017-06-20 05:30:00,0.18969823,0.6223372
2017-06-20 06:00:00,0.18969823,0.58885473
2017-06-20 06:30:00,0.18969823,0.54356325
2017-06-20 07:00:00,0.18969823,0.57209086
2017-06-20 07:30:00,0.18969823,0.5109587
2017-06-20 08:00:00,0.18969823,0.49268004
2017-06-20 08:30:00,0.18969823,0.44415563
2017-06-20 09:00:00,0.18969823,0.32462308
2017-06-20 09:30:00,0.18969823,0.16423781
2017-06-20 10:00:00,0.18969823,0.10830926
2017-06-20 10:30:00,0.18969823,-0.012097449
2017-06-20 11:00:00,0.18969823,-0.1265771
2017-06-20 11:30:00,0.18969823,-0.18169552
2017-06-20 12:00:00,0.18969823,-0.14824314
2017-06-20 12:30:00,0.18969823,-0.12621912
2017-06-20 13:00:00,0.18969823,-0.036457624
2017-06-20 13:30:00,0.18969823,0.002066495
2017-06-20 14:00:00,0.18969823,-0.014392166
2017-06-20 14:30:00,0.18969823,0.08477805
2017-06-20 15:00:00,0.18969823,0.2411504
2017-06-20 15:30:00,0.18969823,0.2928324
2017-06-20 16:00:00,0.18969823,0.2678882
2017-06-20 16:30:00,0.18969823,0.2936124
2017-06-20 17:00:00,0.18969823,0.2111156
2017-06-20 17:30:00,0.18969823,0.25928205
2017-06-20 18:00:00,0.18969823,0.32584393
2017-06-20 18:30:00,0.18969823,0.35972962
2017-06-20 19:00:00,0.18969823,0.35735577
2017-06-20 19:30:00,0.18969823,0.3670471
2017-06-20 20:00:00,0.18969823,0.38656914
2017-06-20 20:30:00,0.18969823,0.3629249
2017-06-20 21:00:00,0.18969823,0.34270576
2017-06-20 21:30:00,0.18969823,0.31354138
2017-06-20 22:00:00,0.18969823,0.3182137
2017-06-20 22:30:00,0.18969823,0.3376114
2017-06-20 23:00:00,0.18969823,0.34511352
2017-06-20 23:30:00,0.18969823,0.32494336
2017-06-21 00:00:00,0.18969823,0.32093045
2017-06-21 00:30:00,0.18969823,0.32189128
2017-06-21 01:00:00,0.18969823,0.2925875
2017-06-21 01:30:00,0.18969823,0.26487002
2017-06-21 02:00:00,0.18969823,0.24197559
2017-06-21 02:30:00,0.18969823,0.24442856
2017-06-21 03:00:00,0.18969823,0.22197877
2017-06-21 03:30:00,0.18969823,0.19321756
2017-06-21 04:00:00,0.18969823,0.18269728
2017-06-21 04:30:00,0.18969823,0.1561705
2017-06-21 05:00:00,0.18969823,0.13016747
2017-06-21 05:30:00,0.18969823,0.12899563
2017-06-21 06:00:00,0.18969823,0.1405408
2017-06-21 06:30:00,0.18969823,0.11347897
2017-06-21 07:00:00,0.18969823,0.14822377
2017-06-21 07:30:00,0.18969823,0.08965385
2017-06-21 08:00:00,0.18969823,0.09033586
2017-06-21 08:30:00,0.18969823,-0.004278831
2017-06-21 09:00:00,0.18969823,-0.12003205
2017-06-21 09:30:00,0.18969823,-0.1484956
2017-06-21 10:00:00,0.18969823,-0.1046209
2017-06-21 10:30:00,0.18969823,-0.2289049
2017-06-21 11:00:00,0.18969823,-0.08111983
2017-06-21 11:30:00,0.18969823,-0.13404906
2017-06-21 12:00:00,0.18969823,-0.13005874
2017-06-21 12:30:00,0.18969823,-0.18637915
2017-06-21 13:00:00,0.18969823,-0.20790578
2017-06-21 13:30:00,0.18969823,-0.14680377
2017-06-21 14:00:00,0.18969823,-0.0832073
2017-06-21 14:30:00,0.18969823,-0.07116475
2017-06-21 15:00:00,0.18969823,-0.016879052
2017-06-21 15:30:00,0.18969823,0.008977023
2017-06-21 16:00:00,0.18969823,0.037519686
2017-06-21 16:30:00,0.18969823,0.095181525
2017-06-21 17:00:00,0.18969823,0.116500914
2017-06-21 17:30:00,0.18969823,0.2095142
2017-06-21 18:00:00,0.18969823,0.26726645
2017-06-21 18:30:00,0.18969823,0.32977018
2017-06-21 19:00:00,0.18969823,0.3686598
2017-06-21 19:30:00,0.18969823,0.4159973
2017-06-21 20:00:00,0.18969823,0.4114041
2017-06-21 20:30:00,0.18969823,0.45056123
2017-06-21 21:00:00,0.18969823,0.38215303
2017-06-21 21:30:00,0.18969823,0.35097653
2017-06-21 22:00:00,0.18969823,0.35692623
2017-06-21 22:30:00,0.18969823,0.2998974
2017-06-21 23:00:00,0.18969823,0.38223216
2017-06-21 23:30:00,0.18969823,0.37451905
2017-06-22 00:00:00,0.18969823,0.3723487
2017-06-22 00:30:00,0.18969823,0.38859633
2017-06-22 01:00:00,0.18969823,0.28301296
2017-06-22 01:30:00,0.18969823,0.3187676
2017-06-22 02:00:00,0.18969823,0.30727142
2017-06-22 02:30:00,0.18969823,0.32575348
2017-06-22 03:00:00,0.18969823,0.36382923
2017-06-22 03:30:00,0.18969823,0.34946558
2017-06-22 04:00:00,0.18969823,0.34752882
2017-06-22 04:30:00,0.18969823,0.36773664
2017-06-22 05:00:00,0.18969823,0.39600423
2017-06-22 05:30:00,0.18969823,0.452449
2017-06-22 06:00:00,0.18969823,0.46780363
2017-06-22 06:30:00,0.18969823,0.56636345
2017-06-22 07:00:00,0.18969823,0.63271433
2017-06-22 07:30:00,0.18969823,0.6390898
2017-06-22 08:00:00,0.18969823,0.598124
2017-06-22 08:30:00,0.18969823,0.61728054
2017-06-22 09:00:00,0.18969823,0.5440719
2017-06-22 09:30:00,0.18969823,0.4615902
2017-06-22 10:00:00,0.18969823,0.3862112
2017-06-22 10:30:00,0.18969823,0.29578274
2017-06-22 11:00:00,0.18969823,0.24112025
2017-06-22 11:30:00,0.18969823,0.18803655
2017-06-22 12:00:00,0.18969823,0.28409815
2017-06-22 12:30:00,0.18969823,0.2346242
2017-06-22 13:00:00,0.18969823,0.2908768
2017-06-22 13:30:00,0.18969823,0.2533173
2017-06-22 14:00:00,0.18969823,0.30305877
2017-06-22 14:30:00,0.18969823,0.30310023
2017-06-22 15:00:00,0.18969823,0.35654566
2017-06-22 15:30:00,0.18969823,0.34656042
2017-06-22 16:00:00,0.18969823,0.3502267
2017-06-22 16:30:00,0.18969823,0.30846587
2017-06-22 17:00:00,0.18969823,0.32924268
2017-06-22 17:30:00,0.18969823,0.34018874
2017-06-22 18:00:00,0.18969823,0.40773404
2017-06-22 18:30:00,0.18969823,0.41821665
2017-06-22 19:00:00,0.18969823,0.46536198
2017-06-22 19:30:00,0.18969823,0.48151165
2017-06-22 20:00:00,0.18969823,0.48257047
2017-06-22 20:30:00,0.18969823,0.5247609
2017-06-22 21:00:00,0.18969823,0.5956522
2017-06-22 21:30:00,0.18969823,0.5622714
2017-06-22 22:00:00,0.18969823,0.5586353
2017-06-22 22:30:00,0.18969823,0.6225219
2017-06-22 23:00:00,0.18969823,0.52806544
2017-06-22 23:30:00,0.18969823,0.5626859
2017-06-23 00:00:00,0.18969823,0.48571676
2017-06-23 00:30:00,0.18969823,0.49650082
2017-06-23 01:00:00,0.18969823,0.5113995
2017-06-23 01:30:00,0.18969823,0.5000088
2017-06-23 02:00:00,0.18969823,0.5278733
2017-06-23 02:30:00,0.18969823,0.56011236
2017-06-23 03:00:00,0.18969823,0.5550557
2017-06-23 03:30:00,0.18969823,0.5906558
2017-06-23 04:00:00,0.18969823,0.6138027
2017-06-23 04:30:00,0.18969823,0.60798866
2017-06-23 05:00:00,0.18969823,0.66975385
2017-06-23 05:30:00,0.18969823,0.65799016
2017-06-23 06:00:00,0.18969823,0.7266508
2017-06-23 06:30:00,0.18969823,0.637835
2017-06-23 07:00:00,0.18969823,0.65271866
2017-06-23 07:30:00,0.18969823,0.58085525
2017-06-23 08:00:00,0.18969823,0.49979407
2017-06-23 08:30:00,0.18969823,0.41499877
2017-06-23 09:00:00,0.18969823,0.24846034
2017-06-23 09:30:00,0.18969823,0.17102775
2017-06-23 10:00:00,0.18969823,0.15471227
2017-06-23 10:30:00,0.18969823,0.14572181
2017-06-23 11:00:00,0.18969823,0.23176429
2017-06-23 11:30:00,0.18969823,0.38240927
2017-06-23 12:00:00,0.18969823,0.45945373
2017-06-23 12:30:00,0.18969823,0.49512926
2017-06-23 13:00:00,0.18969823,0.5586692
2017-06-23 13:30:00,0.18969823,0.48936042
2017-06-23 14:00:00,0.18969823,0.4926235
2017-06-23 14:30:00,0.18969823,0.48053575
2017-06-23 15:00:00,0.18969823,0.4713192
2017-06-23 15:30:00,0.18969823,0.41089165
2017-06-23 16:00:00,0.18969823,0.4857243
2017-06-23 16:30:00,0.18969823,0.49584895
2017-06-23 17:00:00,0.18969823,0.42606163
2017-06-23 17:30:00,0.18969823,0.4525884
2017-06-23 18:00:00,0.18969823,0.49442843
2017-06-23 18:30:00,0.18969823,0.55128765
2017-06-23 19:00:00,0.18969823,0.6065531
2017-06-23 19:30:00,0.18969823,0.6540639
2017-06-23 20:00:00,0.18969823,0.6310037
2017-06-23 20:30:00,0.18969823,0.6669429
2017-06-23 21:00:00,0.18969823,0.7416211
2017-06-23 21:30:00,0.18969823,0.7208669
2017-06-23 22:00:00,0.18969823,0.7125773
2017-06-23 22:30:00,0.18969823,0.6979197
2017-06-23 23:00:00,0.18969823,0.58238125
2017-06-23 23:30:00,0.18969823,0.57337195
2017-06-24 00:00:00,0.18969823,0.4559834
2017-06-24 00:30:00,0.18969823,0.50189286
2017-06-24 01:00:00,0.18969823,0.5259968
2017-06-24 01:30:00,0.18969823,0.5154162
2017-06-24 02:00:00,0.18969823,0.52338177
2017-06-24 02:30:00,0.18969823,0.5512613
2017-06-24 03:00:00,0.18969823,0.61286825
2017-06-24 03:30:00,0.18969823,0.62145174
2017-06-24 04:00:00,0.18969823,0.61494815
2017-06-24 04:30:00,0.18969823,0.6116248
2017-06-24 05:00:00,0.18969823,0.5545809
2017-06-24 05:30:00,0.18969823,0.5309216
2017-06-24 06:00:00,0.18969823,0.4637078
2017-06-24 06:30:00,0.18969823,0.44177425
2017-06-24 07:00:00,0.18969823,0.40244
2017-06-24 07:30:00,0.18969823,0.42431706
2017-06-24 08:00:00,0.18969823,0.38052902
2017-06-24 08:30:00,0.18969823,0.40954268
2017-06-24 09:00:00,0.18969823,0.28469726
2017-06-24 09:30:00,0.18969823,0.2198084
2017-06-24 10:00:00,0.18969823,0.10897243
2017-06-24 10:30:00,0.18969823,0.07824809
2017-06-24 11:00:00,0.18969823,0.005744071
2017-06-24 11:30:00,0.18969823,0.0023905437
2017-06-24 12:00:00,0.18969823,-0.07133431
2017-06-24 12:30:00,0.18969823,-0.093757726
2017-06-24 13:00:00,0.18969823,-0.07196357
2017-06-24 13:30:00,0.18969823,-0.07400206
2017-06-24 14:00:00,0.18969823,-0.1348554
2017-06-24 14:30:00,0.18969823,-0.1261626
2017-06-24 15:00:00,0.18969823,-0.022338895
2017-06-24 15:30:00,0.18969823,-0.06864395
2017-06-24 16:00:00,0.18969823,0.013374289
2017-06-24 16:30:00,0.18969823,-0.042836864
2017-06-24 17:00:00,0.18969823,-0.03720369
2017-06-24 17:30:00,0.18969823,-0.09243893
2017-06-24 18:00:00,0.18969823,-0.08483132
2017-06-24 18:30:00,0.18969823,-0.06590461
2017-06-24 19:00:00,0.18969823,-0.053854518
2017-06-24 19:30:00,0.18969823,-0.020794012
2017-06-24 20:00:00,0.18969823,-0.09283833
2017-06-24 20:30:00,0.18969823,0.0048661255
2017-06-24 21:00:00,0.18969823,0.008916735
2017-06-24 21:30:00,0.18969823,0.16990866
2017-06-24 22:00:00,0.18969823,0.247605
2017-06-24 22:30:00,0.18969823,0.27933538
2017-06-24 23:00:00,0.18969823,0.38800853
2017-06-24 23:30:00,0.18969823,0.34057683
2017-06-25 00:00:00,0.18969823,0.36115393
2017-06-25 00:30:00,0.18969823,0.34818822
2017-06-25 01:00:00,0.18969823,0.3429733
2017-06-25 01:30:00,0.18969823,0.3889204
2017-06-25 02:00:00,0.18969823,0.34175998
2017-06-25 02:30:00,0.18969823,0.42202234
2017-06-25 03:00:00,0.18969823,0.3680004
2017-06-25 03:30:00,0.18969823,0.43317565
2017-06-25 04:00:00,0.18969823,0.42024383
2017-06-25 04:30:00,0.18969823,0.34592742
2017-06-25 05:00:00,0.18969823,0.3479659
2017-06-25 05:30:00,0.18969823,0.41147944
2017-06-25 06:00:00,0.18969823,0.39779782
2017-06-25 06:30:00,0.18969823,0.3887659
2017-06-25 07:00:00,0.18969823,0.45929924
2017-06-25 07:30:00,0.18969823,0.37591323
2017-06-25 08:00:00,0.18969823,0.37569466
2017-06-25 08:30:00,0.18969823,0.25670096
2017-06-25 09:00:00,0.18969823,0.3836753
2017-06-25 09:30:00,0.18969823,0.28788877
2017-06-25 10:00:00,0.18969823,0.31746387
2017-06-25 10:30:00,0.18969823,0.26363412
2017-06-25 11:00:00,0.18969823,0.19319119
2017-06-25 11:30:00,0.18969823,0.20578763
2017-06-25 12:00:00,0.18969823,0.15554501
2017-06-25 12:30:00,0.18969823,0.09705422
2017-06-25 13:00:00,0.18969823,0.23108228
2017-06-25 13:30:00,0.18969823,0.1997739
2017-06-25 14:00:00,0.18969823,0.16930577
2017-06-25 14:30:00,0.18969823,0.24282339
2017-06-25 15:00:00,0.18969823,0.25930467
2017-06-25 15:30:00,0.18969823,0.27926758
2017-06-25 16:00:00,0.18969823,0.30932873
2017-06-25 16:30:00,0.18969823,0.30178142
2017-06-25 17:00:00,0.18969823,0.36131597
2017-06-25 17:30:00,0.18969823,0.3410026
2017-06-25 18:00:00,0.18969823,0.3064349
2017-06-25 18:30:00,0.18969823,0.3479433
2017-06-25 19:00:00,0.18969823,0.34570134
2017-06-25 19:30:00,0.18969823,0.40082353
2017-06-25 20:00:00,0.18969823,0.421849
2017-06-25 20:30:00,0.18969823,0.3914638
2017-06-25 21:00:00,0.18969823,0.46271306
2017-06-25 21:30:00,0.18969823,0.47102904
2017-06-25 22:00:00,0.18969823,0.44430256
2017-06-25 22:30:00,0.18969823,0.47384
2017-06-25 23:00:00,0.18969823,0.4232507
2017-06-25 23:30:00,0.18969823,0.43323216
2017-06-26 00:00:00,0.18969823,0.3853257
2017-06-26 00:30:00,0.18969823,0.33898672
2017-06-26 01:00:00,0.18969823,0.3300151
2017-06-26 01:30:00,0.18969823,0.27516043
2017-06-26 02:00:00,0.18969823,0.33774707
2017-06-26 02:30:00,0.18969823,0.34351587
2017-06-26 03:00:00,0.18969823,0.3594847
2017-06-26 03:30:00,0.18969823,0.3518771
2017-06-26 04:00:00,0.18969823,0.38560453
2017-06-26 04:30:00,0.18969823,0.3626159
2017-06-26 05:00:00,0.18969823,0.3945008
2017-06-26 05:30:00,0.18969823,0.36162493
2017-06-26 06:00:00,0.18969823,0.46572748
2017-06-26 06:30:00,0.18969823,0.56139725
2017-06-26 07:00:00,0.18969823,0.57007116
2017-06-26 07:30:00,0.18969823,0.58191025
2017-06-26 08:00:00,0.18969823,0.61626697
2017-06-26 08:30:00,0.18969823,0.56414413
2017-06-26 09:00:00,0.18969823,0.56066626
2017-06-26 09:30:00,0.18969823,0.46614948
2017-06-26 10:00:00,0.18969823,0.343384
2017-06-26 10:30:00,0.18969823,0.29306224
2017-06-26 11:00:00,0.18969823,0.29221067
2017-06-26 11:30:00,0.18969823,0.24000116
2017-06-26 12:00:00,0.18969823,0.2508078
2017-06-26 12:30:00,0.18969823,0.24933451
2017-06-26 13:00:00,0.18969823,0.26241326
2017-06-26 13:30:00,0.18969823,0.27444452
2017-06-26 14:00:00,0.18969823,0.3830649
2017-06-26 14:30:00,0.18969823,0.45267132
2017-06-26 15:00:00,0.18969823,0.4683839
2017-06-26 15:30:00,0.18969823,0.5761113
2017-06-26 16:00:00,0.18969823,0.5990057
2017-06-26 16:30:00,0.18969823,0.57928395
2017-06-26 17:00:00,0.18969823,0.52315193
2017-06-26 17:30:00,0.18969823,0.50942886
2017-06-26 18:00:00,0.18969823,0.43943053
2017-06-26 18:30:00,0.18969823,0.3954089
2017-06-26 19:00:00,0.18969823,0.46430692
2017-06-26 19:30:00,0.18969823,0.47124383
2017-06-26 20:00:00,0.18969823,0.38143712
2017-06-26 20:30:00,0.18969823,0.30374455
2017-06-26 21:00:00,0.18969823,0.23425871
2017-06-26 21:30:00,0.18969823,0.27142635
2017-06-26 22:00:00,0.18969823,0.3047732
2017-06-26 22:30:00,0.18969823,0.20228715
2017-06-26 23:00:00,0.18969823,0.31374484
2017-06-26 23:30:00,0.18969823,0.3534182
2017-06-27 00:00:00,0.18969823,0.26595142
2017-06-27 00:30:00,0.18969823,0.32382804
2017-06-27 01:00:00,0.18969823,0.33058408
2017-06-27 01:30:00,0.18969823,0.29342398
2017-06-27 02:00:00,0.18969823,0.35723144
2017-06-27 02:30:00,0.18969823,0.34603667
2017-06-27 03:00:00,0.18969823,0.32189128
2017-06-27 03:30:00,0.18969823,0.33125103
2017-06-27 04:00:00,0.18969823,0.3351622
2017-06-27 04:30:00,0.18969823,0.3842292
2017-06-27 05:00:00,0.18969823,0.32747924
2017-06-27 05:30:00,0.18969823,0.340298
2017-06-27 06:00:00,0.18969823,0.36264607
2017-06-27 06:30:00,0.18969823,0.3408745
2017-06-27 07:00:00,0.18969823,0.3951489
2017-06-27 07:30:00,0.18969823,0.4350069
2017-06-27 08:00:00,0.18969823,0.42632917
2017-06-27 08:30:00,0.18969823,0.3396876
2017-06-27 09:00:00,0.18969823,0.28595954
2017-06-27 09:30:00,0.18969823,0.24036665
2017-06-27 10:00:00,0.18969823,0.111346275
2017-06-27 10:30:00,0.18969823,0.095294565
2017-06-27 11:00:00,0.18969823,0.09280391
2017-06-27 11:30:00,0.18969823,0.004202956
2017-06-27 12:00:00,0.18969823,-0.13902283
2017-06-27 12:30:00,0.18969823,-0.032991055
2017-06-27 13:00:00,0.18969823,-0.11666722
2017-06-27 13:30:00,0.18969823,-0.15581684
2017-06-27 14:00:00,0.18969823,-0.16352618
2017-06-27 14:30:00,0.18969823,-0.17063265
2017-06-27 15:00:00,0.18969823,-0.13607624
2017-06-27 15:30:00,0.18969823,-0.09438322
2017-06-27 16:00:00,0.18969823,0.00017872265
2017-06-27 16:30:00,0.18969823,0.06639017
2017-06-27 17:00:00,0.18969823,0.0971748
2017-06-27 17:30:00,0.18969823,0.15293378
2017-06-27 18:00:00,0.18969823,0.17684557
2017-06-27 18:30:00,0.18969823,0.19955912
2017-06-27 19:00:00,0.18969823,0.2578502
2017-06-27 19:30:00,0.18969823,0.32589668
2017-06-27 20:00:00,0.18969823,0.35660216
2017-06-27 20:30:00,0.18969823,0.36128205
2017-06-27 21:00:00,0.18969823,0.38202116
2017-06-27 21:30:00,0.18969823,0.32965714
2017-06-27 22:00:00,0.18969823,0.3430637
2017-06-27 22:30:00,0.18969823,0.37187392
2017-06-27 23:00:00,0.18969823,0.3535011
2017-06-27 23:30:00,0.18969823,0.35781172
2017-06-28 00:00:00,0.18969823,0.33354196
2017-06-28 00:30:00,0.18969823,0.3481769
2017-06-28 01:00:00,0.18969823,0.360016
2017-06-28 01:30:00,0.18969823,0.37881836
2017-06-28 02:00:00,0.18969823,0.414995
2017-06-28 02:30:00,0.18969823,0.4166793
2017-06-28 03:00:00,0.18969823,0.4072103
2017-06-28 03:30:00,0.18969823,0.36075827
2017-06-28 04:00:00,0.18969823,0.4081146
2017-06-28 04:30:00,0.18969823,0.4141359
2017-06-28 05:00:00,0.18969823,0.46424663
2017-06-28 05:30:00,0.18969823,0.50114304
2017-06-28 06:00:00,0.18969823,0.5385857
2017-06-28 06:30:00,0.18969823,0.57490176
2017-06-28 07:00:00,0.18969823,0.5973365
2017-06-28 07:30:00,0.18969823,0.61141
2017-06-28 08:00:00,0.18969823,0.6674968
2017-06-28 08:30:00,0.18969823,0.6413619
2017-06-28 09:00:00,0.18969823,0.594258
2017-06-28 09:30:00,0.18969823,0.51070243
2017-06-28 10:00:00,0.18969823,0.40740246
2017-06-28 10:30:00,0.18969823,0.32333443
2017-06-28 11:00:00,0.18969823,0.2686154
2017-06-28 11:30:00,0.18969823,0.32681984
2017-06-28 12:00:00,0.18969823,0.3817084
2017-06-28 12:30:00,0.18969823,0.40340084
2017-06-28 13:00:00,0.18969823,0.43047774
2017-06-28 13:30:00,0.18969823,0.37858096
2017-06-28 14:00:00,0.18969823,0.35694128
2017-06-28 14:30:00,0.18969823,0.38645235
2017-06-28 15:00:00,0.18969823,0.3390056
2017-06-28 15:30:00,0.18969823,0.30680794
2017-06-28 16:00:00,0.18969823,0.30034205
2017-06-28 16:30:00,0.18969823,0.32446107
2017-06-28 17:00:00,0.18969823,0.337261
2017-06-28 17:30:00,0.18969823,0.35306025
2017-06-28 18:00:00,0.18969823,0.3850657
2017-06-28 18:30:00,0.18969823,0.3954315
2017-06-28 19:00:00,0.18969823,0.44018036
2017-06-28 19:30:00,0.18969823,0.4333791
2017-06-28 20:00:00,0.18969823,0.44874883
2017-06-28 20:30:00,0.18969823,0.46089688
2017-06-28 21:00:00,0.18969823,0.48972213
2017-06-28 21:30:00,0.18969823,0.45490575
2017-06-28 22:00:00,0.18969823,0.43963403
2017-06-28 22:30:00,0.18969823,0.46814653
2017-06-28 23:00:00,0.18969823,0.4598569
2017-06-28 23:30:00,0.18969823,0.45497733
2017-06-29 00:00:00,0.18969823,0.39777145
2017-06-29 00:30:00,0.18969823,0.41182235
2017-06-29 01:00:00,0.18969823,0.39419183
2017-06-29 01:30:00,0.18969823,0.39172003
2017-06-29 02:00:00,0.18969823,0.3597447
2017-06-29 02:30:00,0.18969823,0.38863024
2017-06-29 03:00:00,0.18969823,0.4431232
2017-06-29 03:30:00,0.18969823,0.50310993
2017-06-29 04:00:00,0.18969823,0.5631795
2017-06-29 04:30:00,0.18969823,0.613456
2017-06-29 05:00:00,0.18969823,0.5792388
2017-06-29 05:30:00,0.18969823,0.56768984
2017-06-29 06:00:00,0.18969823,0.53518695
2017-06-29 06:30:00,0.18969823,0.5027406
2017-06-29 07:00:00,0.18969823,0.42446402
2017-06-29 07:30:00,0.18969823,0.38808012
2017-06-29 08:00:00,0.18969823,0.3356558
2017-06-29 08:30:00,0.18969823,0.23474102
2017-06-29 09:00:00,0.18969823,0.10425866
2017-06-29 09:30:00,0.18969823,-0.05705356
2017-06-29 10:00:00,0.18969823,-0.14949788
2017-06-29 10:30:00,0.18969823,-0.13645305
2017-06-29 11:00:00,0.18969823,-0.11003176
2017-06-29 11:30:00,0.18969823,-0.09356179
2017-06-29 12:00:00,0.18969823,-0.0631502
2017-06-29 12:30:00,0.18969823,-0.019162465
2017-06-29 13:00:00,0.18969823,-0.03858655
2017-06-29 13:30:00,0.18969823,0.07716667
2017-06-29 14:00:00,0.18969823,0.17683049
2017-06-29 14:30:00,0.18969823,0.2065563
2017-06-29 15:00:00,0.18969823,0.286521
2017-06-29 15:30:00,0.18969823,0.32116404
2017-06-29 16:00:00,0.18969823,0.33770937
2017-06-29 16:30:00,0.18969823,0.3229463
2017-06-29 17:00:00,0.18969823,0.33479294
2017-06-29 17:30:00,0.18969823,0.32383558
2017-06-29 18:00:00,0.18969823,0.36732593
2017-06-29 18:30:00,0.18969823,0.3450683
2017-06-29 19:00:00,0.18969823,0.34393036
2017-06-29 19:30:00,0.18969823,0.30911395
2017-06-29 20:00:00,0.18969823,0.35729927
2017-06-29 20:30:00,0.18969823,0.4024739
2017-06-29 21:00:00,0.18969823,0.41985196
2017-06-29 21:30:00,0.18969823,0.4078207
2017-06-29 22:00:00,0.18969823,0.5336157
2017-06-29 22:30:00,0.18969823,0.4496569
2017-06-29 23:00:00,0.18969823,0.46715555
2017-06-29 23:30:00,0.18969823,0.4580935
2017-06-30 00:00:00,0.18969823,0.37413096
2017-06-30 00:30:00,0.18969823,0.32844386
2017-06-30 01:00:00,0.18969823,0.33876818
2017-06-30 01:30:00,0.18969823,0.34427702
2017-06-30 02:00:00,0.18969823,0.41396633
2017-06-30 02:30:00,0.18969823,0.44028586
2017-06-30 03:00:00,0.18969823,0.5494376
2017-06-30 03:30:00,0.18969823,0.5942015
2017-06-30 04:00:00,0.18969823,0.6348734
2017-06-30 04:30:00,0.18969823,0.6663513
2017-06-30 05:00:00,0.18969823,0.65309924
2017-06-30 05:30:00,0.18969823,0.65750784
2017-06-30 06:00:00,0.18969823,0.66697305
2017-06-30 06:30:00,0.18969823,0.63680637
2017-06-30 07:00:00,0.18969823,0.6112141
2017-06-30 07:30:00,0.18969823,0.5406167
2017-06-30 08:00:00,0.18969823,0.4673138
2017-06-30 08:30:00,0.18969823,0.32769024
2017-06-30 09:00:00,0.18969823,0.3117704
2017-06-30 09:30:00,0.18969823,0.22203906
2017-06-30 10:00:00,0.18969823,0.2720104
2017-06-30 10:30:00,0.18969823,0.18112978
2017-06-30 11:00:00,0.18969823,0.2121405
2017-06-30 11:30:00,0.18969823,0.13325347
2017-06-30 12:00:00,0.18969823,0.12812898
2017-06-30 12:30:00,0.18969823,0.09179031
2017-06-30 13:00:00,0.18969823,0.16546617
2017-06-30 13:30:00,0.18969823,0.14618528
2017-06-30 14:00:00,0.18969823,0.10734089
2017-06-30 14:30:00,0.18969823,0.15395114
2017-06-30 15:00:00,0.18969823,0.21293555
2017-06-30 15:30:00,0.18969823,0.25257123
2017-06-30 16:00:00,0.18969823,0.3553135
2017-06-30 16:30:00,0.18969823,0.391087
2017-06-30 17:00:00,0.18969823,0.3574688
2017-06-30 17:30:00,0.18969823,0.3710751
2017-06-30 18:00:00,0.18969823,0.37532163
2017-06-30 18:30:00,0.18969823,0.36329794
2017-06-30 19:00:00,0.18969823,0.3607809
2017-06-30 19:30:00,0.18969823,0.38252607
2017-06-30 20:00:00,0.18969823,0.41562802
2017-06-30 20:30:00,0.18969823,0.35096523
2017-06-30 21:00:00,0.18969823,0.42199972
2017-06-30 21:30:00,0.18969823,0.42516863
2017-06-30 22:00:00,0.18969823,0.39487383
2017-06-30 22:30:00,0.18969823,0.4137817
2017-06-30 23:00:00,0.18969823,0.42890272
2017-06-30 23:30:00,0.18969823,0.3965619
2017-07-01 00:00:00,0.18969823,0.34447294
2017-07-01 00:30:00,0.18969823,0.30408368
2017-07-01 01:00:00,0.18969823,0.28854817
2017-07-01 01:30:00,0.18969823,0.2762155
2017-07-01 02:00:00,0.18969823,0.2911971
2017-07-01 02:30:00,0.18969823,0.384184
2017-07-01 03:00:00,0.18969823,0.4535342
2017-07-01 03:30:00,0.18969823,0.48286813
2017-07-01 04:00:00,0.18969823,0.56542146
2017-07-01 04:30:00,0.18969823,0.5342073
2017-07-01 05:00:00,0.18969823,0.5376663
2017-07-01 05:30:00,0.18969823,0.5029215
2017-07-01 06:00:00,0.18969823,0.4474941
2017-07-01 06:30:00,0.18969823,0.37239012
2017-07-01 07:00:00,0.18969823,0.34810156
2017-07-01 07:30:00,0.18969823,0.313255
2017-07-01 08:00:00,0.18969823,0.23725805
2017-07-01 08:30:00,0.18969823,0.14893593
2017-07-01 09:00:00,0.18969823,0.22389291
2017-07-01 09:30:00,0.18969823,0.07868895
2017-07-01 10:00:00,0.18969823,0.1611631
2017-07-01 10:30:00,0.18969823,0.20845915
2017-07-01 11:00:00,0.18969823,0.3026179
2017-07-01 11:30:00,0.18969823,0.35551322
2017-07-01 12:00:00,0.18969823,0.3491905
2017-07-01 12:30:00,0.18969823,0.22755542
2017-07-01 13:00:00,0.18969823,0.32422367
2017-07-01 13:30:00,0.18969823,0.36189246
2017-07-01 14:00:00,0.18969823,0.34473673
2017-07-01 14:30:00,0.18969823,0.37809867
2017-07-01 15:00:00,0.18969823,0.6094431
2017-07-01 15:30:00,0.18969823,0.5660432
2017-07-01 16:00:00,0.18969823,0.557
2017-07-01 16:30:00,0.18969823,0.5347122
2017-07-01 17:00:00,0.18969823,0.5240111
2017-07-01 17:30:00,0.18969823,0.50080764
2017-07-01 18:00:00,0.18969823,0.47062588
2017-07-01 18:30:00,0.18969823,0.42748973
2017-07-01 19:00:00,0.18969823,0.3584636
2017-07-01 19:30:00,0.18969823,0.35558105
2017-07-01 20:00:00,0.18969823,0.36677957
2017-07-01 20:30:00,0.18969823,0.42742944
2017-07-01 21:00:00,0.18969823,0.44296116
2017-07-01 21:30:00,0.18969823,0.46058038
2017-07-01 22:00:00,0.18969823,0.47712192
2017-07-01 22:30:00,0.18969823,0.45469475
2017-07-01 23:00:00,0.18969823,0.4401917
2017-07-01 23:30:00,0.18969823,0.5281596
2017-07-02 00:00:00,0.18969823,0.43170613
2017-07-02 00:30:00,0.18969823,0.382771
2017-07-02 01:00:00,0.18969823,0.38200608
2017-07-02 01:30:00,0.18969823,0.30507842
2017-07-02 02:00:00,0.18969823,0.23927392
2017-07-02 02:30:00,0.18969823,0.21803366
2017-07-02 03:00:00,0.18969823,0.23867482
2017-07-02 03:30:00,0.18969823,0.33381325
2017-07-02 04:00:00,0.18969823,0.41839376
2017-07-02 04:30:00,0.18969823,0.42060933
2017-07-02 05:00:00,0.18969823,0.49524608
2017-07-02 05:30:00,0.18969823,0.47085196
2017-07-02 06:00:00,0.18969823,0.4222145
2017-07-02 06:30:00,0.18969823,0.36933428
2017-07-02 07:00:00,0.18969823,0.38210782
2017-07-02 07:30:00,0.18969823,0.3509577
2017-07-02 08:00:00,0.18969823,0.27757198
2017-07-02 08:30:00,0.18969823,0.27247384
2017-07-02 09:00:00,0.18969823,0.26069883
2017-07-02 09:30:00,0.18969823,0.28237617
2017-07-02 10:00:00,0.18969823,0.2587093
2017-07-02 10:30:00,0.18969823,0.31306285
2017-07-02 11:00:00,0.18969823,0.32030118
2017-07-02 11:30:00,0.18969823,0.31808558
2017-07-02 12:00:00,0.18969823,0.30132926
2017-07-02 12:30:00,0.18969823,0.17605428
2017-07-02 13:00:00,0.18969823,0.21220079
2017-07-02 13:30:00,0.18969823,0.12963618
2017-07-02 14:00:00,0.18969823,0.044528183
2017-07-02 14:30:00,0.18969823,0.06089641
2017-07-02 15:00:00,0.18969823,0.047079124
2017-07-02 15:30:00,0.18969823,0.18723395
2017-07-02 16:00:00,0.18969823,0.25532565
2017-07-02 16:30:00,0.18969823,0.32369992
2017-07-02 17:00:00,0.18969823,0.45801812
2017-07-02 17:30:00,0.18969823,0.5043571
2017-07-02 18:00:00,0.18969823,0.50382584
2017-07-02 18:30:00,0.18969823,0.60079175
2017-07-02 19:00:00,0.18969823,0.5262003
2017-07-02 19:30:00,0.18969823,0.63201725
2017-07-02 20:00:00,0.18969823,0.63201725
2017-07-02 20:30:00,0.18969823,0.58353055
2017-07-02 21:00:00,0.18969823,0.6831906
2017-07-02 21:30:00,0.18969823,0.5510842
2017-07-02 22:00:00,0.18969823,0.5073376
2017-07-02 22:30:00,0.18969823,0.44311565
2017-07-02 23:00:00,0.18969823,0.43450952
2017-07-02 23:30:00,0.18969823,0.4488242
2017-07-03 00:00:00,0.18969823,0.466888
2017-07-03 00:30:00,0.18969823,0.43953604
2017-07-03 01:00:00,0.18969823,0.44280666
2017-07-03 01:30:00,0.18969823,0.44513154
2017-07-03 02:00:00,0.18969823,0.3897418
2017-07-03 02:30:00,0.18969823,0.43572658
2017-07-03 03:00:00,0.18969823,0.3944405
2017-07-03 03:30:00,0.18969823,0.4215589
2017-07-03 04:00:00,0.18969823,0.46616456
2017-07-03 04:30:00,0.18969823,0.46869665
2017-07-03 05:00:00,0.18969823,0.4769863
2017-07-03 05:30:00,0.18969823,0.39495674
2017-07-03 06:00:00,0.18969823,0.39552948
2017-07-03 06:30:00,0.18969823,0.46006414
2017-07-03 07:00:00,0.18969823,0.43770856
2017-07-03 07:30:00,0.18969823,0.4251121
2017-07-03 08:00:00,0.18969823,0.49752197
2017-07-03 08:30:00,0.18969823,0.5306314
2017-07-03 09:00:00,0.18969823,0.5380356
2017-07-03 09:30:00,0.18969823,0.39779782
2017-07-03 10:00:00,0.18969823,0.37644452
2017-07-03 10:30:00,0.18969823,0.32693663
2017-07-03 11:00:00,0.18969823,0.29004785
2017-07-03 11:30:00,0.18969823,0.17734294
2017-07-03 12:00:00,0.18969823,0.08312389
2017-07-03 12:30:00,0.18969823,0.059317615
2017-07-03 13:00:00,0.18969823,0.12820435
2017-07-03 13:30:00,0.18969823,0.20821424
2017-07-03 14:00:00,0.18969823,0.32699317
2017-07-03 14:30:00,0.18969823,0.2895015
2017-07-03 15:00:00,0.18969823,0.26282775
2017-07-03 15:30:00,0.18969823,0.2122686
2017-07-03 16:00:00,0.18969823,0.20748323
2017-07-03 16:30:00,0.18969823,0.28863108
2017-07-03 17:00:00,0.18969823,0.23075446
2017-07-03 17:30:00,0.18969823,0.22779657
2017-07-03 18:00:00,0.18969823,0.28411323
2017-07-03 18:30:00,0.18969823,0.29537204
2017-07-03 19:00:00,0.18969823,0.4344643
2017-07-03 19:30:00,0.18969823,0.41413212
2017-07-03 20:00:00,0.18969823,0.46362868
2017-07-03 20:30:00,0.18969823,0.5378321
2017-07-03 21:00:00,0.18969823,0.60311663
2017-07-03 21:30:00,0.18969823,0.651886
2017-07-03 22:00:00,0.18969823,0.5621169
2017-07-03 22:30:00,0.18969823,0.6184976
2017-07-03 23:00:00,0.18969823,0.64705914
2017-07-03 23:30:00,0.18969823,0.58019584
2017-07-04 00:00:00,0.18969823,0.5079028
2017-07-04 00:30:00,0.18969823,0.5652858
2017-07-04 01:00:00,0.18969823,0.4842962
2017-07-04 01:30:00,0.18969823,0.50230354
2017-07-04 02:00:00,0.18969823,0.51553303
2017-07-04 02:30:00,0.18969823,0.45220032
2017-07-04 03:00:00,0.18969823,0.35754418
2017-07-04 03:30:00,0.18969823,0.31447962
2017-07-04 04:00:00,0.18969823,0.29273444
2017-07-04 04:30:00,0.18969823,0.30382743
2017-07-04 05:00:00,0.18969823,0.301642
2017-07-04 05:30:00,0.18969823,0.3940298
2017-07-04 06:00:00,0.18969823,0.3281085
2017-07-04 06:30:00,0.18969823,0.28231212
2017-07-04 07:00:00,0.18969823,0.32221532
2017-07-04 07:30:00,0.18969823,0.3099467
2017-07-04 08:00:00,0.18969823,0.32866615
2017-07-04 08:30:00,0.18969823,0.27883425
2017-07-04 09:00:00,0.18969823,0.2548245
2017-07-04 09:30:00,0.18969823,0.195192
2017-07-04 10:00:00,0.18969823,0.122612625
2017-07-04 10:30:00,0.18969823,0.039147466
2017-07-04 11:00:00,0.18969823,0.06391835
2017-07-04 11:30:00,0.18969823,0.1115083
2017-07-04 12:00:00,0.18969823,0.108663455
2017-07-04 12:30:00,0.18969823,0.013223568
2017-07-04 13:00:00,0.18969823,-0.08912308
2017-07-04 13:30:00,0.18969823,-0.10101114
2017-07-04 14:00:00,0.18969823,-0.05642053
2017-07-04 14:30:00,0.18969823,-0.20267956
2017-07-04 15:00:00,0.18969823,-0.12648666
2017-07-04 15:30:00,0.18969823,-0.098283105
2017-07-04 16:00:00,0.18969823,-0.0011589203
2017-07-04 16:30:00,0.18969823,0.11371636
2017-07-04 17:00:00,0.18969823,0.18173644
2017-07-04 17:30:00,0.18969823,0.23303787
2017-07-04 18:00:00,0.18969823,0.29788154
2017-07-04 18:30:00,0.18969823,0.34684303
2017-07-04 19:00:00,0.18969823,0.2957639
2017-07-04 19:30:00,0.18969823,0.3045283
2017-07-04 20:00:00,0.18969823,0.26274484
2017-07-04 20:30:00,0.18969823,0.29977685
2017-07-04 21:00:00,0.18969823,0.29832616
2017-07-04 21:30:00,0.18969823,0.30730155
2017-07-04 22:00:00,0.18969823,0.32574973
2017-07-04 22:30:00,0.18969823,0.35319212
2017-07-04 23:00:00,0.18969823,0.44221887
2017-07-04 23:30:00,0.18969823,0.4251121
2017-07-05 00:00:00,0.18969823,0.3858947
2017-07-05 00:30:00,0.18969823,0.3605548
2017-07-05 01:00:00,0.18969823,0.36795142
2017-07-05 01:30:00,0.18969823,0.3414397
2017-07-05 02:00:00,0.18969823,0.41315246
2017-07-05 02:30:00,0.18969823,0.36780822
2017-07-05 03:00:00,0.18969823,0.40696913
2017-07-05 03:30:00,0.18969823,0.45177454
2017-07-05 04:00:00,0.18969823,0.47925085
2017-07-05 04:30:00,0.18969823,0.48065254
2017-07-05 05:00:00,0.18969823,0.43705294
2017-07-05 05:30:00,0.18969823,0.42648366
2017-07-05 06:00:00,0.18969823,0.4791416
2017-07-05 06:30:00,0.18969823,0.5154803
2017-07-05 07:00:00,0.18969823,0.5511859
2017-07-05 07:30:00,0.18969823,0.49995232
2017-07-05 08:00:00,0.18969823,0.47839174
2017-07-05 08:30:00,0.18969823,0.37858474
2017-07-05 09:00:00,0.18969823,0.3653967
2017-07-05 09:30:00,0.18969823,0.2858955
2017-07-05 10:00:00,0.18969823,0.26028058
2017-07-05 10:30:00,0.18969823,0.23235963
2017-07-05 11:00:00,0.18969823,0.19177064
2017-07-05 11:30:00,0.18969823,0.13534848
2017-07-05 12:00:00,0.18969823,0.09642873
2017-07-05 12:30:00,0.18969823,0.125676
2017-07-05 13:00:00,0.18969823,0.13369434
2017-07-05 13:30:00,0.18969823,0.16787393
2017-07-05 14:00:00,0.18969823,0.14448968
2017-07-05 14:30:00,0.18969823,0.14199525
2017-07-05 15:00:00,0.18969823,0.24965101
2017-07-05 15:30:00,0.18969823,0.26314425
2017-07-05 16:00:00,0.18969823,0.32015046
2017-07-05 16:30:00,0.18969823,0.38636568
2017-07-05 17:00:00,0.18969823,0.45013922
2017-07-05 17:30:00,0.18969823,0.480694
2017-07-05 18:00:00,0.18969823,0.44017282
2017-07-05 18:30:00,0.18969823,0.49310583
2017-07-05 19:00:00,0.18969823,0.53127575
2017-07-05 19:30:00,0.18969823,0.5455754
2017-07-05 20:00:00,0.18969823,0.5684585
2017-07-05 20:30:00,0.18969823,0.639493
2017-07-05 21:00:00,0.18969823,0.6208451
2017-07-05 21:30:00,0.18969823,0.64830256
2017-07-05 22:00:00,0.18969823,0.60969555
2017-07-05 22:30:00,0.18969823,0.59079903
2017-07-05 23:00:00,0.18969823,0.6125894
2017-07-05 23:30:00,0.18969823,0.5466756
2017-07-06 00:00:00,0.18969823,0.5455189
2017-07-06 00:30:00,0.18969823,0.5082043
2017-07-06 01:00:00,0.18969823,0.54541713
2017-07-06 01:30:00,0.18969823,0.5625201
2017-07-06 02:00:00,0.18969823,0.5572373
2017-07-06 02:30:00,0.18969823,0.5603347
2017-07-06 03:00:00,0.18969823,0.5777617
2017-07-06 03:30:00,0.18969823,0.47928476
2017-07-06 04:00:00,0.18969823,0.46379825
2017-07-06 04:30:00,0.18969823,0.38660306
2017-07-06 05:00:00,0.18969823,0.4680335
2017-07-06 05:30:00,0.18969823,0.4794091
2017-07-06 06:00:00,0.18969823,0.45629615
2017-07-06 06:30:00,0.18969823,0.45254698
2017-07-06 07:00:00,0.18969823,0.42736536
2017-07-06 07:30:00,0.18969823,0.36119914
2017-07-06 08:00:00,0.18969823,0.33233243
2017-07-06 08:30:00,0.18969823,0.31269357
2017-07-06 09:00:00,0.18969823,0.41304317
2017-07-06 09:30:00,0.18969823,0.34931862
2017-07-06 10:00:00,0.18969823,0.21774353
2017-07-06 10:30:00,0.18969823,0.22465028
2017-07-06 11:00:00,0.18969823,0.15162627
2017-07-06 11:30:00,0.18969823,0.033721533
2017-07-06 12:00:00,0.18969823,-0.013156259
2017-07-06 12:30:00,0.18969823,0.045733947
2017-07-06 13:00:00,0.18969823,-0.039671734
2017-07-06 13:30:00,0.18969823,-0.2089759
2017-07-06 14:00:00,0.18969823,-0.27036053
2017-07-06 14:30:00,0.18969823,-0.2792455
2017-07-06 15:00:00,0.18969823,-0.1812019
2017-07-06 15:30:00,0.18969823,-0.14938484
2017-07-06 16:00:00,0.18969823,-0.09481277
2017-07-06 16:30:00,0.18969823,-0.0065999245
2017-07-06 17:00:00,0.18969823,0.11550993
2017-07-06 17:30:00,0.18969823,0.19171412
2017-07-06 18:00:00,0.18969823,0.16846551
2017-07-06 18:30:00,0.18969823,0.22267208
2017-07-06 19:00:00,0.18969823,0.2757558
2017-07-06 19:30:00,0.18969823,0.32179707
2017-07-06 20:00:00,0.18969823,0.2974708
2017-07-06 20:30:00,0.18969823,0.3492998
2017-07-06 21:00:00,0.18969823,0.2509472
2017-07-06 21:30:00,0.18969823,0.32529002
2017-07-06 22:00:00,0.18969823,0.30016494
2017-07-06 22:30:00,0.18969823,0.23462798
2017-07-06 23:00:00,0.18969823,0.21359871
2017-07-06 23:30:00,0.18969823,0.15360825
2017-07-07 00:00:00,0.18969823,0.24626358
2017-07-07 00:30:00,0.18969823,0.3329391
2017-07-07 01:00:00,0.18969823,0.39464775
2017-07-07 01:30:00,0.18969823,0.39757174
2017-07-07 02:00:00,0.18969823,0.42115194
2017-07-07 02:30:00,0.18969823,0.4283639
2017-07-07 03:00:00,0.18969823,0.38766187
2017-07-07 03:30:00,0.18969823,0.4216644
2017-07-07 04:00:00,0.18969823,0.4266683
2017-07-07 04:30:00,0.18969823,0.37490717
2017-07-07 05:00:00,0.18969823,0.38338518
2017-07-07 05:30:00,0.18969823,0.42998415
2017-07-07 06:00:00,0.18969823,0.27926004
2017-07-07 06:30:00,0.18969823,0.20141675
2017-07-07 07:00:00,0.18969823,0.21133414
2017-07-07 07:30:00,0.18969823,0.18614501
2017-07-07 08:00:00,0.18969823,0.2559436
2017-07-07 08:30:00,0.18969823,0.2953193
2017-07-07 09:00:00,0.18969823,0.2551636
2017-07-07 09:30:00,0.18969823,0.25304976
2017-07-07 10:00:00,0.18969823,0.22630444
2017-07-07 10:30:00,0.18969823,0.10130454
2017-07-07 11:00:00,0.18969823,0.15630615
2017-07-07 11:30:00,0.18969823,0.19131471
2017-07-07 12:00:00,0.18969823,0.13942924
2017-07-07 12:30:00,0.18969823,0.11670438
2017-07-07 13:00:00,0.18969823,0.21807888
2017-07-07 13:30:00,0.18969823,0.38494137
2017-07-07 14:00:00,0.18969823,0.42675495
2017-07-07 14:30:00,0.18969823,0.4517783
2017-07-07 15:00:00,0.18969823,0.5073602
2017-07-07 15:30:00,0.18969823,0.5123792
2017-07-07 16:00:00,0.18969823,0.56501454
2017-07-07 16:30:00,0.18969823,0.59432584
2017-07-07 17:00:00,0.18969823,0.62632
2017-07-07 17:30:00,0.18969823,0.60356504
2017-07-07 18:00:00,0.18969823,0.61940575
2017-07-07 18:30:00,0.18969823,0.66206336
2017-07-07 19:00:00,0.18969823,0.67253464
2017-07-07 19:30:00,0.18969823,0.6686649
2017-07-07 20:00:00,0.18969823,0.6297376
2017-07-07 20:30:00,0.18969823,0.5935421
2017-07-07 21:00:00,0.18969823,0.54917383
2017-07-07 21:30:00,0.18969823,0.5891185
2017-07-07 22:00:00,0.18969823,0.5802486
2017-07-07 22:30:00,0.18969823,0.5535221
2017-07-07 23:00:00,0.18969823,0.54583913
2017-07-07 23:30:00,0.18969823,0.5312155
2017-07-08 00:00:00,0.18969823,0.47954476
2017-07-08 00:30:00,0.18969823,0.39130175
2017-07-08 01:00:00,0.18969823,0.39619264
2017-07-08 01:30:00,0.18969823,0.36538163
2017-07-08 02:00:00,0.18969823,0.35995194
2017-07-08 02:30:00,0.18969823,0.40118903
2017-07-08 03:00:00,0.18969823,0.4366347
2017-07-08 03:30:00,0.18969823,0.47422433
2017-07-08 04:00:00,0.18969823,0.5024618
2017-07-08 04:30:00,0.18969823,0.47501937
2017-07-08 05:00:00,0.18969823,0.52892077
2017-07-08 05:30:00,0.18969823,0.5593851
2017-07-08 06:00:00,0.18969823,0.5582698
2017-07-08 06:30:00,0.18969823,0.5793292
2017-07-08 07:00:00,0.18969823,0.55153257
2017-07-08 07:30:00,0.18969823,0.56331515
2017-07-08 08:00:00,0.18969823,0.54276067
2017-07-08 08:30:00,0.18969823,0.48497823
2017-07-08 09:00:00,0.18969823,0.53007376
2017-07-08 09:30:00,0.18969823,0.5021566
2017-07-08 10:00:00,0.18969823,0.5538386
2017-07-08 10:30:00,0.18969823,0.47106296
2017-07-08 11:00:00,0.18969823,0.37794417
2017-07-08 11:30:00,0.18969823,0.4071161
2017-07-08 12:00:00,0.18969823,0.26507348
2017-07-08 12:30:00,0.18969823,0.23181327
2017-07-08 13:00:00,0.18969823,0.32840994
2017-07-08 13:30:00,0.18969823,0.4287068
2017-07-08 14:00:00,0.18969823,0.4274558
2017-07-08 14:30:00,0.18969823,0.39619264
2017-07-08 15:00:00,0.18969823,0.35904008
2017-07-08 15:30:00,0.18969823,0.37810996
2017-07-08 16:00:00,0.18969823,0.3621562
2017-07-08 16:30:00,0.18969823,0.3818855
2017-07-08 17:00:00,0.18969823,0.41082758
2017-07-08 17:30:00,0.18969823,0.41129482
2017-07-08 18:00:00,0.18969823,0.4028055
2017-07-08 18:30:00,0.18969823,0.34036958
2017-07-08 19:00:00,0.18969823,0.3882007
2017-07-08 19:30:00,0.18969823,0.46388113
2017-07-08 20:00:00,0.18969823,0.6062516
2017-07-08 20:30:00,0.18969823,0.6170997
2017-07-08 21:00:00,0.18969823,0.6960734
2017-07-08 21:30:00,0.18969823,0.6340633
2017-07-08 22:00:00,0.18969823,0.58353806
2017-07-08 22:30:00,0.18969823,0.55130273
2017-07-08 23:00:00,0.18969823,0.5745137
2017-07-08 23:30:00,0.18969823,0.6051815
2017-07-09 00:00:00,0.18969823,0.63788027
2017-07-09 00:30:00,0.18969823,0.6320775
2017-07-09 01:00:00,0.18969823,0.53814864
2017-07-09 01:30:00,0.18969823,0.48395333
2017-07-09 02:00:00,0.18969823,0.4899972
2017-07-09 02:30:00,0.18969823,0.46800333
2017-07-09 03:00:00,0.18969823,0.48241597
2017-07-09 03:30:00,0.18969823,0.4691865
2017-07-09 04:00:00,0.18969823,0.44822508
2017-07-09 04:30:00,0.18969823,0.41073337
2017-07-09 05:00:00,0.18969823,0.36886328
2017-07-09 05:30:00,0.18969823,0.35320345
2017-07-09 06:00:00,0.18969823,0.4029826
2017-07-09 06:30:00,0.18969823,0.41180727
2017-07-09 07:00:00,0.18969823,0.36786476
2017-07-09 07:30:00,0.18969823,0.39355126
2017-07-09 08:00:00,0.18969823,0.39747
2017-07-09 08:30:00,0.18969823,0.35308287
2017-07-09 09:00:00,0.18969823,0.40540543
2017-07-09 09:30:00,0.18969823,0.3392015
2017-07-09 10:00:00,0.18969823,0.32264864
2017-07-09 10:30:00,0.18969823,0.2574244
2017-07-09 11:00:00,0.18969823,0.28446364
2017-07-09 11:30:00,0.18969823,0.23150052
2017-07-09 12:00:00,0.18969823,0.24716038
2017-07-09 12:30:00,0.18969823,0.19392972
2017-07-09 13:00:00,0.18969823,0.03412848
2017-07-09 13:30:00,0.18969823,0.00041610718
2017-07-09 14:00:00,0.18969823,-0.059284218
2017-07-09 14:30:00,0.18969823,-0.04174791
2017-07-09 15:00:00,0.18969823,-0.0802984
2017-07-09 15:30:00,0.18969823,-0.02280236
2017-07-09 16:00:00,0.18969823,0.03870284
2017-07-09 16:30:00,0.18969823,0.011241596
2017-07-09 17:00:00,0.18969823,0.098207235
2017-07-09 17:30:00,0.18969823,0.06302157
2017-07-09 18:00:00,0.18969823,0.15968981
2017-07-09 18:30:00,0.18969823,0.14572935
2017-07-09 19:00:00,0.18969823,0.13563108
2017-07-09 19:30:00,0.18969823,0.22705427
2017-07-09 20:00:00,0.18969823,0.23608996
2017-07-09 20:30:00,0.18969823,0.3671526
2017-07-09 21:00:00,0.18969823,0.3536782
2017-07-09 21:30:00,0.18969823,0.4624154
2017-07-09 22:00:00,0.18969823,0.39248493
2017-07-09 22:30:00,0.18969823,0.5081402
2017-07-09 23:00:00,0.18969823,0.5339963
2017-07-09 23:30:00,0.18969823,0.5070512
2017-07-10 00:00:00,0.18969823,0.46978185
2017-07-10 00:30:00,0.18969823,0.4344153
2017-07-10 01:00:00,0.18969823,0.44802913
2017-07-10 01:30:00,0.18969823,0.34978583
2017-07-10 02:00:00,0.18969823,0.39098904
2017-07-10 02:30:00,0.18969823,0.37018585
2017-07-10 03:00:00,0.18969823,0.43813434
2017-07-10 03:30:00,0.18969823,0.37535554
2017-07-10 04:00:00,0.18969823,0.4093091
2017-07-10 04:30:00,0.18969823,0.37989223
2017-07-10 05:00:00,0.18969823,0.3439982
2017-07-10 05:30:00,0.18969823,0.27025074
2017-07-10 06:00:00,0.18969823,0.32071942
2017-07-10 06:30:00,0.18969823,0.3462213
2017-07-10 07:00:00,0.18969823,0.3402415
2017-07-10 07:30:00,0.18969823,0.36851284
2017-07-10 08:00:00,0.18969823,0.37953803
2017-07-10 08:30:00,0.18969823,0.3960306
2017-07-10 09:00:00,0.18969823,0.4440539
2017-07-10 09:30:00,0.18969823,0.416148
2017-07-10 10:00:00,0.18969823,0.4273503
2017-07-10 10:30:00,0.18969823,0.37753347
2017-07-10 11:00:00,0.18969823,0.3694624
2017-07-10 11:30:00,0.18969823,0.2882279
2017-07-10 12:00:00,0.18969823,0.24847163
2017-07-10 12:30:00,0.18969823,0.21594995
2017-07-10 13:00:00,0.18969823,0.1082226
2017-07-10 13:30:00,0.18969823,0.04144972
2017-07-10 14:00:00,0.18969823,-0.034162905
2017-07-10 14:30:00,0.18969823,0.04756143
2017-07-10 15:00:00,0.18969823,-0.030040706
2017-07-10 15:30:00,0.18969823,-0.0043541915
2017-07-10 16:00:00,0.18969823,0.0875287
2017-07-10 16:30:00,0.18969823,0.20180485
2017-07-10 17:00:00,0.18969823,0.28087652
2017-07-10 17:30:00,0.18969823,0.32432166
2017-07-10 18:00:00,0.18969823,0.2890305
2017-07-10 18:30:00,0.18969823,0.30508974
2017-07-10 19:00:00,0.18969823,0.30176258
2017-07-10 19:30:00,0.18969823,0.25868294
2017-07-10 20:00:00,0.18969823,0.28779456
2017-07-10 20:30:00,0.18969823,0.22072779
2017-07-10 21:00:00,0.18969823,0.18158194
2017-07-10 21:30:00,0.18969823,0.21884756
2017-07-10 22:00:00,0.18969823,0.22654183
2017-07-10 22:30:00,0.18969823,0.24310976
2017-07-10 23:00:00,0.18969823,0.19863595
2017-07-10 23:30:00,0.18969823,0.22823367
2017-07-11 00:00:00,0.18969823,0.27993828
2017-07-11 00:30:00,0.18969823,0.28507406
2017-07-11 01:00:00,0.18969823,0.3444541
2017-07-11 01:30:00,0.18969823,0.40668654
2017-07-11 02:00:00,0.18969823,0.4077642
2017-07-11 02:30:00,0.18969823,0.4079187
2017-07-11 03:00:00,0.18969823,0.43018007
2017-07-11 03:30:00,0.18969823,0.38881487
2017-07-11 04:00:00,0.18969823,0.44520313
2017-07-11 04:30:00,0.18969823,0.55414003
2017-07-11 05:00:00,0.18969823,0.57051957
2017-07-11 05:30:00,0.18969823,0.6619164
2017-07-11 06:00:00,0.18969823,0.5968203
2017-07-11 06:30:00,0.18969823,0.5015613
2017-07-11 07:00:00,0.18969823,0.45596078
2017-07-11 07:30:00,0.18969823,0.3924284
2017-07-11 08:00:00,0.18969823,0.2734912
2017-07-11 08:30:00,0.18969823,0.103003904
2017-07-11 09:00:00,0.18969823,0.0659154
2017-07-11 09:30:00,0.18969823,0.025100332
2017-07-11 10:00:00,0.18969823,-0.019610858
2017-07-11 10:30:00,0.18969823,0.09341056
2017-07-11 11:00:00,0.18969823,0.09251
2017-07-11 11:30:00,0.18969823,0.19922753
2017-07-11 12:00:00,0.18969823,0.27570304
2017-07-11 12:30:00,0.18969823,0.2878473
2017-07-11 13:00:00,0.18969823,0.26770356
2017-07-11 13:30:00,0.18969823,0.479914
2017-07-11 14:00:00,0.18969823,0.4044182
2017-07-11 14:30:00,0.18969823,0.33556914
2017-07-11 15:00:00,0.18969823,0.303737
2017-07-11 15:30:00,0.18969823,0.24653488
2017-07-11 16:00:00,0.18969823,0.34287155
2017-07-11 16:30:00,0.18969823,0.3793195
2017-07-11 17:00:00,0.18969823,0.34140202
2017-07-11 17:30:00,0.18969823,0.391347
2017-07-11 18:00:00,0.18969823,0.39086092
2017-07-11 18:30:00,0.18969823,0.41360837
2017-07-11 19:00:00,0.18969823,0.4120371
2017-07-11 19:30:00,0.18969823,0.36995223
2017-07-11 20:00:00,0.18969823,0.37740535
2017-07-11 20:30:00,0.18969823,0.36096552
2017-07-11 21:00:00,0.18969823,0.39622277
2017-07-11 21:30:00,0.18969823,0.46718946
2017-07-11 22:00:00,0.18969823,0.42066208
2017-07-11 22:30:00,0.18969823,0.44401997
2017-07-11 23:00:00,0.18969823,0.46060675
2017-07-11 23:30:00,0.18969823,0.47487995
2017-07-12 00:00:00,0.18969823,0.42837143
2017-07-12 00:30:00,0.18969823,0.40125307
2017-07-12 01:00:00,0.18969823,0.40638888
2017-07-12 01:30:00,0.18969823,0.4023232
2017-07-12 02:00:00,0.18969823,0.44435534
2017-07-12 02:30:00,0.18969823,0.41725957
2017-07-12 03:00:00,0.18969823,0.42456198
2017-07-12 03:30:00,0.18969823,0.43165714
2017-07-12 04:00:00,0.18969823,0.40323505
2017-07-12 04:30:00,0.18969823,0.38303098
2017-07-12 05:00:00,0.18969823,0.34402078
2017-07-12 05:30:00,0.18969823,0.34257764
2017-07-12 06:00:00,0.18969823,0.31327385
2017-07-12 06:30:00,0.18969823,0.31681576
2017-07-12 07:00:00,0.18969823,0.30187938
2017-07-12 07:30:00,0.18969823,0.28768906
2017-07-12 08:00:00,0.18969823,0.24471116
2017-07-12 08:30:00,0.18969823,0.21497405
2017-07-12 09:00:00,0.18969823,0.103964746
2017-07-12 09:30:00,0.18969823,0.08228739
2017-07-12 10:00:00,0.18969823,0.06401256
2017-07-12 10:30:00,0.18969823,0.06951385
2017-07-12 11:00:00,0.18969823,0.09547919
2017-07-12 11:30:00,0.18969823,0.08530557
2017-07-12 12:00:00,0.18969823,0.07061411
2017-07-12 12:30:00,0.18969823,0.17956983
2017-07-12 13:00:00,0.18969823,0.14291088
2017-07-12 13:30:00,0.18969823,0.1692907
2017-07-12 14:00:00,0.18969823,0.14412418
2017-07-12 14:30:00,0.18969823,0.077765785
2017-07-12 15:00:00,0.18969823,0.09615743
2017-07-12 15:30:00,0.18969823,0.10367838
2017-07-12 16:00:00,0.18969823,0.08088193
2017-07-12 16:30:00,0.18969823,0.09258159
2017-07-12 17:00:00,0.18969823,0.14092514
2017-07-12 17:30:00,0.18969823,0.1103892
2017-07-12 18:00:00,0.18969823,0.15057501
2017-07-12 18:30:00,0.18969823,0.20995505
2017-07-12 19:00:00,0.18969823,0.22108199
2017-07-12 19:30:00,0.18969823,0.21777743
2017-07-12 20:00:00,0.18969823,0.23783454
2017-07-12 20:30:00,0.18969823,0.2808991
2017-07-12 21:00:00,0.18969823,0.29677752
2017-07-12 21:30:00,0.18969823,0.32304052
2017-07-12 22:00:00,0.18969823,0.3403357
2017-07-12 22:30:00,0.18969823,0.30542886
2017-07-12 23:00:00,0.18969823,0.30985627
2017-07-12 23:30:00,0.18969823,0.3067778
2017-07-13 00:00:00,0.18969823,0.35912296
2017-07-13 00:30:00,0.18969823,0.41386837
2017-07-13 01:00:00,0.18969823,0.40445966
2017-07-13 01:30:00,0.18969823,0.36921746
2017-07-13 02:00:00,0.18969823,0.36456022
2017-07-13 02:30:00,0.18969823,0.35653812
2017-07-13 03:00:00,0.18969823,0.34168464
2017-07-13 03:30:00,0.18969823,0.3669077
2017-07-13 04:00:00,0.18969823,0.35796997
2017-07-13 04:30:00,0.18969823,0.39865315
2017-07-13 05:00:00,0.18969823,0.44710973
2017-07-13 05:30:00,0.18969823,0.47158295
2017-07-13 06:00:00,0.18969823,0.5198813
2017-07-13 06:30:00,0.18969823,0.5412346
2017-07-13 07:00:00,0.18969823,0.61893094
2017-07-13 07:30:00,0.18969823,0.6100498
2017-07-13 08:00:00,0.18969823,0.61895734
2017-07-13 08:30:00,0.18969823,0.5344522
2017-07-13 09:00:00,0.18969823,0.4493517
2017-07-13 09:30:00,0.18969823,0.29342398
2017-07-13 10:00:00,0.18969823,0.14428997
2017-07-13 10:30:00,0.18969823,0.1331216
2017-07-13 11:00:00,0.18969823,0.11126715
2017-07-13 11:30:00,0.18969823,0.12212278
2017-07-13 12:00:00,0.18969823,0.022364756
2017-07-13 12:30:00,0.18969823,0.076477125
2017-07-13 13:00:00,0.18969823,0.17585458
2017-07-13 13:30:00,0.18969823,0.27191997
2017-07-13 14:00:00,0.18969823,0.28483292
2017-07-13 14:30:00,0.18969823,0.47550544
2017-07-13 15:00:00,0.18969823,0.4945716
2017-07-13 15:30:00,0.18969823,0.52919585
2017-07-13 16:00:00,0.18969823,0.52946335
2017-07-13 16:30:00,0.18969823,0.5116444
2017-07-13 17:00:00,0.18969823,0.4638623
2017-07-13 17:30:00,0.18969823,0.44861317
2017-07-13 18:00:00,0.18969823,0.37931195
2017-07-13 18:30:00,0.18969823,0.43662715
2017-07-13 19:00:00,0.18969823,0.51204765
2017-07-13 19:30:00,0.18969823,0.4554785
2017-07-13 20:00:00,0.18969823,0.57874894
2017-07-13 20:30:00,0.18969823,0.62371635
2017-07-13 21:00:00,0.18969823,0.63073987
2017-07-13 21:30:00,0.18969823,0.7739054
2017-07-13 22:00:00,0.18969823,0.735385
2017-07-13 22:30:00,0.18969823,0.75204337
2017-07-13 23:00:00,0.18969823,0.7362592
2017-07-13 23:30:00,0.18969823,0.6410944
2017-07-14 00:00:00,0.18969823,0.58313113
2017-07-14 00:30:00,0.18969823,0.544656
2017-07-14 01:00:00,0.18969823,0.59233636
2017-07-14 01:30:00,0.18969823,0.61570555
2017-07-14 02:00:00,0.18969823,0.6825726
2017-07-14 02:30:00,0.18969823,0.6718828
2017-07-14 03:00:00,0.18969823,0.6247563
2017-07-14 03:30:00,0.18969823,0.6373603
2017-07-14 04:00:00,0.18969823,0.59341025
2017-07-14 04:30:00,0.18969823,0.5849473
2017-07-14 05:00:00,0.18969823,0.6086594
2017-07-14 05:30:00,0.18969823,0.6295643
2017-07-14 06:00:00,0.18969823,0.5571959
2017-07-14 06:30:00,0.18969823,0.5892692
2017-07-14 07:00:00,0.18969823,0.5644719
2017-07-14 07:30:00,0.18969823,0.46290523
2017-07-14 08:00:00,0.18969823,0.52707446
2017-07-14 08:30:00,0.18969823,0.5173191
2017-07-14 09:00:00,0.18969823,0.45097572
2017-07-14 09:30:00,0.18969823,0.27433148
2017-07-14 10:00:00,0.18969823,0.12875447
2017-07-14 10:30:00,0.18969823,0.08455951
2017-07-14 11:00:00,0.18969823,-0.018921312
2017-07-14 11:30:00,0.18969823,-0.15582438
2017-07-14 12:00:00,0.18969823,-0.14688289
2017-07-14 12:30:00,0.18969823,-0.3152752
2017-07-14 13:00:00,0.18969823,-0.2756508
2017-07-14 13:30:00,0.18969823,-0.38425234
2017-07-14 14:00:00,0.18969823,-0.30284077
2017-07-14 14:30:00,0.18969823,-0.15723361
2017-07-14 15:00:00,0.18969823,-0.000548503
2017-07-14 15:30:00,0.18969823,0.081224814
2017-07-14 16:00:00,0.18969823,0.23402886
2017-07-14 16:30:00,0.18969823,0.28426394
2017-07-14 17:00:00,0.18969823,0.26778644
2017-07-14 17:30:00,0.18969823,0.32667664
2017-07-14 18:00:00,0.18969823,0.3344689
2017-07-14 18:30:00,0.18969823,0.39606452
2017-07-14 19:00:00,0.18969823,0.41089165
2017-07-14 19:30:00,0.18969823,0.43044382
2017-07-14 20:00:00,0.18969823,0.38231128
2017-07-14 20:30:00,0.18969823,0.39944443
2017-07-14 21:00:00,0.18969823,0.3284137
2017-07-14 21:30:00,0.18969823,0.37301186
2017-07-14 22:00:00,0.18969823,0.46588948
2017-07-14 22:30:00,0.18969823,0.38087192
2017-07-14 23:00:00,0.18969823,0.4625661
2017-07-14 23:30:00,0.18969823,0.419965
2017-07-15 00:00:00,0.18969823,0.3793572
2017-07-15 00:30:00,0.18969823,0.3947721
2017-07-15 01:00:00,0.18969823,0.33364746
2017-07-15 01:30:00,0.18969823,0.38734913
2017-07-15 02:00:00,0.18969823,0.4247918
2017-07-15 02:30:00,0.18969823,0.450565
2017-07-15 03:00:00,0.18969823,0.45376405
2017-07-15 03:30:00,0.18969823,0.46572748
2017-07-15 04:00:00,0.18969823,0.46853086
2017-07-15 04:30:00,0.18969823,0.47908506
2017-07-15 05:00:00,0.18969823,0.5113995
2017-07-15 05:30:00,0.18969823,0.47796595
2017-07-15 06:00:00,0.18969823,0.42239913
2017-07-15 06:30:00,0.18969823,0.3758567
2017-07-15 07:00:00,0.18969823,0.40363446
2017-07-15 07:30:00,0.18969823,0.3551628
2017-07-15 08:00:00,0.18969823,0.30665344
2017-07-15 08:30:00,0.18969823,0.23098055
2017-07-15 09:00:00,0.18969823,0.16519865
2017-07-15 09:30:00,0.18969823,0.22051679
2017-07-15 10:00:00,0.18969823,0.15389085
2017-07-15 10:30:00,0.18969823,0.16744438
2017-07-15 11:00:00,0.18969823,0.15919621
2017-07-15 11:30:00,0.18969823,0.20111154
2017-07-15 12:00:00,0.18969823,0.07878315
2017-07-15 12:30:00,0.18969823,0.09998196
2017-07-15 13:00:00,0.18969823,0.09570151
2017-07-15 13:30:00,0.18969823,0.0054275584
2017-07-15 14:00:00,0.18969823,-0.027651789
2017-07-15 14:30:00,0.18969823,-0.077468626
2017-07-15 15:00:00,0.18969823,-0.034392755
2017-07-15 15:30:00,0.18969823,-0.036495306
2017-07-15 16:00:00,0.18969823,-0.06808252
2017-07-15 16:30:00,0.18969823,0.06325141
2017-07-15 17:00:00,0.18969823,0.09505341
2017-07-15 17:30:00,0.18969823,0.14023936
2017-07-15 18:00:00,0.18969823,0.2121631
2017-07-15 18:30:00,0.18969823,0.25591347
2017-07-15 19:00:00,0.18969823,0.32008642
2017-07-15 19:30:00,0.18969823,0.34814677
2017-07-15 20:00:00,0.18969823,0.43377477
2017-07-15 20:30:00,0.18969823,0.47183165
2017-07-15 21:00:00,0.18969823,0.4759011
2017-07-15 21:30:00,0.18969823,0.48529473
2017-07-15 22:00:00,0.18969823,0.42810014
2017-07-15 22:30:00,0.18969823,0.39903748
2017-07-15 23:00:00,0.18969823,0.3356558
2017-07-15 23:30:00,0.18969823,0.3768326
2017-07-16 00:00:00,8.764077,0.3259532
2017-07-16 00:30:00,6.859834,0.35024554
2017-07-16 01:00:00,4.901585,0.34427702
2017-07-16 01:30:00,4.0112762,0.38000906
2017-07-16 02:00:00,9.209847,0.4150779
2017-07-16 02:30:00,5.6638417,0.45197424
2017-07-16 03:00:00,7.11471,0.49443972
2017-07-16 03:30:00,7.5332603,0.5965377
2017-07-16 04:00:00,8.263256,0.6152308
2017-07-16 04:30:00,6.9782777,0.6067829
2017-07-16 05:00:00,6.372578,0.5884704
2017-07-16 05:30:00,4.6424217,0.6094921
2017-07-16 06:00:00,6.7813053,0.49616548
2017-07-16 06:30:00,1.950937,0.45313478
2017-07-16 07:00:00,0.6676023,0.39322722
2017-07-16 07:30:00,9.423584,0.35397965
2017-07-16 08:00:00,-2.4239242,0.37274808
2017-07-16 08:30:00,-8.91976,0.34589726
2017-07-16 09:00:00,-13.392476,0.29756126
2017-07-16 09:30:00,-11.581387,0.3234437
2017-07-16 10:00:00,-16.983791,0.22595401
2017-07-16 10:30:00,-13.849728,0.15886086
2017-07-16 11:00:00,-6.6213617,0.17179643
2017-07-16 11:30:00,-11.37724,0.22913422
2017-07-16 12:00:00,-11.072848,0.16099732
2017-07-16 12:30:00,-11.786645,0.08217435
2017-07-16 13:00:00,-8.244807,0.12718698
2017-07-16 13:30:00,-1.2802885,0.12419895
2017-07-16 14:00:00,-10.089232,0.14594036
2017-07-16 14:30:00,-10.153331,0.14848
2017-07-16 15:00:00,-10.687743,0.113750264
2017-07-16 15:30:00,-7.876135,0.20941623
2017-07-16 16:00:00,-10.42997,0.28040174
2017-07-16 16:30:00,-7.8313146,0.251162
2017-07-16 17:00:00,-9.321396,0.2892754
2017-07-16 17:30:00,-9.545765,0.20826322
2017-07-16 18:00:00,-4.818886,0.21435608
2017-07-16 18:30:00,0.9349049,0.30579436
2017-07-16 19:00:00,3.598638,0.31772387
2017-07-16 19:30:00,6.262371,0.3422875
2017-07-16 20:00:00,8.116549,0.36049077
2017-07-16 20:30:00,9.216705,0.3658451
2017-07-16 21:00:00,6.8306737,0.39858156
2017-07-16 21:30:00,4.476467,0.42810768
2017-07-16 22:00:00,7.144722,0.47981605
2017-07-16 22:30:00,9.812982,0.46573123
2017-07-16 23:00:00,7.103293,0.4987277
2017-07-16 23:30:00,6.3279195,0.481165
2017-07-17 00:00:00,9.458532,0.6548363
2017-07-17 00:30:00,12.962791,1.0428582
2017-07-17 01:00:00,6.10182,1.4272856
2017-07-17 01:30:00,4.68792,1.2294048
2017-07-17 02:00:00,5.397263,1.2927941
2017-07-17 02:30:00,6.467415,1.2275925
2017-07-17 03:00:00,4.7619653,1.2379545
2017-07-17 03:30:00,2.0577526,0.9862214
2017-07-17 04:00:00,3.310653,0.9531345
2017-07-17 04:30:00,4.5635533,1.2112015
2017-07-17 05:00:00,2.1590328,1.2296046
2017-07-17 05:30:00,4.8448277,1.4147758
2017-07-17 06:00:00,7.5306187,1.585184
2017-07-17 06:30:00,9.729836,1.9308046
2017-07-17 07:00:00,4.743061,2.1458523
2017-07-17 07:30:00,-2.5689437,1.3914104
2017-07-17 08:00:00,-9.880948,1.7523593
2017-07-17 08:30:00,-11.45627,1.3411413
2017-07-17 09:00:00,-11.100404,0.21819192
2017-07-17 09:30:00,-15.999067,-0.09277051
2017-07-17 10:00:00,-18.590002,-2.5069938
2017-07-17 10:30:00,-18.244719,-3.3889227
2017-07-17 11:00:00,-20.284853,-3.2087064
2017-07-17 11:30:00,-27.131561,-5.610209
2017-07-17 12:00:00,-18.728666,-6.304525
2017-07-17 12:30:00,-14.79705,-6.7017636
2017-07-17 13:00:00,-15.84531,-6.5573583
2017-07-17 13:30:00,-18.295412,-4.71984
2017-07-17 14:00:00,-9.36131,-4.8433475
2017-07-17 14:30:00,0.19008258,-3.7646344
2017-07-17 15:00:00,-21.579443,-2.502295
2017-07-17 15:30:00,-43.34897,-1.2683816
2017-07-17 16:00:00,-14.356416,-0.64639646
2017-07-17 16:30:00,-11.529366,0.8040419
2017-07-17 17:00:00,-13.113956,1.0938017
2017-07-17 17:30:00,-20.820663,1.0119795
2017-07-17 18:00:00,7.5147367,1.0303749
2017-07-17 18:30:00,5.950143,1.3167171
2017-07-17 19:00:00,5.828632,0.9275949
2017-07-17 19:30:00,7.959893,2.6028666
2017-07-17 20:00:00,4.274532,3.7795892
2017-07-17 20:30:00,27.479921,3.9049773
2017-07-17 21:00:00,28.53755,3.4845655
2017-07-17 21:30:00,29.59517,3.6453502
2017-07-17 22:00:00,30.652796,3.2488463
2017-07-17 22:30:00,31.710415,3.5871458
2017-07-17 23:00:00,32.76804,4.6895027
2017-07-17 23:30:00,9.000783,3.1586893
2017-07-18 00:00:00,1.8594611,4.3635664
2017-07-18 00:30:00,11.103453,5.544818
2017-07-18 01:00:00,7.761873,5.185712
2017-07-18 01:30:00,4.420294,5.2154565
2017-07-18 02:00:00,-2.8676488,5.417331
2017-07-18 02:30:00,6.7739162,5.5757384
2017-07-18 03:00:00,2.5871727,5.8708224
2017-07-18 03:30:00,23.840176,5.657425
2017-07-18 04:00:00,14.997708,6.606718
2017-07-18 04:30:00,2.610429,6.7378297
2017-07-18 05:00:00,3.1904874,6.4855804
2017-07-18 05:30:00,4.8781066,5.6975093
2017-07-18 06:00:00,15.349949,5.4946394
2017-07-18 06:30:00,1.0123488,5.0612245
2017-07-18 07:00:00,21.646034,3.5677707
2017-07-18 07:30:00,12.1759405,1.6001241
2017-07-18 08:00:00,2.8605871,-0.98285323
2017-07-18 08:30:00,-6.4547706,-3.0132973
2017-07-18 09:00:00,-10.395556,-4.8825235
2017-07-18 09:30:00,-14.336348,-8.685936
2017-07-18 10:00:00,-11.887624,-12.935839
2017-07-18 10:30:00,-5.8570175,-15.629957
2017-07-18 11:00:00,-11.656713,-17.007914
2017-07-18 11:30:00,-13.229118,-18.367275
2017-07-18 12:00:00,-7.4191847,-17.27589
2017-07-18 12:30:00,-12.066379,-16.868698
2017-07-18 13:00:00,-15.075167,-15.865409
2017-07-18 13:30:00,-12.16958,-15.083193
2017-07-18 14:00:00,-4.866453,-12.206292
2017-07-18 14:30:00,-5.3770256,-10.283206
2017-07-18 15:00:00,-10.593023,-11.922798
2017-07-18 15:30:00,-11.349631,-13.004767
2017-07-18 16:00:00,-6.8517265,-9.388112
2017-07-18 16:30:00,-8.479461,-7.711281
2017-07-18 17:00:00,-1.8376598,-4.337813
2017-07-18 17:30:00,20.578836,-1.2984164
2017-07-18 18:00:00,3.8027248,1.2870102
2017-07-18 18:30:00,8.956728,2.5249178
2017-07-18 19:00:00,11.342397,5.388981
2017-07-18 19:30:00,14.48125,6.225927
2017-07-18 20:00:00,26.082338,5.810327
2017-07-18 20:30:00,9.118699,6.9002085
2017-07-18 21:00:00,5.948372,7.1043816
2017-07-18 21:30:00,5.6890197,6.3783884
2017-07-18 22:00:00,2.9887822,5.4008236
2017-07-18 22:30:00,2.3647811,5.788744
2017-07-18 23:00:00,7.295627,6.2917504
2017-07-18 23:30:00,8.59284,8.479525
2017-07-19 00:00:00,6.6667237,8.219942
2017-07-19 00:30:00,7.0424204,8.341604
2017-07-19 01:00:00,5.0577087,8.534447
2017-07-19 01:30:00,4.238103,8.602528
2017-07-19 02:00:00,1.0654739,6.206439
2017-07-19 02:30:00,5.3634524,5.039596
2017-07-19 03:00:00,9.661436,6.64941
2017-07-19 03:30:00,8.035292,5.6559067
2017-07-19 04:00:00,6.3688817,5.8893385
2017-07-19 04:30:00,5.6697087,2.837263
2017-07-19 05:00:00,3.988966,2.1364248
2017-07-19 05:30:00,2.186204,3.032996
2017-07-19 06:00:00,1.3686742,-0.017214404
2017-07-19 06:30:00,3.0917203,-3.1375248
2017-07-19 07:00:00,7.853002,-3.4232905
2017-07-19 07:30:00,-7.6709557,-5.0109224
2017-07-19 08:00:00,-5.5185747,-8.89581
2017-07-19 08:30:00,-6.7295074,-11.721357
2017-07-19 09:00:00,-7.940439,-16.982632
2017-07-19 09:30:00,-10.897426,-17.961334
2017-07-19 10:00:00,-15.943934,-22.113384
2017-07-19 10:30:00,-12.058933,-22.659046
2017-07-19 11:00:00,-10.077616,-22.383644
2017-07-19 11:30:00,-11.021939,-18.657001
2017-07-19 12:00:00,-8.552191,-15.359806
2017-07-19 12:30:00,-15.135387,-14.47955
2017-07-19 13:00:00,-10.68148,-14.067956
2017-07-19 13:30:00,-11.230141,-11.393521
2017-07-19 14:00:00,-8.7118,-10.106546
2017-07-19 14:30:00,-3.468194,-7.4128094
2017-07-19 15:00:00,-10.248013,-6.3878355
2017-07-19 15:30:00,-13.304452,-6.203772
2017-07-19 16:00:00,-12.910107,-3.610048
2017-07-19 16:30:00,-7.882205,-0.8297138
2017-07-19 17:00:00,-9.356464,3.1727552
2017-07-19 17:30:00,-5.6179485,4.744689
2017-07-19 18:00:00,-0.6607111,5.6586456
2017-07-19 18:30:00,1.3288765,8.690665
2017-07-19 19:00:00,3.3184605,11.483241
2017-07-19 19:30:00,6.048981,10.432159
2017-07-19 20:00:00,4.399803,12.017666
2017-07-19 20:30:00,5.192705,10.656838
2017-07-19 21:00:00,5.985611,11.729579
2017-07-19 21:30:00,13.01138,12.12742
2017-07-19 22:00:00,11.001551,11.039242
2017-07-19 22:30:00,8.991721,10.498834
2017-07-19 23:00:00,6.981891,10.634392
2017-07-19 23:30:00,2.1730723,10.176959
2017-07-20 00:00:00,3.9098644,11.774478
2017-07-20 00:30:00,3.1434815,11.53689
2017-07-20 01:00:00,2.0735216,12.676163
2017-07-20 01:30:00,1.0035617,12.497872
2017-07-20 02:00:00,15.5622015,12.383151
2017-07-20 02:30:00,8.991582,11.25158
2017-07-20 03:00:00,3.3830667,12.223678
2017-07-20 03:30:00,3.9426422,11.796401
2017-07-20 04:00:00,2.3099341,10.928413
2017-07-20 04:30:00,1.7934946,10.856162
2017-07-20 05:00:00,8.485678,10.650033
2017-07-20 05:30:00,10.504893,9.832376
2017-07-20 06:00:00,6.8264008,7.8530774
2017-07-20 06:30:00,8.346962,5.623773
2017-07-20 07:00:00,7.9119077,4.0585046
2017-07-20 07:30:00,-4.498108,1.0236866
2017-07-20 08:00:00,-2.6773908,-2.0774333
2017-07-20 08:30:00,-11.323727,-6.878724
2017-07-20 09:00:00,-7.3307986,-12.975121
2017-07-20 09:30:00,-10.446515,-19.117212
2017-07-20 10:00:00,-10.261574,-21.180498
2017-07-20 10:30:00,-13.663158,-23.984158
2017-07-20 11:00:00,-19.180294,-24.588625
2017-07-20 11:30:00,-12.641357,-26.875853
2017-07-20 12:00:00,-14.243571,-24.993752
2017-07-20 12:30:00,-15.28055,-27.038519
2017-07-20 13:00:00,-13.71891,-24.166914
2017-07-20 13:30:00,-16.648792,-26.19972
2017-07-20 14:00:00,-10.853988,-21.89233
2017-07-20 14:30:00,-19.837862,-18.659294
2017-07-20 15:00:00,-16.899038,-16.595047
2017-07-20 15:30:00,-11.063448,-12.301234
2017-07-20 16:00:00,-10.265033,-10.727006
2017-07-20 16:30:00,-9.430992,-9.273832
2017-07-20 17:00:00,-5.376758,-5.957288
2017-07-20 17:30:00,-4.640512,0.090087175
2017-07-20 18:00:00,-1.2439799,4.542908
2017-07-20 18:30:00,1.5533744,4.5390987
2017-07-20 19:00:00,3.3247378,6.368015
2017-07-20 19:30:00,4.346689,6.2051616
2017-07-20 20:00:00,5.368637,6.77915
2017-07-20 20:30:00,3.8250277,8.021685
2017-07-20 21:00:00,6.620875,8.178759
2017-07-20 21:30:00,5.3320575,9.54913
2017-07-20 22:00:00,6.051363,10.136197
2017-07-20 22:30:00,4.521909,9.095296
2017-07-20 23:00:00,-1.6447492,7.9770226
2017-07-20 23:30:00,1.5596368,6.865207
2017-07-21 00:00:00,6.35488,8.931663
2017-07-21 00:30:00,6.4696307,7.855478
2017-07-21 01:00:00,8.697342,8.504962
2017-07-21 01:30:00,4.2451754,7.4413924
2017-07-21 02:00:00,3.5856047,8.924101
2017-07-21 02:30:00,2.9260335,5.7510185
2017-07-21 03:00:00,2.2664664,6.757405
2017-07-21 03:30:00,6.754375,5.396227
2017-07-21 04:00:00,6.174848,4.8402343
2017-07-21 04:30:00,4.869715,5.208331
2017-07-21 05:00:00,4.367014,4.5708103
2017-07-21 05:30:00,2.594287,4.377474
2017-07-21 06:00:00,6.7715535,4.58332
2017-07-21 06:30:00,3.1404784,4.864493
2017-07-21 07:00:00,-0.49059686,2.3069987
2017-07-21 07:30:00,-4.121672,-4.4119635
2017-07-21 08:00:00,-7.7527475,-5.126555
2017-07-21 08:30:00,-10.934551,-8.342188
2017-07-21 09:00:00,-11.007602,-10.44465
2017-07-21 09:30:00,-10.780146,-11.703466
2017-07-21 10:00:00,-9.1164875,-13.127348
2017-07-21 10:30:00,-4.960755,-15.252987
2017-07-21 11:00:00,-10.349621,-15.442586
2017-07-21 11:30:00,-14.860221,-15.753955
2017-07-21 12:00:00,-15.4045515,-15.912242
2017-07-21 12:30:00,-16.916204,-17.239775
2017-07-21 13:00:00,-12.738052,-15.597315
2017-07-21 13:30:00,-24.129627,-15.55147
2017-07-21 14:00:00,-27.578716,-13.932176
2017-07-21 14:30:00,-13.222765,-15.610461
2017-07-21 15:00:00,-18.051544,-13.647778
2017-07-21 15:30:00,-21.18141,-10.110929
2017-07-21 16:00:00,-13.034496,-7.846586
2017-07-21 16:30:00,-12.470053,-4.7681346
2017-07-21 17:00:00,-10.744716,-1.2899421
2017-07-21 17:30:00,-4.520987,-0.08615012
2017-07-21 18:00:00,-1.7928131,2.979498
2017-07-21 18:30:00,2.5798779,4.75253
2017-07-21 19:00:00,2.6250224,5.9037056
2017-07-21 19:30:00,2.6701632,5.053123
2017-07-21 20:00:00,3.787924,5.041152
2017-07-21 20:30:00,4.905681,5.4768167
2017-07-21 21:00:00,3.872727,5.184416
2017-07-21 21:30:00,5.3229804,4.939902
2017-07-21 22:00:00,9.45776,4.9330254
2017-07-21 22:30:00,17.604492,5.0307527
2017-07-21 23:00:00,7.079272,4.4823303
2017-07-21 23:30:00,8.965537,3.9281504
2017-07-22 00:00:00,7.2946663,4.6887302
2017-07-22 00:30:00,3.133794,5.0046024
2017-07-22 01:00:00,3.1772468,6.033438
2017-07-22 01:30:00,3.2206993,5.7422996
2017-07-22 02:00:00,-10.55586,5.9640126
2017-07-22 02:30:00,4.798824,6.7589874
2017-07-22 03:00:00,5.2247787,6.795511
2017-07-22 03:30:00,5.650733,6.4240227
2017-07-22 04:00:00,6.076684,7.2065816
2017-07-22 04:30:00,6.5026383,7.9796305
2017-07-22 05:00:00,2.7065132,8.243244
2017-07-22 05:30:00,-13.398463,7.1042576
2017-07-22 06:00:00,-2.2757173,5.7699075
2017-07-22 06:30:00,8.84703,4.0712895
2017-07-22 07:00:00,-1.082841,1.1594254
2017-07-22 07:30:00,-11.012712,-0.9144413
2017-07-22 08:00:00,-2.8936667,-4.622471
2017-07-22 08:30:00,-15.665373,-8.842418
2017-07-22 09:00:00,-10.300723,-11.517839
2017-07-22 09:30:00,-17.015089,-13.899895
2017-07-22 10:00:00,-17.13181,-16.46077
2017-07-22 10:30:00,-23.027315,-15.751344
2017-07-22 11:00:00,-16.971685,-17.181416
2017-07-22 11:30:00,-19.379244,-18.095165
2017-07-22 12:00:00,-14.550706,-17.927233
2017-07-22 12:30:00,-20.335455,-17.393393
2017-07-22 13:00:00,-26.798727,-16.592344
2017-07-22 13:30:00,-30.304953,-17.040447
2017-07-22 14:00:00,-22.61594,-16.015633
2017-07-22 14:30:00,-19.054205,-14.004879
2017-07-22 15:00:00,-18.123125,-12.91377
2017-07-22 15:30:00,-17.213346,-11.731361
2017-07-22 16:00:00,-14.120647,-9.103484
2017-07-22 16:30:00,-12.849906,-7.524478
2017-07-22 17:00:00,-11.600189,-5.5886827
2017-07-22 17:30:00,-6.223053,-2.759782
2017-07-22 18:00:00,-4.7293544,-0.6927882
2017-07-22 18:30:00,-3.235655,0.81886524
2017-07-22 19:00:00,-1.7419562,3.0939248
2017-07-22 19:30:00,28.447681,4.612232
2017-07-22 20:00:00,17.844574,5.4614434
2017-07-22 20:30:00,7.2414694,6.108113
2017-07-22 21:00:00,6.988244,6.801012
2017-07-22 21:30:00,1.4621359,5.301499
2017-07-22 22:00:00,3.9900022,6.1718335
2017-07-22 22:30:00,2.6747262,6.0050125
2017-07-22 23:00:00,2.6409988,6.662025
2017-07-22 23:30:00,3.3900864,6.1550393
2017-07-23 00:00:00,4.13917,8.101612
2017-07-23 00:30:00,1.3363447,8.2645855
2017-07-23 01:00:00,5.4055033,8.868455
2017-07-23 01:30:00,2.3172855,7.921761
2017-07-23 02:00:00,0.07180103,7.6134925
2017-07-23 02:30:00,1.484744,6.987121
2017-07-23 03:00:00,8.610259,6.568695
2017-07-23 03:30:00,1.560692,6.7573028
2017-07-23 04:00:00,2.188947,7.859728
2017-07-23 04:30:00,4.6759114,8.567964
2017-07-23 05:00:00,4.1720457,8.502238
2017-07-23 05:30:00,13.304342,5.7075925
2017-07-23 06:00:00,5.2642484,4.7472024
2017-07-23 06:30:00,9.359392,3.5300076
2017-07-23 07:00:00,7.4623537,0.48754048
2017-07-23 07:30:00,-3.2071953,-0.7699796
2017-07-23 08:00:00,-13.213696,-4.6553993
2017-07-23 08:30:00,-22.831854,-9.617037
2017-07-23 09:00:00,-11.322611,-14.876148
2017-07-23 09:30:00,-18.121735,-18.3261
2017-07-23 10:00:00,-15.56991,-21.018797
2017-07-23 10:30:00,-13.263682,-22.72046
2017-07-23 11:00:00,-26.547508,-21.926947
2017-07-23 11:30:00,-14.171131,-22.29674
2017-07-23 12:00:00,-28.376152,-17.752676
2017-07-23 12:30:00,-18.17079,-17.69305
2017-07-23 13:00:00,-28.997368,-17.33919
2017-07-23 13:30:00,-34.49069,-19.529774
2017-07-23 14:00:00,-31.193655,-16.907057
2017-07-23 14:30:00,-23.563765,-15.554168
2017-07-23 15:00:00,-25.374954,-14.813294
2017-07-23 15:30:00,-18.015797,-12.235702
2017-07-23 16:00:00,-29.747189,-10.106434
2017-07-23 16:30:00,-7.4061246,-6.294743
2017-07-23 17:00:00,-4.8295,-3.4783337
2017-07-23 17:30:00,-6.1989264,-0.7270959
2017-07-23 18:00:00,-7.367412,2.557462
2017-07-23 18:30:00,-2.3645368,2.6576383
2017-07-23 19:00:00,2.6383348,4.215751
2017-07-23 19:30:00,6.096164,4.3111343
2017-07-23 20:00:00,11.117281,4.320166
2017-07-23 20:30:00,28.291325,5.1476736
2017-07-23 21:00:00,10.890138,4.879885
2017-07-23 21:30:00,1.455606,6.2128444
2017-07-23 22:00:00,7.223692,5.2490296
2017-07-23 22:30:00,8.579297,3.7617514
2017-07-23 23:00:00,4.273085,5.614703
2017-07-23 23:30:00,3.5581584,4.5396376
2017-07-24 00:00:00,3.3177295,5.422757
2017-07-24 00:30:00,1.7705135,5.660402
2017-07-24 01:00:00,3.0089674,6.323556
2017-07-24 01:30:00,4.247425,5.8847566
2017-07-24 02:00:00,16.609262,5.2771087
2017-07-24 02:30:00,-0.7683066,6.815549
2017-07-24 03:00:00,0.8597481,8.341555
2017-07-24 03:30:00,7.3916774,9.570616
2017-07-24 04:00:00,3.0781293,11.362665
2017-07-24 04:30:00,8.014255,12.517427
2017-07-24 05:00:00,2.4415016,10.133594
2017-07-24 05:30:00,2.8786886,9.408719
2017-07-24 06:00:00,3.3158755,5.6306987
2017-07-24 06:30:00,-0.4106887,2.3831012
2017-07-24 07:00:00,-4.1372495,0.39442167
2017-07-24 07:30:00,-7.8638134,-6.0477467
2017-07-24 08:00:00,-11.590377,-12.257112
2017-07-24 08:30:00,-3.401975,-17.942106
2017-07-24 09:00:00,-13.669783,-19.50537
2017-07-24 09:30:00,-16.891611,-21.738297
2017-07-24 10:00:00,-8.565967,-25.642467
2017-07-24 10:30:00,-13.949945,-26.717617
2017-07-24 11:00:00,-8.769854,-28.454065
2017-07-24 11:30:00,-10.09444,-27.11508
2017-07-24 12:00:00,-12.497639,-28.919737
2017-07-24 12:30:00,-16.445883,-27.00854
2017-07-24 13:00:00,-17.42286,-26.88512
2017-07-24 13:30:00,-14.844516,-26.002195
2017-07-24 14:00:00,-16.594748,-23.134974
2017-07-24 14:30:00,-12.967015,-21.337362
2017-07-24 15:00:00,-11.268604,-20.119171
2017-07-24 15:30:00,-10.746675,-17.106945
2017-07-24 16:00:00,-10.578218,-16.267757
2017-07-24 16:30:00,-10.606618,-10.47689
2017-07-24 17:00:00,-9.0590105,-7.4455304
2017-07-24 17:30:00,-4.630263,-2.8970845
2017-07-24 18:00:00,6.682794,-0.5822084
2017-07-24 18:30:00,17.995844,2.4230797
2017-07-24 19:00:00,-4.7998085,5.012282
2017-07-24 19:30:00,-7.6517687,5.578455
2017-07-24 20:00:00,-10.503729,5.7918825
2017-07-24 20:30:00,3.9082403,7.825115
2017-07-24 21:00:00,-10.945237,7.3762774
2017-07-24 21:30:00,39.160828,9.19848
2017-07-24 22:00:00,38.82461,8.225225
2017-07-24 22:30:00,38.488384,8.959618
2017-07-24 23:00:00,19.852547,6.044256
2017-07-24 23:30:00,1.2166991,5.026849
2017-07-25 00:00:00,-17.419147,5.4718957
2017-07-25 00:30:00,1.7887243,4.964782
2017-07-25 01:00:00,4.9042907,5.6250315
2017-07-25 01:30:00,-8.806942,4.625469
2017-07-25 02:00:00,-22.518177,5.437343
2017-07-25 02:30:00,-35.972443,5.7820253
2017-07-25 03:00:00,-16.60336,6.4064074
2017-07-25 03:30:00,2.7657237,6.307689
2017-07-25 04:00:00,4.3157463,7.301573
2017-07-25 04:30:00,5.865773,7.1897273
2017-07-25 05:00:00,7.4157963,7.1905675
2017-07-25 05:30:00,8.96582,6.253396
2017-07-25 06:00:00,9.9415045,3.676719
2017-07-25 06:30:00,17.384207,0.038928922
2017-07-25 07:00:00,13.317139,-4.298249
2017-07-25 07:30:00,-2.9963112,-9.645957
2017-07-25 08:00:00,-4.416357,-11.979518
2017-07-25 08:30:00,-19.000301,-14.570703
2017-07-25 09:00:00,-18.621523,-18.964525
2017-07-25 09:30:00,-29.396845,-21.476032
2017-07-25 10:00:00,-17.118092,-22.390205
2017-07-25 10:30:00,-29.365309,-24.771784
2017-07-25 11:00:00,-36.534622,-23.869097
2017-07-25 11:30:00,-24.608273,-22.6487
2017-07-25 12:00:00,-41.814396,-22.069122
2017-07-25 12:30:00,-31.382336,-21.396973
2017-07-25 13:00:00,-36.40095,-19.588137
2017-07-25 13:30:00,-30.963316,-17.725712
2017-07-25 14:00:00,-30.485275,-15.58429
2017-07-25 14:30:00,-22.256844,-13.908056
2017-07-25 15:00:00,-22.169418,-12.570945
2017-07-25 15:30:00,-24.604055,-9.981954
2017-07-25 16:00:00,-20.994488,-8.572835
2017-07-25 16:30:00,-10.556138,-5.751935
2017-07-25 17:00:00,-6.0876307,-3.982776
2017-07-25 17:30:00,-2.2441752,-0.62539357
2017-07-25 18:00:00,-0.3979076,1.5444669
2017-07-25 18:30:00,3.3930066,4.864832
2017-07-25 19:00:00,7.7991495,5.9607534
2017-07-25 19:30:00,9.567115,6.5216703
2017-07-25 20:00:00,10.394751,5.5236044
2017-07-25 20:30:00,10.156567,6.257518
2017-07-25 21:00:00,9.977308,4.5643935
2017-07-25 21:30:00,7.7992477,5.9589863
2017-07-25 22:00:00,8.372603,5.292226
2017-07-25 22:30:00,8.945963,8.491458
2017-07-25 23:00:00,8.210662,9.099049
2017-07-25 23:30:00,7.5741773,12.064283
2017-07-26 00:00:00,7.710831,7.8901772
2017-07-26 00:30:00,21.565527,11.301921
2017-07-26 01:00:00,7.892743,9.915753
2017-07-26 01:30:00,3.4810612,9.938768
2017-07-26 02:00:00,12.340263,8.670932
2017-07-26 02:30:00,9.477131,8.052929
2017-07-26 03:00:00,10.53148,7.0411882
2017-07-26 03:30:00,2.3821592,9.965777
2017-07-26 04:00:00,26.577793,7.5198836
2017-07-26 04:30:00,50.773426,6.664753
2017-07-26 05:00:00,9.690521,6.1591053
2017-07-26 05:30:00,13.058861,5.3603854
2017-07-26 06:00:00,41.69859,6.795601
2017-07-26 06:30:00,23.133705,6.9415545
2017-07-26 07:00:00,5.4703774,6.160292
2017-07-26 07:30:00,-4.773971,2.1463873
2017-07-26 08:00:00,-18.209284,-4.473608
2017-07-26 08:30:00,-17.609745,-9.453845
2017-07-26 09:00:00,-18.796097,-17.251799
2017-07-26 09:30:00,-23.881365,-20.34022
2017-07-26 10:00:00,-19.22793,-22.138561
2017-07-26 10:30:00,-21.615725,-24.427519
2017-07-26 11:00:00,-26.477753,-26.094053
2017-07-26 11:30:00,-27.732487,-24.446909
2017-07-26 12:00:00,-22.183716,-26.862564
2017-07-26 12:30:00,-14.708185,-27.794739
2017-07-26 13:00:00,-28.723902,-26.256197
2017-07-26 13:30:00,-22.342394,-23.608566
2017-07-26 14:00:00,-23.141914,-18.236708
2017-07-26 14:30:00,-22.93591,-15.87021
2017-07-26 15:00:00,-20.258701,-12.959031
2017-07-26 15:30:00,-9.8907,-11.001497
2017-07-26 16:00:00,-12.194871,-5.5444613
2017-07-26 16:30:00,-15.0760975,-1.327091
2017-07-26 17:00:00,-9.001472,3.087146
2017-07-26 17:30:00,-7.547131,6.2414136
2017-07-26 18:00:00,-0.8363568,6.8181977
2017-07-26 18:30:00,3.230176,8.715948
2017-07-26 19:00:00,6.2296915,9.359433
2017-07-26 19:30:00,8.89159,9.823524
2017-07-26 20:00:00,8.02704,9.934989
2017-07-26 20:30:00,8.953404,9.832488
2017-07-26 21:00:00,9.1626005,8.139318
2017-07-26 21:30:00,7.0589695,8.817903
2017-07-26 22:00:00,10.326109,9.0649185
2017-07-26 22:30:00,7.547978,8.603556
2017-07-26 23:00:00,7.833058,6.3215666
2017-07-26 23:30:00,11.693115,4.345118
2017-07-27 00:00:00,11.448474,2.4795697
2017-07-27 00:30:00,6.146972,2.7939987
2017-07-27 01:00:00,4.7816267,1.8115245
2017-07-27 01:30:00,4.1772833,5.0817337
2017-07-27 02:00:00,9.774596,5.714107
2017-07-27 02:30:00,12.938966,7.6131682
2017-07-27 03:00:00,10.098004,9.625791
2017-07-27 03:30:00,5.4404445,7.856849
2017-07-27 04:00:00,2.763606,10.794148
2017-07-27 04:30:00,2.3172402,11.603746
2017-07-27 05:00:00,8.016997,11.522817
2017-07-27 05:30:00,7.8100014,12.417742
2017-07-27 06:00:00,11.015673,11.835226
2017-07-27 06:30:00,2.3745103,7.8251452
2017-07-27 07:00:00,-6.700354,1.2720436
2017-07-27 07:30:00,-12.951115,-7.1290746
2017-07-27 08:00:00,-15.521145,-17.493042
2017-07-27 08:30:00,-27.490473,-23.262363
2017-07-27 09:00:00,-19.67767,-26.975857
2017-07-27 09:30:00,-23.728048,-32.367947
2017-07-27 10:00:00,-34.060535,-33.19642
2017-07-27 10:30:00,-19.331354,-35.989094
2017-07-27 11:00:00,-24.99237,-36.701923
2017-07-27 11:30:00,-18.708519,-35.916264
2017-07-27 12:00:00,-29.98163,-30.025324
2017-07-27 12:30:00,-32.94631,-26.237411
2017-07-27 13:00:00,-31.885748,-28.01882
2017-07-27 13:30:00,-21.874659,-25.773083
2017-07-27 14:00:00,-27.940706,-27.434868
2017-07-27 14:30:00,-26.327032,-25.31332
2017-07-27 15:00:00,-14.838807,-24.180975
2017-07-27 15:30:00,-19.407383,-21.146053
2017-07-27 16:00:00,-10.877289,-18.89616
2017-07-27 16:30:00,-8.920875,-12.168849
2017-07-27 17:00:00,-7.5341578,-8.621759
2017-07-27 17:30:00,-5.312732,-3.1502907
2017-07-27 18:00:00,0.40244377,-0.24991155
2017-07-27 18:30:00,3.890316,6.513584
2017-07-27 19:00:00,4.296074,10.509212
2017-07-27 19:30:00,2.694983,13.110109
2017-07-27 20:00:00,3.9668515,11.814442
2017-07-27 20:30:00,5.2388783,9.705114
2017-07-27 21:00:00,9.203619,14.636665
2017-07-27 21:30:00,5.450083,12.57512
2017-07-27 22:00:00,2.189953,12.54877
2017-07-27 22:30:00,4.918443,8.908568
2017-07-27 23:00:00,3.3652854,3.5791576
2017-07-27 23:30:00,4.4040837,5.528849
2017-07-28 00:00:00,4.7276273,6.119526
2017-07-28 00:30:00,6.775838,7.3846536
2017-07-28 01:00:00,6.371127,8.374208
2017-07-28 01:30:00,2.6665761,7.172801
2017-07-28 02:00:00,4.755341,8.1718025
2017-07-28 02:30:00,5.3411875,11.42876
2017-07-28 03:00:00,4.2910395,11.39403
2017-07-28 03:30:00,8.536945,11.235276
2017-07-28 04:00:00,6.049633,9.407717
2017-07-28 04:30:00,5.372507,9.811538
2017-07-28 05:00:00,4.133273,12.101014
2017-07-28 05:30:00,10.623563,9.907864
2017-07-28 06:00:00,4.354749,8.681173
2017-07-28 06:30:00,0.08237029,6.6809406
2017-07-28 07:00:00,-4.190009,3.6964595
2017-07-28 07:30:00,-8.462384,-3.2674947
2017-07-28 08:00:00,-14.034066,-6.9015207
2017-07-28 08:30:00,-13.445368,-13.92658
2017-07-28 09:00:00,-29.884995,-21.764149
2017-07-28 09:30:00,-35.616425,-26.770927
2017-07-28 10:00:00,-26.437143,-34.777416
2017-07-28 10:30:00,-21.448746,-32.95553
2017-07-28 11:00:00,-14.092497,-30.46905
2017-07-28 11:30:00,-19.982328,-27.72964
2017-07-28 12:00:00,-32.22771,-28.36441
2017-07-28 12:30:00,-28.764648,-27.951792
2017-07-28 13:00:00,-24.523558,-26.543999
2017-07-28 13:30:00,-25.825325,-25.130219
2017-07-28 14:00:00,-25.81679,-26.26086
2017-07-28 14:30:00,-20.08998,-24.595549
2017-07-28 15:00:00,-20.07194,-19.111988
2017-07-28 15:30:00,-18.466969,-16.046902
2017-07-28 16:00:00,-13.922363,-11.0122175
2017-07-28 16:30:00,-14.801481,-4.205752
2017-07-28 17:00:00,-12.308782,0.26074028
2017-07-28 17:30:00,-7.4503875,2.7046027
2017-07-28 18:00:00,-2.5919888,5.2022457
2017-07-28 18:30:00,2.5385654,6.9239583
2017-07-28 19:00:00,3.9074264,8.332964
2017-07-28 19:30:00,5.276287,9.202372
2017-07-28 20:00:00,6.694709,8.587161
2017-07-28 20:30:00,5.15839,9.006495
2017-07-28 21:00:00,6.2635655,8.0598135
2017-07-28 21:30:00,5.9158463,7.9856024
2017-07-28 22:00:00,5.239331,7.4278994
2017-07-28 22:30:00,7.629081,7.855787
2017-07-28 23:00:00,5.1667776,8.65323
2017-07-28 23:30:00,7.8717256,9.050227
2017-07-29 00:00:00,7.031207,9.285019
2017-07-29 00:30:00,6.7046413,10.105853
2017-07-29 01:00:00,10.760048,8.889985
2017-07-29 01:30:00,5.8658752,8.0646105
2017-07-29 02:00:00,3.971799,9.361499
2017-07-29 02:30:00,4.4730873,8.613243
2017-07-29 03:00:00,4.393793,8.598571
2017-07-29 03:30:00,8.210157,10.6749735
2017-07-29 04:00:00,9.791481,11.594111
2017-07-29 04:30:00,10.859078,10.511178
2017-07-29 05:00:00,6.9284573,9.979549
2017-07-29 05:30:00,10.757692,9.952774
2017-07-29 06:00:00,8.441927,8.071834
2017-07-29 06:30:00,2.9286072,2.1727183
2017-07-29 07:00:00,-2.5847127,-0.2628735
2017-07-29 07:30:00,-5.6802187,-4.6451545
2017-07-29 08:00:00,-18.770996,-10.805991
2017-07-29 08:30:00,-18.808308,-14.619747
2017-07-29 09:00:00,-22.631851,-19.527674
2017-07-29 09:30:00,-15.04355,-24.452589
2017-07-29 10:00:00,-24.037521,-26.745201
2017-07-29 10:30:00,-28.144724,-25.819994
2017-07-29 11:00:00,-29.727375,-24.318104
2017-07-29 11:30:00,-20.551191,-26.061445
2017-07-29 12:00:00,-35.108074,-28.45723
2017-07-29 12:30:00,-23.157856,-27.411757
2017-07-29 13:00:00,-17.472471,-26.867338
2017-07-29 13:30:00,-20.85857,-23.42345
2017-07-29 14:00:00,-17.912308,-21.6314
2017-07-29 14:30:00,-12.640781,-18.63399
2017-07-29 15:00:00,-19.96086,-16.61238
2017-07-29 15:30:00,-15.525561,-12.653939
2017-07-29 16:00:00,-11.042,-7.0688806
2017-07-29 16:30:00,-12.476319,-6.4608707
2017-07-29 17:00:00,-9.400531,-3.7264984
2017-07-29 17:30:00,-5.4294767,2.4344592
2017-07-29 18:00:00,-3.8317955,3.8463094
2017-07-29 18:30:00,3.723035,5.2015185
2017-07-29 19:00:00,3.3109581,6.677425
2017-07-29 19:30:00,7.6087446,7.1404076
2017-07-29 20:00:00,6.7722692,8.335944
2017-07-29 20:30:00,5.5047417,7.8989983
2017-07-29 21:00:00,8.924003,9.268666
2017-07-29 21:30:00,7.008275,9.71664
2017-07-29 22:00:00,5.9087925,9.652973
2017-07-29 22:30:00,5.3283157,9.890677
2017-07-29 23:00:00,5.4497175,10.514765
2017-07-29 23:30:00,5.8354406,11.218874
2017-07-30 00:00:00,6.705357,9.64498
2017-07-30 00:30:00,8.067911,10.502078
2017-07-30 01:00:00,7.3532887,11.818809
2017-07-30 01:30:00,6.733459,9.703818
2017-07-30 02:00:00,8.387498,9.140223
2017-07-30 02:30:00,7.33001,7.9901466
2017-07-30 03:00:00,5.6922264,6.6067595
2017-07-30 03:30:00,5.2658157,7.5530725
2017-07-30 04:00:00,4.5132203,8.989079
2017-07-30 04:30:00,4.329918,8.971087
2017-07-30 05:00:00,6.1741657,9.120711
2017-07-30 05:30:00,6.482084,8.413381
2017-07-30 06:00:00,4.5160575,5.665036
2017-07-30 06:30:00,2.4087424,2.3948424
2017-07-30 07:00:00,-3.1066911,-3.8373947
2017-07-30 07:30:00,-7.3767796,-7.2553215
2017-07-30 08:00:00,-11.646871,-12.847633
2017-07-30 08:30:00,-16.977133,-15.394793
2017-07-30 09:00:00,-21.163162,-20.159601
2017-07-30 09:30:00,-12.96015,-19.726019
2017-07-30 10:00:00,-23.815111,-21.772036
2017-07-30 10:30:00,-34.670074,-23.534906
2017-07-30 11:00:00,-27.327162,-24.621748
2017-07-30 11:30:00,-23.504751,-25.634098
2017-07-30 12:00:00,-18.50682,-26.733309
2017-07-30 12:30:00,-32.068226,-26.12694
2017-07-30 13:00:00,-26.518267,-21.879477
2017-07-30 13:30:00,-20.968306,-18.423946
2017-07-30 14:00:00,-15.41835,-14.032062
2017-07-30 14:30:00,-9.86839,-10.122207
2017-07-30 15:00:00,-4.3184304,-8.571751
2017-07-30 15:30:00,-11.736474,-5.386574
2017-07-30 16:00:00,-19.739855,-1.8151348
2017-07-30 16:30:00,-28.332748,0.63936865
2017-07-30 17:00:00,-20.415419,3.3039722
2017-07-30 17:30:00,-12.248964,5.4154625
2017-07-30 18:00:00,1.7549742,6.3876386
2017-07-30 18:30:00,15.758906,6.4272933
2017-07-30 19:00:00,29.762846,5.789087
2017-07-30 19:30:00,43.76678,6.5255704
2017-07-30 20:00:00,57.770714,6.5831757
2017-07-30 20:30:00,6.8882184,7.017435
2017-07-30 21:00:00,8.457854,7.6808906
2017-07-30 21:30:00,6.4060416,6.5860696
2017-07-30 22:00:00,5.3334103,6.0383105
2017-07-30 22:30:00,5.906558,9.114114
2017-07-30 23:00:00,6.570274,9.8727045
2017-07-30 23:30:00,8.163596,11.14458
2017-07-31 00:00:00,7.4674783,9.674786
2017-07-31 00:30:00,4.5836406,8.828216
2017-07-31 01:00:00,8.5413685,7.3679276
2017-07-31 01:30:00,6.3071275,8.153362
2017-07-31 02:00:00,3.505459,7.4820113
2017-07-31 02:30:00,5.661212,7.262039
2017-07-31 03:00:00,8.710085,9.366619
2017-07-31 03:30:00,6.9381447,8.273753
2017-07-31 04:00:00,5.461315,10.5127535
2017-07-31 04:30:00,9.377046,11.438817
2017-07-31 05:00:00,4.98132,10.984809
2017-07-31 05:30:00,8.320375,10.030682
2017-07-31 06:00:00,5.640175,7.962226
2017-07-31 06:30:00,0.6975241,6.3065815
2017-07-31 07:00:00,-9.858684,5.0896616
2017-07-31 07:30:00,-22.333435,0.56708694
2017-07-31 08:00:00,-22.394094,-0.38558623
2017-07-31 08:30:00,-25.646467,-7.625905
2017-07-31 09:00:00,-35.900032,-11.210592
2017-07-31 09:30:00,-32.717224,-14.524692
2017-07-31 10:00:00,-15.832292,-16.435045
2017-07-31 10:30:00,-40.88333,-25.29701
2017-07-31 11:00:00,-33.702614,-26.248566
2017-07-31 11:30:00,-24.951838,-26.695026
2017-07-31 12:00:00,-31.582918,-27.981256
2017-07-31 12:30:00,-25.738804,-29.347574
2017-07-31 13:00:00,-29.33338,-24.680332
2017-07-31 13:30:00,-24.718145,-23.081638
2017-07-31 14:00:00,-22.793325,-21.974733
2017-07-31 14:30:00,-21.897106,-17.586533
2017-07-31 15:00:00,-12.941762,-15.538764
2017-07-31 15:30:00,-17.012934,-10.507904
2017-07-31 16:00:00,-13.838545,-7.198112
2017-07-31 16:30:00,-13.565024,-4.5454793
2017-07-31 17:00:00,-6.540587,-1.6389803
2017-07-31 17:30:00,-6.304382,1.7132246
2017-07-31 18:00:00,-1.0944504,5.4828305
2017-07-31 18:30:00,1.0559182,8.124544
2017-07-31 19:00:00,4.0996246,9.237527
2017-07-31 19:30:00,5.811341,11.583094
2017-07-31 20:00:00,5.1857157,10.754049
2017-07-31 20:30:00,7.3156652,11.286355
2017-07-31 21:00:00,7.211687,12.2041445
2017-07-31 21:30:00,7.6928277,13.550182
2017-07-31 22:00:00,9.464222,15.880718
2017-07-31 22:30:00,8.692278,15.375368
2017-07-31 23:00:00,7.630618,13.837395
2017-07-31 23:30:00,7.4011955,13.10321
2017-08-01 00:00:00,8.263407,13.398844
2017-08-01 00:30:00,8.889597,12.31663
2017-08-01 01:00:00,5.997944,13.502306
2017-08-01 01:30:00,8.297669,10.378729
2017-08-01 02:00:00,6.1342554,11.541619
2017-08-01 02:30:00,7.983534,12.585889
2017-08-01 03:00:00,7.5749116,11.3923645
2017-08-01 03:30:00,8.107731,10.119727
2017-08-01 04:00:00,7.7496986,10.27191
2017-08-01 04:30:00,8.630671,13.47706
2017-08-01 05:00:00,7.517653,14.823189
2017-08-01 05:30:00,6.2341113,11.87721
2017-08-01 06:00:00,3.3104646,7.0191193
2017-08-01 06:30:00,-0.75080794,5.9781013
2017-08-01 07:00:00,-6.377304,-1.693104
2017-08-01 07:30:00,-11.113272,-10.510409
2017-08-01 08:00:00,-15.421639,-17.403341
2017-08-01 08:30:00,-23.428373,-21.86929
2017-08-01 09:00:00,-28.821306,-26.450338
2017-08-01 09:30:00,-29.274334,-30.163969
2017-08-01 10:00:00,-33.81037,-34.209133
2017-08-01 10:30:00,-38.853687,-37.611385
2017-08-01 11:00:00,-35.960186,-34.201714
2017-08-01 11:30:00,-44.908817,-30.142675
2017-08-01 12:00:00,-34.469654,-31.06277
2017-08-01 12:30:00,-38.865185,-26.895584
2017-08-01 13:00:00,-46.366657,-28.059479
2017-08-01 13:30:00,-27.054499,-24.65819
2017-08-01 14:00:00,-18.149595,-19.693033
2017-08-01 14:30:00,-23.17732,-18.825613
2017-08-01 15:00:00,-29.846664,-14.744385
2017-08-01 15:30:00,-22.586405,-12.056336
2017-08-01 16:00:00,-18.355494,-7.282048
2017-08-01 16:30:00,-19.96759,-3.7129865
2017-08-01 17:00:00,-13.335644,-1.551197
2017-08-01 17:30:00,-11.720811,2.0191116
2017-08-01 18:00:00,-3.700876,4.4505243
2017-08-01 18:30:00,4.319062,5.4569144
2017-08-01 19:00:00,7.0807185,6.0250773
2017-08-01 19:30:00,6.0186186,6.7130027
2017-08-01 20:00:00,6.2695303,7.8458014
2017-08-01 20:30:00,7.7373204,7.620972
2017-08-01 21:00:00,7.782631,7.6751146
2017-08-01 21:30:00,7.8513517,7.1706495
2017-08-01 22:00:00,6.55556,8.371093
2017-08-01 22:30:00,7.819968,10.295659
2017-08-01 23:00:00,7.6950245,9.847123
2017-08-01 23:30:00,8.689772,9.338762
2017-08-02 00:00:00,8.165468,10.225069
2017-08-02 00:30:00,7.461943,9.662728
2017-08-02 01:00:00,8.810695,11.314774
2017-08-02 01:30:00,7.1352077,11.770974
2017-08-02 02:00:00,7.33371,10.208603
2017-08-02 02:30:00,7.785189,11.716387
2017-08-02 03:00:00,7.673875,11.814434
2017-08-02 03:30:00,8.249284,10.988675
2017-08-02 04:00:00,6.1825047,10.157957
2017-08-02 04:30:00,7.4968123,10.604779
2017-08-02 05:00:00,4.980638,10.55277
2017-08-02 05:30:00,6.122186,9.550253
2017-08-02 06:00:00,3.3571954,9.097474
2017-08-02 06:30:00,-6.268469,5.001053
2017-08-02 07:00:00,-13.401595,0.011083339
2017-08-02 07:30:00,-16.888456,-2.5674026
2017-08-02 08:00:00,-17.843971,-7.2200456
2017-08-02 08:30:00,-28.213778,-13.584468
2017-08-02 09:00:00,-42.390903,-16.665037
2017-08-02 09:30:00,-31.757837,-22.755688
2017-08-02 10:00:00,-35.888775,-22.336348
2017-08-02 10:30:00,-38.56179,-27.9502
2017-08-02 11:00:00,-42.968113,-30.41604
2017-08-02 11:30:00,-30.429398,-30.032412
2017-08-02 12:00:00,-22.722996,-25.448036
2017-08-02 12:30:00,-15.366649,-24.75006
2017-08-02 13:00:00,-14.922977,-23.052965
2017-08-02 13:30:00,-23.439606,-18.556593
2017-08-02 14:00:00,-19.721672,-17.608791
2017-08-02 14:30:00,-26.369652,-13.979604
2017-08-02 15:00:00,-27.520002,-11.813308
2017-08-02 15:30:00,-18.119217,-7.3069773
2017-08-02 16:00:00,-24.085419,-3.3853054
2017-08-02 16:30:00,-25.230204,1.3469893
2017-08-02 17:00:00,-10.556967,4.893665
2017-08-02 17:30:00,-3.7357905,7.497502
2017-08-02 18:00:00,1.458707,11.3237
2017-08-02 18:30:00,4.7503295,11.007733
2017-08-02 19:00:00,6.6956735,14.060069
2017-08-02 19:30:00,6.4759493,16.148035
2017-08-02 20:00:00,8.204893,15.725447
2017-08-02 20:30:00,6.289467,16.762861
2017-08-02 21:00:00,7.575937,17.246696
2017-08-02 21:30:00,6.87378,15.594448
2017-08-02 22:00:00,7.3030424,13.151437
2017-08-02 22:30:00,7.1189227,11.889358
2017-08-02 23:00:00,5.099594,10.537023
2017-08-02 23:30:00,6.0941033,9.557096
2017-08-03 00:00:00,6.6739545,9.205676
2017-08-03 00:30:00,4.993909,8.577474
2017-08-03 01:00:00,4.8808875,8.161538
2017-08-03 01:30:00,5.1810093,8.587399
2017-08-03 02:00:00,4.268484,10.673485
2017-08-03 02:30:00,4.0504484,10.2838545
2017-08-03 03:00:00,5.5427194,11.085328
2017-08-03 03:30:00,4.095382,10.460642
2017-08-03 04:00:00,6.606492,10.250771
2017-08-03 04:30:00,6.1762834,9.433083
2017-08-03 05:00:00,6.5942388,11.074254
2017-08-03 05:30:00,6.5613174,10.412683
2017-08-03 06:00:00,3.8682392,8.377099
2017-08-03 06:30:00,-4.0068045,3.8668864
2017-08-03 07:00:00,-10.973008,-0.7067411
2017-08-03 07:30:00,-15.191621,-5.421439
2017-08-03 08:00:00,-27.391481,-12.394689
2017-08-03 08:30:00,-25.35735,-18.501806
2017-08-03 09:00:00,-26.084557,-24.801771
2017-08-03 09:30:00,-30.957521,-31.65335
2017-08-03 10:00:00,-36.751633,-36.27334
2017-08-03 10:30:00,-40.70252,-37.509666
2017-08-03 11:00:00,-45.36919,-37.98402
2017-08-03 11:30:00,-24.74664,-37.45465
2017-08-03 12:00:00,-36.52004,-36.266285
2017-08-03 12:30:00,-33.470158,-35.397415
2017-08-03 13:00:00,-29.751026,-34.204243
2017-08-03 13:30:00,-36.926502,-31.061447
2017-08-03 14:00:00,-34.41541,-29.386961
2017-08-03 14:30:00,-29.25084,-22.783882
2017-08-03 15:00:00,-31.528713,-18.264221
2017-08-03 15:30:00,-26.119461,-13.651685
2017-08-03 16:00:00,-25.825891,-10.102417
2017-08-03 16:30:00,-12.894764,-6.6355295
2017-08-03 17:00:00,-4.7125487,-3.324874
2017-08-03 17:30:00,-2.5293493,-1.3885245
2017-08-03 18:00:00,-2.7440355,0.669102
2017-08-03 18:30:00,0.6651305,2.6291335
2017-08-03 19:00:00,6.4897704,4.788025
2017-08-03 19:30:00,6.827723,6.5321
2017-08-03 20:00:00,2.7784934,7.770415
2017-08-03 20:30:00,8.57036,8.436113
2017-08-03 21:00:00,1.7572387,6.8724003
2017-08-03 21:30:00,3.8249485,7.4872003
2017-08-03 22:00:00,6.7476344,6.4144406
2017-08-03 22:30:00,9.597635,6.648931
2017-08-03 23:00:00,5.3879333,7.1197476
2017-08-03 23:30:00,10.000289,7.1530004
2017-08-04 00:00:00,14.795924,8.792122
2017-08-04 00:30:00,7.51413,9.373823
2017-08-04 01:00:00,9.043802,10.102319
2017-08-04 01:30:00,11.540274,9.119479
2017-08-04 02:00:00,17.460026,8.886884
2017-08-04 02:30:00,1.8830601,7.7194977
2017-08-04 03:00:00,-0.23090948,9.484547
2017-08-04 03:30:00,24.451513,8.93444
2017-08-04 04:00:00,7.2532935,7.7648644
2017-08-04 04:30:00,11.449762,8.524714
2017-08-04 05:00:00,15.646235,7.3480625
2017-08-04 05:30:00,6.2155347,5.8549366
2017-08-04 06:00:00,-3.2151647,3.4240851
2017-08-04 06:30:00,3.4389086,-0.89357024
2017-08-04 07:00:00,-2.4945216,-6.047317
2017-08-04 07:30:00,-8.427948,-10.746682
2017-08-04 08:00:00,-9.733035,-17.620668
2017-08-04 08:30:00,-22.903204,-24.153534
2017-08-04 09:00:00,-30.580194,-29.466063
2017-08-04 09:30:00,-28.540821,-34.50873
2017-08-04 10:00:00,-33.794144,-38.5409
2017-08-04 10:30:00,-31.845041,-39.046093
2017-08-04 11:00:00,-36.092873,-41.104095
2017-08-04 11:30:00,-40.3407,-36.548042
2017-08-04 12:00:00,-44.588528,-37.480896
2017-08-04 12:30:00,-38.155342,-36.798267
2017-08-04 13:00:00,-31.726952,-34.74865
2017-08-04 13:30:00,-31.578085,-34.47555
2017-08-04 14:00:00,-31.673792,-32.496162
2017-08-04 14:30:00,-16.285896,-30.549475
2017-08-04 15:00:00,-6.0274405,-28.187326
2017-08-04 15:30:00,-2.95686,-22.5223
2017-08-04 16:00:00,0.11372389,-17.886093
2017-08-04 16:30:00,3.1843042,-11.546811
2017-08-04 17:00:00,3.0333276,-6.669924
2017-08-04 17:30:00,4.59583,-2.378565
2017-08-04 18:00:00,5.910556,1.2795306
2017-08-04 18:30:00,2.9896,2.1390889
2017-08-04 19:00:00,8.6462965,1.8503727
2017-08-04 19:30:00,14.602685,2.193608
2017-08-04 20:00:00,8.252121,2.28057
2017-08-04 20:30:00,8.148565,1.7906648
2017-08-04 21:00:00,8.137895,0.6106903
2017-08-04 21:30:00,8.127227,0.6054302
2017-08-04 22:00:00,8.116556,0.054453116
2017-08-04 22:30:00,7.800227,0.9998427
2017-08-04 23:00:00,7.4630585,0.5429717
2017-08-04 23:30:00,6.152259,0.81771225
2017-08-05 00:00:00,2.9113798,2.4627645
2017-08-05 00:30:00,3.4423902,3.2846198
2017-08-05 01:00:00,1.3488657,2.558781
2017-08-05 01:30:00,7.812805,2.4694264
2017-08-05 02:00:00,14.090666,4.447717
2017-08-05 02:30:00,25.204422,5.1353073
2017-08-05 03:00:00,21.519964,6.214114
2017-08-05 03:30:00,17.8355,7.849803
2017-08-05 04:00:00,14.151044,8.598891
2017-08-05 04:30:00,9.985706,9.583917
2017-08-05 05:00:00,5.820365,8.508919
2017-08-05 05:30:00,8.446019,6.5271754
2017-08-05 06:00:00,21.556507,2.989728
2017-08-05 06:30:00,34.666996,-1.2411163
2017-08-05 07:00:00,7.727682,-6.7450204
2017-08-05 07:30:00,-6.835411,-10.714805
2017-08-05 08:00:00,-22.947624,-15.388744
2017-08-05 08:30:00,-20.656775,-21.562262
2017-08-05 09:00:00,-39.362064,-29.119648
2017-08-05 09:30:00,-32.072323,-33.423107
2017-08-05 10:00:00,-30.889038,-35.80114
2017-08-05 10:30:00,-40.811737,-36.41456
2017-08-05 11:00:00,-31.283396,-33.387547
2017-08-05 11:30:00,-31.953386,-32.905087
2017-08-05 12:00:00,-43.382915,-32.646008
2017-08-05 12:30:00,-41.77802,-32.457253
2017-08-05 13:00:00,-33.79351,-33.1554
2017-08-05 13:30:00,-36.987568,-34.113968
2017-08-05 14:00:00,-45.96298,-34.471832
2017-08-05 14:30:00,-45.661114,-33.035473
2017-08-05 15:00:00,-35.474762,-30.093683
2017-08-05 15:30:00,-30.639702,-25.043564
2017-08-05 16:00:00,-45.6661,-19.391249
2017-08-05 16:30:00,-16.458735,-11.669622
2017-08-05 17:00:00,-13.440092,-8.347406
2017-08-05 17:30:00,-1.1574665,-3.6854007
2017-08-05 18:00:00,3.5568094,1.2179728
2017-08-05 18:30:00,3.5160358,3.0705519
2017-08-05 19:00:00,1.4891639,4.143876
2017-08-05 19:30:00,32.65016,2.748063
2017-08-05 20:00:00,7.282507,1.9755685
2017-08-05 20:30:00,8.313212,0.18953244
2017-08-05 21:00:00,9.343917,1.010378
2017-08-05 21:30:00,10.374621,2.1616743
2017-08-05 22:00:00,29.70995,2.525807
2017-08-05 22:30:00,40.83873,3.9840336
2017-08-05 23:00:00,14.182823,2.5533512
2017-08-05 23:30:00,11.839397,-0.6893178
2017-08-06 00:00:00,9.495971,-0.80303633
2017-08-06 00:30:00,8.804059,0.16575254
2017-08-06 01:00:00,8.112147,-2.4259515
2017-08-06 01:30:00,7.9768643,-2.174471
2017-08-06 02:00:00,8.376451,1.9384348
2017-08-06 02:30:00,5.37658,2.9177816
2017-08-06 03:00:00,4.2053175,6.274595
2017-08-06 03:30:00,9.028335,3.6185973
2017-08-06 04:00:00,8.400269,6.9751277
2017-08-06 04:30:00,6.199336,7.081412
2017-08-06 05:00:00,6.140363,6.3010874
2017-08-06 05:30:00,2.239005,4.891223
2017-08-06 06:00:00,2.0106788,2.3944466
2017-08-06 06:30:00,1.4283745,0.07668813
2017-08-06 07:00:00,-2.3623512,-10.550856
2017-08-06 07:30:00,-5.3841624,-16.762486
2017-08-06 08:00:00,-18.667835,-27.025932
2017-08-06 08:30:00,-17.623867,-31.574959
2017-08-06 09:00:00,-25.148027,-38.33883
2017-08-06 09:30:00,-32.672188,-37.39682
2017-08-06 10:00:00,-39.835987,-34.643593
2017-08-06 10:30:00,-46.99979,-35.059486
2017-08-06 11:00:00,-47.894028,-31.467892
2017-08-06 11:30:00,-48.78827,-30.63671
2017-08-06 12:00:00,-45.49752,-33.377495
2017-08-06 12:30:00,-42.20677,-32.83307
2017-08-06 13:00:00,-46.596424,-31.522953
2017-08-06 13:30:00,-45.702244,-29.580366
2017-08-06 14:00:00,-39.58616,-30.604677
2017-08-06 14:30:00,-36.25475,-31.510494
2017-08-06 15:00:00,-32.92334,-30.87766
2017-08-06 15:30:00,-34.72443,-28.282167
2017-08-06 16:00:00,-26.601614,-28.163418
2017-08-06 16:30:00,-23.035975,-22.02503
2017-08-06 17:00:00,-23.137676,-19.567194
2017-08-06 17:30:00,-7.528385,-13.621759
2017-08-06 18:00:00,-0.16446441,-8.429485
2017-08-06 18:30:00,2.6929748,-2.5692413
2017-08-06 19:00:00,8.473891,-1.1842194
2017-08-06 19:30:00,7.1810646,1.3203269
2017-08-06 20:00:00,6.4022436,1.5416899
2017-08-06 20:30:00,2.3123078,3.3053741
2017-08-06 21:00:00,2.2513604,4.4903336
2017-08-06 21:30:00,2.190409,6.180206
2017-08-06 22:00:00,8.611699,7.33154
2017-08-06 22:30:00,4.269747,10.800346
2017-08-06 23:00:00,3.082244,10.324956
2017-08-06 23:30:00,6.672018,10.6597395
2017-08-07 00:00:00,1.1076831,11.507428
2017-08-07 00:30:00,5.67099,12.074374
2017-08-07 01:00:00,2.9866457,12.488832
2017-08-07 01:30:00,6.739861,11.32459
2017-08-07 02:00:00,6.8568125,10.917309
2017-08-07 02:30:00,3.1869493,11.156465
2017-08-07 03:00:00,4.103461,10.66382
2017-08-07 03:30:00,2.579859,10.282833
2017-08-07 04:00:00,8.401907,10.510782
2017-08-07 04:30:00,14.223955,12.343172
2017-08-07 05:00:00,-2.246553,8.249141
2017-08-07 05:30:00,1.445892,7.107905
2017-08-07 06:00:00,1.7424418,4.761325
2017-08-07 06:30:00,12.245747,1.7314091
2017-08-07 07:00:00,5.406438,-7.877228
2017-08-07 07:30:00,-8.617536,-12.359077
2017-08-07 08:00:00,-22.641506,-21.059214
2017-08-07 08:30:00,-14.333269,-23.265642
2017-08-07 09:00:00,-24.933094,-27.720558
2017-08-07 09:30:00,-15.974312,-32.960835
2017-08-07 10:00:00,-16.299517,-38.084343
2017-08-07 10:30:00,-29.567972,-40.70029
2017-08-07 11:00:00,-17.905943,-39.772945
2017-08-07 11:30:00,-24.366829,-38.34605
2017-08-07 12:00:00,-34.374737,-35.00847
2017-08-07 12:30:00,-33.491528,-35.961643
2017-08-07 13:00:00,-31.512848,-33.839355
2017-08-07 13:30:00,-22.17693,-30.103806
2017-08-07 14:00:00,-22.551517,-28.309347
2017-08-07 14:30:00,-23.018118,-24.233984
2017-08-07 15:00:00,-20.485886,-23.808071
2017-08-07 15:30:00,-12.4731045,-20.151325
2017-08-07 16:00:00,6.7294383,-13.70663
2017-08-07 16:30:00,-28.613089,-8.046034
2017-08-07 17:00:00,-9.3721695,-1.0362233
2017-08-07 17:30:00,5.406351,4.8846855
2017-08-07 18:00:00,2.2378898,11.465004
2017-08-07 18:30:00,3.4821277,15.145082
2017-08-07 19:00:00,7.3112226,15.351215
2017-08-07 19:30:00,6.6205244,14.713223
2017-08-07 20:00:00,5.2115526,15.062036
2017-08-07 20:30:00,6.5447874,15.356867
2017-08-07 21:00:00,7.8780255,14.038275
2017-08-07 21:30:00,9.211261,13.2003
2017-08-07 22:00:00,10.544498,12.450715
2017-08-07 22:30:00,11.877733,12.445666
2017-08-07 23:00:00,6.2384405,10.420968
2017-08-07 23:30:00,20.065619,13.338375
2017-08-08 00:00:00,36.26058,11.195
2017-08-08 00:30:00,21.345167,11.684016
2017-08-08 01:00:00,6.42975,10.406028
2017-08-08 01:30:00,34.430584,10.829304
2017-08-08 02:00:00,28.908705,9.503813
2017-08-08 02:30:00,23.386818,10.472504
2017-08-08 03:00:00,17.86493,12.034399
2017-08-08 03:30:00,12.343044,11.128239
2017-08-08 04:00:00,9.1139965,10.633872
2017-08-08 04:30:00,3.0984426,12.197866
2017-08-08 05:00:00,9.35883,11.204386
2017-08-08 05:30:00,7.5004897,11.743935
2017-08-08 06:00:00,22.06983,11.210517
2017-08-08 06:30:00,7.2329235,8.731939
2017-08-08 07:00:00,3.2956753,4.9638476
2017-08-08 07:30:00,-0.6415772,-2.2743344
2017-08-08 08:00:00,-4.578826,-8.789499
2017-08-08 08:30:00,-8.516074,-13.365727
2017-08-08 09:00:00,-12.453326,-17.286415
2017-08-08 09:30:00,-16.390575,-20.162947
2017-08-08 10:00:00,-20.327826,-24.92906
2017-08-08 10:30:00,-24.265076,-22.99614
2017-08-08 11:00:00,-28.202326,-21.974695
2017-08-08 11:30:00,-32.139576,-21.918613
2017-08-08 12:00:00,-31.5773,-24.793453
2017-08-08 12:30:00,-31.015022,-20.599335
2017-08-08 13:00:00,-30.452745,-16.948896
2017-08-08 13:30:00,-29.890469,-11.775088
2017-08-08 14:00:00,-29.32819,-10.187476
2017-08-08 14:30:00,-28.765915,-2.7042754
2017-08-08 15:00:00,-24.707615,-2.4630778
2017-08-08 15:30:00,-20.649317,-3.778919
2017-08-08 16:00:00,-16.591022,-5.817973
2017-08-08 16:30:00,-11.529464,-8.609283
2017-08-08 17:00:00,-6.4679093,-3.6351318
2017-08-08 17:30:00,-4.4387956,-2.4896722
2017-08-08 18:00:00,-2.0607336,-2.391384
2017-08-08 18:30:00,2.8031287,2.9164026
2017-08-08 19:00:00,5.4716997,7.589656
2017-08-08 19:30:00,5.2205358,11.557102
2017-08-08 20:00:00,19.305107,13.68256
2017-08-08 20:30:00,33.38968,12.942531
2017-08-08 21:00:00,19.43701,13.557545
2017-08-08 21:30:00,5.484338,12.817652
2017-08-08 22:00:00,5.2002826,11.862996
2017-08-08 22:30:00,7.8377643,9.208028
2017-08-08 23:00:00,4.2896004,9.257419
2017-08-08 23:30:00,3.9829447,8.349159
2017-08-09 00:00:00,3.8631864,7.3356133
2017-08-09 00:30:00,6.8674755,5.4325166
2017-08-09 01:00:00,5.0445924,5.3721
2017-08-09 01:30:00,3.2217093,4.120394
2017-08-09 02:00:00,6.2642856,6.731549
2017-08-09 02:30:00,7.4631224,6.131659
2017-08-09 03:00:00,6.1499567,7.6353807
2017-08-09 03:30:00,6.6984653,7.688796
2017-08-09 04:00:00,9.352304,6.296404
2017-08-09 04:30:00,12.006146,5.061047
2017-08-09 05:00:00,14.659989,5.399441
2017-08-09 05:30:00,6.4520493,5.900288
2017-08-09 06:00:00,77.28127,5.4185557
2017-08-09 06:30:00,-30.783688,2.4839218
2017-08-09 07:00:00,-15.043437,-2.2957404
2017-08-09 07:30:00,0.69681567,-3.7685947
2017-08-09 08:00:00,16.437065,-9.013685
2017-08-09 08:30:00,-2.7743416,-11.363505
2017-08-09 09:00:00,-6.2555523,-16.503649
2017-08-09 09:30:00,-4.1769075,-19.764397
2017-08-09 10:00:00,-7.3494463,-19.415815
2017-08-09 10:30:00,-25.855526,-21.534576
2017-08-09 11:00:00,-18.439404,-20.48706
2017-08-09 11:30:00,-15.627738,-16.731134
2017-08-09 12:00:00,-18.935259,-19.417088
2017-08-09 12:30:00,-16.553486,-21.044693
2017-08-09 13:00:00,-20.509893,-22.442062
2017-08-09 13:30:00,-21.38461,-21.443401
2017-08-09 14:00:00,-7.914922,-24.50208
2017-08-09 14:30:00,-11.7178,-23.418432
2017-08-09 15:00:00,-5.9913807,-20.263872
2017-08-09 15:30:00,-7.944769,-16.189774
2017-08-09 16:00:00,-9.898157,-11.625838
2017-08-09 16:30:00,-7.5292673,-6.18113
2017-08-09 17:00:00,-5.5922656,-0.000544735
2017-08-09 17:30:00,-5.568218,2.6169927
2017-08-09 18:00:00,-1.5366224,7.300646
2017-08-09 18:30:00,2.889778,9.578965
2017-08-09 19:00:00,2.5519192,8.368658
2017-08-09 19:30:00,1.8423355,10.074971
2017-08-09 20:00:00,4.3396544,6.601115
2017-08-09 20:30:00,2.9953763,10.827597
2017-08-09 21:00:00,6.239827,12.637883
2017-08-09 21:30:00,4.414088,13.911677
2017-08-09 22:00:00,3.72091,15.995718
2017-08-09 22:30:00,5.888242,13.384428
2017-08-09 23:00:00,5.9706635,14.378451
2017-08-09 23:30:00,8.351537,7.978858
2017-08-10 00:00:00,6.433039,10.03237
2017-08-10 00:30:00,5.7088547,11.147297
2017-08-10 01:00:00,9.986091,8.667341
2017-08-10 01:30:00,6.3157525,9.907106
2017-08-10 02:00:00,4.495537,9.129371
2017-08-10 02:30:00,8.214942,8.262664
2017-08-10 03:00:00,6.122635,7.2179685
2017-08-10 03:30:00,5.0000396,9.159288
2017-08-10 04:00:00,9.501928,11.164355
2017-08-10 04:30:00,6.054652,12.780054
2017-08-10 05:00:00,5.9920692,15.304235
2017-08-10 05:30:00,5.2894034,16.046774
2017-08-10 06:00:00,4.187122,20.934273
2017-08-10 06:30:00,4.2405934,13.287831
2017-08-10 07:00:00,-1.2160515,6.4231257
2017-08-10 07:30:00,-9.351008,-0.6256611
2017-08-10 08:00:00,-29.12653,-3.0059648
2017-08-10 08:30:00,-25.719193,-15.676074
2017-08-10 09:00:00,-23.501148,-22.917847
2017-08-10 09:30:00,-24.052433,-26.246254
2017-08-10 10:00:00,-16.306345,-27.728653
2017-08-10 10:30:00,-31.760777,-34.841125
2017-08-10 11:00:00,-28.898344,-36.464558
2017-08-10 11:30:00,-33.291355,-35.74439
2017-08-10 12:00:00,-31.787048,-28.490717
2017-08-10 12:30:00,-27.60108,-26.99205
2017-08-10 13:00:00,-26.04372,-23.787594
2017-08-10 13:30:00,-22.526476,-24.92911
2017-08-10 14:00:00,-28.182533,-23.36969
2017-08-10 14:30:00,-21.815878,-23.52944
2017-08-10 15:00:00,-25.337408,-19.844372
2017-08-10 15:30:00,-11.958542,-17.672651
2017-08-10 16:00:00,-12.82821,-13.863892
2017-08-10 16:30:00,-20.6047,-13.600859
2017-08-10 17:00:00,-12.508091,-9.644333
2017-08-10 17:30:00,-4.553343,-4.7032757
2017-08-10 18:00:00,0.7059908,0.643423
2017-08-10 18:30:00,5.96532,2.8254278
2017-08-10 19:00:00,0.82180053,9.791556
2017-08-10 19:30:00,24.046783,8.749367
2017-08-10 20:00:00,14.079067,10.78168
2017-08-10 20:30:00,4.111355,10.365142
2017-08-10 21:00:00,2.2291214,14.55655
2017-08-10 21:30:00,5.143966,12.459479
2017-08-10 22:00:00,12.262477,10.386193
2017-08-10 22:30:00,6.6645045,11.023081
2017-08-10 23:00:00,3.5658753,11.813319
2017-08-10 23:30:00,5.028763,9.296794
2017-08-11 00:00:00,4.7914047,13.793769
2017-08-11 00:30:00,17.041536,15.15708
2017-08-11 01:00:00,17.734858,15.143439
2017-08-11 01:30:00,7.62497,14.84331
2017-08-11 02:00:00,4.4899907,13.391225
2017-08-11 02:30:00,23.782465,13.799663
2017-08-11 03:00:00,19.104853,12.866425
2017-08-11 03:30:00,14.427239,12.936495
2017-08-11 04:00:00,9.74963,10.547403
2017-08-11 04:30:00,5.072016,12.529945
2017-08-11 05:00:00,5.290447,12.054969
2017-08-11 05:30:00,5.5088825,12.184988
2017-08-11 06:00:00,5.727314,9.847353
2017-08-11 06:30:00,9.401809,10.327805
2017-08-11 07:00:00,4.988924,4.610126
2017-08-11 07:30:00,-9.869501,-2.2527738
2017-08-11 08:00:00,-10.238321,-12.601722
2017-08-11 08:30:00,-19.405231,-19.69111
2017-08-11 09:00:00,-22.585331,-25.44201
2017-08-11 09:30:00,-36.936615,-32.52497
2017-08-11 10:00:00,-41.96473,-32.78358
2017-08-11 10:30:00,-38.94491,-38.711327
2017-08-11 11:00:00,-41.577705,-37.249798
2017-08-11 11:30:00,-44.210503,-36.67733
2017-08-11 12:00:00,-40.842445,-35.49789
2017-08-11 12:30:00,-29.683563,-34.597397
2017-08-11 13:00:00,-35.454773,-32.068436
2017-08-11 13:30:00,-44.36316,-29.519152
2017-08-11 14:00:00,-14.423354,-27.419796
2017-08-11 14:30:00,-18.003109,-21.525578
2017-08-11 15:00:00,-24.343973,-20.41792
2017-08-11 15:30:00,-16.52879,-13.699663
2017-08-11 16:00:00,-12.554212,-8.007913
2017-08-11 16:30:00,-4.061693,-4.2919636
2017-08-11 17:00:00,-6.1181064,-0.173534
2017-08-11 17:30:00,-3.0150006,3.2865264
2017-08-11 18:00:00,0.08810143,6.7721
2017-08-11 18:30:00,3.1912034,6.5532236
2017-08-11 19:00:00,6.835195,6.112216
2017-08-11 19:30:00,5.6149144,5.5336084
2017-08-11 20:00:00,5.029185,5.9915757
2017-08-11 20:30:00,6.235871,5.5890546
2017-08-11 21:00:00,8.759846,4.267825
2017-08-11 21:30:00,7.3900647,4.973584
2017-08-11 22:00:00,8.221081,5.8682604
2017-08-11 22:30:00,9.489735,6.5691285
2017-08-11 23:00:00,7.6729326,8.343627
2017-08-11 23:30:00,7.6470313,7.8882294
2017-08-12 00:00:00,8.407963,9.226174
2017-08-12 00:30:00,4.840498,8.713055
2017-08-12 01:00:00,7.5663624,10.698802
2017-08-12 01:30:00,6.9462986,9.80907
2017-08-12 02:00:00,8.5396805,11.996407
2017-08-12 02:30:00,7.207113,10.638096
2017-08-12 03:00:00,9.501822,14.559165
2017-08-12 03:30:00,8.3525505,14.100998
2017-08-12 04:00:00,-16.833754,14.359604
2017-08-12 04:30:00,6.908879,15.250745
2017-08-12 05:00:00,6.5474586,14.479916
2017-08-12 05:30:00,11.727793,14.552638
2017-08-12 06:00:00,4.9492164,6.4990096
2017-08-12 06:30:00,5.239248,4.7966647
2017-08-12 07:00:00,5.375499,1.5165912
2017-08-12 07:30:00,8.291136,-3.4118774
2017-08-12 08:00:00,11.206771,-9.147743
2017-08-12 08:30:00,14.122407,-10.869708
2017-08-12 09:00:00,17.038048,-15.038667
2017-08-12 09:30:00,19.953688,-18.216368
2017-08-12 10:00:00,22.86932,-19.301376
2017-08-12 10:30:00,25.784958,-20.72531
2017-08-12 11:00:00,28.700598,-17.373129
2017-08-12 11:30:00,31.616236,-14.535826
2017-08-12 12:00:00,34.531868,-16.173307
2017-08-12 12:30:00,37.44751,-10.359478
2017-08-12 13:00:00,40.363148,-10.28763
2017-08-12 13:30:00,43.27878,-9.913048
2017-08-12 14:00:00,46.19442,-1.7129275
2017-08-12 14:30:00,49.11006,0.5897628
2017-08-12 15:00:00,52.025692,3.0512068
2017-08-12 15:30:00,54.941334,6.657673
2017-08-12 16:00:00,57.85697,12.560447
2017-08-12 16:30:00,60.772602,12.757054
2017-08-12 17:00:00,63.688244,15.300054
2017-08-12 17:30:00,38.088997,16.750284
2017-08-12 18:00:00,12.489756,16.085487
2017-08-12 18:30:00,-13.109491,28.005627
2017-08-12 19:00:00,25.55211,27.034143
2017-08-12 19:30:00,64.213715,22.342371
2017-08-12 20:00:00,9.463627,16.552795
2017-08-12 20:30:00,-45.28646,18.411146
2017-08-12 21:00:00,4.7675157,16.919514
2017-08-12 21:30:00,3.9360633,14.970111
2017-08-12 22:00:00,5.3024974,12.622085
2017-08-12 22:30:00,4.950509,12.8590765
2017-08-12 23:00:00,4.649166,15.437706
2017-08-12 23:30:00,4.168214,12.72442
2017-08-13 00:00:00,6.7294497,20.293432
2017-08-13 00:30:00,5.345611,19.881454
2017-08-13 01:00:00,3.9617722,17.616888
2017-08-13 01:30:00,3.6396227,14.606905
2017-08-13 02:00:00,3.3174694,10.919396
2017-08-13 02:30:00,4.5323467,9.259977
2017-08-13 03:00:00,5.7472243,7.6977863
2017-08-13 03:30:00,6.962102,6.0428696
2017-08-13 04:00:00,7.627189,2.3028765
2017-08-13 04:30:00,6.6977797,2.839147
2017-08-13 05:00:00,6.388362,2.880953
2017-08-13 05:30:00,5.5938663,5.276551
2017-08-13 06:00:00,4.7993665,2.441641
2017-08-13 06:30:00,2.1851904,-1.506158
2017-08-13 07:00:00,-3.452421,-4.133869
2017-08-13 07:30:00,-3.7274368,-8.425212
2017-08-13 08:00:00,-7.541622,-13.73133
2017-08-13 08:30:00,-10.592073,-17.513765
2017-08-13 09:00:00,-13.95808,-18.821486
2017-08-13 09:30:00,-23.380335,-15.409345
2017-08-13 10:00:00,-36.068123,-20.348658
2017-08-13 10:30:00,-30.831038,-27.296122
2017-08-13 11:00:00,-48.548122,-29.220972
2017-08-13 11:30:00,-31.281824,-31.47295
2017-08-13 12:00:00,-20.845575,-31.678658
2017-08-13 12:30:00,-27.607874,-29.76027
2017-08-13 13:00:00,-20.27085,-23.024715
2017-08-13 13:30:00,-8.880116,-23.989815
2017-08-13 14:00:00,-8.531685,-15.999121
2017-08-13 14:30:00,-8.183253,-15.231939
2017-08-13 15:00:00,-7.834826,-7.824619
2017-08-13 15:30:00,-7.486395,0.08946922
2017-08-13 16:00:00,-7.1379633,4.7564487
2017-08-13 16:30:00,-6.7895317,11.592088
2017-08-13 17:00:00,-6.441104,11.471602
2017-08-13 17:30:00,-6.0926723,16.339354
2017-08-13 18:00:00,-5.7442408,20.145464
2017-08-13 18:30:00,51.924625,15.59025
2017-08-13 19:00:00,33.57866,16.787588
2017-08-13 19:30:00,5.6551304,17.574694
2017-08-13 20:00:00,6.9361024,16.145407
2017-08-13 20:30:00,7.7992177,8.235312
2017-08-13 21:00:00,5.2088814,6.831962
2017-08-13 21:30:00,5.6894794,11.228603
2017-08-13 22:00:00,6.2757363,9.774739
2017-08-13 22:30:00,5.447121,8.316249
2017-08-13 23:00:00,3.391311,3.8357363
2017-08-13 23:30:00,6.860965,6.463903
2017-08-14 00:00:00,5.097337,4.4853144
2017-08-14 00:30:00,4.6479945,6.599932
2017-08-14 01:00:00,5.7237043,8.029365
2017-08-14 01:30:00,18.317888,4.45716
2017-08-14 02:00:00,5.0738397,11.622432
2017-08-14 02:30:00,4.836244,16.401344
2017-08-14 03:00:00,4.5986447,19.347452
2017-08-14 03:30:00,4.361049,16.377432
2017-08-14 04:00:00,3.1969194,13.727754
2017-08-14 04:30:00,3.7606852,11.164219
2017-08-14 05:00:00,4.5859656,3.2173986
2017-08-14 05:30:00,2.4665136,2.0967364
2017-08-14 06:00:00,4.2364335,2.9537323
2017-08-14 06:30:00,6.0063577,-3.102682
2017-08-14 07:00:00,12.87971,-6.0668387
2017-08-14 07:30:00,19.753063,-6.1385326
2017-08-14 08:00:00,40.20744,-12.835546
2017-08-14 08:30:00,-6.8909364,-10.861622
2017-08-14 09:00:00,-10.57783,-13.989332
2017-08-14 09:30:00,-18.360765,-23.239683
2017-08-14 10:00:00,-19.773903,-33.690643
2017-08-14 10:30:00,-24.236216,-38.01049
2017-08-14 11:00:00,-23.101656,-39.12221
2017-08-14 11:30:00,-23.584879,-37.265324
2017-08-14 12:00:00,-19.280972,-33.22916
2017-08-14 12:30:00,-21.598726,-33.49174
2017-08-14 13:00:00,-25.275066,-32.303078
2017-08-14 13:30:00,-17.182922,-24.049261
2017-08-14 14:00:00,-26.68527,-25.114725
2017-08-14 14:30:00,-23.585558,-23.624763
2017-08-14 15:00:00,-9.858582,-16.762138
2017-08-14 15:30:00,-1.6051624,-9.480503
2017-08-14 16:00:00,-3.6490922,-2.0446103
2017-08-14 16:30:00,-3.0100982,3.3397157
2017-08-14 17:00:00,-1.5705608,0.95447963
2017-08-14 17:30:00,-0.5197273,2.3036828
2017-08-14 18:00:00,0.65520555,0.95288956
2017-08-14 18:30:00,1.304603,4.7775006
2017-08-14 19:00:00,4.764535,5.160843
2017-08-14 19:30:00,4.215649,2.3857312
2017-08-14 20:00:00,7.6573935,-1.5348024
2017-08-14 20:30:00,6.6706614,1.8710214
2017-08-14 21:00:00,3.5125806,-3.029643
2017-08-14 21:30:00,5.5005064,-5.3728924
2017-08-14 22:00:00,3.2617404,-5.2869744
2017-08-14 22:30:00,5.411412,-7.5500402
2017-08-14 23:00:00,4.5075455,-12.964231
2017-08-14 23:30:00,4.8556604,-9.881849
2017-08-15 00:00:00,5.203772,-14.316629
2017-08-15 00:30:00,4.665414,-14.562522
2017-08-15 01:00:00,3.8409212,-10.71537
2017-08-15 01:30:00,3.1276221,-7.7073245
2017-08-15 02:00:00,7.295714,-3.1761243
2017-08-15 02:30:00,3.5481055,0.66936576
2017-08-15 03:00:00,8.657548,-0.103109926
2017-08-15 03:30:00,11.349689,1.4324968
2017-08-15 04:00:00,6.215516,2.225474
2017-08-15 04:30:00,6.3661194,0.90643
2017-08-15 05:00:00,2.4821923,-0.16534613
2017-08-15 05:30:00,4.58566,1.9547691
2017-08-15 06:00:00,5.663288,0.16345406
2017-08-15 06:30:00,1.9352319,-2.62887
2017-08-15 07:00:00,-0.22189264,-6.010417
2017-08-15 07:30:00,-1.760913,-2.3265626
2017-08-15 08:00:00,-3.2999372,-3.678773
2017-08-15 08:30:00,-3.2208316,-8.04961
2017-08-15 09:00:00,-17.893076,-7.6056333
2017-08-15 09:30:00,-15.124848,-10.804397
2017-08-15 10:00:00,-14.302409,-11.578312
2017-08-15 10:30:00,20.91022,-13.496944
2017-08-15 11:00:00,-19.528387,-14.694805
2017-08-15 11:30:00,-20.42463,-16.557758
2017-08-15 12:00:00,-31.103949,-16.327732
2017-08-15 12:30:00,-27.738495,-15.687333
2017-08-15 13:00:00,-34.961613,-18.96985
2017-08-15 13:30:00,-27.66493,-18.452166
2017-08-15 14:00:00,-41.356316,-17.588684
2017-08-15 14:30:00,-48.95068,-17.306763
2017-08-15 15:00:00,-42.370804,-17.484764
2017-08-15 15:30:00,-23.735926,-13.411233
2017-08-15 16:00:00,-29.75303,-7.940334
2017-08-15 16:30:00,-19.09595,-6.2913895
2017-08-15 17:00:00,-21.281168,-3.4617543
2017-08-15 17:30:00,-5.866558,-1.3487947
2017-08-15 18:00:00,7.705722,2.5419266
2017-08-15 18:30:00,4.2932816,6.021015
2017-08-15 19:00:00,7.0364633,9.21573
2017-08-15 19:30:00,4.0755095,7.8769326
2017-08-15 20:00:00,7.0698404,7.560669
2017-08-15 20:30:00,8.363462,8.081102
2017-08-15 21:00:00,10.0991955,8.513764
2017-08-15 21:30:00,3.6345246,7.479457
2017-08-15 22:00:00,5.1887264,6.3933735
2017-08-15 22:30:00,4.314684,5.417467
2017-08-15 23:00:00,17.945738,5.834412
2017-08-15 23:30:00,-0.3688977,4.701534
2017-08-16 00:00:00,2.944478,5.837536
2017-08-16 00:30:00,13.321494,5.9006953
2017-08-16 01:00:00,12.151769,5.756181
2017-08-16 01:30:00,10.982047,6.9539967
2017-08-16 02:00:00,18.169813,5.6547346
2017-08-16 02:30:00,17.090754,5.82789
2017-08-16 03:00:00,16.011686,7.256632
2017-08-16 03:30:00,14.932627,5.2868223
2017-08-16 04:00:00,-19.585629,5.1674557
2017-08-16 04:30:00,9.967639,7.4044733
2017-08-16 05:00:00,11.362876,6.239884
2017-08-16 05:30:00,13.548419,9.792001
2017-08-16 06:00:00,18.926203,9.210134
2017-08-16 06:30:00,3.0273778,8.3642235
2017-08-16 07:00:00,4.99129,3.7747474
2017-08-16 07:30:00,12.833956,1.0919592
2017-08-16 08:00:00,20.676624,-4.5156326
2017-08-16 08:30:00,28.519289,-8.037612
2017-08-16 09:00:00,0.9676413,-10.925885
2017-08-16 09:30:00,11.170105,-11.165526
2017-08-16 10:00:00,21.372568,-11.263966
2017-08-16 10:30:00,31.575031,-9.223985
2017-08-16 11:00:00,-34.40528,-10.792422
2017-08-16 11:30:00,-24.576836,-10.1895
2017-08-16 12:00:00,-22.11799,-12.023962
2017-08-16 12:30:00,-23.145285,-11.9633875
2017-08-16 13:00:00,-39.16657,-15.198886
2017-08-16 13:30:00,-40.3466,-15.858582
2017-08-16 14:00:00,-28.067673,-21.38799
2017-08-16 14:30:00,-23.882467,-21.848343
2017-08-16 15:00:00,-19.664652,-21.278978
2017-08-16 15:30:00,-26.95933,-18.558445
2017-08-16 16:00:00,-26.544937,-18.199291
2017-08-16 16:30:00,-13.077561,-13.448707
2017-08-16 17:00:00,-12.804512,-13.278822
2017-08-16 17:30:00,-2.3709197,-7.8972774
2017-08-16 18:00:00,-1.9277831,-1.833029
2017-08-16 18:30:00,1.9077556,1.6784611
2017-08-16 19:00:00,1.1213422,3.7465816
2017-08-16 19:30:00,3.0062582,6.785081
2017-08-16 20:00:00,4.8911705,8.106589
2017-08-16 20:30:00,6.7760863,9.192609
2017-08-16 21:00:00,2.780468,8.313597
2017-08-16 21:30:00,3.393274,8.136101
2017-08-16 22:00:00,4.0060763,6.2499933
2017-08-16 22:30:00,7.620682,5.8112955
2017-08-16 23:00:00,7.5981,4.8202677
2017-08-16 23:30:00,2.2084088,3.49362
2017-08-17 00:00:00,3.5871344,4.9554186
2017-08-17 00:30:00,6.9372177,5.6577115
2017-08-17 01:00:00,0.72679776,8.331137
2017-08-17 01:30:00,5.4196296,7.966054
2017-08-17 02:00:00,5.7820144,8.986936
2017-08-17 02:30:00,5.9982905,8.924665
2017-08-17 03:00:00,4.3351254,10.188697
2017-08-17 03:30:00,5.460328,9.138093
2017-08-17 04:00:00,7.366258,9.459489
2017-08-17 04:30:00,2.7948503,13.464204
2017-08-17 05:00:00,3.5401511,14.560265
2017-08-17 05:30:00,6.839155,13.599227
2017-08-17 06:00:00,8.292786,11.952746
2017-08-17 06:30:00,6.294154,8.729419
2017-08-17 07:00:00,25.375309,3.2291548
2017-08-17 07:30:00,1.8068144,-0.5618235
2017-08-17 08:00:00,-21.761675,-5.102696
2017-08-17 08:30:00,-11.473855,-8.202738
2017-08-17 09:00:00,-22.42563,-15.345213
2017-08-17 09:30:00,-30.714188,-19.958334
2017-08-17 10:00:00,-34.468807,-26.00255
2017-08-17 10:30:00,-27.764858,-24.957867
2017-08-17 11:00:00,-42.710434,-35.610714
2017-08-17 11:30:00,-38.933422,-39.19608
2017-08-17 12:00:00,-38.4218,-41.034504
2017-08-17 12:30:00,-37.91017,-38.355034
2017-08-17 13:00:00,-43.388863,-37.147915
2017-08-17 13:30:00,-31.16733,-36.10745
2017-08-17 14:00:00,-45.644268,-29.166368
2017-08-17 14:30:00,-28.278723,-27.907927
2017-08-17 15:00:00,-49.768284,-26.010868
2017-08-17 15:30:00,-31.793839,-22.43588
2017-08-17 16:00:00,-17.017662,-20.270718
2017-08-17 16:30:00,-7.8624043,-14.322051
2017-08-17 17:00:00,-12.9666,-15.436817
2017-08-17 17:30:00,-1.4815718,-7.1842194
2017-08-17 18:00:00,1.8892208,-3.0832202
2017-08-17 18:30:00,5.260013,0.31174028
2017-08-17 19:00:00,6.058767,2.0584495
2017-08-17 19:30:00,6.184445,4.2682133
2017-08-17 20:00:00,6.9930897,4.2890763
2017-08-17 20:30:00,8.075198,7.2307305
2017-08-17 21:00:00,8.913253,9.163686
2017-08-17 21:30:00,12.46795,9.177717
2017-08-17 22:00:00,5.96737,7.6681585
2017-08-17 22:30:00,5.200196,8.5108595
2017-08-17 23:00:00,8.429203,7.368229
2017-08-17 23:30:00,5.9790473,8.528648
2017-08-18 00:00:00,6.3690434,10.3432865
2017-08-18 00:30:00,11.316357,9.664152
2017-08-18 01:00:00,9.3702965,8.28632
2017-08-18 01:30:00,5.9279265,8.240647
2017-08-18 02:00:00,6.644828,6.3915234
2017-08-18 02:30:00,6.751643,7.613598
2017-08-18 03:00:00,8.963654,8.3423195
2017-08-18 03:30:00,9.010659,5.468772
2017-08-18 04:00:00,4.7470965,4.775142
2017-08-18 04:30:00,6.96379,6.6178527
2017-08-18 05:00:00,8.281267,5.6937337
2017-08-18 05:30:00,6.618723,7.537288
2017-08-18 06:00:00,4.9561834,5.224266
2017-08-18 06:30:00,3.2936404,5.4724913
2017-08-18 07:00:00,5.790707,5.044144
2017-08-18 07:30:00,0.73544157,1.4974873
2017-08-18 08:00:00,-16.14926,-9.742561
2017-08-18 08:30:00,-17.118694,-11.848693
2017-08-18 09:00:00,-20.063738,-16.65282
2017-08-18 09:30:00,-38.250877,-22.07948
2017-08-18 10:00:00,-31.472822,-29.765743
2017-08-18 10:30:00,-37.532013,-35.487186
2017-08-18 11:00:00,-41.684093,-46.222565
2017-08-18 11:30:00,-45.836178,-45.30615
2017-08-18 12:00:00,-47.206795,-45.04607
2017-08-18 12:30:00,-35.195965,-42.97134
2017-08-18 13:00:00,-21.719717,-40.492935
2017-08-18 13:30:00,-39.29165,-37.366955
2017-08-18 14:00:00,-38.59183,-36.104057
2017-08-18 14:30:00,-22.241604,-34.71278
2017-08-18 15:00:00,-27.235275,-34.86578
2017-08-18 15:30:00,-27.150106,-29.185692
2017-08-18 16:00:00,-18.390797,-22.382147
2017-08-18 16:30:00,-17.03745,-15.2453375
2017-08-18 17:00:00,-12.200618,-11.583814
2017-08-18 17:30:00,-3.6894438,-1.4345244
2017-08-18 18:00:00,4.096697,0.6894869
2017-08-18 18:30:00,3.4920714,4.055607
2017-08-18 19:00:00,4.7657976,7.4437475
2017-08-18 19:30:00,4.149031,8.739649
2017-08-18 20:00:00,6.1729712,12.932105
2017-08-18 20:30:00,6.040522,13.288276
2017-08-18 21:00:00,5.908073,12.100211
2017-08-18 21:30:00,5.775624,8.230987
2017-08-18 22:00:00,5.6431746,7.8821554
2017-08-18 22:30:00,5.510725,8.03999
2017-08-18 23:00:00,5.378272,6.663815
2017-08-18 23:30:00,5.245823,11.060501
2017-08-19 00:00:00,5.1133738,12.09338
2017-08-19 00:30:00,4.980924,10.459319
2017-08-19 01:00:00,4.848475,11.104451
2017-08-19 01:30:00,4.716026,10.477123
2017-08-19 02:00:00,4.5835767,11.455863
2017-08-19 02:30:00,4.451123,10.411484
2017-08-19 03:00:00,4.318674,11.4923
2017-08-19 03:30:00,5.143103,12.80383
2017-08-19 04:00:00,5.967536,13.190368
2017-08-19 04:30:00,8.637272,13.97706
2017-08-19 05:00:00,6.175357,14.239683
2017-08-19 05:30:00,5.9242415,13.453194
2017-08-19 06:00:00,4.344308,11.379004
2017-08-19 06:30:00,-0.5552295,10.364904
2017-08-19 07:00:00,-5.4547634,7.3303304
2017-08-19 07:30:00,-10.3543005,3.124536
2017-08-19 08:00:00,-15.253835,-4.8366857
2017-08-19 08:30:00,-10.108295,-12.665948
2017-08-19 09:00:00,-10.695712,-15.346976
2017-08-19 09:30:00,-11.669174,-21.7083
2017-08-19 10:00:00,-18.176155,-26.601444
2017-08-19 10:30:00,-24.892761,-34.102848
2017-08-19 11:00:00,-35.52216,-36.324944
2017-08-19 11:30:00,-24.34823,-39.952557
2017-08-19 12:00:00,-36.316803,-43.330444
2017-08-19 12:30:00,-29.716898,-40.673412
2017-08-19 13:00:00,-30.79454,-37.283463
2017-08-19 13:30:00,-21.356146,-34.189163
2017-08-19 14:00:00,-31.48761,-33.09032
2017-08-19 14:30:00,-13.589671,-26.191807
2017-08-19 15:00:00,-6.876392,-25.311125
2017-08-19 15:30:00,-3.3073225,-19.38163
2017-08-19 16:00:00,0.26174632,-12.889534
2017-08-19 16:30:00,3.8308153,-7.232465
2017-08-19 17:00:00,5.5742426,-3.3524973
2017-08-19 17:30:00,7.31767,2.0270169
2017-08-19 18:00:00,9.061098,6.091613
2017-08-19 18:30:00,30.424665,7.819674
2017-08-19 19:00:00,31.85179,11.078738
2017-08-19 19:30:00,33.278915,12.893449
2017-08-19 20:00:00,34.70604,13.575677
2017-08-19 20:30:00,36.133167,14.391511
2017-08-19 21:00:00,37.56029,14.190857
2017-08-19 21:30:00,38.98741,13.85157
2017-08-19 22:00:00,40.414536,14.487513
2017-08-19 22:30:00,41.841663,12.333485
2017-08-19 23:00:00,43.268787,12.451111
2017-08-19 23:30:00,44.695915,10.102153
2017-08-20 00:00:00,46.12304,11.783213
2017-08-20 00:30:00,47.550163,16.364206
2017-08-20 01:00:00,33.9962,17.296381
2017-08-20 01:30:00,20.44224,21.964493
2017-08-20 02:00:00,6.888279,19.487621
2017-08-20 02:30:00,7.343801,16.631035
2017-08-20 03:00:00,31.230854,15.185446
2017-08-20 03:30:00,55.1179,12.335176
2017-08-20 04:00:00,3.0975382,13.190255
2017-08-20 04:30:00,5.9403834,12.046759
2017-08-20 05:00:00,8.78323,13.358097
2017-08-20 05:30:00,11.626072,13.989374
2017-08-20 06:00:00,4.207714,12.665421
2017-08-20 06:30:00,2.1993845,8.7640505
2017-08-20 07:00:00,1.1389915,1.6824777
2017-08-20 07:30:00,-6.058056,-3.227814
2017-08-20 08:00:00,-10.228396,-12.936306
2017-08-20 08:30:00,-23.404455,-17.911667
2017-08-20 09:00:00,-19.289513,-23.359737
2017-08-20 09:30:00,-12.16256,-24.771433
2017-08-20 10:00:00,-4.0925155,-27.686934
2017-08-20 10:30:00,-16.873667,-25.102297
2017-08-20 11:00:00,-2.2202032,-22.645756
2017-08-20 11:30:00,-7.042957,-17.075716
2017-08-20 12:00:00,-6.4811277,-14.1285715
2017-08-20 12:30:00,-14.793625,-11.403763
2017-08-20 13:00:00,-15.142377,-10.794796
2017-08-20 13:30:00,-15.491125,-8.298475
2017-08-20 14:00:00,-15.839877,-9.883138
2017-08-20 14:30:00,-16.188625,-7.1603565
2017-08-20 15:00:00,-16.537373,-6.356418
2017-08-20 15:30:00,-28.060793,-5.6883426
2017-08-20 16:00:00,-19.201433,-11.035628
2017-08-20 16:30:00,-15.435498,-13.760294
2017-08-20 17:00:00,-5.433836,-15.170603
2017-08-20 17:30:00,-9.549021,-11.3383465
2017-08-20 18:00:00,-0.56982297,-8.514183
2017-08-20 18:30:00,2.458077,-2.7859244
2017-08-20 19:00:00,7.2932796,1.8375727
2017-08-20 19:30:00,1.2501025,6.4825134
2017-08-20 20:00:00,-32.57742,6.4430623
2017-08-20 20:30:00,0.93303216,6.3706636
2017-08-20 21:00:00,4.7136145,7.175062
2017-08-20 21:30:00,8.494197,3.0769045
2017-08-20 22:00:00,7.069701,3.3268592
2017-08-20 22:30:00,5.6452055,11.051077
2017-08-20 23:00:00,12.677602,13.326807
2017-08-20 23:30:00,-5.1602182,20.811142
2017-08-21 00:00:00,-1.8431989,24.362612
2017-08-21 00:30:00,-9.398116,19.502693
2017-08-21 01:00:00,-1.1531371,19.525995
2017-08-21 01:30:00,7.0918455,14.178076
2017-08-21 02:00:00,8.261082,16.199055
2017-08-21 02:30:00,5.4340763,16.248175
2017-08-21 03:00:00,2.6070678,18.660227
2017-08-21 03:30:00,5.7750735,19.089758
2017-08-21 04:00:00,7.159621,17.432964
2017-08-21 04:30:00,11.192844,14.804621
2017-08-21 05:00:00,15.226072,16.937849
2017-08-21 05:30:00,10.833644,12.469431
2017-08-21 06:00:00,2.1062355,8.758247
2017-08-21 06:30:00,-4.2646947,8.152827
2017-08-21 07:00:00,-0.9255908,2.0527449
2017-08-21 07:30:00,-15.282574,-0.8508034
2017-08-21 08:00:00,-13.166795,-9.924774
2017-08-21 08:30:00,-10.56529,-18.92423
2017-08-21 09:00:00,-26.967999,-24.36475
2017-08-21 09:30:00,-22.990715,-35.113728
2017-08-21 10:00:00,-14.059146,-44.161415
2017-08-21 10:30:00,-31.339506,-48.681896
2017-08-21 11:00:00,-37.29242,-43.64007
2017-08-21 11:30:00,-36.686657,-40.260574
2017-08-21 12:00:00,-20.460997,-36.0834
2017-08-21 12:30:00,-24.73124,-32.367523
2017-08-21 13:00:00,-21.965672,-30.653847
2017-08-21 13:30:00,-17.410688,-30.29776
2017-08-21 14:00:00,-17.988419,-27.176516
2017-08-21 14:30:00,-18.303997,-24.058355
2017-08-21 15:00:00,-15.68034,-20.039223
2017-08-21 15:30:00,-15.280357,-18.397108
2017-08-21 16:00:00,-12.70191,-13.583721
2017-08-21 16:30:00,-9.192657,-10.897026
2017-08-21 17:00:00,-8.7888365,-3.7316945
2017-08-21 17:30:00,-5.661861,-2.3009253
2017-08-21 18:00:00,-1.9071344,-0.006313556
2017-08-21 18:30:00,3.0477552,3.6257226
2017-08-21 19:00:00,6.647492,8.142917
2017-08-21 19:30:00,3.648666,6.4684134
2017-08-21 20:00:00,2.9025438,1.6776208
2017-08-21 20:30:00,3.8117719,-0.99087155
2017-08-21 21:00:00,1.8553501,-2.9163728
2017-08-21 21:30:00,6.470358,-4.9978247
2017-08-21 22:00:00,3.8968308,-2.9466865
2017-08-21 22:30:00,4.95439,-5.4712977
2017-08-21 23:00:00,6.380317,-5.3127966
2017-08-21 23:30:00,5.230314,-3.9597158
2017-08-22 00:00:00,5.1136675,-5.960736
2017-08-22 00:30:00,6.0183134,-7.627081
2017-08-22 01:00:00,1.5721618,-6.8735094
2017-08-22 01:30:00,4.0830193,-8.892879
2017-08-22 02:00:00,3.5179424,-9.752915
2017-08-22 02:30:00,6.3941045,-12.375642
2017-08-22 03:00:00,3.9680007,-11.442099
2017-08-22 03:30:00,3.3404164,-11.723169
2017-08-22 04:00:00,5.5196853,-9.243288
2017-08-22 04:30:00,6.8397884,-10.739606
2017-08-22 05:00:00,7.160683,-8.514488
2017-08-22 05:30:00,6.2840977,-5.357786
2017-08-22 06:00:00,6.58931,-6.3985443
2017-08-22 06:30:00,3.6191173,-8.102942
2017-08-22 07:00:00,1.1269866,-6.613622
2017-08-22 07:30:00,-15.316779,-9.14665
2017-08-22 08:00:00,-19.917128,-10.924585
2017-08-22 08:30:00,-24.517477,-11.744632
2017-08-22 09:00:00,-21.783775,-19.693218
2017-08-22 09:30:00,-24.42785,-21.803839
2017-08-22 10:00:00,-40.46926,-25.307302
2017-08-22 10:30:00,-30.840977,-28.528578
2017-08-22 11:00:00,-38.754974,-35.909523
2017-08-22 11:30:00,-41.07857,-37.953094
2017-08-22 12:00:00,-38.10393,-31.15578
2017-08-22 12:30:00,-38.492065,-29.732443
2017-08-22 13:00:00,-48.79762,-24.091412
2017-08-22 13:30:00,-33.227394,-21.343542
2017-08-22 14:00:00,-21.677011,-19.25031
2017-08-22 14:30:00,-16.923048,-17.685629
2017-08-22 15:00:00,-14.530215,-15.935408
2017-08-22 15:30:00,-12.68013,-14.339776
2017-08-22 16:00:00,-18.89008,-12.693028
2017-08-22 16:30:00,-15.007667,-9.3329935
2017-08-22 17:00:00,-11.125258,-4.5521936
2017-08-22 17:30:00,-3.170766,-2.8172214
2017-08-22 18:00:00,3.555596,4.0884376
2017-08-22 18:30:00,5.6903725,4.083204
2017-08-22 19:00:00,4.7354236,6.5547953
2017-08-22 19:30:00,7.0879455,6.694573
2017-08-22 20:00:00,7.5171895,7.377208
2017-08-22 20:30:00,8.389002,8.639257
2017-08-22 21:00:00,8.733417,6.604578
2017-08-22 21:30:00,8.594807,8.436324
2017-08-22 22:00:00,10.56564,8.913723
2017-08-22 22:30:00,8.865199,8.534677
2017-08-22 23:00:00,5.3663125,8.224562
2017-08-22 23:30:00,7.5934315,6.9485745
2017-08-23 00:00:00,6.758249,5.1272964
2017-08-23 00:30:00,6.6648965,6.4290304
2017-08-23 01:00:00,5.9400673,6.4037848
2017-08-23 01:30:00,5.3348155,7.840632
2017-08-23 02:00:00,6.801441,4.9047503
2017-08-23 02:30:00,6.9148884,7.412567
2017-08-23 03:00:00,7.462425,12.096952
2017-08-23 03:30:00,9.118149,9.150264
2017-08-23 04:00:00,9.180879,10.679815
2017-08-23 04:30:00,6.17758,9.257524
2017-08-23 05:00:00,7.968579,12.36121
2017-08-23 05:30:00,7.2907023,12.722291
2017-08-23 06:00:00,5.8787503,11.789829
2017-08-23 06:30:00,3.1796243,7.988764
2017-08-23 07:00:00,-4.2419963,1.6306262
2017-08-23 07:30:00,-12.658739,-4.723932
2017-08-23 08:00:00,-16.961435,-13.350911
2017-08-23 08:30:00,-19.65874,-18.346764
2017-08-23 09:00:00,-29.613487,-18.007677
2017-08-23 09:30:00,-29.388186,-21.562122
2017-08-23 10:00:00,-37.5358,-29.361958
2017-08-23 10:30:00,-37.891994,-28.48092
2017-08-23 11:00:00,-38.359005,-28.699327
2017-08-23 11:30:00,-38.82602,-30.406742
2017-08-23 12:00:00,-35.408596,-30.189676
2017-08-23 12:30:00,-40.230003,-29.564281
2017-08-23 13:00:00,-30.923494,-29.410263
2017-08-23 13:30:00,-30.64787,-26.229963
2017-08-23 14:00:00,-40.124386,-21.14733
2017-08-23 14:30:00,-34.401493,-19.35665
2017-08-23 15:00:00,-24.122631,-16.978651
2017-08-23 15:30:00,-22.839125,-12.532843
2017-08-23 16:00:00,-18.056253,-8.501839
2017-08-23 16:30:00,-16.12287,-3.821878
2017-08-23 17:00:00,-6.301959,-0.67937404
2017-08-23 17:30:00,-5.6713824,3.2179224
2017-08-23 18:00:00,-2.727735,5.6306343
2017-08-23 18:30:00,3.7935686,7.515343
2017-08-23 19:00:00,5.5065203,9.520822
2017-08-23 19:30:00,5.593655,9.161583
2017-08-23 20:00:00,12.350053,9.986483
2017-08-23 20:30:00,8.732712,10.841662
2017-08-23 21:00:00,8.8678255,9.886977
2017-08-23 21:30:00,8.916542,9.633232
2017-08-23 22:00:00,7.303046,8.352806
2017-08-23 22:30:00,7.775159,8.407303
2017-08-23 23:00:00,5.150688,6.760042
2017-08-23 23:30:00,6.099985,6.0686016
2017-08-24 00:00:00,6.8423467,5.8146076
2017-08-24 00:30:00,7.3569098,6.772944
2017-08-24 01:00:00,6.667862,6.2477098
2017-08-24 01:30:00,6.3003564,6.0664725
2017-08-24 02:00:00,1.4630026,6.3299694
2017-08-24 02:30:00,4.933206,6.652458
2017-08-24 03:00:00,5.4881134,7.8917108
2017-08-24 03:30:00,5.584642,8.674572
2017-08-24 04:00:00,6.568778,8.776959
2017-08-24 04:30:00,4.4645224,10.195298
2017-08-24 05:00:00,2.7136536,8.197493
2017-08-24 05:30:00,1.8988744,9.413078
2017-08-24 06:00:00,14.301373,7.6267786
2017-08-24 06:30:00,8.2670355,6.614989
2017-08-24 07:00:00,7.03392,1.339962
2017-08-24 07:30:00,-3.484743,-4.2109666
2017-08-24 08:00:00,-18.174524,-8.184549
2017-08-24 08:30:00,-29.991133,-17.173601
2017-08-24 09:00:00,-30.046064,-23.236147
2017-08-24 09:30:00,-33.416603,-29.607883
2017-08-24 10:00:00,-27.972721,-35.885258
2017-08-24 10:30:00,-35.53096,-40.338017
2017-08-24 11:00:00,-22.03987,-43.193466
2017-08-24 11:30:00,-29.579172,-42.939133
2017-08-24 12:00:00,-28.845215,-41.357975
2017-08-24 12:30:00,-37.233795,-40.21521
2017-08-24 13:00:00,-27.52202,-35.61217
2017-08-24 13:30:00,-27.337406,-32.364117
2017-08-24 14:00:00,-35.112957,-31.405622
2017-08-24 14:30:00,-26.477448,-27.572998
2017-08-24 15:00:00,-45.321007,-24.122581
2017-08-24 15:30:00,-22.215038,-20.150867
2017-08-24 16:00:00,-7.2155013,-13.841367
2017-08-24 16:30:00,-19.32804,-10.826869
2017-08-24 17:00:00,-13.488493,-6.0027413
2017-08-24 17:30:00,-7.648947,-2.643731
2017-08-24 18:00:00,-1.8093998,0.41577497
2017-08-24 18:30:00,4.0301466,3.2674603
2017-08-24 19:00:00,1.2680571,5.589288
2017-08-24 19:30:00,22.268917,7.249431
2017-08-24 20:00:00,8.727617,6.895815
2017-08-24 20:30:00,10.9949,7.478417
2017-08-24 21:00:00,13.262186,7.4652476
2017-08-24 21:30:00,15.529465,6.8290195
2017-08-24 22:00:00,17.98326,6.7907176
2017-08-24 22:30:00,20.437046,6.29273
2017-08-24 23:00:00,10.711459,6.396324
2017-08-24 23:30:00,11.566564,6.4829617
2017-08-25 00:00:00,7.8141127,7.31331
2017-08-25 00:30:00,12.501353,7.210696
2017-08-25 01:00:00,8.181075,7.395125
2017-08-25 01:30:00,7.7670197,6.3202443
2017-08-25 02:00:00,7.352965,6.681856
2017-08-25 02:30:00,12.830462,6.005751
2017-08-25 03:00:00,20.499641,8.805536
2017-08-25 03:30:00,11.89221,8.713273
2017-08-25 04:00:00,10.219764,8.018911
2017-08-25 04:30:00,12.3088875,8.788648
2017-08-25 05:00:00,7.014624,8.234231
2017-08-25 05:30:00,11.675252,6.5710163
2017-08-25 06:00:00,16.335878,4.897463
2017-08-25 06:30:00,13.61809,1.4979583
2017-08-25 07:00:00,4.9873714,-1.7736113
2017-08-25 07:30:00,-3.6433384,-7.5697393
2017-08-25 08:00:00,-12.039889,-13.932436
2017-08-25 08:30:00,-25.988808,-19.66217
2017-08-25 09:00:00,-12.739578,-22.246664
2017-08-25 09:30:00,-24.904049,-25.598742
2017-08-25 10:00:00,-27.289642,-27.616999
2017-08-25 10:30:00,-34.053715,-31.336676
2017-08-25 11:00:00,-31.049973,-30.086246
2017-08-25 11:30:00,-41.094112,-27.202587
2017-08-25 12:00:00,-44.749943,-29.337236
2017-08-25 12:30:00,-11.544031,-26.857449
2017-08-25 13:00:00,-13.776022,-22.175259
2017-08-25 13:30:00,-16.008009,-18.823845
2017-08-25 14:00:00,-18.24,-17.464853
2017-08-25 14:30:00,-30.089634,-13.062651
2017-08-25 15:00:00,-41.939266,-13.170186
2017-08-25 15:30:00,-23.086975,-9.814529
2017-08-25 16:00:00,-15.003198,-4.1555467
2017-08-25 16:30:00,-12.150849,-4.590213
2017-08-25 17:00:00,-4.827251,-4.8219905
2017-08-25 17:30:00,2.4963486,-1.2779335
2017-08-25 18:00:00,2.192018,2.7659082
2017-08-25 18:30:00,1.4713185,3.1216536
2017-08-25 19:00:00,5.9500823,5.1815257
2017-08-25 19:30:00,2.8869028,6.1075363
2017-08-25 20:00:00,6.645465,7.428566
2017-08-25 20:30:00,11.367232,8.085244
2017-08-25 21:00:00,6.0224247,7.8115993
2017-08-25 21:30:00,7.9081736,6.8726716
2017-08-25 22:00:00,7.448152,6.9942503
2017-08-25 22:30:00,4.941157,7.2827706
2017-08-25 23:00:00,8.271074,8.576799
2017-08-25 23:30:00,4.7065,9.524887
2017-08-26 00:00:00,13.901798,10.865552
2017-08-26 00:30:00,6.146388,13.303415
2017-08-26 01:00:00,10.698346,12.681031
2017-08-26 01:30:00,21.687761,13.326958
2017-08-26 02:00:00,6.562565,13.217052
2017-08-26 02:30:00,4.9386625,15.359482
2017-08-26 03:00:00,8.976148,16.909935
2017-08-26 03:30:00,6.8035893,14.4577675
2017-08-26 04:00:00,7.946547,11.105363
2017-08-26 04:30:00,7.409225,10.74074
2017-08-26 05:00:00,5.5374103,7.106929
2017-08-26 05:30:00,5.2418704,7.2747936
2017-08-26 06:00:00,6.884801,8.0011835
2017-08-26 06:30:00,5.195132,5.576929
2017-08-26 07:00:00,-0.11579304,-0.58091974
2017-08-26 07:30:00,-8.0643015,-6.2545195
2017-08-26 08:00:00,-7.005465,-14.813565
2017-08-26 08:30:00,-9.26457,-18.151825
2017-08-26 09:00:00,-19.61324,-24.261436
2017-08-26 09:30:00,-15.973441,-29.669382
2017-08-26 10:00:00,-18.234243,-33.4792
2017-08-26 10:30:00,-23.9261,-33.89608
2017-08-26 11:00:00,-25.81378,-34.49646
2017-08-26 11:30:00,-37.49945,-35.83722
2017-08-26 12:00:00,-28.117846,-37.307842
2017-08-26 12:30:00,-26.389957,-32.13873
2017-08-26 13:00:00,-25.324875,-27.82731
2017-08-26 13:30:00,-28.219707,-25.263582
2017-08-26 14:00:00,-18.174374,-25.56887
2017-08-26 14:30:00,-14.11405,-23.443592
2017-08-26 15:00:00,-11.794735,-22.097322
2017-08-26 15:30:00,-10.0867605,-19.425924
2017-08-26 16:00:00,-4.848623,-14.518998
2017-08-26 16:30:00,-13.697624,-7.045647
2017-08-26 17:00:00,-7.2140846,-1.6083953
2017-08-26 17:30:00,-3.4334228,2.80239
2017-08-26 18:00:00,-0.54352605,6.199054
2017-08-26 18:30:00,1.8297051,6.583085
2017-08-26 19:00:00,4.625703,7.7737985
2017-08-26 19:30:00,4.529061,9.173912
2017-08-26 20:00:00,6.9769664,10.294668
2017-08-26 20:30:00,8.027077,8.1377735
2017-08-26 21:00:00,5.8861885,7.9618454
2017-08-26 21:30:00,4.7421684,8.229498
2017-08-26 22:00:00,2.3610547,6.999013
2017-08-26 22:30:00,3.9532225,7.2549324
2017-08-26 23:00:00,2.529541,8.000871
2017-08-26 23:30:00,3.0827074,5.399686
2017-08-27 00:00:00,3.6358697,5.377149
2017-08-27 00:30:00,5.24386,7.634469
2017-08-27 01:00:00,14.769864,7.862219
2017-08-27 01:30:00,2.508071,9.641359
2017-08-27 02:00:00,9.946968,9.057303
2017-08-27 02:30:00,9.046745,9.921489
2017-08-27 03:00:00,8.146519,8.790381
2017-08-27 03:30:00,7.5199027,9.568708
2017-08-27 04:00:00,2.7618916,9.579869
2017-08-27 04:30:00,6.5376544,9.295649
2017-08-27 05:00:00,2.2142491,13.431897
2017-08-27 05:30:00,4.6087317,13.940443
2017-08-27 06:00:00,7.0032144,10.650308
2017-08-27 06:30:00,16.76819,10.9511795
2017-08-27 07:00:00,4.665101,8.169512
2017-08-27 07:30:00,-1.1187502,-0.28560588
2017-08-27 08:00:00,-12.745928,-6.4225802
2017-08-27 08:30:00,-15.523997,-14.013108
2017-08-27 09:00:00,-19.823631,-14.772894
2017-08-27 09:30:00,-27.96184,-21.083483
2017-08-27 10:00:00,-29.562716,-17.2857
2017-08-27 10:30:00,-26.652128,-25.702211
2017-08-27 11:00:00,-24.91763,-28.32306
2017-08-27 11:30:00,-32.881027,-31.514116
2017-08-27 12:00:00,-36.759693,-30.79784
2017-08-27 12:30:00,-30.40488,-29.722446
2017-08-27 13:00:00,-33.69525,-28.553736
2017-08-27 13:30:00,-31.747747,-28.718124
2017-08-27 14:00:00,-22.78201,-26.812492
2017-08-27 14:30:00,-16.34271,-24.90336
2017-08-27 15:00:00,-20.561365,-19.385588
2017-08-27 15:30:00,-20.648981,-17.628965
2017-08-27 16:00:00,-13.654541,-14.292488
2017-08-27 16:30:00,-13.27387,-12.301562
2017-08-27 17:00:00,-8.948943,-7.889952
2017-08-27 17:30:00,-2.342087,-1.6381363
2017-08-27 18:00:00,3.207549,2.5442438
2017-08-27 18:30:00,5.5794234,4.4967127
2017-08-27 19:00:00,3.9270692,5.5871177
2017-08-27 19:30:00,4.5049305,8.881119
2017-08-27 20:00:00,8.092234,8.575853
2017-08-27 20:30:00,7.6054816,9.773093
2017-08-27 21:00:00,7.8106947,8.670683
2017-08-27 21:30:00,9.811105,6.147424
2017-08-27 22:00:00,8.216638,5.6520743
2017-08-27 22:30:00,8.207659,3.8283699
2017-08-27 23:00:00,10.21895,7.106386
2017-08-27 23:30:00,9.459245,7.698397
2017-08-28 00:00:00,7.8753276,9.333992
2017-08-28 00:30:00,6.2633924,7.935364
2017-08-28 01:00:00,5.5116634,7.7540503
2017-08-28 01:30:00,4.8307767,6.248874
2017-08-28 02:00:00,5.7584414,6.8953743
2017-08-28 02:30:00,2.2174747,6.651177
2017-08-28 03:00:00,4.39059,8.351846
2017-08-28 03:30:00,1.5723652,9.691625
2017-08-28 04:00:00,3.0764222,9.174345
2017-08-28 04:30:00,8.379887,7.6569414
2017-08-28 05:00:00,4.579869,8.015106
2017-08-28 05:30:00,6.4363136,8.64618
2017-08-28 06:00:00,5.8453546,5.902323
2017-08-28 06:30:00,7.0523005,4.2600026
2017-08-28 07:00:00,13.6107645,2.1798134
2017-08-28 07:30:00,-6.322035,-3.1844366
2017-08-28 08:00:00,-15.602647,-10.595905
2017-08-28 08:30:00,-19.20848,-15.351215
2017-08-28 09:00:00,-32.82144,-18.774921
2017-08-28 09:30:00,-24.873512,-21.968016
2017-08-28 10:00:00,-32.564022,-24.738913
2017-08-28 10:30:00,-30.736126,-28.997547
2017-08-28 11:00:00,-33.58762,-29.412647
2017-08-28 11:30:00,-30.892471,-31.360073
2017-08-28 12:00:00,-39.809547,-29.814407
2017-08-28 12:30:00,-22.340868,-31.142523
2017-08-28 13:00:00,-29.55654,-32.55171
2017-08-28 13:30:00,-28.121164,-30.663517
2017-08-28 14:00:00,-23.208984,-25.80888
2017-08-28 14:30:00,-21.614405,-22.188602
2017-08-28 15:00:00,-27.45177,-19.44308
2017-08-28 15:30:00,-12.3029,-18.433725
2017-08-28 16:00:00,-10.430219,-15.7962885
2017-08-28 16:30:00,-9.554258,-11.637778
2017-08-28 17:00:00,-2.4651916,-6.293119
2017-08-28 17:30:00,0.9746837,-3.8038971
2017-08-28 18:00:00,3.4398167,1.032858
2017-08-28 18:30:00,6.7815237,3.8128834
2017-08-28 19:00:00,10.123232,6.2443037
2017-08-28 19:30:00,20.801693,7.3166637
2017-08-28 20:00:00,6.7716136,8.192658
2017-08-28 20:30:00,11.11577,10.06355
2017-08-28 21:00:00,11.474695,10.066926
2017-08-28 21:30:00,8.671403,9.396044
2017-08-28 22:00:00,8.659941,8.488172
2017-08-28 22:30:00,8.344053,8.434339
2017-08-28 23:00:00,8.028166,8.380871
2017-08-28 23:30:00,7.712282,9.28806
2017-08-29 00:00:00,8.767498,9.836855
2017-08-29 00:30:00,9.822714,10.732025
2017-08-29 01:00:00,9.965611,11.040365
2017-08-29 01:30:00,10.10851,9.391741
2017-08-29 02:00:00,10.251408,9.567804
2017-08-29 02:30:00,10.394306,10.236498
2017-08-29 03:00:00,10.537204,10.833381
2017-08-29 03:30:00,10.680101,10.312393
2017-08-29 04:00:00,10.823,9.42549
2017-08-29 04:30:00,11.271721,8.612972
2017-08-29 05:00:00,5.088957,8.402314
2017-08-29 05:30:00,-1.0938097,7.3157444
2017-08-29 06:00:00,-7.276573,5.8373246
2017-08-29 06:30:00,-13.459335,4.206625
2017-08-29 07:00:00,-19.6421,2.6628344
2017-08-29 07:30:00,-25.824863,-5.2506356
2017-08-29 08:00:00,-32.007626,-12.733678
2017-08-29 08:30:00,-38.19039,-16.995039
2017-08-29 09:00:00,1.8936294,-19.480661
2017-08-29 09:30:00,1.9284345,-20.113089
2017-08-29 10:00:00,1.9632434,-18.761429
2017-08-29 10:30:00,1.9980484,-17.460203
2017-08-29 11:00:00,2.0328574,-15.532943
2017-08-29 11:30:00,2.0676625,-12.391203
2017-08-29 12:00:00,2.1024675,-10.587247
2017-08-29 12:30:00,-4.277973,-5.9140463
2017-08-29 13:00:00,-10.658413,-7.5286794
2017-08-29 13:30:00,-12.160971,-8.909925
2017-08-29 14:00:00,-9.077466,-12.527568
2017-08-29 14:30:00,-5.6701317,-12.117104
2017-08-29 15:00:00,-5.1007934,-13.0992155
2017-08-29 15:30:00,-3.368078,-8.778128
2017-08-29 16:00:00,-3.940966,-7.265736
2017-08-29 16:30:00,0.89292926,-4.133666
2017-08-29 17:00:00,2.393712,-1.2659776
2017-08-29 17:30:00,3.0220764,3.3432953
2017-08-29 18:00:00,3.013866,6.459114
2017-08-29 18:30:00,3.005659,11.000921
2017-08-29 19:00:00,4.3475823,12.342046
2017-08-29 19:30:00,4.0761805,16.646574
2017-08-29 20:00:00,4.275508,16.344303
2017-08-29 20:30:00,3.056124,15.727368
2017-08-29 21:00:00,3.6620688,14.747399
2017-08-29 21:30:00,3.6752305,14.317673
2017-08-29 22:00:00,4.0590773,12.15189
2017-08-29 22:30:00,3.2411294,11.907979
2017-08-29 23:00:00,4.709718,10.55327
2017-08-29 23:30:00,5.4313784,12.347615
2017-08-30 00:00:00,4.049363,13.453058
2017-08-30 00:30:00,3.5717082,15.064944
2017-08-30 01:00:00,2.9487998,12.647277
2017-08-30 01:30:00,5.816239,8.527687
2017-08-30 02:00:00,4.06176,6.4440455
2017-08-30 02:30:00,5.9038415,5.856873
2017-08-30 03:00:00,5.1901054,7.4753723
2017-08-30 03:30:00,5.6985717,9.758808
2017-08-30 04:00:00,5.5910554,11.812151
2017-08-30 04:30:00,4.2067795,14.026497
2017-08-30 05:00:00,6.0007205,13.78777
2017-08-30 05:30:00,3.7150507,14.615421
2017-08-30 06:00:00,13.923193,11.200528
2017-08-30 06:30:00,8.234857,5.1233664
2017-08-30 07:00:00,4.0539527,0.30771226
2017-08-30 07:30:00,4.2306156,-6.5165696
2017-08-30 08:00:00,-6.46089,-10.859018
2017-08-30 08:30:00,-5.5806904,-16.752548
2017-08-30 09:00:00,-5.8563695,-15.559209
2017-08-30 09:30:00,-2.8857238,-12.323756
2017-08-30 10:00:00,-8.624562,-7.384018
2017-08-30 10:30:00,-7.42056,-3.6206589
2017-08-30 11:00:00,-6.216553,2.785581
2017-08-30 11:30:00,-11.8397255,4.460291
2017-08-30 12:00:00,-15.020143,5.6278687
2017-08-30 12:30:00,-4.2872763,1.3595104
2017-08-30 13:00:00,-6.956993,-4.5628686
2017-08-30 13:30:00,-9.62671,-6.525477
2017-08-30 14:00:00,-12.296423,-6.4211144
2017-08-30 14:30:00,-14.96614,-8.115444
2017-08-30 15:00:00,-17.635857,-4.5159717
2017-08-30 15:30:00,-12.770469,-2.9015381
2017-08-30 16:00:00,0.1324848,-6.384275
2017-08-30 16:30:00,-1.4059666,-0.47131974
2017-08-30 17:00:00,-0.2505182,1.6272161
2017-08-30 17:30:00,0.91392833,3.8784957
2017-08-30 18:00:00,1.4950495,8.979799
2017-08-30 18:30:00,2.075662,10.551978
2017-08-30 19:00:00,7.7507687,11.391615
2017-08-30 19:30:00,4.6957955,13.8275385
2017-08-30 20:00:00,3.8625042,13.011259
2017-08-30 20:30:00,5.651121,10.540508
2017-08-30 21:00:00,4.5819564,8.609295
2017-08-30 21:30:00,6.541204,7.6277204
2017-08-30 22:00:00,5.987608,7.27242
2017-08-30 22:30:00,7.177014,5.283096
2017-08-30 23:00:00,4.5702453,6.997623
2017-08-30 23:30:00,5.132711,6.657696
2017-08-31 00:00:00,3.016639,6.201582
2017-08-31 00:30:00,7.535691,8.414074
2017-08-31 01:00:00,9.649901,8.194388
2017-08-31 01:30:00,9.275407,7.229728
2017-08-31 02:00:00,3.6950088,6.146098
2017-08-31 02:30:00,4.2639813,5.1084223
2017-08-31 03:00:00,3.7495282,2.827485
2017-08-31 03:30:00,8.713009,0.90568393
2017-08-31 04:00:00,7.9195495,0.4743562
2017-08-31 04:30:00,9.626266,-1.0122211
2017-08-31 05:00:00,3.8081205,0.6465768
2017-08-31 05:30:00,4.8154297,0.5971443
2017-08-31 06:00:00,6.3636174,1.5283322
2017-08-31 06:30:00,4.931149,1.1937444
2017-08-31 07:00:00,1.9664198,-2.7715871
2017-08-31 07:30:00,-3.9161837,-3.7307148
2017-08-31 08:00:00,-5.670742,-7.096526
2017-08-31 08:30:00,-11.800643,-8.805009
2017-08-31 09:00:00,-29.326532,-10.313411
2017-08-31 09:30:00,-37.862503,-9.711445
2017-08-31 10:00:00,-24.130201,-10.253936
2017-08-31 10:30:00,-36.898808,-9.480767
2017-08-31 11:00:00,-22.65785,-8.850699
2017-08-31 11:30:00,-26.164118,-8.744803
2017-08-31 12:00:00,-21.221077,-10.640353
2017-08-31 12:30:00,-16.278036,-12.287293
2017-08-31 13:00:00,-11.334992,-12.132662
2017-08-31 13:30:00,-12.045654,-12.968066
2017-08-31 14:00:00,-12.756316,-13.584287
2017-08-31 14:30:00,-13.466977,-13.496296
2017-08-31 15:00:00,-14.177639,-9.651386
2017-08-31 15:30:00,-10.075966,-7.082472
2017-08-31 16:00:00,3.4727263,-4.788418
2017-08-31 16:30:00,17.021423,-2.036264
2017-08-31 17:00:00,-3.3479605,-1.6552054
2017-08-31 17:30:00,-0.015100552,1.876014
2017-08-31 18:00:00,1.5460908,0.4242907
2017-08-31 18:30:00,24.23969,1.1538224
2017-08-31 19:00:00,15.197835,2.6911623
2017-08-31 19:30:00,6.1559777,4.438926
2017-08-31 20:00:00,11.936823,4.501234
2017-08-31 20:30:00,6.2353096,4.9606338
2017-08-31 21:00:00,9.077827,5.3482
2017-08-31 21:30:00,2.4706132,5.4837537
2017-08-31 22:00:00,5.252624,4.902267
2017-08-31 22:30:00,13.457399,3.1559575
2017-08-31 23:00:00,8.555223,1.9586351
2017-08-31 23:30:00,4.5144224,0.3194496
2017-09-01 00:00:00,14.837681,1.9449873
2017-09-01 00:30:00,11.441243,3.4772818
2017-09-01 01:00:00,9.103156,5.200328
2017-09-01 01:30:00,10.923726,4.950317
2017-09-01 02:00:00,4.9711013,5.397998
2017-09-01 02:30:00,10.301451,5.1375113
2017-09-01 03:00:00,9.48394,6.0118027
2017-09-01 03:30:00,5.6972756,6.3881288
2017-09-01 04:00:00,6.782473,7.520656
2017-09-01 04:30:00,4.6639595,7.2484026
2017-09-01 05:00:00,1.6437389,6.975757
2017-09-01 05:30:00,4.2663555,5.9613905
2017-09-01 06:00:00,5.5424666,5.371757
2017-09-01 06:30:00,2.629401,3.2226286
2017-09-01 07:00:00,-3.1498652,1.410631
2017-09-01 07:30:00,-8.929127,-2.6515875
2017-09-01 08:00:00,-11.253386,-8.554406
2017-09-01 08:30:00,-26.031998,-11.352767
2017-09-01 09:00:00,-11.36505,-15.1485
2017-09-01 09:30:00,-19.207178,-18.862179
2017-09-01 10:00:00,-25.406685,-20.227474
2017-09-01 10:30:00,-22.205318,-23.34543
2017-09-01 11:00:00,-23.293842,-22.855192
2017-09-01 11:30:00,-26.4963,-23.302715
2017-09-01 12:00:00,-21.352528,-23.675898
2017-09-01 12:30:00,-20.998524,-26.08505
2017-09-01 13:00:00,-24.964685,-22.906208
2017-09-01 13:30:00,-23.31553,-19.686514
2017-09-01 14:00:00,-21.328777,-17.174261
2017-09-01 14:30:00,-23.413122,-15.160158
2017-09-01 15:00:00,-19.935415,-13.125309
2017-09-01 15:30:00,-16.45771,-11.305953
2017-09-01 16:00:00,-15.943139,-7.2255316
2017-09-01 16:30:00,-10.989534,-4.2831955
2017-09-01 17:00:00,-6.8680043,-1.7479925
2017-09-01 17:30:00,-2.7464733,1.7894628
2017-09-01 18:00:00,1.2440963,3.39107
2017-09-01 18:30:00,1.7294044,4.2354765
2017-09-01 19:00:00,1.6177659,4.5911164
2017-09-01 19:30:00,1.8193694,4.101324
2017-09-01 20:00:00,3.2182426,2.481352
2017-09-01 20:30:00,2.1968184,2.2886863
2017-09-01 21:00:00,1.6002861,2.2154362
2017-09-01 21:30:00,1.5981083,0.43949836
2017-09-01 22:00:00,3.5134623,-0.61869407
2017-09-01 22:30:00,3.553,-0.08603708
2017-09-01 23:00:00,4.296805,1.1791133
2017-09-01 23:30:00,6.419603,1.696962
2017-09-02 00:00:00,4.151066,3.8599608
2017-09-02 00:30:00,2.6423175,4.6086035
2017-09-02 01:00:00,8.376352,6.264327
2017-09-02 01:30:00,14.110388,5.8983855
2017-09-02 02:00:00,4.6780405,6.3837314
2017-09-02 02:30:00,3.848864,7.8146853
2017-09-02 03:00:00,4.730299,8.159549
2017-09-02 03:30:00,5.611734,11.668816
2017-09-02 04:00:00,5.702332,11.783665
2017-09-02 04:30:00,5.83939,12.032014
2017-09-02 05:00:00,4.5032125,11.265089
2017-09-02 05:30:00,1.7989959,10.611987
2017-09-02 06:00:00,7.1683397,5.5699167
2017-09-02 06:30:00,9.926124,2.3346107
2017-09-02 07:00:00,4.4063067,-5.724274
2017-09-02 07:30:00,-1.1135089,-11.308292
2017-09-02 08:00:00,-8.25659,-15.463834
2017-09-02 08:30:00,-6.9815454,-17.289911
2017-09-02 09:00:00,-3.297006,-17.58005
2017-09-02 09:30:00,-14.423588,-19.012527
2017-09-02 10:00:00,-10.859569,-19.868616
2017-09-02 10:30:00,-12.845764,-18.271456
2017-09-02 11:00:00,-9.72357,-17.575106
2017-09-02 11:30:00,-14.0232935,-16.944277
2017-09-02 12:00:00,-13.558348,-13.646451
2017-09-02 12:30:00,-17.424864,-13.260038
2017-09-02 13:00:00,-25.744112,-13.960029
2017-09-02 13:30:00,-4.8693433,-14.462105
2017-09-02 14:00:00,-7.8476224,-11.735182
2017-09-02 14:30:00,-32.682983,-11.938598
2017-09-02 15:00:00,-12.937546,-7.953876
2017-09-02 15:30:00,-11.131418,-6.4109635
2017-09-02 16:00:00,-3.0893848,-4.7705574
2017-09-02 16:30:00,-1.8985132,-0.7544252
2017-09-02 17:00:00,-6.5140076,2.3565593
2017-09-02 17:30:00,0.8781473,3.447918
2017-09-02 18:00:00,3.708355,6.460557
2017-09-02 18:30:00,4.580626,6.884507
2017-09-02 19:00:00,4.091456,8.259077
2017-09-02 19:30:00,1.5892684,9.703392
2017-09-02 20:00:00,4.643993,8.029861
2017-09-02 20:30:00,4.7791247,7.4283514
2017-09-02 21:00:00,5.4300447,6.1407175
2017-09-02 21:30:00,6.128818,5.8003793
2017-09-02 22:00:00,5.209944,5.0708027
2017-09-02 22:30:00,5.282644,5.5149603
2017-09-02 23:00:00,5.5604362,7.4851727
2017-09-02 23:30:00,2.3362575,6.9062486
2017-09-03 00:00:00,3.552337,6.3922205
2017-09-03 00:30:00,4.768416,5.4779134
2017-09-03 01:00:00,4.763932,5.535541
2017-09-03 01:30:00,4.7594485,5.538341
2017-09-03 02:00:00,4.7549644,5.5770645
2017-09-03 02:30:00,6.4850984,6.4357977
2017-09-03 03:00:00,6.0368786,6.3803062
2017-09-03 03:30:00,5.5886626,5.8784943
2017-09-03 04:00:00,8.576856,6.111485
2017-09-03 04:30:00,4.336655,8.029993
2017-09-03 05:00:00,5.1105213,9.50524
2017-09-03 05:30:00,6.694927,8.701498
2017-09-03 06:00:00,6.004711,6.927941
2017-09-03 06:30:00,3.5120757,5.45584
2017-09-03 07:00:00,4.8022943,1.5164065
2017-09-03 07:30:00,-3.0573869,-4.695427
2017-09-03 08:00:00,-6.079409,-10.393266
2017-09-03 08:30:00,-4.4022307,-15.039838
2017-09-03 09:00:00,-9.047514,-17.01288
2017-09-03 09:30:00,-12.620314,-18.33673
2017-09-03 10:00:00,25.93139,-20.523645
2017-09-03 10:30:00,-22.954393,-20.229248
2017-09-03 11:00:00,-20.816317,-18.849209
2017-09-03 11:30:00,-19.582993,-16.785738
2017-09-03 12:00:00,-13.876779,-15.866923
2017-09-03 12:30:00,-13.200206,-12.780073
2017-09-03 13:00:00,-26.152464,-11.788484
2017-09-03 13:30:00,4.955939,-10.850596
2017-09-03 14:00:00,44.713932,-9.273516
2017-09-03 14:30:00,44.056602,-7.2139225
2017-09-03 15:00:00,43.399265,-5.883842
2017-09-03 15:30:00,42.74193,-4.8257623
2017-09-03 16:00:00,42.084595,-0.87579656
2017-09-03 16:30:00,41.427258,-1.1295041
2017-09-03 17:00:00,40.769928,-0.25968575
2017-09-03 17:30:00,40.11259,3.9242506
2017-09-03 18:00:00,39.455254,5.4366083
2017-09-03 18:30:00,38.797916,8.663422
2017-09-03 19:00:00,38.14058,8.46524
2017-09-03 19:30:00,37.483253,10.7195
2017-09-03 20:00:00,36.825916,14.523143
2017-09-03 20:30:00,36.16858,15.631005
2017-09-03 21:00:00,35.511242,13.439531
2017-09-03 21:30:00,34.853905,11.13949
2017-09-03 22:00:00,34.196575,10.316293
2017-09-03 22:30:00,33.539238,8.500637
2017-09-03 23:00:00,32.881905,6.6665616
2017-09-03 23:30:00,32.224567,6.7952394
2017-09-04 00:00:00,31.567232,6.7533727
2017-09-04 00:30:00,30.909903,5.2717805
2017-09-04 01:00:00,30.252565,6.218421
2017-09-04 01:30:00,29.59523,5.185678
2017-09-04 02:00:00,28.937893,6.289648
2017-09-04 02:30:00,28.280556,5.7270203
2017-09-04 03:00:00,27.623226,5.463919
2017-09-04 03:30:00,26.96589,5.178319
2017-09-04 04:00:00,26.308554,3.1921983
2017-09-04 04:30:00,25.651217,3.6026208
2017-09-04 05:00:00,24.993881,3.3924074
2017-09-04 05:30:00,24.336552,3.080326
2017-09-04 06:00:00,23.679214,1.2045624
2017-09-04 06:30:00,23.021877,1.5660651
2017-09-04 07:00:00,22.364542,-0.19949935
2017-09-04 07:30:00,21.707205,-2.2992861
2017-09-04 08:00:00,21.049875,-7.3600535
2017-09-04 08:30:00,20.39254,-9.792528
2017-09-04 09:00:00,19.735203,-10.888017
2017-09-04 09:30:00,19.077866,-12.427877
2017-09-04 10:00:00,18.42053,-1.7756836
2017-09-04 10:30:00,17.7632,-10.602349
2017-09-04 11:00:00,17.105864,-11.772971
2017-09-04 11:30:00,16.448526,-10.177445
2017-09-04 12:00:00,15.79119,-12.893555
2017-09-04 12:30:00,15.133854,-13.624913
2017-09-04 13:00:00,14.476524,-13.272559
2017-09-04 13:30:00,13.819188,-11.781709
2017-09-04 14:00:00,13.161852,-2.1255207
2017-09-04 14:30:00,12.504515,-1.8152364
2017-09-04 15:00:00,11.847182,3.162868
2017-09-04 15:30:00,11.189845,4.827928
2017-09-04 16:00:00,10.532509,8.780528
2017-09-04 16:30:00,9.875175,12.580361
2017-09-04 17:00:00,9.217839,16.056812
2017-09-04 17:30:00,9.217839,19.183212
2017-09-04 18:00:00,9.217839,18.696943
2017-09-04 18:30:00,9.217839,20.87877
2017-09-04 19:00:00,9.217839,20.878296
2017-09-04 19:30:00,9.217839,16.922926
2017-09-04 20:00:00,9.217839,14.417541
2017-09-04 20:30:00,9.217839,10.646981
2017-09-04 21:00:00,9.217839,6.024979
2017-09-04 21:30:00,9.217839,0.6092585
2017-09-04 22:00:00,9.217839,3.1287034
2017-09-04 22:30:00,9.217839,1.9906368
2017-09-04 23:00:00,9.217839,0.67005527
2017-09-04 23:30:00,0.6724819,6.1176534
2017-09-05 00:00:00,6.4632134,6.4411707
2017-09-05 00:30:00,4.299446,4.3009834
2017-09-05 01:00:00,4.0614023,6.377921
2017-09-05 01:30:00,3.2660625,4.7677755
2017-09-05 02:00:00,3.8012629,2.790325
2017-09-05 02:30:00,3.9786415,2.9573307
2017-09-05 03:00:00,4.666985,2.8804708
2017-09-05 03:30:00,4.1058307,1.0684581
2017-09-05 04:00:00,2.9652774,-0.1234421
2017-09-05 04:30:00,3.097896,-0.8669945
2017-09-05 05:00:00,4.0561795,-1.9810853
2017-09-05 05:30:00,5.5007854,-0.19472529
2017-09-05 06:00:00,4.204097,-0.603524
2017-09-05 06:30:00,1.2932801,-0.8880878
2017-09-05 07:00:00,-1.370148,-3.9166622
2017-09-05 07:30:00,-7.735863,-4.2450557
2017-09-05 08:00:00,-11.7459955,-8.181264
2017-09-05 08:30:00,-7.640099,-8.577124
2017-09-05 09:00:00,-11.564216,-11.452234
2017-09-05 09:30:00,-7.272338,-13.542315
2017-09-05 10:00:00,-9.568374,-16.593649
2017-09-05 10:30:00,-26.470663,-13.554135
2017-09-05 11:00:00,-23.014555,-9.566275
2017-09-05 11:30:00,-20.125195,-12.477374
2017-09-05 12:00:00,-29.166441,-12.084747
2017-09-05 12:30:00,-37.900387,-13.61304
2017-09-05 13:00:00,-31.698465,-14.710669
2017-09-05 13:30:00,-37.081173,-14.407936
2017-09-05 14:00:00,-24.61888,-12.413175
2017-09-05 14:30:00,-17.646034,-11.905206
2017-09-05 15:00:00,-10.151887,-7.154354
2017-09-05 15:30:00,-7.635702,-7.479013
2017-09-05 16:00:00,-16.26819,-4.4438863
2017-09-05 16:30:00,-9.1959505,-5.566282
2017-09-05 17:00:00,-4.974972,-7.923193
2017-09-05 17:30:00,-1.5985646,-6.52056
2017-09-05 18:00:00,2.399349,-5.9573555
2017-09-05 18:30:00,10.459986,-3.1220872
2017-09-05 19:00:00,6.6254225,-4.5943236
2017-09-05 19:30:00,7.434354,-2.38017
2017-09-05 20:00:00,6.3340726,1.4576935
2017-09-05 20:30:00,5.854371,3.7076957
2017-09-05 21:00:00,2.6841388,6.24112
2017-09-05 21:30:00,5.9915757,5.5575576
2017-09-05 22:00:00,2.386191,6.880445
2017-09-05 22:30:00,4.2439733,6.5086184
2017-09-05 23:00:00,6.204137,7.5811744
2017-09-05 23:30:00,6.666087,9.271515
2017-09-06 00:00:00,2.117042,9.291388
2017-09-06 00:30:00,4.4916635,11.814818
2017-09-06 01:00:00,3.708988,11.215038
2017-09-06 01:30:00,12.6564,13.0259695
2017-09-06 02:00:00,3.0930393,14.521318
2017-09-06 02:30:00,3.3904104,13.316106
2017-09-06 03:00:00,3.0579515,13.404127
2017-09-06 03:30:00,3.4100945,10.845374
2017-09-06 04:00:00,3.7622375,8.505919
2017-09-06 04:30:00,4.1450105,7.8873854
2017-09-06 05:00:00,3.1772618,5.9080954
2017-09-06 05:30:00,2.2095165,4.7830963
2017-09-06 06:00:00,1.2417715,3.4070349
2017-09-06 06:30:00,0.2740225,0.05896342
2017-09-06 07:00:00,-0.6937226,-2.5182564
2017-09-06 07:30:00,-1.6614678,-5.7292666
2017-09-06 08:00:00,-2.6292167,-8.540551
2017-09-06 08:30:00,-2.9318783,-9.146307
2017-09-06 09:00:00,-7.9146433,-10.173719
2017-09-06 09:30:00,-12.897412,-5.0659657
2017-09-06 10:00:00,-17.880178,-5.406993
2017-09-06 10:30:00,-21.650923,-6.9692545
2017-09-06 11:00:00,-7.8872805,-5.646231
2017-09-06 11:30:00,-9.770452,-2.846823
2017-09-06 12:00:00,-20.102064,-4.7393317
2017-09-06 12:30:00,-24.108763,-6.715249
2017-09-06 13:00:00,-13.489303,-7.116753
2017-09-06 13:30:00,-10.430516,-5.6130123
2017-09-06 14:00:00,-1.987653,-7.174679
2017-09-06 14:30:00,7.0765777,-7.42969
2017-09-06 15:00:00,1.3771334,-3.2714171
2017-09-06 15:30:00,1.597901,1.1727453
2017-09-06 16:00:00,1.8186724,4.2062106
2017-09-06 16:30:00,2.0394437,5.9922314
2017-09-06 17:00:00,2.2602153,8.0328045
2017-09-06 17:30:00,2.4809828,9.814937
2017-09-06 18:00:00,2.701754,12.136293
2017-09-06 18:30:00,2.9225256,13.943954
2017-09-06 19:00:00,3.1432931,16.71699
2017-09-06 19:30:00,3.3640645,15.272456
2017-09-06 20:00:00,3.584836,13.645023
2017-09-06 20:30:00,3.8056035,10.602443
2017-09-06 21:00:00,4.026375,8.106529
2017-09-06 21:30:00,4.247146,7.4235473
2017-09-06 22:00:00,4.4679136,6.461974
2017-09-06 22:30:00,3.45542,4.719809
2017-09-06 23:00:00,4.4771266,3.2179072
2017-09-06 23:30:00,5.1379676,2.1094005
2017-09-07 00:00:00,12.570711,2.3310764
2017-09-07 00:30:00,3.0122907,3.665622
2017-09-07 01:00:00,10.48961,4.090382
2017-09-07 01:30:00,2.5287573,5.1520557
2017-09-07 02:00:00,2.6048222,3.681229
2017-09-07 02:30:00,9.699338,4.89712
2017-09-07 03:00:00,6.997547,4.564691
2017-09-07 03:30:00,8.831796,4.246287
2017-09-07 04:00:00,8.9400425,5.140217
2017-09-07 04:30:00,9.49047,6.792059
2017-09-07 05:00:00,8.769978,6.2375174
2017-09-07 05:30:00,6.7977376,6.2781553
2017-09-07 06:00:00,12.538457,6.1509967
2017-09-07 06:30:00,3.3469992,2.084656
2017-09-07 07:00:00,-0.2487736,1.8716204
2017-09-07 07:30:00,-4.1855855,-0.11310268
2017-09-07 08:00:00,-13.314686,-1.1179401
2017-09-07 08:30:00,-28.110762,-1.067543
2017-09-07 09:00:00,-43.610176,-1.8126705
2017-09-07 09:30:00,-31.326326,-5.1996546
2017-09-07 10:00:00,-44.349792,-10.855536
2017-09-07 10:30:00,-21.584047,-16.261019
2017-09-07 11:00:00,-21.29941,-12.367521
2017-09-07 11:30:00,-20.288532,-13.344951
2017-09-07 12:00:00,-24.45156,-13.39231
2017-09-07 12:30:00,-16.085917,-13.457806
2017-09-07 13:00:00,-28.40579,-12.681035
2017-09-07 13:30:00,-18.437159,-11.981045
2017-09-07 14:00:00,-30.13446,-8.704444
2017-09-07 14:30:00,-32.94478,-7.2854843
2017-09-07 15:00:00,-31.616798,-4.808181
2017-09-07 15:30:00,-19.211678,-2.345071
2017-09-07 16:00:00,-24.27243,-2.7524683
2017-09-07 16:30:00,-9.094569,-2.9795246
2017-09-07 17:00:00,-9.193374,-2.7190084
2017-09-07 17:30:00,-6.906521,-3.6105719
2017-09-07 18:00:00,-3.212527,-1.61982
2017-09-07 18:30:00,0.48146644,-0.5458509
2017-09-07 19:00:00,1.0078233,0.9559153
2017-09-07 19:30:00,2.9629903,2.123331
2017-09-07 20:00:00,4.9181604,4.799423
2017-09-07 20:30:00,3.0499785,4.9252067
2017-09-07 21:00:00,2.2002285,5.2696934
2017-09-07 21:30:00,1.3504785,5.8603287
2017-09-07 22:00:00,1.5795169,4.5822277
2017-09-07 22:30:00,1.8085552,2.3337893
2017-09-07 23:00:00,1.3468688,2.129646
2017-09-07 23:30:00,5.4023347,1.8490689
2017-09-08 00:00:00,2.2463074,2.7606142
2017-09-08 00:30:00,1.055564,4.9289184
2017-09-08 01:00:00,1.2665386,6.16169
2017-09-08 01:30:00,2.024289,5.691371
2017-09-08 02:00:00,2.7820392,4.298297
2017-09-08 02:30:00,3.5397894,3.9942412
2017-09-08 03:00:00,23.082573,3.40578
2017-09-08 03:30:00,1.7799411,3.8308568
2017-09-08 04:00:00,1.995166,4.711715
2017-09-08 04:30:00,2.2103908,4.7142134
2017-09-08 05:00:00,2.4256194,4.3060365
2017-09-08 05:30:00,-13.967923,3.8422136
2017-09-08 06:00:00,48.91805,3.7428625
2017-09-08 06:30:00,1.4326813,1.3871073
2017-09-08 07:00:00,-5.9401736,-0.72840714
2017-09-08 07:30:00,-47.61008,-1.7377135
2017-09-08 08:00:00,-12.9741745,-5.8018274
2017-09-08 08:30:00,-19.1494,-14.654039
2017-09-08 09:00:00,-28.878885,-25.56927
2017-09-08 09:30:00,-32.471813,-30.417921
2017-09-08 10:00:00,-29.51733,-35.11226
2017-09-08 10:30:00,-46.361046,-34.539173
2017-09-08 11:00:00,-19.854769,-33.525608
2017-09-08 11:30:00,-30.897503,-34.13113
2017-09-08 12:00:00,-45.577545,-31.263546
2017-09-08 12:30:00,-33.957882,-28.533783
2017-09-08 13:00:00,-34.689,-28.292633
2017-09-08 13:30:00,-31.821615,-26.70421
2017-09-08 14:00:00,-32.910862,-25.645754
2017-09-08 14:30:00,-26.606173,-23.95936
2017-09-08 15:00:00,-21.136885,-21.826548
2017-09-08 15:30:00,-19.464558,-18.99243
2017-09-08 16:00:00,-17.774426,-17.294523
2017-09-08 16:30:00,-13.718801,-11.857194
2017-09-08 17:00:00,-6.78868,-9.206825
2017-09-08 17:30:00,-2.3857505,-7.1821394
2017-09-08 18:00:00,1.5509328,-5.152464
2017-09-08 18:30:00,2.8294067,-3.3017232
2017-09-08 19:00:00,4.2804103,-3.374103
2017-09-08 19:30:00,3.9665124,-1.2779863
2017-09-08 20:00:00,4.804857,-0.6412305
2017-09-08 20:30:00,5.1866913,0.21891537
2017-09-08 21:00:00,5.979737,1.5420592
2017-09-08 21:30:00,5.216003,2.4113123
2017-09-08 22:00:00,4.0874276,1.9444373
2017-09-08 22:30:00,4.548941,2.0941892
2017-09-08 23:00:00,2.866258,1.0927279
2017-09-08 23:30:00,2.9667017,0.42094845
2017-09-09 00:00:00,5.2845616,1.564735
2017-09-09 00:30:00,3.5542247,2.3417435
2017-09-09 01:00:00,5.7792673,2.8726032
2017-09-09 01:30:00,5.8132396,2.9884393
2017-09-09 02:00:00,2.7395473,4.3709817
2017-09-09 02:30:00,2.935107,3.3516037
2017-09-09 03:00:00,2.6111448,3.4481854
2017-09-09 03:30:00,1.0664686,2.420947
2017-09-09 04:00:00,4.06066,2.2664926
2017-09-09 04:30:00,7.3984823,1.492329
2017-09-09 05:00:00,4.318105,2.8527195
2017-09-09 05:30:00,5.237503,-1.46552
2017-09-09 06:00:00,3.3945177,5.4665527
2017-09-09 06:30:00,2.4090025,1.2783023
2017-09-09 07:00:00,2.715775,-4.72111
2017-09-09 07:30:00,-2.9996948,-15.741411
2017-09-09 08:00:00,-15.171263,-17.126158
2017-09-09 08:30:00,-15.291594,-21.438961
2017-09-09 09:00:00,-24.221102,-27.304266
2017-09-09 09:30:00,-24.046553,-34.744778
2017-09-09 10:00:00,-35.376324,-36.411724
2017-09-09 10:30:00,-27.323109,-39.348404
2017-09-09 11:00:00,-16.547762,-34.123074
2017-09-09 11:30:00,-19.103699,-32.776974
2017-09-09 12:00:00,-24.176561,-31.811077
2017-09-09 12:30:00,-11.62109,-27.620089
2017-09-09 13:00:00,-15.077285,-23.918247
2017-09-09 13:30:00,-6.165685,-20.578451
2017-09-09 14:00:00,-8.306848,-18.985312
2017-09-09 14:30:00,-14.884352,-16.488453
2017-09-09 15:00:00,-18.367092,-12.00768
2017-09-09 15:30:00,-5.415599,-9.02222
2017-09-09 16:00:00,-2.2759206,-4.8826933
2017-09-09 16:30:00,0.9354437,-3.8982444
2017-09-09 17:00:00,1.8575131,-0.3056517
2017-09-09 17:30:00,1.2288698,3.9041746
2017-09-09 18:00:00,3.6164157,6.0233364
2017-09-09 18:30:00,2.9336112,5.173869
2017-09-09 19:00:00,4.4506073,5.977442
2017-09-09 19:30:00,5.21569,4.988291
2017-09-09 20:00:00,5.262466,5.586873
2017-09-09 20:30:00,5.1099596,4.496234
2017-09-09 21:00:00,5.873901,5.1020017
2017-09-09 21:30:00,7.319324,4.1544304
2017-09-09 22:00:00,6.53964,5.3310328
2017-09-09 22:30:00,4.8999987,4.7817926
2017-09-09 23:00:00,4.602085,4.4687276
2017-09-09 23:30:00,6.3730564,4.282675
2017-09-10 00:00:00,4.9705133,5.2874556
2017-09-10 00:30:00,5.699122,5.5706215
2017-09-10 01:00:00,5.363626,5.4564996
2017-09-10 01:30:00,7.6140084,5.963229
2017-09-10 02:00:00,5.714608,5.722197
2017-09-10 02:30:00,7.2395062,7.802228
2017-09-10 03:00:00,4.9306664,6.6323557
2017-09-10 03:30:00,6.174825,7.243757
2017-09-10 04:00:00,6.2066236,7.490471
2017-09-10 04:30:00,5.7653217,8.620832
2017-09-10 05:00:00,5.313123,6.607257
2017-09-10 05:30:00,6.557847,6.8404064
2017-09-10 06:00:00,5.0972652,4.3659816
2017-09-10 06:30:00,10.215744,2.148603
2017-09-10 07:00:00,5.4083333,-3.1885812
2017-09-10 07:30:00,4.4008546,-6.808093
2017-09-10 08:00:00,2.2765834,-14.166708
2017-09-10 08:30:00,-1.8715154,-19.099525
2017-09-10 09:00:00,-7.479371,-19.567684
2017-09-10 09:30:00,-12.227992,-24.76394
2017-09-10 10:00:00,-12.984016,-27.356213
2017-09-10 10:30:00,-10.68867,-30.350752
2017-09-10 11:00:00,-3.2001417,-27.342087
2017-09-10 11:30:00,-10.822695,-26.36118
2017-09-10 12:00:00,-14.152322,-21.38519
2017-09-10 12:30:00,-16.267324,-16.186722
2017-09-10 13:00:00,-11.342503,-12.446777
2017-09-10 13:30:00,-5.840996,-10.472861
2017-09-10 14:00:00,-4.822228,-10.593411
2017-09-10 14:30:00,-10.401902,-8.627498
2017-09-10 15:00:00,-5.3390517,-7.344706
2017-09-10 15:30:00,-7.971476,-7.1391764
2017-09-10 16:00:00,-2.9200315,-5.8340964
2017-09-10 16:30:00,-2.2977338,-3.0728545
2017-09-10 17:00:00,-1.836635,-3.7092524
2017-09-10 17:30:00,1.127955,-2.6044872
2017-09-10 18:00:00,2.9069374,-0.5518006
2017-09-10 18:30:00,4.0104513,1.9036598
2017-09-10 19:00:00,5.2577863,4.6143723
2017-09-10 19:30:00,4.7120166,3.4953647
2017-09-10 20:00:00,4.166247,4.3001885
2017-09-10 20:30:00,3.6204774,5.5123606
2017-09-10 21:00:00,3.074708,7.8959045
2017-09-10 21:30:00,2.5289383,8.4918
2017-09-10 22:00:00,1.9831686,10.974078
2017-09-10 22:30:00,1.4373989,7.9250884
2017-09-10 23:00:00,0.8916293,12.971515
2017-09-10 23:30:00,0.3458596,13.30756
2017-09-11 00:00:00,-0.19991007,15.3755865
2017-09-11 00:30:00,-0.7456797,14.885934
2017-09-11 01:00:00,-1.2914493,13.437768
2017-09-11 01:30:00,-1.8372152,12.4978075
2017-09-11 02:00:00,-2.3829849,12.8494835
2017-09-11 02:30:00,-2.9287546,12.353629
2017-09-11 03:00:00,-3.4745243,11.419943
2017-09-11 03:30:00,-4.020294,10.693701
2017-09-11 04:00:00,-4.566064,8.429022
2017-09-11 04:30:00,-5.1118336,5.778796
2017-09-11 05:00:00,-5.6576033,11.921875
2017-09-11 05:30:00,-6.2033725,8.98986
2017-09-11 06:00:00,-6.749142,7.5799346
2017-09-11 06:30:00,-7.294912,6.2503967
2017-09-11 07:00:00,-7.8406816,5.337973
2017-09-11 07:30:00,-8.386451,8.051878
2017-09-11 08:00:00,-8.93222,5.2717805
2017-09-11 08:30:00,-9.47799,3.5414171
2017-09-11 09:00:00,-10.02376,0.11423257
2017-09-11 09:30:00,-10.56953,-4.3226767
2017-09-11 10:00:00,-11.115295,-6.0712137
2017-09-11 10:30:00,-11.661065,-5.916194
2017-09-11 11:00:00,-12.206835,-8.3824005
2017-09-11 11:30:00,-12.7526045,-8.979038
2017-09-11 12:00:00,-13.298374,-9.779179
2017-09-11 12:30:00,-13.844144,-10.02616
2017-09-11 13:00:00,-14.389914,-9.466867
2017-09-11 13:30:00,-14.935683,-8.5911665
2017-09-11 14:00:00,-19.200254,-8.2785015
2017-09-11 14:30:00,-0.9566919,-7.2385426
2017-09-11 15:00:00,-4.085846,-7.786592
2017-09-11 15:30:00,-5.945279,-6.3741503
2017-09-11 16:00:00,-12.741624,-4.391767
2017-09-11 16:30:00,-6.0626564,-2.6468134
2017-09-11 17:00:00,-3.8487327,-0.6759414
2017-09-11 17:30:00,-1.8809882,2.152676
2017-09-11 18:00:00,0.14106455,5.297139
2017-09-11 18:30:00,4.0103116,5.6871924
2017-09-11 19:00:00,5.6167755,5.512492
2017-09-11 19:30:00,9.924262,7.523863
2017-09-11 20:00:00,0.962302,7.2581615
2017-09-11 20:30:00,4.320464,6.5635257
2017-09-11 21:00:00,3.5278373,6.5667696
2017-09-11 21:30:00,7.242408,6.0135245
2017-09-11 22:00:00,5.029867,5.268574
2017-09-11 22:30:00,6.1363463,4.593773
2017-09-11 23:00:00,4.0345135,5.979337
2017-09-11 23:30:00,4.224685,4.877055
2017-09-12 00:00:00,4.4148602,4.354896
2017-09-12 00:30:00,2.369152,4.090416
2017-09-12 01:00:00,4.5062833,2.811569
2017-09-12 01:30:00,3.2677393,2.220425
2017-09-12 02:00:00,1.0712012,1.5773917
2017-09-12 02:30:00,0.54845035,1.2668701
2017-09-12 03:00:00,-4.358522,1.2224867
2017-09-12 03:30:00,-6.8263187,1.3138384
2017-09-12 04:00:00,-9.294115,1.2628685
2017-09-12 04:30:00,-1.7188809,1.2353772
2017-09-12 05:00:00,5.8563495,1.0158906
2017-09-12 05:30:00,0.9547811,0.13405229
2017-09-12 06:00:00,7.329584,-1.7619493
2017-09-12 06:30:00,4.720928,-3.6546311
2017-09-12 07:00:00,-2.701193,-6.5551877
2017-09-12 07:30:00,-10.123314,-8.524201
2017-09-12 08:00:00,-17.545431,-11.4106245
2017-09-12 08:30:00,-24.967554,-14.137073
2017-09-12 09:00:00,-36.18264,-16.160177
2017-09-12 09:30:00,-37.576138,-18.30791
2017-09-12 10:00:00,-37.463715,-19.089872
2017-09-12 10:30:00,-43.1697,-20.296873
2017-09-12 11:00:00,-46.212543,-20.85619
2017-09-12 11:30:00,-49.468414,-20.2221
2017-09-12 12:00:00,-41.90512,-19.067942
2017-09-12 12:30:00,-34.34183,-17.013992
2017-09-12 13:00:00,-32.73195,-15.602425
2017-09-12 13:30:00,-35.222515,-14.542435
2017-09-12 14:00:00,-30.366379,-15.941567
2017-09-12 14:30:00,-18.760422,-13.4277935
2017-09-12 15:00:00,-12.289347,-11.116414
2017-09-12 15:30:00,-10.644604,-9.05239
2017-09-12 16:00:00,-9.7178955,-8.554383
2017-09-12 16:30:00,-10.651024,-5.802739
2017-09-12 17:00:00,-2.7491674,-4.4324203
2017-09-12 17:30:00,-1.7634075,-3.0220053
2017-09-12 18:00:00,2.6618133,-2.636214
2017-09-12 18:30:00,2.1103313,-1.3142232
2017-09-12 19:00:00,1.3138535,-0.75857383
2017-09-12 19:30:00,3.3854706,0.68336016
2017-09-12 20:00:00,3.315103,0.32651463
2017-09-12 20:30:00,2.3897216,0.3040121
2017-09-12 21:00:00,1.0841707,0.6795469
2017-09-12 21:30:00,2.9006145,1.1698741
2017-09-12 22:00:00,1.660092,0.6761557
2017-09-12 22:30:00,0.6501941,0.384964
2017-09-12 23:00:00,2.8707645,0.2620214
2017-09-12 23:30:00,5.0913305,1.3103266
2017-09-13 00:00:00,3.8540263,1.0332348
2017-09-13 00:30:00,25.93246,0.4033217
2017-09-13 01:00:00,25.291319,0.2667917
2017-09-13 01:30:00,24.650177,0.5379301
2017-09-13 02:00:00,24.009037,0.007435907
2017-09-13 02:30:00,18.137657,-0.018838417
2017-09-13 03:00:00,52.77268,0.04040975
2017-09-13 03:30:00,13.037451,-0.21133468
2017-09-13 04:00:00,14.260324,-0.7417685
2017-09-13 04:30:00,15.483193,0.89415383
2017-09-13 05:00:00,16.70607,0.6396701
2017-09-13 05:30:00,17.92894,1.2664293
2017-09-13 06:00:00,8.24988,2.431995
2017-09-13 06:30:00,-6.850057,1.4034492
2017-09-13 07:00:00,-1.1792268,-1.8951898
2017-09-13 07:30:00,-4.854433,-5.3342175
2017-09-13 08:00:00,-8.529643,-10.089048
2017-09-13 08:30:00,-14.967258,-14.471412
2017-09-13 09:00:00,-21.404879,-18.44568
2017-09-13 09:30:00,-18.547852,-21.699423
2017-09-13 10:00:00,-17.214186,-24.204987
2017-09-13 10:30:00,-17.805798,-27.0143
2017-09-13 11:00:00,-16.599648,-29.286596
2017-09-13 11:30:00,-19.839577,-31.104145
2017-09-13 12:00:00,-18.353098,-30.924822
2017-09-13 12:30:00,-18.392391,-25.846651
2017-09-13 13:00:00,-19.64699,-23.678377
2017-09-13 13:30:00,-18.8835,-24.504986
2017-09-13 14:00:00,-19.776499,-22.242851
2017-09-13 14:30:00,-20.673454,-20.152893
2017-09-13 15:00:00,-15.023598,-16.927803
2017-09-13 15:30:00,-10.932992,-12.48988
2017-09-13 16:00:00,-9.22995,-9.985696
2017-09-13 16:30:00,-8.4356575,-6.9162836
2017-09-13 17:00:00,-4.9923425,-3.6781173
2017-09-13 17:30:00,-2.5862312,-0.3270992
2017-09-13 18:00:00,2.2907624,1.7719152
2017-09-13 18:30:00,4.202582,3.1160543
2017-09-13 19:00:00,3.723785,3.9873834
2017-09-13 19:30:00,3.7631984,2.244333
2017-09-13 20:00:00,5.0332546,2.1230333
2017-09-13 20:30:00,2.992833,1.0226165
2017-09-13 21:00:00,5.159328,0.42120844
2017-09-13 21:30:00,4.9578075,-0.42357528
2017-09-13 22:00:00,4.250865,-0.28675514
2017-09-13 22:30:00,3.543923,-0.94810843
2017-09-13 23:00:00,2.3747928,-0.18370387
2017-09-13 23:30:00,2.7088153,-0.44006032
2017-09-14 00:00:00,2.7317023,2.5998747
2017-09-14 00:30:00,2.754589,5.403955
2017-09-14 01:00:00,2.777476,7.3274364
2017-09-14 01:30:00,16.01192,10.442567
2017-09-14 02:00:00,5.7982807,12.957046
2017-09-14 02:30:00,5.4681654,14.750542
2017-09-14 03:00:00,7.7472076,16.743471
2017-09-14 03:30:00,2.734325,16.18919
2017-09-14 04:00:00,11.364745,15.681873
2017-09-14 04:30:00,13.052383,18.190567
2017-09-14 05:00:00,2.4075217,16.602436
2017-09-14 05:30:00,7.5577335,16.405602
2017-09-14 06:00:00,1.926185,11.206225
2017-09-14 06:30:00,3.5642853,-0.92508215
2017-09-14 07:00:00,-0.22944373,-6.6541924
2017-09-14 07:30:00,-4.023169,-11.527369
2017-09-14 08:00:00,-7.056401,-18.152485
2017-09-14 08:30:00,-10.133978,-24.546494
2017-09-14 09:00:00,-13.211559,-25.415579
2017-09-14 09:30:00,-16.289137,-25.132036
2017-09-14 10:00:00,-21.487982,-22.950584
2017-09-14 10:30:00,-19.257637,-22.739428
2017-09-14 11:00:00,-22.90982,-22.646938
2017-09-14 11:30:00,-28.705359,-22.412985
2017-09-14 12:00:00,-18.835598,-22.286678
2017-09-14 12:30:00,-20.929306,-23.00615
2017-09-14 13:00:00,-17.19142,-21.664524
2017-09-14 13:30:00,-29.729326,-20.246613
2017-09-14 14:00:00,-24.387115,-18.859993
2017-09-14 14:30:00,-18.717293,-18.487581
2017-09-14 15:00:00,-15.118786,-15.08507
2017-09-14 15:30:00,-12.464604,-12.624206
2017-09-14 16:00:00,-9.10669,-7.395405
2017-09-14 16:30:00,-6.586127,-2.925936
2017-09-14 17:00:00,-4.0655594,2.1527176
2017-09-14 17:30:00,-1.5449911,4.800271
2017-09-14 18:00:00,0.97557294,6.784892
2017-09-14 18:30:00,3.4961407,7.985154
2017-09-14 19:00:00,4.1434507,8.518878
2017-09-14 19:30:00,4.7907605,9.830649
2017-09-14 20:00:00,5.7059116,9.653142
2017-09-14 20:30:00,5.0736775,9.234351
2017-09-14 21:00:00,1.6113678,9.517204
2017-09-14 21:30:00,2.6110091,7.7241626
2017-09-14 22:00:00,1.8713492,9.813524
2017-09-14 22:30:00,4.089666,10.303474
2017-09-14 23:00:00,2.7841341,10.210035
2017-09-14 23:30:00,1.4067575,9.622512
2017-09-15 00:00:00,2.3155522,8.561682
2017-09-15 00:30:00,3.5554605,8.614239
2017-09-15 01:00:00,14.737121,7.625923
2017-09-15 01:30:00,16.40399,7.7483306
2017-09-15 02:00:00,12.983278,5.8930573
2017-09-15 02:30:00,16.910522,5.585479
2017-09-15 03:00:00,9.814583,6.470874
2017-09-15 03:30:00,3.0703106,6.390412
2017-09-15 04:00:00,4.1284614,8.654568
2017-09-15 04:30:00,4.065773,10.181105
2017-09-15 05:00:00,3.94612,11.214266
2017-09-15 05:30:00,5.5364947,12.247514
2017-09-15 06:00:00,5.703172,12.586928
2017-09-15 06:30:00,6.1507893,12.990046
2017-09-15 07:00:00,-0.38894728,11.613788
2017-09-15 07:30:00,-5.1186047,4.4777446
2017-09-15 08:00:00,-9.848261,-2.4662428
2017-09-15 08:30:00,-9.463981,-8.008509
2017-09-15 09:00:00,-15.942054,-11.561276
2017-09-15 09:30:00,-14.783037,-16.337547
2017-09-15 10:00:00,-22.968906,-21.98555
2017-09-15 10:30:00,-22.220034,-24.337154
2017-09-15 11:00:00,-18.027733,-25.761444
2017-09-15 11:30:00,-25.23861,-25.368526
2017-09-15 12:00:00,-19.236214,-23.285255
2017-09-15 12:30:00,-24.457722,-23.291805
2017-09-15 13:00:00,-22.90449,-20.785429
2017-09-15 13:30:00,-23.913326,-20.91558
2017-09-15 14:00:00,-16.810799,-18.689274
2017-09-15 14:30:00,-20.74718,-15.905704
2017-09-15 15:00:00,-14.291372,-12.346534
2017-09-15 15:30:00,-12.990772,-9.868209
2017-09-15 16:00:00,-9.094019,-4.0023546
2017-09-15 16:30:00,-5.1972694,-1.2458376
2017-09-15 17:00:00,-3.9663324,2.8128915
2017-09-15 17:30:00,-0.95649225,3.6528447
2017-09-15 18:00:00,2.053344,5.815161
2017-09-15 18:30:00,5.063184,6.3334546
2017-09-15 19:00:00,5.872827,7.319019
2017-09-15 19:30:00,3.9475596,6.915906
2017-09-15 20:00:00,3.7900832,6.7333913
2017-09-15 20:30:00,3.508285,6.646565
2017-09-15 21:00:00,2.8936663,7.5132446
2017-09-15 21:30:00,4.4600725,7.7930946
2017-09-15 22:00:00,3.614151,9.831957
2017-09-15 22:30:00,11.46791,9.161444
2017-09-15 23:00:00,10.733333,14.088774
2017-09-15 23:30:00,11.335517,11.9954
2017-09-16 00:00:00,8.392717,12.712422
2017-09-16 00:30:00,7.4427676,12.891636
2017-09-16 01:00:00,8.377679,13.203344
2017-09-16 01:30:00,7.2837086,13.172662
2017-09-16 02:00:00,6.234484,13.568458
2017-09-16 02:30:00,8.052933,14.636687
2017-09-16 03:00:00,12.211801,13.698205
2017-09-16 03:30:00,5.430651,14.0973425
2017-09-16 04:00:00,4.7014475,14.0308895
2017-09-16 04:30:00,9.185917,15.872602
2017-09-16 05:00:00,12.166604,14.501718
2017-09-16 05:30:00,9.655825,12.444291
2017-09-16 06:00:00,15.428067,10.165595
2017-09-16 06:30:00,7.589,9.094272
2017-09-16 07:00:00,-8.229438,5.876855
2017-09-16 07:30:00,-13.854992,-0.62646365
2017-09-16 08:00:00,-16.666193,-4.7082305
2017-09-16 08:30:00,-21.810795,-6.7529707
2017-09-16 09:00:00,-19.126099,-9.030155
2017-09-16 09:30:00,-21.087326,-12.2905035
2017-09-16 10:00:00,-19.63656,-15.655765
2017-09-16 10:30:00,-22.345272,-18.322874
2017-09-16 11:00:00,-22.545982,-19.733324
2017-09-16 11:30:00,-25.854017,-21.50054
2017-09-16 12:00:00,-18.440903,-20.524334
2017-09-16 12:30:00,-18.842867,-21.929718
2017-09-16 13:00:00,-32.62017,-22.143215
2017-09-16 13:30:00,-23.521307,-22.200863
2017-09-16 14:00:00,-23.898113,-19.748335
2017-09-16 14:30:00,-16.244263,-19.407028
2017-09-16 15:00:00,-14.26957,-16.354519
2017-09-16 15:30:00,-10.618939,-13.997694
2017-09-16 16:00:00,-8.569851,-10.67159
2017-09-16 16:30:00,-5.3516746,-6.8738976
2017-09-16 17:00:00,-1.3914938,-3.763881
2017-09-16 17:30:00,0.9224365,-1.1826934
2017-09-16 18:00:00,3.594972,1.4469018
2017-09-16 18:30:00,3.0093744,3.529401
2017-09-16 19:00:00,4.7119374,4.992383
2017-09-16 19:30:00,3.566094,4.9959173
2017-09-16 20:00:00,7.455402,5.3937135
2017-09-16 20:30:00,2.5108178,4.502131
2017-09-16 21:00:00,4.9798427,3.7666008
2017-09-16 21:30:00,3.5986495,2.9653716
2017-09-16 22:00:00,9.653605,1.5929122
2017-09-16 22:30:00,7.525807,3.009009
2017-09-16 23:00:00,5.404324,3.8636084
2017-09-16 23:30:00,6.879601,4.561854
2017-09-17 00:00:00,9.034518,6.941479
2017-09-17 00:30:00,6.0737295,8.058329
2017-09-17 01:00:00,3.031647,9.279088
2017-09-17 01:30:00,6.5563397,8.905928
2017-09-17 02:00:00,8.362622,8.105455
2017-09-17 02:30:00,6.653144,8.445134
2017-09-17 03:00:00,3.416097,7.992494
2017-09-17 03:30:00,5.188696,8.1322155
2017-09-17 04:00:00,4.900451,7.363229
2017-09-17 04:30:00,4.8078446,7.2334623
2017-09-17 05:00:00,6.697629,7.561912
2017-09-17 05:30:00,8.952383,6.9237847
2017-09-17 06:00:00,6.002337,6.310025
2017-09-17 06:30:00,2.6174788,4.6033397
2017-09-17 07:00:00,-4.4313836,1.020009
2017-09-17 07:30:00,-13.921361,-5.023564
2017-09-17 08:00:00,-18.494,-11.72384
2017-09-17 08:30:00,-21.85022,-18.133724
2017-09-17 09:00:00,-29.221094,-20.288935
2017-09-17 09:30:00,-43.549164,-23.283527
2017-09-17 10:00:00,-35.29223,-25.155985
2017-09-17 10:30:00,-33.926807,-26.827204
2017-09-17 11:00:00,-36.7644,-27.417822
2017-09-17 11:30:00,-37.503716,-25.594143
2017-09-17 12:00:00,-29.145622,-26.365055
2017-09-17 12:30:00,-37.714424,-26.878462
2017-09-17 13:00:00,-36.58408,-27.743174
2017-09-17 13:30:00,-30.846783,-25.974096
2017-09-17 14:00:00,-22.42987,-24.01687
2017-09-17 14:30:00,-28.098621,-20.191576
2017-09-17 15:00:00,-13.062843,-16.720964
2017-09-17 15:30:00,-14.906967,-13.440111
2017-09-17 16:00:00,-17.813948,-9.747297
2017-09-17 16:30:00,-14.063769,-6.5317397
2017-09-17 17:00:00,-1.2497563,-4.5823717
2017-09-17 17:30:00,0.24447379,-2.2883627
2017-09-17 18:00:00,1.7387078,1.4608963
2017-09-17 18:30:00,3.2329378,4.569266
2017-09-17 19:00:00,3.2961388,5.8944855
2017-09-17 19:30:00,1.3500866,6.6529555
2017-09-17 20:00:00,2.876115,5.7506266
2017-09-17 20:30:00,4.662019,4.849202
2017-09-17 21:00:00,2.7540503,5.068116
2017-09-17 21:30:00,1.4758439,3.3441393
2017-09-17 22:00:00,1.3341969,2.437794
2017-09-17 22:30:00,0.7420657,3.5444052
2017-09-17 23:00:00,0.54201835,4.616814
2017-09-17 23:30:00,2.1304035,5.8958044
2017-09-18 00:00:00,3.7187886,7.226552
2017-09-18 00:30:00,6.293088,7.9693966
2017-09-18 01:00:00,9.548068,7.9287057
2017-09-18 01:30:00,5.149396,7.324776
2017-09-18 02:00:00,2.1024337,8.289809
2017-09-18 02:30:00,2.8585298,6.892013
2017-09-18 03:00:00,7.24578,6.4237137
2017-09-18 03:30:00,4.1330585,4.2978826
2017-09-18 04:00:00,2.0427935,4.3096685
2017-09-18 04:30:00,4.2253933,3.5814748
2017-09-18 05:00:00,1.9266032,4.8576956
2017-09-18 05:30:00,0.5451948,6.097061
2017-09-18 06:00:00,0.62031007,6.8313746
2017-09-18 06:30:00,0.047101732,5.153733
2017-09-18 07:00:00,1.6584605,1.6212023
2017-09-18 07:30:00,-8.452101,-5.0785055
2017-09-18 08:00:00,-8.614118,-12.6023245
2017-09-18 08:30:00,-8.7761345,-18.991554
2017-09-18 09:00:00,-8.938151,-21.91562
2017-09-18 09:30:00,-13.596581,-27.468517
2017-09-18 10:00:00,-14.804692,-31.077766
2017-09-18 10:30:00,-24.464567,-31.788246
2017-09-18 11:00:00,-26.609348,-32.78566
2017-09-18 11:30:00,-33.55243,-33.079723
2017-09-18 12:00:00,-23.592505,-32.3795
2017-09-18 12:30:00,-29.93782,-33.57829
2017-09-18 13:00:00,-21.57617,-33.28493
2017-09-18 13:30:00,-31.074657,-33.164406
2017-09-18 14:00:00,-31.667889,-29.195417
2017-09-18 14:30:00,-23.712248,-26.378225
2017-09-18 15:00:00,-20.773695,-20.959143
2017-09-18 15:30:00,-11.642473,-15.954929
2017-09-18 16:00:00,-12.934347,-9.371924
2017-09-18 16:30:00,-6.914603,-4.4223404
2017-09-18 17:00:00,-0.78575623,-0.62413126
2017-09-18 17:30:00,0.19990577,2.3701017
2017-09-18 18:00:00,1.1855679,5.8314767
2017-09-18 18:30:00,2.171226,6.672161
2017-09-18 19:00:00,29.256018,6.5487247
2017-09-18 19:30:00,56.34081,6.264116
2017-09-18 20:00:00,39.86459,4.9819117
2017-09-18 20:30:00,23.38837,4.4714518
2017-09-18 21:00:00,6.9121494,3.3403034
2017-09-18 21:30:00,10.403952,2.009375
2017-09-18 22:00:00,9.838773,1.9575046
2017-09-18 22:30:00,2.6249206,1.7937508
2017-09-18 23:00:00,0.3118759,2.27979
2017-09-18 23:30:00,1.9240485,0.08714059
2017-09-19 00:00:00,3.5362248,3.1656413
2017-09-19 00:30:00,2.504789,4.052826
2017-09-19 01:00:00,0.90047276,5.6283584
2017-09-19 01:30:00,1.7490735,6.9102125
2017-09-19 02:00:00,2.5976741,5.87297
2017-09-19 02:30:00,1.157304,6.309705
2017-09-19 03:00:00,4.736226,6.37537
2017-09-19 03:30:00,2.3714995,5.432475
2017-09-19 04:00:00,1.4352474,5.5410085
2017-09-19 04:30:00,0.4989915,6.757209
2017-09-19 05:00:00,-0.034599997,7.421403
2017-09-19 05:30:00,1.8917718,4.088931
2017-09-19 06:00:00,4.318591,1.265069
2017-09-19 06:30:00,6.745411,-1.5867444
2017-09-19 07:00:00,7.0993814,-7.917176
2017-09-19 07:30:00,7.453352,-14.4279175
2017-09-19 08:00:00,3.8541656,-19.72128
2017-09-19 08:30:00,0.25497898,-20.58256
2017-09-19 09:00:00,-3.344204,-20.212967
2017-09-19 09:30:00,-6.0804944,-18.74936
2017-09-19 10:00:00,-12.744677,-18.174278
2017-09-19 10:30:00,-16.25432,-15.340684
2017-09-19 11:00:00,-18.683464,-15.584357
2017-09-19 11:30:00,-21.432991,-17.3925
2017-09-19 12:00:00,-24.52962,-17.720833
2017-09-19 12:30:00,-29.991316,-17.214308
2017-09-19 13:00:00,-47.01999,-14.792404
2017-09-19 13:30:00,-9.949052,-16.397087
2017-09-19 14:00:00,-9.022317,-16.5535
2017-09-19 14:30:00,-12.279671,-15.33915
2017-09-19 15:00:00,-11.126705,-12.761911
2017-09-19 15:30:00,-11.243231,-9.963995
2017-09-19 16:00:00,-3.1002102,-6.8935137
2017-09-19 16:30:00,-2.4186604,-4.819647
2017-09-19 17:00:00,1.2400533,-1.2128035
2017-09-19 17:30:00,4.8987665,1.5242591
2017-09-19 18:00:00,5.056145,4.7173896
2017-09-19 18:30:00,2.4835262,5.619903
2017-09-19 19:00:00,3.8358607,8.238131
2017-09-19 19:30:00,3.3521314,9.4875
2017-09-19 20:00:00,5.10118,10.290403
2017-09-19 20:30:00,-0.48860735,9.152773
2017-09-19 21:00:00,-6.078399,8.313495
2017-09-19 21:30:00,-9.886668,6.3174367
2017-09-19 22:00:00,8.168596,6.0219235
2017-09-19 22:30:00,26.223864,6.6619987
2017-09-19 23:00:00,2.6866596,5.447909
2017-09-19 23:30:00,9.896006,5.3253617
2017-09-20 00:00:00,4.2635145,6.5615396
2017-09-20 00:30:00,13.434444,5.833101
2017-09-20 01:00:00,6.929701,5.6303706
2017-09-20 01:30:00,8.086397,6.744899
2017-09-20 02:00:00,8.577605,7.3942547
2017-09-20 02:30:00,3.9765842,8.266003
2017-09-20 03:00:00,9.327907,8.776835
2017-09-20 03:30:00,13.315345,8.399556
2017-09-20 04:00:00,6.4258013,7.0234222
2017-09-20 04:30:00,2.7389407,7.6329956
2017-09-20 05:00:00,3.6035178,8.176573
2017-09-20 05:30:00,-4.789744,6.8571215
2017-09-20 06:00:00,-0.15287025,5.1791477
2017-09-20 06:30:00,4.4839993,3.2139397
2017-09-20 07:00:00,4.9356327,2.3139017
2017-09-20 07:30:00,5.38727,1.8331001
2017-09-20 08:00:00,5.8389034,-0.7497152
2017-09-20 08:30:00,6.290537,-1.3559651
2017-09-20 09:00:00,4.410825,-3.1014047
2017-09-20 09:30:00,2.5311086,-6.04275
2017-09-20 10:00:00,0.65139234,-5.359237
2017-09-20 10:30:00,-1.2283239,-6.6060185
2017-09-20 11:00:00,-3.10804,-6.047317
2017-09-20 11:30:00,-4.9877567,-6.765948
2017-09-20 12:00:00,-6.867473,-4.549428
2017-09-20 12:30:00,-8.747185,-5.6363516
2017-09-20 13:00:00,-10.626902,-6.902715
2017-09-20 13:30:00,-14.97536,-5.4129877
2017-09-20 14:00:00,-10.020791,-5.5339746
2017-09-20 14:30:00,-10.457884,-4.90159
2017-09-20 15:00:00,-8.000795,-6.7889967
2017-09-20 15:30:00,-7.677026,-5.502399
2017-09-20 16:00:00,-7.1470966,-5.9082437
2017-09-20 16:30:00,-1.8415446,-4.80901
2017-09-20 17:00:00,0.99526834,-3.177089
2017-09-20 17:30:00,1.5204043,-0.15383863
2017-09-20 18:00:00,2.0455368,1.3858224
2017-09-20 18:30:00,3.2662773,3.8203628
2017-09-20 19:00:00,0.66429025,4.972073
2017-09-20 19:30:00,0.8155758,7.7017694
2017-09-20 20:00:00,-3.222452,10.285481
2017-09-20 20:30:00,0.943722,10.904539
2017-09-20 21:00:00,7.746744,9.0208025
2017-09-20 21:30:00,14.5497675,8.657258
2017-09-20 22:00:00,10.167343,7.2730565
2017-09-20 22:30:00,5.784923,7.6086392
2017-09-20 23:00:00,-14.138828,4.1840396
2017-09-20 23:30:00,-30.41481,5.1290674
2017-09-21 00:00:00,10.182615,5.009927
2017-09-21 00:30:00,10.298851,8.475915
2017-09-21 01:00:00,6.0740724,6.128931
2017-09-21 01:30:00,2.9658577,6.700504
2017-09-21 02:00:00,17.37413,7.3732967
2017-09-21 02:30:00,12.677723,8.998842
2017-09-21 03:00:00,14.903591,8.484562
2017-09-21 03:30:00,15.745824,7.964483
2017-09-21 04:00:00,9.416244,6.3767
2017-09-21 04:30:00,3.08666,3.7213962
2017-09-21 05:00:00,11.348501,3.7273118
2017-09-21 05:30:00,28.20142,1.86682
2017-09-21 06:00:00,45.05434,2.712606
2017-09-21 06:30:00,41.542587,4.4273925
2017-09-21 07:00:00,7.678091,0.9300705
2017-09-21 07:30:00,5.0681577,-2.2918556
2017-09-21 08:00:00,-2.625023,-2.8014674
2017-09-21 08:30:00,-10.318199,-5.7201066
2017-09-21 09:00:00,-11.706338,-7.445203
2017-09-21 09:30:00,-25.28189,-14.183197
2017-09-21 10:00:00,-25.969542,-17.400616
2017-09-21 10:30:00,-36.031303,-21.607445
2017-09-21 11:00:00,-29.441767,-21.112915
2017-09-21 11:30:00,-27.920403,-20.046345
2017-09-21 12:00:00,-18.240868,-19.001009
2017-09-21 12:30:00,-27.123074,-15.480718
2017-09-21 13:00:00,-34.583782,-17.301472
2017-09-21 13:30:00,-25.620152,-15.967589
2017-09-21 14:00:00,-27.727674,-15.322322
2017-09-21 14:30:00,-19.491201,-14.322719
2017-09-21 15:00:00,-17.196308,-12.592034
2017-09-21 15:30:00,-18.831274,-11.483223
2017-09-21 16:00:00,-8.03872,-7.255389
2017-09-21 16:30:00,2.9128191,-3.7630558
2017-09-21 17:00:00,3.9097514,-4.3126955
2017-09-21 17:30:00,2.6717458,-3.564282
2017-09-21 18:00:00,4.1600184,-0.68387306
2017-09-21 18:30:00,6.2897234,3.9835513
2017-09-21 19:00:00,4.704115,5.632748
2017-09-21 19:30:00,4.988886,5.743867
2017-09-21 20:00:00,5.2736573,7.0820074
2017-09-21 20:30:00,3.2344036,6.2799187
2017-09-21 21:00:00,5.002892,5.7449975
2017-09-21 21:30:00,1.9849433,4.011785
2017-09-21 22:00:00,2.8511066,5.9793034
2017-09-21 22:30:00,3.7172663,5.4345737
2017-09-21 23:00:00,4.583426,6.3832827
2017-09-21 23:30:00,0.49485797,4.502383
2017-09-22 00:00:00,-3.5937102,7.060609
2017-09-22 00:30:00,-7.682282,5.916811
2017-09-22 01:00:00,28.293278,4.864267
2017-09-22 01:30:00,3.9512558,3.1318986
2017-09-22 02:00:00,1.7559766,1.8058009
2017-09-22 02:30:00,-3.829041,1.9994087
2017-09-22 03:00:00,-9.414059,1.0921702
2017-09-22 03:30:00,6.2789655,-0.17649567
2017-09-22 04:00:00,6.248369,0.51125634
2017-09-22 04:30:00,6.217769,2.9893513
2017-09-22 05:00:00,5.226847,4.358148
2017-09-22 05:30:00,4.235925,5.751196
2017-09-22 06:00:00,10.227692,5.923567
2017-09-22 06:30:00,17.09652,6.989755
2017-09-22 07:00:00,17.380981,5.4178514
2017-09-22 07:30:00,17.665443,1.2926208
2017-09-22 08:00:00,2.8306842,-0.083278894
2017-09-22 08:30:00,-12.00407,-5.3790607
2017-09-22 09:00:00,-34.777504,-11.969006
2017-09-22 09:30:00,-46.829193,-18.42378
2017-09-22 10:00:00,-38.6157,-22.273357
2017-09-22 10:30:00,-26.411922,-25.04977
2017-09-22 11:00:00,-28.163172,-28.217854
2017-09-22 11:30:00,-34.258705,-27.009872
2017-09-22 12:00:00,-31.9494,-27.660397
2017-09-22 12:30:00,-21.519163,-26.577332
2017-09-22 13:00:00,-29.570162,-21.39084
2017-09-22 13:30:00,-36.411736,-19.775234
2017-09-22 14:00:00,-33.085125,-20.58716
2017-09-22 14:30:00,-31.820843,-19.184523
2017-09-22 15:00:00,-23.401873,-16.563515
2017-09-22 15:30:00,-19.213572,-13.178212
2017-09-22 16:00:00,-15.275494,-9.981061
2017-09-22 16:30:00,-5.8291717,-3.8025482
2017-09-22 17:00:00,-0.97167355,0.8154778
2017-09-22 17:30:00,0.3668097,2.7773404
2017-09-22 18:00:00,1.7052892,3.8756056
2017-09-22 18:30:00,1.5712386,5.394629
2017-09-22 19:00:00,4.3500767,8.782046
2017-09-22 19:30:00,4.539932,10.338268
2017-09-22 20:00:00,3.734682,9.365779
2017-09-22 20:30:00,4.2397757,10.444861
2017-09-22 21:00:00,4.744866,8.467388
2017-09-22 21:30:00,3.1800086,8.945073
2017-09-22 22:00:00,15.4769535,7.917036
2017-09-22 22:30:00,9.750123,6.3290725
2017-09-22 23:00:00,4.0232964,7.4662046
2017-09-22 23:30:00,5.530835,7.397736
2017-09-23 00:00:00,5.489421,9.66529
2017-09-23 00:30:00,5.448003,10.32641
2017-09-23 01:00:00,2.9955118,11.634165
2017-09-23 01:30:00,3.6304214,14.607546
2017-09-23 02:00:00,4.7586946,13.39179
2017-09-23 02:30:00,1.4907652,13.692794
2017-09-23 03:00:00,2.1124754,14.56346
2017-09-23 03:30:00,2.7341855,13.0399
2017-09-23 04:00:00,3.3558955,16.085533
2017-09-23 04:30:00,3.9776015,15.720698
2017-09-23 05:00:00,4.599312,14.537454
2017-09-23 05:30:00,5.2210217,13.606695
2017-09-23 06:00:00,6.057158,13.371662
2017-09-23 06:30:00,14.271312,9.826667
2017-09-23 07:00:00,10.208054,6.1819506
2017-09-23 07:30:00,6.1448016,1.1758953
2017-09-23 08:00:00,2.0815475,-4.70022
2017-09-23 08:30:00,-1.9817071,-8.640769
2017-09-23 09:00:00,-12.838398,-15.23316
2017-09-23 09:30:00,-20.846657,-21.20602
2017-09-23 10:00:00,-25.335579,-25.42165
2017-09-23 10:30:00,-34.14847,-26.923386
2017-09-23 11:00:00,-22.832478,-29.824602
2017-09-23 11:30:00,-27.484854,-34.60556
2017-09-23 12:00:00,-27.520493,-34.651985
2017-09-23 12:30:00,-28.976484,-33.40294
2017-09-23 13:00:00,-22.41955,-35.92844
2017-09-23 13:30:00,-26.306639,-32.753178
2017-09-23 14:00:00,-19.861246,-32.270466
2017-09-23 14:30:00,-17.563047,-26.785711
2017-09-23 15:00:00,-14.8251295,-22.62826
2017-09-23 15:30:00,-14.241962,-18.545876
2017-09-23 16:00:00,-9.159311,-14.844373
2017-09-23 16:30:00,-3.1774318,-8.879103
2017-09-23 17:00:00,-1.7636185,-3.8085809
2017-09-23 17:30:00,-0.8949983,1.0327374
2017-09-23 18:00:00,-0.02638197,3.9626653
2017-09-23 18:30:00,0.84223443,6.4266376
2017-09-23 19:00:00,1.5403032,7.9165463
2017-09-23 19:30:00,5.414155,6.9902787
2017-09-23 20:00:00,5.8726873,5.2344737
2017-09-23 20:30:00,2.4297907,5.1384573
2017-09-23 21:00:00,5.753509,5.771637
2017-09-23 21:30:00,5.2264814,5.7337537
2017-09-23 22:00:00,4.4238806,3.5032246
2017-09-23 22:30:00,3.121853,4.4662786
2017-09-23 23:00:00,4.1794577,4.828098
2017-09-23 23:30:00,6.4616313,7.7484665
2017-09-24 00:00:00,4.5553994,8.790057
2017-09-24 00:30:00,5.137289,9.183735
2017-09-24 01:00:00,2.0790794,9.337451
2017-09-24 01:30:00,5.4668126,8.4877615
2017-09-24 02:00:00,4.160817,6.5415053
2017-09-24 02:30:00,2.854822,5.8815765
2017-09-24 03:00:00,-8.645878,6.7150445
2017-09-24 03:30:00,3.0083268,7.587173
2017-09-24 04:00:00,3.6836708,8.534511
2017-09-24 04:30:00,4.3590145,9.281409
2017-09-24 05:00:00,4.179013,9.976867
2017-09-24 05:30:00,3.1407762,14.308879
2017-09-24 06:00:00,3.7143273,10.669721
2017-09-24 06:30:00,5.3860307,8.8631525
2017-09-24 07:00:00,2.6113334,2.6441715
2017-09-24 07:30:00,0.6883339,-3.0312104
2017-09-24 08:00:00,-8.220241,-11.071832
2017-09-24 08:30:00,-13.249917,-14.357994
2017-09-24 09:00:00,-11.831891,-16.177204
2017-09-24 09:30:00,-18.150457,-19.125475
2017-09-24 10:00:00,-19.434593,-25.971062
2017-09-24 10:30:00,-18.61439,-27.476887
2017-09-24 11:00:00,-16.781841,-26.406563
2017-09-24 11:30:00,-18.064053,-22.312906
2017-09-24 12:00:00,-15.251303,-22.717598
2017-09-24 12:30:00,-15.40555,-20.438377
2017-09-24 13:00:00,-15.559797,-15.63842
2017-09-24 13:30:00,-15.714045,-13.514345
2017-09-24 14:00:00,-15.868296,-11.83399
2017-09-24 14:30:00,-16.022543,-5.967047
2017-09-24 15:00:00,-16.17679,-4.2832446
2017-09-24 15:30:00,-16.331038,-1.1915104
2017-09-24 16:00:00,-16.485285,1.0452434
2017-09-24 16:30:00,-16.639534,2.9601417
2017-09-24 17:00:00,-16.793781,5.1548104
2017-09-24 17:30:00,-16.948029,5.7043667
2017-09-24 18:00:00,-17.102276,6.5436945
2017-09-24 18:30:00,-17.256527,6.5256834
2017-09-24 19:00:00,-17.410774,7.608756
2017-09-24 19:30:00,-17.565022,7.218541
2017-09-24 20:00:00,-17.719269,7.1145215
2017-09-24 20:30:00,-17.87352,6.0581374
2017-09-24 21:00:00,-18.027767,6.176845
2017-09-24 21:30:00,-18.182014,4.4436517
2017-09-24 22:00:00,-18.336262,5.258242
2017-09-24 22:30:00,-18.49051,5.075034
2017-09-24 23:00:00,-18.64476,4.82569
2017-09-24 23:30:00,-18.799007,5.36872
2017-09-25 00:00:00,-18.953257,4.9948735
2017-09-25 00:30:00,-19.107504,6.382797
2017-09-25 01:00:00,-19.261753,7.334946
2017-09-25 01:30:00,-19.416,6.738267
2017-09-25 02:00:00,-19.57025,7.811505
2017-09-25 02:30:00,-19.724495,6.1788874
2017-09-25 03:00:00,-19.878744,5.6723804
2017-09-25 03:30:00,-20.032991,6.598824
2017-09-25 04:00:00,-20.187239,6.65649
2017-09-25 04:30:00,-20.341488,7.001779
2017-09-25 05:00:00,-20.495735,7.2292156
2017-09-25 05:30:00,-20.649984,9.157468
2017-09-25 06:00:00,-20.804232,10.569043
2017-09-25 06:30:00,-20.95848,10.165475
2017-09-25 07:00:00,-21.112728,7.0813704
2017-09-25 07:30:00,-21.266977,2.9586494
2017-09-25 08:00:00,-21.421225,-2.8902192
2017-09-25 08:30:00,-21.575474,-7.9816313
2017-09-25 09:00:00,-21.729721,-9.503496
2017-09-25 09:30:00,-21.88397,-10.855732
2017-09-25 10:00:00,-22.038218,-15.491069
2017-09-25 10:30:00,-22.192467,-15.532174
2017-09-25 11:00:00,-22.346714,-16.403036
2017-09-25 11:30:00,-22.500963,-16.67829
2017-09-25 12:00:00,-22.655209,-14.976302
2017-09-25 12:30:00,-22.809458,-16.111988
2017-09-25 13:00:00,-22.963705,-13.471322
2017-09-25 13:30:00,-23.117954,-13.455316
2017-09-25 14:00:00,-23.272202,-11.958934
2017-09-25 14:30:00,-23.42645,-11.800459
2017-09-25 15:00:00,-23.580698,-9.762015
2017-09-25 15:30:00,-23.580698,-7.7428904
2017-09-25 16:00:00,-23.580698,-7.164505
2017-09-25 16:30:00,-23.580698,-6.034506
2017-09-25 17:00:00,-23.580698,-4.5252185
2017-09-25 17:30:00,-23.580698,-2.866635
2017-09-25 18:00:00,-23.580698,0.79257965
2017-09-25 18:30:00,-23.580698,2.4372325
2017-09-25 19:00:00,-23.580698,3.0623941
2017-09-25 19:30:00,-23.580698,3.1795225
2017-09-25 20:00:00,-23.580698,1.1640223
2017-09-25 20:30:00,-23.580698,-0.5327985
2017-09-25 21:00:00,-23.580698,-2.7107677
2017-09-25 21:30:00,-23.580698,-2.1021025
2017-09-25 22:00:00,-23.580698,-2.0609596
2017-09-25 22:30:00,-23.580698,-0.34938696
2017-09-25 23:00:00,-23.580698,-0.16052307
2017-09-25 23:30:00,-23.580698,-1.8499285
2017-09-26 00:00:00,-23.580698,-5.4607587
2017-09-26 00:30:00,-23.580698,-7.0649843
2017-09-26 01:00:00,-23.580698,-8.898199
2017-09-26 01:30:00,-23.580698,-10.536545
2017-09-26 02:00:00,-23.580698,-9.678455
2017-09-26 02:30:00,-23.580698,-13.664293
2017-09-26 03:00:00,-23.580698,-14.551662
2017-09-26 03:30:00,-23.580698,-17.177008
2017-09-26 04:00:00,-23.580698,-15.914525
2017-09-26 04:30:00,-23.580698,-15.80994
2017-09-26 05:00:00,-23.580698,-14.956806
2017-09-26 05:30:00,-23.580698,-13.57599
2017-09-26 06:00:00,-23.580698,-13.472263
2017-09-26 06:30:00,-23.580698,-11.15827
2017-09-26 07:00:00,-23.580698,-12.119454
2017-09-26 07:30:00,-23.580698,-13.029776
2017-09-26 08:00:00,-23.580698,-18.396454
2017-09-26 08:30:00,-28.979382,-21.24527
2017-09-26 09:00:00,-8.743191,-23.362661
2017-09-26 09:30:00,-7.7541947,-22.162128
2017-09-26 10:00:00,-6.9581275,-22.478083
2017-09-26 10:30:00,-14.813238,-22.418312
2017-09-26 11:00:00,-16.478012,-23.03614
2017-09-26 11:30:00,-22.745941,-22.83214
2017-09-26 12:00:00,-15.680995,-22.639402
2017-09-26 12:30:00,-22.1466,-24.08689
2017-09-26 13:00:00,-21.820194,-23.78479
2017-09-26 13:30:00,-14.248756,-23.338978
2017-09-26 14:00:00,-21.23427,-22.903072
2017-09-26 14:30:00,-13.977938,-23.260551
2017-09-26 15:00:00,-12.398912,-23.211092
2017-09-26 15:30:00,-12.836096,-22.039995
2017-09-26 16:00:00,-11.64103,-20.719776
2017-09-26 16:30:00,-11.344417,-19.320477
2017-09-26 17:00:00,-4.7378173,-17.367378
2017-09-26 17:30:00,1.8687869,-17.566242
2017-09-26 18:00:00,4.6260533,-17.471748
2017-09-26 18:30:00,4.693207,-16.494595
2017-09-26 19:00:00,5.3892107,-17.340483
2017-09-26 19:30:00,2.937786,-17.484556
2017-09-26 20:00:00,6.678292,-18.13375
2017-09-26 20:30:00,4.2436004,-17.868359
2017-09-26 21:00:00,3.0595756,-18.670103
2017-09-26 21:30:00,3.2798119,-18.999231
2017-09-26 22:00:00,5.151758,-19.10168
2017-09-26 22:30:00,5.401856,-18.276203
2017-09-26 23:00:00,4.448004,-18.510666
2017-09-26 23:30:00,3.7868652,-18.079163
2017-09-27 00:00:00,4.6596603,-18.191196
2017-09-27 00:30:00,3.683961,-18.122547
2017-09-27 01:00:00,2.9619954,-18.376162
2017-09-27 01:30:00,14.373643,-19.583717
2017-09-27 02:00:00,5.5998874,-19.707685
2017-09-27 02:30:00,5.6132903,-20.190594
2017-09-27 03:00:00,7.369058,-19.685112
2017-09-27 03:30:00,6.5782285,-20.339502
2017-09-27 04:00:00,6.3194265,-20.533508
2017-09-27 04:30:00,6.3079944,-21.189863
2017-09-27 05:00:00,7.0560117,-21.041466
2017-09-27 05:30:00,3.507833,-21.276127
2017-09-27 06:00:00,-5.1922617,-21.304764
2017-09-27 06:30:00,1.6794482,-20.803123
2017-09-27 07:00:00,8.551162,-20.694983
2017-09-27 07:30:00,4.6024013,-20.77591
2017-09-27 08:00:00,-0.064698845,-21.711493
2017-09-27 08:30:00,-5.7473645,-21.967272
2017-09-27 09:00:00,-9.383914,-21.514538
2017-09-27 09:30:00,-13.020461,-21.736658
2017-09-27 10:00:00,-16.657007,-22.275497
2017-09-27 10:30:00,-20.293556,-21.792656
2017-09-27 11:00:00,-23.930101,-22.078749
2017-09-27 11:30:00,-18.559677,-22.758427
2017-09-27 12:00:00,-27.200516,-22.74307
2017-09-27 12:30:00,-20.36446,-23.16059
2017-09-27 13:00:00,-15.685535,-23.536968
2017-09-27 13:30:00,-17.960094,-23.145357
2017-09-27 14:00:00,-20.23465,-23.49121
2017-09-27 14:30:00,-6.528054,-23.128788
2017-09-27 15:00:00,-3.0835934,-23.726795
2017-09-27 15:30:00,-0.60410434,-24.002542
2017-09-27 16:00:00,-0.16996194,-23.275616
2017-09-27 16:30:00,0.2641767,-23.142815
2017-09-27 17:00:00,2.1862943,-22.479727
2017-09-27 17:30:00,2.9073255,-21.889858
2017-09-27 18:00:00,3.882584,-20.599985
2017-09-27 18:30:00,6.7498913,-19.846642
2017-09-27 19:00:00,6.3055563,-18.231493
2017-09-27 19:30:00,7.1605177,-17.358007
2017-09-27 20:00:00,5.6763406,-15.14679
2017-09-27 20:30:00,7.8966208,-14.330054
2017-09-27 21:00:00,6.9290977,-13.800333
2017-09-27 21:30:00,6.8429723,-13.295319
2017-09-27 22:00:00,7.894793,-14.026195
2017-09-27 22:30:00,8.946618,-15.742783
2017-09-27 23:00:00,9.998439,-16.131536
2017-09-27 23:30:00,11.050263,-19.933624
2017-09-28 00:00:00,12.102084,-20.854473
2017-09-28 00:30:00,13.153909,-23.254366
2017-09-28 01:00:00,2.9644823,-22.148815
2017-09-28 01:30:00,-7.2249436,-23.645063
2017-09-28 02:00:00,3.0343714,-25.312246
2017-09-28 02:30:00,1.5070732,-25.633877
2017-09-28 03:00:00,-5.3688,-27.275787
2017-09-28 03:30:00,-12.244677,-25.946346
2017-09-28 04:00:00,-19.120554,-26.04911
2017-09-28 04:30:00,-25.996431,-21.765
2017-09-28 05:00:00,-32.87231,-21.07271
2017-09-28 05:30:00,7.8081665,-19.98532
2017-09-28 06:00:00,7.357569,-15.670241
2017-09-28 06:30:00,2.5289044,-16.893589
2017-09-28 07:00:00,3.58311,-16.36037
2017-09-28 07:30:00,-0.8175545,-18.721193
2017-09-28 08:00:00,-10.951119,-16.068764
2017-09-28 08:30:00,-18.69169,-14.947677
2017-09-28 09:00:00,-33.3497,-12.211103
2017-09-28 09:30:00,-29.041046,-11.645854
2017-09-28 10:00:00,-36.24624,-22.414768
2017-09-28 10:30:00,-34.315865,-19.474743
2017-09-28 11:00:00,-30.352575,-17.726896
2017-09-28 11:30:00,-28.06377,-22.923895
2017-09-28 12:00:00,-24.09108,-21.033785
2017-09-28 12:30:00,-29.72886,-25.997017
2017-09-28 13:00:00,-23.144875,-27.372128
2017-09-28 13:30:00,-25.8867,-29.547155
2017-09-28 14:00:00,-36.030914,-26.204361
2017-09-28 14:30:00,-26.27956,-28.060665
2017-09-28 15:00:00,-9.274611,-24.78403
2017-09-28 15:30:00,-11.1141615,-22.68575
2017-09-28 16:00:00,-6.3790827,-21.130169
2017-09-28 16:30:00,-6.2177362,-14.610771
2017-09-28 17:00:00,-1.3805816,-15.076607
2017-09-28 17:30:00,1.6436032,-13.398388
2017-09-28 18:00:00,2.5039074,-13.805669
2017-09-28 18:30:00,1.687817,-13.409421
2017-09-28 19:00:00,1.7572953,-11.3956995
2017-09-28 19:30:00,1.8267736,-10.020863
2017-09-28 20:00:00,2.6197133,-8.9643545
2017-09-28 20:30:00,1.1671423,-8.98484
2017-09-28 21:00:00,2.2089515,-8.61142
2017-09-28 21:30:00,8.420356,-8.560439
2017-09-28 22:00:00,1.8514202,-5.765398
2017-09-28 22:30:00,-20.69118,-6.8479624
2017-09-28 23:00:00,2.241767,-2.2984986
2017-09-28 23:30:00,13.052338,0.34185043
2017-09-29 00:00:00,-1.6306982,1.9028083
2017-09-29 00:30:00,11.604123,2.2499623
2017-09-29 01:00:00,2.1523936,2.194
2017-09-29 01:30:00,0.8750011,0.7631402
2017-09-29 02:00:00,0.41320142,-1.5332763
2017-09-29 02:30:00,0.8509988,-0.45026785
2017-09-29 03:00:00,1.2887925,-0.39971626
2017-09-29 03:30:00,-4.813957,-1.7265375
2017-09-29 04:00:00,-2.8356621,-1.9539255
2017-09-29 04:30:00,-0.8573672,-2.6882012
2017-09-29 05:00:00,-0.5805618,-4.1637197
2017-09-29 05:30:00,-0.3037564,0.9198291
2017-09-29 06:00:00,-0.026950939,1.8152925
2017-09-29 06:30:00,0.24985449,0.446326
2017-09-29 07:00:00,7.56143,-1.0678557
2017-09-29 07:30:00,14.873002,-3.1447256
2017-09-29 08:00:00,0.0005216114,-5.3835783
2017-09-29 08:30:00,-14.871963,-8.779752
2017-09-29 09:00:00,-9.066177,-15.777557
2017-09-29 09:30:00,-16.947216,-18.89214
2017-09-29 10:00:00,-24.410236,-22.448822
2017-09-29 10:30:00,-26.47036,-27.952969
2017-09-29 11:00:00,-28.8253,-28.946999
2017-09-29 11:30:00,-20.69199,-29.354378
2017-09-29 12:00:00,-27.581081,-27.531967
2017-09-29 12:30:00,-36.39921,-26.756283
2017-09-29 13:00:00,-15.452273,-21.622236
2017-09-29 13:30:00,-14.628832,-19.390686
2017-09-29 14:00:00,-11.479473,-19.302502
2017-09-29 14:30:00,-7.7300754,-14.636375
2017-09-29 15:00:00,-21.892054,-10.248623
2017-09-29 15:30:00,-12.990046,-7.5829463
2017-09-29 16:00:00,-6.9269586,-3.9731412
2017-09-29 16:30:00,-2.3824008,-1.070693
2017-09-29 17:00:00,-0.50089103,2.5999577
2017-09-29 17:30:00,0.45828187,3.4799535
2017-09-29 18:00:00,1.4174548,2.3832934
2017-09-29 18:30:00,1.4130462,3.0283613
2017-09-29 19:00:00,3.400524,1.5683824
2017-09-29 19:30:00,3.678893,1.5200992
2017-09-29 20:00:00,3.9572618,-0.14306213
2017-09-29 20:30:00,3.043064,0.6066661
2017-09-29 21:00:00,3.4144578,1.86734
2017-09-29 21:30:00,3.4732049,1.9943633
2017-09-29 22:00:00,3.4574697,2.0637436
2017-09-29 22:30:00,3.8832018,0.8903067
2017-09-29 23:00:00,2.7180283,0.25208893
2017-09-29 23:30:00,2.6462364,-0.15014598
2017-09-30 00:00:00,4.2873807,0.8587044
2017-09-30 00:30:00,3.1674538,1.8302025
2017-09-30 01:00:00,4.266883,3.4104562
2017-09-30 01:30:00,4.0487266,3.1495557
2017-09-30 02:00:00,3.0737884,4.2442408
2017-09-30 02:30:00,2.644831,5.563971
2017-09-30 03:00:00,2.5727527,5.80041
2017-09-30 03:30:00,4.4644623,4.4228897
2017-09-30 04:00:00,4.474817,4.120771
2017-09-30 04:30:00,3.4502313,6.206296
2017-09-30 05:00:00,2.7594085,5.6394367
2017-09-30 05:30:00,2.0685892,5.6158147
2017-09-30 06:00:00,4.1128654,6.3192153
2017-09-30 06:30:00,4.210532,4.0019617
2017-09-30 07:00:00,3.1121016,2.9259996
2017-09-30 07:30:00,-4.800072,0.15133615
2017-09-30 08:00:00,-9.325853,-10.31095
2017-09-30 08:30:00,-15.543926,-16.47326
2017-09-30 09:00:00,-18.717041,-19.13777
2017-09-30 09:30:00,-19.303505,-21.25492
2017-09-30 10:00:00,-20.103481,-24.309664
2017-09-30 10:30:00,-18.431335,-22.158812
2017-09-30 11:00:00,-25.991491,-21.62567
2017-09-30 11:30:00,-23.32087,-20.181877
2017-09-30 12:00:00,-13.762713,-19.090414
2017-09-30 12:30:00,-8.398131,-17.031096
2017-09-30 13:00:00,-9.109705,-11.392922
2017-09-30 13:30:00,-5.828094,-9.478209
2017-09-30 14:00:00,-4.62876,-6.858264
2017-09-30 14:30:00,-19.456375,-5.44375
2017-09-30 15:00:00,-14.653165,-7.546758
2017-09-30 15:30:00,-9.8499565,-6.500797
2017-09-30 16:00:00,-5.046745,-4.928452
2017-09-30 16:30:00,-0.4952503,-2.01479
2017-09-30 17:00:00,0.11525747,0.329838
2017-09-30 17:30:00,0.7257653,1.2750392
2017-09-30 18:00:00,1.3362769,3.018689
2017-09-30 18:30:00,1.9467847,2.448936
2017-09-30 19:00:00,2.5572925,2.2290576
2017-09-30 19:30:00,3.167804,3.211611
2017-09-30 20:00:00,3.778312,-1.1293157
2017-09-30 20:30:00,4.388819,3.150196
2017-09-30 21:00:00,4.999331,4.658051
2017-09-30 21:30:00,5.609839,10.323667
2017-09-30 22:00:00,6.2203465,9.5002365
2017-09-30 22:30:00,6.830858,11.089869
2017-09-30 23:00:00,7.441366,8.605301
2017-09-30 23:30:00,8.051874,6.3098407
2017-10-01 00:00:00,8.662386,6.4921784
2017-10-01 00:30:00,9.272894,3.9348576
2017-10-01 01:00:00,9.883402,3.73533
2017-10-01 01:30:00,10.493909,4.5618315
2017-10-01 02:00:00,11.104421,6.660288
2017-10-01 02:30:00,11.714929,4.591493
2017-10-01 03:00:00,1.840297,5.0438766
2017-10-01 03:30:00,3.4120502,3.2169878
2017-10-01 04:00:00,3.4790378,3.165257
2017-10-01 04:30:00,3.5460293,1.7411608
2017-10-01 05:00:00,3.6130207,2.844867
2017-10-01 05:30:00,3.680012,5.4514017
2017-10-01 06:00:00,3.7470036,4.7855268
2017-10-01 06:30:00,5.437411,5.46205
2017-10-01 07:00:00,7.127815,1.5429295
2017-10-01 07:30:00,3.2829168,-0.97024924
2017-10-01 08:00:00,-0.5619855,-4.25058
2017-10-01 08:30:00,-3.4492598,-10.293934
2017-10-01 09:00:00,-3.2738023,-15.791157
2017-10-01 09:30:00,-5.63845,-20.801193
2017-10-01 10:00:00,-14.331261,-23.224298
2017-10-01 10:30:00,-17.785944,-25.52568
2017-10-01 11:00:00,-19.612703,-25.171223
2017-10-01 11:30:00,-6.583512,-25.512985
2017-10-01 12:00:00,-6.2352614,-24.78211
2017-10-01 12:30:00,-8.132182,-23.087671
2017-10-01 13:00:00,-10.029099,-20.334896
2017-10-01 13:30:00,-7.1021934,-18.550718
2017-10-01 14:00:00,-0.8985252,-13.694565
2017-10-01 14:30:00,-2.5809524,-12.617788
2017-10-01 15:00:00,-4.2633758,-9.059934
2017-10-01 15:30:00,-14.078175,-6.2302613
2017-10-01 16:00:00,13.413923,-3.7349765
2017-10-01 16:30:00,5.5162187,-1.2213267
2017-10-01 17:00:00,5.678296,0.7045778
2017-10-01 17:30:00,5.840373,2.764047
2017-10-01 18:00:00,6.002454,3.4452689
2017-10-01 18:30:00,6.164531,3.0546923
2017-10-01 19:00:00,5.964947,2.0661364
2017-10-01 19:30:00,5.765363,1.5108713
2017-10-01 20:00:00,5.5657835,2.9054792
2017-10-01 20:30:00,7.7822275,3.5478492
2017-10-01 21:00:00,6.0432954,3.732704
2017-10-01 21:30:00,1.1365083,4.1589217
2017-10-01 22:00:00,-3.770279,3.365259
2017-10-01 22:30:00,-8.677066,3.630591
2017-10-01 23:00:00,-13.583854,3.6002357
2017-10-01 23:30:00,-18.49064,3.185216
2017-10-02 00:00:00,-23.397429,3.9371748
2017-10-02 00:30:00,-28.304214,3.7016027
2017-10-02 01:00:00,-27.675303,4.556801
2017-10-02 01:30:00,-27.04639,4.4936304
2017-10-02 02:00:00,-26.417475,4.2119
2017-10-02 02:30:00,-25.788563,3.584316
2017-10-02 03:00:00,-25.15965,2.5143373
2017-10-02 03:30:00,-24.530735,1.3737234
2017-10-02 04:00:00,-23.901823,0.39349476
2017-10-02 04:30:00,-23.272911,1.483508
2017-10-02 05:00:00,-22.643995,3.0532453
2017-10-02 05:30:00,-22.015083,1.9094927
2017-10-02 06:00:00,-21.386171,2.4772563
2017-10-02 06:30:00,-20.757256,1.7208134
2017-10-02 07:00:00,-20.128344,-1.3726537
2017-10-02 07:30:00,-19.499432,-4.7503157
2017-10-02 08:00:00,-18.870516,-8.786078
2017-10-02 08:30:00,-18.241602,-10.035041
2017-10-02 09:00:00,-17.612692,-13.368192
2017-10-02 09:30:00,-16.983776,-15.417932
2017-10-02 10:00:00,-16.354866,-16.812046
2017-10-02 10:30:00,-15.725951,-15.691903
2017-10-02 11:00:00,-15.097036,-15.183998
2017-10-02 11:30:00,-14.468126,-13.386296
2017-10-02 12:00:00,-13.839211,-11.900002
2017-10-02 12:30:00,-13.210297,-9.547197
2017-10-02 13:00:00,-12.581386,-8.068728
2017-10-02 13:30:00,-11.952472,-6.7082405
2017-10-02 14:00:00,-11.323557,-6.4294343
2017-10-02 14:30:00,-10.694646,-6.2957306
2017-10-02 15:00:00,-10.065732,-5.6577234
2017-10-02 15:30:00,-4.7278204,-5.6345577
2017-10-02 16:00:00,-8.172703,-2.6566668
2017-10-02 16:30:00,-8.899371,-2.1229734
2017-10-02 17:00:00,-3.4545915,0.15934692
2017-10-02 17:30:00,1.9901847,2.9145713
2017-10-02 18:00:00,5.677501,5.199235
2017-10-02 18:30:00,5.332521,5.686201
2017-10-02 19:00:00,4.1338687,6.356643
2017-10-02 19:30:00,2.9352162,5.576021
2017-10-02 20:00:00,4.995812,5.6900105
2017-10-02 20:30:00,3.0501142,6.1705484
2017-10-02 21:00:00,1.7216274,5.2436414
2017-10-02 21:30:00,2.2590847,4.163112
2017-10-02 22:00:00,2.0962992,4.133838
2017-10-02 22:30:00,2.132721,3.4276686
2017-10-02 23:00:00,4.5321884,2.6804047
2017-10-02 23:30:00,3.7764618,1.9748977
2017-10-03 00:00:00,3.871589,1.9573578
2017-10-03 00:30:00,6.186604,-0.363988
2017-10-03 01:00:00,4.407893,0.026159141
2017-10-03 01:30:00,1.9839976,2.5904925
2017-10-03 02:00:00,3.187394,0.77942926
2017-10-03 02:30:00,3.8602848,2.0814157
2017-10-03 03:00:00,4.47265,0.015311045
2017-10-03 03:30:00,2.7373807,-5.0244684
2017-10-03 04:00:00,3.8577793,-5.996008
2017-10-03 04:30:00,6.915122,-7.873271
2017-10-03 05:00:00,6.391188,-10.828547
2017-10-03 05:30:00,3.5348947,-10.4136505
2017-10-03 06:00:00,3.8096392,-12.491839
2017-10-03 06:30:00,2.8110113,-12.629341
2017-10-03 07:00:00,0.5500744,-11.742138
2017-10-03 07:30:00,-3.0188966,-12.717117
2017-10-03 08:00:00,-6.781351,-17.035599
2017-10-03 08:30:00,-4.6604147,-16.115183
2017-10-03 09:00:00,-8.376402,-15.30306
2017-10-03 09:30:00,-7.5793853,-16.533665
2017-10-03 10:00:00,-10.146363,-16.100239
2017-10-03 10:30:00,-7.6304455,-15.120067
2017-10-03 11:00:00,-5.5302367,-13.621835
2017-10-03 11:30:00,-14.973973,-14.630207
2017-10-03 12:00:00,-13.726367,-13.0614
2017-10-03 12:30:00,-12.478757,-13.705451
2017-10-03 13:00:00,-13.349499,-15.177348
2017-10-03 13:30:00,-14.22024,-13.829245
2017-10-03 14:00:00,-9.401138,-14.34798
2017-10-03 14:30:00,-4.5820365,-13.115716
2017-10-03 15:00:00,-7.158352,-13.588103
2017-10-03 15:30:00,-5.157656,-11.567844
2017-10-03 16:00:00,-3.156964,-10.6372595
2017-10-03 16:30:00,-2.1675942,-10.380311
2017-10-03 17:00:00,3.2997634,-8.839192
2017-10-03 17:30:00,5.48242,-7.186363
2017-10-03 18:00:00,4.6684284,-5.10019
2017-10-03 18:30:00,4.7445307,-4.414021
2017-10-03 19:00:00,-3.7394114,-2.8725245
2017-10-03 19:30:00,-12.223353,-1.9843786
2017-10-03 20:00:00,-4.519834,-1.94099
2017-10-03 20:30:00,4.3771424,-2.8972313
2017-10-03 21:00:00,3.7171156,-2.8455155
2017-10-03 21:30:00,3.2112794,-4.0760455
2017-10-03 22:00:00,2.152582,-6.51585
2017-10-03 22:30:00,3.770904,-8.375008
2017-10-03 23:00:00,4.8900175,-9.578276
2017-10-03 23:30:00,4.3576055,-12.456167
2017-10-04 00:00:00,6.8014374,-12.513879
2017-10-04 00:30:00,9.245271,-11.756893
2017-10-04 01:00:00,11.689107,-10.070574
2017-10-04 01:30:00,14.132936,-10.40018
2017-10-04 02:00:00,2.3258915,-11.86759
2017-10-04 02:30:00,2.766221,-11.907553
2017-10-04 03:00:00,2.6844704,-11.940131
2017-10-04 03:30:00,3.3251147,-10.624652
2017-10-04 04:00:00,2.1169217,-9.125493
2017-10-04 04:30:00,2.436181,-11.258148
2017-10-04 05:00:00,2.2519143,-11.221357
2017-10-04 05:30:00,2.8524518,-10.651698
2017-10-04 06:00:00,3.5292766,-8.104038
2017-10-04 06:30:00,3.4087381,-6.6437964
2017-10-04 07:00:00,-3.1872663,-6.2084484
2017-10-04 07:30:00,-9.783271,-7.0839715
2017-10-04 08:00:00,-20.186728,-6.5576787
2017-10-04 08:30:00,-16.353935,-8.840519
2017-10-04 09:00:00,-17.781105,-9.656428
2017-10-04 09:30:00,-14.1816025,-11.3548355
2017-10-04 10:00:00,-13.561072,-12.211941
2017-10-04 10:30:00,-10.675313,-10.89648
2017-10-04 11:00:00,-16.354145,-8.221954
2017-10-04 11:30:00,-14.40806,-8.460786
2017-10-04 12:00:00,-13.804425,-8.664225
2017-10-04 12:30:00,-13.513384,-9.048162
2017-10-04 13:00:00,-9.961851,-7.868678
2017-10-04 13:30:00,-9.030098,-7.161999
2017-10-04 14:00:00,-10.96453,-6.9200854
2017-10-04 14:30:00,-7.049076,-5.9933553
2017-10-04 15:00:00,-3.1336212,-6.8621373
2017-10-04 15:30:00,24.638754,-5.719643
2017-10-04 16:00:00,1.090972,-4.468171
2017-10-04 16:30:00,1.467249,-4.54375
2017-10-04 17:00:00,1.8435299,-3.5801039
2017-10-04 17:30:00,3.6413448,-2.8221877
2017-10-04 18:00:00,-25.451332,-2.9294329
2017-10-04 18:30:00,4.6917295,-2.9215012
2017-10-04 19:00:00,4.3143034,-4.343623
2017-10-04 19:30:00,3.9368773,-6.6813445
2017-10-04 20:00:00,3.5594509,-7.4001975
2017-10-04 20:30:00,5.272244,-8.06507
2017-10-04 21:00:00,6.985034,-9.197319
2017-10-04 21:30:00,8.6978245,-9.61313
2017-10-04 22:00:00,10.410614,-9.887336
2017-10-04 22:30:00,12.123404,-9.316192
2017-10-04 23:00:00,13.836197,-7.5604625
2017-10-04 23:30:00,15.548983,-5.8411765
2017-10-05 00:00:00,17.261776,-5.103461
2017-10-05 00:30:00,18.97457,-4.0146046
2017-10-05 01:00:00,20.687355,-3.8538911
2017-10-05 01:30:00,22.400148,-3.4009576
2017-10-05 02:00:00,24.112936,-3.0381021
2017-10-05 02:30:00,25.82573,-2.3356435
2017-10-05 03:00:00,27.538515,-0.09653852
2017-10-05 03:30:00,19.666964,-0.14392877
2017-10-05 04:00:00,11.795405,-0.21180567
2017-10-05 04:30:00,1.5858735,0.25129765
2017-10-05 05:00:00,2.9777458,0.25236776
2017-10-05 05:30:00,0.22235557,0.64930487
2017-10-05 06:00:00,2.0860426,0.06840605
2017-10-05 06:30:00,0.3365526,-0.7764267
2017-10-05 07:00:00,0.5638653,-2.830338
2017-10-05 07:30:00,-0.36429322,-4.6134877
2017-10-05 08:00:00,-1.2924554,-9.976411
2017-10-05 08:30:00,-3.4737403,-12.581571
2017-10-05 09:00:00,-2.7036688,-14.883831
2017-10-05 09:30:00,-8.291534,-14.346024
2017-10-05 10:00:00,-11.317151,-13.699984
2017-10-05 10:30:00,-10.688309,-12.486131
2017-10-05 11:00:00,-11.381551,-13.24352
2017-10-05 11:30:00,-12.074792,-12.481131
2017-10-05 12:00:00,-12.768034,-12.065176
2017-10-05 12:30:00,-13.461272,-11.404411
2017-10-05 13:00:00,-14.154514,-10.552046
2017-10-05 13:30:00,-14.847756,-10.354704
2017-10-05 14:00:00,-15.540998,-10.735793
2017-10-05 14:30:00,-16.23424,-8.713752
2017-10-05 15:00:00,-16.927483,-5.3267946
2017-10-05 15:30:00,-17.620724,-1.4836781
2017-10-05 16:00:00,-18.313963,0.92263997
2017-10-05 16:30:00,-19.007206,2.6580603
2017-10-05 17:00:00,-19.700447,3.2822874
2017-10-05 17:30:00,0.5413062,3.6718354
2017-10-05 18:00:00,1.1309129,1.9117159
2017-10-05 18:30:00,1.7343482,4.6439023
2017-10-05 19:00:00,1.2670435,4.9431577
2017-10-05 19:30:00,3.1110466,5.461014
2017-10-05 20:00:00,3.8979914,4.0626907
2017-10-05 20:30:00,4.0141926,3.6646612
2017-10-05 21:00:00,18.425488,2.703834
2017-10-05 21:30:00,1.5654736,2.400939
2017-10-05 22:00:00,0.42342028,2.6317673
2017-10-05 22:30:00,1.5020089,3.3696826
2017-10-05 23:00:00,1.7722769,3.1658673
2017-10-05 23:30:00,1.4824228,2.8101597
2017-10-06 00:00:00,1.8290646,3.2529309
2017-10-06 00:30:00,1.0886358,3.5912228
2017-10-06 01:00:00,0.90485495,1.2187527
2017-10-06 01:30:00,0.85888904,3.2936103
2017-10-06 02:00:00,1.3356174,3.0479627
2017-10-06 02:30:00,1.8267623,4.2422137
2017-10-06 03:00:00,1.5610461,0.13242827
2017-10-06 03:30:00,1.0354805,4.2822714
2017-10-06 04:00:00,0.9940965,2.818506
2017-10-06 04:30:00,2.8159099,4.887116
2017-10-06 05:00:00,3.136439,4.513985
2017-10-06 05:30:00,3.8500774,3.7677653
2017-10-06 06:00:00,2.0823388,1.9734169
2017-10-06 06:30:00,0.24314743,1.7521256
2017-10-06 07:00:00,-1.7085792,-1.5856441
2017-10-06 07:30:00,-4.2170258,-5.6056347
2017-10-06 08:00:00,-8.139108,-9.874946
2017-10-06 08:30:00,-14.01968,-13.253843
2017-10-06 09:00:00,-18.621475,-16.263273
2017-10-06 09:30:00,-14.456106,-19.492466
2017-10-06 10:00:00,-16.457758,-20.890408
2017-10-06 10:30:00,-17.245592,-23.609188
2017-10-06 11:00:00,-17.688665,-23.956413
2017-10-06 11:30:00,-22.874641,-21.460272
2017-10-06 12:00:00,-28.645897,-23.63437
2017-10-06 12:30:00,-35.48296,-22.325785
2017-10-06 13:00:00,-28.740211,-21.193485
2017-10-06 13:30:00,-21.11127,-20.11178
2017-10-06 14:00:00,-16.962679,-18.48604
2017-10-06 14:30:00,-15.299575,-14.278587
2017-10-06 15:00:00,-10.783299,-14.819342
2017-10-06 15:30:00,-7.9865522,-12.769131
2017-10-06 16:00:00,-7.261776,-11.331809
2017-10-06 16:30:00,-5.600736,-10.4781065
2017-10-06 17:00:00,-2.456348,-8.239382
2017-10-06 17:30:00,0.2419153,-1.8646652
2017-10-06 18:00:00,2.3758893,0.8630565
2017-10-06 18:30:00,1.3751062,3.503673
2017-10-06 19:00:00,2.0650098,3.0965698
2017-10-06 19:30:00,1.278875,4.9856606
2017-10-06 20:00:00,0.49273655,3.1586554
2017-10-06 20:30:00,0.74101067,2.8611448
2017-10-06 21:00:00,1.5156982,2.7413259
2017-10-06 21:30:00,2.290382,3.9880164
2017-10-06 22:00:00,0.27471206,3.232644
2017-10-06 22:30:00,0.91488165,2.3736963
2017-10-06 23:00:00,0.42998037,2.0566409
2017-10-06 23:30:00,1.0152011,-0.41617116
2017-10-07 00:00:00,1.6004181,0.3495108
2017-10-07 00:30:00,2.9364672,0.33441237
2017-10-07 01:00:00,1.7146,-1.3974019
2017-10-07 01:30:00,1.6291378,-1.1531258
2017-10-07 02:00:00,1.235396,-1.1497873
2017-10-07 02:30:00,2.958544,-1.4879096
2017-10-07 03:00:00,2.3657873,2.431362
2017-10-07 03:30:00,1.1444024,0.85909253
2017-10-07 04:00:00,1.211827,2.1866148
2017-10-07 04:30:00,2.995493,2.505132
2017-10-07 05:00:00,2.7207148,2.6949718
2017-10-07 05:30:00,2.4459329,3.4109726
2017-10-07 06:00:00,1.7385155,-2.512416
2017-10-07 06:30:00,1.0310946,-3.3991
2017-10-07 07:00:00,0.32367355,-6.645458
2017-10-07 07:30:00,-2.8287027,-7.6058483
2017-10-07 08:00:00,-5.981079,-12.001588
2017-10-07 08:30:00,-8.984954,-18.194576
2017-10-07 09:00:00,-10.626634,-23.094542
2017-10-07 09:30:00,-23.876316,-23.34358
2017-10-07 10:00:00,-15.978845,-26.241634
2017-10-07 10:30:00,-22.926239,-26.935
2017-10-07 11:00:00,-24.497768,-27.483004
2017-10-07 11:30:00,-21.873058,-29.03506
2017-10-07 12:00:00,-17.969303,-28.49313
2017-10-07 12:30:00,-18.231352,-28.301666
2017-10-07 13:00:00,-18.46243,-28.159632
2017-10-07 13:30:00,-17.821487,-23.826807
2017-10-07 14:00:00,-19.644228,-22.549494
2017-10-07 14:30:00,-15.77139,-21.840303
2017-10-07 15:00:00,-12.48436,-17.443274
2017-10-07 15:30:00,-11.547494,-14.989317
2017-10-07 16:00:00,-5.098054,-11.893626
2017-10-07 16:30:00,-3.0861065,-8.721661
2017-10-07 17:00:00,-0.8953977,-6.332932
2017-10-07 17:30:00,1.5007994,-3.0706239
2017-10-07 18:00:00,4.0262203,0.4819789
2017-10-07 18:30:00,3.8670712,1.9655607
2017-10-07 19:00:00,3.5894556,2.9695692
2017-10-07 19:30:00,5.3089895,3.758251
2017-10-07 20:00:00,3.6908941,3.523749
2017-10-07 20:30:00,3.6792207,4.162705
2017-10-07 21:00:00,2.3919673,4.2423644
2017-10-07 21:30:00,2.684474,4.080024
2017-10-07 22:00:00,3.4541879,2.8818462
2017-10-07 22:30:00,4.4451437,2.438653
2017-10-07 23:00:00,3.6716697,2.4056828
2017-10-07 23:30:00,3.4484792,2.2065322
2017-10-08 00:00:00,4.55792,3.1010087
2017-10-08 00:30:00,2.4127178,3.9848964
2017-10-08 01:00:00,2.4459553,4.1193237
2017-10-08 01:30:00,3.7631907,2.9784768
2017-10-08 02:00:00,1.6019629,3.7139542
2017-10-08 02:30:00,2.1381242,3.4244168
2017-10-08 03:00:00,0.2187006,3.8847318
2017-10-08 03:30:00,0.48864827,3.4618933
2017-10-08 04:00:00,1.3341668,4.0714173
2017-10-08 04:30:00,13.666802,4.862944
2017-10-08 05:00:00,3.2212458,4.2910247
2017-10-08 05:30:00,2.0025964,4.1054764
2017-10-08 06:00:00,1.7251391,2.3101902
2017-10-08 06:30:00,1.4476818,0.7288739
2017-10-08 07:00:00,14.543595,-2.8155372
2017-10-08 07:30:00,26.519577,-5.7757077
2017-10-08 08:00:00,-2.3320565,-9.21831
2017-10-08 08:30:00,-6.6448703,-10.754542
2017-10-08 09:00:00,-12.844144,-13.738443
2017-10-08 09:30:00,-18.309347,-17.84265
2017-10-08 10:00:00,-15.435042,-18.95646
2017-10-08 10:30:00,-22.676222,-23.296103
2017-10-08 11:00:00,-22.985083,-25.001276
2017-10-08 11:30:00,-25.800714,-26.29487
2017-10-08 12:00:00,-22.868992,-24.38084
2017-10-08 12:30:00,-21.519665,-23.75054
2017-10-08 13:00:00,-16.517986,-22.27176
2017-10-08 13:30:00,-18.881996,-21.249569
2017-10-08 14:00:00,-15.039737,-18.820856
2017-10-08 14:30:00,-12.913954,-15.646646
2017-10-08 15:00:00,-18.089584,-15.233616
2017-10-08 15:30:00,-7.107454,-12.289007
2017-10-08 16:00:00,-7.138675,-10.093332
2017-10-08 16:30:00,-3.7678223,-7.5465884
2017-10-08 17:00:00,-0.9140117,-3.4442143
2017-10-08 17:30:00,2.6821907,-1.5479943
2017-10-08 18:00:00,4.71378,0.06557251
2017-10-08 18:30:00,5.236855,0.3767874
2017-10-08 19:00:00,3.8798559,1.1210897
2017-10-08 19:30:00,3.2679842,0.9878868
2017-10-08 20:00:00,3.733853,1.0476286
2017-10-08 20:30:00,2.720402,0.51682544
2017-10-08 21:00:00,2.8367205,-0.8738824
2017-10-08 21:30:00,3.4125814,-1.6805602
2017-10-08 22:00:00,3.7297497,-1.3095847
2017-10-08 22:30:00,2.646813,-1.2759628
2017-10-08 23:00:00,3.1783319,-0.89748144
2017-10-08 23:30:00,4.1916547,-0.6469616
2017-10-09 00:00:00,3.0873759,-0.1832291
2017-10-09 00:30:00,0.58666176,0.53581625
2017-10-09 01:00:00,1.4810137,1.8479197
2017-10-09 01:30:00,1.2056853,3.3352242
2017-10-09 02:00:00,0.49067545,3.0435956
2017-10-09 02:30:00,2.408215,3.2961576
2017-10-09 03:00:00,7.3509827,3.1977372
2017-10-09 03:30:00,2.8486423,2.840093
2017-10-09 04:00:00,1.1293944,1.9511857
2017-10-09 04:30:00,4.407991,2.560857
2017-10-09 05:00:00,11.261826,2.3487258
2017-10-09 05:30:00,10.475596,2.406527
2017-10-09 06:00:00,4.889452,2.166192
2017-10-09 06:30:00,2.1111,1.1364292
2017-10-09 07:00:00,0.34539235,0.25386742
2017-10-09 07:30:00,-3.5382714,-0.38106838
2017-10-09 08:00:00,-5.1502934,-4.965273
2017-10-09 08:30:00,-12.412986,-8.465138
2017-10-09 09:00:00,-15.78578,-11.512322
2017-10-09 09:30:00,-15.558745,-14.713781
2017-10-09 10:00:00,-21.393167,-19.113947
2017-10-09 10:30:00,-20.457016,-22.730904
2017-10-09 11:00:00,-25.293247,-23.295822
2017-10-09 11:30:00,-20.032524,-24.798244
2017-10-09 12:00:00,-16.689823,-24.58976
2017-10-09 12:30:00,-20.134855,-23.686295
2017-10-09 13:00:00,-20.24228,-20.833687
2017-10-09 13:30:00,-19.613016,-18.224398
2017-10-09 14:00:00,-24.553638,-15.270708
2017-10-09 14:30:00,-15.594296,-13.139752
2017-10-09 15:00:00,-13.00205,-12.708135
2017-10-09 15:30:00,-7.988255,-9.61507
2017-10-09 16:00:00,-4.430404,-6.3368845
2017-10-09 16:30:00,-3.520019,-2.2075915
2017-10-09 17:00:00,0.6237917,1.7158623
2017-10-09 17:30:00,1.8709159,4.8301625
2017-10-09 18:00:00,7.664741,5.823138
2017-10-09 18:30:00,4.101467,6.2059264
2017-10-09 19:00:00,3.0346615,6.058477
2017-10-09 19:30:00,3.8220246,5.6119113
2017-10-09 20:00:00,6.0376887,4.419529
2017-10-09 20:30:00,5.1525946,5.13828
2017-10-09 21:00:00,5.9414196,4.8365645
2017-10-09 21:30:00,5.772873,5.2420173
2017-10-09 22:00:00,10.117945,5.474665
2017-10-09 22:30:00,7.9844456,4.612492
2017-10-09 23:00:00,7.362366,4.402957
2017-10-09 23:30:00,7.792239,3.1336923
2017-10-10 00:00:00,6.4947104,3.032981
2017-10-10 00:30:00,5.0957847,3.008598
2017-10-10 01:00:00,5.3457465,3.63171
2017-10-10 01:30:00,4.4681773,3.4564524
2017-10-10 02:00:00,5.1132755,4.162083
2017-10-10 02:30:00,7.06949,4.410832
2017-10-10 03:00:00,6.6549034,4.637135
2017-10-10 03:30:00,8.650325,4.7614226
2017-10-10 04:00:00,6.328413,4.3417535
2017-10-10 04:30:00,7.6250377,4.5827813
2017-10-10 05:00:00,8.530095,6.140446
2017-10-10 05:30:00,5.7848177,5.793827
2017-10-10 06:00:00,5.483128,2.6449063
2017-10-10 06:30:00,5.690244,-0.92611456
2017-10-10 07:00:00,4.5837836,-2.4817784
2017-10-10 07:30:00,1.3096182,-4.721694
2017-10-10 08:00:00,-1.9645513,-6.5726976
2017-10-10 08:30:00,-4.050212,-8.079128
2017-10-10 09:00:00,-6.5593705,-11.212887
2017-10-10 09:30:00,-15.544966,-10.883751
2017-10-10 10:00:00,-29.908422,-13.472618
2017-10-10 10:30:00,-24.08327,-14.556539
2017-10-10 11:00:00,-14.373519,-15.167769
2017-10-10 11:30:00,-8.773328,-15.930479
2017-10-10 12:00:00,-13.518079,-15.641058
2017-10-10 12:30:00,-21.9763,-16.371572
2017-10-10 13:00:00,-8.530321,-15.520158
2017-10-10 13:30:00,-6.904411,-14.326365
2017-10-10 14:00:00,-5.853076,-12.455542
2017-10-10 14:30:00,-11.1547575,-9.64688
2017-10-10 15:00:00,-14.462771,-8.07622
2017-10-10 15:30:00,-11.343098,-5.2990584
2017-10-10 16:00:00,-5.914988,-3.1349099
2017-10-10 16:30:00,0.6808506,-1.6905078
2017-10-10 17:00:00,1.4291885,0.4711044
2017-10-10 17:30:00,4.521005,2.5286555
2017-10-10 18:00:00,7.615192,4.424318
2017-10-10 18:30:00,17.864786,4.4779444
2017-10-10 19:00:00,10.758202,5.189133
2017-10-10 19:30:00,-2.740113,7.104254
2017-10-10 20:00:00,-16.23843,7.1909404
2017-10-10 20:30:00,-9.049511,7.0640416
2017-10-10 21:00:00,-1.8605957,6.4165316
2017-10-10 21:30:00,5.3283234,6.7194796
2017-10-10 22:00:00,5.04356,6.541347
2017-10-10 22:30:00,4.758793,5.9373503
2017-10-10 23:00:00,4.474029,5.2844677
2017-10-10 23:30:00,4.542852,5.868415
2017-10-11 00:00:00,4.5588884,6.001908
2017-10-11 00:30:00,3.9816597,7.2259755
2017-10-11 01:00:00,3.3168325,7.667439
2017-10-11 01:30:00,2.6520052,7.830948
2017-10-11 02:00:00,1.9871815,7.5952024
2017-10-11 02:30:00,1.3223541,8.322862
2017-10-11 03:00:00,0.6575267,8.262039
2017-10-11 03:30:00,1.9226996,8.102825
2017-10-11 04:00:00,4.447634,7.7525506
2017-10-11 04:30:00,4.225932,5.002146
2017-10-11 05:00:00,13.720187,4.7316103
2017-10-11 05:30:00,4.447521,4.8081384
2017-10-11 06:00:00,-4.8251405,5.280247
2017-10-11 06:30:00,2.5634644,4.6676636
2017-10-11 07:00:00,11.507003,1.1881
2017-10-11 07:30:00,7.5277023,-3.1146567
2017-10-11 08:00:00,3.548403,-8.217425
2017-10-11 08:30:00,-0.43089277,-10.40601
2017-10-11 09:00:00,-4.4101925,-12.365272
2017-10-11 09:30:00,-8.389492,-11.676495
2017-10-11 10:00:00,-12.368792,-6.651035
2017-10-11 10:30:00,-16.348087,-13.702222
2017-10-11 11:00:00,-20.327387,-9.370376
2017-10-11 11:30:00,-24.306686,6.938864
2017-10-11 12:00:00,-28.285984,9.704168
2017-10-11 12:30:00,-32.26528,9.5949
2017-10-11 13:00:00,-36.244583,22.111406
2017-10-11 13:30:00,-40.22388,18.784685
2017-10-11 14:00:00,-29.64023,11.392161
2017-10-11 14:30:00,-19.056578,7.068898
2017-10-11 15:00:00,-8.47293,2.0484643
2017-10-11 15:30:00,2.1107233,-1.09936
2017-10-11 16:00:00,3.177597,-2.273072
2017-10-11 16:30:00,2.6070378,-1.2509018
2017-10-11 17:00:00,2.9625118,0.056344658
2017-10-11 17:30:00,3.3179893,2.00959
2017-10-11 18:00:00,3.6734633,4.301334
2017-10-11 18:30:00,4.028937,6.27415
2017-10-11 19:00:00,4.3844147,8.002897
2017-10-11 19:30:00,4.7398887,7.682948
2017-10-11 20:00:00,4.125206,6.954125
2017-10-11 20:30:00,3.5105233,6.9014406
2017-10-11 21:00:00,3.921564,5.86456
2017-10-11 21:30:00,4.3326044,6.430918
2017-10-11 22:00:00,4.421733,5.6682014
2017-10-11 22:30:00,3.0009718,4.4265146
2017-10-11 23:00:00,4.61779,4.4300942
2017-10-11 23:30:00,6.2346125,2.7464051
2017-10-12 00:00:00,-1.4368869,3.1283379
2017-10-12 00:30:00,-9.10839,3.2595928
2017-10-12 01:00:00,1.8408961,3.6478183
2017-10-12 01:30:00,3.754566,3.8093114
2017-10-12 02:00:00,5.6682315,3.4050379
2017-10-12 02:30:00,4.48074,5.3284554
2017-10-12 03:00:00,2.2179306,5.051175
2017-10-12 03:30:00,1.8687606,4.835174
2017-10-12 04:00:00,1.7473214,5.808756
2017-10-12 04:30:00,2.0860426,6.321721
2017-10-12 05:00:00,2.8915865,7.2126255
2017-10-12 05:30:00,-20.106106,5.262353
2017-10-12 06:00:00,-16.572788,2.062956
2017-10-12 06:30:00,-13.039467,0.13149004
2017-10-12 07:00:00,-9.506148,-1.6370963
2017-10-12 07:30:00,-5.972831,-5.517305
2017-10-12 08:00:00,-2.4395125,-9.314003
2017-10-12 08:30:00,1.0938092,-10.3661175
2017-10-12 09:00:00,4.627127,-11.850445
2017-10-12 09:30:00,8.160446,-13.305428
2017-10-12 10:00:00,11.693768,-9.687111
2017-10-12 10:30:00,15.227082,-10.023534
2017-10-12 11:00:00,18.760405,-9.423603
2017-10-12 11:30:00,22.293726,-10.982537
2017-10-12 12:00:00,25.82704,-13.792635
2017-10-12 12:30:00,29.360361,-13.594091
2017-10-12 13:00:00,32.89368,-14.787457
2017-10-12 13:30:00,36.426994,-12.995988
2017-10-12 14:00:00,26.55618,-13.087083
2017-10-12 14:30:00,16.685362,-13.05351
2017-10-12 15:00:00,6.814543,-7.428081
2017-10-12 15:30:00,-3.0562754,-4.8618374
2017-10-12 16:00:00,-12.9270935,-1.0174397
2017-10-12 16:30:00,-22.797913,0.3180027
2017-10-12 17:00:00,-3.148584,3.8942535
2017-10-12 17:30:00,10.555791,5.015929
2017-10-12 18:00:00,2.6355917,6.1582236
2017-10-12 18:30:00,4.125609,7.7415633
2017-10-12 19:00:00,2.369235,8.606454
2017-10-12 19:30:00,3.0927603,6.360758
2017-10-12 20:00:00,2.0609856,5.057306
2017-10-12 20:30:00,4.987447,4.338577
2017-10-12 21:00:00,4.4178634,3.8035576
2017-10-12 21:30:00,4.9197316,2.8189995
2017-10-12 22:00:00,4.119667,3.250282
2017-10-12 22:30:00,4.0966706,1.4686621
2017-10-12 23:00:00,4.6056647,2.6237264
2017-10-12 23:30:00,4.2754703,3.21039
2017-10-13 00:00:00,3.51743,3.036361
2017-10-13 00:30:00,3.2722268,2.2828457
2017-10-13 01:00:00,1.5051289,2.4265275
2017-10-13 01:30:00,4.6835494,2.2856002
2017-10-13 02:00:00,3.8996644,1.9783983
2017-10-13 02:30:00,2.6398835,4.43367
2017-10-13 03:00:00,3.1078286,2.66372
2017-10-13 03:30:00,4.22077,2.684527
2017-10-13 04:00:00,3.3212712,3.0363872
2017-10-13 04:30:00,3.1499662,5.401709
2017-10-13 05:00:00,2.1226263,5.5196853
2017-10-13 05:30:00,2.104133,4.468283
2017-10-13 06:00:00,1.1710196,3.452752
2017-10-13 06:30:00,2.7643785,0.7767879
2017-10-13 07:00:00,-0.13824661,-4.2063546
2017-10-13 07:30:00,-3.0408678,-6.822826
2017-10-13 08:00:00,-3.0613055,-7.2317038
2017-10-13 08:30:00,-8.9979725,-9.305264
2017-10-13 09:00:00,-14.612086,-12.147601
2017-10-13 09:30:00,-8.803663,-15.033312
2017-10-13 10:00:00,-12.831963,-14.331825
2017-10-13 10:30:00,-14.53474,-12.461375
2017-10-13 11:00:00,-16.985239,-12.274422
2017-10-13 11:30:00,-15.387282,-12.208594
2017-10-13 12:00:00,-19.836332,-11.627752
2017-10-13 12:30:00,-16.630224,-13.251933
2017-10-13 13:00:00,-15.472907,-13.3542
2017-10-13 13:30:00,-18.085983,-12.095991
2017-10-13 14:00:00,-17.345196,-11.028089
2017-10-13 14:30:00,-11.337159,-8.661403
2017-10-13 15:00:00,-10.290568,-1.8826009
2017-10-13 15:30:00,-6.7940607,4.465593
2017-10-13 16:00:00,-4.2273765,2.9218662
2017-10-13 16:30:00,1.4971595,1.3374487
2017-10-13 17:00:00,1.7922398,1.7574046
2017-10-13 17:30:00,4.108442,3.3497424
2017-10-13 18:00:00,2.607215,4.3333845
2017-10-13 18:30:00,0.98769087,5.234749
2017-10-13 19:00:00,0.39623785,4.7848334
2017-10-13 19:30:00,2.1812265,5.4344006
2017-10-13 20:00:00,2.7746048,9.358025
2017-10-13 20:30:00,0.61564523,7.7944584
2017-10-13 21:00:00,1.8525167,6.8746576
2017-10-13 21:30:00,2.668004,8.63188
2017-10-13 22:00:00,2.090101,6.890242
2017-10-13 22:30:00,1.3468612,6.5978184
2017-10-13 23:00:00,1.6766486,6.2850885
2017-10-13 23:30:00,2.0551565,6.511531
2017-10-14 00:00:00,2.6124976,5.58708
2017-10-14 00:30:00,1.7127461,5.9436502
2017-10-14 01:00:00,4.372033,6.4858403
2017-10-14 01:30:00,2.28031,5.769527
2017-10-14 02:00:00,2.3392265,6.551487
2017-10-14 02:30:00,3.4227061,5.408846
2017-10-14 03:00:00,1.765389,4.302129
2017-10-14 03:30:00,2.1194537,3.0549824
2017-10-14 04:00:00,2.3909876,1.8109329
2017-10-14 04:30:00,2.153882,1.531245
2017-10-14 05:00:00,2.5983148,2.7309449
2017-10-14 05:30:00,2.0082898,1.6752883
2017-10-14 06:00:00,2.1202638,0.6716831
2017-10-14 06:30:00,2.4156418,0.7639428
2017-10-14 07:00:00,-33.210007,0.19461548
2017-10-14 07:30:00,-4.522581,3.51925
2017-10-14 08:00:00,-1.5692835,5.313127
2017-10-14 08:30:00,-3.687398,8.06446
2017-10-14 09:00:00,-4.259065,5.4164457
2017-10-14 09:30:00,-7.4616466,9.514578
2017-10-14 10:00:00,-12.758723,9.711769
2017-10-14 10:30:00,-16.40802,5.85153
2017-10-14 11:00:00,-9.125659,4.783884
2017-10-14 11:30:00,-7.938732,1.3284658
2017-10-14 12:00:00,-11.887507,-6.6411023
2017-10-14 12:30:00,-7.377104,-9.593438
2017-10-14 13:00:00,-4.246514,-10.230699
2017-10-14 13:30:00,-1.5211886,-11.001249
2017-10-14 14:00:00,-2.5344927,-8.97397
2017-10-14 14:30:00,-2.1698022,-5.6936216
2017-10-14 15:00:00,-1.3721639,-2.8561187
2017-10-14 15:30:00,22.664007,-3.0932243
2017-10-14 16:00:00,23.096802,-1.6259844
2017-10-14 16:30:00,23.529602,-0.82552004
2017-10-14 17:00:00,23.962397,-0.31333467
2017-10-14 17:30:00,24.39519,-0.10292906
2017-10-14 18:00:00,24.82799,-0.6541623
2017-10-14 18:30:00,25.260784,0.6504692
2017-10-14 19:00:00,18.934862,1.5636234
2017-10-14 19:30:00,12.608941,2.6326752
2017-10-14 20:00:00,6.28302,3.3540604
2017-10-14 20:30:00,-0.04290092,0.70893735
2017-10-14 21:00:00,0.5642948,-0.35547984
2017-10-14 21:30:00,2.0998337,-1.2390628
2017-10-14 22:00:00,2.0453482,-1.3353354
2017-10-14 22:30:00,3.0463612,-4.01864
2017-10-14 23:00:00,8.876684,-4.6311035
2017-10-14 23:30:00,7.9277034,-3.7476256
2017-10-15 00:00:00,6.9787188,-3.8455486
2017-10-15 00:30:00,6.029738,-3.2200215
2017-10-15 01:00:00,5.0807576,0.6861259
2017-10-15 01:30:00,4.1317735,2.635264
2017-10-15 02:00:00,2.8371878,4.9887505
2017-10-15 02:30:00,-2.8139734,6.881994
2017-10-15 03:00:00,1.0406502,7.4830027
2017-10-15 03:30:00,4.8952737,7.0558233
2017-10-15 04:00:00,4.479851,6.9042554
2017-10-15 04:30:00,4.711395,5.0835195
2017-10-15 05:00:00,-12.175334,3.0815845
2017-10-15 05:30:00,0.70932925,2.7797105
2017-10-15 06:00:00,4.384181,3.667864
2017-10-15 06:30:00,-5.7623878,3.7407901
2017-10-15 07:00:00,-15.908959,1.8557006
2017-10-15 07:30:00,-8.375836,2.307564
2017-10-15 08:00:00,-0.8427135,0.31368834
2017-10-15 08:30:00,-2.7656639,-2.761063
2017-10-15 09:00:00,-4.929518,-0.16059844
2017-10-15 09:30:00,-10.860958,-2.1776285
2017-10-15 10:00:00,-12.306834,-4.137325
2017-10-15 10:30:00,-8.4230795,-1.9229525
2017-10-15 11:00:00,-11.993799,-1.3318688
2017-10-15 11:30:00,-12.210908,-1.7451138
2017-10-15 12:00:00,-14.960066,-2.6346729
2017-10-15 12:30:00,-13.126692,-2.8577766
2017-10-15 13:00:00,-13.985052,-5.2836094
2017-10-15 13:30:00,-9.716008,-4.7861795
2017-10-15 14:00:00,-10.568316,-5.3285956
2017-10-15 14:30:00,-9.006024,-5.882896
2017-10-15 15:00:00,-7.443737,-2.7578452
2017-10-15 15:30:00,-3.107279,1.2088956
2017-10-15 16:00:00,-2.5655034,4.621449
2017-10-15 16:30:00,0.6565281,10.252105
2017-10-15 17:00:00,4.7535024,13.110803
2017-10-15 17:30:00,5.556465,15.355812
2017-10-15 18:00:00,6.805752,16.359556
2017-10-15 18:30:00,6.2580533,17.609692
2017-10-15 19:00:00,4.936722,15.514973
2017-10-15 19:30:00,5.147101,15.010414
2017-10-15 20:00:00,4.53619,12.126663
2017-10-15 20:30:00,5.2060966,8.2105
2017-10-15 21:00:00,4.8894596,6.8279605
2017-10-15 21:30:00,13.100049,8.194806
2017-10-15 22:00:00,5.172452,6.895216
2017-10-15 22:30:00,4.161616,9.34175
2017-10-15 23:00:00,4.641713,10.822612
2017-10-15 23:30:00,5.450305,11.205407
2017-10-16 00:00:00,4.5310955,11.460377
2017-10-16 00:30:00,5.505529,10.733223
2017-10-16 01:00:00,6.309283,10.1957655
2017-10-16 01:30:00,5.1112785,9.544835
2017-10-16 02:00:00,5.061439,8.454072
2017-10-16 02:30:00,5.673017,8.680812
2017-10-16 03:00:00,5.1074467,5.765224
2017-10-16 03:30:00,5.3174076,6.0084906
2017-10-16 04:00:00,3.8696108,4.9026175
2017-10-16 04:30:00,6.0643325,3.817277
2017-10-16 05:00:00,4.297509,1.2290093
2017-10-16 05:30:00,4.7070656,0.6077023
2017-10-16 06:00:00,3.5413833,0.01812198
2017-10-16 06:30:00,2.3756971,-0.682965
2017-10-16 07:00:00,1.2100109,-2.5426996
2017-10-16 07:30:00,0.044328477,-2.6908236
2017-10-16 08:00:00,-1.1213577,-1.3274527
2017-10-16 08:30:00,-2.28704,-1.9964852
2017-10-16 09:00:00,-3.4527264,-3.3860137
2017-10-16 09:30:00,-7.3380103,-5.2402244
2017-10-16 10:00:00,-8.620203,-6.8563986
2017-10-16 10:30:00,-23.559761,-4.758345
2017-10-16 11:00:00,-11.386543,-5.0487156
2017-10-16 11:30:00,-10.935841,-6.8876243
2017-10-16 12:00:00,-9.835321,-8.239596
2017-10-16 12:30:00,-10.263835,-8.697263
2017-10-16 13:00:00,-8.758346,-8.401463
2017-10-16 13:30:00,-7.2527556,-5.66431
2017-10-16 14:00:00,-5.747161,-5.266691
2017-10-16 14:30:00,-4.2415705,-0.72255546
2017-10-16 15:00:00,-2.7359796,1.1314254
2017-10-16 15:30:00,-1.2303851,0.89522016
2017-10-16 16:00:00,0.27520564,2.0405402
2017-10-16 16:30:00,1.7808001,3.3919742
2017-10-16 17:00:00,3.2863908,5.3098035
2017-10-16 17:30:00,4.791981,5.54781
2017-10-16 18:00:00,3.7324703,7.5389953
2017-10-16 18:30:00,-7.5359516,8.699731
2017-10-16 19:00:00,-1.6633028,6.1293683
2017-10-16 19:30:00,4.209349,7.0842643
2017-10-16 20:00:00,10.081998,6.2206254
2017-10-16 20:30:00,10.597711,6.472969
2017-10-16 21:00:00,11.113426,6.1512904
2017-10-16 21:30:00,11.629139,6.9671845
2017-10-16 22:00:00,12.144851,5.700667
2017-10-16 22:30:00,7.525547,7.3464346
2017-10-16 23:00:00,2.9062402,6.6737924
2017-10-16 23:30:00,3.0954168,7.529059
2017-10-17 00:00:00,2.4858284,5.6961265
2017-10-17 00:30:00,3.6379497,5.559427
2017-10-17 01:00:00,2.515852,3.6175761
2017-10-17 01:30:00,2.7843564,4.589892
2017-10-17 02:00:00,2.5537694,5.1192403
2017-10-17 02:30:00,2.0655448,6.3300595
2017-10-17 03:00:00,1.8749024,5.7335653
2017-10-17 03:30:00,2.3778636,6.8024926
2017-10-17 04:00:00,2.126726,7.675382
2017-10-17 04:30:00,5.4453726,9.067786
2017-10-17 05:00:00,8.76402,8.153678
2017-10-17 05:30:00,1.8054429,7.191656
2017-10-17 06:00:00,12.68475,6.0327864
2017-10-17 06:30:00,6.005231,4.452028
2017-10-17 07:00:00,3.2200212,3.5464437
2017-10-17 07:30:00,-1.6269943,1.0596184
2017-10-17 08:00:00,-4.2586246,-2.061551
2017-10-17 08:30:00,-9.186463,-2.4907386
2017-10-17 09:00:00,27.231173,-4.0176225
2017-10-17 09:30:00,15.386257,-4.743477
2017-10-17 10:00:00,3.5413456,-5.7468104
2017-10-17 10:30:00,-8.303566,-7.658615
2017-10-17 11:00:00,-20.148476,-7.538461
2017-10-17 11:30:00,-31.993387,-6.474496
2017-10-17 12:00:00,-16.527441,-6.248796
2017-10-17 12:30:00,-9.612369,-4.8188634
2017-10-17 13:00:00,-10.099316,-5.551752
2017-10-17 13:30:00,-9.528647,-4.988876
2017-10-17 14:00:00,-3.9224386,-4.4973617
2017-10-17 14:30:00,-6.9504595,-3.9798672
2017-10-17 15:00:00,-3.7200928,-2.966785
2017-10-17 15:30:00,2.4164066,-1.429724
2017-10-17 16:00:00,-0.28229758,2.5322316
2017-10-17 16:30:00,1.6794444,5.055139
2017-10-17 17:00:00,2.597226,6.98948
2017-10-17 17:30:00,2.5168993,6.8402257
2017-10-17 18:00:00,2.2551548,7.2295475
2017-10-17 18:30:00,2.1874738,7.389899
2017-10-17 19:00:00,1.4292299,7.3004465
2017-10-17 19:30:00,1.1709179,6.5622783
2017-10-17 20:00:00,1.6919506,8.3101635
2017-10-17 20:30:00,2.3578782,7.942549
2017-10-17 21:00:00,2.1738071,6.528057
2017-10-17 21:30:00,4.2587514,5.457374
2017-10-17 22:00:00,3.711411,4.7743506
2017-10-17 22:30:00,2.7260427,5.2216964
2017-10-17 23:00:00,1.6240058,5.384546
2017-10-17 23:30:00,1.8346789,5.5664616
2017-10-18 00:00:00,1.8053751,4.836278
2017-10-18 00:30:00,2.9679601,4.2570558
2017-10-18 01:00:00,4.1305413,3.237418
2017-10-18 01:30:00,3.5497973,2.7942662
2017-10-18 02:00:00,2.5651715,1.5625383
2017-10-18 02:30:00,3.2766128,2.2221847
2017-10-18 03:00:00,2.1159117,2.402141
2017-10-18 03:30:00,3.559349,2.4848826
2017-10-18 04:00:00,1.6504534,3.4777868
2017-10-18 04:30:00,2.3872724,4.25215
2017-10-18 05:00:00,2.275046,5.6745014
2017-10-18 05:30:00,3.297431,4.8261724
2017-10-18 06:00:00,3.5061147,6.1166735
2017-10-18 06:30:00,1.1816717,5.8632674
2017-10-18 07:00:00,1.9252769,5.5685415
2017-10-18 07:30:00,-1.5075108,3.410023
2017-10-18 08:00:00,-4.9402947,-0.6013499
2017-10-18 08:30:00,-8.036105,-4.541598
2017-10-18 09:00:00,-7.803601,-0.58519644
2017-10-18 09:30:00,-9.393545,-1.532244
2017-10-18 10:00:00,-11.4354105,-2.8443737
2017-10-18 10:30:00,-13.477279,-5.0990186
2017-10-18 11:00:00,-12.924173,-6.0647516
2017-10-18 11:30:00,-12.2908535,-8.496352
2017-10-18 12:00:00,-11.359421,-9.033259
2017-10-18 12:30:00,-17.555334,-11.092589
2017-10-18 13:00:00,-10.765805,-9.615006
2017-10-18 13:30:00,-11.948335,-7.9939146
2017-10-18 14:00:00,-15.536556,-6.055441
2017-10-18 14:30:00,-9.169462,-5.481098
2017-10-18 15:00:00,-1.0161964,-4.4558496
2017-10-18 15:30:00,-1.918186,-3.4898148
2017-10-18 16:00:00,-2.1273367,-1.5169609
2017-10-18 16:30:00,1.1885597,1.8114002
2017-10-18 17:00:00,0.47030184,2.6492207
2017-10-18 17:30:00,2.4346514,3.2630668
2017-10-18 18:00:00,3.5179613,5.7264023
2017-10-18 18:30:00,4.067804,5.675523
2017-10-18 19:00:00,3.4376237,6.3442273
2017-10-18 19:30:00,3.620387,6.4176207
2017-10-18 20:00:00,3.6398413,6.586307
2017-10-18 20:30:00,3.2296069,5.877405
2017-10-18 21:00:00,2.82614,6.7337456
2017-10-18 21:30:00,3.385056,5.2616596
2017-10-18 22:00:00,3.185932,4.3859367
2017-10-18 22:30:00,4.7821016,3.5936494
2017-10-18 23:00:00,4.1458507,3.0869765
2017-10-18 23:30:00,2.5623717,1.3556633
2017-10-19 00:00:00,3.002023,1.6480155
2017-10-19 00:30:00,2.598213,2.657842
2017-10-19 01:00:00,3.4701567,1.733391
2017-10-19 01:30:00,3.7171648,2.2191627
2017-10-19 02:00:00,2.6105382,3.2135024
2017-10-19 02:30:00,3.1906834,3.3524554
2017-10-19 03:00:00,3.0523522,3.583291
2017-10-19 03:30:00,3.1960301,4.3858576
2017-10-19 04:00:00,3.193321,4.22808
2017-10-19 04:30:00,3.442002,4.6999702
2017-10-19 05:00:00,3.1714516,3.9910836
2017-10-19 05:30:00,2.7454066,3.546941
2017-10-19 06:00:00,2.422605,2.1108966
2017-10-19 06:30:00,2.08781,1.6977307
2017-10-19 07:00:00,1.925631,1.5625571
2017-10-19 07:30:00,2.4631827,0.36673436
2017-10-19 08:00:00,-4.8070393,-2.4747133
2017-10-19 08:30:00,-6.3386893,-5.6721926
2017-10-19 09:00:00,-7.9429336,-7.59139
2017-10-19 09:30:00,-11.042463,-9.616254
2017-10-19 10:00:00,-13.789813,-10.655271
2017-10-19 10:30:00,-10.648842,-10.577183
2017-10-19 11:00:00,-19.73184,-10.065516
2017-10-19 11:30:00,-9.606528,-10.041507
2017-10-19 12:00:00,-15.607387,-10.668575
2017-10-19 12:30:00,-14.382954,-12.956864
2017-10-19 13:00:00,-15.494452,-11.832588
2017-10-19 13:30:00,-18.72006,-10.601399
2017-10-19 14:00:00,-10.435445,-9.148889
2017-10-19 14:30:00,-10.300667,-7.3062987
2017-10-19 15:00:00,-13.629676,-7.40594
2017-10-19 15:30:00,-12.8751135,-6.5469737
2017-10-19 16:00:00,-5.7176914,-4.231864
2017-10-19 16:30:00,-1.2968414,-2.9420292
2017-10-19 17:00:00,1.941144,-2.9437776
2017-10-19 17:30:00,3.4500506,-1.8808261
2017-10-19 18:00:00,3.8567317,-1.1419084
2017-10-19 18:30:00,4.689175,0.026170446
2017-10-19 19:00:00,2.1356637,1.954185
2017-10-19 19:30:00,3.8946943,2.0979836
2017-10-19 20:00:00,4.043711,2.0083878
2017-10-19 20:30:00,2.841845,2.3831615
2017-10-19 21:00:00,4.0431123,1.8757427
2017-10-19 21:30:00,4.901084,1.1212442
2017-10-19 22:00:00,3.8469687,0.81851107
2017-10-19 22:30:00,3.7082872,0.15407172
2017-10-19 23:00:00,4.209553,-0.033823784
2017-10-19 23:30:00,3.1494312,0.30250865
2017-10-20 00:00:00,4.0306625,1.4102654
2017-10-20 00:30:00,3.6634705,1.8254133
2017-10-20 01:00:00,3.9791577,3.3787522
2017-10-20 01:30:00,1.6615615,2.6953297
2017-10-20 02:00:00,5.5589933,4.6513553
2017-10-20 02:30:00,4.2625194,5.383065
2017-10-20 03:00:00,4.811149,6.7178254
2017-10-20 03:30:00,4.088739,6.9259324
2017-10-20 04:00:00,4.696775,7.1644025
2017-10-20 04:30:00,5.930421,7.7338314
2017-10-20 05:00:00,6.3402863,7.6637387
2017-10-20 05:30:00,3.9395564,5.1527114
2017-10-20 06:00:00,4.5821786,3.8820415
2017-10-20 06:30:00,4.4332743,2.7085028
2017-10-20 07:00:00,1.5839895,0.17128022
2017-10-20 07:30:00,-1.4653354,-1.1349112
2017-10-20 08:00:00,-10.3644705,-6.3261194
2017-10-20 08:30:00,-10.162072,-7.2365985
2017-10-20 09:00:00,-8.463333,-8.89604
2017-10-20 09:30:00,-13.492539,-11.588949
2017-10-20 10:00:00,-16.250578,-14.344419
2017-10-20 10:30:00,-19.617445,-15.586362
2017-10-20 11:00:00,-12.51262,-15.961629
2017-10-20 11:30:00,-12.647126,-13.26416
2017-10-20 12:00:00,-13.383546,-11.989199
2017-10-20 12:30:00,-12.311167,-11.299126
2017-10-20 13:00:00,-12.461831,-10.156955
2017-10-20 13:30:00,-16.71873,-9.194903
2017-10-20 14:00:00,-10.42979,-7.195007
2017-10-20 14:30:00,-8.527925,-5.425475
2017-10-20 15:00:00,-4.51197,-4.8522325
2017-10-20 15:30:00,-3.573834,-3.5211835
2017-10-20 16:00:00,-3.9429066,-2.0200126
2017-10-20 16:30:00,-1.2653898,-1.1491128
2017-10-20 17:00:00,1.7092494,-0.38554102
2017-10-20 17:30:00,1.8753583,1.1289761
2017-10-20 18:00:00,0.9890624,2.760829
2017-10-20 18:30:00,0.41609526,3.4514673
2017-10-20 19:00:00,1.5547875,4.0329275
2017-10-20 19:30:00,0.8628643,3.8630996
2017-10-20 20:00:00,2.0765398,3.0998669
2017-10-20 20:30:00,5.7147365,3.066618
2017-10-20 21:00:00,1.8627619,2.546791
2017-10-20 21:30:00,2.983654,2.9260035
2017-10-20 22:00:00,2.4030378,1.7259643
2017-10-20 22:30:00,1.3303196,1.6258671
2017-10-20 23:00:00,1.329698,1.677715
2017-10-20 23:30:00,5.3364472,2.0023892
2017-10-21 00:00:00,4.253921,2.788848
2017-10-21 00:30:00,2.4271493,2.980323
2017-10-21 01:00:00,3.885881,3.4241378
2017-10-21 01:30:00,0.8343932,3.2461674
2017-10-21 02:00:00,6.893358,3.5984046
2017-10-21 02:30:00,5.3812904,3.68615
2017-10-21 03:00:00,5.424449,3.3663743
2017-10-21 03:30:00,3.0982542,3.2331753
2017-10-21 04:00:00,4.2537436,2.6435611
2017-10-21 04:30:00,5.4816175,3.185314
2017-10-21 05:00:00,6.004956,3.967074
2017-10-21 05:30:00,4.621373,4.384946
2017-10-21 06:00:00,7.2439413,3.9531887
2017-10-21 06:30:00,9.16115,2.3290982
2017-10-21 07:00:00,4.2488832,1.1284034
2017-10-21 07:30:00,-0.66337883,-1.1532124
2017-10-21 08:00:00,-7.9173603,-5.887131
2017-10-21 08:30:00,-8.673686,-8.397382
2017-10-21 09:00:00,-18.099522,-9.154864
2017-10-21 09:30:00,-11.26703,-11.915915
2017-10-21 10:00:00,-16.286247,-14.383549
2017-10-21 10:30:00,-12.813129,-15.970472
2017-10-21 11:00:00,-8.364201,-15.729667
2017-10-21 11:30:00,-10.167754,-14.344448
2017-10-21 12:00:00,-12.215908,-14.251028
2017-10-21 12:30:00,-13.78962,-13.295149
2017-10-21 13:00:00,-9.322725,-11.566187
2017-10-21 13:30:00,-7.500363,-10.586361
2017-10-21 14:00:00,-6.5632176,-8.30499
2017-10-21 14:30:00,-6.9442725,-5.6685867
2017-10-21 15:00:00,-4.9101543,-3.6321476
2017-10-21 15:30:00,-3.2912483,-2.0301447
2017-10-21 16:00:00,-1.4112419,-0.94840986
2017-10-21 16:30:00,2.1783025,0.2906884
2017-10-21 17:00:00,2.0960393,1.1285315
2017-10-21 17:30:00,3.143719,1.8614242
2017-10-21 18:00:00,1.7732077,2.4959946
2017-10-21 18:30:00,1.6906241,3.5329618
2017-10-21 19:00:00,1.2724769,4.7066283
2017-10-21 19:30:00,1.8255264,3.7529495
2017-10-21 20:00:00,2.21911,3.3435893
2017-10-21 20:30:00,1.6583964,2.912416
2017-10-21 21:00:00,1.1697837,2.71426
2017-10-21 21:30:00,5.8212166,2.1386442
2017-10-21 22:00:00,7.5226045,1.9400023
2017-10-21 22:30:00,4.4784417,2.1755254
2017-10-21 23:00:00,7.5766263,2.799338
2017-10-21 23:30:00,4.438904,3.0016687
2017-10-22 00:00:00,4.3343678,3.7680366
2017-10-22 00:30:00,3.6951141,4.1803656
2017-10-22 01:00:00,5.548993,4.735416
2017-10-22 01:30:00,3.6398866,4.6282578
2017-10-22 02:00:00,8.536779,5.342668
2017-10-22 02:30:00,4.913198,4.8836308
2017-10-22 03:00:00,1.6965287,4.579439
2017-10-22 03:30:00,1.3998507,4.061342
2017-10-22 04:00:00,0.93789667,3.8807755
2017-10-22 04:30:00,3.2036378,3.8553035
2017-10-22 05:00:00,3.491815,4.101241
2017-10-22 05:30:00,3.5311832,4.9540997
2017-10-22 06:00:00,1.0802407,5.4131904
2017-10-22 06:30:00,4.4983177,4.9248753
2017-10-22 07:00:00,5.9212875,3.8650777
2017-10-22 07:30:00,0.17591487,0.8787012
2017-10-22 08:00:00,-5.569454,-2.9452472
2017-10-22 08:30:00,-6.9465747,-5.463754
2017-10-22 09:00:00,-14.243364,-8.520927
2017-10-22 09:30:00,-11.607947,-10.055886
2017-10-22 10:00:00,-12.688748,-10.713396
2017-10-22 10:30:00,-10.595175,-10.951948
2017-10-22 11:00:00,-11.336862,-10.016597
2017-10-22 11:30:00,-6.776351,-9.995316
2017-10-22 12:00:00,-7.495223,-11.106091
2017-10-22 12:30:00,-6.775575,-10.29165
2017-10-22 13:00:00,-9.119634,-9.796285
2017-10-22 13:30:00,-6.131347,-8.933735
2017-10-22 14:00:00,-8.485847,-7.3926053
2017-10-22 14:30:00,-7.51476,-6.330656
2017-10-22 15:00:00,-4.864554,-5.4382033
2017-10-22 15:30:00,-3.6262732,-4.4468026
2017-10-22 16:00:00,-1.2491497,-2.72535
2017-10-22 16:30:00,1.5660124,-0.77959555
2017-10-22 17:00:00,4.3811703,0.82774645
2017-10-22 17:30:00,3.7729084,2.3830974
2017-10-22 18:00:00,4.707337,3.3833718
2017-10-22 18:30:00,2.8564384,3.935566
2017-10-22 19:00:00,2.3448107,3.9407697
2017-10-22 19:30:00,1.7891048,3.7866807
2017-10-22 20:00:00,3.8669393,3.3413887
2017-10-22 20:30:00,2.7588773,2.9268587
2017-10-22 21:00:00,4.7417536,2.6608863
2017-10-22 21:30:00,4.6123605,2.8794196
2017-10-22 22:00:00,5.203071,2.7392497
2017-10-22 22:30:00,4.6070514,2.5449522
2017-10-22 23:00:00,5.7570662,3.4567049
2017-10-22 23:30:00,2.8176355,4.091264
2017-10-23 00:00:00,2.5373182,4.058135
2017-10-23 00:30:00,2.1091633,4.44289
2017-10-23 01:00:00,3.3870947,4.6324625
2017-10-23 01:30:00,2.1115823,4.0402184
2017-10-23 02:00:00,2.0823538,4.0624385
2017-10-23 02:30:00,2.2649817,4.373612
2017-10-23 03:00:00,2.2481651,4.075114
2017-10-23 03:30:00,3.2511034,4.0689116
2017-10-23 04:00:00,2.0576885,3.483823
2017-10-23 04:30:00,2.1457505,3.5205312
2017-10-23 05:00:00,1.6212853,3.8568032
2017-10-23 05:30:00,1.567885,3.5945952
2017-10-23 06:00:00,1.3939236,3.1575701
2017-10-23 06:30:00,0.8652532,2.4800634
2017-10-23 07:00:00,0.65597427,2.0595763
2017-10-23 07:30:00,-0.6855046,-0.6093607
2017-10-23 08:00:00,-3.1788523,-4.0648284
2017-10-23 08:30:00,-5.3858843,-6.199051
2017-10-23 09:00:00,-7.1471195,-8.926064
2017-10-23 09:30:00,-10.891992,-10.067103
2017-10-23 10:00:00,-11.824536,-11.760831
2017-10-23 10:30:00,-16.285278,-13.045597
2017-10-23 11:00:00,-20.071005,-14.482233
2017-10-23 11:30:00,-10.038361,-12.911769
2017-10-23 12:00:00,-14.375064,-12.10069
2017-10-23 12:30:00,-10.17702,-11.022878
2017-10-23 13:00:00,-11.580976,-10.17364
2017-10-23 13:30:00,-10.075999,-7.522089
2017-10-23 14:00:00,-5.4159417,-5.9042006
2017-10-23 14:30:00,-6.866983,-4.650708
2017-10-23 15:00:00,-7.659998,-3.485199
2017-10-23 15:30:00,-6.5748305,-1.7609206
2017-10-23 16:00:00,-4.409164,-0.69954044
2017-10-23 16:30:00,-2.0094585,0.99480486
2017-10-23 17:00:00,1.0929766,2.0322583
2017-10-23 17:30:00,3.0256445,3.826192
2017-10-23 18:00:00,5.369583,5.073979
2017-10-23 18:30:00,3.6802607,5.3616514
2017-10-23 19:00:00,3.2164829,5.3374834
2017-10-23 19:30:00,1.3806301,5.2177362
2017-10-23 20:00:00,0.99422836,4.6012597
2017-10-23 20:30:00,0.80479175,4.615243
2017-10-23 21:00:00,0.09099903,4.4414887
2017-10-23 21:30:00,-0.081500396,3.8986318
2017-10-23 22:00:00,0.57578725,3.3375266
2017-10-23 22:30:00,2.5420697,3.0331128
2017-10-23 23:00:00,1.7104515,3.6139815
2017-10-23 23:30:00,2.3476517,3.428132
2017-10-24 00:00:00,1.8944734,3.7171495
2017-10-24 00:30:00,1.9051595,3.7210531
2017-10-24 01:00:00,2.5387163,3.733774
2017-10-24 01:30:00,3.373952,3.368624
2017-10-24 02:00:00,3.709361,3.4334297
2017-10-24 02:30:00,3.466494,3.8309283
2017-10-24 03:00:00,4.405523,3.8692715
2017-10-24 03:30:00,3.7633982,3.7534392
2017-10-24 04:00:00,3.849305,3.379521
2017-10-24 04:30:00,3.1773634,4.2690196
2017-10-24 05:00:00,3.7021868,3.889517
2017-10-24 05:30:00,1.1783069,3.5576723
2017-10-24 06:00:00,1.1370058,3.5353732
2017-10-24 06:30:00,1.8705428,2.0655637
2017-10-24 07:00:00,3.7070475,0.38715696
2017-10-24 07:30:00,2.3502405,-2.18741
2017-10-24 08:00:00,-1.9621737,-4.8290367
2017-10-24 08:30:00,-5.093506,-7.796174
2017-10-24 09:00:00,-6.181002,-9.187024
2017-10-24 09:30:00,-7.2285876,-10.853709
2017-10-24 10:00:00,-10.43214,-12.3663645
2017-10-24 10:30:00,-9.817378,-13.729038
2017-10-24 11:00:00,-11.115253,-14.964263
2017-10-24 11:30:00,-9.652732,-15.081949
2017-10-24 12:00:00,-11.194374,-14.950427
2017-10-24 12:30:00,-10.89047,-14.503842
2017-10-24 13:00:00,-13.0998335,-13.900354
2017-10-24 13:30:00,-7.0968804,-11.543265
2017-10-24 14:00:00,-6.3056026,-9.493815
2017-10-24 14:30:00,-5.8705406,-8.49102
2017-10-24 15:00:00,-4.8693695,-7.6127925
2017-10-24 15:30:00,-1.2953492,-6.1153746
2017-10-24 16:00:00,-1.0064673,-4.4500656
2017-10-24 16:30:00,0.760755,-2.5308266
2017-10-24 17:00:00,1.1937143,-0.11364151
2017-10-24 17:30:00,3.293407,1.0099033
2017-10-24 18:00:00,2.5468588,2.8763487
2017-10-24 18:30:00,2.1207197,3.8569427
2017-10-24 19:00:00,1.2211266,4.95335
2017-10-24 19:30:00,1.7629435,4.12082
2017-10-24 20:00:00,0.8976204,3.709267
2017-10-24 20:30:00,-0.19650756,3.605918
2017-10-24 21:00:00,1.6160364,3.4991815
2017-10-24 21:30:00,0.5881199,3.2807689
2017-10-24 22:00:00,1.8757313,2.3670194
2017-10-24 22:30:00,1.651403,1.9543018
2017-10-24 23:00:00,1.4270709,1.3243662
2017-10-24 23:30:00,1.6508566,1.7205195
2017-10-25 00:00:00,0.5107891,1.7939392
2017-10-25 00:30:00,0.37495238,2.3446977
2017-10-25 01:00:00,0.8248564,1.9977809
2017-10-25 01:30:00,1.2747566,2.4444897
2017-10-25 02:00:00,-0.43691403,2.3733308
2017-10-25 02:30:00,0.7478044,2.510151
2017-10-25 03:00:00,1.9325228,3.0339117
2017-10-25 03:30:00,1.6706235,3.3384798
2017-10-25 04:00:00,1.4087244,3.4267304
2017-10-25 04:30:00,2.8082945,3.5841427
2017-10-25 05:00:00,2.3738244,3.804492
2017-10-25 05:30:00,2.109103,3.9612257
2017-10-25 06:00:00,1.8443816,3.0556796
2017-10-25 06:30:00,1.5796639,2.1534336
2017-10-25 07:00:00,14.560167,0.41027746
2017-10-25 07:30:00,8.138335,-1.1045749
2017-10-25 08:00:00,4.8787246,-3.5442247
2017-10-25 08:30:00,1.6191149,-5.0361757
2017-10-25 09:00:00,-1.6404912,-6.772195
2017-10-25 09:30:00,-10.003827,-8.575989
2017-10-25 10:00:00,-6.0716543,-10.425015
2017-10-25 10:30:00,-10.124287,-11.133216
2017-10-25 11:00:00,-9.457277,-10.434646
2017-10-25 11:30:00,-7.6422544,-9.981121
2017-10-25 12:00:00,-10.669231,-9.766477
2017-10-25 12:30:00,-9.901168,-9.594154
2017-10-25 13:00:00,-8.865297,-9.617079
2017-10-25 13:30:00,-8.352385,-8.08166
2017-10-25 14:00:00,-7.997939,-6.1295576
2017-10-25 14:30:00,-5.804653,-5.0576043
2017-10-25 15:00:00,-5.6973443,-3.961743
2017-10-25 15:30:00,-5.0299735,-2.4816916
2017-10-25 16:00:00,-3.5589502,-0.70147717
2017-10-25 16:30:00,-1.6681032,0.5365095
2017-10-25 17:00:00,1.3659312,1.0114934
2017-10-25 17:30:00,1.3907924,1.6713622
2017-10-25 18:00:00,2.0978556,2.3641105
2017-10-25 18:30:00,2.2350185,2.9964802
2017-10-25 19:00:00,2.982889,3.072059
2017-10-25 19:30:00,2.6636596,2.7853022
2017-10-25 20:00:00,1.1607027,2.2816627
2017-10-25 20:30:00,0.2794635,1.7045394
2017-10-25 21:00:00,0.36991078,1.3004394
2017-10-25 21:30:00,0.497375,0.5883799
2017-10-25 22:00:00,0.6428277,0.5156687
2017-10-25 22:30:00,0.38306868,0.7095478
2017-10-25 23:00:00,0.320369,0.6189385
2017-10-25 23:30:00,0.029000219,0.8245248
2017-10-26 00:00:00,0.14558616,1.1478727
2017-10-26 00:30:00,0.26216835,2.02193
2017-10-26 01:00:00,0.88421005,1.6969055
2017-10-26 01:30:00,4.155026,1.7323285
2017-10-26 02:00:00,2.615237,1.5119038
2017-10-26 02:30:00,1.0754516,1.9720643
2017-10-26 03:00:00,1.2399176,2.10746
2017-10-26 03:30:00,1.0729873,2.4424512
2017-10-26 04:00:00,0.9952608,2.2000513
2017-10-26 04:30:00,0.91753054,2.6639836
2017-10-26 05:00:00,-10.756502,2.8250546
2017-10-26 05:30:00,0.7787096,2.6678572
2017-10-26 06:00:00,2.1249664,2.038483
2017-10-26 06:30:00,3.4712193,1.0842612
2017-10-26 07:00:00,2.0243454,1.3514054
2017-10-26 07:30:00,-0.6322212,0.06156335
2017-10-26 08:00:00,-3.2887914,-2.5012288
2017-10-26 08:30:00,-8.514089,-4.3014555
2017-10-26 09:00:00,-4.060092,-5.3808165
2017-10-26 09:30:00,-2.7242458,-7.102815
2017-10-26 10:00:00,-7.278005,-7.017666
2017-10-26 10:30:00,-11.382832,-7.583613
2017-10-26 11:00:00,-13.081876,-7.6358376
2017-10-26 11:30:00,-10.037928,-7.006482
2017-10-26 12:00:00,-13.651026,-7.353218
2017-10-26 12:30:00,-11.028985,-7.668559
2017-10-26 13:00:00,-5.9118795,-7.928951
2017-10-26 13:30:00,-13.805518,-7.714284
2017-10-26 14:00:00,-9.524424,-6.737281
2017-10-26 14:30:00,-10.457303,-5.8127017
2017-10-26 15:00:00,-7.6337276,-4.577002
2017-10-26 15:30:00,-2.0993142,-4.383191
2017-10-26 16:00:00,-0.44267157,-3.4313805
2017-10-26 16:30:00,1.2139673,-2.5056298
2017-10-26 17:00:00,1.5526096,-1.2015145
2017-10-26 17:30:00,3.129668,0.2606084
2017-10-26 18:00:00,2.1550612,0.7726845
2017-10-26 18:30:00,2.2856002,1.1543574
2017-10-26 19:00:00,0.7277096,1.4779654
2017-10-26 19:30:00,0.7559056,1.6081915
2017-10-26 20:00:00,0.5184419,1.7152293
2017-10-26 20:30:00,0.19188368,1.558043
2017-10-26 21:00:00,0.55435485,1.7107114
2017-10-26 21:30:00,0.748396,1.3520535
2017-10-26 22:00:00,0.20123588,1.9361099
2017-10-26 22:30:00,0.24419118,1.8918735
2017-10-26 23:00:00,-1.4509944,1.7577626
2017-10-26 23:30:00,0.1452282,1.7599819
2017-10-27 00:00:00,1.4427872,1.8225195
2017-10-27 00:30:00,5.5003443,1.4846121
2017-10-27 01:00:00,2.0190287,1.5379369
2017-10-27 01:30:00,0.70445347,1.7143965
2017-10-27 02:00:00,0.93290025,1.3139213
2017-10-27 02:30:00,0.7757178,1.5652474
2017-10-27 03:00:00,2.3870575,1.9923098
2017-10-27 03:30:00,0.71472126,2.253105
2017-10-27 04:00:00,1.3066301,2.8448105
2017-10-27 04:30:00,1.8985391,3.08952
2017-10-27 05:00:00,1.1916908,1.912217
2017-10-27 05:30:00,3.786903,2.837998
2017-10-27 06:00:00,6.382115,2.6918104
2017-10-27 06:30:00,5.660594,2.322248
2017-10-27 07:00:00,1.9609109,1.2092046
2017-10-27 07:30:00,16.025034,-0.5505609
2017-10-27 08:00:00,4.768499,-3.2189665
2017-10-27 08:30:00,-6.488038,-4.3732886
2017-10-27 09:00:00,-5.321365,-5.9472384
2017-10-27 09:30:00,-9.298324,-5.568987
2017-10-27 10:00:00,-13.275288,-7.3077836
2017-10-27 10:30:00,-10.738159,-8.857011
2017-10-27 11:00:00,-8.827847,-9.522381
2017-10-27 11:30:00,-7.151102,-9.401299
2017-10-27 12:00:00,-12.2638,-9.736875
2017-10-27 12:30:00,-10.430535,-9.432472
2017-10-27 13:00:00,-9.163995,-8.352124
2017-10-27 13:30:00,-10.401962,-8.326152
2017-10-27 14:00:00,-1.8163141,-6.0942664
2017-10-27 14:30:00,-7.8806453,-5.276601
2017-10-27 15:00:00,-4.591999,-4.382166
2017-10-27 15:30:00,-2.8207257,-3.5848439
2017-10-27 16:00:00,-3.862064,-2.801833
2017-10-27 16:30:00,-0.8203051,-1.8936524
2017-10-27 17:00:00,2.2214499,0.50532174
2017-10-27 17:30:00,2.2099123,2.2396193
2017-10-27 18:00:00,3.1435344,3.1564171
2017-10-27 18:30:00,1.5203215,3.794047
2017-10-27 19:00:00,0.94377095,3.435766
2017-10-27 19:30:00,1.2395823,3.1314127
2017-10-27 20:00:00,0.8654077,3.0181236
2017-10-27 20:30:00,0.4912369,2.2548985
2017-10-27 21:00:00,0.43175888,1.6111757
2017-10-27 21:30:00,0.37228087,1.3210504
2017-10-27 22:00:00,1.8900988,1.216782
2017-10-27 22:30:00,3.4079165,1.4227828
2017-10-27 23:00:00,3.2099907,1.5116174
2017-10-27 23:30:00,3.5862112,1.7327919
2017-10-28 00:00:00,4.1972504,1.8030088
2017-10-28 00:30:00,7.8850417,2.4028418
2017-10-28 01:00:00,2.735979,3.1289861
2017-10-28 01:30:00,4.4046564,3.220609
2017-10-28 02:00:00,2.737573,3.744852
2017-10-28 02:30:00,2.109819,2.9380121
2017-10-28 03:00:00,6.0400023,3.3195078
2017-10-28 03:30:00,15.903703,2.8483071
2017-10-28 04:00:00,8.157903,2.9481142
2017-10-28 04:30:00,4.24215,2.6340318
2017-10-28 05:00:00,2.7334168,2.4893477
2017-10-28 05:30:00,3.604117,2.9208562
2017-10-28 06:00:00,1.6011603,2.768904
2017-10-28 06:30:00,5.090886,2.1686413
2017-10-28 07:00:00,5.1729116,0.7512182
2017-10-28 07:30:00,1.1136328,2.4505222
2017-10-28 08:00:00,-2.9456427,-1.1427449
2017-10-28 08:30:00,-2.2012765,-4.9801793
2017-10-28 09:00:00,-6.515292,-7.0175977
2017-10-28 09:30:00,-10.829308,-8.942963
2017-10-28 10:00:00,-5.7149825,-11.198727
2017-10-28 10:30:00,-7.4587674,-12.192656
2017-10-28 11:00:00,-1.3836826,-12.216379
2017-10-28 11:30:00,-6.3218274,-12.567893
2017-10-28 12:00:00,-6.4573026,-13.419504
2017-10-28 12:30:00,-8.009322,-12.487574
2017-10-28 13:00:00,-3.728571,-11.673161
2017-10-28 13:30:00,-1.4021949,-10.009256
2017-10-28 14:00:00,-2.6591988,-7.614409
2017-10-28 14:30:00,-1.0684435,-6.5696645
2017-10-28 15:00:00,0.5061469,-4.7187395
2017-10-28 15:30:00,0.64782405,-4.0458903
2017-10-28 16:00:00,1.7047806,-3.429048
2017-10-28 16:30:00,3.1676269,-2.2629626
2017-10-28 17:00:00,3.9131727,-1.7213113
2017-10-28 17:30:00,3.0056176,-0.6538571
2017-10-28 18:00:00,3.2524862,0.5349647
2017-10-28 18:30:00,1.8851777,0.6677907
2017-10-28 19:00:00,1.9594866,0.85912645
2017-10-28 19:30:00,1.7840859,1.5083317
2017-10-28 20:00:00,1.4266714,1.6496583
2017-10-28 20:30:00,1.658355,0.9096253
2017-10-28 21:00:00,2.39699,0.91149795
2017-10-28 21:30:00,4.801763,0.9408583
2017-10-28 22:00:00,3.392641,0.26792964
2017-10-28 22:30:00,2.0725381,1.0785526
2017-10-28 23:00:00,5.106625,0.99439794
2017-10-28 23:30:00,6.6982923,1.1775043
2017-10-29 00:00:00,1.7229687,1.6208067
2017-10-29 00:30:00,2.114118,2.369932
2017-10-29 01:00:00,2.3382657,1.9006228
2017-10-29 01:30:00,2.8273983,2.46839
2017-10-29 02:00:00,3.6498945,2.3314457
2017-10-29 02:30:00,4.680132,2.7402294
2017-10-29 03:00:00,8.459312,2.7189739
2017-10-29 03:30:00,4.0775595,3.2067163
2017-10-29 04:00:00,6.425639,4.0709577
2017-10-29 04:30:00,4.0652833,4.2224507
2017-10-29 05:00:00,4.4437156,4.1415515
2017-10-29 05:30:00,6.828164,4.1317058
2017-10-29 06:00:00,1.8990402,3.7216108
2017-10-29 06:30:00,4.928481,3.6723254
2017-10-29 07:00:00,6.428631,2.7463486
2017-10-29 07:30:00,1.2461762,0.6876255
2017-10-29 08:00:00,-0.37339294,-1.6050795
2017-10-29 08:30:00,-1.9929621,-2.9367805
2017-10-29 09:00:00,-3.6125312,-3.8495579
2017-10-29 09:30:00,-4.984942,-5.4714975
2017-10-29 10:00:00,-3.8889825,-6.65258
2017-10-29 10:30:00,-0.16584727,-6.352548
2017-10-29 11:00:00,2.8827467,-6.8636823
2017-10-29 11:30:00,5.4596987,-7.458327
2017-10-29 12:00:00,-3.6950357,-7.606025
2017-10-29 12:30:00,-3.6966558,-8.125825
2017-10-29 13:00:00,0.07570092,-6.898054
2017-10-29 13:30:00,13.252766,-5.054944
2017-10-29 14:00:00,-2.3364425,-4.0857105
2017-10-29 14:30:00,-2.9128158,-3.23535
2017-10-29 15:00:00,3.1311865,-2.6686602
2017-10-29 15:30:00,1.6617838,-1.6952593
2017-10-29 16:00:00,11.178888,-0.52181476
2017-10-29 16:30:00,3.46513,1.2793083
2017-10-29 17:00:00,12.927074,2.7817678
2017-10-29 17:30:00,13.823476,4.129592
2017-10-29 18:00:00,14.250753,5.1244817
2017-10-29 18:30:00,13.834381,4.8887815
2017-10-29 19:00:00,3.588084,4.614768
2017-10-29 19:30:00,5.032271,4.3094616
2017-10-29 20:00:00,5.3359537,3.9478722
2017-10-29 20:30:00,4.528432,3.4883184
2017-10-29 21:00:00,5.0425725,2.798626
2017-10-29 21:30:00,2.4554658,2.968563
2017-10-29 22:00:00,1.7431238,3.3316898
2017-10-29 22:30:00,2.552232,2.7196183
2017-10-29 23:00:00,2.0522022,3.6171467
2017-10-29 23:30:00,4.500699,4.1511636
2017-10-30 00:00:00,8.209242,3.9456303
2017-10-30 00:30:00,5.594341,4.263345
2017-10-30 01:00:00,13.83686,4.8200455
2017-10-30 01:30:00,9.930837,4.6191354
2017-10-30 02:00:00,1.969065,4.604478
2017-10-30 02:30:00,6.615573,4.5906715
2017-10-30 03:00:00,2.1906917,4.7852254
2017-10-30 03:30:00,8.840243,4.5131526
2017-10-30 04:00:00,2.4110937,4.3845053
2017-10-30 04:30:00,2.301961,3.7283857
2017-10-30 05:00:00,2.9204645,2.9866307
2017-10-30 05:30:00,2.9657032,3.2328286
2017-10-30 06:00:00,2.9509702,1.209359
2017-10-30 06:30:00,2.7719522,1.1536491
2017-10-30 07:00:00,5.835682,0.52051055
2017-10-30 07:30:00,2.3846347,-1.8909281
2017-10-30 08:00:00,0.85521525,-4.25148
2017-10-30 08:30:00,-2.1778243,-4.577914
2017-10-30 09:00:00,0.3801824,-6.67986
2017-10-30 09:30:00,-2.3515146,-7.5521126
2017-10-30 10:00:00,-5.2276506,-7.1042924
2017-10-30 10:30:00,-3.0641391,-6.491912
2017-10-30 11:00:00,-4.091046,-2.9342294
2017-10-30 11:30:00,-5.2887564,-3.2259147
2017-10-30 12:00:00,-6.657305,-5.034118
2017-10-30 12:30:00,-2.1939628,-5.5859885
2017-10-30 13:00:00,-3.452941,-2.7033975
2017-10-30 13:30:00,-4.9174194,-0.8617005
2017-10-30 14:00:00,-5.519291,-2.0492487
2017-10-30 14:30:00,-5.2773657,-2.482901
2017-10-30 15:00:00,-1.9532586,-1.311171
2017-10-30 15:30:00,0.059001103,-0.21965821
2017-10-30 16:00:00,0.15205583,1.7463756
2017-10-30 16:30:00,0.4244188,2.0335243
2017-10-30 17:00:00,0.31232807,2.5078676
2017-10-30 17:30:00,-0.5870277,1.9699203
2017-10-30 18:00:00,-1.4863836,1.8026583
2017-10-30 18:30:00,-2.3857393,2.1551292
2017-10-30 19:00:00,1.880513,2.7496192
2017-10-30 19:30:00,-0.045598812,3.0995882
2017-10-30 20:00:00,0.26964408,2.7205038
2017-10-30 20:30:00,0.5848908,2.9507291
2017-10-30 21:00:00,-0.06599881,2.2755735
2017-10-30 21:30:00,2.81516,1.9494524
2017-10-30 22:00:00,0.84024495,1.680914
2017-10-30 22:30:00,-1.13467,1.8828566
2017-10-30 23:00:00,-0.46893835,2.1452043
2017-10-30 23:30:00,0.19678964,3.224049
2017-10-31 00:00:00,0.22071649,2.8189657
2017-10-31 00:30:00,1.1194657,2.7998807
2017-10-31 01:00:00,2.15294,3.438965
2017-10-31 01:30:00,1.9081249,3.7516193
2017-10-31 02:00:00,1.6633061,3.349799
2017-10-31 02:30:00,1.418491,3.8589172
2017-10-31 03:00:00,1.173676,3.017762
2017-10-31 03:30:00,0.9288572,3.4980023
2017-10-31 04:00:00,0.68404216,3.3158944
2017-10-31 04:30:00,0.4392233,3.3013988
2017-10-31 05:00:00,0.63656145,3.373545
2017-10-31 05:30:00,2.6185,2.443235
2017-10-31 06:00:00,-5.4415946,2.0972526
2017-10-31 06:30:00,-0.468132,0.46481183
2017-10-31 07:00:00,4.5053263,-0.27982578
2017-10-31 07:30:00,9.4787855,-0.83577657
2017-10-31 08:00:00,20.969769,-2.396139
2017-10-31 08:30:00,13.464709,-3.4375713
2017-10-31 09:00:00,5.9596496,-4.6415896
2017-10-31 09:30:00,-1.5454131,-4.8696294
2017-10-31 10:00:00,-5.2578926,-4.9212737
2017-10-31 10:30:00,-5.637207,-5.1438804
2017-10-31 11:00:00,-5.4230294,-5.097217
2017-10-31 11:30:00,-6.297347,-5.025855
2017-10-31 12:00:00,-4.603435,-5.829831
2017-10-31 12:30:00,-6.572121,-5.551922
2017-10-31 13:00:00,-8.645912,-5.9657884
2017-10-31 13:30:00,-8.023343,-4.6952953
2017-10-31 14:00:00,-6.9129376,-4.0448503
2017-10-31 14:30:00,-10.309639,-3.901462
2017-10-31 15:00:00,-3.2991197,-2.9027553
2017-10-31 15:30:00,-3.2912745,-0.85900253
2017-10-31 16:00:00,-1.8134505,-0.1688466
2017-10-31 16:30:00,1.0072469,1.3066603
2017-10-31 17:00:00,1.0285097,0.8605658
2017-10-31 17:30:00,0.80578274,1.6109082
2017-10-31 18:00:00,0.58305573,1.7128856
2017-10-31 18:30:00,4.033229,-0.06474406
2017-10-31 19:00:00,2.2203045,0.47745728
2017-10-31 19:30:00,0.40737608,-0.3238248
2017-10-31 20:00:00,3.2526333,0.36672682
2017-10-31 20:30:00,2.4331667,-1.120216
2017-10-31 21:00:00,2.8911493,-1.203489
2017-10-31 21:30:00,1.8861537,-0.5752075
2017-10-31 22:00:00,0.72314274,-0.73305684
2017-10-31 22:30:00,1.4035434,-1.3730342
2017-10-31 23:00:00,0.77554446,-0.11498669
2017-10-31 23:30:00,3.4335315,-0.48602626
2017-11-01 00:00:00,1.7646655,1.1036099
2017-11-01 00:30:00,1.6284369,0.2894751
2017-11-01 01:00:00,0.7404116,0.8988337
2017-11-01 01:30:00,1.2894782,1.4557378
2017-11-01 02:00:00,0.8842176,1.4975363
2017-11-01 02:30:00,0.47896072,1.5786201
2017-11-01 03:00:00,0.07370011,0.33627376
2017-11-01 03:30:00,0.07387343,0.8554677
2017-11-01 04:00:00,0.07405053,1.1991175
2017-11-01 04:30:00,0.07422386,1.3851781
2017-11-01 05:00:00,0.074400954,2.8005776
2017-11-01 05:30:00,-0.26037908,2.6217217
2017-11-01 06:00:00,-0.4617113,1.2159191
2017-11-01 06:30:00,-0.66303974,0.65418065
2017-11-01 07:00:00,-4.948671,0.68604296
2017-11-01 07:30:00,7.7571855,0.9412012
2017-11-01 08:00:00,8.221069,0.17558327
2017-11-01 08:30:00,2.2741868,0.62402153
2017-11-01 09:00:00,-3.6726952,0.58363223
2017-11-01 09:30:00,-4.4432306,-0.27326941
2017-11-01 10:00:00,-6.369052,-2.51664
2017-11-01 10:30:00,-8.492532,-3.5847158
2017-11-01 11:00:00,-8.687699,-3.1910267
2017-11-01 11:30:00,-9.02997,-3.8815067
2017-11-01 12:00:00,-6.5099983,-3.2276142
2017-11-01 12:30:00,-13.124356,-3.7895975
2017-11-01 13:00:00,-5.0099277,-3.92927
2017-11-01 13:30:00,-5.1620574,-3.9791663
2017-11-01 14:00:00,-6.14215,-2.797756
2017-11-01 14:30:00,-3.6465225,-2.978624
2017-11-01 15:00:00,-3.011308,-1.7525933
2017-11-01 15:30:00,-0.7198161,-0.39870265
2017-11-01 16:00:00,-1.0999591,-0.23343404
2017-11-01 16:30:00,-0.09260095,0.199171
2017-11-01 17:00:00,0.9147573,0.8150181
2017-11-01 17:30:00,1.6513351,1.3313596
2017-11-01 18:00:00,2.5078223,1.5309247
2017-11-01 18:30:00,3.7707531,1.6453327
2017-11-01 19:00:00,1.2954279,1.3106394
2017-11-01 19:30:00,0.67038685,1.476703
2017-11-01 20:00:00,1.377804,1.8242754
2017-11-01 20:30:00,0.7071551,1.7800466
2017-11-01 21:00:00,1.1565014,1.7944404
2017-11-01 21:30:00,1.6058477,1.8035815
2017-11-01 22:00:00,2.1852996,1.7139632
2017-11-01 22:30:00,0.52187085,1.6340702
2017-11-01 23:00:00,0.5125865,0.8419066
2017-11-01 23:30:00,0.5029592,1.033005
2017-11-02 00:00:00,1.3857809,0.6303367
2017-11-02 00:30:00,0.8741231,1.1912764
2017-11-02 01:00:00,0.29259503,0.9223272
2017-11-02 01:30:00,0.74454504,-0.2407176
2017-11-02 02:00:00,0.31105825,0.009376432
2017-11-02 02:30:00,0.17594501,-0.35843396
2017-11-02 03:00:00,0.2791583,0.31293473
2017-11-02 03:30:00,0.38236782,0.15131354
2017-11-02 04:00:00,0.7447372,1.174132
2017-11-02 04:30:00,1.3666998,1.5195528
2017-11-02 05:00:00,0.4288726,1.7642133
2017-11-02 05:30:00,0.66190886,1.3727361
2017-11-02 06:00:00,0.8949489,1.4059097
2017-11-02 06:30:00,1.1698289,1.1425071
2017-11-02 07:00:00,1.4447088,-0.19360997
2017-11-02 07:30:00,1.7195926,0.41894764
2017-11-02 08:00:00,11.459032,0.3288131
2017-11-02 08:30:00,-2.006723,-1.514994
2017-11-02 09:00:00,4.101735,-3.4914274
2017-11-02 09:30:00,-4.4187913,-3.953363
2017-11-02 10:00:00,-4.63876,-6.287294
2017-11-02 10:30:00,-4.8587327,-8.56418
2017-11-02 11:00:00,-5.746709,-9.192646
2017-11-02 11:30:00,-7.9159284,-9.796319
2017-11-02 12:00:00,-8.457956,-9.021575
2017-11-02 12:30:00,-3.944587,-9.465612
2017-11-02 13:00:00,-3.4244435,-8.490399
2017-11-02 13:30:00,-3.4125216,-7.469337
2017-11-02 14:00:00,-1.1401601,-5.66214
2017-11-02 14:30:00,-3.7704108,-3.7070782
2017-11-02 15:00:00,-1.7318692,-2.1944263
2017-11-02 15:30:00,-0.1666461,-1.0024506
2017-11-02 16:00:00,0.8456332,0.19441202
2017-11-02 16:30:00,1.9470824,1.4588013
2017-11-02 17:00:00,2.1202939,2.3568006
2017-11-02 17:30:00,2.2935054,3.135384
2017-11-02 18:00:00,2.466717,3.672039
2017-11-02 18:30:00,2.6399286,5.333866
2017-11-02 19:00:00,2.8131402,6.4531946
2017-11-02 19:30:00,2.986352,10.462025
2017-11-02 20:00:00,3.1595635,13.659131
2017-11-02 20:30:00,3.332775,13.85454
2017-11-02 21:00:00,2.7625473,13.839204
2017-11-02 21:30:00,2.1923156,12.520585
2017-11-02 22:00:00,1.6220878,11.927912
2017-11-02 22:30:00,1.0518563,10.966753
2017-11-02 23:00:00,0.48162848,9.906552
2017-11-02 23:30:00,-0.088603094,8.786387
2017-11-03 00:00:00,-0.6588309,8.836991
2017-11-03 00:30:00,-1.2290624,7.6021056
2017-11-03 01:00:00,-1.7992902,7.6854086
2017-11-03 01:30:00,-2.3695219,7.2242346
2017-11-03 02:00:00,1.0180535,7.1338587
2017-11-03 02:30:00,-1.9266,6.4172215
2017-11-03 03:00:00,-0.5867941,5.882187
2017-11-03 03:30:00,0.3042231,4.297517
2017-11-03 04:00:00,1.1952404,3.5000443
2017-11-03 04:30:00,-1.1056904,3.3124278
2017-11-03 05:00:00,5.365936,2.585349
2017-11-03 05:30:00,11.837559,1.6352758
2017-11-03 06:00:00,17.664131,1.9786395
2017-11-03 06:30:00,3.002396,2.2350297
2017-11-03 07:00:00,0.8662367,2.1628008
2017-11-03 07:30:00,3.269985,1.7366542
2017-11-03 08:00:00,10.8163,1.5647011
2017-11-03 08:30:00,18.362616,-1.3559275
2017-11-03 09:00:00,10.926461,-2.7411492
2017-11-03 09:30:00,-4.1117926,-4.3958626
2017-11-03 10:00:00,-1.9403795,-5.085672
2017-11-03 10:30:00,2.2095203,-5.7211466
2017-11-03 11:00:00,3.5302186,-5.8847837
2017-11-03 11:30:00,2.4381971,-5.8299365
2017-11-03 12:00:00,1.3461716,-5.406002
2017-11-03 12:30:00,-0.08139866,-4.760802
2017-11-03 13:00:00,3.5902166,-3.3501008
2017-11-03 13:30:00,0.65799767,-3.0344133
2017-11-03 14:00:00,4.5739155,-1.9045308
2017-11-03 14:30:00,5.692117,-1.2654238
2017-11-03 15:00:00,6.8103228,-0.30821395
2017-11-03 15:30:00,9.254114,0.3674352
2017-11-03 16:00:00,6.1124835,0.71497375
2017-11-03 16:30:00,9.25451,1.0175297
2017-11-03 17:00:00,5.1076236,1.5890801
2017-11-03 17:30:00,7.411075,1.6219296
2017-11-03 18:00:00,7.9971967,2.0378764
2017-11-03 18:30:00,6.7000856,1.849099
2017-11-03 19:00:00,1.3994701,1.571491
2017-11-03 19:30:00,2.471902,1.128053
2017-11-03 20:00:00,3.5890448,1.4433033
2017-11-03 20:30:00,3.1198676,1.1693767
2017-11-03 21:00:00,3.3100803,1.3997566
2017-11-03 21:30:00,6.6077394,1.2445484
2017-11-03 22:00:00,0.9606328,1.0068173
2017-11-03 22:30:00,2.1798887,0.61852026
2017-11-03 23:00:00,2.342727,1.107928
2017-11-03 23:30:00,4.3339987,1.5658804
2017-11-04 00:00:00,7.8376174,1.1963142
2017-11-04 00:30:00,10.58112,1.387925
2017-11-04 01:00:00,8.562541,0.8861807
2017-11-04 01:30:00,6.543958,0.8829063
2017-11-04 02:00:00,4.877986,1.2865467
2017-11-04 02:30:00,-1.6700325,1.6781257
2017-11-04 03:00:00,-8.218051,1.6711473
2017-11-04 03:30:00,-14.766069,1.072147
2017-11-04 04:00:00,1.3026135,1.2260852
2017-11-04 04:30:00,1.7821679,1.0631038
2017-11-04 05:00:00,2.5417457,1.4961836
2017-11-04 05:30:00,1.6298085,1.9474291
2017-11-04 06:00:00,5.0060267,2.0171297
2017-11-04 06:30:00,2.5647457,1.5776894
2017-11-04 07:00:00,2.0047855,0.5195573
2017-11-04 07:30:00,3.0433807,0.0726639
2017-11-04 08:00:00,2.3118255,-0.7193074
2017-11-04 08:30:00,1.5802667,-2.9151747
2017-11-04 09:00:00,0.65476847,-3.9775913
2017-11-04 09:30:00,5.517097,-3.8912132
2017-11-04 10:00:00,-0.351855,-5.8556495
2017-11-04 10:30:00,0.16906463,-6.8602533
2017-11-04 11:00:00,3.082519,-7.618795
2017-11-04 11:30:00,0.14159207,-7.283103
2017-11-04 12:00:00,-0.14510816,-6.0891833
2017-11-04 12:30:00,2.308035,-5.0184884
2017-11-04 13:00:00,1.4499389,-4.5187526
2017-11-04 13:30:00,7.974476,-5.3149366
2017-11-04 14:00:00,1.8120558,-4.932107
2017-11-04 14:30:00,11.013164,-5.1604633
2017-11-04 15:00:00,7.841061,-3.4609745
2017-11-04 15:30:00,4.6689596,-3.6964297
2017-11-04 16:00:00,4.7467575,-2.7249167
2017-11-04 16:30:00,4.0391746,-2.057881
2017-11-04 17:00:00,4.766634,-0.69254327
2017-11-04 17:30:00,5.4940968,0.64093614
2017-11-04 18:00:00,6.22156,1.2878467
2017-11-04 18:30:00,6.9490194,1.1604729
2017-11-04 19:00:00,3.7138677,2.0183468
2017-11-04 19:30:00,0.47871202,2.2326221
2017-11-04 20:00:00,3.2172253,2.3352022
2017-11-04 20:30:00,5.955738,0.16662672
2017-11-04 21:00:00,8.694248,-0.7625641
2017-11-04 21:30:00,-0.17677073,-0.24137324
2017-11-04 22:00:00,-1.4751134,-1.5724938
2017-11-04 22:30:00,-0.3602539,-1.1610461
2017-11-04 23:00:00,-1.4900309,-1.6519799
2017-11-04 23:30:00,-0.3382789,-0.84859157
2017-11-05 00:00:00,0.8134732,0.3073995
2017-11-05 00:30:00,1.965229,1.2563046
2017-11-05 01:00:00,1.1841699,2.44406
2017-11-05 01:30:00,1.4057665,2.0037382
2017-11-05 02:00:00,0.44771263,0.84834236
2017-11-05 02:30:00,1.5001702,0.2059459
2017-11-05 03:00:00,1.5819058,0.49401018
2017-11-05 03:30:00,1.2996707,0.91829926
2017-11-05 04:00:00,1.0174392,0.21983477
2017-11-05 04:30:00,0.73520416,-0.2247224
2017-11-05 05:00:00,0.107713915,-1.3805778
2017-11-05 05:30:00,-0.5197763,-1.1759976
2017-11-05 06:00:00,3.199587,0.4813534
2017-11-05 06:30:00,-0.47936442,0.8648425
2017-11-05 07:00:00,7.4287996,0.12432329
2017-11-05 07:30:00,15.336972,-0.81998485
2017-11-05 08:00:00,4.980536,-3.1187263
2017-11-05 08:30:00,1.3878459,-3.2152212
2017-11-05 09:00:00,-2.2048485,-4.0847683
2017-11-05 09:30:00,0.734119,-4.515629
2017-11-05 10:00:00,-0.76853645,-5.826945
2017-11-05 10:30:00,-2.2711918,-6.2238894
2017-11-05 11:00:00,-3.7738473,-4.854972
2017-11-05 11:30:00,-5.770402,-4.4326534
2017-11-05 12:00:00,-1.4544911,-4.317624
2017-11-05 12:30:00,8.163158,-3.1969576
2017-11-05 13:00:00,6.6240625,-1.6616486
2017-11-05 13:30:00,10.489851,0.64300853
2017-11-05 14:00:00,0.4047385,-0.14070712
2017-11-05 14:30:00,-2.6632154,-0.25528848
2017-11-05 15:00:00,0.0824984,0.80901945
2017-11-05 15:30:00,-5.3791246,1.4468793
2017-11-05 16:00:00,-1.7631588,2.2007673
2017-11-05 16:30:00,1.8528105,2.1856198
2017-11-05 17:00:00,1.7218949,3.076381
2017-11-05 17:30:00,1.364876,3.2985878
2017-11-05 18:00:00,1.1218508,3.4684196
2017-11-05 18:30:00,0.9359297,4.2127028
2017-11-05 19:00:00,1.1571156,3.6799932
2017-11-05 19:30:00,0.5868991,2.5419116
2017-11-05 20:00:00,0.8867384,2.1345897
2017-11-05 20:30:00,0.8207342,3.482821
2017-11-05 21:00:00,1.0106645,4.09646
2017-11-05 21:30:00,0.6113422,2.833235
2017-11-05 22:00:00,1.0258344,1.6749945
2017-11-05 22:30:00,1.0595543,1.950368
2017-11-05 23:00:00,1.0932742,3.4288027
2017-11-05 23:30:00,0.83527493,3.378997
2017-11-06 00:00:00,0.84243035,1.9601536
2017-11-06 00:30:00,0.8495821,2.4537854
2017-11-06 01:00:00,0.9002693,2.1000748
2017-11-06 01:30:00,0.6382646,2.1410332
2017-11-06 02:00:00,0.685376,1.9868462
2017-11-06 02:30:00,0.22405495,3.2048435
2017-11-06 03:00:00,0.25093967,2.4651158
2017-11-06 03:30:00,0.27782065,2.4099107
2017-11-06 04:00:00,0.18945709,0.0981281
2017-11-06 04:30:00,0.058699664,0.17605051
2017-11-06 05:00:00,0.3482146,0.7270351
2017-11-06 05:30:00,0.6377258,0.4634742
2017-11-06 06:00:00,2.652691,1.2156177
2017-11-06 06:30:00,4.6676598,0.5767255
2017-11-06 07:00:00,4.571436,2.562986
2017-11-06 07:30:00,4.475216,3.2226775
2017-11-06 08:00:00,4.3789964,3.799556
2017-11-06 08:30:00,2.0327857,3.6632369
2017-11-06 09:00:00,-0.3134251,2.5430608
2017-11-06 09:30:00,-5.3645687,1.9948758
2017-11-06 10:00:00,-1.966296,2.1917129
2017-11-06 10:30:00,-3.106141,1.6507248
2017-11-06 11:00:00,-4.7487106,1.2449781
2017-11-06 11:30:00,-1.3185753,0.3645376
2017-11-06 12:00:00,-4.1947794,0.5585976
2017-11-06 12:30:00,-5.7978783,2.1155953
2017-11-06 13:00:00,-4.110425,0.8103759
2017-11-06 13:30:00,-2.4229748,1.2767763
2017-11-06 14:00:00,-3.2050323,0.5520375
2017-11-06 14:30:00,-4.3406386,1.2085226
2017-11-06 15:00:00,-1.1077702,1.7604002
2017-11-06 15:30:00,2.1250982,1.940055
2017-11-06 16:00:00,2.0298994,3.3300622
2017-11-06 16:30:00,1.9125674,3.891499
2017-11-06 17:00:00,0.41231972,3.6428483
2017-11-06 17:30:00,0.53154707,5.1504207
2017-11-06 18:00:00,0.17971301,3.9176264
2017-11-06 18:30:00,0.62359196,3.8212898
2017-11-06 19:00:00,0.25242805,3.031097
2017-11-06 19:30:00,-0.38232315,3.1670015
2017-11-06 20:00:00,0.82931393,2.51494
2017-11-06 20:30:00,0.4044898,1.6429852
2017-11-06 21:00:00,0.14893216,2.7449167
2017-11-06 21:30:00,-0.106625475,2.6725183
2017-11-06 22:00:00,-0.36218312,1.3574568
2017-11-06 22:30:00,-0.03239948,1.1442102
2017-11-06 23:00:00,1.9615666,2.646127
2017-11-06 23:30:00,2.387099,1.7697937
2017-11-07 00:00:00,1.7049049,2.2292948
2017-11-07 00:30:00,2.2996588,2.3764281
2017-11-07 01:00:00,2.8944125,2.1485314
2017-11-07 01:30:00,3.0884273,2.1959555
2017-11-07 02:00:00,0.78868353,1.9133285
2017-11-07 02:30:00,2.5998409,2.745105
2017-11-07 03:00:00,4.4110017,2.1120346
2017-11-07 03:30:00,3.5170155,1.6440026
2017-11-07 04:00:00,2.6230292,1.1678846
2017-11-07 04:30:00,-4.7412724,1.6273857
2017-11-07 05:00:00,-7.147613,2.5441911
2017-11-07 05:30:00,-5.3054075,2.7217283
2017-11-07 06:00:00,-3.4632013,3.0495565
2017-11-07 06:30:00,-1.6209918,3.968841
2017-11-07 07:00:00,0.22121386,3.1110504
2017-11-07 07:30:00,2.0634196,4.1140676
2017-11-07 08:00:00,5.158311,3.0348387
2017-11-07 08:30:00,3.783734,1.8788136
2017-11-07 09:00:00,2.4091532,0.69328505
2017-11-07 09:30:00,1.0345762,-0.020436052
2017-11-07 10:00:00,-0.34000462,-0.071420975
2017-11-07 10:30:00,0.3795418,-1.0317167
2017-11-07 11:00:00,1.9805046,-2.8626523
2017-11-07 11:30:00,1.4736773,-0.72799265
2017-11-07 12:00:00,0.96685004,-0.84436005
2017-11-07 12:30:00,1.2778728,-1.006294
2017-11-07 13:00:00,0.8897264,-0.68762225
2017-11-07 13:30:00,-0.3660755,0.1854856
2017-11-07 14:00:00,-1.4000999,0.89083046
2017-11-07 14:30:00,-0.05255079,1.1290666
2017-11-07 15:00:00,1.2949983,1.2468809
2017-11-07 15:30:00,3.846479,1.7692814
2017-11-07 16:00:00,-0.10009929,2.2698915
2017-11-07 16:30:00,-0.8548879,2.2629094
2017-11-07 17:00:00,0.183059,2.6125956
2017-11-07 17:30:00,0.51482844,3.3599048
2017-11-07 18:00:00,0.20347784,3.8337243
2017-11-07 18:30:00,2.4027326,3.5513873
2017-11-07 19:00:00,-3.0983753,3.573385
2017-11-07 19:30:00,-3.4173222,4.4321103
2017-11-07 20:00:00,-2.035484,4.927351
2017-11-07 20:30:00,-3.1251395,4.5570083
2017-11-07 21:00:00,-4.214795,3.3522067
2017-11-07 21:30:00,0.30551174,2.1896818
2017-11-07 22:00:00,-5.764897,2.1739805
2017-11-07 22:30:00,0.01910166,1.5365428
2017-11-07 23:00:00,0.021098707,2.0388634
2017-11-07 23:30:00,-0.69808596,1.8503613
2017-11-08 00:00:00,-1.417267,1.8500109
2017-11-08 00:30:00,-0.83173347,1.9908214
2017-11-08 01:00:00,-0.24619628,2.045631
2017-11-08 01:30:00,-0.7097593,2.0927422
2017-11-08 02:00:00,-0.10560058,1.5821055
2017-11-08 02:30:00,-0.6849658,2.082727
2017-11-08 03:00:00,-1.3595184,2.6051085
2017-11-08 03:30:00,2.7857356,2.1918747
2017-11-08 04:00:00,6.9309893,1.8577278
2017-11-08 04:30:00,5.668013,1.9299643
2017-11-08 05:00:00,4.075374,0.87771404
2017-11-08 05:30:00,4.224312,1.2404602
2017-11-08 06:00:00,4.266092,1.1595987
2017-11-08 06:30:00,5.170474,2.2689984
2017-11-08 07:00:00,4.5563903,3.1056283
2017-11-08 07:30:00,1.6123099,1.7703326
2017-11-08 08:00:00,11.136856,1.3082241
2017-11-08 08:30:00,12.343241,0.46460837
2017-11-08 09:00:00,8.7473545,-0.5327156
2017-11-08 09:30:00,5.151472,-0.50020903
2017-11-08 10:00:00,3.6966214,-1.27669
2017-11-08 10:30:00,6.5247526,-1.6994795
2017-11-08 11:00:00,4.5701547,-1.4323013
2017-11-08 11:30:00,3.2651656,-1.7847532
2017-11-08 12:00:00,2.791248,-1.7163413
2017-11-08 12:30:00,4.221908,-2.2549667
2017-11-08 13:00:00,1.7420914,-1.9485561
2017-11-08 13:30:00,4.141152,-2.6534073
2017-11-08 14:00:00,6.4688883,-2.1828961
2017-11-08 14:30:00,3.563087,-1.6951613
2017-11-08 15:00:00,1.0884888,-1.3249092
2017-11-08 15:30:00,0.99274755,-0.98678327
2017-11-08 16:00:00,1.1189607,-0.041883554
2017-11-08 16:30:00,1.0647618,0.42044732
2017-11-08 17:00:00,2.222795,1.1988539
2017-11-08 17:30:00,1.9157175,1.6409354
2017-11-08 18:00:00,1.6086437,1.7522085
2017-11-08 18:30:00,1.3015697,1.9213846
2017-11-08 19:00:00,1.7849035,1.3750722
2017-11-08 19:30:00,2.2682374,1.2710904
2017-11-08 20:00:00,2.8716197,1.3213443
2017-11-08 20:30:00,2.357897,0.7982166
2017-11-08 21:00:00,2.1143255,0.36005744
2017-11-08 21:30:00,1.6045591,0.17991272
2017-11-08 22:00:00,-15.589093,0.03204854
2017-11-08 22:30:00,-0.96231,0.28346512
2017-11-08 23:00:00,0.5164675,-0.089341626
2017-11-08 23:30:00,0.05260679,0.3044341
2017-11-09 00:00:00,-0.4112539,0.39814448
2017-11-09 00:30:00,-0.87511456,0.60344446
2017-11-09 01:00:00,-0.19148481,0.4034762
2017-11-09 01:30:00,-6.66764,0.36645553
2017-11-09 02:00:00,-2.008407,0.8043132
2017-11-09 02:30:00,1.6430079,0.378434
2017-11-09 03:00:00,5.294419,0.31992438
2017-11-09 03:30:00,-5.062005,0.7587542
2017-11-09 04:00:00,-4.728047,-0.0062645716
2017-11-09 04:30:00,-4.3940883,0.054517172
2017-11-09 05:00:00,-4.0601296,0.0183669
2017-11-09 05:30:00,-3.7261705,0.20854959
2017-11-09 06:00:00,-3.3879654,0.06749043
2017-11-09 06:30:00,-3.0497642,0.036864053
2017-11-09 07:00:00,-2.7115629,-0.5123684
2017-11-09 07:30:00,-2.3733613,-0.6764237
2017-11-09 08:00:00,-2.03516,0.12473401
2017-11-09 08:30:00,-1.6969587,0.45805958
2017-11-09 09:00:00,-1.3587573,-0.76197636
2017-11-09 09:30:00,-1.0205522,-0.94070804
2017-11-09 10:00:00,-0.68235075,-1.1917328
2017-11-09 10:30:00,-0.04079837,-1.7558866
2017-11-09 11:00:00,1.2561389,-1.5665252
2017-11-09 11:30:00,0.72135293,-2.4502664
2017-11-09 12:00:00,0.8663346,-3.0468817
2017-11-09 12:30:00,0.8322492,-2.7881174
2017-11-09 13:00:00,-0.43530133,-2.4085507
2017-11-09 13:30:00,0.43321708,-2.4495318
2017-11-09 14:00:00,8.058909,-1.399139
2017-11-09 14:30:00,1.5628774,-1.997024
2017-11-09 15:00:00,2.1782534,-3.1309686
2017-11-09 15:30:00,6.0778217,-3.2488883
2017-11-09 16:00:00,4.2899885,-3.793667
2017-11-09 16:30:00,2.3108346,-3.7363632
2017-11-09 17:00:00,3.286327,-3.0120652
2017-11-09 17:30:00,4.4668813,-2.3854153
2017-11-09 18:00:00,4.0349092,-1.8554939
2017-11-09 18:30:00,4.2947435,-1.5467846
2017-11-09 19:00:00,1.766022,-0.74722457
2017-11-09 19:30:00,3.734991,-0.12278647
2017-11-09 20:00:00,1.6637055,0.13921823
2017-11-09 20:30:00,3.3875506,0.3102745
2017-11-09 21:00:00,3.1525023,0.89859253
2017-11-09 21:30:00,3.223597,1.1583817
2017-11-09 22:00:00,-2.3721857,0.13717973
2017-11-09 22:30:00,-7.593941,1.2017326
2017-11-09 23:00:00,-12.815696,1.6539162
2017-11-09 23:30:00,-9.525523,1.0438794
2017-11-10 00:00:00,-6.2353554,0.67426413
2017-11-10 00:30:00,-2.945183,0.99477094
2017-11-10 01:00:00,0.34498918,2.0302913
2017-11-10 01:30:00,3.6351614,0.7578687
2017-11-10 02:00:00,6.9253335,2.2202592
2017-11-10 02:30:00,3.105877,1.5131999
2017-11-10 03:00:00,-0.71358,2.3358843
2017-11-10 03:30:00,13.233576,1.3864027
2017-11-10 04:00:00,12.1625,-0.32343292
2017-11-10 04:30:00,11.091425,-0.59069777
2017-11-10 05:00:00,10.0203495,-0.81596434
2017-11-10 05:30:00,15.540452,-1.2998558
2017-11-10 06:00:00,0.2712756,-0.38730067
2017-11-10 06:30:00,-0.23516355,0.23297381
2017-11-10 07:00:00,-0.7416027,-0.20885909
2017-11-10 07:30:00,-1.2480457,-0.24459866
2017-11-10 08:00:00,-1.7544849,-0.67218095
2017-11-10 08:30:00,-2.260924,-1.6257358
2017-11-10 09:00:00,-2.7673633,-0.55597556
2017-11-10 09:30:00,-3.273806,-0.08741994
2017-11-10 10:00:00,-1.6506386,-0.04654835
2017-11-10 10:30:00,-0.90358937,-0.52201825
2017-11-10 11:00:00,1.5529524,-1.1895134
2017-11-10 11:30:00,1.9595771,-1.030349
2017-11-10 12:00:00,1.869175,-1.7486897
2017-11-10 12:30:00,2.7438805,-3.072116
2017-11-10 13:00:00,2.929112,-3.5804353
2017-11-10 13:30:00,3.1143398,-3.5677109
2017-11-10 14:00:00,3.9897196,-3.4973583
2017-11-10 14:30:00,6.912304,-3.996582
2017-11-10 15:00:00,7.565262,-3.9165192
2017-11-10 15:30:00,8.218221,-2.8187437
2017-11-10 16:00:00,16.751602,-2.766519
2017-11-10 16:30:00,11.431925,-1.6494743
2017-11-10 17:00:00,6.11225,-1.4751059
2017-11-10 17:30:00,5.357303,-1.0884818
2017-11-10 18:00:00,11.105981,-0.21369344
2017-11-10 18:30:00,6.122337,0.4206395
2017-11-10 19:00:00,3.7397501,1.2659658
2017-11-10 19:30:00,1.357163,1.6862835
2017-11-10 20:00:00,1.096884,1.481918
2017-11-10 20:30:00,1.8393211,0.17785539
2017-11-10 21:00:00,-0.93301,2.023136
2017-11-10 21:30:00,2.4257212,2.0548813
2017-11-10 22:00:00,5.1611595,1.9453114
2017-11-10 22:30:00,0.7873948,1.1781373
2017-11-10 23:00:00,-2.7742171,0.65843475
2017-11-10 23:30:00,-0.0933018,1.1909448
2017-11-11 00:00:00,2.6912942,1.1824329
2017-11-11 00:30:00,1.4293957,0.5809381
2017-11-11 01:00:00,2.3117464,-1.5113239
2017-11-11 01:30:00,0.5481979,-0.33073533
2017-11-11 02:00:00,-0.36955336,-1.0104765
2017-11-11 02:30:00,1.3749177,-1.0691293
2017-11-11 03:00:00,1.6938157,-0.5687529
2017-11-11 03:30:00,0.52718747,-0.2076571
2017-11-11 04:00:00,-0.038100477,-1.3480072
2017-11-11 04:30:00,1.3319625,-0.5270523
2017-11-11 05:00:00,1.3307455,-0.5676978
2017-11-11 05:30:00,1.864043,-0.38769254
2017-11-11 06:00:00,1.9858966,0.12262016
2017-11-11 06:30:00,2.1077464,1.0900186
2017-11-11 07:00:00,2.955654,1.7664666
2017-11-11 07:30:00,0.18351494,1.4564575
2017-11-11 08:00:00,1.7984645,1.1300236
2017-11-11 08:30:00,3.4049172,-0.04426494
2017-11-11 09:00:00,7.1725373,-0.735118
2017-11-11 09:30:00,10.940155,-1.9573281
2017-11-11 10:00:00,7.1254826,-2.11072
2017-11-11 10:30:00,3.3108113,-1.3461156
2017-11-11 11:00:00,4.258337,-2.3189023
2017-11-11 11:30:00,3.3344593,-3.0178566
2017-11-11 12:00:00,5.080321,-4.12833
2017-11-11 12:30:00,3.5728047,-4.8913937
2017-11-11 13:00:00,2.8796682,-6.5967455
2017-11-11 13:30:00,2.6283722,-7.3196526
2017-11-11 14:00:00,1.5665889,-6.4680037
2017-11-11 14:30:00,-0.23208132,-4.2197347
2017-11-11 15:00:00,2.1698847,-4.089045
2017-11-11 15:30:00,2.355184,-2.1047401
2017-11-11 16:00:00,5.6006866,-0.13307314
2017-11-11 16:30:00,3.6395211,0.9159932
2017-11-11 17:00:00,3.794032,1.4866354
2017-11-11 17:30:00,2.4477828,1.6340362
2017-11-11 18:00:00,1.1015338,1.5453598
2017-11-11 18:30:00,1.5628096,1.6043556
2017-11-11 19:00:00,2.0240853,1.2415001
2017-11-11 19:30:00,0.8017472,0.8407046
2017-11-11 20:00:00,0.8855402,1.1880435
2017-11-11 20:30:00,1.4308878,0.10712988
2017-11-11 21:00:00,1.5068735,-1.3366655
2017-11-11 21:30:00,3.350217,-2.0892272
2017-11-11 22:00:00,2.472064,-0.34813222
2017-11-11 22:30:00,0.44548574,-0.40701866
2017-11-11 23:00:00,-0.012300922,-0.87560064
2017-11-11 23:30:00,-1.6249256,-0.20732927
2017-11-12 00:00:00,3.7104914,0.45020705
2017-11-12 00:30:00,0.015299741,0.14777914
2017-11-12 01:00:00,2.8780406,-0.7385582
2017-11-12 01:30:00,1.6544362,-1.4941946
2017-11-12 02:00:00,1.0281216,-0.89994574
2017-11-12 02:30:00,4.8613577,-0.35651228
2017-11-12 03:00:00,3.6683688,0.48134586
2017-11-12 03:30:00,2.4753797,1.7831929
2017-11-12 04:00:00,1.2823868,3.1281948
2017-11-12 04:30:00,1.4592308,3.1139555
2017-11-12 05:00:00,1.137066,3.0315716
2017-11-12 05:30:00,0.8149051,2.296452
2017-11-12 06:00:00,0.49274033,1.6634418
2017-11-12 06:30:00,0.17057936,0.3616551
2017-11-12 07:00:00,6.490121,0.31390688
2017-11-12 07:30:00,2.2535985,0.91011137
2017-11-12 08:00:00,-0.43243012,0.9550411
2017-11-12 08:30:00,-3.1184626,0.12286508
2017-11-12 09:00:00,-3.8774788,0.6877612
2017-11-12 09:30:00,-1.5412909,1.7275054
2017-11-12 10:00:00,-0.5552031,2.5930133
2017-11-12 10:30:00,-0.3825831,1.9581151
2017-11-12 11:00:00,-1.5161997,2.357505
2017-11-12 11:30:00,3.483499,1.6813812
2017-11-12 12:00:00,8.483198,1.9854596
2017-11-12 12:30:00,-0.18914111,0.79370624
2017-11-12 13:00:00,0.4229568,-0.6691175
2017-11-12 13:30:00,10.222865,-1.4046403
2017-11-12 14:00:00,2.8737977,-2.6209195
2017-11-12 14:30:00,7.631021,-1.9196554
2017-11-12 15:00:00,4.3949614,-1.2253321
2017-11-12 15:30:00,1.1589054,-1.0011996
2017-11-12 16:00:00,2.6975152,-1.628867
2017-11-12 16:30:00,1.1569347,-1.1661744
2017-11-12 17:00:00,0.43450576,-1.5166218
2017-11-12 17:30:00,1.671607,-2.328929
2017-11-12 18:00:00,2.53924,-2.5273638
2017-11-12 18:30:00,5.4485116,-2.6871498
2017-11-12 19:00:00,1.6087981,-1.6429104
2017-11-12 19:30:00,1.6291642,-2.083417
2017-11-12 20:00:00,1.0961492,-1.1663138
2017-11-12 20:30:00,1.060647,-0.6488306
2017-11-12 21:00:00,0.065500915,1.6393265
2017-11-12 21:30:00,1.3879325,2.3080878
2017-11-12 22:00:00,-0.83519626,3.057944
2017-11-12 22:30:00,-0.09469973,4.137437
2017-11-12 23:00:00,-0.35974145,4.558335
2017-11-12 23:30:00,-2.7741117,3.7582471
2017-11-13 00:00:00,-0.05629996,3.4502163
2017-11-13 00:30:00,1.8206732,3.6472266
2017-11-13 01:00:00,2.1654122,3.0831218
2017-11-13 01:30:00,1.0770756,2.6035674
2017-11-13 02:00:00,-1.6591278,2.2539113
2017-11-13 02:30:00,-4.3953314,2.1904957
2017-11-13 03:00:00,2.904616,2.1167483
2017-11-13 03:30:00,0.38277853,1.0913563
2017-11-13 04:00:00,-2.139059,0.57322127
2017-11-13 04:30:00,2.8710847,0.40324634
2017-11-13 05:00:00,7.8812284,0.29552275
2017-11-13 05:30:00,1.6059005,-0.26393232
2017-11-13 06:00:00,0.87485784,-0.43462685
2017-11-13 06:30:00,4.0335417,-0.4820661
2017-11-13 07:00:00,7.1922293,0.19248657
2017-11-13 07:30:00,10.350913,1.2254673
2017-11-13 08:00:00,1.9900867,2.0341046
2017-11-13 08:30:00,3.4135687,1.8426973
2017-11-13 09:00:00,1.9823283,1.630125
2017-11-13 09:30:00,0.5510842,2.062975
2017-11-13 10:00:00,-0.8801599,2.1265526
2017-11-13 10:30:00,-1.9745667,2.103937
2017-11-13 11:00:00,-1.2654124,2.1516626
2017-11-13 11:30:00,8.390904,1.5696033
2017-11-13 12:00:00,6.780269,1.404263
2017-11-13 12:30:00,5.16963,0.45280698
2017-11-13 13:00:00,3.558995,1.3676606
2017-11-13 13:30:00,3.3087993,0.51728517
2017-11-13 14:00:00,3.4157088,1.151505
2017-11-13 14:30:00,3.6902423,1.4182951
2017-11-13 15:00:00,2.663185,2.7666242
2017-11-13 15:30:00,1.6361275,3.4349258
2017-11-13 16:00:00,0.8372079,3.6892173
2017-11-13 16:30:00,-0.2670409,3.8300354
2017-11-13 17:00:00,0.7692745,3.2346184
2017-11-13 17:30:00,0.63752234,4.067209
2017-11-13 18:00:00,0.5057739,3.0507433
2017-11-13 18:30:00,0.37402168,1.3066716
2017-11-13 19:00:00,0.49157602,1.4003104
2017-11-13 19:30:00,-1.8576642,1.4561975
2017-11-13 20:00:00,-1.6825159,2.0207093
2017-11-13 20:30:00,-1.5073713,2.3224475
2017-11-13 21:00:00,4.4326754,1.519681
2017-11-13 21:30:00,-1.1826217,2.148441
2017-11-13 22:00:00,-13.893463,2.3798983
2017-11-13 22:30:00,-8.9700775,3.171086
2017-11-13 23:00:00,-5.09221,2.4848676
2017-11-13 23:30:00,-1.2143408,1.8967832
2017-11-14 00:00:00,2.6635277,2.2641225
2017-11-14 00:30:00,-5.753627,2.2592468
2017-11-14 01:00:00,-4.9096384,2.0727568
2017-11-14 01:30:00,-4.0656495,1.8565522
2017-11-14 02:00:00,-3.2216606,1.1627488
2017-11-14 02:30:00,-2.3776681,0.76337755
2017-11-14 03:00:00,1.9768609,2.576223
2017-11-14 03:30:00,6.33139,2.2388318
2017-11-14 04:00:00,10.685924,1.5220058
2017-11-14 04:30:00,15.040452,3.229166
2017-11-14 05:00:00,19.394981,3.1266537
2017-11-14 05:30:00,25.039263,1.9544375
2017-11-14 06:00:00,5.988569,2.369491
2017-11-14 06:30:00,-0.21342969,2.3393548
2017-11-14 07:00:00,-6.4154325,2.2580523
2017-11-14 07:30:00,-3.1819835,2.2387
2017-11-14 08:00:00,0.051461317,3.2319958
2017-11-14 08:30:00,3.28491,3.3298812
2017-11-14 09:00:00,1.5709937,3.0866752
2017-11-14 09:30:00,6.370788,3.4519231
2017-11-14 10:00:00,3.8553941,3.572816
2017-11-14 10:30:00,1.3399997,3.1981854
2017-11-14 11:00:00,4.2624817,3.1652005
2017-11-14 11:30:00,2.7289743,1.6738867
2017-11-14 12:00:00,2.0098348,2.0404387
2017-11-14 12:30:00,3.4565127,0.69412535
2017-11-14 13:00:00,1.3755244,1.2766632
2017-11-14 13:30:00,4.021454,0.82295734
2017-11-14 14:00:00,2.2319589,1.0048767
2017-11-14 14:30:00,2.8508806,0.8174409
2017-11-14 15:00:00,2.151218,0.052199848
2017-11-14 15:30:00,2.8146813,0.33886614
2017-11-14 16:00:00,3.8512154,0.48516285
2017-11-14 16:30:00,1.5992386,-0.22233349
2017-11-14 17:00:00,1.9953656,-0.11441772
2017-11-14 17:30:00,0.9037849,0.08536586
2017-11-14 18:00:00,1.5752968,0.37994877
2017-11-14 18:30:00,2.2468085,0.6605976
2017-11-14 19:00:00,-0.20176393,1.1206752
2017-11-14 19:30:00,-1.0058908,0.0294147
2017-11-14 20:00:00,1.9198961,0.41972762
2017-11-14 20:30:00,0.4393401,-0.13249287
2017-11-14 21:00:00,2.1141672,1.6218467
2017-11-14 21:30:00,1.9184153,1.6273819
2017-11-14 22:00:00,-0.18232101,-0.044513624
2017-11-14 22:30:00,-2.2830572,0.1380916
2017-11-14 23:00:00,-4.383794,0.4485755
2017-11-14 23:30:00,2.4847734,1.965979
2017-11-15 00:00:00,9.353341,1.8025151
2017-11-15 00:30:00,1.9746642,1.7735882
2017-11-15 01:00:00,-7.9821095,1.2663351
2017-11-15 01:30:00,-8.453167,1.3546233
2017-11-15 02:00:00,-8.924225,0.6998452
2017-11-15 02:30:00,-9.395287,0.9222745
2017-11-15 03:00:00,-9.8663435,1.7416053
2017-11-15 03:30:00,-10.337401,1.726345
2017-11-15 04:00:00,-10.808463,0.26806152
2017-11-15 04:30:00,-10.1265135,-1.6682464
2017-11-15 05:00:00,-9.444564,-0.72152674
2017-11-15 05:30:00,-8.762615,1.1124345
2017-11-15 06:00:00,-8.080666,3.9291716
2017-11-15 06:30:00,-7.398717,4.035395
2017-11-15 07:00:00,-6.716768,2.453058
2017-11-15 07:30:00,-6.034818,2.7694616
2017-11-15 08:00:00,-5.352869,2.8058417
2017-11-15 08:30:00,-4.67092,4.112926
2017-11-15 09:00:00,-3.9889708,4.227172
2017-11-15 09:30:00,-4.1337676,1.9015987
2017-11-15 10:00:00,-0.4467297,-0.032271367
2017-11-15 10:30:00,3.240308,-1.5229784
2017-11-15 11:00:00,0.7916226,-2.4354506
2017-11-15 11:30:00,2.229521,-2.7076893
2017-11-15 12:00:00,3.6674194,-2.2778726
2017-11-15 12:30:00,2.125034,-1.164249
2017-11-15 13:00:00,2.4958098,-1.8268871
2017-11-15 13:30:00,3.019853,-2.3296864
2017-11-15 14:00:00,7.0391574,-3.2912934
2017-11-15 14:30:00,5.495235,-4.1469254
2017-11-15 15:00:00,5.307256,-4.565819
2017-11-15 15:30:00,6.3884225,-2.6361196
2017-11-15 16:00:00,2.2250032,-1.8925598
2017-11-15 16:30:00,1.9364076,-0.99015564
2017-11-15 17:00:00,1.6478083,-1.7966413
2017-11-15 17:30:00,1.4806783,-1.2374275
2017-11-15 18:00:00,1.6827942,1.563322
2017-11-15 18:30:00,0.99437535,2.7177343
2017-11-15 19:00:00,0.30595636,2.2164044
2017-11-15 19:30:00,0.69204164,2.3472185
2017-11-15 20:00:00,1.0781306,3.4276347
2017-11-15 20:30:00,1.4832255,2.3906636
2017-11-15 21:00:00,1.4126167,1.9081324
2017-11-15 21:30:00,1.1345075,1.9698261
2017-11-15 22:00:00,0.8563984,3.4097855
2017-11-15 22:30:00,-0.7461846,2.4319685
2017-11-15 23:00:00,-0.4313713,1.8427311
2017-11-15 23:30:00,-0.11655795,3.0256145
2017-11-16 00:00:00,2.502027,4.321342
2017-11-16 00:30:00,2.2907925,4.192491
2017-11-16 01:00:00,-1.4747742,3.045683
2017-11-16 01:30:00,0.78447086,1.8737456
2017-11-16 02:00:00,-14.177273,2.2405348
2017-11-16 02:30:00,2.170706,3.0874927
2017-11-16 03:00:00,1.8892208,2.8337476
2017-11-16 03:30:00,1.6077355,2.8946462
2017-11-16 04:00:00,1.348911,4.1567287
2017-11-16 04:30:00,-1.7291374,2.686701
2017-11-16 05:00:00,-0.4508783,2.318329
2017-11-16 05:30:00,-1.0535147,3.1204476
2017-11-16 06:00:00,-0.9677737,3.3579228
2017-11-16 06:30:00,-0.88203263,3.0460334
2017-11-16 07:00:00,-11.913303,3.0480077
2017-11-16 07:30:00,-1.9623545,2.0515015
2017-11-16 08:00:00,0.06530122,0.2748477
2017-11-16 08:30:00,-4.4772253,-1.6359885
2017-11-16 09:00:00,-1.2939287,-2.2079685
2017-11-16 09:30:00,-0.10938743,-2.6857255
2017-11-16 10:00:00,-1.1464112,-2.1875646
2017-11-16 10:30:00,0.2814643,-1.2954472
2017-11-16 11:00:00,-1.5395162,-1.9936328
2017-11-16 11:30:00,-3.6179686,-0.91429806
2017-11-16 12:00:00,-1.8562851,-0.41094115
2017-11-16 12:30:00,-1.6027924,-0.70600635
2017-11-16 13:00:00,-0.9453389,-1.711605
2017-11-16 13:30:00,-0.25355896,-2.4657454
2017-11-16 14:00:00,-1.0738205,-1.9085474
2017-11-16 14:30:00,-1.8940858,-2.1589806
2017-11-16 15:00:00,-1.7033116,-2.188062
2017-11-16 15:30:00,0.44091514,-1.0877395
2017-11-16 16:00:00,1.2161791,-1.3311604
2017-11-16 16:30:00,0.218158,-1.3673558
2017-11-16 17:00:00,1.9230086,-0.16796866
2017-11-16 17:30:00,-0.29328886,-0.09495972
2017-11-16 18:00:00,2.6694133,0.3300641
2017-11-16 18:30:00,4.4536405,1.2726654
2017-11-16 19:00:00,1.9849998,1.4807762
2017-11-16 19:30:00,1.6155692,2.8797512
2017-11-16 20:00:00,1.2987022,2.897634
2017-11-16 20:30:00,2.7052395,3.5939207
2017-11-16 21:00:00,0.15675454,3.1573215
2017-11-16 21:30:00,1.0707567,3.3006263
2017-11-16 22:00:00,-5.5710783,4.610269
2017-11-16 22:30:00,-0.15981846,3.7074056
2017-11-16 23:00:00,2.280472,3.4345262
2017-11-16 23:30:00,0.32495466,1.7291596
2017-11-17 00:00:00,1.3427277,0.6384907
2017-11-17 00:30:00,1.710361,-1.0283105
2017-11-17 01:00:00,-1.4528708,-2.9891407
2017-11-17 01:30:00,3.45756,-3.2637117
2017-11-17 02:00:00,1.720738,-3.3326435
2017-11-17 02:30:00,-0.016084002,-1.7459805
2017-11-17 03:00:00,-1.7529061,-0.57338
2017-11-17 03:30:00,-3.4897282,-0.23396157
2017-11-17 04:00:00,-5.2265506,0.010032065
2017-11-17 04:30:00,-6.9633727,-0.055761132
2017-11-17 05:00:00,-8.700191,-1.7922893
2017-11-17 05:30:00,-10.437013,-4.4531703
2017-11-17 06:00:00,-10.25556,-5.6934066
2017-11-17 06:30:00,-10.074108,-4.2063546
2017-11-17 07:00:00,-9.892655,-1.4661229
2017-11-17 07:30:00,-9.711204,-0.91202974
2017-11-17 08:00:00,-9.529748,0.016867232
2017-11-17 08:30:00,-9.348295,-1.5729121
2017-11-17 09:00:00,-9.166843,-0.45369676
2017-11-17 09:30:00,-8.985391,0.06663509
2017-11-17 10:00:00,-8.803939,1.32934
2017-11-17 10:30:00,-8.622486,2.075692
2017-11-17 11:00:00,-8.4410305,0.47457474
2017-11-17 11:30:00,-8.259579,1.2735282
2017-11-17 12:00:00,-8.078126,2.1541533
2017-11-17 12:30:00,-7.896674,3.131895
2017-11-17 13:00:00,-7.715222,3.1098597
2017-11-17 13:30:00,-7.5337663,2.4944534
2017-11-17 14:00:00,-7.352314,0.9797253
2017-11-17 14:30:00,-7.1708617,1.1340517
2017-11-17 15:00:00,-6.9894094,2.0699158
2017-11-17 15:30:00,-6.807957,1.9057021
2017-11-17 16:00:00,-6.626505,2.0101926
2017-11-17 16:30:00,-6.445049,2.4061239
2017-11-17 17:00:00,-6.263597,1.9848189
2017-11-17 17:30:00,-6.0821447,1.9857647
2017-11-17 18:00:00,-5.9006925,2.1525369
2017-11-17 18:30:00,-5.71924,1.6014014
2017-11-17 19:00:00,-5.537788,1.2578834
2017-11-17 19:30:00,-5.356332,0.9539898
2017-11-17 20:00:00,-5.1748796,1.0081474
2017-11-17 20:30:00,-4.9934273,0.35070524
2017-11-17 21:00:00,-4.8119755,1.2722999
2017-11-17 21:30:00,-4.630523,3.2243996
2017-11-17 22:00:00,-4.449067,1.3991084
2017-11-17 22:30:00,-4.267615,1.8381793
2017-11-17 23:00:00,-4.0861626,5.218083
2017-11-17 23:30:00,-3.9047103,3.3084111
2017-11-18 00:00:00,-3.723258,2.6283834
2017-11-18 00:30:00,-3.5418057,4.4517756
2017-11-18 01:00:00,-3.36035,0.01653188
2017-11-18 01:30:00,-3.1788976,0.7525747
2017-11-18 02:00:00,-2.9974453,-0.29882407
2017-11-18 02:30:00,-2.815993,-1.8027568
2017-11-18 03:00:00,-2.6345408,-2.7779438
2017-11-18 03:30:00,-2.453085,-3.2705128
2017-11-18 04:00:00,-2.2716327,-3.4712234
2017-11-18 04:30:00,-2.0901804,-4.0363083
2017-11-18 05:00:00,-1.9087282,-4.604471
2017-11-18 05:30:00,-1.7272761,-4.810355
2017-11-18 06:00:00,-1.5458238,-5.9430485
2017-11-18 06:30:00,-1.3643678,-4.9510903
2017-11-18 07:00:00,-1.1829157,-4.2212534
2017-11-18 07:30:00,-2.2808192,-3.1161904
2017-11-18 08:00:00,-3.3787227,-2.6963966
2017-11-18 08:30:00,-4.47663,-2.6084023
2017-11-18 09:00:00,15.233706,-2.2825372
2017-11-18 09:30:00,8.545901,-3.368809
2017-11-18 10:00:00,5.40374,-3.9719617
2017-11-18 10:30:00,5.3703327,-4.4745502
2017-11-18 11:00:00,5.336926,-4.6755133
2017-11-18 11:30:00,6.009161,-4.801824
2017-11-18 12:00:00,6.1895056,-5.107391
2017-11-18 12:30:00,5.352774,-4.4642787
2017-11-18 13:00:00,10.943836,-3.5555742
2017-11-18 13:30:00,5.392662,-3.2362428
2017-11-18 14:00:00,-0.15851472,-3.9260974
2017-11-18 14:30:00,-0.7983414,-3.0074947
2017-11-18 15:00:00,-1.438168,-3.23168
2017-11-18 15:30:00,-2.0779948,-2.9089763
2017-11-18 16:00:00,-2.7178214,-2.6973271
2017-11-18 16:30:00,-3.3576481,-3.0348127
2017-11-18 17:00:00,-3.9974751,-2.30455
2017-11-18 17:30:00,-4.6373053,-2.920578
2017-11-18 18:00:00,-6.0023723,-2.457271
2017-11-18 18:30:00,-7.367439,-2.5855494
2017-11-18 19:00:00,-8.732505,-3.4240592
2017-11-18 19:30:00,-8.43626,-2.644579
2017-11-18 20:00:00,-8.140016,-2.8159328
2017-11-18 20:30:00,-7.8437676,-2.6567118
2017-11-18 21:00:00,-7.547523,-2.2769568
2017-11-18 21:30:00,-7.2512784,-2.2756796
2017-11-18 22:00:00,-6.95503,-2.6927943
2017-11-18 22:30:00,-6.6587853,-3.0240061
2017-11-18 23:00:00,-6.3625407,-2.900615
2017-11-18 23:30:00,-6.066293,-2.3548756
2017-11-19 00:00:00,-5.770048,-2.9156494
2017-11-19 00:30:00,-5.4738035,-3.0647871
2017-11-19 01:00:00,-5.177555,-3.7102735
2017-11-19 01:30:00,-4.8813105,-3.8272097
2017-11-19 02:00:00,-4.585066,-3.824056
2017-11-19 02:30:00,-4.2888174,-4.591245
2017-11-19 03:00:00,-3.9925728,-5.275474
2017-11-19 03:30:00,-3.696328,-5.9301205
2017-11-19 04:00:00,-3.4000835,-6.537915
2017-11-19 04:30:00,-3.103835,-6.633299
2017-11-19 05:00:00,-2.8075905,-6.559913
2017-11-19 05:30:00,-2.5113459,-7.3359494
2017-11-19 06:00:00,-2.2150974,-7.3108845
2017-11-19 06:30:00,-1.9188529,-7.463696
2017-11-19 07:00:00,-1.6226083,-6.3428454
2017-11-19 07:30:00,-1.32636,-5.88998
2017-11-19 08:00:00,-1.0301154,-6.3844895
2017-11-19 08:30:00,-0.73387074,-6.383212
2017-11-19 09:00:00,-0.43762243,-6.923974
2017-11-19 09:30:00,-0.14137782,-6.4139137
2017-11-19 10:00:00,3.0813773,-6.4976954
2017-11-19 10:30:00,4.5777287,-5.6318827
2017-11-19 11:00:00,2.637668,-7.668533
2017-11-19 11:30:00,-1.8409191,-6.505646
2017-11-19 12:00:00,2.065036,-7.41166
2017-11-19 12:30:00,-1.9848646,-6.7615843
2017-11-19 13:00:00,2.044915,-7.8598647
2017-11-19 13:30:00,3.024307,-5.753371
2017-11-19 14:00:00,-0.13196911,-5.3014812
2017-11-19 14:30:00,-0.25344592,-3.8822868
2017-11-19 15:00:00,-0.6626855,-3.2900312
2017-11-19 15:30:00,-1.071929,-2.206156
2017-11-19 16:00:00,-1.4811686,-3.769955
2017-11-19 16:30:00,-2.672191,-5.2898984
2017-11-19 17:00:00,-3.8632092,-7.5703044
2017-11-19 17:30:00,-6.734948,-9.716061
2017-11-19 18:00:00,-9.606683,-9.6543665
2017-11-19 18:30:00,2.0961185,-10.185174
2017-11-19 19:00:00,-2.6833065,-11.540669
2017-11-19 19:30:00,-3.022563,-11.337536
2017-11-19 20:00:00,-3.3618155,-10.722296
2017-11-19 20:30:00,-1.0073867,-10.794724
2017-11-19 21:00:00,1.3470459,-11.093184
2017-11-19 21:30:00,0.7652277,-10.60774
2017-11-19 22:00:00,0.18340944,-10.471143
2017-11-19 22:30:00,-0.39841253,-10.620575
2017-11-19 23:00:00,-0.9802307,-10.63715
2017-11-19 23:30:00,-1.5620489,-10.463286
2017-11-20 00:00:00,-2.1438708,-9.650297
2017-11-20 00:30:00,-2.725689,-8.32334
2017-11-20 01:00:00,-3.3075073,-7.417316
2017-11-20 01:30:00,-3.8893292,-7.1360793
2017-11-20 02:00:00,-5.5084767,-6.7176833
2017-11-20 02:30:00,-7.1276236,-8.41794
2017-11-20 03:00:00,-8.746771,-7.375427
2017-11-20 03:30:00,-10.365917,-7.3942704
2017-11-20 04:00:00,-11.9850645,-6.837638
2017-11-20 04:30:00,-13.604212,-6.29882
2017-11-20 05:00:00,-15.223363,-6.230808
2017-11-20 05:30:00,-15.359317,-6.0236573
2017-11-20 06:00:00,-15.495274,-5.449432
2017-11-20 06:30:00,-15.631231,-5.0980954
2017-11-20 07:00:00,-12.397205,-4.8741813
2017-11-20 07:30:00,-9.16318,-4.8448133
2017-11-20 08:00:00,-5.929156,-5.2051706
2017-11-20 08:30:00,-4.696433,-5.4789243
2017-11-20 09:00:00,-3.46371,-5.733551
2017-11-20 09:30:00,-2.2309835,-5.9800577
2017-11-20 10:00:00,-0.9003489,-5.81803
2017-11-20 10:30:00,0.43028557,-5.5576453
2017-11-20 11:00:00,-1.833142,-5.6813793
2017-11-20 11:30:00,-0.8857592,-6.1763296
2017-11-20 12:00:00,0.96426517,-6.2843432
2017-11-20 12:30:00,-0.7384037,-6.306537
2017-11-20 13:00:00,0.30629173,-6.053327
2017-11-20 13:30:00,-1.4978759,-6.528243
2017-11-20 14:00:00,-2.1999915,-6.9330063
2017-11-20 14:30:00,-0.44613057,-7.484575
2017-11-20 15:00:00,1.3077343,-7.0784173
2017-11-20 15:30:00,0.15778698,-7.2909894
2017-11-20 16:00:00,0.24403292,-7.6082106
2017-11-20 16:30:00,0.33027887,-7.4567256
2017-11-20 17:00:00,-0.6502775,-7.534369
2017-11-20 17:30:00,-2.605908,-7.4742956
2017-11-20 18:00:00,-4.561538,-8.831736
2017-11-20 18:30:00,-3.3905203,-7.570979
2017-11-20 19:00:00,1.4561598,-7.7183495
2017-11-20 19:30:00,-0.2551001,-7.388155
2017-11-20 20:00:00,-1.9663562,-5.978332
2017-11-20 20:30:00,-3.6776161,-3.8837752
2017-11-20 21:00:00,-12.620555,-1.8346907
2017-11-20 21:30:00,-21.563496,-1.0418414
2017-11-20 22:00:00,-20.81964,-0.34928146
2017-11-20 22:30:00,-20.075783,-0.44056523
2017-11-20 23:00:00,-19.331928,0.20322916
2017-11-20 23:30:00,-18.588072,0.1007318
2017-11-21 00:00:00,-17.844215,-0.1254693
2017-11-21 00:30:00,-17.100363,-0.93270105
2017-11-21 01:00:00,-16.356504,-1.4313216
2017-11-21 01:30:00,-15.612651,-1.5776032
2017-11-21 02:00:00,-14.868797,-1.605249
2017-11-21 02:30:00,-14.124939,-2.6862154
2017-11-21 03:00:00,-13.381085,-2.9336078
2017-11-21 03:30:00,-12.637228,-3.4027965
2017-11-21 04:00:00,-11.893374,-3.4121184
2017-11-21 04:30:00,-11.14952,-4.939187
2017-11-21 05:00:00,-10.405663,-5.752444
2017-11-21 05:30:00,-9.661809,-6.76302
2017-11-21 06:00:00,-8.917951,-6.165218
2017-11-21 06:30:00,-8.174097,-5.0453167
2017-11-21 07:00:00,-7.430244,-5.2907686
2017-11-21 07:30:00,-6.686386,-5.1960335
2017-11-21 08:00:00,-5.9425325,-4.528037
2017-11-21 08:30:00,-5.1986747,-4.278798
2017-11-21 09:00:00,-4.4548206,-4.340616
2017-11-21 09:30:00,-1.3088048,-3.8822868
2017-11-21 10:00:00,0.28929046,-4.0042877
2017-11-21 10:30:00,1.887382,-4.217101
2017-11-21 11:00:00,-2.5075026,-3.3808403
2017-11-21 11:30:00,-0.53121597,-3.7466197
2017-11-21 12:00:00,-1.7729895,-3.2764626
2017-11-21 12:30:00,-0.8388663,-3.5795386
2017-11-21 13:00:00,-1.4557571,-3.1588216
2017-11-21 13:30:00,-3.59056,-3.7839305
2017-11-21 14:00:00,-0.50019395,-4.135418
2017-11-21 14:30:00,-0.33865193,-4.489381
2017-11-21 15:00:00,-0.17710985,-4.788504
2017-11-21 15:30:00,-3.3273344,-4.6191325
2017-11-21 16:00:00,0.014598891,-4.3102612
2017-11-21 16:30:00,0.32803315,-4.199365
2017-11-21 17:00:00,0.31565523,-4.0561957
2017-11-21 17:30:00,-3.9485962,-3.3380167
2017-11-21 18:00:00,-8.212848,-3.1684904
2017-11-21 18:30:00,-12.477098,-2.1777189
2017-11-21 19:00:00,-1.1855344,-1.9798946
2017-11-21 19:30:00,-3.6435683,-1.6493348
2017-11-21 20:00:00,-2.1640637,-1.4301347
2017-11-21 20:30:00,-0.6845588,-1.7084322
2017-11-21 21:00:00,-3.49252,-2.4129708
2017-11-21 21:30:00,-2.25927,-3.3681495
2017-11-21 22:00:00,-1.0260196,-3.638376
2017-11-21 22:30:00,-0.82646954,-3.1833174
2017-11-21 23:00:00,0.43805522,-4.9836874
2017-11-21 23:30:00,-9.451464,-5.4535656
2017-11-22 00:00:00,-19.34098,-7.3462286
2017-11-22 00:30:00,-29.2305,-9.847417
2017-11-22 01:00:00,-25.433052,-10.057382
2017-11-22 01:30:00,-21.635605,-8.902099
2017-11-22 02:00:00,-17.838158,-8.561438
2017-11-22 02:30:00,-14.0407095,-9.226423
2017-11-22 03:00:00,-10.243261,-8.583043
2017-11-22 03:30:00,-6.4458175,-9.766197
2017-11-22 04:00:00,-2.6483696,-8.813916
2017-11-22 04:30:00,-5.376668,-8.507468
2017-11-22 05:00:00,-8.104969,-8.285706
2017-11-22 05:30:00,-10.833267,-7.937572
2017-11-22 06:00:00,-7.035733,-6.539769
2017-11-22 06:30:00,-1.4436505,-5.4801674
2017-11-22 07:00:00,0.51051784,-5.486366
2017-11-22 07:30:00,2.4646823,-5.7719884
2017-11-22 08:00:00,4.4188466,-6.068768
2017-11-22 08:30:00,-2.1928701,-7.8109784
2017-11-22 09:00:00,-3.9437053,-6.262681
2017-11-22 09:30:00,-4.354618,-5.6038036
2017-11-22 10:00:00,-1.5212301,-4.4953647
2017-11-22 10:30:00,1.0283854,-5.727217
2017-11-22 11:00:00,-1.0549164,-8.006534
2017-11-22 11:30:00,-0.5791865,-7.9554625
2017-11-22 12:00:00,0.26337788,-10.258932
2017-11-22 12:30:00,0.95461154,-10.328494
2017-11-22 13:00:00,-1.7751373,-10.846599
2017-11-22 13:30:00,1.0402621,-10.866626
2017-11-22 14:00:00,0.0027485043,-10.885029
2017-11-22 14:30:00,0.3442318,-10.230756
2017-11-22 15:00:00,1.7022786,-8.37792
2017-11-22 15:30:00,1.9890994,-7.901701
2017-11-22 16:00:00,2.2759166,-6.6351376
2017-11-22 16:30:00,2.5627372,-3.9369116
2017-11-22 17:00:00,3.3024464,-2.0589776
2017-11-22 17:30:00,2.76312,-1.322931
2017-11-22 18:00:00,2.1071813,-0.47440574
2017-11-22 18:30:00,2.2565262,-1.8426939
2017-11-22 19:00:00,1.086944,-2.2670507
2017-11-22 19:30:00,1.0788842,-1.6311278
2017-11-22 20:00:00,8.173204,-2.5325522
2017-11-22 20:30:00,2.2063477,-0.9989728
2017-11-22 21:00:00,1.9961343,-2.677854
2017-11-22 21:30:00,-2.748772,-4.0245333
2017-11-22 22:00:00,1.7273359,-4.59903
2017-11-22 22:30:00,2.438766,-4.5025916
2017-11-22 23:00:00,-3.4683144,-2.9691174
2017-11-22 23:30:00,-1.6409962,-2.7026703
2017-11-23 00:00:00,-2.4313662,-3.8607
2017-11-23 00:30:00,-3.221736,-8.12448
2017-11-23 01:00:00,-3.2746954,-9.049217
2017-11-23 01:30:00,-3.3276587,-10.750793
2017-11-23 02:00:00,-2.1635587,-10.232361
2017-11-23 02:30:00,-2.2306895,-10.168206
2017-11-23 03:00:00,-2.2978241,-8.541885
2017-11-23 03:30:00,0.44414055,-10.038783
2017-11-23 04:00:00,0.61935675,-9.377931
2017-11-23 04:30:00,0.7945729,-9.3145
2017-11-23 05:00:00,0.9697891,-7.594563
2017-11-23 05:30:00,1.1450014,-7.397805
2017-11-23 06:00:00,1.3202176,-6.7729335
2017-11-23 06:30:00,1.4954338,-5.896239
2017-11-23 07:00:00,1.67065,-5.967936
2017-11-23 07:30:00,1.8458661,-4.7770348
2017-11-23 08:00:00,2.0210786,-3.1697037
2017-11-23 08:30:00,2.1962948,-3.8948908
2017-11-23 09:00:00,-0.24655426,-5.2683415
2017-11-23 09:30:00,-2.689403,-6.506498
2017-11-23 10:00:00,-2.8506777,-6.5582814
2017-11-23 10:30:00,-3.0119522,-6.1064334
2017-11-23 11:00:00,-1.3728797,-7.1964164
2017-11-23 11:30:00,-1.3952693,-8.467414
2017-11-23 12:00:00,1.1275368,-9.452541
2017-11-23 12:30:00,1.774127,-10.217763
2017-11-23 13:00:00,0.32720795,-11.412836
2017-11-23 13:30:00,-1.119711,-11.6445465
2017-11-23 14:00:00,-1.0768952,-10.640666
2017-11-23 14:30:00,0.10151931,-10.177947
2017-11-23 15:00:00,4.583226,-8.399224
2017-11-23 15:30:00,2.2003188,-6.2214103
2017-11-23 16:00:00,1.3278517,-5.8439045
2017-11-23 16:30:00,0.6403295,-4.4421115
2017-11-23 17:00:00,0.9835159,-3.74564
2017-11-23 17:30:00,6.2801976,-3.3930523
2017-11-23 18:00:00,1.779828,-3.9763591
2017-11-23 18:30:00,-1.4272182,-2.1212704
2017-11-23 19:00:00,-4.6342683,-2.7149124
2017-11-23 19:30:00,-12.951755,-4.2019534
2017-11-23 20:00:00,-7.2123246,-3.072003
2017-11-23 20:30:00,-3.745267,-4.1600723
2017-11-23 21:00:00,-0.07228008,-5.118126
2017-11-23 21:30:00,3.6007068,-5.4538894
2017-11-23 22:00:00,-3.482938,-5.1683235
2017-11-23 22:30:00,6.656795,-7.006588
2017-11-23 23:00:00,0.75855076,-7.665409
2017-11-23 23:30:00,-5.139694,-9.613299
2017-11-24 00:00:00,-5.136608,-8.496793
2017-11-24 00:30:00,-5.133518,-8.975338
2017-11-24 01:00:00,-5.130432,-7.094635
2017-11-24 01:30:00,-5.1273465,-4.990805
2017-11-24 02:00:00,-5.1242566,-4.216204
2017-11-24 02:30:00,-5.1211705,-3.3547354
2017-11-24 03:00:00,-5.1180844,-2.7489564
2017-11-24 03:30:00,-5.1149945,-1.9861759
2017-11-24 04:00:00,-5.111909,-1.4854226
2017-11-24 04:30:00,-5.108823,-2.7789912
2017-11-24 05:00:00,-5.1057367,-1.7731667
2017-11-24 05:30:00,-5.102647,-2.835598
2017-11-24 06:00:00,-5.099561,-4.205616
2017-11-24 06:30:00,-5.096475,-5.5145054
2017-11-24 07:00:00,-5.093385,-4.2308087
2017-11-24 07:30:00,-5.090299,-5.012505
2017-11-24 08:00:00,-5.087213,-5.5397587
2017-11-24 08:30:00,-5.0841236,-4.8531785
2017-11-24 09:00:00,-5.0810375,-4.3581977
2017-11-24 09:30:00,-5.0779514,-3.536474
2017-11-24 10:00:00,-15.0264845,-3.0160441
2017-11-24 10:30:00,-9.955875,-2.3886971
2017-11-24 11:00:00,-5.169695,-1.904218
2017-11-24 11:30:00,-0.38351005,-2.5715437
2017-11-24 12:00:00,-0.83458585,-3.3380506
2017-11-24 12:30:00,-0.2710614,-4.377663
2017-11-24 13:00:00,0.33199707,-4.4313045
2017-11-24 13:30:00,-1.2929603,-5.1020026
2017-11-24 14:00:00,1.6542478,-5.097643
2017-11-24 14:30:00,1.0281329,-6.501362
2017-11-24 15:00:00,2.6897304,-6.2361207
2017-11-24 15:30:00,1.4706705,-6.9729357
2017-11-24 16:00:00,0.2291003,-6.276849
2017-11-24 16:30:00,2.3614993,-6.0420604
2017-11-24 17:00:00,-5.0048294,-4.3166704
2017-11-24 17:30:00,-7.950609,-3.831185
2017-11-24 18:00:00,-2.9769473,-4.160415
2017-11-24 18:30:00,1.9967146,-2.2337906
2017-11-24 19:00:00,1.3874917,-2.3955286
2017-11-24 19:30:00,-1.4643897,-4.4729147
2017-11-24 20:00:00,-4.3162713,-4.70759
2017-11-24 20:30:00,-2.1172347,-5.274461
2017-11-24 21:00:00,-2.2624464,-4.37463
2017-11-24 21:30:00,-2.4076579,-3.7804978
2017-11-24 22:00:00,-8.437907,-5.079587
2017-11-24 22:30:00,-14.468156,-5.323584
2017-11-24 23:00:00,-13.640257,-4.6466274
2017-11-24 23:30:00,-12.812357,-4.7300286
2017-11-25 00:00:00,-11.984454,-3.098266
2017-11-25 00:30:00,-11.156555,-2.3699512
2017-11-25 01:00:00,-10.328656,-1.7165033
2017-11-25 01:30:00,-9.500756,-1.6157054
2017-11-25 02:00:00,-7.934625,-2.1496322
2017-11-25 02:30:00,-10.519604,-3.1702273
2017-11-25 03:00:00,-8.686742,-3.3503683
2017-11-25 03:30:00,-7.485871,-3.3407562
2017-11-25 04:00:00,-10.585476,-3.3827732
2017-11-25 04:30:00,-13.685077,-3.756895
2017-11-25 05:00:00,-16.784683,-3.8639367
2017-11-25 05:30:00,-19.884285,-2.0667245
2017-11-25 06:00:00,-17.205908,-2.3643897
2017-11-25 06:30:00,-14.527533,-2.489691
2017-11-25 07:00:00,-11.849156,-3.488737
2017-11-25 07:30:00,-9.170781,-4.0480833
2017-11-25 08:00:00,-6.4924054,-4.4846373
2017-11-25 08:30:00,-3.8140292,-4.0628686
2017-11-25 09:00:00,-2.2565343,-3.5325027
2017-11-25 09:30:00,-0.6990355,-3.9625456
2017-11-25 10:00:00,-8.626228,-5.3655787
2017-11-25 10:30:00,-4.5348344,-5.37186
2017-11-25 11:00:00,-0.44344398,-4.9658685
2017-11-25 11:30:00,-1.7834119,-4.026142
2017-11-25 12:00:00,-3.1233835,-3.7523658
2017-11-25 12:30:00,1.6496961,-4.305186
2017-11-25 13:00:00,1.4533414,-4.0024977
2017-11-25 13:30:00,0.046736237,-4.3709865
2017-11-25 14:00:00,-1.3598726,-4.159394
2017-11-25 14:30:00,0.20081009,-4.1884828
2017-11-25 15:00:00,-0.3107498,-3.10096
2017-11-25 15:30:00,0.257123,-2.298604
2017-11-25 16:00:00,0.8249958,-2.2021167
2017-11-25 16:30:00,0.6796072,-1.2961141
2017-11-25 17:00:00,0.9447356,-1.392206
2017-11-25 17:30:00,1.209864,-1.2643083
2017-11-25 18:00:00,1.4749924,-0.77074826
2017-11-25 18:30:00,-0.8334215,-0.31209877
2017-11-25 19:00:00,-1.0501951,-0.2718715
2017-11-25 19:30:00,-9.209614,-0.58156407
2017-11-25 20:00:00,-1.2196612,-0.8625972
2017-11-25 20:30:00,-7.664998,-0.7388445
2017-11-25 21:00:00,-22.060427,-1.7231313
2017-11-25 21:30:00,-8.95406,-1.4771934
2017-11-25 22:00:00,-16.101704,-2.070504
2017-11-25 22:30:00,-3.2282887,-1.3545296
2017-11-25 23:00:00,-1.7890714,-2.6046605
2017-11-25 23:30:00,-8.700646,-3.3373423
2017-11-26 00:00:00,-1.3216574,-2.2689047
2017-11-26 00:30:00,-4.2410917,-3.1953337
2017-11-26 01:00:00,-7.1605296,-2.5804436
2017-11-26 01:30:00,-10.079964,-3.747833
2017-11-26 02:00:00,-6.6409063,-4.57831
2017-11-26 02:30:00,-10.783865,-6.065765
2017-11-26 03:00:00,-14.529412,-7.3462586
2017-11-26 03:30:00,-7.382447,-7.1432385
2017-11-26 04:00:00,-11.738679,-7.1783524
2017-11-26 04:30:00,-9.820352,-7.8312616
2017-11-26 05:00:00,-7.902021,-8.98327
2017-11-26 05:30:00,-5.9836903,-10.987767
2017-11-26 06:00:00,-26.974463,-10.017904
2017-11-26 06:30:00,-23.111734,-9.59663
2017-11-26 07:00:00,-19.249004,-7.871297
2017-11-26 07:30:00,-15.386276,-7.448971
2017-11-26 08:00:00,-5.1693745,-6.1227145
2017-11-26 08:30:00,-8.889431,-4.7604403
2017-11-26 09:00:00,4.2911,-5.5319324
2017-11-26 09:30:00,2.5496962,-5.142946
2017-11-26 10:00:00,0.80829597,-5.47883
2017-11-26 10:30:00,1.3654337,-5.081358
2017-11-26 11:00:00,-0.35928553,-5.8933673
2017-11-26 11:30:00,-0.86402905,-6.950501
2017-11-26 12:00:00,0.15883449,-6.883133
2017-11-26 12:30:00,1.2207422,-7.370807
2017-11-26 13:00:00,3.0967584,-7.4199686
2017-11-26 13:30:00,3.4718409,-7.1324883
2017-11-26 14:00:00,6.1983714,-6.977838
2017-11-26 14:30:00,7.1983294,-6.137994
2017-11-26 15:00:00,5.6308985,-5.550354
2017-11-26 15:30:00,6.9708056,-5.1201873
2017-11-26 16:00:00,13.154274,-3.5292847
2017-11-26 16:30:00,8.542232,-2.7285905
2017-11-26 17:00:00,-3.5996335,-1.9565594
2017-11-26 17:30:00,5.0733423,-1.4469287
2017-11-26 18:00:00,1.3295925,-3.0626922
2017-11-26 18:30:00,1.8150023,-3.0209162
2017-11-26 19:00:00,-0.17744143,-3.8383932
2017-11-26 19:30:00,-8.532861,-3.7267623
2017-11-26 20:00:00,-9.517859,-3.5049057
2017-11-26 20:30:00,-3.0665092,-4.3334346
2017-11-26 21:00:00,-0.98631227,-7.3515224
2017-11-26 21:30:00,-3.790709,-7.6902514
2017-11-26 22:00:00,-6.5951023,-9.064478
2017-11-26 22:30:00,-9.399499,-9.019547
2017-11-26 23:00:00,-0.12723273,-7.65591
2017-11-26 23:30:00,-8.742268,-7.989823
2017-11-27 00:00:00,-3.5101883,-7.3581543
2017-11-27 00:30:00,-23.564182,-5.1157146
2017-11-27 01:00:00,-22.886074,-5.0704455
2017-11-27 01:30:00,-22.207962,-5.117444
2017-11-27 02:00:00,-21.529852,-3.6037555
2017-11-27 02:30:00,-20.851742,-4.139009
2017-11-27 03:00:00,-20.173634,-4.8585744
2017-11-27 03:30:00,-19.495522,-4.1988335
2017-11-27 04:00:00,-14.9172125,-6.375209
2017-11-27 04:30:00,-10.338904,-5.791601
2017-11-27 05:00:00,-5.7605977,-5.0713387
2017-11-27 05:30:00,-7.8178854,-5.391868
2017-11-27 06:00:00,-9.875175,-8.184086
2017-11-27 06:30:00,-11.932464,-5.2698827
2017-11-27 07:00:00,-9.92292,-2.3337295
2017-11-27 07:30:00,-7.9133773,-0.96010196
2017-11-27 08:00:00,-5.903831,-0.5436692
2017-11-27 08:30:00,-3.8942878,-2.7209036
2017-11-27 09:00:00,-1.8847449,-2.1319263
2017-11-27 09:30:00,0.12479806,-2.0245833
2017-11-27 10:00:00,-2.9474251,-4.0317035
2017-11-27 10:30:00,-1.8027493,-5.53804
2017-11-27 11:00:00,-1.5340451,-6.359922
2017-11-27 11:30:00,-2.9788766,-6.716489
2017-11-27 12:00:00,-1.659354,-7.1949315
2017-11-27 12:30:00,-2.1162212,-6.251238
2017-11-27 13:00:00,-2.6023471,-5.9471483
2017-11-27 13:30:00,-2.0558012,-7.2140846
2017-11-27 14:00:00,-1.3977524,-7.229006
2017-11-27 14:30:00,-0.38607985,-8.397337
2017-11-27 15:00:00,0.625589,-8.162168
2017-11-27 15:30:00,1.9822454,-6.997379
2017-11-27 16:00:00,2.6950095,-8.113003
2017-11-27 16:30:00,-3.343081,-5.3114963
2017-11-27 17:00:00,-2.3422565,-7.80342
2017-11-27 17:30:00,-1.3414358,-6.3760643
2017-11-27 18:00:00,-0.33084083,-3.590526
2017-11-27 18:30:00,0.0049000373,-1.2864115
2017-11-27 19:00:00,-0.5490575,-3.6752272
2017-11-27 19:30:00,0.32611144,-5.9280105
2017-11-27 20:00:00,-3.0009005,-6.554408
2017-11-27 20:30:00,-4.2554593,-8.125527
2017-11-27 21:00:00,-5.3666263,-7.6930323
2017-11-27 21:30:00,-2.7412698,-6.940045
2017-11-27 22:00:00,-3.3061018,-7.296943
2017-11-27 22:30:00,-6.8370385,-5.355902
2017-11-27 23:00:00,-10.367975,-4.5035224
2017-11-27 23:30:00,-2.0859,-3.1355617
2017-11-28 00:00:00,-5.93968,-2.658366
2017-11-28 00:30:00,-3.1917803,-6.2404723
2017-11-28 01:00:00,-26.107899,-9.23362
2017-11-28 01:30:00,2.05461,-8.724193
2017-11-28 02:00:00,-13.802168,-9.74186
2017-11-28 02:30:00,-8.3743515,-9.914683
2017-11-28 03:00:00,-2.9465358,-10.975099
2017-11-28 03:30:00,-4.4974747,-13.165273
2017-11-28 04:00:00,-14.5156145,-14.62073
2017-11-28 04:30:00,-5.1110797,-14.841943
2017-11-28 05:00:00,-20.41447,-13.215173
2017-11-28 05:30:00,-3.4013758,-13.40855
2017-11-28 06:00:00,-4.920807,-10.354708
2017-11-28 06:30:00,-6.4402337,-8.514661
2017-11-28 07:00:00,-3.6424153,-7.9392147
2017-11-28 07:30:00,-0.84459746,-6.69792
2017-11-28 08:00:00,-2.190854,-6.6193986
2017-11-28 08:30:00,-3.5371146,-4.631431
2017-11-28 09:00:00,-4.8833714,-3.5066917
2017-11-28 09:30:00,-1.3850429,-3.9233167
2017-11-28 10:00:00,-4.220854,-3.3284988
2017-11-28 10:30:00,-1.1342367,-3.41505
2017-11-28 11:00:00,-2.2297475,-4.232233
2017-11-28 11:30:00,-0.36867163,-3.978149
2017-11-28 12:00:00,1.492408,-2.3955662
2017-11-28 12:30:00,-2.9400585,-3.8586915
2017-11-28 13:00:00,-0.960995,-3.384337
2017-11-28 13:30:00,1.0180686,-5.1872125
2017-11-28 14:00:00,1.3458703,-6.31003
2017-11-28 14:30:00,1.6736757,-5.050121
2017-11-28 15:00:00,2.0014772,-4.8915706
2017-11-28 15:30:00,2.7117205,-3.938807
2017-11-28 16:00:00,0.8493635,-3.816422
2017-11-28 16:30:00,0.36384428,-2.6337647
2017-11-28 17:00:00,0.69103557,-1.3812184
2017-11-28 17:30:00,-0.17441949,-2.2087936
2017-11-28 18:00:00,-1.5859531,-2.3340762
2017-11-28 18:30:00,-2.7923677,-2.342622
2017-11-28 19:00:00,-2.8555195,-1.8802761
2017-11-28 19:30:00,7.379371,-0.67304003
2017-11-28 20:00:00,1.0918009,-0.24839304
2017-11-28 20:30:00,-5.19577,-0.104229026
2017-11-28 21:00:00,-0.2591281,1.0255216
2017-11-28 21:30:00,-3.1361344,2.2420835
2017-11-28 22:00:00,4.5601544,0.985513
2017-11-28 22:30:00,5.108784,1.1604955
2017-11-28 23:00:00,5.6574173,-2.3354628
2017-11-28 23:30:00,2.6550987,-0.5710702
2017-11-29 00:00:00,4.3238516,-2.826197
2017-11-29 00:30:00,8.446732,-5.2266636
2017-11-29 01:00:00,12.569614,-7.754613
2017-11-29 01:30:00,4.3100605,-5.748314
2017-11-29 02:00:00,5.274339,-5.2929354
2017-11-29 02:30:00,3.8209543,-6.537218
2017-11-29 03:00:00,6.829607,-6.533906
2017-11-29 03:30:00,6.1633368,-5.912426
2017-11-29 04:00:00,6.187497,-7.036555
2017-11-29 04:30:00,-10.036466,-6.632541
2017-11-29 05:00:00,9.76902,-8.614208
2017-11-29 05:30:00,3.8387885,-8.880671
2017-11-29 06:00:00,3.4822407,-10.374855
2017-11-29 06:30:00,3.125689,-10.001751
2017-11-29 07:00:00,2.7691374,-9.378357
2017-11-29 07:30:00,3.6209674,-5.852831
2017-11-29 08:00:00,4.472797,-5.9794364
2017-11-29 08:30:00,5.324627,-5.084828
2017-11-29 09:00:00,4.3290586,-4.541387
2017-11-29 09:30:00,3.3334947,-4.6103644
2017-11-29 10:00:00,2.3379266,-5.025595
2017-11-29 10:30:00,3.3369462,-4.482821
2017-11-29 11:00:00,5.3113785,-4.17534
2017-11-29 11:30:00,2.7299426,-3.9933114
2017-11-29 12:00:00,2.5484114,-2.7470763
2017-11-29 12:30:00,2.3668838,-1.2893845
2017-11-29 13:00:00,2.1853561,-2.1746366
2017-11-29 13:30:00,-1.5702895,-0.26160368
2017-11-29 14:00:00,-29.557356,-1.1440411
2017-11-29 14:30:00,3.1152177,1.7908343
2017-11-29 15:00:00,6.121568,0.7087942
2017-11-29 15:30:00,0.5567098,1.229891
2017-11-29 16:00:00,-5.008153,-0.45069364
2017-11-29 16:30:00,6.126772,-2.7928085
2017-11-29 17:00:00,3.7850301,-2.5773728
2017-11-29 17:30:00,4.087413,-3.5455813
2017-11-29 18:00:00,4.3897953,-3.0665543
2017-11-29 18:30:00,5.677972,-3.2187066
2017-11-29 19:00:00,5.1995177,-4.6408134
2017-11-29 19:30:00,3.866001,-2.417982
2017-11-29 20:00:00,2.3083553,-0.48579642
2017-11-29 20:30:00,4.5276365,0.59100246
2017-11-29 21:00:00,5.5598903,1.5562795
2017-11-29 21:30:00,5.856523,0.11060021
2017-11-29 22:00:00,-16.260859,0.7050902
2017-11-29 22:30:00,6.1400504,1.4121608
2017-11-29 23:00:00,-29.773376,-0.4522197
2017-11-29 23:30:00,-8.949391,-1.5414002
2017-11-30 00:00:00,-5.5683165,-1.5128047
2017-11-30 00:30:00,-2.1872406,-1.3987246
2017-11-30 01:00:00,1.1938386,-1.3598312
2017-11-30 01:30:00,6.050112,-2.0592377
2017-11-30 02:00:00,10.906385,-3.8376207
2017-11-30 02:30:00,15.762659,-3.984238
2017-11-30 03:00:00,20.618937,-4.5354033
2017-11-30 03:30:00,25.475206,-4.4636416
2017-11-30 04:00:00,30.331484,-5.6805463
2017-11-30 04:30:00,22.845453,-6.2323523
2017-11-30 05:00:00,15.359422,-6.023884
2017-11-30 05:30:00,7.8733945,-4.358571
2017-11-30 06:00:00,0.3873642,-3.825808
2017-11-30 06:30:00,1.684358,-5.6656175
2017-11-30 07:00:00,3.64243,-5.683131
2017-11-30 07:30:00,1.6784158,-4.817755
2017-11-30 08:00:00,0.4491407,-6.678409
2017-11-30 08:30:00,-0.7801306,-6.3756537
2017-11-30 09:00:00,-2.009402,-7.6309996
2017-11-30 09:30:00,-3.238677,-7.893897
2017-11-30 10:00:00,11.856553,-8.180744
2017-11-30 10:30:00,1.1703337,-7.319649
2017-11-30 11:00:00,1.1703337,-5.933572
2017-11-30 11:30:00,1.1703337,-5.512546
2017-11-30 12:00:00,1.1703337,-4.7417283
2017-11-30 12:30:00,1.1703337,-3.52751
2017-11-30 13:00:00,1.1703337,-4.3440228
2017-11-30 13:30:00,1.1703337,-5.129611
2017-11-30 14:00:00,1.1703337,-7.5381217
2017-11-30 14:30:00,1.1703337,-4.412461
2017-11-30 15:00:00,1.1703337,-5.8819127
2017-11-30 15:30:00,1.1703337,-6.901012
2017-11-30 16:00:00,1.1703337,-8.953977
2017-11-30 16:30:00,1.1703337,-8.60815
2017-11-30 17:00:00,1.1703337,-9.215593
2017-11-30 17:30:00,1.1703337,-8.583152
2017-11-30 18:00:00,1.1703337,-10.604764
2017-11-30 18:30:00,1.1703337,-10.615869
2017-11-30 19:00:00,1.1703337,-10.3173895
2017-11-30 19:30:00,1.1703337,-8.7183895
2017-11-30 20:00:00,1.1703337,-9.155833
2017-11-30 20:30:00,1.1703337,-5.9018455
2017-11-30 21:00:00,1.1703337,-6.9134235
2017-11-30 21:30:00,1.1703337,-4.66783
2017-11-30 22:00:00,1.1703337,-5.711821
2017-11-30 22:30:00,1.1703337,-5.678553
2017-11-30 23:00:00,1.1703337,-6.298628
2017-11-30 23:30:00,1.1703337,-3.043464
