时间,真实值,预测值
2018-07-25 23:30:00,42.391376,6.227308
2018-07-26 00:00:00,7.7510285,6.3634086
2018-07-26 00:30:00,7.4822836,6.115365
2018-07-26 01:00:00,3.355278,6.5640836
2018-07-26 01:30:00,4.7732563,6.4945717
2018-07-26 02:00:00,4.843734,5.449818
2018-07-26 02:30:00,4.9142065,5.8949275
2018-07-26 03:00:00,5.619554,7.4361215
2018-07-26 03:30:00,4.443017,5.975616
2018-07-26 04:00:00,-2.9978292,5.784265
2018-07-26 04:30:00,10.351522,5.9366546
2018-07-26 05:00:00,8.137016,5.3891063
2018-07-26 05:30:00,17.288946,3.7897305
2018-07-26 06:00:00,7.157698,-0.8984869
2018-07-26 06:30:00,13.257681,-0.18370612
2018-07-26 07:00:00,1.7393246,-1.6397852
2018-07-26 07:30:00,-9.779031,-4.087189
2018-07-26 08:00:00,-7.134819,-6.2266164
2018-07-26 08:30:00,-8.1670065,-9.127855
2018-07-26 09:00:00,-9.319551,-10.342567
2018-07-26 09:30:00,-12.254601,-15.002475
2018-07-26 10:00:00,-17.388987,-17.51787
2018-07-26 10:30:00,-24.315876,-19.051695
2018-07-26 11:00:00,-19.384172,-20.222107
2018-07-26 11:30:00,-31.685522,-22.97813
2018-07-26 12:00:00,-16.390364,-19.464859
2018-07-26 12:30:00,-15.588437,-21.61268
2018-07-26 13:00:00,-23.952736,-22.690098
2018-07-26 13:30:00,-18.220188,-19.525183
2018-07-26 14:00:00,-17.177326,-21.674782
2018-07-26 14:30:00,-24.131285,-16.30291
2018-07-26 15:00:00,-17.948454,-16.290287
2018-07-26 15:30:00,-22.859354,-14.5112915
2018-07-26 16:00:00,-19.44365,-10.305834
2018-07-26 16:30:00,-12.525674,-10.008788
2018-07-26 17:00:00,-17.620943,-7.434298
2018-07-26 17:30:00,-4.0231433,-4.4602523
2018-07-26 18:00:00,-1.9767619,-2.7636979
2018-07-26 18:30:00,2.1956367,-0.24218103
2018-07-26 19:00:00,6.368031,1.9604132
2018-07-26 19:30:00,16.040987,3.2955184
2018-07-26 20:00:00,25.713942,5.206341
2018-07-26 20:30:00,15.029607,6.390035
2018-07-26 21:00:00,17.568579,7.3154445
2018-07-26 21:30:00,17.224018,7.8926563
2018-07-26 22:00:00,16.879456,8.776273
2018-07-26 22:30:00,16.534893,8.583096
2018-07-26 23:00:00,16.190336,8.62359
2018-07-26 23:30:00,15.845774,11.135754
2018-07-27 00:00:00,15.501212,9.575172
2018-07-27 00:30:00,15.15665,8.802354
2018-07-27 01:00:00,14.812088,8.447733
2018-07-27 01:30:00,14.4675255,8.322202
2018-07-27 02:00:00,14.122968,7.8930583
2018-07-27 02:30:00,13.778406,6.695679
2018-07-27 03:00:00,13.433845,7.3939705
2018-07-27 03:30:00,13.089282,7.013344
2018-07-27 04:00:00,12.74472,5.417118
2018-07-27 04:30:00,12.400158,5.847
2018-07-27 05:00:00,12.0556,4.174263
2018-07-27 05:30:00,11.711039,3.624578
2018-07-27 06:00:00,11.366477,2.664651
2018-07-27 06:30:00,2.2563095,0.9261899
2018-07-27 07:00:00,0.56336844,-1.3568615
2018-07-27 07:30:00,-1.1295683,-3.98042
2018-07-27 08:00:00,-2.8225093,-6.512118
2018-07-27 08:30:00,-4.5154505,-10.162157
2018-07-27 09:00:00,-6.2083874,-12.073688
2018-07-27 09:30:00,-7.9013286,-14.104113
2018-07-27 10:00:00,-9.594269,-17.574148
2018-07-27 10:30:00,-11.287206,-21.053833
2018-07-27 11:00:00,-12.980146,-22.165892
2018-07-27 11:30:00,-14.673086,-24.785435
2018-07-27 12:00:00,-16.366024,-24.257963
2018-07-27 12:30:00,-18.058964,-21.792444
2018-07-27 13:00:00,-24.650272,-24.666012
2018-07-27 13:30:00,-23.832281,-20.020798
2018-07-27 14:00:00,-14.167013,-20.404549
2018-07-27 14:30:00,-21.019697,-19.637964
2018-07-27 15:00:00,-22.745687,-16.45362
2018-07-27 15:30:00,-14.631099,-17.039791
2018-07-27 16:00:00,-13.521618,-12.467151
2018-07-27 16:30:00,-14.239326,-9.514389
2018-07-27 17:00:00,-11.147906,-9.3626375
2018-07-27 17:30:00,-4.386371,-4.5149612
2018-07-27 18:00:00,-3.8519351,-3.6023364
2018-07-27 18:30:00,-0.7601273,-0.89527106
2018-07-27 19:00:00,2.3316808,1.8951964
2018-07-27 19:30:00,11.0862665,4.255048
2018-07-27 20:00:00,-27.292652,7.22572
2018-07-27 20:30:00,-24.57848,7.706046
2018-07-27 21:00:00,-21.864311,9.911079
2018-07-27 21:30:00,-19.15014,9.567448
2018-07-27 22:00:00,-16.435966,10.155736
2018-07-27 22:30:00,-13.721797,9.212378
2018-07-27 23:00:00,-11.007625,7.8256087
2018-07-27 23:30:00,-8.293455,8.450294
2018-07-28 00:00:00,-5.579285,7.639938
2018-07-28 00:30:00,-2.8651147,8.1118965
2018-07-28 01:00:00,-0.1509448,7.9825644
2018-07-28 01:30:00,2.5632255,7.452214
2018-07-28 02:00:00,5.2773995,8.425996
2018-07-28 02:30:00,7.9915695,8.908909
2018-07-28 03:00:00,7.1563435,8.503932
2018-07-28 03:30:00,6.3211217,10.874782
2018-07-28 04:00:00,5.4859004,9.8078575
2018-07-28 04:30:00,4.6506743,11.11388
2018-07-28 05:00:00,3.8154528,10.004172
2018-07-28 05:30:00,5.0560136,6.3942513
2018-07-28 06:00:00,7.026395,6.626635
2018-07-28 06:30:00,4.5030866,2.8566048
2018-07-28 07:00:00,-6.083057,0.94913334
2018-07-28 07:30:00,-4.4361296,-0.5089818
2018-07-28 08:00:00,-4.6948647,-4.2934093
2018-07-28 08:30:00,-2.858766,-5.806513
2018-07-28 09:00:00,-8.621086,-8.540148
2018-07-28 09:30:00,-13.9625,-10.281614
2018-07-28 10:00:00,-25.69164,-11.591531
2018-07-28 10:30:00,-18.475042,-13.045932
2018-07-28 11:00:00,-17.14543,-13.381484
2018-07-28 11:30:00,-24.660486,-14.850178
2018-07-28 12:00:00,-25.684952,-15.720817
2018-07-28 12:30:00,-28.317654,-17.209038
2018-07-28 13:00:00,-27.179781,-19.200527
2018-07-28 13:30:00,-24.388834,-20.001957
2018-07-28 14:00:00,-22.956675,-18.909477
2018-07-28 14:30:00,-19.48677,-19.786705
2018-07-28 15:00:00,-14.403572,-18.150578
2018-07-28 15:30:00,-14.702431,-15.549242
2018-07-28 16:00:00,-19.622494,-15.564355
2018-07-28 16:30:00,-19.665897,-11.5994215
2018-07-28 17:00:00,-12.633283,-8.748063
2018-07-28 17:30:00,-11.377035,-5.097342
2018-07-28 18:00:00,-6.676593,-2.885703
2018-07-28 18:30:00,-3.5327897,-0.5486817
2018-07-28 19:00:00,0.9774467,1.931462
2018-07-28 19:30:00,2.4138944,3.9474375
2018-07-28 20:00:00,17.955074,5.2028584
2018-07-28 20:30:00,15.900399,5.244197
2018-07-28 21:00:00,-22.039137,5.6194797
2018-07-28 21:30:00,17.837612,4.4097924
2018-07-28 22:00:00,20.475708,4.2391305
2018-07-28 22:30:00,6.0276814,4.2380204
2018-07-28 23:00:00,12.873031,3.9909081
2018-07-28 23:30:00,19.718378,3.583231
2018-07-29 00:00:00,26.563726,4.647821
2018-07-29 00:30:00,15.260902,4.555873
2018-07-29 01:00:00,3.9580812,4.270734
2018-07-29 01:30:00,2.3923185,3.8725731
2018-07-29 02:00:00,3.9359984,5.401961
2018-07-29 02:30:00,5.479678,4.9826264
2018-07-29 03:00:00,7.0233583,4.5640826
2018-07-29 03:30:00,14.019747,4.8478847
2018-07-29 04:00:00,9.38931,4.9803762
2018-07-29 04:30:00,-5.8243265,4.218621
2018-07-29 05:00:00,4.330454,4.1689587
2018-07-29 05:30:00,14.485239,3.1631536
2018-07-29 06:00:00,5.1508503,2.927904
2018-07-29 06:30:00,-4.183542,1.472786
2018-07-29 07:00:00,-13.51793,-0.71989
2018-07-29 07:30:00,-6.413004,-2.9617996
2018-07-29 08:00:00,-5.727926,-5.234784
2018-07-29 08:30:00,-13.963234,-6.6983395
2018-07-29 09:00:00,-14.274739,-10.026009
2018-07-29 09:30:00,-17.51702,-12.472866
2018-07-29 10:00:00,-18.040487,-18.250986
2018-07-29 10:30:00,-19.667141,-18.874456
2018-07-29 11:00:00,-22.21754,-20.208689
2018-07-29 11:30:00,-21.040516,-21.746399
2018-07-29 12:00:00,-26.42999,-21.523869
2018-07-29 12:30:00,-20.427803,-24.756693
2018-07-29 13:00:00,-18.281633,-23.930748
2018-07-29 13:30:00,-15.957052,-21.594618
2018-07-29 14:00:00,-14.039068,-19.47367
2018-07-29 14:30:00,-19.526794,-18.68317
2018-07-29 15:00:00,-21.105865,-14.871976
2018-07-29 15:30:00,-16.608442,-13.30929
2018-07-29 16:00:00,-18.312607,-12.582642
2018-07-29 16:30:00,-11.887125,-9.768051
2018-07-29 17:00:00,-7.2395434,-7.3272667
2018-07-29 17:30:00,-5.302059,-5.425506
2018-07-29 18:00:00,-9.119257,-3.8499122
2018-07-29 18:30:00,-3.3777566,-1.9265407
2018-07-29 19:00:00,1.9233962,0.8511508
2018-07-29 19:30:00,7.2245445,1.9771872
2018-07-29 20:00:00,8.540316,4.009788
2018-07-29 20:30:00,13.223622,5.3273234
2018-07-29 21:00:00,17.906923,3.0461514
2018-07-29 21:30:00,22.590223,6.400303
2018-07-29 22:00:00,27.273525,6.535604
2018-07-29 22:30:00,15.010198,6.181172
2018-07-29 23:00:00,4.310023,5.4070425
2018-07-29 23:30:00,18.545725,5.357769
2018-07-30 00:00:00,13.302598,8.49154
2018-07-30 00:30:00,8.059469,7.2947164
2018-07-30 01:00:00,17.261284,5.8238993
2018-07-30 01:30:00,5.078612,5.238801
2018-07-30 02:00:00,6.6328263,5.5068164
2018-07-30 02:30:00,6.3705044,4.6342673
2018-07-30 03:00:00,6.1081862,5.001292
2018-07-30 03:30:00,5.8458643,5.0445704
2018-07-30 04:00:00,11.182226,5.1370783
2018-07-30 04:30:00,15.435213,4.553535
2018-07-30 05:00:00,5.798505,5.64286
2018-07-30 05:30:00,14.166801,4.809251
2018-07-30 06:00:00,22.535091,3.715718
2018-07-30 06:30:00,30.903393,1.8502403
2018-07-30 07:00:00,-10.068308,0.06436767
2018-07-30 07:30:00,-8.541656,-2.1094632
2018-07-30 08:00:00,-6.605093,-4.2737036
2018-07-30 08:30:00,-14.874156,-6.970165
2018-07-30 09:00:00,-25.045712,-10.141118
2018-07-30 09:30:00,-23.805569,-14.406567
2018-07-30 10:00:00,-21.427992,-17.518414
2018-07-30 10:30:00,-22.410004,-19.843437
2018-07-30 11:00:00,-22.030146,-23.316654
2018-07-30 11:30:00,-23.283754,-23.790657
2018-07-30 12:00:00,-26.903828,-25.995747
2018-07-30 12:30:00,-21.077774,-24.077383
2018-07-30 13:00:00,-23.652575,-22.01005
2018-07-30 13:30:00,-20.546167,-20.42989
2018-07-30 14:00:00,-8.8564625,-18.537922
2018-07-30 14:30:00,-30.533598,-16.741058
2018-07-30 15:00:00,-23.422832,-15.8009815
2018-07-30 15:30:00,-19.925797,-13.010151
2018-07-30 16:00:00,-21.415047,-11.213539
2018-07-30 16:30:00,-15.1754465,-6.8956194
2018-07-30 17:00:00,36.191772,-4.1883965
2018-07-30 17:30:00,-0.27224648,-2.4602776
2018-07-30 18:00:00,-0.71048284,-0.80406106
2018-07-30 18:30:00,-3.0232806,0.5816279
2018-07-30 19:00:00,1.5713015,1.9876823
2018-07-30 19:30:00,6.1658835,2.9137778
2018-07-30 20:00:00,9.739595,5.2308965
2018-07-30 20:30:00,6.2009344,6.6358323
2018-07-30 21:00:00,6.7271867,6.810252
2018-07-30 21:30:00,11.883471,7.1094475
2018-07-30 22:00:00,17.25459,8.235916
2018-07-30 22:30:00,22.625708,8.221909
2018-07-30 23:00:00,5.6632648,6.673597
2018-07-30 23:30:00,27.127573,5.993592
2018-07-31 00:00:00,8.04228,6.002955
2018-07-31 00:30:00,5.302274,6.1210365
2018-07-31 01:00:00,2.5622685,6.2173195
2018-07-31 01:30:00,17.940868,5.939674
2018-07-31 02:00:00,6.450542,6.095703
2018-07-31 02:30:00,11.606559,5.307443
2018-07-31 03:00:00,16.762571,5.3260436
2018-07-31 03:30:00,30.142332,5.238613
2018-07-31 04:00:00,25.945297,5.1767607
2018-07-31 04:30:00,21.748264,5.078389
2018-07-31 05:00:00,17.551233,3.762313
2018-07-31 05:30:00,13.354199,3.448664
2018-07-31 06:00:00,6.421062,2.5861251
2018-07-31 06:30:00,6.8559074,2.1878638
2018-07-31 07:00:00,-6.534231,-2.2589471
2018-07-31 07:30:00,-6.212875,-4.382386
2018-07-31 08:00:00,-16.457838,-6.492705
2018-07-31 08:30:00,-18.107769,-11.720732
2018-07-31 09:00:00,-21.004599,-15.330167
2018-07-31 09:30:00,-23.221128,-18.28761
2018-07-31 10:00:00,-30.873781,-20.800608
2018-07-31 10:30:00,-28.654419,-22.649822
2018-07-31 11:00:00,-22.983656,-23.575855
2018-07-31 11:30:00,-25.59316,-24.48443
2018-07-31 12:00:00,-26.0685,-25.262444
2018-07-31 12:30:00,-25.63467,-25.837921
2018-07-31 13:00:00,-27.20523,-27.528202
2018-07-31 13:30:00,-26.098606,-21.789879
2018-07-31 14:00:00,-26.727377,-18.773384
2018-07-31 14:30:00,-21.440096,-20.027527
2018-07-31 15:00:00,-20.669367,-14.38867
2018-07-31 15:30:00,-20.650873,-13.823706
2018-07-31 16:00:00,-16.5043,-10.5320215
2018-07-31 16:30:00,-18.329731,-7.5084286
2018-07-31 17:00:00,-12.977027,-3.338935
2018-07-31 17:30:00,-9.91989,-2.1221037
2018-07-31 18:00:00,-2.2094252,-0.6636915
2018-07-31 18:30:00,-1.9211621,2.363009
2018-07-31 19:00:00,0.15403968,3.790329
2018-07-31 19:30:00,2.2292414,3.9916596
2018-07-31 20:00:00,5.588667,5.753684
2018-07-31 20:30:00,8.948093,6.6328177
2018-07-31 21:00:00,9.080121,7.0177436
2018-07-31 21:30:00,9.755941,7.9338026
2018-07-31 22:00:00,6.990431,7.6184406
2018-07-31 22:30:00,5.47374,6.619063
2018-07-31 23:00:00,14.260598,6.842594
2018-07-31 23:30:00,36.07665,6.313139
2018-08-01 00:00:00,13.5728855,5.8874035
2018-08-01 00:30:00,17.98797,5.9580164
2018-08-01 01:00:00,22.159546,6.2092752
2018-08-01 01:30:00,26.33113,6.7373366
2018-08-01 02:00:00,24.87183,7.0019617
2018-08-01 02:30:00,22.024067,7.066794
2018-08-01 03:00:00,15.59901,8.644249
2018-08-01 03:30:00,9.173958,9.586647
2018-08-01 04:00:00,19.954016,9.134157
2018-08-01 04:30:00,30.73408,9.653481
2018-08-01 05:00:00,41.51414,9.306188
2018-08-01 05:30:00,27.40485,7.3419094
2018-08-01 06:00:00,13.295563,5.4328737
2018-08-01 06:30:00,-0.81372166,3.0973513
2018-08-01 07:00:00,-14.923012,0.86047935
2018-08-01 07:30:00,-35.049557,-2.485467
2018-08-01 08:00:00,-9.939661,-7.5884314
2018-08-01 08:30:00,-16.798828,-11.117514
2018-08-01 09:00:00,-17.137207,-13.810824
2018-08-01 09:30:00,-21.265368,-17.721031
2018-08-01 10:00:00,-26.13217,-22.215956
2018-08-01 10:30:00,-22.777262,-23.608482
2018-08-01 11:00:00,-23.039085,-25.773735
2018-08-01 11:30:00,-28.955797,-29.425797
2018-08-01 12:00:00,-30.114344,-30.386202
2018-08-01 12:30:00,-28.585165,-29.763973
2018-08-01 13:00:00,-23.287918,-32.016724
2018-08-01 13:30:00,-11.857999,-29.859941
2018-08-01 14:00:00,-27.894735,-28.840618
2018-08-01 14:30:00,-33.17802,-28.07316
2018-08-01 15:00:00,-27.934544,-23.211103
2018-08-01 15:30:00,-27.578918,-21.116476
2018-08-01 16:00:00,-20.216751,-18.055191
2018-08-01 16:30:00,-12.428356,-14.055333
2018-08-01 17:00:00,-15.75781,-11.412593
2018-08-01 17:30:00,-10.682598,-9.422422
2018-08-01 18:00:00,-4.0719404,-6.0779757
2018-08-01 18:30:00,2.538722,-3.3867924
2018-08-01 19:00:00,2.7293828,-0.33904502
2018-08-01 19:30:00,6.1297884,2.7116652
2018-08-01 20:00:00,7.883769,4.150573
2018-08-01 20:30:00,9.637746,6.7162895
2018-08-01 21:00:00,11.391727,7.5495276
2018-08-01 21:30:00,23.195076,9.202372
2018-08-01 22:00:00,15.094968,9.511031
2018-08-01 22:30:00,6.9948616,10.06045
2018-08-01 23:00:00,5.1166997,9.144713
2018-08-01 23:30:00,3.2385378,12.592248
2018-08-02 00:00:00,12.27693,11.020027
2018-08-02 00:30:00,21.315315,11.589396
2018-08-02 01:00:00,30.353703,10.669606
2018-08-02 01:30:00,13.152634,11.730264
2018-08-02 02:00:00,11.590113,11.361115
2018-08-02 02:30:00,10.027596,10.755926
2018-08-02 03:00:00,8.481373,9.417317
2018-08-02 03:30:00,1.7450178,8.254596
2018-08-02 04:00:00,4.437442,7.488003
2018-08-02 04:30:00,3.6752841,7.805772
2018-08-02 05:00:00,-6.852739,7.738637
2018-08-02 05:30:00,-3.7958415,3.860291
2018-08-02 06:00:00,-0.7389447,1.0492743
2018-08-02 06:30:00,2.3179524,-1.4403771
2018-08-02 07:00:00,-1.3893694,-5.864651
2018-08-02 07:30:00,-7.534911,-9.181244
2018-08-02 08:00:00,-11.005492,-12.271627
2018-08-02 08:30:00,-19.157345,-14.770559
2018-08-02 09:00:00,-18.080477,-16.935656
2018-08-02 09:30:00,-29.290564,-20.012413
2018-08-02 10:00:00,-26.63439,-22.974796
2018-08-02 10:30:00,-28.925701,-23.772638
2018-08-02 11:00:00,-26.574846,-25.164694
2018-08-02 11:30:00,-22.44857,-24.95645
2018-08-02 12:00:00,-33.040276,-27.777166
2018-08-02 12:30:00,-27.32369,-28.725637
2018-08-02 13:00:00,-29.89873,-29.550886
2018-08-02 13:30:00,-21.24728,-24.204582
2018-08-02 14:00:00,-23.454506,-23.45823
2018-08-02 14:30:00,-23.745384,-22.127834
2018-08-02 15:00:00,-25.22357,-20.146687
2018-08-02 15:30:00,-24.638023,-17.506424
2018-08-02 16:00:00,-19.42946,-13.218761
2018-08-02 16:30:00,-18.290962,-10.708849
2018-08-02 17:00:00,-12.41755,-9.172199
2018-08-02 17:30:00,-5.326344,-5.9188704
2018-08-02 18:00:00,-1.2854402,-3.7880554
2018-08-02 18:30:00,2.7320218,0.33913377
2018-08-02 19:00:00,3.2371004,1.2034378
2018-08-02 19:30:00,8.565526,2.8296373
2018-08-02 20:00:00,6.9102755,4.9552565
2018-08-02 20:30:00,5.328608,6.6874914
2018-08-02 21:00:00,6.5611734,8.6005945
2018-08-02 21:30:00,5.91372,9.595735
2018-08-02 22:00:00,7.615234,9.836547
2018-08-02 22:30:00,8.415929,9.57111
2018-08-02 23:00:00,9.468793,9.235106
2018-08-02 23:30:00,6.566788,9.938588
2018-08-03 00:00:00,3.6647847,9.542236
2018-08-03 00:30:00,42.187325,10.190822
2018-08-03 01:00:00,7.903396,10.937656
2018-08-03 01:30:00,-47.063297,10.6255455
2018-08-03 02:00:00,-25.337866,11.469764
2018-08-03 02:30:00,-3.6124296,11.629314
2018-08-03 03:00:00,18.112999,11.501598
2018-08-03 03:30:00,12.649123,11.224111
2018-08-03 04:00:00,7.185247,9.342025
2018-08-03 04:30:00,1.7213665,8.965841
2018-08-03 05:00:00,3.8154266,6.2388296
2018-08-03 05:30:00,5.9094863,2.7803686
2018-08-03 06:00:00,8.003546,1.0565841
2018-08-03 06:30:00,-0.7397094,-0.3475259
2018-08-03 07:00:00,-9.48296,-2.388402
2018-08-03 07:30:00,-11.313348,-4.8258486
2018-08-03 08:00:00,-13.545254,-8.489136
2018-08-03 08:30:00,-18.024336,-12.100441
2018-08-03 09:00:00,-21.095913,-15.411616
2018-08-03 09:30:00,-15.17012,-21.084068
2018-08-03 10:00:00,-21.497509,-24.139296
2018-08-03 10:30:00,-19.045546,-26.590122
2018-08-03 11:00:00,-24.063637,-27.630396
2018-08-03 11:30:00,-26.764723,-27.911434
2018-08-03 12:00:00,-24.815437,-30.495153
2018-08-03 12:30:00,-22.155897,-31.84377
2018-08-03 13:00:00,-16.84306,-30.976528
2018-08-03 13:30:00,-20.262878,-28.224623
2018-08-03 14:00:00,-21.503706,-26.904942
2018-08-03 14:30:00,-24.144508,-24.865057
2018-08-03 15:00:00,-19.259926,-21.626198
2018-08-03 15:30:00,-20.196257,-19.494991
2018-08-03 16:00:00,-16.74019,-16.781208
2018-08-03 16:30:00,-14.75805,-14.548405
2018-08-03 17:00:00,-17.640282,-11.562877
2018-08-03 17:30:00,-10.438299,-8.509747
2018-08-03 18:00:00,-4.4112196,-4.8439465
2018-08-03 18:30:00,2.539963,-1.8408449
2018-08-03 19:00:00,6.5829287,1.8070668
2018-08-03 19:30:00,5.019084,3.766468
2018-08-03 20:00:00,6.2626643,6.780554
2018-08-03 20:30:00,7.5062494,8.693836
2018-08-03 21:00:00,-6.287031,10.442933
2018-08-03 21:30:00,22.14478,10.378547
2018-08-03 22:00:00,16.13855,10.2869215
2018-08-03 22:30:00,10.13232,10.567451
2018-08-03 23:00:00,4.1260867,11.518315
2018-08-03 23:30:00,15.758256,11.351983
2018-08-04 00:00:00,22.575237,10.289587
2018-08-04 00:30:00,29.39222,11.700176
2018-08-04 01:00:00,8.772979,11.074626
2018-08-04 01:30:00,7.1555877,4.7095203
2018-08-04 02:00:00,5.5382013,4.496384
2018-08-04 02:30:00,3.920815,5.3088455
2018-08-04 03:00:00,4.045516,6.8182917
2018-08-04 03:30:00,3.1837814,5.7160378
2018-08-04 04:00:00,3.1063478,5.7460203
2018-08-04 04:30:00,3.0289142,4.5447526
2018-08-04 05:00:00,2.9514809,3.8271015
2018-08-04 05:30:00,2.8740473,2.041884
2018-08-04 06:00:00,7.394573,0.5029404
2018-08-04 06:30:00,5.3645463,-1.9648687
2018-08-04 07:00:00,3.3345237,-4.1735797
2018-08-04 07:30:00,6.373908,-5.9991527
2018-08-04 08:00:00,9.413289,-8.977646
2018-08-04 08:30:00,12.452673,-12.168913
2018-08-04 09:00:00,15.492058,-15.604037
2018-08-04 09:30:00,-8.471476,-19.109467
2018-08-04 10:00:00,-12.625378,-20.96479
2018-08-04 10:30:00,-14.960942,-22.196821
2018-08-04 11:00:00,-22.078356,-24.081856
2018-08-04 11:30:00,-21.301382,-24.624891
2018-08-04 12:00:00,-21.45697,-24.057117
2018-08-04 12:30:00,-11.242547,-23.042871
2018-08-04 13:00:00,-22.15224,-21.438732
2018-08-04 13:30:00,-21.243128,-20.266712
2018-08-04 14:00:00,-19.542082,-19.075018
2018-08-04 14:30:00,-22.00341,-20.100454
2018-08-04 15:00:00,-10.439973,-15.501087
2018-08-04 15:30:00,-13.314701,-14.912069
2018-08-04 16:00:00,-5.6054487,-12.801948
2018-08-04 16:30:00,-10.984878,-9.254483
2018-08-04 17:00:00,-19.657978,-6.443978
2018-08-04 17:30:00,-9.484349,-3.7203698
2018-08-04 18:00:00,-5.5072784,-2.2057898
2018-08-04 18:30:00,1.8183835,0.16465282
2018-08-04 19:00:00,2.977413,2.5254
2018-08-04 19:30:00,4.1364465,4.212189
2018-08-04 20:00:00,3.3763425,5.2512927
2018-08-04 20:30:00,5.297354,6.203552
2018-08-04 21:00:00,7.218362,7.6207433
2018-08-04 21:30:00,35.33831,8.325584
2018-08-04 22:00:00,12.166425,7.52249
2018-08-04 22:30:00,9.935683,8.251956
2018-08-04 23:00:00,7.704945,8.37529
2018-08-04 23:30:00,8.938419,8.041804
2018-08-05 00:00:00,6.2671647,7.9964414
2018-08-05 00:30:00,3.595915,8.081032
2018-08-05 01:00:00,4.6047697,8.912247
2018-08-05 01:30:00,5.2235603,8.175082
2018-08-05 02:00:00,4.5394177,8.210373
2018-08-05 02:30:00,2.9877725,7.927773
2018-08-05 03:00:00,9.445211,7.61214
2018-08-05 03:30:00,38.303654,7.6508613
2018-08-05 04:00:00,2.5300708,8.083304
2018-08-05 04:30:00,19.93029,7.3263545
2018-08-05 05:00:00,18.245771,6.4564533
2018-08-05 05:30:00,8.580242,4.6402006
2018-08-05 06:00:00,-6.178702,4.1264496
2018-08-05 06:30:00,-20.937647,2.1483998
2018-08-05 07:00:00,-35.69659,0.20494689
2018-08-05 07:30:00,-11.998334,-1.5573794
2018-08-05 08:00:00,-9.651651,-2.3761678
2018-08-05 08:30:00,-19.195698,-3.2535143
2018-08-05 09:00:00,-20.95489,-5.1832914
2018-08-05 09:30:00,-29.565746,-11.790524
2018-08-05 10:00:00,-25.604,-14.414816
2018-08-05 10:30:00,-23.43656,-16.580708
2018-08-05 11:00:00,-24.314451,-23.625187
2018-08-05 11:30:00,-18.998413,-23.466251
2018-08-05 12:00:00,-20.006077,-24.731031
2018-08-05 12:30:00,-21.240356,-20.401655
2018-08-05 13:00:00,-24.736992,-24.256989
2018-08-05 13:30:00,-19.118069,-23.793026
2018-08-05 14:00:00,-19.349142,-20.040337
2018-08-05 14:30:00,-14.505615,-20.481379
2018-08-05 15:00:00,-22.964634,-15.614227
2018-08-05 15:30:00,-21.577297,-13.36149
2018-08-05 16:00:00,-18.624796,-9.791501
2018-08-05 16:30:00,-11.738511,-7.487434
2018-08-05 17:00:00,-8.61631,-6.6336513
2018-08-05 17:30:00,-6.8677998,-3.7732084
2018-08-05 18:00:00,-3.825007,-1.8508594
2018-08-05 18:30:00,1.40351,0.60902804
2018-08-05 19:00:00,16.206127,2.182887
2018-08-05 19:30:00,31.008738,3.2431912
2018-08-05 20:00:00,45.811356,4.7582345
2018-08-05 20:30:00,60.61397,7.101993
2018-08-05 21:00:00,21.976156,8.316286
2018-08-05 21:30:00,29.95452,9.535132
2018-08-05 22:00:00,37.932888,8.481006
2018-08-05 22:30:00,45.911255,8.194206
2018-08-05 23:00:00,74.86222,8.069427
2018-08-05 23:30:00,59.06703,6.3683457
2018-08-06 00:00:00,43.27183,5.795324
2018-08-06 00:30:00,27.476639,4.651343
2018-08-06 01:00:00,16.12065,5.518168
2018-08-06 01:30:00,16.353342,4.8166656
2018-08-06 02:00:00,16.58604,5.584346
2018-08-06 02:30:00,16.818739,5.377549
2018-08-06 03:00:00,17.051432,5.658297
2018-08-06 03:30:00,17.28413,7.2107377
2018-08-06 04:00:00,17.516829,5.82074
2018-08-06 04:30:00,17.749523,5.951183
2018-08-06 05:00:00,17.98222,6.4988317
2018-08-06 05:30:00,18.214918,5.552454
2018-08-06 06:00:00,18.44761,3.5660987
2018-08-06 06:30:00,18.68031,0.09521959
2018-08-06 07:00:00,18.913008,-3.624869
2018-08-06 07:30:00,-6.326482,-5.268485
2018-08-06 08:00:00,-12.144239,-9.449866
2018-08-06 08:30:00,-18.3859,-13.930178
2018-08-06 09:00:00,-17.406424,-17.730907
2018-08-06 09:30:00,-25.478193,-22.248148
2018-08-06 10:00:00,-28.600029,-24.025291
2018-08-06 10:30:00,-32.028366,-26.602295
2018-08-06 11:00:00,-41.21951,-29.277386
2018-08-06 11:30:00,-31.00951,-26.309208
2018-08-06 12:00:00,-30.590155,-28.681816
2018-08-06 12:30:00,-30.93413,-28.720907
2018-08-06 13:00:00,-33.516537,-29.240215
2018-08-06 13:30:00,-28.074633,-25.985666
2018-08-06 14:00:00,-29.473354,-23.586775
2018-08-06 14:30:00,-24.412333,-22.623955
2018-08-06 15:00:00,-25.76268,-20.858732
2018-08-06 15:30:00,-17.03627,-17.804762
2018-08-06 16:00:00,-16.651995,-14.997747
2018-08-06 16:30:00,-12.591035,-13.060494
2018-08-06 17:00:00,-11.798143,-10.183479
2018-08-06 17:30:00,-5.173067,-8.1337385
2018-08-06 18:00:00,-2.9119978,-3.9508877
2018-08-06 18:30:00,2.2919285,-1.3674135
2018-08-06 19:00:00,-0.53995174,1.4992335
2018-08-06 19:30:00,6.729166,5.8507752
2018-08-06 20:00:00,13.998284,9.725146
2018-08-06 20:30:00,12.040897,12.1403
2018-08-06 21:00:00,16.214962,10.749748
2018-08-06 21:30:00,11.026765,12.307769
2018-08-06 22:00:00,6.1379066,12.222418
2018-08-06 22:30:00,8.023186,13.933478
2018-08-06 23:00:00,7.684387,16.336721
2018-08-06 23:30:00,5.229892,16.568645
2018-08-07 00:00:00,6.528146,19.08038
2018-08-07 00:30:00,10.883813,18.497526
2018-08-07 01:00:00,15.239479,17.290916
2018-08-07 01:30:00,34.50352,18.569918
2018-08-07 02:00:00,53.767563,18.563915
2018-08-07 02:30:00,41.234695,17.130308
2018-08-07 03:00:00,28.70183,13.279353
2018-08-07 03:30:00,16.168964,12.150341
2018-08-07 04:00:00,3.6361043,10.536542
2018-08-07 04:30:00,10.447412,10.113012
2018-08-07 05:00:00,17.258722,9.333085
2018-08-07 05:30:00,17.427309,6.94516
2018-08-07 06:00:00,17.595896,5.323378
2018-08-07 06:30:00,43.042984,3.3190868
2018-08-07 07:00:00,18.399225,1.1415373
2018-08-07 07:30:00,-6.2445307,-4.3276386
2018-08-07 08:00:00,-11.085417,-7.500485
2018-08-07 08:30:00,-19.287329,-12.236498
2018-08-07 09:00:00,-19.073349,-15.8047085
2018-08-07 09:30:00,-22.15861,-18.87682
2018-08-07 10:00:00,-26.00751,-22.341946
2018-08-07 10:30:00,-34.30101,-23.60635
2018-08-07 11:00:00,-23.040089,-25.62783
2018-08-07 11:30:00,-14.664883,-26.585215
2018-08-07 12:00:00,-7.779437,-27.441776
2018-08-07 12:30:00,-13.788154,-27.193094
2018-08-07 13:00:00,-24.07815,-25.591614
2018-08-07 13:30:00,-26.16485,-23.951393
2018-08-07 14:00:00,-24.771645,-23.278553
2018-08-07 14:30:00,-13.916658,-21.427568
2018-08-07 15:00:00,-20.624968,-17.517118
2018-08-07 15:30:00,-18.460758,-15.537388
2018-08-07 16:00:00,-12.837934,-12.857111
2018-08-07 16:30:00,-4.241235,-10.284
2018-08-07 17:00:00,-19.084732,-7.4646783
2018-08-07 17:30:00,-3.1517043,-4.9504843
2018-08-07 18:00:00,0.6775699,-2.4012523
2018-08-07 18:30:00,4.5068445,0.7438791
2018-08-07 19:00:00,4.9230065,3.43816
2018-08-07 19:30:00,5.339169,6.714992
2018-08-07 20:00:00,15.068328,8.968341
2018-08-07 20:30:00,12.554182,10.778262
2018-08-07 21:00:00,12.569278,12.708175
2018-08-07 21:30:00,12.584374,13.612323
2018-08-07 22:00:00,12.59947,12.986117
2018-08-07 22:30:00,7.732415,12.380413
2018-08-07 23:00:00,7.167844,12.047924
2018-08-07 23:30:00,6.1140065,12.651295
2018-08-08 00:00:00,6.7777095,11.03525
2018-08-08 00:30:00,7.4414124,11.385592
2018-08-08 01:00:00,-6.9796114,11.098343
2018-08-08 01:30:00,-1.7905537,13.101949
2018-08-08 02:00:00,3.3985038,15.347914
2018-08-08 02:30:00,-31.335903,14.877973
2018-08-08 03:00:00,-15.573511,14.65379
2018-08-08 03:30:00,0.18888083,13.247028
2018-08-08 04:00:00,15.951271,11.435411
2018-08-08 04:30:00,6.57291,10.368934
2018-08-08 05:00:00,-2.8054514,9.038504
2018-08-08 05:30:00,50.380962,6.7517905
2018-08-08 06:00:00,34.579784,4.369372
2018-08-08 06:30:00,18.77861,4.838246
2018-08-08 07:00:00,2.9774346,0.9345834
2018-08-08 07:30:00,-12.823737,-3.959434
2018-08-08 08:00:00,-12.62381,-7.0421453
2018-08-08 08:30:00,-16.332268,-12.529008
2018-08-08 09:00:00,-21.239197,-18.180473
2018-08-08 09:30:00,-26.362072,-22.456837
2018-08-08 10:00:00,-29.252916,-25.059671
2018-08-08 10:30:00,-27.80683,-29.954073
2018-08-08 11:00:00,-22.823364,-31.569056
2018-08-08 11:30:00,-27.37335,-33.840096
2018-08-08 12:00:00,-24.938673,-34.569145
2018-08-08 12:30:00,-25.13921,-34.663574
2018-08-08 13:00:00,-31.500006,-35.436817
2018-08-08 13:30:00,-29.632988,-34.217133
2018-08-08 14:00:00,-24.23509,-32.49905
2018-08-08 14:30:00,-27.290142,-28.291233
2018-08-08 15:00:00,-24.421438,-23.152523
2018-08-08 15:30:00,45.92723,-20.908058
2018-08-08 16:00:00,-12.270487,-16.576138
2018-08-08 16:30:00,-17.666542,-13.003204
2018-08-08 17:00:00,-2.9285314,-11.260356
2018-08-08 17:30:00,2.8758912,-8.270822
2018-08-08 18:00:00,5.134697,-5.891409
2018-08-08 18:30:00,4.187891,-1.2826089
2018-08-08 19:00:00,4.4750967,2.223404
2018-08-08 19:30:00,4.7622976,3.3737996
2018-08-08 20:00:00,5.0495033,6.576335
2018-08-08 20:30:00,-3.9850864,8.1535015
2018-08-08 21:00:00,-13.019676,10.481199
2018-08-08 21:30:00,21.213856,12.004134
2018-08-08 22:00:00,14.424195,12.918349
2018-08-08 22:30:00,3.0934887,12.112983
2018-08-08 23:00:00,0.6148655,11.206502
2018-08-08 23:30:00,-1.863762,11.172054
2018-08-09 00:00:00,-4.3423896,11.167789
2018-08-09 00:30:00,-6.8210173,10.543629
2018-08-09 01:00:00,-9.299644,9.565001
2018-08-09 01:30:00,-3.3040457,8.525477
2018-08-09 02:00:00,2.6915529,8.414989
2018-08-09 02:30:00,8.687152,3.5095289
2018-08-09 03:00:00,14.682751,3.725986
2018-08-09 03:30:00,15.420523,4.5714364
2018-08-09 04:00:00,16.15829,5.2525816
2018-08-09 04:30:00,6.5552096,4.28784
2018-08-09 05:00:00,-3.047871,3.0535355
2018-08-09 05:30:00,20.17054,4.9989457
2018-08-09 06:00:00,43.388958,3.6609616
2018-08-09 06:30:00,19.02218,0.7511103
2018-08-09 07:00:00,8.708605,-2.6530094
2018-08-09 07:30:00,-3.2199404,-5.703466
2018-08-09 08:00:00,-10.033152,-9.086993
2018-08-09 08:30:00,-15.281776,-13.924926
2018-08-09 09:00:00,-18.68046,-17.639269
2018-08-09 09:30:00,-19.63323,-20.953732
2018-08-09 10:00:00,-25.289366,-24.356163
2018-08-09 10:30:00,-27.37774,-28.80969
2018-08-09 11:00:00,-27.38216,-27.789366
2018-08-09 11:30:00,-28.741486,-30.746706
2018-08-09 12:00:00,-32.030674,-30.873703
2018-08-09 12:30:00,-30.207924,-29.316303
2018-08-09 13:00:00,-23.718828,-29.83844
2018-08-09 13:30:00,-24.440655,-27.69358
2018-08-09 14:00:00,-23.431313,-25.957073
2018-08-09 14:30:00,-27.135685,-23.582611
2018-08-09 15:00:00,-23.950245,-20.32077
2018-08-09 15:30:00,-17.057457,-11.060734
2018-08-09 16:00:00,-14.624123,-12.93963
2018-08-09 16:30:00,-10.195897,-11.271983
2018-08-09 17:00:00,-8.307577,-7.48684
2018-08-09 17:30:00,-2.8873723,-4.903955
2018-08-09 18:00:00,1.029468,-2.076335
2018-08-09 18:30:00,-10.270149,0.29019713
2018-08-09 19:00:00,-21.569765,3.7134724
2018-08-09 19:30:00,-32.869377,5.0252533
2018-08-09 20:00:00,-17.807102,8.055598
2018-08-09 20:30:00,-2.7448268,8.187062
2018-08-09 21:00:00,12.317451,8.124153
2018-08-09 21:30:00,20.79502,9.570017
2018-08-09 22:00:00,-44.94743,9.731028
2018-08-09 22:30:00,-36.108875,8.575926
2018-08-09 23:00:00,-27.270323,8.823309
2018-08-09 23:30:00,-18.431768,7.918606
2018-08-10 00:00:00,-31.40267,7.9726286
2018-08-10 00:30:00,-20.207983,6.67527
2018-08-10 01:00:00,-9.013291,5.396919
2018-08-10 01:30:00,2.1813972,4.9969053
2018-08-10 02:00:00,-18.580723,6.0158753
2018-08-10 02:30:00,-21.930685,6.2423162
2018-08-10 03:00:00,-25.280647,5.6156917
2018-08-10 03:30:00,28.746939,6.3042736
2018-08-10 04:00:00,66.23847,7.4732347
2018-08-10 04:30:00,42.974308,5.331579
2018-08-10 05:00:00,19.710136,4.5501533
2018-08-10 05:30:00,54.037064,4.0872216
2018-08-10 06:00:00,28.442963,4.801347
2018-08-10 06:30:00,2.8488755,0.99961233
2018-08-10 07:00:00,-3.4250896,-1.0455939
2018-08-10 07:30:00,-9.699055,-5.987019
2018-08-10 08:00:00,-21.237516,-7.1677117
2018-08-10 08:30:00,-19.91111,-11.208711
2018-08-10 09:00:00,-21.390558,-15.426673
2018-08-10 09:30:00,-30.421795,-19.114697
2018-08-10 10:00:00,-27.426207,-22.336666
2018-08-10 10:30:00,-26.340343,-22.342981
2018-08-10 11:00:00,-35.070286,-24.995935
2018-08-10 11:30:00,-30.134295,-26.941885
2018-08-10 12:00:00,-29.947266,-26.13993
2018-08-10 12:30:00,-27.227182,-27.016998
2018-08-10 13:00:00,-25.674442,-26.897976
2018-08-10 13:30:00,-24.121702,-24.638878
2018-08-10 14:00:00,-26.515327,-22.336226
2018-08-10 14:30:00,-28.432457,-23.688236
2018-08-10 15:00:00,-27.429016,-18.434757
2018-08-10 15:30:00,-27.211296,-15.027931
2018-08-10 16:00:00,-18.938633,-15.103704
2018-08-10 16:30:00,-15.490616,-9.0277405
2018-08-10 17:00:00,-11.01046,-7.2015915
2018-08-10 17:30:00,-6.7173457,-6.392555
2018-08-10 18:00:00,-5.141193,-3.1455653
2018-08-10 18:30:00,-0.18176614,0.055843078
2018-08-10 19:00:00,-1.743946,0.94704914
2018-08-10 19:30:00,-7.9608126,1.4907788
2018-08-10 20:00:00,-9.663397,3.1062167
2018-08-10 20:30:00,-9.814908,5.1222486
2018-08-10 21:00:00,-21.9174,6.727829
2018-08-10 21:30:00,-22.08394,7.1545653
2018-08-10 22:00:00,-17.185244,3.6910226
2018-08-10 22:30:00,-12.286549,1.0884236
2018-08-10 23:00:00,1.2873597,1.238729
2018-08-10 23:30:00,14.861269,0.0057398262
2018-08-11 00:00:00,3.0580666,-1.7960372
2018-08-11 00:30:00,-40.48611,-2.0095496
2018-08-11 01:00:00,7.945403,1.0654976
2018-08-11 01:30:00,9.813289,2.9062057
2018-08-11 02:00:00,10.960888,-1.1368302
2018-08-11 02:30:00,9.968352,-1.4313195
2018-08-11 03:00:00,8.975812,-1.6532166
2018-08-11 03:30:00,7.9832764,2.1100807
2018-08-11 04:00:00,1.8546315,5.885171
2018-08-11 04:30:00,2.459248,5.090549
2018-08-11 05:00:00,3.063869,4.0623116
2018-08-11 05:30:00,3.66849,4.4836564
2018-08-11 06:00:00,4.2731066,3.3441055
2018-08-11 06:30:00,2.4001703,-0.6604364
2018-08-11 07:00:00,-3.0618007,-4.4029703
2018-08-11 07:30:00,-8.523776,-7.660285
2018-08-11 08:00:00,-12.285706,-10.678902
2018-08-11 08:30:00,-17.158663,-14.22447
2018-08-11 09:00:00,-21.930433,-16.023932
2018-08-11 09:30:00,-29.00601,-20.012339
2018-08-11 10:00:00,-28.305737,-22.280725
2018-08-11 10:30:00,-31.887476,-25.520123
2018-08-11 11:00:00,-41.822994,-26.690332
2018-08-11 11:30:00,-30.071758,-28.149298
2018-08-11 12:00:00,-30.93898,-27.436895
2018-08-11 12:30:00,-33.568832,-30.203737
2018-08-11 13:00:00,-37.57136,-28.519705
2018-08-11 13:30:00,-30.850643,-23.308098
2018-08-11 14:00:00,-27.168463,-20.764359
2018-08-11 14:30:00,-28.386118,-21.273628
2018-08-11 15:00:00,-28.001635,-17.750647
2018-08-11 15:30:00,-23.744303,-15.683642
2018-08-11 16:00:00,-23.875122,-13.261721
2018-08-11 16:30:00,-13.497916,-9.882152
2018-08-11 17:00:00,-3.3994722,-6.978401
2018-08-11 17:30:00,-1.3641889,-4.4675536
2018-08-11 18:00:00,-0.42925882,-2.101109
2018-08-11 18:30:00,1.5822423,-0.7246439
2018-08-11 19:00:00,3.314748,0.56069
2018-08-11 19:30:00,5.7949615,1.1965823
2018-08-11 20:00:00,3.4459026,2.4453492
2018-08-11 20:30:00,5.906528,3.2626173
2018-08-11 21:00:00,6.2266173,3.3685477
2018-08-11 21:30:00,6.481931,3.4274375
2018-08-11 22:00:00,6.6120853,1.6956267
2018-08-11 22:30:00,5.6220403,4.0086827
2018-08-11 23:00:00,5.723335,5.6267676
2018-08-11 23:30:00,4.970558,6.6689873
2018-08-12 00:00:00,4.875608,7.2506733
2018-08-12 00:30:00,4.570322,0.79600096
2018-08-12 01:00:00,5.376426,4.706405
2018-08-12 01:30:00,6.147471,5.7857637
2018-08-12 02:00:00,5.408528,7.3597016
2018-08-12 02:30:00,4.7781672,7.8897595
2018-08-12 03:00:00,6.1164837,7.0362477
2018-08-12 03:30:00,6.2872815,6.335121
2018-08-12 04:00:00,4.633284,5.5298166
2018-08-12 04:30:00,6.434218,4.679254
2018-08-12 05:00:00,4.9636893,3.6343434
2018-08-12 05:30:00,4.6189265,1.9767547
2018-08-12 06:00:00,3.8784194,-0.2582515
2018-08-12 06:30:00,0.8402231,-0.8878388
2018-08-12 07:00:00,-4.387905,-2.6334171
2018-08-12 07:30:00,-11.820703,-6.010535
2018-08-12 08:00:00,-15.37558,-8.337643
2018-08-12 08:30:00,-19.596361,-10.825498
2018-08-12 09:00:00,-22.652807,-13.777093
2018-08-12 09:30:00,-28.66331,-19.221308
2018-08-12 10:00:00,-30.208765,-21.51306
2018-08-12 10:30:00,-41.76521,-22.163776
2018-08-12 11:00:00,-42.881683,-26.206125
2018-08-12 11:30:00,-39.45473,-25.425482
2018-08-12 12:00:00,-40.528393,-25.619848
2018-08-12 12:30:00,-34.823006,-28.72286
2018-08-12 13:00:00,-36.998295,-28.24829
2018-08-12 13:30:00,-34.34223,-25.885805
2018-08-12 14:00:00,-30.364449,-26.24726
2018-08-12 14:30:00,-23.581697,-24.949892
2018-08-12 15:00:00,-27.964685,-19.758419
2018-08-12 15:30:00,-19.809193,-16.36197
2018-08-12 16:00:00,-18.848675,-14.722746
2018-08-12 16:30:00,-16.93314,-10.47453
2018-08-12 17:00:00,-12.403106,-5.650514
2018-08-12 17:30:00,-5.5001564,-5.121382
2018-08-12 18:00:00,-1.8109105,-4.2413177
2018-08-12 18:30:00,0.42423543,-1.6965255
2018-08-12 19:00:00,2.801241,0.6500955
2018-08-12 19:30:00,6.9621873,1.8525124
2018-08-12 20:00:00,2.0510335,4.6323056
2018-08-12 20:30:00,8.528047,5.5874963
2018-08-12 21:00:00,6.953833,6.343917
2018-08-12 21:30:00,2.570828,7.295048
2018-08-12 22:00:00,6.008823,7.46256
2018-08-12 22:30:00,5.2238708,7.128384
2018-08-12 23:00:00,5.1383452,6.6044564
2018-08-12 23:30:00,5.1903625,6.735908
2018-08-13 00:00:00,5.2874227,8.442818
2018-08-13 00:30:00,5.3844876,6.1595087
2018-08-13 01:00:00,6.9182973,6.3245564
2018-08-13 01:30:00,19.911503,7.67938
2018-08-13 02:00:00,74.678024,7.6382732
2018-08-13 02:30:00,5.085485,7.656301
2018-08-13 03:00:00,5.238399,9.102086
2018-08-13 03:30:00,4.9007535,8.481032
2018-08-13 04:00:00,5.265375,8.190475
2018-08-13 04:30:00,6.4581447,7.5625176
2018-08-13 05:00:00,4.8655105,7.0767736
2018-08-13 05:30:00,11.48645,4.4453983
2018-08-13 06:00:00,18.10739,2.4996865
2018-08-13 06:30:00,24.728323,0.819543
2018-08-13 07:00:00,66.89654,-2.1836722
2018-08-13 07:30:00,49.56041,-5.9695854
2018-08-13 08:00:00,32.22427,-9.41693
2018-08-13 08:30:00,14.888141,-15.026179
2018-08-13 09:00:00,-11.395906,-17.62907
2018-08-13 09:30:00,41.80089,-21.121378
2018-08-13 10:00:00,-21.440733,-24.221273
2018-08-13 10:30:00,-29.88246,-27.197887
2018-08-13 11:00:00,-30.055012,-30.100967
2018-08-13 11:30:00,-30.227564,-30.383848
2018-08-13 12:00:00,-30.400116,-31.953709
2018-08-13 12:30:00,-30.572668,-31.492775
2018-08-13 13:00:00,-30.74522,-30.510412
2018-08-13 13:30:00,-39.051888,-29.667097
2018-08-13 14:00:00,-26.292572,-27.031504
2018-08-13 14:30:00,-22.753,-23.361834
2018-08-13 15:00:00,-19.213427,-19.6145
2018-08-13 15:30:00,-15.673851,-16.943398
2018-08-13 16:00:00,-12.134277,-14.893329
2018-08-13 16:30:00,-8.594704,-11.575303
2018-08-13 17:00:00,-5.05513,-7.8021665
2018-08-13 17:30:00,-1.5155604,-5.22775
2018-08-13 18:00:00,2.0240135,-2.4810452
2018-08-13 18:30:00,5.563587,1.2109356
2018-08-13 19:00:00,9.103161,3.9559183
2018-08-13 19:30:00,8.876929,5.427648
2018-08-13 20:00:00,11.27001,6.839584
2018-08-13 20:30:00,13.663091,7.5747867
2018-08-13 21:00:00,6.2627387,8.4772005
2018-08-13 21:30:00,5.063188,8.367674
2018-08-13 22:00:00,3.863638,8.32821
2018-08-13 22:30:00,3.299263,7.047132
2018-08-13 23:00:00,4.29778,7.017844
2018-08-13 23:30:00,3.8934455,7.0161357
2018-08-14 00:00:00,3.4350884,7.396727
2018-08-14 00:30:00,3.551776,6.3225417
2018-08-14 01:00:00,1.9791054,6.155397
2018-08-14 01:30:00,2.7185686,6.6066976
2018-08-14 02:00:00,3.9746323,11.249592
2018-08-14 02:30:00,3.4025543,6.7862167
2018-08-14 03:00:00,1.738005,7.5294547
2018-08-14 03:30:00,1.7700585,8.172635
2018-08-14 04:00:00,1.8021164,8.478873
2018-08-14 04:30:00,1.8341743,6.42066
2018-08-14 05:00:00,16.84932,4.4892755
2018-08-14 05:30:00,1.6539301,3.3470068
2018-08-14 06:00:00,4.384822,2.508578
2018-08-14 06:30:00,0.45037723,0.60829836
2018-08-14 07:00:00,-3.484067,2.383855
2018-08-14 07:30:00,-7.4185076,-0.06058679
2018-08-14 08:00:00,-21.20256,-1.3957137
2018-08-14 08:30:00,-21.740898,-5.8943934
2018-08-14 09:00:00,-27.338879,-10.712982
2018-08-14 09:30:00,-27.082533,-5.695396
2018-08-14 10:00:00,-32.83424,-16.505154
2018-08-14 10:30:00,-19.822493,-21.02954
2018-08-14 11:00:00,-30.804653,-25.579605
2018-08-14 11:30:00,-30.52428,-26.347815
2018-08-14 12:00:00,-28.987833,-26.338509
2018-08-14 12:30:00,-39.876446,-26.881731
2018-08-14 13:00:00,-38.46491,-25.848103
2018-08-14 13:30:00,-34.114223,-28.753792
2018-08-14 14:00:00,-37.04624,-22.78483
2018-08-14 14:30:00,-27.416338,-26.947783
2018-08-14 15:00:00,-20.774061,-21.957409
2018-08-14 15:30:00,-23.528175,-20.79353
2018-08-14 16:00:00,-19.929705,-16.623077
2018-08-14 16:30:00,-17.432411,-10.381301
2018-08-14 17:00:00,-14.408081,-9.955024
2018-08-14 17:30:00,-14.247525,-5.680396
2018-08-14 18:00:00,-7.614752,-3.6775897
2018-08-14 18:30:00,-1.8695427,-0.7381451
2018-08-14 19:00:00,2.4214578,1.4526258
2018-08-14 19:30:00,6.7124577,2.5363102
2018-08-14 20:00:00,4.583653,3.5356882
2018-08-14 20:30:00,2.5589173,3.6690578
2018-08-14 21:00:00,3.5221126,2.9378092
2018-08-14 21:30:00,4.4853077,3.4682822
2018-08-14 22:00:00,10.965991,4.80035
2018-08-14 22:30:00,3.401615,3.7174265
2018-08-14 23:00:00,-0.3539838,3.5495608
2018-08-14 23:30:00,-4.1095777,5.187002
2018-08-15 00:00:00,10.501106,6.85565
2018-08-15 00:30:00,7.065601,7.357019
2018-08-15 01:00:00,5.007339,6.7164645
2018-08-15 01:30:00,4.751414,7.0507717
2018-08-15 02:00:00,6.075495,8.319598
2018-08-15 02:30:00,3.9622102,8.511748
2018-08-15 03:00:00,4.665399,8.546018
2018-08-15 03:30:00,5.3685923,9.090262
2018-08-15 04:00:00,4.4841456,9.760092
2018-08-15 04:30:00,5.4242053,9.792417
2018-08-15 05:00:00,3.2028708,10.18751
2018-08-15 05:30:00,4.6757803,8.959191
2018-08-15 06:00:00,5.2105794,8.541883
2018-08-15 06:30:00,3.310007,6.644453
2018-08-15 07:00:00,-7.936672,3.7530148
2018-08-15 07:30:00,-9.872793,0.67750436
2018-08-15 08:00:00,-13.673109,-3.6739106
2018-08-15 08:30:00,-19.059048,-10.746229
2018-08-15 09:00:00,-23.251286,-15.601006
2018-08-15 09:30:00,-24.334026,-18.997393
2018-08-15 10:00:00,-32.356087,-24.198679
2018-08-15 10:30:00,-30.567368,-26.21105
2018-08-15 11:00:00,-31.882307,-30.877953
2018-08-15 11:30:00,-41.191685,-32.298367
2018-08-15 12:00:00,-46.60778,-33.319992
2018-08-15 12:30:00,-42.55106,-35.45801
2018-08-15 13:00:00,-40.561066,-34.026356
2018-08-15 13:30:00,-37.18537,-33.044247
2018-08-15 14:00:00,-36.7215,-28.88292
2018-08-15 14:30:00,-37.273167,-29.130919
2018-08-15 15:00:00,-36.61671,-26.436722
2018-08-15 15:30:00,-12.435556,-22.25113
2018-08-15 16:00:00,-9.609946,-22.402805
2018-08-15 16:30:00,2.2334142,-19.136015
2018-08-15 17:00:00,0.9025605,-15.005284
2018-08-15 17:30:00,-0.4282932,-9.934523
2018-08-15 18:00:00,-1.7591469,-6.567373
2018-08-15 18:30:00,-3.089996,-2.3196068
2018-08-15 19:00:00,-4.42085,2.3310342
2018-08-15 19:30:00,-5.7517037,4.29577
2018-08-15 20:00:00,-7.082557,5.6908355
2018-08-15 20:30:00,-4.5815716,7.1378307
2018-08-15 21:00:00,-2.0805862,8.3825865
2018-08-15 21:30:00,0.42039916,10.154888
2018-08-15 22:00:00,2.9213848,10.866961
2018-08-15 22:30:00,3.6039023,9.969471
2018-08-15 23:00:00,1.7076949,10.353991
2018-08-15 23:30:00,3.8334675,8.191921
2018-08-16 00:00:00,4.2587314,10.814581
2018-08-16 00:30:00,5.7413015,10.341495
2018-08-16 01:00:00,4.089454,8.702982
2018-08-16 01:30:00,4.913324,8.570612
2018-08-16 02:00:00,3.4138708,7.1025963
2018-08-16 02:30:00,4.7332196,7.4177003
2018-08-16 03:00:00,5.439432,6.509353
2018-08-16 03:30:00,30.205189,7.676584
2018-08-16 04:00:00,25.286882,6.11024
2018-08-16 04:30:00,20.36858,6.3424006
2018-08-16 05:00:00,15.4502735,5.440188
2018-08-16 05:30:00,10.531972,4.850707
2018-08-16 06:00:00,5.613664,2.9247797
2018-08-16 06:30:00,3.0591283,1.4366034
2018-08-16 07:00:00,-2.5889592,-1.0106217
2018-08-16 07:30:00,-14.158814,-4.622722
2018-08-16 08:00:00,-20.747736,-7.8890376
2018-08-16 08:30:00,-11.012387,-11.640695
2018-08-16 09:00:00,-13.836857,-16.35809
2018-08-16 09:30:00,-22.815866,-21.584826
2018-08-16 10:00:00,-37.05699,-25.045156
2018-08-16 10:30:00,-24.51754,-27.856354
2018-08-16 11:00:00,-27.262573,-28.196423
2018-08-16 11:30:00,-12.900245,-29.438204
2018-08-16 12:00:00,-13.765206,-30.566063
2018-08-16 12:30:00,-17.196041,-30.96726
2018-08-16 13:00:00,-10.123265,-29.790276
2018-08-16 13:30:00,-29.0656,-30.514719
2018-08-16 14:00:00,-20.96729,-28.493898
2018-08-16 14:30:00,-11.057951,-26.776237
2018-08-16 15:00:00,-46.252167,-24.28309
2018-08-16 15:30:00,-24.216394,-19.456968
2018-08-16 16:00:00,-25.076338,-15.97534
2018-08-16 16:30:00,-22.62024,-10.778846
2018-08-16 17:00:00,-17.118265,-7.7615795
2018-08-16 17:30:00,-4.717218,-4.723239
2018-08-16 18:00:00,38.329014,-1.5860074
2018-08-16 18:30:00,-1.9673941,-0.21466729
2018-08-16 19:00:00,-0.8007622,2.35694
2018-08-16 19:30:00,3.3850725,3.1616244
2018-08-16 20:00:00,5.4029613,4.6613836
2018-08-16 20:30:00,4.6845407,5.8965483
2018-08-16 21:00:00,4.5805945,6.4554834
2018-08-16 21:30:00,4.030005,6.8298664
2018-08-16 22:00:00,5.282582,7.3867173
2018-08-16 22:30:00,4.5362983,6.823972
2018-08-16 23:00:00,4.6361637,7.683081
2018-08-16 23:30:00,4.7744226,6.644755
2018-08-17 00:00:00,5.710751,7.2679496
2018-08-17 00:30:00,5.5708666,7.098948
2018-08-17 01:00:00,5.345583,7.5817604
2018-08-17 01:30:00,5.581047,7.5158834
2018-08-17 02:00:00,5.1485696,7.070228
2018-08-17 02:30:00,-9.056893,6.3832583
2018-08-17 03:00:00,26.294897,6.96865
2018-08-17 03:30:00,21.822815,7.8939147
2018-08-17 04:00:00,26.569878,7.8442574
2018-08-17 04:30:00,22.933195,7.413239
2018-08-17 05:00:00,19.296513,6.6709404
2018-08-17 05:30:00,15.659836,4.3648977
2018-08-17 06:00:00,12.023154,3.0049746
2018-08-17 06:30:00,8.386476,-0.19637722
2018-08-17 07:00:00,4.749797,-2.76843
2018-08-17 07:30:00,1.1131147,-7.0283732
2018-08-17 08:00:00,-2.5235631,-10.469326
2018-08-17 08:30:00,-6.1225343,-15.122825
2018-08-17 09:00:00,-6.0990577,-17.450474
2018-08-17 09:30:00,-6.075581,-21.863909
2018-08-17 10:00:00,-6.052105,-26.650396
2018-08-17 10:30:00,-6.0286283,-27.196499
2018-08-17 11:00:00,-6.005156,-28.77124
2018-08-17 11:30:00,-5.98168,-26.348934
2018-08-17 12:00:00,-5.9582033,-25.045502
2018-08-17 12:30:00,-5.9347267,-24.597023
2018-08-17 13:00:00,-5.91125,-22.044432
2018-08-17 13:30:00,-5.887774,-25.552507
2018-08-17 14:00:00,-5.8642974,-22.534472
2018-08-17 14:30:00,-5.840821,-21.748291
2018-08-17 15:00:00,-5.817344,-22.975609
2018-08-17 15:30:00,-5.793868,-17.790176
2018-08-17 16:00:00,-5.7703958,-15.515733
2018-08-17 16:30:00,-5.746919,-11.341063
2018-08-17 17:00:00,-5.723443,-7.87312
2018-08-17 17:30:00,-5.6999664,-3.9641662
2018-08-17 18:00:00,-5.67649,0.03289966
2018-08-17 18:30:00,-5.653013,2.194846
2018-08-17 19:00:00,-5.629537,4.287158
2018-08-17 19:30:00,-5.6060605,4.943905
2018-08-17 20:00:00,-5.582584,6.218154
2018-08-17 20:30:00,-5.5591073,6.990409
2018-08-17 21:00:00,-5.5356355,6.7903543
2018-08-17 21:30:00,-5.512159,7.2665124
2018-08-17 22:00:00,-5.4886823,6.4612513
2018-08-17 22:30:00,-5.465206,6.889093
2018-08-17 23:00:00,-5.4417295,7.370664
2018-08-17 23:30:00,-5.418253,6.722704
2018-08-18 00:00:00,-5.3947763,7.7681913
2018-08-18 00:30:00,-5.3713,7.003137
2018-08-18 01:00:00,-5.3478236,6.2382617
2018-08-18 01:30:00,-5.324347,6.6269455
2018-08-18 02:00:00,-5.3008704,6.9187126
2018-08-18 02:30:00,-5.2773986,6.2174897
2018-08-18 03:00:00,-5.253922,8.190034
2018-08-18 03:30:00,-5.2304454,8.26641
2018-08-18 04:00:00,-5.2069693,8.981152
2018-08-18 04:30:00,-5.1834927,9.937313
2018-08-18 05:00:00,-5.160016,8.557334
2018-08-18 05:30:00,-5.1365395,6.9586616
2018-08-18 06:00:00,-5.1130633,5.684871
2018-08-18 06:30:00,-5.0895867,2.4348454
2018-08-18 07:00:00,-5.06611,-0.6732604
2018-08-18 07:30:00,-5.042638,-5.432947
2018-08-18 08:00:00,-5.0191617,-8.724932
2018-08-18 08:30:00,-4.995685,-13.144483
2018-08-18 09:00:00,-4.9722085,-17.036522
2018-08-18 09:30:00,-4.9487324,-18.631294
2018-08-18 10:00:00,-4.925256,-19.539597
2018-08-18 10:30:00,-4.901779,-19.514128
2018-08-18 11:00:00,-4.8783026,-17.950087
2018-08-18 11:30:00,-4.8548265,-17.547695
2018-08-18 12:00:00,-4.8548265,-16.365973
2018-08-18 12:30:00,-4.8548265,-16.943983
2018-08-18 13:00:00,-4.8548265,-13.321646
2018-08-18 13:30:00,-4.760925,-13.516305
2018-08-18 14:00:00,18.01118,-10.969318
2018-08-18 14:30:00,-3.844577,-10.378513
2018-08-18 15:00:00,-3.4966552,-8.389109
2018-08-18 15:30:00,0.021845223,-7.03858
2018-08-18 16:00:00,-3.0822623,-5.6607647
2018-08-18 16:30:00,-4.2375035,-3.681592
2018-08-18 17:00:00,-1.5936493,-2.6345358
2018-08-18 17:30:00,0.9670782,-0.77659535
2018-08-18 18:00:00,7.628945,0.76489127
2018-08-18 18:30:00,3.8182755,2.7496827
2018-08-18 19:00:00,4.1373205,3.5669377
2018-08-18 19:30:00,3.768395,4.8312416
2018-08-18 20:00:00,3.3441186,4.1513767
2018-08-18 20:30:00,4.519441,5.6076827
2018-08-18 21:00:00,14.882753,4.8995824
2018-08-18 21:30:00,28.66073,5.0626855
2018-08-18 22:00:00,26.4367,4.840745
2018-08-18 22:30:00,-36.387455,3.5326908
2018-08-18 23:00:00,-12.127252,3.6817684
2018-08-18 23:30:00,12.132956,3.6547658
2018-08-19 00:00:00,3.8053858,3.2110941
2018-08-19 00:30:00,3.9247956,2.9506812
2018-08-19 01:00:00,-33.191032,2.2243216
2018-08-19 01:30:00,3.8821857,3.0848026
2018-08-19 02:00:00,4.236216,3.172845
2018-08-19 02:30:00,3.0755308,2.2243826
2018-08-19 03:00:00,4.010216,2.575228
2018-08-19 03:30:00,3.010633,3.0944676
2018-08-19 04:00:00,4.2733293,2.3239646
2018-08-19 04:30:00,3.4411442,2.7972124
2018-08-19 05:00:00,4.8796844,1.7041863
2018-08-19 05:30:00,3.4156842,1.9769993
2018-08-19 06:00:00,3.4686668,1.8794581
2018-08-19 06:30:00,1.4459931,-0.11614299
2018-08-19 07:00:00,-3.813415,-1.3765366
2018-08-19 07:30:00,-15.718724,-2.6953397
2018-08-19 08:00:00,-13.1415415,-4.4539824
2018-08-19 08:30:00,-19.178885,-5.3463554
2018-08-19 09:00:00,-26.343737,-6.9660707
2018-08-19 09:30:00,-27.510899,-7.337041
2018-08-19 10:00:00,-28.933239,-7.285186
2018-08-19 10:30:00,-42.90288,-7.6555486
2018-08-19 11:00:00,-36.065903,-7.2941647
2018-08-19 11:30:00,-11.894103,-7.273974
2018-08-19 12:00:00,-27.860077,-6.715266
2018-08-19 12:30:00,-2.5582514,-6.827095
2018-08-19 13:00:00,-17.720083,-7.2149487
2018-08-19 13:30:00,-12.134958,-6.224231
2018-08-19 14:00:00,-13.4538555,-2.7947857
2018-08-19 14:30:00,-14.772751,-3.858948
2018-08-19 15:00:00,-18.640816,-3.456597
2018-08-19 15:30:00,-25.749678,-2.2095037
2018-08-19 16:00:00,-20.785585,-1.9839364
2018-08-19 16:30:00,-7.684404,-1.2960927
2018-08-19 17:00:00,-6.5818524,-0.98983675
2018-08-19 17:30:00,-3.409207,0.792121
2018-08-19 18:00:00,-1.7098039,1.0020766
2018-08-19 18:30:00,0.5162975,2.1381974
2018-08-19 19:00:00,4.5003037,2.6520016
2018-08-19 19:30:00,4.7846513,2.603362
2018-08-19 20:00:00,3.6988306,3.6348066
2018-08-19 20:30:00,3.881325,3.369675
2018-08-19 21:00:00,3.7918496,4.517785
2018-08-19 21:30:00,3.900515,6.53113
2018-08-19 22:00:00,3.5081613,5.4784026
2018-08-19 22:30:00,4.3625207,1.2503383
2018-08-19 23:00:00,4.013965,1.7239532
2018-08-19 23:30:00,3.9005544,2.612765
2018-08-20 00:00:00,3.2203002,2.0530214
2018-08-20 00:30:00,3.7600188,1.3531271
2018-08-20 01:00:00,2.8598382,0.0058883843
2018-08-20 01:30:00,3.3876898,1.956612
2018-08-20 02:00:00,2.587095,1.882119
2018-08-20 02:30:00,3.185507,2.341678
2018-08-20 03:00:00,2.8867533,1.4940821
2018-08-20 03:30:00,3.5799932,1.3938887
2018-08-20 04:00:00,2.8929842,2.2830455
2018-08-20 04:30:00,3.119233,0.9945177
2018-08-20 05:00:00,3.5246818,1.0164343
2018-08-20 05:30:00,2.920406,0.8750642
2018-08-20 06:00:00,0.09088957,0.34910023
2018-08-20 06:30:00,4.521058,0.7705233
2018-08-20 07:00:00,-42.395603,-0.83518386
2018-08-20 07:30:00,-44.023106,-0.48992714
2018-08-20 08:00:00,-45.650604,-1.532579
2018-08-20 08:30:00,-13.4188,-2.9825103
2018-08-20 09:00:00,-1.7387071,-5.3555574
2018-08-20 09:30:00,-5.546559,-7.2742667
2018-08-20 10:00:00,-9.180125,-10.2853155
2018-08-20 10:30:00,-12.813688,-15.468811
2018-08-20 11:00:00,-21.368553,-16.78369
2018-08-20 11:30:00,-7.7775583,-14.644731
2018-08-20 12:00:00,-10.744324,-15.97534
2018-08-20 12:30:00,-25.806595,-10.852334
2018-08-20 13:00:00,-10.360796,-13.765103
2018-08-20 13:30:00,-21.733604,-9.467095
2018-08-20 14:00:00,-22.9812,-5.8399863
2018-08-20 14:30:00,-17.276709,-6.1032085
2018-08-20 15:00:00,-21.91189,-4.7841654
2018-08-20 15:30:00,-11.700616,-7.8208714
2018-08-20 16:00:00,-9.164229,-3.900081
2018-08-20 16:30:00,-11.95398,-1.2646859
2018-08-20 17:00:00,-7.1998787,-0.44063222
2018-08-20 17:30:00,-5.2076726,-0.99015135
2018-08-20 18:00:00,-1.9557935,0.8335074
2018-08-20 18:30:00,0.7470206,2.121677
2018-08-20 19:00:00,1.5801756,1.9987018
2018-08-20 19:30:00,1.8225081,2.1090276
2018-08-20 20:00:00,4.9888134,3.0775232
2018-08-20 20:30:00,2.8415961,2.4700403
2018-08-20 21:00:00,2.9336014,1.5707554
2018-08-20 21:30:00,3.007404,1.9652152
2018-08-20 22:00:00,4.75906,1.5326284
2018-08-20 22:30:00,2.4133832,1.4845045
2018-08-20 23:00:00,2.3639266,-0.10201254
2018-08-20 23:30:00,4.5091906,-0.49233466
2018-08-21 00:00:00,3.3893108,1.8120129
2018-08-21 00:30:00,4.2314577,1.6036783
2018-08-21 01:00:00,5.0736003,1.4652838
2018-08-21 01:30:00,-10.780847,1.573862
2018-08-21 02:00:00,-26.6353,2.270169
2018-08-21 02:30:00,-42.48975,2.9594154
2018-08-21 03:00:00,2.9211576,3.1855595
2018-08-21 03:30:00,3.6918135,2.7100396
2018-08-21 04:00:00,2.609689,2.5703998
2018-08-21 04:30:00,2.895326,3.084453
2018-08-21 05:00:00,3.0251305,2.825849
2018-08-21 05:30:00,3.154935,1.5691998
2018-08-21 06:00:00,3.2847393,0.24417049
2018-08-21 06:30:00,1.9315581,-0.9994711
2018-08-21 07:00:00,-4.264847,-6.695521
2018-08-21 07:30:00,-10.433371,-8.545872
2018-08-21 08:00:00,-18.642538,-12.300386
2018-08-21 08:30:00,-21.12874,-12.299294
2018-08-21 09:00:00,-26.327677,-13.71182
2018-08-21 09:30:00,-32.283733,-11.451161
2018-08-21 10:00:00,-33.902992,-13.721786
2018-08-21 10:30:00,-38.816,-17.056189
2018-08-21 11:00:00,-44.16625,-15.994805
2018-08-21 11:30:00,-47.239807,-15.966461
2018-08-21 12:00:00,-41.11785,-16.353617
2018-08-21 12:30:00,-41.838226,-21.070898
2018-08-21 13:00:00,-34.856342,-17.155224
2018-08-21 13:30:00,-33.882774,-18.10532
2018-08-21 14:00:00,-30.189219,-15.942636
2018-08-21 14:30:00,-22.406452,-13.806608
2018-08-21 15:00:00,-31.885061,-11.450754
2018-08-21 15:30:00,-27.241766,-8.975107
2018-08-21 16:00:00,-23.137314,-7.7891936
2018-08-21 16:30:00,-12.254582,-6.069097
2018-08-21 17:00:00,-16.731007,-4.4923015
2018-08-21 17:30:00,-10.897067,-1.1449353
2018-08-21 18:00:00,-6.2436914,0.37414968
2018-08-21 18:30:00,-1.1835821,1.6415648
2018-08-21 19:00:00,3.916153,2.5709023
2018-08-21 19:30:00,6.0925,3.6711988
2018-08-21 20:00:00,6.269634,4.734758
2018-08-21 20:30:00,4.7335563,4.280233
2018-08-21 21:00:00,5.957737,3.709339
2018-08-21 21:30:00,4.7795916,3.7646985
2018-08-21 22:00:00,4.8404827,2.806436
2018-08-21 22:30:00,3.370409,2.7265863
2018-08-21 23:00:00,5.4588847,3.6807547
2018-08-21 23:30:00,-17.676765,3.472975
2018-08-22 00:00:00,-4.5861335,4.442571
2018-08-22 00:30:00,8.504496,4.2210064
2018-08-22 01:00:00,5.7799044,4.9497905
2018-08-22 01:30:00,3.0553138,4.344497
2018-08-22 02:00:00,3.708216,3.9477127
2018-08-22 02:30:00,-7.8538294,2.9603724
2018-08-22 03:00:00,3.2486877,5.383627
2018-08-22 03:30:00,3.189789,4.219984
2018-08-22 04:00:00,3.1308904,3.7029247
2018-08-22 04:30:00,3.0719917,4.028917
2018-08-22 05:00:00,3.013093,3.1873336
2018-08-22 05:30:00,8.849626,3.4517837
2018-08-22 06:00:00,4.829109,1.6815794
2018-08-22 06:30:00,1.5137922,0.10575408
2018-08-22 07:00:00,-0.8326671,-1.0139817
2018-08-22 07:30:00,-3.3129637,-4.218462
2018-08-22 08:00:00,-9.523949,-6.8511963
2018-08-22 08:30:00,-22.118273,-11.592151
2018-08-22 09:00:00,-29.752794,-15.214493
2018-08-22 09:30:00,-17.789787,-21.80826
2018-08-22 10:00:00,-26.802557,-25.627066
2018-08-22 10:30:00,-20.342121,-30.700663
2018-08-22 11:00:00,-20.34446,-31.141232
2018-08-22 11:30:00,-17.390646,-32.33109
2018-08-22 12:00:00,-37.66498,-34.08048
2018-08-22 12:30:00,-35.007534,-32.871716
2018-08-22 13:00:00,-45.95699,-32.10439
2018-08-22 13:30:00,-39.81807,-30.559046
2018-08-22 14:00:00,-45.2076,-27.755976
2018-08-22 14:30:00,-33.159874,-24.588871
2018-08-22 15:00:00,-40.771915,-23.82487
2018-08-22 15:30:00,-27.611938,-19.545462
2018-08-22 16:00:00,-28.961706,-16.03128
2018-08-22 16:30:00,-24.723724,-11.241332
2018-08-22 17:00:00,-16.767876,-8.047732
2018-08-22 17:30:00,-11.18405,-4.5705433
2018-08-22 18:00:00,-4.0490975,-3.1112921
2018-08-22 18:30:00,0.16355611,0.5089614
2018-08-22 19:00:00,4.376214,2.8873432
2018-08-22 19:30:00,4.0102644,4.2885475
2018-08-22 20:00:00,5.369859,6.800561
2018-08-22 20:30:00,-7.856027,7.8497014
2018-08-22 21:00:00,-21.081919,9.121189
2018-08-22 21:30:00,9.90761,8.623407
2018-08-22 22:00:00,8.702204,8.69236
2018-08-22 22:30:00,7.496794,6.9329305
2018-08-22 23:00:00,6.2913885,7.7012663
2018-08-22 23:30:00,6.178109,5.5541015
2018-08-23 00:00:00,6.0648336,5.6149006
2018-08-23 00:30:00,1.8189689,6.0652447
2018-08-23 01:00:00,2.687,5.1357846
2018-08-23 01:30:00,3.5550313,6.0501003
2018-08-23 02:00:00,4.371198,4.957476
2018-08-23 02:30:00,5.1873693,4.1449494
2018-08-23 03:00:00,6.6896014,4.6675224
2018-08-23 03:30:00,8.191834,4.2722063
2018-08-23 04:00:00,9.694067,3.78485
2018-08-23 04:30:00,3.6167088,5.191236
2018-08-23 05:00:00,-9.188025,2.9173388
2018-08-23 05:30:00,-2.2516024,2.6018198
2018-08-23 06:00:00,4.684825,1.2824093
2018-08-23 06:30:00,2.4759564,-1.3996199
2018-08-23 07:00:00,-4.3560305,-3.1993039
2018-08-23 07:30:00,-11.188013,-5.4772043
2018-08-23 08:00:00,-16.877636,-7.8385715
2018-08-23 08:30:00,-25.277466,-12.009061
2018-08-23 09:00:00,-33.445755,-16.350744
2018-08-23 09:30:00,-37.100937,-18.543457
2018-08-23 10:00:00,-25.354124,-22.628727
2018-08-23 10:30:00,-23.993877,-23.856949
2018-08-23 11:00:00,-21.148733,-22.617184
2018-08-23 11:30:00,-19.448685,-23.308405
2018-08-23 12:00:00,-38.486683,-28.053146
2018-08-23 12:30:00,-38.723614,-26.975035
2018-08-23 13:00:00,-36.746853,-30.56226
2018-08-23 13:30:00,-35.47831,-29.65701
2018-08-23 14:00:00,-39.93651,-28.785988
2018-08-23 14:30:00,-34.331787,-25.913633
2018-08-23 15:00:00,-24.917942,-23.090103
2018-08-23 15:30:00,-24.105175,-20.440948
2018-08-23 16:00:00,-20.46311,-17.261793
2018-08-23 16:30:00,-15.584612,-13.071069
2018-08-23 17:00:00,-10.535203,-9.71325
2018-08-23 17:30:00,-8.705799,-6.7893267
2018-08-23 18:00:00,-2.9475467,-3.6388772
2018-08-23 18:30:00,0.8334506,-1.2352977
2018-08-23 19:00:00,-35.44693,2.0164502
2018-08-23 19:30:00,-29.66188,3.40546
2018-08-23 20:00:00,-23.876831,5.2614646
2018-08-23 20:30:00,-31.578205,5.7072554
2018-08-23 21:00:00,-39.279575,5.6644444
2018-08-23 21:30:00,-21.348225,7.50323
2018-08-23 22:00:00,-3.4168708,7.4960337
2018-08-23 22:30:00,31.066002,6.8790607
2018-08-23 23:00:00,25.318962,7.7345476
2018-08-23 23:30:00,19.571917,7.9416413
2018-08-24 00:00:00,13.824879,8.327174
2018-08-24 00:30:00,8.077838,7.9042354
2018-08-24 01:00:00,2.3307981,7.2876816
2018-08-24 01:30:00,-1.4356626,7.428755
2018-08-24 02:00:00,-5.2021236,7.8743706
2018-08-24 02:30:00,-8.968589,7.7416825
2018-08-24 03:00:00,4.6291595,7.340507
2018-08-24 03:30:00,2.049408,5.8793244
2018-08-24 04:00:00,4.250521,5.5887456
2018-08-24 04:30:00,4.602345,4.635613
2018-08-24 05:00:00,4.954173,3.184948
2018-08-24 05:30:00,7.258931,2.0421157
2018-08-24 06:00:00,3.8550782,1.6499584
2018-08-24 06:30:00,1.438775,-0.9569181
2018-08-24 07:00:00,-3.3107264,-3.0070615
2018-08-24 07:30:00,-10.7065115,-6.4212837
2018-08-24 08:00:00,-16.265474,-9.326621
2018-08-24 08:30:00,-19.326565,-13.54762
2018-08-24 09:00:00,-24.409513,-18.22153
2018-08-24 09:30:00,-30.091942,-22.591194
2018-08-24 10:00:00,-28.040344,-25.174402
2018-08-24 10:30:00,-31.711481,-27.84306
2018-08-24 11:00:00,-32.932163,-27.999535
2018-08-24 11:30:00,-35.515896,-28.461897
2018-08-24 12:00:00,-34.607918,-30.162243
2018-08-24 12:30:00,-34.99531,-31.202131
2018-08-24 13:00:00,-35.74224,-31.75398
2018-08-24 13:30:00,-30.25068,-30.63133
2018-08-24 14:00:00,-30.428066,-28.365355
2018-08-24 14:30:00,-31.140135,-27.349995
2018-08-24 15:00:00,-28.405176,-23.78326
2018-08-24 15:30:00,-23.112162,-19.817976
2018-08-24 16:00:00,-19.50366,-16.859865
2018-08-24 16:30:00,-13.734462,-11.884442
2018-08-24 17:00:00,-12.421124,-8.927307
2018-08-24 17:30:00,-6.8417935,-5.676634
2018-08-24 18:00:00,-3.8012333,-3.2643197
2018-08-24 18:30:00,-0.5732418,1.80455
2018-08-24 19:00:00,-19.763424,2.817508
2018-08-24 19:30:00,-38.953606,3.828648
2018-08-24 20:00:00,-8.54176,5.278042
2018-08-24 20:30:00,21.870083,6.006075
2018-08-24 21:00:00,10.376042,3.99578
2018-08-24 21:30:00,-1.1179982,6.059975
2018-08-24 22:00:00,0.85791457,8.286361
2018-08-24 22:30:00,-46.71977,10.4040985
2018-08-24 23:00:00,-15.046762,10.961967
2018-08-24 23:30:00,4.722458,11.045334
2018-08-25 00:00:00,-1.93628,11.149106
2018-08-25 00:30:00,-7.788355,11.524031
2018-08-25 01:00:00,5.073255,11.157259
2018-08-25 01:30:00,-21.993488,8.810952
2018-08-25 02:00:00,-15.998561,7.1987524
2018-08-25 02:30:00,5.6332912,5.3081727
2018-08-25 03:00:00,11.365996,5.6972847
2018-08-25 03:30:00,17.098705,3.7351224
2018-08-25 04:00:00,22.831411,3.3743064
2018-08-25 04:30:00,2.0775423,2.8393242
2018-08-25 05:00:00,5.7176065,2.9257803
2018-08-25 05:30:00,9.357672,1.9817706
2018-08-25 06:00:00,12.997736,0.25293976
2018-08-25 06:30:00,16.6378,-1.4421904
2018-08-25 07:00:00,-13.979217,-3.3043604
2018-08-25 07:30:00,-14.3510065,-5.9536896
2018-08-25 08:00:00,-15.014808,-8.869134
2018-08-25 08:30:00,-17.982796,-12.527488
2018-08-25 09:00:00,-25.33055,-16.47915
2018-08-25 09:30:00,-30.925615,-20.3262
2018-08-25 10:00:00,-31.337831,-24.04109
2018-08-25 10:30:00,-34.784554,-28.835238
2018-08-25 11:00:00,-35.45946,-29.880661
2018-08-25 11:30:00,-38.63022,-32.676983
2018-08-25 12:00:00,-38.917576,-33.776333
2018-08-25 12:30:00,-43.003586,-32.93736
2018-08-25 13:00:00,-43.595345,-31.84958
2018-08-25 13:30:00,-38.439148,-28.470371
2018-08-25 14:00:00,-34.477386,-27.273548
2018-08-25 14:30:00,-27.681816,-25.718264
2018-08-25 15:00:00,-26.728302,-21.453653
2018-08-25 15:30:00,-27.509914,-18.369251
2018-08-25 16:00:00,-18.31922,-14.262387
2018-08-25 16:30:00,-16.745247,-11.051235
2018-08-25 17:00:00,-13.5458,-8.040968
2018-08-25 17:30:00,-9.653203,-5.7777495
2018-08-25 18:00:00,-3.7691753,-4.3717294
2018-08-25 18:30:00,0.6003156,-0.50625974
2018-08-25 19:00:00,2.7503338,1.1424199
2018-08-25 19:30:00,3.2283223,1.2339401
2018-08-25 20:00:00,6.5542307,4.521648
2018-08-25 20:30:00,5.0709176,7.4374366
2018-08-25 21:00:00,4.2814517,8.658952
2018-08-25 21:30:00,3.491986,8.541905
2018-08-25 22:00:00,4.0040207,8.673222
2018-08-25 22:30:00,5.845174,6.4332438
2018-08-25 23:00:00,6.8557763,6.9991693
2018-08-25 23:30:00,3.9048364,8.217399
2018-08-26 00:00:00,8.009663,6.4840765
2018-08-26 00:30:00,3.8385534,4.986786
2018-08-26 01:00:00,3.6424792,7.1940203
2018-08-26 01:30:00,4.0606604,3.948814
2018-08-26 02:00:00,6.9513516,2.0950983
2018-08-26 02:30:00,7.251744,2.873536
2018-08-26 03:00:00,6.411056,2.944455
2018-08-26 03:30:00,3.5012927,3.3717766
2018-08-26 04:00:00,5.322596,4.173988
2018-08-26 04:30:00,5.362925,4.0043483
2018-08-26 05:00:00,5.4032497,2.93905
2018-08-26 05:30:00,38.84367,1.8212891
2018-08-26 06:00:00,-26.367235,0.6722612
2018-08-26 06:30:00,-7.7885776,-1.6524388
2018-08-26 07:00:00,10.790082,-5.676289
2018-08-26 07:30:00,-6.6027336,-8.463759
2018-08-26 08:00:00,-23.995548,-11.351204
2018-08-26 08:30:00,-41.388363,-14.474671
2018-08-26 09:00:00,-21.8902,-17.210129
2018-08-26 09:30:00,-26.017351,-21.64802
2018-08-26 10:00:00,-24.996157,-24.349863
2018-08-26 10:30:00,-33.994152,-27.308834
2018-08-26 11:00:00,-32.76444,-29.400942
2018-08-26 11:30:00,-30.221622,-31.033764
2018-08-26 12:00:00,-29.364403,-31.05263
2018-08-26 12:30:00,-29.39856,-33.691605
2018-08-26 13:00:00,-32.68689,-32.91093
2018-08-26 13:30:00,-29.145685,-30.224691
2018-08-26 14:00:00,-17.278067,-27.249105
2018-08-26 14:30:00,-26.851252,-24.013302
2018-08-26 15:00:00,-16.097015,-21.92579
2018-08-26 15:30:00,-15.502976,-18.351555
2018-08-26 16:00:00,-20.696405,-14.308518
2018-08-26 16:30:00,-13.497368,-11.318761
2018-08-26 17:00:00,-3.0749087,-7.9478707
2018-08-26 17:30:00,1.0486189,-5.3915825
2018-08-26 18:00:00,3.7324483,-2.7639906
2018-08-26 18:30:00,3.9030974,0.9593707
2018-08-26 19:00:00,4.3779445,3.0366087
2018-08-26 19:30:00,4.8527956,4.4337106
2018-08-26 20:00:00,4.1359878,6.422377
2018-08-26 20:30:00,4.2179437,7.227922
2018-08-26 21:00:00,4.9310503,9.037253
2018-08-26 21:30:00,4.3160396,9.27617
2018-08-26 22:00:00,4.882284,9.113831
2018-08-26 22:30:00,5.4485335,8.771891
2018-08-26 23:00:00,6.014783,8.609981
2018-08-26 23:30:00,4.8351655,8.179198
2018-08-27 00:00:00,5.1478047,7.3521776
2018-08-27 00:30:00,4.474992,6.13428
2018-08-27 01:00:00,2.9315085,5.802005
2018-08-27 01:30:00,5.593779,6.5907717
2018-08-27 02:00:00,4.2776723,6.600161
2018-08-27 02:30:00,4.193095,6.1758585
2018-08-27 03:00:00,4.632266,6.90037
2018-08-27 03:30:00,4.373562,6.0364156
2018-08-27 04:00:00,4.114862,5.1040854
2018-08-27 04:30:00,4.2671027,5.5636396
2018-08-27 05:00:00,4.9660707,3.9594269
2018-08-27 05:30:00,4.8203006,3.8770561
2018-08-27 06:00:00,4.379902,0.1866612
2018-08-27 06:30:00,3.065691,-2.0139146
2018-08-27 07:00:00,-0.90006423,-3.0064936
2018-08-27 07:30:00,-4.8658195,-6.173795
2018-08-27 08:00:00,-7.4594088,-9.729671
2018-08-27 08:30:00,-3.5590756,-14.937022
2018-08-27 09:00:00,-8.921741,-17.2102
2018-08-27 09:30:00,-11.346873,-21.097736
2018-08-27 10:00:00,-10.447579,-23.465027
2018-08-27 10:30:00,-11.368174,-26.182178
2018-08-27 11:00:00,-14.660753,-27.47154
2018-08-27 11:30:00,-14.20537,-30.32392
2018-08-27 12:00:00,-19.45011,-30.228783
2018-08-27 12:30:00,-27.130684,-27.956764
2018-08-27 13:00:00,-28.311039,-31.814396
2018-08-27 13:30:00,-25.169825,-28.641863
2018-08-27 14:00:00,-15.42721,-25.32932
2018-08-27 14:30:00,-11.272608,-24.763382
2018-08-27 15:00:00,-3.158136,-19.706125
2018-08-27 15:30:00,-1.8730949,-17.469545
2018-08-27 16:00:00,1.1796554,-14.280258
2018-08-27 16:30:00,1.0211444,-10.779719
2018-08-27 17:00:00,-2.0878918,-6.81071
2018-08-27 17:30:00,-3.3965971,-3.235504
2018-08-27 18:00:00,0.28709927,-1.1747298
2018-08-27 18:30:00,1.9094712,1.068578
2018-08-27 19:00:00,4.0186925,4.5076613
2018-08-27 19:30:00,3.5999043,5.742988
2018-08-27 20:00:00,4.5744205,5.843994
2018-08-27 20:30:00,5.163836,6.513469
2018-08-27 21:00:00,4.9189563,6.313987
2018-08-27 21:30:00,3.4885516,6.6215186
2018-08-27 22:00:00,1.3606905,6.5085535
2018-08-27 22:30:00,-3.0135064,5.926046
2018-08-27 23:00:00,1.1247853,5.2241416
2018-08-27 23:30:00,5.263077,5.255645
2018-08-28 00:00:00,4.6634893,6.6002617
2018-08-28 00:30:00,4.13985,5.7635717
2018-08-28 01:00:00,4.937504,4.2905006
2018-08-28 01:30:00,3.1308422,5.0967317
2018-08-28 02:00:00,3.5752044,6.1466584
2018-08-28 02:30:00,2.979117,5.5992017
2018-08-28 03:00:00,2.3830292,4.894086
2018-08-28 03:30:00,9.051519,5.50208
2018-08-28 04:00:00,20.87564,4.8239493
2018-08-28 04:30:00,10.450789,3.2643082
2018-08-28 05:00:00,3.9248393,2.9448087
2018-08-28 05:30:00,4.493072,0.7928201
2018-08-28 06:00:00,2.0398,-0.93249786
2018-08-28 06:30:00,2.4924815,-3.3032155
2018-08-28 07:00:00,2.9451628,-5.580871
2018-08-28 07:30:00,0.5971653,-8.484701
2018-08-28 08:00:00,-1.7508321,-10.391447
2018-08-28 08:30:00,-4.2822323,-13.715035
2018-08-28 09:00:00,-11.888773,-17.250956
2018-08-28 09:30:00,-17.372879,-18.68162
2018-08-28 10:00:00,-24.217964,-18.98171
2018-08-28 10:30:00,-18.483356,-21.133608
2018-08-28 11:00:00,-21.019762,-25.458614
2018-08-28 11:30:00,-22.704473,-21.767118
2018-08-28 12:00:00,-30.219765,-23.470966
2018-08-28 12:30:00,-41.751858,-26.582912
2018-08-28 13:00:00,-37.9766,-28.816286
2018-08-28 13:30:00,-32.632164,-23.29452
2018-08-28 14:00:00,-25.675201,-20.670004
2018-08-28 14:30:00,-27.675476,-20.093948
2018-08-28 15:00:00,-28.044268,-13.088926
2018-08-28 15:30:00,-28.083092,-13.488323
2018-08-28 16:00:00,-19.561518,-11.243084
2018-08-28 16:30:00,-15.788081,-7.369741
2018-08-28 17:00:00,-13.293428,-4.529869
2018-08-28 17:30:00,-1.0461663,-4.0598154
2018-08-28 18:00:00,1.2629614,-1.7644075
2018-08-28 18:30:00,2.1683023,0.45069182
2018-08-28 19:00:00,3.073639,2.0900867
2018-08-28 19:30:00,5.126002,2.3742383
2018-08-28 20:00:00,3.4319775,2.9678178
2018-08-28 20:30:00,1.7379526,3.4917412
2018-08-28 21:00:00,0.043927882,2.728522
2018-08-28 21:30:00,-1.6500968,2.6192665
2018-08-28 22:00:00,-3.3441215,2.3843007
2018-08-28 22:30:00,14.242622,3.1997862
2018-08-28 23:00:00,31.829361,2.6452684
2018-08-28 23:30:00,6.82558,4.026256
2018-08-29 00:00:00,-18.178204,4.255603
2018-08-29 00:30:00,-20.304888,4.0952263
2018-08-29 01:00:00,-6.6787558,4.9493055
2018-08-29 01:30:00,6.9473796,5.5309305
2018-08-29 02:00:00,5.224338,4.5580792
2018-08-29 02:30:00,5.5365014,4.692052
2018-08-29 03:00:00,6.308757,6.1344724
2018-08-29 03:30:00,0.98584455,6.4623218
2018-08-29 04:00:00,4.532912,6.603023
2018-08-29 04:30:00,8.780861,6.2203693
2018-08-29 05:00:00,13.028815,5.961787
2018-08-29 05:30:00,5.355152,4.744445
2018-08-29 06:00:00,-7.483829,3.5425873
2018-08-29 06:30:00,-7.3060665,1.6207362
2018-08-29 07:00:00,-7.1283045,-0.92925143
2018-08-29 07:30:00,-6.9505377,-3.681238
2018-08-29 08:00:00,-12.92501,-5.7428994
2018-08-29 08:30:00,-17.686495,-8.274623
2018-08-29 09:00:00,-16.755476,-12.145436
2018-08-29 09:30:00,-23.290451,-15.573697
2018-08-29 10:00:00,-28.650175,-22.276419
2018-08-29 10:30:00,-29.215202,-23.087358
2018-08-29 11:00:00,-40.149834,-25.075314
2018-08-29 11:30:00,-31.906546,-26.160492
2018-08-29 12:00:00,-30.854515,-27.842564
2018-08-29 12:30:00,-33.046577,-31.18544
2018-08-29 13:00:00,-31.694767,-30.705065
2018-08-29 13:30:00,-33.60543,-29.16606
2018-08-29 14:00:00,-34.74039,-26.815575
2018-08-29 14:30:00,-28.812714,-25.159035
2018-08-29 15:00:00,-24.032309,-23.224407
2018-08-29 15:30:00,-22.52245,-21.205946
2018-08-29 16:00:00,-21.708834,-17.162102
2018-08-29 16:30:00,-13.471088,-12.764555
2018-08-29 17:00:00,-12.428867,-9.259009
2018-08-29 17:30:00,-7.3413796,-4.7221994
2018-08-29 18:00:00,-3.105599,-3.2497916
2018-08-29 18:30:00,2.5385823,-0.24553668
2018-08-29 19:00:00,3.8872585,1.5680463
2018-08-29 19:30:00,7.9159365,3.2021456
2018-08-29 20:00:00,5.960839,4.5000587
2018-08-29 20:30:00,5.7166057,5.1915593
2018-08-29 21:00:00,5.066889,5.547355
2018-08-29 21:30:00,7.7930965,6.3745065
2018-08-29 22:00:00,7.4994726,6.050476
2018-08-29 22:30:00,8.681611,7.3125434
2018-08-29 23:00:00,5.900088,9.104664
2018-08-29 23:30:00,6.65054,7.323401
2018-08-30 00:00:00,6.2231526,4.413821
2018-08-30 00:30:00,7.276186,2.3982608
2018-08-30 01:00:00,7.1475744,2.8055449
2018-08-30 01:30:00,4.0644484,4.091119
2018-08-30 02:00:00,4.972061,4.274684
2018-08-30 02:30:00,6.2091184,4.0949726
2018-08-30 03:00:00,2.180108,4.411457
2018-08-30 03:30:00,4.5365953,3.6467175
2018-08-30 04:00:00,4.886339,3.3705008
2018-08-30 04:30:00,5.236083,3.9667282
2018-08-30 05:00:00,5.585827,4.1306005
2018-08-30 05:30:00,5.186657,3.591489
2018-08-30 06:00:00,3.9332852,2.486504
2018-08-30 06:30:00,2.6799088,0.8444482
2018-08-30 07:00:00,-2.22581,-0.8515645
2018-08-30 07:30:00,-5.415159,-3.6275563
2018-08-30 08:00:00,-12.494743,-7.1181107
2018-08-30 08:30:00,-17.89331,-11.023001
2018-08-30 09:00:00,-21.157715,-15.366511
2018-08-30 09:30:00,-24.716469,-19.22119
2018-08-30 10:00:00,-33.836033,-23.304008
2018-08-30 10:30:00,-34.90751,-25.068375
2018-08-30 11:00:00,-31.780329,-28.773443
2018-08-30 11:30:00,-35.478313,-28.694654
2018-08-30 12:00:00,-39.604164,-28.771723
2018-08-30 12:30:00,-40.93831,-29.374014
2018-08-30 13:00:00,-42.17654,-27.40862
2018-08-30 13:30:00,-34.539566,-26.270994
2018-08-30 14:00:00,-30.832336,-25.31964
2018-08-30 14:30:00,-28.927013,-24.443401
2018-08-30 15:00:00,-33.348045,-20.744137
2018-08-30 15:30:00,-17.068829,-17.557775
2018-08-30 16:00:00,-19.413252,-14.959004
2018-08-30 16:30:00,-13.283602,-11.969749
2018-08-30 17:00:00,-8.067455,-9.09696
2018-08-30 17:30:00,-2.8513076,-6.338987
2018-08-30 18:00:00,-2.3202665,-5.2315555
2018-08-30 18:30:00,2.1697528,-1.9136468
2018-08-30 19:00:00,7.3466763,0.8740505
2018-08-30 19:30:00,7.8368206,3.2394598
2018-08-30 20:00:00,4.5000763,5.1274962
2018-08-30 20:30:00,4.7636786,6.2561455
2018-08-30 21:00:00,7.0020666,7.552669
2018-08-30 21:30:00,4.122727,8.195452
2018-08-30 22:00:00,13.1903715,7.905795
2018-08-30 22:30:00,22.25801,7.2096715
2018-08-30 23:00:00,31.325655,7.31215
2018-08-30 23:30:00,4.6968975,7.232418
2018-08-31 00:00:00,-4.761012,7.8957586
2018-08-31 00:30:00,3.5786912,7.1967163
2018-08-31 01:00:00,9.644724,6.8475533
2018-08-31 01:30:00,-3.4066422,6.993747
2018-08-31 02:00:00,-11.269693,6.7976513
2018-08-31 02:30:00,-4.408607,5.6496763
2018-08-31 03:00:00,2.4524844,5.8372173
2018-08-31 03:30:00,9.313576,5.767181
2018-08-31 04:00:00,6.144596,5.33677
2018-08-31 04:30:00,7.954111,5.6241245
2018-08-31 05:00:00,3.137156,4.4554434
2018-08-31 05:30:00,-1.6797953,3.3147173
2018-08-31 06:00:00,3.7429655,2.1811001
2018-08-31 06:30:00,9.165726,0.18451148
2018-08-31 07:00:00,14.5884905,-1.574162
2018-08-31 07:30:00,-9.485307,-4.7451077
2018-08-31 08:00:00,-3.451214,-8.009666
2018-08-31 08:30:00,-3.9370413,-12.152519
2018-08-31 09:00:00,-5.3045974,-16.645256
2018-08-31 09:30:00,-7.3087497,-19.768782
2018-08-31 10:00:00,-20.879025,-23.937918
2018-08-31 10:30:00,-32.27398,-26.36568
2018-08-31 11:00:00,-15.640646,-28.818842
2018-08-31 11:30:00,-25.131308,-30.559752
2018-08-31 12:00:00,-33.36959,-30.343895
2018-08-31 12:30:00,-37.76835,-32.034798
2018-08-31 13:00:00,-39.817036,-31.267061
2018-08-31 13:30:00,-34.708157,-30.385162
2018-08-31 14:00:00,-34.24029,-28.023672
2018-08-31 14:30:00,-33.025185,-25.70755
2018-08-31 15:00:00,-26.597536,-22.601995
2018-08-31 15:30:00,-23.501154,-17.688406
2018-08-31 16:00:00,-2.638621,-14.501067
2018-08-31 16:30:00,0.6022512,-11.305845
2018-08-31 17:00:00,1.301027,-8.259702
2018-08-31 17:30:00,1.493466,-5.7233553
2018-08-31 18:00:00,4.1670012,-2.8896093
2018-08-31 18:30:00,5.252105,0.13520782
2018-08-31 19:00:00,6.3372097,3.0786157
2018-08-31 19:30:00,5.9016867,4.7507496
2018-08-31 20:00:00,5.141159,6.1405196
2018-08-31 20:30:00,4.9973946,6.7336926
2018-08-31 21:00:00,5.698858,7.6799483
2018-08-31 21:30:00,6.063453,7.8805575
2018-08-31 22:00:00,6.253187,8.017353
2018-08-31 22:30:00,4.6573505,8.084807
2018-08-31 23:00:00,6.314861,8.906208
2018-08-31 23:30:00,3.552947,7.4065933
2018-09-01 00:00:00,5.308623,7.3407474
2018-09-01 00:30:00,4.035637,7.859314
2018-09-01 01:00:00,4.3108487,8.150028
2018-09-01 01:30:00,5.5499244,6.9413586
2018-09-01 02:00:00,7.2088413,6.41252
2018-09-01 02:30:00,4.3991094,6.4149055
2018-09-01 03:00:00,5.5136676,6.7133317
2018-09-01 03:30:00,5.0375795,6.0513673
2018-09-01 04:00:00,5.519072,5.611986
2018-09-01 04:30:00,5.0217757,4.4948635
2018-09-01 05:00:00,6.5743513,3.3329594
2018-09-01 05:30:00,4.9419785,1.8993692
2018-09-01 06:00:00,5.171408,0.5971522
2018-09-01 06:30:00,4.9407244,-1.2682513
2018-09-01 07:00:00,3.265322,-2.4561267
2018-09-01 07:30:00,-1.0535418,-6.486662
2018-09-01 08:00:00,-3.6582685,-8.984506
2018-09-01 08:30:00,-8.877414,-12.127474
2018-09-01 09:00:00,-11.195602,-14.806056
2018-09-01 09:30:00,-6.697859,-17.118391
2018-09-01 10:00:00,-7.90634,-21.523764
2018-09-01 10:30:00,-8.592502,-24.065668
2018-09-01 11:00:00,-7.991088,-23.12311
2018-09-01 11:30:00,-6.196398,-25.736073
2018-09-01 12:00:00,-6.56902,-27.501522
2018-09-01 12:30:00,-13.674099,-29.622692
2018-09-01 13:00:00,-17.805996,-30.319414
2018-09-01 13:30:00,-11.954676,-29.051054
2018-09-01 14:00:00,-18.48849,-26.39683
2018-09-01 14:30:00,-19.273712,-26.446733
2018-09-01 15:00:00,-29.883286,-22.152704
2018-09-01 15:30:00,-22.629385,-19.561802
2018-09-01 16:00:00,-9.744592,-14.60324
2018-09-01 16:30:00,-9.477468,-9.684208
2018-09-01 17:00:00,-1.3194817,-6.9157534
2018-09-01 17:30:00,-6.163173,-3.2605796
2018-09-01 18:00:00,-1.8064319,-1.0014242
2018-09-01 18:30:00,2.7689078,2.129568
2018-09-01 19:00:00,5.1997433,4.532921
2018-09-01 19:30:00,5.0797653,5.651555
2018-09-01 20:00:00,6.0692554,6.2882166
2018-09-01 20:30:00,5.761868,6.85745
2018-09-01 21:00:00,5.4225492,7.07368
2018-09-01 21:30:00,5.717209,7.10586
2018-09-01 22:00:00,8.19058,6.2460127
2018-09-01 22:30:00,3.3170943,5.239557
2018-09-01 23:00:00,6.057126,5.5653872
2018-09-01 23:30:00,33.50386,5.9346056
2018-09-02 00:00:00,19.408512,5.5355577
2018-09-02 00:30:00,5.313167,4.59261
2018-09-02 01:00:00,3.3658168,4.7118363
2018-09-02 01:30:00,8.8825445,4.478946
2018-09-02 02:00:00,3.917595,4.3711634
2018-09-02 02:30:00,4.937316,3.667546
2018-09-02 03:00:00,3.251716,3.449704
2018-09-02 03:30:00,5.962687,4.119179
2018-09-02 04:00:00,4.449877,4.203935
2018-09-02 04:30:00,3.5320396,4.088183
2018-09-02 05:00:00,4.92409,3.7455869
2018-09-02 05:30:00,4.3912883,2.5769713
2018-09-02 06:00:00,3.700845,1.6745578
2018-09-02 06:30:00,2.9625397,-0.68852687
2018-09-02 07:00:00,0.49995178,-2.8672514
2018-09-02 07:30:00,-3.5817657,-5.8434863
2018-09-02 08:00:00,-6.4342957,-8.992851
2018-09-02 08:30:00,-12.25858,-11.87469
2018-09-02 09:00:00,-8.2474985,-14.608238
2018-09-02 09:30:00,-16.46262,-15.355221
2018-09-02 10:00:00,-18.133827,-17.754313
2018-09-02 10:30:00,-10.365541,-17.376139
2018-09-02 11:00:00,-11.652732,-16.84289
2018-09-02 11:30:00,-16.125526,-17.31065
2018-09-02 12:00:00,-27.481188,-16.435413
2018-09-02 12:30:00,-29.435926,-18.41305
2018-09-02 13:00:00,-25.637638,-18.990778
2018-09-02 13:30:00,-24.16175,-18.422186
2018-09-02 14:00:00,-35.15294,-18.169882
2018-09-02 14:30:00,-29.483469,-17.96711
2018-09-02 15:00:00,-14.539802,-17.86758
2018-09-02 15:30:00,-24.116781,-16.321623
2018-09-02 16:00:00,-18.771317,-11.182399
2018-09-02 16:30:00,-20.52578,-8.126752
2018-09-02 17:00:00,-11.749093,-5.867749
2018-09-02 17:30:00,-9.697044,-4.222713
2018-09-02 18:00:00,-2.2048242,-2.4339218
2018-09-02 18:30:00,13.341581,-0.35735694
2018-09-02 19:00:00,0.0470607,1.620863
2018-09-02 19:30:00,-13.247457,2.9883275
2018-09-02 20:00:00,-26.541975,2.4030628
2018-09-02 20:30:00,-15.443292,3.5695505
2018-09-02 21:00:00,-4.3446093,4.4029064
2018-09-02 21:30:00,6.7540755,5.029365
2018-09-02 22:00:00,-4.9156036,4.6937513
2018-09-02 22:30:00,-16.585285,4.452005
2018-09-02 23:00:00,18.55442,4.0590873
2018-09-02 23:30:00,11.658297,5.075842
2018-09-03 00:00:00,4.7621713,5.3714848
2018-09-03 00:30:00,-2.1339536,4.584011
2018-09-03 01:00:00,-9.030078,4.600003
2018-09-03 01:30:00,-15.926203,4.7331147
2018-09-03 02:00:00,-22.822329,4.947217
2018-09-03 02:30:00,-29.718452,5.1412334
2018-09-03 03:00:00,15.357971,5.5248356
2018-09-03 03:30:00,60.43439,5.8924193
2018-09-03 04:00:00,1.014219,6.3984594
2018-09-03 04:30:00,-7.7300897,6.625849
2018-09-03 05:00:00,4.8540144,6.785876
2018-09-03 05:30:00,17.43812,6.264268
2018-09-03 06:00:00,-6.4979787,5.927453
2018-09-03 06:30:00,-30.434076,4.605622
2018-09-03 07:00:00,-18.105137,3.191327
2018-09-03 07:30:00,-5.7761984,0.95501006
2018-09-03 08:00:00,-17.149939,-2.2640462
2018-09-03 08:30:00,-12.485332,-5.6286235
2018-09-03 09:00:00,-11.752934,-9.181995
2018-09-03 09:30:00,-16.211952,-13.236711
2018-09-03 10:00:00,-19.45981,-17.770079
2018-09-03 10:30:00,-23.125614,-17.795761
2018-09-03 11:00:00,-24.587427,-20.363249
2018-09-03 11:30:00,-23.667267,-22.398882
2018-09-03 12:00:00,-27.511992,-26.733208
2018-09-03 12:30:00,-24.115288,-27.573896
2018-09-03 13:00:00,-22.945179,-26.948368
2018-09-03 13:30:00,-22.212303,-25.157366
2018-09-03 14:00:00,-24.548553,-25.426395
2018-09-03 14:30:00,-17.293688,-24.262419
2018-09-03 15:00:00,-16.614687,-20.332266
2018-09-03 15:30:00,-16.661993,-19.053188
2018-09-03 16:00:00,-11.887081,-14.357447
2018-09-03 16:30:00,-9.124565,-12.349179
2018-09-03 17:00:00,-6.772417,-8.74896
2018-09-03 17:30:00,-3.1006136,-4.8548393
2018-09-03 18:00:00,-0.6553679,-2.156119
2018-09-03 18:30:00,3.1550047,1.2436794
2018-09-03 19:00:00,4.365767,2.5773647
2018-09-03 19:30:00,3.6187537,3.1118574
2018-09-03 20:00:00,1.4620067,2.8809595
2018-09-03 20:30:00,4.2015586,3.134591
2018-09-03 21:00:00,4.513189,4.1164217
2018-09-03 21:30:00,3.6595328,6.405354
2018-09-03 22:00:00,2.7392137,5.01523
2018-09-03 22:30:00,2.8420944,2.3103366
2018-09-03 23:00:00,-1.1979704,6.2779264
2018-09-03 23:30:00,4.4278994,6.5558124
2018-09-04 00:00:00,10.053769,6.1038914
2018-09-04 00:30:00,1.4530146,4.4291315
2018-09-04 01:00:00,6.6476603,3.121483
2018-09-04 01:30:00,4.108505,1.9814123
2018-09-04 02:00:00,1.569344,0.15203853
2018-09-04 02:30:00,-0.96981204,-1.6672465
2018-09-04 03:00:00,-3.5089679,1.3692237
2018-09-04 03:30:00,-6.0481286,5.373027
2018-09-04 04:00:00,-8.587285,1.8789818
2018-09-04 04:30:00,-11.12644,1.1894865
2018-09-04 05:00:00,-13.665599,2.2228928
2018-09-04 05:30:00,-16.204754,2.871098
2018-09-04 06:00:00,-18.743914,0.8823173
2018-09-04 06:30:00,-21.28307,-3.2328475
2018-09-04 07:00:00,-23.822227,-3.7850535
2018-09-04 07:30:00,-26.361387,-4.483991
2018-09-04 08:00:00,-9.623583,-8.204875
2018-09-04 08:30:00,-9.910335,-10.868256
2018-09-04 09:00:00,-17.87755,-13.175461
2018-09-04 09:30:00,-19.276863,-15.051552
2018-09-04 10:00:00,-23.388859,-17.190563
2018-09-04 10:30:00,-28.638193,-19.417055
2018-09-04 11:00:00,-29.635399,-20.788858
2018-09-04 11:30:00,-27.879913,-19.032347
2018-09-04 12:00:00,-26.17606,-21.351175
2018-09-04 12:30:00,-32.54735,-20.498219
2018-09-04 13:00:00,-31.17905,-19.078619
2018-09-04 13:30:00,-29.826353,-17.59679
2018-09-04 14:00:00,-26.112122,-16.231287
2018-09-04 14:30:00,-34.51381,-15.952794
2018-09-04 15:00:00,-20.768124,-14.951031
2018-09-04 15:30:00,-14.716231,-12.263972
2018-09-04 16:00:00,-14.683609,-9.465496
2018-09-04 16:30:00,-9.210925,-7.757774
2018-09-04 17:00:00,-5.214751,-6.1947203
2018-09-04 17:30:00,-2.883348,-3.782786
2018-09-04 18:00:00,0.95892936,-1.7390566
2018-09-04 18:30:00,-5.57835,-1.9238536
2018-09-04 19:00:00,-14.602066,-1.0652472
2018-09-04 19:30:00,-23.625788,0.9525414
2018-09-04 20:00:00,-21.291094,2.6245708
2018-09-04 20:30:00,-18.956402,2.4631894
2018-09-04 21:00:00,-16.621708,2.4136279
2018-09-04 21:30:00,-36.646156,2.6310027
2018-09-04 22:00:00,-27.847692,3.5408309
2018-09-04 22:30:00,-19.049227,3.21999
2018-09-04 23:00:00,-10.250758,2.2066476
2018-09-04 23:30:00,-1.4522923,3.40615
2018-09-05 00:00:00,7.3461742,4.466887
2018-09-05 00:30:00,6.4609365,2.9295816
2018-09-05 01:00:00,5.575699,2.8918874
2018-09-05 01:30:00,4.690461,4.133886
2018-09-05 02:00:00,3.8052285,5.2248363
2018-09-05 02:30:00,2.919991,3.9150739
2018-09-05 03:00:00,3.726458,4.053001
2018-09-05 03:30:00,-1.3314013,4.638034
2018-09-05 04:00:00,-6.389261,4.5179205
2018-09-05 04:30:00,-11.44712,3.9818854
2018-09-05 05:00:00,-16.504976,3.0796118
2018-09-05 05:30:00,-15.356097,1.9937121
2018-09-05 06:00:00,-14.207218,1.776394
2018-09-05 06:30:00,-13.058341,-1.158891
2018-09-05 07:00:00,-11.909461,-3.9652104
2018-09-05 07:30:00,-10.760582,-8.160172
2018-09-05 08:00:00,-9.611698,-6.310508
2018-09-05 08:30:00,-9.335093,-9.436138
2018-09-05 09:00:00,-15.165087,-13.943508
2018-09-05 09:30:00,-17.216484,-15.347574
2018-09-05 10:00:00,-23.194616,-20.275509
2018-09-05 10:30:00,-23.421059,-23.542847
2018-09-05 11:00:00,-28.991373,-26.402695
2018-09-05 11:30:00,-34.761955,-26.725645
2018-09-05 12:00:00,-24.309021,-30.30088
2018-09-05 12:30:00,-27.197348,-30.585955
2018-09-05 13:00:00,-30.724707,-28.456825
2018-09-05 13:30:00,-27.622036,-27.86332
2018-09-05 14:00:00,-30.30503,-26.431978
2018-09-05 14:30:00,-15.456669,-27.138474
2018-09-05 15:00:00,-26.206541,-18.529335
2018-09-05 15:30:00,-21.767378,-16.460953
2018-09-05 16:00:00,-5.7638636,-14.579435
2018-09-05 16:30:00,-3.039268,-9.5236
2018-09-05 17:00:00,-0.31466845,-6.7562594
2018-09-05 17:30:00,2.409927,-3.3739028
2018-09-05 18:00:00,2.795705,-1.3100265
2018-09-05 18:30:00,2.087452,1.0203624
2018-09-05 19:00:00,1.3792033,1.6619523
2018-09-05 19:30:00,16.61022,1.6383753
2018-09-05 20:00:00,-6.038446,4.4352
2018-09-05 20:30:00,-32.644394,6.1629605
2018-09-05 21:00:00,8.596544,6.07785
2018-09-05 21:30:00,57.797607,3.271085
2018-09-05 22:00:00,20.134872,2.61571
2018-09-05 22:30:00,-22.560333,2.3139849
2018-09-05 23:00:00,-10.105836,2.839158
2018-09-05 23:30:00,2.3486557,3.612794
2018-09-06 00:00:00,3.111045,5.9479012
2018-09-06 00:30:00,3.8734338,5.7707157
2018-09-06 01:00:00,4.6358185,5.368094
2018-09-06 01:30:00,-29.245697,5.695039
2018-09-06 02:00:00,-17.66012,4.9204507
2018-09-06 02:30:00,-6.074546,4.353074
2018-09-06 03:00:00,5.5110326,4.0059733
2018-09-06 03:30:00,4.4180155,2.551555
2018-09-06 04:00:00,3.3250027,1.2549872
2018-09-06 04:30:00,3.7459671,0.66171795
2018-09-06 05:00:00,15.446743,-0.39860353
2018-09-06 05:30:00,27.147514,-2.5922756
2018-09-06 06:00:00,10.02577,-4.0576043
2018-09-06 06:30:00,1.1068491,-4.6383386
2018-09-06 07:00:00,4.6351414,-5.8414063
2018-09-06 07:30:00,1.3477135,-7.3378973
2018-09-06 08:00:00,0.8605624,-8.401902
2018-09-06 08:30:00,-0.5987718,-10.850909
2018-09-06 09:00:00,7.3446097,-13.2285
2018-09-06 09:30:00,60.56049,-15.419162
2018-09-06 10:00:00,45.363586,-18.365105
2018-09-06 10:30:00,16.12213,-20.121965
2018-09-06 11:00:00,-13.119328,-22.825548
2018-09-06 11:30:00,-8.193843,-24.92306
2018-09-06 12:00:00,-1.8314813,-24.484539
2018-09-06 12:30:00,4.53088,-24.76509
2018-09-06 13:00:00,10.893247,-23.40633
2018-09-06 13:30:00,-37.649773,-20.337864
2018-09-06 14:00:00,-31.505653,-19.28777
2018-09-06 14:30:00,-25.361536,-16.000511
2018-09-06 15:00:00,-19.217417,-14.762022
2018-09-06 15:30:00,-16.318274,-13.716066
2018-09-06 16:00:00,-10.67431,-9.805754
2018-09-06 16:30:00,-5.8106723,-7.4174676
2018-09-06 17:00:00,-2.6934958,-5.0966387
2018-09-06 17:30:00,0.42368054,-3.1623523
2018-09-06 18:00:00,3.048314,-1.3158246
2018-09-06 18:30:00,2.8231838,-0.06364097
2018-09-06 19:00:00,2.5980535,1.5255108
2018-09-06 19:30:00,2.9124975,3.5226674
2018-09-06 20:00:00,2.6978886,3.4292073
2018-09-06 20:30:00,2.6597836,2.7887185
2018-09-06 21:00:00,1.8979884,4.46368
2018-09-06 21:30:00,-7.74065,6.5993705
2018-09-06 22:00:00,-17.379286,5.590035
2018-09-06 22:30:00,-27.017923,3.5171402
2018-09-06 23:00:00,-36.65656,4.220006
2018-09-06 23:30:00,-16.045195,5.1357937
2018-09-07 00:00:00,4.566171,3.9734962
2018-09-07 00:30:00,4.0621676,3.0880096
2018-09-07 01:00:00,3.5581684,3.4752295
2018-09-07 01:30:00,3.0541646,1.1132152
2018-09-07 02:00:00,12.67697,1.4431617
2018-09-07 02:30:00,8.196186,1.6079209
2018-09-07 03:00:00,3.7154036,1.821276
2018-09-07 03:30:00,4.539728,1.7398926
2018-09-07 04:00:00,3.7292762,2.5437555
2018-09-07 04:30:00,5.7664557,3.235746
2018-09-07 05:00:00,6.1019206,3.2553117
2018-09-07 05:30:00,4.3800983,3.2493346
2018-09-07 06:00:00,4.1565847,2.06772
2018-09-07 06:30:00,2.8795395,-0.083206885
2018-09-07 07:00:00,1.7968382,-1.5584192
2018-09-07 07:30:00,-1.7986108,-4.317065
2018-09-07 08:00:00,-4.086796,-7.41201
2018-09-07 08:30:00,-4.0671034,-9.741577
2018-09-07 09:00:00,-9.688524,-10.836683
2018-09-07 09:30:00,-18.443466,-2.0400782
2018-09-07 10:00:00,-16.873852,-2.3645978
2018-09-07 10:30:00,-15.5656395,-9.090664
2018-09-07 11:00:00,-27.748947,-13.834917
2018-09-07 11:30:00,-34.71548,-14.818919
2018-09-07 12:00:00,-31.322554,-13.344738
2018-09-07 12:30:00,-21.510105,-11.706924
2018-09-07 13:00:00,-23.71182,-10.101821
2018-09-07 13:30:00,-21.960396,-18.608242
2018-09-07 14:00:00,-24.272568,-16.707462
2018-09-07 14:30:00,-29.37377,-15.531568
2018-09-07 15:00:00,-27.93697,-13.851267
2018-09-07 15:30:00,-15.4528055,-14.070434
2018-09-07 16:00:00,-22.360142,-12.081945
2018-09-07 16:30:00,-9.979313,-8.573818
2018-09-07 17:00:00,-9.924679,-6.978091
2018-09-07 17:30:00,-5.495905,-2.9389653
2018-09-07 18:00:00,-1.0671304,-0.73984045
2018-09-07 18:30:00,3.3616486,0.9928486
2018-09-07 19:00:00,7.7904224,2.5362623
2018-09-07 19:30:00,-1.5566192,3.0878263
2018-09-07 20:00:00,0.36523184,4.2693224
2018-09-07 20:30:00,2.287083,4.0412736
2018-09-07 21:00:00,4.2089295,3.8843966
2018-09-07 21:30:00,1.5475017,4.0863914
2018-09-07 22:00:00,6.3822403,4.136818
2018-09-07 22:30:00,5.638731,3.202115
2018-09-07 23:00:00,3.328057,0.44166476
2018-09-07 23:30:00,0.9302053,0.27851352
2018-09-08 00:00:00,1.6122947,2.9007046
2018-09-08 00:30:00,2.0663261,3.5238822
2018-09-08 01:00:00,-6.9647427,2.0221784
2018-09-08 01:30:00,19.159788,1.3486835
2018-09-08 02:00:00,15.220674,3.2886236
2018-09-08 02:30:00,11.281554,3.5474372
2018-09-08 03:00:00,7.342438,2.6961496
2018-09-08 03:30:00,3.403319,3.5356576
2018-09-08 04:00:00,-0.5357965,2.9294462
2018-09-08 04:30:00,-4.4749117,2.0259316
2018-09-08 05:00:00,-8.414032,2.2220495
2018-09-08 05:30:00,-12.353147,2.868756
2018-09-08 06:00:00,-16.292263,2.4738243
2018-09-08 06:30:00,-20.231382,1.1501492
2018-09-08 07:00:00,-24.1705,0.086201265
2018-09-08 07:30:00,-28.109617,-0.9956523
2018-09-08 08:00:00,-8.7713175,-2.3788068
2018-09-08 08:30:00,-13.126852,-3.9792883
2018-09-08 09:00:00,-16.75075,-6.0048547
2018-09-08 09:30:00,-20.14629,-12.096875
2018-09-08 10:00:00,-24.928358,-15.284538
2018-09-08 10:30:00,-15.707095,-14.949169
2018-09-08 11:00:00,-24.361376,-17.433062
2018-09-08 11:30:00,-30.395844,-19.723883
2018-09-08 12:00:00,-20.992565,-21.288557
2018-09-08 12:30:00,-30.825796,-19.040632
2018-09-08 13:00:00,-32.84758,-17.167677
2018-09-08 13:30:00,-27.467735,-17.370405
2018-09-08 14:00:00,-24.850885,-15.527456
2018-09-08 14:30:00,-23.41984,-16.258312
2018-09-08 15:00:00,-13.878226,-12.320713
2018-09-08 15:30:00,-16.636093,-10.875019
2018-09-08 16:00:00,-16.416225,-12.955534
2018-09-08 16:30:00,-11.271799,-9.19159
2018-09-08 17:00:00,-7.660097,-7.195199
2018-09-08 17:30:00,-3.261095,-3.6968453
2018-09-08 18:00:00,-5.1613708,-1.8125839
2018-09-08 18:30:00,-7.0616455,-0.4348516
2018-09-08 19:00:00,-2.0957348,0.89961994
2018-09-08 19:30:00,2.870176,0.62822694
2018-09-08 20:00:00,-15.360794,1.456366
2018-09-08 20:30:00,12.654869,4.2041016
2018-09-08 21:00:00,46.45563,4.6464577
2018-09-08 21:30:00,16.357038,3.7658126
2018-09-08 22:00:00,-8.332932,3.2156732
2018-09-08 22:30:00,-9.805405,3.8719614
2018-09-08 23:00:00,-11.277877,3.7458534
2018-09-08 23:30:00,-6.48626,2.4075327
2018-09-09 00:00:00,-4.547731,4.116155
2018-09-09 00:30:00,-2.6092024,4.856767
2018-09-09 01:00:00,-11.62507,3.9178877
2018-09-09 01:30:00,-11.526375,6.0255837
2018-09-09 02:00:00,-11.42768,5.8744745
2018-09-09 02:30:00,-11.328985,5.811141
2018-09-09 03:00:00,-11.230295,5.9260635
2018-09-09 03:30:00,-11.1316,6.6210203
2018-09-09 04:00:00,-11.032906,6.0597086
2018-09-09 04:30:00,-10.934211,5.0900726
2018-09-09 05:00:00,-10.835516,5.423768
2018-09-09 05:30:00,-10.736826,5.183223
2018-09-09 06:00:00,-10.638131,3.7208695
2018-09-09 06:30:00,-10.539436,1.6663128
2018-09-09 07:00:00,-10.440742,-0.04480473
2018-09-09 07:30:00,-10.3420515,-3.8696573
2018-09-09 08:00:00,-10.243357,-5.621585
2018-09-09 08:30:00,-9.328407,-7.7464747
2018-09-09 09:00:00,-16.629354,-11.980786
2018-09-09 09:30:00,-18.483486,-15.666807
2018-09-09 10:00:00,-24.191614,-20.927572
2018-09-09 10:30:00,-29.5177,-20.58418
2018-09-09 11:00:00,-25.695652,-24.461273
2018-09-09 11:30:00,-29.342117,-25.663147
2018-09-09 12:00:00,-26.231512,-23.92948
2018-09-09 12:30:00,-28.709269,-28.527891
2018-09-09 13:00:00,-30.85283,-27.151983
2018-09-09 13:30:00,-29.76879,-23.556557
2018-09-09 14:00:00,-25.573437,-22.285288
2018-09-09 14:30:00,-26.65287,-20.605991
2018-09-09 15:00:00,-23.216227,-14.835457
2018-09-09 15:30:00,-17.507757,-13.413118
2018-09-09 16:00:00,-19.468441,-11.351392
2018-09-09 16:30:00,-9.368291,-8.14994
2018-09-09 17:00:00,-9.397146,-6.870832
2018-09-09 17:30:00,-7.1937613,-4.2694216
2018-09-09 18:00:00,-3.0806718,-1.8137636
2018-09-09 18:30:00,1.0324173,0.87209743
2018-09-09 19:00:00,2.8683803,2.7836456
2018-09-09 19:30:00,4.704343,3.8771741
2018-09-09 20:00:00,4.5169597,4.411973
2018-09-09 20:30:00,3.2604852,8.06736
2018-09-09 21:00:00,25.139242,9.366956
2018-09-09 21:30:00,47.018,8.3980055
2018-09-09 22:00:00,37.055603,8.685976
2018-09-09 22:30:00,27.093203,8.134224
2018-09-09 23:00:00,17.130796,7.4714036
2018-09-09 23:30:00,7.1683984,6.659842
2018-09-10 00:00:00,-2.3194363,6.0437474
2018-09-10 00:30:00,1.0099895,5.5241146
2018-09-10 01:00:00,4.33942,4.292135
2018-09-10 01:30:00,3.6383502,4.121368
2018-09-10 02:00:00,3.4113193,2.674919
2018-09-10 02:30:00,3.1842926,1.270433
2018-09-10 03:00:00,4.3227377,1.2722025
2018-09-10 03:30:00,3.7764783,1.6822217
2018-09-10 04:00:00,5.034027,1.6103109
2018-09-10 04:30:00,6.2915764,1.7571077
2018-09-10 05:00:00,3.7388625,2.1443188
2018-09-10 05:30:00,3.4441636,1.4174613
2018-09-10 06:00:00,4.3473635,0.20759472
2018-09-10 06:30:00,4.274889,-0.5665086
2018-09-10 07:00:00,-2.962442,-2.5087292
2018-09-10 07:30:00,-5.222878,-5.2595277
2018-09-10 08:00:00,-11.257101,-7.409799
2018-09-10 08:30:00,-5.732461,-10.338451
2018-09-10 09:00:00,-13.86599,-14.038502
2018-09-10 09:30:00,-20.078234,-15.662351
2018-09-10 10:00:00,-20.055426,-19.27198
2018-09-10 10:30:00,-8.314139,-22.97359
2018-09-10 11:00:00,-20.927576,-25.175922
2018-09-10 11:30:00,-21.376194,-27.154636
2018-09-10 12:00:00,-8.167479,-26.608429
2018-09-10 12:30:00,-16.766808,-28.800333
2018-09-10 13:00:00,-12.69271,-26.634073
2018-09-10 13:30:00,-15.485391,-23.40037
2018-09-10 14:00:00,-15.247851,-21.656435
2018-09-10 14:30:00,-13.125812,-19.74227
2018-09-10 15:00:00,-13.961298,-16.499586
2018-09-10 15:30:00,-9.10753,-14.751859
2018-09-10 16:00:00,-10.154952,-13.01404
2018-09-10 16:30:00,-3.1729,-9.196703
2018-09-10 17:00:00,-0.9561185,-7.886927
2018-09-10 17:30:00,0.5169704,-3.4951477
2018-09-10 18:00:00,1.9900548,-0.6968199
2018-09-10 18:30:00,3.4631395,1.2566607
2018-09-10 19:00:00,3.3324482,3.2611492
2018-09-10 19:30:00,5.610977,5.1368027
2018-09-10 20:00:00,7.8895106,6.4407544
2018-09-10 20:30:00,3.1761394,6.647883
2018-09-10 21:00:00,-25.295567,7.1563263
2018-09-10 21:30:00,9.136818,8.518661
2018-09-10 22:00:00,1.4077046,7.884088
2018-09-10 22:30:00,0.72243434,7.0120287
2018-09-10 23:00:00,8.131445,5.9211307
2018-09-10 23:30:00,15.540453,5.822165
2018-09-11 00:00:00,1.6130811,5.5767083
2018-09-11 00:30:00,2.4912448,4.8065634
2018-09-11 01:00:00,13.518482,5.061641
2018-09-11 01:30:00,7.3113985,4.3839045
2018-09-11 02:00:00,8.813675,5.656348
2018-09-11 02:30:00,10.315947,6.4341526
2018-09-11 03:00:00,11.818218,5.3671985
2018-09-11 03:30:00,2.6046205,5.4701443
2018-09-11 04:00:00,4.064077,4.4755597
2018-09-11 04:30:00,4.98499,4.06856
2018-09-11 05:00:00,4.063072,3.6024647
2018-09-11 05:30:00,2.581865,1.8675735
2018-09-11 06:00:00,5.999674,1.26983
2018-09-11 06:30:00,1.7915732,0.4463487
2018-09-11 07:00:00,-4.915809,-1.867157
2018-09-11 07:30:00,-17.39398,-4.528939
2018-09-11 08:00:00,-9.964532,-7.2943788
2018-09-11 08:30:00,-13.994134,-8.817427
2018-09-11 09:00:00,-18.660158,-12.213362
2018-09-11 09:30:00,-26.800356,-15.167226
2018-09-11 10:00:00,-28.765049,-16.894707
2018-09-11 10:30:00,-30.559101,-16.893902
2018-09-11 11:00:00,-29.186947,-19.132282
2018-09-11 11:30:00,-33.601494,-19.644226
2018-09-11 12:00:00,-30.241533,-18.520208
2018-09-11 12:30:00,-29.792513,-20.351198
2018-09-11 13:00:00,-28.06138,-19.310543
2018-09-11 13:30:00,-28.377012,-18.60846
2018-09-11 14:00:00,-33.88688,-16.61915
2018-09-11 14:30:00,-31.526667,-16.274181
2018-09-11 15:00:00,-21.161425,-13.682536
2018-09-11 15:30:00,-10.873849,-11.893876
2018-09-11 16:00:00,-22.36544,-11.34645
2018-09-11 16:30:00,-13.758851,-8.35657
2018-09-11 17:00:00,-7.505654,-7.571478
2018-09-11 17:30:00,-4.0312443,-4.02878
2018-09-11 18:00:00,-1.7363782,-1.9132186
2018-09-11 18:30:00,0.5584835,-0.5146096
2018-09-11 19:00:00,2.8533454,1.3636135
2018-09-11 19:30:00,5.1482067,2.9882839
2018-09-11 20:00:00,3.2338932,4.256896
2018-09-11 20:30:00,7.7121983,4.2286572
2018-09-11 21:00:00,-11.770385,3.7120392
2018-09-11 21:30:00,-31.252966,4.104795
2018-09-11 22:00:00,-12.943864,4.2637515
2018-09-11 22:30:00,5.3652363,4.0678916
2018-09-11 23:00:00,2.386337,4.4465694
2018-09-11 23:30:00,2.2806249,4.760782
2018-09-12 00:00:00,-6.3439813,5.6872525
2018-09-12 00:30:00,5.539215,5.3070936
2018-09-12 01:00:00,5.559104,5.922581
2018-09-12 01:30:00,2.2033532,5.140604
2018-09-12 02:00:00,0.7473964,5.2225556
2018-09-12 02:30:00,-0.7085647,5.8180532
2018-09-12 03:00:00,-2.1645257,6.891229
2018-09-12 03:30:00,3.0194678,6.5833874
2018-09-12 04:00:00,8.203465,6.712235
2018-09-12 04:30:00,-13.910795,6.403519
2018-09-12 05:00:00,-11.060101,6.2054043
2018-09-12 05:30:00,-37.254337,5.1730247
2018-09-12 06:00:00,-15.744525,3.4086757
2018-09-12 06:30:00,5.7652845,1.8197554
2018-09-12 07:00:00,-0.2560406,0.16742735
2018-09-12 07:30:00,-6.2773705,-4.704425
2018-09-12 08:00:00,-8.577694,-7.2415795
2018-09-12 08:30:00,-9.0335,-9.588428
2018-09-12 09:00:00,-11.998469,-13.840265
2018-09-12 09:30:00,-12.096386,-19.352402
2018-09-12 10:00:00,-13.797592,-22.004217
2018-09-12 10:30:00,-30.437769,-24.963713
2018-09-12 11:00:00,-34.93518,-27.789545
2018-09-12 11:30:00,-28.82203,-28.42735
2018-09-12 12:00:00,-15.040244,-29.634617
2018-09-12 12:30:00,-25.141302,-28.935516
2018-09-12 13:00:00,-14.375588,-27.45556
2018-09-12 13:30:00,-5.690839,-26.83775
2018-09-12 14:00:00,-2.732265,-25.88511
2018-09-12 14:30:00,-1.0311445,-25.53808
2018-09-12 15:00:00,-5.607022,-22.006262
2018-09-12 15:30:00,-13.708213,-17.048023
2018-09-12 16:00:00,-7.151108,-16.339373
2018-09-12 16:30:00,-1.516596,-12.213507
2018-09-12 17:00:00,1.3859278,-9.2504015
2018-09-12 17:30:00,4.2884517,-5.9200063
2018-09-12 18:00:00,2.6147268,-2.5359504
2018-09-12 18:30:00,8.058359,-0.27976176
2018-09-12 19:00:00,13.501993,2.174061
2018-09-12 19:30:00,13.556155,4.4534817
2018-09-12 20:00:00,13.610317,6.4947596
2018-09-12 20:30:00,13.66448,8.617727
2018-09-12 21:00:00,13.718642,8.262578
2018-09-12 21:30:00,13.772804,6.8440886
2018-09-12 22:00:00,13.826967,7.0707393
2018-09-12 22:30:00,13.881125,7.2706017
2018-09-12 23:00:00,13.935287,6.7292447
2018-09-12 23:30:00,13.9894495,5.7555103
2018-09-13 00:00:00,14.0436125,5.8151565
2018-09-13 00:30:00,14.0977745,6.236291
2018-09-13 01:00:00,14.151937,6.224743
2018-09-13 01:30:00,14.2060995,5.7426515
2018-09-13 02:00:00,15.703058,4.4004073
2018-09-13 02:30:00,17.200022,4.1749535
2018-09-13 03:00:00,19.074808,4.8692765
2018-09-13 03:30:00,20.949602,4.952491
2018-09-13 04:00:00,22.82439,4.18135
2018-09-13 04:30:00,24.699179,2.9488986
2018-09-13 05:00:00,26.573967,2.763634
2018-09-13 05:30:00,28.448765,0.035381448
2018-09-13 06:00:00,30.323555,-0.86984587
2018-09-13 06:30:00,32.19834,-1.1795361
2018-09-13 07:00:00,34.07313,-3.1265063
2018-09-13 07:30:00,35.94792,-4.6631694
2018-09-13 08:00:00,37.822712,-7.180697
2018-09-13 08:30:00,39.69751,-9.853275
2018-09-13 09:00:00,41.572296,-11.502352
2018-09-13 09:30:00,43.447086,-13.024596
2018-09-13 10:00:00,45.321877,-15.75773
2018-09-13 10:30:00,47.196663,-21.656574
2018-09-13 11:00:00,49.071453,-22.780071
2018-09-13 11:30:00,50.94625,-25.029772
2018-09-13 12:00:00,52.821037,-21.013914
2018-09-13 12:30:00,54.695827,-23.205725
2018-09-13 13:00:00,56.570618,-18.269512
2018-09-13 13:30:00,58.445404,-14.984461
2018-09-13 14:00:00,45.450623,-15.308592
2018-09-13 14:30:00,32.45583,-12.627747
2018-09-13 15:00:00,19.46104,-11.947737
2018-09-13 15:30:00,6.4662538,-11.081191
2018-09-13 16:00:00,-6.5285335,-9.016428
2018-09-13 16:30:00,-7.008978,-5.5222564
2018-09-13 17:00:00,1.0329068,-3.9589622
2018-09-13 17:30:00,-22.21473,-0.92648125
2018-09-13 18:00:00,25.78026,-0.10806407
2018-09-13 18:30:00,4.081952,2.4462276
2018-09-13 19:00:00,4.9068356,3.807684
2018-09-13 19:30:00,2.8474512,4.2899985
2018-09-13 20:00:00,4.662725,5.103102
2018-09-13 20:30:00,6.3306603,5.3855276
2018-09-13 21:00:00,2.2779422,6.2548213
2018-09-13 21:30:00,2.3807704,5.5997915
2018-09-13 22:00:00,2.4835985,5.219108
2018-09-13 22:30:00,2.5864265,5.295873
2018-09-13 23:00:00,2.6892548,4.799415
2018-09-13 23:30:00,2.7920828,5.369916
2018-09-14 00:00:00,1.9123286,5.056049
2018-09-14 00:30:00,2.48113,5.423659
2018-09-14 01:00:00,1.5168071,6.223161
2018-09-14 01:30:00,4.140506,7.6185327
2018-09-14 02:00:00,2.334674,8.125302
2018-09-14 02:30:00,-4.7877307,7.348328
2018-09-14 03:00:00,-11.910134,8.475771
2018-09-14 03:30:00,2.5316482,9.073528
2018-09-14 04:00:00,4.6535187,8.117953
2018-09-14 04:30:00,5.2712083,8.419783
2018-09-14 05:00:00,4.941515,8.528304
2018-09-14 05:30:00,4.611822,6.3975244
2018-09-14 06:00:00,-12.530812,6.42298
2018-09-14 06:30:00,-9.102671,5.635039
2018-09-14 07:00:00,-5.674528,6.2247124
2018-09-14 07:30:00,-2.2463853,2.7142692
2018-09-14 08:00:00,-4.347628,7.0382533
2018-09-14 08:30:00,-9.272497,8.811874
2018-09-14 09:00:00,-12.5393505,8.957042
2018-09-14 09:30:00,-15.806201,10.874345
2018-09-14 10:00:00,-17.43165,14.647202
2018-09-14 10:30:00,-8.128656,14.912036
2018-09-14 11:00:00,-11.733193,13.819299
2018-09-14 11:30:00,-22.675137,16.410213
2018-09-14 12:00:00,-17.68321,15.85134
2018-09-14 12:30:00,-24.10699,16.852724
2018-09-14 13:00:00,-21.801245,17.294928
2018-09-14 13:30:00,-24.407295,17.488165
2018-09-14 14:00:00,-13.7011385,16.207502
2018-09-14 14:30:00,-15.358369,16.839449
2018-09-14 15:00:00,-12.058311,16.49608
2018-09-14 15:30:00,-13.260538,16.838436
2018-09-14 16:00:00,-15.539182,17.06974
2018-09-14 16:30:00,-11.275846,11.519347
2018-09-14 17:00:00,-7.5935607,9.107015
2018-09-14 17:30:00,-4.282595,4.8763857
2018-09-14 18:00:00,-1.9701817,5.992853
2018-09-14 18:30:00,2.8698745,5.970491
2018-09-14 19:00:00,2.6967175,5.690215
2018-09-14 19:30:00,13.64023,6.706384
2018-09-14 20:00:00,-4.9208603,7.0796356
2018-09-14 20:30:00,-0.8669009,7.636469
2018-09-14 21:00:00,-11.675055,7.48913
2018-09-14 21:30:00,-9.929633,8.319803
2018-09-14 22:00:00,-7.7426906,8.440594
2018-09-14 22:30:00,-5.5557475,7.4657235
2018-09-14 23:00:00,2.5465477,8.673781
2018-09-14 23:30:00,-6.368345,7.077582
2018-09-15 00:00:00,-15.283238,7.0282345
2018-09-15 00:30:00,-24.198133,7.65967
2018-09-15 01:00:00,-25.617043,6.743397
2018-09-15 01:30:00,-9.692767,6.810178
2018-09-15 02:00:00,6.2315025,5.4775414
2018-09-15 02:30:00,-26.260326,4.816268
2018-09-15 03:00:00,-15.316417,1.8292106
2018-09-15 03:30:00,14.465922,1.7338978
2018-09-15 04:00:00,-25.618986,0.84383214
2018-09-15 04:30:00,-5.845981,0.613511
2018-09-15 05:00:00,13.92703,1.1415591
2018-09-15 05:30:00,7.0207543,1.7642429
2018-09-15 06:00:00,0.37922683,0.7409997
2018-09-15 06:30:00,-6.2623053,0.7250865
2018-09-15 07:00:00,7.913717,-0.28815964
2018-09-15 07:30:00,-10.386444,-1.3137405
2018-09-15 08:00:00,-8.259173,-2.7204459
2018-09-15 08:30:00,-11.486115,-3.9692256
2018-09-15 09:00:00,-20.976906,-8.111997
2018-09-15 09:30:00,-21.814157,-11.74271
2018-09-15 10:00:00,-24.185465,-16.076721
2018-09-15 10:30:00,-31.803652,-17.316137
2018-09-15 11:00:00,-31.756128,-20.023916
2018-09-15 11:30:00,-31.671175,-22.404491
2018-09-15 12:00:00,-11.74281,-21.805407
2018-09-15 12:30:00,-25.983524,-23.562098
2018-09-15 13:00:00,-37.269836,-22.105822
2018-09-15 13:30:00,-25.92093,-22.201553
2018-09-15 14:00:00,-19.033085,-20.657755
2018-09-15 14:30:00,-20.53378,-18.186432
2018-09-15 15:00:00,-21.522205,-14.827456
2018-09-15 15:30:00,-13.416297,-12.283761
2018-09-15 16:00:00,-11.893316,-10.361779
2018-09-15 16:30:00,-8.716928,-7.2486625
2018-09-15 17:00:00,-7.4587536,-4.5876193
2018-09-15 17:30:00,-3.3032637,-2.0342581
2018-09-15 18:00:00,0.8522213,0.64968044
2018-09-15 18:30:00,3.4365566,3.1353297
2018-09-15 19:00:00,4.240323,5.9208684
2018-09-15 19:30:00,1.3694903,7.8954744
2018-09-15 20:00:00,2.2877643,8.574532
2018-09-15 20:30:00,3.7081068,10.20386
2018-09-15 21:00:00,-29.148098,9.600978
2018-09-15 21:30:00,4.3989,9.525013
2018-09-15 22:00:00,3.716675,9.330297
2018-09-15 22:30:00,2.9063804,8.344857
2018-09-15 23:00:00,2.2904253,9.995373
2018-09-15 23:30:00,6.885252,8.8589325
2018-09-16 00:00:00,11.48008,6.603434
2018-09-16 00:30:00,16.074905,5.133779
2018-09-16 01:00:00,6.2136927,0.9002578
2018-09-16 01:30:00,4.970864,2.9035928
2018-09-16 02:00:00,4.810736,5.842294
2018-09-16 02:30:00,2.9645538,1.0730479
2018-09-16 03:00:00,4.4586287,0.582611
2018-09-16 03:30:00,3.228414,5.4548297
2018-09-16 04:00:00,2.9449356,-0.11197027
2018-09-16 04:30:00,2.80828,1.5178863
2018-09-16 05:00:00,3.3974116,4.875752
2018-09-16 05:30:00,4.8450313,5.4973874
2018-09-16 06:00:00,5.04963,5.6476054
2018-09-16 06:30:00,4.082804,4.439246
2018-09-16 07:00:00,2.6552875,5.351477
2018-09-16 07:30:00,2.3299243,1.9425602
2018-09-16 08:00:00,-0.734169,0.47991398
2018-09-16 08:30:00,-1.7017686,-1.5650738
2018-09-16 09:00:00,-5.906326,-6.302809
2018-09-16 09:30:00,-3.7482069,-10.096224
2018-09-16 10:00:00,-9.521415,-12.235755
2018-09-16 10:30:00,-10.013769,-17.510605
2018-09-16 11:00:00,-8.716455,-23.425486
2018-09-16 11:30:00,-16.039217,-20.02964
2018-09-16 12:00:00,-7.670815,-17.778477
2018-09-16 12:30:00,-10.681681,-19.4966
2018-09-16 13:00:00,-9.774557,-22.842487
2018-09-16 13:30:00,-4.3230944,-18.271967
2018-09-16 14:00:00,-4.9214544,-17.728918
2018-09-16 14:30:00,-3.7217069,-18.24894
2018-09-16 15:00:00,-3.5432236,-14.492202
2018-09-16 15:30:00,-3.147916,-12.105911
2018-09-16 16:00:00,-2.0752995,-10.122885
2018-09-16 16:30:00,-1.3450162,-5.8529763
2018-09-16 17:00:00,-1.8732042,-5.0331087
2018-09-16 17:30:00,-0.01056219,-2.9516628
2018-09-16 18:00:00,1.0416279,-1.1144941
2018-09-16 18:30:00,3.3282492,1.0057993
2018-09-16 19:00:00,3.8898628,2.8389003
2018-09-16 19:30:00,4.5425463,3.5217893
2018-09-16 20:00:00,4.0876365,4.7656054
2018-09-16 20:30:00,3.0626326,5.633628
2018-09-16 21:00:00,4.406485,2.491105
2018-09-16 21:30:00,3.1129236,3.622992
2018-09-16 22:00:00,4.2076797,4.909977
2018-09-16 22:30:00,4.426322,4.092019
2018-09-16 23:00:00,3.8815653,2.122044
2018-09-16 23:30:00,3.3886423,2.876149
2018-09-17 00:00:00,3.6491687,5.218776
2018-09-17 00:30:00,3.2114522,4.786836
2018-09-17 01:00:00,3.7866545,4.2766542
2018-09-17 01:30:00,3.313376,5.1048846
2018-09-17 02:00:00,2.5060875,5.120689
2018-09-17 02:30:00,3.0457711,4.472667
2018-09-17 03:00:00,2.7487915,6.508287
2018-09-17 03:30:00,-18.3069,6.633744
2018-09-17 04:00:00,-39.36259,6.605125
2018-09-17 04:30:00,40.938698,6.0372806
2018-09-17 05:00:00,12.640131,6.393238
2018-09-17 05:30:00,13.443724,3.852365
2018-09-17 06:00:00,14.247311,3.9362738
2018-09-17 06:30:00,15.050899,2.2846534
2018-09-17 07:00:00,15.854486,0.7586562
2018-09-17 07:30:00,16.658077,-2.2347324
2018-09-17 08:00:00,17.461666,-3.3136277
2018-09-17 08:30:00,54.002483,-5.648417
2018-09-17 09:00:00,7.264096,-9.731864
2018-09-17 09:30:00,-39.47429,-8.9479475
2018-09-17 10:00:00,-16.425962,-11.145661
2018-09-17 10:30:00,55.01298,-13.35588
2018-09-17 11:00:00,-20.474878,-14.843851
2018-09-17 11:30:00,-16.988775,-15.2596855
2018-09-17 12:00:00,-21.966621,-13.977253
2018-09-17 12:30:00,-23.021513,-16.04999
2018-09-17 13:00:00,-14.05182,-11.962815
2018-09-17 13:30:00,-15.322132,-10.754849
2018-09-17 14:00:00,-11.547151,-11.546326
2018-09-17 14:30:00,-9.504593,-9.090424
2018-09-17 15:00:00,-7.2935615,-8.171952
2018-09-17 15:30:00,-7.2085166,-8.978358
2018-09-17 16:00:00,-5.847519,-8.357824
2018-09-17 16:30:00,-3.1520758,-4.535785
2018-09-17 17:00:00,0.9279551,-3.0476484
2018-09-17 17:30:00,1.2260666,-2.155302
2018-09-17 18:00:00,2.5091155,-0.162174
2018-09-17 18:30:00,4.2681518,1.1203417
2018-09-17 19:00:00,3.2995558,2.231068
2018-09-17 19:30:00,3.720057,1.3713211
2018-09-17 20:00:00,3.8488827,2.8705869
2018-09-17 20:30:00,2.8987691,3.223669
2018-09-17 21:00:00,4.3916903,1.8777759
2018-09-17 21:30:00,4.214592,3.806002
2018-09-17 22:00:00,3.8344724,3.685456
2018-09-17 22:30:00,2.6586475,2.1490595
2018-09-17 23:00:00,3.938524,2.8616822
2018-09-17 23:30:00,3.2450876,2.7917244
2018-09-18 00:00:00,3.808536,2.8417666
2018-09-18 00:30:00,3.5428581,2.8659508
2018-09-18 01:00:00,4.9641266,4.1462774
2018-09-18 01:30:00,4.891923,3.1135309
2018-09-18 02:00:00,2.5707102,2.9635663
2018-09-18 02:30:00,4.4974985,2.9138696
2018-09-18 03:00:00,3.920837,3.1018474
2018-09-18 03:30:00,3.1359282,2.2439923
2018-09-18 04:00:00,4.0048985,1.0804583
2018-09-18 04:30:00,3.3756871,3.0113363
2018-09-18 05:00:00,3.0935063,1.7621019
2018-09-18 05:30:00,4.4073195,0.83716017
2018-09-18 06:00:00,4.167041,0.74963784
2018-09-18 06:30:00,3.315329,0.15665255
2018-09-18 07:00:00,1.6620003,-1.2236141
2018-09-18 07:30:00,-0.6306156,-3.2329915
2018-09-18 08:00:00,-2.923227,-3.0632296
2018-09-18 08:30:00,-10.930226,-4.701921
2018-09-18 09:00:00,-9.210453,-6.320898
2018-09-18 09:30:00,-11.599662,-12.055878
2018-09-18 10:00:00,-7.640614,-11.9566765
2018-09-18 10:30:00,-4.299286,-5.62186
2018-09-18 11:00:00,-4.785769,-11.884386
2018-09-18 11:30:00,-8.308359,-11.4794
2018-09-18 12:00:00,-18.37727,-13.583846
2018-09-18 12:30:00,-21.628714,-14.499783
2018-09-18 13:00:00,-17.618237,-12.06359
2018-09-18 13:30:00,-13.987182,-10.611876
2018-09-18 14:00:00,-16.42195,-7.7896614
2018-09-18 14:30:00,-17.550365,-8.764313
2018-09-18 15:00:00,-9.324357,-4.759015
2018-09-18 15:30:00,-9.556042,-4.496662
2018-09-18 16:00:00,-9.010766,-3.3862724
2018-09-18 16:30:00,-12.821745,-2.0769904
2018-09-18 17:00:00,-2.4547112,-1.8003017
2018-09-18 17:30:00,-0.1450156,0.047213625
2018-09-18 18:00:00,1.4146256,0.935951
2018-09-18 18:30:00,2.154032,2.736933
2018-09-18 19:00:00,2.8288465,2.5886724
2018-09-18 19:30:00,3.5036652,2.2932525
2018-09-18 20:00:00,2.6407988,3.1345956
2018-09-18 20:30:00,2.4601746,3.3065991
2018-09-18 21:00:00,-6.761686,3.7032785
2018-09-18 21:30:00,5.3647556,3.4047782
2018-09-18 22:00:00,1.8281446,2.6479032
2018-09-18 22:30:00,-6.087894,2.999784
2018-09-18 23:00:00,-14.00393,3.570241
2018-09-18 23:30:00,-21.91997,2.7103412
2018-09-19 00:00:00,48.44938,2.7672956
2018-09-19 00:30:00,38.43981,3.231783
2018-09-19 01:00:00,23.799015,4.828576
2018-09-19 01:30:00,9.158223,4.46974
2018-09-19 02:00:00,-5.4825654,3.9080958
2018-09-19 02:30:00,3.2142968,3.6309836
2018-09-19 03:00:00,10.626541,6.436949
2018-09-19 03:30:00,18.03879,6.4281273
2018-09-19 04:00:00,25.451038,5.92103
2018-09-19 04:30:00,16.164394,5.9515805
2018-09-19 05:00:00,10.414126,8.846995
2018-09-19 05:30:00,6.3877892,7.1568418
2018-09-19 06:00:00,2.3614535,5.647946
2018-09-19 06:30:00,2.1347413,5.4724865
2018-09-19 07:00:00,1.9624931,7.4288244
2018-09-19 07:30:00,-2.0444694,4.0853734
2018-09-19 08:00:00,-6.0514317,0.97628003
2018-09-19 08:30:00,-7.4319606,-0.78436404
2018-09-19 09:00:00,-2.6446989,-2.936571
2018-09-19 09:30:00,-6.5964503,-5.162288
2018-09-19 10:00:00,-14.891382,-8.480275
2018-09-19 10:30:00,-20.1435,-8.186704
2018-09-19 11:00:00,-21.534616,-9.220144
2018-09-19 11:30:00,-23.994886,-9.244542
2018-09-19 12:00:00,-23.753712,-15.846379
2018-09-19 12:30:00,-17.869402,-15.624757
2018-09-19 13:00:00,-14.043387,-14.051427
2018-09-19 13:30:00,-23.558203,-13.133825
2018-09-19 14:00:00,-18.533405,-13.170113
2018-09-19 14:30:00,-23.777437,-13.67579
2018-09-19 15:00:00,-18.416286,-12.054545
2018-09-19 15:30:00,-7.416904,-11.03253
2018-09-19 16:00:00,-12.430235,-8.488895
2018-09-19 16:30:00,-1.7134042,-6.4477096
2018-09-19 17:00:00,5.391256,-6.758431
2018-09-19 17:30:00,2.5854654,-3.1284726
2018-09-19 18:00:00,22.332823,-0.87148434
2018-09-19 18:30:00,42.08019,1.6418183
2018-09-19 19:00:00,61.82755,2.1129253
2018-09-19 19:30:00,47.385124,2.570321
2018-09-19 20:00:00,32.942696,3.9295275
2018-09-19 20:30:00,18.50027,3.721975
2018-09-19 21:00:00,4.0578465,1.6098784
2018-09-19 21:30:00,5.273847,3.7785974
2018-09-19 22:00:00,6.489853,3.1284785
2018-09-19 22:30:00,7.705854,2.4305851
2018-09-19 23:00:00,5.6501393,1.8621686
2018-09-19 23:30:00,3.594421,-1.231374
2018-09-20 00:00:00,1.5387018,5.75818
2018-09-20 00:30:00,-0.5170127,6.443525
2018-09-20 01:00:00,-2.5727315,6.1135387
2018-09-20 01:30:00,-4.628446,5.274035
2018-09-20 02:00:00,-6.684165,4.7007337
2018-09-20 02:30:00,-8.739884,4.402758
2018-09-20 03:00:00,-10.795598,4.9076962
2018-09-20 03:30:00,-12.851316,4.845774
2018-09-20 04:00:00,-14.907034,5.4612265
2018-09-20 04:30:00,-10.193088,7.4958415
2018-09-20 05:00:00,-5.479144,5.891161
2018-09-20 05:30:00,-0.7651957,4.207846
2018-09-20 06:00:00,3.9487484,4.1203322
2018-09-20 06:30:00,-3.505123,2.4304717
2018-09-20 07:00:00,46.747925,0.16245067
2018-09-20 07:30:00,37.417255,-1.9689933
2018-09-20 08:00:00,28.086582,-4.109058
2018-09-20 08:30:00,18.755907,-7.5542235
2018-09-20 09:00:00,9.425239,-8.546449
2018-09-20 09:30:00,0.094572924,-9.858724
2018-09-20 10:00:00,-9.236096,-15.380882
2018-09-20 10:30:00,-5.961738,-18.885677
2018-09-20 11:00:00,-8.12049,-22.449718
2018-09-20 11:30:00,-12.392641,-24.332674
2018-09-20 12:00:00,-9.7192545,-24.705833
2018-09-20 12:30:00,-8.351445,-22.24893
2018-09-20 13:00:00,-15.275487,-18.840742
2018-09-20 13:30:00,-11.8484125,-20.18924
2018-09-20 14:00:00,-9.923242,-17.367233
2018-09-20 14:30:00,-3.1844044,-17.49826
2018-09-20 15:00:00,-2.6061394,-16.50442
2018-09-20 15:30:00,-40.024334,-13.574749
2018-09-20 16:00:00,-28.424145,-13.009951
2018-09-20 16:30:00,-16.823952,-6.8315516
2018-09-20 17:00:00,-5.2237606,-3.7897594
2018-09-20 17:30:00,6.3764334,-3.2583425
2018-09-20 18:00:00,17.976624,-0.5684355
2018-09-20 18:30:00,10.529193,1.7772853
2018-09-20 19:00:00,3.0817616,3.4566772
2018-09-20 19:30:00,2.3231387,3.9644299
2018-09-20 20:00:00,2.1163507,4.944626
2018-09-20 20:30:00,26.489159,6.319907
2018-09-20 21:00:00,-31.2065,5.9558535
2018-09-20 21:30:00,-20.057098,5.318987
2018-09-20 22:00:00,-8.907693,4.947584
2018-09-20 22:30:00,2.241707,5.691294
2018-09-20 23:00:00,3.073617,5.9431124
2018-09-20 23:30:00,6.5356436,5.3843613
2018-09-21 00:00:00,-8.284385,5.0289326
2018-09-21 00:30:00,-2.2564435,5.068737
2018-09-21 01:00:00,-4.2222414,5.1701455
2018-09-21 01:30:00,-6.188035,5.1284747
2018-09-21 02:00:00,-8.153832,5.2390194
2018-09-21 02:30:00,-10.11963,5.674315
2018-09-21 03:00:00,-3.2615016,6.698384
2018-09-21 03:30:00,60.08334,5.956902
2018-09-21 04:00:00,13.628131,5.5097876
2018-09-21 04:30:00,4.783052,4.2981296
2018-09-21 05:00:00,13.076864,4.990526
2018-09-21 05:30:00,1.3051561,5.2221055
2018-09-21 06:00:00,2.4598904,4.196442
2018-09-21 06:30:00,2.4703245,2.8596678
2018-09-21 07:00:00,0.8025724,3.370269
2018-09-21 07:30:00,-1.1299834,1.6496613
2018-09-21 08:00:00,-4.9296336,0.551178
2018-09-21 08:30:00,-6.842475,-2.14236
2018-09-21 09:00:00,-9.238745,-3.89212
2018-09-21 09:30:00,-12.364852,-6.189206
2018-09-21 10:00:00,-9.1108675,-10.023252
2018-09-21 10:30:00,-15.86245,-10.923489
2018-09-21 11:00:00,-13.453513,-14.589729
2018-09-21 11:30:00,-14.208835,-12.299569
2018-09-21 12:00:00,-18.932917,-11.822341
2018-09-21 12:30:00,-18.046679,-11.696094
2018-09-21 13:00:00,-5.857778,-14.853751
2018-09-21 13:30:00,-12.230953,-12.313376
2018-09-21 14:00:00,-13.105914,-10.926066
2018-09-21 14:30:00,-17.393131,-10.151251
2018-09-21 15:00:00,-7.7705717,-7.5521917
2018-09-21 15:30:00,-10.488297,-12.857059
2018-09-21 16:00:00,-10.897102,-10.574924
2018-09-21 16:30:00,-9.639946,-7.5796704
2018-09-21 17:00:00,-3.631681,-5.0152206
2018-09-21 17:30:00,-1.3261538,-0.5208883
2018-09-21 18:00:00,-1.2655292,1.3158872
2018-09-21 18:30:00,-10.038762,3.4804466
2018-09-21 19:00:00,-7.981934,4.279372
2018-09-21 19:30:00,-5.4420485,5.2951913
2018-09-21 20:00:00,-2.9021623,6.2716
2018-09-21 20:30:00,-47.892197,7.3244367
2018-09-21 21:00:00,3.9192946,5.238137
2018-09-21 21:30:00,5.438261,5.146625
2018-09-21 22:00:00,7.4528775,4.069277
2018-09-21 22:30:00,6.3310795,4.48623
2018-09-21 23:00:00,5.2092857,3.4485984
2018-09-21 23:30:00,4.0874925,2.8260064
2018-09-22 00:00:00,2.9656942,2.6748097
2018-09-22 00:30:00,1.8439004,1.9755661
2018-09-22 01:00:00,0.7221023,2.1045842
2018-09-22 01:30:00,-0.3996915,1.4547274
2018-09-22 02:00:00,-1.5214852,1.1906269
2018-09-22 02:30:00,-2.6432831,0.9841361
2018-09-22 03:00:00,-3.7650769,1.985537
2018-09-22 03:30:00,-4.886871,5.73847
2018-09-22 04:00:00,-6.008669,4.2468815
2018-09-22 04:30:00,-7.1304626,3.555669
2018-09-22 05:00:00,5.2941036,4.8101554
2018-09-22 05:30:00,-6.522766,4.8780417
2018-09-22 06:00:00,5.4783587,4.1486325
2018-09-22 06:30:00,-11.180834,2.6431494
2018-09-22 07:00:00,-7.776872,1.2737361
2018-09-22 07:30:00,-4.372914,-1.5257016
2018-09-22 08:00:00,-0.9689513,-4.475519
2018-09-22 08:30:00,-6.223182,-7.0133514
2018-09-22 09:00:00,-10.995963,-11.315777
2018-09-22 09:30:00,-13.121299,-14.247807
2018-09-22 10:00:00,-22.255127,-14.940859
2018-09-22 10:30:00,-20.813519,-16.735493
2018-09-22 11:00:00,-22.163282,-18.888308
2018-09-22 11:30:00,-21.62673,-17.299086
2018-09-22 12:00:00,-20.85918,-18.824636
2018-09-22 12:30:00,-19.110579,-17.24864
2018-09-22 13:00:00,-24.810286,-10.8264065
2018-09-22 13:30:00,-24.979818,-12.758066
2018-09-22 14:00:00,-22.64404,-12.918307
2018-09-22 14:30:00,-27.988968,-12.720831
2018-09-22 15:00:00,-23.22778,-9.918313
2018-09-22 15:30:00,-15.627525,-8.876806
2018-09-22 16:00:00,-11.013217,-8.730608
2018-09-22 16:30:00,-9.850378,-5.732898
2018-09-22 17:00:00,-3.2072124,-4.313674
2018-09-22 17:30:00,-4.593535,-1.9368
2018-09-22 18:00:00,2.17341,-0.20639612
2018-09-22 18:30:00,4.5359836,0.6249237
2018-09-22 19:00:00,6.8985567,1.8901674
2018-09-22 19:30:00,9.26113,1.8951659
2018-09-22 20:00:00,-26.758867,2.0651333
2018-09-22 20:30:00,-20.528172,-2.219881
2018-09-22 21:00:00,-18.449167,0.37456912
2018-09-22 21:30:00,-16.370157,1.5606577
2018-09-22 22:00:00,-14.291153,1.0999674
2018-09-22 22:30:00,-12.212148,1.8246971
2018-09-22 23:00:00,-10.13314,0.8180093
2018-09-22 23:30:00,-8.054137,1.1640482
2018-09-23 00:00:00,-5.97513,1.8196899
2018-09-23 00:30:00,-3.8961222,1.6536505
2018-09-23 01:00:00,-1.8171194,2.1795444
2018-09-23 01:30:00,0.26188818,3.8674917
2018-09-23 02:00:00,2.3408957,3.5717309
2018-09-23 02:30:00,4.419899,1.1350313
2018-09-23 03:00:00,6.498906,1.4985738
2018-09-23 03:30:00,8.577913,1.6887275
2018-09-23 04:00:00,10.656918,1.739259
2018-09-23 04:30:00,12.735925,2.1287203
2018-09-23 05:00:00,14.814932,2.3200715
2018-09-23 05:30:00,16.893936,2.4450347
2018-09-23 06:00:00,18.972942,4.228548
2018-09-23 06:30:00,21.051949,3.0067005
2018-09-23 07:00:00,23.130953,-0.083814226
2018-09-23 07:30:00,-10.864826,-1.6933533
2018-09-23 08:00:00,-9.93939,-1.982429
2018-09-23 08:30:00,-20.628693,-5.412621
2018-09-23 09:00:00,-13.451219,-10.990693
2018-09-23 09:30:00,-19.433678,-11.016451
2018-09-23 10:00:00,-18.68742,-15.410877
2018-09-23 10:30:00,-19.487068,-18.28375
2018-09-23 11:00:00,-22.770102,-18.580112
2018-09-23 11:30:00,-24.855576,-16.033474
2018-09-23 12:00:00,-25.685072,-19.378016
2018-09-23 12:30:00,-23.996834,-17.231993
2018-09-23 13:00:00,-24.867008,-20.058714
2018-09-23 13:30:00,-26.192513,-21.255102
2018-09-23 14:00:00,-21.767864,-17.34599
2018-09-23 14:30:00,-20.515343,-20.399706
2018-09-23 15:00:00,-18.39268,-15.446252
2018-09-23 15:30:00,-15.582173,-13.84584
2018-09-23 16:00:00,-13.986317,-10.269428
2018-09-23 16:30:00,-9.806706,-6.8476834
2018-09-23 17:00:00,-5.6214843,-5.7597
2018-09-23 17:30:00,-4.989258,-3.2110443
2018-09-23 18:00:00,-4.3570356,-0.8486589
2018-09-23 18:30:00,-3.7248092,0.7324532
2018-09-23 19:00:00,-3.0925827,1.9441506
2018-09-23 19:30:00,-12.040599,3.1411757
2018-09-23 20:00:00,-10.076085,2.5378482
2018-09-23 20:30:00,-24.586487,2.4996688
2018-09-23 21:00:00,23.449614,2.1663141
2018-09-23 21:30:00,10.955588,2.2012908
2018-09-23 22:00:00,-1.5384339,1.3735669
2018-09-23 22:30:00,-7.7369885,0.67167133
2018-09-23 23:00:00,12.207265,0.78172195
2018-09-23 23:30:00,-27.37057,-0.17022233
2018-09-24 00:00:00,-16.54307,0.9545775
2018-09-24 00:30:00,-5.715574,1.2909514
2018-09-24 01:00:00,-4.8831744,1.0213673
2018-09-24 01:30:00,-5.503368,1.4057121
2018-09-24 02:00:00,-6.123561,2.2389545
2018-09-24 02:30:00,-6.7437544,3.2468615
2018-09-24 03:00:00,3.8746617,3.9193425
2018-09-24 03:30:00,0.005289784,3.781315
2018-09-24 04:00:00,-3.8640776,3.742371
2018-09-24 04:30:00,-7.733445,3.378938
2018-09-24 05:00:00,-11.602817,3.7715278
2018-09-24 05:30:00,-15.472186,3.5397778
2018-09-24 06:00:00,-19.341555,2.651189
2018-09-24 06:30:00,-23.210924,1.1917498
2018-09-24 07:00:00,-27.080294,0.4826623
2018-09-24 07:30:00,-30.949663,-2.2911186
2018-09-24 08:00:00,-34.81903,-6.119157
2018-09-24 08:30:00,-12.748585,-9.817887
2018-09-24 09:00:00,-14.757522,-11.338118
2018-09-24 09:30:00,-17.206244,-14.431542
2018-09-24 10:00:00,-21.094666,-18.539541
2018-09-24 10:30:00,-23.204947,-18.275
2018-09-24 11:00:00,-24.182528,-21.219868
2018-09-24 11:30:00,-32.334095,-21.477812
2018-09-24 12:00:00,-23.665861,-22.243422
2018-09-24 12:30:00,-28.536266,-23.696577
2018-09-24 13:00:00,-25.090643,-23.07326
2018-09-24 13:30:00,-25.33348,-21.336346
2018-09-24 14:00:00,-22.143677,-20.121628
2018-09-24 14:30:00,-18.358171,-18.306934
2018-09-24 15:00:00,-10.174125,-15.546659
2018-09-24 15:30:00,-8.628658,-11.912966
2018-09-24 16:00:00,-17.08607,-10.2586975
2018-09-24 16:30:00,-8.282689,-6.8914337
2018-09-24 17:00:00,-2.8563848,-4.836475
2018-09-24 17:30:00,-1.1086391,-1.7972825
2018-09-24 18:00:00,4.388658,-0.5885301
2018-09-24 18:30:00,-2.711681,1.7344658
2018-09-24 19:00:00,-3.6849039,2.1953616
2018-09-24 19:30:00,-1.8194656,2.9821055
2018-09-24 20:00:00,6.493619,3.149827
2018-09-24 20:30:00,0.8924848,2.9275236
2018-09-24 21:00:00,3.2280734,4.9324355
2018-09-24 21:30:00,5.563657,5.3507915
2018-09-24 22:00:00,3.1315022,4.571345
2018-09-24 22:30:00,4.0104127,3.3783262
2018-09-24 23:00:00,2.9678135,4.4222803
2018-09-24 23:30:00,4.3946877,1.3176
2018-09-25 00:00:00,4.009906,1.6212561
2018-09-25 00:30:00,3.6345053,2.890511
2018-09-25 01:00:00,4.1903553,2.1968865
2018-09-25 01:30:00,3.4774666,2.2786849
2018-09-25 02:00:00,3.5948534,2.20528
2018-09-25 02:30:00,3.3678792,1.4508343
2018-09-25 03:00:00,3.8333933,2.1894367
2018-09-25 03:30:00,3.582331,2.437349
2018-09-25 04:00:00,3.963001,1.6228815
2018-09-25 04:30:00,3.7357385,1.6022933
2018-09-25 05:00:00,3.7973986,1.2050239
2018-09-25 05:30:00,3.617941,1.2759296
2018-09-25 06:00:00,3.339592,-1.041159
2018-09-25 06:30:00,2.7365572,-2.7469678
2018-09-25 07:00:00,-1.6101654,-5.053203
2018-09-25 07:30:00,-8.313554,-8.482953
2018-09-25 08:00:00,-7.4850307,-11.758269
2018-09-25 08:30:00,-8.050275,-12.583874
2018-09-25 09:00:00,-8.822015,-15.228195
2018-09-25 09:30:00,-16.513016,-15.66267
2018-09-25 10:00:00,-18.846697,-17.027138
2018-09-25 10:30:00,-24.214672,-19.758911
2018-09-25 11:00:00,-20.08634,-20.27316
2018-09-25 11:30:00,-15.192031,-20.81012
2018-09-25 12:00:00,-15.442125,-20.410744
2018-09-25 12:30:00,-14.181052,-21.640093
2018-09-25 13:00:00,-9.414987,-20.122559
2018-09-25 13:30:00,-6.636063,-18.232254
2018-09-25 14:00:00,-7.014745,-16.343033
2018-09-25 14:30:00,-6.3995156,-15.881137
2018-09-25 15:00:00,-5.784286,-11.668405
2018-09-25 15:30:00,-25.58264,-9.38548
2018-09-25 16:00:00,-8.402921,-9.759474
2018-09-25 16:30:00,8.776797,-7.288729
2018-09-25 17:00:00,11.646316,-4.5374546
2018-09-25 17:30:00,14.515833,-2.3808124
2018-09-25 18:00:00,14.53182,-0.118428156
2018-09-25 18:30:00,14.547808,0.21078435
2018-09-25 19:00:00,12.299484,1.2179483
2018-09-25 19:30:00,10.051165,2.1361701
2018-09-25 20:00:00,27.856369,3.2462018
2018-09-25 20:30:00,45.661575,3.1570454
2018-09-25 21:00:00,10.789186,4.3694415
2018-09-25 21:30:00,-24.083206,4.7470007
2018-09-25 22:00:00,3.1697338,4.409487
2018-09-25 22:30:00,3.8638957,4.513477
2018-09-25 23:00:00,4.558062,4.0481157
2018-09-25 23:30:00,5.252228,4.7253504
2018-09-26 00:00:00,5.946394,5.0718045
2018-09-26 00:30:00,6.64056,4.6542788
2018-09-26 01:00:00,5.539189,4.6139016
2018-09-26 01:30:00,4.4378133,5.182056
2018-09-26 02:00:00,3.3364418,5.5324206
2018-09-26 02:30:00,-8.764348,6.02769
2018-09-26 03:00:00,2.3938565,6.386531
2018-09-26 03:30:00,3.8204818,7.0381355
2018-09-26 04:00:00,3.3616922,6.3156123
2018-09-26 04:30:00,3.5412896,5.9768786
2018-09-26 05:00:00,2.1997964,6.1180477
2018-09-26 05:30:00,2.4999268,4.697837
2018-09-26 06:00:00,3.6899564,2.9885678
2018-09-26 06:30:00,2.856312,1.3117275
2018-09-26 07:00:00,2.3104415,-0.0226609
2018-09-26 07:30:00,-0.62402666,-3.368568
2018-09-26 08:00:00,-3.5584943,-5.8585253
2018-09-26 08:30:00,-8.065541,-6.6218715
2018-09-26 09:00:00,-8.704361,-9.510998
2018-09-26 09:30:00,-13.501545,-12.913366
2018-09-26 10:00:00,-21.621326,-15.870095
2018-09-26 10:30:00,-28.22736,-16.407429
2018-09-26 11:00:00,-29.535593,-18.408659
2018-09-26 11:30:00,-34.14289,-18.383617
2018-09-26 12:00:00,-30.858126,-18.263697
2018-09-26 12:30:00,-28.772469,-17.396954
2018-09-26 13:00:00,-21.360325,-14.726634
2018-09-26 13:30:00,-19.289267,-12.891156
2018-09-26 14:00:00,-11.974691,-11.912834
2018-09-26 14:30:00,-6.717481,-10.285822
2018-09-26 15:00:00,-2.6176484,-7.8614235
2018-09-26 15:30:00,-13.006188,-9.009529
2018-09-26 16:00:00,-10.934521,-5.818747
2018-09-26 16:30:00,-9.2368965,-2.73223
2018-09-26 17:00:00,-2.502158,0.19713014
2018-09-26 17:30:00,-2.4855194,2.2524865
2018-09-26 18:00:00,0.48448867,3.4844575
2018-09-26 18:30:00,2.1346583,5.6259727
2018-09-26 19:00:00,2.7254329,6.2688036
2018-09-26 19:30:00,3.573566,5.6203403
2018-09-26 20:00:00,4.0778494,7.331139
2018-09-26 20:30:00,3.988719,8.511723
2018-09-26 21:00:00,3.3513544,5.4409833
2018-09-26 21:30:00,0.6781074,4.1663632
2018-09-26 22:00:00,1.0405531,3.7798557
2018-09-26 22:30:00,2.7550178,4.154068
2018-09-26 23:00:00,6.9029655,3.6527297
2018-09-26 23:30:00,3.523074,3.1676846
2018-09-27 00:00:00,3.3803275,3.4147403
2018-09-27 00:30:00,2.1638062,4.0236783
2018-09-27 01:00:00,2.958603,4.316241
2018-09-27 01:30:00,2.5444329,5.0700216
2018-09-27 02:00:00,2.7176292,4.3553767
2018-09-27 02:30:00,2.071482,4.7262945
2018-09-27 03:00:00,-3.7308562,5.7146397
2018-09-27 03:30:00,-7.7951536,5.5269065
2018-09-27 04:00:00,-1.4643561,4.597132
2018-09-27 04:30:00,-9.30774,4.7401013
2018-09-27 05:00:00,11.315853,4.5347733
2018-09-27 05:30:00,20.82068,3.0281103
2018-09-27 06:00:00,-6.4511,1.4397755
2018-09-27 06:30:00,-2.766468,0.08618379
2018-09-27 07:00:00,0.918159,-2.031016
2018-09-27 07:30:00,-5.1840825,-3.9320078
2018-09-27 08:00:00,-9.463687,-6.257018
2018-09-27 08:30:00,-9.844864,-8.207606
2018-09-27 09:00:00,-16.924047,-9.809922
2018-09-27 09:30:00,-17.151838,-11.87088
2018-09-27 10:00:00,-20.486599,-15.389411
2018-09-27 10:30:00,-22.39096,-19.861534
2018-09-27 11:00:00,-20.874298,-20.224497
2018-09-27 11:30:00,-23.074474,-23.553997
2018-09-27 12:00:00,-21.106466,-23.708448
2018-09-27 12:30:00,-19.094564,-22.700996
2018-09-27 13:00:00,-17.094164,-20.260422
2018-09-27 13:30:00,-20.321703,-18.132
2018-09-27 14:00:00,-19.032648,-16.744864
2018-09-27 14:30:00,-22.595242,-12.597925
2018-09-27 15:00:00,-9.944891,-9.421357
2018-09-27 15:30:00,-22.840158,-9.669255
2018-09-27 16:00:00,-8.072555,-7.0969367
2018-09-27 16:30:00,-9.969193,-5.2021103
2018-09-27 17:00:00,-6.303368,-3.2293825
2018-09-27 17:30:00,-3.0744717,-0.6423997
2018-09-27 18:00:00,0.15442856,0.35501194
2018-09-27 18:30:00,3.3833249,2.311691
2018-09-27 19:00:00,3.9445624,4.018391
2018-09-27 19:30:00,4.5058002,4.4746423
2018-09-27 20:00:00,3.550024,4.6656218
2018-09-27 20:30:00,2.7002044,4.9705057
2018-09-27 21:00:00,-7.9899344,5.2831016
2018-09-27 21:30:00,-7.740611,5.4965744
2018-09-27 22:00:00,-5.094231,4.9454036
2018-09-27 22:30:00,-1.8638232,4.619971
2018-09-27 23:00:00,1.3665847,4.553356
2018-09-27 23:30:00,4.5969925,3.939979
2018-09-28 00:00:00,7.8274,3.7467406
2018-09-28 00:30:00,11.057809,3.375661
2018-09-28 01:00:00,9.428581,4.0449657
2018-09-28 01:30:00,7.7993536,3.8983347
2018-09-28 02:00:00,-15.911593,3.190392
2018-09-28 02:30:00,-14.733915,3.2326436
2018-09-28 03:00:00,-5.660179,2.6906443
2018-09-28 03:30:00,-2.2028098,2.7514699
2018-09-28 04:00:00,1.2545635,3.464376
2018-09-28 04:30:00,4.00042,3.7235086
2018-09-28 05:00:00,3.0024493,3.5658584
2018-09-28 05:30:00,-4.43304,3.6817858
2018-09-28 06:00:00,-4.206459,2.441264
2018-09-28 06:30:00,-3.979874,0.7216741
2018-09-28 07:00:00,-3.7532928,-1.0031108
2018-09-28 07:30:00,-3.526712,-3.562759
2018-09-28 08:00:00,-7.739951,-6.066725
2018-09-28 08:30:00,-5.695038,-9.50759
2018-09-28 09:00:00,-18.697874,-15.153327
2018-09-28 09:30:00,-13.794977,-16.307222
2018-09-28 10:00:00,-18.584581,-18.586273
2018-09-28 10:30:00,-17.803524,-19.745634
2018-09-28 11:00:00,-19.436964,-21.012865
2018-09-28 11:30:00,-22.50214,-22.374063
2018-09-28 12:00:00,-21.576042,-20.825464
2018-09-28 12:30:00,-25.587265,-20.213049
2018-09-28 13:00:00,-21.076563,-19.150345
2018-09-28 13:30:00,-18.466064,-18.39403
2018-09-28 14:00:00,-21.665693,-16.491076
2018-09-28 14:30:00,-18.390034,-17.236153
2018-09-28 15:00:00,-14.212365,-13.110978
2018-09-28 15:30:00,-12.796875,-12.828963
2018-09-28 16:00:00,-10.503992,-9.443186
2018-09-28 16:30:00,-7.851824,-7.2863827
2018-09-28 17:00:00,-2.3313034,-4.886102
2018-09-28 17:30:00,-3.272604,-2.3241727
2018-09-28 18:00:00,-4.213909,-0.7097881
2018-09-28 18:30:00,-5.15521,1.2950149
2018-09-28 19:00:00,-6.0965104,2.9047945
2018-09-28 19:30:00,-4.3399687,4.092032
2018-09-28 20:00:00,-33.409824,4.8261075
2018-09-28 20:30:00,-19.522102,5.0422854
2018-09-28 21:00:00,-5.634378,4.9812584
2018-09-28 21:30:00,-30.016665,4.9049873
2018-09-28 22:00:00,-2.7101166,4.5646815
2018-09-28 22:30:00,13.806663,4.3070736
2018-09-28 23:00:00,30.32344,3.8192759
2018-09-28 23:30:00,-6.713711,3.5957491
2018-09-29 00:00:00,-25.445415,4.1271615
2018-09-29 00:30:00,-44.177116,4.539025
2018-09-29 01:00:00,18.165321,4.065716
2018-09-29 01:30:00,16.195347,4.1309147
2018-09-29 02:00:00,14.225372,2.5885937
2018-09-29 02:30:00,12.255402,2.1668384
2018-09-29 03:00:00,10.285427,2.4807715
2018-09-29 03:30:00,8.315452,3.4451947
2018-09-29 04:00:00,6.345481,3.0999553
2018-09-29 04:30:00,4.3755064,3.0160685
2018-09-29 05:00:00,2.4055314,2.876328
2018-09-29 05:30:00,0.4355608,1.5488999
2018-09-29 06:00:00,-1.5344142,0.37907392
2018-09-29 06:30:00,-3.5043888,-0.8062588
2018-09-29 07:00:00,-5.4743595,-2.3581617
2018-09-29 07:30:00,-7.4443345,-3.8353534
2018-09-29 08:00:00,-9.414309,-5.746242
2018-09-29 08:30:00,-11.384279,-7.8882246
2018-09-29 09:00:00,-15.303999,-12.420618
2018-09-29 09:30:00,-10.085763,-13.775607
2018-09-29 10:00:00,-15.115272,-16.977968
2018-09-29 10:30:00,-21.683052,-17.231495
2018-09-29 11:00:00,-21.738514,-19.138233
2018-09-29 11:30:00,-21.844196,-19.161959
2018-09-29 12:00:00,-21.591444,-19.397429
2018-09-29 12:30:00,-21.979593,-19.461958
2018-09-29 13:00:00,-21.801054,-17.509115
2018-09-29 13:30:00,-19.810661,-15.454663
2018-09-29 14:00:00,-23.223833,-16.516138
2018-09-29 14:30:00,-15.712819,-14.425534
2018-09-29 15:00:00,-14.124347,-12.11025
2018-09-29 15:30:00,-9.9117365,-11.388653
2018-09-29 16:00:00,-9.277099,-9.309681
2018-09-29 16:30:00,-5.1735525,-6.624786
2018-09-29 17:00:00,-2.1997864,-3.9927547
2018-09-29 17:30:00,-6.961776,-1.9317752
2018-09-29 18:00:00,-1.2878653,-0.451525
2018-09-29 18:30:00,4.370333,1.2444397
2018-09-29 19:00:00,-8.003274,2.2726247
2018-09-29 19:30:00,3.1778433,3.521466
2018-09-29 20:00:00,14.358961,2.6227095
2018-09-29 20:30:00,16.855663,2.9280305
2018-09-29 21:00:00,19.352371,4.187712
2018-09-29 21:30:00,-23.612871,1.8256496
2018-09-29 22:00:00,-8.441715,3.1990042
2018-09-29 22:30:00,6.729437,5.6592145
2018-09-29 23:00:00,-23.631363,6.3337054
2018-09-29 23:30:00,5.0441203,4.29865
2018-09-30 00:00:00,6.4463296,0.82767
2018-09-30 00:30:00,7.8485394,-1.7995197
2018-09-30 01:00:00,9.25075,3.64483
2018-09-30 01:30:00,10.652959,4.597827
2018-09-30 02:00:00,12.055168,3.0924532
2018-09-30 02:30:00,13.457377,3.2995253
2018-09-30 03:00:00,14.859587,3.591288
2018-09-30 03:30:00,16.261797,4.106652
2018-09-30 04:00:00,17.664005,3.12729
2018-09-30 04:30:00,19.066214,2.3742907
2018-09-30 05:00:00,20.468424,1.5019906
2018-09-30 05:30:00,21.870632,0.7352234
2018-09-30 06:00:00,23.272842,-0.3170541
2018-09-30 06:30:00,24.67505,-1.2359182
2018-09-30 07:00:00,26.077261,-3.0869112
2018-09-30 07:30:00,27.479471,-5.1916676
2018-09-30 08:00:00,28.88168,-7.8777122
2018-09-30 08:30:00,-9.603134,-11.078569
2018-09-30 09:00:00,-7.553341,-13.934167
2018-09-30 09:30:00,-11.693315,-13.519817
2018-09-30 10:00:00,-16.41146,-16.669939
2018-09-30 10:30:00,-14.727631,-17.951685
2018-09-30 11:00:00,-16.035616,-17.969774
2018-09-30 11:30:00,-19.794134,-17.99772
2018-09-30 12:00:00,-19.551182,-19.073515
2018-09-30 12:30:00,-17.670946,-19.692558
2018-09-30 13:00:00,-18.229124,-18.298147
2018-09-30 13:30:00,-20.075586,-16.875937
2018-09-30 14:00:00,-18.732529,-17.157846
2018-09-30 14:30:00,-15.323473,-14.666552
2018-09-30 15:00:00,-14.22766,-11.483783
2018-09-30 15:30:00,-11.259853,-7.868672
2018-09-30 16:00:00,-7.4287143,-6.336265
2018-09-30 16:30:00,-5.3416324,-5.240316
2018-09-30 17:00:00,-2.7465396,-3.3422775
2018-09-30 17:30:00,0.7527751,-1.1195974
2018-09-30 18:00:00,1.846321,0.8108349
2018-09-30 18:30:00,1.2397295,1.7889515
2018-09-30 19:00:00,1.3083588,2.5569468
2018-09-30 19:30:00,1.3769925,4.2316065
2018-09-30 20:00:00,3.883208,5.1616645
2018-09-30 20:30:00,1.2942983,5.007903
2018-09-30 21:00:00,-1.2946115,6.7181554
2018-09-30 21:30:00,11.528942,5.0054297
2018-09-30 22:00:00,16.920784,5.029081
2018-09-30 22:30:00,9.264669,4.549721
2018-09-30 23:00:00,1.6085545,2.8434882
2018-09-30 23:30:00,-0.7725887,4.1794844
2018-10-01 00:00:00,-2.6496537,4.6447625
2018-10-01 00:30:00,-4.5267234,4.930736
2018-10-01 01:00:00,-6.4037933,4.166001
2018-10-01 01:30:00,-14.76536,4.6339703
2018-10-01 02:00:00,-1.1533988,4.9938207
2018-10-01 02:30:00,-4.683513,4.463496
2018-10-01 03:00:00,5.804766,5.1323986
2018-10-01 03:30:00,5.8398256,6.026283
2018-10-01 04:00:00,8.374757,6.0363326
2018-10-01 04:30:00,10.909693,6.7704825
2018-10-01 05:00:00,4.4980445,5.99762
2018-10-01 05:30:00,-1.9136032,3.6239269
2018-10-01 06:00:00,-0.9135174,3.1069288
2018-10-01 06:30:00,0.08657266,2.146971
2018-10-01 07:00:00,1.0866628,0.58478695
2018-10-01 07:30:00,-5.3779545,-1.4815102
2018-10-01 08:00:00,-11.8425665,-2.7615788
2018-10-01 08:30:00,-6.1053886,-5.640823
2018-10-01 09:00:00,-8.504167,-7.608102
2018-10-01 09:30:00,-10.907383,-10.737394
2018-10-01 10:00:00,-9.474676,-14.255877
2018-10-01 10:30:00,-19.042543,-15.093536
2018-10-01 11:00:00,-17.632582,-17.844404
2018-10-01 11:30:00,-18.336723,-19.643435
2018-10-01 12:00:00,-20.951242,-22.233017
2018-10-01 12:30:00,-19.843307,-17.541212
2018-10-01 13:00:00,-16.995197,-17.495975
2018-10-01 13:30:00,-14.149682,-16.890556
2018-10-01 14:00:00,-9.990018,-15.826987
2018-10-01 14:30:00,-15.759053,-13.602879
2018-10-01 15:00:00,-9.509867,-10.506845
2018-10-01 15:30:00,-7.161101,-10.207773
2018-10-01 16:00:00,-6.160626,-7.064167
2018-10-01 16:30:00,-4.378533,-4.7518406
2018-10-01 17:00:00,-1.1707013,-2.6632597
2018-10-01 17:30:00,-3.7352693,-0.16587047
2018-10-01 18:00:00,-6.2998376,1.0093341
2018-10-01 18:30:00,-4.7932143,2.9043093
2018-10-01 19:00:00,-3.2865858,4.0330415
2018-10-01 19:30:00,-4.7513604,5.095338
2018-10-01 20:00:00,-4.5202346,5.298285
2018-10-01 20:30:00,-4.2891054,5.534461
2018-10-01 21:00:00,-4.05798,6.8085833
2018-10-01 21:30:00,-9.328945,7.8575096
2018-10-01 22:00:00,-14.599908,6.742287
2018-10-01 22:30:00,5.884891,6.548721
2018-10-01 23:00:00,-7.639006,5.4537854
2018-10-01 23:30:00,-5.482128,5.46425
2018-10-02 00:00:00,-3.3252501,6.019187
2018-10-02 00:30:00,-1.1683724,5.8764277
2018-10-02 01:00:00,0.9885054,5.0681386
2018-10-02 01:30:00,6.122684,4.169348
2018-10-02 02:00:00,2.3113983,5.2917876
2018-10-02 02:30:00,-14.975496,4.738926
2018-10-02 03:00:00,-32.262394,5.1324334
2018-10-02 03:30:00,-49.54929,4.977842
2018-10-02 04:00:00,-45.659004,5.017865
2018-10-02 04:30:00,-41.768723,4.9895387
2018-10-02 05:00:00,-37.878437,4.618245
2018-10-02 05:30:00,-33.988155,3.5148945
2018-10-02 06:00:00,-30.097874,3.1604009
2018-10-02 06:30:00,-26.20759,0.9528778
2018-10-02 07:00:00,-22.317307,-1.1134892
2018-10-02 07:30:00,-18.427025,-3.2239819
2018-10-02 08:00:00,-14.53674,-6.891377
2018-10-02 08:30:00,-10.646455,-8.036241
2018-10-02 09:00:00,-6.7561717,-10.880717
2018-10-02 09:30:00,-10.720358,-13.592314
2018-10-02 10:00:00,-13.774493,-13.378478
2018-10-02 10:30:00,-18.581858,-16.129225
2018-10-02 11:00:00,-19.236893,-16.591902
2018-10-02 11:30:00,-19.049952,-15.934063
2018-10-02 12:00:00,-16.854473,-17.626781
2018-10-02 12:30:00,-14.38815,-16.835249
2018-10-02 13:00:00,-16.255667,-14.982665
2018-10-02 13:30:00,-13.584534,-14.512891
2018-10-02 14:00:00,-14.287013,-10.981998
2018-10-02 14:30:00,-10.405787,-10.830614
2018-10-02 15:00:00,-6.978781,-9.757827
2018-10-02 15:30:00,-9.171666,-8.188809
2018-10-02 16:00:00,-5.098867,-7.4574995
2018-10-02 16:30:00,-1.8728634,-5.2193036
2018-10-02 17:00:00,-1.7112327,-3.6454663
2018-10-02 17:30:00,-0.46389022,-2.0776806
2018-10-02 18:00:00,-2.0382648,-1.0598948
2018-10-02 18:30:00,2.2704093,1.563441
2018-10-02 19:00:00,-0.830797,1.9135914
2018-10-02 19:30:00,-3.9320033,2.4798539
2018-10-02 20:00:00,-9.147867,2.852524
2018-10-02 20:30:00,-14.363726,3.284311
2018-10-02 21:00:00,-12.781726,4.263468
2018-10-02 21:30:00,-10.158762,3.652852
2018-10-02 22:00:00,-7.535798,3.527749
2018-10-02 22:30:00,-16.605392,5.6315084
2018-10-02 23:00:00,35.711277,4.9571137
2018-10-02 23:30:00,-2.6515281,5.3289886
2018-10-03 00:00:00,-12.455516,6.0311985
2018-10-03 00:30:00,-12.11541,6.769884
2018-10-03 01:00:00,-11.775301,7.4310093
2018-10-03 01:30:00,-11.435195,7.4249663
2018-10-03 02:00:00,-11.095086,7.5153637
2018-10-03 02:30:00,-10.754976,6.6688385
2018-10-03 03:00:00,-10.414871,6.707398
2018-10-03 03:30:00,-10.074761,4.706698
2018-10-03 04:00:00,-9.734652,3.5928085
2018-10-03 04:30:00,-9.3945465,1.7415398
2018-10-03 05:00:00,-9.054438,1.9294696
2018-10-03 05:30:00,-8.714328,1.3672445
2018-10-03 06:00:00,-8.374223,-0.1347826
2018-10-03 06:30:00,-8.034113,-1.1328977
2018-10-03 07:00:00,-7.6940074,-1.6707594
2018-10-03 07:30:00,-7.353898,-3.198854
2018-10-03 08:00:00,-7.013788,-5.2066193
2018-10-03 08:30:00,-6.673683,-7.418031
2018-10-03 09:00:00,-8.595731,-8.519184
2018-10-03 09:30:00,-10.517782,-9.693104
2018-10-03 10:00:00,-12.43983,-11.408158
2018-10-03 10:30:00,-17.690321,-15.419328
2018-10-03 11:00:00,-17.921917,-17.989996
2018-10-03 11:30:00,-22.060139,-19.390768
2018-10-03 12:00:00,-16.802261,-19.649298
2018-10-03 12:30:00,-17.174349,-18.414278
2018-10-03 13:00:00,-18.49497,-18.10116
2018-10-03 13:30:00,-17.526854,-15.526875
2018-10-03 14:00:00,-19.066362,-13.351725
2018-10-03 14:30:00,-11.092626,-11.154985
2018-10-03 15:00:00,-8.233788,-7.882894
2018-10-03 15:30:00,-6.728435,-6.892076
2018-10-03 16:00:00,-7.260302,-4.307876
2018-10-03 16:30:00,-4.2922077,-1.2963549
2018-10-03 17:00:00,-3.56185,0.4434256
2018-10-03 17:30:00,-2.831497,2.773203
2018-10-03 18:00:00,-2.1011398,2.9266062
2018-10-03 18:30:00,-1.1624433,5.628983
2018-10-03 19:00:00,-7.97209,5.466435
2018-10-03 19:30:00,-9.953106,5.5676637
2018-10-03 20:00:00,3.7422445,5.619104
2018-10-03 20:30:00,17.4376,5.5396824
2018-10-03 21:00:00,-9.429492,4.953592
2018-10-03 21:30:00,6.5365653,4.5191
2018-10-03 22:00:00,5.7606096,3.6583226
2018-10-03 22:30:00,4.984658,1.7747031
2018-10-03 23:00:00,2.1116886,6.6098566
2018-10-03 23:30:00,-23.70452,4.2645645
2018-10-04 00:00:00,3.729189,2.1390407
2018-10-04 00:30:00,-17.534729,1.2313229
2018-10-04 01:00:00,-10.5388775,0.7221503
2018-10-04 01:30:00,-3.543027,-0.3502786
2018-10-04 02:00:00,-3.0381494,-1.9222589
2018-10-04 02:30:00,-2.5332675,-1.0881819
2018-10-04 03:00:00,-3.5393786,-1.2881405
2018-10-04 03:30:00,-4.54549,-0.36488968
2018-10-04 04:00:00,-15.441828,-1.2508875
2018-10-04 04:30:00,-2.8533132,-0.9361594
2018-10-04 05:00:00,20.995293,-1.6195115
2018-10-04 05:30:00,24.276148,-2.3298879
2018-10-04 06:00:00,-10.314713,-2.5815794
2018-10-04 06:30:00,24.419436,-3.0302322
2018-10-04 07:00:00,-20.18976,-3.4213538
2018-10-04 07:30:00,1.6835237,-4.331156
2018-10-04 08:00:00,23.556807,-5.7119513
2018-10-04 08:30:00,-5.742235,-7.2626047
2018-10-04 09:00:00,-8.797437,-9.0409975
2018-10-04 09:30:00,-9.982647,-10.679675
2018-10-04 10:00:00,-14.9566145,-11.432434
2018-10-04 10:30:00,-14.680263,-13.120761
2018-10-04 11:00:00,-17.0034,-13.086305
2018-10-04 11:30:00,-16.97232,-14.004924
2018-10-04 12:00:00,-16.133144,-12.846865
2018-10-04 12:30:00,-16.651806,-13.3043785
2018-10-04 13:00:00,-17.279106,-12.376649
2018-10-04 13:30:00,-15.025687,-10.599358
2018-10-04 14:00:00,-15.536686,-10.458944
2018-10-04 14:30:00,-15.553091,-8.234631
2018-10-04 15:00:00,-10.945759,-7.438899
2018-10-04 15:30:00,-8.913692,-5.0764303
2018-10-04 16:00:00,-6.16829,-4.445436
2018-10-04 16:30:00,-2.89494,-3.4758527
2018-10-04 17:00:00,-1.2003342,-1.4707397
2018-10-04 17:30:00,1.8217347,-0.60503745
2018-10-04 18:00:00,1.2114686,0.8382787
2018-10-04 18:30:00,3.2201211,1.5089903
2018-10-04 19:00:00,5.228773,1.5544664
2018-10-04 19:30:00,8.432432,2.5280566
2018-10-04 20:00:00,-6.6977406,3.3525908
2018-10-04 20:30:00,-7.7155704,3.844806
2018-10-04 21:00:00,-8.733404,2.2190871
2018-10-04 21:30:00,-9.751233,2.8536818
2018-10-04 22:00:00,-22.742016,2.8319619
2018-10-04 22:30:00,-35.73279,2.3485422
2018-10-04 23:00:00,-22.843428,1.472467
2018-10-04 23:30:00,-9.954059,-2.7674775
2018-10-05 00:00:00,2.93531,0.29392853
2018-10-05 00:30:00,-1.0345613,-3.2834706
2018-10-05 01:00:00,-23.94946,-3.621732
2018-10-05 01:30:00,22.793447,-2.290852
2018-10-05 02:00:00,-0.81006014,-2.5315022
2018-10-05 02:30:00,-1.0862725,-2.5201159
2018-10-05 03:00:00,-1.3624805,-2.5962822
2018-10-05 03:30:00,-1.6386929,-1.7147543
2018-10-05 04:00:00,-1.9149008,-2.6209035
2018-10-05 04:30:00,-2.191109,-0.6057453
2018-10-05 05:00:00,-2.4673212,2.6632352
2018-10-05 05:30:00,-2.743529,2.8990095
2018-10-05 06:00:00,-3.0197413,0.80997413
2018-10-05 06:30:00,-3.2959495,2.1503704
2018-10-05 07:00:00,-3.5721617,-0.7410289
2018-10-05 07:30:00,-3.8483698,-1.5188462
2018-10-05 08:00:00,-4.1245775,-1.7708567
2018-10-05 08:30:00,-5.5889587,-4.2671623
2018-10-05 09:00:00,-9.738483,-5.987692
2018-10-05 09:30:00,-10.453273,-8.057174
2018-10-05 10:00:00,-12.65834,-9.873369
2018-10-05 10:30:00,-15.453003,-9.961779
2018-10-05 11:00:00,-17.524971,-11.590089
2018-10-05 11:30:00,-15.509883,-13.23547
2018-10-05 12:00:00,-17.989727,-14.019679
2018-10-05 12:30:00,-15.653588,-12.554184
2018-10-05 13:00:00,-15.535611,-12.299303
2018-10-05 13:30:00,-15.358144,-11.340731
2018-10-05 14:00:00,-14.491075,-11.863553
2018-10-05 14:30:00,-11.785918,-9.668818
2018-10-05 15:00:00,-8.925227,-8.276449
2018-10-05 15:30:00,-7.3986487,-7.458439
2018-10-05 16:00:00,-4.745095,-6.0019274
2018-10-05 16:30:00,-1.8242457,-4.5366154
2018-10-05 17:00:00,-3.983754,-2.1563637
2018-10-05 17:30:00,-6.143258,-0.6309433
2018-10-05 18:00:00,-8.302766,0.062318444
2018-10-05 18:30:00,1.51114,1.3162411
2018-10-05 19:00:00,-6.902169,3.7133412
2018-10-05 19:30:00,-4.726809,2.9387224
2018-10-05 20:00:00,-1.5990891,3.3276112
2018-10-05 20:30:00,1.5286348,3.622861
2018-10-05 21:00:00,4.6563544,2.5085692
2018-10-05 21:30:00,14.043363,1.5664209
2018-10-05 22:00:00,23.43037,0.6483303
2018-10-05 22:30:00,-7.6835256,-1.1893584
2018-10-05 23:00:00,-14.843127,-1.0271946
2018-10-05 23:30:00,1.1033754,-0.9785813
2018-10-06 00:00:00,-1.6272146,0.74519426
2018-10-06 00:30:00,0.7487334,0.8255508
2018-10-06 01:00:00,1.1151421,-1.270733
2018-10-06 01:30:00,1.4815464,3.7428124
2018-10-06 02:00:00,-10.762548,1.4066559
2018-10-06 02:30:00,-4.062402,1.2277051
2018-10-06 03:00:00,-1.7034771,2.6652277
2018-10-06 03:30:00,3.403332,2.2911115
2018-10-06 04:00:00,2.2333136,3.0680985
2018-10-06 04:30:00,3.6649377,2.4857569
2018-10-06 05:00:00,-7.6500387,2.3415773
2018-10-06 05:30:00,-10.336883,0.8970988
2018-10-06 06:00:00,-9.363323,1.5207176
2018-10-06 06:30:00,-8.38976,-0.056593213
2018-10-06 07:00:00,-7.4162,-2.4446528
2018-10-06 07:30:00,-6.4426365,-2.87987
2018-10-06 08:00:00,-5.469077,-3.152316
2018-10-06 08:30:00,-4.495513,-6.3226066
2018-10-06 09:00:00,-6.664442,-7.4613576
2018-10-06 09:30:00,-11.254505,-8.070698
2018-10-06 10:00:00,-9.013064,-9.89329
2018-10-06 10:30:00,-21.067085,-11.67381
2018-10-06 11:00:00,-15.730914,-13.421577
2018-10-06 11:30:00,-18.624702,-12.105942
2018-10-06 12:00:00,-17.610588,-14.162059
2018-10-06 12:30:00,-16.119476,-12.863979
2018-10-06 13:00:00,-15.81329,-12.818769
2018-10-06 13:30:00,-13.883397,-11.00194
2018-10-06 14:00:00,-14.562168,-9.686392
2018-10-06 14:30:00,-9.721959,-7.779223
2018-10-06 15:00:00,-8.2005415,-7.6073985
2018-10-06 15:30:00,-8.799604,-7.4379597
2018-10-06 16:00:00,-5.9849305,-3.7077162
2018-10-06 16:30:00,-5.6016297,-3.240048
2018-10-06 17:00:00,-0.50736517,-2.116144
2018-10-06 17:30:00,1.9289584,-1.551708
2018-10-06 18:00:00,-7.7009244,0.25505888
2018-10-06 18:30:00,-35.50773,1.413507
2018-10-06 19:00:00,-36.747166,1.1282719
2018-10-06 19:30:00,32.683907,2.329671
2018-10-06 20:00:00,2.9160454,2.4853811
2018-10-06 20:30:00,1.0642437,3.5256212
2018-10-06 21:00:00,-0.7875624,3.7777584
2018-10-06 21:30:00,-21.680174,4.51391
2018-10-06 22:00:00,-42.57278,6.305602
2018-10-06 22:30:00,-11.3637085,4.598832
2018-10-06 23:00:00,-6.3024726,3.4172528
2018-10-06 23:30:00,-1.2412312,5.1563687
2018-10-07 00:00:00,3.8200057,4.0140567
2018-10-07 00:30:00,6.711807,4.069342
2018-10-07 01:00:00,9.603608,4.0095825
2018-10-07 01:30:00,5.3808613,3.5384495
2018-10-07 02:00:00,1.158119,2.6407726
2018-10-07 02:30:00,-1.4927087,3.123812
2018-10-07 03:00:00,-4.143541,3.127185
2018-10-07 03:30:00,-6.7943687,3.1272202
2018-10-07 04:00:00,-9.445196,3.7280746
2018-10-07 04:30:00,-12.096024,3.9537032
2018-10-07 05:00:00,-14.746854,3.008798
2018-10-07 05:30:00,-17.397684,1.8448267
2018-10-07 06:00:00,-20.048512,1.3210998
2018-10-07 06:30:00,-22.699343,0.057337392
2018-10-07 07:00:00,-25.35017,-0.8125725
2018-10-07 07:30:00,-28.001,-2.043425
2018-10-07 08:00:00,-30.651827,-3.6139765
2018-10-07 08:30:00,-33.302654,-5.5859613
2018-10-07 09:00:00,-8.256193,-7.161411
2018-10-07 09:30:00,-11.47265,-7.7450066
2018-10-07 10:00:00,-11.084481,-9.523783
2018-10-07 10:30:00,-13.467141,-12.64029
2018-10-07 11:00:00,-12.9467125,-12.510001
2018-10-07 11:30:00,-14.812354,-13.5457535
2018-10-07 12:00:00,-13.595453,-14.2938595
2018-10-07 12:30:00,-17.189245,-14.717096
2018-10-07 13:00:00,-15.308712,-13.532034
2018-10-07 13:30:00,-14.936252,-12.008069
2018-10-07 14:00:00,-12.980544,-10.968222
2018-10-07 14:30:00,-10.356898,-8.732661
2018-10-07 15:00:00,-5.9159036,-6.8636312
2018-10-07 15:30:00,-5.712751,-7.165684
2018-10-07 16:00:00,-5.6933208,-5.011109
2018-10-07 16:30:00,-1.290347,-3.5232644
2018-10-07 17:00:00,-0.37669125,-1.2836794
2018-10-07 17:30:00,4.106263,0.59684634
2018-10-07 18:00:00,8.589212,1.6761613
2018-10-07 18:30:00,3.4758236,0.14533596
2018-10-07 19:00:00,7.081698,-0.5087022
2018-10-07 19:30:00,10.6875725,4.940606
2018-10-07 20:00:00,-22.218697,5.2085953
2018-10-07 20:30:00,-3.5564802,3.4504685
2018-10-07 21:00:00,15.105738,3.9876223
2018-10-07 21:30:00,8.154493,2.9496238
2018-10-07 22:00:00,1.2032499,0.1402413
2018-10-07 22:30:00,-5.747994,0.28065887
2018-10-07 23:00:00,-8.497486,2.1222582
2018-10-07 23:30:00,-9.725756,1.1723193
2018-10-08 00:00:00,-5.133538,3.0460508
2018-10-08 00:30:00,-4.985675,4.231978
2018-10-08 01:00:00,-4.837812,4.4086
2018-10-08 01:30:00,6.601756,2.990534
2018-10-08 02:00:00,5.671938,2.9292452
2018-10-08 02:30:00,4.913822,2.4793034
2018-10-08 03:00:00,4.155711,1.9461124
2018-10-08 03:30:00,3.3975995,1.5412405
2018-10-08 04:00:00,7.855561,1.867923
2018-10-08 04:30:00,5.9081883,0.7791921
2018-10-08 05:00:00,4.863653,-0.31810713
2018-10-08 05:30:00,4.393316,-0.93372124
2018-10-08 06:00:00,5.753959,-1.7861669
2018-10-08 06:30:00,14.4353895,-4.010883
2018-10-08 07:00:00,4.5084696,-6.0446157
2018-10-08 07:30:00,1.6121811,-7.3743463
2018-10-08 08:00:00,-2.597737,-9.736649
2018-10-08 08:30:00,-6.1948514,-13.040959
2018-10-08 09:00:00,-5.0695357,-11.449195
2018-10-08 09:30:00,-8.090054,-10.999109
2018-10-08 10:00:00,-8.018169,-11.256406
2018-10-08 10:30:00,-10.824628,-12.935964
2018-10-08 11:00:00,-14.640575,-13.67835
2018-10-08 11:30:00,-17.86704,-15.3127165
2018-10-08 12:00:00,-19.35253,-14.960748
2018-10-08 12:30:00,-18.330317,-14.781762
2018-10-08 13:00:00,-14.439354,-14.363494
2018-10-08 13:30:00,-12.434302,-12.684771
2018-10-08 14:00:00,-10.015722,-10.475417
2018-10-08 14:30:00,-8.952487,-10.280129
2018-10-08 15:00:00,-6.7520866,-8.89008
2018-10-08 15:30:00,-2.5180054,-6.0891085
2018-10-08 16:00:00,-1.6869216,-4.6009326
2018-10-08 16:30:00,-2.1173499,-3.8992596
2018-10-08 17:00:00,0.98420167,-2.925949
2018-10-08 17:30:00,1.05166,0.7846319
2018-10-08 18:00:00,-4.885215,2.3782012
2018-10-08 18:30:00,-10.822084,2.1422958
2018-10-08 19:00:00,-7.0233965,3.4607058
2018-10-08 19:30:00,-34.15468,4.292672
2018-10-08 20:00:00,-18.792519,2.5713131
2018-10-08 20:30:00,-3.4303591,2.8230615
2018-10-08 21:00:00,13.359797,3.8089163
2018-10-08 21:30:00,4.8633084,3.1426613
2018-10-08 22:00:00,3.8937252,3.1043727
2018-10-08 22:30:00,2.3963776,3.674087
2018-10-08 23:00:00,2.047599,3.286994
2018-10-08 23:30:00,5.836378,2.4237778
2018-10-09 00:00:00,5.2264442,2.9592276
2018-10-09 00:30:00,4.616506,2.471137
2018-10-09 01:00:00,2.0593657,1.7316825
2018-10-09 01:30:00,2.7205305,3.7873623
2018-10-09 02:00:00,3.381695,4.0042915
2018-10-09 02:30:00,11.243405,3.0288663
2018-10-09 03:00:00,-2.130091,3.0689592
2018-10-09 03:30:00,0.55032593,3.3764212
2018-10-09 04:00:00,3.2307472,2.5043705
2018-10-09 04:30:00,5.911168,1.1261135
2018-10-09 05:00:00,8.59159,0.8091658
2018-10-09 05:30:00,11.272012,0.5797229
2018-10-09 06:00:00,0.89463013,-0.5076929
2018-10-09 06:30:00,3.588793,-1.1034135
2018-10-09 07:00:00,2.8522618,-1.4813921
2018-10-09 07:30:00,2.997844,-3.2068236
2018-10-09 08:00:00,3.143426,-5.460391
2018-10-09 08:30:00,-1.4719107,-6.505354
2018-10-09 09:00:00,-4.5631723,-7.709226
2018-10-09 09:30:00,-5.9639664,-9.856618
2018-10-09 10:00:00,-8.786278,-9.933059
2018-10-09 10:30:00,-8.793544,-10.876632
2018-10-09 11:00:00,-7.6540847,-11.5226345
2018-10-09 11:30:00,-11.810837,-12.573353
2018-10-09 12:00:00,-14.290338,-13.2861185
2018-10-09 12:30:00,-15.513018,-14.883922
2018-10-09 13:00:00,-14.085853,-15.542089
2018-10-09 13:30:00,-11.629238,-11.719356
2018-10-09 14:00:00,-10.833349,-9.263973
2018-10-09 14:30:00,-11.626765,-9.569631
2018-10-09 15:00:00,-8.351606,-9.379769
2018-10-09 15:30:00,-5.505356,-6.4382453
2018-10-09 16:00:00,-3.7849443,-5.841249
2018-10-09 16:30:00,-1.3118923,-6.4577503
2018-10-09 17:00:00,1.1680155,-3.8152764
2018-10-09 17:30:00,1.7714436,-2.2696695
2018-10-09 18:00:00,2.4788928,-1.9913775
2018-10-09 18:30:00,5.168533,-0.7398011
2018-10-09 19:00:00,5.491764,1.1501449
2018-10-09 19:30:00,5.9478927,0.025336329
2018-10-09 20:00:00,5.8331275,0.5857919
2018-10-09 20:30:00,6.1551,1.7385249
2018-10-09 21:00:00,5.541273,2.3408346
2018-10-09 21:30:00,7.151118,2.3536148
2018-10-09 22:00:00,7.098061,2.824416
2018-10-09 22:30:00,4.706418,3.2577412
2018-10-09 23:00:00,4.7877536,3.1012268
2018-10-09 23:30:00,4.4492564,3.7061973
2018-10-10 00:00:00,4.014092,4.219534
2018-10-10 00:30:00,4.3553376,4.0196013
2018-10-10 01:00:00,3.494944,3.698835
2018-10-10 01:30:00,2.11355,3.7267988
2018-10-10 02:00:00,2.8490503,3.7735288
2018-10-10 02:30:00,2.0894444,3.8900638
2018-10-10 03:00:00,0.87800044,4.306475
2018-10-10 03:30:00,-0.33344787,3.9810333
2018-10-10 04:00:00,-1.5448961,3.4663553
2018-10-10 04:30:00,7.557541,4.3582563
2018-10-10 05:00:00,7.6320643,4.7388563
2018-10-10 05:30:00,7.706588,3.9280334
2018-10-10 06:00:00,30.846014,2.8981092
2018-10-10 06:30:00,6.741182,2.401752
2018-10-10 07:00:00,9.1897135,1.8503146
2018-10-10 07:30:00,5.1488667,0.06327533
2018-10-10 08:00:00,1.1080201,-1.1021987
2018-10-10 08:30:00,-2.9328265,-2.2066374
2018-10-10 09:00:00,-6.9736733,-3.6860924
2018-10-10 09:30:00,-8.98074,-5.4409823
2018-10-10 10:00:00,-13.46671,-7.167034
2018-10-10 10:30:00,-12.534823,-8.615388
2018-10-10 11:00:00,-16.668697,-8.855995
2018-10-10 11:30:00,-16.8296,-9.697066
2018-10-10 12:00:00,-19.24539,-11.977448
2018-10-10 12:30:00,-11.79221,-12.179093
2018-10-10 13:00:00,-11.069587,-11.079531
2018-10-10 13:30:00,-15.235584,-10.319064
2018-10-10 14:00:00,-14.91516,-8.943369
2018-10-10 14:30:00,-13.81413,-9.032014
2018-10-10 15:00:00,-13.6383705,-6.9879394
2018-10-10 15:30:00,-8.611053,-5.7200522
2018-10-10 16:00:00,-7.2919583,-4.9776835
2018-10-10 16:30:00,-4.298124,-4.1638365
2018-10-10 17:00:00,-1.8880424,-2.4003346
2018-10-10 17:30:00,-9.077534,-0.9571977
2018-10-10 18:00:00,-7.6959434,-0.17169917
2018-10-10 18:30:00,17.560015,1.0577159
2018-10-10 19:00:00,26.847881,1.8412001
2018-10-10 19:30:00,36.13575,2.5415752
2018-10-10 20:00:00,3.5378072,3.0915837
2018-10-10 20:30:00,-5.9362955,3.2432349
2018-10-10 21:00:00,2.0246427,3.1376977
2018-10-10 21:30:00,5.001458,3.674869
2018-10-10 22:00:00,7.978274,3.9647446
2018-10-10 22:30:00,1.8801835,3.8802457
2018-10-10 23:00:00,5.5241756,4.115522
2018-10-10 23:30:00,3.4193676,3.928352
2018-10-11 00:00:00,3.2963443,3.8573198
2018-10-11 00:30:00,3.7057123,3.960065
2018-10-11 01:00:00,2.42889,3.947892
2018-10-11 01:30:00,1.1520718,4.055653
2018-10-11 02:00:00,-2.303663,4.393552
2018-10-11 02:30:00,1.8648077,4.373483
2018-10-11 03:00:00,6.033274,4.48602
2018-10-11 03:30:00,3.7107108,4.6574335
2018-10-11 04:00:00,1.3881518,5.0826406
2018-10-11 04:30:00,-0.93441164,5.617771
2018-10-11 05:00:00,0.4856815,5.7682033
2018-10-11 05:30:00,1.9057746,4.9595475
2018-10-11 06:00:00,3.325868,5.712084
2018-10-11 06:30:00,1.3602448,4.0672054
2018-10-11 07:00:00,-0.6053739,3.0367136
2018-10-11 07:30:00,-2.5709968,1.685634
2018-10-11 08:00:00,-4.5366197,0.061134353
2018-10-11 08:30:00,-6.5022388,-1.8750918
2018-10-11 09:00:00,-6.5153995,-4.638963
2018-10-11 09:30:00,-7.7250605,-6.18433
2018-10-11 10:00:00,-10.537641,-9.706098
2018-10-11 10:30:00,-11.038643,-10.518297
2018-10-11 11:00:00,-13.110086,-13.86198
2018-10-11 11:30:00,-13.408249,-14.016048
2018-10-11 12:00:00,-13.228758,-15.905942
2018-10-11 12:30:00,-12.574025,-13.480358
2018-10-11 13:00:00,-14.138518,-12.701098
2018-10-11 13:30:00,-14.06704,-13.211556
2018-10-11 14:00:00,-12.721337,-12.218636
2018-10-11 14:30:00,-11.864134,-11.666015
2018-10-11 15:00:00,-9.2506075,-9.987453
2018-10-11 15:30:00,-6.9045024,-8.032195
2018-10-11 16:00:00,-4.450771,-7.2516117
2018-10-11 16:30:00,-3.2744565,-4.8755455
2018-10-11 17:00:00,-1.4608213,-3.331896
2018-10-11 17:30:00,-1.0891999,-2.1128452
2018-10-11 18:00:00,-1.0468785,-0.9774715
2018-10-11 18:30:00,-1.004557,1.5291198
2018-10-11 19:00:00,-0.9622356,2.5970702
2018-10-11 19:30:00,-4.518557,3.7684343
2018-10-11 20:00:00,-8.074883,3.8355606
2018-10-11 20:30:00,-11.631204,4.295084
2018-10-11 21:00:00,-15.18753,4.8225203
2018-10-11 21:30:00,-4.735386,5.075881
2018-10-11 22:00:00,5.7167587,4.4361615
2018-10-11 22:30:00,-9.6871395,3.6718411
2018-10-11 23:00:00,6.739469,3.7252958
2018-10-11 23:30:00,5.00768,3.7513719
2018-10-12 00:00:00,1.3754238,3.3791258
2018-10-12 00:30:00,-3.7336833,3.6388657
2018-10-12 01:00:00,6.56151,3.9922583
2018-10-12 01:30:00,2.0942376,3.6182294
2018-10-12 02:00:00,1.80656,3.4218056
2018-10-12 02:30:00,1.5188825,3.9662912
2018-10-12 03:00:00,2.7598503,4.7221394
2018-10-12 03:30:00,3.679942,4.819846
2018-10-12 04:00:00,4.600029,5.321412
2018-10-12 04:30:00,5.520121,5.384453
2018-10-12 05:00:00,3.8166413,5.024493
2018-10-12 05:30:00,2.8857527,4.606369
2018-10-12 06:00:00,1.6188705,3.910272
2018-10-12 06:30:00,0.15879354,2.5194008
2018-10-12 07:00:00,-1.3012791,1.7733136
2018-10-12 07:30:00,-1.6901724,0.4419575
2018-10-12 08:00:00,-2.7028985,-2.3361185
2018-10-12 08:30:00,-3.7156248,-4.2609143
2018-10-12 09:00:00,-6.4475217,-6.4001317
2018-10-12 09:30:00,-7.61487,-7.0311346
2018-10-12 10:00:00,-9.17639,-10.504726
2018-10-12 10:30:00,-11.389195,-11.150974
2018-10-12 11:00:00,-11.654602,-11.739901
2018-10-12 11:30:00,-14.424896,-13.009282
2018-10-12 12:00:00,-13.988589,-11.974534
2018-10-12 12:30:00,-14.48171,-12.099602
2018-10-12 13:00:00,-12.844313,-12.79601
2018-10-12 13:30:00,-13.898834,-11.784061
2018-10-12 14:00:00,-12.460812,-10.065009
2018-10-12 14:30:00,-10.235133,-9.898218
2018-10-12 15:00:00,-6.855767,-8.666064
2018-10-12 15:30:00,-8.190727,-6.754066
2018-10-12 16:00:00,-4.7173185,-5.374223
2018-10-12 16:30:00,-2.9528599,-3.885614
2018-10-12 17:00:00,-0.9995804,-2.0079198
2018-10-12 17:30:00,0.7257376,-0.5412538
2018-10-12 18:00:00,-0.445622,0.7085704
2018-10-12 18:30:00,-1.6169816,1.702622
2018-10-12 19:00:00,-1.7128494,2.5241067
2018-10-12 19:30:00,-1.8087171,2.8477483
2018-10-12 20:00:00,0.82278067,3.2906203
2018-10-12 20:30:00,3.4542742,3.1112108
2018-10-12 21:00:00,2.500451,2.5941997
2018-10-12 21:30:00,0.44610837,3.5071344
2018-10-12 22:00:00,-1.6082342,3.916105
2018-10-12 22:30:00,-3.6572373,2.147788
2018-10-12 23:00:00,-5.7062407,2.881283
2018-10-12 23:30:00,-6.684449,3.220213
2018-10-13 00:00:00,-2.5511818,3.997484
2018-10-13 00:30:00,1.5820894,3.3577816
2018-10-13 01:00:00,-0.9912131,3.5799189
2018-10-13 01:30:00,-3.564511,3.6290479
2018-10-13 02:00:00,-6.1378136,3.5580678
2018-10-13 02:30:00,-8.711112,3.4833739
2018-10-13 03:00:00,-5.0189824,3.46764
2018-10-13 03:30:00,-1.3268529,3.2090623
2018-10-13 04:00:00,-1.2278742,2.9300404
2018-10-13 04:30:00,-1.1288911,3.1637304
2018-10-13 05:00:00,-1.0299124,2.5490992
2018-10-13 05:30:00,-1.1617354,2.5440834
2018-10-13 06:00:00,-1.2935629,1.9267563
2018-10-13 06:30:00,1.258474,0.6095611
2018-10-13 07:00:00,0.51440555,0.09626386
2018-10-13 07:30:00,-0.2296585,-1.647449
2018-10-13 08:00:00,-0.973727,-3.2789352
2018-10-13 08:30:00,-3.7723563,-4.4617643
2018-10-13 09:00:00,-5.719742,-5.3582444
2018-10-13 09:30:00,-6.8807592,-7.3720875
2018-10-13 10:00:00,-8.39499,-8.009858
2018-10-13 10:30:00,-11.422887,-8.456418
2018-10-13 11:00:00,-10.29564,-9.606905
2018-10-13 11:30:00,-12.808034,-11.019107
2018-10-13 12:00:00,-12.281598,-11.032141
2018-10-13 12:30:00,-13.27671,-10.684787
2018-10-13 13:00:00,-13.3313875,-9.095239
2018-10-13 13:30:00,-7.646871,-9.1837435
2018-10-13 14:00:00,-7.654242,-8.042865
2018-10-13 14:30:00,-5.748501,-7.287602
2018-10-13 15:00:00,-5.4371986,-5.10214
2018-10-13 15:30:00,-5.624237,-4.3137484
2018-10-13 16:00:00,-3.3146589,-3.2474933
2018-10-13 16:30:00,-1.9258242,-2.4668143
2018-10-13 17:00:00,-0.2551405,-1.3696462
2018-10-13 17:30:00,1.4155432,0.19456097
2018-10-13 18:00:00,3.163809,1.2392446
2018-10-13 18:30:00,0.58839166,2.045397
2018-10-13 19:00:00,3.1947308,2.3199623
2018-10-13 19:30:00,5.126762,2.6991906
2018-10-13 20:00:00,2.7224312,3.2078083
2018-10-13 20:30:00,3.154144,3.4463089
2018-10-13 21:00:00,2.8243723,3.4267824
2018-10-13 21:30:00,3.5713987,3.511849
2018-10-13 22:00:00,4.6353116,3.0438573
2018-10-13 22:30:00,3.4967222,2.5337803
2018-10-13 23:00:00,3.4218667,2.143952
2018-10-13 23:30:00,3.7545047,1.9301425
2018-10-14 00:00:00,2.8812742,2.0138679
2018-10-14 00:30:00,3.2276452,2.645273
2018-10-14 01:00:00,3.0121055,2.3577003
2018-10-14 01:30:00,3.6136808,2.0182896
2018-10-14 02:00:00,2.6788251,2.0741692
2018-10-14 02:30:00,3.5438368,2.0417793
2018-10-14 03:00:00,2.878102,2.1303895
2018-10-14 03:30:00,2.5801697,2.4103072
2018-10-14 04:00:00,2.2794976,2.546351
2018-10-14 04:30:00,1.9430189,2.5439086
2018-10-14 05:00:00,2.420361,2.3866777
2018-10-14 05:30:00,0.16165982,2.5241373
2018-10-14 06:00:00,3.2362702,1.9273897
2018-10-14 06:30:00,3.6421165,1.1372291
2018-10-14 07:00:00,3.3326797,0.276792
2018-10-14 07:30:00,-2.5482063,-0.5324933
2018-10-14 08:00:00,-8.429089,-1.744562
2018-10-14 08:30:00,-14.309969,-2.9857566
2018-10-14 09:00:00,-20.190855,-4.02445
2018-10-14 09:30:00,-26.071735,-4.8632326
2018-10-14 10:00:00,-32.115868,-6.384114
2018-10-14 10:30:00,-4.0455627,-7.3544703
2018-10-14 11:00:00,-5.090159,-7.860379
2018-10-14 11:30:00,-3.1967566,-9.096549
2018-10-14 12:00:00,-4.108079,-10.079187
2018-10-14 12:30:00,-3.5750804,-9.523769
2018-10-14 13:00:00,-3.5947206,-9.269286
2018-10-14 13:30:00,-3.9804637,-7.5386863
2018-10-14 14:00:00,-2.0882545,-6.490018
2018-10-14 14:30:00,-0.57354325,-5.5327125
2018-10-14 15:00:00,-3.2131023,-4.4910693
2018-10-14 15:30:00,-0.86732036,-3.6378722
2018-10-14 16:00:00,0.13440822,-2.2378085
2018-10-14 16:30:00,0.52573526,-1.3942019
2018-10-14 17:00:00,6.2049675,-0.3611189
2018-10-14 17:30:00,11.884195,1.0346283
2018-10-14 18:00:00,8.181885,2.1000881
2018-10-14 18:30:00,4.47958,2.2731185
2018-10-14 19:00:00,0.7772696,3.2107968
2018-10-14 19:30:00,2.534794,3.7597086
2018-10-14 20:00:00,2.8654964,3.7409337
2018-10-14 20:30:00,3.8440063,3.9788268
2018-10-14 21:00:00,6.2841005,4.0796275
2018-10-14 21:30:00,4.5987096,4.193104
2018-10-14 22:00:00,3.2050512,3.8112495
2018-10-14 22:30:00,3.3830233,3.9327826
2018-10-14 23:00:00,3.920968,3.4266598
2018-10-14 23:30:00,4.1892896,3.0940437
2018-10-15 00:00:00,3.862493,3.0256765
2018-10-15 00:30:00,4.065078,2.8603756
2018-10-15 01:00:00,3.4846716,2.8458083
2018-10-15 01:30:00,3.6134887,3.0440977
2018-10-15 02:00:00,2.387001,3.0886302
2018-10-15 02:30:00,2.9568639,3.0350533
2018-10-15 03:00:00,3.5267222,3.1926205
2018-10-15 03:30:00,4.096585,3.1443305
2018-10-15 04:00:00,3.8784935,2.879212
2018-10-15 04:30:00,3.8472092,2.7254941
2018-10-15 05:00:00,3.5431945,2.500534
2018-10-15 05:30:00,3.4874244,2.1457388
2018-10-15 06:00:00,3.410537,2.0492594
2018-10-15 06:30:00,3.9276443,1.5105326
2018-10-15 07:00:00,2.8448164,0.8414596
2018-10-15 07:30:00,0.6991894,-0.23358217
2018-10-15 08:00:00,-1.8214624,-1.2656034
2018-10-15 08:30:00,-2.9718273,-3.0399365
2018-10-15 09:00:00,-4.99468,-5.7178893
2018-10-15 09:30:00,-8.360358,-8.714983
2018-10-15 10:00:00,-7.7670064,-13.04279
2018-10-15 10:30:00,-9.183883,-8.947358
2018-10-15 11:00:00,-9.315536,-8.508549
2018-10-15 11:30:00,-9.01978,-6.911572
2018-10-15 12:00:00,-9.100984,-6.4069915
2018-10-15 12:30:00,-8.812271,-6.1785755
2018-10-15 13:00:00,-12.071953,-5.4203854
2018-10-15 13:30:00,-12.189715,-5.3333435
2018-10-15 14:00:00,-9.381394,-4.1687603
2018-10-15 14:30:00,-7.4594917,-3.973228
2018-10-15 15:00:00,-4.735958,-3.082944
2018-10-15 15:30:00,-4.520759,-2.3775573
2018-10-15 16:00:00,-0.7546176,-2.1448288
2018-10-15 16:30:00,0.6190382,-1.205289
2018-10-15 17:00:00,15.513734,-0.44139686
2018-10-15 17:30:00,16.571749,0.63874835
2018-10-15 18:00:00,11.886044,1.2340188
2018-10-15 18:30:00,7.2003384,2.0082662
2018-10-15 19:00:00,2.5146296,2.7205915
2018-10-15 19:30:00,5.0630703,2.764049
2018-10-15 20:00:00,7.611511,3.023824
2018-10-15 20:30:00,10.159952,2.9261343
2018-10-15 21:00:00,12.708389,2.6785803
2018-10-15 21:30:00,6.613977,2.6495461
2018-10-15 22:00:00,7.5173516,2.208426
2018-10-15 22:30:00,-7.2978787,2.0373924
2018-10-15 23:00:00,6.61548,2.255143
2018-10-15 23:30:00,5.9103074,2.073955
2018-10-16 00:00:00,5.205135,2.9257586
2018-10-16 00:30:00,4.499963,2.9167228
2018-10-16 01:00:00,6.5816875,3.1701357
2018-10-16 01:30:00,4.730476,2.904008
2018-10-16 02:00:00,3.7778416,2.968425
2018-10-16 02:30:00,2.8252025,2.4257352
2018-10-16 03:00:00,3.3687968,2.5392988
2018-10-16 03:30:00,1.9289234,2.5790162
2018-10-16 04:00:00,1.2733297,1.9444084
2018-10-16 04:30:00,0.61773616,1.540716
2018-10-16 05:00:00,9.842909,1.6640189
2018-10-16 05:30:00,19.470995,1.1710216
2018-10-16 06:00:00,3.3559728,0.4215483
2018-10-16 06:30:00,2.686196,-0.4496986
2018-10-16 07:00:00,2.0164194,-1.194855
2018-10-16 07:30:00,0.2591879,-2.2785394
2018-10-16 08:00:00,-1.4980437,-3.9516172
2018-10-16 08:30:00,-3.3272688,-4.614578
2018-10-16 09:00:00,-6.675741,-5.203762
2018-10-16 09:30:00,-12.202893,-5.9766636
2018-10-16 10:00:00,-9.742538,-6.77136
2018-10-16 10:30:00,-14.212015,-7.497348
2018-10-16 11:00:00,-22.140491,-8.049768
2018-10-16 11:30:00,-23.997442,-8.139737
2018-10-16 12:00:00,-11.10528,-8.477186
2018-10-16 12:30:00,-14.077062,-8.0065775
2018-10-16 13:00:00,-15.879725,-7.6292624
2018-10-16 13:30:00,-14.191632,-6.541152
2018-10-16 14:00:00,-11.071797,-5.459045
2018-10-16 14:30:00,-7.1831307,-5.092003
2018-10-16 15:00:00,-5.2811694,-3.6465716
2018-10-16 15:30:00,-7.6022296,-2.6313417
2018-10-16 16:00:00,-2.610972,-1.4112598
2018-10-16 16:30:00,-1.4759742,-0.2758643
2018-10-16 17:00:00,0.28133175,0.647522
2018-10-16 17:30:00,2.0386376,1.379483
2018-10-16 18:00:00,2.7394323,1.8914388
2018-10-16 18:30:00,-0.8433283,2.5927708
2018-10-16 19:00:00,1.4297304,2.8058114
2018-10-16 19:30:00,-1.1365374,2.913533
2018-10-16 20:00:00,4.3185477,2.8943036
2018-10-16 20:30:00,9.773628,2.984596
2018-10-16 21:00:00,15.228713,2.5549674
2018-10-16 21:30:00,4.539125,2.3092005
2018-10-16 22:00:00,-5.7027144,2.879675
2018-10-16 22:30:00,-19.341448,2.2812455
2018-10-16 23:00:00,-32.98018,2.6336374
2018-10-16 23:30:00,-32.353584,2.8539047
2018-10-17 00:00:00,-31.726988,3.2180762
2018-10-17 00:30:00,-31.100393,3.5511382
2018-10-17 01:00:00,-30.473797,4.0500207
2018-10-17 01:30:00,-29.8472,4.382423
2018-10-17 02:00:00,-29.220604,4.684467
2018-10-17 02:30:00,-28.59401,4.6862364
2018-10-17 03:00:00,-27.967413,5.228201
2018-10-17 03:30:00,-27.340816,5.3570004
2018-10-17 04:00:00,-26.71422,5.170211
2018-10-17 04:30:00,-26.087624,5.6638637
2018-10-17 05:00:00,-25.46103,6.0752544
2018-10-17 05:30:00,-24.834433,5.7238545
2018-10-17 06:00:00,-24.207836,4.8104215
2018-10-17 06:30:00,-23.58124,4.022927
2018-10-17 07:00:00,-22.954643,2.8941245
2018-10-17 07:30:00,-22.328049,1.129609
2018-10-17 08:00:00,-5.347295,-0.5847987
2018-10-17 08:30:00,-3.3917472,-2.002528
2018-10-17 09:00:00,-6.9059834,-3.6580544
2018-10-17 09:30:00,-5.125673,-6.43981
2018-10-17 10:00:00,-9.808433,-6.0602536
2018-10-17 10:30:00,-11.074991,-9.342927
2018-10-17 11:00:00,-14.5434675,-14.989385
2018-10-17 11:30:00,-15.816842,-18.08941
2018-10-17 12:00:00,-21.243637,-13.853513
2018-10-17 12:30:00,-14.340075,-15.59037
2018-10-17 13:00:00,-14.074733,-14.423275
2018-10-17 13:30:00,-17.82883,-12.063751
2018-10-17 14:00:00,-10.725282,-10.899523
2018-10-17 14:30:00,-9.148016,-9.121669
2018-10-17 15:00:00,-4.599565,-6.8190947
2018-10-17 15:30:00,-8.966993,-5.8326063
2018-10-17 16:00:00,-6.783642,-3.9258425
2018-10-17 16:30:00,-3.926891,-3.2154355
2018-10-17 17:00:00,-0.15807119,-1.4355141
2018-10-17 17:30:00,1.3299084,0.23742422
2018-10-17 18:00:00,2.8178883,1.2205001
2018-10-17 18:30:00,0.5965667,2.2194672
2018-10-17 19:00:00,1.3115091,2.7200456
2018-10-17 19:30:00,2.0264516,3.2901485
2018-10-17 20:00:00,2.4649327,4.0624166
2018-10-17 20:30:00,2.9034138,4.3936477
2018-10-17 21:00:00,2.248873,4.746769
2018-10-17 21:30:00,4.0455685,4.717905
2018-10-17 22:00:00,3.953642,4.118991
2018-10-17 22:30:00,4.0261335,2.530853
2018-10-17 23:00:00,4.832373,-0.04458626
2018-10-17 23:30:00,4.1962714,-1.3829509
2018-10-18 00:00:00,3.7328198,-2.2711377
2018-10-18 00:30:00,2.251027,-2.8595219
2018-10-18 01:00:00,3.2757385,-3.8294897
2018-10-18 01:30:00,4.40988,-4.089138
2018-10-18 02:00:00,4.0851984,-4.756717
2018-10-18 02:30:00,3.214109,-4.723134
2018-10-18 03:00:00,3.1712937,-4.8919396
2018-10-18 03:30:00,2.586479,-4.316728
2018-10-18 04:00:00,2.4862158,-3.953946
2018-10-18 04:30:00,3.4039524,-3.3197012
2018-10-18 05:00:00,2.9251947,-2.5657144
2018-10-18 05:30:00,3.4185328,-2.5581772
2018-10-18 06:00:00,2.0412767,-2.9835894
2018-10-18 06:30:00,2.8006992,-3.5398068
2018-10-18 07:00:00,2.0568097,-4.4056926
2018-10-18 07:30:00,1.1289055,-6.291121
2018-10-18 08:00:00,-1.7104594,-6.985641
2018-10-18 08:30:00,-5.2139425,-7.70168
2018-10-18 09:00:00,-7.123782,-9.39854
2018-10-18 09:30:00,-8.773257,-10.073538
2018-10-18 10:00:00,-10.886284,-10.465332
2018-10-18 10:30:00,-12.998743,-10.615367
2018-10-18 11:00:00,-12.597248,-11.401757
2018-10-18 11:30:00,-13.149153,-11.9067745
2018-10-18 12:00:00,-12.133687,-12.865015
2018-10-18 12:30:00,-15.940014,-11.7336
2018-10-18 13:00:00,-14.515409,-10.754727
2018-10-18 13:30:00,-13.396373,-10.6195965
2018-10-18 14:00:00,-11.58024,-8.723682
2018-10-18 14:30:00,-10.551111,-8.275344
2018-10-18 15:00:00,-9.055066,-5.8725815
2018-10-18 15:30:00,-7.2388225,-5.4048567
2018-10-18 16:00:00,-4.002564,-4.218536
2018-10-18 16:30:00,-1.2956164,-1.8527994
2018-10-18 17:00:00,0.3948822,0.7405016
2018-10-18 17:30:00,0.8533311,2.7791102
2018-10-18 18:00:00,1.6371387,3.8138666
2018-10-18 18:30:00,1.6462488,4.6238027
2018-10-18 19:00:00,3.3359742,5.415991
2018-10-18 19:30:00,3.9179313,6.0985694
2018-10-18 20:00:00,4.1333137,6.4472604
2018-10-18 20:30:00,5.1924334,6.0283365
2018-10-18 21:00:00,3.273047,5.1944256
2018-10-18 21:30:00,2.6543393,4.505857
2018-10-18 22:00:00,3.1914933,4.0582047
2018-10-18 22:30:00,2.958083,4.2908635
2018-10-18 23:00:00,3.3286207,3.5780926
2018-10-18 23:30:00,2.2704444,3.6040597
2018-10-19 00:00:00,2.809866,3.0043848
2018-10-19 00:30:00,3.317317,2.4410672
2018-10-19 01:00:00,3.0609198,2.7130501
2018-10-19 01:30:00,3.809895,2.8351033
2018-10-19 02:00:00,2.1318052,2.7807488
2018-10-19 02:30:00,2.258634,3.220593
2018-10-19 03:00:00,2.6426163,3.6174123
2018-10-19 03:30:00,2.519248,3.535461
2018-10-19 04:00:00,3.150098,3.1417875
2018-10-19 04:30:00,3.1311743,3.2709715
2018-10-19 05:00:00,2.7322054,2.8169181
2018-10-19 05:30:00,2.5259635,1.8014392
2018-10-19 06:00:00,1.2698954,1.6841223
2018-10-19 06:30:00,0.49503627,0.72811013
2018-10-19 07:00:00,2.809368,-0.6395465
2018-10-19 07:30:00,1.0486844,-1.4800508
2018-10-19 08:00:00,-0.71200335,-2.670312
2018-10-19 08:30:00,-2.4726865,-3.9285078
2018-10-19 09:00:00,-5.961572,-5.42527
2018-10-19 09:30:00,-8.188315,-6.300528
2018-10-19 10:00:00,-7.5835943,-8.179834
2018-10-19 10:30:00,-7.181082,-8.716438
2018-10-19 11:00:00,-7.271457,-9.478337
2018-10-19 11:30:00,-7.251725,-9.855997
2018-10-19 12:00:00,-13.3282585,-10.082635
2018-10-19 12:30:00,-11.759514,-10.210155
2018-10-19 13:00:00,-9.548666,-9.571846
2018-10-19 13:30:00,-9.320359,-8.841799
2018-10-19 14:00:00,-10.997177,-8.041834
2018-10-19 14:30:00,-9.493005,-7.1444273
2018-10-19 15:00:00,-6.9502406,-5.62834
2018-10-19 15:30:00,-9.030118,-4.406636
2018-10-19 16:00:00,-4.3650184,-3.7348936
2018-10-19 16:30:00,-1.5822672,-2.7235174
2018-10-19 17:00:00,0.55124784,-2.1841266
2018-10-19 17:30:00,1.6986897,-0.70325595
2018-10-19 18:00:00,2.0108442,0.3717815
2018-10-19 18:30:00,2.8560894,1.4205723
2018-10-19 19:00:00,-6.1322737,2.3563457
2018-10-19 19:30:00,-1.9058388,3.1812427
2018-10-19 20:00:00,2.3205957,3.6483996
2018-10-19 20:30:00,4.509479,3.2481024
2018-10-19 21:00:00,6.6983624,2.3717782
2018-10-19 21:30:00,3.5425174,1.7789588
2018-10-19 22:00:00,0.3866722,1.140646
2018-10-19 22:30:00,2.6484625,0.76934797
2018-10-19 23:00:00,4.8468666,0.7520104
2018-10-19 23:30:00,3.4768593,0.3653105
2018-10-20 00:00:00,2.1068518,0.8513824
2018-10-20 00:30:00,0.73684007,0.9774117
2018-10-20 01:00:00,0.6003637,1.03181
2018-10-20 01:30:00,0.4638872,1.1713275
2018-10-20 02:00:00,1.5976006,1.5767938
2018-10-20 02:30:00,2.731314,1.9601337
2018-10-20 03:00:00,5.351884,1.8322823
2018-10-20 03:30:00,2.5948682,2.3737488
2018-10-20 04:00:00,3.5090263,2.9598305
2018-10-20 04:30:00,3.2178228,2.8846385
2018-10-20 05:00:00,2.5013816,2.6843872
2018-10-20 05:30:00,2.6731799,2.4810119
2018-10-20 06:00:00,2.6794891,1.8075299
2018-10-20 06:30:00,2.8884573,0.9740211
2018-10-20 07:00:00,2.2948778,0.27068803
2018-10-20 07:30:00,1.9142599,-0.8692647
2018-10-20 08:00:00,1.2598242,-2.0169556
2018-10-20 08:30:00,0.36759564,-3.4537656
2018-10-20 09:00:00,-1.0549662,-5.086764
2018-10-20 09:30:00,-3.3327699,-6.543044
2018-10-20 10:00:00,-4.5851502,-7.6909184
2018-10-20 10:30:00,-5.49476,-7.968472
2018-10-20 11:00:00,-6.300703,-8.382476
2018-10-20 11:30:00,-5.934731,-8.240578
2018-10-20 12:00:00,-8.977043,-9.596218
2018-10-20 12:30:00,-5.860837,-9.930721
2018-10-20 13:00:00,-10.005499,-9.181987
2018-10-20 13:30:00,-8.2422285,-8.417313
2018-10-20 14:00:00,-5.768054,-8.275489
2018-10-20 14:30:00,-6.2050185,-7.480146
2018-10-20 15:00:00,-3.64305,-5.9187393
2018-10-20 15:30:00,-1.5690193,-5.2452183
2018-10-20 16:00:00,-1.9357164,-3.8649733
2018-10-20 16:30:00,-0.52068293,-2.4258559
2018-10-20 17:00:00,0.8943549,-0.96057963
2018-10-20 17:30:00,2.1192782,0.26027587
2018-10-20 18:00:00,1.6448375,1.2434129
2018-10-20 18:30:00,2.2608712,2.560429
2018-10-20 19:00:00,1.5124159,2.9679883
2018-10-20 19:30:00,2.8333383,3.6045096
2018-10-20 20:00:00,2.563518,3.85919
2018-10-20 20:30:00,2.3892686,3.93062
2018-10-20 21:00:00,2.595423,4.1614914
2018-10-20 21:30:00,2.8015773,4.229413
2018-10-20 22:00:00,4.0954795,3.9475598
2018-10-20 22:30:00,4.408329,3.78322
2018-10-20 23:00:00,3.3857322,3.5899422
2018-10-20 23:30:00,3.719537,3.377802
2018-10-21 00:00:00,3.1638176,2.9355807
2018-10-21 00:30:00,3.1377547,2.7874382
2018-10-21 01:00:00,2.7091746,3.0388238
2018-10-21 01:30:00,3.389918,2.8859189
2018-10-21 02:00:00,3.1682396,2.8448122
2018-10-21 02:30:00,2.836436,2.8611228
2018-10-21 03:00:00,2.33993,3.2035787
2018-10-21 03:30:00,2.9838402,3.0472043
2018-10-21 04:00:00,3.4179125,3.0367572
2018-10-21 04:30:00,3.106942,3.016418
2018-10-21 05:00:00,2.9782386,2.814965
2018-10-21 05:30:00,2.3451996,2.2589748
2018-10-21 06:00:00,3.3856144,2.0005238
2018-10-21 06:30:00,3.1121764,1.1541909
2018-10-21 07:00:00,2.6770294,0.33239624
2018-10-21 07:30:00,2.053323,-0.65462077
2018-10-21 08:00:00,0.4908286,-1.6117209
2018-10-21 08:30:00,-2.1090658,-2.5910826
2018-10-21 09:00:00,-2.6653047,-3.4476006
2018-10-21 09:30:00,-3.6098692,-4.1990967
2018-10-21 10:00:00,-5.606139,-4.9994426
2018-10-21 10:30:00,-4.2880654,-5.580041
2018-10-21 11:00:00,-5.709155,-5.6146812
2018-10-21 11:30:00,-4.9195538,-5.9897847
2018-10-21 12:00:00,-5.676988,-6.8128247
2018-10-21 12:30:00,-4.032463,-5.64739
2018-10-21 13:00:00,-1.9770547,-6.2894254
2018-10-21 13:30:00,-0.78839254,-5.671046
2018-10-21 14:00:00,0.51800156,-4.781124
2018-10-21 14:30:00,1.8244001,-4.2755647
2018-10-21 15:00:00,-1.3372868,-2.7377834
2018-10-21 15:30:00,0.15438487,-2.0049748
2018-10-21 16:00:00,1.062225,-1.2282805
2018-10-21 16:30:00,10.1350565,-0.44562638
2018-10-21 17:00:00,19.207886,0.143562
2018-10-21 17:30:00,28.280712,1.1437875
2018-10-21 18:00:00,23.532022,2.0036173
2018-10-21 18:30:00,18.783335,3.049271
2018-10-21 19:00:00,14.034642,3.7774744
2018-10-21 19:30:00,9.285953,4.1120086
2018-10-21 20:00:00,4.5372596,4.2412977
2018-10-21 20:30:00,3.3642569,4.3306026
2018-10-21 21:00:00,2.19125,4.456597
2018-10-21 21:30:00,2.6346247,4.387937
2018-10-21 22:00:00,3.0779996,4.131671
2018-10-21 22:30:00,3.5213785,4.3575835
2018-10-21 23:00:00,2.8972003,4.181477
2018-10-21 23:30:00,2.9337676,3.6920319
2018-10-22 00:00:00,3.200057,3.559418
2018-10-22 00:30:00,4.606561,3.5429544
2018-10-22 01:00:00,-24.000635,3.6330895
2018-10-22 01:30:00,-11.018504,3.7092123
2018-10-22 02:00:00,1.9636247,3.657523
2018-10-22 02:30:00,2.6609194,3.5774765
2018-10-22 03:00:00,2.650031,3.2758214
2018-10-22 03:30:00,2.6391428,3.4095802
2018-10-22 04:00:00,2.6282544,3.4121494
2018-10-22 04:30:00,2.6173615,3.3414884
2018-10-22 05:00:00,3.4478686,3.0336857
2018-10-22 05:30:00,3.8168423,2.8859537
2018-10-22 06:00:00,4.185816,2.7794554
2018-10-22 06:30:00,4.554785,2.0649455
2018-10-22 07:00:00,4.923758,1.4967256
2018-10-22 07:30:00,25.575329,0.77909595
2018-10-22 08:00:00,19.156437,-0.28438452
2018-10-22 08:30:00,6.391621,-1.1793526
2018-10-22 09:00:00,-0.7872478,-1.7897366
2018-10-22 09:30:00,-3.4913638,-2.90353
2018-10-22 10:00:00,-6.1954846,-3.7351644
2018-10-22 10:30:00,-6.3959413,-3.7957234
2018-10-22 11:00:00,-4.480767,-4.3064256
2018-10-22 11:30:00,-7.3191876,-4.5501738
2018-10-22 12:00:00,-7.1485605,-4.581257
2018-10-22 12:30:00,-7.2509255,-4.1147556
2018-10-22 13:00:00,-6.369284,-3.8563352
2018-10-22 13:30:00,-7.149614,-3.3871462
2018-10-22 14:00:00,-2.2092679,-2.4159377
2018-10-22 14:30:00,-4.232723,-2.0237544
2018-10-22 15:00:00,-4.5545387,-1.6401958
2018-10-22 15:30:00,-5.3309536,-1.1250854
2018-10-22 16:00:00,-4.1873565,-0.47481358
2018-10-22 16:30:00,-0.60967773,0.63358814
2018-10-22 17:00:00,0.43456456,1.8362628
2018-10-22 17:30:00,-0.7162766,3.1664917
2018-10-22 18:00:00,3.5605452,3.7770288
2018-10-22 18:30:00,-10.911245,4.4844427
2018-10-22 19:00:00,-4.512663,4.940995
2018-10-22 19:30:00,1.8859247,4.1526
2018-10-22 20:00:00,1.6766726,4.139046
2018-10-22 20:30:00,6.6900125,3.7921817
2018-10-22 21:00:00,11.703348,3.2973273
2018-10-22 21:30:00,2.1851025,3.3860512
2018-10-22 22:00:00,3.7413313,3.1217673
2018-10-22 22:30:00,3.5708308,3.203002
2018-10-22 23:00:00,2.596262,2.7777689
2018-10-22 23:30:00,4.68351,2.6176631
2018-10-23 00:00:00,4.480043,3.6866403
2018-10-23 00:30:00,4.27658,3.5679862
2018-10-23 01:00:00,4.0731173,2.2499435
2018-10-23 01:30:00,3.8696501,2.771442
2018-10-23 02:00:00,3.6661873,3.485043
2018-10-23 02:30:00,3.4627202,3.3559902
2018-10-23 03:00:00,3.2592573,3.3731136
2018-10-23 03:30:00,3.0557902,3.3091116
2018-10-23 04:00:00,2.8523273,3.498789
2018-10-23 04:30:00,2.6488645,3.002567
2018-10-23 05:00:00,2.4453974,3.0546367
2018-10-23 05:30:00,2.2419343,2.4826155
2018-10-23 06:00:00,3.5986547,2.0546863
2018-10-23 06:30:00,4.588778,1.6840436
2018-10-23 07:00:00,5.5788975,0.50346476
2018-10-23 07:30:00,2.269164,-0.14764594
2018-10-23 08:00:00,0.12904267,-1.3495384
2018-10-23 08:30:00,-2.0110788,-2.7964854
2018-10-23 09:00:00,-2.808877,-4.015484
2018-10-23 09:30:00,-5.272483,-5.370339
2018-10-23 10:00:00,-6.584068,-6.3777914
2018-10-23 10:30:00,-8.963918,-7.5723915
2018-10-23 11:00:00,-4.6818175,-7.6796894
2018-10-23 11:30:00,-10.792164,-8.145964
2018-10-23 12:00:00,-12.713792,-7.4859786
2018-10-23 12:30:00,-10.248539,-7.2156386
2018-10-23 13:00:00,-9.910168,-6.4189634
2018-10-23 13:30:00,-9.914345,-6.115364
2018-10-23 14:00:00,-8.141311,-4.2288566
2018-10-23 14:30:00,-6.858139,-3.1164482
2018-10-23 15:00:00,-5.1203074,-2.153279
2018-10-23 15:30:00,-3.5434728,-1.1459228
2018-10-23 16:00:00,-1.8650947,0.16678943
2018-10-23 16:30:00,-0.22720292,1.0737338
2018-10-23 17:00:00,0.33084074,1.5403447
2018-10-23 17:30:00,0.8888844,2.0681875
2018-10-23 18:00:00,-3.3279111,2.5335708
2018-10-23 18:30:00,-14.108608,2.8676462
2018-10-23 19:00:00,9.516383,3.4804728
2018-10-23 19:30:00,-10.152182,3.234907
2018-10-23 20:00:00,14.124366,3.4256418
2018-10-23 20:30:00,7.532662,3.6540406
2018-10-23 21:00:00,0.9409539,3.0991428
2018-10-23 21:30:00,-10.435987,2.5024128
2018-10-23 22:00:00,1.0034661,2.507665
2018-10-23 22:30:00,-3.6295006,2.5460234
2018-10-23 23:00:00,-8.262467,2.0104685
2018-10-23 23:30:00,-12.895434,1.6250837
2018-10-24 00:00:00,-6.419348,2.4588199
2018-10-24 00:30:00,0.056738794,3.0247197
2018-10-24 01:00:00,6.5328255,3.03421
2018-10-24 01:30:00,5.1735883,3.2531052
2018-10-24 02:00:00,6.9149857,3.358616
2018-10-24 02:30:00,3.8762128,3.2856262
2018-10-24 03:00:00,0.8374398,3.5438457
2018-10-24 03:30:00,-2.201333,3.7061362
2018-10-24 04:00:00,9.718343,4.317949
2018-10-24 04:30:00,8.359079,5.114563
2018-10-24 05:00:00,-2.456118,5.4217057
2018-10-24 05:30:00,-1.7717568,4.925283
2018-10-24 06:00:00,-1.0873998,4.7623196
2018-10-24 06:30:00,-0.4030384,4.2194595
2018-10-24 07:00:00,0.28132302,3.2025476
2018-10-24 07:30:00,0.96568435,2.0065973
2018-10-24 08:00:00,1.6500458,1.2676541
2018-10-24 08:30:00,-0.5999341,-0.052534096
2018-10-24 09:00:00,-2.8499138,-1.1027843
2018-10-24 09:30:00,-7.252293,-1.4565175
2018-10-24 10:00:00,-8.065773,-2.5995023
2018-10-24 10:30:00,-13.303478,-3.8123446
2018-10-24 11:00:00,-14.410176,-2.973492
2018-10-24 11:30:00,-7.1237864,-5.0165358
2018-10-24 12:00:00,-10.801536,-6.033028
2018-10-24 12:30:00,-8.947406,-5.806491
2018-10-24 13:00:00,-10.052796,-5.7234035
2018-10-24 13:30:00,-8.686268,-5.281274
2018-10-24 14:00:00,-6.8041296,-4.84659
2018-10-24 14:30:00,-6.409373,-4.6017275
2018-10-24 15:00:00,-5.1131988,-3.519179
2018-10-24 15:30:00,-2.9695158,-3.3459172
2018-10-24 16:00:00,-1.4350902,-2.8550477
2018-10-24 16:30:00,-0.13475639,-2.4022965
2018-10-24 17:00:00,0.9353655,-1.7975447
2018-10-24 17:30:00,1.0309886,-0.32942808
2018-10-24 18:00:00,2.1214323,-0.0928107
2018-10-24 18:30:00,2.946714,0.36923853
2018-10-24 19:00:00,4.2363076,1.8265891
2018-10-24 19:30:00,5.5259013,1.5982298
2018-10-24 20:00:00,1.1582675,2.4526985
2018-10-24 20:30:00,2.4315553,2.9239933
2018-10-24 21:00:00,3.7048428,2.328098
2018-10-24 21:30:00,3.979386,1.9210236
2018-10-24 22:00:00,3.900642,2.5152674
2018-10-24 22:30:00,2.7991,2.6207259
2018-10-24 23:00:00,3.186949,1.2213652
2018-10-24 23:30:00,4.3460526,0.9608475
2018-10-25 00:00:00,4.867424,1.3418149
2018-10-25 00:30:00,3.8242831,1.9081035
2018-10-25 01:00:00,3.3510485,2.7902913
2018-10-25 01:30:00,2.557213,3.8390253
2018-10-25 02:00:00,2.3831124,3.5889635
2018-10-25 02:30:00,2.348516,3.5643816
2018-10-25 03:00:00,2.440071,3.4910247
2018-10-25 03:30:00,2.760309,3.7517347
2018-10-25 04:00:00,4.162868,4.3396864
2018-10-25 04:30:00,2.6043584,4.5170994
2018-10-25 05:00:00,1.0458487,3.5732644
2018-10-25 05:30:00,2.6759632,3.4384048
2018-10-25 06:00:00,1.7811741,3.1824005
2018-10-25 06:30:00,1.4224336,2.4547434
2018-10-25 07:00:00,3.2214582,1.3564434
2018-10-25 07:30:00,5.020478,0.4832609
2018-10-25 08:00:00,6.8195024,-0.36118448
2018-10-25 08:30:00,8.618526,-1.2033185
2018-10-25 09:00:00,10.417551,-2.5987246
2018-10-25 09:30:00,12.216576,-4.1696167
2018-10-25 10:00:00,14.0156,-5.2562203
2018-10-25 10:30:00,15.81462,-7.276884
2018-10-25 11:00:00,17.613646,-8.809719
2018-10-25 11:30:00,19.412668,-7.681083
2018-10-25 12:00:00,21.211693,-8.863261
2018-10-25 12:30:00,-5.6980567,-8.140742
2018-10-25 13:00:00,-32.60781,-7.797806
2018-10-25 13:30:00,-15.778473,-7.332471
2018-10-25 14:00:00,1.0508647,-6.292344
2018-10-25 14:30:00,3.270408,-5.6447377
2018-10-25 15:00:00,5.588986,-4.1851587
2018-10-25 15:30:00,5.734734,-3.521425
2018-10-25 16:00:00,1.6857827,-2.6590827
2018-10-25 16:30:00,1.9594345,-1.6150416
2018-10-25 17:00:00,1.9988548,-0.47965044
2018-10-25 17:30:00,2.3083572,0.32808807
2018-10-25 18:00:00,2.6942751,0.66489446
2018-10-25 18:30:00,3.0801928,2.1848838
2018-10-25 19:00:00,1.7566926,2.7891116
2018-10-25 19:30:00,2.3455186,2.912965
2018-10-25 20:00:00,3.6685686,3.1994977
2018-10-25 20:30:00,10.220398,3.5236638
2018-10-25 21:00:00,16.772226,3.3052096
2018-10-25 21:30:00,3.221008,3.5270019
2018-10-25 22:00:00,1.2417438,3.6654532
2018-10-25 22:30:00,2.5683112,3.4226837
2018-10-25 23:00:00,2.5166352,3.479424
2018-10-25 23:30:00,2.4924421,3.303532
2018-10-26 00:00:00,2.6439228,3.773896
2018-10-26 00:30:00,2.9184356,3.6375418
2018-10-26 01:00:00,3.1382265,3.999721
2018-10-26 01:30:00,3.2902403,3.8579752
2018-10-26 02:00:00,7.089733,3.9198625
2018-10-26 02:30:00,10.889226,4.033566
2018-10-26 03:00:00,-19.240252,4.140637
2018-10-26 03:30:00,3.1584477,3.877266
2018-10-26 04:00:00,10.494766,3.835674
2018-10-26 04:30:00,2.7963736,3.447244
2018-10-26 05:00:00,2.2809658,3.160532
2018-10-26 05:30:00,2.3577397,2.8350465
2018-10-26 06:00:00,2.3033412,2.372355
2018-10-26 06:30:00,2.9326708,1.9548292
2018-10-26 07:00:00,2.2733018,1.2107477
2018-10-26 07:30:00,1.441733,0.45567724
2018-10-26 08:00:00,0.4761913,0.059578866
2018-10-26 08:30:00,-1.4795439,-0.8154257
2018-10-26 09:00:00,-2.3515685,-1.661881
2018-10-26 09:30:00,-3.2688682,-2.0001073
2018-10-26 10:00:00,-3.8771725,-2.4593644
2018-10-26 10:30:00,-6.562881,-2.4678717
2018-10-26 11:00:00,-6.5212717,-3.221085
2018-10-26 11:30:00,-5.103516,-3.311998
2018-10-26 12:00:00,-7.718607,-2.7407632
2018-10-26 12:30:00,-7.898261,-4.672087
2018-10-26 13:00:00,-7.907188,-7.931394
2018-10-26 13:30:00,-7.7227316,-6.7297244
2018-10-26 14:00:00,-7.3317146,-5.232914
2018-10-26 14:30:00,-6.474297,-4.979431
2018-10-26 15:00:00,-5.738591,-4.1738725
2018-10-26 15:30:00,-3.6863675,-3.5085135
2018-10-26 16:00:00,-2.459028,-2.8327553
2018-10-26 16:30:00,-0.55735487,-1.9034925
2018-10-26 17:00:00,0.2655497,-1.7832133
2018-10-26 17:30:00,0.25060654,-0.93463445
2018-10-26 18:00:00,0.235659,0.15048304
2018-10-26 18:30:00,-9.522241,1.4741273
2018-10-26 19:00:00,-4.118806,1.8916005
2018-10-26 19:30:00,1.2846246,2.385922
2018-10-26 20:00:00,-0.6156419,2.918252
2018-10-26 20:30:00,-2.5159125,2.786088
2018-10-26 21:00:00,-2.2972226,2.7806046
2018-10-26 21:30:00,-0.23274325,2.635088
2018-10-26 22:00:00,1.8317361,2.510636
2018-10-26 22:30:00,4.0546656,2.9067082
2018-10-26 23:00:00,0.64520186,2.5828524
2018-10-26 23:30:00,9.947419,2.5715926
2018-10-27 00:00:00,1.4352314,2.9847229
2018-10-27 00:30:00,4.9810357,2.8656406
2018-10-27 01:00:00,5.7844224,2.1942518
2018-10-27 01:30:00,6.587809,2.0537949
2018-10-27 02:00:00,7.8260283,2.5801916
2018-10-27 02:30:00,-2.762125,2.8124177
2018-10-27 03:00:00,0.42748624,1.4855094
2018-10-27 03:30:00,-0.888586,2.1962442
2018-10-27 04:00:00,7.868245,2.7750685
2018-10-27 04:30:00,16.625076,2.5716364
2018-10-27 05:00:00,5.281625,2.4014025
2018-10-27 05:30:00,-2.5715735,2.3779085
2018-10-27 06:00:00,-6.684825,2.606744
2018-10-27 06:30:00,-10.7980795,2.0871592
2018-10-27 07:00:00,-9.249501,1.9386102
2018-10-27 07:30:00,-7.7009244,0.5759958
2018-10-27 08:00:00,-6.1523504,-0.059236668
2018-10-27 08:30:00,-4.6037726,-0.119725846
2018-10-27 09:00:00,-3.0551941,-1.0831528
2018-10-27 09:30:00,-3.9762473,-1.8117756
2018-10-27 10:00:00,-4.2490296,-2.2890913
2018-10-27 10:30:00,-7.520261,-3.6528242
2018-10-27 11:00:00,-6.6464705,-6.114853
2018-10-27 11:30:00,-7.2973676,-6.2685184
2018-10-27 12:00:00,-7.9204183,-6.1436205
2018-10-27 12:30:00,-8.328383,-5.2794085
2018-10-27 13:00:00,-8.613592,-4.784908
2018-10-27 13:30:00,-8.016521,-3.597303
2018-10-27 14:00:00,-6.868036,-3.8762462
2018-10-27 14:30:00,-6.1640606,-3.1942093
2018-10-27 15:00:00,-4.3878393,-1.8854995
2018-10-27 15:30:00,-2.6073759,-1.7943463
2018-10-27 16:00:00,-1.2181567,-1.0013674
2018-10-27 16:30:00,-0.6479269,0.16202247
2018-10-27 17:00:00,0.47737977,0.7146132
2018-10-27 17:30:00,1.0635052,0.86395735
2018-10-27 18:00:00,1.219045,1.3459133
2018-10-27 18:30:00,-1.0489714,1.4111782
2018-10-27 19:00:00,-3.3169878,1.8331867
2018-10-27 19:30:00,-2.8986537,2.355804
2018-10-27 20:00:00,-2.4803154,2.4218946
2018-10-27 20:30:00,-2.0619774,1.9603478
2018-10-27 21:00:00,-1.643639,2.5564923
2018-10-27 21:30:00,-1.2253006,3.1175814
2018-10-27 22:00:00,-11.724345,2.8471365
2018-10-27 22:30:00,-6.0703993,3.0245755
2018-10-27 23:00:00,-0.4164523,2.1501956
2018-10-27 23:30:00,5.2374945,2.372451
2018-10-28 00:00:00,1.3485261,2.311075
2018-10-28 00:30:00,-2.540442,2.0600693
2018-10-28 01:00:00,0.18226127,1.9069718
2018-10-28 01:30:00,2.9049647,2.475716
2018-10-28 02:00:00,3.4179213,2.895457
2018-10-28 02:30:00,3.9308734,1.8305564
2018-10-28 03:00:00,3.8713148,1.9485549
2018-10-28 03:30:00,2.734486,1.5600241
2018-10-28 04:00:00,2.6816127,2.1975594
2018-10-28 04:30:00,2.1807067,2.9026752
2018-10-28 05:00:00,2.6489563,2.6278787
2018-10-28 05:30:00,3.1242883,1.8909057
2018-10-28 06:00:00,2.9897125,1.4389935
2018-10-28 06:30:00,3.2568324,0.9760266
2018-10-28 07:00:00,3.065844,-0.36906677
2018-10-28 07:30:00,1.4574014,-1.4598513
2018-10-28 08:00:00,-0.024836833,-1.4011841
2018-10-28 08:30:00,-1.5070752,-1.7535716
2018-10-28 09:00:00,-1.8588028,-2.957972
2018-10-28 09:30:00,-3.9242783,-3.610909
2018-10-28 10:00:00,-4.597996,-3.6138191
2018-10-28 10:30:00,-4.907245,-4.944503
2018-10-28 11:00:00,-6.0278373,-5.646844
2018-10-28 11:30:00,-5.6133614,-4.9915166
2018-10-28 12:00:00,-3.6229904,-4.5739164
2018-10-28 12:30:00,-4.586719,-4.9204845
2018-10-28 13:00:00,-3.753188,-5.037303
2018-10-28 13:30:00,-4.7522473,-3.6539645
2018-10-28 14:00:00,-4.6012907,-3.2514083
2018-10-28 14:30:00,-3.1915395,-3.205941
2018-10-28 15:00:00,-2.919395,-2.1440248
2018-10-28 15:30:00,2.8883612,-1.4808197
2018-10-28 16:00:00,0.7290277,-0.7536694
2018-10-28 16:30:00,0.14960043,0.0052591986
2018-10-28 17:00:00,1.5603694,0.90222406
2018-10-28 17:30:00,1.3520916,1.7310491
2018-10-28 18:00:00,2.7675533,2.2058523
2018-10-28 18:30:00,2.1391807,3.0398812
2018-10-28 19:00:00,0.5086249,3.431925
2018-10-28 19:30:00,-1.2227095,3.7082858
2018-10-28 20:00:00,-0.31503984,3.5735223
2018-10-28 20:30:00,-1.0159261,3.6689618
2018-10-28 21:00:00,-1.7168167,3.2358332
2018-10-28 21:30:00,0.0037561452,3.1355917
2018-10-28 22:00:00,1.724329,2.9787543
2018-10-28 22:30:00,2.6968923,2.7823873
2018-10-28 23:00:00,1.809955,2.5800693
2018-10-28 23:30:00,-0.17235458,2.9671493
2018-10-29 00:00:00,4.5689588,3.0021782
2018-10-29 00:30:00,4.2537937,2.6096802
2018-10-29 01:00:00,1.9367008,3.2656279
2018-10-29 01:30:00,-0.38038772,3.4255457
2018-10-29 02:00:00,1.079746,3.1097996
2018-10-29 02:30:00,2.4511387,2.9983552
2018-10-29 03:00:00,2.713321,3.2588422
2018-10-29 03:30:00,2.6519012,3.0737307
2018-10-29 04:00:00,2.7399871,2.7248387
2018-10-29 04:30:00,1.7164073,2.0473719
2018-10-29 05:00:00,1.8159934,1.616878
2018-10-29 05:30:00,2.031533,1.577423
2018-10-29 06:00:00,2.6941178,1.156629
2018-10-29 06:30:00,2.0819814,0.7801752
2018-10-29 07:00:00,1.6823046,0.52557796
2018-10-29 07:30:00,0.51406914,-0.18530968
2018-10-29 08:00:00,-0.18549319,-1.1648551
2018-10-29 08:30:00,-1.7183722,-1.6670674
2018-10-29 09:00:00,-2.8174758,-2.1309123
2018-10-29 09:30:00,-3.917733,-2.5127099
2018-10-29 10:00:00,-4.218899,-2.934561
2018-10-29 10:30:00,-5.1234884,-3.0834157
2018-10-29 11:00:00,-5.453985,-3.355722
2018-10-29 11:30:00,-6.1850986,-3.4685123
2018-10-29 12:00:00,-5.7782083,-3.1663635
2018-10-29 12:30:00,-5.727987,-3.2207618
2018-10-29 13:00:00,-4.5576406,-2.9788487
2018-10-29 13:30:00,-3.9390335,-2.8399386
2018-10-29 14:00:00,-2.9596717,-2.4237237
2018-10-29 14:30:00,-3.6435611,-2.163311
2018-10-29 15:00:00,-3.3231223,-2.0135694
2018-10-29 15:30:00,2.9478543,-0.43488654
2018-10-29 16:00:00,9.218831,0.15088502
2018-10-29 16:30:00,1.5584949,0.6750357
2018-10-29 17:00:00,0.88257074,1.2264948
2018-10-29 17:30:00,0.15006796,1.8267595
2018-10-29 18:00:00,1.1200533,2.4002533
2018-10-29 18:30:00,-0.3588993,2.8161972
2018-10-29 19:00:00,-0.7715138,3.3892365
2018-10-29 19:30:00,-1.0123432,3.6954007
2018-10-29 20:00:00,-1.2531726,3.974169
2018-10-29 20:30:00,19.686491,3.8188345
2018-10-29 21:00:00,-5.6070175,3.642737
2018-10-29 21:30:00,1.7252771,3.7146606
2018-10-29 22:00:00,2.0102456,3.2401195
2018-10-29 22:30:00,2.29521,3.2541277
2018-10-29 23:00:00,2.5801785,2.807026
2018-10-29 23:30:00,-4.9855003,2.326643
2018-10-30 00:00:00,-4.3530245,2.762511
2018-10-30 00:30:00,-3.720549,2.8336878
2018-10-30 01:00:00,-3.0880735,2.5581744
2018-10-30 01:30:00,1.6463231,2.3166547
2018-10-30 02:00:00,6.380724,2.5100768
2018-10-30 02:30:00,9.746049,2.3438494
2018-10-30 03:00:00,13.111378,2.040949
2018-10-30 03:30:00,6.96314,2.0033727
2018-10-30 04:00:00,0.8149071,1.845019
2018-10-30 04:30:00,-5.3333306,1.3877149
2018-10-30 05:00:00,1.9461955,1.0780901
2018-10-30 05:30:00,9.225721,0.5866832
2018-10-30 06:00:00,-3.7635214,0.7257288
2018-10-30 06:30:00,1.9634413,0.034345914
2018-10-30 07:00:00,1.9835052,-0.28800672
2018-10-30 07:30:00,2.0035648,-0.88893986
2018-10-30 08:00:00,3.3814023,-1.311451
2018-10-30 08:30:00,4.759239,-2.2009485
2018-10-30 09:00:00,-0.8908143,-2.7128038
2018-10-30 09:30:00,-1.6623921,-3.6004882
2018-10-30 10:00:00,-2.53294,-3.9331918
2018-10-30 10:30:00,-2.7227178,-4.363288
2018-10-30 11:00:00,-2.2037187,-4.520825
2018-10-30 11:30:00,-2.4768593,-5.0832467
2018-10-30 12:00:00,-3.0319755,-4.7808356
2018-10-30 12:30:00,-3.406437,-4.911842
2018-10-30 13:00:00,-3.772151,-4.5165167
2018-10-30 13:30:00,-1.1663494,-4.083012
2018-10-30 14:00:00,-1.2097938,-3.2286396
2018-10-30 14:30:00,-1.1486886,-2.8471525
2018-10-30 15:00:00,-2.7752156,-2.1860492
2018-10-30 15:30:00,-2.6969912,-1.6149193
2018-10-30 16:00:00,-0.6391402,-0.7486403
2018-10-30 16:30:00,1.418711,-0.33523056
2018-10-30 17:00:00,1.6802554,0.15836097
2018-10-30 17:30:00,1.9417999,0.819508
2018-10-30 18:00:00,3.0347517,1.2892036
2018-10-30 18:30:00,1.1724329,1.7933427
2018-10-30 19:00:00,-0.68988574,2.36335
2018-10-30 19:30:00,-2.5522044,2.8268015
2018-10-30 20:00:00,-0.25552937,3.0092304
2018-10-30 20:30:00,2.04115,3.9014413
2018-10-30 21:00:00,4.3378253,2.9085433
2018-10-30 21:30:00,2.3150947,2.938233
2018-10-30 22:00:00,2.4069297,3.005429
2018-10-30 22:30:00,2.2899272,3.0122714
2018-10-30 23:00:00,1.9519149,3.1145535
2018-10-30 23:30:00,1.613907,2.5481555
2018-10-31 00:00:00,1.2758946,2.863421
2018-10-31 00:30:00,-4.2766047,2.6486723
2018-10-31 01:00:00,4.3202124,2.9662929
2018-10-31 01:30:00,13.272493,3.3087575
2018-10-31 02:00:00,8.214746,2.912454
2018-10-31 02:30:00,3.1569972,3.618072
2018-10-31 03:00:00,-1.9007485,3.6276977
2018-10-31 03:30:00,-0.7662138,3.603011
2018-10-31 04:00:00,-5.1114335,3.1579278
2018-10-31 04:30:00,-1.1476749,3.1108088
2018-10-31 05:00:00,2.8160837,2.871985
2018-10-31 05:30:00,4.1650524,2.8148339
2018-10-31 06:00:00,11.363501,2.1048987
2018-10-31 06:30:00,8.964238,1.7146378
2018-10-31 07:00:00,6.564975,1.0233816
2018-10-31 07:30:00,4.1657124,0.4968583
2018-10-31 08:00:00,1.766445,-0.16808572
2018-10-31 08:30:00,1.7740695,-1.0102154
2018-10-31 09:00:00,1.0484484,-1.4670825
2018-10-31 09:30:00,4.8319187,-2.6162763
2018-10-31 10:00:00,16.176117,-2.8199532
2018-10-31 10:30:00,1.9545933,-3.0216727
2018-10-31 11:00:00,8.240041,-3.5811758
2018-10-31 11:30:00,-2.4890149,-3.9414673
2018-10-31 12:00:00,3.6290915,-3.890005
2018-10-31 12:30:00,-7.3099904,-3.9420397
2018-10-31 13:00:00,9.510227,-3.9472873
2018-10-31 13:30:00,-5.7321773,-3.1382337
2018-10-31 14:00:00,-4.7522736,-2.9983666
2018-10-31 14:30:00,-1.4032902,-2.2911534
2018-10-31 15:00:00,-0.7824546,-1.8824584
2018-10-31 15:30:00,-0.6413249,-1.2187291
2018-10-31 16:00:00,-2.262539,-0.9712277
2018-10-31 16:30:00,12.461988,-0.25369862
2018-10-31 17:00:00,29.906597,0.71946317
2018-10-31 17:30:00,4.385923,1.1948171
2018-10-31 18:00:00,4.365011,1.9282199
2018-10-31 18:30:00,4.3440995,2.8036048
2018-10-31 19:00:00,4.3231835,3.0329165
2018-10-31 19:30:00,7.227376,2.764971
2018-10-31 20:00:00,18.73754,2.7767115
2018-10-31 20:30:00,30.74724,3.2405958
2018-10-31 21:00:00,15.469075,3.3221102
2018-10-31 21:30:00,9.568531,3.06085
2018-10-31 22:00:00,25.338808,3.0329428
2018-10-31 22:30:00,22.515482,2.624536
2018-10-31 23:00:00,15.038472,2.6965165
2018-10-31 23:30:00,6.77223,2.6292505
2018-11-01 00:00:00,4.2844186,2.2990375
2018-11-01 00:30:00,-9.374128,1.5797212
2018-11-01 01:00:00,-6.038708,2.3232348
2018-11-01 01:30:00,-4.9317703,2.7601385
2018-11-01 02:00:00,0.20209809,2.405217
2018-11-01 02:30:00,0.58023846,1.742418
2018-11-01 03:00:00,0.95837885,1.7546172
2018-11-01 03:30:00,1.4785928,1.81955
2018-11-01 04:00:00,1.9988067,1.1547896
2018-11-01 04:30:00,-0.69418955,1.1197605
2018-11-01 05:00:00,-1.622583,1.0485927
2018-11-01 05:30:00,0.3790914,0.95882887
2018-11-01 06:00:00,-0.305755,1.2270977
2018-11-01 06:30:00,1.3001008,1.1631349
2018-11-01 07:00:00,1.3666633,0.31956783
2018-11-01 07:30:00,10.193186,-0.4931823
2018-11-01 08:00:00,22.613474,-0.3046277
2018-11-01 08:30:00,-3.6715207,-1.2249773
2018-11-01 09:00:00,5.1443224,-1.8327266
2018-11-01 09:30:00,14.291092,-1.4786177
2018-11-01 10:00:00,23.437859,-0.85232913
2018-11-01 10:30:00,-6.6592946,-1.7810285
2018-11-01 11:00:00,-36.756443,-1.6177549
2018-11-01 11:30:00,-3.9952278,-2.4811893
2018-11-01 12:00:00,-2.0555108,-1.9696007
2018-11-01 12:30:00,-1.7415996,-3.3609915
2018-11-01 13:00:00,-1.8995514,-1.8548704
2018-11-01 13:30:00,-1.640423,-2.1895359
2018-11-01 14:00:00,-1.9620723,-2.5004976
2018-11-01 14:30:00,-0.93726045,-1.5913204
2018-11-01 15:00:00,-0.6295014,-1.5988444
2018-11-01 15:30:00,0.30547673,-1.5412346
2018-11-01 16:00:00,1.2262982,-1.6077929
2018-11-01 16:30:00,1.355421,0.4149943
2018-11-01 17:00:00,1.0968432,1.935211
2018-11-01 17:30:00,2.0846643,1.4098717
2018-11-01 18:00:00,1.299489,2.0249267
2018-11-01 18:30:00,0.95499694,2.5692987
2018-11-01 19:00:00,1.8248413,2.883813
2018-11-01 19:30:00,2.6719608,3.0689723
2018-11-01 20:00:00,1.9833043,3.6503222
2018-11-01 20:30:00,2.0078511,4.7577624
2018-11-01 21:00:00,2.0319045,3.6738336
2018-11-01 21:30:00,1.1689374,3.222498
2018-11-01 22:00:00,0.27575645,3.8994577
2018-11-01 22:30:00,1.6663346,3.8397944
2018-11-01 23:00:00,4.5750194,3.3842466
2018-11-01 23:30:00,1.8472517,2.935891
2018-11-02 00:00:00,2.65184,2.699715
2018-11-02 00:30:00,2.362371,2.5196717
2018-11-02 01:00:00,2.225095,2.3415031
2018-11-02 01:30:00,2.9948466,2.211371
2018-11-02 02:00:00,2.0524883,1.923252
2018-11-02 02:30:00,1.5804858,2.3939745
2018-11-02 03:00:00,1.690838,2.285724
2018-11-02 03:30:00,0.94648546,2.6833475
2018-11-02 04:00:00,1.2101666,2.6365254
2018-11-02 04:30:00,1.2315981,3.2798238
2018-11-02 05:00:00,3.1999784,2.9181821
2018-11-02 05:30:00,3.266362,2.7626858
2018-11-02 06:00:00,2.193426,2.566083
2018-11-02 06:30:00,-1.8019708,2.241231
2018-11-02 07:00:00,2.4202912,1.4614037
2018-11-02 07:30:00,0.91733325,1.2930355
2018-11-02 08:00:00,1.4135114,0.9550363
2018-11-02 08:30:00,0.31301382,-0.6314065
2018-11-02 09:00:00,-0.7874794,-0.81008196
2018-11-02 09:30:00,-0.2445536,-0.78649193
2018-11-02 10:00:00,0.8201503,-1.0913497
2018-11-02 10:30:00,-1.3627601,-2.828194
2018-11-02 11:00:00,-0.60553557,-7.3334055
2018-11-02 11:30:00,-0.6187703,-5.3675904
2018-11-02 12:00:00,-0.9401005,-5.1169343
2018-11-02 12:30:00,-2.4090865,-4.5736675
2018-11-02 13:00:00,-0.2904754,-4.2208343
2018-11-02 13:30:00,-1.8743752,-4.0428405
2018-11-02 14:00:00,-1.4427847,-3.9600458
2018-11-02 14:30:00,-1.3855331,-3.2875953
2018-11-02 15:00:00,-0.8526787,-2.110372
2018-11-02 15:30:00,-0.011335564,-1.9556274
2018-11-02 16:00:00,1.3685902,-1.5923953
2018-11-02 16:30:00,3.6223016,-0.49669525
2018-11-02 17:00:00,1.8255754,0.05697037
2018-11-02 17:30:00,1.3694422,0.81365746
2018-11-02 18:00:00,2.9965987,1.6696335
2018-11-02 18:30:00,2.5189202,2.4210558
2018-11-02 19:00:00,0.80297005,2.4861588
2018-11-02 19:30:00,4.0517206,3.5945957
2018-11-02 20:00:00,2.7256339,3.8613746
2018-11-02 20:30:00,0.56706923,3.7065992
2018-11-02 21:00:00,1.1472349,3.1149597
2018-11-02 21:30:00,2.9083424,3.9124346
2018-11-02 22:00:00,3.4416642,3.7796853
2018-11-02 22:30:00,1.1695842,3.368954
2018-11-02 23:00:00,1.2897717,3.3605342
2018-11-02 23:30:00,5.356965,2.9176576
2018-11-03 00:00:00,2.9233773,2.6713316
2018-11-03 00:30:00,3.7288785,3.4282155
2018-11-03 01:00:00,2.4456594,2.874729
2018-11-03 01:30:00,2.264406,2.8180935
2018-11-03 02:00:00,1.2117308,2.666307
2018-11-03 02:30:00,3.073556,3.2073014
2018-11-03 03:00:00,2.8436453,3.421443
2018-11-03 03:30:00,3.5558746,3.328874
2018-11-03 04:00:00,3.0767019,4.0583925
2018-11-03 04:30:00,3.1584697,4.626551
2018-11-03 05:00:00,2.6385877,3.6029148
2018-11-03 05:30:00,4.132942,3.5311396
2018-11-03 06:00:00,1.912984,3.739164
2018-11-03 06:30:00,3.5016553,3.6273525
2018-11-03 07:00:00,2.7963386,2.3125694
2018-11-03 07:30:00,3.06757,1.8379056
2018-11-03 08:00:00,3.1365225,1.6739942
2018-11-03 08:30:00,2.1716797,0.7944149
2018-11-03 09:00:00,1.2068415,-0.61053413
2018-11-03 09:30:00,0.62298375,-1.0752399
2018-11-03 10:00:00,0.52696306,-1.236189
2018-11-03 10:30:00,-1.0749778,-1.1565534
2018-11-03 11:00:00,-0.67087036,-1.0042862
2018-11-03 11:30:00,-1.5803927,-1.76879
2018-11-03 12:00:00,-1.815389,-2.653123
2018-11-03 12:30:00,-1.7406908,-1.9600929
2018-11-03 13:00:00,-1.6985266,-1.4241188
2018-11-03 13:30:00,-1.3250177,-1.7900207
2018-11-03 14:00:00,-0.89612746,-1.241205
2018-11-03 14:30:00,0.6195407,-0.6936871
2018-11-03 15:00:00,1.8179595,-0.3194485
2018-11-03 15:30:00,2.1623816,0.09126096
2018-11-03 16:00:00,3.133818,0.53443027
2018-11-03 16:30:00,4.2962947,1.0198337
2018-11-03 17:00:00,5.4587665,1.1315534
2018-11-03 17:30:00,3.466373,1.8845222
2018-11-03 18:00:00,4.50026,2.5374026
2018-11-03 18:30:00,4.567373,2.4324596
2018-11-03 19:00:00,5.1685896,2.851235
2018-11-03 19:30:00,5.5619617,3.739649
2018-11-03 20:00:00,4.1291714,3.7809393
2018-11-03 20:30:00,4.5502625,3.623442
2018-11-03 21:00:00,3.9421332,3.4254365
2018-11-03 21:30:00,1.9396589,3.7641916
2018-11-03 22:00:00,3.4714632,3.3593545
2018-11-03 22:30:00,0.39951807,2.9270167
2018-11-03 23:00:00,4.616969,2.787045
2018-11-03 23:30:00,2.8077075,2.9396617
2018-11-04 00:00:00,2.339668,2.5309927
2018-11-04 00:30:00,3.5033026,2.8370957
2018-11-04 01:00:00,3.0070808,2.6753776
2018-11-04 01:30:00,2.1662705,2.7270496
2018-11-04 02:00:00,19.798166,2.7969503
2018-11-04 02:30:00,18.987387,2.3787386
2018-11-04 03:00:00,18.176603,2.6850078
2018-11-04 03:30:00,17.365824,2.8915422
2018-11-04 04:00:00,16.55504,2.9223592
2018-11-04 04:30:00,15.744261,2.2233253
2018-11-04 05:00:00,14.933476,1.6388559
2018-11-04 05:30:00,14.122697,2.049845
2018-11-04 06:00:00,13.311917,2.0488226
2018-11-04 06:30:00,12.501134,1.4546225
2018-11-04 07:00:00,11.690354,1.0697534
2018-11-04 07:30:00,10.87957,0.7614569
2018-11-04 08:00:00,16.857094,0.32696077
2018-11-04 08:30:00,7.440836,-0.24247378
2018-11-04 09:00:00,3.1580982,-0.79293233
2018-11-04 09:30:00,4.3777523,-1.134864
2018-11-04 10:00:00,4.460442,-1.5596864
2018-11-04 10:30:00,4.136049,-1.5044622
2018-11-04 11:00:00,4.4411035,-1.4972922
2018-11-04 11:30:00,4.1488466,-1.5190253
2018-11-04 12:00:00,2.5519133,-1.5013514
2018-11-04 12:30:00,2.1256793,-1.3555726
2018-11-04 13:00:00,5.3180823,-1.0588112
2018-11-04 13:30:00,7.3010254,-0.91252995
2018-11-04 14:00:00,7.0027614,-0.7091502
2018-11-04 14:30:00,6.704501,-0.08419873
2018-11-04 15:00:00,4.0947585,0.45915085
2018-11-04 15:30:00,3.804499,0.6437818
2018-11-04 16:00:00,4.523758,1.2743915
2018-11-04 16:30:00,4.1684346,1.7366505
2018-11-04 17:00:00,2.071967,2.1239402
2018-11-04 17:30:00,2.7221253,2.5915606
2018-11-04 18:00:00,3.3722835,3.1461875
2018-11-04 18:30:00,4.022446,3.5072656
2018-11-04 19:00:00,4.672604,3.7979012
2018-11-04 19:30:00,3.1613972,3.790543
2018-11-04 20:00:00,4.2690606,3.8795948
2018-11-04 20:30:00,3.8903039,3.9432473
2018-11-04 21:00:00,3.511543,3.914331
2018-11-04 21:30:00,4.7977333,3.7129219
2018-11-04 22:00:00,3.8256595,3.5053124
2018-11-04 22:30:00,4.206631,3.4523647
2018-11-04 23:00:00,4.6827188,3.5419319
2018-11-04 23:30:00,4.4062667,3.114383
2018-11-05 00:00:00,2.3230338,3.0890975
2018-11-05 00:30:00,2.9050958,3.1863286
2018-11-05 01:00:00,1.6941411,3.2078388
2018-11-05 01:30:00,4.514102,3.2597334
2018-11-05 02:00:00,7.3340664,3.9640236
2018-11-05 02:30:00,6.3374763,4.2651105
2018-11-05 03:00:00,5.0566955,4.121158
2018-11-05 03:30:00,5.7258515,4.223497
2018-11-05 04:00:00,7.3266563,4.0936794
2018-11-05 04:30:00,5.919326,3.6999185
2018-11-05 05:00:00,4.993908,3.26149
2018-11-05 05:30:00,6.4636235,2.8812087
2018-11-05 06:00:00,5.1296544,2.3399084
2018-11-05 06:30:00,3.8606143,1.8169634
2018-11-05 07:00:00,4.5521197,1.2587974
2018-11-05 07:30:00,5.2814455,0.39379424
2018-11-05 08:00:00,5.3312693,-0.48201427
2018-11-05 08:30:00,16.093962,-1.2136956
2018-11-05 09:00:00,26.856655,-1.7101928
2018-11-05 09:30:00,37.619354,-1.5455909
2018-11-05 10:00:00,32.648247,-2.060684
2018-11-05 10:30:00,27.67714,-2.1500196
2018-11-05 11:00:00,22.706038,-2.5172539
2018-11-05 11:30:00,17.734934,-2.242488
2018-11-05 12:00:00,12.763832,-2.046654
2018-11-05 12:30:00,7.792725,-1.9837223
2018-11-05 13:00:00,2.821624,-1.6274462
2018-11-05 13:30:00,-2.149482,-1.4061564
2018-11-05 14:00:00,14.480206,-1.1076473
2018-11-05 14:30:00,31.109888,-0.9732507
2018-11-05 15:00:00,47.73957,-0.45871693
2018-11-05 15:30:00,8.441,-0.40398216
2018-11-05 16:00:00,6.238222,-0.19369881
2018-11-05 16:30:00,4.438639,0.028997837
2018-11-05 17:00:00,5.9810734,0.19706023
2018-11-05 17:30:00,5.696996,0.81183547
2018-11-05 18:00:00,4.5913253,1.3417449
2018-11-05 18:30:00,7.9308662,1.6757331
2018-11-05 19:00:00,11.270404,2.0031717
2018-11-05 19:30:00,14.609941,2.0958104
2018-11-05 20:00:00,17.949476,2.1340246
2018-11-05 20:30:00,3.8392525,2.2771468
2018-11-05 21:00:00,28.142605,2.4281428
2018-11-05 21:30:00,18.566387,2.4061956
2018-11-05 22:00:00,8.990166,2.5546877
2018-11-05 22:30:00,23.938433,2.7931097
2018-11-05 23:00:00,11.860767,2.7470174
2018-11-05 23:30:00,20.14078,2.6774356
2018-11-06 00:00:00,12.992973,3.2088614
2018-11-06 00:30:00,5.8451605,3.5979295
2018-11-06 01:00:00,4.3591914,3.595535
2018-11-06 01:30:00,5.8710623,3.7446957
2018-11-06 02:00:00,7.382933,3.9278803
2018-11-06 02:30:00,8.894809,3.8522382
2018-11-06 03:00:00,10.40668,3.7405143
2018-11-06 03:30:00,11.918551,3.9492114
2018-11-06 04:00:00,13.599211,3.738312
2018-11-06 04:30:00,14.179564,3.7256541
2018-11-06 05:00:00,14.759918,3.528234
2018-11-06 05:30:00,15.340271,3.0671155
2018-11-06 06:00:00,15.9206295,2.8738027
2018-11-06 06:30:00,16.500982,2.442033
2018-11-06 07:00:00,17.081337,2.0519598
2018-11-06 07:30:00,17.66169,1.2752786
2018-11-06 08:00:00,18.242043,0.7700514
2018-11-06 08:30:00,18.822395,0.6725146
2018-11-06 09:00:00,19.40275,0.37575758
2018-11-06 09:30:00,19.983107,0.30272838
2018-11-06 10:00:00,20.563461,0.16083838
2018-11-06 10:30:00,21.143814,-0.071619384
2018-11-06 11:00:00,21.724169,-0.5907978
2018-11-06 11:30:00,22.304522,-0.93035686
2018-11-06 12:00:00,22.884874,-1.0382841
2018-11-06 12:30:00,23.465233,-1.5724143
2018-11-06 13:00:00,24.045588,-1.8425183
2018-11-06 13:30:00,24.62594,-1.9483044
2018-11-06 14:00:00,25.206293,-1.4832841
2018-11-06 14:30:00,25.786648,-0.8389284
2018-11-06 15:00:00,26.367,-0.18848619
2018-11-06 15:30:00,26.947355,-1.064133
2018-11-06 16:00:00,27.527708,-0.85997987
2018-11-06 16:30:00,28.10806,-0.32313186
2018-11-06 17:00:00,28.688416,-0.17924939
2018-11-06 17:30:00,29.268768,0.1642421
2018-11-06 18:00:00,29.84913,0.14219876
2018-11-06 18:30:00,30.429485,0.70469046
2018-11-06 19:00:00,31.009838,1.0213367
2018-11-06 19:30:00,31.59019,1.2334988
2018-11-06 20:00:00,32.170544,1.211071
2018-11-06 20:30:00,32.7509,0.9650028
2018-11-06 21:00:00,32.729794,1.3304677
2018-11-06 21:30:00,32.70869,1.0545262
2018-11-06 22:00:00,32.687588,1.1434073
2018-11-06 22:30:00,32.666485,1.6637218
2018-11-06 23:00:00,32.64538,1.3599739
2018-11-06 23:30:00,32.624275,1.7282089
2018-11-07 00:00:00,32.603172,1.9116776
2018-11-07 00:30:00,32.582066,2.3862321
2018-11-07 01:00:00,32.560963,2.4993632
2018-11-07 01:30:00,32.53986,2.360763
2018-11-07 02:00:00,32.518757,3.100637
2018-11-07 02:30:00,32.49765,2.897537
2018-11-07 03:00:00,32.476547,3.5536592
2018-11-07 03:30:00,32.455444,4.1111655
2018-11-07 04:00:00,32.43434,3.6240494
2018-11-07 04:30:00,32.413235,3.8170476
2018-11-07 05:00:00,32.39213,3.7910018
2018-11-07 05:30:00,32.37103,4.0935044
2018-11-07 06:00:00,32.349926,3.8112144
2018-11-07 06:30:00,32.32882,3.341672
2018-11-07 07:00:00,32.307716,2.781994
2018-11-07 07:30:00,32.286613,2.7315063
2018-11-07 08:00:00,32.265507,1.7332599
2018-11-07 08:30:00,32.244404,1.3893315
2018-11-07 09:00:00,32.2233,0.9913455
2018-11-07 09:30:00,32.202198,1.6970118
2018-11-07 10:00:00,32.18109,1.7586327
2018-11-07 10:30:00,32.15999,2.2765353
2018-11-07 11:00:00,32.138885,4.4657903
2018-11-07 11:30:00,32.117783,6.161265
2018-11-07 12:00:00,32.096676,3.7524161
2018-11-07 12:30:00,32.075573,5.7370195
2018-11-07 13:00:00,32.05447,8.176345
2018-11-07 13:30:00,32.033367,9.875373
2018-11-07 14:00:00,32.01227,11.682402
2018-11-07 14:30:00,31.991167,10.364836
2018-11-07 15:00:00,31.970062,12.34614
2018-11-07 15:30:00,31.948957,14.816112
2018-11-07 16:00:00,31.927855,13.68239
2018-11-07 16:30:00,31.90675,15.1572
2018-11-07 17:00:00,31.885647,14.729878
2018-11-07 17:30:00,31.864542,15.313028
2018-11-07 18:00:00,31.84344,16.1785
2018-11-07 18:30:00,31.822334,14.675323
2018-11-07 19:00:00,31.801231,16.3959
2018-11-07 19:30:00,31.780127,17.564394
2018-11-07 20:00:00,31.759024,18.391745
2018-11-07 20:30:00,31.737919,19.187464
2018-11-07 21:00:00,31.716816,18.218422
2018-11-07 21:30:00,31.695711,19.58281
2018-11-07 22:00:00,31.674608,17.766047
2018-11-07 22:30:00,31.653503,18.372477
2018-11-07 23:00:00,31.632399,17.756592
2018-11-07 23:30:00,31.611296,14.91229
2018-11-08 00:00:00,31.611296,14.791477
2018-11-08 00:30:00,31.611296,14.237663
2018-11-08 01:00:00,31.611296,14.160937
2018-11-08 01:30:00,31.611296,12.609305
2018-11-08 02:00:00,31.611296,11.24656
2018-11-08 02:30:00,31.611296,10.618178
2018-11-08 03:00:00,31.611296,8.081032
2018-11-08 03:30:00,31.611296,9.529723
2018-11-08 04:00:00,31.611296,7.315462
2018-11-08 04:30:00,31.611296,7.9751277
2018-11-08 05:00:00,31.611296,8.626225
2018-11-08 05:30:00,31.611296,8.3932
2018-11-08 06:00:00,31.611296,8.332348
2018-11-08 06:30:00,31.611296,7.3314495
2018-11-08 07:00:00,31.611296,7.4282694
2018-11-08 07:30:00,31.273632,7.9519353
2018-11-08 08:00:00,21.169485,8.082814
2018-11-08 08:30:00,11.065337,7.481545
2018-11-08 09:00:00,0.9611883,9.442712
2018-11-08 09:30:00,0.875239,9.819419
2018-11-08 10:00:00,0.70731205,8.903561
2018-11-08 10:30:00,0.51088387,9.732067
2018-11-08 11:00:00,0.31446007,10.296114
2018-11-08 11:30:00,0.43526804,8.408199
2018-11-08 12:00:00,-0.0033309285,9.506653
2018-11-08 12:30:00,-0.15193227,10.860214
2018-11-08 13:00:00,0.6721432,10.460034
2018-11-08 13:30:00,1.3358856,10.617593
2018-11-08 14:00:00,1.9996281,10.686157
2018-11-08 14:30:00,2.6633706,9.923532
2018-11-08 15:00:00,1.3652345,11.903857
2018-11-08 15:30:00,1.5378104,12.197364
2018-11-08 16:00:00,1.4600711,12.011187
2018-11-08 16:30:00,1.563122,11.810249
2018-11-08 17:00:00,1.2317075,13.083571
2018-11-08 17:30:00,1.4425107,13.506786
2018-11-08 18:00:00,1.6066407,13.128768
2018-11-08 18:30:00,1.331477,13.796788
2018-11-08 19:00:00,1.9702836,13.533623
2018-11-08 19:30:00,1.5116162,14.305248
2018-11-08 20:00:00,0.964828,14.571228
2018-11-08 20:30:00,0.94042087,14.985311
2018-11-08 21:00:00,1.4237444,15.813344
2018-11-08 21:30:00,2.4252021,16.101608
2018-11-08 22:00:00,2.135803,16.450054
2018-11-08 22:30:00,2.5518126,17.284678
2018-11-08 23:00:00,1.296378,17.559395
2018-11-08 23:30:00,0.55243194,18.305311
2018-11-09 00:00:00,0.82049984,17.658115
2018-11-09 00:30:00,3.6508596,17.769648
2018-11-09 01:00:00,6.481219,17.886362
2018-11-09 01:30:00,9.311579,18.04655
2018-11-09 02:00:00,12.141934,18.004465
2018-11-09 02:30:00,14.972294,17.867617
2018-11-09 03:00:00,17.802654,17.896175
2018-11-09 03:30:00,20.633007,17.894304
2018-11-09 04:00:00,23.463367,17.698261
2018-11-09 04:30:00,26.293728,17.562052
2018-11-09 05:00:00,29.124083,17.568369
2018-11-09 05:30:00,31.954447,17.211945
2018-11-09 06:00:00,34.7848,17.293642
2018-11-09 06:30:00,37.615158,17.016329
2018-11-09 07:00:00,40.445522,16.914
2018-11-09 07:30:00,43.27588,16.670618
2018-11-09 08:00:00,46.10623,16.242064
2018-11-09 08:30:00,48.936596,15.16801
2018-11-09 09:00:00,33.40902,10.559638
2018-11-09 09:30:00,1.7177488,4.5936456
2018-11-09 10:00:00,0.66987115,-0.3466826
2018-11-09 10:30:00,0.9486964,-4.415432
2018-11-09 11:00:00,0.72824556,-6.919463
2018-11-09 11:30:00,0.08030702,-9.498248
2018-11-09 12:00:00,0.3507868,-11.765256
2018-11-09 12:30:00,0.86385685,-12.850683
2018-11-09 13:00:00,1.8224906,-12.832852
2018-11-09 13:30:00,0.8195692,-12.480819
2018-11-09 14:00:00,1.9391346,-11.469997
2018-11-09 14:30:00,2.3643634,-10.705315
2018-11-09 15:00:00,2.5478802,-9.777039
2018-11-09 15:30:00,1.8205069,-9.274442
2018-11-09 16:00:00,2.833714,-8.87955
2018-11-09 16:30:00,2.3738232,-7.797635
2018-11-09 17:00:00,2.646256,-6.4684987
2018-11-09 17:30:00,2.485888,-4.8399706
2018-11-09 18:00:00,8.971967,-3.2298937
2018-11-09 18:30:00,3.3940732,-1.1478016
2018-11-09 19:00:00,-2.183825,0.40534678
2018-11-09 19:30:00,-3.3303843,1.3776784
2018-11-09 20:00:00,-4.476939,2.8315816
2018-11-09 20:30:00,-5.6234984,3.9490805
2018-11-09 21:00:00,3.4739144,5.1448164
2018-11-09 21:30:00,9.182889,6.014783
2018-11-09 22:00:00,-9.988393,6.6013103
2018-11-09 22:30:00,1.2631011,6.6593657
2018-11-09 23:00:00,12.514591,5.903404
2018-11-09 23:30:00,23.766079,5.1313324
2018-11-10 00:00:00,35.017574,6.6014457
2018-11-10 00:30:00,46.26907,7.2171297
2018-11-10 01:00:00,24.456402,7.2390423
2018-11-10 01:30:00,2.643735,8.5263815
2018-11-10 02:00:00,3.676866,9.471567
2018-11-10 02:30:00,2.6945198,10.420457
2018-11-10 03:00:00,0.09540747,11.41873
2018-11-10 03:30:00,3.8898408,12.028689
2018-11-10 04:00:00,7.684278,12.013318
2018-11-10 04:30:00,12.717818,12.588533
2018-11-10 05:00:00,17.751358,12.722926
2018-11-10 05:30:00,4.6247597,11.549408
2018-11-10 06:00:00,3.698044,11.810371
2018-11-10 06:30:00,2.7713242,10.991224
2018-11-10 07:00:00,4.120848,11.019817
2018-11-10 07:30:00,3.2265353,10.792856
2018-11-10 08:00:00,2.265389,11.785422
2018-11-10 08:30:00,2.6666784,13.373259
2018-11-10 09:00:00,1.5375658,12.938089
2018-11-10 09:30:00,1.854046,9.097262
2018-11-10 10:00:00,1.2449335,8.413338
2018-11-10 10:30:00,1.766681,6.765318
2018-11-10 11:00:00,0.6140484,4.557446
2018-11-10 11:30:00,1.42374,2.5986564
2018-11-10 12:00:00,2.0113554,0.7247632
2018-11-10 12:30:00,2.148308,-1.0116441
2018-11-10 13:00:00,2.2852564,-1.4469224
2018-11-10 13:30:00,2.422205,-2.9838822
2018-11-10 14:00:00,2.559153,-3.3138156
2018-11-10 14:30:00,2.6961014,-3.5013084
2018-11-10 15:00:00,2.980917,-3.224266
2018-11-10 15:30:00,2.700095,-2.4617195
2018-11-10 16:00:00,2.3569007,-2.8883333
2018-11-10 16:30:00,3.6052306,-2.6239445
2018-11-10 17:00:00,4.139824,-1.6200532
2018-11-10 17:30:00,3.9512432,-0.54592025
2018-11-10 18:00:00,3.2901354,0.7053589
2018-11-10 18:30:00,3.1961377,1.541022
2018-11-10 19:00:00,1.540266,2.3163881
2018-11-10 19:30:00,12.034222,2.975674
2018-11-10 20:00:00,11.526089,3.4463744
2018-11-10 20:30:00,11.017952,3.6762238
2018-11-10 21:00:00,10.509819,3.9298508
2018-11-10 21:30:00,10.001686,4.5743027
2018-11-10 22:00:00,9.493553,3.4596221
2018-11-10 22:30:00,8.98542,4.1845746
2018-11-10 23:00:00,8.4772835,5.123782
2018-11-10 23:30:00,7.9691505,5.8518066
2018-11-11 00:00:00,7.4610176,7.313426
2018-11-11 00:30:00,6.952885,8.524572
2018-11-11 01:00:00,6.444752,8.257916
2018-11-11 01:30:00,5.9366155,6.8848677
2018-11-11 02:00:00,5.4284825,6.887782
2018-11-11 02:30:00,4.92035,6.0200524
2018-11-11 03:00:00,2.9021335,5.0427656
2018-11-11 03:30:00,2.2419388,5.0823174
2018-11-11 04:00:00,2.581734,5.4881024
2018-11-11 04:30:00,3.3000712,5.626632
2018-11-11 05:00:00,4.018409,6.261135
2018-11-11 05:30:00,3.0631568,5.8088603
2018-11-11 06:00:00,2.4759872,5.239286
2018-11-11 06:30:00,1.8129698,4.9884987
2018-11-11 07:00:00,2.8766732,4.6449156
2018-11-11 07:30:00,1.6949757,3.4982471
2018-11-11 08:00:00,2.2737868,2.3095982
2018-11-11 08:30:00,3.5099483,1.7326001
2018-11-11 09:00:00,3.6988657,0.5351512
2018-11-11 09:30:00,2.0908468,-0.4999111
2018-11-11 10:00:00,0.48282397,-0.9902562
2018-11-11 10:30:00,-1.1251945,-2.408549
2018-11-11 11:00:00,4.1391554,-2.5037613
2018-11-11 11:30:00,-8.079689,-1.2839153
2018-11-11 12:00:00,-3.0545127,-1.2815996
2018-11-11 12:30:00,1.9706638,-0.9672254
2018-11-11 13:00:00,-0.004392679,-0.33160838
2018-11-11 13:30:00,1.7298692,-0.017570615
2018-11-11 14:00:00,2.3589761,0.15031701
2018-11-11 14:30:00,2.1904724,0.4002696
2018-11-11 15:00:00,-1.0511518,0.31621218
2018-11-11 15:30:00,2.6476412,-0.56365544
2018-11-11 16:00:00,3.0251522,-0.087584965
2018-11-11 16:30:00,1.857677,0.63130295
2018-11-11 17:00:00,2.3013139,0.6421433
2018-11-11 17:30:00,1.682663,1.5540775
2018-11-11 18:00:00,3.1258874,2.1063056
2018-11-11 18:30:00,3.0979936,2.39068
2018-11-11 19:00:00,2.0902526,3.0948126
2018-11-11 19:30:00,5.531787,4.4571037
2018-11-11 20:00:00,1.6120456,5.126727
2018-11-11 20:30:00,-0.23077269,5.3165665
2018-11-11 21:00:00,20.14251,5.9848046
2018-11-11 21:30:00,18.544584,6.193891
2018-11-11 22:00:00,16.946655,6.130282
2018-11-11 22:30:00,15.348726,6.928635
2018-11-11 23:00:00,13.750796,7.9289436
2018-11-11 23:30:00,12.152866,7.413851
2018-11-12 00:00:00,10.554936,7.0727143
2018-11-12 00:30:00,8.957006,7.2340918
2018-11-12 01:00:00,7.3590765,7.1611323
2018-11-12 01:30:00,5.7611513,7.740647
2018-11-12 02:00:00,4.163222,7.314007
2018-11-12 02:30:00,2.5652921,7.727915
2018-11-12 03:00:00,0.9673622,7.158878
2018-11-12 03:30:00,-0.63056755,6.1466804
2018-11-12 04:00:00,-2.2284973,5.8521867
2018-11-12 04:30:00,-3.826427,5.6774697
2018-11-12 05:00:00,1.1714149,5.671025
2018-11-12 05:30:00,-8.770216,5.070345
2018-11-12 06:00:00,-18.711851,4.7376547
2018-11-12 06:30:00,-7.9074893,4.2367797
2018-11-12 07:00:00,2.8968728,3.6392372
2018-11-12 07:30:00,6.4741755,2.7566125
2018-11-12 08:00:00,2.2795675,1.9249779
2018-11-12 08:30:00,1.7354839,1.2679336
2018-11-12 09:00:00,1.7379657,0.5155634
2018-11-12 09:30:00,1.7404431,-0.1096283
2018-11-12 10:00:00,1.7429249,-0.20322397
2018-11-12 10:30:00,1.7454023,-0.48151615
2018-11-12 11:00:00,0.8727572,-0.36915416
2018-11-12 11:30:00,-0.30012292,-1.2417774
2018-11-12 12:00:00,1.2578448,-0.7490466
2018-11-12 12:30:00,0.6230187,-0.96386534
2018-11-12 13:00:00,1.5110657,-1.3179874
2018-11-12 13:30:00,1.2301694,-1.1586593
2018-11-12 14:00:00,1.4501483,-0.9297976
2018-11-12 14:30:00,1.5110439,-0.5786641
2018-11-12 15:00:00,1.5719393,-0.18114132
2018-11-12 15:30:00,1.2107389,0.45931253
2018-11-12 16:00:00,2.313937,0.62261236
2018-11-12 16:30:00,3.4182663,0.9761053
2018-11-12 17:00:00,2.3015454,1.7122958
2018-11-12 17:30:00,2.8324249,2.3869138
2018-11-12 18:00:00,1.9159771,2.951236
2018-11-12 18:30:00,2.7948225,3.8508444
2018-11-12 19:00:00,2.0174768,4.451454
2018-11-12 19:30:00,1.67676,4.3811297
2018-11-12 20:00:00,0.53892195,4.4432616
2018-11-12 20:30:00,-0.8356295,4.932833
2018-11-12 21:00:00,-2.2101767,6.7443275
2018-11-12 21:30:00,-13.683327,6.9207835
2018-11-12 22:00:00,0.29735848,7.4888372
2018-11-12 22:30:00,2.7900074,7.7864027
2018-11-12 23:00:00,2.1120644,7.7241745
2018-11-12 23:30:00,3.262766,6.6361036
2018-11-13 00:00:00,4.4134674,6.521015
2018-11-13 00:30:00,5.5641685,5.898012
2018-11-13 01:00:00,6.7148695,5.2750793
2018-11-13 01:30:00,7.865571,4.6521993
2018-11-13 02:00:00,9.016273,4.2924013
2018-11-13 02:30:00,10.166974,3.7678008
2018-11-13 03:00:00,11.317676,3.4722147
2018-11-13 03:30:00,12.468372,3.4289014
2018-11-13 04:00:00,13.619074,2.6776192
2018-11-13 04:30:00,3.5415912,2.4085376
2018-11-13 05:00:00,4.38577,2.3115993
2018-11-13 05:30:00,5.229944,1.6970774
2018-11-13 06:00:00,6.074123,0.909984
2018-11-13 06:30:00,6.9183016,0.7194326
2018-11-13 07:00:00,-1.6366873,0.99452204
2018-11-13 07:30:00,1.6458731,0.66777384
2018-11-13 08:00:00,4.928429,-0.19352403
2018-11-13 08:30:00,8.210989,-0.4942965
2018-11-13 09:00:00,8.652166,-0.9269357
2018-11-13 09:30:00,1.2370467,-1.0682839
2018-11-13 10:00:00,0.69019735,-1.4759218
2018-11-13 10:30:00,0.44452667,-1.9748788
2018-11-13 11:00:00,1.0962491,-2.1461046
2018-11-13 11:30:00,-0.5858342,-2.1307945
2018-11-13 12:00:00,0.25610316,-1.9949428
2018-11-13 12:30:00,-0.03954404,-2.1985936
2018-11-13 13:00:00,-5.1459904,-2.4233086
2018-11-13 13:30:00,-0.20020913,-1.846844
2018-11-13 14:00:00,-1.192028,-1.5503142
2018-11-13 14:30:00,-0.5958444,-1.4502693
2018-11-13 15:00:00,1.2064177,-1.0248702
2018-11-13 15:30:00,1.970419,-0.68417937
2018-11-13 16:00:00,2.2146566,-0.22699757
2018-11-13 16:30:00,3.2122388,0.12428445
2018-11-13 17:00:00,3.2363138,0.60301584
2018-11-13 17:30:00,3.2836382,1.2184334
2018-11-13 18:00:00,3.6510081,1.5229678
2018-11-13 18:30:00,3.9631627,1.7957153
2018-11-13 19:00:00,3.8402836,2.4373183
2018-11-13 19:30:00,4.3733873,2.8557966
2018-11-13 20:00:00,4.0156035,3.174326
2018-11-13 20:30:00,3.9984496,3.0964818
2018-11-13 21:00:00,3.891606,3.2032642
2018-11-13 21:30:00,3.0120966,3.2864783
2018-11-13 22:00:00,2.489886,3.4589975
2018-11-13 22:30:00,2.735076,3.5993626
2018-11-13 23:00:00,3.5060859,3.0047257
2018-11-13 23:30:00,2.7187696,3.5146759
2018-11-14 00:00:00,2.6554492,4.0474825
2018-11-14 00:30:00,3.0954201,3.8329825
2018-11-14 01:00:00,2.9331908,3.5104027
2018-11-14 01:30:00,2.608269,4.383568
2018-11-14 02:00:00,3.6240406,4.2755666
2018-11-14 02:30:00,2.2279305,3.990694
2018-11-14 03:00:00,2.763892,4.688552
2018-11-14 03:30:00,4.0316305,5.1089177
2018-11-14 04:00:00,2.5116935,4.63106
2018-11-14 04:30:00,2.4550405,3.9457552
2018-11-14 05:00:00,4.317442,4.081611
2018-11-14 05:30:00,3.6210082,3.6738248
2018-11-14 06:00:00,3.3600974,3.4327507
2018-11-14 06:30:00,3.3027322,3.2363882
2018-11-14 07:00:00,2.9377873,1.992292
2018-11-14 07:30:00,2.7089212,1.6732208
2018-11-14 08:00:00,3.3118904,1.4587429
2018-11-14 08:30:00,2.1053095,1.2696464
2018-11-14 09:00:00,2.341752,0.8586136
2018-11-14 09:30:00,2.0167692,0.40308344
2018-11-14 10:00:00,1.691786,0.14972277
2018-11-14 10:30:00,2.4171758,-0.32434216
2018-11-14 11:00:00,1.2045913,-0.5304353
2018-11-14 11:30:00,-0.007988648,-0.61752945
2018-11-14 12:00:00,-1.3157285,-0.7116057
2018-11-14 12:30:00,1.2741163,-0.47399214
2018-11-14 13:00:00,0.9800595,-1.1148654
2018-11-14 13:30:00,0.68600273,-0.78738326
2018-11-14 14:00:00,1.5590149,-0.90068465
2018-11-14 14:30:00,2.2470727,-0.73535746
2018-11-14 15:00:00,2.2730398,-0.048929386
2018-11-14 15:30:00,2.0230696,0.16015239
2018-11-14 16:00:00,2.7924936,0.108563565
2018-11-14 16:30:00,3.1319652,0.38021433
2018-11-14 17:00:00,2.420221,0.7071154
2018-11-14 17:30:00,2.3808446,0.88684833
2018-11-14 18:00:00,2.2367916,1.0084865
2018-11-14 18:30:00,2.522726,1.603923
2018-11-14 19:00:00,2.5037413,1.9567299
2018-11-14 19:30:00,4.080991,1.9677887
2018-11-14 20:00:00,-5.9789095,2.2336195
2018-11-14 20:30:00,-16.03881,2.5129387
2018-11-14 21:00:00,26.736185,2.3972602
2018-11-14 21:30:00,-20.485401,2.2948167
2018-11-14 22:00:00,-19.213675,2.3005667
2018-11-14 22:30:00,-17.94195,2.408935
2018-11-14 23:00:00,-16.670225,2.354777
2018-11-14 23:30:00,-15.398501,2.122717
2018-11-15 00:00:00,10.819876,1.801059
2018-11-15 00:30:00,37.03825,2.158292
2018-11-15 01:00:00,4.85131,2.5787015
2018-11-15 01:30:00,4.5562134,2.4970036
2018-11-15 02:00:00,30.865055,2.3645513
2018-11-15 02:30:00,3.1082265,2.442116
2018-11-15 03:00:00,17.181087,2.652596
2018-11-15 03:30:00,31.253954,2.9063325
2018-11-15 04:00:00,45.326813,2.729068
2018-11-15 04:30:00,5.7563014,3.008269
2018-11-15 05:00:00,9.1628895,3.2016432
2018-11-15 05:30:00,6.2100487,2.733302
2018-11-15 06:00:00,3.2572124,2.7974265
2018-11-15 06:30:00,3.2443883,2.7427835
2018-11-15 07:00:00,3.0612605,2.4047012
2018-11-15 07:30:00,3.4069104,1.7306514
2018-11-15 08:00:00,15.154417,1.2410228
2018-11-15 08:30:00,26.901922,0.651332
2018-11-15 09:00:00,38.649426,0.048825916
2018-11-15 09:30:00,33.288967,-0.2319524
2018-11-15 10:00:00,17.72619,-0.5507615
2018-11-15 10:30:00,2.163413,-0.89632404
2018-11-15 11:00:00,2.5773647,-1.1811047
2018-11-15 11:30:00,2.559791,-1.2848198
2018-11-15 12:00:00,2.2192137,-1.8056717
2018-11-15 12:30:00,2.162526,-1.7144179
2018-11-15 13:00:00,2.1529572,-1.7291863
2018-11-15 13:30:00,2.1096394,-1.366295
2018-11-15 14:00:00,2.8053832,-1.1513538
2018-11-15 14:30:00,2.3537505,-1.1977781
2018-11-15 15:00:00,2.8863645,-0.8345372
2018-11-15 15:30:00,2.208426,-0.7119728
2018-11-15 16:00:00,2.005754,-0.32532963
2018-11-15 16:30:00,2.8230526,0.12900771
2018-11-15 17:00:00,3.6403558,0.39267132
2018-11-15 17:30:00,7.007458,0.77121806
2018-11-15 18:00:00,10.374561,1.3419634
2018-11-15 18:30:00,13.741664,1.8410865
2018-11-15 19:00:00,17.108767,2.3133166
2018-11-15 19:30:00,20.475868,2.791126
2018-11-15 20:00:00,23.842972,2.6385005
2018-11-15 20:30:00,27.210073,1.9186947
2018-11-15 21:00:00,22.984095,4.3954654
2018-11-15 21:30:00,18.758118,2.3981953
2018-11-15 22:00:00,14.53214,1.590911
2018-11-15 22:30:00,10.306164,1.4165524
2018-11-15 23:00:00,6.080183,0.7585382
2018-11-15 23:30:00,1.8542076,0.8309251
2018-11-16 00:00:00,-2.3717723,2.4067767
2018-11-16 00:30:00,9.428293,5.697717
2018-11-16 01:00:00,2.2182832,3.2992673
2018-11-16 01:30:00,2.2387972,3.7420478
2018-11-16 02:00:00,2.259307,6.4124846
2018-11-16 02:30:00,2.279821,4.4224944
2018-11-16 03:00:00,2.3003309,4.5528145
2018-11-16 03:30:00,2.320845,6.1006927
2018-11-16 04:00:00,2.3413546,6.499391
2018-11-16 04:30:00,3.0021172,4.7550445
2018-11-16 05:00:00,9.194865,4.224939
2018-11-16 05:30:00,6.1984787,3.832869
2018-11-16 06:00:00,-7.604528,2.3675094
2018-11-16 06:30:00,2.068952,2.0163364
2018-11-16 07:00:00,2.0601523,0.7410521
2018-11-16 07:30:00,2.1185224,0.037657876
2018-11-16 08:00:00,2.1367686,0.06596248
2018-11-16 08:30:00,1.3246565,0.35711798
2018-11-16 09:00:00,1.2138892,1.7767566
2018-11-16 09:30:00,0.75890523,2.0271943
2018-11-16 10:00:00,0.38917583,1.4831369
2018-11-16 10:30:00,0.083789386,-0.8674427
2018-11-16 11:00:00,0.41987485,-0.79721427
2018-11-16 11:30:00,-1.1484264,-1.2922345
2018-11-16 12:00:00,0.3226788,-1.5928891
2018-11-16 12:30:00,0.7540727,-1.507499
2018-11-16 13:00:00,-0.058004513,-1.3206834
2018-11-16 13:30:00,0.39604008,-1.589009
2018-11-16 14:00:00,0.7353807,-1.4242586
2018-11-16 14:30:00,1.0747213,-1.4010224
2018-11-16 15:00:00,2.0158253,-1.2228363
2018-11-16 15:30:00,30.392101,-0.9387329
2018-11-16 16:00:00,16.311886,0.2710769
2018-11-16 16:30:00,2.2316751,0.20825012
2018-11-16 17:00:00,1.2586925,0.4606845
2018-11-16 17:30:00,2.0506752,1.5543354
2018-11-16 18:00:00,3.625583,1.0492524
2018-11-16 18:30:00,1.9209582,1.6649671
2018-11-16 19:00:00,3.2029846,2.8901963
2018-11-16 19:30:00,2.5365767,2.6581712
2018-11-16 20:00:00,2.5258238,2.6344414
2018-11-16 20:30:00,1.3171281,3.322132
2018-11-16 21:00:00,0.52284276,3.7296214
2018-11-16 21:30:00,3.340042,2.9489772
2018-11-16 22:00:00,4.3670735,2.8242805
2018-11-16 22:30:00,2.9052837,3.6888204
2018-11-16 23:00:00,3.1519244,2.470661
2018-11-16 23:30:00,3.7425022,2.2653847
2018-11-17 00:00:00,2.5297432,2.273529
2018-11-17 00:30:00,2.8382711,2.580196
2018-11-17 01:00:00,2.7801633,1.5392785
2018-11-17 01:30:00,1.6298857,2.7532437
2018-11-17 02:00:00,2.6090379,3.2906072
2018-11-17 02:30:00,1.9810759,2.659683
2018-11-17 03:00:00,2.654335,3.3491216
2018-11-17 03:30:00,2.2810445,3.4766364
2018-11-17 04:00:00,2.5006783,2.7072258
2018-11-17 04:30:00,2.0922756,3.4824433
2018-11-17 05:00:00,1.8613865,4.293092
2018-11-17 05:30:00,2.0973704,3.5422335
2018-11-17 06:00:00,2.2480297,3.0302339
2018-11-17 06:30:00,1.7258669,4.154575
2018-11-17 07:00:00,2.1628318,3.545812
2018-11-17 07:30:00,2.2504852,2.0895362
2018-11-17 08:00:00,1.8118206,1.6650894
2018-11-17 08:30:00,1.2845241,1.934407
2018-11-17 09:00:00,1.5099996,-0.007695902
2018-11-17 09:30:00,-0.89793634,-1.2956557
2018-11-17 10:00:00,-1.0884528,-1.8178796
2018-11-17 10:30:00,-1.2789649,-2.2180588
2018-11-17 11:00:00,-1.4694813,-3.9765224
2018-11-17 11:30:00,-1.6599934,-2.0152297
2018-11-17 12:00:00,-0.7581305,-2.0129182
2018-11-17 12:30:00,0.058997743,-3.3616993
2018-11-17 13:00:00,0.44625694,-2.9565694
2018-11-17 13:30:00,0.33640292,-2.567012
2018-11-17 14:00:00,0.19805644,-3.3330626
2018-11-17 14:30:00,0.059705578,-2.259192
2018-11-17 15:00:00,20.933432,-0.3116274
2018-11-17 15:30:00,20.541456,1.883207
2018-11-17 16:00:00,20.149483,0.72910196
2018-11-17 16:30:00,19.75751,0.8051285
2018-11-17 17:00:00,19.365536,1.097975
2018-11-17 17:30:00,18.973562,1.5305399
2018-11-17 18:00:00,18.581589,1.4620067
2018-11-17 18:30:00,18.189615,2.4807234
2018-11-17 19:00:00,17.797646,4.147811
2018-11-17 19:30:00,17.405672,3.404774
2018-11-17 20:00:00,17.013699,4.6021614
2018-11-17 20:30:00,16.621725,5.935737
2018-11-17 21:00:00,16.229752,4.1052885
2018-11-17 21:30:00,15.837778,4.626848
2018-11-17 22:00:00,15.445804,5.428085
2018-11-17 22:30:00,15.05383,4.6716337
2018-11-17 23:00:00,14.661857,4.3824363
2018-11-17 23:30:00,14.269883,5.7846932
2018-11-18 00:00:00,13.877909,6.0683727
2018-11-18 00:30:00,13.48594,4.472558
2018-11-18 01:00:00,13.0939665,3.9969246
2018-11-18 01:30:00,12.701992,4.205993
2018-11-18 02:00:00,12.310019,4.1167974
2018-11-18 02:30:00,11.918045,3.8805473
2018-11-18 03:00:00,11.526072,4.4515243
2018-11-18 03:30:00,11.134097,4.2934456
2018-11-18 04:00:00,10.742124,3.5717702
2018-11-18 04:30:00,10.35015,3.101712
2018-11-18 05:00:00,9.958177,2.8201778
2018-11-18 05:30:00,9.566202,2.5901449
2018-11-18 06:00:00,9.174233,2.2618194
2018-11-18 06:30:00,8.782259,1.7402639
2018-11-18 07:00:00,8.3902855,1.3801864
2018-11-18 07:30:00,7.9983115,0.8070073
2018-11-18 08:00:00,7.606338,0.7209968
2018-11-18 08:30:00,7.214364,0.16798663
2018-11-18 09:00:00,6.8223906,-0.82278806
2018-11-18 09:30:00,6.4304166,-1.0966191
2018-11-18 10:00:00,6.038443,-0.88831943
2018-11-18 10:30:00,5.646469,-0.67665535
2018-11-18 11:00:00,5.2544956,-1.2752684
2018-11-18 11:30:00,4.862526,-1.1509694
2018-11-18 12:00:00,4.4705524,-0.5107602
2018-11-18 12:30:00,4.078579,-0.54666305
2018-11-18 13:00:00,3.6866052,-0.592279
2018-11-18 13:30:00,3.2946315,-0.002509492
2018-11-18 14:00:00,2.9026577,0.80681944
2018-11-18 14:30:00,1.8918802,1.1435122
2018-11-18 15:00:00,0.8811026,3.8959842
2018-11-18 15:30:00,-0.12967922,4.482669
2018-11-18 16:00:00,-1.2926409,6.0266805
2018-11-18 16:30:00,0.9806756,6.7011847
2018-11-18 17:00:00,1.7365413,7.426059
2018-11-18 17:30:00,1.2025508,7.3117394
2018-11-18 18:00:00,0.6670005,6.946244
2018-11-18 18:30:00,0.97298557,7.833823
2018-11-18 19:00:00,1.2774676,6.8770204
2018-11-18 19:30:00,1.6408963,5.537537
2018-11-18 20:00:00,2.0043252,5.9092283
2018-11-18 20:30:00,2.3677497,5.5979085
2018-11-18 21:00:00,0.7656908,5.074527
2018-11-18 21:30:00,1.2770699,4.2779303
2018-11-18 22:00:00,1.1525917,4.157013
2018-11-18 22:30:00,1.66325,3.563394
2018-11-18 23:00:00,-1.1794007,3.2870812
2018-11-18 23:30:00,-0.90891653,3.0214121
2018-11-19 00:00:00,-0.6384324,2.7437973
2018-11-19 00:30:00,-0.3679482,2.3719268
2018-11-19 01:00:00,-0.09746405,3.1689036
2018-11-19 01:30:00,0.17302011,3.283695
2018-11-19 02:00:00,0.44350863,3.1158204
2018-11-19 02:30:00,1.2531915,3.0946555
2018-11-19 03:00:00,2.0628743,3.2490244
2018-11-19 03:30:00,2.8725574,3.2311363
2018-11-19 04:00:00,5.732663,2.8597202
2018-11-19 04:30:00,3.7396533,2.3234797
2018-11-19 05:00:00,1.7466432,2.1540189
2018-11-19 05:30:00,9.788816,1.5845711
2018-11-19 06:00:00,1.287954,1.5775977
2018-11-19 06:30:00,2.3287227,1.1755439
2018-11-19 07:00:00,-2.3488202,0.8527587
2018-11-19 07:30:00,3.3763993,0.26980105
2018-11-19 08:00:00,23.576206,-0.40417442
2018-11-19 08:30:00,19.422136,-0.6679866
2018-11-19 09:00:00,10.807227,-0.82849437
2018-11-19 09:30:00,2.1923206,-0.63515973
2018-11-19 10:00:00,-6.4225903,-0.6777564
2018-11-19 10:30:00,-4.2247844,-1.4343474
2018-11-19 11:00:00,-5.384242,-1.5566497
2018-11-19 11:30:00,-2.5578845,-1.0220126
2018-11-19 12:00:00,0.5637223,-1.052882
2018-11-19 12:30:00,-1.3584082,-1.7005365
2018-11-19 13:00:00,-1.2077882,-0.9860005
2018-11-19 13:30:00,-0.89085364,-0.109956
2018-11-19 14:00:00,-1.364001,0.46968535
2018-11-19 14:30:00,-0.9359103,0.43694586
2018-11-19 15:00:00,-0.3582133,1.017295
2018-11-19 15:30:00,0.4085801,0.99325055
2018-11-19 16:00:00,0.89173764,1.1790088
2018-11-19 16:30:00,1.3748908,2.0997517
2018-11-19 17:00:00,1.746215,2.622028
2018-11-19 17:30:00,2.1175392,3.548228
2018-11-19 18:00:00,5.069777,4.177103
2018-11-19 18:30:00,1.3570857,4.7865257
2018-11-19 19:00:00,2.6112008,4.82356
2018-11-19 19:30:00,3.8653114,4.731682
2018-11-19 20:00:00,2.4242148,4.8139215
2018-11-19 20:30:00,2.2987883,4.6311474
2018-11-19 21:00:00,-10.745608,4.4969172
2018-11-19 21:30:00,1.366471,4.386766
2018-11-19 22:00:00,2.161355,3.7978575
2018-11-19 22:30:00,1.7140653,3.3257937
2018-11-19 23:00:00,0.56341213,2.8513048
2018-11-19 23:30:00,1.9650098,2.0913012
2018-11-20 00:00:00,3.3666034,2.1544428
2018-11-20 00:30:00,1.9185026,2.0538385
2018-11-20 01:00:00,2.1666987,2.0792506
2018-11-20 01:30:00,1.3105085,1.9712492
2018-11-20 02:00:00,3.1743915,2.0949235
2018-11-20 02:30:00,2.8681006,2.2280748
2018-11-20 03:00:00,-11.4445505,2.3820636
2018-11-20 03:30:00,-10.0520935,2.5510743
2018-11-20 04:00:00,-8.6596365,2.903121
2018-11-20 04:30:00,-7.2671795,2.717201
2018-11-20 05:00:00,-5.874718,2.7351677
2018-11-20 05:30:00,-4.4822607,2.956274
2018-11-20 06:00:00,-3.0898037,2.7057576
2018-11-20 06:30:00,-1.6973469,2.351758
2018-11-20 07:00:00,-0.30488986,1.7322593
2018-11-20 07:30:00,1.0875672,1.1069496
2018-11-20 08:00:00,11.489932,1.4927713
2018-11-20 08:30:00,7.4817767,1.0208735
2018-11-20 09:00:00,3.4736216,0.64947945
2018-11-20 09:30:00,-0.53453374,0.14717981
2018-11-20 10:00:00,-0.70835495,-0.79063404
2018-11-20 10:30:00,-0.93109965,-0.94564086
2018-11-20 11:00:00,-1.2092869,-1.8732479
2018-11-20 11:30:00,-1.0917648,-2.077436
2018-11-20 12:00:00,0.30343187,-1.2125509
2018-11-20 12:30:00,-1.9388928,-1.0680829
2018-11-20 13:00:00,-1.3826057,-0.4369139
2018-11-20 13:30:00,-0.79453146,-0.29103905
2018-11-20 14:00:00,-1.9986523,-0.18005772
2018-11-20 14:30:00,-0.32739198,0.18087181
2018-11-20 15:00:00,0.9716398,0.810647
2018-11-20 15:30:00,0.26412964,1.0796281
2018-11-20 16:00:00,1.765475,1.3410896
2018-11-20 16:30:00,5.161057,1.7702377
2018-11-20 17:00:00,2.0397518,1.7806191
2018-11-20 17:30:00,2.8135102,1.9469032
2018-11-20 18:00:00,3.5737233,2.2587476
2018-11-20 18:30:00,3.167641,2.1694338
2018-11-20 19:00:00,1.667025,2.1322246
2018-11-20 19:30:00,3.3573053,2.2095008
2018-11-20 20:00:00,2.3954775,2.179811
2018-11-20 20:30:00,2.4056625,2.2057736
2018-11-20 21:00:00,2.2165005,1.4725194
2018-11-20 21:30:00,2.1383286,1.781847
2018-11-20 22:00:00,2.5926354,1.729961
2018-11-20 22:30:00,1.9200013,1.6896844
2018-11-20 23:00:00,1.7847046,1.5723195
2018-11-20 23:30:00,1.2661816,1.5506957
2018-11-21 00:00:00,1.6306459,2.1597908
2018-11-21 00:30:00,1.4729345,2.18827
2018-11-21 01:00:00,1.7564917,2.6084132
2018-11-21 01:30:00,3.4437222,2.6335762
2018-11-21 02:00:00,1.5586172,2.7591903
2018-11-21 02:30:00,1.2897235,3.1264074
2018-11-21 03:00:00,1.3739339,2.383191
2018-11-21 03:30:00,1.021057,2.5657728
2018-11-21 04:00:00,1.5720443,2.7931533
2018-11-21 04:30:00,1.6860011,3.0742724
2018-11-21 05:00:00,2.2522154,3.0750153
2018-11-21 05:30:00,2.9893892,3.014194
2018-11-21 06:00:00,1.3816763,3.564613
2018-11-21 06:30:00,2.0664005,3.6849012
2018-11-21 07:00:00,2.3309512,3.5214572
2018-11-21 07:30:00,1.3944699,2.8154457
2018-11-21 08:00:00,0.68474,3.2036312
2018-11-21 08:30:00,0.8920566,2.7080648
2018-11-21 09:00:00,-0.27103618,1.9229374
2018-11-21 09:30:00,-1.434129,1.1366524
2018-11-21 10:00:00,-1.3040318,1.1067137
2018-11-21 10:30:00,-1.173939,1.1198915
2018-11-21 11:00:00,-1.8392806,0.030404765
2018-11-21 11:30:00,-1.2997979,-0.5298367
2018-11-21 12:00:00,-3.3364575,-0.7321504
2018-11-21 12:30:00,-8.313043,-1.0519775
2018-11-21 13:00:00,0.041384924,-0.75010836
2018-11-21 13:30:00,-3.856309,-0.9773011
2018-11-21 14:00:00,-3.5690813,-1.0154586
2018-11-21 14:30:00,-0.80534124,-0.814897
2018-11-21 15:00:00,0.41651043,-0.50042665
2018-11-21 15:30:00,0.59172547,-0.50133115
2018-11-21 16:00:00,1.01584,-0.14549185
2018-11-21 16:30:00,1.439959,0.40388742
2018-11-21 17:00:00,2.5952964,0.14987133
2018-11-21 17:30:00,2.030917,0.16453049
2018-11-21 18:00:00,1.7031201,1.0455909
2018-11-21 18:30:00,1.5730623,1.469369
2018-11-21 19:00:00,2.4756289,1.451966
2018-11-21 19:30:00,2.0454187,1.8238845
2018-11-21 20:00:00,1.6163406,1.9116864
2018-11-21 20:30:00,0.7841163,1.9952762
2018-11-21 21:00:00,0.62546116,1.9454963
2018-11-21 21:30:00,1.6976192,1.8097016
2018-11-21 22:00:00,1.9463571,1.558093
2018-11-21 22:30:00,1.9431456,1.8208477
2018-11-21 23:00:00,2.0564165,1.8056774
2018-11-21 23:30:00,1.846037,1.6619216
2018-11-22 00:00:00,1.4788942,1.6628261
2018-11-22 00:30:00,1.8560603,1.8418119
2018-11-22 01:00:00,1.5576603,1.689514
2018-11-22 01:30:00,1.4368131,1.4766747
2018-11-22 02:00:00,1.3159702,1.6816317
2018-11-22 02:30:00,1.1951272,1.8647989
2018-11-22 03:00:00,1.07428,1.7179104
2018-11-22 03:30:00,0.9534371,1.9885169
2018-11-22 04:00:00,0.8325898,1.9599239
2018-11-22 04:30:00,0.71174693,2.0249398
2018-11-22 05:00:00,0.590904,2.0666583
2018-11-22 05:30:00,0.47005674,1.9485811
2018-11-22 06:00:00,0.34921384,1.9311212
2018-11-22 06:30:00,0.22837095,1.8696883
2018-11-22 07:00:00,0.10752366,1.714581
2018-11-22 07:30:00,-0.013319246,1.2188921
2018-11-22 08:00:00,-0.13416216,0.56064194
2018-11-22 08:30:00,-0.2550094,-0.16662636
2018-11-22 09:00:00,-0.37585235,-0.46520105
2018-11-22 09:30:00,-0.49669963,-0.89385104
2018-11-22 10:00:00,-1.505039,-1.2279353
2018-11-22 10:30:00,-1.1738997,-1.3047965
2018-11-22 11:00:00,-1.1070924,-1.4252417
2018-11-22 11:30:00,-2.1722026,-1.672494
2018-11-22 12:00:00,-1.600601,-1.9403479
2018-11-22 12:30:00,-1.1998622,-2.8628252
2018-11-22 13:00:00,-0.37322637,-1.5714443
2018-11-22 13:30:00,-1.0484821,-1.482799
2018-11-22 14:00:00,-0.7966812,-1.2869433
2018-11-22 14:30:00,-0.62681866,-1.1152107
2018-11-22 15:00:00,-0.116042495,-0.78083795
2018-11-22 15:30:00,0.5267402,-0.35321042
2018-11-22 16:00:00,1.0676124,-0.046294674
2018-11-22 16:30:00,2.5454946,0.37565273
2018-11-22 17:00:00,1.8270959,0.5303624
2018-11-22 17:30:00,0.3744031,0.9084023
2018-11-22 18:00:00,-1.4307908,1.4780204
2018-11-22 18:30:00,-2.1456852,1.5151641
2018-11-22 19:00:00,-0.42312425,1.9676839
2018-11-22 19:30:00,-9.149833,2.2971368
2018-11-22 20:00:00,8.654311,2.3282945
2018-11-22 20:30:00,2.2154825,2.2890358
2018-11-22 21:00:00,-0.41468707,2.281276
2018-11-22 21:30:00,-3.0448608,2.2092867
2018-11-22 22:00:00,-1.2451899,2.2694874
2018-11-22 22:30:00,0.55448556,2.243254
2018-11-22 23:00:00,-0.16365959,2.1660345
2018-11-22 23:30:00,-0.88180035,2.1256793
2018-11-23 00:00:00,-1.5999455,2.065094
2018-11-23 00:30:00,-2.3180904,1.8875763
2018-11-23 01:00:00,-2.1606371,1.9293079
2018-11-23 01:30:00,-14.907687,2.088068
2018-11-23 02:00:00,-10.424597,2.0068724
2018-11-23 02:30:00,-9.749678,2.0076764
2018-11-23 03:00:00,-9.074755,1.9703054
2018-11-23 03:30:00,-8.399836,2.236464
2018-11-23 04:00:00,-7.7249117,2.2440884
2018-11-23 04:30:00,-7.0499883,2.2484403
2018-11-23 05:00:00,-6.375069,2.2102523
2018-11-23 05:30:00,-5.7001452,1.9159596
2018-11-23 06:00:00,-5.025226,2.0555165
2018-11-23 06:30:00,-4.350302,1.632328
2018-11-23 07:00:00,-3.675383,1.2032106
2018-11-23 07:30:00,-3.0004594,0.70895493
2018-11-23 08:00:00,-2.3255358,0.27567345
2018-11-23 08:30:00,-1.6506168,-0.40323064
2018-11-23 09:00:00,-0.97569317,-0.76714885
2018-11-23 09:30:00,-0.30077395,-0.92472917
2018-11-23 10:00:00,-0.21700488,-1.6170034
2018-11-23 10:30:00,-0.4618148,-1.9856274
2018-11-23 11:00:00,-0.62476504,-2.2538614
2018-11-23 11:30:00,1.7360344,-2.7235043
2018-11-23 12:00:00,-2.1772406,-2.7467842
2018-11-23 12:30:00,-2.2166214,-2.7015529
2018-11-23 13:00:00,-0.5981907,-2.5862632
2018-11-23 13:30:00,-1.3078812,-2.4900417
2018-11-23 14:00:00,-1.2562268,-2.3043358
2018-11-23 14:30:00,-0.21711849,-2.13228
2018-11-23 15:00:00,0.31300947,-1.8035394
2018-11-23 15:30:00,1.1032094,-1.3024632
2018-11-23 16:00:00,1.9077802,-0.85651064
2018-11-23 16:30:00,0.85473806,-0.29516807
2018-11-23 17:00:00,0.7612647,-0.01175502
2018-11-23 17:30:00,1.1937335,0.46418434
2018-11-23 18:00:00,1.6262022,0.79780984
2018-11-23 18:30:00,1.4412348,0.95172435
2018-11-23 19:00:00,0.7481042,1.461631
2018-11-23 19:30:00,1.5999119,1.2873685
2018-11-23 20:00:00,1.7234944,2.0615287
2018-11-23 20:30:00,2.0109098,1.9397987
2018-11-23 21:00:00,2.2419782,1.8260865
2018-11-23 21:30:00,1.7711464,1.8729303
2018-11-23 22:00:00,1.8808432,1.8113095
2018-11-23 22:30:00,1.9905399,1.8421046
2018-11-23 23:00:00,-3.4583447,1.4615567
2018-11-23 23:30:00,-6.174337,1.3861724
2018-11-24 00:00:00,25.02072,1.0654932
2018-11-24 00:30:00,22.666538,1.180621
2018-11-24 01:00:00,1.2667277,1.1863275
2018-11-24 01:30:00,1.3447948,0.1236509
2018-11-24 02:00:00,1.4228618,0.17709234
2018-11-24 02:30:00,1.5009289,0.28520298
2018-11-24 03:00:00,1.5789915,0.2029807
2018-11-24 03:30:00,1.6570586,0.28880766
2018-11-24 04:00:00,1.7351257,0.17582522
2018-11-24 04:30:00,1.8131926,0.6439522
2018-11-24 05:00:00,1.8912597,0.515878
2018-11-24 05:30:00,1.9693267,0.54734606
2018-11-24 06:00:00,2.0473895,0.635349
2018-11-24 06:30:00,3.7726245,0.3716067
2018-11-24 07:00:00,1.2153311,0.2386258
2018-11-24 07:30:00,-1.3419664,-0.04826088
2018-11-24 08:00:00,4.8550806,-0.80632436
2018-11-24 08:30:00,11.052129,-1.096204
2018-11-24 09:00:00,6.0291057,-1.4109976
2018-11-24 09:30:00,1.1133857,-2.0954201
2018-11-24 10:00:00,0.7628551,-2.8100085
2018-11-24 10:30:00,0.4123246,-2.657003
2018-11-24 11:00:00,-0.25895494,-2.9786084
2018-11-24 11:30:00,-0.8434725,-2.7646155
2018-11-24 12:00:00,-0.7919798,-3.218564
2018-11-24 12:30:00,-1.2577255,-3.1030517
2018-11-24 13:00:00,-2.3593676,-2.5682747
2018-11-24 13:30:00,-3.1720042,-2.4258122
2018-11-24 14:00:00,-0.14879945,-2.250829
2018-11-24 14:30:00,-1.1022118,-1.7830254
2018-11-24 15:00:00,0.28735268,-1.0560759
2018-11-24 15:30:00,1.301381,-0.77675265
2018-11-24 16:00:00,0.73525834,-0.48807892
2018-11-24 16:30:00,0.8732422,0.10627402
2018-11-24 17:00:00,1.0112216,0.4242136
2018-11-24 17:30:00,0.3415369,0.96916234
2018-11-24 18:00:00,2.3967142,1.6266567
2018-11-24 18:30:00,1.9412581,1.9603171
2018-11-24 19:00:00,0.6460495,2.454927
2018-11-24 19:30:00,-0.6491635,2.5288255
2018-11-24 20:00:00,-1.9443765,2.571584
2018-11-24 20:30:00,-0.5834922,2.6334145
2018-11-24 21:00:00,-0.8098766,2.678113
2018-11-24 21:30:00,-1.0362654,2.78663
2018-11-24 22:00:00,-0.7886372,2.312032
2018-11-24 22:30:00,-0.5410135,2.400533
2018-11-24 23:00:00,0.31027424,2.0086377
2018-11-24 23:30:00,0.36673054,1.2370336
2018-11-25 00:00:00,0.42319116,2.9084733
2018-11-25 00:30:00,0.47964746,3.4639654
2018-11-25 01:00:00,0.5361081,2.5082285
2018-11-25 01:30:00,0.59256434,2.366771
2018-11-25 02:00:00,0.649025,2.4323418
2018-11-25 02:30:00,0.7054813,2.3953378
2018-11-25 03:00:00,0.7619419,2.1349685
2018-11-25 03:30:00,0.81839824,2.2455392
2018-11-25 04:00:00,0.87485886,2.1179585
2018-11-25 04:30:00,0.9313151,2.0063524
2018-11-25 05:00:00,0.98777574,2.0483944
2018-11-25 05:30:00,1.044232,1.6702453
2018-11-25 06:00:00,2.7185774,1.7667683
2018-11-25 06:30:00,4.392918,1.5147228
2018-11-25 07:00:00,3.004197,1.0086175
2018-11-25 07:30:00,1.7676598,0.5687777
2018-11-25 08:00:00,-2.4979284,0.43141866
2018-11-25 08:30:00,-1.7449465,0.36610135
2018-11-25 09:00:00,-0.9919602,-0.27226394
2018-11-25 09:30:00,-0.23897831,-0.7253342
2018-11-25 10:00:00,0.5140036,-0.7319057
2018-11-25 10:30:00,1.2075056,-0.9122809
2018-11-25 11:00:00,-2.623394,-1.4162452
2018-11-25 11:30:00,-2.5947835,-1.713343
2018-11-25 12:00:00,-6.315279,-1.9246489
2018-11-25 12:30:00,-2.7431226,-1.2526264
2018-11-25 13:00:00,0.669692,-1.2962193
2018-11-25 13:30:00,-1.0267751,-1.707462
2018-11-25 14:00:00,-2.7418032,-0.94043696
2018-11-25 14:30:00,-0.22895941,-0.702168
2018-11-25 15:00:00,0.60969657,-0.58069587
2018-11-25 15:30:00,0.5090182,-0.31541124
2018-11-25 16:00:00,0.8289327,0.20639752
2018-11-25 16:30:00,1.1655992,1.0021989
2018-11-25 17:00:00,1.5022658,1.193681
2018-11-25 17:30:00,2.8997433,1.5222993
2018-11-25 18:00:00,4.297225,1.7992938
2018-11-25 18:30:00,1.1057743,2.7654212
2018-11-25 19:00:00,-2.0856721,3.0999992
2018-11-25 19:30:00,-0.94793475,2.6072683
2018-11-25 20:00:00,-15.625339,2.5794663
2018-11-25 20:30:00,-13.872703,3.1870801
2018-11-25 21:00:00,-12.120068,2.9993906
2018-11-25 21:30:00,-10.367437,2.396229
2018-11-25 22:00:00,-8.614802,2.3136222
2018-11-25 22:30:00,-6.862168,2.7181187
2018-11-25 23:00:00,-5.109533,2.532024
2018-11-25 23:30:00,-3.3569016,2.0268972
2018-11-26 00:00:00,-1.6042668,1.9389598
2018-11-26 00:30:00,0.14836828,1.6675231
2018-11-26 01:00:00,1.9010034,1.960505
2018-11-26 01:30:00,3.6536386,2.2049742
2018-11-26 02:00:00,5.138957,1.817859
2018-11-26 02:30:00,6.6242757,2.2968092
2018-11-26 03:00:00,4.2719746,2.747568
2018-11-26 03:30:00,6.6985326,2.4740646
2018-11-26 04:00:00,7.9777102,1.8883628
2018-11-26 04:30:00,9.256884,2.275207
2018-11-26 05:00:00,1.1712488,2.7596972
2018-11-26 05:30:00,0.76670015,2.424088
2018-11-26 06:00:00,1.3683892,2.4372048
2018-11-26 06:30:00,1.9700782,2.8216195
2018-11-26 07:00:00,2.5717676,2.2528315
2018-11-26 07:30:00,5.86789,1.6185079
2018-11-26 08:00:00,6.1607537,1.2356005
2018-11-26 08:30:00,-3.2017071,0.3408422
2018-11-26 09:00:00,-9.173012,-0.38069794
2018-11-26 09:30:00,-15.14432,-0.3695605
2018-11-26 10:00:00,-12.264916,-0.45518214
2018-11-26 10:30:00,10.216575,-0.764501
2018-11-26 11:00:00,-1.3463707,-1.3126613
2018-11-26 11:30:00,-0.37347105,-0.79256094
2018-11-26 12:00:00,-4.479897,-1.7372957
2018-11-26 12:30:00,-2.3546226,-1.8067029
2018-11-26 13:00:00,-1.5158356,-0.98859584
2018-11-26 13:30:00,-2.373948,-1.0021015
2018-11-26 14:00:00,-1.0262028,-1.1257101
2018-11-26 14:30:00,0.23186205,-0.49527085
2018-11-26 15:00:00,-0.0833336,0.15260218
2018-11-26 15:30:00,0.87095267,-0.021896265
2018-11-26 16:00:00,2.02383,0.02332206
2018-11-26 16:30:00,1.7455683,0.3550644
2018-11-26 17:00:00,2.277007,0.60587776
2018-11-26 17:30:00,-1.6347604,1.0070052
2018-11-26 18:00:00,-0.9676361,1.9184937
2018-11-26 18:30:00,-0.30051616,2.4553201
2018-11-26 19:00:00,13.436191,2.0864775
2018-11-26 19:30:00,-1.2501272,2.0668855
2018-11-26 20:00:00,-2.631368,1.6165503
2018-11-26 20:30:00,-4.0126047,1.2377633
2018-11-26 21:00:00,-5.7775354,1.0073373
2018-11-26 21:30:00,-7.5424614,1.1754172
2018-11-26 22:00:00,-0.4030122,1.0218567
2018-11-26 22:30:00,6.295111,0.78982705
2018-11-26 23:00:00,5.762838,1.2533838
2018-11-26 23:30:00,4.4886723,1.2542402
2018-11-27 00:00:00,3.2145064,1.811375
2018-11-27 00:30:00,1.9403405,1.9459857
2018-11-27 01:00:00,0.6661747,1.9738709
2018-11-27 01:30:00,-3.1937418,2.1829963
2018-11-27 02:00:00,-3.389567,2.4438157
2018-11-27 02:30:00,26.73622,2.525247
2018-11-27 03:00:00,3.1949232,2.7052379
2018-11-27 03:30:00,2.8988652,2.7794597
2018-11-27 04:00:00,2.602803,2.8430774
2018-11-27 04:30:00,2.306745,2.6702785
2018-11-27 05:00:00,2.0106826,2.0808368
2018-11-27 05:30:00,1.7146246,1.7023512
2018-11-27 06:00:00,1.4185624,1.6797442
2018-11-27 06:30:00,1.1225045,1.1985135
2018-11-27 07:00:00,0.82644653,0.7214862
2018-11-27 07:30:00,0.53038424,0.17650248
2018-11-27 08:00:00,0.23432636,-0.16722059
2018-11-27 08:30:00,-0.06173593,-1.1171725
2018-11-27 09:00:00,-0.35779387,-2.1934202
2018-11-27 09:30:00,-0.65385616,-3.32442
2018-11-27 10:00:00,-0.94991404,-4.171413
2018-11-27 10:30:00,-1.1109549,-1.6406285
2018-11-27 11:00:00,0.7596786,-2.3934922
2018-11-27 11:30:00,0.31703362,-2.130222
2018-11-27 12:00:00,-1.1863348,-2.396813
2018-11-27 12:30:00,0.14658558,-2.1134832
2018-11-27 13:00:00,0.5031982,-2.0166104
2018-11-27 13:30:00,-0.6249442,-1.9650172
2018-11-27 14:00:00,-0.44151482,-1.4506013
2018-11-27 14:30:00,0.35522604,-1.2445519
2018-11-27 15:00:00,0.100580774,-0.83870554
2018-11-27 15:30:00,0.7993304,-0.8324618
2018-11-27 16:00:00,1.49808,-0.7105571
2018-11-27 16:30:00,1.4349431,-0.5902691
2018-11-27 17:00:00,1.4369223,-0.6595319
2018-11-27 17:30:00,-0.049938705,-0.08676353
2018-11-27 18:00:00,0.23835926,-0.07619846
2018-11-27 18:30:00,0.5266616,0.06573527
2018-11-27 19:00:00,0.8149639,0.8473058
2018-11-27 19:30:00,1.1032662,0.5507279
2018-11-27 20:00:00,1.3915685,0.530594
2018-11-27 20:30:00,-1.1025702,0.7635717
2018-11-27 21:00:00,0.3135469,0.5939014
2018-11-27 21:30:00,-0.8389852,0.26773873
2018-11-27 22:00:00,-0.8913474,0.5240662
2018-11-27 22:30:00,-0.9437096,1.2422638
2018-11-27 23:00:00,0.11767801,1.2804737
2018-11-27 23:30:00,1.1790612,1.3199463
2018-11-28 00:00:00,0.34774137,2.1330197
2018-11-28 00:30:00,-0.4835785,2.22468
2018-11-28 01:00:00,1.0762374,2.488265
2018-11-28 01:30:00,2.2554705,2.180956
2018-11-28 02:00:00,3.8173404,2.3858125
2018-11-28 02:30:00,5.3792095,3.8974128
2018-11-28 03:00:00,7.925658,3.495927
2018-11-28 03:30:00,5.471918,3.2912016
2018-11-28 04:00:00,3.0181787,3.5383885
2018-11-28 04:30:00,0.5644345,3.7476711
2018-11-28 05:00:00,1.1947297,3.7765963
2018-11-28 05:30:00,1.8250204,3.1876044
2018-11-28 06:00:00,2.4553158,2.765657
2018-11-28 06:30:00,3.0856066,2.4983974
2018-11-28 07:00:00,3.7159016,2.3918335
2018-11-28 07:30:00,-4.700134,1.6770614
2018-11-28 08:00:00,0.7256152,0.7380722
2018-11-28 08:30:00,0.9502562,0.96651894
2018-11-28 09:00:00,4.110353,0.6965722
2018-11-28 09:30:00,2.0232575,0.2709196
2018-11-28 10:00:00,-0.063833214,-0.17823571
2018-11-28 10:30:00,-2.1389127,-0.15362757
2018-11-28 11:00:00,-4.422016,-0.23233691
2018-11-28 11:30:00,-1.9242381,-0.75619054
2018-11-28 12:00:00,-1.3651458,-0.86220825
2018-11-28 12:30:00,-1.5351613,-0.5393051
2018-11-28 13:00:00,-0.48194,-0.56195575
2018-11-28 13:30:00,-0.5956172,-0.6371347
2018-11-28 14:00:00,-1.5620939,-0.89475113
2018-11-28 14:30:00,-0.24250437,-1.3497394
2018-11-28 15:00:00,0.46788955,-0.45858148
2018-11-28 15:30:00,0.89137495,-0.5479695
2018-11-28 16:00:00,1.3904938,-0.89001036
2018-11-28 16:30:00,0.7625012,-0.70878315
2018-11-28 17:00:00,0.59563166,-0.037376847
2018-11-28 17:30:00,-0.5920955,0.078362666
2018-11-28 18:00:00,-0.3310972,0.4714462
2018-11-28 18:30:00,-0.07010322,1.078597
2018-11-28 19:00:00,-6.311172,1.4825426
2018-11-28 19:30:00,-3.770189,1.5507263
2018-11-28 20:00:00,-4.408052,1.8989629
2018-11-28 20:30:00,-0.36478043,2.0854769
2018-11-28 21:00:00,-0.06413907,2.1182077
2018-11-28 21:30:00,0.23650666,2.5344095
2018-11-28 22:00:00,0.53715235,2.1946406
2018-11-28 22:30:00,1.170943,2.0254729
2018-11-28 23:00:00,-0.33363575,2.0810595
2018-11-28 23:30:00,-2.3868203,1.9202416
2018-11-29 00:00:00,-25.508587,1.6754535
2018-11-29 00:30:00,-13.158597,1.7159486
2018-11-29 01:00:00,-0.8086095,2.1656063
2018-11-29 01:30:00,18.957352,1.9741942
2018-11-29 02:00:00,16.451168,2.1600137
2018-11-29 02:30:00,13.944983,2.264419
2018-11-29 03:00:00,11.438798,2.4743967
2018-11-29 03:30:00,8.932612,2.3487737
2018-11-29 04:00:00,6.4264274,2.2368355
2018-11-29 04:30:00,2.5837789,1.9078326
2018-11-29 05:00:00,-1.2588747,2.1522405
2018-11-29 05:30:00,-5.101524,1.7479583
2018-11-29 06:00:00,-8.944177,1.6584086
2018-11-29 06:30:00,-12.786825,1.5736566
2018-11-29 07:00:00,-16.629477,1.4042834
2018-11-29 07:30:00,-20.472126,0.41045454
2018-11-29 08:00:00,-24.314777,0.0617548
2018-11-29 08:30:00,-28.157429,-0.19854441
2018-11-29 09:00:00,-32.000076,-0.28154007
2018-11-29 09:30:00,-0.0975995,-0.44430685
2018-11-29 10:00:00,-0.007276445,-0.7068825
2018-11-29 10:30:00,-0.68400896,-0.6601873
2018-11-29 11:00:00,-0.76074773,-1.5493093
2018-11-29 11:30:00,-1.3285264,-1.7015545
2018-11-29 12:00:00,-1.9296824,-1.6986053
2018-11-29 12:30:00,-2.3733277,-1.6384525
2018-11-29 13:00:00,-4.0318384,-1.9141493
2018-11-29 13:30:00,-3.0229003,-1.5543733
2018-11-29 14:00:00,-2.141862,-1.3521907
2018-11-29 14:30:00,-1.6582806,-1.4681574
2018-11-29 15:00:00,-7.0510325,-1.0974842
2018-11-29 15:30:00,-3.9202936,-0.79798764
2018-11-29 16:00:00,-2.6778927,-0.6773588
2018-11-29 16:30:00,-1.4354966,-0.3221444
2018-11-29 17:00:00,-0.19310021,0.28067198
2018-11-29 17:30:00,3.2603757,0.49012077
2018-11-29 18:00:00,4.480353,1.0537267
2018-11-29 18:30:00,2.402202,1.2654344
2018-11-29 19:00:00,2.191486,1.0769191
2018-11-29 19:30:00,1.9807744,1.4719907
2018-11-29 20:00:00,0.7652102,1.4842161
2018-11-29 20:30:00,3.0568738,2.1528435
2018-11-29 21:00:00,4.3381834,2.1678565
2018-11-29 21:30:00,2.4958065,1.9312611
2018-11-29 22:00:00,2.4292789,2.0637789
2018-11-29 22:30:00,1.7447512,2.051846
2018-11-29 23:00:00,1.4578778,1.7680311
2018-11-29 23:30:00,1.9274509,1.4899749
2018-11-30 00:00:00,1.6675625,-0.102445096
2018-11-30 00:30:00,1.9218888,0.12339748
2018-11-30 01:00:00,2.2111742,0.9500028
2018-11-30 01:30:00,2.03377,2.1025217
2018-11-30 02:00:00,2.0801115,2.4529607
2018-11-30 02:30:00,2.220293,2.3286748
2018-11-30 03:00:00,2.3604705,2.651342
2018-11-30 03:30:00,2.482528,2.7648487
2018-11-30 04:00:00,2.5331862,2.7412412
2018-11-30 04:30:00,2.4370825,2.2793186
2018-11-30 05:00:00,3.2886586,1.9333059
2018-11-30 05:30:00,2.1586154,1.5183101
2018-11-30 06:00:00,2.844458,1.163773
2018-11-30 06:30:00,1.5350009,0.405172
2018-11-30 07:00:00,1.677931,-0.5411402
2018-11-30 07:30:00,1.7957852,-1.8611274
2018-11-30 08:00:00,1.9995233,-4.153503
2018-11-30 08:30:00,1.252606,-6.9347425
2018-11-30 09:00:00,1.2306763,-10.059228
2018-11-30 09:30:00,0.92915666,-5.884947
2018-11-30 10:00:00,0.41912332,-4.8463674
2018-11-30 10:30:00,0.41654977,-4.345789
2018-11-30 11:00:00,0.4953596,-3.873253
2018-11-30 11:30:00,0.11281056,-3.9951534
2018-11-30 12:00:00,0.15049177,-3.9108207
2018-11-30 12:30:00,0.0651323,-4.0288496
2018-11-30 13:00:00,0.28902614,-4.1220083
2018-11-30 13:30:00,-0.34419647,-3.8845742
2018-11-30 14:00:00,-0.55411714,-2.8046517
2018-11-30 14:30:00,0.19083393,-2.474098
2018-11-30 15:00:00,0.6798726,-2.422378
2018-11-30 15:30:00,0.37328455,-2.4121711
2018-11-30 16:00:00,0.699421,-1.8378912
2018-11-30 16:30:00,1.0255575,-1.5453331
2018-11-30 17:00:00,0.9718408,-1.0855254
2018-11-30 17:30:00,1.1514164,-0.3648984
2018-11-30 18:00:00,1.0746689,0.45821583
2018-11-30 18:30:00,1.3802738,0.64443284
2018-11-30 19:00:00,1.6858788,0.7298273
2018-11-30 19:30:00,3.0875204,1.2320307
2018-11-30 20:00:00,0.08381124,1.3319184
2018-11-30 20:30:00,2.8199198,1.3315556
2018-11-30 21:00:00,2.0293264,1.556472
2018-11-30 21:30:00,4.511686,1.8196592
2018-11-30 22:00:00,6.9940486,1.7444717
2018-11-30 22:30:00,5.3004346,1.4954365
2018-11-30 23:00:00,4.370407,1.5009594
2018-11-30 23:30:00,3.2857094,1.9389336
2018-12-01 00:00:00,2.2010067,2.1523411
2018-12-01 00:30:00,2.9465172,2.1197283
2018-12-01 01:00:00,1.2491629,2.4041638
2018-12-01 01:30:00,0.3551037,1.9683131
2018-12-01 02:00:00,3.0566204,2.0820208
2018-12-01 02:30:00,0.6224812,1.9787165
2018-12-01 03:00:00,0.48383328,1.9089818
2018-12-01 03:30:00,7.917518,1.7478011
2018-12-01 04:00:00,3.0629253,1.9420795
2018-12-01 04:30:00,2.5467443,1.4830976
2018-12-01 05:00:00,2.0305674,0.7036156
2018-12-01 05:30:00,1.3897465,0.30651224
2018-12-01 06:00:00,1.1793059,0.55143136
2018-12-01 06:30:00,1.5252573,-0.06948277
2018-12-01 07:00:00,0.92035246,-0.6859708
2018-12-01 07:30:00,1.468871,-0.9633192
2018-12-01 08:00:00,1.7157476,-1.0898553
2018-12-01 08:30:00,1.1072074,-1.5070708
2018-12-01 09:00:00,1.5482838,-1.7368064
2018-12-01 09:30:00,0.91579086,-2.0369802
2018-12-01 10:00:00,0.01888281,-2.6601577
2018-12-01 10:30:00,-0.35456055,-2.7096229
2018-12-01 11:00:00,0.41501176,-2.7143898
2018-12-01 11:30:00,0.49850115,-3.321698
2018-12-01 12:00:00,-0.939314,-3.1084216
2018-12-01 12:30:00,-4.008611,-2.7648427
2018-12-01 13:00:00,0.27009818,-2.5691748
2018-12-01 13:30:00,0.24840875,-3.0436766
2018-12-01 14:00:00,-0.15982766,-2.9354262
2018-12-01 14:30:00,1.1878567,-2.673165
2018-12-01 15:00:00,0.09850097,-2.4176548
2018-12-01 15:30:00,1.5162696,-1.9590486
2018-12-01 16:00:00,1.3039064,-0.9458112
2018-12-01 16:30:00,1.3486879,-0.529059
2018-12-01 17:00:00,1.8560952,0.04393225
2018-12-01 17:30:00,3.0296745,0.60550636
2018-12-01 18:00:00,1.9698379,0.20323849
2018-12-01 18:30:00,-21.283884,0.7704359
2018-12-01 19:00:00,-16.250732,1.4683859
2018-12-01 19:30:00,-11.21758,2.038559
2018-12-01 20:00:00,-6.18443,2.0003579
2018-12-01 20:30:00,-1.1512796,2.0516713
2018-12-01 21:00:00,3.8818712,2.412697
2018-12-01 21:30:00,8.915026,2.4395642
2018-12-01 22:00:00,13.948177,2.3033369
2018-12-01 22:30:00,18.981327,2.0780535
2018-12-01 23:00:00,24.014477,1.7387172
2018-12-01 23:30:00,29.047628,1.6139332
2018-12-02 00:00:00,4.4426193,2.4991622
2018-12-02 00:30:00,6.767922,2.3095238
2018-12-02 01:00:00,3.087944,2.4964707
2018-12-02 01:30:00,7.8780365,2.1264353
2018-12-02 02:00:00,12.668135,1.6772275
2018-12-02 02:30:00,9.564765,1.246052
2018-12-02 03:00:00,6.4613996,0.88170123
2018-12-02 03:30:00,6.3562603,1.6326864
2018-12-02 04:00:00,6.251125,1.3919269
2018-12-02 04:30:00,6.14599,0.74643517
2018-12-02 05:00:00,6.040855,0.7287
2018-12-02 05:30:00,5.045977,0.6144286
2018-12-02 06:00:00,2.8414214,0.39358452
2018-12-02 06:30:00,4.422927,-0.10281649
2018-12-02 07:00:00,6.0044274,-0.24261796
2018-12-02 07:30:00,3.8771653,-0.8430443
2018-12-02 08:00:00,1.436398,-0.92770904
2018-12-02 08:30:00,1.7752318,-1.1166351
2018-12-02 09:00:00,1.6195652,-1.548396
2018-12-02 09:30:00,1.4638987,-1.7875563
2018-12-02 10:00:00,1.3082278,-2.149705
2018-12-02 10:30:00,1.1525612,-2.3222501
2018-12-02 11:00:00,1.2610781,-2.549587
2018-12-02 11:30:00,1.3695952,-2.596837
2018-12-02 12:00:00,-4.5462937,-2.7795544
2018-12-02 12:30:00,-10.462182,-3.0720818
2018-12-02 13:00:00,-7.4927077,-2.5430374
2018-12-02 13:30:00,-4.523232,-2.1522915
2018-12-02 14:00:00,-1.5537572,-2.050984
2018-12-02 14:30:00,1.415718,-1.7530385
2018-12-02 15:00:00,4.3851976,-1.1567063
2018-12-02 15:30:00,7.3546724,-0.901895
2018-12-02 16:00:00,10.324148,-0.6672263
2018-12-02 16:30:00,5.763419,-0.38598487
2018-12-02 17:00:00,1.202695,-0.23749273
2018-12-02 17:30:00,1.5580754,0.16098695
2018-12-02 18:00:00,1.307782,0.41435635
2018-12-02 18:30:00,1.0574843,0.04252969
2018-12-02 19:00:00,3.3097756,0.6268637
2018-12-02 19:30:00,2.7059238,0.96115774
2018-12-02 20:00:00,2.1020718,1.0788373
2018-12-02 20:30:00,1.1015359,0.85389477
2018-12-02 21:00:00,1.6908292,1.0197637
2018-12-02 21:30:00,3.3113618,1.5313525
2018-12-02 22:00:00,2.2152553,1.7355669
2018-12-02 22:30:00,2.2893417,2.2897787
2018-12-02 23:00:00,1.9390166,2.4809988
2018-12-02 23:30:00,1.6207799,2.8137853
2018-12-03 00:00:00,1.4625354,2.6069756
2018-12-03 00:30:00,2.086163,2.3332188
2018-12-03 01:00:00,1.640455,2.4346094
2018-12-03 01:30:00,2.8657193,2.7001913
2018-12-03 02:00:00,3.2567232,2.6806734
2018-12-03 02:30:00,4.259103,2.2808304
2018-12-03 03:00:00,5.2614865,2.4306595
2018-12-03 03:30:00,3.6950424,2.3185203
2018-12-03 04:00:00,2.1286023,2.3395543
2018-12-03 04:30:00,2.3394582,2.2886207
2018-12-03 05:00:00,2.5503182,2.2838013
2018-12-03 05:30:00,2.7611742,2.2499042
2018-12-03 06:00:00,2.9720342,2.0965314
2018-12-03 06:30:00,3.18289,2.1861422
2018-12-03 07:00:00,3.39375,1.8420521
2018-12-03 07:30:00,3.9088955,1.493016
2018-12-03 08:00:00,7.885189,1.4241027
2018-12-03 08:30:00,3.0142245,1.1252834
2018-12-03 09:00:00,0.74516803,1.0377742
2018-12-03 09:30:00,-1.5238883,1.2011701
2018-12-03 10:00:00,-3.7929447,1.0212449
2018-12-03 10:30:00,-6.062001,0.9631895
2018-12-03 11:00:00,-8.331058,0.69096196
2018-12-03 11:30:00,-10.600114,0.49238408
2018-12-03 12:00:00,-12.86917,0.11129877
2018-12-03 12:30:00,-15.1382265,-1.7393188
2018-12-03 13:00:00,-17.407282,-1.6373864
2018-12-03 13:30:00,-19.67634,-1.6103183
2018-12-03 14:00:00,-21.945398,-1.203065
2018-12-03 14:30:00,1.3508419,-0.7243817
2018-12-03 15:00:00,24.64708,-0.11818347
2018-12-03 15:30:00,23.291267,0.30956206
2018-12-03 16:00:00,21.935457,0.99466187
2018-12-03 16:30:00,20.579649,0.7161993
2018-12-03 17:00:00,19.223839,0.3151242
2018-12-03 17:30:00,17.868032,0.7266508
2018-12-03 18:00:00,16.51222,1.4866192
2018-12-03 18:30:00,15.156414,1.6360071
2018-12-03 19:00:00,13.800602,2.0631366
2018-12-03 19:30:00,12.444796,2.3402274
2018-12-03 20:00:00,11.088984,2.1692111
2018-12-03 20:30:00,9.733177,2.3453918
2018-12-03 21:00:00,8.37737,2.3762655
2018-12-03 21:30:00,7.0215583,2.7120278
2018-12-03 22:00:00,5.665751,2.6954637
2018-12-03 22:30:00,4.30994,2.7242007
2018-12-03 23:00:00,2.954133,2.4168
2018-12-03 23:30:00,1.5983214,2.487815
2018-12-04 00:00:00,0.2425145,3.129798
2018-12-04 00:30:00,-1.1132969,3.1667364
2018-12-04 01:00:00,-2.4691038,2.8107662
2018-12-04 01:30:00,-3.8249152,2.799655
2018-12-04 02:00:00,-5.180722,2.927043
2018-12-04 02:30:00,-6.536534,2.4123127
2018-12-04 03:00:00,-7.8923407,2.7247338
2018-12-04 03:30:00,-9.248152,2.9879649
2018-12-04 04:00:00,-10.603958,2.9456651
2018-12-04 04:30:00,-11.95977,2.6049263
2018-12-04 05:00:00,-13.315579,2.6099074
2018-12-04 05:30:00,-14.671389,2.1283708
2018-12-04 06:00:00,-16.027195,1.8552301
2018-12-04 06:30:00,-17.383005,1.56667
2018-12-04 07:00:00,-18.738815,1.2519943
2018-12-04 07:30:00,-20.094624,0.8509935
2018-12-04 08:00:00,-21.450434,0.47906196
2018-12-04 08:30:00,-20.287485,0.076964475
2018-12-04 09:00:00,-19.124537,-0.46200266
2018-12-04 09:30:00,-17.961586,-0.720209
2018-12-04 10:00:00,-16.798637,-1.304626
2018-12-04 10:30:00,-15.635687,-2.0856328
2018-12-04 11:00:00,8.223529,-3.0777838
2018-12-04 11:30:00,32.08274,-4.0995502
2018-12-04 12:00:00,15.684619,-5.284162
2018-12-04 12:30:00,-0.71351075,-6.0495005
2018-12-04 13:00:00,-0.94573694,-6.343055
2018-12-04 13:30:00,-0.9351806,-5.906169
2018-12-04 14:00:00,-1.5049735,-5.9811335
2018-12-04 14:30:00,-0.8087406,-3.1220322
2018-12-04 15:00:00,-0.49176228,-0.23799957
2018-12-04 15:30:00,-0.09460213,0.11948255
2018-12-04 16:00:00,0.19517268,0.5893223
2018-12-04 16:30:00,0.48494747,1.2599028
2018-12-04 17:00:00,1.2231959,1.5056258
2018-12-04 17:30:00,0.6350475,1.7037101
2018-12-04 18:00:00,1.4978397,1.4431792
2018-12-04 18:30:00,1.3327703,1.4664503
2018-12-04 19:00:00,3.3695045,1.6480184
2018-12-04 19:30:00,1.4768144,1.7859541
2018-12-04 20:00:00,1.2455102,1.5857772
2018-12-04 20:30:00,1.5107424,1.3700758
2018-12-04 21:00:00,1.3989178,1.2244062
2018-12-04 21:30:00,1.1154523,1.0258895
2018-12-04 22:00:00,1.2375231,0.74981266
2018-12-04 22:30:00,1.1595565,0.7740887
2018-12-04 23:00:00,1.4316616,0.49853176
2018-12-04 23:30:00,1.1175584,0.43075013
2018-12-05 00:00:00,1.7785612,0.71636534
2018-12-05 00:30:00,1.4110907,0.86545604
2018-12-05 01:00:00,1.2330314,1.2402538
2018-12-05 01:30:00,1.2024547,1.3583616
2018-12-05 02:00:00,1.2399567,1.507496
2018-12-05 02:30:00,1.4036934,1.926813
2018-12-05 03:00:00,1.206457,2.5149179
2018-12-05 03:30:00,1.2115473,3.0897093
2018-12-05 04:00:00,1.1307013,3.3858721
2018-12-05 04:30:00,1.2196393,3.6641774
2018-12-05 05:00:00,1.1845448,3.984271
2018-12-05 05:30:00,1.1291152,3.9143047
2018-12-05 06:00:00,1.3734052,3.656234
2018-12-05 06:30:00,1.1963638,2.8110895
2018-12-05 07:00:00,1.1940699,2.0570762
2018-12-05 07:30:00,1.1304392,1.3019577
2018-12-05 08:00:00,1.0289525,-0.32293087
2018-12-05 08:30:00,0.662251,-2.072446
2018-12-05 09:00:00,-0.458079,-4.0924587
2018-12-05 09:30:00,-0.4191045,-5.542526
2018-12-05 10:00:00,0.052810755,-7.7178903
2018-12-05 10:30:00,-0.066450454,-8.749855
2018-12-05 11:00:00,0.33747777,-3.7177613
2018-12-05 11:30:00,1.1289536,0.47114033
2018-12-05 12:00:00,-0.12340484,0.18590093
2018-12-05 12:30:00,-1.3757677,-0.40674362
2018-12-05 13:00:00,-2.628126,0.04435171
2018-12-05 13:30:00,-1.5814894,0.23941228
2018-12-05 14:00:00,-0.53485274,-0.12645027
2018-12-05 14:30:00,0.5117883,-0.60979134
2018-12-05 15:00:00,-4.6119475,-0.49178848
2018-12-05 15:30:00,-3.3405952,-0.16699776
2018-12-05 16:00:00,-2.0692391,0.5656143
2018-12-05 16:30:00,-0.79788715,0.86910444
2018-12-05 17:00:00,0.4734692,1.2101622
2018-12-05 17:30:00,1.7448212,2.0327435
2018-12-05 18:00:00,3.0161777,2.3110707
2018-12-05 18:30:00,4.2875295,2.1048856
2018-12-05 19:00:00,5.5588856,2.4543893
2018-12-05 19:30:00,6.830238,3.0247722
2018-12-05 20:00:00,8.101589,3.3192878
2018-12-05 20:30:00,9.372947,2.9034092
2018-12-05 21:00:00,10.644299,2.828698
2018-12-05 21:30:00,11.915655,2.735561
2018-12-05 22:00:00,13.187007,2.291579
2018-12-05 22:30:00,14.458364,2.4495394
2018-12-05 23:00:00,15.729715,2.4674845
2018-12-05 23:30:00,17.001072,2.291758
2018-12-06 00:00:00,18.272423,2.1346016
2018-12-06 00:30:00,19.54378,1.5467151
2018-12-06 01:00:00,20.81513,1.4947942
2018-12-06 01:30:00,23.159286,1.4989845
2018-12-06 02:00:00,25.503445,1.5752689
2018-12-06 02:30:00,18.845179,1.5858688
2018-12-06 03:00:00,12.455356,1.5376532
2018-12-06 03:30:00,6.0655327,1.1489695
2018-12-06 04:00:00,-0.32428536,0.50682473
2018-12-06 04:30:00,3.674253,0.06990362
2018-12-06 05:00:00,7.672791,-0.37574747
2018-12-06 05:30:00,11.67133,-0.8453688
2018-12-06 06:00:00,15.669868,-1.0543631
2018-12-06 06:30:00,19.66841,-1.4203305
2018-12-06 07:00:00,23.666948,-2.2043216
2018-12-06 07:30:00,27.665482,-2.315849
2018-12-06 08:00:00,18.595675,-2.4734206
2018-12-06 08:30:00,9.525861,-2.7898397
2018-12-06 09:00:00,0.45604864,-2.4335198
2018-12-06 09:30:00,0.51395553,-1.9600537
2018-12-06 10:00:00,-1.2216172,-1.755883
2018-12-06 10:30:00,-2.9571943,-1.8765861
2018-12-06 11:00:00,-0.704357,-1.5780114
2018-12-06 11:30:00,-0.5155796,-1.3335468
2018-12-06 12:00:00,0.06678391,-0.79210216
2018-12-06 12:30:00,-0.4908578,-0.66956395
2018-12-06 13:00:00,-1.3897452,-0.577231
2018-12-06 13:30:00,-2.288628,-0.18833326
2018-12-06 14:00:00,-0.5775237,0.3530108
2018-12-06 14:30:00,-0.90383494,0.6975291
2018-12-06 15:00:00,-0.3109283,-0.07386523
2018-12-06 15:30:00,0.97357976,-0.11639641
2018-12-06 16:00:00,3.9723165,0.28079867
2018-12-06 16:30:00,19.591694,0.8163009
2018-12-06 17:00:00,1.0598481,0.9073405
2018-12-06 17:30:00,1.286333,1.0595859
2018-12-06 18:00:00,1.0477057,1.2483809
2018-12-06 18:30:00,2.0005589,1.3553118
2018-12-06 19:00:00,1.5834483,1.6608206
2018-12-06 19:30:00,1.1663377,1.5633799
2018-12-06 20:00:00,0.74922717,1.2480226
2018-12-06 20:30:00,0.7279921,1.2194252
2018-12-06 21:00:00,0.7067571,1.1789869
2018-12-06 21:30:00,0.79010236,1.3044264
2018-12-06 22:00:00,0.6605994,0.8122986
2018-12-06 22:30:00,0.80788994,0.8087289
2018-12-06 23:00:00,0.89742213,1.1866988
2018-12-06 23:30:00,1.0637237,1.097337
2018-12-07 00:00:00,0.79473823,0.43576613
2018-12-07 00:30:00,0.8684578,0.29486358
2018-12-07 01:00:00,0.6475351,0.4042894
2018-12-07 01:30:00,0.9456684,0.5259581
2018-12-07 02:00:00,1.1586783,1.2109443
2018-12-07 02:30:00,1.5533173,1.299039
2018-12-07 03:00:00,0.5797141,1.0165828
2018-12-07 03:30:00,0.9546562,0.48489502
2018-12-07 04:00:00,1.2862412,-0.049414385
2018-12-07 04:30:00,1.6178218,-0.13130897
2018-12-07 05:00:00,1.9494069,0.28961164
2018-12-07 05:30:00,0.80432457,0.4492587
2018-12-07 06:00:00,0.24074492,0.58997333
2018-12-07 06:30:00,0.5896369,0.37120473
2018-12-07 07:00:00,1.7248882,0.63977075
2018-12-07 07:30:00,0.6435284,0.5322718
2018-12-07 08:00:00,0.33989403,0.17703554
2018-12-07 08:30:00,0.036264054,-0.3826554
2018-12-07 09:00:00,-0.6138592,-0.5818887
2018-12-07 09:30:00,-1.2639824,-0.7645709
2018-12-07 10:00:00,-1.8762453,-1.2573497
2018-12-07 10:30:00,-1.8980483,-1.9128604
2018-12-07 11:00:00,-2.3809698,-2.1359415
2018-12-07 11:30:00,-1.6293555,-2.84218
2018-12-07 12:00:00,-2.7478242,-3.4793262
2018-12-07 12:30:00,-2.9180799,-3.6747057
2018-12-07 13:00:00,-1.4912319,-3.9558861
2018-12-07 13:30:00,-1.5221057,-4.32008
2018-12-07 14:00:00,-2.2726843,-3.1431098
2018-12-07 14:30:00,-1.4645877,-2.6258671
2018-12-07 15:00:00,-1.6472743,-2.0282722
2018-12-07 15:30:00,-1.2928157,-1.5718551
2018-12-07 16:00:00,-1.7747629,-0.8887214
2018-12-07 16:30:00,-1.0641506,0.32311574
2018-12-07 17:00:00,-0.35353813,0.28203085
2018-12-07 17:30:00,0.60970527,0.64166707
2018-12-07 18:00:00,0.46824345,0.9967635
2018-12-07 18:30:00,0.2750705,1.5834526
2018-12-07 19:00:00,0.5283875,1.8285465
2018-12-07 19:30:00,1.4962667,1.8396447
2018-12-07 20:00:00,0.8373218,2.3625283
2018-12-07 20:30:00,0.5377772,2.2545311
2018-12-07 21:00:00,0.7073601,2.4896326
2018-12-07 21:30:00,0.5919658,2.7414465
2018-12-07 22:00:00,0.7522813,2.6473002
2018-12-07 22:30:00,0.8319694,2.5716364
2018-12-07 23:00:00,0.6135853,2.4492729
2018-12-07 23:30:00,0.6637191,2.4924114
2018-12-08 00:00:00,0.62996596,2.593824
2018-12-08 00:30:00,0.6098801,2.4675848
2018-12-08 01:00:00,0.6698624,2.589944
2018-12-08 01:30:00,0.571242,2.3624148
2018-12-08 02:00:00,0.7667395,2.318778
2018-12-08 02:30:00,0.17141657,2.3101618
2018-12-08 03:00:00,0.35312003,2.3710966
2018-12-08 03:30:00,0.91719776,2.3392704
2018-12-08 04:00:00,0.9682929,2.6949217
2018-12-08 04:30:00,0.8083007,2.8715873
2018-12-08 05:00:00,0.65212286,2.7665396
2018-12-08 05:30:00,0.68568814,2.1516943
2018-12-08 06:00:00,0.76193756,2.1081843
2018-12-08 06:30:00,0.4291466,1.7177444
2018-12-08 07:00:00,0.51349676,1.287504
2018-12-08 07:30:00,1.4430001,0.66954345
2018-12-08 08:00:00,0.13921013,0.23293254
2018-12-08 08:30:00,-0.89343596,-0.4315702
2018-12-08 09:00:00,-1.4591129,-0.8273933
2018-12-08 09:30:00,-1.8602185,-1.235822
2018-12-08 10:00:00,-3.497529,-1.7221997
2018-12-08 10:30:00,-5.7231503,-2.069724
2018-12-08 11:00:00,-4.5513487,-2.255535
2018-12-08 11:30:00,-3.5747309,-2.0947824
2018-12-08 12:00:00,-1.9752371,-2.3865144
2018-12-08 12:30:00,-1.8051953,-2.220427
2018-12-08 13:00:00,-4.12262,-1.7722069
2018-12-08 13:30:00,-3.462854,-1.2943711
2018-12-08 14:00:00,-3.6486602,-1.191058
2018-12-08 14:30:00,-3.2060328,-1.0963264
2018-12-08 15:00:00,-1.5401336,-0.6152006
2018-12-08 15:30:00,-1.1674068,-0.87830055
2018-12-08 16:00:00,-0.65716374,-0.38741362
2018-12-08 16:30:00,-0.077413134,0.22729608
2018-12-08 17:00:00,0.50233305,0.595151
2018-12-08 17:30:00,0.37316656,1.7351344
2018-12-08 18:00:00,0.67069256,2.1393902
2018-12-08 18:30:00,0.88385093,2.488134
2018-12-08 19:00:00,0.6975859,3.0992563
2018-12-08 19:30:00,0.46598887,3.0898578
2018-12-08 20:00:00,0.7301943,2.9085608
2018-12-08 20:30:00,0.6350693,2.7543797
2018-12-08 21:00:00,0.59449124,3.142242
2018-12-08 21:30:00,0.64937896,3.2875094
2018-12-08 22:00:00,0.6052005,2.8418365
2018-12-08 22:30:00,0.68750143,2.6580925
2018-12-08 23:00:00,2.0946088,2.4702501
2018-12-08 23:30:00,1.021009,1.9676226
2018-12-09 00:00:00,1.0802616,2.1149132
2018-12-09 00:30:00,0.74131864,1.8798776
2018-12-09 01:00:00,0.40535113,1.726872
2018-12-09 01:30:00,1.2773365,1.8017056
2018-12-09 02:00:00,2.1493175,1.6451652
2018-12-09 02:30:00,0.6739215,1.3706437
2018-12-09 03:00:00,0.7466405,1.1817964
2018-12-09 03:30:00,1.0049647,1.3985071
2018-12-09 04:00:00,0.347536,1.5992303
2018-12-09 04:30:00,0.858819,1.2366185
2018-12-09 05:00:00,0.71761495,1.2276309
2018-12-09 05:30:00,0.61530244,1.1021957
2018-12-09 06:00:00,0.4940051,1.1423281
2018-12-09 06:30:00,1.0005168,0.8220379
2018-12-09 07:00:00,0.669692,0.48814583
2018-12-09 07:30:00,0.33064413,0.0074875634
2018-12-09 08:00:00,0.36786655,-0.3350995
2018-12-09 08:30:00,-0.5833437,-0.8413927
2018-12-09 09:00:00,-1.4037533,-1.2082208
2018-12-09 09:30:00,-1.8391058,-1.305264
2018-12-09 10:00:00,-2.4751465,-1.4918218
2018-12-09 10:30:00,-1.9310237,-1.7038136
2018-12-09 11:00:00,-2.8452692,-2.0036552
2018-12-09 11:30:00,-2.2197716,-2.10273
2018-12-09 12:00:00,-2.1597762,-1.5833246
2018-12-09 12:30:00,-2.254674,-1.3973566
2018-12-09 13:00:00,-1.5310279,-1.5647724
2018-12-09 13:30:00,-0.87295246,-1.3749069
2018-12-09 14:00:00,-1.4916252,-1.1219612
2018-12-09 14:30:00,-0.8184449,-0.84111303
2018-12-09 15:00:00,-1.3169956,-0.22988133
2018-12-09 15:30:00,-0.88242954,0.13032289
2018-12-09 16:00:00,-0.17888238,0.38667658
2018-12-09 16:30:00,0.5691578,0.77653116
2018-12-09 17:00:00,0.47747588,1.1222466
2018-12-09 17:30:00,0.73577833,1.4191828
2018-12-09 18:00:00,0.7882934,1.6391835
2018-12-09 18:30:00,2.2041876,1.812144
2018-12-09 19:00:00,0.6537046,2.0030363
2018-12-09 19:30:00,0.7348826,2.0614192
2018-12-09 20:00:00,0.66210246,2.140618
2018-12-09 20:30:00,0.8263985,2.1638236
2018-12-09 21:00:00,0.8971032,2.0333333
2018-12-09 21:30:00,0.69646734,1.9991606
2018-12-09 22:00:00,0.69343066,1.6804695
2018-12-09 22:30:00,0.65600723,1.4699458
2018-12-09 23:00:00,0.4867345,1.4217433
2018-12-09 23:30:00,0.71934086,1.1760682
2018-12-10 00:00:00,0.41419032,1.3511434
2018-12-10 00:30:00,0.57094485,1.3621454
2018-12-10 01:00:00,0.94484264,1.3200512
2018-12-10 01:30:00,0.41770765,1.2299728
2018-12-10 02:00:00,0.44292748,1.2156457
2018-12-10 02:30:00,0.3158845,1.2414292
2018-12-10 03:00:00,1.5901902,1.2551751
2018-12-10 03:30:00,0.24821213,1.5153782
2018-12-10 04:00:00,0.8782626,1.487314
2018-12-10 04:30:00,-1.4912844,1.4580919
2018-12-10 05:00:00,0.84235966,1.4720519
2018-12-10 05:30:00,3.176004,1.3554341
2018-12-10 06:00:00,1.9690121,1.320593
2018-12-10 06:30:00,-3.6565688,1.0619104
2018-12-10 07:00:00,12.03101,0.73424464
2018-12-10 07:30:00,-16.179457,0.35401136
2018-12-10 08:00:00,-9.1165695,-0.009670844
2018-12-10 08:30:00,-2.0536842,-0.44826984
2018-12-10 09:00:00,5.009205,-0.840615
2018-12-10 09:30:00,8.827014,-1.1456387
2018-12-10 10:00:00,12.644824,-1.4095951
2018-12-10 10:30:00,16.462637,-1.5459142
2018-12-10 11:00:00,16.400515,-1.8215148
2018-12-10 11:30:00,16.338396,-1.870434
2018-12-10 12:00:00,16.276272,-1.8869677
2018-12-10 12:30:00,16.214153,-1.9198076
2018-12-10 13:00:00,16.152035,-1.7176512
2018-12-10 13:30:00,16.08991,-1.4634954
2018-12-10 14:00:00,16.027792,-1.284195
2018-12-10 14:30:00,15.965669,-1.1115491
2018-12-10 15:00:00,15.903549,-0.84752727
2018-12-10 15:30:00,15.841431,-0.64136857
2018-12-10 16:00:00,15.779307,-0.4148706
2018-12-10 16:30:00,15.717188,-0.017461382
2018-12-10 17:00:00,15.655065,0.3360228
2018-12-10 17:30:00,15.592946,0.67414
2018-12-10 18:00:00,15.5308275,0.8895923
2018-12-10 18:30:00,15.468704,1.3281825
2018-12-10 19:00:00,15.406585,1.5523604
2018-12-10 19:30:00,15.344466,1.5432984
2018-12-10 20:00:00,15.282343,1.627784
2018-12-10 20:30:00,15.220223,1.6833795
2018-12-10 21:00:00,15.1581,1.5731016
2018-12-10 21:30:00,15.095982,1.6205833
2018-12-10 22:00:00,15.033862,1.4860425
2018-12-10 22:30:00,14.971739,1.3966327
2018-12-10 23:00:00,14.90962,1.1676135
2018-12-10 23:30:00,14.847497,1.0900097
2018-12-11 00:00:00,14.7853775,1.7611887
2018-12-11 00:30:00,14.723259,1.7460577
2018-12-11 01:00:00,14.661136,1.8054851
2018-12-11 01:30:00,14.599017,1.6745621
2018-12-11 02:00:00,14.536894,1.5726866
2018-12-11 02:30:00,14.474774,1.5003871
2018-12-11 03:00:00,14.412656,1.6498492
2018-12-11 03:30:00,14.350533,1.6172713
2018-12-11 04:00:00,14.288413,1.4770242
2018-12-11 04:30:00,14.22629,1.1951666
2018-12-11 05:00:00,14.164171,1.1653284
2018-12-11 05:30:00,14.102052,0.9511126
2018-12-11 06:00:00,14.039928,0.818975
2018-12-11 06:30:00,13.97781,0.38962153
2018-12-11 07:00:00,13.915687,0.31323665
2018-12-11 07:30:00,13.853567,-0.8136255
2018-12-11 08:00:00,13.791449,-1.3714639
2018-12-11 08:30:00,13.729325,-1.6238327
2018-12-11 09:00:00,13.667207,-1.6744516
2018-12-11 09:30:00,13.605083,-1.6120398
2018-12-11 10:00:00,13.542964,-1.758321
2018-12-11 10:30:00,13.480845,-1.3699477
2018-12-11 11:00:00,13.418722,-1.8715744
2018-12-11 11:30:00,13.356603,-1.7284435
2018-12-11 12:00:00,13.294484,-2.187526
2018-12-11 12:30:00,13.232361,-2.592389
2018-12-11 13:00:00,13.170241,-2.1675625
2018-12-11 13:30:00,13.108118,-2.7824993
2018-12-11 14:00:00,-1.4884442,-2.4524565
2018-12-11 14:30:00,-0.74575216,-2.5643904
2018-12-11 15:00:00,-0.42810532,-2.268717
2018-12-11 15:30:00,-0.60080796,-2.3079624
2018-12-11 16:00:00,-0.6719059,-2.0682385
2018-12-11 16:30:00,-0.3058511,-1.7492372
2018-12-11 17:00:00,0.10451755,-1.5247623
2018-12-11 17:30:00,0.51488185,-1.3831562
2018-12-11 18:00:00,0.9252461,-1.0442176
2018-12-11 18:30:00,0.38251695,-0.6427711
2018-12-11 19:00:00,0.6510174,-0.27800965
2018-12-11 19:30:00,0.33855262,-0.09474195
2018-12-11 20:00:00,0.5271116,-0.06541492
2018-12-11 20:30:00,0.52612853,-0.2395507
2018-12-11 21:00:00,0.5332636,-0.38854092
2018-12-11 21:30:00,0.54623187,-0.3704999
2018-12-11 22:00:00,0.25630414,-0.6159914
2018-12-11 22:30:00,0.5961298,-0.5512552
2018-12-11 23:00:00,0.5770226,-0.73505163
2018-12-11 23:30:00,0.6074813,-0.49035972
2018-12-12 00:00:00,0.59132785,-0.25821215
2018-12-12 00:30:00,0.5080875,-0.18443143
2018-12-12 01:00:00,0.8105552,0.07861172
2018-12-12 01:30:00,0.4392092,0.29601708
2018-12-12 02:00:00,0.43043554,0.24466422
2018-12-12 02:30:00,0.35704368,0.34792924
2018-12-12 03:00:00,0.15528932,0.7164527
2018-12-12 03:30:00,0.69037646,0.93257785
2018-12-12 04:00:00,0.7903951,0.61421007
2018-12-12 04:30:00,0.5803739,0.5580029
2018-12-12 05:00:00,0.6179109,0.57013214
2018-12-12 05:30:00,0.60885763,0.57413447
2018-12-12 06:00:00,0.74278235,0.42775276
2018-12-12 06:30:00,0.27081037,0.53321123
2018-12-12 07:00:00,0.2490729,0.32675105
2018-12-12 07:30:00,0.1640848,0.20959151
2018-12-12 08:00:00,0.079092346,0.07342968
2018-12-12 08:30:00,0.43705073,-0.063885644
2018-12-12 09:00:00,0.068120934,-0.4371324
2018-12-12 09:30:00,-0.4232597,-0.09726743
2018-12-12 10:00:00,-0.75490594,0.05257481
2018-12-12 10:30:00,-0.78499323,-0.0069487444
2018-12-12 11:00:00,-1.11615,0.032598175
2018-12-12 11:30:00,-1.3602477,0.2936096
2018-12-12 12:00:00,-3.5216696,0.64486974
2018-12-12 12:30:00,-3.3744316,0.7211585
2018-12-12 13:00:00,-4.0899506,0.6547663
2018-12-12 13:30:00,-3.2703843,1.0066732
2018-12-12 14:00:00,-4.7858214,0.1904931
2018-12-12 14:30:00,-4.583962,0.33107668
2018-12-12 15:00:00,-2.9383667,0.44864258
2018-12-12 15:30:00,-1.7088077,0.3141324
2018-12-12 16:00:00,-1.0071175,0.26951268
2018-12-12 16:30:00,-0.2256387,0.42738575
2018-12-12 17:00:00,0.05668199,1.0329024
2018-12-12 17:30:00,0.33900267,1.074599
2018-12-12 18:00:00,-0.5043722,1.4529972
2018-12-12 18:30:00,-1.3477471,1.8618671
2018-12-12 19:00:00,-3.96258,1.7664232
2018-12-12 19:30:00,-6.5774136,2.0994632
2018-12-12 20:00:00,-10.906741,2.2932088
2018-12-12 20:30:00,-10.583221,2.322361
2018-12-12 21:00:00,-10.259698,2.5212798
2018-12-12 21:30:00,-9.936179,2.6735513
2018-12-12 22:00:00,-9.612656,2.4229345
2018-12-12 22:30:00,-9.289136,2.3646038
2018-12-12 23:00:00,-8.965617,1.8607398
2018-12-12 23:30:00,-8.642094,1.7317919
2018-12-13 00:00:00,-8.318575,1.6893567
2018-12-13 00:30:00,-7.995051,1.514382
2018-12-13 01:00:00,-7.6715317,1.3799548
2018-12-13 01:30:00,-7.348008,0.95945805
2018-12-13 02:00:00,-7.024489,0.93422073
2018-12-13 02:30:00,-6.7009654,1.026676
2018-12-13 03:00:00,-6.377446,1.1179079
2018-12-13 03:30:00,-6.053927,1.5142815
2018-12-13 04:00:00,-5.730403,1.5264939
2018-12-13 04:30:00,-5.4068837,1.6855729
2018-12-13 05:00:00,-5.08336,2.1154811
2018-12-13 05:30:00,-4.759841,1.9777203
2018-12-13 06:00:00,-4.4363174,2.2328155
2018-12-13 06:30:00,-4.112798,2.0860057
2018-12-13 07:00:00,-3.7892787,1.8403437
2018-12-13 07:30:00,-3.4657552,1.8018892
2018-12-13 08:00:00,-3.142236,1.6293919
2018-12-13 08:30:00,-2.8187122,1.2476599
2018-12-13 09:00:00,-2.495193,0.67650384
2018-12-13 09:30:00,-2.1716697,0.23350056
2018-12-13 10:00:00,-1.8481504,-0.37519258
2018-12-13 10:30:00,-1.5246267,-0.9048006
2018-12-13 11:00:00,-1.6672727,-1.4752314
2018-12-13 11:30:00,-3.2981865,-1.9443939
2018-12-13 12:00:00,-4.9693294,-2.7078447
2018-12-13 12:30:00,-6.6404715,-2.9678597
2018-12-13 13:00:00,-3.786264,-2.9573514
2018-12-13 13:30:00,-3.2267828,-2.4329562
2018-12-13 14:00:00,-3.154601,-2.215385
2018-12-13 14:30:00,-4.795517,-1.7840346
2018-12-13 15:00:00,-3.6282642,-1.1605469
2018-12-13 15:30:00,-1.5163512,-0.6924942
2018-12-13 16:00:00,-1.1218127,-0.30568072
2018-12-13 16:30:00,-0.553654,0.07588088
2018-12-13 17:00:00,-0.25853112,0.67721164
2018-12-13 17:30:00,0.036596123,1.1624752
2018-12-13 18:00:00,-0.5863848,1.3084855
2018-12-13 18:30:00,-0.86452836,1.615008
2018-12-13 19:00:00,-1.1426677,1.6229253
2018-12-13 19:30:00,-2.5127623,1.4724451
2018-12-13 20:00:00,-0.098538905,1.3033166
2018-12-13 20:30:00,0.5515624,1.1034497
2018-12-13 21:00:00,1.2016639,0.9642119
2018-12-13 21:30:00,0.015614541,0.6888603
2018-12-13 22:00:00,1.6317557,0.2275932
2018-12-13 22:30:00,-0.5726606,-0.10011624
2018-12-13 23:00:00,0.8198576,-0.2812954
2018-12-13 23:30:00,1.3775954,-0.37414393
2018-12-14 00:00:00,1.9353377,-0.14185657
2018-12-14 00:30:00,0.035119288,-0.08986576
2018-12-14 01:00:00,-0.34299925,-0.07230974
2018-12-14 01:30:00,-0.7211178,-0.1692873
2018-12-14 02:00:00,-0.086339705,0.026201459
2018-12-14 02:30:00,0.5484384,-0.042738028
2018-12-14 03:00:00,1.1832165,0.06830444
2018-12-14 03:30:00,-6.535564,0.30140013
2018-12-14 04:00:00,0.7179514,0.50732285
2018-12-14 04:30:00,7.971466,0.5455852
2018-12-14 05:00:00,15.224982,0.91417855
2018-12-14 05:30:00,2.8863907,0.822134
2018-12-14 06:00:00,-9.4522,1.0168843
2018-12-14 06:30:00,-13.266915,0.7933619
2018-12-14 07:00:00,-10.470934,0.5729766
2018-12-14 07:30:00,-7.6749573,0.21655624
2018-12-14 08:00:00,-4.8789754,-0.42235088
2018-12-14 08:30:00,-2.0829937,-1.0635257
2018-12-14 09:00:00,0.71298784,-1.4279901
2018-12-14 09:30:00,-0.37428376,-1.7585701
2018-12-14 10:00:00,-1.3890505,-2.1691923
2018-12-14 10:30:00,-2.991922,-2.3597302
2018-12-14 11:00:00,-2.5104334,-2.4078455
2018-12-14 11:30:00,-2.0289495,-2.706643
2018-12-14 12:00:00,-1.547461,-2.9180012
2018-12-14 12:30:00,-2.8062685,-3.2101312
2018-12-14 13:00:00,-2.2207286,-2.939542
2018-12-14 13:30:00,-2.4603562,-2.503132
2018-12-14 14:00:00,-2.4524128,-2.2674193
2018-12-14 14:30:00,-2.033109,-2.3124802
2018-12-14 15:00:00,-1.581437,-1.8740562
2018-12-14 15:30:00,-1.1347286,-1.3656352
2018-12-14 16:00:00,-0.49091026,-1.0776212
2018-12-14 16:30:00,-0.25064445,-0.72217953
2018-12-14 17:00:00,-0.010378677,-0.3685774
2018-12-14 17:30:00,0.2298871,-0.03995039
2018-12-14 18:00:00,0.4701485,0.1845377
2018-12-14 18:30:00,2.3889847,0.39477298
2018-12-14 19:00:00,3.135417,0.6019497
2018-12-14 19:30:00,1.5245495,0.65590674
2018-12-14 20:00:00,1.7224283,0.79857886
2018-12-14 20:30:00,1.1204464,0.75386304
2018-12-14 21:00:00,1.3186966,0.63756424
2018-12-14 21:30:00,1.1139711,0.6793264
2018-12-14 22:00:00,1.5625846,0.5638141
2018-12-14 22:30:00,1.4527044,0.4621657
2018-12-14 23:00:00,0.9010312,0.39721543
2018-12-14 23:30:00,1.1096411,0.3092955
2018-12-15 00:00:00,1.1584467,0.2263261
2018-12-15 00:30:00,1.0698626,0.2214936
2018-12-15 01:00:00,1.5673385,0.06802917
2018-12-15 01:30:00,0.7588397,0.11064337
2018-12-15 02:00:00,1.262804,0.12159294
2018-12-15 02:30:00,0.64936584,0.21791947
2018-12-15 03:00:00,1.3003018,0.2532893
2018-12-15 03:30:00,1.2101185,0.096928
2018-12-15 04:00:00,1.029302,0.41925877
2018-12-15 04:30:00,0.9833234,0.76368093
2018-12-15 05:00:00,0.86572254,1.1256416
2018-12-15 05:30:00,1.1496643,0.8038308
2018-12-15 06:00:00,1.1421971,0.38176107
2018-12-15 06:30:00,1.2150952,0.19375701
2018-12-15 07:00:00,1.3284447,-0.07015565
2018-12-15 07:30:00,1.2087946,-0.36639273
2018-12-15 08:00:00,0.75666374,-1.0029011
2018-12-15 08:30:00,0.5203785,-1.2986444
2018-12-15 09:00:00,-0.47681475,-1.1677432
2018-12-15 09:30:00,-0.92939126,-1.4306641
2018-12-15 10:00:00,-0.72784656,-1.8755374
2018-12-15 10:30:00,-0.7220528,-2.376548
2018-12-15 11:00:00,-0.98930365,-2.5540001
2018-12-15 11:30:00,-0.42633137,-2.561616
2018-12-15 12:00:00,-1.1043835,-2.2123919
2018-12-15 12:30:00,-0.78266,-2.2377384
2018-12-15 13:00:00,-0.2651332,-2.0180347
2018-12-15 13:30:00,0.11781783,-2.008986
2018-12-15 14:00:00,0.25427678,-2.0282633
2018-12-15 14:30:00,0.35054213,-1.9452678
2018-12-15 15:00:00,0.4519502,-1.473453
2018-12-15 15:30:00,0.45880568,-1.2684172
2018-12-15 16:00:00,0.61509705,-1.0282083
2018-12-15 16:30:00,0.41196197,-0.32444265
2018-12-15 17:00:00,0.9255782,-0.010286922
2018-12-15 17:30:00,0.8262281,0.2534772
2018-12-15 18:00:00,0.72688234,0.27119488
2018-12-15 18:30:00,1.4753158,0.73108125
2018-12-15 19:00:00,0.47877795,0.8713634
2018-12-15 19:30:00,0.94664276,0.8936121
2018-12-15 20:00:00,0.3562135,0.9987734
2018-12-15 20:30:00,0.42787948,1.0016048
2018-12-15 21:00:00,1.1891719,0.96982217
2018-12-15 21:30:00,1.1203941,1.2283474
2018-12-15 22:00:00,0.41465786,1.1008762
2018-12-15 22:30:00,0.49142718,0.8656439
2018-12-15 23:00:00,0.3344105,0.8399216
2018-12-15 23:30:00,0.51481193,0.89293045
2018-12-16 00:00:00,0.3665208,0.63719285
2018-12-16 00:30:00,0.41682068,0.5734179
2018-12-16 01:00:00,0.7532163,0.77580583
2018-12-16 01:30:00,1.5975394,0.8375228
2018-12-16 02:00:00,1.6407216,0.7762865
2018-12-16 02:30:00,1.889158,0.9932549
2018-12-16 03:00:00,1.3332422,1.2170308
2018-12-16 03:30:00,0.80700296,1.3696257
2018-12-16 04:00:00,0.5335564,1.166259
2018-12-16 04:30:00,0.34386575,1.1637379
2018-12-16 05:00:00,0.982301,1.0610933
2018-12-16 05:30:00,1.1027507,1.015071
2018-12-16 06:00:00,0.86100805,1.0151541
2018-12-16 06:30:00,0.528453,0.9649547
2018-12-16 07:00:00,0.56662357,0.72967434
2018-12-16 07:30:00,0.83474827,0.5763934
2018-12-16 08:00:00,0.6259505,0.21071006
2018-12-16 08:30:00,0.6608135,-0.43834704
2018-12-16 09:00:00,-0.022556035,-0.79649335
2018-12-16 09:30:00,-0.2549133,-0.9624934
2018-12-16 10:00:00,-0.4872662,-1.2074825
2018-12-16 10:30:00,-1.4713296,-1.3333719
2018-12-16 11:00:00,-0.52741176,-1.3485466
2018-12-16 11:30:00,-1.0796704,-1.2781783
2018-12-16 12:00:00,0.053488,-1.1113175
2018-12-16 12:30:00,-1.2775449,-1.1137164
2018-12-16 13:00:00,-0.8413577,-0.9697509
2018-12-16 13:30:00,-1.2148798,-1.016765
2018-12-16 14:00:00,-0.74905103,-0.7864526
2018-12-16 14:30:00,-1.1395916,-0.3115269
2018-12-16 15:00:00,-0.42218924,0.12136137
2018-12-16 15:30:00,-0.38207868,0.35467988
2018-12-16 16:00:00,-0.036708336,0.78913236
2018-12-16 16:30:00,0.3442328,1.3132175
2018-12-16 17:00:00,0.7320207,1.5745392
2018-12-16 17:30:00,1.119813,1.6264338
2018-12-16 18:00:00,1.5076052,1.8667738
2018-12-16 18:30:00,-0.32976452,2.2207081
2018-12-16 19:00:00,-0.85847247,2.301244
2018-12-16 19:30:00,0.19061546,2.4965098
2018-12-16 20:00:00,1.2397033,2.8245559
2018-12-16 20:30:00,1.9959841,2.7610736
2018-12-16 21:00:00,1.4612858,2.6108775
2018-12-16 21:30:00,1.2643552,2.428204
2018-12-16 22:00:00,1.3206804,2.104453
2018-12-16 22:30:00,1.3905723,2.316873
2018-12-16 23:00:00,1.373545,2.2536747
2018-12-16 23:30:00,1.0413264,2.0156155
2018-12-17 00:00:00,0.7763782,1.8118382
2018-12-17 00:30:00,0.85187614,1.8382858
2018-12-17 01:00:00,0.8204212,2.1509166
2018-12-17 01:30:00,0.87775135,2.3189354
2018-12-17 02:00:00,0.80484015,2.1901708
2018-12-17 02:30:00,-0.17368285,2.283181
2018-12-17 03:00:00,-0.88602114,2.3411973
2018-12-17 03:30:00,-1.5983638,2.5923777
2018-12-17 04:00:00,-0.9094146,2.4842932
2018-12-17 04:30:00,-0.22046977,2.3930657
2018-12-17 05:00:00,-3.4658382,2.2418556
2018-12-17 05:30:00,-6.711207,2.0701275
2018-12-17 06:00:00,-9.956575,2.0460305
2018-12-17 06:30:00,2.3252666,1.8636149
2018-12-17 07:00:00,2.0130332,1.5066396
2018-12-17 07:30:00,1.0231324,1.1055689
2018-12-17 08:00:00,0.73847854,0.49286035
2018-12-17 08:30:00,0.6556227,0.07332044
2018-12-17 09:00:00,0.48567277,-0.4780775
2018-12-17 09:30:00,0.019695507,-0.6997386
2018-12-17 10:00:00,-0.4462774,-1.0509332
2018-12-17 10:30:00,-0.069565795,-1.3486035
2018-12-17 11:00:00,-1.47389,-1.4200248
2018-12-17 11:30:00,-0.23493667,-1.5797373
2018-12-17 12:00:00,-1.8435495,-1.3992354
2018-12-17 12:30:00,-1.4458869,-1.4759698
2018-12-17 13:00:00,-1.5557759,-1.2571574
2018-12-17 13:30:00,-0.80304736,-1.1140178
2018-12-17 14:00:00,-1.22378,-0.99381286
2018-12-17 14:30:00,-0.7919711,-0.8096669
2018-12-17 15:00:00,-0.9134912,-0.55359286
2018-12-17 15:30:00,-0.26136246,-0.44222704
2018-12-17 16:00:00,-0.17746234,-0.24611345
2018-12-17 16:30:00,-0.16088505,-0.062019937
2018-12-17 17:00:00,0.42385095,0.13527335
2018-12-17 17:30:00,-0.12019337,0.5056276
2018-12-17 18:00:00,-0.6642421,0.8520028
2018-12-17 18:30:00,0.5419805,1.1609416
2018-12-17 19:00:00,0.09753971,1.4435768
2018-12-17 19:30:00,-14.51367,1.4861081
2018-12-17 20:00:00,-6.958988,1.7679437
2018-12-17 20:30:00,0.5956928,1.7257141
2018-12-17 21:00:00,-2.8279884,1.7408407
2018-12-17 21:30:00,0.38724023,1.7531797
2018-12-17 22:00:00,3.6024647,1.5572846
2018-12-17 22:30:00,6.817689,1.4411082
2018-12-17 23:00:00,6.1130233,1.3432698
2018-12-17 23:30:00,5.4083576,1.2136446
2018-12-18 00:00:00,4.703687,1.5576385
2018-12-18 00:30:00,3.999022,1.4655154
2018-12-18 01:00:00,3.294356,1.4428122
2018-12-18 01:30:00,3.0990028,1.2977195
2018-12-18 02:00:00,2.9036539,1.231135
2018-12-18 02:30:00,2.7083051,1.0866584
2018-12-18 03:00:00,2.5129519,0.98085034
2018-12-18 03:30:00,2.3176029,1.0409026
2018-12-18 04:00:00,2.1222494,0.9947798
2018-12-18 04:30:00,1.9269004,0.9923898
2018-12-18 05:00:00,1.7315515,0.8567479
2018-12-18 05:30:00,1.5361981,0.72055113
2018-12-18 06:00:00,1.3408493,0.6642128
2018-12-18 06:30:00,1.1454959,0.67410505
2018-12-18 07:00:00,0.950147,0.55636
2018-12-18 07:30:00,0.7547937,0.02140829
2018-12-18 08:00:00,0.5594447,-0.22561249
2018-12-18 08:30:00,0.3640958,-0.5230861
2018-12-18 09:00:00,0.16874252,-0.79552335
2018-12-18 09:30:00,-0.026606416,-1.2587086
2018-12-18 10:00:00,-0.6305457,-1.4478487
2018-12-18 10:30:00,-3.2731328,-1.7065051
2018-12-18 11:00:00,-0.69859385,-2.0378191
2018-12-18 11:30:00,-1.4876971,-1.9742322
2018-12-18 12:00:00,-1.3071603,-2.2218864
2018-12-18 12:30:00,-1.8057153,-2.1907244
2018-12-18 13:00:00,-1.191377,-2.0973864
2018-12-18 13:30:00,-1.5642698,-1.872907
2018-12-18 14:00:00,-1.2421532,-1.7714466
2018-12-18 14:30:00,-1.0649195,-1.6475976
2018-12-18 15:00:00,-0.74768776,-1.3917114
2018-12-18 15:30:00,0.23372339,-1.2814991
2018-12-18 16:00:00,0.33150488,-1.1235124
2018-12-18 16:30:00,0.6366117,-0.7566886
2018-12-18 17:00:00,0.9417185,-0.4796985
2018-12-18 17:30:00,-0.02165158,-0.08749758
2018-12-18 18:00:00,-0.9850217,0.14284542
2018-12-18 18:30:00,2.7756279,0.7153342
2018-12-18 19:00:00,0.92581415,1.1858293
2018-12-18 19:30:00,0.4587008,0.9064055
2018-12-18 20:00:00,-0.008412474,1.0470896
2018-12-18 20:30:00,-0.4755258,1.4937675
2018-12-18 21:00:00,-1.9899268,1.3946664
2018-12-18 21:30:00,1.8222153,1.4879476
2018-12-18 22:00:00,-1.3419621,1.5483537
2018-12-18 22:30:00,-1.1060438,1.8943444
2018-12-18 23:00:00,-0.8701255,1.7123133
2018-12-18 23:30:00,-0.6342072,1.855868
2018-12-19 00:00:00,-0.39828894,1.831924
2018-12-19 00:30:00,-0.16237499,1.5969452
2018-12-19 01:00:00,2.014178,1.9484544
2018-12-19 01:30:00,-0.42775577,1.6821343
2018-12-19 02:00:00,-2.8696938,1.322747
2018-12-19 02:30:00,-1.1326225,1.379011
2018-12-19 03:00:00,0.6044446,1.601214
2018-12-19 03:30:00,0.8415645,1.5415987
2018-12-19 04:00:00,2.6062284,1.5956081
2018-12-19 04:30:00,4.370897,1.7426146
2018-12-19 05:00:00,6.1355605,1.6670774
2018-12-19 05:30:00,5.8247385,1.445224
2018-12-19 06:00:00,5.513921,1.6852146
2018-12-19 06:30:00,5.203099,1.5911033
2018-12-19 07:00:00,4.892277,1.2982132
2018-12-19 07:30:00,7.138626,0.96288365
2018-12-19 08:00:00,4.031744,0.6162637
2018-12-19 08:30:00,0.92485726,0.16226716
2018-12-19 09:00:00,3.1390085,-0.228505
2018-12-19 09:30:00,0.7276557,-0.45677257
2018-12-19 10:00:00,-1.4002403,-0.90157604
2018-12-19 10:30:00,0.85499585,-1.501893
2018-12-19 11:00:00,0.37392685,-1.582455
2018-12-19 11:30:00,-0.10714214,-1.8031812
2018-12-19 12:00:00,-0.5882111,-1.9429127
2018-12-19 12:30:00,-1.0692844,-2.1404202
2018-12-19 13:00:00,-0.4029117,-1.725918
2018-12-19 13:30:00,-0.01953682,-1.7071124
2018-12-19 14:00:00,0.038531743,-1.6158324
2018-12-19 14:30:00,0.06864962,-1.4210253
2018-12-19 15:00:00,0.18904686,-1.3860924
2018-12-19 15:30:00,2.2510924,-1.1665155
2018-12-19 16:00:00,4.3131385,-0.9049579
2018-12-19 16:30:00,0.3086838,-0.79765993
2018-12-19 17:00:00,1.8308797,-0.37719375
2018-12-19 17:30:00,0.79121655,0.055795014
2018-12-19 18:00:00,1.0570211,0.286055
2018-12-19 18:30:00,5.4540257,1.1908716
2018-12-19 19:00:00,9.851031,1.2168604
2018-12-19 19:30:00,14.248036,1.4948992
2018-12-19 20:00:00,2.52398,1.8034184
2018-12-19 20:30:00,2.2634928,1.900645
2018-12-19 21:00:00,2.0030012,1.7916299
2018-12-19 21:30:00,1.7425098,2.1081843
2018-12-19 22:00:00,36.099075,1.7840405
2018-12-19 22:30:00,16.004595,1.5926458
2018-12-19 23:00:00,-4.089885,1.652143
2018-12-19 23:30:00,16.093765,1.5006099
2018-12-20 00:00:00,8.047969,1.135062
2018-12-20 00:30:00,10.637107,1.0445685
2018-12-20 01:00:00,13.226244,1.4813935
2018-12-20 01:30:00,7.77991,1.2120323
2018-12-20 02:00:00,2.3335726,0.8289895
2018-12-20 02:30:00,2.272498,1.142219
2018-12-20 03:00:00,2.09647,1.235784
2018-12-20 03:30:00,1.9204382,1.194402
2018-12-20 04:00:00,0.9407966,1.5161036
2018-12-20 04:30:00,1.1495594,1.7215588
2018-12-20 05:00:00,0.7256371,1.7454853
2018-12-20 05:30:00,0.7367964,1.7936442
2018-12-20 06:00:00,0.74796003,2.1051433
2018-12-20 06:30:00,0.75911933,1.777198
2018-12-20 07:00:00,0.85322624,1.3056979
2018-12-20 07:30:00,-0.3631856,1.1318287
2018-12-20 08:00:00,0.983721,0.8524616
2018-12-20 08:30:00,2.3306234,-0.046832103
2018-12-20 09:00:00,1.1234657,-0.24387634
2018-12-20 09:30:00,-0.08369188,-0.65072334
2018-12-20 10:00:00,-1.2908494,-1.0857438
2018-12-20 10:30:00,0.22339426,-1.3816837
2018-12-20 11:00:00,0.19817005,-1.7634376
2018-12-20 11:30:00,0.17294583,-1.7137232
2018-12-20 12:00:00,0.67962354,-1.7514306
2018-12-20 12:30:00,0.21069695,-1.7738804
2018-12-20 13:00:00,-0.1905791,-1.6659445
2018-12-20 13:30:00,-0.5918508,-1.5964632
2018-12-20 14:00:00,-1.1355194,-1.5887556
2018-12-20 14:30:00,-0.4159236,-1.3560619
2018-12-20 15:00:00,-1.8495748,-1.1897123
2018-12-20 15:30:00,-0.6151219,-0.8452202
2018-12-20 16:00:00,0.73830813,-0.3984637
2018-12-20 16:30:00,0.91158754,-0.030468915
2018-12-20 17:00:00,1.0848713,0.437125
2018-12-20 17:30:00,1.8758185,0.627423
2018-12-20 18:00:00,2.9833465,0.84204507
2018-12-20 18:30:00,2.720478,1.2873292
2018-12-20 19:00:00,2.457614,1.818484
2018-12-20 19:30:00,2.1947455,2.1531713
2018-12-20 20:00:00,1.9318771,2.1425843
2018-12-20 20:30:00,1.669013,2.096715
2018-12-20 21:00:00,0.89962864,1.8576201
2018-12-20 21:30:00,2.465553,2.1573744
2018-12-20 22:00:00,1.516025,4.6214213
2018-12-20 22:30:00,2.387604,2.8074455
2018-12-20 23:00:00,3.259183,1.5059493
2018-12-20 23:30:00,4.58589,2.2639909
2018-12-21 00:00:00,4.469696,1.8672196
2018-12-21 00:30:00,4.3535023,1.970524
2018-12-21 01:00:00,4.2373085,1.9861269
2018-12-21 01:30:00,4.1211143,2.1576629
2018-12-21 02:00:00,4.0049205,1.538798
2018-12-21 02:30:00,3.8887267,1.6448768
2018-12-21 03:00:00,3.7725327,2.0130856
2018-12-21 03:30:00,3.6563387,1.6398871
2018-12-21 04:00:00,1.2847775,1.8507471
2018-12-21 04:30:00,0.828688,1.9477553
2018-12-21 05:00:00,0.37259856,1.8248763
2018-12-21 05:30:00,0.72750276,1.8866107
2018-12-21 06:00:00,1.082407,2.132255
2018-12-21 06:30:00,1.4373112,1.8465176
2018-12-21 07:00:00,1.89874,1.4396794
2018-12-21 07:30:00,4.944119,0.994072
2018-12-21 08:00:00,7.989503,0.69309855
2018-12-21 08:30:00,2.5417063,-0.0071235183
2018-12-21 09:00:00,1.0437907,-0.46020687
2018-12-21 09:30:00,-0.45412475,-0.7932775
2018-12-21 10:00:00,-1.5088316,-1.4428021
2018-12-21 10:30:00,-1.7541746,-1.0275354
2018-12-21 11:00:00,-1.659067,-1.4955139
2018-12-21 11:30:00,-2.2207766,-2.2938406
2018-12-21 12:00:00,-0.6824185,-1.6492841
2018-12-21 12:30:00,-1.7375623,-1.600177
2018-12-21 13:00:00,-2.116262,-2.0081208
2018-12-21 13:30:00,-1.22042,-1.8027179
2018-12-21 14:00:00,-1.7518982,-1.8082408
2018-12-21 14:30:00,-0.3175697,-1.6907055
2018-12-21 15:00:00,-0.7036623,-1.532863
2018-12-21 15:30:00,1.0063936,-1.2810884
2018-12-21 16:00:00,1.7187668,-0.8810139
2018-12-21 16:30:00,1.111118,-0.28233093
2018-12-21 17:00:00,1.5172484,0.14516118
2018-12-21 17:30:00,1.6388909,0.40156293
2018-12-21 18:00:00,2.0365229,0.9222837
2018-12-21 18:30:00,3.6316345,1.7126541
2018-12-21 19:00:00,2.2517872,1.7965411
2018-12-21 19:30:00,3.2011406,1.7888554
2018-12-21 20:00:00,3.172421,2.344802
2018-12-21 20:30:00,2.2060227,2.8210952
2018-12-21 21:00:00,3.2546957,2.3868525
2018-12-21 21:30:00,1.5801537,2.5044928
2018-12-21 22:00:00,1.9502239,2.6321387
2018-12-21 22:30:00,1.7817203,2.4615552
2018-12-21 23:00:00,2.1981666,2.6833649
2018-12-21 23:30:00,1.4958167,3.2181287
2018-12-22 00:00:00,1.1151159,2.8010137
2018-12-22 00:30:00,1.1340613,3.0151596
2018-12-22 01:00:00,1.3744713,3.2901921
2018-12-22 01:30:00,5.192551,2.8054793
2018-12-22 02:00:00,9.010632,2.7613664
2018-12-22 02:30:00,4.7031546,3.1884959
2018-12-22 03:00:00,49.56255,3.5159562
2018-12-22 03:30:00,-2.308395,3.046278
2018-12-22 04:00:00,0.9042689,2.6502147
2018-12-22 04:30:00,4.1169286,2.7855551
2018-12-22 05:00:00,9.39135,2.2688582
2018-12-22 05:30:00,8.900516,2.4038754
2018-12-22 06:00:00,8.409685,2.5609446
2018-12-22 06:30:00,0.82029015,1.716556
2018-12-22 07:00:00,1.661275,1.4710819
2018-12-22 07:30:00,2.50226,1.3064538
2018-12-22 08:00:00,4.893094,1.2253938
2018-12-22 08:30:00,1.5012915,0.41406798
2018-12-22 09:00:00,0.73031664,-0.19500087
2018-12-22 09:30:00,0.65349483,0.14034615
2018-12-22 10:00:00,-0.3680924,-0.58625805
2018-12-22 10:30:00,0.58414465,-1.1512752
2018-12-22 11:00:00,2.0758426,-1.329492
2018-12-22 11:30:00,3.5675406,-1.667915
2018-12-22 12:00:00,-10.072957,-1.5698626
2018-12-22 12:30:00,-13.625516,-1.1743366
2018-12-22 13:00:00,14.263499,-1.0065888
2018-12-22 13:30:00,-28.531399,-1.0103813
2018-12-22 14:00:00,-16.726778,-1.0584879
2018-12-22 14:30:00,-4.922158,-0.9030092
2018-12-22 15:00:00,6.8824644,-0.38437694
2018-12-22 15:30:00,-31.836369,-0.09690477
2018-12-22 16:00:00,16.781464,0.5575834
2018-12-22 16:30:00,-6.3937654,0.94441
2018-12-22 17:00:00,0.38987494,0.6629501
2018-12-22 17:30:00,6.7113695,1.1938733
2018-12-22 18:00:00,13.032861,1.837696
2018-12-22 18:30:00,-6.158555,2.0700793
2018-12-22 19:00:00,-6.286795,2.0935297
2018-12-22 19:30:00,3.275035,2.318219
2018-12-22 20:00:00,-9.525325,2.778066
2018-12-22 20:30:00,-7.64026,2.6333795
2018-12-22 21:00:00,-7.644481,2.629207
2018-12-22 21:30:00,-7.6487017,2.703678
2018-12-22 22:00:00,-3.187664,2.2440972
2018-12-22 22:30:00,1.2733691,2.191486
2018-12-22 23:00:00,1.9423984,2.257996
2018-12-22 23:30:00,1.2563069,2.1123834
2018-12-23 00:00:00,0.7246059,2.0664005
2018-12-23 00:30:00,1.7401067,2.1588862
2018-12-23 01:00:00,2.4450521,2.2154605
2018-12-23 01:30:00,3.1499932,2.4010222
2018-12-23 02:00:00,3.4867995,2.7247424
2018-12-23 02:30:00,3.823606,2.6129835
2018-12-23 03:00:00,1.8916748,6.1982384
2018-12-23 03:30:00,0.5262902,3.0809007
2018-12-23 04:00:00,-0.8390944,2.5080712
2018-12-23 04:30:00,-2.204479,2.5529575
2018-12-23 05:00:00,-3.5698636,2.5634394
2018-12-23 05:30:00,-4.9352484,2.1640728
2018-12-23 06:00:00,-6.300633,1.5278615
2018-12-23 06:30:00,-7.6660132,1.5597402
2018-12-23 07:00:00,-9.031398,0.6728991
2018-12-23 07:30:00,-10.396782,0.77449507
2018-12-23 08:00:00,-11.762166,0.38040656
2018-12-23 08:30:00,-13.127551,-0.54264325
2018-12-23 09:00:00,-14.492935,-0.39341712
2018-12-23 09:30:00,-15.858318,-0.6397126
2018-12-23 10:00:00,-9.135917,-0.8241032
2018-12-23 10:30:00,-2.4135127,-0.6873472
2018-12-23 11:00:00,-2.8973167,-0.7215766
2018-12-23 11:30:00,-3.3220737,-0.79688656
2018-12-23 12:00:00,-4.338352,-1.9865799
2018-12-23 12:30:00,-7.5993066,-3.4130914
2018-12-23 13:00:00,-3.6927993,0.08343984
2018-12-23 13:30:00,-4.409699,-5.42437
2018-12-23 14:00:00,-11.098988,-4.0773497
2018-12-23 14:30:00,-0.39650622,-2.6519563
2018-12-23 15:00:00,-2.9357977,-0.49028108
2018-12-23 15:30:00,-0.6596237,-3.780444
2018-12-23 16:00:00,-0.87875056,0.26557153
2018-12-23 16:30:00,-0.54963857,-0.009351882
2018-12-23 17:00:00,-0.22052658,0.21422301
2018-12-23 17:30:00,0.10858541,1.9732504
2018-12-23 18:00:00,0.41773388,2.2047381
2018-12-23 18:30:00,0.34380022,1.8290097
2018-12-23 19:00:00,0.2698666,1.7706352
2018-12-23 19:30:00,2.456749,3.1234145
2018-12-23 20:00:00,4.643631,1.8980627
2018-12-23 20:30:00,2.8753712,1.507225
2018-12-23 21:00:00,2.03197,1.9159334
2018-12-23 21:30:00,1.1885645,1.572988
2018-12-23 22:00:00,2.2135773,1.5999731
2018-12-23 22:30:00,2.653129,1.8042355
2018-12-23 23:00:00,3.0926847,1.8850727
2018-12-23 23:30:00,2.4876008,2.5148654
2018-12-24 00:00:00,1.8825166,2.0552585
2018-12-24 00:30:00,1.2774326,3.2557836
2018-12-24 01:00:00,1.5385882,3.0321083
2018-12-24 01:30:00,2.2024007,3.7538495
2018-12-24 02:00:00,0.70076674,2.933619
2018-12-24 02:30:00,2.0948668,3.2065063
2018-12-24 03:00:00,2.081029,3.1752698
2018-12-24 03:30:00,2.247348,3.3781602
2018-12-24 04:00:00,1.9772309,3.286994
2018-12-24 04:30:00,1.87941,3.8578048
2018-12-24 05:00:00,1.723857,2.4315858
2018-12-24 05:30:00,2.1410813,3.1558437
2018-12-24 06:00:00,1.4082856,2.784349
2018-12-24 06:30:00,1.3710939,1.8693519
2018-12-24 07:00:00,0.75381494,-0.01812989
2018-12-24 07:30:00,1.8752285,0.45784006
2018-12-24 08:00:00,0.88504815,-0.8567684
2018-12-24 08:30:00,-0.363876,-4.298543
2018-12-24 09:00:00,-1.6128001,-5.866731
2018-12-24 09:30:00,-2.8554542,-7.509429
2018-12-24 10:00:00,-3.5433764,-7.5420637
2018-12-24 10:30:00,-2.405875,-6.619167
2018-12-24 11:00:00,-3.0958946,-4.0458074
2018-12-24 11:30:00,-2.5007858,-5.0335894
2018-12-24 12:00:00,-1.5379664,-6.315917
2018-12-24 12:30:00,-2.5900645,-5.635125
2018-12-24 13:00:00,-1.7719578,-3.0756166
2018-12-24 13:30:00,-3.508531,-5.70517
2018-12-24 14:00:00,-2.3748963,-5.0734854
2018-12-24 14:30:00,-1.9133017,-1.8665191
2018-12-24 15:00:00,-0.9230732,-3.0465999
2018-12-24 15:30:00,-0.043341,-1.7055175
2018-12-24 16:00:00,-1.1490031,-0.93330616
2018-12-24 16:30:00,0.45631078,-1.198582
2018-12-24 17:00:00,0.5924333,-1.3588846
2018-12-24 17:30:00,1.3922458,1.0252429
2018-12-24 18:00:00,2.2117248,0.41457483
2018-12-24 18:30:00,1.7274356,0.94394255
2018-12-24 19:00:00,1.5911733,1.5456359
2018-12-24 19:30:00,1.9138186,1.9294478
2018-12-24 20:00:00,1.70035,1.5135738
2018-12-24 20:30:00,1.4748439,2.187252
2018-12-24 21:00:00,1.3319926,2.6826744
2018-12-24 21:30:00,1.085282,1.5284688
2018-12-24 22:00:00,0.91373724,1.3189763
2018-12-24 22:30:00,1.5022833,2.6832337
2018-12-24 23:00:00,1.2997643,2.7204607
2018-12-24 23:30:00,2.5904682,2.0453882
2018-12-25 00:00:00,1.3570813,2.4250755
2018-12-25 00:30:00,1.6276135,3.1278713
2018-12-25 01:00:00,1.4522413,2.152114
2018-12-25 01:30:00,2.5324302,1.9100348
2018-12-25 02:00:00,3.6126149,2.0944254
2018-12-25 02:30:00,1.0627319,1.3278242
2018-12-25 03:00:00,-1.4871509,0.6049252
2018-12-25 03:30:00,3.5702584,1.6428844
2018-12-25 04:00:00,11.654211,0.7950572
2018-12-25 04:30:00,2.887234,0.90845037
2018-12-25 05:00:00,1.8163997,0.6995477
2018-12-25 05:30:00,2.075895,0.4841173
2018-12-25 06:00:00,2.2194586,0.061304756
2018-12-25 06:30:00,1.808146,-0.50095534
2018-12-25 07:00:00,1.3968337,-0.61973155
2018-12-25 07:30:00,0.9855212,-1.4532579
2018-12-25 08:00:00,0.57420874,-2.4311166
2018-12-25 08:30:00,0.6314996,-3.0025787
2018-12-25 09:00:00,0.03674905,-2.793523
2018-12-25 09:30:00,-0.55800587,-4.272524
2018-12-25 10:00:00,-1.1527565,-4.9388137
2018-12-25 10:30:00,-0.6860975,-4.4205656
2018-12-25 11:00:00,-0.6840745,-5.286408
2018-12-25 11:30:00,-0.56855786,-5.5502553
2018-12-25 12:00:00,-0.32216188,-5.5107694
2018-12-25 12:30:00,-2.729464,-4.89585
2018-12-25 13:00:00,18.760845,-5.4562926
2018-12-25 13:30:00,15.308921,-3.9798214
2018-12-25 14:00:00,11.857,-3.6280324
2018-12-25 14:30:00,8.405075,-3.7235682
2018-12-25 15:00:00,4.9531507,-3.0211964
2018-12-25 15:30:00,1.501226,-2.3270214
2018-12-25 16:00:00,-0.0895468,-2.000444
2018-12-25 16:30:00,-1.6803195,-1.3276087
2018-12-25 17:00:00,1.7050908,-0.996784
2018-12-25 17:30:00,14.478987,-0.6481978
2018-12-25 18:00:00,-14.808478,-0.18488148
2018-12-25 18:30:00,-8.799058,0.12719443
2018-12-25 19:00:00,-2.7896388,0.481133
2018-12-25 19:30:00,2.4846122,0.605419
2018-12-25 20:00:00,-4.5596724,0.7413929
2018-12-25 20:30:00,5.596873,0.8433559
2018-12-25 21:00:00,1.4046941,0.87244695
2018-12-25 21:30:00,1.2604009,0.98970264
2018-12-25 22:00:00,1.1161034,1.1041751
2018-12-25 22:30:00,-36.25519,1.224214
2018-12-25 23:00:00,-26.697916,1.0860598
2018-12-25 23:30:00,-17.140635,1.06659
2018-12-26 00:00:00,4.8624125,1.2577881
2018-12-26 00:30:00,-12.439244,1.2582512
2018-12-26 01:00:00,-29.7409,1.3748646
2018-12-26 01:30:00,-47.042557,1.2878141
2018-12-26 02:00:00,-38.98403,1.3571295
2018-12-26 02:30:00,-21.10812,1.2832177
2018-12-26 03:00:00,-3.2322052,1.3130602
2018-12-26 03:30:00,4.3276577,1.6984013
2018-12-26 04:00:00,4.221688,2.0818155
2018-12-26 04:30:00,4.115714,1.6403764
2018-12-26 05:00:00,10.64436,1.707861
2018-12-26 05:30:00,17.17301,1.4694608
2018-12-26 06:00:00,23.701649,1.7600876
2018-12-26 06:30:00,30.230295,1.4670228
2018-12-26 07:00:00,36.75894,1.0281441
2018-12-26 07:30:00,43.287586,0.65871185
2018-12-26 08:00:00,49.816235,0.07415936
2018-12-26 08:30:00,29.623035,-0.16541168
2018-12-26 09:00:00,9.429835,-0.43477294
2018-12-26 09:30:00,-10.763361,-0.83473384
2018-12-26 10:00:00,-30.956562,-0.94872993
2018-12-26 10:30:00,-21.871746,-1.1172425
2018-12-26 11:00:00,-12.78693,-1.2321211
2018-12-26 11:30:00,-3.7021103,-1.406471
2018-12-26 12:00:00,5.382705,-1.3612396
2018-12-26 12:30:00,14.467522,-1.4962436
2018-12-26 13:00:00,17.19985,0.14055589
2018-12-26 13:30:00,19.932178,0.68067217
2018-12-26 14:00:00,22.664507,0.86979914
2018-12-26 14:30:00,25.396832,0.4679245
2018-12-26 15:00:00,28.129166,0.5230481
2018-12-26 15:30:00,30.86149,0.55666584
2018-12-26 16:00:00,33.593822,0.2897864
2018-12-26 16:30:00,36.32615,0.47037134
2018-12-26 17:00:00,39.058475,0.4931531
2018-12-26 17:30:00,41.79081,1.3790679
2018-12-26 18:00:00,44.523132,0.39604443
2018-12-26 18:30:00,47.255466,0.5939669
2018-12-26 19:00:00,46.604767,1.0468799
2018-12-26 19:30:00,45.954067,1.4445381
2018-12-26 20:00:00,45.303375,1.1387671
2018-12-26 20:30:00,44.652676,1.6214484
2018-12-26 21:00:00,44.001976,1.9373649
2018-12-26 21:30:00,27.505861,1.7395343
2018-12-26 22:00:00,15.010093,1.9166893
2018-12-26 22:30:00,2.5143194,-0.4392559
2018-12-26 23:00:00,-9.981449,-1.0438287
2018-12-26 23:30:00,-22.477224,-1.2423891
2018-12-27 00:00:00,-34.972992,0.8765629
2018-12-27 00:30:00,-37.49982,-0.10968947
2018-12-27 01:00:00,-22.007843,-1.8806627
2018-12-27 01:30:00,-26.199823,-2.952672
2018-12-27 02:00:00,-4.7902517,-3.9176326
2018-12-27 02:30:00,-3.2768247,-3.133388
2018-12-27 03:00:00,-1.7633939,-2.2152057
2018-12-27 03:30:00,-0.2499672,-0.34650785
2018-12-27 04:00:00,1.2634594,-0.15156087
2018-12-27 04:30:00,1.088594,0.8812381
2018-12-27 05:00:00,0.98188156,1.317731
2018-12-27 05:30:00,-11.640773,1.4926403
2018-12-27 06:00:00,-24.263424,1.5370634
2018-12-27 06:30:00,-22.16609,1.2970291
2018-12-27 07:00:00,-20.068758,1.5263846
2018-12-27 07:30:00,-17.971424,1.6668633
2018-12-27 08:00:00,-28.249767,1.3219693
2018-12-27 08:30:00,-0.21423909,0.4060022
2018-12-27 09:00:00,-1.1484438,-0.3737507
2018-12-27 09:30:00,3.2120378,-1.6688675
2018-12-27 10:00:00,-0.9765889,-3.9875638
2018-12-27 10:30:00,-0.826668,-5.18299
2018-12-27 11:00:00,-1.2590581,-5.568641
2018-12-27 11:30:00,-1.8220742,-4.4284744
2018-12-27 12:00:00,-2.8296707,-2.6952958
2018-12-27 12:30:00,-2.8293517,-1.7686721
2018-12-27 13:00:00,-2.8871975,-0.7310493
2018-12-27 13:30:00,-3.552631,-0.11364372
2018-12-27 14:00:00,-3.5764656,0.34234524
2018-12-27 14:30:00,-2.9503126,0.6699891
2018-12-27 15:00:00,-1.8230093,1.6038138
2018-12-27 15:30:00,-1.0460789,2.8841362
2018-12-27 16:00:00,-0.52687865,2.9954145
2018-12-27 16:30:00,0.04332928,2.6733153
2018-12-27 17:00:00,0.6135372,2.7867696
2018-12-27 17:30:00,0.6792259,2.938683
2018-12-27 18:00:00,0.83763206,4.4159317
2018-12-27 18:30:00,0.61563015,7.7040973
2018-12-27 19:00:00,0.55717707,10.01354
2018-12-27 19:30:00,1.306445,13.670462
2018-12-27 20:00:00,1.306113,15.9934225
2018-12-27 20:30:00,0.8492545,16.774399
2018-12-27 21:00:00,0.39239603,17.580805
2018-12-27 21:30:00,0.039287638,15.614443
2018-12-27 22:00:00,-0.31382078,13.223225
2018-12-27 22:30:00,-0.9671293,12.228875
2018-12-27 23:00:00,-0.39431283,6.5173273
2018-12-27 23:30:00,0.17849927,0.09105561
2018-12-28 00:00:00,0.58323145,-6.2442555
2018-12-28 00:30:00,-0.17912269,-6.6231604
2018-12-28 01:00:00,-0.9414725,-5.9924984
2018-12-28 01:30:00,-1.7038267,-6.891805
2018-12-28 02:00:00,0.43435922,-4.60102
2018-12-28 02:30:00,0.47734916,-2.9349937
2018-12-28 03:00:00,0.5203435,-1.6729703
2018-12-28 03:30:00,0.255758,-1.5838183
2018-12-28 04:00:00,0.23160426,-1.6254275
2018-12-28 04:30:00,0.5005504,-0.5393619
2018-12-28 05:00:00,0.5472281,1.7469622
2018-12-28 05:30:00,0.5939101,2.4382753
2018-12-28 06:00:00,0.54577744,2.5961833
2018-12-28 06:30:00,2.1229877,2.3679202
2018-12-28 07:00:00,1.0766569,1.4184182
2018-12-28 07:30:00,0.030326117,0.79855704
2018-12-28 08:00:00,-0.0421438,-1.5087093
2018-12-28 08:30:00,-0.114618085,-1.9714794
2018-12-28 09:00:00,-0.187088,-2.7629726
2018-12-28 09:30:00,-0.25956228,-2.9603577
2018-12-28 10:00:00,-1.1494576,-3.7704425
2018-12-28 10:30:00,-0.8042227,-4.798431
2018-12-28 11:00:00,-0.1714108,-4.6556935
2018-12-28 11:30:00,-4.7945776,-5.3774257
2018-12-28 12:00:00,-1.9773737,-5.623481
2018-12-28 12:30:00,-1.2409822,-7.045955
2018-12-28 13:00:00,-5.7857933,-7.2657204
2018-12-28 13:30:00,-4.697565,-7.3398023
2018-12-28 14:00:00,-3.0869944,-6.346926
2018-12-28 14:30:00,-4.139534,-6.690335
2018-12-28 15:00:00,-3.798948,-5.3111777
2018-12-28 15:30:00,-3.0929105,-4.073474
2018-12-28 16:00:00,-2.4023402,-3.3764546
2018-12-28 16:30:00,-1.4168613,-1.3240172
2018-12-28 17:00:00,-0.3209035,0.15905133
2018-12-28 17:30:00,0.77505,2.3641582
2018-12-28 18:00:00,0.74942374,3.5443525
2018-12-28 18:30:00,0.76789737,4.7520123
2018-12-28 19:00:00,0.60853434,5.3135514
2018-12-28 19:30:00,0.78422123,4.701184
2018-12-28 20:00:00,0.5575659,3.6348197
2018-12-28 20:30:00,0.39902872,2.0612707
2018-12-28 21:00:00,0.25048855,1.4759711
2018-12-28 21:30:00,0.49469984,0.5809419
2018-12-28 22:00:00,0.07485408,-1.0870633
2018-12-28 22:30:00,0.55232275,-1.3942719
2018-12-28 23:00:00,0.3795065,-1.4004457
2018-12-28 23:30:00,0.46192104,-1.2631173
2018-12-29 00:00:00,0.24992055,-0.5773009
2018-12-29 00:30:00,0.23310295,-0.59743047
2018-12-29 01:00:00,0.3476103,-0.44613323
2018-12-29 01:30:00,0.46211764,0.7457972
2018-12-29 02:00:00,0.31248513,2.1138647
2018-12-29 02:30:00,0.16285264,2.3618598
2018-12-29 03:00:00,0.24667412,2.899621
2018-12-29 03:30:00,0.32031062,3.7135642
2018-12-29 04:00:00,0.378318,2.6243393
2018-12-29 04:30:00,0.31971204,1.8727337
2018-12-29 05:00:00,0.2611017,1.3395603
2018-12-29 05:30:00,0.2024957,0.43480927
2018-12-29 06:00:00,0.47989213,-0.073240414
2018-12-29 06:30:00,0.6550154,-0.51449597
2018-12-29 07:00:00,0.8301343,-0.77299064
2018-12-29 07:30:00,0.87360924,-1.4965407
2018-12-29 08:00:00,0.2539884,-1.7645562
2018-12-29 08:30:00,0.035918877,-1.7978156
2018-12-29 09:00:00,-1.2323396,-1.8533368
2018-12-29 09:30:00,-1.5904728,-1.3709877
2018-12-29 10:00:00,-5.7513146,-0.41585806
2018-12-29 10:30:00,-3.8949208,-0.03653356
2018-12-29 11:00:00,-2.092982,0.74610746
2018-12-29 11:30:00,-2.2001665,0.70892435
2018-12-29 12:00:00,-2.4400694,1.4183177
2018-12-29 12:30:00,-1.9364285,1.1769683
2018-12-29 13:00:00,-2.1740859,0.42493892
2018-12-29 13:30:00,-3.2011826,0.8050892
2018-12-29 14:00:00,-3.2044203,1.3312498
2018-12-29 14:30:00,-2.36084,1.3825896
2018-12-29 15:00:00,-2.1850312,1.7103602
2018-12-29 15:30:00,-0.6520472,1.4699982
2018-12-29 16:00:00,-0.65152293,1.6707609
2018-12-29 16:30:00,-0.5326375,2.1545038
2018-12-29 17:00:00,-0.41375202,2.0119715
2018-12-29 17:30:00,1.0563395,1.9848903
2018-12-29 18:00:00,2.287393,1.5368404
2018-12-29 18:30:00,1.8390766,1.6856166
2018-12-29 19:00:00,1.3907602,1.5494198
2018-12-29 19:30:00,0.64793706,1.1997501
2018-12-29 20:00:00,0.46926588,1.0695829
2018-12-29 20:30:00,0.6075075,1.0039991
2018-12-29 21:00:00,0.97786176,0.39027256
2018-12-29 21:30:00,0.44508594,-0.14416794
2018-12-29 22:00:00,0.67656934,-0.53636014
2018-12-29 22:30:00,0.4082524,-0.7912851
2018-12-29 23:00:00,0.742695,-1.1940205
2018-12-29 23:30:00,0.52315736,-1.488785
2018-12-30 00:00:00,0.4718438,-1.2117076
2018-12-30 00:30:00,0.42053023,-1.0474422
2018-12-30 01:00:00,0.5251192,-0.63645303
2018-12-30 01:30:00,0.3529933,-0.70815396
2018-12-30 02:00:00,0.900153,-0.9733119
2018-12-30 02:30:00,0.8174457,-0.49008006
2018-12-30 03:00:00,0.73474276,-0.16285999
2018-12-30 03:30:00,0.95612425,-0.18634957
2018-12-30 04:00:00,1.1362461,-0.30966556
2018-12-30 04:30:00,0.50233746,-0.27435687
2018-12-30 05:00:00,0.42222992,-0.2032065
2018-12-30 05:30:00,0.34212238,-0.45434323
2018-12-30 06:00:00,0.79286814,-0.20708647
2018-12-30 06:30:00,0.3316447,-0.2493817
2018-12-30 07:00:00,0.9067507,-0.3842546
2018-12-30 07:30:00,0.7617366,-0.55894965
2018-12-30 08:00:00,0.5044828,-0.81474847
2018-12-30 08:30:00,0.25777224,-1.0566177
2018-12-30 09:00:00,0.055270694,-1.4326172
2018-12-30 09:30:00,-0.900322,-1.8064319
2018-12-30 10:00:00,-2.508122,-2.5314367
2018-12-30 10:30:00,-1.7331057,-2.6598823
2018-12-30 11:00:00,-1.8149608,-2.5168912
2018-12-30 11:30:00,-2.0461953,-2.4073212
2018-12-30 12:00:00,-1.8102157,-2.135212
2018-12-30 12:30:00,-2.168882,-1.9739525
2018-12-30 13:00:00,-1.7834667,-1.5589523
2018-12-30 13:30:00,-0.9995367,-1.4391668
2018-12-30 14:00:00,-1.8542893,-1.2486722
2018-12-30 14:30:00,-1.0806841,-1.0337268
2018-12-30 15:00:00,-0.71468174,-0.5449459
2018-12-30 15:30:00,-0.59351116,-0.16277261
2018-12-30 16:00:00,-0.44847083,-0.023547877
2018-12-30 16:30:00,-0.34149185,0.3139183
2018-12-30 17:00:00,-0.056186866,0.60984075
2018-12-30 17:30:00,0.15866682,0.8979115
2018-12-30 18:00:00,0.41277903,1.1939431
2018-12-30 18:30:00,0.3016317,1.4001849
2018-12-30 19:00:00,0.3409514,1.5137266
2018-12-30 19:30:00,0.3747308,1.4431486
2018-12-30 20:00:00,0.2857011,1.562375
2018-12-30 20:30:00,0.11893201,1.4677436
2018-12-30 21:00:00,1.2973568,1.337546
2018-12-30 21:30:00,2.4757862,1.328519
2018-12-30 22:00:00,3.6542108,1.1413363
2018-12-30 22:30:00,4.8326354,1.0214852
2018-12-30 23:00:00,4.518978,0.77555245
2018-12-30 23:30:00,4.205316,0.5999005
2018-12-31 00:00:00,3.8916585,0.6726544
2018-12-31 00:30:00,3.5779965,0.6722306
2018-12-31 01:00:00,3.2643387,0.87211055
2018-12-31 01:30:00,2.9506812,0.92734337
2018-12-31 02:00:00,2.6370192,0.92785025
2018-12-31 02:30:00,2.3233616,0.9809858
2018-12-31 03:00:00,2.0096993,1.0518434
2018-12-31 03:30:00,1.6960418,1.1522335
2018-12-31 04:00:00,1.3823842,1.2342504
2018-12-31 04:30:00,1.0687222,1.1836402
2018-12-31 05:00:00,0.7550646,1.2291207
2018-12-31 05:30:00,0.44140258,1.1702919
2018-12-31 06:00:00,0.12774497,1.2556384
2018-12-31 06:30:00,-0.18591264,1.096804
2018-12-31 07:00:00,-0.49957466,0.7815821
2018-12-31 07:30:00,-0.8132323,0.5105649
2018-12-31 08:00:00,-1.12689,0.038632236
2018-12-31 08:30:00,-1.4405519,-0.36516932
2018-12-31 09:00:00,-1.7542095,-0.9464011
2018-12-31 09:30:00,-2.0678716,-1.2364818
2018-12-31 10:00:00,-2.381529,-1.5582445
2018-12-31 10:30:00,-2.6951866,-1.709817
2018-12-31 11:00:00,-2.2928357,-1.8676071
2018-12-31 11:30:00,-2.8026855,-1.951481
2018-12-31 12:00:00,-2.924127,-1.9709638
2018-12-31 12:30:00,-4.143244,-2.1085153
2018-12-31 13:00:00,-3.7851498,-1.8979434
2018-12-31 13:30:00,-3.2929606,-1.5873618
2018-12-31 14:00:00,-2.9670734,-1.3493025
2018-12-31 14:30:00,-3.0815501,-1.319508
2018-12-31 15:00:00,-1.9992641,-0.9268177
2018-12-31 15:30:00,-1.2510797,-0.5811459
2018-12-31 16:00:00,-1.1290964,-0.4220931
2018-12-31 16:30:00,-0.49947417,-0.15775223
2018-12-31 17:00:00,-0.095773116,0.26378882
2018-12-31 17:30:00,-0.0038814656,0.52778447
2018-12-31 18:00:00,-0.226565,0.7327547
2018-12-31 18:30:00,-0.44924855,1.186926
2018-12-31 19:00:00,0.37579253,1.5508748
2018-12-31 19:30:00,0.5969293,1.5373517
2018-12-31 20:00:00,0.19680682,1.69886
2018-12-31 20:30:00,1.510773,1.8383688
2018-12-31 21:00:00,0.32118887,1.7516898
2018-12-31 21:30:00,0.3697279,1.8233207
2018-12-31 22:00:00,0.4182713,1.6515925
2018-12-31 22:30:00,-1.76207,1.6014019
2018-12-31 23:00:00,-0.7962574,1.4842423
2018-12-31 23:30:00,-1.3323233,1.3459526
2019-01-01 00:00:00,0.44286194,1.6890421
2019-01-01 00:30:00,2.2180429,1.5309156
2019-01-01 01:00:00,0.4471745,1.4192003
2019-01-01 01:30:00,0.5180845,1.2131902
2019-01-01 02:00:00,0.5889946,1.0872395
2019-01-01 02:30:00,0.48897162,1.0287297
2019-01-01 03:00:00,0.37165478,0.8634068
2019-01-01 03:30:00,0.25433794,0.96515566
2019-01-01 04:00:00,0.68527305,0.7134116
2019-01-01 04:30:00,0.6034834,0.58850086
2019-01-01 05:00:00,0.5831397,0.58065355
2019-01-01 05:30:00,0.16967319,0.3212719
2019-01-01 06:00:00,-0.6039539,0.36339235
2019-01-01 06:30:00,4.2355433,0.10162505
2019-01-01 07:00:00,9.075045,-0.19038685
2019-01-01 07:30:00,13.914546,-0.5850696
2019-01-01 08:00:00,11.194858,-1.079417
2019-01-01 08:30:00,8.475168,-1.4162365
2019-01-01 09:00:00,5.177311,-1.7508277
2019-01-01 09:30:00,1.8794494,-1.8899126
2019-01-01 10:00:00,-1.418408,-2.1687028
2019-01-01 10:30:00,0.042481627,-2.3772688
2019-01-01 11:00:00,-3.152648,-2.5318563
2019-01-01 11:30:00,-2.752141,-2.6027837
2019-01-01 12:00:00,-0.546331,-2.6781418
2019-01-01 12:30:00,-2.4361415,-2.9674578
2019-01-01 13:00:00,-0.102091186,-2.7582188
2019-01-01 13:30:00,-3.3169746,-2.544488
2019-01-01 14:00:00,-3.093544,-2.161996
2019-01-01 14:30:00,-3.7362087,-2.0251088
2019-01-01 15:00:00,-2.416864,-1.5540411
2019-01-01 15:30:00,-2.443731,-1.3464187
2019-01-01 16:00:00,0.027748205,-1.1144897
2019-01-01 16:30:00,-0.96934015,-0.686316
2019-01-01 17:00:00,0.35448763,-0.38764957
2019-01-01 17:30:00,0.64059216,-0.11737514
2019-01-01 18:00:00,0.7815821,0.2047328
2019-01-01 18:30:00,1.4777801,0.51736796
2019-01-01 19:00:00,0.5512828,0.7812544
2019-01-01 19:30:00,0.94704914,0.9398922
2019-01-01 20:00:00,1.3428154,0.95615923
2019-01-01 20:30:00,1.4015831,0.94337016
2019-01-01 21:00:00,1.4603463,0.87415975
2019-01-01 21:30:00,0.586054,0.8814303
2019-01-01 22:00:00,2.9257367,0.7954766
2019-01-01 22:30:00,0.8157023,0.655094
2019-01-01 23:00:00,-1.029576,0.5848481
2019-01-01 23:30:00,0.2989489,0.5449298
2019-01-02 00:00:00,1.6274781,1.9060237
2019-01-02 00:30:00,2.2062936,1.9638695
2019-01-02 01:00:00,1.5218711,1.8761111
2019-01-02 01:30:00,0.5284967,1.8333528
2019-01-02 02:00:00,1.2559223,1.7713562
2019-01-02 02:30:00,0.8668455,1.7425753
2019-01-02 03:00:00,0.47776425,1.7234813
2019-01-02 03:30:00,0.69975746,1.9089031
2019-01-02 04:00:00,1.558543,1.6784465
2019-01-02 04:30:00,1.1732106,1.4861823
2019-01-02 05:00:00,0.254587,1.4271481
2019-01-02 05:30:00,0.83089453,1.238091
2019-01-02 06:00:00,0.9035086,1.2269579
2019-01-02 06:30:00,1.0940338,0.94966197
2019-01-02 07:00:00,1.3549229,0.65093005
2019-01-02 07:30:00,0.8565295,0.47005674
2019-01-02 08:00:00,0.61780167,0.0078021563
2019-01-02 08:30:00,0.64400464,-0.5507134
2019-01-02 09:00:00,0.09621143,-0.7364935
2019-01-02 09:30:00,-0.8402086,-1.1089188
2019-01-02 10:00:00,-1.360641,-1.6654813
2019-01-02 10:30:00,-3.495008,-1.828567
2019-01-02 11:00:00,-2.0685093,-2.2019012
2019-01-02 11:30:00,-2.6191163,-2.448948
2019-01-02 12:00:00,-3.325556,-2.3082988
2019-01-02 12:30:00,-2.4562972,-2.5901783
2019-01-02 13:00:00,-2.124826,-2.3164039
2019-01-02 13:30:00,-3.2062511,-2.290389
2019-01-02 14:00:00,-2.8601556,-2.1021447
2019-01-02 14:30:00,-1.7563854,-2.1447327
2019-01-02 15:00:00,-0.9397641,-1.8231447
2019-01-02 15:30:00,0.93655396,-1.7421196
2019-01-02 16:00:00,0.25137118,-1.4969602
2019-01-02 16:30:00,-0.0005651347,-1.0552808
2019-01-02 17:00:00,1.808299,-0.7535514
2019-01-02 17:30:00,1.1988719,-0.30166528
2019-01-02 18:00:00,0.58944464,-0.07178542
2019-01-02 18:30:00,0.75760317,0.30374208
2019-01-02 19:00:00,0.76146567,0.6033829
2019-01-02 19:30:00,0.7378101,0.70807666
2019-01-02 20:00:00,0.8934111,0.96319383
2019-01-02 20:30:00,0.6650561,0.96281374
2019-01-02 21:00:00,1.244715,0.8570276
2019-01-02 21:30:00,1.533843,0.9046272
2019-01-02 22:00:00,1.3061348,0.8922619
2019-01-02 22:30:00,1.0784309,0.6924432
2019-01-02 23:00:00,0.8173102,0.57437915
2019-01-02 23:30:00,0.8403847,0.61331874
2019-01-03 00:00:00,0.70719844,0.94441
2019-01-03 00:30:00,0.6968344,0.9619399
2019-01-03 01:00:00,0.7469857,1.0794665
2019-01-03 01:30:00,0.9321322,1.0919802
2019-01-03 02:00:00,1.1469421,1.1328205
2019-01-03 02:30:00,0.7000677,1.1562052
2019-01-03 03:00:00,1.1317936,1.3457516
2019-01-03 03:30:00,1.2086504,1.4641652
2019-01-03 04:00:00,0.79329634,1.4967736
2019-01-03 04:30:00,1.3725837,1.660991
2019-01-03 05:00:00,1.2279717,1.7576889
2019-01-03 05:30:00,0.96180004,1.7903804
2019-01-03 06:00:00,1.0448176,1.8372896
2019-01-03 06:30:00,0.791151,1.8033354
2019-01-03 07:00:00,0.7878434,1.4267461
2019-01-03 07:30:00,0.81335163,1.0475965
2019-01-03 08:00:00,0.4005274,0.6931772
2019-01-03 08:30:00,0.18730786,0.23451424
2019-01-03 09:00:00,-1.0317256,-0.22531101
2019-01-03 09:30:00,-1.1012725,-0.5973431
2019-01-03 10:00:00,-1.3264859,-0.9331008
2019-01-03 10:30:00,-2.4404016,-1.3940402
2019-01-03 11:00:00,-2.29918,-1.6711396
2019-01-03 11:30:00,-2.570289,-2.0223997
2019-01-03 12:00:00,-4.155373,-2.2167394
2019-01-03 12:30:00,-2.9759867,-2.1103022
2019-01-03 13:00:00,-3.0375247,-1.8776041
2019-01-03 13:30:00,-3.4942694,-1.8493913
2019-01-03 14:00:00,-2.0368316,-1.8700365
2019-01-03 14:30:00,-2.0664253,-1.6789213
2019-01-03 15:00:00,-1.1680317,-1.2676046
2019-01-03 15:30:00,-0.26789463,-0.91135025
2019-01-03 16:00:00,-0.6131601,-0.86210775
2019-01-03 16:30:00,-0.37303412,-0.58128136
2019-01-03 17:00:00,0.2196541,-0.11712609
2019-01-03 17:30:00,0.90716577,0.18163209
2019-01-03 18:00:00,0.7294253,0.4299287
2019-01-03 18:30:00,0.5516848,0.97263163
2019-01-03 19:00:00,0.16209675,1.1646599
2019-01-03 19:30:00,1.534564,1.2331275
2019-01-03 20:00:00,2.0734262,1.2824967
2019-01-03 20:30:00,2.7595968,1.3843155
2019-01-03 21:00:00,0.9459874,1.202127
2019-01-03 21:30:00,0.9765247,1.2651373
2019-01-03 22:00:00,0.6120516,1.3105391
2019-01-03 22:30:00,1.6537117,1.3149784
2019-01-03 23:00:00,1.5213337,1.2879977
2019-01-03 23:30:00,1.3889557,1.3056148
2019-01-04 00:00:00,0.64609754,1.1519145
2019-01-04 00:30:00,0.95493144,1.2122507
2019-01-04 01:00:00,0.6330769,1.3529086
2019-01-04 01:30:00,0.9957935,1.2941498
2019-01-04 02:00:00,0.8849433,1.3465469
2019-01-04 02:30:00,0.75099236,1.3526552
2019-01-04 03:00:00,0.65207046,1.5243005
2019-01-04 03:30:00,1.1607449,1.7620058
2019-01-04 04:00:00,0.961953,1.6347487
2019-01-04 04:30:00,-4.9806285,1.6335471
2019-01-04 05:00:00,-2.7728386,1.5780522
2019-01-04 05:30:00,-0.56504923,1.5016454
2019-01-04 06:00:00,1.6427402,1.5197563
2019-01-04 06:30:00,3.85053,1.2784201
2019-01-04 07:00:00,2.4431908,1.0281572
2019-01-04 07:30:00,1.6167252,0.73404807
2019-01-04 08:00:00,0.79025966,0.27097204
2019-01-04 08:30:00,-0.03620586,-0.06672135
2019-01-04 09:00:00,-0.8626714,-0.461557
2019-01-04 09:30:00,0.7678668,-0.695378
2019-01-04 10:00:00,-0.8196377,-0.9625895
2019-01-04 10:30:00,-0.47369066,-1.2765224
2019-01-04 11:00:00,3.706595,-1.4212263
2019-01-04 11:30:00,4.606688,-1.5315697
2019-01-04 12:00:00,-0.9956523,-1.7021706
2019-01-04 12:30:00,5.294763,-1.6259824
2019-01-04 13:00:00,-1.3388991,-1.6389943
2019-01-04 13:30:00,-7.972562,-1.4977684
2019-01-04 14:00:00,2.459969,-1.243027
2019-01-04 14:30:00,3.48593,-1.2143335
2019-01-04 15:00:00,12.306615,-0.7613201
2019-01-04 15:30:00,5.6175485,-0.4312993
2019-01-04 16:00:00,-1.0715172,-0.23157227
2019-01-04 16:30:00,-0.98347497,0.04232433
2019-01-04 17:00:00,-0.8954327,0.29514322
2019-01-04 17:30:00,-0.80739045,0.60265756
2019-01-04 18:00:00,-0.7193482,0.7824254
2019-01-04 18:30:00,-0.631306,1.075783
2019-01-04 19:00:00,-0.54326373,1.3171761
2019-01-04 19:30:00,-3.257556,1.3872211
2019-01-04 20:00:00,-5.9718485,1.5713102
2019-01-04 20:30:00,0.16197442,1.5810276
2019-01-04 21:00:00,6.2958016,1.423893
2019-01-04 21:30:00,17.057598,1.5647299
2019-01-04 22:00:00,11.259873,1.4644318
2019-01-04 22:30:00,5.462153,1.3861506
2019-01-04 23:00:00,-0.33557138,1.3566139
2019-01-04 23:30:00,-6.133296,1.2987987
2019-01-05 00:00:00,-11.931015,1.226119
2019-01-05 00:30:00,-12.399636,1.2277445
2019-01-05 01:00:00,-14.620123,1.2877967
2019-01-05 01:30:00,-16.840612,1.2903396
2019-01-05 02:00:00,-19.061104,1.2468472
2019-01-05 02:30:00,-21.281593,1.3571295
2019-01-05 03:00:00,-18.262993,1.447789
2019-01-05 03:30:00,-15.244392,1.5903867
2019-01-05 04:00:00,-12.225793,1.5642887
2019-01-05 04:30:00,-9.207193,1.2722855
2019-01-05 05:00:00,-6.1885943,1.2168822
2019-01-05 05:30:00,-3.1699944,1.2295096
2019-01-05 06:00:00,6.0127773,1.2348272
2019-01-05 06:30:00,15.19555,1.0881702
2019-01-05 07:00:00,3.160331,0.8387375
2019-01-05 07:30:00,0.5521567,0.59416354
2019-01-05 08:00:00,0.33146992,0.31925762
2019-01-05 08:30:00,0.110787556,0.02506543
2019-01-05 09:00:00,-0.26567063,-0.2797268
2019-01-05 09:30:00,-0.23994394,-0.44733042
2019-01-05 10:00:00,-0.3541979,-0.73773
2019-01-05 10:30:00,-1.0093983,-0.92066133
2019-01-05 11:00:00,-0.54294914,-0.69071156
2019-01-05 11:30:00,-0.07649557,-0.80531067
2019-01-05 12:00:00,-5.4077663,-1.0916206
2019-01-05 12:30:00,-3.0216072,-0.83227825
2019-01-05 13:00:00,-0.63545245,-0.9807485
2019-01-05 13:30:00,-0.41457346,-1.4399664
2019-01-05 14:00:00,-1.4742308,-0.71265876
2019-01-05 14:30:00,-2.3288085,-0.5626811
2019-01-05 15:00:00,-9.162802,-0.08800879
2019-01-05 15:30:00,-12.074854,-0.15720606
2019-01-05 16:00:00,-14.986907,-0.13264163
2019-01-05 16:30:00,-17.898962,0.112985335
2019-01-05 17:00:00,23.207834,0.20606108
2019-01-05 17:30:00,20.163307,0.5312625
2019-01-05 18:00:00,-9.228826,0.40044874
2019-01-05 18:30:00,-5.8812327,0.8380515
2019-01-05 19:00:00,-2.5336347,1.0507118
2019-01-05 19:30:00,0.81395894,1.0268508
2019-01-05 20:00:00,0.68889964,1.1220194
2019-01-05 20:30:00,0.9098529,1.2772884
2019-01-05 21:00:00,0.8821251,1.4902807
2019-01-05 21:30:00,0.8543928,1.8627192
2019-01-05 22:00:00,0.82666063,1.8081286
2019-01-05 22:30:00,0.7989328,1.6957097
2019-01-05 23:00:00,0.7712006,1.4637457
2019-01-05 23:30:00,0.26769066,1.0020897
2019-01-06 00:00:00,0.70617163,0.69555414
2019-01-06 00:30:00,0.57331306,0.20556735
2019-01-06 01:00:00,0.44045445,0.1793644
2019-01-06 01:30:00,0.30759147,-0.24951716
2019-01-06 02:00:00,1.08107,-0.6749251
2019-01-06 02:30:00,0.40392673,-1.0381267
2019-01-06 03:00:00,0.547582,-0.9412103
2019-01-06 03:30:00,0.940884,-0.7910579
2019-01-06 04:00:00,1.3341904,-0.4794888
2019-01-06 04:30:00,0.52175045,-0.17716523
2019-01-06 05:00:00,-0.7773119,0.22478808
2019-01-06 05:30:00,-0.19321382,0.766438
2019-01-06 06:00:00,0.39087987,1.0414838
2019-01-06 06:30:00,1.7656367,1.1900108
2019-01-06 07:00:00,0.41903156,0.48042083
2019-01-06 07:30:00,0.5483859,-0.0020201257
2019-01-06 08:00:00,0.083815604,-0.28455493
2019-01-06 08:30:00,-0.38075474,-0.81503683
2019-01-06 09:00:00,-0.8453251,-1.1637715
2019-01-06 09:30:00,-1.0148993,-1.3658361
2019-01-06 10:00:00,-2.846685,-1.819221
2019-01-06 10:30:00,-3.8985603,-2.0964906
2019-01-06 11:00:00,-1.887409,-1.8713909
2019-01-06 11:30:00,-3.2430978,-1.8581038
2019-01-06 12:00:00,-4.673437,-2.4096982
2019-01-06 12:30:00,-5.899383,-2.4959402
2019-01-06 13:00:00,-3.3435097,-1.8017917
2019-01-06 13:30:00,-2.7460413,-1.3621179
2019-01-06 14:00:00,-1.3007679,-1.2443466
2019-01-06 14:30:00,-1.3203294,-1.1963668
2019-01-06 15:00:00,-1.2593465,-1.1568854
2019-01-06 15:30:00,-0.08588092,-1.398344
2019-01-06 16:00:00,-0.40001482,-1.455731
2019-01-06 16:30:00,0.09067547,-1.3696593
2019-01-06 17:00:00,0.3846623,1.9191667
2019-01-06 17:30:00,0.6786448,3.1027212
2019-01-06 18:00:00,1.6314979,1.5470473
2019-01-06 18:30:00,0.89562196,1.7531754
2019-01-06 19:00:00,0.6177536,2.7403498
2019-01-06 19:30:00,0.5187793,2.9519176
2019-01-06 20:00:00,0.732178,2.5756211
2019-01-06 20:30:00,0.9820082,2.8089485
2019-01-06 21:00:00,0.9617607,2.4361038
2019-01-06 21:30:00,0.9613675,2.1792562
2019-01-06 22:00:00,0.5799588,2.0878582
2019-01-06 22:30:00,0.7098812,1.1486943
2019-01-06 23:00:00,0.5742961,0.9876054
2019-01-06 23:30:00,0.32547083,0.27869704
2019-01-07 00:00:00,0.59922326,0.22699897
2019-01-07 00:30:00,0.87298006,0.09745669
2019-01-07 01:00:00,0.7605612,0.24863595
2019-01-07 01:30:00,1.1295041,0.18522368
2019-01-07 02:00:00,0.55687124,0.105928846
2019-01-07 02:30:00,0.79728115,0.37631688
2019-01-07 03:00:00,0.65291375,0.9152971
2019-01-07 03:30:00,0.6906954,0.9293402
2019-01-07 04:00:00,0.4412191,0.77873766
2019-01-07 04:30:00,0.52480894,1.1286521
2019-01-07 05:00:00,0.5831353,1.4731399
2019-01-07 05:30:00,0.39338788,1.8540897
2019-01-07 06:00:00,0.65734863,1.4572486
2019-01-07 06:30:00,0.82862246,1.0593063
2019-01-07 07:00:00,0.7109648,0.9433876
2019-01-07 07:30:00,0.665646,0.81734085
2019-01-07 08:00:00,0.62180835,0.42797124
2019-01-07 08:30:00,0.53010464,0.16914013
2019-01-07 09:00:00,0.29593408,0.39767858
2019-01-07 09:30:00,-0.7238443,-0.029612524
2019-01-07 10:00:00,-0.2277491,-0.5204994
2019-01-07 10:30:00,-0.120800704,-1.3786427
2019-01-07 11:00:00,13.858732,-1.5286466
2019-01-07 11:30:00,-0.9343854,-1.6383696
2019-01-07 12:00:00,-15.727502,-1.8012543
2019-01-07 12:30:00,-8.552186,-2.1221912
2019-01-07 13:00:00,-8.795506,-1.9503231
2019-01-07 13:30:00,-9.03883,-1.6554711
2019-01-07 14:00:00,-9.282149,-1.5287471
2019-01-07 14:30:00,16.019032,-1.8688173
2019-01-07 15:00:00,12.989001,-1.3834883
2019-01-07 15:30:00,9.958967,-0.29047978
2019-01-07 16:00:00,6.928937,-0.1835532
2019-01-07 16:30:00,3.898903,-0.33795705
2019-01-07 17:00:00,0.86886847,-0.17079909
2019-01-07 17:30:00,0.6152325,0.22533862
2019-01-07 18:00:00,0.36159217,0.29488105
2019-01-07 18:30:00,0.39829466,0.5494564
2019-01-07 19:00:00,0.4860136,0.49673596
2019-01-07 19:30:00,0.5737325,0.6032256
2019-01-07 20:00:00,0.6614514,1.0784876
2019-01-07 20:30:00,0.74917036,0.70945305
2019-01-07 21:00:00,-0.26318446,-0.12386799
2019-01-07 21:30:00,-1.2755393,0.054139033
2019-01-07 22:00:00,-2.2878897,0.12826493
2019-01-07 22:30:00,2.2240987,-0.57607746
2019-01-07 23:00:00,6.7360916,-0.8482875
2019-01-07 23:30:00,6.6507187,-0.48272645
2019-01-08 00:00:00,6.5653462,0.29779977
2019-01-08 00:30:00,6.4799695,0.5798321
2019-01-08 01:00:00,1.0834382,1.0040253
2019-01-08 01:30:00,3.427713,0.44264784
2019-01-08 02:00:00,-2.6879816,0.34067613
2019-01-08 02:30:00,-5.4801755,0.71248096
2019-01-08 03:00:00,-8.272365,1.0527829
2019-01-08 03:30:00,-22.062712,1.1282152
2019-01-08 04:00:00,-18.23434,1.0292102
2019-01-08 04:30:00,-24.353899,1.3358638
2019-01-08 05:00:00,-3.9933534,1.2937565
2019-01-08 05:30:00,-10.084116,0.8404634
2019-01-08 06:00:00,-16.174877,0.8169869
2019-01-08 06:30:00,-5.153466,0.48506105
2019-01-08 07:00:00,-3.1465833,0.23445743
2019-01-08 07:30:00,-1.1396965,-0.0004995945
2019-01-08 08:00:00,0.8671863,-0.33353525
2019-01-08 08:30:00,0.94030726,-0.6311924
2019-01-08 09:00:00,1.0134325,-1.0579723
2019-01-08 09:30:00,1.2871194,-1.6889096
2019-01-08 10:00:00,-1.6431016,-1.9797724
2019-01-08 10:30:00,4.0407624,-2.151304
2019-01-08 11:00:00,-4.54618,-1.1689535
2019-01-08 11:30:00,-13.133118,-1.5589261
2019-01-08 12:00:00,-4.2963367,-3.6095765
2019-01-08 12:30:00,4.540445,-3.3309565
2019-01-08 13:00:00,9.993127,-3.094147
2019-01-08 13:30:00,6.408806,-2.9231353
2019-01-08 14:00:00,2.8244858,-3.019169
2019-01-08 14:30:00,-0.7598345,-1.1408675
2019-01-08 15:00:00,-0.71064013,-0.830548
2019-01-08 15:30:00,-0.1610904,-0.92116815
2019-01-08 16:00:00,-0.35645247,-0.5105941
2019-01-08 16:30:00,-0.5518145,-0.49233902
2019-01-08 17:00:00,0.38351318,-0.30246487
2019-01-08 17:30:00,0.6450577,-0.5544143
2019-01-08 18:00:00,0.9815844,-0.19294292
2019-01-08 18:30:00,1.3181112,0.018900286
2019-01-08 19:00:00,1.6546379,0.395909
2019-01-08 19:30:00,1.9911647,0.46050537
2019-01-08 20:00:00,1.4081677,0.22517696
2019-01-08 20:30:00,0.82517505,0.49585772
2019-01-08 21:00:00,0.82792336,0.4051283
2019-01-08 21:30:00,2.5878205,0.36631107
2019-01-08 22:00:00,2.1106138,0.19942842
2019-01-08 22:30:00,1.7938932,0.627021
2019-01-08 23:00:00,1.2514787,0.72367084
2019-01-08 23:30:00,1.1605659,0.8763357
2019-01-09 00:00:00,1.3895106,1.0457176
2019-01-09 00:30:00,0.7419915,1.1626762
2019-01-09 01:00:00,0.8973129,1.3447336
2019-01-09 01:30:00,1.0034748,1.2640799
2019-01-09 02:00:00,1.0973763,0.97272336
2019-01-09 02:30:00,0.8992791,1.026676
2019-01-09 03:00:00,1.0043662,1.4069268
2019-01-09 03:30:00,0.7746174,1.8390417
2019-01-09 04:00:00,0.2912108,2.0650766
2019-01-09 04:30:00,0.46507132,1.8583542
2019-01-09 05:00:00,1.2987113,2.4401147
2019-01-09 05:30:00,1.0037938,2.1594718
2019-01-09 06:00:00,0.70887625,1.847492
2019-01-09 06:30:00,0.41395876,1.6467206
2019-01-09 07:00:00,-0.35802543,1.5478032
2019-01-09 07:30:00,0.48329586,1.5673909
2019-01-09 08:00:00,-0.16808572,0.4905446
2019-01-09 08:30:00,-0.8194717,0.2519348
2019-01-09 09:00:00,-1.0300565,0.61120397
2019-01-09 09:30:00,-3.3245292,0.5953083
2019-01-09 10:00:00,-2.853501,-0.19597086
2019-01-09 10:30:00,-2.3824685,-0.66652286
2019-01-09 11:00:00,-4.3243613,-1.0211387
2019-01-09 11:30:00,-2.2131696,-3.362477
2019-01-09 12:00:00,-3.013253,-2.463725
2019-01-09 12:30:00,-3.2668233,-1.1842157
2019-01-09 13:00:00,7.5680537,-0.24335203
2019-01-09 13:30:00,15.122866,-0.27276206
2019-01-09 14:00:00,22.677681,-0.23926668
2019-01-09 14:30:00,5.1647143,-0.6576837
2019-01-09 15:00:00,-12.3482485,-0.5319908
2019-01-09 15:30:00,-2.6946974,-0.013585775
2019-01-09 16:00:00,-12.738159,0.12025155
2019-01-09 16:30:00,-3.021275,0.15374695
2019-01-09 17:00:00,6.6956096,0.8780135
2019-01-09 17:30:00,16.412495,1.4789773
2019-01-09 18:00:00,7.5038114,1.2920568
2019-01-09 18:30:00,-1.4048675,1.2596145
2019-01-09 19:00:00,-10.31355,1.9890063
2019-01-09 19:30:00,-11.429117,1.908418
2019-01-09 20:00:00,-12.544681,1.6818458
2019-01-09 20:30:00,23.713114,2.2247324
2019-01-09 21:00:00,7.517697,2.6604433
2019-01-09 21:30:00,8.977376,2.332878
2019-01-09 22:00:00,5.123612,2.5654538
2019-01-09 22:30:00,1.2698431,2.506437
2019-01-09 23:00:00,-2.5839214,1.8585027
2019-01-09 23:30:00,-6.437686,1.2579017
2019-01-10 00:00:00,6.2763276,0.8822037
2019-01-10 00:30:00,6.061788,0.5840835
2019-01-10 01:00:00,5.8472447,0.50180876
2019-01-10 01:30:00,5.6327014,0.5048323
2019-01-10 02:00:00,2.0192988,0.41389322
2019-01-10 02:30:00,2.2278345,0.23545802
2019-01-10 03:00:00,1.6861453,0.2749656
2019-01-10 03:30:00,1.144456,0.43003356
2019-01-10 04:00:00,0.6027668,0.39366317
2019-01-10 04:30:00,0.5688913,0.24203825
2019-01-10 05:00:00,0.53501576,0.5925032
2019-01-10 05:30:00,0.50114024,0.46851873
2019-01-10 06:00:00,0.44387126,0.071813025
2019-01-10 06:30:00,0.20314236,0.25478798
2019-01-10 07:00:00,0.17124179,0.035350863
2019-01-10 07:30:00,0.21129118,-0.03176224
2019-01-10 08:00:00,0.25133622,-0.5068889
2019-01-10 08:30:00,-0.097284906,-0.5348833
2019-01-10 09:00:00,-0.70620084,-0.53828263
2019-01-10 09:30:00,-1.2776147,-1.0926911
2019-01-10 10:00:00,-3.5122013,-1.1847181
2019-01-10 10:30:00,-3.0433664,-1.0974711
2019-01-10 11:00:00,-2.3904424,-1.4785652
2019-01-10 11:30:00,-0.29520738,-1.3104067
2019-01-10 12:00:00,-0.77282023,-1.5899484
2019-01-10 12:30:00,-1.9344536,-1.6289842
2019-01-10 13:00:00,-1.9725761,-0.36034992
2019-01-10 13:30:00,-1.1630462,0.3453994
2019-01-10 14:00:00,-1.6032138,0.9933292
2019-01-10 14:30:00,-1.0079346,0.24865343
2019-01-10 15:00:00,-0.3718675,-0.5664649
2019-01-10 15:30:00,-2.0941837,-0.17708658
2019-01-10 16:00:00,-0.8590492,-0.86345786
2019-01-10 16:30:00,0.05378075,-0.37784913
2019-01-10 17:00:00,0.3131886,0.09587499
2019-01-10 17:30:00,0.008562421,0.73731196
2019-01-10 18:00:00,1.0471683,0.8776989
2019-01-10 18:30:00,0.69814515,0.675844
2019-01-10 19:00:00,0.4561797,0.44369212
2019-01-10 19:30:00,0.568817,0.23964822
2019-01-10 20:00:00,0.7538586,0.43408832
2019-01-10 20:30:00,0.41340384,1.8238014
2019-01-10 21:00:00,0.4966835,1.1124942
2019-01-10 21:30:00,0.56554437,0.9887633
2019-01-10 22:00:00,0.3235527,1.2345912
2019-01-10 22:30:00,0.636284,0.9221963
2019-01-10 23:00:00,0.94901097,0.45242208
2019-01-10 23:30:00,-9.864976,-0.15011899
2019-01-11 00:00:00,-8.397157,0.2705919
2019-01-11 00:30:00,-6.9293375,0.05357102
2019-01-11 01:00:00,-5.4615226,0.4380513
2019-01-11 01:30:00,-3.993703,0.651332
2019-01-11 02:00:00,-2.5258834,0.091566816
2019-01-11 02:30:00,18.69409,0.48057812
2019-01-11 03:00:00,12.558757,0.0500537
2019-01-11 03:30:00,6.1763306,0.21601881
2019-01-11 04:00:00,6.113521,0.43985584
2019-01-11 04:30:00,6.0507164,0.57893205
2019-01-11 05:00:00,5.987907,0.65432066
2019-01-11 05:30:00,5.925102,0.40911752
2019-01-11 06:00:00,3.230874,0.68608576
2019-01-11 06:30:00,0.53664553,0.6895376
2019-01-11 07:00:00,-0.31175846,0.41150755
2019-01-11 07:30:00,-0.24903217,-0.097035855
2019-01-11 08:00:00,0.36375064,-0.12317763
2019-01-11 08:30:00,0.9765335,-0.23934971
2019-01-11 09:00:00,1.5893207,-0.3415399
2019-01-11 09:30:00,2.2021034,-0.6008342
2019-01-11 10:00:00,2.8148863,-0.9415817
2019-01-11 10:30:00,4.066087,-0.962974
2019-01-11 11:00:00,0.32608253,-1.2764962
2019-01-11 11:30:00,-6.020204,-1.24214
2019-01-11 12:00:00,-18.184822,-0.73701346
2019-01-11 12:30:00,-14.494319,-0.9486164
2019-01-11 13:00:00,-10.803817,-1.1279167
2019-01-11 13:30:00,-7.2625217,-1.0456201
2019-01-11 14:00:00,-3.7212262,-1.2230941
2019-01-11 14:30:00,-0.17993538,-1.062866
2019-01-11 15:00:00,-0.59022975,-0.64719725
2019-01-11 15:30:00,-0.5597536,-0.25340587
2019-01-11 16:00:00,-0.2782893,-0.29657936
2019-01-11 16:30:00,0.1785648,0.28559622
2019-01-11 17:00:00,0.6354145,0.6923252
2019-01-11 17:30:00,10.961871,0.29595155
2019-01-11 18:00:00,-4.852799,0.42113322
2019-01-11 18:30:00,-0.34870562,1.0727813
2019-01-11 19:00:00,0.11958304,1.5796425
2019-01-11 19:30:00,0.5878717,1.3362789
2019-01-11 20:00:00,0.45488638,1.7387303
2019-01-11 20:30:00,0.32190108,1.7286022
2019-01-11 21:00:00,0.35225928,1.1982951
2019-01-11 21:30:00,0.269919,1.2279454
2019-01-11 22:00:00,0.29705262,1.3727192
2019-01-11 22:30:00,0.26426947,0.66541004
2019-01-11 23:00:00,0.5198891,1.3661696
2019-01-11 23:30:00,0.16059807,1.0884761
2019-01-12 00:00:00,-0.19869296,0.88116384
2019-01-12 00:30:00,-0.55798405,0.6273662
2019-01-12 01:00:00,-0.9172751,1.1108296
2019-01-12 01:30:00,-1.2765661,1.1175497
2019-01-12 02:00:00,-1.6358571,0.5531791
2019-01-12 02:30:00,-1.9951482,1.6592388
2019-01-12 03:00:00,-2.354439,2.0457902
2019-01-12 03:30:00,-2.71373,1.5416598
2019-01-12 04:00:00,-3.0730212,1.8100204
2019-01-12 04:30:00,-3.4323123,2.0968153
2019-01-12 05:00:00,-3.7916033,1.8410691
2019-01-12 05:30:00,-4.150894,1.2487042
2019-01-12 06:00:00,-4.5101852,1.0826823
2019-01-12 06:30:00,-4.869481,0.670011
2019-01-12 07:00:00,-5.228772,0.4786993
2019-01-12 07:30:00,-5.5880632,0.2934217
2019-01-12 08:00:00,-5.9473543,0.53848064
2019-01-12 08:30:00,-6.3066454,-0.1503593
2019-01-12 09:00:00,-6.665936,-0.57787764
2019-01-12 09:30:00,-7.025227,-0.64735895
2019-01-12 10:00:00,-7.384518,-0.6873384
2019-01-12 10:30:00,-1.7696944,-0.7080491
2019-01-12 11:00:00,-2.5238864,-0.620754
2019-01-12 11:30:00,-2.1240656,-0.84386575
2019-01-12 12:00:00,-2.3478153,-3.1908143
2019-01-12 12:30:00,-1.211961,-3.9054813
2019-01-12 13:00:00,-1.8411201,-3.5181391
2019-01-12 13:30:00,-1.8809904,-3.0762458
2019-01-12 14:00:00,-1.9747171,-2.5889986
2019-01-12 14:30:00,-3.0729382,-1.7045913
2019-01-12 15:00:00,-2.672571,-0.8380021
2019-01-12 15:30:00,-3.2131371,-0.70923316
2019-01-12 16:00:00,-1.8795135,-0.19234869
2019-01-12 16:30:00,-1.3107387,0.30235702
2019-01-12 17:00:00,-0.4027369,0.74716043
2019-01-12 17:30:00,0.13332899,0.93940717
2019-01-12 18:00:00,0.6693949,0.8765978
2019-01-12 18:30:00,0.8485467,1.0431746
2019-01-12 19:00:00,0.6456999,1.4482127
2019-01-12 19:30:00,1.238126,1.599073
2019-01-12 20:00:00,-1.3339268,1.3829566
2019-01-12 20:30:00,-4.4817147,1.0908573
2019-01-12 21:00:00,-4.0117917,1.3631241
2019-01-12 21:30:00,-3.5418735,1.1711702
2019-01-12 22:00:00,-3.0719507,0.9605679
2019-01-12 22:30:00,-2.6020322,0.928794
2019-01-12 23:00:00,-2.1321096,1.2125566
2019-01-12 23:30:00,-1.6621869,1.0667036
2019-01-13 00:00:00,-1.1922684,1.1187207
2019-01-13 00:30:00,-0.7223456,1.1842694
2019-01-13 01:00:00,-0.25242278,1.4718202
2019-01-13 01:30:00,0.21749565,1.4349736
2019-01-13 02:00:00,0.6874184,1.4517738
2019-01-13 02:30:00,1.1573368,1.3837299
2019-01-13 03:00:00,0.49982506,1.5533565
2019-01-13 03:30:00,-0.1576867,1.8701907
2019-01-13 04:00:00,-0.81520283,1.9124728
2019-01-13 04:30:00,-1.4727147,1.5757451
2019-01-13 05:00:00,-2.1302307,1.847789
2019-01-13 05:30:00,-2.7877424,1.8827876
2019-01-13 06:00:00,-3.4452586,1.6185646
2019-01-13 06:30:00,-4.1027703,0.97971433
2019-01-13 07:00:00,-4.760287,0.840979
2019-01-13 07:30:00,-5.4177985,0.58659583
2019-01-13 08:00:00,-6.07531,-0.091705255
2019-01-13 08:30:00,-6.732826,-0.92250514
2019-01-13 09:00:00,-7.3903384,-1.2721924
2019-01-13 09:30:00,-8.047854,-2.215647
2019-01-13 10:00:00,-8.705366,-2.8097115
2019-01-13 10:30:00,-9.362882,-2.013163
2019-01-13 11:00:00,-4.9221315,-2.397962
2019-01-13 11:30:00,-3.8447912,-2.1902263
2019-01-13 12:00:00,-2.8670328,-1.85813
2019-01-13 12:30:00,-3.2334635,-1.6493016
2019-01-13 13:00:00,-5.303798,-1.7666883
2019-01-13 13:30:00,-3.0911846,-1.4266748
2019-01-13 14:00:00,-4.802901,-1.026583
2019-01-13 14:30:00,-3.011706,-1.2501403
2019-01-13 15:00:00,-6.3374534,-0.9146447
2019-01-13 15:30:00,-0.26472685,-0.33439165
2019-01-13 16:00:00,-1.4696343,-0.033776507
2019-01-13 16:30:00,-0.8167496,0.18556012
2019-01-13 17:00:00,0.30384257,0.6163467
2019-01-13 17:30:00,0.34540814,0.87213236
2019-01-13 18:00:00,1.3751005,0.9346839
2019-01-13 18:30:00,1.0191957,1.1911556
2019-01-13 19:00:00,0.9131867,1.2461919
2019-01-13 19:30:00,0.8071734,1.3392239
2019-01-13 20:00:00,0.70116,1.5174232
2019-01-13 20:30:00,0.595151,1.8244088
2019-01-13 21:00:00,0.48913765,2.082982
2019-01-13 21:30:00,0.38312867,1.718544
2019-01-13 22:00:00,0.27711532,1.8732449
2019-01-13 22:30:00,-3.2215264,1.5337557
2019-01-13 23:00:00,-0.94391495,1.3863341
2019-01-13 23:30:00,-1.6284249,1.0581441
2019-01-14 00:00:00,-1.8532975,1.5424333
2019-01-14 00:30:00,0.2967686,1.5168027
2019-01-14 01:00:00,-0.27314657,1.9352415
2019-01-14 01:30:00,-0.8430618,1.9829941
2019-01-14 02:00:00,-1.4129726,1.977375
2019-01-14 02:30:00,0.80918765,1.7332162
2019-01-14 03:00:00,1.0583931,1.6372305
2019-01-14 03:30:00,0.40464768,1.7689705
2019-01-14 04:00:00,0.2805671,1.692756
2019-01-14 04:30:00,0.15648653,1.6239171
2019-01-14 05:00:00,-0.79418194,1.5952542
2019-01-14 05:30:00,-0.7902408,1.0561429
2019-01-14 06:00:00,-2.2508247,0.837667
2019-01-14 06:30:00,-0.67982316,0.5096561
2019-01-14 07:00:00,0.89117837,0.32034558
2019-01-14 07:30:00,0.940849,-0.04092038
2019-01-14 08:00:00,0.9905197,-0.58754265
2019-01-14 08:30:00,1.0401905,-0.9850086
2019-01-14 09:00:00,-0.5520723,-1.2558205
2019-01-14 09:30:00,-0.74954474,-1.7847425
2019-01-14 10:00:00,-1.3625023,-2.5044606
2019-01-14 10:30:00,-1.8378868,-3.153098
2019-01-14 11:00:00,-2.8315363,-2.8975701
2019-01-14 11:30:00,-2.9764063,-2.7801836
2019-01-14 12:00:00,-3.8135548,-2.4772656
2019-01-14 12:30:00,-3.0167527,-2.464079
2019-01-14 13:00:00,-3.4421082,-2.3357034
2019-01-14 13:30:00,-3.1078448,-1.7813956
2019-01-14 14:00:00,-4.002835,-1.7028348
2019-01-14 14:30:00,-2.1652904,-1.5810175
2019-01-14 15:00:00,-1.7021575,-1.5601802
2019-01-14 15:30:00,-1.3703191,-0.80871004
2019-01-14 16:00:00,-0.15826344,-0.5437094
2019-01-14 16:30:00,0.35332975,-0.23165092
2019-01-14 17:00:00,0.27939612,0.27663034
2019-01-14 17:30:00,0.34118736,0.6382371
2019-01-14 18:00:00,0.6058865,0.9775559
2019-01-14 18:30:00,0.85472494,1.1193585
2019-01-14 19:00:00,0.7890668,1.2480924
2019-01-14 19:30:00,0.90903586,1.1108208
2019-01-14 20:00:00,1.2205744,0.9380002
2019-01-14 20:30:00,0.57228625,1.0695218
2019-01-14 21:00:00,0.61498785,0.7675041
2019-01-14 21:30:00,0.58153176,0.9316603
2019-01-14 22:00:00,0.7171911,0.6259112
2019-01-14 22:30:00,0.36460704,0.5001571
2019-01-14 23:00:00,0.61861,0.2626222
2019-01-14 23:30:00,0.61473006,0.2087089
2019-01-15 00:00:00,0.38202322,0.9781326
2019-01-15 00:30:00,0.1493208,0.95578784
2019-01-15 01:00:00,0.31115687,0.85988075
2019-01-15 01:30:00,0.6843555,0.7595126
2019-01-15 02:00:00,0.3115807,0.80137527
2019-01-15 02:30:00,0.26022345,0.7020688
2019-01-15 03:00:00,0.20887056,0.7245797
2019-01-15 03:30:00,0.038099177,0.74788576
2019-01-15 04:00:00,0.44331637,0.6761455
2019-01-15 04:30:00,0.28857172,0.49844
2019-01-15 05:00:00,0.28015202,0.46023446
2019-01-15 05:30:00,0.89754885,0.17818904
2019-01-15 06:00:00,0.6593454,0.15169773
2019-01-15 06:30:00,0.42113757,-0.17164674
2019-01-15 07:00:00,0.2802962,-0.4473916
2019-01-15 07:30:00,0.59343386,-0.8427297
2019-01-15 08:00:00,-0.5915362,-1.180576
2019-01-15 08:30:00,-1.7765063,-1.4333905
2019-01-15 09:00:00,-1.1308748,-1.7637172
2019-01-15 09:30:00,-0.4852432,-1.9855007
2019-01-15 10:00:00,-2.0111094,-2.3012774
2019-01-15 10:30:00,-1.327268,-2.5325117
2019-01-15 11:00:00,-2.2837389,-2.8364432
2019-01-15 11:30:00,-3.2824087,-3.0066595
2019-01-15 12:00:00,-2.986591,-3.1526656
2019-01-15 12:30:00,-3.5678186,-3.1948516
2019-01-15 13:00:00,-2.6201344,-3.2044816
2019-01-15 13:30:00,-3.696225,-2.8810234
2019-01-15 14:00:00,-2.112819,-2.892126
2019-01-15 14:30:00,-4.2659917,-2.659747
2019-01-15 15:00:00,-0.45932865,-2.3336627
2019-01-15 15:30:00,-0.063291416,-2.144973
2019-01-15 16:00:00,1.5245321,-1.7558436
2019-01-15 16:30:00,3.1123557,-1.2689066
2019-01-15 17:00:00,2.8814883,-0.8420131
2019-01-15 17:30:00,1.9710395,-0.5512771
2019-01-15 18:00:00,1.004672,-0.23735729
2019-01-15 18:30:00,0.16335076,-0.0023915197
2019-01-15 19:00:00,1.0414226,0.24291211
2019-01-15 19:30:00,0.746505,0.30326146
2019-01-15 20:00:00,0.3041965,0.34708595
2019-01-15 20:30:00,0.41216296,0.35700876
2019-01-15 21:00:00,0.34394878,0.3666344
2019-01-15 21:30:00,0.5896893,0.4758505
2019-01-15 22:00:00,0.47851142,0.39151344
2019-01-15 22:30:00,0.91025054,0.42688328
2019-01-15 23:00:00,1.341994,0.5155547
2019-01-15 23:30:00,0.71848446,0.6381541
2019-01-16 00:00:00,0.75394166,0.87080413
2019-01-16 00:30:00,0.44758958,1.0453768
2019-01-16 01:00:00,0.34022173,1.1575247
2019-01-16 01:30:00,1.3394248,1.2068503
2019-01-16 02:00:00,0.3247499,1.2576656
2019-01-16 02:30:00,0.5726882,1.3151444
2019-01-16 03:00:00,0.3598357,1.4522718
2019-01-16 03:30:00,0.74660116,1.5587484
2019-01-16 04:00:00,0.70788443,1.649019
2019-01-16 04:30:00,0.7062896,1.4937413
2019-01-16 05:00:00,0.3406674,1.6820643
2019-01-16 05:30:00,0.2923381,1.6194167
2019-01-16 06:00:00,0.12801588,1.5316671
2019-01-16 06:30:00,0.46049225,1.2017775
2019-01-16 07:00:00,0.6329415,0.91977566
2019-01-16 07:30:00,0.31724337,0.5273869
2019-01-16 08:00:00,0.69901466,0.03528095
2019-01-16 08:30:00,0.33497414,-0.44078952
2019-01-16 09:00:00,2.403587,-0.79805756
2019-01-16 09:30:00,4.4721956,-0.9691435
2019-01-16 10:00:00,-0.24918072,-1.3198094
2019-01-16 10:30:00,-2.5945039,-1.4210035
2019-01-16 11:00:00,-0.07781948,-1.6598885
2019-01-16 11:30:00,-2.6828215,-1.994471
2019-01-16 12:00:00,-3.191085,-2.082902
2019-01-16 12:30:00,-2.7707937,-2.1460783
2019-01-16 13:00:00,-3.2339747,-2.0825787
2019-01-16 13:30:00,-3.259474,-2.0242043
2019-01-16 14:00:00,-3.472532,-1.6246935
2019-01-16 14:30:00,-2.9692712,-1.7860708
2019-01-16 15:00:00,-2.9018435,-1.1981539
2019-01-16 15:30:00,-1.635914,-0.98122036
2019-01-16 16:00:00,-1.8414696,-0.66628253
2019-01-16 16:30:00,-1.4028882,-0.4172868
2019-01-16 17:00:00,-0.46359748,-0.05202725
2019-01-16 17:30:00,-0.3195053,0.22673243
2019-01-16 18:00:00,-0.6604364,0.28169876
2019-01-16 18:30:00,-1.001363,0.51101935
2019-01-16 19:00:00,-0.58950007,0.63489455
2019-01-16 19:30:00,-0.17764148,0.66293263
2019-01-16 20:00:00,0.23422149,0.737596
2019-01-16 20:30:00,0.6460844,0.6935792
2019-01-16 21:00:00,0.46788517,0.67989445
2019-01-16 21:30:00,0.30645543,0.7585644
2019-01-16 22:00:00,-0.10479143,0.8014452
2019-01-16 22:30:00,0.14123313,0.8942456
2019-01-16 23:00:00,0.3872577,0.9308389
2019-01-16 23:30:00,-0.37270206,0.89759254
2019-01-17 00:00:00,0.14890571,0.9463981
2019-01-17 00:30:00,0.6705178,0.9407048
2019-01-17 01:00:00,3.9130857,1.0153376
2019-01-17 01:30:00,7.155653,0.977617
2019-01-17 02:00:00,10.398222,0.87243825
2019-01-17 02:30:00,13.640794,0.91433585
2019-01-17 03:00:00,-0.2306984,0.7784974
2019-01-17 03:30:00,-4.466802,0.96567565
2019-01-17 04:00:00,6.7348504,0.9424963
2019-01-17 04:30:00,-1.1211792,0.76681376
2019-01-17 05:00:00,13.866557,0.6833899
2019-01-17 05:30:00,-5.5177517,0.66863024
2019-01-17 06:00:00,-2.3091202,0.6278643
2019-01-17 06:30:00,0.8995107,0.36232623
2019-01-17 07:00:00,0.79010236,-0.0047946586
2019-01-17 07:30:00,0.6013336,-0.28706294
2019-01-17 08:00:00,0.56885195,-0.7203226
2019-01-17 08:30:00,0.30064422,-1.1903808
2019-01-17 09:00:00,-0.44360337,-1.333101
2019-01-17 09:30:00,-1.187851,-1.398178
2019-01-17 10:00:00,-1.9320986,-1.8619707
2019-01-17 10:30:00,-2.720319,-2.0752208
2019-01-17 11:00:00,-2.9573953,-2.0672467
2019-01-17 11:30:00,-2.455681,-2.2465384
2019-01-17 12:00:00,-2.7908971,-2.3308666
2019-01-17 12:30:00,-2.6503353,-2.2941947
2019-01-17 13:00:00,-2.0645902,-2.2960298
2019-01-17 13:30:00,-3.1587696,-2.0045729
2019-01-17 14:00:00,-2.1334903,-1.7923626
2019-01-17 14:30:00,-3.029236,-1.6725727
2019-01-17 15:00:00,-1.7132514,-1.4524671
2019-01-17 15:30:00,-1.8401939,-1.0431515
2019-01-17 16:00:00,-1.2595825,-0.87830055
2019-01-17 16:30:00,-0.6256957,-0.5124729
2019-01-17 17:00:00,-0.27226833,-0.0631079
2019-01-17 17:30:00,-0.24343504,0.31288713
2019-01-17 18:00:00,-0.21460174,0.5686291
2019-01-17 18:30:00,0.055336233,0.7464002
2019-01-17 19:00:00,0.5586976,1.0069747
2019-01-17 19:30:00,1.0620633,1.130295
2019-01-17 20:00:00,1.5654247,1.2096554
2019-01-17 20:30:00,0.9675457,1.2123818
2019-01-17 21:00:00,-1.5450666,1.1145085
2019-01-17 21:30:00,-7.1900954,1.2623845
2019-01-17 22:00:00,-12.835119,1.1582981
2019-01-17 22:30:00,-12.319004,1.0975729
2019-01-17 23:00:00,-11.802884,0.9467957
2019-01-17 23:30:00,-11.286769,0.88006276
2019-01-18 00:00:00,-10.770654,0.8169476
2019-01-18 00:30:00,-10.254534,0.7739882
2019-01-18 01:00:00,-9.738418,0.9318176
2019-01-18 01:30:00,-9.222302,1.0162945
2019-01-18 02:00:00,-8.706183,1.1118695
2019-01-18 02:30:00,-8.190067,1.4550027
2019-01-18 03:00:00,-7.673948,0.97835547
2019-01-18 03:30:00,-7.1578326,0.96654075
2019-01-18 04:00:00,-6.641717,1.3872778
2019-01-18 04:30:00,-6.125597,1.0520619
2019-01-18 05:00:00,-5.609482,1.3143754
2019-01-18 05:30:00,-5.093362,0.77888185
2019-01-18 06:00:00,-4.577246,0.8420713
2019-01-18 06:30:00,-4.0611305,0.77238905
2019-01-18 07:00:00,-3.5450106,0.53323746
2019-01-18 07:30:00,-3.0288951,0.4060852
2019-01-18 08:00:00,-2.5127797,-0.19115585
2019-01-18 08:30:00,-1.99666,-0.13379076
2019-01-18 09:00:00,-1.4805444,-0.69306225
2019-01-18 09:30:00,-0.96442467,-0.6226896
2019-01-18 10:00:00,-1.9301717,-1.1190994
2019-01-18 10:30:00,-3.1227355,-1.6263363
2019-01-18 11:00:00,-3.680268,-2.0297751
2019-01-18 11:30:00,-4.1004286,-2.321813
2019-01-18 12:00:00,-4.466339,-2.3183963
2019-01-18 12:30:00,-4.447459,-2.3249154
2019-01-18 13:00:00,-3.6512818,-2.025419
2019-01-18 13:30:00,-4.1290345,-2.1784115
2019-01-18 14:00:00,-0.50491834,-1.9465567
2019-01-18 14:30:00,3.1192024,-1.8832886
2019-01-18 15:00:00,1.9300901,-1.2840945
2019-01-18 15:30:00,1.6204741,-1.3311785
2019-01-18 16:00:00,-2.914471,-1.0793383
2019-01-18 16:30:00,3.75568,-0.646922
2019-01-18 17:00:00,-4.5740256,-0.29330674
2019-01-18 17:30:00,-0.12721927,0.08711883
2019-01-18 18:00:00,2.1308963,0.27931747
2019-01-18 18:30:00,2.4288986,0.93272203
2019-01-18 19:00:00,2.929525,1.307284
2019-01-18 19:30:00,2.0763626,1.5363948
2019-01-18 20:00:00,2.3589194,1.4535259
2019-01-18 20:30:00,2.170548,1.5763263
2019-01-18 21:00:00,2.028776,1.4387007
2019-01-18 21:30:00,1.9408474,1.2940273
2019-01-18 22:00:00,1.1701216,0.873015
2019-01-18 22:30:00,1.3702986,0.7057085
2019-01-18 23:00:00,1.2889327,0.6854042
2019-01-18 23:30:00,0.5377029,0.28541708
2019-01-19 00:00:00,0.69506913,0.24362431
2019-01-19 00:30:00,0.40438116,0.26315966
2019-01-19 01:00:00,1.0620109,0.25832278
2019-01-19 01:30:00,0.9119983,0.12299987
2019-01-19 02:00:00,1.0292845,-0.14923202
2019-01-19 02:30:00,1.5949833,0.06363361
2019-01-19 03:00:00,1.1874373,-0.11151586
2019-01-19 03:30:00,1.0168056,0.53839326
2019-01-19 04:00:00,1.260462,0.35891378
2019-01-19 04:30:00,0.5359202,0.38221112
2019-01-19 05:00:00,0.7530372,0.6988617
2019-01-19 05:30:00,0.9510427,0.5418887
2019-01-19 06:00:00,1.0204716,0.17456686
2019-01-19 06:30:00,0.9680001,0.2150794
2019-01-19 07:00:00,1.1376879,-0.15004034
2019-01-19 07:30:00,0.5917036,-0.5252751
2019-01-19 08:00:00,0.8604269,-1.1154728
2019-01-19 08:30:00,0.92715114,-1.6518227
2019-01-19 09:00:00,0.0392221,-2.2981226
2019-01-19 09:30:00,-0.12503897,-2.4463263
2019-01-19 10:00:00,-0.28930005,-2.784081
2019-01-19 10:30:00,-0.30028895,-3.2688987
2019-01-19 11:00:00,0.6285634,-3.6693447
2019-01-19 11:30:00,-0.45794356,-3.785438
2019-01-19 12:00:00,-0.7885018,-4.152725
2019-01-19 12:30:00,-0.7330461,-4.2494097
2019-01-19 13:00:00,-0.30207163,-3.6907413
2019-01-19 13:30:00,-0.33880907,-3.2113152
2019-01-19 14:00:00,-0.9523303,-2.2146945
2019-01-19 14:30:00,-0.19926098,-1.4552286
2019-01-19 15:00:00,-0.17106561,-1.048316
2019-01-19 15:30:00,-0.023421165,-0.5097902
2019-01-19 16:00:00,0.12421892,-0.41490555
2019-01-19 16:30:00,0.67405695,0.5400536
2019-01-19 17:00:00,0.8971469,0.48604855
2019-01-19 17:30:00,0.4979943,1.0112654
2019-01-19 18:00:00,0.5378995,1.6865298
2019-01-19 18:30:00,0.75064284,2.0695682
2019-01-19 19:00:00,0.5292438,2.2600715
2019-01-19 19:30:00,0.61663944,2.2485802
2019-01-19 20:00:00,0.801017,2.2818177
2019-01-19 20:30:00,0.70749557,2.4866788
2019-01-19 21:00:00,1.0384514,2.0149207
2019-01-19 21:30:00,1.5860698,1.8840809
2019-01-19 22:00:00,1.3599651,1.912783
2019-01-19 22:30:00,1.0063936,1.7451051
2019-01-19 23:00:00,0.7619201,1.7521267
2019-01-19 23:30:00,0.58968496,1.3885843
2019-01-20 00:00:00,0.73914707,1.3626304
2019-01-20 00:30:00,0.57711434,1.487834
2019-01-20 01:00:00,0.59711725,1.4276156
2019-01-20 01:30:00,0.77394015,1.5080116
2019-01-20 02:00:00,0.80651796,1.4134678
2019-01-20 02:30:00,0.7657957,1.2060593
2019-01-20 03:00:00,1.088393,1.4168801
2019-01-20 03:30:00,1.1499046,1.3994727
2019-01-20 04:00:00,1.1502279,1.2955741
2019-01-20 04:30:00,1.1121885,1.0448
2019-01-20 05:00:00,1.3662089,1.0857321
2019-01-20 05:30:00,0.24718097,0.9314593
2019-01-20 06:00:00,0.94103694,1.0904815
2019-01-20 06:30:00,1.0558108,0.9777831
2019-01-20 07:00:00,0.89720803,0.917425
2019-01-20 07:30:00,0.30852214,0.5435229
2019-01-20 08:00:00,0.56526035,0.2212795
2019-01-20 08:30:00,0.2561687,-0.17106561
2019-01-20 09:00:00,-0.052922968,-0.60331595
2019-01-20 09:30:00,-0.36201465,-0.9188349
2019-01-20 10:00:00,-1.8487053,-1.3140333
2019-01-20 10:30:00,-2.2799027,-1.2141632
2019-01-20 11:00:00,-2.5872684,-1.1119206
2019-01-20 11:30:00,-2.930183,-1.2297922
2019-01-20 12:00:00,-5.314896,-1.2747878
2019-01-20 12:30:00,-2.9522743,-1.1357116
2019-01-20 13:00:00,-2.72253,-0.9328387
2019-01-20 13:30:00,-3.5877428,-0.8203805
2019-01-20 14:00:00,-6.503257,-0.7655409
2019-01-20 14:30:00,-1.7750994,-0.4166096
2019-01-20 15:00:00,-5.528439,-0.1475236
2019-01-20 15:30:00,-1.4327482,0.0015627352
2019-01-20 16:00:00,-1.0658327,0.32325995
2019-01-20 16:30:00,-1.0220693,0.8158378
2019-01-20 17:00:00,0.49591887,1.1775887
2019-01-20 17:30:00,0.477974,1.5084747
2019-01-20 18:00:00,1.0008051,1.7816854
2019-01-20 18:30:00,1.473568,1.8508389
2019-01-20 19:00:00,1.0159361,2.2126904
2019-01-20 19:30:00,0.47530434,2.3158638
2019-01-20 20:00:00,0.79670006,2.3238378
2019-01-20 20:30:00,0.8570713,2.2524688
2019-01-20 21:00:00,0.9174381,2.3226056
2019-01-20 21:30:00,1.0025835,2.2085044
2019-01-20 22:00:00,0.9201646,1.964468
2019-01-20 22:30:00,0.9672923,1.8805286
2019-01-20 23:00:00,1.0304948,1.7258408
2019-01-20 23:30:00,-0.035498027,1.4913906
2019-01-21 00:00:00,-0.15266195,1.7836165
2019-01-21 00:30:00,-0.05849825,1.9194682
2019-01-21 01:00:00,0.035661086,2.0051596
2019-01-21 01:30:00,0.12982479,2.0670776
2019-01-21 02:00:00,0.18131313,1.927818
2019-01-21 02:30:00,0.23279709,1.9739757
2019-01-21 03:00:00,0.06280344,1.9661372
2019-01-21 03:30:00,0.2762371,2.1680532
2019-01-21 04:00:00,0.48967072,1.9904045
2019-01-21 04:30:00,-2.9399092,1.8274236
2019-01-21 05:00:00,2.8482113,1.8842775
2019-01-21 05:30:00,5.10873,1.6950413
2019-01-21 06:00:00,-10.696344,1.5402704
2019-01-21 06:30:00,-9.838559,1.4229754
2019-01-21 07:00:00,-5.7625484,1.1871183
2019-01-21 07:30:00,-1.7062341,0.7182223
2019-01-21 08:00:00,2.35008,0.35429975
2019-01-21 08:30:00,6.406394,0.0350319
2019-01-21 09:00:00,10.462708,-0.3591265
2019-01-21 09:30:00,14.519023,-0.65101606
2019-01-21 10:00:00,-0.8915353,-1.1366684
2019-01-21 10:30:00,-2.6103296,-1.4399838
2019-01-21 11:00:00,-3.3752136,-1.7640231
2019-01-21 11:30:00,-4.1400976,-2.0014443
2019-01-21 12:00:00,-2.917503,-2.361098
2019-01-21 12:30:00,-2.2364233,-2.2346888
2019-01-21 13:00:00,-3.3344607,-1.9980363
2019-01-21 13:30:00,-3.824002,-1.944254
2019-01-21 14:00:00,-3.1555755,-2.212108
2019-01-21 14:30:00,-3.2423506,-1.530403
2019-01-21 15:00:00,-1.915696,-1.5948071
2019-01-21 15:30:00,-1.43388,-1.0406041
2019-01-21 16:00:00,-1.3256164,-0.6799018
2019-01-21 16:30:00,-0.69156796,-0.33640155
2019-01-21 17:00:00,0.15813376,0.24223924
2019-01-21 17:30:00,-0.15066078,0.5634733
2019-01-21 18:00:00,-0.45945534,1.0188156
2019-01-21 18:30:00,-0.7682455,1.1656866
2019-01-21 19:00:00,0.5717226,1.5547723
2019-01-21 19:30:00,1.8562481,1.4509436
2019-01-21 20:00:00,3.1407783,1.4347901
2019-01-21 20:30:00,7.113878,1.6116086
2019-01-21 21:00:00,0.05934729,1.4075735
2019-01-21 21:30:00,1.8612336,1.503817
2019-01-21 22:00:00,-0.44930974,1.305344
2019-01-21 22:30:00,1.3055668,1.3954835
2019-01-21 23:00:00,-0.79723173,1.1808527
2019-01-21 23:30:00,-0.99001586,1.1623136
2019-01-22 00:00:00,-0.15543647,1.5174799
2019-01-22 00:30:00,0.6791429,1.4923344
2019-01-22 01:00:00,1.2706513,1.54152
2019-01-22 01:30:00,0.9862552,1.4391026
2019-01-22 02:00:00,0.98246264,1.4248979
2019-01-22 02:30:00,0.762925,1.3390229
2019-01-22 03:00:00,0.54338306,1.2841308
2019-01-22 03:30:00,0.9990705,1.3924774
2019-01-22 04:00:00,1.2320045,1.2519637
2019-01-22 04:30:00,0.7835745,0.9420331
2019-01-22 05:00:00,0.33514455,1.1189216
2019-01-22 05:30:00,-0.11328544,1.0606084
2019-01-22 06:00:00,-4.704359,0.57975346
2019-01-22 06:30:00,-3.5748138,0.2901709
2019-01-22 07:00:00,-2.4452689,0.22083819
2019-01-22 07:30:00,-1.3157197,-0.04918281
2019-01-22 08:00:00,-0.1861748,-0.57320684
2019-01-22 08:30:00,0.9433745,-0.7231932
2019-01-22 09:00:00,0.16937608,-0.58331746
2019-01-22 09:30:00,-0.5619863,-0.5255111
2019-01-22 10:00:00,-1.7237508,-1.2110391
2019-01-22 10:30:00,-2.2966983,-1.8925341
2019-01-22 11:00:00,-2.923061,-2.2065196
2019-01-22 11:30:00,-3.2610602,-2.5104377
2019-01-22 12:00:00,-3.3723998,-2.7728517
2019-01-22 12:30:00,-2.6784956,-2.8350232
2019-01-22 13:00:00,-3.8154206,-2.752237
2019-01-22 13:30:00,-2.653656,-2.9243937
2019-01-22 14:00:00,-2.5945783,-2.5895753
2019-01-22 14:30:00,-2.8690252,-2.8143256
2019-01-22 15:00:00,-2.532529,-2.3209567
2019-01-22 15:30:00,-2.4118698,-1.9799123
2019-01-22 16:00:00,-1.424215,-1.8567624
2019-01-22 16:30:00,-0.7369217,-1.348455
2019-01-22 17:00:00,0.12421018,-0.8833908
2019-01-22 17:30:00,-0.023727018,-0.37431872
2019-01-22 18:00:00,-0.17166422,-0.04267686
2019-01-22 18:30:00,-1.3488481,0.2912283
2019-01-22 19:00:00,-0.5978805,0.73538506
2019-01-22 19:30:00,0.15309153,1.0414313
2019-01-22 20:00:00,-0.087113075,0.9983889
2019-01-22 20:30:00,-0.23676743,1.1868736
2019-01-22 21:00:00,-0.3864218,1.0302371
2019-01-22 21:30:00,0.017759888,1.3419067
2019-01-22 22:00:00,0.42194155,1.4455386
2019-01-22 22:30:00,0.7885731,1.4297217
2019-01-22 23:00:00,1.410549,1.1129924
2019-01-22 23:30:00,0.23649792,0.9881122
2019-01-23 00:00:00,-0.74965835,1.0723356
2019-01-23 00:30:00,-1.7621617,0.93140686
2019-01-23 01:00:00,-0.7177403,1.1277432
2019-01-23 01:30:00,-3.3243458,1.147152
2019-01-23 02:00:00,-0.8728301,1.3147556
2019-01-23 02:30:00,-2.2131479,1.2197878
2019-01-23 03:00:00,-1.1002369,1.2539343
2019-01-23 03:30:00,0.012669604,1.6458555
2019-01-23 04:00:00,1.0336058,1.5437353
2019-01-23 04:30:00,2.0545375,1.5070329
2019-01-23 05:00:00,2.1412604,1.650994
2019-01-23 05:30:00,2.2279787,1.7865484
2019-01-23 06:00:00,2.3147016,1.8497291
2019-01-23 06:30:00,2.4014199,1.7662921
2019-01-23 07:00:00,2.4881425,1.7312412
2019-01-23 07:30:00,2.5748653,1.366541
2019-01-23 08:00:00,2.6615837,0.7507826
2019-01-23 08:30:00,2.7483063,0.17920274
2019-01-23 09:00:00,2.8350246,-0.26804754
2019-01-23 09:30:00,-1.595716,-0.62790227
2019-01-23 10:00:00,-2.1777256,-1.1152456
2019-01-23 10:30:00,-3.835314,-1.3685975
2019-01-23 11:00:00,-3.8543906,-2.132612
2019-01-23 11:30:00,-3.374117,-2.5195346
2019-01-23 12:00:00,-2.8253844,-2.6650512
2019-01-23 12:30:00,-2.7614214,-2.6427372
2019-01-23 13:00:00,-1.9890922,-2.7914476
2019-01-23 13:30:00,-3.133576,-2.4668317
2019-01-23 14:00:00,-2.9159172,-2.394886
2019-01-23 14:30:00,-3.0608394,-2.356012
2019-01-23 15:00:00,-5.6072226,-1.9423709
2019-01-23 15:30:00,-1.5622861,-1.6701303
2019-01-23 16:00:00,-1.8541276,-1.52509
2019-01-23 16:30:00,-1.3807793,-1.0627742
2019-01-23 17:00:00,-0.9074353,-0.4061275
2019-01-23 17:30:00,0.057735004,-0.22724225
2019-01-23 18:00:00,1.0229096,0.18182434
2019-01-23 18:30:00,1.1828845,0.9292397
2019-01-23 19:00:00,1.3428591,1.5879705
2019-01-23 19:30:00,0.113037765,1.9625106
2019-01-23 20:00:00,0.7962063,2.437799
2019-01-23 20:30:00,-9.115258,2.4944825
2019-01-23 21:00:00,-1.1425409,2.3660808
2019-01-23 21:30:00,-1.5798684,2.095059
2019-01-23 22:00:00,-2.017196,2.1967773
2019-01-23 22:30:00,-2.4545233,2.0565693
2019-01-23 23:00:00,-0.988941,1.9586743
2019-01-23 23:30:00,-1.9395264,1.9406945
2019-01-24 00:00:00,-2.8901074,1.6113552
2019-01-24 00:30:00,-3.8406928,1.4221146
2019-01-24 01:00:00,-3.673727,1.7492342
2019-01-24 01:30:00,-3.5067616,1.3560196
2019-01-24 02:00:00,-3.3397958,1.2970247
2019-01-24 02:30:00,-3.17283,1.2092708
2019-01-24 03:00:00,-3.0058687,1.4180337
2019-01-24 03:30:00,-2.838903,1.522509
2019-01-24 04:00:00,-2.6719375,1.2779307
2019-01-24 04:30:00,-2.5049717,1.5823078
2019-01-24 05:00:00,-2.338006,1.6231174
2019-01-24 05:30:00,-2.1710405,1.4178982
2019-01-24 06:00:00,-2.0040748,1.5580623
2019-01-24 06:30:00,-1.8371134,1.5914791
2019-01-24 07:00:00,-1.6701478,1.3324339
2019-01-24 07:30:00,-1.503182,0.99597704
2019-01-24 08:00:00,-1.3362163,0.74675846
2019-01-24 08:30:00,-1.1692507,0.33607087
2019-01-24 09:00:00,-1.002285,-0.1939435
2019-01-24 09:30:00,-0.8353237,-0.86066586
2019-01-24 10:00:00,-2.9134178,-1.218799
2019-01-24 10:30:00,-4.3622394,-1.7509282
2019-01-24 11:00:00,-4.427823,-2.0581715
2019-01-24 11:30:00,-4.978308,-2.2695036
2019-01-24 12:00:00,-5.193271,-2.3720038
2019-01-24 12:30:00,-4.631155,-2.548569
2019-01-24 13:00:00,-5.963857,-2.2116578
2019-01-24 13:30:00,-6.977501,-2.169131
2019-01-24 14:00:00,-5.4658046,-2.1388035
2019-01-24 14:30:00,-4.703219,-1.9592453
2019-01-24 15:00:00,-3.2457893,-1.9273622
2019-01-24 15:30:00,-2.991402,-1.4183469
2019-01-24 16:00:00,-1.728391,-1.0906243
2019-01-24 16:30:00,-1.5108984,-0.658409
2019-01-24 17:00:00,-0.7651914,-0.40134746
2019-01-24 17:30:00,-0.040649485,0.34429833
2019-01-24 18:00:00,0.9085902,0.94180155
2019-01-24 18:30:00,1.6894222,1.4116151
2019-01-24 19:00:00,1.5716554,1.9655516
2019-01-24 19:30:00,0.6185139,2.0694678
2019-01-24 20:00:00,0.20364483,2.5359344
2019-01-24 20:30:00,0.34332395,1.9639786
2019-01-24 21:00:00,1.1567863,2.0302923
2019-01-24 21:30:00,1.9702443,2.1062183
2019-01-24 22:00:00,1.2613184,1.8365119
2019-01-24 22:30:00,0.55238825,1.6555293
2019-01-24 23:00:00,0.52763593,1.4144683
2019-01-24 23:30:00,0.50287926,1.2279629
2019-01-25 00:00:00,0.4781269,0.97392935
2019-01-25 00:30:00,0.4533746,1.0541592
2019-01-25 01:00:00,1.077841,0.8289545
2019-01-25 01:30:00,3.1090305,0.7411395
2019-01-25 02:00:00,1.7526249,0.81526977
2019-01-25 02:30:00,0.40944523,0.7723366
2019-01-25 03:00:00,2.0401757,0.93401974
2019-01-25 03:30:00,1.610796,1.1139798
2019-01-25 04:00:00,1.1625626,0.9409495
2019-01-25 04:30:00,0.33757827,0.912125
2019-01-25 05:00:00,2.2460022,1.1133813
2019-01-25 05:30:00,3.1464932,1.1113932
2019-01-25 06:00:00,0.98949295,0.9903624
2019-01-25 06:30:00,1.0150536,0.97614896
2019-01-25 07:00:00,1.0406142,0.98341954
2019-01-25 07:30:00,0.9996866,0.41033655
2019-01-25 08:00:00,1.1126516,-0.16168027
2019-01-25 08:30:00,0.09527202,-0.56415355
2019-01-25 09:00:00,0.8661813,-1.3521514
2019-01-25 09:30:00,-1.4962174,-1.7249436
2019-01-25 10:00:00,-3.0402641,-2.2343872
2019-01-25 10:30:00,-3.5901241,-2.9211254
2019-01-25 11:00:00,-3.754621,-3.2784765
2019-01-25 11:30:00,-6.2904043,-3.4845433
2019-01-25 12:00:00,-3.9135778,-3.7119894
2019-01-25 12:30:00,-3.2888405,-3.8951786
2019-01-25 13:00:00,-3.5370672,-3.9908452
2019-01-25 13:30:00,-5.3503666,-4.0173497
2019-01-25 14:00:00,-2.6001709,-3.2953813
2019-01-25 14:30:00,-2.6807983,-3.2547464
2019-01-25 15:00:00,-1.3554939,-2.422295
2019-01-25 15:30:00,-0.57851994,-2.0059798
2019-01-25 16:00:00,0.22115716,-1.4581473
2019-01-25 16:30:00,1.0208342,-0.91222847
2019-01-25 17:00:00,1.8205113,-0.41658774
2019-01-25 17:30:00,-0.09478564,0.5234326
2019-01-25 18:00:00,3.6883442,1.1027725
2019-01-25 18:30:00,1.6744004,1.5144782
2019-01-25 19:00:00,0.32812738,1.9711182
2019-01-25 19:30:00,0.6514194,1.9865289
2019-01-25 20:00:00,0.6504407,2.2414057
2019-01-25 20:30:00,2.289477,2.3446054
2019-01-25 21:00:00,1.6633198,2.31066
2019-01-25 21:30:00,1.4070098,2.4597418
2019-01-25 22:00:00,0.6737599,2.330925
2019-01-25 22:30:00,0.90418154,2.092931
2019-01-25 23:00:00,1.8897654,1.9515173
2019-01-25 23:30:00,0.8732859,1.8552214
2019-01-26 00:00:00,0.9194218,1.48069
2019-01-26 00:30:00,0.96556205,1.3709409
2019-01-26 01:00:00,-0.63657975,1.3806802
2019-01-26 01:30:00,2.5493484,1.3830614
2019-01-26 02:00:00,4.408355,1.3760574
2019-01-26 02:30:00,2.1034262,1.4549896
2019-01-26 03:00:00,1.8481692,1.5310686
2019-01-26 03:30:00,1.2053385,1.7421384
2019-01-26 04:00:00,1.4173477,1.5399383
2019-01-26 04:30:00,1.3369911,1.4516252
2019-01-26 05:00:00,-0.031478234,1.4906696
2019-01-26 05:30:00,1.882106,1.5855149
2019-01-26 06:00:00,1.4446867,1.419008
2019-01-26 06:30:00,1.5130231,1.0444549
2019-01-26 07:00:00,0.6915562,0.7738746
2019-01-26 07:30:00,0.50625676,0.34560475
2019-01-26 08:00:00,4.521202,-0.34069225
2019-01-26 08:30:00,2.0136144,-0.90766686
2019-01-26 09:00:00,0.058569547,-1.2034888
2019-01-26 09:30:00,-1.8964797,-1.7841395
2019-01-26 10:00:00,-4.4483724,-2.1185515
2019-01-26 10:30:00,-5.483356,-2.5180883
2019-01-26 11:00:00,-6.2214956,-2.8528237
2019-01-26 11:30:00,-6.611206,-3.35144
2019-01-26 12:00:00,-6.1132627,-3.2931793
2019-01-26 12:30:00,-6.469753,-3.1605346
2019-01-26 13:00:00,-5.517909,-2.817052
2019-01-26 13:30:00,-7.0577397,-2.746793
2019-01-26 14:00:00,-7.762541,-2.2843637
2019-01-26 14:30:00,-7.8424034,-2.0058224
2019-01-26 15:00:00,-5.7291183,-1.4904367
2019-01-26 15:30:00,-4.54604,-0.94204485
2019-01-26 16:00:00,-3.5775142,-0.57349956
2019-01-26 16:30:00,-3.6512861,-0.115526915
2019-01-26 17:00:00,-2.0721273,0.45455432
2019-01-26 17:30:00,-0.19506204,0.8626771
2019-01-26 18:00:00,0.61511016,1.2162793
2019-01-26 18:30:00,2.0849133,1.6018039
2019-01-26 19:00:00,1.2390654,1.6547953
2019-01-26 19:30:00,0.073171884,1.8679668
2019-01-26 20:00:00,0.97039014,2.0471272
2019-01-26 20:30:00,1.8676084,2.4202693
2019-01-26 21:00:00,1.7619358,2.2328854
2019-01-26 21:30:00,3.5382354,2.3331358
2019-01-26 22:00:00,5.314539,2.2230108
2019-01-26 22:30:00,7.0908384,2.1012895
2019-01-26 23:00:00,5.627987,1.9322747
2019-01-26 23:30:00,2.7230296,1.87605
2019-01-27 00:00:00,0.8621703,1.7811785
2019-01-27 00:30:00,1.2359544,1.6090307
2019-01-27 01:00:00,1.4365641,1.5895348
2019-01-27 01:30:00,1.2915281,1.6597282
2019-01-27 02:00:00,1.2142519,1.823762
2019-01-27 02:30:00,1.5789566,1.69744
2019-01-27 03:00:00,0.81971335,1.8997406
2019-01-27 03:30:00,0.060470212,2.0128062
2019-01-27 04:00:00,-0.69877297,1.7931811
2019-01-27 04:30:00,1.137854,1.6641806
2019-01-27 05:00:00,0.91766965,1.5934671
2019-01-27 05:30:00,0.69748104,1.3716749
2019-01-27 06:00:00,-0.17197444,1.087423
2019-01-27 06:30:00,1.2839823,1.0264401
2019-01-27 07:00:00,1.5954771,0.39546332
2019-01-27 07:30:00,1.9069718,-0.20589365
2019-01-27 08:00:00,1.8953581,-0.42221543
2019-01-27 08:30:00,0.9463937,-0.7491908
2019-01-27 09:00:00,0.12458594,-1.2454476
2019-01-27 09:30:00,-1.3215616,-1.664424
2019-01-27 10:00:00,-2.5468214,-2.2042212
2019-01-27 10:30:00,-4.45781,-2.31747
2019-01-27 11:00:00,-4.94012,-2.7571309
2019-01-27 11:30:00,-5.745058,-3.19687
2019-01-27 12:00:00,-5.2568583,-3.173586
2019-01-27 12:30:00,-5.3127117,-3.288622
2019-01-27 13:00:00,-5.825668,-2.7192836
2019-01-27 13:30:00,-5.3260336,-2.6317263
2019-01-27 14:00:00,-3.2129538,-2.6645532
2019-01-27 14:30:00,-4.8140426,-2.2589734
2019-01-27 15:00:00,-1.7407782,-1.2067964
2019-01-27 15:30:00,-1.3667712,-0.61540157
2019-01-27 16:00:00,-0.45491123,-0.025199488
2019-01-27 16:30:00,-0.99703306,0.656667
2019-01-27 17:00:00,0.43988642,1.141262
2019-01-27 17:30:00,0.5793908,1.7085207
2019-01-27 18:00:00,0.9097393,2.2285335
2019-01-27 18:30:00,0.9977903,2.6247675
2019-01-27 19:00:00,0.33541107,2.6738834
2019-01-27 19:30:00,0.42538896,2.7973478
2019-01-27 20:00:00,0.5153712,2.8928792
2019-01-27 20:30:00,0.64640343,2.9779415
2019-01-27 21:00:00,0.68654895,2.8264825
2019-01-27 21:30:00,0.56221056,2.8948324
2019-01-27 22:00:00,0.41523898,2.7409265
2019-01-27 22:30:00,0.45849982,2.72528
2019-01-27 23:00:00,0.7447879,2.4265873
2019-01-27 23:30:00,0.39041236,2.0159128
2019-01-28 00:00:00,0.8237157,2.0232444
2019-01-28 00:30:00,0.51272774,2.0384717
2019-01-28 01:00:00,0.2017398,1.9238638
2019-01-28 01:30:00,0.949828,1.7435715
2019-01-28 02:00:00,3.8817182,1.732019
2019-01-28 02:30:00,2.375855,1.8126596
2019-01-28 03:00:00,0.8699958,1.8007618
2019-01-28 03:30:00,0.695978,1.8681678
2019-01-28 04:00:00,0.31595004,1.8002506
2019-01-28 04:30:00,0.7194763,1.827157
2019-01-28 05:00:00,0.5749166,1.8558549
2019-01-28 05:30:00,0.97247434,1.5600199
2019-01-28 06:00:00,3.4546106,1.5146049
2019-01-28 06:30:00,0.5049765,1.4382156
2019-01-28 07:00:00,0.6611062,1.2889676
2019-01-28 07:30:00,0.61113846,0.71519434
2019-01-28 08:00:00,0.56117064,0.11004477
2019-01-28 08:30:00,0.51119846,-0.2742695
2019-01-28 09:00:00,1.56958,-0.6624594
2019-01-28 09:30:00,0.46540338,-1.0944126
2019-01-28 10:00:00,0.26958695,-1.6593424
2019-01-28 10:30:00,0.5345963,-1.8532494
2019-01-28 11:00:00,1.1357566,-2.1716652
2019-01-28 11:30:00,-0.46827707,-2.4849033
2019-01-28 12:00:00,-2.2593143,-2.7691596
2019-01-28 12:30:00,-1.2502103,-2.8239293
2019-01-28 13:00:00,-7.662771,-2.5719318
2019-01-28 13:30:00,-14.0753355,-2.2887592
2019-01-28 14:00:00,-5.426948,-1.6480564
2019-01-28 14:30:00,2.0069947,-1.8247308
2019-01-28 15:00:00,9.440942,-1.1844866
2019-01-28 15:30:00,16.874886,-0.88835
2019-01-28 16:00:00,9.619321,-0.5648308
2019-01-28 16:30:00,6.709181,-0.2689957
2019-01-28 17:00:00,3.7990458,0.23157804
2019-01-28 17:30:00,0.8889063,0.70594007
2019-01-28 18:00:00,0.99339473,1.0681804
2019-01-28 18:30:00,3.907401,1.5328687
2019-01-28 19:00:00,-5.7330904,1.8148836
2019-01-28 19:30:00,-0.24580759,1.9974129
2019-01-28 20:00:00,5.2414746,2.1125276
2019-01-28 20:30:00,1.6692578,2.1914072
2019-01-28 21:00:00,1.2016681,2.0721462
2019-01-28 21:30:00,3.1222172,2.1724837
2019-01-28 22:00:00,-3.14304,1.9326504
2019-01-28 22:30:00,0.36182377,1.7885451
2019-01-28 23:00:00,3.8666878,1.6656094
2019-01-28 23:30:00,7.3715467,1.6381218
2019-01-29 00:00:00,1.1859866,1.8172256
2019-01-29 00:30:00,0.5712114,1.6891208
2019-01-29 01:00:00,2.4130597,1.8140141
2019-01-29 01:30:00,1.773519,1.6342899
2019-01-29 02:00:00,1.8056948,1.7948327
2019-01-29 02:30:00,1.2732292,1.7802958
2019-01-29 03:00:00,1.2420802,1.7176614
2019-01-29 03:30:00,0.987435,1.8041307
2019-01-29 04:00:00,0.95013386,1.5646732
2019-01-29 04:30:00,1.5821549,1.4828267
2019-01-29 05:00:00,1.2535192,1.3820871
2019-01-29 05:30:00,1.297584,1.2028785
2019-01-29 06:00:00,1.6312488,1.208598
2019-01-29 06:30:00,1.6039667,0.84391516
2019-01-29 07:00:00,1.5844926,0.48664278
2019-01-29 07:30:00,1.3755418,0.117861524
2019-01-29 08:00:00,1.066804,-0.45079094
2019-01-29 08:30:00,0.6919232,-0.86621493
2019-01-29 09:00:00,0.011468035,-1.346611
2019-01-29 09:30:00,-0.66898715,-1.6195115
2019-01-29 10:00:00,-1.9887078,-1.9802138
2019-01-29 10:30:00,-1.772552,-2.0677755
2019-01-29 11:00:00,-1.8164726,-2.267638
2019-01-29 11:30:00,-2.5901127,-2.3659086
2019-01-29 12:00:00,-4.713692,-2.450735
2019-01-29 12:30:00,-3.131767,-2.437981
2019-01-29 13:00:00,-1.9227962,-2.7221456
2019-01-29 13:30:00,-2.8311956,-3.2337606
2019-01-29 14:00:00,-2.1373484,-2.443792
2019-01-29 14:30:00,-1.1552906,-1.7381347
2019-01-29 15:00:00,-0.7083244,-0.9706859
2019-01-29 15:30:00,-2.030824,-0.51232004
2019-01-29 16:00:00,-0.7317834,-0.2985281
2019-01-29 16:30:00,-3.7794871,0.10294459
2019-01-29 17:00:00,-6.8271956,0.22731356
2019-01-29 17:30:00,-5.3405924,0.35790446
2019-01-29 18:00:00,-3.8539886,0.5742874
2019-01-29 18:30:00,-2.3673854,0.9779666
2019-01-29 19:00:00,-0.88078666,0.99445647
2019-01-29 19:30:00,0.6058166,1.112586
2019-01-29 20:00:00,2.0924199,1.4669397
2019-01-29 20:30:00,9.346862,1.4199867
2019-01-29 21:00:00,21.15168,1.1578262
2019-01-29 21:30:00,4.905752,1.2528682
2019-01-29 22:00:00,9.485256,1.065266
2019-01-29 22:30:00,2.4102373,1.1521417
2019-01-29 23:00:00,-4.6647816,1.2981739
2019-01-29 23:30:00,-11.7397995,1.5188388
2019-01-30 00:00:00,1.7643871,1.4615567
2019-01-30 00:30:00,1.0083947,1.7220613
2019-01-30 01:00:00,1.4800216,1.8774744
2019-01-30 01:30:00,1.9516528,1.6749117
2019-01-30 02:00:00,1.8587037,1.6551448
2019-01-30 02:30:00,1.7911886,1.7446158
2019-01-30 03:00:00,2.3264508,1.8095661
2019-01-30 03:30:00,0.7588572,1.9443471
2019-01-30 04:00:00,0.7891804,2.071399
2019-01-30 04:30:00,0.819508,2.0725305
2019-01-30 05:00:00,1.305641,1.9205124
2019-01-30 05:30:00,1.596482,1.8773477
2019-01-30 06:00:00,1.7038586,1.71095
2019-01-30 06:30:00,2.1142929,1.2859528
2019-01-30 07:00:00,0.79466397,1.0283233
2019-01-30 07:30:00,1.3008305,0.51410407
2019-01-30 08:00:00,1.0303288,0.00064954255
2019-01-30 08:30:00,2.4095337,-0.30296734
2019-01-30 09:00:00,-6.74839,-0.68282926
2019-01-30 09:30:00,-15.906318,-0.96449894
2019-01-30 10:00:00,-15.534401,-1.3488743
2019-01-30 10:30:00,-15.162483,-1.4552984
2019-01-30 11:00:00,-14.790566,-1.6179516
2019-01-30 11:30:00,-14.418648,-1.8834634
2019-01-30 12:00:00,-14.046732,-2.3607485
2019-01-30 12:30:00,-13.674815,-2.2112951
2019-01-30 13:00:00,-13.302897,-1.7103676
2019-01-30 13:30:00,-12.930983,-1.368449
2019-01-30 14:00:00,-12.559065,-1.1610407
2019-01-30 14:30:00,-12.187146,-1.2185413
2019-01-30 15:00:00,-11.8152275,-0.94248617
2019-01-30 15:30:00,-11.443314,-0.7938149
2019-01-30 16:00:00,-11.071395,-0.53989494
2019-01-30 16:30:00,-10.699477,-0.38421527
2019-01-30 17:00:00,-10.327562,-0.3817466
2019-01-30 17:30:00,-9.955645,0.19187382
2019-01-30 18:00:00,-9.583726,0.49254137
2019-01-30 18:30:00,-9.211812,0.8408348
2019-01-30 19:00:00,-8.839894,1.0066382
2019-01-30 19:30:00,-8.467976,1.2148986
2019-01-30 20:00:00,-8.096062,1.6651156
2019-01-30 20:30:00,-7.724143,1.8887036
2019-01-30 21:00:00,-7.3522243,2.5584846
2019-01-30 21:30:00,-6.9803104,2.2829888
2019-01-30 22:00:00,-6.608392,2.2767842
2019-01-30 22:30:00,-6.2364736,2.0420895
2019-01-30 23:00:00,-5.8645597,1.4712566
2019-01-30 23:30:00,-5.492641,0.5064403
2019-01-31 00:00:00,-5.120723,0.78513
2019-01-31 00:30:00,-4.7488084,0.86646974
2019-01-31 01:00:00,-4.3768897,0.5575266
2019-01-31 01:30:00,-4.0049715,0.84980506
2019-01-31 02:00:00,-3.6330528,1.123623
2019-01-31 02:30:00,-3.261139,1.1519932
2019-01-31 03:00:00,-2.8892205,1.2482978
2019-01-31 03:30:00,-2.517302,1.5210322
2019-01-31 04:00:00,-2.1453881,1.5004089
2019-01-31 04:30:00,-1.7734696,1.464458
2019-01-31 05:00:00,-1.4015511,1.530671
2019-01-31 05:30:00,-1.0296371,1.3691757
2019-01-31 06:00:00,-0.65771866,1.4520228
2019-01-31 06:30:00,-0.2858002,1.1288531
2019-01-31 07:00:00,0.08611388,0.81442213
2019-01-31 07:30:00,0.4580323,0.29748955
2019-01-31 08:00:00,0.82995075,-0.086580016
2019-01-31 08:30:00,1.2018648,-0.06999399
2019-01-31 09:00:00,1.5737833,-0.5111884
2019-01-31 09:30:00,1.277555,-1.8947451
2019-01-31 10:00:00,0.91448444,-3.8611631
2019-01-31 10:30:00,-0.00017626316,-5.1405287
2019-01-31 11:00:00,-0.3266754,-5.519154
2019-01-31 11:30:00,-0.6531745,-6.481707
2019-01-31 12:00:00,-0.9796736,-7.023453
2019-01-31 12:30:00,-1.010093,-7.390076
2019-01-31 13:00:00,-1.0405123,-7.150863
2019-01-31 13:30:00,-0.87675816,-6.455177
2019-01-31 14:00:00,-1.4260981,-5.793929
2019-01-31 14:30:00,-1.6758147,-5.697174
2019-01-31 15:00:00,-1.2108818,-4.509211
2019-01-31 15:30:00,-1.0425922,-3.9640656
2019-01-31 16:00:00,-1.2083869,-3.6552668
2019-01-31 16:30:00,-1.0035958,-2.6862426
2019-01-31 17:00:00,-0.48660645,-1.613036
2019-01-31 17:30:00,-0.21600868,-0.9134344
2019-01-31 18:00:00,0.37979922,-0.63645303
2019-01-31 18:30:00,0.75086564,0.2630941
2019-01-31 19:00:00,0.31593254,0.86958504
2019-01-31 19:30:00,0.39938262,0.70696247
2019-01-31 20:00:00,0.2250284,0.40404907
2019-01-31 20:30:00,0.28248525,0.70936126
2019-01-31 21:00:00,0.65223646,0.5134443
2019-01-31 21:30:00,0.72321206,0.32485038
2019-01-31 22:00:00,0.3285949,0.037788954
2019-01-31 22:30:00,0.43816492,-0.021878788
2019-01-31 23:00:00,0.22088626,-0.51491106
2019-01-31 23:30:00,0.30981547,-0.7832761
2019-02-01 00:00:00,0.3439619,-0.28539383
2019-02-01 00:30:00,0.4642062,-0.3763548
2019-02-01 01:00:00,0.24596629,-0.4319023
2019-02-01 01:30:00,0.32788706,-0.0656028
2019-02-01 02:00:00,0.13059379,-0.26069394
2019-02-01 02:30:00,0.29552335,-0.15258767
2019-02-01 03:00:00,0.36247915,0.28201774
2019-02-01 03:30:00,0.5605677,0.4837153
2019-02-01 04:00:00,0.37223154,0.36841708
2019-02-01 04:30:00,0.28688517,0.57191485
2019-02-01 05:00:00,0.39579976,0.6680535
2019-02-01 05:30:00,0.68125767,0.39555508
2019-02-01 06:00:00,0.32565433,0.2137686
2019-02-01 06:30:00,0.3374297,0.14470677
2019-02-01 07:00:00,0.4124426,-0.30217212
2019-02-01 07:30:00,0.2471897,-0.7588995
2019-02-01 08:00:00,-0.036232077,-1.0935388
2019-02-01 08:30:00,-0.3196495,-1.3988422
2019-02-01 09:00:00,-0.8079585,-1.8710501
2019-02-01 09:30:00,-0.9685056,-2.0573764
2019-02-01 10:00:00,-1.3389821,-2.2634957
2019-02-01 10:30:00,-2.2077603,-2.570158
2019-02-01 11:00:00,-2.6222055,-2.8497653
2019-02-01 11:30:00,-3.1948733,-2.6718936
2019-02-01 12:00:00,-2.7599185,-2.6815763
2019-02-01 12:30:00,-3.4229486,-2.5508804
2019-02-01 13:00:00,-4.325161,-2.5287845
2019-02-01 13:30:00,-4.183494,-2.466456
2019-02-01 14:00:00,-5.875116,-2.6123307
2019-02-01 14:30:00,-3.8262696,-2.478725
2019-02-01 15:00:00,-3.0692766,-2.0530944
2019-02-01 15:30:00,-4.9243817,-2.0807261
2019-02-01 16:00:00,-2.8225923,-1.9529579
2019-02-01 16:30:00,-2.2549405,-1.5730566
2019-02-01 17:00:00,-1.1306344,-1.5591184
2019-02-01 17:30:00,-0.6634119,-1.3218806
2019-02-01 18:00:00,0.23988853,-0.8210447
2019-02-01 18:30:00,0.43790713,-0.22008526
2019-02-01 19:00:00,0.09408793,-0.12149107
2019-02-01 19:30:00,-0.3134188,-0.059267253
2019-02-01 20:00:00,0.20038967,0.29514322
2019-02-01 20:30:00,0.7142025,0.22136688
2019-02-01 21:00:00,0.69428706,-0.1622614
2019-02-01 21:30:00,0.7549291,0.07692515
2019-02-01 22:00:00,1.0951699,-0.03309926
2019-02-01 22:30:00,1.0408939,-0.1403273
2019-02-01 23:00:00,0.49591452,-0.08975216
2019-02-01 23:30:00,0.5426009,-0.0818786
2019-02-02 00:00:00,1.0360177,0.07260824
2019-02-02 00:30:00,0.5398264,0.028473517
2019-02-02 01:00:00,0.8384142,0.18360703
2019-02-02 01:30:00,0.8656308,0.310283
2019-02-02 02:00:00,0.68067217,0.34488383
2019-02-02 02:30:00,0.91365427,0.46018204
2019-02-02 03:00:00,0.92478734,0.49184227
2019-02-02 03:30:00,1.7022856,0.46434602
2019-02-02 04:00:00,1.2509893,0.3860605
2019-02-02 04:30:00,0.6837875,0.41247317
2019-02-02 05:00:00,0.98099893,0.3236925
2019-02-02 05:30:00,0.7564366,0.12145312
2019-02-02 06:00:00,1.2888322,0.16455233
2019-02-02 06:30:00,0.81381476,-0.23956817
2019-02-02 07:00:00,0.91895425,-0.75454766
2019-02-02 07:30:00,0.9319094,-1.2485673
2019-02-02 08:00:00,0.7546539,-1.9034662
2019-02-02 08:30:00,0.79051304,-2.6283662
2019-02-02 09:00:00,-0.0010195463,-3.2071862
2019-02-02 09:30:00,-0.6296281,-3.491425
2019-02-02 10:00:00,-0.75621235,-3.9654157
2019-02-02 10:30:00,-0.94546604,-4.4264555
2019-02-02 11:00:00,-1.2354244,-4.8272686
2019-02-02 11:30:00,-2.0024538,-4.891922
2019-02-02 12:00:00,-4.206586,-4.9539666
2019-02-02 12:30:00,-5.8615055,-4.786359
2019-02-02 13:00:00,-7.516424,-4.4641414
2019-02-02 13:30:00,-9.171348,-3.9957564
2019-02-02 14:00:00,-10.826266,-3.498556
2019-02-02 14:30:00,-5.074355,-2.9494998
2019-02-02 15:00:00,9.088786,-2.413578
2019-02-02 15:30:00,4.9888525,-2.2068908
2019-02-02 16:00:00,0.88892376,-1.6399993
2019-02-02 16:30:00,1.9744782,-1.1859198
2019-02-02 17:00:00,3.0600328,-0.7228
2019-02-02 17:30:00,6.71497,-0.30140314
2019-02-02 18:00:00,10.369908,0.16411977
2019-02-02 18:30:00,9.884479,0.22025707
2019-02-02 19:00:00,9.399049,0.45811096
2019-02-02 19:30:00,8.913619,0.56809604
2019-02-02 20:00:00,8.428189,0.39729407
2019-02-02 20:30:00,7.9427595,0.27440634
2019-02-02 21:00:00,7.45733,0.27339265
2019-02-02 21:30:00,6.9719005,0.17489019
2019-02-02 22:00:00,6.4864707,-0.03965764
2019-02-02 22:30:00,6.0010414,-0.042821046
2019-02-02 23:00:00,5.5156116,-0.11980887
2019-02-02 23:30:00,5.0301824,-0.15892321
2019-02-03 00:00:00,4.5447526,0.005621854
2019-02-03 00:30:00,4.0593233,0.086166315
2019-02-03 01:00:00,1.5559301,0.2240322
2019-02-03 01:30:00,1.298921,0.16489314
2019-02-03 02:00:00,1.5436566,0.31622967
2019-02-03 02:30:00,1.5107031,0.4425998
2019-02-03 03:00:00,1.6028088,0.67072314
2019-02-03 03:30:00,2.1771195,0.8873858
2019-02-03 04:00:00,2.412719,0.9889686
2019-02-03 04:30:00,1.6815007,1.0167576
2019-02-03 05:00:00,0.9502868,1.1221068
2019-02-03 05:30:00,7.2566943,1.0439786
2019-02-03 06:00:00,-16.152262,1.1640875
2019-02-03 06:30:00,7.2706413,1.0008096
2019-02-03 07:00:00,-12.073351,0.66819334
2019-02-03 07:30:00,13.642515,0.50371814
2019-02-03 08:00:00,1.5852528,0.22120522
2019-02-03 08:30:00,0.018502677,-0.06557221
2019-02-03 09:00:00,-1.5482475,-0.29742703
2019-02-03 09:30:00,-3.0641644,-0.47431985
2019-02-03 10:00:00,-2.5413072,-0.7308396
2019-02-03 10:30:00,-2.0184455,-0.9091787
2019-02-03 11:00:00,-1.9885199,-0.9883424
2019-02-03 11:30:00,-1.9585943,-1.2062066
2019-02-03 12:00:00,-1.9286686,-1.3526844
2019-02-03 12:30:00,-1.898743,-1.4623549
2019-02-03 13:00:00,-1.1571739,-1.5391985
2019-02-03 13:30:00,-0.5935898,-1.9469063
2019-02-03 14:00:00,-0.57911855,-2.2469535
2019-02-03 14:30:00,-1.4638361,-1.5538795
2019-02-03 15:00:00,-2.679575,0.15733854
2019-02-03 15:30:00,-1.5711166,0.26768193
2019-02-03 16:00:00,-1.7438061,0.22261652
2019-02-03 16:30:00,-1.4882694,0.6927097
2019-02-03 17:00:00,-1.0076593,1.0728338
2019-02-03 17:30:00,-0.17665838,1.4956682
2019-02-03 18:00:00,0.44657588,1.7959775
2019-02-03 18:30:00,1.1603605,2.2952273
2019-02-03 19:00:00,0.65333754,2.2139182
2019-02-03 19:30:00,3.4711006,2.4136803
2019-02-03 20:00:00,3.1376455,2.4858356
2019-02-03 20:30:00,2.8041902,2.1778274
2019-02-03 21:00:00,2.470735,2.178723
2019-02-03 21:30:00,2.13728,2.1565573
2019-02-03 22:00:00,1.8038248,1.8522633
2019-02-03 22:30:00,1.4703697,1.9639481
2019-02-03 23:00:00,1.1369145,1.8798732
2019-02-03 23:30:00,0.8034594,1.6326383
2019-02-04 00:00:00,0.47000432,1.5286785
2019-02-04 00:30:00,0.1365492,1.4487677
2019-02-04 01:00:00,-0.19690591,1.6631582
2019-02-04 01:30:00,-0.53035665,1.5664427
2019-02-04 02:00:00,-0.8638118,1.5461909
2019-02-04 02:30:00,-1.1972669,1.8882536
2019-02-04 03:00:00,-1.530722,2.0445886
2019-02-04 03:30:00,-1.8641771,2.3255506
2019-02-04 04:00:00,-2.1976323,2.3021135
2019-02-04 04:30:00,-2.5310872,2.310896
2019-02-04 05:00:00,-2.8645422,2.3113809
2019-02-04 05:30:00,-3.1979976,2.1271124
2019-02-04 06:00:00,-3.5314527,1.9521639
2019-02-04 06:30:00,-3.8649077,2.0094984
2019-02-04 07:00:00,-4.1983585,1.4796414
2019-02-04 07:30:00,-4.5318136,1.4320986
2019-02-04 08:00:00,-4.865269,0.95823467
2019-02-04 08:30:00,-5.1987243,0.29813185
2019-02-04 09:00:00,-5.5321794,0.18475616
2019-02-04 09:30:00,-5.8656344,-0.48117098
2019-02-04 10:00:00,-6.1990895,-0.47424996
2019-02-04 10:30:00,-6.5325446,-1.2698941
2019-02-04 11:00:00,-6.4653745,-1.0221262
2019-02-04 11:30:00,-4.833574,-1.3215791
2019-02-04 12:00:00,-6.3007336,-1.2989677
2019-02-04 12:30:00,-8.857808,-1.5197462
2019-02-04 13:00:00,-5.9827065,-1.1725321
2019-02-04 13:30:00,-6.292266,-0.670831
2019-02-04 14:00:00,-7.3361936,-0.7448783
2019-02-04 14:30:00,-7.135496,-0.7222101
2019-02-04 15:00:00,-6.014996,-0.5904264
2019-02-04 15:30:00,-2.8164928,-0.17188706
2019-02-04 16:00:00,-3.708271,0.03458623
2019-02-04 16:30:00,-1.2548898,0.502687
2019-02-04 17:00:00,-0.4961884,0.58022535
2019-02-04 17:30:00,0.6346892,1.2707869
2019-02-04 18:00:00,0.9930758,1.7442182
2019-02-04 18:30:00,1.1724198,1.7173249
2019-02-04 19:00:00,1.0744067,2.1832585
2019-02-04 19:30:00,1.7325476,2.3523784
2019-02-04 20:00:00,1.1965123,2.7093186
2019-02-04 20:30:00,1.3805491,2.6771822
2019-02-04 21:00:00,1.158735,2.6369536
2019-02-04 21:30:00,1.4564053,2.6724415
2019-02-04 22:00:00,0.9799765,2.625519
2019-02-04 22:30:00,0.11891016,2.2822242
2019-02-04 23:00:00,-0.7421562,2.2569606
2019-02-04 23:30:00,-0.5445745,1.6082617
2019-02-05 00:00:00,-0.08229806,2.122079
2019-02-05 00:30:00,0.379974,1.933284
2019-02-05 01:00:00,0.84225047,1.7448386
2019-02-05 01:30:00,1.748037,1.625206
2019-02-05 02:00:00,10.779338,1.6203998
2019-02-05 02:30:00,1.6367323,1.2329221
2019-02-05 03:00:00,-7.5058722,1.1653808
2019-02-05 03:30:00,-3.751213,0.96722674
2019-02-05 04:00:00,0.0034502912,1.0213323
2019-02-05 04:30:00,3.7581096,0.63579464
2019-02-05 05:00:00,4.7024508,0.640282
2019-02-05 05:30:00,5.6467924,0.3594949
2019-02-05 06:00:00,6.591134,0.48614466
2019-02-05 06:30:00,7.5354757,-0.0065511344
2019-02-05 07:00:00,5.7070937,-0.5285259
2019-02-05 07:30:00,3.8787165,-1.0496618
2019-02-05 08:00:00,2.0503387,-1.5624827
2019-02-05 08:30:00,0.97442305,-2.098684
2019-02-05 09:00:00,-0.101492584,-2.2719111
2019-02-05 09:30:00,-1.1774082,-2.7726638
2019-02-05 10:00:00,-2.4839027,-3.0032558
2019-02-05 10:30:00,-3.586113,-3.5961757
2019-02-05 11:00:00,-3.6691873,-3.8511791
2019-02-05 11:30:00,-5.642942,-3.3437543
2019-02-05 12:00:00,-1.4036266,-3.635928
2019-02-05 12:30:00,-5.558976,-3.7268102
2019-02-05 13:00:00,-5.3472204,-3.173516
2019-02-05 13:30:00,-6.064461,-2.9017735
2019-02-05 14:00:00,-4.4459953,-2.326296
2019-02-05 14:30:00,-5.5775156,-2.1544282
2019-02-05 15:00:00,-4.6023655,-1.2096889
2019-02-05 15:30:00,-3.7235115,-0.8585642
2019-02-05 16:00:00,-4.3523865,-0.6181455
2019-02-05 16:30:00,-2.4670458,-0.0018977841
2019-02-05 17:00:00,-1.5109726,0.46095976
2019-02-05 17:30:00,-0.58419573,0.6593148
2019-02-05 18:00:00,1.9462173,1.1841471
2019-02-05 18:30:00,4.47663,1.3044614
2019-02-05 19:00:00,2.6149104,1.695452
2019-02-05 19:30:00,1.1631306,1.6500764
2019-02-05 20:00:00,1.5398772,1.5434906
2019-02-05 20:30:00,1.9166193,1.3685334
2019-02-05 21:00:00,1.5992041,1.424828
2019-02-05 21:30:00,1.7327574,1.2891337
2019-02-05 22:00:00,1.8663064,1.2952114
2019-02-05 22:30:00,1.9998597,1.2372828
2019-02-05 23:00:00,2.1334085,1.3031331
2019-02-05 23:30:00,2.266962,1.3222752
2019-02-06 00:00:00,2.400511,1.4048995
2019-02-06 00:30:00,2.53406,1.6217368
2019-02-06 01:00:00,2.6676133,1.6360464
2019-02-06 01:30:00,2.8011622,1.6462969
2019-02-06 02:00:00,2.9347157,2.0413597
2019-02-06 02:30:00,3.0682645,1.4901322
2019-02-06 03:00:00,3.201818,1.6802685
2019-02-06 03:30:00,3.335367,1.6906413
2019-02-06 04:00:00,3.468916,1.6976017
2019-02-06 04:30:00,3.6024692,1.8599359
2019-02-06 05:00:00,3.7360182,1.4896253
2019-02-06 05:30:00,3.8695714,1.7348809
2019-02-06 06:00:00,4.0031204,1.693228
2019-02-06 06:30:00,4.136674,1.6711016
2019-02-06 07:00:00,0.77645254,1.5690775
2019-02-06 07:30:00,-2.5837684,1.0682896
2019-02-06 08:00:00,-4.314697,0.622975
2019-02-06 08:30:00,-3.8674638,0.14232984
2019-02-06 09:00:00,-3.4202309,-0.30251294
2019-02-06 09:30:00,-3.9312475,-0.6038621
2019-02-06 10:00:00,-5.8443074,-1.0948801
2019-02-06 10:30:00,-6.1996183,-1.6160772
2019-02-06 11:00:00,-5.6790285,-1.9028721
2019-02-06 11:30:00,-7.289446,-2.245424
2019-02-06 12:00:00,-6.0878854,-1.8233675
2019-02-06 12:30:00,-6.2812943,-2.389455
2019-02-06 13:00:00,-6.925344,-2.0753956
2019-02-06 13:30:00,-4.1965365,-1.9489205
2019-02-06 14:00:00,-7.382469,-1.816879
2019-02-06 14:30:00,-4.4224534,-1.8666283
2019-02-06 15:00:00,-5.130689,-1.6600721
2019-02-06 15:30:00,-3.7785783,-1.4815451
2019-02-06 16:00:00,-2.2567277,-1.1827781
2019-02-06 16:30:00,-1.2239374,-0.65314394
2019-02-06 17:00:00,-1.2981507,-0.33751574
2019-02-06 17:30:00,0.7827138,-0.04019944
2019-02-06 18:00:00,1.7532802,0.5828994
2019-02-06 18:30:00,1.9033234,1.2689605
2019-02-06 19:00:00,1.6658016,1.5000768
2019-02-06 19:30:00,1.469024,1.4406974
2019-02-06 20:00:00,3.1173105,1.5000681
2019-02-06 20:30:00,4.765601,1.379531
2019-02-06 21:00:00,6.4138875,1.3535203
2019-02-06 21:30:00,8.062179,1.3052828
2019-02-06 22:00:00,9.710465,1.2001345
2019-02-06 22:30:00,-2.1023674,1.4273578
2019-02-06 23:00:00,-10.157792,1.4542599
2019-02-06 23:30:00,-18.213217,1.1608498
2019-02-07 00:00:00,-12.478835,1.0586509
2019-02-07 00:30:00,-6.7444534,1.3269765
2019-02-07 01:00:00,-1.0100712,1.2532526
2019-02-07 01:30:00,4.724315,1.1981509
2019-02-07 02:00:00,10.458697,1.428175
2019-02-07 02:30:00,16.193079,1.5749805
2019-02-07 03:00:00,21.92746,1.7055058
2019-02-07 03:30:00,30.69473,2.0557218
2019-02-07 04:00:00,-14.099039,2.2299843
2019-02-07 04:30:00,2.3867695,2.3323624
2019-02-07 05:00:00,3.0430665,2.3165586
2019-02-07 05:30:00,3.6993637,2.1145725
2019-02-07 06:00:00,4.3556566,1.9617109
2019-02-07 06:30:00,5.0119534,1.859346
2019-02-07 07:00:00,5.6682506,1.4751891
2019-02-07 07:30:00,6.3245473,0.94309926
2019-02-07 08:00:00,4.1650352,0.15403531
2019-02-07 08:30:00,2.0055268,-0.41862822
2019-02-07 09:00:00,-0.15398586,-1.0951422
2019-02-07 09:30:00,-2.3134983,-1.5687178
2019-02-07 10:00:00,-4.087329,-2.272951
2019-02-07 10:30:00,-2.4589844,-3.0046759
2019-02-07 11:00:00,-5.0552044,-3.399826
2019-02-07 11:30:00,-6.605386,-3.9226618
2019-02-07 12:00:00,-4.1537957,-3.765715
2019-02-07 12:30:00,-3.5827136,-4.037663
2019-02-07 13:00:00,-4.847621,-3.7007647
2019-02-07 13:30:00,-6.5955634,-2.9738457
2019-02-07 14:00:00,-4.6835,-3.184636
2019-02-07 14:30:00,-4.4932194,-2.7973156
2019-02-07 15:00:00,-2.5830257,-2.4912431
2019-02-07 15:30:00,-1.1067604,-2.1074185
2019-02-07 16:00:00,-1.150812,-1.737606
2019-02-07 16:30:00,-0.49254438,-0.92826396
2019-02-07 17:00:00,-0.14954661,-0.40988952
2019-02-07 17:30:00,0.70940495,-0.08010465
2019-02-07 18:00:00,1.0948029,0.306036
2019-02-07 18:30:00,1.3442093,0.5891039
2019-02-07 19:00:00,1.4553522,0.8628694
2019-02-07 19:30:00,1.4658998,0.9444581
2019-02-07 20:00:00,1.3539267,1.1393002
2019-02-07 20:30:00,1.2971427,1.1880445
2019-02-07 21:00:00,1.5338038,1.1123981
2019-02-07 21:30:00,1.0392116,1.4213718
2019-02-07 22:00:00,1.1500531,1.5084223
2019-02-07 22:30:00,0.8696768,1.0764079
2019-02-07 23:00:00,2.1150181,0.5892044
2019-02-07 23:30:00,0.23098817,0.3651663
2019-02-08 00:00:00,0.5645088,0.7729308
2019-02-08 00:30:00,0.5292919,0.9191902
2019-02-08 01:00:00,0.49407503,1.4514111
2019-02-08 01:30:00,0.4588581,1.518948
2019-02-08 02:00:00,0.4236412,1.8342617
2019-02-08 02:30:00,0.7283941,2.4529169
2019-02-08 03:00:00,0.90301925,3.045601
2019-02-08 03:30:00,0.677535,4.4604855
2019-02-08 04:00:00,0.790867,2.1462765
2019-02-08 04:30:00,0.7417381,2.214888
2019-02-08 05:00:00,0.6691415,2.4597855
2019-02-08 05:30:00,0.70764846,1.8886949
2019-02-08 06:00:00,0.68023086,1.7689137
2019-02-08 06:30:00,0.7543349,1.0653622
2019-02-08 07:00:00,0.72047687,1.0128602
2019-02-08 07:30:00,0.59686816,0.17860413
2019-02-08 08:00:00,0.009479985,0.011297631
2019-02-08 08:30:00,-0.56150573,-0.7639592
2019-02-08 09:00:00,-0.9732638,-1.1748216
2019-02-08 09:30:00,-1.852026,-1.0368159
2019-02-08 10:00:00,-2.554485,-1.7422287
2019-02-08 10:30:00,-2.294601,-1.3939573
2019-02-08 11:00:00,-1.7622185,-1.6677009
2019-02-08 11:30:00,-1.4921145,-1.8875662
2019-02-08 12:00:00,-2.6278987,-2.2446725
2019-02-08 12:30:00,-2.9239697,-1.9854002
2019-02-08 13:00:00,-3.6759162,-2.0490572
2019-02-08 13:30:00,-3.9002383,-2.1102061
2019-02-08 14:00:00,-5.023867,-2.1157944
2019-02-08 14:30:00,-2.842486,-1.7431945
2019-02-08 15:00:00,-2.7909234,-1.2955772
2019-02-08 15:30:00,-1.3597715,-0.886895
2019-02-08 16:00:00,-1.275618,-0.5667795
2019-02-08 16:30:00,-0.5892598,-0.30363587
2019-02-08 17:00:00,-0.2804084,0.1301219
2019-02-08 17:30:00,-0.057349112,0.58928734
2019-02-08 18:00:00,-1.3207576,0.6317006
2019-02-08 18:30:00,-0.15924217,0.9283396
2019-02-08 19:00:00,0.22696838,1.3306556
2019-02-08 19:30:00,0.252848,1.2821165
2019-02-08 20:00:00,0.20422159,1.5494242
2019-02-08 20:30:00,1.4453465,1.5968578
2019-02-08 21:00:00,-0.7597777,1.4792569
2019-02-08 21:30:00,-1.0004673,1.4413441
2019-02-08 22:00:00,0.36971915,1.5828977
2019-02-08 22:30:00,0.5425747,1.3479669
2019-02-08 23:00:00,0.48359734,1.3323159
2019-02-08 23:30:00,0.36890647,1.7099626
2019-02-09 00:00:00,0.40518948,1.6859137
2019-02-09 00:30:00,0.18438914,1.4511751
2019-02-09 01:00:00,0.7098506,1.8482872
2019-02-09 01:30:00,0.28973398,1.9723328
2019-02-09 02:00:00,0.67836076,1.6406255
2019-02-09 02:30:00,0.41400683,1.7008525
2019-02-09 03:00:00,0.307089,2.0418622
2019-02-09 03:30:00,0.5665144,2.3145225
2019-02-09 04:00:00,0.5062786,2.1788673
2019-02-09 04:30:00,0.50403273,2.0495872
2019-02-09 05:00:00,0.37583187,1.9213164
2019-02-09 05:30:00,0.65772873,1.4768144
2019-02-09 06:00:00,0.93962127,1.6731509
2019-02-09 06:30:00,0.55650854,0.75284934
2019-02-09 07:00:00,0.6582574,0.033943933
2019-02-09 07:30:00,0.5533845,-0.010610253
2019-02-09 08:00:00,0.33398232,0.028106492
2019-02-09 08:30:00,0.3959527,-0.68707186
2019-02-09 09:00:00,0.20069553,-1.3809891
2019-02-09 09:30:00,0.0054383418,-1.4664577
2019-02-09 10:00:00,-0.8618456,-2.213008
2019-02-09 10:30:00,-1.1178585,-2.8716207
2019-02-09 11:00:00,-0.85222864,-2.9450824
2019-02-09 11:30:00,-1.3357052,-2.911491
2019-02-09 12:00:00,-1.7370162,-3.235093
2019-02-09 12:30:00,-1.0394244,-2.805517
2019-02-09 13:00:00,-1.2826875,-2.36621
2019-02-09 13:30:00,-1.2876861,-2.5094678
2019-02-09 14:00:00,-1.6217355,-2.6676555
2019-02-09 14:30:00,-0.92687887,-2.040288
2019-02-09 15:00:00,-0.9762262,-1.4730424
2019-02-09 15:30:00,-0.65663505,-1.2741368
2019-02-09 16:00:00,-1.1331336,-0.66897404
2019-02-09 16:30:00,0.022714723,-0.38416284
2019-02-09 17:00:00,0.05770442,-0.19396096
2019-02-09 17:30:00,0.47058105,0.07137172
2019-02-09 18:00:00,0.7203239,0.40837473
2019-02-09 18:30:00,0.74853677,0.68847144
2019-02-09 19:00:00,0.5768522,1.0275849
2019-02-09 19:30:00,1.0434238,0.88741636
2019-02-09 20:00:00,0.74390966,1.2162488
2019-02-09 20:30:00,0.7212939,1.3701457
2019-02-09 21:00:00,0.76985043,1.0582446
2019-02-09 21:30:00,0.8113286,1.1396629
2019-02-09 22:00:00,0.7027417,0.3569738
2019-02-09 22:30:00,0.53320247,0.27572587
2019-02-09 23:00:00,0.9235421,0.82406527
2019-02-09 23:30:00,0.737845,0.7520235
2019-02-10 00:00:00,0.72324264,0.7555321
2019-02-10 00:30:00,0.52170235,0.7770555
2019-02-10 01:00:00,0.4299986,1.2491411
2019-02-10 01:30:00,0.60768664,1.0530713
2019-02-10 02:00:00,1.2392358,1.1788253
2019-02-10 02:30:00,0.73440194,1.0895246
2019-02-10 03:00:00,1.1386535,0.99068576
2019-02-10 03:30:00,0.8848078,0.90236384
2019-02-10 04:00:00,0.82019836,1.1166233
2019-02-10 04:30:00,0.7854796,1.0009406
2019-02-10 05:00:00,0.71537346,1.0306958
2019-02-10 05:30:00,0.5758516,0.9930321
2019-02-10 06:00:00,0.5870459,0.9871204
2019-02-10 06:30:00,0.2916128,0.74657494
2019-02-10 07:00:00,0.7591587,0.4154924
2019-02-10 07:30:00,0.91637635,-0.10833934
2019-02-10 08:00:00,0.4925108,-0.5681558
2019-02-10 08:30:00,0.16863766,-0.91944665
2019-02-10 09:00:00,0.13999224,-1.3277574
2019-02-10 09:30:00,-0.15873533,-1.5737033
2019-02-10 10:00:00,-0.45746294,-2.0753257
2019-02-10 10:30:00,-0.7561949,-2.0601246
2019-02-10 11:00:00,-0.97857696,-2.3195193
2019-02-10 11:30:00,-1.1514456,-2.5804083
2019-02-10 12:00:00,-1.5401292,-2.6385381
2019-02-10 12:30:00,-1.3700395,-2.4796426
2019-02-10 13:00:00,-0.4622954,-2.2023773
2019-02-10 13:30:00,-1.051379,-1.8016868
2019-02-10 14:00:00,-1.6404624,-1.5357424
2019-02-10 14:30:00,-1.1747998,-1.2687407
2019-02-10 15:00:00,-1.0254207,-0.6405034
2019-02-10 15:30:00,-1.214434,-0.46564233
2019-02-10 16:00:00,-1.229753,-0.2699919
2019-02-10 16:30:00,-0.85363996,0.18193357
2019-02-10 17:00:00,-0.6700751,0.58907765
2019-02-10 17:30:00,-0.18871775,0.8790185
2019-02-10 18:00:00,0.29264396,1.1052194
2019-02-10 18:30:00,0.21746069,1.3323509
2019-02-10 19:00:00,0.8168253,1.5267473
2019-02-10 19:30:00,0.3246057,1.5509447
2019-02-10 20:00:00,0.62739676,1.6031015
2019-02-10 20:30:00,0.37921375,1.5423108
2019-02-10 21:00:00,0.32597768,1.6208804
2019-02-10 21:30:00,0.27274162,1.64437
2019-02-10 22:00:00,0.21950991,1.4288915
2019-02-10 22:30:00,0.50937647,1.3030763
2019-02-10 23:00:00,1.0899746,1.2124692
2019-02-10 23:30:00,3.1323104,0.9820956
2019-02-11 00:00:00,5.174646,1.230838
2019-02-11 00:30:00,4.0993247,1.099679
2019-02-11 01:00:00,3.0240076,1.1696934
2019-02-11 01:30:00,1.948686,0.9246912
2019-02-11 02:00:00,1.6673046,0.82717186
2019-02-11 02:30:00,1.3859278,0.80849725
2019-02-11 03:00:00,1.1045464,0.9262467
2019-02-11 03:30:00,0.8231695,1.1493628
2019-02-11 04:00:00,0.5417882,1.1698812
2019-02-11 04:30:00,0.26041132,1.2105685
2019-02-11 05:00:00,33.863804,1.2974442
2019-02-11 05:30:00,11.754194,1.2090436
2019-02-11 06:00:00,10.135275,1.1096848
2019-02-11 06:30:00,8.51635,0.91010195
2019-02-11 07:00:00,6.8974295,0.5699574
2019-02-11 07:30:00,5.278509,0.20005323
2019-02-11 08:00:00,3.6595895,-0.28865337
2019-02-11 08:30:00,2.0406694,-0.5945947
2019-02-11 09:00:00,0.4217493,-0.8813547
2019-02-11 09:30:00,-1.1971751,-1.0840485
2019-02-11 10:00:00,-1.4746284,-1.3861667
2019-02-11 10:30:00,-2.9753838,-1.4887196
2019-02-11 11:00:00,-3.4462416,-1.777568
2019-02-11 11:30:00,-5.5430193,-1.6868604
2019-02-11 12:00:00,-4.932238,-1.7229862
2019-02-11 12:30:00,-5.5911655,-1.7473934
2019-02-11 13:00:00,-7.276128,-1.4976636
2019-02-11 13:30:00,-5.431562,-1.2546889
2019-02-11 14:00:00,-5.8442855,-1.0066413
2019-02-11 14:30:00,-5.865005,-0.9288276
2019-02-11 15:00:00,-4.996065,-0.60451317
2019-02-11 15:30:00,-3.712776,-0.48669383
2019-02-11 16:00:00,-2.863734,-0.2827722
2019-02-11 16:30:00,-3.887152,-0.04560432
2019-02-11 17:00:00,-1.0488884,0.1910218
2019-02-11 17:30:00,-0.40429676,0.54750335
2019-02-11 18:00:00,0.2690233,0.8148634
2019-02-11 18:30:00,0.6480638,1.0328586
2019-02-11 19:00:00,0.81355697,1.322782
2019-02-11 19:30:00,0.878918,1.331962
2019-02-11 20:00:00,0.7889008,1.4336147
2019-02-11 20:30:00,0.7860301,1.4534254
2019-02-11 21:00:00,0.80027854,1.3451225
2019-02-11 21:30:00,2.3143563,1.3192384
2019-02-11 22:00:00,1.2916461,1.2194339
2019-02-11 22:30:00,0.26893592,1.1333579
2019-02-11 23:00:00,0.39366317,0.9651382
2019-02-11 23:30:00,0.5999966,1.010457
2019-02-12 00:00:00,0.5914589,2.0355399
2019-02-12 00:30:00,0.7552743,1.9231559
2019-02-12 01:00:00,1.0629547,1.7795793
2019-02-12 01:30:00,1.3255434,1.5725205
2019-02-12 02:00:00,1.2637085,1.4745424
2019-02-12 02:30:00,1.0515944,1.2673656
2019-02-12 03:00:00,0.90232015,1.1963551
2019-02-12 03:30:00,0.8642807,1.3248618
2019-02-12 04:00:00,1.2114381,1.2264249
2019-02-12 04:30:00,1.1353241,1.1154087
2019-02-12 05:00:00,1.1958395,1.9218451
2019-02-12 05:30:00,1.1140105,1.2441033
2019-02-12 06:00:00,1.0321771,0.95380414
2019-02-12 06:30:00,1.6226063,0.63952607
2019-02-12 07:00:00,0.87897915,0.36811125
2019-02-12 07:30:00,0.56852424,0.09726444
2019-02-12 08:00:00,0.06358555,-0.73292375
2019-02-12 08:30:00,-1.09741,-0.7421649
2019-02-12 09:00:00,-1.8757122,-1.4458126
2019-02-12 09:30:00,-0.946104,-1.3803337
2019-02-12 10:00:00,36.76638,-1.8942033
2019-02-12 10:30:00,15.085272,-2.3765874
2019-02-12 11:00:00,13.274459,-2.5130374
2019-02-12 11:30:00,11.463651,-3.0357594
2019-02-12 12:00:00,9.652838,-2.9563642
2019-02-12 12:30:00,7.8420243,-3.1448052
2019-02-12 13:00:00,-44.944344,-2.8479912
2019-02-12 13:30:00,-4.0930047,-2.7790954
2019-02-12 14:00:00,36.75833,-2.41017
2019-02-12 14:30:00,39.638557,-2.2438817
2019-02-12 15:00:00,-7.564212,-1.6461775
2019-02-12 15:30:00,-5.435595,-1.4234022
2019-02-12 16:00:00,-3.3069732,-1.0683713
2019-02-12 16:30:00,-1.1783564,-0.6314589
2019-02-12 17:00:00,0.9502606,-0.051135905
2019-02-12 17:30:00,3.078882,0.40477875
2019-02-12 18:00:00,5.207499,0.5725834
2019-02-12 18:30:00,2.4301353,0.72216344
2019-02-12 19:00:00,3.1004536,1.1685311
2019-02-12 19:30:00,2.0022016,1.144906
2019-02-12 20:00:00,0.9039499,0.8767027
2019-02-12 20:30:00,1.3066024,0.91902417
2019-02-12 21:00:00,2.7793941,0.5976372
2019-02-12 21:30:00,7.6820455,0.9128547
2019-02-12 22:00:00,3.2589996,0.77649623
2019-02-12 22:30:00,2.0679777,0.7005265
2019-02-12 23:00:00,9.052979,0.39896315
2019-02-12 23:30:00,-0.7551069,0.7358089
2019-02-13 00:00:00,1.116903,1.0213104
2019-02-13 00:30:00,5.494617,0.87890047
2019-02-13 01:00:00,9.872328,1.1647254
2019-02-13 01:30:00,10.080413,1.6826979
2019-02-13 02:00:00,10.288499,1.574561
2019-02-13 02:30:00,9.080593,1.5989506
2019-02-13 03:00:00,3.688436,2.0197577
2019-02-13 03:30:00,-1.7037174,2.4795918
2019-02-13 04:00:00,-5.0244,2.4670343
2019-02-13 04:30:00,-8.345083,2.5234337
2019-02-13 05:00:00,18.043129,2.687271
2019-02-13 05:30:00,-4.4510508,2.5791123
2019-02-13 06:00:00,-0.25964528,2.5056899
2019-02-13 06:30:00,3.931756,2.3362074
2019-02-13 07:00:00,1.8680673,1.5588533
2019-02-13 07:30:00,1.9888664,1.7124662
2019-02-13 08:00:00,2.1096656,1.0581048
2019-02-13 08:30:00,-0.27073905,0.25880343
2019-02-13 09:00:00,-2.6511436,-0.48558402
2019-02-13 09:30:00,-5.031544,-0.42526525
2019-02-13 10:00:00,2.957056,1.336445
2019-02-13 10:30:00,0.47819683,0.06286024
2019-02-13 11:00:00,-2.0006623,-0.38620332
2019-02-13 11:30:00,-2.5419233,-0.24028474
2019-02-13 12:00:00,-2.8280234,-0.8389852
2019-02-13 12:30:00,-2.799614,-0.5353115
2019-02-13 13:00:00,-3.4636536,-6.0451446
2019-02-13 13:30:00,-2.711078,-2.6263826
2019-02-13 14:00:00,-1.6763828,-0.31207743
2019-02-13 14:30:00,-4.14299,2.8260894
2019-02-13 15:00:00,-6.6095934,-0.87097317
2019-02-13 15:30:00,-9.076197,-1.4321628
2019-02-13 16:00:00,-11.542804,-0.13316157
2019-02-13 16:30:00,-14.009409,0.05442304
2019-02-13 17:00:00,-16.476015,0.18202096
2019-02-13 17:30:00,-18.94262,-0.00744248
2019-02-13 18:00:00,-21.409224,0.8583646
2019-02-13 18:30:00,-23.87583,1.4669485
2019-02-13 19:00:00,-26.342434,1.2778608
2019-02-13 19:30:00,-28.80904,1.2500762
2019-02-13 20:00:00,-31.275644,1.7005248
2019-02-13 20:30:00,-33.74225,1.7473904
2019-02-13 21:00:00,-36.208855,0.95723844
2019-02-13 21:30:00,-38.675457,1.528329
2019-02-13 22:00:00,-41.142063,2.1372144
2019-02-13 22:30:00,-38.95355,2.2425418
2019-02-13 23:00:00,-36.765038,2.162941
2019-02-13 23:30:00,-34.576527,1.8424672
2019-02-14 00:00:00,-32.388016,1.8180164
2019-02-14 00:30:00,-30.199503,1.7905245
2019-02-14 01:00:00,-28.01099,1.8063197
2019-02-14 01:30:00,-25.822477,1.829901
2019-02-14 02:00:00,-23.633966,1.8917621
2019-02-14 02:30:00,-21.445454,2.7337346
2019-02-14 03:00:00,-19.25694,1.8617579
2019-02-14 03:30:00,-17.068428,1.3098662
2019-02-14 04:00:00,-14.879915,1.6496394
2019-02-14 04:30:00,-12.691403,1.544583
2019-02-14 05:00:00,-10.502892,1.9254454
2019-02-14 05:30:00,-8.31438,0.80268604
2019-02-14 06:00:00,-6.125868,0.8837374
2019-02-14 06:30:00,-3.9373558,1.486864
2019-02-14 07:00:00,-1.7488396,1.2733779
2019-02-14 07:30:00,0.43967232,0.47032765
2019-02-14 08:00:00,2.6281843,0.06701112
2019-02-14 08:30:00,4.816696,1.078291
2019-02-14 09:00:00,7.005208,0.2985688
2019-02-14 09:30:00,8.252188,-0.61648077
2019-02-14 10:00:00,5.389775,0.054379348
2019-02-14 10:30:00,2.5273619,-0.22910796
2019-02-14 11:00:00,-0.33505142,-1.8686383
2019-02-14 11:30:00,-3.19746,-2.3198078
2019-02-14 12:00:00,-1.4822879,-1.9160237
2019-02-14 12:30:00,-1.6480695,-0.64933825
2019-02-14 13:00:00,-1.6885777,-1.2136694
2019-02-14 13:30:00,-2.2473161,-1.5099851
2019-02-14 14:00:00,-1.9209785,-2.1479223
2019-02-14 14:30:00,-2.2602494,-1.7902391
2019-02-14 15:00:00,-1.788605,-0.8271224
2019-02-14 15:30:00,-1.7440027,-1.7547033
2019-02-14 16:00:00,-0.6642945,-2.1821167
2019-02-14 16:30:00,-2.5243146,-1.7913358
2019-02-14 17:00:00,-4.384335,-1.1647066
2019-02-14 17:30:00,15.100184,-1.1913115
2019-02-14 18:00:00,34.5847,-2.1870017
2019-02-14 18:30:00,34.200138,-2.0876384
2019-02-14 19:00:00,33.815586,-2.0847197
2019-02-14 19:30:00,4.5428915,-2.133368
2019-02-14 20:00:00,4.2602825,-3.0988746
2019-02-14 20:30:00,5.2836347,-3.7423563
2019-02-14 21:00:00,6.3069873,-3.9116552
2019-02-14 21:30:00,9.004794,-2.974287
2019-02-14 22:00:00,3.7337155,-2.921759
2019-02-14 22:30:00,4.0630417,-3.8878949
2019-02-14 23:00:00,10.10382,-4.1289735
2019-02-14 23:30:00,5.4427094,-3.0755904
2019-02-15 00:00:00,0.7815996,-2.4275863
2019-02-15 00:30:00,0.9750741,-3.2734299
2019-02-15 01:00:00,0.85590464,-3.4863522
2019-02-15 01:30:00,1.6969244,-2.7700815
2019-02-15 02:00:00,0.93605584,-2.6906164
2019-02-15 02:30:00,0.70892435,-3.2465627
2019-02-15 03:00:00,2.1193218,-2.6337407
2019-02-15 03:30:00,2.3103497,-2.0173924
2019-02-15 04:00:00,3.6084945,-1.1224157
2019-02-15 04:30:00,10.055018,-0.40387732
2019-02-15 05:00:00,16.501537,0.5541316
2019-02-15 05:30:00,11.811372,0.67733836
2019-02-15 06:00:00,7.1212053,0.6050476
2019-02-15 06:30:00,4.4733753,1.0519876
2019-02-15 07:00:00,1.8255448,0.91861343
2019-02-15 07:30:00,1.0690018,0.84455746
2019-02-15 08:00:00,0.48477706,1.0412959
2019-02-15 08:30:00,0.9458956,1.0601627
2019-02-15 09:00:00,0.6616087,0.7104492
2019-02-15 09:30:00,-0.57462245,0.6380842
2019-02-15 10:00:00,-1.810858,0.8407998
2019-02-15 10:30:00,-1.9349169,0.14722352
2019-02-15 11:00:00,-1.9446298,-0.4734984
2019-02-15 11:30:00,-1.2674603,-0.8521238
2019-02-15 12:00:00,-1.3702404,-0.9603044
2019-02-15 12:30:00,-3.1649435,-0.67199326
2019-02-15 13:00:00,-4.959651,0.38438267
2019-02-15 13:30:00,-2.4041228,1.4342746
2019-02-15 14:00:00,-2.7129261,1.1217791
2019-02-15 14:30:00,-1.8750918,-0.10859276
2019-02-15 15:00:00,-2.290861,0.50038874
2019-02-15 15:30:00,-1.1568593,0.3406805
2019-02-15 16:00:00,-0.36563683,0.37452543
2019-02-15 16:30:00,-0.70662034,1.3736411
2019-02-15 17:00:00,-0.15048164,1.1520587
2019-02-15 17:30:00,0.405657,3.1749508
2019-02-15 18:00:00,0.58629,4.659094
2019-02-15 18:30:00,0.69655037,5.3428698
2019-02-15 19:00:00,0.80681074,5.075038
2019-02-15 19:30:00,0.59363925,4.02193
2019-02-15 20:00:00,0.60542333,3.4502368
2019-02-15 20:30:00,0.7581843,3.4571972
2019-02-15 21:00:00,0.7155832,2.704814
2019-02-15 21:30:00,0.6002282,2.8633032
2019-02-15 22:00:00,0.65303606,1.8798426
2019-02-15 22:30:00,0.7406283,1.0113221
2019-02-15 23:00:00,0.6359432,0.84769905
2019-02-15 23:30:00,0.70885,0.052343234
2019-02-16 00:00:00,0.6280784,-0.54989636
2019-02-16 00:30:00,0.54730237,-0.3301796
2019-02-16 01:00:00,0.9530526,-0.036634058
2019-02-16 01:30:00,0.6619976,-0.1693004
2019-02-16 02:00:00,0.6423312,-0.3730516
2019-02-16 02:30:00,0.6058472,0.065647885
2019-02-16 03:00:00,0.65507656,0.13188274
2019-02-16 03:30:00,0.4801368,0.79416585
2019-02-16 04:00:00,0.92763615,0.9535638
2019-02-16 04:30:00,0.74070257,1.0630202
2019-02-16 05:00:00,0.6176051,1.3279859
2019-02-16 05:30:00,0.28954172,1.6815138
2019-02-16 06:00:00,1.1802235,2.2395487
2019-02-16 06:30:00,1.215235,2.653094
2019-02-16 07:00:00,0.31176856,2.4137197
2019-02-16 07:30:00,0.40252417,1.8994391
2019-02-16 08:00:00,-1.2490655,0.9405956
2019-02-16 08:30:00,-1.9795715,0.7481916
2019-02-16 09:00:00,-2.347741,0.0389512
2019-02-16 09:30:00,-2.7159061,-0.5273593
2019-02-16 10:00:00,-2.18587,-1.2580358
2019-02-16 10:30:00,-4.620271,-2.0291984
2019-02-16 11:00:00,-6.00319,-2.8849254
2019-02-16 11:30:00,-6.8374243,-3.0072844
2019-02-16 12:00:00,-5.736197,-3.6143785
2019-02-16 12:30:00,-7.0080166,-4.1976027
2019-02-16 13:00:00,-5.4245796,-4.170587
2019-02-16 13:30:00,-2.4261007,-3.9884377
2019-02-16 14:00:00,-3.871973,-3.6844625
2019-02-16 14:30:00,-3.6233225,-3.875145
2019-02-16 15:00:00,-2.4249165,-3.4750662
2019-02-16 15:30:00,-1.3700001,-2.7910414
2019-02-16 16:00:00,-1.0921056,-1.9608532
2019-02-16 16:30:00,-0.814211,-1.383296
2019-02-16 17:00:00,-0.63043207,-0.656753
2019-02-16 17:30:00,-1.1590483,-0.47499272
2019-02-16 18:00:00,1.1496205,-0.7213013
2019-02-16 18:30:00,1.2044908,-0.31485632
2019-02-16 19:00:00,1.1349746,0.021089327
2019-02-16 19:30:00,0.51593924,-0.005773391
2019-02-16 20:00:00,1.0287733,-0.032653585
2019-02-16 20:30:00,0.87215424,0.03189908
2019-02-16 21:00:00,0.7541732,-0.048549253
2019-02-16 21:30:00,0.70772713,0.14889698
2019-02-16 22:00:00,0.6751799,-0.42450935
2019-02-16 22:30:00,0.6427506,-0.43245283
2019-02-16 23:00:00,0.6103214,-0.48759392
2019-02-16 23:30:00,0.54088813,-0.14491074
2019-02-17 00:00:00,0.540342,0.32661122
2019-02-17 00:30:00,0.50346476,0.30056995
2019-02-17 01:00:00,0.535977,0.63167
2019-02-17 01:30:00,0.5420111,0.899183
2019-02-17 02:00:00,0.7655117,1.032461
2019-02-17 02:30:00,0.30714142,1.0694431
2019-02-17 03:00:00,0.41340822,1.2986676
2019-02-17 03:30:00,0.46658748,1.5398903
2019-02-17 04:00:00,0.5151571,1.836206
2019-02-17 04:30:00,0.46202588,1.7610314
2019-02-17 05:00:00,0.6683987,1.946178
2019-02-17 05:30:00,0.8747758,1.9105678
2019-02-17 06:00:00,1.0419993,1.5193806
2019-02-17 06:30:00,0.88617545,1.3671745
2019-02-17 07:00:00,0.94583446,0.75395477
2019-02-17 07:30:00,0.91449755,0.32614806
2019-02-17 08:00:00,-0.51554024,-0.15246096
2019-02-17 08:30:00,-1.9455736,-0.7201522
2019-02-17 09:00:00,-3.3016558,-1.3186866
2019-02-17 09:30:00,-4.582651,-1.2860782
2019-02-17 10:00:00,-7.237547,-1.7604184
2019-02-17 10:30:00,-7.7542214,-2.019101
2019-02-17 11:00:00,-6.3646746,-2.3015876
2019-02-17 11:30:00,-7.3085265,-2.4958704
2019-02-17 12:00:00,-6.520022,-1.7945386
2019-02-17 12:30:00,-5.6347847,-2.0213249
2019-02-17 13:00:00,-3.9685528,-2.0047388
2019-02-17 13:30:00,-5.0602727,-0.9311521
2019-02-17 14:00:00,-4.906909,-0.78811294
2019-02-17 14:30:00,-4.949462,-0.07199078
2019-02-17 15:00:00,-4.233947,0.25869855
2019-02-17 15:30:00,-2.6933427,0.515629
2019-02-17 16:00:00,-1.7421327,0.8656876
2019-02-17 16:30:00,-1.9483132,1.4976344
2019-02-17 17:00:00,-1.6555542,2.3174717
2019-02-17 17:30:00,-0.33483297,2.3307939
2019-02-17 18:00:00,0.6484439,2.6390684
2019-02-17 18:30:00,0.75876105,2.6004434
2019-02-17 19:00:00,1.2252146,2.483441
2019-02-17 19:30:00,1.2205175,2.5380142
2019-02-17 20:00:00,1.2158161,2.7452872
2019-02-17 20:30:00,1.38567,2.7284827
2019-02-17 21:00:00,1.3948237,2.708672
2019-02-17 21:30:00,1.2047573,2.7014189
2019-02-17 22:00:00,0.99509007,2.4643822
2019-02-17 22:30:00,1.1730796,2.384183
2019-02-17 23:00:00,0.9980175,2.2555623
2019-02-17 23:30:00,1.0828614,2.0328045
2019-02-18 00:00:00,1.2712281,2.132194
2019-02-18 00:30:00,1.1703575,2.2418687
2019-02-18 01:00:00,1.1914746,2.3305273
2019-02-18 01:30:00,1.0175397,2.14445
2019-02-18 02:00:00,0.81467116,2.0853808
2019-02-18 02:30:00,0.9642818,2.1032689
2019-02-18 03:00:00,1.6250925,2.0977592
2019-02-18 03:30:00,2.2858987,2.2065122
2019-02-18 04:00:00,2.9467094,2.2212367
2019-02-18 04:30:00,3.60752,2.2178898
2019-02-18 05:00:00,7.8887806,2.0859096
2019-02-18 05:30:00,13.63001,1.8028548
2019-02-18 06:00:00,-9.17725,1.7561902
2019-02-18 06:30:00,1.5117124,1.536456
2019-02-18 07:00:00,12.200676,1.0377785
2019-02-18 07:30:00,22.889637,0.7117644
2019-02-18 08:00:00,41.220985,0.19096938
2019-02-18 08:30:00,8.883694,-0.41362533
2019-02-18 09:00:00,23.505816,-0.94427323
2019-02-18 09:30:00,38.127945,-1.2843435
2019-02-18 10:00:00,52.750065,-2.2900133
2019-02-18 10:30:00,44.300873,-3.2973301
2019-02-18 11:00:00,35.85168,-3.6871977
2019-02-18 11:30:00,27.40249,-4.129432
2019-02-18 12:00:00,34.868317,-4.0245895
2019-02-18 12:30:00,27.957695,-3.9923484
2019-02-18 13:00:00,21.047073,-3.3910089
2019-02-18 13:30:00,14.136452,-3.0502262
2019-02-18 14:00:00,7.225825,-2.6412296
2019-02-18 14:30:00,0.31520286,-2.4468377
2019-02-18 15:00:00,-6.5954194,-1.8610705
2019-02-18 15:30:00,-13.506041,-1.3729233
2019-02-18 16:00:00,-16.37545,-0.9530731
2019-02-18 16:30:00,-19.244856,-0.48782113
2019-02-18 17:00:00,-22.114265,-0.08390598
2019-02-18 17:30:00,0.11627545,0.45097584
2019-02-18 18:00:00,22.346813,0.8674659
2019-02-18 18:30:00,44.57736,1.2576745
2019-02-18 19:00:00,40.50687,1.591632
2019-02-18 19:30:00,36.436386,1.7312587
2019-02-18 20:00:00,32.3659,1.8732536
2019-02-18 20:30:00,28.29541,1.9127656
2019-02-18 21:00:00,24.22493,1.8312643
2019-02-18 21:30:00,20.154448,1.8528401
2019-02-18 22:00:00,16.08396,1.5354291
2019-02-18 22:30:00,12.013475,1.4212189
2019-02-18 23:00:00,7.9429913,1.2040321
2019-02-18 23:30:00,3.8725076,1.1122147
2019-02-19 00:00:00,-0.1979764,1.8000759
2019-02-19 00:30:00,-4.2684646,1.6979994
2019-02-19 01:00:00,4.441807,1.7891438
2019-02-19 01:30:00,11.768705,1.6956398
2019-02-19 02:00:00,8.211815,1.6753705
2019-02-19 02:30:00,4.65493,1.5514078
2019-02-19 03:00:00,12.799184,1.6452657
2019-02-19 03:30:00,10.531482,1.6378859
2019-02-19 04:00:00,7.8392763,1.4638157
2019-02-19 04:30:00,4.455269,1.2702231
2019-02-19 05:00:00,3.838051,1.302233
2019-02-19 05:30:00,9.369731,1.0620983
2019-02-19 06:00:00,-2.8308153,0.66565037
2019-02-19 06:30:00,4.346061,0.47675493
2019-02-19 07:00:00,0.42574286,0.3081595
2019-02-19 07:30:00,0.24654303,-0.13407914
2019-02-19 08:00:00,-0.057593793,-1.0782024
2019-02-19 08:30:00,-0.23888218,-1.976727
2019-02-19 09:00:00,-0.8241906,-2.2331376
2019-02-19 09:30:00,-1.5982983,-2.848306
2019-02-19 10:00:00,-2.2075462,-0.13663958
2019-02-19 10:30:00,-1.6358484,-1.4556348
2019-02-19 11:00:00,-1.7068677,-2.2812526
2019-02-19 11:30:00,-1.1926354,-2.5400574
2019-02-19 12:00:00,-1.3224791,-3.4436681
2019-02-19 12:30:00,-1.9550071,-3.5699465
2019-02-19 13:00:00,-1.803155,-4.455612
2019-02-19 13:30:00,-1.9312903,-4.8163238
2019-02-19 14:00:00,-3.1554751,-4.632855
2019-02-19 14:30:00,-2.2701895,-4.7296796
2019-02-19 15:00:00,-2.2921193,-3.9222772
2019-02-19 15:30:00,-1.9094042,-3.7435055
2019-02-19 16:00:00,-1.0073316,-3.3014505
2019-02-19 16:30:00,-0.5725995,-2.539756
2019-02-19 17:00:00,-0.97983533,-1.8055274
2019-02-19 17:30:00,-0.106342554,-0.83042127
2019-02-19 18:00:00,0.1692581,-0.5607017
2019-02-19 18:30:00,0.44485873,-1.0694767
2019-02-19 19:00:00,1.0091943,-0.8891147
2019-02-19 19:30:00,0.93993586,-0.81398815
2019-02-19 20:00:00,1.181023,-0.5955167
2019-02-19 20:30:00,0.8298721,-0.89962727
2019-02-19 21:00:00,0.9536993,-1.2510972
2019-02-19 21:30:00,1.061255,-1.2934755
2019-02-19 22:00:00,1.1688151,-1.2368969
2019-02-19 22:30:00,0.36566442,-1.347699
2019-02-19 23:00:00,0.6373982,-1.8495748
2019-02-19 23:30:00,0.6401509,-1.4960382
2019-02-20 00:00:00,1.1364863,-0.3170847
2019-02-20 00:30:00,1.4300363,0.38636637
2019-02-20 01:00:00,1.7235862,0.41034093
2019-02-20 01:30:00,0.69578135,0.5673183
2019-02-20 02:00:00,0.83516777,0.80201316
2019-02-20 02:30:00,1.014123,1.232057
2019-02-20 03:00:00,0.42051715,1.704147
2019-02-20 03:30:00,1.4352969,2.203104
2019-02-20 04:00:00,1.0302764,2.092433
2019-02-20 04:30:00,0.88482094,2.2469373
2019-02-20 05:00:00,0.8966182,2.2403047
2019-02-20 05:30:00,1.1980635,2.57168
2019-02-20 06:00:00,0.7540509,2.9617488
2019-02-20 06:30:00,1.0224901,3.7328198
2019-02-20 07:00:00,1.0891707,3.75537
2019-02-20 07:30:00,0.64882404,3.380074
2019-02-20 08:00:00,-0.6128892,3.5776381
2019-02-20 08:30:00,-1.8347191,3.4759023
2019-02-20 09:00:00,-2.0898056,3.0755482
2019-02-20 09:30:00,-2.311637,1.3417755
2019-02-20 10:00:00,-2.58057,0.096023545
2019-02-20 10:30:00,13.226231,-0.53068
2019-02-20 11:00:00,29.033033,-2.8603084
2019-02-20 11:30:00,36.55213,-3.7554338
2019-02-20 12:00:00,28.235262,-5.183348
2019-02-20 12:30:00,19.918385,-4.9679136
2019-02-20 13:00:00,-14.936499,-3.4600575
2019-02-20 13:30:00,-0.5639569,-3.7120855
2019-02-20 14:00:00,13.808585,-3.181062
2019-02-20 14:30:00,28.181126,-3.1917973
2019-02-20 15:00:00,13.4355,-1.8983454
2019-02-20 15:30:00,-1.3101226,-0.5030308
2019-02-20 16:00:00,2.499114,0.44668075
2019-02-20 16:30:00,6.30835,0.9238217
2019-02-20 17:00:00,4.3400884,1.3641946
2019-02-20 17:30:00,2.3718264,1.7292489
2019-02-20 18:00:00,0.96853316,1.9512159
2019-02-20 18:30:00,1.3708447,2.0015419
2019-02-20 19:00:00,1.7731564,1.9329345
2019-02-20 19:30:00,2.175468,2.0918868
2019-02-20 20:00:00,2.5777798,2.7830122
2019-02-20 20:30:00,2.9800913,2.8921232
2019-02-20 21:00:00,3.382403,3.136234
2019-02-20 21:30:00,0.29288426,2.5396223
2019-02-20 22:00:00,0.27320477,2.0782456
2019-02-20 22:30:00,0.59652734,1.6938746
2019-02-20 23:00:00,0.91985434,1.2153486
2019-02-20 23:30:00,1.0598394,1.7261161
2019-02-21 00:00:00,1.1998243,2.0581293
2019-02-21 00:30:00,1.1999947,2.2652972
2019-02-21 01:00:00,0.4435261,3.0717294
2019-02-21 01:30:00,0.87343884,3.4719307
2019-02-21 02:00:00,0.82041687,4.028454
2019-02-21 02:30:00,1.0998975,3.2861068
2019-02-21 03:00:00,1.207829,2.9971666
2019-02-21 03:30:00,0.7815603,4.5700994
2019-02-21 04:00:00,1.0463425,4.1856017
2019-02-21 04:30:00,1.1999379,4.3784513
2019-02-21 05:00:00,1.0948553,4.808866
2019-02-21 05:30:00,0.7446918,4.744816
2019-02-21 06:00:00,0.49317494,5.2609706
2019-02-21 06:30:00,0.9420768,4.350968
2019-02-21 07:00:00,1.7309791,3.8646514
2019-02-21 07:30:00,1.0586246,2.9787674
2019-02-21 08:00:00,0.09189452,1.9431674
2019-02-21 08:30:00,-0.7456866,1.3247263
2019-02-21 09:00:00,-1.1308792,0.9915902
2019-02-21 09:30:00,-1.0813308,0.26345238
2019-02-21 10:00:00,-1.3274864,-0.48115787
2019-02-21 10:30:00,-2.3418992,0.23993222
2019-02-21 11:00:00,-2.4299326,2.2700074
2019-02-21 11:30:00,-2.9813435,5.4869313
2019-02-21 12:00:00,-4.749311,5.854437
2019-02-21 12:30:00,-4.1171894,5.966777
2019-02-21 13:00:00,-3.3671086,0.6246834
2019-02-21 13:30:00,-2.6405568,1.1788559
2019-02-21 14:00:00,-2.5875084,4.981167
2019-02-21 14:30:00,-2.0674477,9.866748
2019-02-21 15:00:00,-1.6747093,7.460961
2019-02-21 15:30:00,-0.44123083,3.536339
2019-02-21 16:00:00,-1.7142956,3.1601562
2019-02-21 16:30:00,-1.8807107,3.6413739
2019-02-21 17:00:00,-1.3001868,3.2912278
2019-02-21 17:30:00,0.45627147,2.3777294
2019-02-21 18:00:00,0.39346653,2.7183938
2019-02-21 18:30:00,10.6304655,2.6837144
2019-02-21 19:00:00,20.867466,2.5912242
2019-02-21 19:30:00,31.10447,2.5769758
2019-02-21 20:00:00,18.113873,2.3954513
2019-02-21 20:30:00,5.1232796,2.151371
2019-02-21 21:00:00,10.109976,2.122612
2019-02-21 21:30:00,11.907375,1.9659187
2019-02-21 22:00:00,13.704774,2.0668724
2019-02-21 22:30:00,15.502172,2.0022979
2019-02-21 23:00:00,22.63244,1.9316411
2019-02-21 23:30:00,29.762705,2.077398
2019-02-22 00:00:00,27.913643,1.7277807
2019-02-22 00:30:00,26.06458,1.6703632
2019-02-22 01:00:00,24.215519,1.4378136
2019-02-22 01:30:00,22.36646,0.8885087
2019-02-22 02:00:00,20.517399,1.0770283
2019-02-22 02:30:00,18.668337,1.1855497
2019-02-22 03:00:00,16.819277,1.1533782
2019-02-22 03:30:00,14.970219,0.96829724
2019-02-22 04:00:00,13.121157,1.0178893
2019-02-22 04:30:00,11.272095,1.0706534
2019-02-22 05:00:00,9.423033,1.1459198
2019-02-22 05:30:00,7.57397,0.8168034
2019-02-22 06:00:00,5.7249074,0.74605066
2019-02-22 06:30:00,3.8758502,0.77878577
2019-02-22 07:00:00,4.976225,0.89029574
2019-02-22 07:30:00,6.076605,0.5913366
2019-02-22 08:00:00,7.1769843,0.3327414
2019-02-22 08:30:00,1.4100246,0.357852
2019-02-22 09:00:00,0.72773874,0.5901525
2019-02-22 09:30:00,0.04545278,0.39361072
2019-02-22 10:00:00,-0.6368332,0.34846666
2019-02-22 10:30:00,-1.3191191,0.15687539
2019-02-22 11:00:00,-6.576841,-0.5283817
2019-02-22 11:30:00,-11.834558,-1.297303
2019-02-22 12:00:00,4.779797,-1.621233
2019-02-22 12:30:00,-2.5069118,-1.0715828
2019-02-22 13:00:00,0.11509136,-1.0839567
2019-02-22 13:30:00,-1.5277466,-0.95952225
2019-02-22 14:00:00,-3.1705842,-1.5242641
2019-02-22 14:30:00,-2.9428935,-1.2055249
2019-02-22 15:00:00,-5.465874,-0.45564964
2019-02-22 15:30:00,-5.907903,-0.1705413
2019-02-22 16:00:00,-3.6969328,-0.20269091
2019-02-22 16:30:00,-3.364404,0.14134237
2019-02-22 17:00:00,-2.4257205,1.1756837
2019-02-22 17:30:00,-2.0628948,1.5455354
2019-02-22 18:00:00,-0.05415949,1.3308479
2019-02-22 18:30:00,0.6748347,2.330226
2019-02-22 19:00:00,1.4038333,4.443161
2019-02-22 19:30:00,1.546606,6.1070023
2019-02-22 20:00:00,0.9475647,5.368754
2019-02-22 20:30:00,1.0830798,3.7663064
2019-02-22 21:00:00,0.42985004,4.1049128
2019-02-22 21:30:00,0.78316385,4.972926
2019-02-22 22:00:00,0.9010006,5.1748247
2019-02-22 22:30:00,1.0188375,5.3449454
2019-02-22 23:00:00,1.1366786,6.3420205
2019-02-22 23:30:00,1.2545154,8.935684
2019-02-23 00:00:00,5.19242,9.695932
2019-02-23 00:30:00,2.9992027,9.606746
2019-02-23 01:00:00,1.4331123,8.49646
2019-02-23 01:30:00,0.45571655,8.427035
2019-02-23 02:00:00,-0.5216835,8.061649
2019-02-23 02:30:00,-1.4990792,6.0017533
2019-02-23 03:00:00,-2.4764748,4.8126283
2019-02-23 03:30:00,-3.4538748,3.5746145
2019-02-23 04:00:00,-4.4312706,2.870399
2019-02-23 04:30:00,3.6482031,2.468131
2019-02-23 05:00:00,2.2206514,2.6452074
2019-02-23 05:30:00,2.1207943,2.1417148
2019-02-23 06:00:00,2.0209332,1.798647
2019-02-23 06:30:00,3.8081384,2.2265236
2019-02-23 07:00:00,3.3111913,1.7001053
2019-02-23 07:30:00,2.814244,1.1978319
2019-02-23 08:00:00,9.057038,1.2653164
2019-02-23 08:30:00,-1.0097872,0.91914654
2019-02-23 09:00:00,-3.2328823,0.48212048
2019-02-23 09:30:00,-4.1363573,0.08778734
2019-02-23 10:00:00,-1.8232058,-0.22732528
2019-02-23 10:30:00,-2.825249,-0.41512838
2019-02-23 11:00:00,-2.825948,-1.9936101
2019-02-23 11:30:00,-4.3120837,-3.607204
2019-02-23 12:00:00,-4.1432,-2.1194167
2019-02-23 12:30:00,-7.3206124,-3.4981625
2019-02-23 13:00:00,-9.280624,-3.0708497
2019-02-23 13:30:00,-7.5870504,-2.7278476
2019-02-23 14:00:00,-11.667854,-2.7063677
2019-02-23 14:30:00,-5.3955717,-2.7842512
2019-02-23 15:00:00,-8.465,-2.6049554
2019-02-23 15:30:00,-1.8066329,-2.3496504
2019-02-23 16:00:00,-2.2040813,-1.8104867
2019-02-23 16:30:00,-1.3050935,-0.7467265
2019-02-23 17:00:00,-0.40610567,0.17198458
2019-02-23 17:30:00,-0.22243598,1.0937498
2019-02-23 18:00:00,-0.45976993,1.5929646
2019-02-23 18:30:00,-0.6971039,2.4122777
2019-02-23 19:00:00,2.536367,2.4274917
2019-02-23 19:30:00,0.8609556,2.6236885
2019-02-23 20:00:00,-0.8144557,3.0293643
2019-02-23 20:30:00,-1.4228779,3.0368009
2019-02-23 21:00:00,-2.0313,3.1506486
2019-02-23 21:30:00,-2.6397266,3.285919
2019-02-23 22:00:00,-3.2481487,3.4344723
2019-02-23 22:30:00,-3.8565753,3.040209
2019-02-23 23:00:00,-4.464998,2.4924464
2019-02-23 23:30:00,-5.0734243,2.0001392
2019-02-24 00:00:00,-5.6818466,2.716834
2019-02-24 00:30:00,-6.290269,3.1778915
2019-02-24 01:00:00,-6.8986955,2.8803697
2019-02-24 01:30:00,-7.5071177,2.666473
2019-02-24 02:00:00,-8.115544,2.8566792
2019-02-24 02:30:00,-8.723967,2.5456126
2019-02-24 03:00:00,-9.332393,2.5040338
2019-02-24 03:30:00,-9.940815,2.5561557
2019-02-24 04:00:00,-10.549237,2.4555385
2019-02-24 04:30:00,-11.157663,2.9206157
2019-02-24 05:00:00,-11.766086,3.4706855
2019-02-24 05:30:00,-12.374513,3.2460837
2019-02-24 06:00:00,-12.982935,3.4187295
2019-02-24 06:30:00,-13.591359,3.164814
2019-02-24 07:00:00,-14.199783,2.869062
2019-02-24 07:30:00,-14.8082075,1.344939
2019-02-24 08:00:00,-15.416632,0.7661496
2019-02-24 08:30:00,-16.025057,-0.25784075
2019-02-24 09:00:00,-16.63348,-1.0570023
2019-02-24 09:30:00,-17.241903,-2.1476033
2019-02-24 10:00:00,-17.850328,-2.3845613
2019-02-24 10:30:00,-15.712133,-2.6203005
2019-02-24 11:00:00,-8.674239,-2.6865485
2019-02-24 11:30:00,-9.729618,-3.105398
2019-02-24 12:00:00,-11.541567,-3.0664847
2019-02-24 12:30:00,-5.858958,-4.0572987
2019-02-24 13:00:00,-10.293228,-3.401565
2019-02-24 13:30:00,-9.300597,-3.5556674
2019-02-24 14:00:00,-4.266717,-4.741254
2019-02-24 14:30:00,-6.1964984,-3.0680795
2019-02-24 15:00:00,-5.8822904,-2.4563277
2019-02-24 15:30:00,-7.7625713,-0.6496397
2019-02-24 16:00:00,-6.708843,-0.05089996
2019-02-24 16:30:00,-6.0762453,0.87207997
2019-02-24 17:00:00,-4.076991,1.7676336
2019-02-24 17:30:00,-1.5016702,2.6083126
2019-02-24 18:00:00,0.095722064,3.3728821
2019-02-24 18:30:00,0.16512033,3.6109152
2019-02-24 19:00:00,-0.2696773,4.1898093
2019-02-24 19:30:00,-0.7044706,4.2597537
2019-02-24 20:00:00,-1.1392639,4.128612
2019-02-24 20:30:00,-0.62476504,4.0343437
2019-02-24 21:00:00,-0.11026622,3.710357
2019-02-24 21:30:00,0.4042326,3.4637294
2019-02-24 22:00:00,1.1147357,3.2341335
2019-02-24 22:30:00,1.8252432,2.7798223
2019-02-24 23:00:00,2.5357466,2.297989
2019-02-24 23:30:00,3.2462497,2.0516539
2019-02-25 00:00:00,3.956753,1.7266666
2019-02-25 00:30:00,4.66726,1.7446638
2019-02-25 01:00:00,5.3777633,1.7539006
2019-02-25 01:30:00,6.0882664,1.4108461
2019-02-25 02:00:00,6.7987742,1.3323028
2019-02-25 02:30:00,7.5092773,1.2492591
2019-02-25 03:00:00,8.21978,1.2150296
2019-02-25 03:30:00,8.930284,1.5320561
2019-02-25 04:00:00,9.640792,1.6523309
2019-02-25 04:30:00,10.3512945,1.7374544
2019-02-25 05:00:00,11.061798,1.8936279
2019-02-25 05:30:00,4.5421443,1.6303182
2019-02-25 06:00:00,0.57792705,1.9152911
2019-02-25 06:30:00,4.4377565,1.6548607
2019-02-25 07:00:00,2.6276515,1.0365332
2019-02-25 07:30:00,0.8175462,0.36303407
2019-02-25 08:00:00,-2.5383315,-1.0859536
2019-02-25 08:30:00,-3.834711,-2.9581163
2019-02-25 09:00:00,-5.1310954,-4.804116
2019-02-25 09:30:00,-6.427475,-6.4733706
2019-02-25 10:00:00,-5.4425464,-8.969253
2019-02-25 10:30:00,-4.8023243,-10.245712
2019-02-25 11:00:00,-7.40027,-9.464997
2019-02-25 11:30:00,-9.956461,-9.103802
2019-02-25 12:00:00,-7.44783,-9.591958
2019-02-25 12:30:00,-7.6971445,-7.063826
2019-02-25 13:00:00,-9.704416,-7.293885
2019-02-25 13:30:00,-7.242121,-6.489869
2019-02-25 14:00:00,-7.6817994,-4.3944416
2019-02-25 14:30:00,-7.5466166,-4.2244782
2019-02-25 15:00:00,-7.7983603,-3.259732
2019-02-25 15:30:00,-6.2638564,-2.8423417
2019-02-25 16:00:00,-5.732789,-2.439235
2019-02-25 16:30:00,-3.2427263,-1.9052402
2019-02-25 17:00:00,-1.3324369,-1.2167454
2019-02-25 17:30:00,-0.94321585,-0.23899141
2019-02-25 18:00:00,0.2914118,0.35145095
2019-02-25 18:30:00,0.37117416,1.1418344
2019-02-25 19:00:00,-2.270006,1.3563691
2019-02-25 19:30:00,-4.911186,1.5899892
2019-02-25 20:00:00,-0.069377914,1.9421494
2019-02-25 20:30:00,2.5242596,1.9532257
2019-02-25 21:00:00,-31.331291,2.1570206
2019-02-25 21:30:00,-0.9408783,2.125321
2019-02-25 22:00:00,-1.8963224,2.1015475
2019-02-25 22:30:00,-0.080331855,1.9362464
2019-02-25 23:00:00,1.735663,1.7946098
2019-02-25 23:30:00,0.8547074,1.8896431
2019-02-26 00:00:00,1.6505133,2.611948
2019-02-26 00:30:00,6.557525,2.7565033
2019-02-26 01:00:00,0.754431,2.8362482
2019-02-26 01:30:00,-0.098547645,2.5130916
2019-02-26 02:00:00,-0.9515307,2.566214
2019-02-26 02:30:00,1.2569753,2.51823
2019-02-26 03:00:00,2.1027534,2.3436835
2019-02-26 03:30:00,2.412601,2.389841
2019-02-26 04:00:00,5.1147375,1.9610381
2019-02-26 04:30:00,1.9180655,1.8535348
2019-02-26 05:00:00,2.0734046,1.4276243
2019-02-26 05:30:00,1.7190988,0.8077807
2019-02-26 06:00:00,1.3605856,0.34664467
2019-02-26 06:30:00,1.5324973,-0.022551667
2019-02-26 07:00:00,0.8321747,-0.62642103
2019-02-26 07:30:00,0.6135372,-1.3287317
2019-02-26 08:00:00,-0.64627534,-2.1444967
2019-02-26 08:30:00,-2.0869918,-2.7995572
2019-02-26 09:00:00,-2.0629823,-3.474472
2019-02-26 09:30:00,-2.908485,-3.8327713
2019-02-26 10:00:00,-4.9413786,-4.625628
2019-02-26 10:30:00,-7.045763,-4.785642
2019-02-26 11:00:00,-7.7840333,-5.534456
2019-02-26 11:30:00,-7.8679466,-6.4256353
2019-02-26 12:00:00,-9.261976,-6.352257
2019-02-26 12:30:00,-5.9197006,-6.407542
2019-02-26 13:00:00,-3.3311443,-6.434217
2019-02-26 13:30:00,-3.9797559,-5.6742744
2019-02-26 14:00:00,-2.153952,-5.2303667
2019-02-26 14:30:00,-27.78792,-4.994597
2019-02-26 15:00:00,13.965392,-4.462031
2019-02-26 15:30:00,15.294341,-4.0002656
2019-02-26 16:00:00,16.623285,-3.5601373
2019-02-26 16:30:00,17.952234,-2.6437376
2019-02-26 17:00:00,19.281178,-2.0663247
2019-02-26 17:30:00,20.61012,-1.6831553
2019-02-26 18:00:00,21.93907,-1.0552195
2019-02-26 18:30:00,23.268015,-0.35332838
2019-02-26 19:00:00,24.596962,0.40490112
2019-02-26 19:30:00,25.925907,0.32018828
2019-02-26 20:00:00,27.25485,0.7488033
2019-02-26 20:30:00,28.583796,1.1006927
2019-02-26 21:00:00,29.91274,0.29722738
2019-02-26 21:30:00,31.241693,1.1974125
2019-02-26 22:00:00,32.570637,1.4245833
2019-02-26 22:30:00,14.986197,1.3702768
2019-02-26 23:00:00,8.441625,1.2182368
2019-02-26 23:30:00,10.144611,1.4937326
2019-02-27 00:00:00,4.80548,2.3203423
2019-02-27 00:30:00,8.034192,2.0088737
2019-02-27 01:00:00,11.262906,2.4685462
2019-02-27 01:30:00,14.491614,2.3177862
2019-02-27 02:00:00,2.1490772,2.1538005
2019-02-27 02:30:00,1.033632,2.617816
2019-02-27 03:00:00,0.91126424,2.3351283
2019-02-27 03:30:00,1.0762463,2.5487804
2019-02-27 04:00:00,1.1347561,2.4957104
2019-02-27 04:30:00,0.94923383,2.2567945
2019-02-27 05:00:00,1.2658057,2.1882832
2019-02-27 05:30:00,1.5017984,2.0109317
2019-02-27 06:00:00,1.4066472,1.7419505
2019-02-27 06:30:00,1.4402212,1.5022789
2019-02-27 07:00:00,1.3016956,0.9466603
2019-02-27 07:30:00,1.0788242,0.47250357
2019-02-27 08:00:00,0.5651424,-0.1845931
2019-02-27 08:30:00,-0.035716496,-0.73031527
2019-02-27 09:00:00,-1.1854304,-1.2757447
2019-02-27 09:30:00,2.1141267,-2.110442
2019-02-27 10:00:00,5.413684,-2.7555885
2019-02-27 10:30:00,8.713237,-3.0330198
2019-02-27 11:00:00,12.0127945,-4.267525
2019-02-27 11:30:00,15.312351,-4.458815
2019-02-27 12:00:00,18.611902,-4.6379976
2019-02-27 12:30:00,21.91146,-4.421195
2019-02-27 13:00:00,18.904915,-3.2011347
2019-02-27 13:30:00,5.389272,-3.1896257
2019-02-27 14:00:00,-8.126368,-2.9605105
2019-02-27 14:30:00,-13.685205,-6.491984
2019-02-27 15:00:00,-6.289784,-1.2694222
2019-02-27 15:30:00,-2.2001927,-0.48523885
2019-02-27 16:00:00,-0.2623674,-0.1528673
2019-02-27 16:30:00,-1.2168634,0.71445155
2019-02-27 17:00:00,-0.6445232,1.0090108
2019-02-27 17:30:00,0.88112015,1.7854036
2019-02-27 18:00:00,0.93172145,1.9171524
2019-02-27 18:30:00,0.9129333,2.4683537
2019-02-27 19:00:00,1.2301345,2.2977922
2019-02-27 19:30:00,0.96869045,2.8528297
2019-02-27 20:00:00,0.70724213,3.4420006
2019-02-27 20:30:00,7.622963,4.0076995
2019-02-27 21:00:00,1.4096751,4.02848
2019-02-27 21:30:00,1.226639,4.8911757
2019-02-27 22:00:00,1.0436072,6.81259
2019-02-27 22:30:00,0.8605711,5.6749005
2019-02-27 23:00:00,0.46379983,4.4456606
2019-02-27 23:30:00,0.42301202,4.160469
2019-02-28 00:00:00,0.7267556,3.7576683
2019-02-28 00:30:00,0.8708085,3.6817114
2019-02-28 01:00:00,1.0148658,3.4166105
2019-02-28 01:30:00,1.2681828,4.0060043
2019-02-28 02:00:00,1.521504,2.5372803
2019-02-28 02:30:00,1.774821,2.7894175
2019-02-28 03:00:00,0.49040475,2.4785562
2019-02-28 03:30:00,1.2351242,2.9069877
2019-02-28 04:00:00,0.7785192,2.9624958
2019-02-28 04:30:00,0.32190982,2.5599308
2019-02-28 05:00:00,1.6286316,2.499398
2019-02-28 05:30:00,0.20968327,3.003677
2019-02-28 06:00:00,4.772404,2.2767625
2019-02-28 06:30:00,1.8723142,1.8007487
2019-02-28 07:00:00,2.1592402,0.4177863
2019-02-28 07:30:00,1.3068732,-0.08190482
2019-02-28 08:00:00,0.40526813,-0.77480394
2019-02-28 08:30:00,-0.49633697,-2.089207
2019-02-28 09:00:00,-2.1107392,-2.5545986
2019-02-28 09:30:00,-3.2648702,-3.0289302
2019-02-28 10:00:00,-4.6026583,-2.8012087
2019-02-28 10:30:00,-5.266073,-2.433498
2019-02-28 11:00:00,-5.378942,-2.1035297
2019-02-28 11:30:00,-7.1565084,-1.6303649
2019-02-28 12:00:00,-8.100313,-1.1319889
2019-02-28 12:30:00,-9.044449,-1.1900487
2019-02-28 13:00:00,-7.0393357,-0.70034593
2019-02-28 13:30:00,-7.1233454,-0.7580431
2019-02-28 14:00:00,-5.8376923,-1.0364882
2019-02-28 14:30:00,-4.813204,-1.7361641
2019-02-28 15:00:00,-7.0802283,-1.3000994
2019-02-28 15:30:00,-6.868783,-0.8650527
2019-02-28 16:00:00,-6.4911757,0.3905347
2019-02-28 16:30:00,-4.9486666,1.3469882
2019-02-28 17:00:00,-4.287904,1.6327606
2019-02-28 17:30:00,-1.9463819,2.7227502
2019-02-28 18:00:00,-0.16230072,3.9397693
2019-02-28 18:30:00,0.6154641,4.7787175
2019-02-28 19:00:00,3.0485675,4.3047013
2019-02-28 19:30:00,1.7767174,4.8851156
2019-02-28 20:00:00,1.0698582,5.314858
2019-02-28 20:30:00,5.167755,6.015329
2019-02-28 21:00:00,0.8618251,5.450766
2019-02-28 21:30:00,4.2588844,5.870459
2019-02-28 22:00:00,3.8154309,4.9761596
2019-02-28 22:30:00,1.586096,4.5764217
2019-02-28 23:00:00,2.3245544,4.7523093
2019-02-28 23:30:00,1.7660955,3.7840502
2019-03-01 00:00:00,1.5369104,3.2166169
2019-03-01 00:30:00,1.3077296,2.5846002
2019-03-01 01:00:00,0.4901863,2.492477
2019-03-01 01:30:00,1.5139889,2.147124
2019-03-01 02:00:00,2.5377915,1.5108823
2019-03-01 02:30:00,2.883494,1.9258299
2019-03-01 03:00:00,1.4735156,1.730197
2019-03-01 03:30:00,1.9573328,1.5732197
2019-03-01 04:00:00,1.2929132,1.634469
2019-03-01 04:30:00,1.8834997,1.2638178
2019-03-01 05:00:00,1.8361186,0.8032016
2019-03-01 05:30:00,1.6011091,1.0029855
2019-03-01 06:00:00,1.8603554,0.96574116
2019-03-01 06:30:00,1.7649114,0.54376316
2019-03-01 07:00:00,1.5262011,0.25858933
2019-03-01 07:30:00,1.1276821,-0.115942
2019-03-01 08:00:00,0.13707352,-0.5552969
2019-03-01 08:30:00,-0.8951793,-1.045642
2019-03-01 09:00:00,-2.2735627,-0.8710518
2019-03-01 09:30:00,-2.502315,-0.7641121
2019-03-01 10:00:00,-3.2000117,-2.0325105
2019-03-01 10:30:00,-4.1036835,-2.1504216
2019-03-01 11:00:00,-5.5208015,-3.123946
2019-03-01 11:30:00,-5.5576744,-4.1512656
2019-03-01 12:00:00,-6.635661,-4.978876
2019-03-01 12:30:00,-3.5337508,-4.9358773
2019-03-01 13:00:00,-3.99102,-4.1262903
2019-03-01 13:30:00,-4.4093103,-3.681841
2019-03-01 14:00:00,-4.162862,-2.596942
2019-03-01 14:30:00,-3.9164093,-1.8315425
2019-03-01 15:00:00,-3.6699607,-1.5736202
2019-03-01 15:30:00,-8.2726965,-1.097528
2019-03-01 16:00:00,-12.875431,-1.115499
2019-03-01 16:30:00,-17.478165,-0.6386552
2019-03-01 17:00:00,-22.080898,-0.019790241
2019-03-01 17:30:00,2.0962648,1.0695873
2019-03-01 18:00:00,1.9801759,1.6443306
2019-03-01 18:30:00,1.7145197,2.161534
2019-03-01 19:00:00,1.9039701,2.341796
2019-03-01 19:30:00,1.3093463,2.311892
2019-03-01 20:00:00,1.4919935,2.2863967
2019-03-01 20:30:00,1.6542666,2.3229728
2019-03-01 21:00:00,1.7603586,2.1362705
2019-03-01 21:30:00,1.4859289,2.0272162
2019-03-01 22:00:00,1.3144759,1.6324373
2019-03-01 22:30:00,1.5527012,1.4408023
2019-03-01 23:00:00,1.575081,1.4551076
2019-03-01 23:30:00,1.683043,1.1750283
2019-03-02 00:00:00,1.5865461,1.7918878
2019-03-02 00:30:00,1.6463013,1.5172571
2019-03-02 01:00:00,1.250098,1.4026055
2019-03-02 01:30:00,2.052519,1.1904958
2019-03-02 02:00:00,1.9419179,1.1788297
2019-03-02 02:30:00,1.633119,1.453054
2019-03-02 03:00:00,1.491845,1.6699919
2019-03-02 03:30:00,1.1467849,1.8699286
2019-03-02 04:00:00,1.2182717,1.9414766
2019-03-02 04:30:00,5.2807117,1.8915787
2019-03-02 05:00:00,5.552904,1.7375244
2019-03-02 05:30:00,5.8250966,1.4837443
2019-03-02 06:00:00,6.0972934,1.6532878
2019-03-02 06:30:00,6.3694863,1.4918537
2019-03-02 07:00:00,14.693215,0.981615
2019-03-02 07:30:00,7.333634,0.41620895
2019-03-02 08:00:00,-0.025946645,-0.20882547
2019-03-02 08:30:00,-7.3855276,-0.7596947
2019-03-02 09:00:00,9.450336,-1.1202179
2019-03-02 09:30:00,2.6033535,-1.4486264
2019-03-02 10:00:00,-4.243629,-2.0954902
2019-03-02 10:30:00,-3.00787,-2.6460795
2019-03-02 11:00:00,-4.5105915,-3.119441
2019-03-02 11:30:00,-3.2233572,-3.4546003
2019-03-02 12:00:00,-2.687418,-3.6631095
2019-03-02 12:30:00,-2.7186894,-3.5724676
2019-03-02 13:00:00,-3.305326,-3.5923874
2019-03-02 13:30:00,-3.8908353,-3.4790075
2019-03-02 14:00:00,-2.2037973,-3.1959789
2019-03-02 14:30:00,-2.604064,-2.8825746
2019-03-02 15:00:00,-3.0618837,-2.4885385
2019-03-02 15:30:00,-2.0564194,-2.569105
2019-03-02 16:00:00,-1.1417108,-2.4280581
2019-03-02 16:30:00,-2.4868739,-2.0225616
2019-03-02 17:00:00,-0.86063963,-1.7790798
2019-03-02 17:30:00,0.0044945637,-0.35122237
2019-03-02 18:00:00,0.92840075,-0.07318361
2019-03-02 18:30:00,1.5757276,0.1616205
2019-03-02 19:00:00,1.669887,0.50169516
2019-03-02 19:30:00,1.7321632,0.84790874
2019-03-02 20:00:00,2.1223543,0.99982643
2019-03-02 20:30:00,1.7292095,0.8326379
2019-03-02 21:00:00,1.6315591,1.0166266
2019-03-02 21:30:00,1.5297097,0.92041796
2019-03-02 22:00:00,1.756212,0.96014404
2019-03-02 22:30:00,1.3193127,1.0296515
2019-03-02 23:00:00,1.6138327,0.79803705
2019-03-02 23:30:00,1.3138642,0.82615817
2019-03-03 00:00:00,0.9448907,1.1802672
2019-03-03 00:30:00,0.56048465,1.0568289
2019-03-03 01:00:00,0.81849873,1.3086909
2019-03-03 01:30:00,0.9013152,1.4343925
2019-03-03 02:00:00,0.9826593,1.588722
2019-03-03 02:30:00,0.9128022,1.7507591
2019-03-03 03:00:00,1.0470678,2.0055573
2019-03-03 03:30:00,0.78280556,2.2758799
2019-03-03 04:00:00,0.5185477,2.4409537
2019-03-03 04:30:00,0.86960256,2.3811505
2019-03-03 05:00:00,0.7368663,2.4266005
2019-03-03 05:30:00,0.74908733,2.147622
2019-03-03 06:00:00,0.5771362,2.1111293
2019-03-03 06:30:00,0.67974585,1.8795105
2019-03-03 07:00:00,0.7823555,1.3361609
2019-03-03 07:30:00,0.12926988,0.75314647
2019-03-03 08:00:00,-0.52381575,0.11896259
2019-03-03 08:30:00,-0.6523662,-0.72346413
2019-03-03 09:00:00,-1.6297008,-0.5890981
2019-03-03 09:30:00,-1.8833498,-1.0922978
2019-03-03 10:00:00,-1.9609057,-1.8597554
2019-03-03 10:30:00,-2.8620517,-2.1119144
2019-03-03 11:00:00,-2.129086,-2.374586
2019-03-03 11:30:00,-2.214664,-2.3880744
2019-03-03 12:00:00,-3.0668952,-2.5036478
2019-03-03 12:30:00,-5.744219,-2.2231185
2019-03-03 13:00:00,-3.9515824,-2.1332936
2019-03-03 13:30:00,-4.3608327,-1.982831
2019-03-03 14:00:00,-3.2595484,-1.6052979
2019-03-03 14:30:00,-3.8979137,-1.5595553
2019-03-03 15:00:00,-3.769656,-1.2505816
2019-03-03 15:30:00,-2.499829,-0.84637374
2019-03-03 16:00:00,-2.6900265,-0.2191415
2019-03-03 16:30:00,-1.1866013,0.19097811
2019-03-03 17:00:00,-1.2138529,0.67110765
2019-03-03 17:30:00,-0.309517,1.1137046
2019-03-03 18:00:00,0.27181968,1.3955884
2019-03-03 18:30:00,0.17936876,1.7265092
2019-03-03 19:00:00,0.08691784,2.0234585
2019-03-03 19:30:00,-0.10648237,1.9238594
2019-03-03 20:00:00,-0.2998826,2.4652078
2019-03-03 20:30:00,0.60811925,2.725778
2019-03-03 21:00:00,1.9329126,2.5831451
2019-03-03 21:30:00,-0.18457562,2.5481074
2019-03-03 22:00:00,-2.3020682,2.3569617
2019-03-03 22:30:00,2.002468,2.3341496
2019-03-03 23:00:00,3.0273807,2.1728463
2019-03-03 23:30:00,4.052293,2.0168738
2019-03-04 00:00:00,1.6202118,2.3639266
2019-03-04 00:30:00,5.513458,2.2691116
2019-03-04 01:00:00,3.2793212,2.5327928
2019-03-04 01:30:00,4.381916,2.7421763
2019-03-04 02:00:00,-5.21053,2.5906255
2019-03-04 02:30:00,7.4797187,2.294144
2019-03-04 03:00:00,6.407071,2.3229465
2019-03-04 03:30:00,5.3344193,3.007911
2019-03-04 04:00:00,4.261768,2.928581
2019-03-04 04:30:00,3.1891205,2.3130238
2019-03-04 05:00:00,2.1164687,2.6776016
2019-03-04 05:30:00,1.0438169,2.895798
2019-03-04 06:00:00,-0.02883478,2.582433
2019-03-04 06:30:00,-1.1014822,2.0733476
2019-03-04 07:00:00,-2.174134,1.7632817
2019-03-04 07:30:00,-3.2467856,1.4620985
2019-03-04 08:00:00,-4.3194327,0.7626017
2019-03-04 08:30:00,-5.392085,0.26927236
2019-03-04 09:00:00,-12.727476,-0.23463956
2019-03-04 09:30:00,-4.6570873,-0.7379048
2019-03-04 10:00:00,-9.373255,-1.5126112
2019-03-04 10:30:00,-8.353673,-1.8477833
2019-03-04 11:00:00,-9.117308,-2.5277796
2019-03-04 11:30:00,-8.589015,-2.1912136
2019-03-04 12:00:00,-8.364784,-1.9959477
2019-03-04 12:30:00,-9.553477,-2.8161561
2019-03-04 13:00:00,-10.167623,-2.8095934
2019-03-04 13:30:00,-5.696755,-2.543968
2019-03-04 14:00:00,-7.6667166,-1.8635786
2019-03-04 14:30:00,-7.682975,-2.0151684
2019-03-04 15:00:00,-6.5025663,-1.4674277
2019-03-04 15:30:00,-7.3323,-1.1134585
2019-03-04 16:00:00,-6.357098,-1.0249838
2019-03-04 16:30:00,-3.4299004,-0.23031826
2019-03-04 17:00:00,-4.011818,0.43106472
2019-03-04 17:30:00,-1.4003758,0.6923165
2019-03-04 18:00:00,1.2466506,0.912409
2019-03-04 18:30:00,2.6859603,1.4613775
2019-03-04 19:00:00,2.4777129,1.801981
2019-03-04 19:30:00,2.5634787,1.7167394
2019-03-04 20:00:00,2.3462307,1.7974455
2019-03-04 20:30:00,1.9250216,2.0092888
2019-03-04 21:00:00,1.3798718,1.7371355
2019-03-04 21:30:00,1.7761756,1.7581826
2019-03-04 22:00:00,2.3795907,1.5182271
2019-03-04 22:30:00,2.965738,1.5489916
2019-03-04 23:00:00,2.0093849,1.2849041
2019-03-04 23:30:00,2.4072006,1.2702844
2019-03-05 00:00:00,2.8483906,1.6774503
2019-03-05 00:30:00,2.950467,1.877304
2019-03-05 01:00:00,2.717179,2.0060468
2019-03-05 01:30:00,2.8283002,1.8363152
2019-03-05 02:00:00,3.7956116,1.4550027
2019-03-05 02:30:00,1.8031213,1.625595
2019-03-05 03:00:00,1.9463396,2.1932468
2019-03-05 03:30:00,1.9651278,2.1145463
2019-03-05 04:00:00,2.8718715,1.6524184
2019-03-05 04:30:00,1.2778302,1.4204849
2019-03-05 05:00:00,3.2134273,1.5252267
2019-03-05 05:30:00,3.6101635,1.0768317
2019-03-05 06:00:00,2.6600676,1.0101424
2019-03-05 06:30:00,2.2719343,0.5688782
2019-03-05 07:00:00,2.560962,0.20217673
2019-03-05 07:30:00,2.282932,-0.18074808
2019-03-05 08:00:00,1.0048468,-0.8100776
2019-03-05 08:30:00,0.62184334,-1.497113
2019-03-05 09:00:00,-7.027604,-3.063365
2019-03-05 09:30:00,-14.677049,-2.9466293
2019-03-05 10:00:00,-3.9032006,-4.282591
2019-03-05 10:30:00,-12.384602,-4.6266766
2019-03-05 11:00:00,-6.8084335,-4.77966
2019-03-05 11:30:00,-19.965218,-4.867838
2019-03-05 12:00:00,15.143262,-4.7798047
2019-03-05 12:30:00,-3.8703825,-5.128251
2019-03-05 13:00:00,26.95307,-4.8851495
2019-03-05 13:30:00,22.771757,-4.1997085
2019-03-05 14:00:00,18.590437,-3.5960402
2019-03-05 14:30:00,14.409121,-3.6373436
2019-03-05 15:00:00,10.227799,-2.9386246
2019-03-05 15:30:00,6.0464826,-2.4797125
2019-03-05 16:00:00,1.865166,-2.2211962
2019-03-05 16:30:00,-2.316155,-1.3534054
2019-03-05 17:00:00,0.2139827,-0.93295664
2019-03-05 17:30:00,2.766579,-0.44525936
2019-03-05 18:00:00,2.3878837,-0.023032295
2019-03-05 18:30:00,2.0091927,0.15434118
2019-03-05 19:00:00,1.6305017,0.45219487
2019-03-05 19:30:00,2.521092,0.8119622
2019-03-05 20:00:00,2.6851082,0.8715556
2019-03-05 20:30:00,1.5470648,0.68768495
2019-03-05 21:00:00,2.2997365,1.0090764
2019-03-05 21:30:00,3.0524082,1.1684699
2019-03-05 22:00:00,2.099861,1.0193399
2019-03-05 22:30:00,1.9402182,1.0697403
2019-03-05 23:00:00,1.7805755,1.06219
2019-03-05 23:30:00,1.6209284,1.1870658
2019-03-06 00:00:00,-0.7516245,1.3011756
2019-03-06 00:30:00,0.7898096,1.3819735
2019-03-06 01:00:00,2.3312483,1.7155991
2019-03-06 01:30:00,3.8726823,1.7828082
2019-03-06 02:00:00,2.3979464,2.0650065
2019-03-06 02:30:00,0.92321,2.2213767
2019-03-06 03:00:00,-0.5515261,2.6396058
2019-03-06 03:30:00,-2.0262623,2.865916
2019-03-06 04:00:00,-3.5009983,3.096285
2019-03-06 04:30:00,-4.975739,2.8968859
2019-03-06 05:00:00,-6.450475,3.1769083
2019-03-06 05:30:00,-7.9252114,2.8932898
2019-03-06 06:00:00,-9.399947,2.705028
2019-03-06 06:30:00,-10.874683,2.3653247
2019-03-06 07:00:00,-8.7245035,2.0688865
2019-03-06 07:30:00,-6.574324,1.5795158
2019-03-06 08:00:00,4.4005556,0.969359
2019-03-06 08:30:00,-11.277895,0.43010348
2019-03-06 09:00:00,-2.0745828,-0.5098339
2019-03-06 09:30:00,-2.1435049,-1.9781383
2019-03-06 10:00:00,-8.307262,-1.7820334
2019-03-06 10:30:00,-8.499561,-3.2939963
2019-03-06 11:00:00,-7.716636,-3.2321613
2019-03-06 11:30:00,-6.385385,-6.2015276
2019-03-06 12:00:00,-11.204454,-1.5987177
2019-03-06 12:30:00,-10.111839,-2.6314466
2019-03-06 13:00:00,-9.922149,-0.712082
2019-03-06 13:30:00,-13.409046,-0.4747262
2019-03-06 14:00:00,-6.870863,-0.34123406
2019-03-06 14:30:00,-7.561542,0.18501395
2019-03-06 15:00:00,-8.378307,-0.229073
2019-03-06 15:30:00,-2.828657,0.32908428
2019-03-06 16:00:00,-6.0273438,-0.242299
2019-03-06 16:30:00,-2.64289,0.274367
2019-03-06 17:00:00,-2.0379546,0.22449097
2019-03-06 17:30:00,0.3263884,0.40133572
2019-03-06 18:00:00,0.51715386,0.844942
2019-03-06 18:30:00,2.034194,1.2151389
2019-03-06 19:00:00,1.5254933,1.2100399
2019-03-06 19:30:00,2.0985107,1.8454646
2019-03-06 20:00:00,2.6715283,1.9129753
2019-03-06 20:30:00,2.252517,2.198691
2019-03-06 21:00:00,2.2627368,2.4959288
2019-03-06 21:30:00,2.5760844,2.5144286
2019-03-06 22:00:00,2.5450532,2.3910646
2019-03-06 22:30:00,1.2640362,2.5925612
2019-03-06 23:00:00,4.0750923,2.4372573
2019-03-06 23:30:00,3.0063992,2.3163052
2019-03-07 00:00:00,2.7795427,2.1044793
2019-03-07 00:30:00,5.12262,2.5272875
2019-03-07 01:00:00,2.706684,2.3940227
2019-03-07 01:30:00,2.8489847,2.587921
2019-03-07 02:00:00,3.237227,2.5329938
2019-03-07 02:30:00,2.947614,2.5814238
2019-03-07 03:00:00,2.9387267,1.9476286
2019-03-07 03:30:00,2.6376615,2.2055159
2019-03-07 04:00:00,1.7951342,1.4144202
2019-03-07 04:30:00,0.2875187,1.2326206
2019-03-07 05:00:00,1.9178646,1.0358604
2019-03-07 05:30:00,2.6330125,0.64823854
2019-03-07 06:00:00,1.7576102,0.3524515
2019-03-07 06:30:00,2.225676,-0.0027323286
2019-03-07 07:00:00,1.0473737,-0.46739444
2019-03-07 07:30:00,1.4940734,-1.1120211
2019-03-07 08:00:00,-0.8027459,-0.9508928
2019-03-07 08:30:00,-4.440608,-2.333322
2019-03-07 09:00:00,-7.3497167,-2.2521005
2019-03-07 09:30:00,-8.247944,-2.2760751
2019-03-07 10:00:00,-10.257155,-3.0878332
2019-03-07 10:30:00,-9.760308,-3.9887917
2019-03-07 11:00:00,-10.620724,-4.0874295
2019-03-07 11:30:00,-9.331645,-4.435924
2019-03-07 12:00:00,-9.622451,-5.0249686
2019-03-07 12:30:00,-11.539321,-6.139247
2019-03-07 13:00:00,-8.511979,-5.3838487
2019-03-07 13:30:00,-11.911986,-6.1320987
2019-03-07 14:00:00,-10.250885,-4.774439
2019-03-07 14:30:00,-9.349543,-4.1428766
2019-03-07 15:00:00,-9.400921,-4.0056705
2019-03-07 15:30:00,-8.610722,-2.5396774
2019-03-07 16:00:00,-6.712273,-2.2264
2019-03-07 16:30:00,-4.058832,-1.376576
2019-03-07 17:00:00,-4.585277,-1.3887228
2019-03-07 17:30:00,-2.795782,-0.57019633
2019-03-07 18:00:00,0.67080617,-0.15115015
2019-03-07 18:30:00,1.9052285,0.38952103
2019-03-07 19:00:00,2.449736,0.767006
2019-03-07 19:30:00,2.7264028,1.4405445
2019-03-07 20:00:00,2.3724031,1.7583487
2019-03-07 20:30:00,2.3859,2.248519
2019-03-07 21:00:00,1.9450725,2.1943347
2019-03-07 21:30:00,4.466965,2.3300948
2019-03-07 22:00:00,1.3949112,2.7034726
2019-03-07 22:30:00,0.28171626,2.1798067
2019-03-07 23:00:00,0.37369525,2.4840965
2019-03-07 23:30:00,6.1446967,3.0217748
2019-03-08 00:00:00,3.3314693,2.739476
2019-03-08 00:30:00,2.3179655,3.4763174
2019-03-08 01:00:00,3.0737832,3.184345
2019-03-08 01:30:00,1.5771171,2.9829183
2019-03-08 02:00:00,2.4176302,2.6075962
2019-03-08 02:30:00,3.9765766,2.9582882
2019-03-08 03:00:00,3.4487338,2.6666913
2019-03-08 03:30:00,3.120264,2.6737697
2019-03-08 04:00:00,2.4934776,2.9863393
2019-03-08 04:30:00,2.501871,3.1035209
2019-03-08 05:00:00,1.4887296,2.647973
2019-03-08 05:30:00,2.6697543,1.872288
2019-03-08 06:00:00,2.357438,2.6082165
2019-03-08 06:30:00,2.0175862,1.6779003
2019-03-08 07:00:00,1.567522,1.3048502
2019-03-08 07:30:00,-0.1256201,1.4752327
2019-03-08 08:00:00,-3.2147102,0.51762575
2019-03-08 08:30:00,-4.354331,-0.3394295
2019-03-08 09:00:00,-6.7403984,-1.105301
2019-03-08 09:30:00,-7.6979795,-1.7025114
2019-03-08 10:00:00,-7.6944356,-2.6693857
2019-03-08 10:30:00,-8.85648,-3.200217
2019-03-08 11:00:00,-8.56827,-3.843559
2019-03-08 11:30:00,-8.069177,-4.1454196
2019-03-08 12:00:00,-10.061976,-4.520903
2019-03-08 12:30:00,-9.477232,-4.98914
2019-03-08 13:00:00,-8.2547035,-4.8374844
2019-03-08 13:30:00,-6.523627,-4.994628
2019-03-08 14:00:00,-10.986507,-4.3778553
2019-03-08 14:30:00,-9.309908,-4.4950457
2019-03-08 15:00:00,-9.327495,-3.9927678
2019-03-08 15:30:00,-4.1632814,-3.477596
2019-03-08 16:00:00,-2.0990644,-2.691241
2019-03-08 16:30:00,-1.8833586,-1.8494656
2019-03-08 17:00:00,-1.4735404,-1.1266147
2019-03-08 17:30:00,-0.5311781,-0.19942264
2019-03-08 18:00:00,0.41118422,0.30165353
2019-03-08 18:30:00,1.4061666,1.3109018
2019-03-08 19:00:00,2.190577,2.1894412
2019-03-08 19:30:00,1.2463622,2.4118364
2019-03-08 20:00:00,0.36146548,2.5780287
2019-03-08 20:30:00,5.492349,2.6745431
2019-03-08 21:00:00,5.929799,2.6083825
2019-03-08 21:30:00,2.8900478,2.5231848
2019-03-08 22:00:00,1.2832307,2.3957224
2019-03-08 22:30:00,1.5039743,2.2015922
2019-03-08 23:00:00,6.700783,2.11788
2019-03-08 23:30:00,11.897588,2.4271073
2019-03-09 00:00:00,3.5151129,2.2968266
2019-03-09 00:30:00,2.8908825,2.359186
2019-03-09 01:00:00,5.919016,2.290963
2019-03-09 01:30:00,2.939902,2.4372966
2019-03-09 02:00:00,1.3648676,2.7155974
2019-03-09 02:30:00,0.15691034,2.4814312
2019-03-09 03:00:00,1.3449346,2.933584
2019-03-09 03:30:00,2.0338051,3.124699
2019-03-09 04:00:00,0.47661948,2.8789847
2019-03-09 04:30:00,0.32405952,3.0196688
2019-03-09 05:00:00,0.930616,3.0317936
2019-03-09 05:30:00,1.5371726,2.72514
2019-03-09 06:00:00,2.2908492,2.3803291
2019-03-09 06:30:00,3.0445259,1.8670361
2019-03-09 07:00:00,-3.4297867,1.4902152
2019-03-09 07:30:00,-1.9072894,0.28827024
2019-03-09 08:00:00,-0.38478765,-0.5571058
2019-03-09 08:30:00,-3.441894,-1.5770589
2019-03-09 09:00:00,-7.1997256,-2.8517008
2019-03-09 09:30:00,-7.71017,-4.0752873
2019-03-09 10:00:00,-11.618411,-4.813016
2019-03-09 10:30:00,-9.322776,-5.6396956
2019-03-09 11:00:00,-7.217749,-6.239003
2019-03-09 11:30:00,-9.751167,-6.5541773
2019-03-09 12:00:00,-8.552181,-7.0743256
2019-03-09 12:30:00,-7.5211477,-7.3398943
2019-03-09 13:00:00,-7.1542144,-6.8954096
2019-03-09 13:30:00,-8.296593,-6.040465
2019-03-09 14:00:00,-6.828327,-5.8512855
2019-03-09 14:30:00,-8.25643,-5.476855
2019-03-09 15:00:00,-4.7079554,-4.8781147
2019-03-09 15:30:00,-3.6239996,-3.7136497
2019-03-09 16:00:00,-5.347697,-2.615774
2019-03-09 16:30:00,-2.6214497,-1.5241505
2019-03-09 17:00:00,-0.5963687,-0.76295424
2019-03-09 17:30:00,-0.9860092,0.26354414
2019-03-09 18:00:00,0.03849679,1.1233783
2019-03-09 18:30:00,1.0629984,1.7949725
2019-03-09 19:00:00,2.0874999,2.4111984
2019-03-09 19:30:00,1.5952542,2.585815
2019-03-09 20:00:00,1.9336073,2.806104
2019-03-09 20:30:00,1.9946208,3.3004777
2019-03-09 21:00:00,2.4682403,3.1108
2019-03-09 21:30:00,2.2232206,2.8923504
2019-03-09 22:00:00,1.710133,2.4963264
2019-03-09 22:30:00,2.0218506,2.2238498
2019-03-09 23:00:00,1.7316345,2.5356636
2019-03-09 23:30:00,1.5532736,2.8377512
2019-03-10 00:00:00,2.3452914,2.5408938
2019-03-10 00:30:00,4.5896215,2.4024773
2019-03-10 01:00:00,3.0448537,2.7455492
2019-03-10 01:30:00,1.1670586,2.6635542
2019-03-10 02:00:00,1.0433233,2.9184005
2019-03-10 02:30:00,0.9195878,2.6415372
2019-03-10 03:00:00,0.7958524,2.7819548
2019-03-10 03:30:00,0.672117,2.8350685
2019-03-10 04:00:00,4.700017,2.6133068
2019-03-10 04:30:00,8.727918,2.3357313
2019-03-10 05:00:00,7.559197,2.0574913
2019-03-10 05:30:00,6.390476,1.875329
2019-03-10 06:00:00,5.221756,1.5686144
2019-03-10 06:30:00,4.0530357,0.8913488
2019-03-10 07:00:00,2.8843153,0.29322508
2019-03-10 07:30:00,1.7155946,-0.18468049
2019-03-10 08:00:00,0.54687417,-0.8431142
2019-03-10 08:30:00,-0.6218463,-1.7224007
2019-03-10 09:00:00,-1.7905668,-2.884344
2019-03-10 09:30:00,-6.420506,-3.6358318
2019-03-10 10:00:00,-8.784215,-5.574636
2019-03-10 10:30:00,-3.8281834,-6.1558633
2019-03-10 11:00:00,-11.034881,-5.5146756
2019-03-10 11:30:00,-7.3667088,-6.684768
2019-03-10 12:00:00,-8.132593,-6.417137
2019-03-10 12:30:00,-8.8031435,-6.524876
2019-03-10 13:00:00,-9.522127,-5.7292542
2019-03-10 13:30:00,-9.08064,-5.1401663
2019-03-10 14:00:00,-9.432442,-4.2559943
2019-03-10 14:30:00,-6.9897003,-4.0411716
2019-03-10 15:00:00,-7.5752926,-2.8824959
2019-03-10 15:30:00,-8.517498,-2.0255501
2019-03-10 16:00:00,-7.556054,-1.6632572
2019-03-10 16:30:00,-5.461942,-0.64896685
2019-03-10 17:00:00,-2.842735,0.11780909
2019-03-10 17:30:00,-1.4426186,1.0403084
2019-03-10 18:00:00,0.30126902,1.7368472
2019-03-10 18:30:00,0.03762292,2.3213954
2019-03-10 19:00:00,-0.22601883,2.829419
2019-03-10 19:30:00,-0.48966497,3.0807128
2019-03-10 20:00:00,-1.0447463,3.471131
2019-03-10 20:30:00,-0.17470092,3.4937031
2019-03-10 21:00:00,-1.6288924,3.4787948
2019-03-10 21:30:00,-3.0830882,3.579351
2019-03-10 22:00:00,-1.218432,3.4323795
2019-03-10 22:30:00,0.6462199,3.170966
2019-03-10 23:00:00,1.0777886,3.1202555
2019-03-10 23:30:00,0.42279357,2.9905384
2019-03-11 00:00:00,2.8650377,3.1596494
2019-03-11 00:30:00,5.307277,3.302029
2019-03-11 01:00:00,5.066684,3.647657
2019-03-11 01:30:00,2.3361988,3.5800064
2019-03-11 02:00:00,1.1561484,3.5463188
2019-03-11 02:30:00,3.7088494,3.6168704
2019-03-11 03:00:00,2.093875,3.5120413
2019-03-11 03:30:00,0.47890466,3.3708982
2019-03-11 04:00:00,1.431369,3.5779703
2019-03-11 04:30:00,2.3838289,3.7580614
2019-03-11 05:00:00,3.3362932,3.40636
2019-03-11 05:30:00,4.6495295,2.9005299
2019-03-11 06:00:00,4.6933713,2.8183687
2019-03-11 06:30:00,1.804135,2.3921044
2019-03-11 07:00:00,1.4779898,1.697392
2019-03-11 07:30:00,0.30108115,1.1320165
2019-03-11 08:00:00,-0.8801094,-0.00072680035
2019-03-11 08:30:00,-3.504913,-0.5548119
2019-03-11 09:00:00,-5.146825,-1.0566877
2019-03-11 09:30:00,-6.5227833,-2.0850124
2019-03-11 10:00:00,-6.625607,-3.6733208
2019-03-11 10:30:00,-6.208785,-3.1079497
2019-03-11 11:00:00,-7.060387,-5.017637
2019-03-11 11:30:00,-7.7130537,-5.1488743
2019-03-11 12:00:00,-6.5357823,-5.524118
2019-03-11 12:30:00,-6.5821757,-5.616132
2019-03-11 13:00:00,-6.9896955,-5.5223656
2019-03-11 13:30:00,-5.454488,-5.154607
2019-03-11 14:00:00,-5.6332684,-4.5813575
2019-03-11 14:30:00,-4.884822,-4.308719
2019-03-11 15:00:00,-5.593822,-3.485439
2019-03-11 15:30:00,-4.524473,-3.3017955
2019-03-11 16:00:00,-3.9353502,-3.0336666
2019-03-11 16:30:00,-2.9506578,-2.2518775
2019-03-11 17:00:00,-1.9986699,-1.2824298
2019-03-11 17:30:00,-0.60375726,-0.3365982
2019-03-11 18:00:00,0.791151,0.22948949
2019-03-11 18:30:00,0.42901987,1.0753418
2019-03-11 19:00:00,1.3079175,1.7701808
2019-03-11 19:30:00,2.3107648,1.9448802
2019-03-11 20:00:00,1.9717255,2.0020838
2019-03-11 20:30:00,1.8718204,2.1737683
2019-03-11 21:00:00,1.7719198,2.139316
2019-03-11 21:30:00,1.6720148,2.1036053
2019-03-11 22:00:00,-0.24525268,2.0580726
2019-03-11 22:30:00,-2.1625247,1.9594783
2019-03-11 23:00:00,-1.8807107,1.9359537
2019-03-11 23:30:00,-1.5989013,1.7440522
2019-03-12 00:00:00,-2.163713,2.191237
2019-03-12 00:30:00,-0.06439249,2.5326443
2019-03-12 01:00:00,-6.3637524,2.625956
2019-03-12 01:30:00,1.3971832,2.4723387
2019-03-12 02:00:00,0.6750445,2.7418528
2019-03-12 02:30:00,3.5862238,2.816503
2019-03-12 03:00:00,2.2382991,2.9865448
2019-03-12 03:30:00,2.9210353,2.9429169
2019-03-12 04:00:00,2.1497805,2.9149618
2019-03-12 04:30:00,2.6517396,2.6506124
2019-03-12 05:00:00,3.124345,2.759186
2019-03-12 05:30:00,2.6541471,2.2689805
2019-03-12 06:00:00,2.8290825,1.8117245
2019-03-12 06:30:00,2.3947434,1.3190986
2019-03-12 07:00:00,2.1734536,0.949378
2019-03-12 07:30:00,0.04133249,0.02274094
2019-03-12 08:00:00,-2.0907843,-0.9218061
2019-03-12 08:30:00,-3.5181437,-1.5659214
2019-03-12 09:00:00,-5.1381125,-2.6838481
2019-03-12 09:30:00,-5.549272,-3.4982717
2019-03-12 10:00:00,-4.2205896,-4.200224
2019-03-12 10:30:00,-8.970219,-4.7390213
2019-03-12 11:00:00,-6.6315365,-5.1164975
2019-03-12 11:30:00,-6.851166,-5.2143664
2019-03-12 12:00:00,-6.651832,-5.190986
2019-03-12 12:30:00,-6.585173,-4.911824
2019-03-12 13:00:00,-8.269083,-4.8114123
2019-03-12 13:30:00,-7.6818695,-4.262745
2019-03-12 14:00:00,-9.115363,-3.8852339
2019-03-12 14:30:00,-8.284122,-3.6037216
2019-03-12 15:00:00,-6.5275025,-3.264499
2019-03-12 15:30:00,-6.028327,-2.9921272
2019-03-12 16:00:00,-5.3349166,-2.68692
2019-03-12 16:30:00,-4.3746657,-2.3491478
2019-03-12 17:00:00,-2.879927,-1.959158
2019-03-12 17:30:00,-2.099108,-1.5658821
2019-03-12 18:00:00,0.4679682,-0.84515035
2019-03-12 18:30:00,2.8868015,-0.35323665
2019-03-12 19:00:00,3.1309733,0.26045066
2019-03-12 19:30:00,4.224873,0.6947283
2019-03-12 20:00:00,3.3611155,0.94470716
2019-03-12 20:30:00,9.677726,1.4431792
2019-03-12 21:00:00,2.53995,1.7102597
2019-03-12 21:30:00,0.70839566,1.7851459
2019-03-12 22:00:00,5.498523,1.8665292
2019-03-12 22:30:00,1.9113368,2.0809941
2019-03-12 23:00:00,1.238043,2.1949334
2019-03-12 23:30:00,1.4063369,2.4374583
2019-03-13 00:00:00,-1.4924597,2.4473941
2019-03-13 00:30:00,-0.5851701,2.8128633
2019-03-13 01:00:00,0.32212391,2.8439076
2019-03-13 01:30:00,0.36756945,3.1791368
2019-03-13 02:00:00,0.4130106,3.3983903
2019-03-13 02:30:00,0.45845613,3.4609156
2019-03-13 03:00:00,5.063446,3.5752919
2019-03-13 03:30:00,-0.41703779,3.8355954
2019-03-13 04:00:00,4.799446,3.8462784
2019-03-13 04:30:00,2.2031083,3.608442
2019-03-13 05:00:00,2.458964,3.4380682
2019-03-13 05:30:00,4.097817,3.0683038
2019-03-13 06:00:00,3.357288,2.7579277
2019-03-13 06:30:00,3.64535,1.8929943
2019-03-13 07:00:00,2.837419,1.3407182
2019-03-13 07:30:00,-0.28103322,0.9954964
2019-03-13 08:00:00,-3.054696,0.0021438578
2019-03-13 08:30:00,-5.7197943,-0.80402607
2019-03-13 09:00:00,-9.155553,-1.9354542
2019-03-13 09:30:00,-9.215661,-2.5344954
2019-03-13 10:00:00,-11.861766,-2.9950895
2019-03-13 10:30:00,-12.099537,-3.840138
2019-03-13 11:00:00,-12.607289,-4.191114
2019-03-13 11:30:00,-15.671845,-4.5472417
2019-03-13 12:00:00,-11.385498,-4.67162
2019-03-13 12:30:00,-10.082491,-4.7674875
2019-03-13 13:00:00,-9.846717,-4.883
2019-03-13 13:30:00,-12.821303,-4.3402486
2019-03-13 14:00:00,-9.941505,-4.439162
2019-03-13 14:30:00,-8.850507,-3.9827096
2019-03-13 15:00:00,-5.0598707,-3.345358
2019-03-13 15:30:00,-3.052861,-2.8944592
2019-03-13 16:00:00,-1.0891432,-2.117197
2019-03-13 16:30:00,-0.614886,-1.4447508
2019-03-13 17:00:00,0.12422766,-0.61755127
2019-03-13 17:30:00,1.0435941,0.11827224
2019-03-13 18:00:00,1.6577752,0.9434925
2019-03-13 18:30:00,0.550007,2.1197283
2019-03-13 19:00:00,1.3493651,2.8136194
2019-03-13 19:30:00,5.7325497,3.214393
2019-03-13 20:00:00,5.400903,3.5372393
2019-03-13 20:30:00,2.3638785,4.0513144
2019-03-13 21:00:00,2.3386455,3.595832
2019-03-13 21:30:00,4.6795907,3.2907298
2019-03-13 22:00:00,3.0254931,3.570621
2019-03-13 22:30:00,0.553734,3.2699447
2019-03-13 23:00:00,-4.9278207,2.9957685
2019-03-13 23:30:00,3.6976597,2.876433
2019-03-14 00:00:00,6.11897,2.6948824
2019-03-14 00:30:00,1.5432241,2.380185
2019-03-14 01:00:00,1.854649,2.454053
2019-03-14 01:30:00,2.1660695,2.491813
2019-03-14 02:00:00,7.9417286,2.484503
2019-03-14 02:30:00,3.129846,2.4603755
2019-03-14 03:00:00,1.639035,2.923941
2019-03-14 03:30:00,0.2901141,2.5386171
2019-03-14 04:00:00,-0.63893044,2.8793955
2019-03-14 04:30:00,-1.567975,2.6843216
2019-03-14 05:00:00,-2.9684715,2.5787978
2019-03-14 05:30:00,1.5081863,2.0701144
2019-03-14 06:00:00,5.9848485,1.7118676
2019-03-14 06:30:00,2.196952,1.3120072
2019-03-14 07:00:00,1.8330818,0.6109156
2019-03-14 07:30:00,-0.78635645,-0.10147948
2019-03-14 08:00:00,-3.4057903,-0.85378414
2019-03-14 08:30:00,-4.6209483,-2.012787
2019-03-14 09:00:00,-6.926489,-3.3965447
2019-03-14 09:30:00,-7.9070525,-4.0191894
2019-03-14 10:00:00,-8.069256,-5.630035
2019-03-14 10:30:00,-7.170189,-6.4342036
2019-03-14 11:00:00,-7.6250944,-7.0100265
2019-03-14 11:30:00,-8.616254,-8.588849
2019-03-14 12:00:00,-7.656204,-7.904898
2019-03-14 12:30:00,-8.078191,-7.932705
2019-03-14 13:00:00,-8.906815,-7.598673
2019-03-14 13:30:00,-7.282328,-7.4727135
2019-03-14 14:00:00,-5.390582,-6.8961654
2019-03-14 14:30:00,-4.369331,-6.0749564
2019-03-14 15:00:00,-4.9036493,-4.53752
2019-03-14 15:30:00,-5.3175354,-3.533991
2019-03-14 16:00:00,-4.0546637,-2.3454425
2019-03-14 16:30:00,-2.6357636,-1.1738472
2019-03-14 17:00:00,-2.4901857,-0.035607263
2019-03-14 17:30:00,-1.2686313,0.97140384
2019-03-14 18:00:00,-0.29197407,1.5114021
2019-03-14 18:30:00,0.5232841,2.2892325
2019-03-14 19:00:00,1.1566727,2.6499655
2019-03-14 19:30:00,1.7900614,2.9292321
2019-03-14 20:00:00,2.4234502,3.153375
2019-03-14 20:30:00,3.0568388,3.0027158
2019-03-14 21:00:00,3.6902275,2.9220796
2019-03-14 21:30:00,2.3917594,2.987436
2019-03-14 22:00:00,3.2064888,2.8839877
2019-03-14 22:30:00,4.0212183,2.3588493
2019-03-14 23:00:00,1.5743731,2.1768486
2019-03-14 23:30:00,1.1877126,2.3293781
2019-03-15 00:00:00,1.7926699,2.492289
2019-03-15 00:30:00,2.7337258,2.5514762
2019-03-15 01:00:00,6.5395103,2.644469
2019-03-15 01:30:00,2.927917,2.722099
2019-03-15 02:00:00,2.7998908,3.1897497
2019-03-15 02:30:00,1.6514702,3.128024
2019-03-15 03:00:00,2.849924,3.066613
2019-03-15 03:30:00,3.7273843,3.1021357
2019-03-15 04:00:00,2.1425667,2.924059
2019-03-15 04:30:00,0.04737966,2.3733032
2019-03-15 05:00:00,1.3559191,1.8223507
2019-03-15 05:30:00,0.60835516,1.895712
2019-03-15 06:00:00,2.837406,1.6227243
2019-03-15 06:30:00,1.9663949,0.92859304
2019-03-15 07:00:00,1.0034399,0.07492399
2019-03-15 07:30:00,-1.0434704,-0.6289771
2019-03-15 08:00:00,-2.4105678,-1.7012575
2019-03-15 08:30:00,-5.745482,-2.8043022
2019-03-15 09:00:00,-5.9553804,-4.0091877
2019-03-15 09:30:00,-7.50679,-5.1559353
2019-03-15 10:00:00,-8.670416,-5.7480903
2019-03-15 10:30:00,-8.987232,-6.020864
2019-03-15 11:00:00,-8.301556,-6.3755193
2019-03-15 11:30:00,-4.3588095,-7.030724
2019-03-15 12:00:00,-7.9209557,-6.690881
2019-03-15 12:30:00,-7.8080516,-6.3311486
2019-03-15 13:00:00,-7.6605296,-6.191937
2019-03-15 13:30:00,-8.447605,-5.596225
2019-03-15 14:00:00,-6.1573405,-4.33234
2019-03-15 14:30:00,-7.0801587,-3.7929883
2019-03-15 15:00:00,-6.4827294,-3.2758112
2019-03-15 15:30:00,-5.3274884,-3.074249
2019-03-15 16:00:00,-2.6045446,-2.4306273
2019-03-15 16:30:00,-3.9104013,-1.3051285
2019-03-15 17:00:00,-2.2993329,-0.88588136
2019-03-15 17:30:00,-1.408494,0.0027162416
2019-03-15 18:00:00,-0.32443392,0.95528096
2019-03-15 18:30:00,0.7596218,1.9879489
2019-03-15 19:00:00,1.8436819,2.309974
2019-03-15 19:30:00,2.3230557,2.777476
2019-03-15 20:00:00,2.8024294,3.5026777
2019-03-15 20:30:00,0.38243395,3.8535795
2019-03-15 21:00:00,1.5138097,3.8291202
2019-03-15 21:30:00,2.64519,3.6346319
2019-03-15 22:00:00,0.10915779,3.6501431
2019-03-15 22:30:00,-2.4268696,3.8414416
2019-03-15 23:00:00,6.973609,3.3939073
2019-03-15 23:30:00,-2.416025,3.023837
2019-03-16 00:00:00,3.5000167,3.19356
2019-03-16 00:30:00,-1.0852894,3.2814274
2019-03-16 01:00:00,-5.6705956,3.5960374
2019-03-16 01:30:00,-1.8656802,3.1096203
2019-03-16 02:00:00,-6.00984,3.1372347
2019-03-16 02:30:00,1.5299544,3.0630083
2019-03-16 03:00:00,-1.6892111,3.0651667
2019-03-16 03:30:00,1.4779155,3.1972868
2019-03-16 04:00:00,-3.469596,2.7305188
2019-03-16 04:30:00,6.7318316,2.502378
2019-03-16 05:00:00,-0.74873203,2.4330103
2019-03-16 05:30:00,0.49630338,1.729345
2019-03-16 06:00:00,0.465919,1.4614911
2019-03-16 06:30:00,0.35987502,0.86606336
2019-03-16 07:00:00,0.41360047,0.26059923
2019-03-16 07:30:00,0.4673259,-0.4929857
2019-03-16 08:00:00,-3.5697236,-1.2370934
2019-03-16 08:30:00,-5.6045094,-2.1688688
2019-03-16 09:00:00,-8.929343,-3.108854
2019-03-16 09:30:00,-13.333854,-3.929434
2019-03-16 10:00:00,-11.935546,-5.055257
2019-03-16 10:30:00,-5.96962,-5.905072
2019-03-16 11:00:00,-9.987501,-6.3355045
2019-03-16 11:30:00,-11.300537,-5.261787
2019-03-16 12:00:00,-8.855383,-5.832095
2019-03-16 12:30:00,-11.74884,-6.301944
2019-03-16 13:00:00,-9.445196,-5.9548955
2019-03-16 13:30:00,-6.4538703,-5.412914
2019-03-16 14:00:00,-5.025882,-4.668207
2019-03-16 14:30:00,-5.886537,-4.4205832
2019-03-16 15:00:00,-6.1415277,-3.5469594
2019-03-16 15:30:00,-6.1298966,-2.8090036
2019-03-16 16:00:00,-5.380511,-2.2662003
2019-03-16 16:30:00,-4.3540688,-1.5051045
2019-03-16 17:00:00,-4.064399,-0.77665216
2019-03-16 17:30:00,-2.0279357,0.5295672
2019-03-16 18:00:00,-0.9138626,1.3969035
2019-03-16 18:30:00,0.20020616,2.0716918
2019-03-16 19:00:00,1.4774611,2.8476784
2019-03-16 19:30:00,1.0687485,3.6564567
2019-03-16 20:00:00,0.6600357,4.213513
2019-03-16 20:30:00,0.7673381,4.1576552
2019-03-16 21:00:00,-0.4438393,4.0424314
2019-03-16 21:30:00,-1.6550167,4.0070133
2019-03-16 22:00:00,1.3778445,3.5776556
2019-03-16 22:30:00,-2.6217904,3.0402527
2019-03-16 23:00:00,-1.7125173,3.3480816
2019-03-16 23:30:00,-1.0396603,2.977273
2019-03-17 00:00:00,-0.36680782,3.1368415
2019-03-17 00:30:00,-2.7699723,2.6943276
2019-03-17 01:00:00,8.528064,2.276911
2019-03-17 01:30:00,-0.5661809,2.368178
2019-03-17 02:00:00,-1.2406458,2.0302792
2019-03-17 02:30:00,-1.9151149,2.2018368
2019-03-17 03:00:00,-5.722783,1.9203813
2019-03-17 03:30:00,-9.530451,2.223133
2019-03-17 04:00:00,-13.338119,1.9390559
2019-03-17 04:30:00,-17.145784,2.3472226
2019-03-17 05:00:00,-7.855284,2.036051
2019-03-17 05:30:00,1.4352139,1.5849644
2019-03-17 06:00:00,0.18476054,1.7026176
2019-03-17 06:30:00,-1.0656929,0.96969545
2019-03-17 07:00:00,-2.3161504,0.44635743
2019-03-17 07:30:00,-3.566604,-0.09036823
2019-03-17 08:00:00,-3.048413,-0.76575935
2019-03-17 08:30:00,-9.100053,-1.8179145
2019-03-17 09:00:00,-12.124359,-3.1856978
2019-03-17 09:30:00,-11.078574,-4.957191
2019-03-17 10:00:00,-10.577472,-5.7366996
2019-03-17 10:30:00,-5.9949365,-5.4112883
2019-03-17 11:00:00,-8.399704,-6.3374667
2019-03-17 11:30:00,-9.49325,-6.7551975
2019-03-17 12:00:00,-10.767835,-6.861298
2019-03-17 12:30:00,-11.771067,-7.3018064
2019-03-17 13:00:00,-11.234879,-6.36474
2019-03-17 13:30:00,-9.713954,-5.262757
2019-03-17 14:00:00,-9.561905,-4.018062
2019-03-17 14:30:00,-9.313932,-3.210022
2019-03-17 15:00:00,-6.8403864,-2.464564
2019-03-17 15:30:00,-8.584623,-1.8839658
2019-03-17 16:00:00,-6.077115,-1.0894709
2019-03-17 16:30:00,-4.518111,-0.26428992
2019-03-17 17:00:00,-3.1257198,0.7246583
2019-03-17 17:30:00,-0.88359183,1.9635199
2019-03-17 18:00:00,1.3585364,2.8895802
2019-03-17 18:30:00,2.8892045,3.716321
2019-03-17 19:00:00,0.98471725,5.144851
2019-03-17 19:30:00,-5.492523,5.188195
2019-03-17 20:00:00,-2.628327,5.111024
2019-03-17 20:30:00,-0.9543664,4.797152
2019-03-17 21:00:00,0.71959865,4.578681
2019-03-17 21:30:00,2.3935595,4.0510564
2019-03-17 22:00:00,3.4040267,3.6268587
2019-03-17 22:30:00,4.4144983,2.9010587
2019-03-17 23:00:00,10.43821,2.7189312
2019-03-17 23:30:00,6.8756437,2.245041
2019-03-18 00:00:00,3.974086,2.4218771
2019-03-18 00:30:00,3.8533087,2.1121736
2019-03-18 01:00:00,5.7875857,2.9455428
2019-03-18 01:30:00,1.6132952,2.5880694
2019-03-18 02:00:00,2.3354733,2.26552
2019-03-18 02:30:00,4.301778,2.227083
2019-03-18 03:00:00,3.6771586,1.773851
2019-03-18 03:30:00,4.2635813,1.3544903
2019-03-18 04:00:00,4.0810127,0.46586218
2019-03-18 04:30:00,2.3917594,-0.48119283
2019-03-18 05:00:00,2.2297745,0.20763405
2019-03-18 05:30:00,2.0677898,0.9251194
2019-03-18 06:00:00,0.4035903,0.978622
2019-03-18 06:30:00,19.99764,0.6808557
2019-03-18 07:00:00,15.269519,0.48024604
2019-03-18 07:30:00,10.541396,0.047694255
2019-03-18 08:00:00,5.8132734,-0.8473962
2019-03-18 08:30:00,1.085151,-2.1181889
2019-03-18 09:00:00,-3.6429713,-3.9616144
2019-03-18 09:30:00,1.8045894,-4.877315
2019-03-18 10:00:00,-1.6104014,-6.3473587
2019-03-18 10:30:00,-8.190409,-5.4669275
2019-03-18 11:00:00,-14.770415,-6.9310637
2019-03-18 11:30:00,-10.455921,-7.595138
2019-03-18 12:00:00,-14.356993,-8.47393
2019-03-18 12:30:00,-14.367456,-8.77493
2019-03-18 13:00:00,-15.038518,-9.038017
2019-03-18 13:30:00,-14.015509,-7.7566943
2019-03-18 14:00:00,-11.702171,-6.85041
2019-03-18 14:30:00,-8.127852,-6.1539235
2019-03-18 15:00:00,-6.0693984,-4.608841
2019-03-18 15:30:00,-3.6542356,-4.2231894
2019-03-18 16:00:00,-4.9669914,-3.550835
2019-03-18 16:30:00,-8.209761,-2.4598756
2019-03-18 17:00:00,-5.6845818,-1.5119164
2019-03-18 17:30:00,-4.5428376,-0.21721461
2019-03-18 18:00:00,0.54992396,1.1612998
2019-03-18 18:30:00,1.4751322,2.3265731
2019-03-18 19:00:00,2.654833,2.8989613
2019-03-18 19:30:00,1.4306173,3.2888858
2019-03-18 20:00:00,1.8277862,3.930882
2019-03-18 20:30:00,2.9969876,3.8562624
2019-03-18 21:00:00,2.0168958,3.620082
2019-03-18 21:30:00,1.8703873,3.532092
2019-03-18 22:00:00,2.3882637,3.4614136
2019-03-18 22:30:00,2.0622234,3.074054
2019-03-18 23:00:00,2.4313543,3.4962504
2019-03-18 23:30:00,2.3485072,3.0735776
2019-03-19 00:00:00,2.534484,3.8140895
2019-03-19 00:30:00,1.9054644,3.9543192
2019-03-19 01:00:00,1.2764407,4.140746
2019-03-19 01:30:00,1.4577991,3.4628336
2019-03-19 02:00:00,0.86177266,3.1917727
2019-03-19 02:30:00,0.26575068,3.2070525
2019-03-19 03:00:00,-0.33027574,2.453
2019-03-19 03:30:00,-0.92630213,2.6358526
2019-03-19 04:00:00,-1.5223242,2.2011204
2019-03-19 04:30:00,-2.1183505,2.2338424
2019-03-19 05:00:00,8.484773,1.7589341
2019-03-19 05:30:00,8.99013,1.3405216
2019-03-19 06:00:00,9.495489,1.0576459
2019-03-19 06:30:00,10.000847,1.1472262
2019-03-19 07:00:00,10.506206,0.31600684
2019-03-19 07:30:00,6.519359,-0.6697605
2019-03-19 08:00:00,2.5325134,-1.4075896
2019-03-19 08:30:00,-1.4543328,-1.9416368
2019-03-19 09:00:00,-2.8948917,-2.9871156
2019-03-19 09:30:00,-6.840723,-3.6212208
2019-03-19 10:00:00,-10.4270525,-4.0566564
2019-03-19 10:30:00,-14.231002,-4.5979743
2019-03-19 11:00:00,-10.045828,-6.0768485
2019-03-19 11:30:00,-15.455547,-6.077211
2019-03-19 12:00:00,-14.874191,-7.2797065
2019-03-19 12:30:00,-14.815703,-7.389779
2019-03-19 13:00:00,-13.4217,-7.2382674
2019-03-19 13:30:00,-11.883394,-7.0565643
2019-03-19 14:00:00,-12.58179,-6.7405124
2019-03-19 14:30:00,-11.481987,-6.730498
2019-03-19 15:00:00,-10.952803,-5.6802607
2019-03-19 15:30:00,-10.033851,-5.455126
2019-03-19 16:00:00,-8.925197,-4.3283725
2019-03-19 16:30:00,-7.4396334,-3.5527706
2019-03-19 17:00:00,-4.182795,-2.6951954
2019-03-19 17:30:00,0.1895406,-1.7767422
2019-03-19 18:00:00,4.5030036,-0.96097726
2019-03-19 18:30:00,3.977267,0.056079023
2019-03-19 19:00:00,3.9825976,1.3210605
2019-03-19 19:30:00,4.3152795,2.111208
2019-03-19 20:00:00,3.9794648,2.181371
2019-03-19 20:30:00,4.1612773,2.3979988
2019-03-19 21:00:00,4.4654713,2.6138487
2019-03-19 21:30:00,4.485382,2.6716857
2019-03-19 22:00:00,4.0884447,2.305893
2019-03-19 22:30:00,2.783803,2.243538
2019-03-19 23:00:00,3.714486,2.3583906
2019-03-19 23:30:00,3.7572925,2.644137
2019-03-20 00:00:00,3.779541,2.9810393
2019-03-20 00:30:00,4.052175,2.842007
2019-03-20 01:00:00,3.2245822,3.0195203
2019-03-20 01:30:00,3.5008907,3.19356
2019-03-20 02:00:00,3.5401492,3.0848987
2019-03-20 02:30:00,3.106033,3.1988904
2019-03-20 03:00:00,3.7964067,3.5617774
2019-03-20 03:30:00,3.0426822,3.9551451
2019-03-20 04:00:00,4.0630064,4.331691
2019-03-20 04:30:00,3.888128,4.7384453
2019-03-20 05:00:00,4.232,5.3813376
2019-03-20 05:30:00,4.3334427,5.194264
2019-03-20 06:00:00,3.6186488,5.235445
2019-03-20 06:30:00,4.55551,4.6435304
2019-03-20 07:00:00,2.7537374,3.5229428
2019-03-20 07:30:00,0.9519646,2.0741255
2019-03-20 08:00:00,-0.84980804,1.0693601
2019-03-20 08:30:00,-0.12914616,-0.39422107
2019-03-20 09:00:00,0.5915201,-1.2568429
2019-03-20 09:30:00,1.3121864,-2.670041
2019-03-20 10:00:00,2.0328481,-4.2757745
2019-03-20 10:30:00,2.7535145,-6.312098
2019-03-20 11:00:00,-2.8712537,-7.026005
2019-03-20 11:30:00,-0.7652176,-9.2604685
2019-03-20 12:00:00,-5.9372215,-10.610914
2019-03-20 12:30:00,-8.034279,-9.811762
2019-03-20 13:00:00,-5.123628,-9.936039
2019-03-20 13:30:00,-3.252505,-8.928434
2019-03-20 14:00:00,-0.9986672,-8.113552
2019-03-20 14:30:00,-2.1302264,-6.9920683
2019-03-20 15:00:00,-2.6081407,-6.444367
2019-03-20 15:30:00,-2.988505,-5.719851
2019-03-20 16:00:00,-7.63922,-5.1335683
2019-03-20 16:30:00,-3.875805,-3.907784
2019-03-20 17:00:00,-2.3783832,-2.5689564
2019-03-20 17:30:00,-0.6372133,-1.1006433
2019-03-20 18:00:00,1.3413386,-0.34795848
2019-03-20 18:30:00,2.0297723,0.27870578
2019-03-20 19:00:00,2.7182105,1.0947591
2019-03-20 19:30:00,4.227661,1.5290761
2019-03-20 20:00:00,5.737111,1.6581203
2019-03-20 20:30:00,7.2465615,2.1144414
2019-03-20 21:00:00,8.756012,2.289451
2019-03-20 21:30:00,10.265464,2.7890637
2019-03-20 22:00:00,11.774914,2.7111888
2019-03-20 22:30:00,13.284365,2.6037204
2019-03-20 23:00:00,14.793815,2.6558685
2019-03-20 23:30:00,16.303267,2.7638133
2019-03-21 00:00:00,17.812716,2.6762385
2019-03-21 00:30:00,19.322166,3.3931777
2019-03-21 01:00:00,20.831615,3.5594923
2019-03-21 01:30:00,11.403227,3.7627497
2019-03-21 02:00:00,6.430897,3.8581893
2019-03-21 02:30:00,-7.924604,3.922978
2019-03-21 03:00:00,-10.749768,4.2907586
2019-03-21 03:30:00,-13.574932,4.716979
2019-03-21 04:00:00,6.5100656,4.7306943
2019-03-21 04:30:00,4.6570797,4.7910347
2019-03-21 05:00:00,2.804094,4.283584
2019-03-21 05:30:00,0.95110387,4.152609
2019-03-21 06:00:00,-4.304778,3.8669367
2019-03-21 06:30:00,6.28639,2.8331983
2019-03-21 07:00:00,16.87756,1.6398346
2019-03-21 07:30:00,11.648824,0.9783074
2019-03-21 08:00:00,6.420083,0.06387393
2019-03-21 08:30:00,1.1913478,-0.9687066
2019-03-21 09:00:00,2.7468295,-1.750146
2019-03-21 09:30:00,0.96536976,-2.2151532
2019-03-21 10:00:00,-0.81608546,-2.5600865
2019-03-21 10:30:00,-2.7554529,-3.059983
2019-03-21 11:00:00,-7.7898884,-3.3155503
2019-03-21 11:30:00,-14.141621,-3.29165
2019-03-21 12:00:00,-12.004293,-3.5970058
2019-03-21 12:30:00,-15.617834,-3.7889073
2019-03-21 13:00:00,-11.044022,-3.376638
2019-03-21 13:30:00,-5.2799635,-2.9329095
2019-03-21 14:00:00,-3.4630854,-2.3656201
2019-03-21 14:30:00,-1.6462038,-2.3612597
2019-03-21 15:00:00,-2.1256998,-2.0048
2019-03-21 15:30:00,-1.4659728,-1.9034008
2019-03-21 16:00:00,9.1168585,-1.9055111
2019-03-21 16:30:00,19.69969,-0.8611334
2019-03-21 17:00:00,30.282526,-0.22722478
2019-03-21 17:30:00,5.844715,0.37658778
2019-03-21 18:00:00,2.4154017,1.0541418
2019-03-21 18:30:00,19.16344,2.1151316
2019-03-21 19:00:00,18.891113,2.9718595
2019-03-21 19:30:00,18.618784,3.5943072
2019-03-21 20:00:00,18.346457,4.322113
2019-03-21 20:30:00,18.07413,4.733364
2019-03-21 21:00:00,17.801805,5.0594873
2019-03-21 21:30:00,17.529478,5.1783247
2019-03-21 22:00:00,17.25715,5.1981964
2019-03-21 22:30:00,16.984821,5.0678897
2019-03-21 23:00:00,16.712494,4.7293835
2019-03-21 23:30:00,0.55227464,4.787002
2019-03-22 00:00:00,4.4347196,4.646807
2019-03-22 00:30:00,1.7910838,3.9807668
2019-03-22 01:00:00,1.7864785,4.7931585
2019-03-22 01:30:00,1.7818732,4.0768747
2019-03-22 02:00:00,6.5119224,3.3767097
2019-03-22 02:30:00,3.5379472,2.962863
2019-03-22 03:00:00,3.017541,3.2423785
2019-03-22 03:30:00,1.1769989,2.489615
2019-03-22 04:00:00,3.640395,2.9105356
2019-03-22 04:30:00,4.053123,2.7592866
2019-03-22 05:00:00,3.6073978,2.557174
2019-03-22 05:30:00,3.507305,2.3611083
2019-03-22 06:00:00,3.8217227,2.0859706
2019-03-22 06:30:00,3.1266913,2.3725517
2019-03-22 07:00:00,2.8390226,1.5956781
2019-03-22 07:30:00,1.9784019,0.83943224
2019-03-22 08:00:00,0.3811319,-0.08401084
2019-03-22 08:30:00,-0.9327294,-0.78467864
2019-03-22 09:00:00,-2.805849,-1.2482003
2019-03-22 09:30:00,-4.9678526,-2.4420576
2019-03-22 10:00:00,-5.190466,-3.7650552
2019-03-22 10:30:00,-7.587767,-4.860454
2019-03-22 11:00:00,-10.701898,-6.3820863
2019-03-22 11:30:00,-8.11613,-9.047822
2019-03-22 12:00:00,-11.746686,-9.1756115
2019-03-22 12:30:00,-13.172265,-10.523331
2019-03-22 13:00:00,-16.551117,-9.902434
2019-03-22 13:30:00,-18.484877,-7.7459807
2019-03-22 14:00:00,-18.750153,-6.2000856
2019-03-22 14:30:00,-18.80062,-4.7431326
2019-03-22 15:00:00,-16.183035,-3.5928288
2019-03-22 15:30:00,-10.870519,-2.998087
2019-03-22 16:00:00,-5.753084,-1.2691776
2019-03-22 16:30:00,-4.3040442,0.81242096
2019-03-22 17:00:00,-2.1971648,3.0748622
2019-03-22 17:30:00,-1.0425485,1.7749435
2019-03-22 18:00:00,1.1139842,2.4622455
2019-03-22 18:30:00,1.2765675,5.414872
2019-03-22 19:00:00,2.727303,7.1941514
2019-03-22 19:30:00,1.3758957,7.8717403
2019-03-22 20:00:00,1.9914443,8.279042
2019-03-22 20:30:00,3.0414848,9.35744
2019-03-22 21:00:00,2.199307,9.610783
2019-03-22 21:30:00,4.7856255,10.011993
2019-03-22 22:00:00,-0.88144207,10.123394
2019-03-22 22:30:00,3.7693868,8.108113
2019-03-22 23:00:00,7.040818,8.308072
2019-03-22 23:30:00,2.5013947,5.066876
2019-03-23 00:00:00,1.5189611,4.600794
2019-03-23 00:30:00,0.5365276,4.354555
2019-03-23 01:00:00,0.9228998,3.7255886
2019-03-23 01:30:00,4.859105,3.545742
2019-03-23 02:00:00,1.6503428,3.781634
2019-03-23 02:30:00,0.81031054,3.3320112
2019-03-23 03:00:00,1.1773047,3.4500096
2019-03-23 03:30:00,-0.3467438,3.5560405
2019-03-23 04:00:00,-1.870788,2.8868494
2019-03-23 04:30:00,1.6193424,3.3552344
2019-03-23 05:00:00,3.6379132,3.0004873
2019-03-23 05:30:00,1.9035113,3.0893903
2019-03-23 06:00:00,0.16910955,2.3246768
2019-03-23 06:30:00,-1.5652922,2.0573077
2019-03-23 07:00:00,2.3392792,1.4271656
2019-03-23 07:30:00,-1.2390771,0.15454653
2019-03-23 08:00:00,-4.817429,-1.2081553
2019-03-23 08:30:00,-6.1974335,-2.134884
2019-03-23 09:00:00,-10.5430765,-3.2839513
2019-03-23 09:30:00,-10.55999,-4.5483775
2019-03-23 10:00:00,-8.447815,-6.1892495
2019-03-23 10:30:00,-7.546241,-8.304387
2019-03-23 11:00:00,-12.660744,-9.658961
2019-03-23 11:30:00,-14.670036,-9.168332
2019-03-23 12:00:00,-11.09197,-9.40873
2019-03-23 12:30:00,-11.790043,-10.402645
2019-03-23 13:00:00,-13.0160675,-10.96072
2019-03-23 13:30:00,-16.095789,-12.673642
2019-03-23 14:00:00,-13.394586,-12.065919
2019-03-23 14:30:00,-9.662173,-11.391567
2019-03-23 15:00:00,-9.937197,-9.333638
2019-03-23 15:30:00,-8.569785,-7.6528573
2019-03-23 16:00:00,-6.5957866,-5.4546714
2019-03-23 16:30:00,-5.357008,-2.9412024
2019-03-23 17:00:00,-4.3921432,-0.47835714
2019-03-23 17:30:00,-1.2225741,1.4544477
2019-03-23 18:00:00,0.3031129,3.648286
2019-03-23 18:30:00,-0.3035266,4.861945
2019-03-23 19:00:00,-0.53440267,5.567218
2019-03-23 19:30:00,-0.76527876,6.373864
2019-03-23 20:00:00,-0.9961548,6.218093
2019-03-23 20:30:00,-1.2270353,5.6485314
2019-03-23 21:00:00,3.208398,6.0525255
2019-03-23 21:30:00,8.398478,6.278254
2019-03-23 22:00:00,13.588563,5.4366226
2019-03-23 22:30:00,-13.970537,4.544115
2019-03-23 23:00:00,8.390289,4.2264986
2019-03-23 23:30:00,6.900409,4.0237045
2019-03-24 00:00:00,-34.717358,4.1242647
2019-03-24 00:30:00,-9.928209,4.015844
2019-03-24 01:00:00,14.860937,3.6272652
2019-03-24 01:30:00,9.294543,3.1669636
2019-03-24 02:00:00,3.728149,3.1131027
2019-03-24 02:30:00,-1.8382494,2.9335358
2019-03-24 03:00:00,0.4704194,3.385326
2019-03-24 03:30:00,-1.0896543,3.693736
2019-03-24 04:00:00,-2.649728,3.2610705
2019-03-24 04:30:00,-4.2098017,3.6762805
2019-03-24 05:00:00,-4.6394877,3.62453
2019-03-24 05:30:00,-5.0691776,3.1464233
2019-03-24 06:00:00,-5.4988627,3.2317173
2019-03-24 06:30:00,-5.9285526,2.5059521
2019-03-24 07:00:00,-6.358238,1.4490778
2019-03-24 07:30:00,-6.787928,-0.15433541
2019-03-24 08:00:00,-7.2176137,-1.7802203
2019-03-24 08:30:00,-8.460115,-3.3166602
2019-03-24 09:00:00,-9.702616,-6.0752883
2019-03-24 09:30:00,-11.347039,-7.8164105
2019-03-24 10:00:00,-10.926084,-7.6709595
2019-03-24 10:30:00,-11.965411,-6.5491176
2019-03-24 11:00:00,-12.243178,-9.538438
2019-03-24 11:30:00,-13.1418085,-10.420367
2019-03-24 12:00:00,-14.0370035,-9.854826
2019-03-24 12:30:00,-14.982643,-8.959806
2019-03-24 13:00:00,-12.120033,-8.456672
2019-03-24 13:30:00,-12.486385,-8.323966
2019-03-24 14:00:00,-11.944547,-7.334166
2019-03-24 14:30:00,-11.9389715,-6.6786246
2019-03-24 15:00:00,-10.886061,-4.8008213
2019-03-24 15:30:00,-8.102925,-3.9415548
2019-03-24 16:00:00,-6.491783,-2.9990788
2019-03-24 16:30:00,-6.56843,-2.0148408
2019-03-24 17:00:00,-3.4250197,-0.95873576
2019-03-24 17:30:00,-0.88938993,0.52930504
2019-03-24 18:00:00,0.8520815,1.090617
2019-03-24 18:30:00,-2.0513337,2.018744
2019-03-24 19:00:00,-6.0709496,2.779945
2019-03-24 19:30:00,-2.6022508,2.9413133
2019-03-24 20:00:00,0.86644787,3.0466452
2019-03-24 20:30:00,1.9189439,3.2545035
2019-03-24 21:00:00,0.44877803,3.581221
2019-03-24 21:30:00,1.254983,4.098608
2019-03-24 22:00:00,0.43508014,4.543289
2019-03-24 22:30:00,2.728701,2.3315496
2019-03-24 23:00:00,3.591358,3.2040768
2019-03-24 23:30:00,3.2516503,3.404516
2019-03-25 00:00:00,3.071371,0.5475383
2019-03-25 00:30:00,1.4089892,1.3836994
2019-03-25 01:00:00,1.370268,3.0989199
2019-03-25 01:30:00,1.7995603,3.5123339
2019-03-25 02:00:00,2.0915284,2.7828896
2019-03-25 02:30:00,1.2381915,2.5347636
2019-03-25 03:00:00,0.38485894,3.1570015
2019-03-25 03:30:00,0.078174785,3.251707
2019-03-25 04:00:00,-0.22850937,3.3424058
2019-03-25 04:30:00,4.0365896,3.118569
2019-03-25 05:00:00,2.543725,3.0221243
2019-03-25 05:30:00,1.7219652,3.1232834
2019-03-25 06:00:00,1.2698649,2.3650103
2019-03-25 06:30:00,0.81776905,1.9722323
2019-03-25 07:00:00,0.36567315,1.1305441
2019-03-25 07:30:00,-2.0747619,-0.15632345
2019-03-25 08:00:00,-5.4704447,-1.5276241
2019-03-25 08:30:00,-9.591425,-3.0788805
2019-03-25 09:00:00,-11.402622,-4.6210184
2019-03-25 09:30:00,-11.692961,-5.869453
2019-03-25 10:00:00,-12.16557,-6.671835
2019-03-25 10:30:00,-14.715575,-7.648549
2019-03-25 11:00:00,-12.836055,-9.515975
2019-03-25 11:30:00,-13.61303,-10.421062
2019-03-25 12:00:00,-14.1115465,-9.877643
2019-03-25 12:30:00,-13.034436,-11.011754
2019-03-25 13:00:00,-13.438113,-10.659847
2019-03-25 13:30:00,-11.663179,-8.900859
2019-03-25 14:00:00,-12.597856,-7.833608
2019-03-25 14:30:00,-12.465923,-7.7045903
2019-03-25 15:00:00,-11.998116,-6.0909877
2019-03-25 15:30:00,-10.582881,-4.791488
2019-03-25 16:00:00,-8.711566,-3.4058733
2019-03-25 16:30:00,-7.281546,-3.0862734
2019-03-25 17:00:00,-4.263746,-2.1339884
2019-03-25 17:30:00,-3.5262005,-0.14385335
2019-03-25 18:00:00,-0.8649609,0.93981785
2019-03-25 18:30:00,2.6468065,1.3884052
2019-03-25 19:00:00,6.1585693,1.4122006
2019-03-25 19:30:00,-6.04469,2.6321561
2019-03-25 20:00:00,-1.662947,3.1064265
2019-03-25 20:30:00,-6.4171896,2.5754116
2019-03-25 21:00:00,-3.5403836,2.4530394
2019-03-25 21:30:00,-0.6635779,3.1766725
2019-03-25 22:00:00,2.2132323,2.6950834
2019-03-25 22:30:00,1.704195,2.3400307
2019-03-25 23:00:00,3.1136882,2.3457327
2019-03-25 23:30:00,2.5024652,2.2930777
2019-03-26 00:00:00,2.4528732,2.5951347
2019-03-26 00:30:00,1.9745656,2.7541525
2019-03-26 01:00:00,2.420623,2.471194
2019-03-26 01:30:00,-4.054026,2.2501576
2019-03-26 02:00:00,19.59888,2.582857
2019-03-26 02:30:00,14.47383,2.1805408
2019-03-26 03:00:00,9.34878,1.9732679
2019-03-26 03:30:00,4.223724,2.3337824
2019-03-26 04:00:00,-0.90132695,2.34246
2019-03-26 04:30:00,-6.026378,2.1286898
2019-03-26 05:00:00,-3.0130563,1.6029398
2019-03-26 05:30:00,0.0002694098,1.5830419
2019-03-26 06:00:00,3.0135953,1.0676736
2019-03-26 06:30:00,6.026921,0.28765854
2019-03-26 07:00:00,9.040247,0.12669633
2019-03-26 07:30:00,21.225351,-1.0610789
2019-03-26 08:00:00,-9.104536,-2.300102
2019-03-26 08:30:00,-8.967496,-2.9801333
2019-03-26 09:00:00,-11.861001,-4.028719
2019-03-26 09:30:00,-10.638306,-5.537405
2019-03-26 10:00:00,-8.961269,-7.187164
2019-03-26 10:30:00,-9.7867775,-7.7114935
2019-03-26 11:00:00,-17.5452,-7.6774917
2019-03-26 11:30:00,-15.055154,-8.749798
2019-03-26 12:00:00,-16.071985,-8.776346
2019-03-26 12:30:00,-13.104179,-7.555565
2019-03-26 13:00:00,-14.088948,-7.630145
2019-03-26 13:30:00,-12.761693,-6.861447
2019-03-26 14:00:00,-11.886208,-5.6576056
2019-03-26 14:30:00,-13.65263,-5.408387
2019-03-26 15:00:00,-10.388096,-4.8256392
2019-03-26 15:30:00,-7.0685406,-4.1502695
2019-03-26 16:00:00,-8.274182,-2.9256084
2019-03-26 16:30:00,-6.175792,-2.2524369
2019-03-26 17:00:00,-2.263404,-2.057918
2019-03-26 17:30:00,-3.3073273,-1.0851977
2019-03-26 18:00:00,0.4892862,-1.1088663
2019-03-26 18:30:00,3.3419952,-0.38463035
2019-03-26 19:00:00,3.6720815,0.9995555
2019-03-26 19:30:00,4.266714,1.4810833
2019-03-26 20:00:00,2.9013689,1.589858
2019-03-26 20:30:00,2.8610616,1.697121
2019-03-26 21:00:00,2.8207588,2.2700949
2019-03-26 21:30:00,2.780456,2.1286068
2019-03-26 22:00:00,3.2985246,2.038393
2019-03-26 22:30:00,4.625131,2.1650994
2019-03-26 23:00:00,2.533182,2.1236956
2019-03-26 23:30:00,2.548658,2.5028586
2019-03-27 00:00:00,3.050739,2.6496596
2019-03-27 00:30:00,1.9785417,2.873842
2019-03-27 01:00:00,1.1132109,3.381529
2019-03-27 01:30:00,0.24788006,3.2372184
2019-03-27 02:00:00,-2.8704584,4.4661484
2019-03-27 02:30:00,-0.79639286,4.8906164
2019-03-27 03:00:00,-2.4002428,4.5522723
2019-03-27 03:30:00,-4.0040975,4.892714
2019-03-27 04:00:00,-3.3927171,4.7338357
2019-03-27 04:30:00,-2.781337,4.696351
2019-03-27 05:00:00,-2.1699612,4.0105352
2019-03-27 05:30:00,-1.558581,3.9416044
2019-03-27 06:00:00,-5.2047143,3.8933058
2019-03-27 06:30:00,-1.5488155,3.050656
2019-03-27 07:00:00,6.7131786,2.6995313
2019-03-27 07:30:00,4.5753555,2.9765172
2019-03-27 08:00:00,2.437537,0.5315072
2019-03-27 08:30:00,-2.8925498,-1.1701901
2019-03-27 09:00:00,-0.611089,-3.3939102
2019-03-27 09:30:00,-2.8008156,-4.9746685
2019-03-27 10:00:00,-9.684566,-5.687876
2019-03-27 10:30:00,-10.540472,-6.8107758
2019-03-27 11:00:00,-10.045723,-9.645823
2019-03-27 11:30:00,-4.284723,-10.375096
2019-03-27 12:00:00,-0.90425,-11.283125
2019-03-27 12:30:00,-5.4557986,-11.91574
2019-03-27 13:00:00,-1.3353688,-11.03395
2019-03-27 13:30:00,-3.3789668,-10.970699
2019-03-27 14:00:00,-0.1818011,-8.591515
2019-03-27 14:30:00,0.5748904,-8.3621235
2019-03-27 15:00:00,0.27673957,-7.120409
2019-03-27 15:30:00,-1.3169214,-5.496945
2019-03-27 16:00:00,-0.6420764,-4.665913
2019-03-27 16:30:00,-1.7064046,-3.4034264
2019-03-27 17:00:00,0.045098864,-1.9920372
2019-03-27 17:30:00,0.40348545,-0.97587234
2019-03-27 18:00:00,0.7618764,0.17081359
2019-03-27 18:30:00,1.1257291,1.706738
2019-03-27 19:00:00,2.4349241,2.7146275
2019-03-27 19:30:00,-1.6787161,2.9175966
2019-03-27 20:00:00,-14.415237,3.6746287
2019-03-27 20:30:00,-9.888269,3.7806203
2019-03-27 21:00:00,1.867521,4.3560104
2019-03-27 21:30:00,-2.7550247,4.258028
2019-03-27 22:00:00,-2.3224905,3.9168565
2019-03-27 22:30:00,-1.8899606,3.8116515
2019-03-27 23:00:00,-3.1959176,3.4897664
2019-03-27 23:30:00,12.019331,3.0925539
2019-03-28 00:00:00,27.234577,3.644808
2019-03-28 00:30:00,20.064486,3.5322363
2019-03-28 01:00:00,12.894392,3.2308521
2019-03-28 01:30:00,5.7243004,3.2694073
2019-03-28 02:00:00,-1.4457908,2.9816031
2019-03-28 02:30:00,7.868721,2.9891272
2019-03-28 03:00:00,16.386667,2.5590353
2019-03-28 03:30:00,24.904608,2.7120147
2019-03-28 04:00:00,18.376492,2.6083083
2019-03-28 04:30:00,11.848375,2.6424546
2019-03-28 05:00:00,5.320254,2.6882498
2019-03-28 05:30:00,5.400921,2.2772517
2019-03-28 06:00:00,10.283478,1.3629318
2019-03-28 06:30:00,19.216433,0.619497
2019-03-28 07:00:00,27.724215,0.8048751
2019-03-28 07:30:00,12.826418,-0.32916594
2019-03-28 08:00:00,-2.0713801,-1.0034254
2019-03-28 08:30:00,-4.6341524,-2.002576
2019-03-28 09:00:00,-7.0774627,-3.0930984
2019-03-28 09:30:00,-6.730052,-3.8439872
2019-03-28 10:00:00,-9.780691,-5.0732145
2019-03-28 10:30:00,-7.1754932,-6.9766445
2019-03-28 11:00:00,-4.302873,-7.6352487
2019-03-28 11:30:00,-8.7055235,-7.098711
2019-03-28 12:00:00,-12.150234,-6.3189974
2019-03-28 12:30:00,-18.365963,-6.2833214
2019-03-28 13:00:00,-18.285414,-6.1212716
2019-03-28 13:30:00,-15.228823,-5.2779098
2019-03-28 14:00:00,-17.43263,-5.097242
2019-03-28 14:30:00,-14.770961,-4.4238906
2019-03-28 15:00:00,-15.318173,-3.89825
2019-03-28 15:30:00,-13.554914,-3.2719967
2019-03-28 16:00:00,-14.093726,-2.9968898
2019-03-28 16:30:00,-10.193061,-1.8446636
2019-03-28 17:00:00,-6.4027705,-0.9171134
2019-03-28 17:30:00,-1.440836,0.045968365
2019-03-28 18:00:00,0.61149675,0.46378672
2019-03-28 18:30:00,2.6638339,1.2016594
2019-03-28 19:00:00,3.6225986,1.7153718
2019-03-28 19:30:00,3.1975403,2.0269978
2019-03-28 20:00:00,3.905719,1.8476056
2019-03-28 20:30:00,3.5326777,2.680184
2019-03-28 21:00:00,3.4034586,2.63064
2019-03-28 21:30:00,1.3820302,2.9263875
2019-03-28 22:00:00,2.8118672,2.8352869
2019-03-28 22:30:00,3.2576232,2.8294845
2019-03-28 23:00:00,2.9883492,2.9348905
2019-03-28 23:30:00,4.0330286,3.1720889
2019-03-29 00:00:00,3.71231,4.378504
2019-03-29 00:30:00,2.8718538,4.133034
2019-03-29 01:00:00,1.4904512,3.8705328
2019-03-29 01:30:00,2.7309775,4.186816
2019-03-29 02:00:00,1.5118741,3.240028
2019-03-29 02:30:00,3.9792726,2.975735
2019-03-29 03:00:00,3.2599869,3.4759111
2019-03-29 03:30:00,2.0020707,3.6797628
2019-03-29 04:00:00,3.161432,3.0320864
2019-03-29 04:30:00,2.3281853,2.8447902
2019-03-29 05:00:00,3.2758565,2.6799786
2019-03-29 05:30:00,3.1871326,2.1782336
2019-03-29 06:00:00,3.6272783,2.041801
2019-03-29 06:30:00,2.8180673,1.3670827
2019-03-29 07:00:00,0.55754846,0.7018678
2019-03-29 07:30:00,-2.352569,-0.27921557
2019-03-29 08:00:00,-7.216836,-1.1425846
2019-03-29 08:30:00,-10.822312,-1.9917663
2019-03-29 09:00:00,-12.538359,-3.1482043
2019-03-29 09:30:00,-15.492709,-3.6535714
2019-03-29 10:00:00,-16.205416,-5.1926246
2019-03-29 10:30:00,-13.893813,-5.943125
2019-03-29 11:00:00,-17.306662,-5.2231135
2019-03-29 11:30:00,-20.048807,-6.086116
2019-03-29 12:00:00,-17.761272,-7.0373654
2019-03-29 12:30:00,-16.79588,-8.622362
2019-03-29 13:00:00,-16.20712,-10.100934
2019-03-29 13:30:00,-17.7599,-9.443514
2019-03-29 14:00:00,-8.921959,-8.169803
2019-03-29 14:30:00,-10.2479925,-7.9196625
2019-03-29 15:00:00,-10.756881,-7.363764
2019-03-29 15:30:00,-6.649857,-6.66792
2019-03-29 16:00:00,-5.2873473,-5.712694
2019-03-29 16:30:00,-4.6968746,-3.9513683
2019-03-29 17:00:00,-6.692694,-2.833258
2019-03-29 17:30:00,-2.5672655,-1.4517069
2019-03-29 18:00:00,-0.3395606,-0.47052288
2019-03-29 18:30:00,0.16443436,0.6490774
2019-03-29 19:00:00,0.7819098,1.6192769
2019-03-29 19:30:00,-2.3919456,1.9403143
2019-03-29 20:00:00,-5.565801,2.3306103
2019-03-29 20:30:00,-1.1481512,2.650114
2019-03-29 21:00:00,-1.459729,2.5320458
2019-03-29 21:30:00,-1.7713112,2.6277606
2019-03-29 22:00:00,-8.168344,2.5747473
2019-03-29 22:30:00,3.602443,2.4732606
2019-03-29 23:00:00,1.9653331,2.2376525
2019-03-29 23:30:00,2.4238913,2.6953673
2019-03-30 00:00:00,-3.3178267,2.9264138
2019-03-30 00:30:00,-32.89583,2.9495058
2019-03-30 01:00:00,-26.537458,3.0542521
2019-03-30 01:30:00,-20.179083,3.680095
2019-03-30 02:00:00,-13.82071,4.274863
2019-03-30 02:30:00,-7.462336,4.3394156
2019-03-30 03:00:00,-1.103964,4.3873515
2019-03-30 03:30:00,5.2544127,4.371574
2019-03-30 04:00:00,4.4582224,4.0285063
2019-03-30 04:30:00,3.6620321,4.3657584
2019-03-30 05:00:00,5.098641,4.8453765
2019-03-30 05:30:00,3.9226458,4.858371
2019-03-30 06:00:00,3.2276452,4.3836904
2019-03-30 06:30:00,2.5326443,3.159016
2019-03-30 07:00:00,1.8376435,1.9297667
2019-03-30 07:30:00,-1.530639,0.45468977
2019-03-30 08:00:00,-4.8989215,-1.3456367
2019-03-30 08:30:00,-7.244577,-3.279346
2019-03-30 09:00:00,-11.902759,-5.9317994
2019-03-30 09:30:00,-13.515188,-8.3401375
2019-03-30 10:00:00,-15.496338,-11.474502
2019-03-30 10:30:00,-11.323012,-12.355344
2019-03-30 11:00:00,-17.241055,-14.166922
2019-03-30 11:30:00,-18.226791,-14.452008
2019-03-30 12:00:00,-18.179066,-14.468428
2019-03-30 12:30:00,-13.919505,-14.873291
2019-03-30 13:00:00,-18.652313,-13.402754
2019-03-30 13:30:00,-17.243046,-13.708359
2019-03-30 14:00:00,-15.236786,-11.025176
2019-03-30 14:30:00,-13.278951,-9.760942
2019-03-30 15:00:00,-10.125577,-8.594171
2019-03-30 15:30:00,-6.4783382,-7.2225466
2019-03-30 16:00:00,-5.2003584,-6.4564657
2019-03-30 16:30:00,-7.200538,-4.6501617
2019-03-30 17:00:00,-2.203295,-3.3828557
2019-03-30 17:30:00,-3.364762,-1.4371351
2019-03-30 18:00:00,0.27521902,-0.11400201
2019-03-30 18:30:00,2.0126357,1.5118041
2019-03-30 19:00:00,3.738229,2.2538934
2019-03-30 19:30:00,2.3710399,2.346471
2019-03-30 20:00:00,3.1012094,2.9529052
2019-03-30 20:30:00,2.3727875,3.5969331
2019-03-30 21:00:00,2.9744024,3.7175052
2019-03-30 21:30:00,4.8514934,3.8833785
2019-03-30 22:00:00,3.8950186,3.3276374
2019-03-30 22:30:00,3.8602996,3.9841704
2019-03-30 23:00:00,3.9249747,4.1958084
2019-03-30 23:30:00,1.9635592,3.8686583
2019-03-31 00:00:00,3.5206575,3.4028513
2019-03-31 00:30:00,3.2929668,1.0721128
2019-03-31 01:00:00,2.956191,0.69272715
2019-03-31 01:30:00,2.9355283,0.38942927
2019-03-31 02:00:00,2.6639607,0.49310502
2019-03-31 02:30:00,1.6635339,1.1931349
2019-03-31 03:00:00,2.3557515,1.8449665
2019-03-31 03:30:00,3.1469345,2.5555615
2019-03-31 04:00:00,2.2738655,2.7263548
2019-03-31 04:30:00,2.2253134,2.7629044
2019-03-31 05:00:00,0.31268612,2.9576328
2019-03-31 05:30:00,-3.6609468,2.816988
2019-03-31 06:00:00,2.4999049,2.4318786
2019-03-31 06:30:00,1.7974849,1.4290925
2019-03-31 07:00:00,1.095065,0.2869376
2019-03-31 07:30:00,-1.2932526,-1.0141565
2019-03-31 08:00:00,-6.742972,-2.374927
2019-03-31 08:30:00,-10.242649,-3.8960874
2019-03-31 09:00:00,-12.198349,-5.8013306
2019-03-31 09:30:00,-14.388814,-7.8864074
2019-03-31 10:00:00,-15.949746,-9.800017
2019-03-31 10:30:00,-16.156174,-8.900794
2019-03-31 11:00:00,-19.302378,-10.315879
2019-03-31 11:30:00,-17.395481,-10.781371
2019-03-31 12:00:00,-15.97556,-11.220137
2019-03-31 12:30:00,-16.815865,-9.910435
2019-03-31 13:00:00,-17.54477,-9.819622
2019-03-31 13:30:00,-14.895494,-9.124067
2019-03-31 14:00:00,-17.739817,-7.5563383
2019-03-31 14:30:00,-13.5288315,-7.281769
2019-03-31 15:00:00,-13.02384,-5.4980545
2019-03-31 15:30:00,-9.723501,-3.7754061
2019-03-31 16:00:00,-9.111418,-2.9383056
2019-03-31 16:30:00,-11.486919,-1.8265833
2019-03-31 17:00:00,-6.905966,-0.89105463
2019-03-31 17:30:00,-3.1862178,-0.08555759
2019-03-31 18:00:00,-1.5479022,0.6475831
2019-03-31 18:30:00,0.09041331,1.7771893
2019-03-31 19:00:00,-3.2776856,2.4773066
2019-03-31 19:30:00,-1.6454872,2.8637314
2019-03-31 20:00:00,-1.364486,3.746959
2019-03-31 20:30:00,11.563119,4.222968
2019-03-31 21:00:00,1.405083,3.9234192
2019-03-31 21:30:00,0.8591336,3.7844217
2019-03-31 22:00:00,-3.611844,3.2944217
2019-03-31 22:30:00,-8.082818,2.6579528
2019-03-31 23:00:00,-1.4499198,2.1322377
2019-03-31 23:30:00,2.3409743,1.8434503
2019-04-01 00:00:00,-0.48755458,1.9447753
2019-04-01 00:30:00,-1.0903404,1.6282034
2019-04-01 01:00:00,0.5856215,1.8784007
2019-04-01 01:30:00,-34.04468,2.5832543
2019-04-01 02:00:00,0.60172254,2.624807
2019-04-01 02:30:00,-1.3785815,2.6909106
2019-04-01 03:00:00,-2.0045948,2.8327134
2019-04-01 03:30:00,-1.4202082,2.8554296
2019-04-01 04:00:00,-8.862824,3.2287724
2019-04-01 04:30:00,15.355682,3.4273021
2019-04-01 05:00:00,-3.0946844,3.2962174
2019-04-01 05:30:00,-4.910168,2.5998843
2019-04-01 06:00:00,-6.725652,2.2991467
2019-04-01 06:30:00,1.3026612,1.531204
2019-04-01 07:00:00,0.60995436,-0.017885208
2019-04-01 07:30:00,-2.3489294,-1.1600838
2019-04-01 08:00:00,-5.3078136,-3.022966
2019-04-01 08:30:00,-9.976259,-5.0007668
2019-04-01 09:00:00,-14.681877,-6.815145
2019-04-01 09:30:00,-17.38002,-9.089148
2019-04-01 10:00:00,-16.15918,-10.762679
2019-04-01 10:30:00,-20.438482,-12.495574
2019-04-01 11:00:00,-19.711538,-14.410132
2019-04-01 11:30:00,-16.824198,-14.246173
2019-04-01 12:00:00,-13.847807,-14.150344
2019-04-01 12:30:00,-13.099548,-13.988429
2019-04-01 13:00:00,-13.945636,-12.015077
2019-04-01 13:30:00,-15.154465,-10.697414
2019-04-01 14:00:00,-12.112964,-10.284437
2019-04-01 14:30:00,-12.310248,-8.542324
2019-04-01 15:00:00,-11.709708,-7.0013227
2019-04-01 15:30:00,-13.064803,-5.4735384
2019-04-01 16:00:00,-10.85,-4.8271117
2019-04-01 16:30:00,-9.818364,-2.8296444
2019-04-01 17:00:00,-9.010792,-0.87692857
2019-04-01 17:30:00,-5.195849,0.13842365
2019-04-01 18:00:00,-1.1011108,0.9376201
2019-04-01 18:30:00,-0.8756571,1.8456613
2019-04-01 19:00:00,-0.65020335,2.0946002
2019-04-01 19:30:00,1.3468046,2.9263701
2019-04-01 20:00:00,-5.615507,3.7007093
2019-04-01 20:30:00,0.9117754,4.3020663
2019-04-01 21:00:00,-5.5134916,3.8428397
2019-04-01 21:30:00,-4.7704062,3.5130768
2019-04-01 22:00:00,-7.1584616,2.8304543
2019-04-01 22:30:00,-0.08595957,2.1229835
2019-04-01 23:00:00,-1.0719761,1.6753923
2019-04-01 23:30:00,-2.0579925,1.511459
2019-04-02 00:00:00,-3.0440087,2.1858277
2019-04-02 00:30:00,-11.187231,1.9662857
2019-04-02 01:00:00,-8.056095,2.5730782
2019-04-02 01:30:00,-6.2018685,0.05231265
2019-04-02 02:00:00,-4.3476458,1.8009672
2019-04-02 02:30:00,-9.510972,1.8417988
2019-04-02 03:00:00,1.3653874,1.646227
2019-04-02 03:30:00,1.4412174,1.6941018
2019-04-02 04:00:00,1.9665872,1.3088875
2019-04-02 04:30:00,2.4919615,2.8360035
2019-04-02 05:00:00,3.0173311,1.7701415
2019-04-02 05:30:00,3.542701,1.2440902
2019-04-02 06:00:00,4.0591702,0.62662774
2019-04-02 06:30:00,2.8426623,0.31421977
2019-04-02 07:00:00,0.9725224,-0.41921806
2019-04-02 07:30:00,1.412607,-2.387279
2019-04-02 08:00:00,-1.2246889,-3.2076886
2019-04-02 08:30:00,-3.9039958,-5.2808895
2019-04-02 09:00:00,-4.172693,-7.4230866
2019-04-02 09:30:00,-6.635399,-10.079751
2019-04-02 10:00:00,-10.743301,-10.838977
2019-04-02 10:30:00,-8.320947,-12.797067
2019-04-02 11:00:00,-6.2442946,-13.743764
2019-04-02 11:30:00,-9.183446,-12.703664
2019-04-02 12:00:00,-14.467353,-12.345671
2019-04-02 12:30:00,-15.718689,-10.925765
2019-04-02 13:00:00,-15.073036,-10.299157
2019-04-02 13:30:00,-12.210897,-9.249851
2019-04-02 14:00:00,-7.498541,-7.721639
2019-04-02 14:30:00,-11.04545,-7.56239
2019-04-02 15:00:00,-7.7483187,-6.5740356
2019-04-02 15:30:00,-4.1271906,-6.028934
2019-04-02 16:00:00,-1.2645198,-5.171062
2019-04-02 16:30:00,-0.22815545,-3.583889
2019-04-02 17:00:00,0.8082089,-2.4583552
2019-04-02 17:30:00,0.7775929,-1.3974614
2019-04-02 18:00:00,1.1084658,-1.2862486
2019-04-02 18:30:00,1.3319969,-0.115880825
2019-04-02 19:00:00,3.8032668,1.2569928
2019-04-02 19:30:00,4.1456265,1.71386
2019-04-02 20:00:00,1.8344495,1.9266732
2019-04-02 20:30:00,2.5422,2.1115227
2019-04-02 21:00:00,2.9224334,2.3895876
2019-04-02 21:30:00,2.8905897,1.9809273
2019-04-02 22:00:00,1.8216473,1.4127599
2019-04-02 22:30:00,2.8596458,1.8051225
2019-04-02 23:00:00,3.1493204,2.2320247
2019-04-02 23:30:00,1.4089848,1.9879707
2019-04-03 00:00:00,1.8538406,2.4022238
2019-04-03 00:30:00,1.5576866,2.59676
2019-04-03 01:00:00,2.0967805,3.4594474
2019-04-03 01:30:00,2.3844364,3.5149293
2019-04-03 02:00:00,2.168228,3.288982
2019-04-03 02:30:00,1.9520241,3.4000595
2019-04-03 03:00:00,1.7358203,3.6188498
2019-04-03 03:30:00,1.018903,3.610631
2019-04-03 04:00:00,0.80068487,2.827693
2019-04-03 04:30:00,-1.4759218,3.0161777
2019-04-03 05:00:00,-3.7525325,3.1518195
2019-04-03 05:30:00,-2.6868412,3.0540817
2019-04-03 06:00:00,-1.6211543,2.2250993
2019-04-03 06:30:00,-0.5554629,1.6937916
2019-04-03 07:00:00,0.5102241,1.0760627
2019-04-03 07:30:00,-2.0655427,0.023820167
2019-04-03 08:00:00,-4.641314,-1.168486
2019-04-03 08:30:00,-9.756219,-2.3850856
2019-04-03 09:00:00,-14.63774,-3.1554358
2019-04-03 09:30:00,-10.902852,-4.354283
2019-04-03 10:00:00,-13.837823,-5.728389
2019-04-03 10:30:00,-17.820393,-6.2158065
2019-04-03 11:00:00,-18.74165,-5.81786
2019-04-03 11:30:00,-18.814123,-6.673486
2019-04-03 12:00:00,-21.354136,-7.690119
2019-04-03 12:30:00,-18.936749,-8.476662
2019-04-03 13:00:00,-22.243906,-9.703966
2019-04-03 13:30:00,-23.668644,-9.283893
2019-04-03 14:00:00,-17.264957,-6.9766316
2019-04-03 14:30:00,-17.05485,-6.874131
2019-04-03 15:00:00,-15.932833,-6.5219793
2019-04-03 15:30:00,-13.969427,-5.262189
2019-04-03 16:00:00,-14.039656,-3.6160824
2019-04-03 16:30:00,-12.499846,-2.635344
2019-04-03 17:00:00,-8.19206,-1.8009659
2019-04-03 17:30:00,-4.1315775,-0.3490508
2019-04-03 18:00:00,-1.0365493,0.36791024
2019-04-03 18:30:00,-0.163629,1.021258
2019-04-03 19:00:00,0.70929134,1.7559718
2019-04-03 19:30:00,-2.8505473,1.5276474
2019-04-03 20:00:00,1.1483229,1.9717124
2019-04-03 20:30:00,5.1471977,2.1612983
2019-04-03 21:00:00,5.253862,1.4092163
2019-04-03 21:30:00,2.652054,1.675388
2019-04-03 22:00:00,4.8104653,1.5082082
2019-04-03 22:30:00,2.1375465,1.990033
2019-04-03 23:00:00,3.220108,1.8184184
2019-04-03 23:30:00,2.8044,1.6518766
2019-04-04 00:00:00,3.5758467,2.210711
2019-04-04 00:30:00,3.008505,1.8781648
2019-04-04 01:00:00,1.1558819,1.9424378
2019-04-04 01:30:00,-0.2746933,2.4564474
2019-04-04 02:00:00,-1.7052641,2.6138618
2019-04-04 02:30:00,1.6940407,2.6531727
2019-04-04 03:00:00,0.7234961,2.4791331
2019-04-04 03:30:00,-0.30102298,2.95003
2019-04-04 04:00:00,-1.4680525,3.1936865
2019-04-04 04:30:00,-0.11883014,2.786739
2019-04-04 05:00:00,0.09783682,2.3880017
2019-04-04 05:30:00,1.5114983,2.477761
2019-04-04 06:00:00,0.14257452,2.1857708
2019-04-04 06:30:00,-1.2263492,1.7840754
2019-04-04 07:00:00,1.1240556,1.0285723
2019-04-04 07:30:00,1.0837003,0.2923381
2019-04-04 08:00:00,-2.186783,-1.0143837
2019-04-04 08:30:00,-6.1691113,-2.8329346
2019-04-04 09:00:00,-8.561671,-4.6190434
2019-04-04 09:30:00,-8.035052,-5.732968
2019-04-04 10:00:00,-13.93641,-7.31422
2019-04-04 10:30:00,-20.848278,-9.133326
2019-04-04 11:00:00,-12.417306,-10.41696
2019-04-04 11:30:00,-16.34964,-11.192693
2019-04-04 12:00:00,-22.343075,-12.200315
2019-04-04 12:30:00,-11.532728,-12.162761
2019-04-04 13:00:00,-17.460245,-13.013708
2019-04-04 13:30:00,-18.279957,-12.26832
2019-04-04 14:00:00,-11.628592,-10.642125
2019-04-04 14:30:00,-12.325886,-10.172014
2019-04-04 15:00:00,-11.332162,-8.515147
2019-04-04 15:30:00,-11.111964,-7.6382504
2019-04-04 16:00:00,-9.717393,-6.576609
2019-04-04 16:30:00,-12.396805,-5.09126
2019-04-04 17:00:00,-6.7677026,-3.6551006
2019-04-04 17:30:00,-5.124266,-2.5330186
2019-04-04 18:00:00,-1.160678,-1.3240827
2019-04-04 18:30:00,0.82438856,-0.12002733
2019-04-04 19:00:00,1.0138433,1.1824256
2019-04-04 19:30:00,1.7344178,1.4877902
2019-04-04 20:00:00,-5.9540086,2.5309184
2019-04-04 20:30:00,-4.7390647,3.5620308
2019-04-04 21:00:00,-3.524125,4.314545
2019-04-04 21:30:00,-2.3091815,4.930369
2019-04-04 22:00:00,-0.2876266,5.073447
2019-04-04 22:30:00,-19.128231,4.837123
2019-04-04 23:00:00,2.6972156,4.603568
2019-04-04 23:30:00,3.5205526,4.6224437
2019-04-05 00:00:00,4.3438897,4.9692693
2019-04-05 00:30:00,1.8361797,4.645951
2019-04-05 01:00:00,2.3721497,4.44698
2019-04-05 01:30:00,2.433255,4.2523127
2019-04-05 02:00:00,1.9402356,3.953288
2019-04-05 02:30:00,1.4472165,4.158822
2019-04-05 03:00:00,1.4319413,4.2001386
2019-04-05 03:30:00,1.2214831,4.236867
2019-04-05 04:00:00,1.7187493,4.331105
2019-04-05 04:30:00,2.8116925,4.6963034
2019-04-05 05:00:00,3.8595963,4.4325
2019-04-05 05:30:00,1.6677154,3.9936433
2019-04-05 06:00:00,2.139823,3.3033395
2019-04-05 06:30:00,1.9204164,2.1947193
2019-04-05 07:00:00,-1.9191041,1.2602437
2019-04-05 07:30:00,-5.7586203,0.18249722
2019-04-05 08:00:00,-10.122112,-1.5196632
2019-04-05 08:30:00,-15.243851,-3.5041354
2019-04-05 09:00:00,-17.349844,-4.951791
2019-04-05 09:30:00,-18.1655,-6.1929026
2019-04-05 10:00:00,-22.408484,-9.2125635
2019-04-05 10:30:00,-20.334667,-11.35192
2019-04-05 11:00:00,-19.879244,-10.860081
2019-04-05 11:30:00,-18.542664,-13.040443
2019-04-05 12:00:00,-19.799261,-14.236844
2019-04-05 12:30:00,-15.224165,-11.466353
2019-04-05 13:00:00,-14.582149,-12.544865
2019-04-05 13:30:00,-14.816455,-12.010017
2019-04-05 14:00:00,-11.94664,-10.354486
2019-04-05 14:30:00,-14.769813,-10.110516
2019-04-05 15:00:00,-12.096416,-8.731923
2019-04-05 15:30:00,-11.890843,-7.816139
2019-04-05 16:00:00,-7.849368,-6.9321513
2019-04-05 16:30:00,-5.40601,-5.8196163
2019-04-05 17:00:00,-3.2772791,-4.0839033
2019-04-05 17:30:00,-1.1485487,-2.5960813
2019-04-05 18:00:00,0.096700795,-1.2465357
2019-04-05 18:30:00,-3.2752824,0.23007935
2019-04-05 19:00:00,-0.97675055,1.4137473
2019-04-05 19:30:00,-18.30077,2.192303
2019-04-05 20:00:00,-10.538978,2.6788032
2019-04-05 20:30:00,-2.7771816,3.006185
2019-04-05 21:00:00,-2.9299033,3.300578
2019-04-05 21:30:00,-3.0826206,3.6091716
2019-04-05 22:00:00,-3.2353423,3.4093924
2019-04-05 22:30:00,0.55559534,1.9644942
2019-04-05 23:00:00,-0.20397988,2.9830275
2019-04-05 23:30:00,-0.9635595,3.2424178
2019-04-06 00:00:00,2.5483608,2.894072
2019-04-06 00:30:00,1.7389138,2.7474194
2019-04-06 01:00:00,0.92947125,3.1347485
2019-04-06 01:30:00,4.123151,3.5313056
2019-04-06 02:00:00,2.27976,3.4391432
2019-04-06 02:30:00,0.16926685,3.7981153
2019-04-06 03:00:00,-4.131263,3.6055975
2019-04-06 03:30:00,-1.5761894,3.7307487
2019-04-06 04:00:00,-0.43708432,3.8958094
2019-04-06 04:30:00,0.7020251,3.4845798
2019-04-06 05:00:00,1.8411303,3.2137942
2019-04-06 05:30:00,4.779417,2.898319
2019-04-06 06:00:00,3.8860352,2.3093185
2019-04-06 06:30:00,2.9926531,1.3592136
2019-04-06 07:00:00,-4.492651,-0.00078797113
2019-04-06 07:30:00,-8.08776,-1.2170032
2019-04-06 08:00:00,-11.682867,-3.3755631
2019-04-06 08:30:00,-14.185994,-6.112773
2019-04-06 09:00:00,-14.945232,-8.610621
2019-04-06 09:30:00,-18.039068,-10.467067
2019-04-06 10:00:00,-23.620144,-13.97454
2019-04-06 10:30:00,-18.097458,-14.027928
2019-04-06 11:00:00,-19.51232,-14.605992
2019-04-06 11:30:00,-18.893091,-15.482832
2019-04-06 12:00:00,-20.115772,-14.267832
2019-04-06 12:30:00,-21.177753,-13.318111
2019-04-06 13:00:00,-17.73975,-13.059262
2019-04-06 13:30:00,-14.61665,-11.051283
2019-04-06 14:00:00,-17.035828,-9.365272
2019-04-06 14:30:00,-13.932187,-9.396434
2019-04-06 15:00:00,-14.012552,-8.464078
2019-04-06 15:30:00,-13.083836,-7.1346445
2019-04-06 16:00:00,-10.90665,-5.5847597
2019-04-06 16:30:00,-8.4886465,-4.6241946
2019-04-06 17:00:00,-5.361622,-2.8531952
2019-04-06 17:30:00,-5.071087,-1.7288105
2019-04-06 18:00:00,0.25533852,-0.55223835
2019-04-06 18:30:00,1.3652258,0.53047603
2019-04-06 19:00:00,2.4751177,1.570349
2019-04-06 19:30:00,1.2387159,0.72705275
2019-04-06 20:00:00,1.5920951,1.8606262
2019-04-06 20:30:00,1.9454789,2.8465686
2019-04-06 21:00:00,2.2988584,2.9988925
2019-04-06 21:30:00,2.6522377,3.2747247
2019-04-06 22:00:00,3.005617,3.0603037
2019-04-06 22:30:00,3.3589964,3.3824728
2019-04-06 23:00:00,3.7123756,3.131773
2019-04-06 23:30:00,1.0158881,3.1570015
2019-04-07 00:00:00,2.3093796,3.9090745
2019-04-07 00:30:00,3.6028712,3.9141867
2019-04-07 01:00:00,1.5399208,4.1162734
2019-04-07 01:30:00,0.84646684,4.389047
2019-04-07 02:00:00,3.646237,4.4962883
2019-04-07 02:30:00,0.9026697,4.078369
2019-04-07 03:00:00,1.5352894,3.4762433
2019-04-07 03:30:00,2.167909,3.1570365
2019-04-07 04:00:00,5.470498,3.2324076
2019-04-07 04:30:00,5.462935,3.3645585
2019-04-07 05:00:00,3.0149019,3.3091202
2019-04-07 05:30:00,1.8488508,3.4137223
2019-04-07 06:00:00,2.1282966,2.6750717
2019-04-07 06:30:00,1.8257632,1.574478
2019-04-07 07:00:00,0.11146917,0.49521104
2019-04-07 07:30:00,-3.632358,-1.2999814
2019-04-07 08:00:00,-8.09694,-3.549026
2019-04-07 08:30:00,-11.861998,-5.6583223
2019-04-07 09:00:00,-18.410221,-7.2848797
2019-04-07 09:30:00,-17.777699,-9.707885
2019-04-07 10:00:00,-14.523082,-12.814431
2019-04-07 10:30:00,-18.385958,-12.556098
2019-04-07 11:00:00,-16.358667,-13.702028
2019-04-07 11:30:00,-18.914228,-13.57765
2019-04-07 12:00:00,-20.605955,-15.131484
2019-04-07 12:30:00,-17.50991,-15.42832
2019-04-07 13:00:00,-19.716475,-13.476168
2019-04-07 13:30:00,-14.894155,-12.201766
2019-04-07 14:00:00,-13.600008,-10.949037
2019-04-07 14:30:00,-16.608932,-9.958947
2019-04-07 15:00:00,-14.85087,-7.902709
2019-04-07 15:30:00,-16.183807,-7.116656
2019-04-07 16:00:00,-10.093536,-6.0566926
2019-04-07 16:30:00,-8.815377,-4.0316896
2019-04-07 17:00:00,-9.46668,-1.7968106
2019-04-07 17:30:00,-4.9151406,0.55270284
2019-04-07 18:00:00,-0.3636007,2.1949334
2019-04-07 18:30:00,0.7946202,3.99034
2019-04-07 19:00:00,3.2022243,5.7943406
2019-04-07 19:30:00,3.2484825,6.0011725
2019-04-07 20:00:00,3.2947452,6.7440567
2019-04-07 20:30:00,3.3410077,6.6477
2019-04-07 21:00:00,3.3872702,6.425934
2019-04-07 21:30:00,7.855945,6.193716
2019-04-07 22:00:00,3.7344756,5.3252306
2019-04-07 22:30:00,4.0357027,5.099917
2019-04-07 23:00:00,5.4597454,4.864357
2019-04-07 23:30:00,5.456875,4.0544906
2019-04-08 00:00:00,4.10223,4.34926
2019-04-08 00:30:00,4.5559034,3.9457684
2019-04-08 01:00:00,5.4360986,3.7049084
2019-04-08 01:30:00,5.05015,3.3733451
2019-04-08 02:00:00,5.2404566,3.1559355
2019-04-08 02:30:00,4.4028015,2.7549653
2019-04-08 03:00:00,4.0677953,3.2278636
2019-04-08 03:30:00,3.5905495,3.57094
2019-04-08 04:00:00,4.4144855,3.8644724
2019-04-08 04:30:00,7.533715,3.9522307
2019-04-08 05:00:00,6.7680445,3.770335
2019-04-08 05:30:00,0.90210605,2.8283134
2019-04-08 06:00:00,4.3985457,2.1803834
2019-04-08 06:30:00,2.023747,1.6111586
2019-04-08 07:00:00,1.3188889,0.1971651
2019-04-08 07:30:00,-5.3197503,-1.6349658
2019-04-08 08:00:00,-10.459797,-3.1281142
2019-04-08 08:30:00,-13.893117,-4.7218757
2019-04-08 09:00:00,-16.95409,-8.081547
2019-04-08 09:30:00,-22.265015,-9.419971
2019-04-08 10:00:00,-18.222548,-9.978465
2019-04-08 10:30:00,-24.38215,-11.242809
2019-04-08 11:00:00,-19.243053,-12.354898
2019-04-08 11:30:00,-19.705688,-13.723726
2019-04-08 12:00:00,-14.919713,-14.944765
2019-04-08 12:30:00,-17.690166,-14.9654665
2019-04-08 13:00:00,-14.145407,-15.873897
2019-04-08 13:30:00,-12.661084,-14.216863
2019-04-08 14:00:00,-13.231767,-13.884443
2019-04-08 14:30:00,-9.951175,-13.318124
2019-04-08 15:00:00,-11.95246,-11.801801
2019-04-08 15:30:00,-10.428508,-10.748719
2019-04-08 16:00:00,-11.152359,-8.678408
2019-04-08 16:30:00,-7.387913,-6.051703
2019-04-08 17:00:00,-4.7386236,-4.383199
2019-04-08 17:30:00,-1.8746592,-2.5204523
2019-04-08 18:00:00,1.7450178,-0.9766107
2019-04-08 18:30:00,9.559762,0.77147585
2019-04-08 19:00:00,8.684141,2.3789177
2019-04-08 19:30:00,7.3278666,3.2665715
2019-04-08 20:00:00,8.291416,4.043039
2019-04-08 20:30:00,5.0655212,4.532645
2019-04-08 21:00:00,6.1372776,4.8403606
2019-04-08 21:30:00,7.340931,4.6550393
2019-04-08 22:00:00,6.7831492,4.3903227
2019-04-08 22:30:00,6.0812974,3.98698
2019-04-08 23:00:00,5.9509907,3.4279838
2019-04-08 23:30:00,6.053565,3.3593984
2019-04-09 00:00:00,6.2085547,4.283431
2019-04-09 00:30:00,5.245324,3.8285608
2019-04-09 01:00:00,4.438084,3.9749906
2019-04-09 01:30:00,4.7097173,3.4567778
2019-04-09 02:00:00,5.0915627,3.9849832
2019-04-09 02:30:00,5.255151,3.5527198
2019-04-09 03:00:00,5.5129857,3.6979568
2019-04-09 03:30:00,5.7708163,4.155554
2019-04-09 04:00:00,12.382069,4.01698
2019-04-09 04:30:00,10.7318735,3.7531896
2019-04-09 05:00:00,4.422464,3.697642
2019-04-09 05:30:00,4.5223513,2.3880105
2019-04-09 06:00:00,3.4073825,1.5825307
2019-04-09 06:30:00,2.2924135,0.2950471
2019-04-09 07:00:00,3.3812625,-0.91719204
2019-04-09 07:30:00,2.0395508,-2.9914236
2019-04-09 08:00:00,1.388156,-5.1823564
2019-04-09 08:30:00,0.7367614,-7.4577045
2019-04-09 09:00:00,0.08536672,-9.80966
2019-04-09 09:30:00,-0.566028,-12.748795
2019-04-09 10:00:00,-1.2174227,-13.430045
2019-04-09 10:30:00,-1.8688173,-15.941407
2019-04-09 11:00:00,-2.5202162,-15.2331505
2019-04-09 11:30:00,-3.171611,-15.628414
2019-04-09 12:00:00,-3.8230057,-14.598075
2019-04-09 12:30:00,-4.4744005,-14.580292
2019-04-09 13:00:00,-5.1257954,-13.693329
2019-04-09 13:30:00,-5.77719,-12.288873
2019-04-09 14:00:00,-6.4285846,-11.087658
2019-04-09 14:30:00,-7.0799794,-9.586185
2019-04-09 15:00:00,0.9423608,-9.085097
2019-04-09 15:30:00,3.7730308,-7.4367275
2019-04-09 16:00:00,6.6037,-6.45373
2019-04-09 16:30:00,9.434371,-4.5018706
2019-04-09 17:00:00,7.325293,-3.1499915
2019-04-09 17:30:00,5.2162113,-1.7938744
2019-04-09 18:00:00,3.1071343,-0.4383558
2019-04-09 18:30:00,1.6963739,1.4484662
2019-04-09 19:00:00,3.2143579,2.7301342
2019-04-09 19:30:00,4.3137937,3.486
2019-04-09 20:00:00,3.3196547,3.9770398
2019-04-09 20:30:00,3.73403,3.7346067
2019-04-09 21:00:00,3.8846805,4.1011205
2019-04-09 21:30:00,3.3912158,4.5009766
2019-04-09 22:00:00,4.051205,4.023709
2019-04-09 22:30:00,2.9039292,3.9691575
2019-04-09 23:00:00,3.0798478,3.7177236
2019-04-09 23:30:00,3.3889568,3.9113336
2019-04-10 00:00:00,3.1405466,4.006166
2019-04-10 00:30:00,3.205121,4.000883
2019-04-10 01:00:00,3.0385618,4.1698413
2019-04-10 01:30:00,2.9634223,4.5187945
2019-04-10 02:00:00,3.2000527,4.7270722
2019-04-10 02:30:00,2.986357,4.821262
2019-04-10 03:00:00,2.5476182,5.267997
2019-04-10 03:30:00,3.1089387,5.86342
2019-04-10 04:00:00,2.6550384,6.474844
2019-04-10 04:30:00,2.8259146,6.5236583
2019-04-10 05:00:00,3.3510878,6.6168914
2019-04-10 05:30:00,2.7655914,6.0873575
2019-04-10 06:00:00,2.4849355,5.52508
2019-04-10 06:30:00,2.46838,4.424172
2019-04-10 07:00:00,1.7492735,2.9322338
2019-04-10 07:30:00,-0.30326447,1.4272792
2019-04-10 08:00:00,-3.090647,0.46226183
2019-04-10 08:30:00,-6.0454545,-0.8702347
2019-04-10 09:00:00,-10.749362,-1.4748337
2019-04-10 09:30:00,-11.1713705,-2.00435
2019-04-10 10:00:00,-9.295708,-3.3379169
2019-04-10 10:30:00,-9.426381,-4.048315
2019-04-10 11:00:00,-10.197832,-3.8551552
2019-04-10 11:30:00,-7.152943,-4.1356497
2019-04-10 12:00:00,-7.3895125,-4.2861605
2019-04-10 12:30:00,-7.484895,-4.1472898
2019-04-10 13:00:00,-5.814382,-4.1899257
2019-04-10 13:30:00,-6.4701633,-4.5474777
2019-04-10 14:00:00,-6.3399,-4.2878337
2019-04-10 14:30:00,-4.085944,-4.467759
2019-04-10 15:00:00,-2.9483726,-3.4304988
2019-04-10 15:30:00,-1.5575454,-2.9141824
2019-04-10 16:00:00,-0.6087252,-2.0130405
2019-04-10 16:30:00,-0.5731456,-1.3622707
2019-04-10 17:00:00,-1.1855832,-0.8921732
2019-04-10 17:30:00,-2.089941,-0.28212994
2019-04-10 18:00:00,0.06692373,0.21967596
2019-04-10 18:30:00,2.2686834,0.9219997
2019-04-10 19:00:00,2.6984608,1.2991264
2019-04-10 19:30:00,3.074316,1.6192113
2019-04-10 20:00:00,3.0425858,1.8979491
2019-04-10 20:30:00,2.6346467,1.8667171
2019-04-10 21:00:00,2.7053514,2.0372918
2019-04-10 21:30:00,3.8949661,2.148566
2019-04-10 22:00:00,3.6639283,1.9184152
2019-04-10 22:30:00,4.04213,1.9722236
2019-04-10 23:00:00,3.0269437,2.0607333
2019-04-10 23:30:00,2.7288933,1.87463
2019-04-11 00:00:00,2.941912,2.1531274
2019-04-11 00:30:00,3.154926,2.4289162
2019-04-11 01:00:00,1.8453423,2.5339072
2019-04-11 01:30:00,2.9298482,2.3934896
2019-04-11 02:00:00,2.6467278,2.3581502
2019-04-11 02:30:00,4.3107395,2.3702402
2019-04-11 03:00:00,2.4134836,2.2059922
2019-04-11 03:30:00,2.48286,2.305255
2019-04-11 04:00:00,3.2438335,2.4747682
2019-04-11 04:30:00,7.398619,2.4067767
2019-04-11 05:00:00,2.2752461,2.307313
2019-04-11 05:30:00,2.278248,1.9468027
2019-04-11 06:00:00,2.34471,1.7755114
2019-04-11 06:30:00,2.2154431,1.0076824
2019-04-11 07:00:00,0.5222267,0.30651224
2019-04-11 07:30:00,-0.08867293,-0.3217162
2019-04-11 08:00:00,-1.8441874,-1.3676494
2019-04-11 08:30:00,-2.90017,-2.163569
2019-04-11 09:00:00,-3.2809713,-3.6601777
2019-04-11 09:30:00,-7.819639,-5.2855735
2019-04-11 10:00:00,-7.7785892,-6.2862144
2019-04-11 10:30:00,-16.126387,-6.5775228
2019-04-11 11:00:00,-26.285217,-7.0840607
2019-04-11 11:30:00,-24.532831,-6.4665065
2019-04-11 12:00:00,-19.83026,-6.353572
2019-04-11 12:30:00,-13.10605,-6.3110104
2019-04-11 13:00:00,-10.4223385,-5.594241
2019-04-11 13:30:00,-13.645069,-4.663877
2019-04-11 14:00:00,-8.370526,-3.962698
2019-04-11 14:30:00,-7.4497876,-3.242818
2019-04-11 15:00:00,-12.431908,-2.348453
2019-04-11 15:30:00,-13.026069,-1.927987
2019-04-11 16:00:00,-12.855887,-1.5783042
2019-04-11 16:30:00,-6.968369,-1.1176487
2019-04-11 17:00:00,-2.4344897,-0.9108478
2019-04-11 17:30:00,-0.5894302,-0.45161676
2019-04-11 18:00:00,1.255634,-0.06094071
2019-04-11 18:30:00,2.6077971,0.2989795
2019-04-11 19:00:00,2.3818889,0.5448992
2019-04-11 19:30:00,1.0283582,0.7031961
2019-04-11 20:00:00,-8.910966,0.7627765
2019-04-11 20:30:00,-13.851147,0.7353457
2019-04-11 21:00:00,-18.791332,0.675678
2019-04-11 21:30:00,-23.731514,0.9088043
2019-04-11 22:00:00,-23.702961,0.851378
2019-04-11 22:30:00,-23.674404,0.8188089
2019-04-11 23:00:00,-23.645851,0.73752165
2019-04-11 23:30:00,-23.617294,0.6697182
2019-04-12 00:00:00,-23.588741,1.068246
2019-04-12 00:30:00,-23.560186,1.2058846
2019-04-12 01:00:00,-23.531631,1.254109
2019-04-12 01:30:00,-23.503078,1.4257587
2019-04-12 02:00:00,-23.474522,1.7329847
2019-04-12 02:30:00,-23.445969,1.9105417
2019-04-12 03:00:00,-23.417414,2.3612962
2019-04-12 03:30:00,-23.388859,2.531421
2019-04-12 04:00:00,-23.360306,2.464002
2019-04-12 04:30:00,-23.331749,2.3793721
2019-04-12 05:00:00,-23.303196,2.2174573
2019-04-12 05:30:00,-23.274641,1.7361437
2019-04-12 06:00:00,-23.246086,1.5785284
2019-04-12 06:30:00,-23.217531,1.1335108
2019-04-12 07:00:00,-23.188976,0.5991402
2019-04-12 07:30:00,-23.160423,-0.03116801
2019-04-12 08:00:00,-23.131868,-0.69299674
2019-04-12 08:30:00,-15.299353,-1.2936765
2019-04-12 09:00:00,-7.466837,-1.8164028
2019-04-12 09:30:00,-18.35406,-2.589217
2019-04-12 10:00:00,-23.195084,-3.270699
2019-04-12 10:30:00,-22.191856,-6.308087
2019-04-12 11:00:00,-18.980278,-10.558749
2019-04-12 11:30:00,-20.996708,-11.103632
2019-04-12 12:00:00,-21.76918,-11.360227
2019-04-12 12:30:00,-22.12352,-9.975625
2019-04-12 13:00:00,-22.69159,-8.333994
2019-04-12 13:30:00,-25.416105,-8.338346
2019-04-12 14:00:00,-19.62976,-6.9522157
2019-04-12 14:30:00,-22.355574,-6.377044
2019-04-12 15:00:00,-16.672562,-6.019951
2019-04-12 15:30:00,-18.496803,-5.371693
2019-04-12 16:00:00,-15.609375,-4.986138
2019-04-12 16:30:00,-13.756955,-3.2144349
2019-04-12 17:00:00,-10.068596,-1.778809
2019-04-12 17:30:00,-6.141196,-0.7592927
2019-04-12 18:00:00,-2.3600974,-0.109571494
2019-04-12 18:30:00,1.5834745,0.5702414
2019-04-12 19:00:00,4.0430083,1.0432664
2019-04-12 19:30:00,2.0385895,0.9386556
2019-04-12 20:00:00,1.5093354,0.83337194
2019-04-12 20:30:00,0.67985946,0.48943913
2019-04-12 21:00:00,0.8509236,0.03629464
2019-04-12 21:30:00,4.6759334,-0.49176663
2019-04-12 22:00:00,0.91883194,-1.2994308
2019-04-12 22:30:00,4.1381984,-1.8534111
2019-04-12 23:00:00,7.357565,-2.3607266
2019-04-12 23:30:00,8.993211,-3.1872401
2019-04-13 00:00:00,15.344444,-2.8867779
2019-04-13 00:30:00,-1.7194296,-2.969306
2019-04-13 01:00:00,-0.37178013,-3.0979352
2019-04-13 01:30:00,0.97586495,-3.1463823
2019-04-13 02:00:00,2.3235102,-2.8748496
2019-04-13 02:30:00,3.6711552,-2.6666417
2019-04-13 03:00:00,6.1073737,-2.053409
2019-04-13 03:30:00,1.7548444,-1.7495213
2019-04-13 04:00:00,4.230641,-1.1890088
2019-04-13 04:30:00,4.221063,-0.7639024
2019-04-13 05:00:00,3.0639434,-0.4141671
2019-04-13 05:30:00,3.0610378,-0.56377774
2019-04-13 06:00:00,3.0628247,-0.6580638
2019-04-13 06:30:00,3.1585746,-1.2771822
2019-04-13 07:00:00,2.3597407,-1.8505753
2019-04-13 07:30:00,-2.270609,-3.2637124
2019-04-13 08:00:00,-8.012266,-4.626375
2019-04-13 08:30:00,-8.000006,-6.004732
2019-04-13 09:00:00,-15.008942,-7.043159
2019-04-13 09:30:00,-19.179153,-8.39634
2019-04-13 10:00:00,-21.107853,-10.302548
2019-04-13 10:30:00,-20.499435,-10.566212
2019-04-13 11:00:00,-20.380398,-10.9039755
2019-04-13 11:30:00,-24.11129,-11.056286
2019-04-13 12:00:00,-24.976326,-11.041037
2019-04-13 12:30:00,-19.478647,-10.507047
2019-04-13 13:00:00,-25.537779,-10.380851
2019-04-13 13:30:00,-19.258944,-9.32531
2019-04-13 14:00:00,-19.178858,-8.028646
2019-04-13 14:30:00,-19.728472,-8.19854
2019-04-13 15:00:00,-17.995523,-6.472488
2019-04-13 15:30:00,-18.975384,-5.276743
2019-04-13 16:00:00,-14.0345,-4.505624
2019-04-13 16:30:00,-13.263339,-3.2153788
2019-04-13 17:00:00,-9.862359,-2.3102694
2019-04-13 17:30:00,-3.7707353,-1.1144766
2019-04-13 18:00:00,-2.983996,-0.77851784
2019-04-13 18:30:00,-2.1972566,0.11454956
2019-04-13 19:00:00,-1.4105171,1.2713505
2019-04-13 19:30:00,-0.62377757,2.167778
2019-04-13 20:00:00,-0.8868732,2.7675622
2019-04-13 20:30:00,-1.1499645,3.6508727
2019-04-13 21:00:00,-1.4130557,3.7214463
2019-04-13 21:30:00,1.5148453,4.583268
2019-04-13 22:00:00,9.7104,4.0192475
2019-04-13 22:30:00,-6.7505484,4.092137
2019-04-13 23:00:00,-2.808772,4.3084893
2019-04-13 23:30:00,27.09633,4.3962693
2019-04-14 00:00:00,-8.828311,4.8782907
2019-04-14 00:30:00,-2.9609869,4.022114
2019-04-14 01:00:00,2.9063368,3.4716206
2019-04-14 01:30:00,-1.2042403,3.9730725
2019-04-14 02:00:00,3.8606884,4.2039924
2019-04-14 02:30:00,-1.1983724,4.3307686
2019-04-14 03:00:00,8.003214,4.654305
2019-04-14 03:30:00,1.3526465,4.6804466
2019-04-14 04:00:00,-5.2979255,4.523387
2019-04-14 04:30:00,0.012538524,3.8442512
2019-04-14 05:00:00,5.3230023,3.4974258
2019-04-14 05:30:00,3.784177,2.6934404
2019-04-14 06:00:00,2.241917,1.8684255
2019-04-14 06:30:00,0.69965696,0.8186167
2019-04-14 07:00:00,2.2884066,0.31407994
2019-04-14 07:30:00,-0.9400044,-0.9682653
2019-04-14 08:00:00,-4.1684155,-2.4597096
2019-04-14 08:30:00,-6.468167,-3.566097
2019-04-14 09:00:00,-9.566427,-5.6737633
2019-04-14 09:30:00,-14.245443,-7.8706775
2019-04-14 10:00:00,-16.830936,-9.470018
2019-04-14 10:30:00,-22.30079,-10.028289
2019-04-14 11:00:00,-22.799278,-10.83001
2019-04-14 11:30:00,-23.537508,-11.055023
2019-04-14 12:00:00,-22.82541,-11.447831
2019-04-14 12:30:00,-22.356169,-11.558752
2019-04-14 13:00:00,-23.616383,-11.137609
2019-04-14 13:30:00,-18.71112,-9.802629
2019-04-14 14:00:00,-19.661314,-9.301576
2019-04-14 14:30:00,-23.151966,-8.963786
2019-04-14 15:00:00,-19.545345,-7.9475913
2019-04-14 15:30:00,-17.182648,-7.374495
2019-04-14 16:00:00,-14.838625,-6.016193
2019-04-14 16:30:00,-13.178655,-4.4557476
2019-04-14 17:00:00,-10.435341,-2.9233406
2019-04-14 17:30:00,-8.123807,-0.8976043
2019-04-14 18:00:00,-2.9010134,0.64485663
2019-04-14 18:30:00,-0.049995508,2.515534
2019-04-14 19:00:00,1.9726212,3.332291
2019-04-14 19:30:00,1.659335,4.068796
2019-04-14 20:00:00,-2.7751894,4.521403
2019-04-14 20:30:00,-7.209718,4.6352677
2019-04-14 21:00:00,-8.693359,4.700703
2019-04-14 21:30:00,-3.9531336,4.0737553
2019-04-14 22:00:00,0.78709185,4.30336
2019-04-14 22:30:00,5.5273128,2.9593718
2019-04-14 23:00:00,1.0811399,2.4014199
2019-04-14 23:30:00,-3.3650374,3.651301
2019-04-15 00:00:00,-7.8112106,2.5068347
2019-04-15 00:30:00,-4.4421415,2.1175785
2019-04-15 01:00:00,-1.0730684,2.7048619
2019-04-15 01:30:00,-2.3645105,2.7058058
2019-04-15 02:00:00,-3.6559482,3.019861
2019-04-15 02:30:00,-4.9473906,2.7368762
2019-04-15 03:00:00,-6.238833,3.7202797
2019-04-15 03:30:00,-11.515093,3.133892
2019-04-15 04:00:00,-16.791353,2.455792
2019-04-15 04:30:00,-22.067617,2.838542
2019-04-15 05:00:00,-27.34388,3.0480607
2019-04-15 05:30:00,-32.62014,2.6566987
2019-04-15 06:00:00,3.5584612,1.3059338
2019-04-15 06:30:00,0.8490535,0.328608
2019-04-15 07:00:00,-2.306162,-0.690646
2019-04-15 07:30:00,-8.310661,-2.096801
2019-04-15 08:00:00,-12.620523,-4.2110996
2019-04-15 08:30:00,-17.835672,-5.8115854
2019-04-15 09:00:00,-22.136845,-7.2497153
2019-04-15 09:30:00,-20.8845,-10.470584
2019-04-15 10:00:00,-22.627043,-12.224771
2019-04-15 10:30:00,-20.92927,-14.079041
2019-04-15 11:00:00,-24.042236,-16.6429
2019-04-15 11:30:00,-20.620264,-17.967005
2019-04-15 12:00:00,-20.592075,-17.812906
2019-04-15 12:30:00,-22.293205,-17.560223
2019-04-15 13:00:00,-18.796381,-18.287539
2019-04-15 13:30:00,-17.737295,-14.647257
2019-04-15 14:00:00,-24.526741,-13.353424
2019-04-15 14:30:00,-19.540777,-13.342278
2019-04-15 15:00:00,-18.922386,-11.0639715
2019-04-15 15:30:00,-17.606169,-10.007085
2019-04-15 16:00:00,-9.709205,-7.785624
2019-04-15 16:30:00,-7.2448173,-6.6690736
2019-04-15 17:00:00,-4.936485,-5.249177
2019-04-15 17:30:00,-1.6135342,-2.7259731
2019-04-15 18:00:00,-0.06347056,-1.2400777
2019-04-15 18:30:00,1.4865974,1.3700932
2019-04-15 19:00:00,1.4406931,2.7077894
2019-04-15 19:30:00,3.8516529,4.845892
2019-04-15 20:00:00,-1.8223712,6.27686
2019-04-15 20:30:00,-3.2871408,5.453864
2019-04-15 21:00:00,-0.77364606,5.7944717
2019-04-15 21:30:00,1.3955622,5.6562347
2019-04-15 22:00:00,-2.6141398,5.5111637
2019-04-15 22:30:00,-6.623842,5.374727
2019-04-15 23:00:00,1.9491142,3.8875031
2019-04-15 23:30:00,2.585518,3.7142806
2019-04-16 00:00:00,3.2219257,3.4858952
2019-04-16 00:30:00,1.3335394,3.0769815
2019-04-16 01:00:00,-1.8132175,3.05534
2019-04-16 01:30:00,3.6953132,2.4633029
2019-04-16 02:00:00,-3.0327926,2.3467026
2019-04-16 02:30:00,0.79750836,1.80462
2019-04-16 03:00:00,0.6058297,1.6451565
2019-04-16 03:30:00,0.41414663,0.92854494
2019-04-16 04:00:00,0.88361067,0.4200802
2019-04-16 04:30:00,1.3530791,-0.6434746
2019-04-16 05:00:00,1.822543,-1.230085
2019-04-16 05:30:00,2.0399833,-2.1589286
2019-04-16 06:00:00,2.2574193,-0.7375072
2019-04-16 06:30:00,2.4748554,-1.9943618
2019-04-16 07:00:00,13.362086,-2.5545943
2019-04-16 07:30:00,2.0088737,-4.4178963
2019-04-16 08:00:00,-4.098611,-6.8285193
2019-04-16 08:30:00,-9.811359,-9.070141
2019-04-16 09:00:00,-10.2410145,-12.787577
2019-04-16 09:30:00,-21.433218,-14.275875
2019-04-16 10:00:00,-24.100965,-16.088537
2019-04-16 10:30:00,-21.231874,-17.311594
2019-04-16 11:00:00,-16.836384,-17.985224
2019-04-16 11:30:00,-16.943256,-17.941767
2019-04-16 12:00:00,-17.987011,-18.365433
2019-04-16 12:30:00,-17.351624,-18.072918
2019-04-16 13:00:00,-14.471381,-16.970016
2019-04-16 13:30:00,-18.724707,-16.132082
2019-04-16 14:00:00,-16.46785,-13.403388
2019-04-16 14:30:00,-14.558944,-12.256016
2019-04-16 15:00:00,-13.239679,-10.129915
2019-04-16 15:30:00,-12.332571,-8.667742
2019-04-16 16:00:00,-10.774057,-6.934677
2019-04-16 16:30:00,-9.087277,-4.5525374
2019-04-16 17:00:00,-8.154602,-3.7150304
2019-04-16 17:30:00,-5.488132,-1.8227645
2019-04-16 18:00:00,-1.8421032,-0.24660718
2019-04-16 18:30:00,-4.561442,1.2107826
2019-04-16 19:00:00,-7.280777,2.1240408
2019-04-16 19:30:00,-10.000111,3.4721534
2019-04-16 20:00:00,4.6765494,3.668162
2019-04-16 20:30:00,4.4777927,4.1056385
2019-04-16 21:00:00,4.2790356,4.4838266
2019-04-16 21:30:00,-8.85115,4.7139816
2019-04-16 22:00:00,-3.1949782,3.599096
2019-04-16 22:30:00,-20.62817,3.31061
2019-04-16 23:00:00,-38.061363,4.043681
2019-04-16 23:30:00,-23.77513,3.9095073
2019-04-17 00:00:00,-9.48889,3.8702617
2019-04-17 00:30:00,5.7826486,4.215995
2019-04-17 01:00:00,5.628734,4.650639
2019-04-17 01:30:00,5.4748197,4.4692373
2019-04-17 02:00:00,14.813853,4.0442142
2019-04-17 02:30:00,24.15289,4.3094506
2019-04-17 03:00:00,20.472338,4.2054515
2019-04-17 03:30:00,16.791788,3.8926458
2019-04-17 04:00:00,13.1112385,3.9518592
2019-04-17 04:30:00,9.430687,3.941766
2019-04-17 05:00:00,5.7501316,3.5685499
2019-04-17 05:30:00,2.0695813,2.8907032
2019-04-17 06:00:00,-1.6109694,2.274176
2019-04-17 06:30:00,-5.29152,1.014975
2019-04-17 07:00:00,-8.972071,0.47834975
2019-04-17 07:30:00,-12.652621,-1.2693741
2019-04-17 08:00:00,-16.333172,-3.4621024
2019-04-17 08:30:00,-16.278362,-5.0281754
2019-04-17 09:00:00,-20.989925,-7.2248583
2019-04-17 09:30:00,-23.544725,-10.910695
2019-04-17 10:00:00,-23.407072,-13.601533
2019-04-17 10:30:00,-23.894135,-15.481814
2019-04-17 11:00:00,-22.642345,-14.514123
2019-04-17 11:30:00,-20.800888,-15.246469
2019-04-17 12:00:00,-20.788132,-14.624256
2019-04-17 12:30:00,-19.380302,-15.17686
2019-04-17 13:00:00,-18.677721,-13.33392
2019-04-17 13:30:00,-19.064493,-13.03895
2019-04-17 14:00:00,-16.531033,-10.43251
2019-04-17 14:30:00,-16.338264,-9.759648
2019-04-17 15:00:00,-11.988638,-9.238862
2019-04-17 15:30:00,-7.580278,-6.8897905
2019-04-17 16:00:00,-12.769606,-5.7463903
2019-04-17 16:30:00,-10.200336,-4.8102503
2019-04-17 17:00:00,-10.499925,-3.715852
2019-04-17 17:30:00,-5.9973392,-2.1986067
2019-04-17 18:00:00,-2.022662,-0.79388046
2019-04-17 18:30:00,2.4732957,0.4093622
2019-04-17 19:00:00,3.9079561,1.5243442
2019-04-17 19:30:00,4.8171153,2.5070312
2019-04-17 20:00:00,4.2985053,3.2486703
2019-04-17 20:30:00,5.417166,4.146295
2019-04-17 21:00:00,5.0490885,4.193296
2019-04-17 21:30:00,2.1240845,3.9918869
2019-04-17 22:00:00,4.861945,3.67327
2019-04-17 22:30:00,4.942511,1.8358477
2019-04-17 23:00:00,2.4318218,-0.32876393
2019-04-17 23:30:00,1.5451728,-0.02152924
2019-04-18 00:00:00,0.9977029,1.4213675
2019-04-18 00:30:00,-0.12829413,3.1018124
2019-04-18 01:00:00,-1.2542956,2.9070926
2019-04-18 01:30:00,-2.3802924,3.317186
2019-04-18 02:00:00,10.85695,4.8259854
2019-04-18 02:30:00,-2.1609516,5.5136456
2019-04-18 03:00:00,-26.952639,4.675837
2019-04-18 03:30:00,-27.11496,4.059743
2019-04-18 04:00:00,-27.277279,4.219761
2019-04-18 04:30:00,-27.4396,4.7340717
2019-04-18 05:00:00,-27.601921,3.8537238
2019-04-18 05:30:00,-27.764242,2.5037587
2019-04-18 06:00:00,-27.926561,0.030474676
2019-04-18 06:30:00,-28.088882,-2.1893175
2019-04-18 07:00:00,-28.251204,-4.4643464
2019-04-18 07:30:00,-28.413525,-7.126469
2019-04-18 08:00:00,-11.077254,-9.725262
2019-04-18 08:30:00,-15.962472,-11.509265
2019-04-18 09:00:00,-17.26037,-13.991632
2019-04-18 09:30:00,-19.828419,-15.630166
2019-04-18 10:00:00,-21.916616,-17.68159
2019-04-18 10:30:00,-18.697754,-18.444181
2019-04-18 11:00:00,-18.591787,-19.411955
2019-04-18 11:30:00,-17.375929,-18.946814
2019-04-18 12:00:00,-14.257362,-20.418634
2019-04-18 12:30:00,-13.414761,-19.688055
2019-04-18 13:00:00,-14.3301735,-18.33285
2019-04-18 13:30:00,-14.013826,-17.01218
2019-04-18 14:00:00,-14.270746,-14.355157
2019-04-18 14:30:00,-11.992348,-12.861891
2019-04-18 15:00:00,-10.013739,-9.419853
2019-04-18 15:30:00,-11.714615,-8.709181
2019-04-18 16:00:00,-11.212944,-7.7704053
2019-04-18 16:30:00,-8.796467,-5.1298413
2019-04-18 17:00:00,-7.057534,-3.4101815
2019-04-18 17:30:00,-3.1250296,-1.6487379
2019-04-18 18:00:00,-1.1098276,0.14957422
2019-04-18 18:30:00,0.9706348,2.3775547
2019-04-18 19:00:00,2.6492796,3.2863297
2019-04-18 19:30:00,2.135934,3.6405392
2019-04-18 20:00:00,1.6225932,5.112059
2019-04-18 20:30:00,2.662641,5.0829377
2019-04-18 21:00:00,2.148234,5.0988116
2019-04-18 21:30:00,6.2345304,4.9522767
2019-04-18 22:00:00,5.243179,5.415755
2019-04-18 22:30:00,5.655575,5.949702
2019-04-18 23:00:00,3.4428833,5.7579703
2019-04-18 23:30:00,5.9521704,5.157033
2019-04-19 00:00:00,5.4805217,5.2355237
2019-04-19 00:30:00,7.840954,5.1894054
2019-04-19 01:00:00,6.149302,4.920835
2019-04-19 01:30:00,7.60937,4.8280783
2019-04-19 02:00:00,9.788401,5.631718
2019-04-19 02:30:00,5.593801,4.3950505
2019-04-19 03:00:00,5.981423,0.061772276
2019-04-19 03:30:00,5.4902344,-1.4970213
2019-04-19 04:00:00,5.0973654,-3.0424051
2019-04-19 04:30:00,3.1295402,-4.477734
2019-04-19 05:00:00,6.056475,-5.571984
2019-04-19 05:30:00,6.098517,-6.1998844
2019-04-19 06:00:00,5.9005113,-6.9596915
2019-04-19 06:30:00,2.9791389,-8.14481
2019-04-19 07:00:00,0.74460876,-9.750272
2019-04-19 07:30:00,-1.9014782,-10.016286
2019-04-19 08:00:00,-5.7414618,-8.839903
2019-04-19 08:30:00,-8.76076,-9.674691
2019-04-19 09:00:00,-10.328344,-11.163335
2019-04-19 09:30:00,-15.973123,-12.208897
2019-04-19 10:00:00,-19.66175,-14.29829
2019-04-19 10:30:00,-24.726028,-15.457542
2019-04-19 11:00:00,-29.330309,-17.628485
2019-04-19 11:30:00,-25.418617,-17.321836
2019-04-19 12:00:00,-27.677603,-17.17092
2019-04-19 12:30:00,-24.801199,-17.68589
2019-04-19 13:00:00,-23.862307,-17.446274
2019-04-19 13:30:00,-24.568579,-15.069348
2019-04-19 14:00:00,-24.730198,-15.138169
2019-04-19 14:30:00,-19.731638,-13.721375
2019-04-19 15:00:00,-21.015554,-10.211316
2019-04-19 15:30:00,-17.78455,-9.642136
2019-04-19 16:00:00,-18.221256,-7.7434206
2019-04-19 16:30:00,-14.169679,-6.239239
2019-04-19 17:00:00,-10.930903,-4.0540786
2019-04-19 17:30:00,-7.505405,-0.81948483
2019-04-19 18:00:00,-2.4009638,0.8572504
2019-04-19 18:30:00,2.0241096,3.0084176
2019-04-19 19:00:00,5.0759816,4.9681726
2019-04-19 19:30:00,5.7282066,5.7834654
2019-04-19 20:00:00,4.6213164,6.273151
2019-04-19 20:30:00,5.14001,7.548287
2019-04-19 21:00:00,6.910262,7.281984
2019-04-19 21:30:00,6.040322,5.567148
2019-04-19 22:00:00,4.9860387,5.988794
2019-04-19 22:30:00,4.225188,5.9781547
2019-04-19 23:00:00,4.4259152,5.694637
2019-04-19 23:30:00,4.425863,5.690547
2019-04-20 00:00:00,3.7590446,5.7019596
2019-04-20 00:30:00,4.464676,6.098788
2019-04-20 01:00:00,4.571585,5.7353373
2019-04-20 01:30:00,4.971358,5.725987
2019-04-20 02:00:00,4.29778,5.9474864
2019-04-20 02:30:00,3.4136393,5.308033
2019-04-20 03:00:00,7.4472237,5.039323
2019-04-20 03:30:00,5.1271596,5.003634
2019-04-20 04:00:00,2.9773605,4.429179
2019-04-20 04:30:00,4.6195602,4.141515
2019-04-20 05:00:00,3.385208,3.8556159
2019-04-20 05:30:00,4.784289,2.6268954
2019-04-20 06:00:00,4.7182765,2.5975072
2019-04-20 06:30:00,3.6275797,1.177296
2019-04-20 07:00:00,3.2977338,0.06255439
2019-04-20 07:30:00,1.6900734,-1.9805546
2019-04-20 08:00:00,1.3124923,-3.6900773
2019-04-20 08:30:00,-0.3185921,-5.0914
2019-04-20 09:00:00,-2.868916,-6.988564
2019-04-20 09:30:00,-6.4524198,-8.58147
2019-04-20 10:00:00,-4.592312,-9.639365
2019-04-20 10:30:00,-5.391954,-11.758247
2019-04-20 11:00:00,-10.204683,-14.821742
2019-04-20 11:30:00,-11.174241,-14.610423
2019-04-20 12:00:00,-16.093277,-15.3290615
2019-04-20 12:30:00,-10.20603,-15.978984
2019-04-20 13:00:00,-8.107256,-15.227531
2019-04-20 13:30:00,-14.805492,-14.775833
2019-04-20 14:00:00,-15.995127,-13.537015
2019-04-20 14:30:00,-7.182755,-12.085926
2019-04-20 15:00:00,-7.5972266,-11.193553
2019-04-20 15:30:00,-7.6724973,-9.205843
2019-04-20 16:00:00,-7.879779,-7.863486
2019-04-20 16:30:00,-4.6525826,-4.9543467
2019-04-20 17:00:00,-1.9669877,-2.99474
2019-04-20 17:30:00,-0.6014983,-0.32842314
2019-04-20 18:00:00,2.3961897,1.428756
2019-04-20 18:30:00,3.2419024,2.8947885
2019-04-20 19:00:00,3.5612051,4.2087855
2019-04-20 19:30:00,3.1661642,4.9791045
2019-04-20 20:00:00,2.3347132,5.14209
2019-04-20 20:30:00,3.2393768,5.2545743
2019-04-20 21:00:00,4.0289564,5.020185
2019-04-20 21:30:00,3.0102746,4.812956
2019-04-20 22:00:00,4.4830184,4.588079
2019-04-20 22:30:00,2.6867118,4.3374057
2019-04-20 23:00:00,0.57099295,4.2857776
2019-04-20 23:30:00,-1.5447258,4.32643
2019-04-21 00:00:00,3.9185169,4.8405046
2019-04-21 00:30:00,-0.7923512,4.7984757
2019-04-21 01:00:00,1.8238363,4.848505
2019-04-21 01:30:00,4.4400196,4.276947
2019-04-21 02:00:00,1.7643085,4.499325
2019-04-21 02:30:00,2.1953878,3.9055443
2019-04-21 03:00:00,2.6264715,4.468805
2019-04-21 03:30:00,2.0239828,5.269954
2019-04-21 04:00:00,1.0234777,5.2237177
2019-04-21 04:30:00,3.1452131,5.0767155
2019-04-21 05:00:00,4.153557,4.970593
2019-04-21 05:30:00,3.0538938,4.2090735
2019-04-21 06:00:00,4.7200594,3.413412
2019-04-21 06:30:00,4.4210176,2.297945
2019-04-21 07:00:00,4.1219754,0.72637546
2019-04-21 07:30:00,3.822933,-1.2216041
2019-04-21 08:00:00,3.523891,-3.443275
2019-04-21 08:30:00,3.2248487,-5.835639
2019-04-21 09:00:00,2.9258065,-7.8424516
2019-04-21 09:30:00,2.6267688,-9.338571
2019-04-21 10:00:00,2.3277266,-9.8546295
2019-04-21 10:30:00,2.0286841,-10.693626
2019-04-21 11:00:00,1.729642,-11.107303
2019-04-21 11:30:00,1.4305999,-12.866837
2019-04-21 12:00:00,1.1315577,-15.387196
2019-04-21 12:30:00,0.83251995,-14.542725
2019-04-21 13:00:00,0.5334777,-13.456445
2019-04-21 13:30:00,0.23443559,-13.742326
2019-04-21 14:00:00,9.433789,-13.468578
2019-04-21 14:30:00,3.5086899,-11.99708
2019-04-21 15:00:00,-2.4164095,-9.742351
2019-04-21 15:30:00,1.6117965,-8.385434
2019-04-21 16:00:00,0.4053992,-6.8385515
2019-04-21 16:30:00,-0.8010025,-4.7705545
2019-04-21 17:00:00,-2.0073998,-3.2588186
2019-04-21 17:30:00,1.4713135,-1.0044653
2019-04-21 18:00:00,3.3474743,0.17030238
2019-04-21 18:30:00,5.2236347,1.4272923
2019-04-21 19:00:00,5.338741,2.5367253
2019-04-21 19:30:00,5.782194,2.9563963
2019-04-21 20:00:00,5.6050086,3.9620967
2019-04-21 20:30:00,4.589866,4.428821
2019-04-21 21:00:00,5.0184197,4.7227683
2019-04-21 21:30:00,3.9393454,4.827471
2019-04-21 22:00:00,3.7614214,4.2873507
2019-04-21 22:30:00,4.8469844,4.112048
2019-04-21 23:00:00,5.7433333,3.9479094
2019-04-21 23:30:00,3.23007,3.858766
2019-04-22 00:00:00,4.8581963,3.9351203
2019-04-22 00:30:00,5.0674963,3.991804
2019-04-22 01:00:00,5.3866243,4.2000074
2019-04-22 01:30:00,5.7057524,4.123404
2019-04-22 02:00:00,4.062644,4.235827
2019-04-22 02:30:00,5.005976,4.0006647
2019-04-22 03:00:00,5.8846946,4.6809535
2019-04-22 03:30:00,5.4718003,4.590565
2019-04-22 04:00:00,4.565962,4.398148
2019-04-22 04:30:00,4.4483128,4.507727
2019-04-22 05:00:00,6.184117,4.2695365
2019-04-22 05:30:00,5.0123377,3.4027464
2019-04-22 06:00:00,6.839208,3.067133
2019-04-22 06:30:00,5.1376157,1.8218133
2019-04-22 07:00:00,2.8562467,0.77539074
2019-04-22 07:30:00,1.3767041,-0.8828228
2019-04-22 08:00:00,1.1293075,-2.820945
2019-04-22 08:30:00,-0.5744827,-4.558497
2019-04-22 09:00:00,-1.4919354,-5.222655
2019-04-22 09:30:00,-2.8283556,-6.442995
2019-04-22 10:00:00,-4.719464,-7.772691
2019-04-22 10:30:00,-4.9609313,-7.639063
2019-04-22 11:00:00,-4.208714,-7.2145376
2019-04-22 11:30:00,-5.959955,-7.760063
2019-04-22 12:00:00,-9.455586,-7.59277
2019-04-22 12:30:00,-3.9025016,-6.732831
2019-04-22 13:00:00,-3.8930025,-5.933206
2019-04-22 13:30:00,-4.458409,-5.810183
2019-04-22 14:00:00,-2.21431,-5.0064554
2019-04-22 14:30:00,-1.9286424,-4.689394
2019-04-22 15:00:00,-8.061618,-3.9130447
2019-04-22 15:30:00,-4.847643,-3.215807
2019-04-22 16:00:00,0.1190762,-2.7554138
2019-04-22 16:30:00,-0.45616522,-2.261997
2019-04-22 17:00:00,0.78363574,-1.6644807
2019-04-22 17:30:00,2.023441,-0.58965737
2019-04-22 18:00:00,2.2080808,0.017834168
2019-04-22 18:30:00,5.7905917,0.845108
2019-04-22 19:00:00,5.322653,1.4891622
2019-04-22 19:30:00,12.691925,1.3910879
2019-04-22 20:00:00,13.252708,2.1829615
2019-04-22 20:30:00,13.813488,2.37634
2019-04-22 21:00:00,14.374267,2.208203
2019-04-22 21:30:00,13.004232,2.4582257
2019-04-22 22:00:00,6.4701996,2.5135853
2019-04-22 22:30:00,1.8564929,2.6281843
2019-04-22 23:00:00,46.589184,2.4544113
2019-04-22 23:30:00,4.226481,2.3259614
2019-04-23 00:00:00,4.251841,3.5422027
2019-04-23 00:30:00,4.068958,3.452522
2019-04-23 01:00:00,9.053464,3.4017284
2019-04-23 01:30:00,14.037975,3.4108167
2019-04-23 02:00:00,9.669952,3.274327
2019-04-23 02:30:00,5.301929,3.4922087
2019-04-23 03:00:00,24.879038,3.3331866
2019-04-23 03:30:00,3.5500326,3.205523
2019-04-23 04:00:00,2.8395164,2.873947
2019-04-23 04:30:00,4.352519,2.8032072
2019-04-23 05:00:00,4.1149974,2.2984781
2019-04-23 05:30:00,3.938192,1.6863244
2019-04-23 06:00:00,3.7321424,1.760861
2019-04-23 06:30:00,2.9137297,1.0602763
2019-04-23 07:00:00,2.173825,0.41143763
2019-04-23 07:30:00,0.9802081,-0.39012262
2019-04-23 08:00:00,-0.8970188,-1.1633433
2019-04-23 08:30:00,-1.2982336,-1.6620077
2019-04-23 09:00:00,-1.6981945,-2.2254999
2019-04-23 09:30:00,-2.1484685,-2.9444969
2019-04-23 10:00:00,-2.2959685,-3.8822758
2019-04-23 10:30:00,-5.4713974,-4.082121
2019-04-23 11:00:00,-3.1904166,-4.1158085
2019-04-23 11:30:00,-6.9736733,-4.786245
2019-04-23 12:00:00,-4.264427,-5.5394588
2019-04-23 12:30:00,-4.217212,-4.3770556
2019-04-23 13:00:00,-6.5377965,-4.143069
2019-04-23 13:30:00,-10.634264,-3.761232
2019-04-23 14:00:00,-11.74409,-2.7648296
2019-04-23 14:30:00,-10.071266,-2.178263
2019-04-23 15:00:00,-5.6822224,-2.0998726
2019-04-23 15:30:00,-4.876756,-1.4141436
2019-04-23 16:00:00,-8.064703,-0.44154978
2019-04-23 16:30:00,-4.7900987,0.15876731
2019-04-23 17:00:00,-2.2560897,0.707347
2019-04-23 17:30:00,-1.7342416,1.0500083
2019-04-23 18:00:00,0.9680613,1.3607779
2019-04-23 18:30:00,2.251499,2.1513753
2019-04-23 19:00:00,3.534941,2.5412214
2019-04-23 19:30:00,11.460361,2.888239
2019-04-23 20:00:00,19.385784,2.9364984
2019-04-23 20:30:00,4.395356,2.8878458
2019-04-23 21:00:00,9.414887,3.0118914
2019-04-23 21:30:00,14.434423,3.109131
2019-04-23 22:00:00,-0.65526307,2.8618524
2019-04-23 22:30:00,17.54115,2.6364818
2019-04-23 23:00:00,-32.734936,4.5270963
2019-04-23 23:30:00,-33.87075,3.564032
2019-04-24 00:00:00,-35.006565,3.8887703
2019-04-24 00:30:00,-36.14238,4.16812
2019-04-24 01:00:00,-37.278194,4.731402
2019-04-24 01:30:00,-1.7822214,5.60202
2019-04-24 02:00:00,-11.7118845,5.2758265
2019-04-24 02:30:00,-4.535488,5.693776
2019-04-24 03:00:00,-14.128635,6.4659133
2019-04-24 03:30:00,-23.721786,6.292057
2019-04-24 04:00:00,-33.314934,5.928021
2019-04-24 04:30:00,-28.492624,5.804967
2019-04-24 05:00:00,-23.670317,6.1799965
2019-04-24 05:30:00,-18.84801,5.649458
2019-04-24 06:00:00,-14.0257,5.19973
2019-04-24 06:30:00,-10.815055,5.048992
2019-04-24 07:00:00,-12.845497,4.0671268
2019-04-24 07:30:00,-14.875939,3.5841746
2019-04-24 08:00:00,-16.906382,2.209112
2019-04-24 08:30:00,-18.936825,0.91472036
2019-04-24 09:00:00,-10.926429,0.42014575
2019-04-24 09:30:00,-14.442053,-0.78410184
2019-04-24 10:00:00,-28.257614,-2.0518317
2019-04-24 10:30:00,-23.47779,-3.598806
2019-04-24 11:00:00,-20.423908,-3.543027
2019-04-24 11:30:00,-17.502794,-5.2191463
2019-04-24 12:00:00,-20.028536,-5.3474216
2019-04-24 12:30:00,-14.782212,-6.0656805
2019-04-24 13:00:00,-15.109393,-5.8081293
2019-04-24 13:30:00,-15.400478,-7.0537677
2019-04-24 14:00:00,-5.5181713,-7.8269362
2019-04-24 14:30:00,-19.974113,-7.333528
2019-04-24 15:00:00,-17.101519,-5.7281747
2019-04-24 15:30:00,-17.954618,-3.710045
2019-04-24 16:00:00,-11.631785,-3.4954798
2019-04-24 16:30:00,-11.338096,-2.9630535
2019-04-24 17:00:00,-8.669756,-0.8255145
2019-04-24 17:30:00,-5.692005,0.5049765
2019-04-24 18:00:00,-2.39815,1.346691
2019-04-24 18:30:00,-0.6447286,2.0432777
2019-04-24 19:00:00,-2.799911,2.8886366
2019-04-24 19:30:00,12.500627,3.9433784
2019-04-24 20:00:00,2.9066164,4.8492303
2019-04-24 20:30:00,-12.503102,4.406074
2019-04-24 21:00:00,-8.12233,4.7356577
2019-04-24 21:30:00,1.8912203,5.88819
2019-04-24 22:00:00,8.865193,4.6744084
2019-04-24 22:30:00,6.584759,4.740534
2019-04-24 23:00:00,5.453095,1.0583189
2019-04-24 23:30:00,6.0956244,-0.25106826
