时间,真实值,预测值
2017-04-28 19:00:00,3.9815166,-0.33753657
2017-04-28 19:30:00,3.883183,-1.8011968
2017-04-28 20:00:00,3.1135032,-2.8814397
2017-04-28 20:30:00,4.2741365,-4.738646
2017-04-28 21:00:00,4.9026327,-5.1006837
2017-04-28 21:30:00,5.051767,-7.4672985
2017-04-28 22:00:00,5.8418956,-9.785807
2017-04-28 22:30:00,5.061944,-10.416194
2017-04-28 23:00:00,5.4606485,-11.751621
2017-04-28 23:30:00,3.9218051,-12.856677
2017-04-29 00:00:00,3.5646358,-14.135101
2017-04-29 00:30:00,2.9955382,-14.698585
2017-04-29 01:00:00,2.980568,-14.541308
2017-04-29 01:30:00,4.8063188,-15.956146
2017-04-29 02:00:00,4.851331,-17.388205
2017-04-29 02:30:00,4.3052826,-0.56536543
2017-04-29 03:00:00,3.1283154,1.9176806
2017-04-29 03:30:00,2.5324876,6.775928
2017-04-29 04:00:00,8.713393,8.429146
2017-04-29 04:30:00,2.7933695,9.368375
2017-04-29 05:00:00,8.1307125,8.337866
2017-04-29 05:30:00,5.280869,9.161365
2017-04-29 06:00:00,4.4633207,7.7465067
2017-04-29 06:30:00,3.363409,6.0713935
2017-04-29 07:00:00,-2.8686924,1.9538685
2017-04-29 07:30:00,-8.9101095,-2.9740498
2017-04-29 08:00:00,-11.509184,-9.243801
2017-04-29 08:30:00,-7.713828,-14.52757
2017-04-29 09:00:00,-20.0258,-15.760142
2017-04-29 09:30:00,-15.869132,-14.964176
2017-04-29 10:00:00,-14.503749,-14.810943
2017-04-29 10:30:00,-18.653013,-15.98152
2017-04-29 11:00:00,-26.628038,-17.616825
2017-04-29 11:30:00,-25.448153,-15.967884
2017-04-29 12:00:00,-24.268265,-14.807692
2017-04-29 12:30:00,-23.088379,-17.400108
2017-04-29 13:00:00,-21.908491,-15.8074875
2017-04-29 13:30:00,-20.728605,-14.770689
2017-04-29 14:00:00,-19.54872,-13.250901
2017-04-29 14:30:00,-18.368832,-12.257353
2017-04-29 15:00:00,-17.188948,-10.458404
2017-04-29 15:30:00,-16.00906,-8.261504
2017-04-29 16:00:00,-14.829176,-4.370941
2017-04-29 16:30:00,-13.649288,-1.9233783
2017-04-29 17:00:00,-12.4694,1.7907364
2017-04-29 17:30:00,-11.289516,7.354453
2017-04-29 18:00:00,-10.109629,11.219571
2017-04-29 18:30:00,-8.929745,12.59509
2017-04-29 19:00:00,-7.7498574,12.055907
2017-04-29 19:30:00,-6.5699697,11.419528
2017-04-29 20:00:00,-5.3900857,10.854304
2017-04-29 20:30:00,-4.210198,10.083042
2017-04-29 21:00:00,-3.0303137,8.457975
2017-04-29 21:30:00,-1.8504258,7.37838
2017-04-29 22:00:00,-0.67053807,6.562139
2017-04-29 22:30:00,0.50934595,5.756742
2017-04-29 23:00:00,1.6892338,5.0267167
2017-04-29 23:30:00,2.8691177,4.265466
2017-04-30 00:00:00,4.0490055,5.1472063
2017-04-30 00:30:00,4.402034,1.8545363
2017-04-30 01:00:00,3.1360586,2.6693003
2017-04-30 01:30:00,3.6348224,1.7390318
2017-04-30 02:00:00,2.5813513,-0.40878585
2017-04-30 02:30:00,3.3770566,-0.62748855
2017-04-30 03:00:00,3.319881,0.16925679
2017-04-30 03:30:00,3.546647,-0.42340195
2017-04-30 04:00:00,3.0768971,-2.058273
2017-04-30 04:30:00,1.681385,-1.7669193
2017-04-30 05:00:00,1.5997813,-1.7889056
2017-04-30 05:30:00,1.5181812,-2.0531409
2017-04-30 06:00:00,2.3045082,-1.859258
2017-04-30 06:30:00,1.5486305,-3.3106158
2017-04-30 07:00:00,-4.5931444,-4.7822757
2017-04-30 07:30:00,-5.6566725,-6.7959146
2017-04-30 08:00:00,-12.827279,-6.3337083
2017-04-30 08:30:00,-21.595823,-8.436689
2017-04-30 09:00:00,-15.995048,-10.816164
2017-04-30 09:30:00,-17.463516,-11.365375
2017-04-30 10:00:00,-18.164124,-11.661785
2017-04-30 10:30:00,-28.081053,-13.752219
2017-04-30 11:00:00,-22.780973,-14.021217
2017-04-30 11:30:00,-24.080145,-14.2885275
2017-04-30 12:00:00,-24.742592,-14.731638
2017-04-30 12:30:00,-39.56868,-14.751291
2017-04-30 13:00:00,-19.774418,-14.688905
2017-04-30 13:30:00,-28.12152,-13.606247
2017-04-30 14:00:00,-22.585518,-13.306528
2017-04-30 14:30:00,-17.433907,-13.40418
2017-04-30 15:00:00,-15.301105,-11.251663
2017-04-30 15:30:00,-20.10085,-8.411448
2017-04-30 16:00:00,-11.108061,-4.458913
2017-04-30 16:30:00,-8.658282,-1.6303478
2017-04-30 17:00:00,-2.5876744,0.46827465
2017-04-30 17:30:00,1.5230796,4.1746306
2017-04-30 18:00:00,-2.3123763,3.1830645
2017-04-30 18:30:00,0.94773114,2.152209
2017-04-30 19:00:00,0.6754812,2.2965915
2017-04-30 19:30:00,-0.471429,2.6335983
2017-04-30 20:00:00,-3.3934329,2.8356316
2017-04-30 20:30:00,1.6562335,2.933057
2017-04-30 21:00:00,6.7059035,2.902284
2017-04-30 21:30:00,4.49926,1.5278877
2017-04-30 22:00:00,2.2926126,1.4795177
2017-04-30 22:30:00,4.898838,1.5307099
2017-04-30 23:00:00,7.505068,1.9454546
2017-04-30 23:30:00,0.98324084,0.9661454
2017-05-01 00:00:00,0.12182511,0.9768729
2017-05-01 00:30:00,-0.93011993,0.8354181
2017-05-01 01:00:00,-0.30778438,0.016780568
2017-05-01 01:30:00,0.32411063,0.2795012
2017-05-01 02:00:00,0.809498,-5.6512804
2017-05-01 02:30:00,1.2948891,1.1685364
2017-05-01 03:00:00,1.4042329,2.3901663
2017-05-01 03:30:00,1.5135729,3.2195766
2017-05-01 04:00:00,1.622913,3.704964
2017-05-01 04:30:00,1.7322531,4.5463676
2017-05-01 05:00:00,7.2962904,3.7696304
2017-05-01 05:30:00,6.234714,4.7478466
2017-05-01 06:00:00,3.7348819,4.979357
2017-05-01 06:30:00,-3.798961,1.7571672
2017-05-01 07:00:00,-11.3328,-2.03068
2017-05-01 07:30:00,-18.866642,-7.3808303
2017-05-01 08:00:00,-7.6316175,-12.151384
2017-05-01 08:30:00,-19.074177,-14.474181
2017-05-01 09:00:00,-30.447622,-16.473475
2017-05-01 09:30:00,-22.100786,-18.369762
2017-05-01 10:00:00,-27.034943,-18.93429
2017-05-01 10:30:00,-18.934729,-20.03266
2017-05-01 11:00:00,-22.805279,-18.735369
2017-05-01 11:30:00,-26.34032,-21.659567
2017-05-01 12:00:00,-17.906973,-21.433996
2017-05-01 12:30:00,-23.706392,-22.308777
2017-05-01 13:00:00,-21.81065,-20.991072
2017-05-01 13:30:00,-23.861696,-21.661692
2017-05-01 14:00:00,-22.59068,-21.27702
2017-05-01 14:30:00,-20.538105,-17.613283
2017-05-01 15:00:00,-14.46871,-14.591336
2017-05-01 15:30:00,-11.047185,-10.729583
2017-05-01 16:00:00,-2.750234,-5.1718764
2017-05-01 16:30:00,-1.217359,-2.2400568
2017-05-01 17:00:00,-0.48492223,1.6105313
2017-05-01 17:30:00,3.0138733,4.254852
2017-05-01 18:00:00,5.0449014,5.8767796
2017-05-01 18:30:00,4.781329,7.0094657
2017-05-01 19:00:00,5.043733,7.0006976
2017-05-01 19:30:00,5.8523216,6.95206
2017-05-01 20:00:00,5.792595,6.1712117
2017-05-01 20:30:00,4.8980093,5.6023784
2017-05-01 21:00:00,6.630943,4.912128
2017-05-01 21:30:00,6.6034174,3.7551725
2017-05-01 22:00:00,4.9410024,2.353364
2017-05-01 22:30:00,4.4271665,1.7400001
2017-05-01 23:00:00,5.78787,1.6704502
2017-05-01 23:30:00,5.2582345,-0.49531436
2017-05-02 00:00:00,7.266794,2.9492333
2017-05-02 00:30:00,7.4857607,3.0040765
2017-05-02 01:00:00,8.21914,1.3062723
2017-05-02 01:30:00,5.609281,1.2800205
2017-05-02 02:00:00,3.667751,2.5575526
2017-05-02 02:30:00,5.630804,2.6359987
2017-05-02 03:00:00,6.1747727,2.4682508
2017-05-02 03:30:00,5.8053985,2.522235
2017-05-02 04:00:00,8.337881,2.6214354
2017-05-02 04:30:00,10.870359,3.1942556
2017-05-02 05:00:00,13.402839,4.9742284
2017-05-02 05:30:00,15.935317,3.8327672
2017-05-02 06:00:00,18.467802,2.5175815
2017-05-02 06:30:00,21.00028,0.9038866
2017-05-02 07:00:00,23.53276,2.677036
2017-05-02 07:30:00,26.065239,4.238589
2017-05-02 08:00:00,28.597717,-4.0159383
2017-05-02 08:30:00,31.130203,-4.7898345
2017-05-02 09:00:00,46.482998,-7.665918
2017-05-02 09:30:00,18.529741,-16.18676
2017-05-02 10:00:00,-9.42352,-12.940967
2017-05-02 10:30:00,-6.3966827,-8.460658
2017-05-02 11:00:00,-11.352163,-11.967306
2017-05-02 11:30:00,-22.21755,-17.71931
2017-05-02 12:00:00,-18.626904,-16.336512
2017-05-02 12:30:00,-9.897415,-13.767664
2017-05-02 13:00:00,-4.553373,-11.776238
2017-05-02 13:30:00,-5.327209,-11.454198
2017-05-02 14:00:00,29.976099,-12.274275
2017-05-02 14:30:00,-2.9158754,-8.800739
2017-05-02 15:00:00,-5.1304626,-6.669445
2017-05-02 15:30:00,-4.853299,-7.04524
2017-05-02 16:00:00,-5.1019497,-6.1211286
2017-05-02 16:30:00,-4.5954695,-3.0135386
2017-05-02 17:00:00,-3.3684132,-1.7305354
2017-05-02 17:30:00,-0.763005,2.8807986
2017-05-02 18:00:00,1.8424033,3.151221
2017-05-02 18:30:00,4.877383,6.45229
2017-05-02 19:00:00,5.702637,6.581793
2017-05-02 19:30:00,3.9759474,6.102894
2017-05-02 20:00:00,4.0180774,5.774746
2017-05-02 20:30:00,5.2836385,7.1239114
2017-05-02 21:00:00,3.2390947,7.011941
2017-05-02 21:30:00,2.3965342,7.1997385
2017-05-02 22:00:00,7.2779703,7.8429003
2017-05-02 22:30:00,10.09002,8.340473
2017-05-02 23:00:00,6.0722866,8.222136
2017-05-02 23:30:00,4.837269,8.293079
2017-05-03 00:00:00,5.3399477,8.736725
2017-05-03 00:30:00,5.4655995,7.623146
2017-05-03 01:00:00,4.876818,7.5796785
2017-05-03 01:30:00,4.470404,7.125196
2017-05-03 02:00:00,4.803937,6.621078
2017-05-03 02:30:00,10.267117,6.6619725
2017-05-03 03:00:00,8.139303,5.9587226
2017-05-03 03:30:00,7.371394,5.6026683
2017-05-03 04:00:00,10.848287,4.9317403
2017-05-03 04:30:00,8.172115,4.3098607
2017-05-03 05:00:00,7.659579,4.407068
2017-05-03 05:30:00,4.900997,4.1684437
2017-05-03 06:00:00,-0.48474514,3.2001789
2017-05-03 06:30:00,-2.2800956,-0.11522031
2017-05-03 07:00:00,-1.8114647,-1.7972442
2017-05-03 07:30:00,-8.623432,-8.848492
2017-05-03 08:00:00,-11.974326,-11.929148
2017-05-03 08:30:00,-14.692578,-14.859166
2017-05-03 09:00:00,-20.539312,-21.61507
2017-05-03 09:30:00,-22.89017,-23.577597
2017-05-03 10:00:00,-29.064623,-23.511608
2017-05-03 10:30:00,-25.934633,-22.528727
2017-05-03 11:00:00,-23.358332,-21.0554
2017-05-03 11:30:00,-33.878098,-25.124624
2017-05-03 12:00:00,-25.553476,-23.806301
2017-05-03 12:30:00,-24.536655,-23.682068
2017-05-03 13:00:00,-14.461592,-17.229782
2017-05-03 13:30:00,-18.764746,-19.657818
2017-05-03 14:00:00,-20.516357,-24.002516
2017-05-03 14:30:00,-19.971416,-18.308935
2017-05-03 15:00:00,-15.865477,-15.687446
2017-05-03 15:30:00,-22.955513,-18.540327
2017-05-03 16:00:00,-10.372149,-7.082754
2017-05-03 16:30:00,-12.679297,-5.8689394
2017-05-03 17:00:00,-3.9400465,-1.7595792
2017-05-03 17:30:00,-1.3059373,-1.8818737
2017-05-03 18:00:00,0.6841175,1.326627
2017-05-03 18:30:00,3.1719754,1.376263
2017-05-03 19:00:00,6.235773,2.0344136
2017-05-03 19:30:00,7.694162,2.2354743
2017-05-03 20:00:00,6.5787635,1.8024021
2017-05-03 20:30:00,6.2633395,1.3615376
2017-05-03 21:00:00,6.4338684,1.1452879
2017-05-03 21:30:00,8.379661,0.2820785
2017-05-03 22:00:00,7.043321,-5.4758906
2017-05-03 22:30:00,5.97731,-7.294456
2017-05-03 23:00:00,7.4758472,-7.426212
2017-05-03 23:30:00,9.680012,-10.215578
2017-05-04 00:00:00,7.190997,-9.451128
2017-05-04 00:30:00,7.405182,-9.054025
2017-05-04 01:00:00,8.152567,-8.632302
2017-05-04 01:30:00,8.798053,-6.3234024
2017-05-04 02:00:00,7.7841644,-6.100702
2017-05-04 02:30:00,8.083058,-6.660289
2017-05-04 03:00:00,8.348157,-6.464556
2017-05-04 03:30:00,9.6973295,-8.16219
2017-05-04 04:00:00,8.478876,-8.39182
2017-05-04 04:30:00,8.468597,-9.6936
2017-05-04 05:00:00,7.8022056,-3.0709856
2017-05-04 05:30:00,7.1358147,-0.46543032
2017-05-04 06:00:00,6.469427,-2.3909354
2017-05-04 06:30:00,5.8030357,-20.423626
2017-05-04 07:00:00,5.136645,-12.005198
2017-05-04 07:30:00,4.4702573,-6.2247486
2017-05-04 08:00:00,3.8038666,-22.77571
2017-05-04 08:30:00,3.1374755,-22.139746
2017-05-04 09:00:00,2.471084,-20.191837
2017-05-04 09:30:00,1.8046968,-21.127584
2017-05-04 10:00:00,1.1383057,-20.875816
2017-05-04 10:30:00,0.47191453,-21.548204
2017-05-04 11:00:00,-0.19447283,-21.452335
2017-05-04 11:30:00,-0.8608639,-21.77079
2017-05-04 12:00:00,-1.527255,-22.554922
2017-05-04 12:30:00,-2.1936424,-19.585894
2017-05-04 13:00:00,-2.8600335,-13.028088
2017-05-04 13:30:00,-3.5264246,-14.171376
2017-05-04 14:00:00,-4.1928124,-12.434901
2017-05-04 14:30:00,-4.8592033,-11.302784
2017-05-04 15:00:00,-7.4222293,-11.682572
2017-05-04 15:30:00,-6.1755495,-5.815577
2017-05-04 16:00:00,-4.928874,-5.3389125
2017-05-04 16:30:00,-0.17422733,-3.1112316
2017-05-04 17:00:00,3.8704433,-2.3150175
2017-05-04 17:30:00,3.6606333,-3.3457263
2017-05-04 18:00:00,4.6875734,2.0811744
2017-05-04 18:30:00,13.899334,5.318613
2017-05-04 19:00:00,23.111105,5.965313
2017-05-04 19:30:00,32.322865,2.3740091
2017-05-04 20:00:00,41.53463,-1.5299002
2017-05-04 20:30:00,50.74639,-6.8878655
2017-05-04 21:00:00,9.324301,-2.472573
2017-05-04 21:30:00,11.498577,0.11411577
2017-05-04 22:00:00,5.8813086,6.191171
2017-05-04 22:30:00,4.5435038,6.0791216
2017-05-04 23:00:00,7.818242,4.6240263
2017-05-04 23:30:00,4.6815333,6.809441
2017-05-05 00:00:00,10.661277,6.673039
2017-05-05 00:30:00,8.274195,7.518716
2017-05-05 01:00:00,12.157225,6.3013587
2017-05-05 01:30:00,16.684637,7.4815254
2017-05-05 02:00:00,13.700617,7.8415475
2017-05-05 02:30:00,6.8047724,7.971073
2017-05-05 03:00:00,6.6207542,5.782395
2017-05-05 03:30:00,15.668436,9.262226
2017-05-05 04:00:00,13.571878,9.655079
2017-05-05 04:30:00,11.267007,10.647267
2017-05-05 05:00:00,9.693042,15.109588
2017-05-05 05:30:00,5.835897,9.495097
2017-05-05 06:00:00,7.979988,7.143746
2017-05-05 06:30:00,4.013447,6.3126893
2017-05-05 07:00:00,3.2326026,3.814104
2017-05-05 07:30:00,2.403716,1.752103
2017-05-05 08:00:00,-3.1761017,-2.3025606
2017-05-05 08:30:00,-2.5762799,-11.045074
2017-05-05 09:00:00,-3.2258508,-12.918849
2017-05-05 09:30:00,-3.1313756,-14.800261
2017-05-05 10:00:00,-3.1754386,-12.177192
2017-05-05 10:30:00,-3.0949314,-12.926306
2017-05-05 11:00:00,-3.5610113,-18.16825
2017-05-05 11:30:00,-4.0270915,-19.675999
2017-05-05 12:00:00,-4.4931717,-16.399065
2017-05-05 12:30:00,-6.601738,-8.14112
2017-05-05 13:00:00,-5.3896675,-15.427302
2017-05-05 13:30:00,-7.4130807,-15.648971
2017-05-05 14:00:00,-4.4908733,-8.963314
2017-05-05 14:30:00,-2.5435963,-7.6792374
2017-05-05 15:00:00,3.2914286,-10.865985
2017-05-05 15:30:00,-6.0391703,-5.265037
2017-05-05 16:00:00,-11.775522,-8.36353
2017-05-05 16:30:00,-19.05657,-8.294564
2017-05-05 17:00:00,-12.755946,-3.846001
2017-05-05 17:30:00,-12.584141,-0.6588987
2017-05-05 18:00:00,-0.66042095,1.9847286
2017-05-05 18:30:00,1.7424192,4.4497595
2017-05-05 19:00:00,1.7393408,6.916584
2017-05-05 19:30:00,1.7362585,8.299835
2017-05-05 20:00:00,1.73318,9.199391
2017-05-05 20:30:00,-0.04310062,10.025086
2017-05-05 21:00:00,0.4000473,9.816918
2017-05-05 21:30:00,0.84536564,9.582171
2017-05-05 22:00:00,1.6495378,9.175027
2017-05-05 22:30:00,2.64725,8.8273945
2017-05-05 23:00:00,3.9894369,8.518459
2017-05-05 23:30:00,0.97464603,8.044414
2017-05-06 00:00:00,-43.304497,7.7225723
2017-05-06 00:30:00,-31.042875,8.692522
2017-05-06 01:00:00,-18.781254,8.012834
2017-05-06 01:30:00,-6.519633,8.267536
2017-05-06 02:00:00,5.7419868,8.509687
2017-05-06 02:30:00,4.6699805,8.763199
2017-05-06 03:00:00,3.597975,8.304045
2017-05-06 03:30:00,2.3684926,8.170713
2017-05-06 04:00:00,4.6890883,8.179301
2017-05-06 04:30:00,2.4597802,9.507674
2017-05-06 05:00:00,2.0691206,7.34804
2017-05-06 05:30:00,2.7651246,4.0979743
2017-05-06 06:00:00,2.2399433,9.308468
2017-05-06 06:30:00,1.7147583,10.340344
2017-05-06 07:00:00,2.6939392,7.381794
2017-05-06 07:30:00,-4.886891,2.5270128
2017-05-06 08:00:00,-4.993842,-1.3097054
2017-05-06 08:30:00,-18.94981,-10.2514305
2017-05-06 09:00:00,-23.98089,-15.666865
2017-05-06 09:30:00,-17.287415,-16.328308
2017-05-06 10:00:00,-24.216232,-16.91483
2017-05-06 10:30:00,-36.930447,-19.621906
2017-05-06 11:00:00,-31.411324,-18.497953
2017-05-06 11:30:00,-34.249325,-18.304249
2017-05-06 12:00:00,-32.66194,-17.169151
2017-05-06 12:30:00,-33.462837,-16.362085
2017-05-06 13:00:00,-42.669533,-15.670339
2017-05-06 13:30:00,-41.492977,-16.67452
2017-05-06 14:00:00,-23.730951,-14.857391
2017-05-06 14:30:00,-16.080385,-10.430479
2017-05-06 15:00:00,-17.16802,-10.414909
2017-05-06 15:30:00,-28.2193,-9.422529
2017-05-06 16:00:00,-8.994027,-8.523011
2017-05-06 16:30:00,-4.1317782,-8.951535
2017-05-06 17:00:00,-2.5453823,-8.971151
2017-05-06 17:30:00,-9.981521,-8.514107
2017-05-06 18:00:00,1.0090668,-8.850394
2017-05-06 18:30:00,0.25382975,-7.5766497
2017-05-06 19:00:00,-0.50140727,-4.8349037
2017-05-06 19:30:00,3.2840471,-2.02259
2017-05-06 20:00:00,6.478165,-0.51820505
2017-05-06 20:30:00,7.7274747,-0.6014893
2017-05-06 21:00:00,4.4491754,1.968722
2017-05-06 21:30:00,0.5173153,3.073796
2017-05-06 22:00:00,0.76746964,3.1771789
2017-05-06 22:30:00,1.0176202,3.93563
2017-05-06 23:00:00,1.2677745,3.8407214
2017-05-06 23:30:00,1.517925,4.4655023
2017-05-07 00:00:00,0.20389609,4.305264
2017-05-07 00:30:00,3.5580492,5.5605984
2017-05-07 01:00:00,0.6226274,5.9965835
2017-05-07 01:30:00,0.34654912,4.941624
2017-05-07 02:00:00,2.8939753,3.8153024
2017-05-07 02:30:00,1.7558484,3.3872454
2017-05-07 03:00:00,0.61772144,2.907446
2017-05-07 03:30:00,-0.52040553,2.4744868
2017-05-07 04:00:00,-39.361576,1.5247828
2017-05-07 04:30:00,-24.139189,-0.8631737
2017-05-07 05:00:00,-8.916801,-5.5985546
2017-05-07 05:30:00,-0.9978838,-7.4415894
2017-05-07 06:00:00,-4.1833057,-9.044014
2017-05-07 06:30:00,-7.368731,-8.713661
2017-05-07 07:00:00,-10.5541525,-8.92918
2017-05-07 07:30:00,-13.739577,-8.332048
2017-05-07 08:00:00,-16.964352,-9.147852
2017-05-07 08:30:00,-20.189129,-10.15824
2017-05-07 09:00:00,-22.791685,-10.696428
2017-05-07 09:30:00,-22.704912,-12.029302
2017-05-07 10:00:00,-28.0935,-14.227655
2017-05-07 10:30:00,-25.648,-16.213083
2017-05-07 11:00:00,-45.75744,-17.583311
2017-05-07 11:30:00,-34.1547,-16.683867
2017-05-07 12:00:00,-40.24468,-19.146624
2017-05-07 12:30:00,-47.77715,-19.608799
2017-05-07 13:00:00,-26.885506,-21.673285
2017-05-07 13:30:00,-30.496672,-22.071398
2017-05-07 14:00:00,-27.78632,-21.768284
2017-05-07 14:30:00,-18.105246,-21.308931
2017-05-07 15:00:00,-25.910706,-21.362938
2017-05-07 15:30:00,-16.491919,-20.325417
2017-05-07 16:00:00,-25.667257,-13.540389
2017-05-07 16:30:00,-19.72476,-11.528021
2017-05-07 17:00:00,-4.6173277,-9.434477
2017-05-07 17:30:00,-3.1834908,-5.388729
2017-05-07 18:00:00,1.3020445,-2.3383753
2017-05-07 18:30:00,3.5142083,0.34513235
2017-05-07 19:00:00,4.246675,1.7005717
2017-05-07 19:30:00,2.449049,2.197587
2017-05-07 20:00:00,3.7809646,3.1517525
2017-05-07 20:30:00,4.407897,3.2625394
2017-05-07 21:00:00,1.2833062,2.9480462
2017-05-07 21:30:00,3.0479512,3.41702
2017-05-07 22:00:00,5.0661225,2.2111142
2017-05-07 22:30:00,4.2747507,2.2684672
2017-05-07 23:00:00,6.203526,2.4294176
2017-05-07 23:30:00,4.821658,2.370373
2017-05-08 00:00:00,4.258024,4.548018
2017-05-08 00:30:00,3.186987,4.190916
2017-05-08 01:00:00,4.4640703,4.945912
2017-05-08 01:30:00,2.0136142,5.103136
2017-05-08 02:00:00,4.8050675,5.0762663
2017-05-08 02:30:00,4.3515577,6.001964
2017-05-08 03:00:00,3.863111,6.078967
2017-05-08 03:30:00,3.4419417,7.172609
2017-05-08 04:00:00,3.0207763,6.5805454
2017-05-08 04:30:00,2.5996072,6.1450243
2017-05-08 05:00:00,2.5313911,4.960468
2017-05-08 05:30:00,2.4631715,4.810904
2017-05-08 06:00:00,2.3949516,4.4155536
2017-05-08 06:30:00,5.707306,2.8216183
2017-05-08 07:00:00,2.0937748,1.0215352
2017-05-08 07:30:00,2.8832178,-0.98417956
2017-05-08 08:00:00,7.2420344,-8.870395
2017-05-08 08:30:00,1.9729234,-8.942989
2017-05-08 09:00:00,51.964554,-10.04983
2017-05-08 09:30:00,33.964783,-13.216326
2017-05-08 10:00:00,15.965024,-15.107658
2017-05-08 10:30:00,-2.0347455,-15.512008
2017-05-08 11:00:00,9.297171,-14.738507
2017-05-08 11:30:00,12.647801,-12.416991
2017-05-08 12:00:00,15.998431,-15.576696
2017-05-08 12:30:00,19.349064,-15.581614
2017-05-08 13:00:00,22.699692,-14.368315
2017-05-08 13:30:00,26.050325,-15.001013
2017-05-08 14:00:00,29.400959,-11.2662
2017-05-08 14:30:00,32.751583,-9.151278
2017-05-08 15:00:00,36.102215,-3.7905357
2017-05-08 15:30:00,39.452843,-0.42570046
2017-05-08 16:00:00,42.803474,0.16990489
2017-05-08 16:30:00,29.178396,3.0962796
2017-05-08 17:00:00,15.553316,5.0473957
2017-05-08 17:30:00,1.9282348,5.5778446
2017-05-08 18:00:00,-11.69685,5.433492
2017-05-08 18:30:00,-25.32193,4.5260916
2017-05-08 19:00:00,-38.947014,4.5206394
2017-05-08 19:30:00,-25.816864,6.5498853
2017-05-08 20:00:00,-12.686717,5.510307
2017-05-08 20:30:00,0.4434284,4.487745
2017-05-08 21:00:00,13.573574,2.5261424
2017-05-08 21:30:00,2.710982,0.39022034
2017-05-08 22:00:00,-1.7626011,-1.2185874
2017-05-08 22:30:00,7.491081,-2.405235
2017-05-08 23:00:00,16.744768,-2.8671665
2017-05-08 23:30:00,14.408715,-2.617468
2017-05-09 00:00:00,-1.4319433,-1.2129278
2017-05-09 00:30:00,-17.272598,0.43948707
2017-05-09 01:00:00,-33.113255,-0.6259475
2017-05-09 01:30:00,-19.28491,-3.349012
2017-05-09 02:00:00,-20.437801,-3.1122453
2017-05-09 02:30:00,1.8831844,-3.6868289
2017-05-09 03:00:00,1.3544801,-2.8801434
2017-05-09 03:30:00,4.754418,-1.845795
2017-05-09 04:00:00,8.334995,-0.17031236
2017-05-09 04:30:00,3.5057945,-0.96516997
2017-05-09 05:00:00,2.1525028,1.8182316
2017-05-09 05:30:00,0.79920757,3.7084002
2017-05-09 06:00:00,-0.554084,1.6308146
2017-05-09 06:30:00,-1.9073793,-3.219611
2017-05-09 07:00:00,-3.260671,-6.0889645
2017-05-09 07:30:00,-4.6139665,-19.040224
2017-05-09 08:00:00,-2.8146856,-12.935696
2017-05-09 08:30:00,-6.1132345,-24.266424
2017-05-09 09:00:00,-5.644302,-17.922764
2017-05-09 09:30:00,-9.887543,-24.110401
2017-05-09 10:00:00,-3.9987373,-20.849272
2017-05-09 10:30:00,-9.474806,-22.046867
2017-05-09 11:00:00,-8.450952,-23.908302
2017-05-09 11:30:00,-6.422603,-20.549435
2017-05-09 12:00:00,-8.505158,-19.887789
2017-05-09 12:30:00,-16.1429,-25.518229
2017-05-09 13:00:00,-23.00342,-28.434374
2017-05-09 13:30:00,-5.615322,-13.954957
2017-05-09 14:00:00,-8.349619,-13.233259
2017-05-09 14:30:00,-24.175266,-25.77058
2017-05-09 15:00:00,-16.721802,-15.549069
2017-05-09 15:30:00,-11.480151,-9.724889
2017-05-09 16:00:00,-11.290779,-12.553416
2017-05-09 16:30:00,-14.016933,-12.865833
2017-05-09 17:00:00,-7.82535,-6.810693
2017-05-09 17:30:00,-4.3637366,-3.4783864
2017-05-09 18:00:00,-1.7038918,-1.1436304
2017-05-09 18:30:00,3.7084568,5.882413
2017-05-09 19:00:00,2.0700173,9.020117
2017-05-09 19:30:00,0.47893056,9.644265
2017-05-09 20:00:00,1.3829701,9.948136
2017-05-09 20:30:00,2.2870095,8.007924
2017-05-09 21:00:00,1.5873694,8.303095
2017-05-09 21:30:00,0.8877294,8.390999
2017-05-09 22:00:00,0.6783675,7.5594254
2017-05-09 22:30:00,0.4690094,5.797738
2017-05-09 23:00:00,0.25964755,3.94609
2017-05-09 23:30:00,-2.6974216,3.2470076
2017-05-10 00:00:00,-1.3749597,3.6840324
2017-05-10 00:30:00,-0.052501805,2.274741
2017-05-10 01:00:00,-1.0906334,2.5141375
2017-05-10 01:30:00,-0.06117199,0.8327089
2017-05-10 02:00:00,0.9682856,-0.7771124
2017-05-10 02:30:00,1.997747,-1.0529494
2017-05-10 03:00:00,3.0272045,-4.262019
2017-05-10 03:30:00,4.056666,-4.864554
2017-05-10 04:00:00,2.5487504,-2.9864728
2017-05-10 04:30:00,3.809771,-3.0474544
2017-05-10 05:00:00,1.6685549,-3.1511235
2017-05-10 05:30:00,0.7458601,-2.0798788
2017-05-10 06:00:00,1.2746285,-2.8523657
2017-05-10 06:30:00,-1.7786076,-7.0885572
2017-05-10 07:00:00,-3.3067837,-13.251587
2017-05-10 07:30:00,-10.9066305,-17.80328
2017-05-10 08:00:00,-11.243592,-19.898523
2017-05-10 08:30:00,-21.67893,-23.071074
2017-05-10 09:00:00,-25.628588,-25.676779
2017-05-10 09:30:00,-26.869759,-27.548134
2017-05-10 10:00:00,-28.729095,-24.006784
2017-05-10 10:30:00,-20.435709,-21.97428
2017-05-10 11:00:00,-20.272379,-24.827324
2017-05-10 11:30:00,-29.276722,-28.835932
2017-05-10 12:00:00,-16.430843,-23.671608
2017-05-10 12:30:00,-28.043905,-21.146637
2017-05-10 13:00:00,-22.54114,-21.15252
2017-05-10 13:30:00,-16.31055,-18.429718
2017-05-10 14:00:00,-3.4418592,-18.208681
2017-05-10 14:30:00,-19.375072,-17.060686
2017-05-10 15:00:00,-9.843879,-15.347326
2017-05-10 15:30:00,-17.21398,-15.781035
2017-05-10 16:00:00,-11.892131,-14.772201
2017-05-10 16:30:00,-9.093812,-12.879082
2017-05-10 17:00:00,-6.1341166,-12.5737295
2017-05-10 17:30:00,-1.3663536,-10.440864
2017-05-10 18:00:00,1.3223541,-7.962279
2017-05-10 18:30:00,2.4617999,-7.292063
2017-05-10 19:00:00,1.5936017,-6.7699265
2017-05-10 19:30:00,2.38075,-4.9861364
2017-05-10 20:00:00,3.1678982,-2.770061
2017-05-10 20:30:00,7.3249497,-2.198311
2017-05-10 21:00:00,6.5159016,-2.608504
2017-05-10 21:30:00,3.316015,-2.3535793
2017-05-10 22:00:00,2.2771373,-1.9298781
2017-05-10 22:30:00,2.995557,-1.2240962
2017-05-10 23:00:00,7.7450976,-0.9721144
2017-05-10 23:30:00,2.4906929,-1.0053257
2017-05-11 00:00:00,3.463035,-1.7328377
2017-05-11 00:30:00,4.365164,-2.6012695
2017-05-11 01:00:00,2.1893125,-1.7434747
2017-05-11 01:30:00,1.7180854,-1.0509864
2017-05-11 02:00:00,1.4606814,-0.1693666
2017-05-11 02:30:00,1.2032775,0.43206784
2017-05-11 03:00:00,2.4293685,0.48244235
2017-05-11 03:30:00,3.757068,-0.32763803
2017-05-11 04:00:00,3.1555505,0.117397696
2017-05-11 04:30:00,3.973649,1.2712184
2017-05-11 05:00:00,4.7917476,1.1394248
2017-05-11 05:30:00,2.161192,-2.80929
2017-05-11 06:00:00,4.5134993,-0.5989836
2017-05-11 06:30:00,-0.05245282,-6.6336603
2017-05-11 07:00:00,-4.6184053,-9.297661
2017-05-11 07:30:00,-1.4510924,-7.336967
2017-05-11 08:00:00,-3.5698512,-5.9393635
2017-05-11 08:30:00,-5.7335434,-11.612167
2017-05-11 09:00:00,-6.273691,-8.671399
2017-05-11 09:30:00,-8.506812,-8.782521
2017-05-11 10:00:00,-10.31395,-11.289238
2017-05-11 10:30:00,-13.144609,-14.718469
2017-05-11 11:00:00,-16.526445,-15.245179
2017-05-11 11:30:00,-21.760458,-15.979708
2017-05-11 12:00:00,-12.248068,-14.450405
2017-05-11 12:30:00,-1.8938333,-13.514292
2017-05-11 13:00:00,-2.8878717,-11.9106655
2017-05-11 13:30:00,-21.576345,-17.759531
2017-05-11 14:00:00,-37.69505,-20.536154
2017-05-11 14:30:00,-36.017952,-23.54586
2017-05-11 15:00:00,-16.237839,-17.209642
2017-05-11 15:30:00,-23.178354,-19.986305
2017-05-11 16:00:00,-9.979527,-18.735846
2017-05-11 16:30:00,-2.9693887,-14.052048
2017-05-11 17:00:00,1.4954225,-8.611043
2017-05-11 17:30:00,2.1455207,-2.0542073
2017-05-11 18:00:00,2.7956152,0.53609884
2017-05-11 18:30:00,1.5224693,1.8804903
2017-05-11 19:00:00,1.2824132,3.0173287
2017-05-11 19:30:00,13.931897,3.4800665
2017-05-11 20:00:00,15.127214,3.2255225
2017-05-11 20:30:00,16.322525,2.730361
2017-05-11 21:00:00,14.247392,3.0233123
2017-05-11 21:30:00,12.1722555,2.84053
2017-05-11 22:00:00,10.097119,1.3879212
2017-05-11 22:30:00,8.021983,2.4699237
2017-05-11 23:00:00,5.9468455,2.1606417
2017-05-11 23:30:00,8.867358,2.195138
2017-05-12 00:00:00,11.652564,2.6906497
2017-05-12 00:30:00,10.999463,2.971811
2017-05-12 01:00:00,10.346365,2.0264328
2017-05-12 01:30:00,9.693264,-0.37306514
2017-05-12 02:00:00,9.040163,1.4277529
2017-05-12 02:30:00,8.387065,-0.6693624
2017-05-12 03:00:00,7.733963,0.18531227
2017-05-12 03:30:00,7.0808654,-0.17406154
2017-05-12 04:00:00,6.4277644,-0.91287756
2017-05-12 04:30:00,5.774663,1.2024711
2017-05-12 05:00:00,5.1215653,-5.054405
2017-05-12 05:30:00,4.468464,1.1160443
2017-05-12 06:00:00,8.212248,1.5838237
2017-05-12 06:30:00,11.956032,-0.21559629
2017-05-12 07:00:00,15.699817,-5.707857
2017-05-12 07:30:00,19.443596,-8.009417
2017-05-12 08:00:00,23.187376,-2.206382
2017-05-12 08:30:00,26.931164,-11.481851
2017-05-12 09:00:00,30.674944,-8.456069
2017-05-12 09:30:00,34.41873,-13.040194
2017-05-12 10:00:00,38.16251,-12.35087
2017-05-12 10:30:00,41.906292,-15.489391
2017-05-12 11:00:00,45.650078,-17.078169
2017-05-12 11:30:00,49.39386,-15.778233
2017-05-12 12:00:00,-7.262786,-16.638374
2017-05-12 12:30:00,-11.186778,-17.852547
2017-05-12 13:00:00,-24.426699,-20.25669
2017-05-12 13:30:00,-31.192484,-23.984241
2017-05-12 14:00:00,-23.102512,-24.09119
2017-05-12 14:30:00,-40.72405,-24.167843
2017-05-12 15:00:00,-30.232576,-23.707718
2017-05-12 15:30:00,-14.19623,-19.77162
2017-05-12 16:00:00,-17.73373,-18.094322
2017-05-12 16:30:00,-16.877625,-15.925064
2017-05-12 17:00:00,-12.065697,-9.696286
2017-05-12 17:30:00,-6.0037174,-5.9762897
2017-05-12 18:00:00,-0.65029633,0.40497965
2017-05-12 18:30:00,1.9469881,3.7662392
2017-05-12 19:00:00,3.5398986,4.681168
2017-05-12 19:30:00,4.7841854,4.992025
2017-05-12 20:00:00,5.975818,4.2060256
2017-05-12 20:30:00,7.1300983,3.8194811
2017-05-12 21:00:00,7.8872685,5.40157
2017-05-12 21:30:00,5.242673,6.2053046
2017-05-12 22:00:00,6.1133804,6.1546855
2017-05-12 22:30:00,4.606671,5.1322327
2017-05-12 23:00:00,2.0076907,5.823059
2017-05-12 23:30:00,1.8478067,5.6516376
2017-05-13 00:00:00,2.6838486,7.193593
2017-05-13 00:30:00,3.389197,8.580838
2017-05-13 01:00:00,3.1450226,8.265366
2017-05-13 01:30:00,5.366949,6.360754
2017-05-13 02:00:00,6.7744775,7.517337
2017-05-13 02:30:00,5.761931,5.587498
2017-05-13 03:00:00,5.0513334,4.720743
2017-05-13 03:30:00,6.0366335,4.089975
2017-05-13 04:00:00,6.4359255,4.77605
2017-05-13 04:30:00,11.014995,3.8689966
2017-05-13 05:00:00,6.6966796,4.2592754
2017-05-13 05:30:00,5.934415,2.4242291
2017-05-13 06:00:00,4.3024077,-0.13012278
2017-05-13 06:30:00,1.2851789,-3.2422454
2017-05-13 07:00:00,-7.181951,-10.767949
2017-05-13 07:30:00,-11.200581,-15.926639
2017-05-13 08:00:00,-14.880523,-19.129948
2017-05-13 08:30:00,-14.336325,-23.173237
2017-05-13 09:00:00,-17.0239,-25.740984
2017-05-13 09:30:00,-18.94022,-23.703228
2017-05-13 10:00:00,-16.197397,-21.541212
2017-05-13 10:30:00,-20.495134,-18.663279
2017-05-13 11:00:00,-15.1233225,-16.112654
2017-05-13 11:30:00,-20.466894,-16.109173
2017-05-13 12:00:00,-18.875462,-17.162485
2017-05-13 12:30:00,-15.880085,-20.014452
2017-05-13 13:00:00,-17.247986,-21.306175
2017-05-13 13:30:00,-15.276608,-20.732862
2017-05-13 14:00:00,-11.507349,-23.536776
2017-05-13 14:30:00,-11.735661,-19.77385
2017-05-13 15:00:00,-11.963971,-18.757797
2017-05-13 15:30:00,-13.005321,-14.427545
2017-05-13 16:00:00,-15.231837,-15.384339
2017-05-13 16:30:00,-5.9571524,-10.3744335
2017-05-13 17:00:00,-0.70420146,-3.842425
2017-05-13 17:30:00,4.548753,1.1128378
2017-05-13 18:00:00,5.0317397,4.4839125
2017-05-13 18:30:00,7.4749727,6.2829146
2017-05-13 19:00:00,6.704178,9.016861
2017-05-13 19:30:00,6.289075,8.938095
2017-05-13 20:00:00,3.9981675,7.9582543
2017-05-13 20:30:00,3.1491034,6.035929
2017-05-13 21:00:00,3.661839,6.784075
2017-05-13 21:30:00,5.958044,8.029263
2017-05-13 22:00:00,5.6651044,8.539018
2017-05-13 22:30:00,5.372168,8.994072
2017-05-13 23:00:00,5.079228,7.7476373
2017-05-13 23:30:00,4.786288,7.0231924
2017-05-14 00:00:00,4.4933476,6.0190973
2017-05-14 00:30:00,2.8383482,5.559253
2017-05-14 01:00:00,4.2407403,7.466054
2017-05-14 01:30:00,2.3023753,6.488094
2017-05-14 02:00:00,2.7146633,7.62104
2017-05-14 02:30:00,3.8361735,7.8838506
2017-05-14 03:00:00,4.2415204,9.561377
2017-05-14 03:30:00,4.49224,9.85857
2017-05-14 04:00:00,4.7429557,9.654212
2017-05-14 04:30:00,4.04925,5.7009306
2017-05-14 05:00:00,5.205897,9.210462
2017-05-14 05:30:00,3.4603825,9.574384
2017-05-14 06:00:00,2.5194767,7.8342485
2017-05-14 06:30:00,-1.22358,4.126928
2017-05-14 07:00:00,-4.966637,2.5107877
2017-05-14 07:30:00,-10.078423,0.93793434
2017-05-14 08:00:00,-14.44652,-10.866388
2017-05-14 08:30:00,-7.211262,-10.628449
2017-05-14 09:00:00,-15.097625,-14.135949
2017-05-14 09:30:00,-16.404928,-17.393358
2017-05-14 10:00:00,-28.05864,-21.34184
2017-05-14 10:30:00,-22.246998,-15.574526
2017-05-14 11:00:00,-19.93638,-10.829202
2017-05-14 11:30:00,-15.587413,-10.576105
2017-05-14 12:00:00,-15.590325,-12.896041
2017-05-14 12:30:00,-18.370209,-12.372672
2017-05-14 13:00:00,-15.14992,-13.559086
2017-05-14 13:30:00,-20.980469,-18.312346
2017-05-14 14:00:00,-21.871012,-19.417965
2017-05-14 14:30:00,-16.52879,-18.417494
2017-05-14 15:00:00,-13.159432,-17.326265
2017-05-14 15:30:00,-14.458005,-16.789717
2017-05-14 16:00:00,-8.711894,-10.473536
2017-05-14 16:30:00,-6.2653527,-9.313494
2017-05-14 17:00:00,-4.088333,-10.517445
2017-05-14 17:30:00,-2.2411306,-3.2465146
2017-05-14 18:00:00,0.3510029,3.287461
2017-05-14 18:30:00,6.289535,5.319118
2017-05-14 19:00:00,3.235195,7.8255672
2017-05-14 19:30:00,1.7543826,9.575989
2017-05-14 20:00:00,2.9882622,10.037882
2017-05-14 20:30:00,5.2196126,11.23866
2017-05-14 21:00:00,7.0374994,11.847103
2017-05-14 21:30:00,3.1735427,8.594475
2017-05-14 22:00:00,2.5899875,8.223812
2017-05-14 22:30:00,2.2940707,8.236548
2017-05-14 23:00:00,0.77308017,7.93094
2017-05-14 23:30:00,0.30902353,7.6958084
2017-05-15 00:00:00,0.81302863,8.172239
2017-05-15 00:30:00,0.40199915,8.168796
2017-05-15 01:00:00,3.1494992,7.9198585
2017-05-15 01:30:00,1.0122168,8.191295
2017-05-15 02:00:00,0.94067365,8.624371
2017-05-15 02:30:00,0.86913425,8.71909
2017-05-15 03:00:00,1.4552028,8.338609
2017-05-15 03:30:00,2.041275,8.495561
2017-05-15 04:00:00,2.6273472,9.093619
2017-05-15 04:30:00,3.2134159,9.1206665
2017-05-15 05:00:00,1.9754517,8.489178
2017-05-15 05:30:00,4.1826677,9.86692
2017-05-15 06:00:00,4.3599715,9.42999
2017-05-15 06:30:00,1.4800829,7.698691
2017-05-15 07:00:00,2.406979,4.7662344
2017-05-15 07:30:00,8.1828575,-0.3409504
2017-05-15 08:00:00,0.34062204,-3.6251428
2017-05-15 08:30:00,-7.5016136,-7.7693534
2017-05-15 09:00:00,-13.991051,-13.855681
2017-05-15 09:30:00,-16.669874,-15.76726
2017-05-15 10:00:00,-11.1119795,-8.824945
2017-05-15 10:30:00,-2.753041,-4.4578013
2017-05-15 11:00:00,-11.923503,-12.615151
2017-05-15 11:30:00,-14.204919,-13.738402
2017-05-15 12:00:00,-15.61284,-14.338789
2017-05-15 12:30:00,-4.6352706,-6.310139
2017-05-15 13:00:00,-3.4915707,-5.039725
2017-05-15 13:30:00,-5.808787,-6.578659
2017-05-15 14:00:00,-14.989901,-6.5705614
2017-05-15 14:30:00,-16.535816,-4.8345757
2017-05-15 15:00:00,-18.081732,0.8975413
2017-05-15 15:30:00,-19.62765,4.52619
2017-05-15 16:00:00,-21.173565,5.4397774
2017-05-15 16:30:00,-24.058054,7.5640903
2017-05-15 17:00:00,-26.942545,7.416196
2017-05-15 17:30:00,-29.827036,8.629581
2017-05-15 18:00:00,-32.711525,8.693574
2017-05-15 18:30:00,-27.234001,8.8788805
2017-05-15 19:00:00,-21.756477,15.375067
2017-05-15 19:30:00,-16.278952,14.109008
2017-05-15 20:00:00,-10.801428,12.377201
2017-05-15 20:30:00,-5.3239045,11.471794
2017-05-15 21:00:00,0.15361956,10.053885
2017-05-15 21:30:00,5.631143,10.525398
2017-05-15 22:00:00,4.7536345,9.440231
2017-05-15 22:30:00,6.241312,8.410661
2017-05-15 23:00:00,5.5846157,8.33238
2017-05-15 23:30:00,4.0603924,8.893956
2017-05-16 00:00:00,3.6430705,7.9260755
2017-05-16 00:30:00,9.707424,6.8667145
2017-05-16 01:00:00,12.372883,6.2621903
2017-05-16 01:30:00,19.093052,6.420865
2017-05-16 02:00:00,10.855096,5.7278037
2017-05-16 02:30:00,35.69819,5.141272
2017-05-16 03:00:00,10.633096,4.2983837
2017-05-16 03:30:00,-1.3539116,4.041243
2017-05-16 04:00:00,3.1852312,4.1646566
2017-05-16 04:30:00,0.25740182,3.681116
2017-05-16 05:00:00,5.4164457,3.2016897
2017-05-16 05:30:00,2.4916048,3.2822762
2017-05-16 06:00:00,9.614471,2.711295
2017-05-16 06:30:00,5.390051,1.5950373
2017-05-16 07:00:00,1.1671574,-1.6575717
2017-05-16 07:30:00,1.1906961,-2.7504675
2017-05-16 08:00:00,-2.4668908,-8.877385
2017-05-16 08:30:00,-4.7747927,-18.159515
2017-05-16 09:00:00,-7.082694,-13.593918
2017-05-16 09:30:00,-13.993119,-20.280025
2017-05-16 10:00:00,-12.197629,-16.99833
2017-05-16 10:30:00,-19.531456,-22.008102
2017-05-16 11:00:00,-19.309717,-22.664244
2017-05-16 11:30:00,-17.33428,-18.214113
2017-05-16 12:00:00,-29.837551,-19.070402
2017-05-16 12:30:00,-28.684946,-19.614443
2017-05-16 13:00:00,-20.020237,-18.410381
2017-05-16 13:30:00,-24.9257,-17.40767
2017-05-16 14:00:00,-19.792772,-14.759837
2017-05-16 14:30:00,-26.802792,-21.78109
2017-05-16 15:00:00,-20.30496,-17.715057
2017-05-16 15:30:00,-10.389565,-12.368795
2017-05-16 16:00:00,-5.20184,-15.078521
2017-05-16 16:30:00,-10.6603155,-13.826344
2017-05-16 17:00:00,-8.513712,-13.944304
2017-05-16 17:30:00,-4.16624,-11.916755
2017-05-16 18:00:00,-0.6677196,-4.715469
2017-05-16 18:30:00,1.1024758,-0.27334857
2017-05-16 19:00:00,2.0109801,0.89967394
2017-05-16 19:30:00,1.8010833,1.7550194
2017-05-16 20:00:00,1.5911864,-0.14103118
2017-05-16 20:30:00,0.7361838,-2.9326205
2017-05-16 21:00:00,2.4294026,-0.05215515
2017-05-16 21:30:00,4.122625,-0.36552912
2017-05-16 22:00:00,2.518448,-1.1254799
2017-05-16 22:30:00,1.7789651,-1.2993735
2017-05-16 23:00:00,2.2281833,-1.9020061
2017-05-16 23:30:00,2.7166905,-2.0981197
2017-05-17 00:00:00,2.012593,0.06824026
2017-05-17 00:30:00,0.97711784,0.9304247
2017-05-17 01:00:00,1.0436872,1.967829
2017-05-17 01:30:00,1.1823161,2.6337643
2017-05-17 02:00:00,0.21069358,1.6019554
2017-05-17 02:30:00,0.15788871,2.310744
2017-05-17 03:00:00,0.105083846,4.345378
2017-05-17 03:30:00,1.0458275,5.39854
2017-05-17 04:00:00,1.2906915,2.8603008
2017-05-17 04:30:00,2.8638954,2.4893138
2017-05-17 05:00:00,3.533836,0.94046265
2017-05-17 05:30:00,3.0416963,1.153016
2017-05-17 06:00:00,3.9185987,-0.8555058
2017-05-17 06:30:00,2.6050973,-9.0559435
2017-05-17 07:00:00,2.2219095,-17.968647
2017-05-17 07:30:00,-6.2445984,-15.171835
2017-05-17 08:00:00,-20.761774,-16.300123
2017-05-17 08:30:00,-20.19973,-17.173872
2017-05-17 09:00:00,-23.14669,-18.082743
2017-05-17 09:30:00,-11.906162,-16.829273
2017-05-17 10:00:00,-23.753002,-16.622684
2017-05-17 10:30:00,-28.017752,-16.119402
2017-05-17 11:00:00,-26.229612,-17.109877
2017-05-17 11:30:00,-30.955965,-17.025307
2017-05-17 12:00:00,-26.154219,-18.317312
2017-05-17 12:30:00,-18.402605,-16.8543
2017-05-17 13:00:00,-20.938587,-15.955186
2017-05-17 13:30:00,-33.07058,-19.146557
2017-05-17 14:00:00,-23.229353,-17.84861
2017-05-17 14:30:00,-24.327717,-16.927355
2017-05-17 15:00:00,-13.731265,-15.035143
2017-05-17 15:30:00,-15.117749,-16.607288
2017-05-17 16:00:00,-10.899298,-12.91022
2017-05-17 16:30:00,-8.990624,-11.048112
2017-05-17 17:00:00,-7.3293443,-7.7267256
2017-05-17 17:30:00,0.0059287036,-4.5404263
2017-05-17 18:00:00,1.1907865,-3.6127348
2017-05-17 18:30:00,4.0058126,-4.442349
2017-05-17 19:00:00,3.9973497,-0.57391125
2017-05-17 19:30:00,4.587137,1.2880954
2017-05-17 20:00:00,2.684685,2.1342168
2017-05-17 20:30:00,6.220151,2.373832
2017-05-17 21:00:00,7.044105,0.024817731
2017-05-17 21:30:00,4.6810775,0.69999963
2017-05-17 22:00:00,4.730273,0.6915141
2017-05-17 22:30:00,3.9031875,-0.22398388
2017-05-17 23:00:00,2.058314,0.2088548
2017-05-17 23:30:00,2.6594017,0.8983476
2017-05-18 00:00:00,2.273377,2.4050424
2017-05-18 00:30:00,3.072692,3.5881255
2017-05-18 01:00:00,3.1317556,3.4448657
2017-05-18 01:30:00,1.3201573,3.3543468
2017-05-18 02:00:00,1.161803,3.4679184
2017-05-18 02:30:00,0.98742336,3.8789065
2017-05-18 03:00:00,0.697916,3.6805246
2017-05-18 03:30:00,1.4695212,4.0257983
2017-05-18 04:00:00,2.2411265,3.883658
2017-05-18 04:30:00,1.7589155,3.422303
2017-05-18 05:00:00,1.2767047,2.4775765
2017-05-18 05:30:00,0.7944938,2.1619833
2017-05-18 06:00:00,3.658248,2.1788187
2017-05-18 06:30:00,-1.6000341,-1.7557094
2017-05-18 07:00:00,-6.85832,-7.0047226
2017-05-18 07:30:00,-14.317142,-12.238912
2017-05-18 08:00:00,-11.969533,-13.405054
2017-05-18 08:30:00,-16.412,-20.44102
2017-05-18 09:00:00,-18.064133,-17.92593
2017-05-18 09:30:00,-14.61249,-20.746052
2017-05-18 10:00:00,-26.064991,-19.69424
2017-05-18 10:30:00,-19.450686,-21.061783
2017-05-18 11:00:00,-21.314894,-24.212893
2017-05-18 11:30:00,-21.557686,-24.612804
2017-05-18 12:00:00,-16.214888,-24.27875
2017-05-18 12:30:00,-17.757526,-22.693348
2017-05-18 13:00:00,-18.286732,-24.770876
2017-05-18 13:30:00,-17.859854,-27.747839
2017-05-18 14:00:00,-13.960055,-20.69037
2017-05-18 14:30:00,-14.080029,-22.04292
2017-05-18 15:00:00,-10.391773,-21.586918
2017-05-18 15:30:00,-8.964463,-19.20189
2017-05-18 16:00:00,-9.125553,-15.9318695
2017-05-18 16:30:00,-6.3150754,-13.759228
2017-05-18 17:00:00,-4.977926,-9.729607
2017-05-18 17:30:00,-1.6864723,-5.349806
2017-05-18 18:00:00,-0.35162893,0.50001264
2017-05-18 18:30:00,1.5341727,4.4299436
2017-05-18 19:00:00,2.717915,5.909309
2017-05-18 19:30:00,6.3364053,6.966861
2017-05-18 20:00:00,6.3068185,7.5974255
2017-05-18 20:30:00,6.557704,8.680303
2017-05-18 21:00:00,5.7717576,9.581576
2017-05-18 21:30:00,6.1697874,9.124147
2017-05-18 22:00:00,3.3936698,8.36515
2017-05-18 22:30:00,2.3864284,8.027571
2017-05-18 23:00:00,2.9496627,7.4838505
2017-05-18 23:30:00,4.113043,7.6279354
2017-05-19 00:00:00,3.1402524,7.795751
2017-05-19 00:30:00,3.3870645,7.2625136
2017-05-19 01:00:00,2.4970834,7.5452046
2017-05-19 01:30:00,3.5364285,6.8611455
2017-05-19 02:00:00,3.4734423,6.4432054
2017-05-19 02:30:00,3.070533,5.380522
2017-05-19 03:00:00,4.7679076,5.224462
2017-05-19 03:30:00,2.6058583,5.072973
2017-05-19 04:00:00,1.7705512,5.7821536
2017-05-19 04:30:00,1.1891248,5.9400635
2017-05-19 05:00:00,1.7130513,5.742036
2017-05-19 05:30:00,1.2848662,6.0414305
2017-05-19 06:00:00,4.403292,3.9711545
2017-05-19 06:30:00,-4.595876,-0.5078995
2017-05-19 07:00:00,-4.9845653,-7.253596
2017-05-19 07:30:00,-5.917068,-14.375418
2017-05-19 08:00:00,-10.939785,-17.261023
2017-05-19 08:30:00,-18.398918,-23.048164
2017-05-19 09:00:00,-18.226763,-21.835762
2017-05-19 09:30:00,-18.125566,-24.027493
2017-05-19 10:00:00,-22.80847,-29.280416
2017-05-19 10:30:00,-26.176506,-26.627235
2017-05-19 11:00:00,-23.92565,-21.636015
2017-05-19 11:30:00,-14.653135,-22.840946
2017-05-19 12:00:00,-18.00051,-28.68026
2017-05-19 12:30:00,-21.274204,-23.858377
2017-05-19 13:00:00,-16.290323,-17.05015
2017-05-19 13:30:00,-10.7976675,-15.538673
2017-05-19 14:00:00,-16.900549,-25.829739
2017-05-19 14:30:00,-18.201624,-22.04803
2017-05-19 15:00:00,-18.229532,-25.611877
2017-05-19 15:30:00,-10.250504,-11.8604
2017-05-19 16:00:00,-9.658252,-13.66976
2017-05-19 16:30:00,-3.1538327,-7.2960386
2017-05-19 17:00:00,0.6049592,-4.110312
2017-05-19 17:30:00,3.535995,1.0937754
2017-05-19 18:00:00,5.0376477,2.7815342
2017-05-19 18:30:00,3.969395,3.2335823
2017-05-19 19:00:00,5.627918,3.7444074
2017-05-19 19:30:00,6.0574517,5.5803165
2017-05-19 20:00:00,6.2912416,6.449845
2017-05-19 20:30:00,4.6518,6.054656
2017-05-19 21:00:00,5.009358,6.3161407
2017-05-19 21:30:00,4.4946404,5.388442
2017-05-19 22:00:00,4.0150332,4.8393264
2017-05-19 22:30:00,5.0326176,3.939771
2017-05-19 23:00:00,6.5501003,2.4971664
2017-05-19 23:30:00,4.6572485,2.510245
2017-05-20 00:00:00,4.3709664,4.1550484
2017-05-20 00:30:00,3.5101805,3.972639
2017-05-20 01:00:00,4.14804,4.365974
2017-05-20 01:30:00,3.746574,4.5004582
2017-05-20 02:00:00,1.0497763,4.016205
2017-05-20 02:30:00,2.3868053,4.1999555
2017-05-20 03:00:00,4.741852,4.351693
2017-05-20 03:30:00,4.682634,4.660429
2017-05-20 04:00:00,3.5782156,4.0550117
2017-05-20 04:30:00,4.5979815,4.223419
2017-05-20 05:00:00,4.026111,3.5997272
2017-05-20 05:30:00,5.399441,4.155708
2017-05-20 06:00:00,5.248464,2.6691005
2017-05-20 06:30:00,3.1902463,1.6570852
2017-05-20 07:00:00,1.132032,-1.5637369
2017-05-20 07:30:00,-3.963318,-11.277384
2017-05-20 08:00:00,-14.748104,-20.442429
2017-05-20 08:30:00,-18.735321,-19.977467
2017-05-20 09:00:00,-18.56263,-20.074938
2017-05-20 09:30:00,-13.009809,-20.00786
2017-05-20 10:00:00,-9.217907,-18.933954
2017-05-20 10:30:00,-9.9775305,-21.211618
2017-05-20 11:00:00,-11.370303,-21.218197
2017-05-20 11:30:00,-9.752934,-20.8028
2017-05-20 12:00:00,-15.965171,-24.02013
2017-05-20 12:30:00,-16.218735,-22.143417
2017-05-20 13:00:00,-13.097046,-23.996828
2017-05-20 13:30:00,-21.280054,-23.755367
2017-05-20 14:00:00,-9.461791,-17.89953
2017-05-20 14:30:00,-14.2904005,-21.4014
2017-05-20 15:00:00,-6.4385076,-16.284418
2017-05-20 15:30:00,-4.489848,-11.892813
2017-05-20 16:00:00,-4.2732553,-11.528744
2017-05-20 16:30:00,-3.131153,-9.028234
2017-05-20 17:00:00,-1.4794655,-3.5399895
2017-05-20 17:30:00,0.23195268,-0.42038003
2017-05-20 18:00:00,2.9360528,2.9753833
2017-05-20 18:30:00,3.79676,5.8421893
2017-05-20 19:00:00,6.122017,8.096027
2017-05-20 19:30:00,4.0854535,8.142265
2017-05-20 20:00:00,4.548361,8.561517
2017-05-20 20:30:00,5.507409,8.161252
2017-05-20 21:00:00,5.1677084,8.114491
2017-05-20 21:30:00,5.4550266,7.961446
2017-05-20 22:00:00,6.21425,7.0968947
2017-05-20 22:30:00,6.364797,6.8838177
2017-05-20 23:00:00,5.757021,6.5630016
2017-05-20 23:30:00,4.269513,6.563126
2017-05-21 00:00:00,5.6268964,6.8563867
2017-05-21 00:30:00,4.6432996,6.3409796
2017-05-21 01:00:00,3.9369714,6.3226743
2017-05-21 01:30:00,4.9915123,6.577603
2017-05-21 02:00:00,6.9766765,6.266388
2017-05-21 02:30:00,4.689461,6.378652
2017-05-21 03:00:00,4.3418665,6.378437
2017-05-21 03:30:00,4.864606,6.877834
2017-05-21 04:00:00,5.024573,7.015276
2017-05-21 04:30:00,6.4676523,6.486922
2017-05-21 05:00:00,7.354649,6.8243394
2017-05-21 05:30:00,6.3532104,6.2690783
2017-05-21 06:00:00,2.887777,4.330506
2017-05-21 06:30:00,-0.23470762,3.124114
2017-05-21 07:00:00,-1.2433394,-1.123577
2017-05-21 07:30:00,-8.4076,-11.50759
2017-05-21 08:00:00,-12.136407,-17.035086
2017-05-21 08:30:00,-11.40738,-21.361107
2017-05-21 09:00:00,-17.671825,-24.481203
2017-05-21 09:30:00,-12.050944,-20.868765
2017-05-21 10:00:00,-21.28467,-23.672188
2017-05-21 10:30:00,-22.85947,-25.287176
2017-05-21 11:00:00,-12.579396,-23.834673
2017-05-21 11:30:00,-19.23011,-21.58987
2017-05-21 12:00:00,-17.270609,-22.696754
2017-05-21 12:30:00,-15.125685,-22.623116
2017-05-21 13:00:00,-12.467065,-18.289185
2017-05-21 13:30:00,-12.243475,-18.708002
2017-05-21 14:00:00,-16.942423,-19.46257
2017-05-21 14:30:00,-10.099304,-17.816196
2017-05-21 15:00:00,-5.5578113,-12.900332
2017-05-21 15:30:00,-2.6234517,-13.675416
2017-05-21 16:00:00,-5.1444454,-11.2866
2017-05-21 16:30:00,-2.2057302,-1.415967
2017-05-21 17:00:00,-2.5398583,-2.1701527
2017-05-21 17:30:00,-0.14253837,1.9143157
2017-05-21 18:00:00,1.8900687,8.265901
2017-05-21 18:30:00,4.935399,10.42321
2017-05-21 19:00:00,6.9312644,10.203946
2017-05-21 19:30:00,5.4770656,9.777968
2017-05-21 20:00:00,6.0962057,10.358808
2017-05-21 20:30:00,5.374564,10.347737
2017-05-21 21:00:00,5.6749687,10.223781
2017-05-21 21:30:00,6.175835,10.272482
2017-05-21 22:00:00,4.522697,9.501804
2017-05-21 22:30:00,6.050142,8.93317
2017-05-21 23:00:00,4.4516773,8.014322
2017-05-21 23:30:00,4.9974017,7.650302
2017-05-22 00:00:00,6.7680078,8.446332
2017-05-22 00:30:00,4.939167,8.03733
2017-05-22 01:00:00,6.444935,8.100044
2017-05-22 01:30:00,5.9519362,7.5752206
2017-05-22 02:00:00,3.208706,7.2014117
2017-05-22 02:30:00,4.6242523,7.214415
2017-05-22 03:00:00,6.650412,7.548502
2017-05-22 03:30:00,4.5126586,7.045122
2017-05-22 04:00:00,5.445211,6.695832
2017-05-22 04:30:00,3.9308822,6.065877
2017-05-22 05:00:00,7.8699884,7.188593
2017-05-22 05:30:00,6.9995594,7.943499
2017-05-22 06:00:00,0.3273662,6.3464017
2017-05-22 06:30:00,2.1949382,5.734752
2017-05-22 07:00:00,-1.9532058,4.655798
2017-05-22 07:30:00,-8.81464,-11.414144
2017-05-22 08:00:00,-8.647239,-11.720871
2017-05-22 08:30:00,-9.449869,-14.900565
2017-05-22 09:00:00,-14.322892,-19.826477
2017-05-22 09:30:00,-15.173874,-21.211693
2017-05-22 10:00:00,-13.225727,-17.731853
2017-05-22 10:30:00,-17.467669,-19.407932
2017-05-22 11:00:00,-14.548286,-18.778648
2017-05-22 11:30:00,-10.657607,-17.72668
2017-05-22 12:00:00,-13.6511345,-18.944023
2017-05-22 12:30:00,-11.875461,-18.772747
2017-05-22 13:00:00,-8.25506,-19.879408
2017-05-22 13:30:00,-15.4725485,-18.357111
2017-05-22 14:00:00,-7.7106137,-17.009388
2017-05-22 14:30:00,-12.293457,-16.631233
2017-05-22 15:00:00,-4.6933246,-14.414511
2017-05-22 15:30:00,-1.3098259,-8.767382
2017-05-22 16:00:00,-2.1647155,-8.481525
2017-05-22 16:30:00,-0.8068533,-6.9301763
2017-05-22 17:00:00,-0.799046,-5.0665116
2017-05-22 17:30:00,-0.185456,-2.801298
2017-05-22 18:00:00,1.4677314,2.5450277
2017-05-22 18:30:00,4.7787895,4.8092804
2017-05-22 19:00:00,5.3197174,6.2310514
2017-05-22 19:30:00,6.8619895,7.898384
2017-05-22 20:00:00,8.028671,8.049659
2017-05-22 20:30:00,4.495801,6.5158715
2017-05-22 21:00:00,4.640986,6.6977267
2017-05-22 21:30:00,4.7084255,6.580474
2017-05-22 22:00:00,5.694009,6.770664
2017-05-22 22:30:00,6.312079,7.085534
2017-05-22 23:00:00,7.567421,6.8716283
2017-05-22 23:30:00,5.0099454,6.9191275
2017-05-23 00:00:00,5.7089224,7.6385984
2017-05-23 00:30:00,4.5404515,7.4539623
2017-05-23 01:00:00,6.7801485,7.6765275
2017-05-23 01:30:00,6.335041,7.81285
2017-05-23 02:00:00,5.7626843,7.3156652
2017-05-23 02:30:00,5.6753983,7.1959257
2017-05-23 03:00:00,5.7972293,7.3504176
2017-05-23 03:30:00,6.0790424,7.327542
2017-05-23 04:00:00,4.346222,6.9418488
2017-05-23 04:30:00,5.2536755,7.259831
2017-05-23 05:00:00,6.4972687,7.42392
2017-05-23 05:30:00,5.952931,6.928804
2017-05-23 06:00:00,4.1334915,4.906506
2017-05-23 06:30:00,3.5281763,2.807055
2017-05-23 07:00:00,1.867973,0.08439371
2017-05-23 07:30:00,2.4869363,-1.8028398
2017-05-23 08:00:00,-0.67425334,-8.931309
2017-05-23 08:30:00,1.8644725,-8.52855
2017-05-23 09:00:00,-0.1960667,-5.6585035
2017-05-23 09:30:00,-1.2820934,-9.982021
2017-05-23 10:00:00,0.6668562,-9.015539
2017-05-23 10:30:00,1.0435102,-9.323426
2017-05-23 11:00:00,1.4201603,-10.848287
2017-05-23 11:30:00,1.7968104,-10.181605
2017-05-23 12:00:00,2.1734605,-7.7625256
2017-05-23 12:30:00,2.5501106,-9.511936
2017-05-23 13:00:00,2.926761,-6.605992
2017-05-23 13:30:00,3.303411,-6.0849104
2017-05-23 14:00:00,3.680061,-2.9206834
2017-05-23 14:30:00,4.0567107,-7.011569
2017-05-23 15:00:00,4.433361,-0.022018615
2017-05-23 15:30:00,4.8100114,-5.041372
2017-05-23 16:00:00,5.1866612,1.3177496
2017-05-23 16:30:00,5.5633116,6.0514116
2017-05-23 17:00:00,-12.746259,3.6565938
2017-05-23 17:30:00,11.304524,5.8567
2017-05-23 18:00:00,23.336529,7.231673
2017-05-23 18:30:00,-28.389275,7.24702
2017-05-23 19:00:00,-8.833073,10.293862
2017-05-23 19:30:00,10.723132,9.58935
2017-05-23 20:00:00,0.053707052,11.249369
2017-05-23 20:30:00,-10.615714,12.269037
2017-05-23 21:00:00,4.562728,10.577024
2017-05-23 21:30:00,-1.480057,13.930345
2017-05-23 22:00:00,-7.522846,5.127794
2017-05-23 22:30:00,-13.565635,9.190461
2017-05-23 23:00:00,-9.750485,12.727882
2017-05-23 23:30:00,-5.935332,7.4551682
2017-05-24 00:00:00,-2.1201813,15.374908
2017-05-24 00:30:00,1.6949687,6.674746
2017-05-24 01:00:00,5.5101185,9.167993
2017-05-24 01:30:00,9.325273,11.929238
2017-05-24 02:00:00,5.7037754,11.848821
2017-05-24 02:30:00,6.993757,9.820645
2017-05-24 03:00:00,10.414359,10.940144
2017-05-24 03:30:00,10.971806,10.253507
2017-05-24 04:00:00,12.039795,8.889269
2017-05-24 04:30:00,8.303732,8.359758
2017-05-24 05:00:00,9.471984,9.202692
2017-05-24 05:30:00,8.647254,8.7134495
2017-05-24 06:00:00,4.457887,8.076102
2017-05-24 06:30:00,0.9169428,7.1810117
2017-05-24 07:00:00,-2.6240017,2.0886614
2017-05-24 07:30:00,3.1157753,5.4444156
2017-05-24 08:00:00,-4.587259,-2.566468
2017-05-24 08:30:00,-3.0342927,-5.349467
2017-05-24 09:00:00,-2.6224794,-5.321734
2017-05-24 09:30:00,-0.874945,-4.523263
2017-05-24 10:00:00,1.2233044,-4.7704444
2017-05-24 10:30:00,-1.9417548,-7.2852583
2017-05-24 11:00:00,-2.467603,-10.73233
2017-05-24 11:30:00,-1.6374769,-8.657129
2017-05-24 12:00:00,-10.510979,-13.715349
2017-05-24 12:30:00,-9.431866,-13.59763
2017-05-24 13:00:00,-10.644965,-12.660228
2017-05-24 13:30:00,-9.790516,-14.0381775
2017-05-24 14:00:00,-9.50417,-13.496477
2017-05-24 14:30:00,-9.049391,-9.572914
2017-05-24 15:00:00,-5.84993,-3.631978
2017-05-24 15:30:00,-8.531316,-7.7516966
2017-05-24 16:00:00,-6.514953,-7.621263
2017-05-24 16:30:00,-4.2494416,-3.3586955
2017-05-24 17:00:00,-2.5341234,-0.3947877
2017-05-24 17:30:00,-0.98349756,1.1166886
2017-05-24 18:00:00,0.5671246,3.4251742
2017-05-24 18:30:00,2.1177506,3.5342467
2017-05-24 19:00:00,4.5354967,4.5674157
2017-05-24 19:30:00,0.8484517,4.275787
2017-05-24 20:00:00,1.0139275,4.5530896
2017-05-24 20:30:00,1.1794034,5.079488
2017-05-24 21:00:00,0.5456244,5.237797
2017-05-24 21:30:00,-0.0881547,5.598233
2017-05-24 22:00:00,-0.7219375,6.343557
2017-05-24 22:30:00,-1.3557165,6.902183
2017-05-24 23:00:00,-0.9759201,5.779335
2017-05-24 23:30:00,-21.310024,5.589224
2017-05-25 00:00:00,-3.2803926,4.858396
2017-05-25 00:30:00,-1.7867616,6.333692
2017-05-25 01:00:00,-0.2931306,7.386628
2017-05-25 01:30:00,1.2005042,7.893022
2017-05-25 02:00:00,5.420813,8.04739
2017-05-25 02:30:00,2.6465566,6.1904664
2017-05-25 03:00:00,-4.3511477,5.8763537
2017-05-25 03:30:00,-1.0355413,4.9256287
2017-05-25 04:00:00,2.280065,5.880231
2017-05-25 04:30:00,5.595671,5.5299683
2017-05-25 05:00:00,16.462107,4.9676685
2017-05-25 05:30:00,6.239209,4.1237965
2017-05-25 06:00:00,-3.9836917,1.7832644
2017-05-25 06:30:00,6.842584,1.0060562
2017-05-25 07:00:00,11.111802,-0.72481245
2017-05-25 07:30:00,3.7103257,-7.8993196
2017-05-25 08:00:00,-3.6911545,-7.9635034
2017-05-25 08:30:00,-9.018135,-9.614109
2017-05-25 09:00:00,-7.01013,-13.637182
2017-05-25 09:30:00,-14.605274,-13.134455
2017-05-25 10:00:00,-16.079153,-13.355353
2017-05-25 10:30:00,-15.131318,-15.597436
2017-05-25 11:00:00,-11.629342,-12.064125
2017-05-25 11:30:00,-7.9746075,-10.241295
2017-05-25 12:00:00,-8.186837,-8.952636
2017-05-25 12:30:00,-5.4335876,-8.411685
2017-05-25 13:00:00,-9.927856,-10.765869
2017-05-25 13:30:00,-5.3671913,-9.925072
2017-05-25 14:00:00,-8.273975,-7.5635448
2017-05-25 14:30:00,-8.434444,-8.099005
2017-05-25 15:00:00,-6.4804945,-8.042726
2017-05-25 15:30:00,-4.133971,-8.297624
2017-05-25 16:00:00,-3.5608418,-5.872945
2017-05-25 16:30:00,-1.3656452,-5.039548
2017-05-25 17:00:00,-0.37650532,-4.2147536
2017-05-25 17:30:00,1.4148247,-2.9257061
2017-05-25 18:00:00,2.8752446,-1.7630231
2017-05-25 18:30:00,2.1749225,-0.25817102
2017-05-25 19:00:00,0.9942246,2.6584258
2017-05-25 19:30:00,1.6942904,0.99295104
2017-05-25 20:00:00,6.6467724,2.7010043
2017-05-25 20:30:00,4.3135386,3.4261878
2017-05-25 21:00:00,4.179586,2.5687208
2017-05-25 21:30:00,5.304276,7.531689
2017-05-25 22:00:00,7.3528934,7.7757015
2017-05-25 22:30:00,6.9327602,7.006033
2017-05-25 23:00:00,3.1118302,8.146708
2017-05-25 23:30:00,4.18263,7.2272
2017-05-26 00:00:00,2.8445015,7.076144
2017-05-26 00:30:00,1.506376,7.1946745
2017-05-26 01:00:00,1.7214465,5.79726
2017-05-26 01:30:00,2.4245305,5.4173236
2017-05-26 02:00:00,0.061665084,5.3773413
2017-05-26 02:30:00,-2.3011966,4.4854198
2017-05-26 03:00:00,1.3981363,5.434193
2017-05-26 03:30:00,7.139262,5.509237
2017-05-26 04:00:00,9.662211,4.9177275
2017-05-26 04:30:00,2.242581,4.604907
2017-05-26 05:00:00,1.3909469,4.76689
2017-05-26 05:30:00,3.4100456,3.8526282
2017-05-26 06:00:00,2.762306,1.4498258
2017-05-26 06:30:00,6.358135,-1.3442241
2017-05-26 07:00:00,0.30513117,-2.0744452
2017-05-26 07:30:00,-1.810598,-3.3012297
2017-05-26 08:00:00,-3.9263272,-5.093163
2017-05-26 08:30:00,-3.638444,-6.24363
2017-05-26 09:00:00,-4.979991,-6.723844
2017-05-26 09:30:00,-8.386899,-7.565956
2017-05-26 10:00:00,-3.238609,-7.805285
2017-05-26 10:30:00,-5.1209106,-9.175378
2017-05-26 11:00:00,-6.9701886,-10.273828
2017-05-26 11:30:00,-4.2224817,-10.03263
2017-05-26 12:00:00,-3.0238667,-9.107802
2017-05-26 12:30:00,-4.433803,-11.33361
2017-05-26 13:00:00,-3.728571,-12.636475
2017-05-26 13:30:00,-4.2452292,-12.390265
2017-05-26 14:00:00,-3.8340223,-11.688089
2017-05-26 14:30:00,-3.8020432,-11.413657
2017-05-26 15:00:00,-4.973559,-12.35664
2017-05-26 15:30:00,-3.3020399,-11.930941
2017-05-26 16:00:00,-2.521968,-9.915716
2017-05-26 16:30:00,-1.9061548,-8.706479
2017-05-26 17:00:00,-0.5072966,-6.031585
2017-05-26 17:30:00,0.3962454,-2.3639038
2017-05-26 18:00:00,1.3761952,1.1915929
2017-05-26 18:30:00,2.3561487,2.6436892
2017-05-26 19:00:00,1.7423514,3.3202841
2017-05-26 19:30:00,1.8830488,2.9021745
2017-05-26 20:00:00,1.0423307,3.634796
2017-05-26 20:30:00,1.26057,3.6027868
2017-05-26 21:00:00,2.3798306,4.041522
2017-05-26 21:30:00,1.3263407,4.184646
2017-05-26 22:00:00,0.9145463,3.7762132
2017-05-26 22:30:00,0.5027557,4.62241
2017-05-26 23:00:00,2.25653,4.7725687
2017-05-26 23:30:00,0.8131228,5.202046
2017-05-27 00:00:00,2.3953586,6.1191
2017-05-27 00:30:00,1.1409358,6.6154075
2017-05-27 01:00:00,2.3365474,6.6412444
2017-05-27 01:30:00,0.88707,6.6741204
2017-05-27 02:00:00,1.3078548,6.470335
2017-05-27 02:30:00,3.0907183,6.300722
2017-05-27 03:00:00,2.1165147,6.2939243
2017-05-27 03:30:00,3.175894,6.4025865
2017-05-27 04:00:00,2.8363626,6.436879
2017-05-27 04:30:00,1.7522838,6.469593
2017-05-27 05:00:00,3.0300834,6.165477
2017-05-27 05:30:00,3.5860493,5.1485705
2017-05-27 06:00:00,2.2966518,4.164819
2017-05-27 06:30:00,-0.33224252,3.155102
2017-05-27 07:00:00,-2.9611368,-1.0182725
2017-05-27 07:30:00,-5.725879,-3.6113594
2017-05-27 08:00:00,-5.688678,-7.988764
2017-05-27 08:30:00,-4.8320475,-8.882788
2017-05-27 09:00:00,-7.8540053,-9.357764
2017-05-27 09:30:00,-7.4654107,-10.460028
2017-05-27 10:00:00,-8.690718,-11.252752
2017-05-27 10:30:00,-7.048488,-11.249448
2017-05-27 11:00:00,-14.806726,-11.7708645
2017-05-27 11:30:00,-18.3257,-11.876015
2017-05-27 12:00:00,2.098285,-11.226923
2017-05-27 12:30:00,-4.0693574,-11.302795
2017-05-27 13:00:00,-1.745385,-10.234007
2017-05-27 13:30:00,-2.1956697,-9.1940365
2017-05-27 14:00:00,-2.838375,-9.278941
2017-05-27 14:30:00,-2.327618,-8.465289
2017-05-27 15:00:00,-2.5329592,-6.6229143
2017-05-27 15:30:00,-4.1734185,-6.0995526
2017-05-27 16:00:00,-0.5978758,-4.400686
2017-05-27 16:30:00,-0.33041504,-1.6564827
2017-05-27 17:00:00,0.5342902,0.9391966
2017-05-27 17:30:00,1.3989991,3.2515557
2017-05-27 18:00:00,1.9529718,4.675444
2017-05-27 18:30:00,1.2826506,5.145545
2017-05-27 19:00:00,1.6261648,5.809253
2017-05-27 19:30:00,1.4487746,6.4481945
2017-05-27 20:00:00,4.517305,5.615438
2017-05-27 20:30:00,7.6969275,6.640698
2017-05-27 21:00:00,2.3166072,6.179249
2017-05-27 21:30:00,3.4770634,5.01082
2017-05-27 22:00:00,4.5702715,5.0689826
2017-05-27 22:30:00,5.2772856,4.660772
2017-05-27 23:00:00,7.272088,4.9031525
2017-05-27 23:30:00,9.2668915,4.797558
2017-05-28 00:00:00,5.120156,5.112386
2017-05-28 00:30:00,3.3833795,4.289329
2017-05-28 01:00:00,1.6466025,4.2095904
2017-05-28 01:30:00,4.279977,4.7938614
2017-05-28 02:00:00,3.562386,4.721429
2017-05-28 02:30:00,4.7861295,5.382767
2017-05-28 03:00:00,5.693873,5.688816
2017-05-28 03:30:00,4.087503,5.710034
2017-05-28 04:00:00,2.9027624,5.2599225
2017-05-28 04:30:00,4.8361464,5.2603335
2017-05-28 05:00:00,6.9579644,5.0087247
2017-05-28 05:30:00,3.0894785,4.615578
2017-05-28 06:00:00,2.7332923,3.5349739
2017-05-28 06:30:00,2.5476274,2.126413
2017-05-28 07:00:00,2.9842455,0.97378314
2017-05-28 07:30:00,0.14666758,-2.8049002
2017-05-28 08:00:00,-6.072615,-4.814779
2017-05-28 08:30:00,-3.2317703,-5.5102777
2017-05-28 09:00:00,-3.4718978,-6.9695406
2017-05-28 09:30:00,-0.30559516,-7.2932014
2017-05-28 10:00:00,1.1202269,-8.040224
2017-05-28 10:30:00,1.1899463,-8.236243
2017-05-28 11:00:00,-4.0478873,-8.220161
2017-05-28 11:30:00,1.201774,-8.917703
2017-05-28 12:00:00,-3.7078996,-9.129807
2017-05-28 12:30:00,-1.0103785,-9.134578
2017-05-28 13:00:00,-0.9985206,-8.570853
2017-05-28 13:30:00,-1.590015,-7.863512
2017-05-28 14:00:00,1.1315722,-7.0394864
2017-05-28 14:30:00,0.37218666,-6.524825
2017-05-28 15:00:00,0.63161784,-5.5206814
2017-05-28 15:30:00,1.1790793,-4.8236
2017-05-28 16:00:00,1.0166442,-3.3585713
2017-05-28 16:30:00,0.85421294,-1.6262671
2017-05-28 17:00:00,2.774292,0.46002272
2017-05-28 17:30:00,2.4244514,1.7575477
2017-05-28 18:00:00,3.1188538,3.606212
2017-05-28 18:30:00,4.127715,3.776394
2017-05-28 19:00:00,3.1017962,3.251047
2017-05-28 19:30:00,2.2742095,2.3581345
2017-05-28 20:00:00,1.7021015,2.6266277
2017-05-28 20:30:00,1.1299934,2.769616
2017-05-28 21:00:00,2.850971,3.1205833
2017-05-28 21:30:00,3.2736814,2.4737144
2017-05-28 22:00:00,2.7899897,2.42051
2017-05-28 22:30:00,1.5992914,2.2583878
2017-05-28 23:00:00,3.0859969,2.3134232
2017-05-28 23:30:00,1.4228733,2.46261
2017-05-29 00:00:00,1.1420888,2.6775672
2017-05-29 00:30:00,2.059825,2.2468877
2017-05-29 01:00:00,1.695157,2.3251793
2017-05-29 01:30:00,2.007593,2.5595381
2017-05-29 02:00:00,1.0430542,2.800329
2017-05-29 02:30:00,3.4255962,3.0079124
2017-05-29 03:00:00,0.40751928,3.3348172
2017-05-29 03:30:00,0.7547036,3.389284
2017-05-29 04:00:00,0.5953809,3.1756077
2017-05-29 04:30:00,0.47093487,3.4038584
2017-05-29 05:00:00,0.34648508,3.7380657
2017-05-29 05:30:00,1.8142488,3.3156495
2017-05-29 06:00:00,4.4797416,2.716913
2017-05-29 06:30:00,5.1032906,1.9610353
2017-05-29 07:00:00,-2.4972498,2.2479842
2017-05-29 07:30:00,-1.0412762,1.0184114
2017-05-29 08:00:00,-1.7651144,-2.1806278
2017-05-29 08:30:00,-2.8962443,-4.2923255
2017-05-29 09:00:00,-4.0273743,-5.347285
2017-05-29 09:30:00,-4.7136226,-5.655689
2017-05-29 10:00:00,-2.9033809,-5.997749
2017-05-29 10:30:00,-4.236898,-6.1453304
2017-05-29 11:00:00,-2.0457482,-6.4640737
2017-05-29 11:30:00,-1.641648,-6.275492
2017-05-29 12:00:00,3.5380788,-5.825475
2017-05-29 12:30:00,-0.1646792,-5.89238
2017-05-29 13:00:00,0.695934,-5.6179523
2017-05-29 13:30:00,-2.753802,-4.8639174
2017-05-29 14:00:00,-0.9847372,-3.8092024
2017-05-29 14:30:00,-5.366438,-2.1720932
2017-05-29 15:00:00,0.15366101,-2.3327572
2017-05-29 15:30:00,1.2663465,-1.0718498
2017-05-29 16:00:00,4.106377,-0.6921212
2017-05-29 16:30:00,2.7611153,2.0859184
2017-05-29 17:00:00,1.4993526,3.410882
2017-05-29 17:30:00,0.101896115,2.3676448
2017-05-29 18:00:00,0.086601764,4.417626
2017-05-29 18:30:00,2.777171,5.2670255
2017-05-29 19:00:00,3.4527333,4.7861447
2017-05-29 19:30:00,2.542507,4.7930512
2017-05-29 20:00:00,2.191287,4.8801374
2017-05-29 20:30:00,2.6970215,4.46745
2017-05-29 21:00:00,3.0738413,4.3683214
2017-05-29 21:30:00,3.280735,4.2844605
2017-05-29 22:00:00,5.96116,4.5268946
2017-05-29 22:30:00,4.2911077,4.2496667
2017-05-29 23:00:00,3.6257038,4.076836
2017-05-29 23:30:00,4.9796166,3.8502016
2017-05-30 00:00:00,4.3365607,3.99952
2017-05-30 00:30:00,4.4428563,3.7772908
2017-05-30 01:00:00,4.511468,3.692827
2017-05-30 01:30:00,3.4664903,3.6374638
2017-05-30 02:00:00,4.27261,3.735609
2017-05-30 02:30:00,3.985567,3.688818
2017-05-30 03:00:00,4.37507,3.5855367
2017-05-30 03:30:00,4.650715,3.4536679
2017-05-30 04:00:00,5.501863,3.4814909
2017-05-30 04:30:00,4.514577,3.1672614
2017-05-30 05:00:00,5.6019564,2.7268038
2017-05-30 05:30:00,5.4969077,2.0986392
2017-05-30 06:00:00,2.79947,1.9656285
2017-05-30 06:30:00,0.8822055,2.2001908
2017-05-30 07:00:00,-1.6258601,1.3147314
2017-05-30 07:30:00,-1.024535,0.6887371
2017-05-30 08:00:00,-2.210022,-1.0077485
2017-05-30 08:30:00,-1.5487365,-1.1413922
2017-05-30 09:00:00,-2.5366592,-3.3170817
2017-05-30 09:30:00,-4.2187214,-2.1908655
2017-05-30 10:00:00,-2.591872,-3.5765316
2017-05-30 10:30:00,-4.9405775,-4.2386465
2017-05-30 11:00:00,-9.939428,-3.9849615
2017-05-30 11:30:00,-6.0489182,-2.4667327
2017-05-30 12:00:00,-0.39397004,-2.6557133
2017-05-30 12:30:00,-0.25966316,-2.4965036
2017-05-30 13:00:00,-1.7938869,-2.676607
2017-05-30 13:30:00,1.006983,-1.90568
2017-05-30 14:00:00,1.9291165,-1.0646679
2017-05-30 14:30:00,1.7485498,-0.55393326
2017-05-30 15:00:00,2.6160057,0.0019421505
2017-05-30 15:30:00,-0.28045127,0.6183281
2017-05-30 16:00:00,3.9925568,0.697769
2017-05-30 16:30:00,5.5590687,2.973371
2017-05-30 17:00:00,14.728054,3.2492194
2017-05-30 17:30:00,5.0579915,3.226777
2017-05-30 18:00:00,4.224617,3.3395274
2017-05-30 18:30:00,4.5785613,3.4420812
2017-05-30 19:00:00,4.7426543,3.1769829
2017-05-30 19:30:00,5.0562844,3.3796039
2017-05-30 20:00:00,2.086657,3.1463566
2017-05-30 20:30:00,3.0586448,3.0515535
2017-05-30 21:00:00,4.0306325,3.0383918
2017-05-30 21:30:00,2.5906544,3.091939
2017-05-30 22:00:00,6.742679,3.2943602
2017-05-30 22:30:00,5.444005,3.2558436
2017-05-30 23:00:00,4.145331,3.133161
2017-05-30 23:30:00,2.532955,3.0995502
2017-05-31 00:00:00,2.2402184,3.0630496
2017-05-31 00:30:00,1.8489484,3.2773175
2017-05-31 01:00:00,2.7814362,3.4400427
2017-05-31 01:30:00,-0.53195447,3.311693
2017-05-31 02:00:00,1.61153,3.444862
2017-05-31 02:30:00,3.7550142,3.2634664
2017-05-31 03:00:00,5.8984947,3.0192277
2017-05-31 03:30:00,-11.811122,3.130983
2017-05-31 04:00:00,-1.762213,3.2160573
2017-05-31 04:30:00,2.8199527,2.9876668
2017-05-31 05:00:00,5.633592,3.2441552
2017-05-31 05:30:00,7.001892,3.236755
2017-05-31 06:00:00,6.9634395,2.9060104
2017-05-31 06:30:00,6.924987,2.6472764
2017-05-31 07:00:00,6.886534,2.346382
2017-05-31 07:30:00,6.8480816,2.162556
2017-05-31 08:00:00,6.8096294,2.0353215
2017-05-31 08:30:00,14.911541,2.3755538
2017-05-31 09:00:00,23.01346,1.9669398
2017-05-31 09:30:00,18.309486,2.3150396
2017-05-31 10:00:00,13.605512,1.9447386
2017-05-31 10:30:00,8.901542,1.757804
2017-05-31 11:00:00,4.3800063,0.5390002
2017-05-31 11:30:00,0.19802931,-0.22434561
2017-05-31 12:00:00,1.1757258,0.028107202
2017-05-31 12:30:00,2.1534185,-0.27952054
2017-05-31 13:00:00,2.230508,-0.7518705
2017-05-31 13:30:00,-0.47907805,-0.56451386
2017-05-31 14:00:00,-3.3706138,-1.4892434
2017-05-31 14:30:00,4.134008,-1.2385691
2017-05-31 15:00:00,3.4907901,-1.5715028
2017-05-31 15:30:00,3.9919991,0.40318605
2017-05-31 16:00:00,2.9916573,1.1679788
2017-05-31 16:30:00,3.3672974,1.6627446
2017-05-31 17:00:00,3.2775812,1.1478953
2017-05-31 17:30:00,5.9954343,2.3068857
2017-05-31 18:00:00,5.1754403,2.9217982
2017-05-31 18:30:00,6.913958,3.299986
2017-05-31 19:00:00,6.565285,3.400426
2017-05-31 19:30:00,-3.6653664,3.3594413
2017-05-31 20:00:00,-13.896018,3.3024426
2017-05-31 20:30:00,4.868826,3.495176
2017-05-31 21:00:00,4.979828,3.4565427
2017-05-31 21:30:00,5.090826,3.498364
2017-05-31 22:00:00,6.7441072,3.7451458
2017-05-31 22:30:00,3.8170621,3.7558055
2017-05-31 23:00:00,3.7148662,3.6535456
2017-05-31 23:30:00,3.8117077,3.3888693
2017-06-01 00:00:00,1.8126172,3.3801239
2017-06-01 00:30:00,1.8470079,3.263131
2017-06-01 01:00:00,1.7486063,3.2530892
2017-06-01 01:30:00,1.3807356,3.0124152
2017-06-01 02:00:00,1.3629807,2.9820864
2017-06-01 02:30:00,0.49881816,2.9333022
2017-06-01 03:00:00,-2.4291015,2.9572139
2017-06-01 03:30:00,-4.6664624,3.0207274
2017-06-01 04:00:00,0.5447728,2.7169542
2017-06-01 04:30:00,-4.2122664,2.6736562
2017-06-01 05:00:00,3.5049882,2.7871108
2017-06-01 05:30:00,3.7017083,2.86353
2017-06-01 06:00:00,3.8984323,2.808321
2017-06-01 06:30:00,4.0951557,2.0179021
2017-06-01 07:00:00,5.308722,0.9391363
2017-06-01 07:30:00,6.5222845,0.49789876
2017-06-01 08:00:00,13.608436,0.61246884
2017-06-01 08:30:00,10.176711,-0.30012402
2017-06-01 09:00:00,6.744985,-0.35152718
2017-06-01 09:30:00,2.1660075,-1.2448994
2017-06-01 10:00:00,2.5202491,-2.9724257
2017-06-01 10:30:00,3.8199635,-2.3510096
2017-06-01 11:00:00,1.1359432,-1.463165
2017-06-01 11:30:00,1.4986818,-2.9837937
2017-06-01 12:00:00,0.76464736,-2.6209044
2017-06-01 12:30:00,1.3978348,-1.748358
2017-06-01 13:00:00,3.7899702,-2.1215868
2017-06-01 13:30:00,-6.573926,-1.6537772
2017-06-01 14:00:00,4.2200804,1.1531893
2017-06-01 14:30:00,3.83681,0.4870205
2017-06-01 15:00:00,3.9930203,1.4135549
2017-06-01 15:30:00,5.9531984,3.347199
2017-06-01 16:00:00,3.7523165,2.1789806
2017-06-01 16:30:00,3.064327,3.3884737
2017-06-01 17:00:00,5.477197,2.975677
2017-06-01 17:30:00,4.184484,5.214537
2017-06-01 18:00:00,6.438258,5.724051
2017-06-01 18:30:00,4.6855764,6.382002
2017-06-01 19:00:00,5.2553673,7.023373
2017-06-01 19:30:00,5.662346,7.004401
2017-06-01 20:00:00,3.986705,7.165827
2017-06-01 20:30:00,5.3116274,6.456548
2017-06-01 21:00:00,5.4044485,6.4402514
2017-06-01 21:30:00,5.5827694,6.3670354
2017-06-01 22:00:00,5.492337,6.430839
2017-06-01 22:30:00,3.8237653,6.317373
2017-06-01 23:00:00,4.234866,6.26964
2017-06-01 23:30:00,4.91275,6.215633
2017-06-02 00:00:00,3.9276304,6.0830255
2017-06-02 00:30:00,2.8279824,6.0604925
2017-06-02 01:00:00,3.7073338,5.9511
2017-06-02 01:30:00,3.9192731,5.8550344
2017-06-02 02:00:00,2.9769583,5.4012117
2017-06-02 02:30:00,2.7014792,4.498883
2017-06-02 03:00:00,2.7543404,4.9274335
2017-06-02 03:30:00,3.6105263,4.5140452
2017-06-02 04:00:00,4.180769,4.1090035
2017-06-02 04:30:00,3.1334548,3.8956478
2017-06-02 05:00:00,4.3657103,3.452447
2017-06-02 05:30:00,3.725477,3.306267
2017-06-02 06:00:00,1.9113164,3.8510005
2017-06-02 06:30:00,4.412283,3.2008307
2017-06-02 07:00:00,2.6186922,3.2077336
2017-06-02 07:30:00,0.82509756,3.0469189
2017-06-02 08:00:00,-0.96849334,2.1815355
2017-06-02 08:30:00,0.4422377,1.9820156
2017-06-02 09:00:00,0.6961374,-0.46123654
2017-06-02 09:30:00,-0.36910874,-1.2118728
2017-06-02 10:00:00,0.099601395,-1.8047426
2017-06-02 10:30:00,2.9422133,-1.9440458
2017-06-02 11:00:00,2.779232,-1.7501101
2017-06-02 11:30:00,1.4856821,-1.3068794
2017-06-02 12:00:00,0.45141658,-1.9962139
2017-06-02 12:30:00,1.8343511,-2.8058083
2017-06-02 13:00:00,2.7021196,-2.5578167
2017-06-02 13:30:00,3.9945726,-2.1337688
2017-06-02 14:00:00,1.3025645,-2.5309772
2017-06-02 14:30:00,-0.069401324,-2.5754962
2017-06-02 15:00:00,1.5359625,-1.5233552
2017-06-02 15:30:00,-0.37560478,-1.1169152
2017-06-02 16:00:00,3.6117961,-0.36566854
2017-06-02 16:30:00,2.7667449,-0.19463108
2017-06-02 17:00:00,3.0216582,1.4926567
2017-06-02 17:30:00,1.2868594,2.2893758
2017-06-02 18:00:00,1.838835,5.134335
2017-06-02 18:30:00,2.637344,5.8817797
2017-06-02 19:00:00,3.4358528,6.14594
2017-06-02 19:30:00,4.1116257,6.3242946
2017-06-02 20:00:00,3.8278537,6.8541822
2017-06-02 20:30:00,4.17546,7.3637185
2017-06-02 21:00:00,5.5657797,7.344762
2017-06-02 21:30:00,5.872409,7.3698907
2017-06-02 22:00:00,4.837333,7.533087
2017-06-02 22:30:00,2.6814673,7.709814
2017-06-02 23:00:00,3.5990639,7.724995
2017-06-02 23:30:00,3.80303,7.5728283
2017-06-03 00:00:00,2.7119203,7.6182437
2017-06-03 00:30:00,2.4318516,7.181253
2017-06-03 01:00:00,2.5341191,6.8249464
2017-06-03 01:30:00,4.15899,6.743561
2017-06-03 02:00:00,4.365077,6.5945516
2017-06-03 02:30:00,4.1780972,6.3994474
2017-06-03 03:00:00,4.8294353,6.31362
2017-06-03 03:30:00,2.1635582,6.241621
2017-06-03 04:00:00,1.8390121,6.1909337
2017-06-03 04:30:00,1.4601954,5.9238005
2017-06-03 05:00:00,6.7814636,5.894327
2017-06-03 05:30:00,6.5628324,5.6015267
2017-06-03 06:00:00,4.177291,4.6306577
2017-06-03 06:30:00,2.0146089,3.8665285
2017-06-03 07:00:00,1.5703682,3.3308082
2017-06-03 07:30:00,1.1261313,2.643045
2017-06-03 08:00:00,-1.6080487,1.481526
2017-06-03 08:30:00,-2.5638268,1.2616515
2017-06-03 09:00:00,-0.16383138,0.068752706
2017-06-03 09:30:00,-1.3906873,-0.027953228
2017-06-03 10:00:00,0.53295255,0.19480766
2017-06-03 10:30:00,0.8792363,-0.3932428
2017-06-03 11:00:00,-3.0092165,-0.8771606
2017-06-03 11:30:00,-0.1077069,-0.19058426
2017-06-03 12:00:00,-0.3801151,-0.36641082
2017-06-03 12:30:00,-0.20475197,-0.5833652
2017-06-03 13:00:00,-1.7673526,-0.37191966
2017-06-03 13:30:00,-0.08469944,-0.06703501
2017-06-03 14:00:00,-0.013600884,0.3750805
2017-06-03 14:30:00,1.1569197,0.7823005
2017-06-03 15:00:00,0.68565863,0.88573235
2017-06-03 15:30:00,-1.1235695,1.8125268
2017-06-03 16:00:00,-0.85998976,1.6115751
2017-06-03 16:30:00,-0.18648466,2.9543576
2017-06-03 17:00:00,0.8036802,3.4324727
2017-06-03 17:30:00,2.6808567,4.1561522
2017-06-03 18:00:00,2.776097,4.478125
2017-06-03 18:30:00,2.8713334,4.310611
2017-06-03 19:00:00,3.384265,4.304141
2017-06-03 19:30:00,5.050425,4.4624085
2017-06-03 20:00:00,4.3070836,4.285855
2017-06-03 20:30:00,3.7950418,4.187627
2017-06-03 21:00:00,2.568687,4.197073
2017-06-03 21:30:00,2.7135744,4.116551
2017-06-03 22:00:00,2.3365097,3.9630497
2017-06-03 22:30:00,4.771389,3.8383665
2017-06-03 23:00:00,2.5273068,3.8859525
2017-06-03 23:30:00,2.2579467,3.7807987
2017-06-04 00:00:00,1.2448951,4.0311074
2017-06-04 00:30:00,2.613417,4.031322
2017-06-04 01:00:00,2.0528014,3.9573486
2017-06-04 01:30:00,2.473085,3.7836814
2017-06-04 02:00:00,1.7709204,3.7896912
2017-06-04 02:30:00,5.3557167,3.8049254
2017-06-04 03:00:00,2.9493198,3.7291884
2017-06-04 03:30:00,3.6991348,3.7156122
2017-06-04 04:00:00,3.9383166,3.6821523
2017-06-04 04:30:00,3.9059985,3.6772351
2017-06-04 05:00:00,3.87368,3.7041876
2017-06-04 05:30:00,3.096291,3.7839148
2017-06-04 06:00:00,4.2090664,3.7260346
2017-06-04 06:30:00,2.256579,3.6042185
2017-06-04 07:00:00,2.9490635,3.375738
2017-06-04 07:30:00,-0.25564647,2.4902143
2017-06-04 08:00:00,-0.7213798,1.9250132
2017-06-04 08:30:00,-1.0012223,1.5417577
2017-06-04 09:00:00,-1.9841224,1.2506112
2017-06-04 09:30:00,-0.048598148,1.2095399
2017-06-04 10:00:00,-0.04418581,0.7898252
2017-06-04 10:30:00,-0.03977347,1.0157512
2017-06-04 11:00:00,-0.035361134,0.62393486
2017-06-04 11:30:00,-0.030948795,0.05819475
2017-06-04 12:00:00,-0.026536457,0.5889037
2017-06-04 12:30:00,-0.02212412,0.26820093
2017-06-04 13:00:00,-0.017708013,0.20671457
2017-06-04 13:30:00,-0.013295676,0.5998196
2017-06-04 14:00:00,-0.0088833375,0.48139486
2017-06-04 14:30:00,-0.004471,1.0930746
2017-06-04 15:00:00,-5.8661877e-05,1.110705
2017-06-04 15:30:00,0.0043536765,2.2329762
2017-06-04 16:00:00,0.008769782,1.670616
2017-06-04 16:30:00,0.01318212,2.1704235
2017-06-04 17:00:00,0.017594459,2.1316657
2017-06-04 17:30:00,0.022006797,2.5520134
2017-06-04 18:00:00,0.026419135,2.7344453
2017-06-04 18:30:00,0.030831471,2.762728
2017-06-04 19:00:00,0.03524758,2.6798697
2017-06-04 19:30:00,0.039659917,2.7360582
2017-06-04 20:00:00,0.044072255,2.795246
2017-06-04 20:30:00,0.04848459,2.843827
2017-06-04 21:00:00,0.052896928,2.929436
2017-06-04 21:30:00,0.057309266,2.9781413
2017-06-04 22:00:00,0.061725374,2.9449677
2017-06-04 22:30:00,0.06613771,3.028904
2017-06-04 23:00:00,0.07055005,3.092798
2017-06-04 23:30:00,0.074962385,3.0169632
2017-06-05 00:00:00,0.07937472,3.0596209
2017-06-05 00:30:00,0.08378706,3.0527706
2017-06-05 01:00:00,0.08820317,3.0445752
2017-06-05 01:30:00,0.09261551,2.9828362
2017-06-05 02:00:00,0.097027846,2.8997593
2017-06-05 02:30:00,0.101440184,2.9209957
2017-06-05 03:00:00,0.10585252,2.9041038
2017-06-05 03:30:00,0.11026486,2.9668224
2017-06-05 04:00:00,0.11468097,3.014597
2017-06-05 04:30:00,0.11909331,3.11515
2017-06-05 05:00:00,0.12350564,3.1452186
2017-06-05 05:30:00,0.12791798,3.0311346
2017-06-05 06:00:00,0.13233031,2.8964472
2017-06-05 06:30:00,0.13674265,2.862686
2017-06-05 07:00:00,0.14115876,2.4973397
2017-06-05 07:30:00,0.1455711,2.3416758
2017-06-05 08:00:00,0.14998344,2.17045
2017-06-05 08:30:00,0.15439577,2.0304608
2017-06-05 09:00:00,0.15880811,1.8707161
2017-06-05 09:30:00,0.16322045,2.0291646
2017-06-05 10:00:00,0.16763654,1.5954857
2017-06-05 10:30:00,0.17204888,1.8079374
2017-06-05 11:00:00,0.17646122,1.9635937
2017-06-05 11:30:00,0.18087356,1.8538581
2017-06-05 12:00:00,0.1852859,2.3630178
2017-06-05 12:30:00,0.18969823,1.703085
2017-06-05 13:00:00,0.18969823,2.6759508
2017-06-05 13:30:00,0.18969823,2.5704277
2017-06-05 14:00:00,0.18969823,2.531395
2017-06-05 14:30:00,0.18969823,2.7934825
2017-06-05 15:00:00,0.18969823,2.7548907
2017-06-05 15:30:00,0.18969823,3.003862
2017-06-05 16:00:00,0.18969823,2.841668
2017-06-05 16:30:00,0.18969823,2.8754933
2017-06-05 17:00:00,0.18969823,2.5670893
2017-06-05 17:30:00,0.18969823,2.909168
2017-06-05 18:00:00,0.18969823,2.96715
2017-06-05 18:30:00,0.18969823,2.9439654
2017-06-05 19:00:00,0.18969823,2.8971894
2017-06-05 19:30:00,0.18969823,2.9492407
2017-06-05 20:00:00,0.18969823,2.8382466
2017-06-05 20:30:00,0.18969823,2.7705052
2017-06-05 21:00:00,0.18969823,2.4605753
2017-06-05 21:30:00,0.18969823,2.286531
2017-06-05 22:00:00,0.18969823,2.2001193
2017-06-05 22:30:00,0.18969823,2.1696587
2017-06-05 23:00:00,0.18969823,2.0954213
2017-06-05 23:30:00,0.18969823,1.9207478
2017-06-06 00:00:00,0.18969823,1.955583
2017-06-06 00:30:00,0.18969823,2.025879
2017-06-06 01:00:00,0.18969823,1.9747132
2017-06-06 01:30:00,0.18969823,1.9747019
2017-06-06 02:00:00,0.18969823,1.570063
2017-06-06 02:30:00,0.18969823,1.6348237
2017-06-06 03:00:00,0.18969823,1.4268975
2017-06-06 03:30:00,0.18969823,1.329826
2017-06-06 04:00:00,0.18969823,1.2280371
2017-06-06 04:30:00,0.18969823,1.0407859
2017-06-06 05:00:00,0.18969823,0.8538211
2017-06-06 05:30:00,0.18969823,0.6774971
2017-06-06 06:00:00,0.18969823,0.56752026
2017-06-06 06:30:00,0.18969823,0.3526985
2017-06-06 07:00:00,0.18969823,0.28744793
2017-06-06 07:30:00,0.18969823,0.21339148
2017-06-06 08:00:00,0.18969823,0.1844381
2017-06-06 08:30:00,0.18969823,0.13135439
2017-06-06 09:00:00,0.18969823,0.14423345
2017-06-06 09:30:00,0.18969823,-0.076289244
2017-06-06 10:00:00,0.18969823,0.018547764
2017-06-06 10:30:00,0.18969823,0.18385406
2017-06-06 11:00:00,0.18969823,0.07359083
2017-06-06 11:30:00,0.18969823,0.17308132
2017-06-06 12:00:00,0.18969823,0.07408444
2017-06-06 12:30:00,0.18969823,0.10398359
2017-06-06 13:00:00,0.18969823,-0.056058805
2017-06-06 13:30:00,0.18969823,0.077822305
2017-06-06 14:00:00,0.18969823,0.1371609
2017-06-06 14:30:00,0.18969823,0.060583666
2017-06-06 15:00:00,0.18969823,-0.6454394
2017-06-06 15:30:00,0.18969823,-0.12430875
2017-06-06 16:00:00,0.18969823,0.030812632
2017-06-06 16:30:00,0.18969823,-0.054103207
2017-06-06 17:00:00,0.18969823,0.037971847
2017-06-06 17:30:00,0.18969823,0.16118571
2017-06-06 18:00:00,0.18969823,0.15916984
2017-06-06 18:30:00,0.18969823,0.15444098
2017-06-06 19:00:00,0.18969823,0.16788147
2017-06-06 19:30:00,0.18969823,0.16570733
2017-06-06 20:00:00,0.18969823,0.1782548
2017-06-06 20:30:00,0.18969823,0.17398188
2017-06-06 21:00:00,0.18969823,0.19833829
2017-06-06 21:30:00,0.18969823,0.18981881
2017-06-06 22:00:00,0.18969823,0.2107501
2017-06-06 22:30:00,0.18969823,0.21368161
2017-06-06 23:00:00,0.18969823,0.19803308
2017-06-06 23:30:00,0.18969823,0.1882664
2017-06-07 00:00:00,0.18969823,0.22589374
2017-06-07 00:30:00,0.18969823,0.21229498
2017-06-07 01:00:00,0.18969823,0.18503344
2017-06-07 01:30:00,0.18969823,0.1544862
2017-06-07 02:00:00,0.18969823,0.15455402
2017-06-07 02:30:00,0.18969823,0.1072919
2017-06-07 03:00:00,0.18969823,0.095678896
2017-06-07 03:30:00,0.18969823,0.082358986
2017-06-07 04:00:00,0.18969823,0.05195493
2017-06-07 04:30:00,0.18969823,0.03340879
2017-06-07 05:00:00,0.18969823,0.007047802
2017-06-07 05:30:00,0.18969823,-0.008393496
2017-06-07 06:00:00,0.18969823,-0.031182412
2017-06-07 06:30:00,0.18969823,-0.09131983
2017-06-07 07:00:00,0.18969823,-0.1011694
2017-06-07 07:30:00,0.18969823,-0.098113544
2017-06-07 08:00:00,0.18969823,-0.08252153
2017-06-07 08:30:00,0.18969823,-0.1233479
2017-06-07 09:00:00,0.18969823,-0.062325
2017-06-07 09:30:00,0.18969823,-0.08487653
2017-06-07 10:00:00,0.18969823,-0.03926479
2017-06-07 10:30:00,0.18969823,-0.039068855
2017-06-07 11:00:00,0.18969823,-0.041977756
2017-06-07 11:30:00,0.18969823,-0.038940743
2017-06-07 12:00:00,0.18969823,-0.03803265
2017-06-07 12:30:00,0.18969823,-0.032595415
2017-06-07 13:00:00,0.18969823,-0.025684888
2017-06-07 13:30:00,0.18969823,-0.019976355
2017-06-07 14:00:00,0.18969823,-0.0008951598
2017-06-07 14:30:00,0.18969823,-0.00891725
2017-06-07 15:00:00,0.18969823,0.0041728118
2017-06-07 15:30:00,0.18969823,-0.0067657167
2017-06-07 16:00:00,0.18969823,-0.024264349
2017-06-07 16:30:00,0.18969823,0.0019949027
2017-06-07 17:00:00,0.18969823,0.012104469
2017-06-07 17:30:00,0.18969823,0.025993349
2017-06-07 18:00:00,0.18969823,0.040002804
2017-06-07 18:30:00,0.18969823,0.041558992
2017-06-07 19:00:00,0.18969823,0.07974022
2017-06-07 19:30:00,0.18969823,0.0832407
2017-06-07 20:00:00,0.18969823,0.04974311
2017-06-07 20:30:00,0.18969823,0.060003392
2017-06-07 21:00:00,0.18969823,0.088625185
2017-06-07 21:30:00,0.18969823,0.09158307
2017-06-07 22:00:00,0.18969823,0.08709537
2017-06-07 22:30:00,0.18969823,0.08019992
2017-06-07 23:00:00,0.18969823,0.07924661
2017-06-07 23:30:00,0.18969823,0.07734377
2017-06-08 00:00:00,0.18969823,0.07589309
2017-06-08 00:30:00,0.18969823,0.07643191
2017-06-08 01:00:00,0.18969823,0.081624225
2017-06-08 01:30:00,0.18969823,0.08131148
2017-06-08 02:00:00,0.18969823,0.08006804
2017-06-08 02:30:00,0.18969823,0.0750076
2017-06-08 03:00:00,0.18969823,0.07594584
2017-06-08 03:30:00,0.18969823,0.08171466
2017-06-08 04:00:00,0.18969823,0.08174857
2017-06-08 04:30:00,0.18969823,0.085663535
2017-06-08 05:00:00,0.18969823,0.086277716
2017-06-08 05:30:00,0.18969823,0.08427314
2017-06-08 06:00:00,0.18969823,0.08188045
2017-06-08 06:30:00,0.18969823,0.08664321
2017-06-08 07:00:00,0.18969823,0.05128799
2017-06-08 07:30:00,0.18969823,0.04267432
2017-06-08 08:00:00,0.18969823,0.041080456
2017-06-08 08:30:00,0.18969823,0.061778124
2017-06-08 09:00:00,0.18969823,0.030959584
2017-06-08 09:30:00,0.18969823,0.07221551
2017-06-08 10:00:00,0.18969823,0.028992685
2017-06-08 10:30:00,0.18969823,0.05282157
2017-06-08 11:00:00,0.18969823,0.07646205
2017-06-08 11:30:00,0.18969823,0.083203025
2017-06-08 12:00:00,0.18969823,0.031321313
2017-06-08 12:30:00,0.18969823,0.10619164
2017-06-08 13:00:00,0.18969823,0.10963184
2017-06-08 13:30:00,0.18969823,0.06319866
2017-06-08 14:00:00,0.18969823,0.063767634
2017-06-08 14:30:00,0.18969823,0.060813516
2017-06-08 15:00:00,0.18969823,0.076364085
2017-06-08 15:30:00,0.18969823,0.04629915
2017-06-08 16:00:00,0.18969823,0.056156255
2017-06-08 16:30:00,0.18969823,0.073229104
2017-06-08 17:00:00,0.18969823,0.07986457
2017-06-08 17:30:00,0.18969823,0.08697103
2017-06-08 18:00:00,0.18969823,0.079103425
2017-06-08 18:30:00,0.18969823,0.081857845
2017-06-08 19:00:00,0.18969823,0.08130772
2017-06-08 19:30:00,0.18969823,0.08115699
2017-06-08 20:00:00,0.18969823,0.079721384
2017-06-08 20:30:00,0.18969823,0.07572353
2017-06-08 21:00:00,0.18969823,0.069140814
2017-06-08 21:30:00,0.18969823,0.07346272
2017-06-08 22:00:00,0.18969823,0.06527107
2017-06-08 22:30:00,0.18969823,0.06849649
2017-06-08 23:00:00,0.18969823,0.06699305
2017-06-08 23:30:00,0.18969823,0.058337934
2017-06-09 00:00:00,0.18969823,0.062765345
2017-06-09 00:30:00,0.18969823,0.06239231
2017-06-09 01:00:00,0.18969823,0.0692727
2017-06-09 01:30:00,0.18969823,0.061495524
2017-06-09 02:00:00,0.18969823,0.07870025
2017-06-09 02:30:00,0.18969823,0.07140916
2017-06-09 03:00:00,0.18969823,0.075199775
2017-06-09 03:30:00,0.18969823,0.081062794
2017-06-09 04:00:00,0.18969823,0.08357605
2017-06-09 04:30:00,0.18969823,0.083591126
2017-06-09 05:00:00,0.18969823,0.083078675
2017-06-09 05:30:00,0.18969823,0.06849272
2017-06-09 06:00:00,0.18969823,0.07773941
2017-06-09 06:30:00,0.18969823,0.0685417
2017-06-09 07:00:00,0.18969823,0.06432153
2017-06-09 07:30:00,0.18969823,0.041645657
2017-06-09 08:00:00,0.18969823,0.054404132
2017-06-09 08:30:00,0.18969823,0.034478903
2017-06-09 09:00:00,0.18969823,0.048778497
2017-06-09 09:30:00,0.18969823,0.052452303
2017-06-09 10:00:00,0.18969823,0.024147024
2017-06-09 10:30:00,0.18969823,0.005981456
2017-06-09 11:00:00,0.18969823,0.024399482
2017-06-09 11:30:00,0.18969823,0.018559068
2017-06-09 12:00:00,0.18969823,0.0035699303
2017-06-09 12:30:00,0.18969823,0.03304329
2017-06-09 13:00:00,0.18969823,0.03170188
2017-06-09 13:30:00,0.18969823,0.028687475
2017-06-09 14:00:00,0.18969823,0.015149021
2017-06-09 14:30:00,0.18969823,0.02625334
2017-06-09 15:00:00,0.18969823,0.025654228
2017-06-09 15:30:00,0.18969823,0.0071457704
2017-06-09 16:00:00,0.18969823,0.035439745
2017-06-09 16:30:00,0.18969823,0.05195493
2017-06-09 17:00:00,0.18969823,0.049705427
2017-06-09 17:30:00,0.18969823,0.039546877
2017-06-09 18:00:00,0.18969823,0.033416327
2017-06-09 18:30:00,0.18969823,0.037617654
2017-06-09 19:00:00,0.18969823,0.027349832
2017-06-09 19:30:00,0.18969823,0.0014372376
2017-06-09 20:00:00,0.18969823,0.025303803
2017-06-09 20:30:00,0.18969823,0.021528259
2017-06-09 21:00:00,0.18969823,0.019534983
2017-06-09 21:30:00,0.18969823,0.021905059
2017-06-09 22:00:00,0.18969823,0.024813963
2017-06-09 22:30:00,0.18969823,0.029041668
2017-06-09 23:00:00,0.18969823,0.03136653
2017-06-09 23:30:00,0.18969823,0.071552336
2017-06-10 00:00:00,0.18969823,0.074404724
2017-06-10 00:30:00,0.18969823,0.07431052
2017-06-10 01:00:00,0.18969823,0.060112666
2017-06-10 01:30:00,0.18969823,0.03899298
2017-06-10 02:00:00,0.18969823,0.028382266
2017-06-10 02:30:00,0.18969823,0.0607683
2017-06-10 03:00:00,0.18969823,0.063545324
2017-06-10 03:30:00,0.18969823,0.07167292
2017-06-10 04:00:00,0.18969823,0.09208045
2017-06-10 04:30:00,0.18969823,0.07078744
2017-06-10 05:00:00,0.18969823,0.08524528
2017-06-10 05:30:00,0.18969823,0.07203841
2017-06-10 06:00:00,0.18969823,0.07600613
2017-06-10 06:30:00,0.18969823,0.077716805
2017-06-10 07:00:00,0.18969823,0.05675537
2017-06-10 07:30:00,0.18969823,0.066669
2017-06-10 08:00:00,0.18969823,0.070372954
2017-06-10 08:30:00,0.18969823,0.07990602
2017-06-10 09:00:00,0.18969823,0.08340649
2017-06-10 09:30:00,0.18969823,0.07058773
2017-06-10 10:00:00,0.18969823,0.07959327
2017-06-10 10:30:00,0.18969823,0.075964674
2017-06-10 11:00:00,0.18969823,0.06812722
2017-06-10 11:30:00,0.18969823,0.08182393
2017-06-10 12:00:00,0.18969823,0.0962441
2017-06-10 12:30:00,0.18969823,0.093768515
2017-06-10 13:00:00,0.18969823,0.10461661
2017-06-10 13:30:00,0.18969823,0.1014854
2017-06-10 14:00:00,0.18969823,0.10369722
2017-06-10 14:30:00,0.18969823,0.11389722
2017-06-10 15:00:00,0.18969823,0.103011444
2017-06-10 15:30:00,0.18969823,0.108897075
2017-06-10 16:00:00,0.18969823,0.10131207
2017-06-10 16:30:00,0.18969823,0.10314332
2017-06-10 17:00:00,0.18969823,0.096010484
2017-06-10 17:30:00,0.18969823,0.09448067
2017-06-10 18:00:00,0.18969823,0.11372766
2017-06-10 18:30:00,0.18969823,0.10472589
2017-06-10 19:00:00,0.18969823,0.10679076
2017-06-10 19:30:00,0.18969823,0.1077629
2017-06-10 20:00:00,0.18969823,0.10092773
2017-06-10 20:30:00,0.18969823,0.10221262
2017-06-10 21:00:00,0.18969823,0.10507631
2017-06-10 21:30:00,0.18969823,0.10540036
2017-06-10 22:00:00,0.18969823,0.0981281
2017-06-10 22:30:00,0.18969823,0.0924987
2017-06-10 23:00:00,0.18969823,0.09520036
2017-06-10 23:30:00,0.18969823,0.090919904
2017-06-11 00:00:00,0.18969823,0.09327491
2017-06-11 00:30:00,0.18969823,0.09323723
2017-06-11 01:00:00,0.18969823,0.10124048
2017-06-11 01:30:00,0.18969823,0.102954924
2017-06-11 02:00:00,0.18969823,0.07872663
2017-06-11 02:30:00,0.18969823,0.07654872
2017-06-11 03:00:00,0.18969823,0.085712515
2017-06-11 03:30:00,0.18969823,0.091308005
2017-06-11 04:00:00,0.18969823,0.09209929
2017-06-11 04:30:00,0.18969823,0.09706929
2017-06-11 05:00:00,0.18969823,0.09824114
2017-06-11 05:30:00,0.18969823,0.10561137
2017-06-11 06:00:00,0.18969823,0.09099527
2017-06-11 06:30:00,0.18969823,0.07721943
2017-06-11 07:00:00,0.18969823,0.07601743
2017-06-11 07:30:00,0.18969823,0.09112337
2017-06-11 08:00:00,0.18969823,0.06599829
2017-06-11 08:30:00,0.18969823,0.06317606
2017-06-11 09:00:00,0.18969823,0.06515803
2017-06-11 09:30:00,0.18969823,0.033774287
2017-06-11 10:00:00,0.18969823,0.058036495
2017-06-11 10:30:00,0.18969823,0.019602807
2017-06-11 11:00:00,0.18969823,0.039268043
2017-06-11 11:30:00,0.18969823,0.052000143
2017-06-11 12:00:00,0.18969823,0.041445952
2017-06-11 12:30:00,0.18969823,0.0556212
2017-06-11 13:00:00,0.18969823,0.053492274
2017-06-11 13:30:00,0.18969823,0.045828145
2017-06-11 14:00:00,0.18969823,0.052874323
2017-06-11 14:30:00,0.18969823,0.043966748
2017-06-11 15:00:00,0.18969823,0.08012456
2017-06-11 15:30:00,0.18969823,0.09451835
2017-06-11 16:00:00,0.18969823,0.103124484
2017-06-11 16:30:00,0.18969823,0.11560036
2017-06-11 17:00:00,0.18969823,0.10242363
2017-06-11 17:30:00,0.18969823,0.09890055
2017-06-11 18:00:00,0.18969823,0.13354361
2017-06-11 18:30:00,0.18969823,0.10344853
2017-06-11 19:00:00,0.18969823,0.08899445
2017-06-11 19:30:00,0.18969823,0.09819216
2017-06-11 20:00:00,0.18969823,0.122944206
2017-06-11 20:30:00,0.18969823,0.12771073
2017-06-11 21:00:00,0.18969823,0.12525776
2017-06-11 21:30:00,0.18969823,0.12991124
2017-06-11 22:00:00,0.18969823,0.1078458
2017-06-11 22:30:00,0.18969823,0.11512559
2017-06-11 23:00:00,0.18969823,0.10910808
2017-06-11 23:30:00,0.18969823,0.15089905
2017-06-12 00:00:00,0.18969823,0.15311088
2017-06-12 00:30:00,0.18969823,0.16528155
2017-06-12 01:00:00,0.18969823,0.16799451
2017-06-12 01:30:00,0.18969823,0.15903042
2017-06-12 02:00:00,0.18969823,0.16797191
2017-06-12 02:30:00,0.18969823,0.14191613
2017-06-12 03:00:00,0.18969823,0.13778262
2017-06-12 03:30:00,0.18969823,0.13920316
2017-06-12 04:00:00,0.18969823,0.1295646
2017-06-12 04:30:00,0.18969823,0.09705422
2017-06-12 05:00:00,0.18969823,0.10300014
2017-06-12 05:30:00,0.18969823,0.11060398
2017-06-12 06:00:00,0.18969823,0.14563137
2017-06-12 06:30:00,0.18969823,0.106813364
2017-06-12 07:00:00,0.18969823,0.15708989
2017-06-12 07:30:00,0.18969823,0.15972373
2017-06-12 08:00:00,0.18969823,0.1564531
2017-06-12 08:30:00,0.18969823,0.14219119
2017-06-12 09:00:00,0.18969823,0.15405665
2017-06-12 09:30:00,0.18969823,0.15294886
2017-06-12 10:00:00,0.18969823,0.14209698
2017-06-12 10:30:00,0.18969823,0.11142164
2017-06-12 11:00:00,0.18969823,0.15315986
2017-06-12 11:30:00,0.18969823,0.12390504
2017-06-12 12:00:00,0.18969823,0.08038455
2017-06-12 12:30:00,0.18969823,0.13457604
2017-06-12 13:00:00,0.18969823,0.14432012
2017-06-12 13:30:00,0.18969823,0.1368783
2017-06-12 14:00:00,0.18969823,0.12358099
2017-06-12 14:30:00,0.18969823,0.122156695
2017-06-12 15:00:00,0.18969823,0.12156888
2017-06-12 15:30:00,0.18969823,0.12219061
2017-06-12 16:00:00,0.18969823,0.14071412
2017-06-12 16:30:00,0.18969823,0.1602927
2017-06-12 17:00:00,0.18969823,0.1583371
2017-06-12 17:30:00,0.18969823,0.17114833
2017-06-12 18:00:00,0.18969823,0.18416303
2017-06-12 18:30:00,0.18969823,0.20010547
2017-06-12 19:00:00,0.18969823,0.19200426
2017-06-12 19:30:00,0.18969823,0.1905046
2017-06-12 20:00:00,0.18969823,0.1855685
2017-06-12 20:30:00,0.18969823,0.18100168
2017-06-12 21:00:00,0.18969823,0.17608443
2017-06-12 21:30:00,0.18969823,0.16056399
2017-06-12 22:00:00,0.18969823,0.1678664
2017-06-12 22:30:00,0.18969823,0.16266654
2017-06-12 23:00:00,0.18969823,0.15945621
2017-06-12 23:30:00,0.18969823,0.15431663
2017-06-13 00:00:00,0.18969823,0.14160338
2017-06-13 00:30:00,0.18969823,0.14892085
2017-06-13 01:00:00,0.18969823,0.13423315
2017-06-13 01:30:00,0.18969823,0.12982458
2017-06-13 02:00:00,0.18969823,0.13146743
2017-06-13 02:30:00,0.18969823,0.1424248
2017-06-13 03:00:00,0.18969823,0.14676932
2017-06-13 03:30:00,0.18969823,0.14649048
2017-06-13 04:00:00,0.18969823,0.14791857
2017-06-13 04:30:00,0.18969823,0.1539097
2017-06-13 05:00:00,0.18969823,0.15885709
2017-06-13 05:30:00,0.18969823,0.1585368
2017-06-13 06:00:00,0.18969823,0.13741712
2017-06-13 06:30:00,0.18969823,0.13501313
2017-06-13 07:00:00,0.18969823,0.11844897
2017-06-13 07:30:00,0.18969823,0.07957066
2017-06-13 08:00:00,0.18969823,0.08093468
2017-06-13 08:30:00,0.18969823,0.0892243
2017-06-13 09:00:00,0.18969823,0.09252884
2017-06-13 09:30:00,0.18969823,0.06118655
2017-06-13 10:00:00,0.18969823,0.08187292
2017-06-13 10:30:00,0.18969823,0.12129382
2017-06-13 11:00:00,0.18969823,0.1284342
2017-06-13 11:30:00,0.18969823,0.119357064
2017-06-13 12:00:00,0.18969823,0.12580788
2017-06-13 12:30:00,0.18969823,0.118015654
2017-06-13 13:00:00,0.18969823,0.13729654
2017-06-13 13:30:00,0.18969823,0.12342651
2017-06-13 14:00:00,0.18969823,0.10727683
2017-06-13 14:30:00,0.18969823,0.101006866
2017-06-13 15:00:00,0.18969823,0.098757364
2017-06-13 15:30:00,0.18969823,0.08788289
2017-06-13 16:00:00,0.18969823,0.093056366
2017-06-13 16:30:00,0.18969823,0.097020306
2017-06-13 17:00:00,0.18969823,0.095969036
2017-06-13 17:30:00,0.18969823,0.09619512
2017-06-13 18:00:00,0.18969823,0.09894953
2017-06-13 18:30:00,0.18969823,0.09899852
2017-06-13 19:00:00,0.18969823,0.0969864
2017-06-13 19:30:00,0.18969823,0.100773245
2017-06-13 20:00:00,0.18969823,0.10280044
2017-06-13 20:30:00,0.18969823,0.088056214
2017-06-13 21:00:00,0.18969823,0.090362236
2017-06-13 21:30:00,0.18969823,0.094454296
2017-06-13 22:00:00,0.18969823,0.08901329
2017-06-13 22:30:00,0.18969823,0.08374938
2017-06-13 23:00:00,0.18969823,0.08038078
2017-06-13 23:30:00,0.18969823,0.087117985
2017-06-14 00:00:00,0.18969823,0.09385895
2017-06-14 00:30:00,0.18969823,0.11302681
2017-06-14 01:00:00,0.18969823,0.09127033
2017-06-14 01:30:00,0.18969823,0.10011385
2017-06-14 02:00:00,0.18969823,0.09938285
2017-06-14 02:30:00,0.18969823,0.11541573
2017-06-14 03:00:00,0.18969823,0.119748935
2017-06-14 03:30:00,0.18969823,0.120868035
2017-06-14 04:00:00,0.18969823,0.116467
2017-06-14 04:30:00,0.18969823,0.12007675
2017-06-14 05:00:00,0.18969823,0.115491085
2017-06-14 05:30:00,0.18969823,0.08959733
2017-06-14 06:00:00,0.18969823,0.12575513
2017-06-14 06:30:00,0.18969823,0.11138772
2017-06-14 07:00:00,0.18969823,0.082249716
2017-06-14 07:30:00,0.18969823,0.08521891
2017-06-14 08:00:00,0.18969823,0.075651936
2017-06-14 08:30:00,0.18969823,0.06687247
2017-06-14 09:00:00,0.18969823,0.06905038
2017-06-14 09:30:00,0.18969823,0.108117096
2017-06-14 10:00:00,0.18969823,0.08450675
2017-06-14 10:30:00,0.18969823,0.08929966
2017-06-14 11:00:00,0.18969823,0.056615952
2017-06-14 11:30:00,0.18969823,0.094834864
2017-06-14 12:00:00,0.18969823,0.112521894
2017-06-14 12:30:00,0.18969823,0.07297665
2017-06-14 13:00:00,0.18969823,0.07154857
2017-06-14 13:30:00,0.18969823,0.096571915
2017-06-14 14:00:00,0.18969823,0.09771739
2017-06-14 14:30:00,0.18969823,0.09638728
2017-06-14 15:00:00,0.18969823,0.08712552
2017-06-14 15:30:00,0.18969823,0.10045297
2017-06-14 16:00:00,0.18969823,0.09301492
2017-06-14 16:30:00,0.18969823,0.10086744
2017-06-14 17:00:00,0.18969823,0.112525664
2017-06-14 17:30:00,0.18969823,0.1151482
2017-06-14 18:00:00,0.18969823,0.10918721
2017-06-14 18:30:00,0.18969823,0.10908171
2017-06-14 19:00:00,0.18969823,0.11019704
2017-06-14 19:30:00,0.18969823,0.1155363
2017-06-14 20:00:00,0.18969823,0.11546094
2017-06-14 20:30:00,0.18969823,0.116003536
2017-06-14 21:00:00,0.18969823,0.10601078
2017-06-14 21:30:00,0.18969823,0.11262363
2017-06-14 22:00:00,0.18969823,0.10970719
2017-06-14 22:30:00,0.18969823,0.1109318
2017-06-14 23:00:00,0.18969823,0.11045326
2017-06-14 23:30:00,0.18969823,0.10823767
2017-06-15 00:00:00,0.18969823,0.11278189
2017-06-15 00:30:00,0.18969823,0.098312736
2017-06-15 01:00:00,0.18969823,0.10568673
2017-06-15 01:30:00,0.18969823,0.10814347
2017-06-15 02:00:00,0.18969823,0.122947976
2017-06-15 02:30:00,0.18969823,0.1258418
2017-06-15 03:00:00,0.18969823,0.12819304
2017-06-15 03:30:00,0.18969823,0.13020138
2017-06-15 04:00:00,0.18969823,0.1303408
2017-06-15 04:30:00,0.18969823,0.13317811
2017-06-15 05:00:00,0.18969823,0.13658816
2017-06-15 05:30:00,0.18969823,0.13884144
2017-06-15 06:00:00,0.18969823,0.14081587
2017-06-15 06:30:00,0.18969823,0.08977443
2017-06-15 07:00:00,0.18969823,0.08432589
2017-06-15 07:30:00,0.18969823,0.07417487
2017-06-15 08:00:00,0.18969823,0.06764492
2017-06-15 08:30:00,0.18969823,0.060738154
2017-06-15 09:00:00,0.18969823,0.07351924
2017-06-15 09:30:00,0.18969823,0.09067498
2017-06-15 10:00:00,0.18969823,0.063160986
2017-06-15 10:30:00,0.18969823,0.024086736
2017-06-15 11:00:00,0.18969823,0.067961425
2017-06-15 11:30:00,0.18969823,0.09464646
2017-06-15 12:00:00,0.18969823,0.11013675
2017-06-15 12:30:00,0.18969823,0.054004725
2017-06-15 13:00:00,0.18969823,0.10959039
2017-06-15 13:30:00,0.18969823,0.12343028
2017-06-15 14:00:00,0.18969823,0.075689614
2017-06-15 14:30:00,0.18969823,0.07946139
2017-06-15 15:00:00,0.18969823,0.07878692
2017-06-15 15:30:00,0.18969823,0.11055876
2017-06-15 16:00:00,0.18969823,0.11645193
2017-06-15 16:30:00,0.18969823,0.123441584
2017-06-15 17:00:00,0.18969823,0.11942489
2017-06-15 17:30:00,0.18969823,0.11859216
2017-06-15 18:00:00,0.18969823,0.12625629
2017-06-15 18:30:00,0.18969823,0.13024284
2017-06-15 19:00:00,0.18969823,0.12182511
2017-06-15 19:30:00,0.18969823,0.11642178
2017-06-15 20:00:00,0.18969823,0.120532684
2017-06-15 20:30:00,0.18969823,0.12644091
2017-06-15 21:00:00,0.18969823,0.12259755
2017-06-15 21:30:00,0.18969823,0.1164557
2017-06-15 22:00:00,0.18969823,0.10887069
2017-06-15 22:30:00,0.18969823,0.10632729
2017-06-15 23:00:00,0.18969823,0.10170018
2017-06-15 23:30:00,0.18969823,0.09602179
2017-06-16 00:00:00,0.18969823,0.069935866
2017-06-16 00:30:00,0.18969823,0.06137118
2017-06-16 01:00:00,0.18969823,0.05929124
2017-06-16 01:30:00,0.18969823,0.07023354
2017-06-16 02:00:00,0.18969823,0.081839
2017-06-16 02:30:00,0.18969823,0.08692958
2017-06-16 03:00:00,0.18969823,0.09390794
2017-06-16 03:30:00,0.18969823,0.09134192
2017-06-16 04:00:00,0.18969823,0.08474037
2017-06-16 04:30:00,0.18969823,0.08367026
2017-06-16 05:00:00,0.18969823,0.08104772
2017-06-16 05:30:00,0.18969823,0.08120975
2017-06-16 06:00:00,0.18969823,0.09749131
2017-06-16 06:30:00,0.18969823,0.0878226
2017-06-16 07:00:00,0.18969823,0.06532759
2017-06-16 07:30:00,0.18969823,0.0515932
2017-06-16 08:00:00,0.18969823,0.049234424
2017-06-16 08:30:00,0.18969823,0.062305648
2017-06-16 09:00:00,0.18969823,0.046645805
2017-06-16 09:30:00,0.18969823,0.03164536
2017-06-16 10:00:00,0.18969823,0.021418987
2017-06-16 10:30:00,0.18969823,0.032738086
2017-06-16 11:00:00,0.18969823,0.05132567
2017-06-16 11:30:00,0.18969823,0.047648095
2017-06-16 12:00:00,0.18969823,0.02848777
2017-06-16 12:30:00,0.18969823,0.0538427
2017-06-16 13:00:00,0.18969823,0.061717838
2017-06-16 13:30:00,0.18969823,0.050628588
2017-06-16 14:00:00,0.18969823,0.021000737
2017-06-16 14:30:00,0.18969823,0.05937037
2017-06-16 15:00:00,0.18969823,0.0607683
2017-06-16 15:30:00,0.18969823,0.0840659
2017-06-16 16:00:00,0.18969823,0.08776231
2017-06-16 16:30:00,0.18969823,0.08696726
2017-06-16 17:00:00,0.18969823,0.096409895
2017-06-16 17:30:00,0.18969823,0.09695625
2017-06-16 18:00:00,0.18969823,0.1038178
2017-06-16 18:30:00,0.18969823,0.10862201
2017-06-16 19:00:00,0.18969823,0.09111207
2017-06-16 19:30:00,0.18969823,0.0997898
2017-06-16 20:00:00,0.18969823,0.09760812
2017-06-16 20:30:00,0.18969823,0.09655684
2017-06-16 21:00:00,0.18969823,0.091081925
2017-06-16 21:30:00,0.18969823,0.0886478
2017-06-16 22:00:00,0.18969823,0.08404706
2017-06-16 22:30:00,0.18969823,0.08269811
2017-06-16 23:00:00,0.18969823,0.08341026
2017-06-16 23:30:00,0.18969823,0.08889648
2017-06-17 00:00:00,0.18969823,0.09331259
2017-06-17 00:30:00,0.18969823,0.06308185
2017-06-17 01:00:00,0.18969823,0.09688466
2017-06-17 01:30:00,0.18969823,0.11470734
2017-06-17 02:00:00,0.18969823,0.13779768
2017-06-17 02:30:00,0.18969823,0.10998979
2017-06-17 03:00:00,0.18969823,0.108056806
2017-06-17 03:30:00,0.18969823,0.07617945
2017-06-17 04:00:00,0.18969823,0.07975153
2017-06-17 04:30:00,0.18969823,0.08234015
2017-06-17 05:00:00,0.18969823,0.081627995
2017-06-17 05:30:00,0.18969823,0.08379083
2017-06-17 06:00:00,0.18969823,0.08097613
2017-06-17 06:30:00,0.18969823,0.1063612
2017-06-17 07:00:00,0.18969823,0.09951473
2017-06-17 07:30:00,0.18969823,0.09796231
2017-06-17 08:00:00,0.18969823,0.091707416
2017-06-17 08:30:00,0.18969823,0.052075505
2017-06-17 09:00:00,0.18969823,0.049343698
2017-06-17 09:30:00,0.18969823,0.05395574
2017-06-17 10:00:00,0.18969823,0.059924267
2017-06-17 10:30:00,0.18969823,0.09258536
2017-06-17 11:00:00,0.18969823,0.047911856
2017-06-17 11:30:00,0.18969823,0.0849137
2017-06-17 12:00:00,0.18969823,0.1409176
2017-06-17 12:30:00,0.18969823,0.159833
2017-06-17 13:00:00,0.18969823,0.10815854
2017-06-17 13:30:00,0.18969823,0.12156888
2017-06-17 14:00:00,0.18969823,0.15101586
2017-06-17 14:30:00,0.18969823,0.117002055
2017-06-17 15:00:00,0.18969823,0.17511605
2017-06-17 15:30:00,0.18969823,0.16658904
2017-06-17 16:00:00,0.18969823,0.15848783
2017-06-17 16:30:00,0.18969823,0.17316045
2017-06-17 17:00:00,0.18969823,0.17435868
2017-06-17 17:30:00,0.18969823,0.13897331
2017-06-17 18:00:00,0.18969823,0.12869795
2017-06-17 18:30:00,0.18969823,0.12464734
2017-06-17 19:00:00,0.18969823,0.12152743
2017-06-17 19:30:00,0.18969823,0.16957708
2017-06-17 20:00:00,0.18969823,0.13438764
2017-06-17 20:30:00,0.18969823,0.14059731
2017-06-17 21:00:00,0.18969823,0.19749425
2017-06-17 21:30:00,0.18969823,0.189491
2017-06-17 22:00:00,0.18969823,0.1773354
2017-06-17 22:30:00,0.18969823,0.17244077
2017-06-17 23:00:00,0.18969823,0.17595631
2017-06-17 23:30:00,0.18969823,0.18432505
2017-06-18 00:00:00,0.18969823,0.15549603
2017-06-18 00:30:00,0.18969823,0.14039008
2017-06-18 01:00:00,0.18969823,0.15456156
2017-06-18 01:30:00,0.18969823,0.1761711
2017-06-18 02:00:00,0.18969823,0.18565893
2017-06-18 02:30:00,0.18969823,0.1837071
2017-06-18 03:00:00,0.18969823,0.18063618
2017-06-18 03:30:00,0.18969823,0.1758282
2017-06-18 04:00:00,0.18969823,0.17781395
2017-06-18 04:30:00,0.18969823,0.18817219
2017-06-18 05:00:00,0.18969823,0.1966766
2017-06-18 05:30:00,0.18969823,0.19080226
2017-06-18 06:00:00,0.18969823,0.22550939
2017-06-18 06:30:00,0.18969823,0.21909247
2017-06-18 07:00:00,0.18969823,0.20985332
2017-06-18 07:30:00,0.18969823,0.17942289
2017-06-18 08:00:00,0.18969823,0.20523374
2017-06-18 08:30:00,0.18969823,0.19239236
2017-06-18 09:00:00,0.18969823,0.154603
2017-06-18 09:30:00,0.18969823,0.19542561
2017-06-18 10:00:00,0.18969823,0.18898608
2017-06-18 10:30:00,0.18969823,0.16977678
2017-06-18 11:00:00,0.18969823,0.20995882
2017-06-18 11:30:00,0.18969823,0.1798449
2017-06-18 12:00:00,0.18969823,0.21307874
2017-06-18 12:30:00,0.18969823,0.19109994
2017-06-18 13:00:00,0.18969823,0.21237788
2017-06-18 13:30:00,0.18969823,0.2212327
2017-06-18 14:00:00,0.18969823,0.221975
2017-06-18 14:30:00,0.18969823,0.17326595
2017-06-18 15:00:00,0.18969823,0.18348102
2017-06-18 15:30:00,0.18969823,0.23289469
2017-06-18 16:00:00,0.18969823,0.2520437
2017-06-18 16:30:00,0.18969823,0.23742007
2017-06-18 17:00:00,0.18969823,0.24750702
2017-06-18 17:30:00,0.18969823,0.2586302
2017-06-18 18:00:00,0.18969823,0.27075186
2017-06-18 18:30:00,0.18969823,0.2802435
2017-06-18 19:00:00,0.18969823,0.26558593
2017-06-18 19:30:00,0.18969823,0.250642
2017-06-18 20:00:00,0.18969823,0.2302081
2017-06-18 20:30:00,0.18969823,0.22732934
2017-06-18 21:00:00,0.18969823,0.22362539
2017-06-18 21:30:00,0.18969823,0.22540766
2017-06-18 22:00:00,0.18969823,0.16482562
2017-06-18 22:30:00,0.18969823,0.16876319
2017-06-18 23:00:00,0.18969823,0.17701513
2017-06-18 23:30:00,0.18969823,0.17530821
2017-06-19 00:00:00,0.18969823,0.18037242
2017-06-19 00:30:00,0.18969823,0.18066256
2017-06-19 01:00:00,0.18969823,0.1931535
2017-06-19 01:30:00,0.18969823,0.2046836
2017-06-19 02:00:00,0.18969823,0.21706529
2017-06-19 02:30:00,0.18969823,0.23832062
2017-06-19 03:00:00,0.18969823,0.24795541
2017-06-19 03:30:00,0.18969823,0.2342361
2017-06-19 04:00:00,0.18969823,0.22121386
2017-06-19 04:30:00,0.18969823,0.20945014
2017-06-19 05:00:00,0.18969823,0.26650533
2017-06-19 05:30:00,0.18969823,0.2852813
2017-06-19 06:00:00,0.18969823,0.28211242
2017-06-19 06:30:00,0.18969823,0.2781786
2017-06-19 07:00:00,0.18969823,0.2619272
2017-06-19 07:30:00,0.18969823,0.22622909
2017-06-19 08:00:00,0.18969823,0.21687688
2017-06-19 08:30:00,0.18969823,0.2209388
2017-06-19 09:00:00,0.18969823,0.228358
2017-06-19 09:30:00,0.18969823,0.26183677
2017-06-19 10:00:00,0.18969823,0.25659922
2017-06-19 10:30:00,0.18969823,0.23356162
2017-06-19 11:00:00,0.18969823,0.26023537
2017-06-19 11:30:00,0.18969823,0.26368308
2017-06-19 12:00:00,0.18969823,0.25681025
2017-06-19 12:30:00,0.18969823,0.25249964
2017-06-19 13:00:00,0.18969823,0.23979768
2017-06-19 13:30:00,0.18969823,0.23266107
2017-06-19 14:00:00,0.18969823,0.24560419
2017-06-19 14:30:00,0.18969823,0.24099591
2017-06-19 15:00:00,0.18969823,0.24175328
2017-06-19 15:30:00,0.18969823,0.24946262
2017-06-19 16:00:00,0.18969823,0.24252948
2017-06-19 16:30:00,0.18969823,0.23871626
2017-06-19 17:00:00,0.18969823,0.22320713
2017-06-19 17:30:00,0.18969823,0.21049011
2017-06-19 18:00:00,0.18969823,0.20659776
2017-06-19 18:30:00,0.18969823,0.2081125
2017-06-19 19:00:00,0.18969823,0.19872639
2017-06-19 19:30:00,0.18969823,0.19562155
2017-06-19 20:00:00,0.18969823,0.14731945
2017-06-19 20:30:00,0.18969823,0.19120544
2017-06-19 21:00:00,0.18969823,0.20148833
2017-06-19 21:30:00,0.18969823,0.19342104
2017-06-19 22:00:00,0.18969823,0.19525228
2017-06-19 22:30:00,0.18969823,0.20107763
2017-06-19 23:00:00,0.18969823,0.19806698
2017-06-19 23:30:00,0.18969823,0.19896755
2017-06-20 00:00:00,0.18969823,0.2017634
2017-06-20 00:30:00,0.18969823,0.19929159
2017-06-20 01:00:00,0.18969823,0.20710267
2017-06-20 01:30:00,0.18969823,0.20937854
2017-06-20 02:00:00,0.18969823,0.2120576
2017-06-20 02:30:00,0.18969823,0.21503432
2017-06-20 03:00:00,0.18969823,0.21725745
2017-06-20 03:30:00,0.18969823,0.22007215
2017-06-20 04:00:00,0.18969823,0.22705427
2017-06-20 04:30:00,0.18969823,0.23754065
2017-06-20 05:00:00,0.18969823,0.23925886
2017-06-20 05:30:00,0.18969823,0.24101475
2017-06-20 06:00:00,0.18969823,0.24059273
2017-06-20 06:30:00,0.18969823,0.2273821
2017-06-20 07:00:00,0.18969823,0.22507983
2017-06-20 07:30:00,0.18969823,0.2249668
2017-06-20 08:00:00,0.18969823,0.21703137
2017-06-20 08:30:00,0.18969823,0.22316946
2017-06-20 09:00:00,0.18969823,0.21212165
2017-06-20 09:30:00,0.18969823,0.13297464
2017-06-20 10:00:00,0.18969823,0.21198224
2017-06-20 10:30:00,0.18969823,0.16396274
2017-06-20 11:00:00,0.18969823,0.19244134
2017-06-20 11:30:00,0.18969823,0.20415232
2017-06-20 12:00:00,0.18969823,0.1869476
2017-06-20 12:30:00,0.18969823,0.18149151
2017-06-20 13:00:00,0.18969823,0.19099067
2017-06-20 13:30:00,0.18969823,0.17458853
2017-06-20 14:00:00,0.18969823,0.17406477
2017-06-20 14:30:00,0.18969823,0.17498417
2017-06-20 15:00:00,0.18969823,0.1791026
2017-06-20 15:30:00,0.18969823,0.17352217
2017-06-20 16:00:00,0.18969823,0.17654411
2017-06-20 16:30:00,0.18969823,0.17511605
2017-06-20 17:00:00,0.18969823,0.15832204
2017-06-20 17:30:00,0.18969823,0.15114774
2017-06-20 18:00:00,0.18969823,0.14716873
2017-06-20 18:30:00,0.18969823,0.15170541
2017-06-20 19:00:00,0.18969823,0.14895476
2017-06-20 19:30:00,0.18969823,0.15555255
2017-06-20 20:00:00,0.18969823,0.16494995
2017-06-20 20:30:00,0.18969823,0.16987097
2017-06-20 21:00:00,0.18969823,0.1775125
2017-06-20 21:30:00,0.18969823,0.18481113
2017-06-20 22:00:00,0.18969823,0.18138224
2017-06-20 22:30:00,0.18969823,0.17611833
2017-06-20 23:00:00,0.18969823,0.17998809
2017-06-20 23:30:00,0.18969823,0.1477603
2017-06-21 00:00:00,0.18969823,0.15007009
2017-06-21 00:30:00,0.18969823,0.14620411
2017-06-21 01:00:00,0.18969823,0.14653194
2017-06-21 01:30:00,0.18969823,0.14518675
2017-06-21 02:00:00,0.18969823,0.17470157
2017-06-21 02:30:00,0.18969823,0.12510704
2017-06-21 03:00:00,0.18969823,0.16450156
2017-06-21 03:30:00,0.18969823,0.12829854
2017-06-21 04:00:00,0.18969823,0.1637442
2017-06-21 04:30:00,0.18969823,0.15745915
2017-06-21 05:00:00,0.18969823,0.13178772
2017-06-21 05:30:00,0.18969823,0.12502791
2017-06-21 06:00:00,0.18969823,0.113550566
2017-06-21 06:30:00,0.18969823,0.12849447
2017-06-21 07:00:00,0.18969823,0.1066438
2017-06-21 07:30:00,0.18969823,0.11855448
2017-06-21 08:00:00,0.18969823,0.094284736
2017-06-21 08:30:00,0.18969823,0.1131926
2017-06-21 09:00:00,0.18969823,0.10957908
2017-06-21 09:30:00,0.18969823,0.1387736
2017-06-21 10:00:00,0.18969823,0.1385739
2017-06-21 10:30:00,0.18969823,0.13895448
2017-06-21 11:00:00,0.18969823,0.13174626
2017-06-21 11:30:00,0.18969823,0.11699452
2017-06-21 12:00:00,0.18969823,0.103976056
2017-06-21 12:30:00,0.18969823,0.029806573
2017-06-21 13:00:00,0.18969823,0.08200479
2017-06-21 13:30:00,0.18969823,0.07763767
2017-06-21 14:00:00,0.18969823,0.024546433
2017-06-21 14:30:00,0.18969823,0.07147698
2017-06-21 15:00:00,0.18969823,0.07909589
2017-06-21 15:30:00,0.18969823,0.0823816
2017-06-21 16:00:00,0.18969823,0.08854229
2017-06-21 16:30:00,0.18969823,0.098870404
2017-06-21 17:00:00,0.18969823,0.10873128
2017-06-21 17:30:00,0.18969823,0.1148769
2017-06-21 18:00:00,0.18969823,0.0898724
2017-06-21 18:30:00,0.18969823,0.10059615
2017-06-21 19:00:00,0.18969823,0.11253697
2017-06-21 19:30:00,0.18969823,0.077716805
2017-06-21 20:00:00,0.18969823,0.085998885
2017-06-21 20:30:00,0.18969823,0.099661686
2017-06-21 21:00:00,0.18969823,0.09673017
2017-06-21 21:30:00,0.18969823,0.09692988
2017-06-21 22:00:00,0.18969823,0.13397317
2017-06-21 22:30:00,0.18969823,0.1311886
2017-06-21 23:00:00,0.18969823,0.14101934
2017-06-21 23:30:00,0.18969823,0.1340975
2017-06-22 00:00:00,0.18969823,0.14364564
2017-06-22 00:30:00,0.18969823,0.15036023
2017-06-22 01:00:00,0.18969823,0.15296769
2017-06-22 01:30:00,0.18969823,0.15351029
2017-06-22 02:00:00,0.18969823,0.096180044
2017-06-22 02:30:00,0.18969823,0.083417796
2017-06-22 03:00:00,0.18969823,0.08753623
2017-06-22 03:30:00,0.18969823,0.10186974
2017-06-22 04:00:00,0.18969823,0.11070195
2017-06-22 04:30:00,0.18969823,0.111640185
2017-06-22 05:00:00,0.18969823,0.10361809
2017-06-22 05:30:00,0.18969823,0.09508355
2017-06-22 06:00:00,0.18969823,0.107205234
2017-06-22 06:30:00,0.18969823,0.08719334
2017-06-22 07:00:00,0.18969823,0.13789943
2017-06-22 07:30:00,0.18969823,0.11445865
2017-06-22 08:00:00,0.18969823,0.11599223
2017-06-22 08:30:00,0.18969823,0.093241
2017-06-22 09:00:00,0.18969823,0.09918315
2017-06-22 09:30:00,0.18969823,0.058077943
2017-06-22 10:00:00,0.18969823,0.03533424
2017-06-22 10:30:00,0.18969823,0.13321203
2017-06-22 11:00:00,0.18969823,0.07972892
2017-06-22 11:30:00,0.18969823,0.08484211
2017-06-22 12:00:00,0.18969823,0.09030195
2017-06-22 12:30:00,0.18969823,0.08864403
2017-06-22 13:00:00,0.18969823,0.14063877
2017-06-22 13:30:00,0.18969823,0.12263146
2017-06-22 14:00:00,0.18969823,0.10740871
2017-06-22 14:30:00,0.18969823,0.10879911
2017-06-22 15:00:00,0.18969823,0.12705886
2017-06-22 15:30:00,0.18969823,0.12453053
2017-06-22 16:00:00,0.18969823,0.12603396
2017-06-22 16:30:00,0.18969823,0.13825738
2017-06-22 17:00:00,0.18969823,0.1333213
2017-06-22 17:30:00,0.18969823,0.13806899
2017-06-22 18:00:00,0.18969823,0.13785797
2017-06-22 18:30:00,0.18969823,0.14661483
2017-06-22 19:00:00,0.18969823,0.15660758
2017-06-22 19:30:00,0.18969823,0.11783102
2017-06-22 20:00:00,0.18969823,0.12043095
2017-06-22 20:30:00,0.18969823,0.11971503
2017-06-22 21:00:00,0.18969823,0.12083789
2017-06-22 21:30:00,0.18969823,0.11410446
2017-06-22 22:00:00,0.18969823,0.10729567
2017-06-22 22:30:00,0.18969823,0.1408121
2017-06-22 23:00:00,0.18969823,0.097585514
2017-06-22 23:30:00,0.18969823,0.107608415
2017-06-23 00:00:00,0.18969823,0.11344883
2017-06-23 00:30:00,0.18969823,0.10742378
2017-06-23 01:00:00,0.18969823,0.10509892
2017-06-23 01:30:00,0.18969823,0.11548732
2017-06-23 02:00:00,0.18969823,0.11356563
2017-06-23 02:30:00,0.18969823,0.17652905
2017-06-23 03:00:00,0.18969823,0.1923999
2017-06-23 03:30:00,0.18969823,0.18716991
2017-06-23 04:00:00,0.18969823,0.18712845
2017-06-23 04:30:00,0.18969823,0.18991302
2017-06-23 05:00:00,0.18969823,0.18891072
2017-06-23 05:30:00,0.18969823,0.19849654
2017-06-23 06:00:00,0.18969823,0.19279177
2017-06-23 06:30:00,0.18969823,0.19365464
2017-06-23 07:00:00,0.18969823,0.17690961
2017-06-23 07:30:00,0.18969823,0.18630326
2017-06-23 08:00:00,0.18969823,0.18964548
2017-06-23 08:30:00,0.18969823,0.18663108
2017-06-23 09:00:00,0.18969823,0.17504445
2017-06-23 09:30:00,0.18969823,0.19047445
2017-06-23 10:00:00,0.18969823,0.17898956
2017-06-23 10:30:00,0.18969823,0.2130109
2017-06-23 11:00:00,0.18969823,0.21088575
2017-06-23 11:30:00,0.18969823,0.16342391
2017-06-23 12:00:00,0.18969823,0.180233
2017-06-23 12:30:00,0.18969823,0.15569574
2017-06-23 13:00:00,0.18969823,0.15291494
2017-06-23 13:30:00,0.18969823,0.17821711
2017-06-23 14:00:00,0.18969823,0.17457722
2017-06-23 14:30:00,0.18969823,0.18933274
2017-06-23 15:00:00,0.18969823,0.16505924
2017-06-23 15:30:00,0.18969823,0.18343581
2017-06-23 16:00:00,0.18969823,0.17379725
2017-06-23 16:30:00,0.18969823,0.17914028
2017-06-23 17:00:00,0.18969823,0.1488681
2017-06-23 17:30:00,0.18969823,0.14276393
2017-06-23 18:00:00,0.18969823,0.15114021
2017-06-23 18:30:00,0.18969823,0.18344711
2017-06-23 19:00:00,0.18969823,0.18024807
2017-06-23 19:30:00,0.18969823,0.17639717
2017-06-23 20:00:00,0.18969823,0.14608353
2017-06-23 20:30:00,0.18969823,0.14562762
2017-06-23 21:00:00,0.18969823,0.17539111
2017-06-23 21:30:00,0.18969823,0.1685032
2017-06-23 22:00:00,0.18969823,0.18000692
2017-06-23 22:30:00,0.18969823,0.17640093
2017-06-23 23:00:00,0.18969823,0.17577921
2017-06-23 23:30:00,0.18969823,0.18387666
2017-06-24 00:00:00,0.18969823,0.19656731
2017-06-24 00:30:00,0.18969823,0.19850785
2017-06-24 01:00:00,0.18969823,0.2058856
2017-06-24 01:30:00,0.18969823,0.18366566
2017-06-24 02:00:00,0.18969823,0.17739946
2017-06-24 02:30:00,0.18969823,0.1986661
2017-06-24 03:00:00,0.18969823,0.21054286
2017-06-24 03:30:00,0.18969823,0.20934087
2017-06-24 04:00:00,0.18969823,0.20457433
2017-06-24 04:30:00,0.18969823,0.16047357
2017-06-24 05:00:00,0.18969823,0.20101357
2017-06-24 05:30:00,0.18969823,0.20337611
2017-06-24 06:00:00,0.18969823,0.1985719
2017-06-24 06:30:00,0.18969823,0.13355115
2017-06-24 07:00:00,0.18969823,0.16075617
2017-06-24 07:30:00,0.18969823,0.11018573
2017-06-24 08:00:00,0.18969823,0.09000051
2017-06-24 08:30:00,0.18969823,0.054490797
2017-06-24 09:00:00,0.18969823,0.058179677
2017-06-24 09:30:00,0.18969823,0.12912373
2017-06-24 10:00:00,0.18969823,0.08078396
2017-06-24 10:30:00,0.18969823,0.08941647
2017-06-24 11:00:00,0.18969823,0.09724262
2017-06-24 11:30:00,0.18969823,0.0044554123
2017-06-24 12:00:00,0.18969823,0.09058832
2017-06-24 12:30:00,0.18969823,0.05028193
2017-06-24 13:00:00,0.18969823,0.014139194
2017-06-24 13:30:00,0.18969823,0.06996224
2017-06-24 14:00:00,0.18969823,0.09174133
2017-06-24 14:30:00,0.18969823,0.03513077
2017-06-24 15:00:00,0.18969823,0.08495891
2017-06-24 15:30:00,0.18969823,0.047553893
2017-06-24 16:00:00,0.18969823,0.069144584
2017-06-24 16:30:00,0.18969823,0.07610786
2017-06-24 17:00:00,0.18969823,0.10535137
2017-06-24 17:30:00,0.18969823,0.12733017
2017-06-24 18:00:00,0.18969823,0.12872055
2017-06-24 18:30:00,0.18969823,0.13338159
2017-06-24 19:00:00,0.18969823,0.12925938
2017-06-24 19:30:00,0.18969823,0.12703626
2017-06-24 20:00:00,0.18969823,0.12272943
2017-06-24 20:30:00,0.18969823,0.11517834
2017-06-24 21:00:00,0.18969823,0.11803073
2017-06-24 21:30:00,0.18969823,0.1162786
2017-06-24 22:00:00,0.18969823,0.10644033
2017-06-24 22:30:00,0.18969823,0.10931909
2017-06-24 23:00:00,0.18969823,0.10545688
2017-06-24 23:30:00,0.18969823,0.10014022
2017-06-25 00:00:00,0.18969823,0.10652699
2017-06-25 00:30:00,0.18969823,0.12740552
2017-06-25 01:00:00,0.18969823,0.13138077
2017-06-25 01:30:00,0.18969823,0.13942924
2017-06-25 02:00:00,0.18969823,0.14280914
2017-06-25 02:30:00,0.18969823,0.15406418
2017-06-25 03:00:00,0.18969823,0.15546589
2017-06-25 03:30:00,0.18969823,0.16341639
2017-06-25 04:00:00,0.18969823,0.16144948
2017-06-25 04:30:00,0.18969823,0.13665976
2017-06-25 05:00:00,0.18969823,0.13360013
2017-06-25 05:30:00,0.18969823,0.14868347
2017-06-25 06:00:00,0.18969823,0.13730031
2017-06-25 06:30:00,0.18969823,0.13434619
2017-06-25 07:00:00,0.18969823,0.12906344
2017-06-25 07:30:00,0.18969823,0.105860054
2017-06-25 08:00:00,0.18969823,0.10593919
2017-06-25 08:30:00,0.18969823,0.15890984
2017-06-25 09:00:00,0.18969823,0.15664904
2017-06-25 09:30:00,0.18969823,0.14413925
2017-06-25 10:00:00,0.18969823,0.10058108
2017-06-25 10:30:00,0.18969823,0.12768435
2017-06-25 11:00:00,0.18969823,0.13899215
2017-06-25 11:30:00,0.18969823,0.1460534
2017-06-25 12:00:00,0.18969823,0.15984431
2017-06-25 12:30:00,0.18969823,0.15936954
2017-06-25 13:00:00,0.18969823,0.16588065
2017-06-25 13:30:00,0.18969823,0.16969012
2017-06-25 14:00:00,0.18969823,0.13291435
2017-06-25 14:30:00,0.18969823,0.17408738
2017-06-25 15:00:00,0.18969823,0.1390449
2017-06-25 15:30:00,0.18969823,0.16614065
2017-06-25 16:00:00,0.18969823,0.16063182
2017-06-25 16:30:00,0.18969823,0.1417654
2017-06-25 17:00:00,0.18969823,0.14996836
2017-06-25 17:30:00,0.18969823,0.15116282
2017-06-25 18:00:00,0.18969823,0.1610124
2017-06-25 18:30:00,0.18969823,0.17727888
2017-06-25 19:00:00,0.18969823,0.1866763
2017-06-25 19:30:00,0.18969823,0.18488649
2017-06-25 20:00:00,0.18969823,0.17623891
2017-06-25 20:30:00,0.18969823,0.1747807
2017-06-25 21:00:00,0.18969823,0.17024401
2017-06-25 21:30:00,0.18969823,0.16898927
2017-06-25 22:00:00,0.18969823,0.16773829
2017-06-25 22:30:00,0.18969823,0.17085066
2017-06-25 23:00:00,0.18969823,0.14760205
2017-06-25 23:30:00,0.18969823,0.15498735
2017-06-26 00:00:00,0.18969823,0.14714989
2017-06-26 00:30:00,0.18969823,0.10327143
2017-06-26 01:00:00,0.18969823,0.0867864
2017-06-26 01:30:00,0.18969823,0.12579282
2017-06-26 02:00:00,0.18969823,0.080734976
2017-06-26 02:30:00,0.18969823,0.083135195
2017-06-26 03:00:00,0.18969823,0.090863384
2017-06-26 03:30:00,0.18969823,0.13884896
2017-06-26 04:00:00,0.18969823,0.14165613
2017-06-26 04:30:00,0.18969823,0.14032602
2017-06-26 05:00:00,0.18969823,0.15233466
2017-06-26 05:30:00,0.18969823,0.17363521
2017-06-26 06:00:00,0.18969823,0.17212802
2017-06-26 06:30:00,0.18969823,0.13763566
2017-06-26 07:00:00,0.18969823,0.12973416
2017-06-26 07:30:00,0.18969823,0.07600989
2017-06-26 08:00:00,0.18969823,0.049419057
2017-06-26 08:30:00,0.18969823,0.14679192
2017-06-26 09:00:00,0.18969823,0.088964306
2017-06-26 09:30:00,0.18969823,0.051849425
2017-06-26 10:00:00,0.18969823,0.13837796
2017-06-26 10:30:00,0.18969823,0.10187727
2017-06-26 11:00:00,0.18969823,0.12017472
2017-06-26 11:30:00,0.18969823,0.10994081
2017-06-26 12:00:00,0.18969823,0.092091754
2017-06-26 12:30:00,0.18969823,0.01971208
2017-06-26 13:00:00,0.18969823,0.111979306
2017-06-26 13:30:00,0.18969823,0.12683278
2017-06-26 14:00:00,0.18969823,0.12125237
2017-06-26 14:30:00,0.18969823,0.07897908
2017-06-26 15:00:00,0.18969823,0.09023412
2017-06-26 15:30:00,0.18969823,0.10031355
2017-06-26 16:00:00,0.18969823,0.13674642
2017-06-26 16:30:00,0.18969823,0.15667164
2017-06-26 17:00:00,0.18969823,0.13647135
2017-06-26 17:30:00,0.18969823,0.1464415
2017-06-26 18:00:00,0.18969823,0.13917679
2017-06-26 18:30:00,0.18969823,0.1421535
2017-06-26 19:00:00,0.18969823,0.1355934
2017-06-26 19:30:00,0.18969823,0.1349453
2017-06-26 20:00:00,0.18969823,0.12018979
2017-06-26 20:30:00,0.18969823,0.118467815
2017-06-26 21:00:00,0.18969823,0.12091325
2017-06-26 21:30:00,0.18969823,0.14977996
2017-06-26 22:00:00,0.18969823,0.14978749
2017-06-26 22:30:00,0.18969823,0.12500153
2017-06-26 23:00:00,0.18969823,0.111798435
2017-06-26 23:30:00,0.18969823,0.12885997
2017-06-27 00:00:00,0.18969823,0.14874
2017-06-27 00:30:00,0.18969823,0.11195292
2017-06-27 01:00:00,0.18969823,0.12775218
2017-06-27 01:30:00,0.18969823,0.12872055
2017-06-27 02:00:00,0.18969823,0.123328544
2017-06-27 02:30:00,0.18969823,0.13279
2017-06-27 03:00:00,0.18969823,0.14420708
2017-06-27 03:30:00,0.18969823,0.13731162
2017-06-27 04:00:00,0.18969823,0.129233
2017-06-27 04:30:00,0.18969823,0.11923272
2017-06-27 05:00:00,0.18969823,0.11130483
2017-06-27 05:30:00,0.18969823,0.10612758
2017-06-27 06:00:00,0.18969823,0.10627831
2017-06-27 06:30:00,0.18969823,0.10097295
2017-06-27 07:00:00,0.18969823,0.14584239
2017-06-27 07:30:00,0.18969823,0.1354879
2017-06-27 08:00:00,0.18969823,0.13256769
2017-06-27 08:30:00,0.18969823,0.11976024
2017-06-27 09:00:00,0.18969823,0.08177495
2017-06-27 09:30:00,0.18969823,0.11871273
2017-06-27 10:00:00,0.18969823,0.12670468
2017-06-27 10:30:00,0.18969823,0.18766728
2017-06-27 11:00:00,0.18969823,0.18645398
2017-06-27 11:30:00,0.18969823,0.18017648
2017-06-27 12:00:00,0.18969823,0.17881246
2017-06-27 12:30:00,0.18969823,0.13968547
2017-06-27 13:00:00,0.18969823,0.21867423
2017-06-27 13:30:00,0.18969823,0.19420855
2017-06-27 14:00:00,0.18969823,0.16831103
2017-06-27 14:30:00,0.18969823,0.18915564
2017-06-27 15:00:00,0.18969823,0.21027534
2017-06-27 15:30:00,0.18969823,0.21433347
2017-06-27 16:00:00,0.18969823,0.22368191
2017-06-27 16:30:00,0.18969823,0.22652298
2017-06-27 17:00:00,0.18969823,0.20593081
2017-06-27 17:30:00,0.18969823,0.17018749
2017-06-27 18:00:00,0.18969823,0.15754582
2017-06-27 18:30:00,0.18969823,0.1713292
2017-06-27 19:00:00,0.18969823,0.17113703
2017-06-27 19:30:00,0.18969823,0.16494995
2017-06-27 20:00:00,0.18969823,0.15284711
2017-06-27 20:30:00,0.18969823,0.14876637
2017-06-27 21:00:00,0.18969823,0.14336681
2017-06-27 21:30:00,0.18969823,0.14764349
2017-06-27 22:00:00,0.18969823,0.14651309
2017-06-27 22:30:00,0.18969823,0.14150918
2017-06-27 23:00:00,0.18969823,0.14204046
2017-06-27 23:30:00,0.18969823,0.1324245
2017-06-28 00:00:00,0.18969823,0.14058225
2017-06-28 00:30:00,0.18969823,0.12911244
2017-06-28 01:00:00,0.18969823,0.13817826
2017-06-28 01:30:00,0.18969823,0.15143788
2017-06-28 02:00:00,0.18969823,0.15915099
2017-06-28 02:30:00,0.18969823,0.16599369
2017-06-28 03:00:00,0.18969823,0.17581312
2017-06-28 03:30:00,0.18969823,0.17727135
2017-06-28 04:00:00,0.18969823,0.17794582
2017-06-28 04:30:00,0.18969823,0.16696961
2017-06-28 05:00:00,0.18969823,0.17677774
2017-06-28 05:30:00,0.18969823,0.17028546
2017-06-28 06:00:00,0.18969823,0.16349551
2017-06-28 06:30:00,0.18969823,0.1644149
2017-06-28 07:00:00,0.18969823,0.15623832
2017-06-28 07:30:00,0.18969823,0.14777538
2017-06-28 08:00:00,0.18969823,0.121267445
2017-06-28 08:30:00,0.18969823,0.11291377
2017-06-28 09:00:00,0.18969823,0.16117819
2017-06-28 09:30:00,0.18969823,0.118923746
2017-06-28 10:00:00,0.18969823,0.15014169
2017-06-28 10:30:00,0.18969823,0.16537197
2017-06-28 11:00:00,0.18969823,0.17735048
2017-06-28 11:30:00,0.18969823,0.16219555
2017-06-28 12:00:00,0.18969823,0.14600064
2017-06-28 12:30:00,0.18969823,0.1566415
2017-06-28 13:00:00,0.18969823,0.17684557
2017-06-28 13:30:00,0.18969823,0.10842607
2017-06-28 14:00:00,0.18969823,0.13076282
2017-06-28 14:30:00,0.18969823,0.11965474
2017-06-28 15:00:00,0.18969823,0.1322248
2017-06-28 15:30:00,0.18969823,0.14283928
2017-06-28 16:00:00,0.18969823,0.14076312
2017-06-28 16:30:00,0.18969823,0.15927157
2017-06-28 17:00:00,0.18969823,0.15793392
2017-06-28 17:30:00,0.18969823,0.14921476
2017-06-28 18:00:00,0.18969823,0.15970866
2017-06-28 18:30:00,0.18969823,0.15987068
2017-06-28 19:00:00,0.18969823,0.16141556
2017-06-28 19:30:00,0.18969823,0.16212395
2017-06-28 20:00:00,0.18969823,0.15996112
2017-06-28 20:30:00,0.18969823,0.1542036
2017-06-28 21:00:00,0.18969823,0.1411889
2017-06-28 21:30:00,0.18969823,0.13761683
2017-06-28 22:00:00,0.18969823,0.13558587
2017-06-28 22:30:00,0.18969823,0.13023907
2017-06-28 23:00:00,0.18969823,0.1201069
2017-06-28 23:30:00,0.18969823,0.114149675
2017-06-29 00:00:00,0.18969823,0.10041152
2017-06-29 00:30:00,0.18969823,0.09191089
2017-06-29 01:00:00,0.18969823,0.116335124
2017-06-29 01:30:00,0.18969823,0.08502297
2017-06-29 02:00:00,0.18969823,0.115494855
2017-06-29 02:30:00,0.18969823,0.122265965
2017-06-29 03:00:00,0.18969823,0.12206626
2017-06-29 03:30:00,0.18969823,0.12544239
2017-06-29 04:00:00,0.18969823,0.12950808
2017-06-29 04:30:00,0.18969823,0.14191236
2017-06-29 05:00:00,0.18969823,0.16486706
2017-06-29 05:30:00,0.18969823,0.10975995
2017-06-29 06:00:00,0.18969823,0.09644004
2017-06-29 06:30:00,0.18969823,0.12559688
2017-06-29 07:00:00,0.18969823,0.10768001
2017-06-29 07:30:00,0.18969823,0.09040368
2017-06-29 08:00:00,0.18969823,0.04566989
2017-06-29 08:30:00,0.18969823,0.05094887
2017-06-29 09:00:00,0.18969823,0.039686292
2017-06-29 09:30:00,0.18969823,0.065222085
2017-06-29 10:00:00,0.18969823,0.021678979
2017-06-29 10:30:00,0.18969823,0.047101732
2017-06-29 11:00:00,0.18969823,0.011162467
2017-06-29 11:30:00,0.18969823,0.104028806
2017-06-29 12:00:00,0.18969823,0.06350764
2017-06-29 12:30:00,0.18969823,0.05904632
2017-06-29 13:00:00,0.18969823,0.10807941
2017-06-29 13:30:00,0.18969823,0.060052376
2017-06-29 14:00:00,0.18969823,0.008909198
2017-06-29 14:30:00,0.18969823,0.05836808
2017-06-29 15:00:00,0.18969823,0.04086568
2017-06-29 15:30:00,0.18969823,0.08176364
2017-06-29 16:00:00,0.18969823,0.08684292
2017-06-29 16:30:00,0.18969823,0.068417355
2017-06-29 17:00:00,0.18969823,0.06977761
2017-06-29 17:30:00,0.18969823,0.083760686
2017-06-29 18:00:00,0.18969823,0.08551281
2017-06-29 18:30:00,0.18969823,0.08161292
2017-06-29 19:00:00,0.18969823,0.09968806
2017-06-29 19:30:00,0.18969823,0.10555108
2017-06-29 20:00:00,0.18969823,0.072392605
2017-06-29 20:30:00,0.18969823,0.0649734
2017-06-29 21:00:00,0.18969823,0.067354776
2017-06-29 21:30:00,0.18969823,0.06605858
2017-06-29 22:00:00,0.18969823,0.0690956
2017-06-29 22:30:00,0.18969823,0.08484587
2017-06-29 23:00:00,0.18969823,0.07841012
2017-06-29 23:30:00,0.18969823,0.10810579
2017-06-30 00:00:00,0.18969823,0.11333202
2017-06-30 00:30:00,0.18969823,0.08841041
2017-06-30 01:00:00,0.18969823,0.07981935
2017-06-30 01:30:00,0.18969823,0.07609279
2017-06-30 02:00:00,0.18969823,0.07190653
2017-06-30 02:30:00,0.18969823,0.078044616
2017-06-30 03:00:00,0.18969823,0.0845482
2017-06-30 03:30:00,0.18969823,0.08206131
2017-06-30 04:00:00,0.18969823,0.08458965
2017-06-30 04:30:00,0.18969823,0.07372648
2017-06-30 05:00:00,0.18969823,0.0700376
2017-06-30 05:30:00,0.18969823,0.090200216
2017-06-30 06:00:00,0.18969823,0.08309375
2017-06-30 06:30:00,0.18969823,0.034927297
2017-06-30 07:00:00,0.18969823,0.073854595
2017-06-30 07:30:00,0.18969823,0.06195522
2017-06-30 08:00:00,0.18969823,0.06400125
2017-06-30 08:30:00,0.18969823,0.069088064
2017-06-30 09:00:00,0.18969823,0.111689165
2017-06-30 09:30:00,0.18969823,0.13161439
2017-06-30 10:00:00,0.18969823,0.09712204
2017-06-30 10:30:00,0.18969823,0.14622672
2017-06-30 11:00:00,0.18969823,0.08999674
2017-06-30 11:30:00,0.18969823,0.10249899
2017-06-30 12:00:00,0.18969823,0.14763972
2017-06-30 12:30:00,0.18969823,0.073847055
2017-06-30 13:00:00,0.18969823,0.08665075
2017-06-30 13:30:00,0.18969823,0.11440213
2017-06-30 14:00:00,0.18969823,0.11557022
2017-06-30 14:30:00,0.18969823,0.13457227
2017-06-30 15:00:00,0.18969823,0.09749885
2017-06-30 15:30:00,0.18969823,0.14544675
2017-06-30 16:00:00,0.18969823,0.15612152
2017-06-30 16:30:00,0.18969823,0.1683261
2017-06-30 17:00:00,0.18969823,0.17730527
2017-06-30 17:30:00,0.18969823,0.19650327
2017-06-30 18:00:00,0.18969823,0.20042199
2017-06-30 18:30:00,0.18969823,0.18901247
2017-06-30 19:00:00,0.18969823,0.19245265
2017-06-30 19:30:00,0.18969823,0.18452099
2017-06-30 20:00:00,0.18969823,0.18523692
2017-06-30 20:30:00,0.18969823,0.17567748
2017-06-30 21:00:00,0.18969823,0.16761017
2017-06-30 21:30:00,0.18969823,0.16135152
2017-06-30 22:00:00,0.18969823,0.1552511
2017-06-30 22:30:00,0.18969823,0.16033415
2017-06-30 23:00:00,0.18969823,0.16614819
2017-06-30 23:30:00,0.18969823,0.16748583
2017-07-01 00:00:00,0.18969823,0.16918144
2017-07-01 00:30:00,0.18969823,0.16510068
2017-07-01 01:00:00,0.18969823,0.16858232
2017-07-01 01:30:00,0.18969823,0.18205296
2017-07-01 02:00:00,0.18969823,0.19039533
2017-07-01 02:30:00,0.18969823,0.2001733
2017-07-01 03:00:00,0.18969823,0.2065563
2017-07-01 03:30:00,0.18969823,0.164592
2017-07-01 04:00:00,0.18969823,0.2137193
2017-07-01 04:30:00,0.18969823,0.2118579
2017-07-01 05:00:00,0.18969823,0.20366248
2017-07-01 05:30:00,0.18969823,0.19740759
2017-07-01 06:00:00,0.18969823,0.19461173
2017-07-01 06:30:00,0.18969823,0.1829309
2017-07-01 07:00:00,0.18969823,0.15880434
2017-07-01 07:30:00,0.18969823,0.15720293
2017-07-01 08:00:00,0.18969823,0.15127963
2017-07-01 08:30:00,0.18969823,0.14419577
2017-07-01 09:00:00,0.18969823,0.12720959
2017-07-01 09:30:00,0.18969823,0.12447778
2017-07-01 10:00:00,0.18969823,0.09984255
2017-07-01 10:30:00,0.18969823,0.036521167
2017-07-01 11:00:00,0.18969823,0.14182946
2017-07-01 11:30:00,0.18969823,0.14849506
2017-07-01 12:00:00,0.18969823,0.14669773
2017-07-01 12:30:00,0.18969823,0.09677539
2017-07-01 13:00:00,0.18969823,0.105196886
2017-07-01 13:30:00,0.18969823,0.12633918
2017-07-01 14:00:00,0.18969823,0.091884516
2017-07-01 14:30:00,0.18969823,0.13358882
2017-07-01 15:00:00,0.18969823,0.12513341
2017-07-01 15:30:00,0.18969823,0.10311318
2017-07-01 16:00:00,0.18969823,0.100773245
2017-07-01 16:30:00,0.18969823,0.0783649
2017-07-01 17:00:00,0.18969823,0.10450357
2017-07-01 17:30:00,0.18969823,0.09794724
2017-07-01 18:00:00,0.18969823,0.09761189
2017-07-01 18:30:00,0.18969823,0.092709705
2017-07-01 19:00:00,0.18969823,0.09921706
2017-07-01 19:30:00,0.18969823,0.10661366
2017-07-01 20:00:00,0.18969823,0.102054365
2017-07-01 20:30:00,0.18969823,0.10377258
2017-07-01 21:00:00,0.18969823,0.10250653
2017-07-01 21:30:00,0.18969823,0.056239154
2017-07-01 22:00:00,0.18969823,0.09666235
2017-07-01 22:30:00,0.18969823,0.09720871
2017-07-01 23:00:00,0.18969823,0.09749885
2017-07-01 23:30:00,0.18969823,0.09978603
2017-07-02 00:00:00,0.18969823,0.1116138
2017-07-02 00:30:00,0.18969823,0.114096925
2017-07-02 01:00:00,0.18969823,0.11428909
2017-07-02 01:30:00,0.18969823,0.131166
2017-07-02 02:00:00,0.18969823,0.13057442
2017-07-02 02:30:00,0.18969823,0.12845303
2017-07-02 03:00:00,0.18969823,0.12636556
2017-07-02 03:30:00,0.18969823,0.12835129
2017-07-02 04:00:00,0.18969823,0.13918056
2017-07-02 04:30:00,0.18969823,0.1041946
2017-07-02 05:00:00,0.18969823,0.110803686
2017-07-02 05:30:00,0.18969823,0.08299955
2017-07-02 06:00:00,0.18969823,0.09392301
2017-07-02 06:30:00,0.18969823,0.11664786
2017-07-02 07:00:00,0.18969823,0.123547085
2017-07-02 07:30:00,0.18969823,0.09153032
2017-07-02 08:00:00,0.18969823,0.105701804
2017-07-02 08:30:00,0.18969823,0.13210046
2017-07-02 09:00:00,0.18969823,0.13902983
2017-07-02 09:30:00,0.18969823,0.13232277
2017-07-02 10:00:00,0.18969823,0.13474183
2017-07-02 10:30:00,0.18969823,0.15842754
2017-07-02 11:00:00,0.18969823,0.12835129
2017-07-02 11:30:00,0.18969823,0.11845651
2017-07-02 12:00:00,0.18969823,0.06871126
2017-07-02 12:30:00,0.18969823,0.13318941
2017-07-02 13:00:00,0.18969823,0.14444822
2017-07-02 13:30:00,0.18969823,0.13562731
2017-07-02 14:00:00,0.18969823,0.14062746
2017-07-02 14:30:00,0.18969823,0.14346854
2017-07-02 15:00:00,0.18969823,0.14866462
2017-07-02 15:30:00,0.18969823,0.15655106
2017-07-02 16:00:00,0.18969823,0.17390275
2017-07-02 16:30:00,0.18969823,0.16593342
2017-07-02 17:00:00,0.18969823,0.20394884
2017-07-02 17:30:00,0.18969823,0.16709772
2017-07-02 18:00:00,0.18969823,0.21484593
2017-07-02 18:30:00,0.18969823,0.20671457
2017-07-02 19:00:00,0.18969823,0.20368509
2017-07-02 19:30:00,0.18969823,0.19663514
2017-07-02 20:00:00,0.18969823,0.19665022
2017-07-02 20:30:00,0.18969823,0.20656385
2017-07-02 21:00:00,0.18969823,0.21213296
2017-07-02 21:30:00,0.18969823,0.21216688
2017-07-02 22:00:00,0.18969823,0.21342915
2017-07-02 22:30:00,0.18969823,0.2115527
2017-07-02 23:00:00,0.18969823,0.21499665
2017-07-02 23:30:00,0.18969823,0.2142958
2017-07-03 00:00:00,0.18969823,0.22141357
2017-07-03 00:30:00,0.18969823,0.21284135
2017-07-03 01:00:00,0.18969823,0.2058856
2017-07-03 01:30:00,0.18969823,0.19833452
2017-07-03 02:00:00,0.18969823,0.19416332
2017-07-03 02:30:00,0.18969823,0.1950865
2017-07-03 03:00:00,0.18969823,0.20151095
2017-07-03 03:30:00,0.18969823,0.20729107
2017-07-03 04:00:00,0.18969823,0.20559546
2017-07-03 04:30:00,0.18969823,0.20929189
2017-07-03 05:00:00,0.18969823,0.20708759
2017-07-03 05:30:00,0.18969823,0.19921246
2017-07-03 06:00:00,0.18969823,0.19683108
2017-07-03 06:30:00,0.18969823,0.19417463
2017-07-03 07:00:00,0.18969823,0.17949824
2017-07-03 07:30:00,0.18969823,0.16799451
2017-07-03 08:00:00,0.18969823,0.15962952
2017-07-03 08:30:00,0.18969823,0.1661595
2017-07-03 09:00:00,0.18969823,0.09100657
2017-07-03 09:30:00,0.18969823,0.10125178
2017-07-03 10:00:00,0.18969823,0.03482933
2017-07-03 10:30:00,0.18969823,0.11670815
2017-07-03 11:00:00,0.18969823,0.07313114
2017-07-03 11:30:00,0.18969823,0.1146998
2017-07-03 12:00:00,0.18969823,0.08092715
2017-07-03 12:30:00,0.18969823,0.11379925
2017-07-03 13:00:00,0.18969823,0.11855071
2017-07-03 13:30:00,0.18969823,0.09731798
2017-07-03 14:00:00,0.18969823,0.11699829
2017-07-03 14:30:00,0.18969823,0.10639135
2017-07-03 15:00:00,0.18969823,0.10876142
2017-07-03 15:30:00,0.18969823,0.12023501
2017-07-03 16:00:00,0.18969823,0.10238595
2017-07-03 16:30:00,0.18969823,0.11626353
2017-07-03 17:00:00,0.18969823,0.12918779
2017-07-03 17:30:00,0.18969823,0.1509292
2017-07-03 18:00:00,0.18969823,0.15677337
2017-07-03 18:30:00,0.18969823,0.15345377
2017-07-03 19:00:00,0.18969823,0.14802784
2017-07-03 19:30:00,0.18969823,0.12834753
2017-07-03 20:00:00,0.18969823,0.10722031
2017-07-03 20:30:00,0.18969823,0.10108599
2017-07-03 21:00:00,0.18969823,0.095795706
2017-07-03 21:30:00,0.18969823,0.11783102
2017-07-03 22:00:00,0.18969823,0.113433756
2017-07-03 22:30:00,0.18969823,0.11042688
2017-07-03 23:00:00,0.18969823,0.10762349
2017-07-03 23:30:00,0.18969823,0.10728813
2017-07-04 00:00:00,0.18969823,0.11113527
2017-07-04 00:30:00,0.18969823,0.11691163
2017-07-04 01:00:00,0.18969823,0.120197326
2017-07-04 01:30:00,0.18969823,0.11262363
2017-07-04 02:00:00,0.18969823,0.09194857
2017-07-04 02:30:00,0.18969823,0.11709626
2017-07-04 03:00:00,0.18969823,0.11651599
2017-07-04 03:30:00,0.18969823,0.115890495
2017-07-04 04:00:00,0.18969823,0.11729973
2017-07-04 04:30:00,0.18969823,0.091568
2017-07-04 05:00:00,0.18969823,0.09598034
2017-07-04 05:30:00,0.18969823,0.095852226
2017-07-04 06:00:00,0.18969823,0.09117236
2017-07-04 06:30:00,0.18969823,0.078489244
2017-07-04 07:00:00,0.18969823,0.082423046
2017-07-04 07:30:00,0.18969823,0.10967705
2017-07-04 08:00:00,0.18969823,0.08421662
2017-07-04 08:30:00,0.18969823,0.10113874
2017-07-04 09:00:00,0.18969823,0.055990465
2017-07-04 09:30:00,0.18969823,0.056201473
2017-07-04 10:00:00,0.18969823,0.070109196
2017-07-04 10:30:00,0.18969823,0.039358474
2017-07-04 11:00:00,0.18969823,0.014011082
2017-07-04 11:30:00,0.18969823,0.05242593
2017-07-04 12:00:00,0.18969823,0.012059254
2017-07-04 12:30:00,0.18969823,0.012070558
2017-07-04 13:00:00,0.18969823,0.015789581
2017-07-04 13:30:00,0.18969823,0.049143992
2017-07-04 14:00:00,0.18969823,0.07007151
2017-07-04 14:30:00,0.18969823,0.012112006
2017-07-04 15:00:00,0.18969823,0.040243957
2017-07-04 15:30:00,0.18969823,0.08349316
2017-07-04 16:00:00,0.18969823,0.068967484
2017-07-04 16:30:00,0.18969823,0.08945038
2017-07-04 17:00:00,0.18969823,0.06261463
2017-07-04 17:30:00,0.18969823,0.06210971
2017-07-04 18:00:00,0.18969823,0.068300545
2017-07-04 18:30:00,0.18969823,0.068650976
2017-07-04 19:00:00,0.18969823,0.0693782
2017-07-04 19:30:00,0.18969823,0.067855924
2017-07-04 20:00:00,0.18969823,0.059355296
2017-07-04 20:30:00,0.18969823,0.084932536
2017-07-04 21:00:00,0.18969823,0.08656786
2017-07-04 21:30:00,0.18969823,0.08250594
2017-07-04 22:00:00,0.18969823,0.08217435
2017-07-04 22:30:00,0.18969823,0.05571163
2017-07-04 23:00:00,0.18969823,0.05528208
2017-07-04 23:30:00,0.18969823,0.062814325
2017-07-05 00:00:00,0.18969823,0.05435892
2017-07-05 00:30:00,0.18969823,0.054664128
2017-07-05 01:00:00,0.18969823,0.04426442
2017-07-05 01:30:00,0.18969823,0.048062574
2017-07-05 02:00:00,0.18969823,0.04133291
2017-07-05 02:30:00,0.18969823,0.041404504
2017-07-05 03:00:00,0.18969823,0.044765566
2017-07-05 03:30:00,0.18969823,0.04635567
2017-07-05 04:00:00,0.18969823,0.0756557
2017-07-05 04:30:00,0.18969823,0.07075352
2017-07-05 05:00:00,0.18969823,0.053281266
2017-07-05 05:30:00,0.18969823,0.047455925
2017-07-05 06:00:00,0.18969823,0.041702177
2017-07-05 06:30:00,0.18969823,0.039855853
2017-07-05 07:00:00,0.18969823,0.04470528
2017-07-05 07:30:00,0.18969823,0.02542438
2017-07-05 08:00:00,0.18969823,0.033608492
2017-07-05 08:30:00,0.18969823,0.028284298
2017-07-05 09:00:00,0.18969823,0.023649648
2017-07-05 09:30:00,0.18969823,0.072784476
2017-07-05 10:00:00,0.18969823,0.012971112
2017-07-05 10:30:00,0.18969823,0.013359217
2017-07-05 11:00:00,0.18969823,-0.00078965555
2017-07-05 11:30:00,0.18969823,0.03976165
2017-07-05 12:00:00,0.18969823,0.0466345
2017-07-05 12:30:00,0.18969823,-0.0140982615
2017-07-05 13:00:00,0.18969823,0.013604137
2017-07-05 13:30:00,0.18969823,0.06729072
2017-07-05 14:00:00,0.18969823,0.05287809
2017-07-05 14:30:00,0.18969823,0.066337414
2017-07-05 15:00:00,0.18969823,-0.004120575
2017-07-05 15:30:00,0.18969823,0.060553525
2017-07-05 16:00:00,0.18969823,0.058292717
2017-07-05 16:30:00,0.18969823,0.057655923
2017-07-05 17:00:00,0.18969823,0.061857253
2017-07-05 17:30:00,0.18969823,0.063993715
2017-07-05 18:00:00,0.18969823,0.06666523
2017-07-05 18:30:00,0.18969823,0.06513919
2017-07-05 19:00:00,0.18969823,0.060594972
2017-07-05 19:30:00,0.18969823,0.05929501
2017-07-05 20:00:00,0.18969823,0.06283317
2017-07-05 20:30:00,0.18969823,0.06440443
2017-07-05 21:00:00,0.18969823,0.072053485
2017-07-05 21:30:00,0.18969823,0.06729449
2017-07-05 22:00:00,0.18969823,0.06263723
2017-07-05 22:30:00,0.18969823,0.029704837
2017-07-05 23:00:00,0.18969823,0.027067231
2017-07-05 23:30:00,0.18969823,0.05435515
2017-07-06 00:00:00,0.18969823,0.035658292
2017-07-06 00:30:00,0.18969823,0.03421891
2017-07-06 01:00:00,0.18969823,0.06868112
2017-07-06 01:30:00,0.18969823,0.05454355
2017-07-06 02:00:00,0.18969823,0.0695553
2017-07-06 02:30:00,0.18969823,0.052222457
2017-07-06 03:00:00,0.18969823,0.074299216
2017-07-06 03:30:00,0.18969823,0.03594466
2017-07-06 04:00:00,0.18969823,0.034452528
2017-07-06 04:30:00,0.18969823,0.036106683
2017-07-06 05:00:00,0.18969823,0.033762984
2017-07-06 05:30:00,0.18969823,0.04160421
2017-07-06 06:00:00,0.18969823,0.041325375
2017-07-06 06:30:00,0.18969823,0.04213173
2017-07-06 07:00:00,0.18969823,0.033148795
2017-07-06 07:30:00,0.18969823,0.034132246
2017-07-06 08:00:00,0.18969823,0.019135574
2017-07-06 08:30:00,0.18969823,0.024011377
2017-07-06 09:00:00,0.18969823,0.02528873
2017-07-06 09:30:00,0.18969823,0.0166826
2017-07-06 10:00:00,0.18969823,0.012925896
2017-07-06 10:30:00,0.18969823,0.035782635
2017-07-06 11:00:00,0.18969823,-0.004429552
2017-07-06 11:30:00,0.18969823,0.029591797
2017-07-06 12:00:00,0.18969823,0.04901965
2017-07-06 12:30:00,0.18969823,0.03766664
2017-07-06 13:00:00,0.18969823,-0.014120869
2017-07-06 13:30:00,0.18969823,0.0037281867
2017-07-06 14:00:00,0.18969823,0.030582784
2017-07-06 14:30:00,0.18969823,0.060934093
2017-07-06 15:00:00,0.18969823,0.045074545
2017-07-06 15:30:00,0.18969823,0.0447731
2017-07-06 16:00:00,0.18969823,0.035179753
2017-07-06 16:30:00,0.18969823,0.018969782
2017-07-06 17:00:00,0.18969823,0.02294503
2017-07-06 17:30:00,0.18969823,0.021874916
2017-07-06 18:00:00,0.18969823,0.025247283
2017-07-06 18:30:00,0.18969823,0.04337894
2017-07-06 19:00:00,0.18969823,0.04411747
2017-07-06 19:30:00,0.18969823,0.025887845
2017-07-06 20:00:00,0.18969823,0.041721016
2017-07-06 20:30:00,0.18969823,0.029418468
2017-07-06 21:00:00,0.18969823,0.04977702
2017-07-06 21:30:00,0.18969823,0.049724266
2017-07-06 22:00:00,0.18969823,0.053865306
2017-07-06 22:30:00,0.18969823,0.05612988
2017-07-06 23:00:00,0.18969823,0.026675358
2017-07-06 23:30:00,0.18969823,0.061454076
2017-07-07 00:00:00,0.18969823,0.066902615
2017-07-07 00:30:00,0.18969823,0.06818374
2017-07-07 01:00:00,0.18969823,0.058643144
2017-07-07 01:30:00,0.18969823,0.05073786
2017-07-07 02:00:00,0.18969823,0.051076982
2017-07-07 02:30:00,0.18969823,0.0726639
2017-07-07 03:00:00,0.18969823,0.07170306
2017-07-07 03:30:00,0.18969823,0.058202285
2017-07-07 04:00:00,0.18969823,0.04530439
2017-07-07 04:30:00,0.18969823,0.0412048
2017-07-07 05:00:00,0.18969823,0.040703654
2017-07-07 05:30:00,0.18969823,0.07179726
2017-07-07 06:00:00,0.18969823,0.05652552
2017-07-07 06:30:00,0.18969823,0.029655853
2017-07-07 07:00:00,0.18969823,0.022960102
2017-07-07 07:30:00,0.18969823,0.01598175
2017-07-07 08:00:00,0.18969823,0.020454377
2017-07-07 08:30:00,0.18969823,0.015412781
2017-07-07 09:00:00,0.18969823,0.009881345
2017-07-07 09:30:00,0.18969823,0.0017236061
2017-07-07 10:00:00,0.18969823,-0.0020029543
2017-07-07 10:30:00,0.18969823,0.040699888
2017-07-07 11:00:00,0.18969823,-0.017952934
2017-07-07 11:30:00,0.18969823,-0.014946063
2017-07-07 12:00:00,0.18969823,0.012428518
2017-07-07 12:30:00,0.18969823,0.044332247
2017-07-07 13:00:00,0.18969823,-0.013284371
2017-07-07 13:30:00,0.18969823,0.0027673445
2017-07-07 14:00:00,0.18969823,0.016746657
2017-07-07 14:30:00,0.18969823,0.019708311
2017-07-07 15:00:00,0.18969823,0.017504025
2017-07-07 15:30:00,0.18969823,0.027515624
2017-07-07 16:00:00,0.18969823,0.040458735
2017-07-07 16:30:00,0.18969823,0.059430655
2017-07-07 17:00:00,0.18969823,0.059777312
2017-07-07 17:30:00,0.18969823,0.059509784
2017-07-07 18:00:00,0.18969823,0.06119785
2017-07-07 18:30:00,0.18969823,0.0723813
2017-07-07 19:00:00,0.18969823,0.07323664
2017-07-07 19:30:00,0.18969823,0.057184923
2017-07-07 20:00:00,0.18969823,0.07545976
2017-07-07 20:30:00,0.18969823,0.07067063
2017-07-07 21:00:00,0.18969823,0.06857184
2017-07-07 21:30:00,0.18969823,0.059166897
2017-07-07 22:00:00,0.18969823,0.051917247
2017-07-07 22:30:00,0.18969823,0.03631769
2017-07-07 23:00:00,0.18969823,0.047972143
2017-07-07 23:30:00,0.18969823,0.04739187
2017-07-08 00:00:00,0.18969823,0.080109484
2017-07-08 00:30:00,0.18969823,0.08389634
2017-07-08 01:00:00,0.18969823,0.08981965
2017-07-08 01:30:00,0.18969823,0.08699364
2017-07-08 02:00:00,0.18969823,0.060764533
2017-07-08 02:30:00,0.18969823,0.066793345
2017-07-08 03:00:00,0.18969823,0.0618874
2017-07-08 03:30:00,0.18969823,0.06551599
2017-07-08 04:00:00,0.18969823,0.065512225
2017-07-08 04:30:00,0.18969823,0.06739246
2017-07-08 05:00:00,0.18969823,0.06359054
2017-07-08 05:30:00,0.18969823,0.058236197
2017-07-08 06:00:00,0.18969823,0.06111119
2017-07-08 06:30:00,0.18969823,0.062441297
2017-07-08 07:00:00,0.18969823,0.062818095
2017-07-08 07:30:00,0.18969823,0.06339837
2017-07-08 08:00:00,0.18969823,0.055949017
2017-07-08 08:30:00,0.18969823,0.06256187
2017-07-08 09:00:00,0.18969823,0.06346996
2017-07-08 09:30:00,0.18969823,0.06220391
2017-07-08 10:00:00,0.18969823,0.049735572
2017-07-08 10:30:00,0.18969823,0.06857184
2017-07-08 11:00:00,0.18969823,0.08529803
2017-07-08 11:30:00,0.18969823,0.0759383
2017-07-08 12:00:00,0.18969823,0.06677074
2017-07-08 12:30:00,0.18969823,0.098252445
2017-07-08 13:00:00,0.18969823,0.04524787
2017-07-08 13:30:00,0.18969823,0.051732615
2017-07-08 14:00:00,0.18969823,0.08075759
2017-07-08 14:30:00,0.18969823,0.08529803
2017-07-08 15:00:00,0.18969823,0.09945821
2017-07-08 15:30:00,0.18969823,0.083195485
2017-07-08 16:00:00,0.18969823,0.08632293
2017-07-08 16:30:00,0.18969823,0.08575019
2017-07-08 17:00:00,0.18969823,0.089465454
2017-07-08 17:30:00,0.18969823,0.0712509
2017-07-08 18:00:00,0.18969823,0.08092338
2017-07-08 18:30:00,0.18969823,0.07755478
2017-07-08 19:00:00,0.18969823,0.07283723
2017-07-08 19:30:00,0.18969823,0.04642349
2017-07-08 20:00:00,0.18969823,0.045018025
2017-07-08 20:30:00,0.18969823,0.05429486
2017-07-08 21:00:00,0.18969823,0.058756184
2017-07-08 21:30:00,0.18969823,0.052908234
2017-07-08 22:00:00,0.18969823,0.051502768
2017-07-08 22:30:00,0.18969823,0.075859174
2017-07-08 23:00:00,0.18969823,0.058601696
2017-07-08 23:30:00,0.18969823,0.06458529
2017-07-09 00:00:00,0.18969823,0.07173697
2017-07-09 00:30:00,0.18969823,0.077939115
2017-07-09 01:00:00,0.18969823,0.079834424
2017-07-09 01:30:00,0.18969823,0.09548296
2017-07-09 02:00:00,0.18969823,0.09213697
2017-07-09 02:30:00,0.18969823,0.08747594
2017-07-09 03:00:00,0.18969823,0.053511117
2017-07-09 03:30:00,0.18969823,0.08975559
2017-07-09 04:00:00,0.18969823,0.091488875
2017-07-09 04:30:00,0.18969823,0.09469168
2017-07-09 05:00:00,0.18969823,0.0960557
2017-07-09 05:30:00,0.18969823,0.097585514
2017-07-09 06:00:00,0.18969823,0.09398329
2017-07-09 06:30:00,0.18969823,0.061725374
2017-07-09 07:00:00,0.18969823,0.055628736
2017-07-09 07:30:00,0.18969823,0.039034426
2017-07-09 08:00:00,0.18969823,0.03454673
2017-07-09 08:30:00,0.18969823,0.058074173
2017-07-09 09:00:00,0.18969823,0.01624551
2017-07-09 09:30:00,0.18969823,0.039354708
2017-07-09 10:00:00,0.18969823,0.02536786
2017-07-09 10:30:00,0.18969823,0.073620975
2017-07-09 11:00:00,0.18969823,0.0029369048
2017-07-09 11:30:00,0.18969823,0.055613663
2017-07-09 12:00:00,0.18969823,-0.027226003
2017-07-09 12:30:00,0.18969823,0.04699623
2017-07-09 13:00:00,0.18969823,0.062995195
2017-07-09 13:30:00,0.18969823,0.05113727
2017-07-09 14:00:00,0.18969823,0.06231695
2017-07-09 14:30:00,0.18969823,-0.0034536377
2017-07-09 15:00:00,0.18969823,0.054189358
2017-07-09 15:30:00,0.18969823,0.065678015
2017-07-09 16:00:00,0.18969823,0.037881415
2017-07-09 16:30:00,0.18969823,0.05845851
2017-07-09 17:00:00,0.18969823,0.069984846
2017-07-09 17:30:00,0.18969823,0.06748666
2017-07-09 18:00:00,0.18969823,0.07230594
2017-07-09 18:30:00,0.18969823,0.07824809
2017-07-09 19:00:00,0.18969823,0.09055817
2017-07-09 19:30:00,0.18969823,0.08260391
2017-07-09 20:00:00,0.18969823,0.08852722
2017-07-09 20:30:00,0.18969823,0.09767217
2017-07-09 21:00:00,0.18969823,0.096172504
2017-07-09 21:30:00,0.18969823,0.09986892
2017-07-09 22:00:00,0.18969823,0.09989907
2017-07-09 22:30:00,0.18969823,0.09595019
2017-07-09 23:00:00,0.18969823,0.09659453
2017-07-09 23:30:00,0.18969823,0.10476357
2017-07-10 00:00:00,0.18969823,0.109172136
2017-07-10 00:30:00,0.18969823,0.08440125
2017-07-10 01:00:00,0.18969823,0.08701625
2017-07-10 01:30:00,0.18969823,0.08575396
2017-07-10 02:00:00,0.18969823,0.085655995
2017-07-10 02:30:00,0.18969823,0.100057326
2017-07-10 03:00:00,0.18969823,0.0841827
2017-07-10 03:30:00,0.18969823,0.060794674
2017-07-10 04:00:00,0.18969823,0.061567117
2017-07-10 04:30:00,0.18969823,0.052749977
2017-07-10 05:00:00,0.18969823,0.04852604
2017-07-10 05:30:00,0.18969823,0.054494563
2017-07-10 06:00:00,0.18969823,0.060059913
2017-07-10 06:30:00,0.18969823,0.07704233
2017-07-10 07:00:00,0.18969823,0.07984573
2017-07-10 07:30:00,0.18969823,0.083252005
2017-07-10 08:00:00,0.18969823,0.08368909
2017-07-10 08:30:00,0.18969823,0.07981558
2017-07-10 09:00:00,0.18969823,0.04580177
2017-07-10 09:30:00,0.18969823,0.042305056
2017-07-10 10:00:00,0.18969823,0.03683391
2017-07-10 10:30:00,0.18969823,0.061747983
2017-07-10 11:00:00,0.18969823,0.06390328
2017-07-10 11:30:00,0.18969823,0.027854744
2017-07-10 12:00:00,0.18969823,-0.006053563
2017-07-10 12:30:00,0.18969823,0.0045307726
2017-07-10 13:00:00,0.18969823,0.052923307
2017-07-10 13:30:00,0.18969823,0.019384261
2017-07-10 14:00:00,0.18969823,0.046016548
2017-07-10 14:30:00,0.18969823,0.08226479
2017-07-10 15:00:00,0.18969823,0.057520278
2017-07-10 15:30:00,0.18969823,0.05942312
2017-07-10 16:00:00,0.18969823,0.08562585
2017-07-10 16:30:00,0.18969823,0.0614164
2017-07-10 17:00:00,0.18969823,0.08695219
2017-07-10 17:30:00,0.18969823,0.111459315
2017-07-10 18:00:00,0.18969823,0.12720582
2017-07-10 18:30:00,0.18969823,0.12662931
2017-07-10 19:00:00,0.18969823,0.13718727
2017-07-10 19:30:00,0.18969823,0.13694236
2017-07-10 20:00:00,0.18969823,0.12997907
2017-07-10 20:30:00,0.18969823,0.1275261
2017-07-10 21:00:00,0.18969823,0.12762783
2017-07-10 21:30:00,0.18969823,0.12430822
2017-07-10 22:00:00,0.18969823,0.12275204
2017-07-10 22:30:00,0.18969823,0.1269609
2017-07-10 23:00:00,0.18969823,0.12777856
2017-07-10 23:30:00,0.18969823,0.12785392
2017-07-11 00:00:00,0.18969823,0.09191466
2017-07-11 00:30:00,0.18969823,0.10021935
2017-07-11 01:00:00,0.18969823,0.10741624
2017-07-11 01:30:00,0.18969823,0.10608237
2017-07-11 02:00:00,0.18969823,0.13178018
2017-07-11 02:30:00,0.18969823,0.12996024
2017-07-11 03:00:00,0.18969823,0.13129035
2017-07-11 03:30:00,0.18969823,0.13425577
2017-07-11 04:00:00,0.18969823,0.13892056
2017-07-11 04:30:00,0.18969823,0.14282422
2017-07-11 05:00:00,0.18969823,0.14438793
2017-07-11 05:30:00,0.18969823,0.15143411
2017-07-11 06:00:00,0.18969823,0.152037
2017-07-11 06:30:00,0.18969823,0.14896983
2017-07-11 07:00:00,0.18969823,0.13068369
2017-07-11 07:30:00,0.18969823,0.11895388
2017-07-11 08:00:00,0.18969823,0.10553978
2017-07-11 08:30:00,0.18969823,0.10355027
2017-07-11 09:00:00,0.18969823,0.09661336
2017-07-11 09:30:00,0.18969823,0.087223485
2017-07-11 10:00:00,0.18969823,0.07762637
2017-07-11 10:30:00,0.18969823,0.07544469
2017-07-11 11:00:00,0.18969823,0.060399033
2017-07-11 11:30:00,0.18969823,0.054072548
2017-07-11 12:00:00,0.18969823,0.10273261
2017-07-11 12:30:00,0.18969823,0.094333716
2017-07-11 13:00:00,0.18969823,0.10028717
2017-07-11 13:30:00,0.18969823,0.09347838
2017-07-11 14:00:00,0.18969823,0.060003392
2017-07-11 14:30:00,0.18969823,0.0886478
2017-07-11 15:00:00,0.18969823,0.09571658
2017-07-11 15:30:00,0.18969823,0.08217435
2017-07-11 16:00:00,0.18969823,0.08232131
2017-07-11 16:30:00,0.18969823,0.09163206
2017-07-11 17:00:00,0.18969823,0.10605223
2017-07-11 17:30:00,0.18969823,0.10991067
2017-07-11 18:00:00,0.18969823,0.12417257
2017-07-11 18:30:00,0.18969823,0.13135816
2017-07-11 19:00:00,0.18969823,0.12794058
2017-07-11 19:30:00,0.18969823,0.13916925
2017-07-11 20:00:00,0.18969823,0.12662931
2017-07-11 20:30:00,0.18969823,0.12372418
2017-07-11 21:00:00,0.18969823,0.13459866
2017-07-11 21:30:00,0.18969823,0.12522762
2017-07-11 22:00:00,0.18969823,0.13037094
2017-07-11 22:30:00,0.18969823,0.11865245
2017-07-11 23:00:00,0.18969823,0.12771827
2017-07-11 23:30:00,0.18969823,0.12289899
2017-07-12 00:00:00,0.18969823,0.116229616
2017-07-12 00:30:00,0.18969823,0.10504617
2017-07-12 01:00:00,0.18969823,0.11280073
2017-07-12 01:30:00,0.18969823,0.12567978
2017-07-12 02:00:00,0.18969823,0.123061016
2017-07-12 02:30:00,0.18969823,0.12853593
2017-07-12 03:00:00,0.18969823,0.14038254
2017-07-12 03:30:00,0.18969823,0.14730814
2017-07-12 04:00:00,0.18969823,0.14309551
2017-07-12 04:30:00,0.18969823,0.13543138
2017-07-12 05:00:00,0.18969823,0.123935185
2017-07-12 05:30:00,0.18969823,0.106040925
2017-07-12 06:00:00,0.18969823,0.09595396
2017-07-12 06:30:00,0.18969823,0.09162075
2017-07-12 07:00:00,0.18969823,0.085607015
2017-07-12 07:30:00,0.18969823,0.088964306
2017-07-12 08:00:00,0.18969823,0.06995847
2017-07-12 08:30:00,0.18969823,0.08120221
2017-07-12 09:00:00,0.18969823,0.068424895
2017-07-12 09:30:00,0.18969823,0.11474125
2017-07-12 10:00:00,0.18969823,0.082249716
2017-07-12 10:30:00,0.18969823,0.08234768
2017-07-12 11:00:00,0.18969823,0.09561484
2017-07-12 11:30:00,0.18969823,0.09419807
2017-07-12 12:00:00,0.18969823,0.08439748
2017-07-12 12:30:00,0.18969823,0.07954805
2017-07-12 13:00:00,0.18969823,0.07981181
2017-07-12 13:30:00,0.18969823,0.059807457
2017-07-12 14:00:00,0.18969823,0.06879792
2017-07-12 14:30:00,0.18969823,0.062814325
2017-07-12 15:00:00,0.18969823,0.07007905
2017-07-12 15:30:00,0.18969823,0.09309404
2017-07-12 16:00:00,0.18969823,0.06623568
2017-07-12 16:30:00,0.18969823,0.08987993
2017-07-12 17:00:00,0.18969823,0.09105555
2017-07-12 17:30:00,0.18969823,0.09816202
2017-07-12 18:00:00,0.18969823,0.1035352
2017-07-12 18:30:00,0.18969823,0.09301115
2017-07-12 19:00:00,0.18969823,0.09214074
2017-07-12 19:30:00,0.18969823,0.09090483
2017-07-12 20:00:00,0.18969823,0.083372585
2017-07-12 20:30:00,0.18969823,0.0766806
2017-07-12 21:00:00,0.18969823,0.07545223
2017-07-12 21:30:00,0.18969823,0.07169552
2017-07-12 22:00:00,0.18969823,0.054848757
2017-07-12 22:30:00,0.18969823,0.053130545
2017-07-12 23:00:00,0.18969823,0.043371405
2017-07-12 23:30:00,0.18969823,0.036197115
2017-07-13 00:00:00,0.18969823,0.0339966
2017-07-13 00:30:00,0.18969823,0.035914514
2017-07-13 01:00:00,0.18969823,0.038333576
2017-07-13 01:30:00,0.18969823,0.040782783
2017-07-13 02:00:00,0.18969823,0.04622002
2017-07-13 02:30:00,0.18969823,0.039497893
2017-07-13 03:00:00,0.18969823,0.04076394
2017-07-13 03:30:00,0.18969823,0.04156653
2017-07-13 04:00:00,0.18969823,0.041932024
2017-07-13 04:30:00,0.18969823,0.04368038
2017-07-13 05:00:00,0.18969823,0.042293753
2017-07-13 05:30:00,0.18969823,0.046453636
2017-07-13 06:00:00,0.18969823,0.054814845
2017-07-13 06:30:00,0.18969823,0.051223934
2017-07-13 07:00:00,0.18969823,0.0526294
2017-07-13 07:30:00,0.18969823,0.040714957
2017-07-13 08:00:00,0.18969823,0.026159141
2017-07-13 08:30:00,0.18969823,0.027628664
2017-07-13 09:00:00,0.18969823,0.037745766
2017-07-13 09:30:00,0.18969823,0.044803247
2017-07-13 10:00:00,0.18969823,0.05142364
2017-07-13 10:30:00,0.18969823,0.03323923
2017-07-13 11:00:00,0.18969823,0.096063234
2017-07-13 11:30:00,0.18969823,0.099932976
2017-07-13 12:00:00,0.18969823,0.05302504
2017-07-13 12:30:00,0.18969823,0.06395604
2017-07-13 13:00:00,0.18969823,0.03588814
2017-07-13 13:30:00,0.18969823,0.049068633
2017-07-13 14:00:00,0.18969823,0.046280306
2017-07-13 14:30:00,0.18969823,0.049517024
2017-07-13 15:00:00,0.18969823,0.044803247
2017-07-13 15:30:00,0.18969823,0.090305716
2017-07-13 16:00:00,0.18969823,0.070425704
2017-07-13 16:30:00,0.18969823,0.04089959
2017-07-13 17:00:00,0.18969823,0.042568818
2017-07-13 17:30:00,0.18969823,0.05060975
2017-07-13 18:00:00,0.18969823,0.08866286
2017-07-13 18:30:00,0.18969823,0.09392301
2017-07-13 19:00:00,0.18969823,0.090192676
2017-07-13 19:30:00,0.18969823,0.09152655
2017-07-13 20:00:00,0.18969823,0.07352301
2017-07-13 20:30:00,0.18969823,0.054724414
2017-07-13 21:00:00,0.18969823,0.0699547
2017-07-13 21:30:00,0.18969823,0.07038803
2017-07-13 22:00:00,0.18969823,0.063379526
2017-07-13 22:30:00,0.18969823,0.06131089
2017-07-13 23:00:00,0.18969823,0.062211446
2017-07-13 23:30:00,0.18969823,0.09647772
2017-07-14 00:00:00,0.18969823,0.100603685
2017-07-14 00:30:00,0.18969823,0.10344853
2017-07-14 01:00:00,0.18969823,0.109401986
2017-07-14 01:30:00,0.18969823,0.11125585
2017-07-14 02:00:00,0.18969823,0.116719455
2017-07-14 02:30:00,0.18969823,0.09122135
2017-07-14 03:00:00,0.18969823,0.11881824
2017-07-14 03:30:00,0.18969823,0.123215504
2017-07-14 04:00:00,0.18969823,0.10063006
2017-07-14 04:30:00,0.18969823,0.122273505
2017-07-14 05:00:00,0.18969823,0.087004945
2017-07-14 05:30:00,0.18969823,0.083372585
2017-07-14 06:00:00,0.18969823,0.082637824
2017-07-14 06:30:00,0.18969823,0.06340214
2017-07-14 07:00:00,0.18969823,0.06068917
2017-07-14 07:30:00,0.18969823,0.057539117
2017-07-14 08:00:00,0.18969823,0.05333402
2017-07-14 08:30:00,0.18969823,0.061759286
2017-07-14 09:00:00,0.18969823,0.051348276
2017-07-14 09:30:00,0.18969823,0.045624673
2017-07-14 10:00:00,0.18969823,0.10361809
2017-07-14 10:30:00,0.18969823,0.028728923
2017-07-14 11:00:00,0.18969823,0.030239895
2017-07-14 11:30:00,0.18969823,0.09362157
2017-07-14 12:00:00,0.18969823,0.08282622
2017-07-14 12:30:00,0.18969823,0.017010417
2017-07-14 13:00:00,0.18969823,0.057735052
2017-07-14 13:30:00,0.18969823,0.03317894
2017-07-14 14:00:00,0.18969823,0.09799246
2017-07-14 14:30:00,0.18969823,0.08906604
2017-07-14 15:00:00,0.18969823,0.047399405
2017-07-14 15:30:00,0.18969823,0.079770364
2017-07-14 16:00:00,0.18969823,0.10258189
2017-07-14 16:30:00,0.18969823,0.09201263
2017-07-14 17:00:00,0.18969823,0.111402795
2017-07-14 17:30:00,0.18969823,0.1207776
2017-07-14 18:00:00,0.18969823,0.12850578
2017-07-14 18:30:00,0.18969823,0.13988893
2017-07-14 19:00:00,0.18969823,0.14169382
2017-07-14 19:30:00,0.18969823,0.13977213
2017-07-14 20:00:00,0.18969823,0.1388791
2017-07-14 20:30:00,0.18969823,0.13937272
2017-07-14 21:00:00,0.18969823,0.109518796
2017-07-14 21:30:00,0.18969823,0.12559311
2017-07-14 22:00:00,0.18969823,0.12849824
2017-07-14 22:30:00,0.18969823,0.11440967
2017-07-14 23:00:00,0.18969823,0.110513546
2017-07-14 23:30:00,0.18969823,0.14450474
2017-07-15 00:00:00,0.18969823,0.1416599
2017-07-15 00:30:00,0.18969823,0.10501602
2017-07-15 01:00:00,0.18969823,0.10445459
2017-07-15 01:30:00,0.18969823,0.099322565
2017-07-15 02:00:00,0.18969823,0.10557369
2017-07-15 02:30:00,0.18969823,0.114488795
2017-07-15 03:00:00,0.18969823,0.12225089
2017-07-15 03:30:00,0.18969823,0.1246172
2017-07-15 04:00:00,0.18969823,0.120815285
2017-07-15 04:30:00,0.18969823,0.12556297
2017-07-15 05:00:00,0.18969823,0.12430068
2017-07-15 05:30:00,0.18969823,0.12789913
2017-07-15 06:00:00,0.18969823,0.15967475
2017-07-15 06:30:00,0.18969823,0.14696525
2017-07-15 07:00:00,0.18969823,0.0995298
2017-07-15 07:30:00,0.18969823,0.05780288
2017-07-15 08:00:00,0.18969823,0.080685996
2017-07-15 08:30:00,0.18969823,0.032523308
2017-07-15 09:00:00,0.18969823,0.049701657
2017-07-15 09:30:00,0.18969823,0.04299837
2017-07-15 10:00:00,0.18969823,0.09033209
2017-07-15 10:30:00,0.18969823,0.09463893
2017-07-15 11:00:00,0.18969823,0.06390328
2017-07-15 11:30:00,0.18969823,0.06712116
2017-07-15 12:00:00,0.18969823,0.069088064
2017-07-15 12:30:00,0.18969823,0.0841827
2017-07-15 13:00:00,0.18969823,0.03866516
2017-07-15 13:30:00,0.18969823,0.08462733
2017-07-15 14:00:00,0.18969823,0.0683533
2017-07-15 14:30:00,0.18969823,0.111067444
2017-07-15 15:00:00,0.18969823,0.063843
2017-07-15 15:30:00,0.18969823,0.039320797
2017-07-15 16:00:00,0.18969823,0.049984258
2017-07-15 16:30:00,0.18969823,0.10439807
2017-07-15 17:00:00,0.18969823,0.13554065
2017-07-15 17:30:00,0.18969823,0.12431199
2017-07-15 18:00:00,0.18969823,0.12869795
2017-07-15 18:30:00,0.18969823,0.12523516
2017-07-15 19:00:00,0.18969823,0.12607542
2017-07-15 19:30:00,0.18969823,0.12016342
2017-07-15 20:00:00,0.18969823,0.11673453
2017-07-15 20:30:00,0.18969823,0.11925156
2017-07-15 21:00:00,0.18969823,0.12834376
2017-07-15 21:30:00,0.18969823,0.09226885
2017-07-15 22:00:00,0.18969823,0.15005879
2017-07-15 22:30:00,0.18969823,0.16013068
2017-07-15 23:00:00,0.18969823,0.16431694
2017-07-15 23:30:00,0.18969823,0.12934604
2017-07-16 00:00:00,8.764077,0.17605805
2017-07-16 00:30:00,6.859834,0.11361839
2017-07-16 01:00:00,4.901585,0.19647689
2017-07-16 01:30:00,4.0112762,0.20273177
2017-07-16 02:00:00,9.209847,0.20230223
2017-07-16 02:30:00,5.6638417,0.19287467
2017-07-16 03:00:00,7.11471,0.22175646
2017-07-16 03:30:00,7.5332603,0.21238165
2017-07-16 04:00:00,8.263256,0.20924667
2017-07-16 04:30:00,6.9782777,0.20616066
2017-07-16 05:00:00,6.372578,0.20843655
2017-07-16 05:30:00,4.6424217,0.21200109
2017-07-16 06:00:00,6.7813053,0.21722354
2017-07-16 06:30:00,1.950937,0.18486765
2017-07-16 07:00:00,0.6676023,0.2042842
2017-07-16 07:30:00,9.423584,0.17070748
2017-07-16 08:00:00,-2.4239242,0.16117065
2017-07-16 08:30:00,-8.91976,0.15539052
2017-07-16 09:00:00,-13.392476,0.16004024
2017-07-16 09:30:00,-11.581387,0.14378129
2017-07-16 10:00:00,-16.983791,0.1329671
2017-07-16 10:30:00,-13.849728,0.15218018
2017-07-16 11:00:00,-6.6213617,0.14595543
2017-07-16 11:30:00,-11.37724,0.14144512
2017-07-16 12:00:00,-11.072848,0.12835883
2017-07-16 12:30:00,-11.786645,0.12279726
2017-07-16 13:00:00,-8.244807,0.18695512
2017-07-16 13:30:00,-1.2802885,0.12948546
2017-07-16 14:00:00,-10.089232,0.13895448
2017-07-16 14:30:00,-10.153331,0.15943736
2017-07-16 15:00:00,-10.687743,0.16060545
2017-07-16 15:30:00,-7.876135,0.16972403
2017-07-16 16:00:00,-10.42997,0.20389609
2017-07-16 16:30:00,-7.8313146,0.17266685
2017-07-16 17:00:00,-9.321396,0.17493895
2017-07-16 17:30:00,-9.545765,0.18353377
2017-07-16 18:00:00,-4.818886,0.17995417
2017-07-16 18:30:00,0.9349049,0.17527053
2017-07-16 19:00:00,3.598638,0.21805628
2017-07-16 19:30:00,6.262371,0.18408768
2017-07-16 20:00:00,8.116549,0.20081009
2017-07-16 20:30:00,9.216705,0.14723656
2017-07-16 21:00:00,6.8306737,0.15604238
2017-07-16 21:30:00,4.476467,0.15397374
2017-07-16 22:00:00,7.144722,0.15165642
2017-07-16 22:30:00,9.812982,0.15728582
2017-07-16 23:00:00,7.103293,0.14891708
2017-07-16 23:30:00,6.3279195,0.17170599
2017-07-17 00:00:00,9.458532,0.5245499
2017-07-17 00:30:00,12.962791,0.51831007
2017-07-17 01:00:00,6.10182,0.593934
2017-07-17 01:30:00,4.68792,0.67881966
2017-07-17 02:00:00,5.397263,0.9722797
2017-07-17 02:30:00,6.467415,1.0780439
2017-07-17 03:00:00,4.7619653,1.2797568
2017-07-17 03:30:00,2.0577526,1.446186
2017-07-17 04:00:00,3.310653,1.8152736
2017-07-17 04:30:00,4.5635533,1.7723145
2017-07-17 05:00:00,2.1590328,2.2972772
2017-07-17 05:30:00,4.8448277,2.4870305
2017-07-17 06:00:00,7.5306187,2.7691677
2017-07-17 06:30:00,9.729836,2.9477336
2017-07-17 07:00:00,4.743061,2.4190028
2017-07-17 07:30:00,-2.5689437,2.4334304
2017-07-17 08:00:00,-9.880948,1.7803819
2017-07-17 08:30:00,-11.45627,0.7353398
2017-07-17 09:00:00,-11.100404,-1.2491308
2017-07-17 09:30:00,-15.999067,-3.1339037
2017-07-17 10:00:00,-18.590002,-4.5375285
2017-07-17 10:30:00,-18.244719,-5.6339173
2017-07-17 11:00:00,-20.284853,-6.124512
2017-07-17 11:30:00,-27.131561,-6.5698566
2017-07-17 12:00:00,-18.728666,-7.365498
2017-07-17 12:30:00,-14.79705,-7.884986
2017-07-17 13:00:00,-15.84531,-8.323476
2017-07-17 13:30:00,-18.295412,-8.300051
2017-07-17 14:00:00,-9.36131,-6.9959693
2017-07-17 14:30:00,0.19008258,-3.410095
2017-07-17 15:00:00,-21.579443,-0.80672896
2017-07-17 15:30:00,-43.34897,-1.3466997
2017-07-17 16:00:00,-14.356416,-4.157811
2017-07-17 16:30:00,-11.529366,-6.0127077
2017-07-17 17:00:00,-13.113956,-3.0739322
2017-07-17 17:30:00,-20.820663,-0.07324469
2017-07-17 18:00:00,7.5147367,2.4157472
2017-07-17 18:30:00,5.950143,5.024377
2017-07-17 19:00:00,5.828632,4.0494237
2017-07-17 19:30:00,7.959893,2.37705
2017-07-17 20:00:00,4.274532,6.72061
2017-07-17 20:30:00,27.479921,6.2378116
2017-07-17 21:00:00,28.53755,6.429271
2017-07-17 21:30:00,29.59517,7.037138
2017-07-17 22:00:00,30.652796,6.909749
2017-07-17 22:30:00,31.710415,7.5933185
2017-07-17 23:00:00,32.76804,7.8997855
2017-07-17 23:30:00,9.000783,6.7536592
2017-07-18 00:00:00,1.8594611,7.7528825
2017-07-18 00:30:00,11.103453,8.070304
2017-07-18 01:00:00,7.761873,7.9959497
2017-07-18 01:30:00,4.420294,8.136892
2017-07-18 02:00:00,-2.8676488,7.945594
2017-07-18 02:30:00,6.7739162,7.943009
2017-07-18 03:00:00,2.5871727,7.922255
2017-07-18 03:30:00,23.840176,7.8211436
2017-07-18 04:00:00,14.997708,8.040676
2017-07-18 04:30:00,2.610429,7.749182
2017-07-18 05:00:00,3.1904874,7.836355
2017-07-18 05:30:00,4.8781066,8.214995
2017-07-18 06:00:00,15.349949,7.542179
2017-07-18 06:30:00,1.0123488,4.7987146
2017-07-18 07:00:00,21.646034,7.6749563
2017-07-18 07:30:00,12.1759405,7.0077133
2017-07-18 08:00:00,2.8605871,4.1274405
2017-07-18 08:30:00,-6.4547706,2.7975144
2017-07-18 09:00:00,-10.395556,-3.5090091
2017-07-18 09:30:00,-14.336348,-10.947701
2017-07-18 10:00:00,-11.887624,-12.585452
2017-07-18 10:30:00,-5.8570175,-13.130309
2017-07-18 11:00:00,-11.656713,-14.3253975
2017-07-18 11:30:00,-13.229118,-15.583954
2017-07-18 12:00:00,-7.4191847,-15.103212
2017-07-18 12:30:00,-12.066379,-14.150551
2017-07-18 13:00:00,-15.075167,-17.492088
2017-07-18 13:30:00,-12.16958,-15.959576
2017-07-18 14:00:00,-4.866453,-15.090676
2017-07-18 14:30:00,-5.3770256,-15.359659
2017-07-18 15:00:00,-10.593023,-14.099969
2017-07-18 15:30:00,-11.349631,-11.42897
2017-07-18 16:00:00,-6.8517265,-12.846729
2017-07-18 16:30:00,-8.479461,-11.220162
2017-07-18 17:00:00,-1.8376598,-0.60868245
2017-07-18 17:30:00,20.578836,2.288528
2017-07-18 18:00:00,3.8027248,4.304725
2017-07-18 18:30:00,8.956728,10.655078
2017-07-18 19:00:00,11.342397,8.842365
2017-07-18 19:30:00,14.48125,9.47681
2017-07-18 20:00:00,26.082338,11.099824
2017-07-18 20:30:00,9.118699,10.134867
2017-07-18 21:00:00,5.948372,8.651677
2017-07-18 21:30:00,5.6890197,12.031359
2017-07-18 22:00:00,2.9887822,12.86566
2017-07-18 22:30:00,2.3647811,13.397623
2017-07-18 23:00:00,7.295627,13.221209
2017-07-18 23:30:00,8.59284,12.854397
2017-07-19 00:00:00,6.6667237,12.932387
2017-07-19 00:30:00,7.0424204,13.242246
2017-07-19 01:00:00,5.0577087,13.601058
2017-07-19 01:30:00,4.238103,13.396026
2017-07-19 02:00:00,1.0654739,12.730192
2017-07-19 02:30:00,5.3634524,12.14221
2017-07-19 03:00:00,9.661436,10.986844
2017-07-19 03:30:00,8.035292,12.717656
2017-07-19 04:00:00,6.3688817,14.007385
2017-07-19 04:30:00,5.6697087,14.576814
2017-07-19 05:00:00,3.988966,14.052691
2017-07-19 05:30:00,2.186204,13.020762
2017-07-19 06:00:00,1.3686742,12.574087
2017-07-19 06:30:00,3.0917203,11.910741
2017-07-19 07:00:00,7.853002,9.420253
2017-07-19 07:30:00,-7.6709557,-1.0660546
2017-07-19 08:00:00,-5.5185747,3.6144638
2017-07-19 08:30:00,-6.7295074,-1.5890806
2017-07-19 09:00:00,-7.940439,-15.046821
2017-07-19 09:30:00,-10.897426,-16.354322
2017-07-19 10:00:00,-15.943934,-17.304129
2017-07-19 10:30:00,-12.058933,-17.720451
2017-07-19 11:00:00,-10.077616,-16.553923
2017-07-19 11:30:00,-11.021939,-17.893976
2017-07-19 12:00:00,-8.552191,-18.224611
2017-07-19 12:30:00,-15.135387,-16.831919
2017-07-19 13:00:00,-10.68148,-16.107563
2017-07-19 13:30:00,-11.230141,-14.773259
2017-07-19 14:00:00,-8.7118,-11.144282
2017-07-19 14:30:00,-3.468194,-3.5619721
2017-07-19 15:00:00,-10.248013,-9.977421
2017-07-19 15:30:00,-13.304452,-12.009964
2017-07-19 16:00:00,-12.910107,-11.866346
2017-07-19 16:30:00,-7.882205,-6.085796
2017-07-19 17:00:00,-9.356464,-6.3327775
2017-07-19 17:30:00,-5.6179485,2.7036645
2017-07-19 18:00:00,-0.6607111,0.15714264
2017-07-19 18:30:00,1.3288765,-1.3902503
2017-07-19 19:00:00,3.3184605,7.0267267
2017-07-19 19:30:00,6.048981,10.012731
2017-07-19 20:00:00,4.399803,10.342108
2017-07-19 20:30:00,5.192705,10.600024
2017-07-19 21:00:00,5.985611,10.510944
2017-07-19 21:30:00,13.01138,12.324653
2017-07-19 22:00:00,11.001551,9.863744
2017-07-19 22:30:00,8.991721,11.45052
2017-07-19 23:00:00,6.981891,12.443828
2017-07-19 23:30:00,2.1730723,11.183783
2017-07-20 00:00:00,3.9098644,11.841986
2017-07-20 00:30:00,3.1434815,12.881678
2017-07-20 01:00:00,2.0735216,11.4155035
2017-07-20 01:30:00,1.0035617,10.693327
2017-07-20 02:00:00,15.5622015,8.665208
2017-07-20 02:30:00,8.991582,13.216876
2017-07-20 03:00:00,3.3830667,10.828429
2017-07-20 03:30:00,3.9426422,11.464059
2017-07-20 04:00:00,2.3099341,11.287154
2017-07-20 04:30:00,1.7934946,11.7422695
2017-07-20 05:00:00,8.485678,12.5515585
2017-07-20 05:30:00,10.504893,9.1677475
2017-07-20 06:00:00,6.8264008,10.684232
2017-07-20 06:30:00,8.346962,8.783784
2017-07-20 07:00:00,7.9119077,8.325922
2017-07-20 07:30:00,-4.498108,-5.336614
2017-07-20 08:00:00,-2.6773908,-10.042491
2017-07-20 08:30:00,-11.323727,-11.051959
2017-07-20 09:00:00,-7.3307986,-16.718878
2017-07-20 09:30:00,-10.446515,-18.821402
2017-07-20 10:00:00,-10.261574,-20.547075
2017-07-20 10:30:00,-13.663158,-21.479807
2017-07-20 11:00:00,-19.180294,-21.593908
2017-07-20 11:30:00,-12.641357,-21.058157
2017-07-20 12:00:00,-14.243571,-18.740623
2017-07-20 12:30:00,-15.28055,-17.709555
2017-07-20 13:00:00,-13.71891,-19.181652
2017-07-20 13:30:00,-16.648792,-18.014975
2017-07-20 14:00:00,-10.853988,-16.78203
2017-07-20 14:30:00,-19.837862,-14.996988
2017-07-20 15:00:00,-16.899038,-15.060306
2017-07-20 15:30:00,-11.063448,-14.047488
2017-07-20 16:00:00,-10.265033,-11.161043
2017-07-20 16:30:00,-9.430992,-9.359566
2017-07-20 17:00:00,-5.376758,-7.400126
2017-07-20 17:30:00,-4.640512,-1.5527947
2017-07-20 18:00:00,-1.2439799,2.4473383
2017-07-20 18:30:00,1.5533744,6.817516
2017-07-20 19:00:00,3.3247378,10.333328
2017-07-20 19:30:00,4.346689,8.669466
2017-07-20 20:00:00,5.368637,6.406897
2017-07-20 20:30:00,3.8250277,9.425728
2017-07-20 21:00:00,6.620875,12.237416
2017-07-20 21:30:00,5.3320575,11.262696
2017-07-20 22:00:00,6.051363,11.567999
2017-07-20 22:30:00,4.521909,10.172215
2017-07-20 23:00:00,-1.6447492,8.810107
2017-07-20 23:30:00,1.5596368,8.930664
2017-07-21 00:00:00,6.35488,9.959798
2017-07-21 00:30:00,6.4696307,9.888692
2017-07-21 01:00:00,8.697342,8.953216
2017-07-21 01:30:00,4.2451754,8.227381
2017-07-21 02:00:00,3.5856047,8.356315
2017-07-21 02:30:00,2.9260335,4.883521
2017-07-21 03:00:00,2.2664664,6.2607775
2017-07-21 03:30:00,6.754375,7.7622724
2017-07-21 04:00:00,6.174848,8.215919
2017-07-21 04:30:00,4.869715,8.175548
2017-07-21 05:00:00,4.367014,7.1704087
2017-07-21 05:30:00,2.594287,6.84593
2017-07-21 06:00:00,6.7715535,4.1201453
2017-07-21 06:30:00,3.1404784,-1.4008497
2017-07-21 07:00:00,-0.49059686,1.8200289
2017-07-21 07:30:00,-4.121672,0.3421933
2017-07-21 08:00:00,-7.7527475,-0.3610339
2017-07-21 08:30:00,-10.934551,-11.414445
2017-07-21 09:00:00,-11.007602,-13.542511
2017-07-21 09:30:00,-10.780146,-15.210314
2017-07-21 10:00:00,-9.1164875,-15.073253
2017-07-21 10:30:00,-4.960755,-16.35551
2017-07-21 11:00:00,-10.349621,-16.204628
2017-07-21 11:30:00,-14.860221,-16.087126
2017-07-21 12:00:00,-15.4045515,-16.302505
2017-07-21 12:30:00,-16.916204,-17.557516
2017-07-21 13:00:00,-12.738052,-17.15761
2017-07-21 13:30:00,-24.129627,-15.905568
2017-07-21 14:00:00,-27.578716,-16.764471
2017-07-21 14:30:00,-13.222765,-14.868898
2017-07-21 15:00:00,-18.051544,-14.071027
2017-07-21 15:30:00,-21.18141,-14.472847
2017-07-21 16:00:00,-13.034496,-12.9394
2017-07-21 16:30:00,-12.470053,-9.629788
2017-07-21 17:00:00,-10.744716,-8.728534
2017-07-21 17:30:00,-4.520987,-7.9393015
2017-07-21 18:00:00,-1.7928131,2.6346421
2017-07-21 18:30:00,2.5798779,4.928681
2017-07-21 19:00:00,2.6250224,7.467173
2017-07-21 19:30:00,2.6701632,2.508444
2017-07-21 20:00:00,3.787924,3.661447
2017-07-21 20:30:00,4.905681,7.099555
2017-07-21 21:00:00,3.872727,8.3822
2017-07-21 21:30:00,5.3229804,9.207481
2017-07-21 22:00:00,9.45776,6.7252336
2017-07-21 22:30:00,17.604492,10.569537
2017-07-21 23:00:00,7.079272,10.59369
2017-07-21 23:30:00,8.965537,9.80075
2017-07-22 00:00:00,7.2946663,7.9195004
2017-07-22 00:30:00,3.133794,9.897196
2017-07-22 01:00:00,3.1772468,9.301881
2017-07-22 01:30:00,3.2206993,8.949986
2017-07-22 02:00:00,-10.55586,8.936844
2017-07-22 02:30:00,4.798824,8.467696
2017-07-22 03:00:00,5.2247787,7.735429
2017-07-22 03:30:00,5.650733,7.3586884
2017-07-22 04:00:00,6.076684,7.3220596
2017-07-22 04:30:00,6.5026383,8.025118
2017-07-22 05:00:00,2.7065132,8.020999
2017-07-22 05:30:00,-13.398463,10.182849
2017-07-22 06:00:00,-2.2757173,9.928889
2017-07-22 06:30:00,8.84703,7.84735
2017-07-22 07:00:00,-1.082841,-0.99476767
2017-07-22 07:30:00,-11.012712,-5.291748
2017-07-22 08:00:00,-2.8936667,-12.399041
2017-07-22 08:30:00,-15.665373,-15.037871
2017-07-22 09:00:00,-10.300723,-17.638058
2017-07-22 09:30:00,-17.015089,-18.604952
2017-07-22 10:00:00,-17.13181,-18.330101
2017-07-22 10:30:00,-23.027315,-18.773148
2017-07-22 11:00:00,-16.971685,-18.288532
2017-07-22 11:30:00,-19.379244,-18.732677
2017-07-22 12:00:00,-14.550706,-18.841885
2017-07-22 12:30:00,-20.335455,-18.662655
2017-07-22 13:00:00,-26.798727,-17.918499
2017-07-22 13:30:00,-30.304953,-17.064518
2017-07-22 14:00:00,-22.61594,-18.943356
2017-07-22 14:30:00,-19.054205,-16.824902
2017-07-22 15:00:00,-18.123125,-16.365074
2017-07-22 15:30:00,-17.213346,-17.365099
2017-07-22 16:00:00,-14.120647,-16.492662
2017-07-22 16:30:00,-12.849906,-14.795461
2017-07-22 17:00:00,-11.600189,-11.446025
2017-07-22 17:30:00,-6.223053,-8.248323
2017-07-22 18:00:00,-4.7293544,-3.119265
2017-07-22 18:30:00,-3.235655,1.2348459
2017-07-22 19:00:00,-1.7419562,-2.9233701
2017-07-22 19:30:00,28.447681,4.488325
2017-07-22 20:00:00,17.844574,6.21552
2017-07-22 20:30:00,7.2414694,7.871865
2017-07-22 21:00:00,6.988244,9.001428
2017-07-22 21:30:00,1.4621359,11.40126
2017-07-22 22:00:00,3.9900022,11.64131
2017-07-22 22:30:00,2.6747262,12.128468
2017-07-22 23:00:00,2.6409988,12.619051
2017-07-22 23:30:00,3.3900864,12.957772
2017-07-23 00:00:00,4.13917,13.387939
2017-07-23 00:30:00,1.3363447,12.944423
2017-07-23 01:00:00,5.4055033,12.806912
2017-07-23 01:30:00,2.3172855,12.573451
2017-07-23 02:00:00,0.07180103,11.756844
2017-07-23 02:30:00,1.484744,10.822664
2017-07-23 03:00:00,8.610259,10.557758
2017-07-23 03:30:00,1.560692,10.005534
2017-07-23 04:00:00,2.188947,9.714542
2017-07-23 04:30:00,4.6759114,9.361009
2017-07-23 05:00:00,4.1720457,9.264012
2017-07-23 05:30:00,13.304342,8.695925
2017-07-23 06:00:00,5.2642484,8.951792
2017-07-23 06:30:00,9.359392,8.72573
2017-07-23 07:00:00,7.4623537,6.475806
2017-07-23 07:30:00,-3.2071953,-5.1764545
2017-07-23 08:00:00,-13.213696,-12.3081455
2017-07-23 08:30:00,-22.831854,-15.387203
2017-07-23 09:00:00,-11.322611,-17.540089
2017-07-23 09:30:00,-18.121735,-17.87647
2017-07-23 10:00:00,-15.56991,-18.59471
2017-07-23 10:30:00,-13.263682,-19.377483
2017-07-23 11:00:00,-26.547508,-20.330864
2017-07-23 11:30:00,-14.171131,-18.502958
2017-07-23 12:00:00,-28.376152,-19.63569
2017-07-23 12:30:00,-18.17079,-19.739649
2017-07-23 13:00:00,-28.997368,-21.331821
2017-07-23 13:30:00,-34.49069,-21.333488
2017-07-23 14:00:00,-31.193655,-19.785828
2017-07-23 14:30:00,-23.563765,-14.540343
2017-07-23 15:00:00,-25.374954,-17.900692
2017-07-23 15:30:00,-18.015797,-14.4219675
2017-07-23 16:00:00,-29.747189,-15.486461
2017-07-23 16:30:00,-7.4061246,-15.805034
2017-07-23 17:00:00,-4.8295,-7.203116
2017-07-23 17:30:00,-6.1989264,-9.261179
2017-07-23 18:00:00,-7.367412,-4.596166
2017-07-23 18:30:00,-2.3645368,-2.484966
2017-07-23 19:00:00,2.6383348,3.0499747
2017-07-23 19:30:00,6.096164,1.676189
2017-07-23 20:00:00,11.117281,7.4332685
2017-07-23 20:30:00,28.291325,8.090338
2017-07-23 21:00:00,10.890138,4.999395
2017-07-23 21:30:00,1.455606,8.705224
2017-07-23 22:00:00,7.223692,8.70972
2017-07-23 22:30:00,8.579297,9.392543
2017-07-23 23:00:00,4.273085,10.229233
2017-07-23 23:30:00,3.5581584,10.009528
2017-07-24 00:00:00,3.3177295,11.337491
2017-07-24 00:30:00,1.7705135,10.575283
2017-07-24 01:00:00,3.0089674,10.407845
2017-07-24 01:30:00,4.247425,10.488566
2017-07-24 02:00:00,16.609262,9.886035
2017-07-24 02:30:00,-0.7683066,9.667186
2017-07-24 03:00:00,0.8597481,9.532694
2017-07-24 03:30:00,7.3916774,9.209716
2017-07-24 04:00:00,3.0781293,8.703905
2017-07-24 04:30:00,8.014255,8.904462
2017-07-24 05:00:00,2.4415016,9.695676
2017-07-24 05:30:00,2.8786886,10.014181
2017-07-24 06:00:00,3.3158755,8.535811
2017-07-24 06:30:00,-0.4106887,5.7618065
2017-07-24 07:00:00,-4.1372495,2.0221186
2017-07-24 07:30:00,-7.8638134,-4.198841
2017-07-24 08:00:00,-11.590377,-11.742476
2017-07-24 08:30:00,-3.401975,-16.80609
2017-07-24 09:00:00,-13.669783,-21.347633
2017-07-24 09:30:00,-16.891611,-22.820505
2017-07-24 10:00:00,-8.565967,-22.980173
2017-07-24 10:30:00,-13.949945,-22.847404
2017-07-24 11:00:00,-8.769854,-18.667301
2017-07-24 11:30:00,-10.09444,-21.094242
2017-07-24 12:00:00,-12.497639,-22.289206
2017-07-24 12:30:00,-16.445883,-21.937365
2017-07-24 13:00:00,-17.42286,-20.60553
2017-07-24 13:30:00,-14.844516,-21.17282
2017-07-24 14:00:00,-16.594748,-21.822315
2017-07-24 14:30:00,-12.967015,-23.305815
2017-07-24 15:00:00,-11.268604,-22.62429
2017-07-24 15:30:00,-10.746675,-22.947351
2017-07-24 16:00:00,-10.578218,-20.605608
2017-07-24 16:30:00,-10.606618,-17.696974
2017-07-24 17:00:00,-9.0590105,-13.693423
2017-07-24 17:30:00,-4.630263,-6.7420774
2017-07-24 18:00:00,6.682794,-4.0807595
2017-07-24 18:30:00,17.995844,-6.746158
2017-07-24 19:00:00,-4.7998085,0.4785387
2017-07-24 19:30:00,-7.6517687,2.7872615
2017-07-24 20:00:00,-10.503729,3.9398842
2017-07-24 20:30:00,3.9082403,5.882074
2017-07-24 21:00:00,-10.945237,4.509799
2017-07-24 21:30:00,39.160828,7.7597175
2017-07-24 22:00:00,38.82461,8.415646
2017-07-24 22:30:00,38.488384,10.07092
2017-07-24 23:00:00,19.852547,9.500443
2017-07-24 23:30:00,1.2166991,10.313629
2017-07-25 00:00:00,-17.419147,11.1448965
2017-07-25 00:30:00,1.7887243,10.271977
2017-07-25 01:00:00,4.9042907,10.013002
2017-07-25 01:30:00,-8.806942,9.473718
2017-07-25 02:00:00,-22.518177,9.996634
2017-07-25 02:30:00,-35.972443,10.567668
2017-07-25 03:00:00,-16.60336,10.695325
2017-07-25 03:30:00,2.7657237,10.414419
2017-07-25 04:00:00,4.3157463,10.189413
2017-07-25 04:30:00,5.865773,10.725962
2017-07-25 05:00:00,7.4157963,10.44913
2017-07-25 05:30:00,8.96582,9.737169
2017-07-25 06:00:00,9.9415045,7.7887387
2017-07-25 06:30:00,17.384207,5.471376
2017-07-25 07:00:00,13.317139,1.5403861
2017-07-25 07:30:00,-2.9963112,-6.630552
2017-07-25 08:00:00,-4.416357,-12.552572
2017-07-25 08:30:00,-19.000301,-17.259462
2017-07-25 09:00:00,-18.621523,-21.6096
2017-07-25 09:30:00,-29.396845,-21.198412
2017-07-25 10:00:00,-17.118092,-22.702082
2017-07-25 10:30:00,-29.365309,-21.740602
2017-07-25 11:00:00,-36.534622,-20.520195
2017-07-25 11:30:00,-24.608273,-20.415379
2017-07-25 12:00:00,-41.814396,-22.28086
2017-07-25 12:30:00,-31.382336,-21.276539
2017-07-25 13:00:00,-36.40095,-20.000143
2017-07-25 13:30:00,-30.963316,-16.753408
2017-07-25 14:00:00,-30.485275,-11.73265
2017-07-25 14:30:00,-22.256844,-12.372906
2017-07-25 15:00:00,-22.169418,-11.038469
2017-07-25 15:30:00,-24.604055,-12.485234
2017-07-25 16:00:00,-20.994488,-10.309149
2017-07-25 16:30:00,-10.556138,-7.8296113
2017-07-25 17:00:00,-6.0876307,-3.2639
2017-07-25 17:30:00,-2.2441752,0.58867764
2017-07-25 18:00:00,-0.3979076,3.7340264
2017-07-25 18:30:00,3.3930066,4.068475
2017-07-25 19:00:00,7.7991495,9.13205
2017-07-25 19:30:00,9.567115,10.146782
2017-07-25 20:00:00,10.394751,9.862199
2017-07-25 20:30:00,10.156567,10.217842
2017-07-25 21:00:00,9.977308,9.141081
2017-07-25 21:30:00,7.7992477,9.361261
2017-07-25 22:00:00,8.372603,8.906301
2017-07-25 22:30:00,8.945963,8.296079
2017-07-25 23:00:00,8.210662,7.348575
2017-07-25 23:30:00,7.5741773,7.1634455
2017-07-26 00:00:00,7.710831,7.215195
2017-07-26 00:30:00,21.565527,6.695161
2017-07-26 01:00:00,7.892743,6.7811885
2017-07-26 01:30:00,3.4810612,7.0559063
2017-07-26 02:00:00,12.340263,6.0900526
2017-07-26 02:30:00,9.477131,5.039713
2017-07-26 03:00:00,10.53148,4.2885866
2017-07-26 03:30:00,2.3821592,3.2012036
2017-07-26 04:00:00,26.577793,3.3836017
2017-07-26 04:30:00,50.773426,3.2321768
2017-07-26 05:00:00,9.690521,4.0738063
2017-07-26 05:30:00,13.058861,4.318787
2017-07-26 06:00:00,41.69859,2.6730118
2017-07-26 06:30:00,23.133705,1.0096923
2017-07-26 07:00:00,5.4703774,-2.2768326
2017-07-26 07:30:00,-4.773971,-4.48836
2017-07-26 08:00:00,-18.209284,-9.909476
2017-07-26 08:30:00,-17.609745,-14.443995
2017-07-26 09:00:00,-18.796097,-17.693733
2017-07-26 09:30:00,-23.881365,-20.701029
2017-07-26 10:00:00,-19.22793,-21.918661
2017-07-26 10:30:00,-21.615725,-23.208494
2017-07-26 11:00:00,-26.477753,-26.602346
2017-07-26 11:30:00,-27.732487,-29.889818
2017-07-26 12:00:00,-22.183716,-32.41499
2017-07-26 12:30:00,-14.708185,-28.29982
2017-07-26 13:00:00,-28.723902,-29.532421
2017-07-26 13:30:00,-22.342394,-34.776215
2017-07-26 14:00:00,-23.141914,-29.861736
2017-07-26 14:30:00,-22.93591,-31.350216
2017-07-26 15:00:00,-20.258701,-27.003542
2017-07-26 15:30:00,-9.8907,-22.95273
2017-07-26 16:00:00,-12.194871,-13.523826
2017-07-26 16:30:00,-15.0760975,-15.280339
2017-07-26 17:00:00,-9.001472,-9.737629
2017-07-26 17:30:00,-7.547131,-6.1933613
2017-07-26 18:00:00,-0.8363568,4.4165144
2017-07-26 18:30:00,3.230176,8.697375
2017-07-26 19:00:00,6.2296915,9.019462
2017-07-26 19:30:00,8.89159,11.291668
2017-07-26 20:00:00,8.02704,3.734588
2017-07-26 20:30:00,8.953404,4.2085805
2017-07-26 21:00:00,9.1626005,8.38096
2017-07-26 21:30:00,7.0589695,7.552552
2017-07-26 22:00:00,10.326109,7.46394
2017-07-26 22:30:00,7.547978,8.961325
2017-07-26 23:00:00,7.833058,10.648722
2017-07-26 23:30:00,11.693115,8.860203
2017-07-27 00:00:00,11.448474,2.447975
2017-07-27 00:30:00,6.146972,13.245667
2017-07-27 01:00:00,4.7816267,9.382577
2017-07-27 01:30:00,4.1772833,8.440737
2017-07-27 02:00:00,9.774596,15.286367
2017-07-27 02:30:00,12.938966,15.257641
2017-07-27 03:00:00,10.098004,13.748779
2017-07-27 03:30:00,5.4404445,13.017943
2017-07-27 04:00:00,2.763606,13.231191
2017-07-27 04:30:00,2.3172402,14.526172
2017-07-27 05:00:00,8.016997,14.0742
2017-07-27 05:30:00,7.8100014,13.601247
2017-07-27 06:00:00,11.015673,9.22484
2017-07-27 06:30:00,2.3745103,-2.5823088
2017-07-27 07:00:00,-6.700354,7.562892
2017-07-27 07:30:00,-12.951115,-2.8225458
2017-07-27 08:00:00,-15.521145,-14.771142
2017-07-27 08:30:00,-27.490473,-24.908865
2017-07-27 09:00:00,-19.67767,-30.20566
2017-07-27 09:30:00,-23.728048,-36.38007
2017-07-27 10:00:00,-34.060535,-39.60162
2017-07-27 10:30:00,-19.331354,-39.074493
2017-07-27 11:00:00,-24.99237,-40.093426
2017-07-27 11:30:00,-18.708519,-39.264824
2017-07-27 12:00:00,-29.98163,-39.967106
2017-07-27 12:30:00,-32.94631,-39.12554
2017-07-27 13:00:00,-31.885748,-37.523075
2017-07-27 13:30:00,-21.874659,-34.522472
2017-07-27 14:00:00,-27.940706,-35.22763
2017-07-27 14:30:00,-26.327032,-34.862972
2017-07-27 15:00:00,-14.838807,-33.907375
2017-07-27 15:30:00,-19.407383,-20.165422
2017-07-27 16:00:00,-10.877289,-19.277407
2017-07-27 16:30:00,-8.920875,-15.78725
2017-07-27 17:00:00,-7.5341578,-8.18574
2017-07-27 17:30:00,-5.312732,-2.9375868
2017-07-27 18:00:00,0.40244377,0.46246815
2017-07-27 18:30:00,3.890316,3.1360812
2017-07-27 19:00:00,4.296074,6.956062
2017-07-27 19:30:00,2.694983,9.109151
2017-07-27 20:00:00,3.9668515,11.33488
2017-07-27 20:30:00,5.2388783,12.228881
2017-07-27 21:00:00,9.203619,14.59527
2017-07-27 21:30:00,5.450083,14.811599
2017-07-27 22:00:00,2.189953,15.453592
2017-07-27 22:30:00,4.918443,15.524694
2017-07-27 23:00:00,3.3652854,15.048945
2017-07-27 23:30:00,4.4040837,14.9771805
2017-07-28 00:00:00,4.7276273,14.888029
2017-07-28 00:30:00,6.775838,14.611872
2017-07-28 01:00:00,6.371127,14.050084
2017-07-28 01:30:00,2.6665761,13.72223
2017-07-28 02:00:00,4.755341,13.394511
2017-07-28 02:30:00,5.3411875,13.503482
2017-07-28 03:00:00,4.2910395,10.623706
2017-07-28 03:30:00,8.536945,5.8496084
2017-07-28 04:00:00,6.049633,0.8869871
2017-07-28 04:30:00,5.372507,7.1119404
2017-07-28 05:00:00,4.133273,15.155415
2017-07-28 05:30:00,10.623563,14.216894
2017-07-28 06:00:00,4.354749,12.9446335
2017-07-28 06:30:00,0.08237029,9.560367
2017-07-28 07:00:00,-4.190009,-2.954264
2017-07-28 07:30:00,-8.462384,-12.134116
2017-07-28 08:00:00,-14.034066,-19.132452
2017-07-28 08:30:00,-13.445368,-23.751902
2017-07-28 09:00:00,-29.884995,-27.800037
2017-07-28 09:30:00,-35.616425,-28.890299
2017-07-28 10:00:00,-26.437143,-29.174139
2017-07-28 10:30:00,-21.448746,-31.154642
2017-07-28 11:00:00,-14.092497,-26.904306
2017-07-28 11:30:00,-19.982328,-26.06355
2017-07-28 12:00:00,-32.22771,-31.442875
2017-07-28 12:30:00,-28.764648,-28.461555
2017-07-28 13:00:00,-24.523558,-26.79203
2017-07-28 13:30:00,-25.825325,-29.226046
2017-07-28 14:00:00,-25.81679,-26.996153
2017-07-28 14:30:00,-20.08998,-15.37926
2017-07-28 15:00:00,-20.07194,-17.997484
2017-07-28 15:30:00,-18.466969,-14.955363
2017-07-28 16:00:00,-13.922363,-16.164076
2017-07-28 16:30:00,-14.801481,-15.173538
2017-07-28 17:00:00,-12.308782,-10.778677
2017-07-28 17:30:00,-7.4503875,-5.919781
2017-07-28 18:00:00,-2.5919888,1.8041769
2017-07-28 18:30:00,2.5385654,2.6909852
2017-07-28 19:00:00,3.9074264,0.5857536
2017-07-28 19:30:00,5.276287,5.0631685
2017-07-28 20:00:00,6.694709,7.314912
2017-07-28 20:30:00,5.15839,7.631545
2017-07-28 21:00:00,6.2635655,9.348743
2017-07-28 21:30:00,5.9158463,9.742433
2017-07-28 22:00:00,5.239331,9.437835
2017-07-28 22:30:00,7.629081,9.791221
2017-07-28 23:00:00,5.1667776,4.5763154
2017-07-28 23:30:00,7.8717256,11.44217
2017-07-29 00:00:00,7.031207,12.809008
2017-07-29 00:30:00,6.7046413,8.730598
2017-07-29 01:00:00,10.760048,12.004052
2017-07-29 01:30:00,5.8658752,14.831652
2017-07-29 02:00:00,3.971799,1.1471907
2017-07-29 02:30:00,4.4730873,12.022139
2017-07-29 03:00:00,4.393793,10.408975
2017-07-29 03:30:00,8.210157,10.692913
2017-07-29 04:00:00,9.791481,9.935709
2017-07-29 04:30:00,10.859078,8.78586
2017-07-29 05:00:00,6.9284573,8.989656
2017-07-29 05:30:00,10.757692,7.5294847
2017-07-29 06:00:00,8.441927,0.16909477
2017-07-29 06:30:00,2.9286072,-5.9321704
2017-07-29 07:00:00,-2.5847127,-0.40382338
2017-07-29 07:30:00,-5.6802187,-9.295185
2017-07-29 08:00:00,-18.770996,-12.8801775
2017-07-29 08:30:00,-18.808308,-17.810432
2017-07-29 09:00:00,-22.631851,-21.153526
2017-07-29 09:30:00,-15.04355,-23.450665
2017-07-29 10:00:00,-24.037521,-26.675062
2017-07-29 10:30:00,-28.144724,-24.668108
2017-07-29 11:00:00,-29.727375,-28.84272
2017-07-29 11:30:00,-20.551191,-26.429365
2017-07-29 12:00:00,-35.108074,-27.658072
2017-07-29 12:30:00,-23.157856,-20.648552
2017-07-29 13:00:00,-17.472471,-22.887962
2017-07-29 13:30:00,-20.85857,-24.102104
2017-07-29 14:00:00,-17.912308,-20.024376
2017-07-29 14:30:00,-12.640781,-19.782478
2017-07-29 15:00:00,-19.96086,-17.410564
2017-07-29 15:30:00,-15.525561,-18.022293
2017-07-29 16:00:00,-11.042,-13.895562
2017-07-29 16:30:00,-12.476319,-10.299744
2017-07-29 17:00:00,-9.400531,-9.419631
2017-07-29 17:30:00,-5.4294767,-0.30422363
2017-07-29 18:00:00,-3.8317955,1.1842942
2017-07-29 18:30:00,3.723035,7.75503
2017-07-29 19:00:00,3.3109581,10.815001
2017-07-29 19:30:00,7.6087446,6.190406
2017-07-29 20:00:00,6.7722692,9.432062
2017-07-29 20:30:00,5.5047417,10.989949
2017-07-29 21:00:00,8.924003,10.305769
2017-07-29 21:30:00,7.008275,9.695001
2017-07-29 22:00:00,5.9087925,4.1665444
2017-07-29 22:30:00,5.3283157,2.319535
2017-07-29 23:00:00,5.4497175,9.233812
2017-07-29 23:30:00,5.8354406,9.133021
2017-07-30 00:00:00,6.705357,9.333954
2017-07-30 00:30:00,8.067911,9.683625
2017-07-30 01:00:00,7.3532887,10.164337
2017-07-30 01:30:00,6.733459,9.607467
2017-07-30 02:00:00,8.387498,8.877351
2017-07-30 02:30:00,7.33001,6.5185018
2017-07-30 03:00:00,5.6922264,5.2644067
2017-07-30 03:30:00,5.2658157,7.565895
2017-07-30 04:00:00,4.5132203,7.856917
2017-07-30 04:30:00,4.329918,8.2518015
2017-07-30 05:00:00,6.1741657,8.101966
2017-07-30 05:30:00,6.482084,6.4043574
2017-07-30 06:00:00,4.5160575,5.8724504
2017-07-30 06:30:00,2.4087424,0.24356192
2017-07-30 07:00:00,-3.1066911,-1.6966233
2017-07-30 07:30:00,-7.3767796,-11.216689
2017-07-30 08:00:00,-11.646871,-17.28646
2017-07-30 08:30:00,-16.977133,-23.356318
2017-07-30 09:00:00,-21.163162,-25.563974
2017-07-30 09:30:00,-12.96015,-21.81631
2017-07-30 10:00:00,-23.815111,-18.0494
2017-07-30 10:30:00,-34.670074,-24.394392
2017-07-30 11:00:00,-27.327162,-28.065512
2017-07-30 11:30:00,-23.504751,-27.668505
2017-07-30 12:00:00,-18.50682,-28.915018
2017-07-30 12:30:00,-32.068226,-27.966808
2017-07-30 13:00:00,-26.518267,-22.19771
2017-07-30 13:30:00,-20.968306,-15.413666
2017-07-30 14:00:00,-15.41835,-18.670803
2017-07-30 14:30:00,-9.86839,-20.467905
2017-07-30 15:00:00,-4.3184304,-16.710152
2017-07-30 15:30:00,-11.736474,-19.424622
2017-07-30 16:00:00,-19.739855,-21.62424
2017-07-30 16:30:00,-28.332748,-20.009438
2017-07-30 17:00:00,-20.415419,-17.59083
2017-07-30 17:30:00,-12.248964,-8.591332
2017-07-30 18:00:00,1.7549742,-3.9148536
2017-07-30 18:30:00,15.758906,-2.9255857
2017-07-30 19:00:00,29.762846,6.694675
2017-07-30 19:30:00,43.76678,9.275426
2017-07-30 20:00:00,57.770714,10.556609
2017-07-30 20:30:00,6.8882184,9.787223
2017-07-30 21:00:00,8.457854,10.594605
2017-07-30 21:30:00,6.4060416,11.151822
2017-07-30 22:00:00,5.3334103,10.175728
2017-07-30 22:30:00,5.906558,10.023688
2017-07-30 23:00:00,6.570274,9.360978
2017-07-30 23:30:00,8.163596,9.303049
2017-07-31 00:00:00,7.4674783,10.343434
2017-07-31 00:30:00,4.5836406,9.744999
2017-07-31 01:00:00,8.5413685,8.229913
2017-07-31 01:30:00,6.3071275,9.212383
2017-07-31 02:00:00,3.505459,9.096532
2017-07-31 02:30:00,5.661212,9.099079
2017-07-31 03:00:00,8.710085,9.727726
2017-07-31 03:30:00,6.9381447,9.178837
2017-07-31 04:00:00,5.461315,8.856713
2017-07-31 04:30:00,9.377046,9.2338085
2017-07-31 05:00:00,4.98132,8.649771
2017-07-31 05:30:00,8.320375,7.271527
2017-07-31 06:00:00,5.640175,8.911059
2017-07-31 06:30:00,0.6975241,6.663905
2017-07-31 07:00:00,-9.858684,0.24354307
2017-07-31 07:30:00,-22.333435,-12.589107
2017-07-31 08:00:00,-22.394094,-19.178823
2017-07-31 08:30:00,-25.646467,-22.748442
2017-07-31 09:00:00,-35.900032,-26.567713
2017-07-31 09:30:00,-32.717224,-26.584883
2017-07-31 10:00:00,-15.832292,-20.259827
2017-07-31 10:30:00,-40.88333,-28.581686
2017-07-31 11:00:00,-33.702614,-30.432041
2017-07-31 11:30:00,-24.951838,-29.084013
2017-07-31 12:00:00,-31.582918,-27.683279
2017-07-31 12:30:00,-25.738804,-26.897335
2017-07-31 13:00:00,-29.33338,-27.330877
2017-07-31 13:30:00,-24.718145,-26.715961
2017-07-31 14:00:00,-22.793325,-23.604425
2017-07-31 14:30:00,-21.897106,-20.951544
2017-07-31 15:00:00,-12.941762,-16.919973
2017-07-31 15:30:00,-17.012934,-17.582403
2017-07-31 16:00:00,-13.838545,-17.601135
2017-07-31 16:30:00,-13.565024,-15.848653
2017-07-31 17:00:00,-6.540587,-5.663191
2017-07-31 17:30:00,-6.304382,-4.685619
2017-07-31 18:00:00,-1.0944504,0.19651833
2017-07-31 18:30:00,1.0559182,7.169877
2017-07-31 19:00:00,4.0996246,6.4387593
2017-07-31 19:30:00,5.811341,11.169785
2017-07-31 20:00:00,5.1857157,13.507634
2017-07-31 20:30:00,7.3156652,13.691415
2017-07-31 21:00:00,7.211687,13.697097
2017-07-31 21:30:00,7.6928277,8.422255
2017-07-31 22:00:00,9.464222,15.836158
2017-07-31 22:30:00,8.692278,16.581688
2017-07-31 23:00:00,7.630618,17.225468
2017-07-31 23:30:00,7.4011955,18.134666
2017-08-01 00:00:00,8.263407,19.17086
2017-08-01 00:30:00,8.889597,19.641748
2017-08-01 01:00:00,5.997944,19.720884
2017-08-01 01:30:00,8.297669,20.91957
2017-08-01 02:00:00,6.1342554,20.321678
2017-08-01 02:30:00,7.983534,20.130293
2017-08-01 03:00:00,7.5749116,20.731697
2017-08-01 03:30:00,8.107731,19.230854
2017-08-01 04:00:00,7.7496986,17.949083
2017-08-01 04:30:00,8.630671,17.928097
2017-08-01 05:00:00,7.517653,17.638803
2017-08-01 05:30:00,6.2341113,16.695105
2017-08-01 06:00:00,3.3104646,14.635557
2017-08-01 06:30:00,-0.75080794,8.381251
2017-08-01 07:00:00,-6.377304,-2.2139897
2017-08-01 07:30:00,-11.113272,-12.012428
2017-08-01 08:00:00,-15.421639,-18.65079
2017-08-01 08:30:00,-23.428373,-23.819487
2017-08-01 09:00:00,-28.821306,-24.416147
2017-08-01 09:30:00,-29.274334,-18.702818
2017-08-01 10:00:00,-33.81037,-25.64753
2017-08-01 10:30:00,-38.853687,-27.384539
2017-08-01 11:00:00,-35.960186,-23.618744
2017-08-01 11:30:00,-44.908817,-27.78029
2017-08-01 12:00:00,-34.469654,-28.480068
2017-08-01 12:30:00,-38.865185,-25.457308
2017-08-01 13:00:00,-46.366657,-25.254084
2017-08-01 13:30:00,-27.054499,-15.673614
2017-08-01 14:00:00,-18.149595,-11.80977
2017-08-01 14:30:00,-23.17732,-24.057816
2017-08-01 15:00:00,-29.846664,-29.584482
2017-08-01 15:30:00,-22.586405,-18.380362
2017-08-01 16:00:00,-18.355494,-18.611553
2017-08-01 16:30:00,-19.96759,-18.235693
2017-08-01 17:00:00,-13.335644,-14.021688
2017-08-01 17:30:00,-11.720811,-3.2404668
2017-08-01 18:00:00,-3.700876,11.442585
2017-08-01 18:30:00,4.319062,14.81869
2017-08-01 19:00:00,7.0807185,16.537226
2017-08-01 19:30:00,6.0186186,14.422589
2017-08-01 20:00:00,6.2695303,13.314381
2017-08-01 20:30:00,7.7373204,13.843032
2017-08-01 21:00:00,7.782631,15.281786
2017-08-01 21:30:00,7.8513517,14.768214
2017-08-01 22:00:00,6.55556,12.01727
2017-08-01 22:30:00,7.819968,13.340938
2017-08-01 23:00:00,7.6950245,12.760035
2017-08-01 23:30:00,8.689772,12.896893
2017-08-02 00:00:00,8.165468,13.0564
2017-08-02 00:30:00,7.461943,13.481213
2017-08-02 01:00:00,8.810695,13.309821
2017-08-02 01:30:00,7.1352077,11.63262
2017-08-02 02:00:00,7.33371,10.389607
2017-08-02 02:30:00,7.785189,11.027674
2017-08-02 03:00:00,7.673875,11.163861
2017-08-02 03:30:00,8.249284,10.359478
2017-08-02 04:00:00,6.1825047,8.510686
2017-08-02 04:30:00,7.4968123,6.8276515
2017-08-02 05:00:00,4.980638,5.815493
2017-08-02 05:30:00,6.122186,6.9009204
2017-08-02 06:00:00,3.3571954,6.732366
2017-08-02 06:30:00,-6.268469,-0.7998712
2017-08-02 07:00:00,-13.401595,-11.633344
2017-08-02 07:30:00,-16.888456,-13.375923
2017-08-02 08:00:00,-17.843971,-17.127857
2017-08-02 08:30:00,-28.213778,-29.26899
2017-08-02 09:00:00,-42.390903,-28.50388
2017-08-02 09:30:00,-31.757837,-20.037762
2017-08-02 10:00:00,-35.888775,-20.851746
2017-08-02 10:30:00,-38.56179,-28.286331
2017-08-02 11:00:00,-42.968113,-28.858202
2017-08-02 11:30:00,-30.429398,-18.059105
2017-08-02 12:00:00,-22.722996,-17.49499
2017-08-02 12:30:00,-15.366649,-23.358604
2017-08-02 13:00:00,-14.922977,-24.34503
2017-08-02 13:30:00,-23.439606,-27.647472
2017-08-02 14:00:00,-19.721672,-25.298586
2017-08-02 14:30:00,-26.369652,-27.948202
2017-08-02 15:00:00,-27.520002,-31.125015
2017-08-02 15:30:00,-18.119217,-21.308878
2017-08-02 16:00:00,-24.085419,-24.697374
2017-08-02 16:30:00,-25.230204,-24.74133
2017-08-02 17:00:00,-10.556967,-16.750978
2017-08-02 17:30:00,-3.7357905,-11.2225895
2017-08-02 18:00:00,1.458707,-8.220063
2017-08-02 18:30:00,4.7503295,-5.822325
2017-08-02 19:00:00,6.6956735,-1.6189684
2017-08-02 19:30:00,6.4759493,-0.25359666
2017-08-02 20:00:00,8.204893,-0.821963
2017-08-02 20:30:00,6.289467,0.24767281
2017-08-02 21:00:00,7.575937,2.8362458
2017-08-02 21:30:00,6.87378,3.48735
2017-08-02 22:00:00,7.3030424,3.468397
2017-08-02 22:30:00,7.1189227,6.159203
2017-08-02 23:00:00,5.099594,3.50278
2017-08-02 23:30:00,6.0941033,5.0262876
2017-08-03 00:00:00,6.6739545,7.7707653
2017-08-03 00:30:00,4.993909,7.778373
2017-08-03 01:00:00,4.8808875,7.1057873
2017-08-03 01:30:00,5.1810093,8.134537
2017-08-03 02:00:00,4.268484,7.8372254
2017-08-03 02:30:00,4.0504484,7.435925
2017-08-03 03:00:00,5.5427194,7.14407
2017-08-03 03:30:00,4.095382,7.5229473
2017-08-03 04:00:00,6.606492,8.331695
2017-08-03 04:30:00,6.1762834,7.904048
2017-08-03 05:00:00,6.5942388,8.914801
2017-08-03 05:30:00,6.5613174,9.137486
2017-08-03 06:00:00,3.8682392,9.246596
2017-08-03 06:30:00,-4.0068045,6.198289
2017-08-03 07:00:00,-10.973008,-0.7490897
2017-08-03 07:30:00,-15.191621,-16.529848
2017-08-03 08:00:00,-27.391481,-26.012304
2017-08-03 08:30:00,-25.35735,-25.156225
2017-08-03 09:00:00,-26.084557,-23.619904
2017-08-03 09:30:00,-30.957521,-29.56151
2017-08-03 10:00:00,-36.751633,-39.181564
2017-08-03 10:30:00,-40.70252,-41.161156
2017-08-03 11:00:00,-45.36919,-36.105164
2017-08-03 11:30:00,-24.74664,-38.76643
2017-08-03 12:00:00,-36.52004,-39.376705
2017-08-03 12:30:00,-33.470158,-37.61197
2017-08-03 13:00:00,-29.751026,-32.622948
2017-08-03 13:30:00,-36.926502,-29.403185
2017-08-03 14:00:00,-34.41541,-33.573273
2017-08-03 14:30:00,-29.25084,-34.535263
2017-08-03 15:00:00,-31.528713,-34.491634
2017-08-03 15:30:00,-26.119461,-34.900276
2017-08-03 16:00:00,-25.825891,-33.66893
2017-08-03 16:30:00,-12.894764,-26.632124
2017-08-03 17:00:00,-4.7125487,-18.552937
2017-08-03 17:30:00,-2.5293493,-17.8081
2017-08-03 18:00:00,-2.7440355,-7.109846
2017-08-03 18:30:00,0.6651305,-0.51526976
2017-08-03 19:00:00,6.4897704,1.6706387
2017-08-03 19:30:00,6.827723,1.7289674
2017-08-03 20:00:00,2.7784934,0.22682443
2017-08-03 20:30:00,8.57036,0.77119994
2017-08-03 21:00:00,1.7572387,1.4724226
2017-08-03 21:30:00,3.8249485,3.956045
2017-08-03 22:00:00,6.7476344,4.8723116
2017-08-03 22:30:00,9.597635,5.0685306
2017-08-03 23:00:00,5.3879333,5.5002613
2017-08-03 23:30:00,10.000289,8.118802
2017-08-04 00:00:00,14.795924,9.204697
2017-08-04 00:30:00,7.51413,7.2193513
2017-08-04 01:00:00,9.043802,6.014474
2017-08-04 01:30:00,11.540274,6.413642
2017-08-04 02:00:00,17.460026,6.9168706
2017-08-04 02:30:00,1.8830601,7.258787
2017-08-04 03:00:00,-0.23090948,7.2452564
2017-08-04 03:30:00,24.451513,7.580963
2017-08-04 04:00:00,7.2532935,7.6565647
2017-08-04 04:30:00,11.449762,7.9944534
2017-08-04 05:00:00,15.646235,8.525814
2017-08-04 05:30:00,6.2155347,9.19132
2017-08-04 06:00:00,-3.2151647,8.017213
2017-08-04 06:30:00,3.4389086,3.7419996
2017-08-04 07:00:00,-2.4945216,-0.65513444
2017-08-04 07:30:00,-8.427948,-4.9799004
2017-08-04 08:00:00,-9.733035,-18.304253
2017-08-04 08:30:00,-22.903204,-21.795824
2017-08-04 09:00:00,-30.580194,-25.138706
2017-08-04 09:30:00,-28.540821,-28.678356
2017-08-04 10:00:00,-33.794144,-28.546364
2017-08-04 10:30:00,-31.845041,-29.199348
2017-08-04 11:00:00,-36.092873,-32.629784
2017-08-04 11:30:00,-40.3407,-35.91536
2017-08-04 12:00:00,-44.588528,-35.12062
2017-08-04 12:30:00,-38.155342,-34.594604
2017-08-04 13:00:00,-31.726952,-33.97258
2017-08-04 13:30:00,-31.578085,-31.160536
2017-08-04 14:00:00,-31.673792,-30.446295
2017-08-04 14:30:00,-16.285896,-19.471348
2017-08-04 15:00:00,-6.0274405,-11.710558
2017-08-04 15:30:00,-2.95686,-4.024258
2017-08-04 16:00:00,0.11372389,-6.4062085
2017-08-04 16:30:00,3.1843042,-0.9560891
2017-08-04 17:00:00,3.0333276,3.342632
2017-08-04 17:30:00,4.59583,7.632148
2017-08-04 18:00:00,5.910556,7.419768
2017-08-04 18:30:00,2.9896,7.927353
2017-08-04 19:00:00,8.6462965,9.155818
2017-08-04 19:30:00,14.602685,9.007668
2017-08-04 20:00:00,8.252121,8.425096
2017-08-04 20:30:00,8.148565,7.587071
2017-08-04 21:00:00,8.137895,5.322321
2017-08-04 21:30:00,8.127227,6.1795616
2017-08-04 22:00:00,8.116556,5.7752056
2017-08-04 22:30:00,7.800227,4.955724
2017-08-04 23:00:00,7.4630585,3.526594
2017-08-04 23:30:00,6.152259,2.3001711
2017-08-05 00:00:00,2.9113798,4.9794173
2017-08-05 00:30:00,3.4423902,6.738022
2017-08-05 01:00:00,1.3488657,5.932497
2017-08-05 01:30:00,7.812805,5.8156776
2017-08-05 02:00:00,14.090666,5.986037
2017-08-05 02:30:00,25.204422,4.939028
2017-08-05 03:00:00,21.519964,1.8651733
2017-08-05 03:30:00,17.8355,-10.26741
2017-08-05 04:00:00,14.151044,-1.0864283
2017-08-05 04:30:00,9.985706,-6.5834594
2017-08-05 05:00:00,5.820365,5.3374043
2017-08-05 05:30:00,8.446019,6.344258
2017-08-05 06:00:00,21.556507,5.0230885
2017-08-05 06:30:00,34.666996,3.8713741
2017-08-05 07:00:00,7.727682,-3.5325742
2017-08-05 07:30:00,-6.835411,-14.328924
2017-08-05 08:00:00,-22.947624,-27.62095
2017-08-05 08:30:00,-20.656775,-31.048653
2017-08-05 09:00:00,-39.362064,-33.850307
2017-08-05 09:30:00,-32.072323,-36.175213
2017-08-05 10:00:00,-30.889038,-36.839695
2017-08-05 10:30:00,-40.811737,-39.39528
2017-08-05 11:00:00,-31.283396,-41.212936
2017-08-05 11:30:00,-31.953386,-40.79239
2017-08-05 12:00:00,-43.382915,-42.591812
2017-08-05 12:30:00,-41.77802,-40.68408
2017-08-05 13:00:00,-33.79351,-37.907986
2017-08-05 13:30:00,-36.987568,-34.18619
2017-08-05 14:00:00,-45.96298,-36.4696
2017-08-05 14:30:00,-45.661114,-40.9615
2017-08-05 15:00:00,-35.474762,-42.47224
2017-08-05 15:30:00,-30.639702,-38.769875
2017-08-05 16:00:00,-45.6661,-34.059986
2017-08-05 16:30:00,-16.458735,-20.687126
2017-08-05 17:00:00,-13.440092,-21.877459
2017-08-05 17:30:00,-1.1574665,-14.811693
2017-08-05 18:00:00,3.5568094,0.50876945
2017-08-05 18:30:00,3.5160358,5.8139706
2017-08-05 19:00:00,1.4891639,6.617958
2017-08-05 19:30:00,32.65016,7.0695467
2017-08-05 20:00:00,7.282507,8.3267355
2017-08-05 20:30:00,8.313212,9.383247
2017-08-05 21:00:00,9.343917,9.273452
2017-08-05 21:30:00,10.374621,8.827896
2017-08-05 22:00:00,29.70995,10.1599245
2017-08-05 22:30:00,40.83873,10.9905405
2017-08-05 23:00:00,14.182823,10.786175
2017-08-05 23:30:00,11.839397,11.460046
2017-08-06 00:00:00,9.495971,11.968177
2017-08-06 00:30:00,8.804059,11.024645
2017-08-06 01:00:00,8.112147,10.16434
2017-08-06 01:30:00,7.9768643,10.448712
2017-08-06 02:00:00,8.376451,11.224538
2017-08-06 02:30:00,5.37658,11.20269
2017-08-06 03:00:00,4.2053175,12.682165
2017-08-06 03:30:00,9.028335,12.461989
2017-08-06 04:00:00,8.400269,11.372605
2017-08-06 04:30:00,6.199336,10.927204
2017-08-06 05:00:00,6.140363,10.481011
2017-08-06 05:30:00,2.239005,10.497557
2017-08-06 06:00:00,2.0106788,11.168492
2017-08-06 06:30:00,1.4283745,9.3963785
2017-08-06 07:00:00,-2.3623512,5.8377542
2017-08-06 07:30:00,-5.3841624,-2.981744
2017-08-06 08:00:00,-18.667835,-9.676771
2017-08-06 08:30:00,-17.623867,-19.485891
2017-08-06 09:00:00,-25.148027,-17.782633
2017-08-06 09:30:00,-32.672188,-30.04114
2017-08-06 10:00:00,-39.835987,-43.3502
2017-08-06 10:30:00,-46.99979,-34.319546
2017-08-06 11:00:00,-47.894028,-37.365723
2017-08-06 11:30:00,-48.78827,-37.18678
2017-08-06 12:00:00,-45.49752,-41.86527
2017-08-06 12:30:00,-42.20677,-41.006947
2017-08-06 13:00:00,-46.596424,-38.944542
2017-08-06 13:30:00,-45.702244,-35.92918
2017-08-06 14:00:00,-39.58616,-29.645706
2017-08-06 14:30:00,-36.25475,-34.05948
2017-08-06 15:00:00,-32.92334,-25.720531
2017-08-06 15:30:00,-34.72443,-23.504208
2017-08-06 16:00:00,-26.601614,-21.843927
2017-08-06 16:30:00,-23.035975,-21.313082
2017-08-06 17:00:00,-23.137676,-17.619146
2017-08-06 17:30:00,-7.528385,-11.339277
2017-08-06 18:00:00,-0.16446441,-5.6705537
2017-08-06 18:30:00,2.6929748,-3.4778438
2017-08-06 19:00:00,8.473891,-0.98832434
2017-08-06 19:30:00,7.1810646,-0.004143183
2017-08-06 20:00:00,6.4022436,2.0432117
2017-08-06 20:30:00,2.3123078,2.6755702
2017-08-06 21:00:00,2.2513604,5.610566
2017-08-06 21:30:00,2.190409,6.724623
2017-08-06 22:00:00,8.611699,8.131541
2017-08-06 22:30:00,4.269747,7.5903416
2017-08-06 23:00:00,3.082244,8.198261
2017-08-06 23:30:00,6.672018,9.762919
2017-08-07 00:00:00,1.1076831,12.154395
2017-08-07 00:30:00,5.67099,13.391926
2017-08-07 01:00:00,2.9866457,12.457332
2017-08-07 01:30:00,6.739861,11.193862
2017-08-07 02:00:00,6.8568125,10.22935
2017-08-07 02:30:00,3.1869493,0.6730094
2017-08-07 03:00:00,4.103461,12.087939
2017-08-07 03:30:00,2.579859,2.3528516
2017-08-07 04:00:00,8.401907,11.415568
2017-08-07 04:30:00,14.223955,11.148502
2017-08-07 05:00:00,-2.246553,10.372516
2017-08-07 05:30:00,1.445892,10.838584
2017-08-07 06:00:00,1.7424418,9.8971815
2017-08-07 06:30:00,12.245747,8.580134
2017-08-07 07:00:00,5.406438,-0.4664929
2017-08-07 07:30:00,-8.617536,-11.416581
2017-08-07 08:00:00,-22.641506,-21.1519
2017-08-07 08:30:00,-14.333269,-26.558687
2017-08-07 09:00:00,-24.933094,-29.754667
2017-08-07 09:30:00,-15.974312,-31.113438
2017-08-07 10:00:00,-16.299517,-28.278494
2017-08-07 10:30:00,-29.567972,-36.272285
2017-08-07 11:00:00,-17.905943,-30.953413
2017-08-07 11:30:00,-24.366829,-29.636185
2017-08-07 12:00:00,-34.374737,-41.177006
2017-08-07 12:30:00,-33.491528,-42.154602
2017-08-07 13:00:00,-31.512848,-36.097466
2017-08-07 13:30:00,-22.17693,-26.694185
2017-08-07 14:00:00,-22.551517,-37.62911
2017-08-07 14:30:00,-23.018118,-43.425785
2017-08-07 15:00:00,-20.485886,-37.741497
2017-08-07 15:30:00,-12.4731045,-25.303663
2017-08-07 16:00:00,6.7294383,-28.860552
2017-08-07 16:30:00,-28.613089,-19.668272
2017-08-07 17:00:00,-9.3721695,-7.739948
2017-08-07 17:30:00,5.406351,2.1119554
2017-08-07 18:00:00,2.2378898,-4.6172523
2017-08-07 18:30:00,3.4821277,6.0947437
2017-08-07 19:00:00,7.3112226,8.96282
2017-08-07 19:30:00,6.6205244,6.766595
2017-08-07 20:00:00,5.2115526,8.726099
2017-08-07 20:30:00,6.5447874,12.893004
2017-08-07 21:00:00,7.8780255,7.8351192
2017-08-07 21:30:00,9.211261,3.6499019
2017-08-07 22:00:00,10.544498,-4.0974855
2017-08-07 22:30:00,11.877733,-1.6260108
2017-08-07 23:00:00,6.2384405,5.616644
2017-08-07 23:30:00,20.065619,6.4448447
2017-08-08 00:00:00,36.26058,9.142984
2017-08-08 00:30:00,21.345167,7.3496904
2017-08-08 01:00:00,6.42975,5.517549
2017-08-08 01:30:00,34.430584,9.773213
2017-08-08 02:00:00,28.908705,6.648641
2017-08-08 02:30:00,23.386818,8.301482
2017-08-08 03:00:00,17.86493,8.10596
2017-08-08 03:30:00,12.343044,6.590919
2017-08-08 04:00:00,9.1139965,7.143403
2017-08-08 04:30:00,3.0984426,6.899545
2017-08-08 05:00:00,9.35883,5.0996995
2017-08-08 05:30:00,7.5004897,6.4088335
2017-08-08 06:00:00,22.06983,3.3589852
2017-08-08 06:30:00,7.2329235,4.865891
2017-08-08 07:00:00,3.2956753,7.518407
2017-08-08 07:30:00,-0.6415772,2.9292026
2017-08-08 08:00:00,-4.578826,-0.7738004
2017-08-08 08:30:00,-8.516074,-2.534911
2017-08-08 09:00:00,-12.453326,-5.142245
2017-08-08 09:30:00,-16.390575,-11.113641
2017-08-08 10:00:00,-20.327826,-20.040453
2017-08-08 10:30:00,-24.265076,-27.196772
2017-08-08 11:00:00,-28.202326,-35.291435
2017-08-08 11:30:00,-32.139576,-16.460743
2017-08-08 12:00:00,-31.5773,-29.426954
2017-08-08 12:30:00,-31.015022,-53.564312
2017-08-08 13:00:00,-30.452745,-54.348194
2017-08-08 13:30:00,-29.890469,-46.743782
2017-08-08 14:00:00,-29.32819,-33.059715
2017-08-08 14:30:00,-28.765915,-22.698723
2017-08-08 15:00:00,-24.707615,-27.147821
2017-08-08 15:30:00,-20.649317,-21.754944
2017-08-08 16:00:00,-16.591022,-22.642014
2017-08-08 16:30:00,-11.529464,-23.156347
2017-08-08 17:00:00,-6.4679093,-21.573383
2017-08-08 17:30:00,-4.4387956,-14.790154
2017-08-08 18:00:00,-2.0607336,-15.82144
2017-08-08 18:30:00,2.8031287,-4.948709
2017-08-08 19:00:00,5.4716997,1.2340282
2017-08-08 19:30:00,5.2205358,2.4192817
2017-08-08 20:00:00,19.305107,1.9989754
2017-08-08 20:30:00,33.38968,2.672654
2017-08-08 21:00:00,19.43701,2.3688996
2017-08-08 21:30:00,5.484338,0.83721167
2017-08-08 22:00:00,5.2002826,0.81868064
2017-08-08 22:30:00,7.8377643,0.12318913
2017-08-08 23:00:00,4.2896004,-1.0576934
2017-08-08 23:30:00,3.9829447,-0.81026715
2017-08-09 00:00:00,3.8631864,1.4555155
2017-08-09 00:30:00,6.8674755,2.2729135
2017-08-09 01:00:00,5.0445924,2.209852
2017-08-09 01:30:00,3.2217093,1.3788742
2017-08-09 02:00:00,6.2642856,3.1212504
2017-08-09 02:30:00,7.4631224,3.299364
2017-08-09 03:00:00,6.1499567,2.8019946
2017-08-09 03:30:00,6.6984653,1.8335899
2017-08-09 04:00:00,9.352304,-0.67670256
2017-08-09 04:30:00,12.006146,-6.4108205
2017-08-09 05:00:00,14.659989,-1.5546033
2017-08-09 05:30:00,6.4520493,1.4938022
2017-08-09 06:00:00,77.28127,-3.0260408
2017-08-09 06:30:00,-30.783688,-6.4421363
2017-08-09 07:00:00,-15.043437,-7.8981214
2017-08-09 07:30:00,0.69681567,-8.666056
2017-08-09 08:00:00,16.437065,-23.51535
2017-08-09 08:30:00,-2.7743416,-11.169265
2017-08-09 09:00:00,-6.2555523,-14.831727
2017-08-09 09:30:00,-4.1769075,-21.289083
2017-08-09 10:00:00,-7.3494463,-25.640621
2017-08-09 10:30:00,-25.855526,-30.974955
2017-08-09 11:00:00,-18.439404,-30.979887
2017-08-09 11:30:00,-15.627738,-22.907825
2017-08-09 12:00:00,-18.935259,-27.538694
2017-08-09 12:30:00,-16.553486,-29.531155
2017-08-09 13:00:00,-20.509893,-24.971811
2017-08-09 13:30:00,-21.38461,-28.3953
2017-08-09 14:00:00,-7.914922,-24.468174
2017-08-09 14:30:00,-11.7178,-22.443636
2017-08-09 15:00:00,-5.9913807,-23.930954
2017-08-09 15:30:00,-7.944769,-18.189102
2017-08-09 16:00:00,-9.898157,-16.212374
2017-08-09 16:30:00,-7.5292673,-15.135052
2017-08-09 17:00:00,-5.5922656,-1.8103117
2017-08-09 17:30:00,-5.568218,-5.1296334
2017-08-09 18:00:00,-1.5366224,-7.3471704
2017-08-09 18:30:00,2.889778,3.9592702
2017-08-09 19:00:00,2.5519192,5.97442
2017-08-09 19:30:00,1.8423355,7.9982934
2017-08-09 20:00:00,4.3396544,6.9327602
2017-08-09 20:30:00,2.9953763,8.364088
2017-08-09 21:00:00,6.239827,9.81641
2017-08-09 21:30:00,4.414088,5.2223406
2017-08-09 22:00:00,3.72091,6.2407618
2017-08-09 22:30:00,5.888242,8.338341
2017-08-09 23:00:00,5.9706635,7.935835
2017-08-09 23:30:00,8.351537,6.4095874
2017-08-10 00:00:00,6.433039,7.6454225
2017-08-10 00:30:00,5.7088547,8.705846
2017-08-10 01:00:00,9.986091,7.9345345
2017-08-10 01:30:00,6.3157525,7.4383893
2017-08-10 02:00:00,4.495537,7.7558517
2017-08-10 02:30:00,8.214942,9.031677
2017-08-10 03:00:00,6.122635,5.7609925
2017-08-10 03:30:00,5.0000396,8.037277
2017-08-10 04:00:00,9.501928,7.114759
2017-08-10 04:30:00,6.054652,6.3588285
2017-08-10 05:00:00,5.9920692,6.357634
2017-08-10 05:30:00,5.2894034,6.150235
2017-08-10 06:00:00,4.187122,7.6483955
2017-08-10 06:30:00,4.2405934,-5.4281654
2017-08-10 07:00:00,-1.2160515,-8.436486
2017-08-10 07:30:00,-9.351008,-7.452328
2017-08-10 08:00:00,-29.12653,-13.065658
2017-08-10 08:30:00,-25.719193,-17.431461
2017-08-10 09:00:00,-23.501148,-19.15236
2017-08-10 09:30:00,-24.052433,-21.807362
2017-08-10 10:00:00,-16.306345,-21.408297
2017-08-10 10:30:00,-31.760777,-25.136017
2017-08-10 11:00:00,-28.898344,-20.217184
2017-08-10 11:30:00,-33.291355,-25.389404
2017-08-10 12:00:00,-31.787048,-29.618847
2017-08-10 12:30:00,-27.60108,-27.752615
2017-08-10 13:00:00,-26.04372,-20.134417
2017-08-10 13:30:00,-22.526476,-23.25026
2017-08-10 14:00:00,-28.182533,-25.865421
2017-08-10 14:30:00,-21.815878,-24.988852
2017-08-10 15:00:00,-25.337408,-23.227901
2017-08-10 15:30:00,-11.958542,-15.701384
2017-08-10 16:00:00,-12.82821,-19.1238
2017-08-10 16:30:00,-20.6047,-18.75367
2017-08-10 17:00:00,-12.508091,-14.603224
2017-08-10 17:30:00,-4.553343,-14.838593
2017-08-10 18:00:00,0.7059908,-13.015762
2017-08-10 18:30:00,5.96532,-9.141104
2017-08-10 19:00:00,0.82180053,-3.9053056
2017-08-10 19:30:00,24.046783,-5.2564573
2017-08-10 20:00:00,14.079067,-2.9090102
2017-08-10 20:30:00,4.111355,2.332772
2017-08-10 21:00:00,2.2291214,2.8156762
2017-08-10 21:30:00,5.143966,3.721626
2017-08-10 22:00:00,12.262477,9.896025
2017-08-10 22:30:00,6.6645045,8.024609
2017-08-10 23:00:00,3.5658753,7.9526176
2017-08-10 23:30:00,5.028763,7.8941035
2017-08-11 00:00:00,4.7914047,8.215714
2017-08-11 00:30:00,17.041536,9.354987
2017-08-11 01:00:00,17.734858,8.896926
2017-08-11 01:30:00,7.62497,9.672223
2017-08-11 02:00:00,4.4899907,8.205233
2017-08-11 02:30:00,23.782465,1.0261095
2017-08-11 03:00:00,19.104853,-3.9034855
2017-08-11 03:30:00,14.427239,7.4245834
2017-08-11 04:00:00,9.74963,9.468585
2017-08-11 04:30:00,5.072016,6.2083416
2017-08-11 05:00:00,5.290447,6.9755497
2017-08-11 05:30:00,5.5088825,6.166694
2017-08-11 06:00:00,5.727314,3.721362
2017-08-11 06:30:00,9.401809,0.90895456
2017-08-11 07:00:00,4.988924,-6.3670325
2017-08-11 07:30:00,-9.869501,-11.958026
2017-08-11 08:00:00,-10.238321,-15.5169735
2017-08-11 08:30:00,-19.405231,-19.54697
2017-08-11 09:00:00,-22.585331,-20.599249
2017-08-11 09:30:00,-36.936615,-22.606398
2017-08-11 10:00:00,-41.96473,-23.295008
2017-08-11 10:30:00,-38.94491,-22.677275
2017-08-11 11:00:00,-41.577705,-22.628223
2017-08-11 11:30:00,-44.210503,-23.63598
2017-08-11 12:00:00,-40.842445,-23.137428
2017-08-11 12:30:00,-29.683563,-21.744774
2017-08-11 13:00:00,-35.454773,-21.302828
2017-08-11 13:30:00,-44.36316,-20.168377
2017-08-11 14:00:00,-14.423354,-19.562542
2017-08-11 14:30:00,-18.003109,-17.697546
2017-08-11 15:00:00,-24.343973,-20.474277
2017-08-11 15:30:00,-16.52879,-15.993453
2017-08-11 16:00:00,-12.554212,-10.74297
2017-08-11 16:30:00,-4.061693,-1.4454705
2017-08-11 17:00:00,-6.1181064,-9.785
2017-08-11 17:30:00,-3.0150006,-3.2684593
2017-08-11 18:00:00,0.08810143,2.3305902
2017-08-11 18:30:00,3.1912034,-2.4751806
2017-08-11 19:00:00,6.835195,-0.27401927
2017-08-11 19:30:00,5.6149144,5.7937665
2017-08-11 20:00:00,5.029185,5.795794
2017-08-11 20:30:00,6.235871,5.6259623
2017-08-11 21:00:00,8.759846,6.0820723
2017-08-11 21:30:00,7.3900647,5.8749595
2017-08-11 22:00:00,8.221081,4.879979
2017-08-11 22:30:00,9.489735,4.7828927
2017-08-11 23:00:00,7.6729326,5.216941
2017-08-11 23:30:00,7.6470313,6.365279
2017-08-12 00:00:00,8.407963,7.63725
2017-08-12 00:30:00,4.840498,7.731932
2017-08-12 01:00:00,7.5663624,8.961901
2017-08-12 01:30:00,6.9462986,9.232229
2017-08-12 02:00:00,8.5396805,10.913176
2017-08-12 02:30:00,7.207113,9.273157
2017-08-12 03:00:00,9.501822,9.43679
2017-08-12 03:30:00,8.3525505,7.6949754
2017-08-12 04:00:00,-16.833754,7.469596
2017-08-12 04:30:00,6.908879,7.9190254
2017-08-12 05:00:00,6.5474586,8.11887
2017-08-12 05:30:00,11.727793,9.242749
2017-08-12 06:00:00,4.9492164,3.643632
2017-08-12 06:30:00,5.239248,6.63381
2017-08-12 07:00:00,5.375499,4.4263225
2017-08-12 07:30:00,8.291136,1.4038147
2017-08-12 08:00:00,11.206771,6.279877
2017-08-12 08:30:00,14.122407,-1.40351
2017-08-12 09:00:00,17.038048,-14.605572
2017-08-12 09:30:00,19.953688,-17.296947
2017-08-12 10:00:00,22.86932,-14.961238
2017-08-12 10:30:00,25.784958,-18.70634
2017-08-12 11:00:00,28.700598,-13.061543
2017-08-12 11:30:00,31.616236,-8.832862
2017-08-12 12:00:00,34.531868,-11.347529
2017-08-12 12:30:00,37.44751,-17.07653
2017-08-12 13:00:00,40.363148,-11.223845
2017-08-12 13:30:00,43.27878,-23.310959
2017-08-12 14:00:00,46.19442,-23.425348
2017-08-12 14:30:00,49.11006,-21.681967
2017-08-12 15:00:00,52.025692,-29.633278
2017-08-12 15:30:00,54.941334,-28.323753
2017-08-12 16:00:00,57.85697,-20.923801
2017-08-12 16:30:00,60.772602,-17.577852
2017-08-12 17:00:00,63.688244,-17.35175
2017-08-12 17:30:00,38.088997,-19.318007
2017-08-12 18:00:00,12.489756,-15.37088
2017-08-12 18:30:00,-13.109491,-6.7657557
2017-08-12 19:00:00,25.55211,-3.9459472
2017-08-12 19:30:00,64.213715,-1.0499238
2017-08-12 20:00:00,9.463627,4.0603695
2017-08-12 20:30:00,-45.28646,2.742392
2017-08-12 21:00:00,4.7675157,4.2981763
2017-08-12 21:30:00,3.9360633,5.013521
2017-08-12 22:00:00,5.3024974,0.8011707
2017-08-12 22:30:00,4.950509,-0.95006025
2017-08-12 23:00:00,4.649166,-2.4894423
2017-08-12 23:30:00,4.168214,-1.7967958
2017-08-13 00:00:00,6.7294497,0.38913894
2017-08-13 00:30:00,5.345611,-8.785329
2017-08-13 01:00:00,3.9617722,-6.9842396
2017-08-13 01:30:00,3.6396227,3.7736056
2017-08-13 02:00:00,3.3174694,-1.1876445
2017-08-13 02:30:00,4.5323467,6.9107437
2017-08-13 03:00:00,5.7472243,8.345312
2017-08-13 03:30:00,6.962102,8.827907
2017-08-13 04:00:00,7.627189,7.1411424
2017-08-13 04:30:00,6.6977797,3.3638573
2017-08-13 05:00:00,6.388362,7.248538
2017-08-13 05:30:00,5.5938663,0.39768478
2017-08-13 06:00:00,4.7993665,-1.3893309
2017-08-13 06:30:00,2.1851904,-7.927839
2017-08-13 07:00:00,-3.452421,-9.275061
2017-08-13 07:30:00,-3.7274368,-13.232894
2017-08-13 08:00:00,-7.541622,-19.357597
2017-08-13 08:30:00,-10.592073,-26.313978
2017-08-13 09:00:00,-13.95808,-27.22699
2017-08-13 09:30:00,-23.380335,-33.46687
2017-08-13 10:00:00,-36.068123,-33.671635
2017-08-13 10:30:00,-30.831038,-28.61445
2017-08-13 11:00:00,-48.548122,-32.30775
2017-08-13 11:30:00,-31.281824,-25.089184
2017-08-13 12:00:00,-20.845575,-21.583359
2017-08-13 12:30:00,-27.607874,-25.454937
2017-08-13 13:00:00,-20.27085,-23.844332
2017-08-13 13:30:00,-8.880116,-13.222166
2017-08-13 14:00:00,-8.531685,-8.382264
2017-08-13 14:30:00,-8.183253,-7.953435
2017-08-13 15:00:00,-7.834826,0.6223448
2017-08-13 15:30:00,-7.486395,11.543918
2017-08-13 16:00:00,-7.1379633,13.664149
2017-08-13 16:30:00,-6.7895317,-0.1544189
2017-08-13 17:00:00,-6.441104,9.608635
2017-08-13 17:30:00,-6.0926723,3.7491627
2017-08-13 18:00:00,-5.7442408,4.628981
2017-08-13 18:30:00,51.924625,7.259654
2017-08-13 19:00:00,33.57866,18.211481
2017-08-13 19:30:00,5.6551304,21.0591
2017-08-13 20:00:00,6.9361024,21.458267
2017-08-13 20:30:00,7.7992177,21.753242
2017-08-13 21:00:00,5.2088814,20.598476
2017-08-13 21:30:00,5.6894794,19.5235
2017-08-13 22:00:00,6.2757363,19.558792
2017-08-13 22:30:00,5.447121,22.300207
2017-08-13 23:00:00,3.391311,16.620152
2017-08-13 23:30:00,6.860965,17.809381
2017-08-14 00:00:00,5.097337,19.222197
2017-08-14 00:30:00,4.6479945,18.713915
2017-08-14 01:00:00,5.7237043,18.629585
2017-08-14 01:30:00,18.317888,18.223063
2017-08-14 02:00:00,5.0738397,18.600044
2017-08-14 02:30:00,4.836244,17.93527
2017-08-14 03:00:00,4.5986447,18.190733
2017-08-14 03:30:00,4.361049,19.272867
2017-08-14 04:00:00,3.1969194,19.056208
2017-08-14 04:30:00,3.7606852,18.845312
2017-08-14 05:00:00,4.5859656,17.438654
2017-08-14 05:30:00,2.4665136,17.696001
2017-08-14 06:00:00,4.2364335,17.168278
2017-08-14 06:30:00,6.0063577,16.28599
2017-08-14 07:00:00,12.87971,14.8014555
2017-08-14 07:30:00,19.753063,14.252938
2017-08-14 08:00:00,40.20744,11.870852
2017-08-14 08:30:00,-6.8909364,6.3791757
2017-08-14 09:00:00,-10.57783,-0.94591546
2017-08-14 09:30:00,-18.360765,-8.938935
2017-08-14 10:00:00,-19.773903,-10.554763
2017-08-14 10:30:00,-24.236216,-6.160071
2017-08-14 11:00:00,-23.101656,-10.722157
2017-08-14 11:30:00,-23.584879,-11.456666
2017-08-14 12:00:00,-19.280972,-7.120374
2017-08-14 12:30:00,-21.598726,-10.407931
2017-08-14 13:00:00,-25.275066,-21.709373
2017-08-14 13:30:00,-17.182922,-17.346594
2017-08-14 14:00:00,-26.68527,-20.048574
2017-08-14 14:30:00,-23.585558,-20.527195
2017-08-14 15:00:00,-9.858582,-13.915833
2017-08-14 15:30:00,-1.6051624,-4.5923567
2017-08-14 16:00:00,-3.6490922,-3.7373617
2017-08-14 16:30:00,-3.0100982,-2.409018
2017-08-14 17:00:00,-1.5705608,0.75764644
2017-08-14 17:30:00,-0.5197273,7.1325665
2017-08-14 18:00:00,0.65520555,6.462939
2017-08-14 18:30:00,1.304603,9.511409
2017-08-14 19:00:00,4.764535,9.377505
2017-08-14 19:30:00,4.215649,15.667404
2017-08-14 20:00:00,7.6573935,15.13295
2017-08-14 20:30:00,6.6706614,17.676958
2017-08-14 21:00:00,3.5125806,18.46013
2017-08-14 21:30:00,5.5005064,18.41704
2017-08-14 22:00:00,3.2617404,17.847092
2017-08-14 22:30:00,5.411412,16.492779
2017-08-14 23:00:00,4.5075455,15.461693
2017-08-14 23:30:00,4.8556604,15.628254
2017-08-15 00:00:00,5.203772,13.699802
2017-08-15 00:30:00,4.665414,17.285244
2017-08-15 01:00:00,3.8409212,16.594372
2017-08-15 01:30:00,3.1276221,17.768995
2017-08-15 02:00:00,7.295714,17.331831
2017-08-15 02:30:00,3.5481055,17.218302
2017-08-15 03:00:00,8.657548,16.407637
2017-08-15 03:30:00,11.349689,16.097364
2017-08-15 04:00:00,6.215516,15.559579
2017-08-15 04:30:00,6.3661194,14.103235
2017-08-15 05:00:00,2.4821923,14.538388
2017-08-15 05:30:00,4.58566,13.91733
2017-08-15 06:00:00,5.663288,11.821887
2017-08-15 06:30:00,1.9352319,8.665231
2017-08-15 07:00:00,-0.22189264,5.713346
2017-08-15 07:30:00,-1.760913,3.6468349
2017-08-15 08:00:00,-3.2999372,2.009066
2017-08-15 08:30:00,-3.2208316,0.6595765
2017-08-15 09:00:00,-17.893076,-7.1004076
2017-08-15 09:30:00,-15.124848,-11.955429
2017-08-15 10:00:00,-14.302409,-8.34472
2017-08-15 10:30:00,20.91022,-10.968761
2017-08-15 11:00:00,-19.528387,-13.962014
2017-08-15 11:30:00,-20.42463,-15.662411
2017-08-15 12:00:00,-31.103949,-15.911812
2017-08-15 12:30:00,-27.738495,-17.922918
2017-08-15 13:00:00,-34.961613,-14.028867
2017-08-15 13:30:00,-27.66493,-10.696542
2017-08-15 14:00:00,-41.356316,-15.651156
2017-08-15 14:30:00,-48.95068,-17.528578
2017-08-15 15:00:00,-42.370804,-15.96979
2017-08-15 15:30:00,-23.735926,-12.979853
2017-08-15 16:00:00,-29.75303,-15.273978
2017-08-15 16:30:00,-19.09595,-15.781383
2017-08-15 17:00:00,-21.281168,-13.648565
2017-08-15 17:30:00,-5.866558,-10.35166
2017-08-15 18:00:00,7.705722,-0.27904955
2017-08-15 18:30:00,4.2932816,5.5917225
2017-08-15 19:00:00,7.0364633,6.148351
2017-08-15 19:30:00,4.0755095,7.7504635
2017-08-15 20:00:00,7.0698404,8.466506
2017-08-15 20:30:00,8.363462,7.7977743
2017-08-15 21:00:00,10.0991955,8.068382
2017-08-15 21:30:00,3.6345246,7.391994
2017-08-15 22:00:00,5.1887264,8.234683
2017-08-15 22:30:00,4.314684,6.8286877
2017-08-15 23:00:00,17.945738,5.4643373
2017-08-15 23:30:00,-0.3688977,5.689905
2017-08-16 00:00:00,2.944478,5.8673897
2017-08-16 00:30:00,13.321494,5.6422925
2017-08-16 01:00:00,12.151769,5.861508
2017-08-16 01:30:00,10.982047,6.3176556
2017-08-16 02:00:00,18.169813,6.9744043
2017-08-16 02:30:00,17.090754,5.1935983
2017-08-16 03:00:00,16.011686,6.8507156
2017-08-16 03:30:00,14.932627,8.468725
2017-08-16 04:00:00,-19.585629,6.2064614
2017-08-16 04:30:00,9.967639,5.8250937
2017-08-16 05:00:00,11.362876,6.194555
2017-08-16 05:30:00,13.548419,4.691398
2017-08-16 06:00:00,18.926203,4.022584
2017-08-16 06:30:00,3.0273778,2.1370466
2017-08-16 07:00:00,4.99129,3.8969853
2017-08-16 07:30:00,12.833956,4.7034407
2017-08-16 08:00:00,20.676624,0.46486458
2017-08-16 08:30:00,28.519289,0.35752156
2017-08-16 09:00:00,0.9676413,-5.5687494
2017-08-16 09:30:00,11.170105,-8.6372795
2017-08-16 10:00:00,21.372568,-10.681767
2017-08-16 10:30:00,31.575031,-11.026216
2017-08-16 11:00:00,-34.40528,-8.449154
2017-08-16 11:30:00,-24.576836,-11.607673
2017-08-16 12:00:00,-22.11799,-11.420033
2017-08-16 12:30:00,-23.145285,-10.532984
2017-08-16 13:00:00,-39.16657,-14.069719
2017-08-16 13:30:00,-40.3466,-15.889223
2017-08-16 14:00:00,-28.067673,-18.66922
2017-08-16 14:30:00,-23.882467,-15.680226
2017-08-16 15:00:00,-19.664652,-12.369161
2017-08-16 15:30:00,-26.95933,-18.29695
2017-08-16 16:00:00,-26.544937,-16.507711
2017-08-16 16:30:00,-13.077561,-5.189232
2017-08-16 17:00:00,-12.804512,-1.0398142
2017-08-16 17:30:00,-2.3709197,0.0039504995
2017-08-16 18:00:00,-1.9277831,1.0650293
2017-08-16 18:30:00,1.9077556,2.4147713
2017-08-16 19:00:00,1.1213422,4.763126
2017-08-16 19:30:00,3.0062582,6.84717
2017-08-16 20:00:00,4.8911705,7.5837817
2017-08-16 20:30:00,6.7760863,8.737366
2017-08-16 21:00:00,2.780468,8.9994
2017-08-16 21:30:00,3.393274,8.651428
2017-08-16 22:00:00,4.0060763,8.607897
2017-08-16 22:30:00,7.620682,8.993469
2017-08-16 23:00:00,7.5981,8.619717
2017-08-16 23:30:00,2.2084088,8.6846285
2017-08-17 00:00:00,3.5871344,9.4378195
2017-08-17 00:30:00,6.9372177,10.800524
2017-08-17 01:00:00,0.72679776,9.771846
2017-08-17 01:30:00,5.4196296,10.782324
2017-08-17 02:00:00,5.7820144,10.633507
2017-08-17 02:30:00,5.9982905,10.258563
2017-08-17 03:00:00,4.3351254,9.487934
2017-08-17 03:30:00,5.460328,11.858351
2017-08-17 04:00:00,7.366258,11.542964
2017-08-17 04:30:00,2.7948503,10.734734
2017-08-17 05:00:00,3.5401511,9.811599
2017-08-17 05:30:00,6.839155,10.684439
2017-08-17 06:00:00,8.292786,10.414627
2017-08-17 06:30:00,6.294154,7.2818737
2017-08-17 07:00:00,25.375309,1.3471551
2017-08-17 07:30:00,1.8068144,-7.356338
2017-08-17 08:00:00,-21.761675,-14.872979
2017-08-17 08:30:00,-11.473855,-17.44629
2017-08-17 09:00:00,-22.42563,-19.370476
2017-08-17 09:30:00,-30.714188,-28.562698
2017-08-17 10:00:00,-34.468807,-32.047424
2017-08-17 10:30:00,-27.764858,-30.49885
2017-08-17 11:00:00,-42.710434,-31.022335
2017-08-17 11:30:00,-38.933422,-33.62907
2017-08-17 12:00:00,-38.4218,-32.07151
2017-08-17 12:30:00,-37.91017,-34.061626
2017-08-17 13:00:00,-43.388863,-28.808327
2017-08-17 13:30:00,-31.16733,-32.253323
2017-08-17 14:00:00,-45.644268,-31.59636
2017-08-17 14:30:00,-28.278723,-32.957428
2017-08-17 15:00:00,-49.768284,-30.844076
2017-08-17 15:30:00,-31.793839,-28.133541
2017-08-17 16:00:00,-17.017662,-23.718555
2017-08-17 16:30:00,-7.8624043,-21.799177
2017-08-17 17:00:00,-12.9666,-20.952269
2017-08-17 17:30:00,-1.4815718,-15.557118
2017-08-17 18:00:00,1.8892208,-9.362467
2017-08-17 18:30:00,5.260013,1.4276624
2017-08-17 19:00:00,6.058767,4.402083
2017-08-17 19:30:00,6.184445,7.1373935
2017-08-17 20:00:00,6.9930897,9.816252
2017-08-17 20:30:00,8.075198,11.554091
2017-08-17 21:00:00,8.913253,13.213473
2017-08-17 21:30:00,12.46795,12.968353
2017-08-17 22:00:00,5.96737,12.173781
2017-08-17 22:30:00,5.200196,12.09821
2017-08-17 23:00:00,8.429203,11.373054
2017-08-17 23:30:00,5.9790473,10.943557
2017-08-18 00:00:00,6.3690434,12.942749
2017-08-18 00:30:00,11.316357,13.732622
2017-08-18 01:00:00,9.3702965,12.828307
2017-08-18 01:30:00,5.9279265,12.658868
2017-08-18 02:00:00,6.644828,13.461936
2017-08-18 02:30:00,6.751643,12.209593
2017-08-18 03:00:00,8.963654,11.131999
2017-08-18 03:30:00,9.010659,11.42862
2017-08-18 04:00:00,4.7470965,12.866409
2017-08-18 04:30:00,6.96379,12.479089
2017-08-18 05:00:00,8.281267,14.2592535
2017-08-18 05:30:00,6.618723,13.14837
2017-08-18 06:00:00,4.9561834,9.257438
2017-08-18 06:30:00,3.2936404,3.3735676
2017-08-18 07:00:00,5.790707,6.0665817
2017-08-18 07:30:00,0.73544157,1.821359
2017-08-18 08:00:00,-16.14926,-9.424948
2017-08-18 08:30:00,-17.118694,-16.831594
2017-08-18 09:00:00,-20.063738,-21.530458
2017-08-18 09:30:00,-38.250877,-18.358799
2017-08-18 10:00:00,-31.472822,-22.499306
2017-08-18 10:30:00,-37.532013,-18.39249
2017-08-18 11:00:00,-41.684093,-24.276308
2017-08-18 11:30:00,-45.836178,-30.18393
2017-08-18 12:00:00,-47.206795,-29.147537
2017-08-18 12:30:00,-35.195965,-24.927935
2017-08-18 13:00:00,-21.719717,-24.851915
2017-08-18 13:30:00,-39.29165,-12.787319
2017-08-18 14:00:00,-38.59183,-19.012445
2017-08-18 14:30:00,-22.241604,-24.901745
2017-08-18 15:00:00,-27.235275,-19.9202
2017-08-18 15:30:00,-27.150106,-18.679644
2017-08-18 16:00:00,-18.390797,-17.348354
2017-08-18 16:30:00,-17.03745,-10.816967
2017-08-18 17:00:00,-12.200618,-9.239388
2017-08-18 17:30:00,-3.6894438,-2.3501618
2017-08-18 18:00:00,4.096697,3.1568956
2017-08-18 18:30:00,3.4920714,4.292818
2017-08-18 19:00:00,4.7657976,5.331063
2017-08-18 19:30:00,4.149031,6.2775187
2017-08-18 20:00:00,6.1729712,8.352327
2017-08-18 20:30:00,6.040522,10.076271
2017-08-18 21:00:00,5.908073,17.147343
2017-08-18 21:30:00,5.775624,5.2000566
2017-08-18 22:00:00,5.6431746,-3.2926538
2017-08-18 22:30:00,5.510725,-13.799881
2017-08-18 23:00:00,5.378272,-13.498957
2017-08-18 23:30:00,5.245823,-8.448487
2017-08-19 00:00:00,5.1133738,-5.6111135
2017-08-19 00:30:00,4.980924,-1.7270161
2017-08-19 01:00:00,4.848475,2.2432969
2017-08-19 01:30:00,4.716026,2.9094317
2017-08-19 02:00:00,4.5835767,4.603841
2017-08-19 02:30:00,4.451123,8.230633
2017-08-19 03:00:00,4.318674,10.552407
2017-08-19 03:30:00,5.143103,13.610682
2017-08-19 04:00:00,5.967536,1.8637905
2017-08-19 04:30:00,8.637272,8.369359
2017-08-19 05:00:00,6.175357,4.405278
2017-08-19 05:30:00,5.9242415,5.5972724
2017-08-19 06:00:00,4.344308,2.7756598
2017-08-19 06:30:00,-0.5552295,-0.2729303
2017-08-19 07:00:00,-5.4547634,6.6661696
2017-08-19 07:30:00,-10.3543005,7.2317104
2017-08-19 08:00:00,-15.253835,3.714998
2017-08-19 08:30:00,-10.108295,0.69841707
2017-08-19 09:00:00,-10.695712,2.1909404
2017-08-19 09:30:00,-11.669174,-8.849309
2017-08-19 10:00:00,-18.176155,-7.695907
2017-08-19 10:30:00,-24.892761,-15.261495
2017-08-19 11:00:00,-35.52216,-24.608572
2017-08-19 11:30:00,-24.34823,-34.037144
2017-08-19 12:00:00,-36.316803,-34.973507
2017-08-19 12:30:00,-29.716898,-40.143032
2017-08-19 13:00:00,-30.79454,-31.129372
2017-08-19 13:30:00,-21.356146,-25.943094
2017-08-19 14:00:00,-31.48761,-30.858799
2017-08-19 14:30:00,-13.589671,-17.857578
2017-08-19 15:00:00,-6.876392,-8.301795
2017-08-19 15:30:00,-3.3073225,-5.962307
2017-08-19 16:00:00,0.26174632,-12.036852
2017-08-19 16:30:00,3.8308153,-4.8906136
2017-08-19 17:00:00,5.5742426,-7.1133466
2017-08-19 17:30:00,7.31767,5.1858664
2017-08-19 18:00:00,9.061098,5.2676773
2017-08-19 18:30:00,30.424665,6.509398
2017-08-19 19:00:00,31.85179,-8.629827
2017-08-19 19:30:00,33.278915,5.2137346
2017-08-19 20:00:00,34.70604,4.3499336
2017-08-19 20:30:00,36.133167,3.5064576
2017-08-19 21:00:00,37.56029,2.6296082
2017-08-19 21:30:00,38.98741,15.194323
2017-08-19 22:00:00,40.414536,9.316327
2017-08-19 22:30:00,41.841663,5.096572
2017-08-19 23:00:00,43.268787,5.879067
2017-08-19 23:30:00,44.695915,6.368629
2017-08-20 00:00:00,46.12304,8.04175
2017-08-20 00:30:00,47.550163,8.558061
2017-08-20 01:00:00,33.9962,0.05197
2017-08-20 01:30:00,20.44224,-5.213581
2017-08-20 02:00:00,6.888279,6.052915
2017-08-20 02:30:00,7.343801,4.9146523
2017-08-20 03:00:00,31.230854,-1.735837
2017-08-20 03:30:00,55.1179,0.670044
2017-08-20 04:00:00,3.0975382,5.8799562
2017-08-20 04:30:00,5.9403834,8.985504
2017-08-20 05:00:00,8.78323,10.831372
2017-08-20 05:30:00,11.626072,9.167107
2017-08-20 06:00:00,4.207714,3.4596024
2017-08-20 06:30:00,2.1993845,7.5824103
2017-08-20 07:00:00,1.1389915,1.6698662
2017-08-20 07:30:00,-6.058056,-11.654667
2017-08-20 08:00:00,-10.228396,-16.8031
2017-08-20 08:30:00,-23.404455,-27.179405
2017-08-20 09:00:00,-19.289513,-26.747458
2017-08-20 09:30:00,-12.16256,-33.865032
2017-08-20 10:00:00,-4.0925155,-17.91405
2017-08-20 10:30:00,-16.873667,-39.365517
2017-08-20 11:00:00,-2.2202032,-32.028507
2017-08-20 11:30:00,-7.042957,-29.147713
2017-08-20 12:00:00,-6.4811277,-31.803352
2017-08-20 12:30:00,-14.793625,-30.488459
2017-08-20 13:00:00,-15.142377,-23.25407
2017-08-20 13:30:00,-15.491125,-30.001743
2017-08-20 14:00:00,-15.839877,-30.909052
2017-08-20 14:30:00,-16.188625,-40.334442
2017-08-20 15:00:00,-16.537373,-30.867926
2017-08-20 15:30:00,-28.060793,-35.47722
2017-08-20 16:00:00,-19.201433,-20.841864
2017-08-20 16:30:00,-15.435498,-17.625336
2017-08-20 17:00:00,-5.433836,-14.463928
2017-08-20 17:30:00,-9.549021,-7.3236656
2017-08-20 18:00:00,-0.56982297,1.2352905
2017-08-20 18:30:00,2.458077,7.602855
2017-08-20 19:00:00,7.2932796,11.121949
2017-08-20 19:30:00,1.2501025,14.400192
2017-08-20 20:00:00,-32.57742,16.411465
2017-08-20 20:30:00,0.93303216,11.72725
2017-08-20 21:00:00,4.7136145,14.8742075
2017-08-20 21:30:00,8.494197,10.203633
2017-08-20 22:00:00,7.069701,9.069749
2017-08-20 22:30:00,5.6452055,10.653104
2017-08-20 23:00:00,12.677602,13.947527
2017-08-20 23:30:00,-5.1602182,11.813545
2017-08-21 00:00:00,-1.8431989,15.0115595
2017-08-21 00:30:00,-9.398116,13.799037
2017-08-21 01:00:00,-1.1531371,13.6987095
2017-08-21 01:30:00,7.0918455,13.358466
2017-08-21 02:00:00,8.261082,12.549731
2017-08-21 02:30:00,5.4340763,14.470375
2017-08-21 03:00:00,2.6070678,16.424192
2017-08-21 03:30:00,5.7750735,18.03146
2017-08-21 04:00:00,7.159621,17.439226
2017-08-21 04:30:00,11.192844,15.374539
2017-08-21 05:00:00,15.226072,16.038937
2017-08-21 05:30:00,10.833644,16.476501
2017-08-21 06:00:00,2.1062355,15.617983
2017-08-21 06:30:00,-4.2646947,14.636432
2017-08-21 07:00:00,-0.9255908,13.374442
2017-08-21 07:30:00,-15.282574,11.3841505
2017-08-21 08:00:00,-13.166795,5.0746536
2017-08-21 08:30:00,-10.56529,-5.765775
2017-08-21 09:00:00,-26.967999,-9.912385
2017-08-21 09:30:00,-22.990715,-12.237183
2017-08-21 10:00:00,-14.059146,-17.338667
2017-08-21 10:30:00,-31.339506,-27.175419
2017-08-21 11:00:00,-37.29242,-27.137821
2017-08-21 11:30:00,-36.686657,-31.347454
2017-08-21 12:00:00,-20.460997,-28.704082
2017-08-21 12:30:00,-24.73124,-25.303337
2017-08-21 13:00:00,-21.965672,-24.865162
2017-08-21 13:30:00,-17.410688,-22.84735
2017-08-21 14:00:00,-17.988419,-19.956057
2017-08-21 14:30:00,-18.303997,-17.103832
2017-08-21 15:00:00,-15.68034,-8.039726
2017-08-21 15:30:00,-15.280357,-16.509504
2017-08-21 16:00:00,-12.70191,-5.2524176
2017-08-21 16:30:00,-9.192657,-3.979287
2017-08-21 17:00:00,-8.7888365,0.70505255
2017-08-21 17:30:00,-5.661861,-7.880743
2017-08-21 18:00:00,-1.9071344,8.076815
2017-08-21 18:30:00,3.0477552,10.727966
2017-08-21 19:00:00,6.647492,16.204828
2017-08-21 19:30:00,3.648666,6.9151335
2017-08-21 20:00:00,2.9025438,16.791838
2017-08-21 20:30:00,3.8117719,14.078163
2017-08-21 21:00:00,1.8553501,11.468625
2017-08-21 21:30:00,6.470358,13.633162
2017-08-21 22:00:00,3.8968308,18.3289
2017-08-21 22:30:00,4.95439,20.769384
2017-08-21 23:00:00,6.380317,13.933487
2017-08-21 23:30:00,5.230314,17.192053
2017-08-22 00:00:00,5.1136675,10.050347
2017-08-22 00:30:00,6.0183134,18.572554
2017-08-22 01:00:00,1.5721618,11.672245
2017-08-22 01:30:00,4.0830193,16.3756
2017-08-22 02:00:00,3.5179424,14.302066
2017-08-22 02:30:00,6.3941045,14.957466
2017-08-22 03:00:00,3.9680007,13.927013
2017-08-22 03:30:00,3.3404164,13.130758
2017-08-22 04:00:00,5.5196853,13.416697
2017-08-22 04:30:00,6.8397884,14.420818
2017-08-22 05:00:00,7.160683,14.635015
2017-08-22 05:30:00,6.2840977,14.6365595
2017-08-22 06:00:00,6.58931,13.757664
2017-08-22 06:30:00,3.6191173,10.669597
2017-08-22 07:00:00,1.1269866,3.3660164
2017-08-22 07:30:00,-15.316779,-6.7431326
2017-08-22 08:00:00,-19.917128,-10.476494
2017-08-22 08:30:00,-24.517477,-14.815246
2017-08-22 09:00:00,-21.783775,-17.323936
2017-08-22 09:30:00,-24.42785,-19.711954
2017-08-22 10:00:00,-40.46926,-22.055227
2017-08-22 10:30:00,-30.840977,-23.564371
2017-08-22 11:00:00,-38.754974,-22.867983
2017-08-22 11:30:00,-41.07857,-24.8014
2017-08-22 12:00:00,-38.10393,-25.520088
2017-08-22 12:30:00,-38.492065,-23.461796
2017-08-22 13:00:00,-48.79762,-22.118856
2017-08-22 13:30:00,-33.227394,-25.86141
2017-08-22 14:00:00,-21.677011,-23.117046
2017-08-22 14:30:00,-16.923048,-19.797377
2017-08-22 15:00:00,-14.530215,-18.240498
2017-08-22 15:30:00,-12.68013,-22.317408
2017-08-22 16:00:00,-18.89008,-21.040836
2017-08-22 16:30:00,-15.007667,-17.57391
2017-08-22 17:00:00,-11.125258,-15.880816
2017-08-22 17:30:00,-3.170766,-9.890335
2017-08-22 18:00:00,3.555596,-2.168442
2017-08-22 18:30:00,5.6903725,4.1398935
2017-08-22 19:00:00,4.7354236,8.318423
2017-08-22 19:30:00,7.0879455,9.347059
2017-08-22 20:00:00,7.5171895,11.752376
2017-08-22 20:30:00,8.389002,12.804448
2017-08-22 21:00:00,8.733417,13.455643
2017-08-22 21:30:00,8.594807,12.409471
2017-08-22 22:00:00,10.56564,12.603765
2017-08-22 22:30:00,8.865199,12.715219
2017-08-22 23:00:00,5.3663125,10.535603
2017-08-22 23:30:00,7.5934315,11.913597
2017-08-23 00:00:00,6.758249,10.705325
2017-08-23 00:30:00,6.6648965,9.998006
2017-08-23 01:00:00,5.9400673,10.47204
2017-08-23 01:30:00,5.3348155,8.734419
2017-08-23 02:00:00,6.801441,8.659499
2017-08-23 02:30:00,6.9148884,8.668516
2017-08-23 03:00:00,7.462425,8.0933
2017-08-23 03:30:00,9.118149,7.594645
2017-08-23 04:00:00,9.180879,7.18036
2017-08-23 04:30:00,6.17758,7.486872
2017-08-23 05:00:00,7.968579,7.485561
2017-08-23 05:30:00,7.2907023,6.639232
2017-08-23 06:00:00,5.8787503,5.094737
2017-08-23 06:30:00,3.1796243,0.70423865
2017-08-23 07:00:00,-4.2419963,-9.553204
2017-08-23 07:30:00,-12.658739,-15.811828
2017-08-23 08:00:00,-16.961435,-18.857998
2017-08-23 08:30:00,-19.65874,-20.081463
2017-08-23 09:00:00,-29.613487,-23.122902
2017-08-23 09:30:00,-29.388186,-24.805038
2017-08-23 10:00:00,-37.5358,-24.481083
2017-08-23 10:30:00,-37.891994,-24.637602
2017-08-23 11:00:00,-38.359005,-23.694397
2017-08-23 11:30:00,-38.82602,-24.865753
2017-08-23 12:00:00,-35.408596,-24.468233
2017-08-23 12:30:00,-40.230003,-23.071453
2017-08-23 13:00:00,-30.923494,-23.23669
2017-08-23 13:30:00,-30.64787,-26.498514
2017-08-23 14:00:00,-40.124386,-29.22406
2017-08-23 14:30:00,-34.401493,-28.379967
2017-08-23 15:00:00,-24.122631,-25.454405
2017-08-23 15:30:00,-22.839125,-22.284933
2017-08-23 16:00:00,-18.056253,-21.916142
2017-08-23 16:30:00,-16.12287,-23.29426
2017-08-23 17:00:00,-6.301959,-18.215588
2017-08-23 17:30:00,-5.6713824,-14.145675
2017-08-23 18:00:00,-2.727735,-8.047164
2017-08-23 18:30:00,3.7935686,-1.0551387
2017-08-23 19:00:00,5.5065203,2.0740416
2017-08-23 19:30:00,5.593655,3.3619244
2017-08-23 20:00:00,12.350053,5.740344
2017-08-23 20:30:00,8.732712,6.4452024
2017-08-23 21:00:00,8.8678255,8.893504
2017-08-23 21:30:00,8.916542,9.840314
2017-08-23 22:00:00,7.303046,9.231404
2017-08-23 22:30:00,7.775159,9.862643
2017-08-23 23:00:00,5.150688,9.816689
2017-08-23 23:30:00,6.099985,10.174718
2017-08-24 00:00:00,6.8423467,11.170383
2017-08-24 00:30:00,7.3569098,11.353901
2017-08-24 01:00:00,6.667862,11.537855
2017-08-24 01:30:00,6.3003564,10.803696
2017-08-24 02:00:00,1.4630026,10.292667
2017-08-24 02:30:00,4.933206,11.108837
2017-08-24 03:00:00,5.4881134,10.746437
2017-08-24 03:30:00,5.584642,11.03674
2017-08-24 04:00:00,6.568778,11.163292
2017-08-24 04:30:00,4.4645224,10.434197
2017-08-24 05:00:00,2.7136536,10.636781
2017-08-24 05:30:00,1.8988744,8.566245
2017-08-24 06:00:00,14.301373,10.276533
2017-08-24 06:30:00,8.2670355,-1.2038394
2017-08-24 07:00:00,7.03392,-9.054115
2017-08-24 07:30:00,-3.484743,-17.919682
2017-08-24 08:00:00,-18.174524,-21.895855
2017-08-24 08:30:00,-29.991133,-29.147518
2017-08-24 09:00:00,-30.046064,-28.44224
2017-08-24 09:30:00,-33.416603,-32.286793
2017-08-24 10:00:00,-27.972721,-32.465416
2017-08-24 10:30:00,-35.53096,-34.777634
2017-08-24 11:00:00,-22.03987,-34.315647
2017-08-24 11:30:00,-29.579172,-32.996735
2017-08-24 12:00:00,-28.845215,-34.044807
2017-08-24 12:30:00,-37.233795,-35.618183
2017-08-24 13:00:00,-27.52202,-26.60459
2017-08-24 13:30:00,-27.337406,-23.024422
2017-08-24 14:00:00,-35.112957,-32.78601
2017-08-24 14:30:00,-26.477448,-33.38341
2017-08-24 15:00:00,-45.321007,-26.420485
2017-08-24 15:30:00,-22.215038,-26.85815
2017-08-24 16:00:00,-7.2155013,-19.983797
2017-08-24 16:30:00,-19.32804,-6.803771
2017-08-24 17:00:00,-13.488493,1.1356832
2017-08-24 17:30:00,-7.648947,-6.4317555
2017-08-24 18:00:00,-1.8093998,-2.6919692
2017-08-24 18:30:00,4.0301466,-0.27030778
2017-08-24 19:00:00,1.2680571,-4.5899115
2017-08-24 19:30:00,22.268917,14.420864
2017-08-24 20:00:00,8.727617,4.437374
2017-08-24 20:30:00,10.9949,-3.7801661
2017-08-24 21:00:00,13.262186,1.7061409
2017-08-24 21:30:00,15.529465,13.695409
2017-08-24 22:00:00,17.98326,11.719797
2017-08-24 22:30:00,20.437046,16.075947
2017-08-24 23:00:00,10.711459,16.70203
2017-08-24 23:30:00,11.566564,16.099203
2017-08-25 00:00:00,7.8141127,16.978008
2017-08-25 00:30:00,12.501353,16.445965
2017-08-25 01:00:00,8.181075,16.908262
2017-08-25 01:30:00,7.7670197,18.995558
2017-08-25 02:00:00,7.352965,18.289093
2017-08-25 02:30:00,12.830462,17.627861
2017-08-25 03:00:00,20.499641,16.582985
2017-08-25 03:30:00,11.89221,17.812847
2017-08-25 04:00:00,10.219764,16.87924
2017-08-25 04:30:00,12.3088875,18.566826
2017-08-25 05:00:00,7.014624,14.742418
2017-08-25 05:30:00,11.675252,12.602152
2017-08-25 06:00:00,16.335878,15.29309
2017-08-25 06:30:00,13.61809,18.08905
2017-08-25 07:00:00,4.9873714,24.570288
2017-08-25 07:30:00,-3.6433384,19.569221
2017-08-25 08:00:00,-12.039889,5.1224546
2017-08-25 08:30:00,-25.988808,-13.816494
2017-08-25 09:00:00,-12.739578,-12.32085
2017-08-25 09:30:00,-24.904049,-16.356415
2017-08-25 10:00:00,-27.289642,-30.621216
2017-08-25 10:30:00,-34.053715,-37.012928
2017-08-25 11:00:00,-31.049973,-44.668526
2017-08-25 11:30:00,-41.094112,-42.256916
2017-08-25 12:00:00,-44.749943,-34.164795
2017-08-25 12:30:00,-11.544031,-17.557852
2017-08-25 13:00:00,-13.776022,-12.336887
2017-08-25 13:30:00,-16.008009,-22.007978
2017-08-25 14:00:00,-18.24,-14.8430805
2017-08-25 14:30:00,-30.089634,-17.22184
2017-08-25 15:00:00,-41.939266,-27.52754
2017-08-25 15:30:00,-23.086975,-12.699016
2017-08-25 16:00:00,-15.003198,-3.1874847
2017-08-25 16:30:00,-12.150849,-2.0861526
2017-08-25 17:00:00,-4.827251,-5.5936675
2017-08-25 17:30:00,2.4963486,-2.9412568
2017-08-25 18:00:00,2.192018,2.0205925
2017-08-25 18:30:00,1.4713185,6.928246
2017-08-25 19:00:00,5.9500823,8.912556
2017-08-25 19:30:00,2.8869028,10.122327
2017-08-25 20:00:00,6.645465,11.593994
2017-08-25 20:30:00,11.367232,12.430801
2017-08-25 21:00:00,6.0224247,11.699227
2017-08-25 21:30:00,7.9081736,10.995993
2017-08-25 22:00:00,7.448152,9.985839
2017-08-25 22:30:00,4.941157,8.160928
2017-08-25 23:00:00,8.271074,8.651745
2017-08-25 23:30:00,4.7065,9.41791
2017-08-26 00:00:00,13.901798,11.821047
2017-08-26 00:30:00,6.146388,12.540299
2017-08-26 01:00:00,10.698346,12.477197
2017-08-26 01:30:00,21.687761,12.945025
2017-08-26 02:00:00,6.562565,13.019813
2017-08-26 02:30:00,4.9386625,13.211868
2017-08-26 03:00:00,8.976148,12.580267
2017-08-26 03:30:00,6.8035893,11.857864
2017-08-26 04:00:00,7.946547,11.718184
2017-08-26 04:30:00,7.409225,12.571661
2017-08-26 05:00:00,5.5374103,10.819277
2017-08-26 05:30:00,5.2418704,13.05074
2017-08-26 06:00:00,6.884801,12.429297
2017-08-26 06:30:00,5.195132,11.568493
2017-08-26 07:00:00,-0.11579304,9.628597
2017-08-26 07:30:00,-8.0643015,2.2243323
2017-08-26 08:00:00,-7.005465,-2.1829827
2017-08-26 08:30:00,-9.26457,-10.70863
2017-08-26 09:00:00,-19.61324,-26.360302
2017-08-26 09:30:00,-15.973441,-23.273663
2017-08-26 10:00:00,-18.234243,-28.011906
2017-08-26 10:30:00,-23.9261,-32.347195
2017-08-26 11:00:00,-25.81378,-36.438244
2017-08-26 11:30:00,-37.49945,-32.730644
2017-08-26 12:00:00,-28.117846,-36.878677
2017-08-26 12:30:00,-26.389957,-31.489843
2017-08-26 13:00:00,-25.324875,-35.074905
2017-08-26 13:30:00,-28.219707,-25.915123
2017-08-26 14:00:00,-18.174374,-23.515224
2017-08-26 14:30:00,-14.11405,-18.170404
2017-08-26 15:00:00,-11.794735,-20.56068
2017-08-26 15:30:00,-10.0867605,-19.016232
2017-08-26 16:00:00,-4.848623,-11.372978
2017-08-26 16:30:00,-13.697624,-6.303312
2017-08-26 17:00:00,-7.2140846,-11.691118
2017-08-26 17:30:00,-3.4334228,-7.191808
2017-08-26 18:00:00,-0.54352605,-5.5662704
2017-08-26 18:30:00,1.8297051,2.0561361
2017-08-26 19:00:00,4.625703,9.769121
2017-08-26 19:30:00,4.529061,9.8302765
2017-08-26 20:00:00,6.9769664,10.44722
2017-08-26 20:30:00,8.027077,12.5281515
2017-08-26 21:00:00,5.8861885,13.190248
2017-08-26 21:30:00,4.7421684,14.603604
2017-08-26 22:00:00,2.3610547,15.34484
2017-08-26 22:30:00,3.9532225,12.501022
2017-08-26 23:00:00,2.529541,13.429297
2017-08-26 23:30:00,3.0827074,14.478906
2017-08-27 00:00:00,3.6358697,12.949283
2017-08-27 00:30:00,5.24386,14.762434
2017-08-27 01:00:00,14.769864,13.583198
2017-08-27 01:30:00,2.508071,13.584667
2017-08-27 02:00:00,9.946968,13.335565
2017-08-27 02:30:00,9.046745,13.507974
2017-08-27 03:00:00,8.146519,14.693547
2017-08-27 03:30:00,7.5199027,13.90586
2017-08-27 04:00:00,2.7618916,14.181799
2017-08-27 04:30:00,6.5376544,12.448936
2017-08-27 05:00:00,2.2142491,11.727318
2017-08-27 05:30:00,4.6087317,12.97278
2017-08-27 06:00:00,7.0032144,12.107393
2017-08-27 06:30:00,16.76819,12.55634
2017-08-27 07:00:00,4.665101,8.701991
2017-08-27 07:30:00,-1.1187502,3.8647387
2017-08-27 08:00:00,-12.745928,-12.896444
2017-08-27 08:30:00,-15.523997,-13.947353
2017-08-27 09:00:00,-19.823631,-17.634247
2017-08-27 09:30:00,-27.96184,-22.573246
2017-08-27 10:00:00,-29.562716,-22.671055
2017-08-27 10:30:00,-26.652128,-19.278406
2017-08-27 11:00:00,-24.91763,-20.170862
2017-08-27 11:30:00,-32.881027,-21.84753
2017-08-27 12:00:00,-36.759693,-26.106941
2017-08-27 12:30:00,-30.40488,-23.322842
2017-08-27 13:00:00,-33.69525,-24.04006
2017-08-27 13:30:00,-31.747747,-22.536488
2017-08-27 14:00:00,-22.78201,-19.068758
2017-08-27 14:30:00,-16.34271,-19.924166
2017-08-27 15:00:00,-20.561365,-19.682901
2017-08-27 15:30:00,-20.648981,-21.893095
2017-08-27 16:00:00,-13.654541,-18.331507
2017-08-27 16:30:00,-13.27387,-14.015943
2017-08-27 17:00:00,-8.948943,-7.601986
2017-08-27 17:30:00,-2.342087,-3.065816
2017-08-27 18:00:00,3.207549,-4.403542
2017-08-27 18:30:00,5.5794234,9.439127
2017-08-27 19:00:00,3.9270692,12.819468
2017-08-27 19:30:00,4.5049305,12.919154
2017-08-27 20:00:00,8.092234,13.630193
2017-08-27 20:30:00,7.6054816,13.141512
2017-08-27 21:00:00,7.8106947,11.901445
2017-08-27 21:30:00,9.811105,11.285481
2017-08-27 22:00:00,8.216638,10.677675
2017-08-27 22:30:00,8.207659,10.098747
2017-08-27 23:00:00,10.21895,9.951109
2017-08-27 23:30:00,9.459245,8.959015
2017-08-28 00:00:00,7.8753276,11.307396
2017-08-28 00:30:00,6.2633924,10.996016
2017-08-28 01:00:00,5.5116634,11.545982
2017-08-28 01:30:00,4.8307767,12.099593
2017-08-28 02:00:00,5.7584414,12.263867
2017-08-28 02:30:00,2.2174747,11.896909
2017-08-28 03:00:00,4.39059,10.788138
2017-08-28 03:30:00,1.5723652,10.764543
2017-08-28 04:00:00,3.0764222,11.369297
2017-08-28 04:30:00,8.379887,10.894531
2017-08-28 05:00:00,4.579869,10.989403
2017-08-28 05:30:00,6.4363136,10.857006
2017-08-28 06:00:00,5.8453546,9.3175335
2017-08-28 06:30:00,7.0523005,6.849069
2017-08-28 07:00:00,13.6107645,-1.8001833
2017-08-28 07:30:00,-6.322035,-11.625155
2017-08-28 08:00:00,-15.602647,-10.011272
2017-08-28 08:30:00,-19.20848,-16.949488
2017-08-28 09:00:00,-32.82144,-27.797766
2017-08-28 09:30:00,-24.873512,-32.64358
2017-08-28 10:00:00,-32.564022,-32.7995
2017-08-28 10:30:00,-30.736126,-33.341152
2017-08-28 11:00:00,-33.58762,-32.86268
2017-08-28 11:30:00,-30.892471,-32.528877
2017-08-28 12:00:00,-39.809547,-31.748543
2017-08-28 12:30:00,-22.340868,-29.64692
2017-08-28 13:00:00,-29.55654,-33.516655
2017-08-28 13:30:00,-28.121164,-31.338177
2017-08-28 14:00:00,-23.208984,-25.167562
2017-08-28 14:30:00,-21.614405,-27.114418
2017-08-28 15:00:00,-27.45177,-17.600672
2017-08-28 15:30:00,-12.3029,-10.674299
2017-08-28 16:00:00,-10.430219,-17.648306
2017-08-28 16:30:00,-9.554258,-12.331582
2017-08-28 17:00:00,-2.4651916,-7.969219
2017-08-28 17:30:00,0.9746837,-5.6305904
2017-08-28 18:00:00,3.4398167,7.4725122
2017-08-28 18:30:00,6.7815237,1.7540963
2017-08-28 19:00:00,10.123232,3.4655898
2017-08-28 19:30:00,20.801693,6.6769576
2017-08-28 20:00:00,6.7716136,4.7077928
2017-08-28 20:30:00,11.11577,7.6428113
2017-08-28 21:00:00,11.474695,11.227868
2017-08-28 21:30:00,8.671403,10.161718
2017-08-28 22:00:00,8.659941,9.98594
2017-08-28 22:30:00,8.344053,9.207308
2017-08-28 23:00:00,8.028166,10.055524
2017-08-28 23:30:00,7.712282,8.755648
2017-08-29 00:00:00,8.767498,13.621835
2017-08-29 00:30:00,9.822714,13.682372
2017-08-29 01:00:00,9.965611,12.335396
2017-08-29 01:30:00,10.10851,10.785304
2017-08-29 02:00:00,10.251408,10.842533
2017-08-29 02:30:00,10.394306,10.136894
2017-08-29 03:00:00,10.537204,9.544605
2017-08-29 03:30:00,10.680101,9.017061
2017-08-29 04:00:00,10.823,10.610044
2017-08-29 04:30:00,11.271721,10.629214
2017-08-29 05:00:00,5.088957,10.153934
2017-08-29 05:30:00,-1.0938097,8.078929
2017-08-29 06:00:00,-7.276573,8.619759
2017-08-29 06:30:00,-13.459335,10.595107
2017-08-29 07:00:00,-19.6421,4.496381
2017-08-29 07:30:00,-25.824863,2.6532524
2017-08-29 08:00:00,-32.007626,1.546317
2017-08-29 08:30:00,-38.19039,-5.0630755
2017-08-29 09:00:00,1.8936294,-6.456873
2017-08-29 09:30:00,1.9284345,-4.287476
2017-08-29 10:00:00,1.9632434,1.340629
2017-08-29 10:30:00,1.9980484,-5.5847297
2017-08-29 11:00:00,2.0328574,-7.409814
2017-08-29 11:30:00,2.0676625,-9.361254
2017-08-29 12:00:00,2.1024675,-9.12137
2017-08-29 12:30:00,-4.277973,-17.564226
2017-08-29 13:00:00,-10.658413,-13.578695
2017-08-29 13:30:00,-12.160971,-3.3790994
2017-08-29 14:00:00,-9.077466,-3.614419
2017-08-29 14:30:00,-5.6701317,-7.5976453
2017-08-29 15:00:00,-5.1007934,-5.74805
2017-08-29 15:30:00,-3.368078,-3.6258926
2017-08-29 16:00:00,-3.940966,-2.3063097
2017-08-29 16:30:00,0.89292926,2.2073462
2017-08-29 17:00:00,2.393712,0.18823625
2017-08-29 17:30:00,3.0220764,3.8559554
2017-08-29 18:00:00,3.013866,4.900515
2017-08-29 18:30:00,3.005659,5.4208016
2017-08-29 19:00:00,4.3475823,8.564312
2017-08-29 19:30:00,4.0761805,8.527348
2017-08-29 20:00:00,4.275508,9.00619
2017-08-29 20:30:00,3.056124,9.787031
2017-08-29 21:00:00,3.6620688,10.678168
2017-08-29 21:30:00,3.6752305,10.937965
2017-08-29 22:00:00,4.0590773,10.426526
2017-08-29 22:30:00,3.2411294,11.350992
2017-08-29 23:00:00,4.709718,10.565362
2017-08-29 23:30:00,5.4313784,10.389517
2017-08-30 00:00:00,4.049363,10.365891
2017-08-30 00:30:00,3.5717082,10.390112
2017-08-30 01:00:00,2.9487998,10.209862
2017-08-30 01:30:00,5.816239,10.462624
2017-08-30 02:00:00,4.06176,9.782721
2017-08-30 02:30:00,5.9038415,10.53012
2017-08-30 03:00:00,5.1901054,10.660188
2017-08-30 03:30:00,5.6985717,12.429871
2017-08-30 04:00:00,5.5910554,13.064095
2017-08-30 04:30:00,4.2067795,13.3354435
2017-08-30 05:00:00,6.0007205,12.711936
2017-08-30 05:30:00,3.7150507,11.302301
2017-08-30 06:00:00,13.923193,12.072302
2017-08-30 06:30:00,8.234857,11.806401
2017-08-30 07:00:00,4.0539527,8.390879
2017-08-30 07:30:00,4.2306156,1.8045989
2017-08-30 08:00:00,-6.46089,1.3068186
2017-08-30 08:30:00,-5.5806904,-6.506347
2017-08-30 09:00:00,-5.8563695,-9.801745
2017-08-30 09:30:00,-2.8857238,-10.162095
2017-08-30 10:00:00,-8.624562,-16.926397
2017-08-30 10:30:00,-7.42056,-16.5179
2017-08-30 11:00:00,-6.216553,-13.019711
2017-08-30 11:30:00,-11.8397255,-15.845499
2017-08-30 12:00:00,-15.020143,-13.256813
2017-08-30 12:30:00,-4.2872763,-11.493227
2017-08-30 13:00:00,-6.956993,-4.8208604
2017-08-30 13:30:00,-9.62671,-6.034321
2017-08-30 14:00:00,-12.296423,-11.986907
2017-08-30 14:30:00,-14.96614,-9.237799
2017-08-30 15:00:00,-17.635857,-7.4722457
2017-08-30 15:30:00,-12.770469,-7.663563
2017-08-30 16:00:00,0.1324848,-0.5656744
2017-08-30 16:30:00,-1.4059666,2.7405684
2017-08-30 17:00:00,-0.2505182,5.4448605
2017-08-30 17:30:00,0.91392833,5.1483293
2017-08-30 18:00:00,1.4950495,8.930344
2017-08-30 18:30:00,2.075662,8.633365
2017-08-30 19:00:00,7.7507687,6.8140755
2017-08-30 19:30:00,4.6957955,4.8272877
2017-08-30 20:00:00,3.8625042,11.190754
2017-08-30 20:30:00,5.651121,10.7686615
2017-08-30 21:00:00,4.5819564,10.029457
2017-08-30 21:30:00,6.541204,9.676798
2017-08-30 22:00:00,5.987608,9.178252
2017-08-30 22:30:00,7.177014,9.024827
2017-08-30 23:00:00,4.5702453,8.850063
2017-08-30 23:30:00,5.132711,8.152714
2017-08-31 00:00:00,3.016639,8.137404
2017-08-31 00:30:00,7.535691,7.2953935
2017-08-31 01:00:00,9.649901,6.3610477
2017-08-31 01:30:00,9.275407,5.651656
2017-08-31 02:00:00,3.6950088,5.4082994
2017-08-31 02:30:00,4.2639813,4.0435004
2017-08-31 03:00:00,3.7495282,4.274833
2017-08-31 03:30:00,8.713009,4.3500166
2017-08-31 04:00:00,7.9195495,4.751513
2017-08-31 04:30:00,9.626266,5.761554
2017-08-31 05:00:00,3.8081205,6.324502
2017-08-31 05:30:00,4.8154297,8.313615
2017-08-31 06:00:00,6.3636174,7.8828673
2017-08-31 06:30:00,4.931149,7.8362045
2017-08-31 07:00:00,1.9664198,5.7367945
2017-08-31 07:30:00,-3.9161837,4.3987293
2017-08-31 08:00:00,-5.670742,1.0624444
2017-08-31 08:30:00,-11.800643,-5.3548245
2017-08-31 09:00:00,-29.326532,-16.769146
2017-08-31 09:30:00,-37.862503,-15.250876
2017-08-31 10:00:00,-24.130201,-11.096956
2017-08-31 10:30:00,-36.898808,-8.533769
2017-08-31 11:00:00,-22.65785,-11.858931
2017-08-31 11:30:00,-26.164118,-17.920416
2017-08-31 12:00:00,-21.221077,-16.35056
2017-08-31 12:30:00,-16.278036,-11.485374
2017-08-31 13:00:00,-11.334992,-11.250684
2017-08-31 13:30:00,-12.045654,-13.347867
2017-08-31 14:00:00,-12.756316,-12.098463
2017-08-31 14:30:00,-13.466977,-11.653152
2017-08-31 15:00:00,-14.177639,-14.849185
2017-08-31 15:30:00,-10.075966,-14.481118
2017-08-31 16:00:00,3.4727263,-9.3726635
2017-08-31 16:30:00,17.021423,-9.44308
2017-08-31 17:00:00,-3.3479605,-8.698657
2017-08-31 17:30:00,-0.015100552,-5.3129206
2017-08-31 18:00:00,1.5460908,-4.309662
2017-08-31 18:30:00,24.23969,-2.2089255
2017-08-31 19:00:00,15.197835,-2.2113974
2017-08-31 19:30:00,6.1559777,0.96897143
2017-08-31 20:00:00,11.936823,2.1303658
2017-08-31 20:30:00,6.2353096,2.7226553
2017-08-31 21:00:00,9.077827,2.5388255
2017-08-31 21:30:00,2.4706132,2.7672422
2017-08-31 22:00:00,5.252624,2.5109122
2017-08-31 22:30:00,13.457399,3.6418421
2017-08-31 23:00:00,8.555223,5.0656443
2017-08-31 23:30:00,4.5144224,4.657203
2017-09-01 00:00:00,14.837681,4.805105
2017-09-01 00:30:00,11.441243,5.565689
2017-09-01 01:00:00,9.103156,6.5996156
2017-09-01 01:30:00,10.923726,7.345817
2017-09-01 02:00:00,4.9711013,7.375343
2017-09-01 02:30:00,10.301451,7.472422
2017-09-01 03:00:00,9.48394,7.615821
2017-09-01 03:30:00,5.6972756,7.053634
2017-09-01 04:00:00,6.782473,7.20362
2017-09-01 04:30:00,4.6639595,6.857724
2017-09-01 05:00:00,1.6437389,7.634868
2017-09-01 05:30:00,4.2663555,7.8608737
2017-09-01 06:00:00,5.5424666,7.077286
2017-09-01 06:30:00,2.629401,0.90467036
2017-09-01 07:00:00,-3.1498652,-8.828341
2017-09-01 07:30:00,-8.929127,-11.333516
2017-09-01 08:00:00,-11.253386,-11.209816
2017-09-01 08:30:00,-26.031998,-9.744
2017-09-01 09:00:00,-11.36505,-11.25704
2017-09-01 09:30:00,-19.207178,-13.29681
2017-09-01 10:00:00,-25.406685,-14.007009
2017-09-01 10:30:00,-22.205318,-15.902373
2017-09-01 11:00:00,-23.293842,-16.803614
2017-09-01 11:30:00,-26.4963,-17.601334
2017-09-01 12:00:00,-21.352528,-16.706556
2017-09-01 12:30:00,-20.998524,-15.88195
2017-09-01 13:00:00,-24.964685,-16.06947
2017-09-01 13:30:00,-23.31553,-16.055931
2017-09-01 14:00:00,-21.328777,-15.832168
2017-09-01 14:30:00,-23.413122,-15.267728
2017-09-01 15:00:00,-19.935415,-15.420535
2017-09-01 15:30:00,-16.45771,-15.318671
2017-09-01 16:00:00,-15.943139,-13.761451
2017-09-01 16:30:00,-10.989534,-13.065808
2017-09-01 17:00:00,-6.8680043,-11.409223
2017-09-01 17:30:00,-2.7464733,-9.130199
2017-09-01 18:00:00,1.2440963,-6.9709725
2017-09-01 18:30:00,1.7294044,-3.8758662
2017-09-01 19:00:00,1.6177659,-0.13400383
2017-09-01 19:30:00,1.8193694,1.350633
2017-09-01 20:00:00,3.2182426,3.2923932
2017-09-01 20:30:00,2.1968184,4.859602
2017-09-01 21:00:00,1.6002861,5.424671
2017-09-01 21:30:00,1.5981083,6.0325866
2017-09-01 22:00:00,3.5134623,5.3287983
2017-09-01 22:30:00,3.553,4.7355366
2017-09-01 23:00:00,4.296805,5.0970206
2017-09-01 23:30:00,6.419603,3.9907444
2017-09-02 00:00:00,4.151066,3.6182468
2017-09-02 00:30:00,2.6423175,1.6395149
2017-09-02 01:00:00,8.376352,2.766903
2017-09-02 01:30:00,14.110388,1.349171
2017-09-02 02:00:00,4.6780405,4.646242
2017-09-02 02:30:00,3.848864,-0.16263694
2017-09-02 03:00:00,4.730299,0.70594555
2017-09-02 03:30:00,5.611734,0.31098288
2017-09-02 04:00:00,5.702332,-0.36234516
2017-09-02 04:30:00,5.83939,-1.3492619
2017-09-02 05:00:00,4.5032125,-2.201299
2017-09-02 05:30:00,1.7989959,-2.505351
2017-09-02 06:00:00,7.1683397,-2.2213938
2017-09-02 06:30:00,9.926124,-4.5337944
2017-09-02 07:00:00,4.4063067,-10.017339
2017-09-02 07:30:00,-1.1135089,-10.7765255
2017-09-02 08:00:00,-8.25659,-15.131303
2017-09-02 08:30:00,-6.9815454,-15.238887
2017-09-02 09:00:00,-3.297006,-15.191173
2017-09-02 09:30:00,-14.423588,-16.569807
2017-09-02 10:00:00,-10.859569,-12.416201
2017-09-02 10:30:00,-12.845764,-15.092477
2017-09-02 11:00:00,-9.72357,-15.899419
2017-09-02 11:30:00,-14.0232935,-16.264275
2017-09-02 12:00:00,-13.558348,-15.249709
2017-09-02 12:30:00,-17.424864,-17.969025
2017-09-02 13:00:00,-25.744112,-19.750076
2017-09-02 13:30:00,-4.8693433,-11.298161
2017-09-02 14:00:00,-7.8476224,-7.4624677
2017-09-02 14:30:00,-32.682983,-20.953749
2017-09-02 15:00:00,-12.937546,-15.032788
2017-09-02 15:30:00,-11.131418,-7.725015
2017-09-02 16:00:00,-3.0893848,-4.0091786
2017-09-02 16:30:00,-1.8985132,-5.639965
2017-09-02 17:00:00,-6.5140076,-2.5392592
2017-09-02 17:30:00,0.8781473,-2.2321477
2017-09-02 18:00:00,3.708355,1.25716
2017-09-02 18:30:00,4.580626,4.7466483
2017-09-02 19:00:00,4.091456,4.8310666
2017-09-02 19:30:00,1.5892684,4.648857
2017-09-02 20:00:00,4.643993,3.1480596
2017-09-02 20:30:00,4.7791247,2.9354272
2017-09-02 21:00:00,5.4300447,1.9895892
2017-09-02 21:30:00,6.128818,3.849836
2017-09-02 22:00:00,5.209944,0.8524721
2017-09-02 22:30:00,5.282644,4.3143673
2017-09-02 23:00:00,5.5604362,3.441697
2017-09-02 23:30:00,2.3362575,1.0270591
2017-09-03 00:00:00,3.552337,4.5507193
2017-09-03 00:30:00,4.768416,5.0522604
2017-09-03 01:00:00,4.763932,5.235668
2017-09-03 01:30:00,4.7594485,5.111373
2017-09-03 02:00:00,4.7549644,5.055335
2017-09-03 02:30:00,6.4850984,4.100503
2017-09-03 03:00:00,6.0368786,2.2727213
2017-09-03 03:30:00,5.5886626,2.545834
2017-09-03 04:00:00,8.576856,4.896355
2017-09-03 04:30:00,4.336655,4.454552
2017-09-03 05:00:00,5.1105213,-0.62491125
2017-09-03 05:30:00,6.694927,4.791333
2017-09-03 06:00:00,6.004711,5.8093247
2017-09-03 06:30:00,3.5120757,-0.8755554
2017-09-03 07:00:00,4.8022943,-7.1147294
2017-09-03 07:30:00,-3.0573869,-15.038331
2017-09-03 08:00:00,-6.079409,-15.289499
2017-09-03 08:30:00,-4.4022307,-17.29565
2017-09-03 09:00:00,-9.047514,-20.10932
2017-09-03 09:30:00,-12.620314,-23.336056
2017-09-03 10:00:00,25.93139,-23.157984
2017-09-03 10:30:00,-22.954393,-25.821306
2017-09-03 11:00:00,-20.816317,-25.586407
2017-09-03 11:30:00,-19.582993,-21.820204
2017-09-03 12:00:00,-13.876779,-16.258205
2017-09-03 12:30:00,-13.200206,-20.117886
2017-09-03 13:00:00,-26.152464,-26.702084
2017-09-03 13:30:00,4.955939,-19.86674
2017-09-03 14:00:00,44.713932,-17.946611
2017-09-03 14:30:00,44.056602,-23.608631
2017-09-03 15:00:00,43.399265,-22.849373
2017-09-03 15:30:00,42.74193,-14.978104
2017-09-03 16:00:00,42.084595,-10.262682
2017-09-03 16:30:00,41.427258,-4.932608
2017-09-03 17:00:00,40.769928,-2.318077
2017-09-03 17:30:00,40.11259,1.7277881
2017-09-03 18:00:00,39.455254,4.2696753
2017-09-03 18:30:00,38.797916,-1.212193
2017-09-03 19:00:00,38.14058,-4.0385575
2017-09-03 19:30:00,37.483253,4.224922
2017-09-03 20:00:00,36.825916,6.195429
2017-09-03 20:30:00,36.16858,3.108051
2017-09-03 21:00:00,35.511242,0.007865461
2017-09-03 21:30:00,34.853905,-0.8952847
2017-09-03 22:00:00,34.196575,-1.4136345
2017-09-03 22:30:00,33.539238,-1.4279342
2017-09-03 23:00:00,32.881905,-2.7382517
2017-09-03 23:30:00,32.224567,-1.6974937
2017-09-04 00:00:00,31.567232,-0.41745603
2017-09-04 00:30:00,30.909903,-0.5405531
2017-09-04 01:00:00,30.252565,-1.1506276
2017-09-04 01:30:00,29.59523,-0.3359578
2017-09-04 02:00:00,28.937893,-1.3730984
2017-09-04 02:30:00,28.280556,-1.2363648
2017-09-04 03:00:00,27.623226,-0.68806684
2017-09-04 03:30:00,26.96589,-0.6499459
2017-09-04 04:00:00,26.308554,-0.6961455
2017-09-04 04:30:00,25.651217,0.13749248
2017-09-04 05:00:00,24.993881,0.31009364
2017-09-04 05:30:00,24.336552,0.46428433
2017-09-04 06:00:00,23.679214,1.2522163
2017-09-04 06:30:00,23.021877,1.7657733
2017-09-04 07:00:00,22.364542,-0.31388855
2017-09-04 07:30:00,21.707205,0.6683597
2017-09-04 08:00:00,21.049875,-0.8231575
2017-09-04 08:30:00,20.39254,-2.672074
2017-09-04 09:00:00,19.735203,0.1298585
2017-09-04 09:30:00,19.077866,-2.4714992
2017-09-04 10:00:00,18.42053,-0.48060408
2017-09-04 10:30:00,17.7632,-1.273864
2017-09-04 11:00:00,17.105864,-0.3321408
2017-09-04 11:30:00,16.448526,-0.31914118
2017-09-04 12:00:00,15.79119,0.3360251
2017-09-04 12:30:00,15.133854,1.0697469
2017-09-04 13:00:00,14.476524,0.45730597
2017-09-04 13:30:00,13.819188,1.339506
2017-09-04 14:00:00,13.161852,0.025548724
2017-09-04 14:30:00,12.504515,1.3424225
2017-09-04 15:00:00,11.847182,-0.925945
2017-09-04 15:30:00,11.189845,-0.9991122
2017-09-04 16:00:00,10.532509,2.256628
2017-09-04 16:30:00,9.875175,3.508971
2017-09-04 17:00:00,9.217839,4.9511456
2017-09-04 17:30:00,9.217839,7.922673
2017-09-04 18:00:00,9.217839,7.712723
2017-09-04 18:30:00,9.217839,11.688273
2017-09-04 19:00:00,9.217839,6.343587
2017-09-04 19:30:00,9.217839,6.478263
2017-09-04 20:00:00,9.217839,6.148555
2017-09-04 20:30:00,9.217839,11.058436
2017-09-04 21:00:00,9.217839,9.736031
2017-09-04 21:30:00,9.217839,12.52152
2017-09-04 22:00:00,9.217839,11.865977
2017-09-04 22:30:00,9.217839,11.151992
2017-09-04 23:00:00,9.217839,9.991544
2017-09-04 23:30:00,0.6724819,11.275161
2017-09-05 00:00:00,6.4632134,1.6079127
2017-09-05 00:30:00,4.299446,11.728459
2017-09-05 01:00:00,4.0614023,12.537372
2017-09-05 01:30:00,3.2660625,12.438507
2017-09-05 02:00:00,3.8012629,12.862622
2017-09-05 02:30:00,3.9786415,12.8932905
2017-09-05 03:00:00,4.666985,13.726804
2017-09-05 03:30:00,4.1058307,14.347493
2017-09-05 04:00:00,2.9652774,13.722056
2017-09-05 04:30:00,3.097896,13.795487
2017-09-05 05:00:00,4.0561795,14.245116
2017-09-05 05:30:00,5.5007854,15.160554
2017-09-05 06:00:00,4.204097,15.599271
2017-09-05 06:30:00,1.2932801,15.490609
2017-09-05 07:00:00,-1.370148,12.467042
2017-09-05 07:30:00,-7.735863,9.681873
2017-09-05 08:00:00,-11.7459955,1.2782156
2017-09-05 08:30:00,-7.640099,-1.5231028
2017-09-05 09:00:00,-11.564216,-4.168113
2017-09-05 09:30:00,-7.272338,-5.635244
2017-09-05 10:00:00,-9.568374,-9.245711
2017-09-05 10:30:00,-26.470663,-13.228692
2017-09-05 11:00:00,-23.014555,-13.292884
2017-09-05 11:30:00,-20.125195,-10.110206
2017-09-05 12:00:00,-29.166441,-16.860416
2017-09-05 12:30:00,-37.900387,-14.910305
2017-09-05 13:00:00,-31.698465,-14.540977
2017-09-05 13:30:00,-37.081173,-11.4436245
2017-09-05 14:00:00,-24.61888,-6.1940694
2017-09-05 14:30:00,-17.646034,-1.4652073
2017-09-05 15:00:00,-10.151887,4.0954576
2017-09-05 15:30:00,-7.635702,3.8745017
2017-09-05 16:00:00,-16.26819,2.7441707
2017-09-05 16:30:00,-9.1959505,8.681448
2017-09-05 17:00:00,-4.974972,10.873631
2017-09-05 17:30:00,-1.5985646,10.462722
2017-09-05 18:00:00,2.399349,6.4410877
2017-09-05 18:30:00,10.459986,9.206667
2017-09-05 19:00:00,6.6254225,4.579948
2017-09-05 19:30:00,7.434354,5.5735717
2017-09-05 20:00:00,6.3340726,4.7999845
2017-09-05 20:30:00,5.854371,5.4104056
2017-09-05 21:00:00,2.6841388,6.3616543
2017-09-05 21:30:00,5.9915757,6.1054335
2017-09-05 22:00:00,2.386191,7.1140504
2017-09-05 22:30:00,4.2439733,8.217456
2017-09-05 23:00:00,6.204137,7.7919226
2017-09-05 23:30:00,6.666087,8.023953
2017-09-06 00:00:00,2.117042,6.709272
2017-09-06 00:30:00,4.4916635,7.6725144
2017-09-06 01:00:00,3.708988,7.510905
2017-09-06 01:30:00,12.6564,7.9802785
2017-09-06 02:00:00,3.0930393,7.758154
2017-09-06 02:30:00,3.3904104,8.296806
2017-09-06 03:00:00,3.0579515,8.809214
2017-09-06 03:30:00,3.4100945,8.428811
2017-09-06 04:00:00,3.7622375,8.602399
2017-09-06 04:30:00,4.1450105,8.184101
2017-09-06 05:00:00,3.1772618,7.955594
2017-09-06 05:30:00,2.2095165,6.3624344
2017-09-06 06:00:00,1.2417715,6.5680847
2017-09-06 06:30:00,0.2740225,7.3659983
2017-09-06 07:00:00,-0.6937226,5.418797
2017-09-06 07:30:00,-1.6614678,2.4689138
2017-09-06 08:00:00,-2.6292167,3.1753852
2017-09-06 08:30:00,-2.9318783,1.7476265
2017-09-06 09:00:00,-7.9146433,2.9417236
2017-09-06 09:30:00,-12.897412,1.9824903
2017-09-06 10:00:00,-17.880178,-0.41942295
2017-09-06 10:30:00,-21.650923,-2.7901409
2017-09-06 11:00:00,-7.8872805,0.9876946
2017-09-06 11:30:00,-9.770452,0.50193805
2017-09-06 12:00:00,-20.102064,-2.9764915
2017-09-06 12:30:00,-24.108763,-3.7302701
2017-09-06 13:00:00,-13.489303,0.95213217
2017-09-06 13:30:00,-10.430516,-1.7455584
2017-09-06 14:00:00,-1.987653,4.670015
2017-09-06 14:30:00,7.0765777,7.9387813
2017-09-06 15:00:00,1.3771334,6.8891416
2017-09-06 15:30:00,1.597901,6.8263745
2017-09-06 16:00:00,1.8186724,7.582459
2017-09-06 16:30:00,2.0394437,4.654279
2017-09-06 17:00:00,2.2602153,0.99889314
2017-09-06 17:30:00,2.4809828,2.1578875
2017-09-06 18:00:00,2.701754,6.847358
2017-09-06 18:30:00,2.9225256,12.625627
2017-09-06 19:00:00,3.1432931,14.112196
2017-09-06 19:30:00,3.3640645,16.632172
2017-09-06 20:00:00,3.584836,16.831795
2017-09-06 20:30:00,3.8056035,16.815758
2017-09-06 21:00:00,4.026375,15.326211
2017-09-06 21:30:00,4.247146,6.7472725
2017-09-06 22:00:00,4.4679136,5.1694565
2017-09-06 22:30:00,3.45542,10.995522
2017-09-06 23:00:00,4.4771266,11.460588
2017-09-06 23:30:00,5.1379676,10.3191185
2017-09-07 00:00:00,12.570711,13.954158
2017-09-07 00:30:00,3.0122907,12.410382
2017-09-07 01:00:00,10.48961,12.339386
2017-09-07 01:30:00,2.5287573,12.361847
2017-09-07 02:00:00,2.6048222,13.323213
2017-09-07 02:30:00,9.699338,13.286746
2017-09-07 03:00:00,6.997547,13.871639
2017-09-07 03:30:00,8.831796,14.224377
2017-09-07 04:00:00,8.9400425,14.161903
2017-09-07 04:30:00,9.49047,13.987324
2017-09-07 05:00:00,8.769978,13.092716
2017-09-07 05:30:00,6.7977376,12.229755
2017-09-07 06:00:00,12.538457,12.495102
2017-09-07 06:30:00,3.3469992,10.891287
2017-09-07 07:00:00,-0.2487736,6.5880404
2017-09-07 07:30:00,-4.1855855,-5.6864586
2017-09-07 08:00:00,-13.314686,-7.6589055
2017-09-07 08:30:00,-28.110762,-15.093322
2017-09-07 09:00:00,-43.610176,-19.559168
2017-09-07 09:30:00,-31.326326,-18.855305
2017-09-07 10:00:00,-44.349792,-19.42684
2017-09-07 10:30:00,-21.584047,-19.121655
2017-09-07 11:00:00,-21.29941,-17.076168
2017-09-07 11:30:00,-20.288532,-19.442183
2017-09-07 12:00:00,-24.45156,-20.705227
2017-09-07 12:30:00,-16.085917,-19.78054
2017-09-07 13:00:00,-28.40579,-25.15612
2017-09-07 13:30:00,-18.437159,-24.447662
2017-09-07 14:00:00,-30.13446,-25.720102
2017-09-07 14:30:00,-32.94478,-26.383278
2017-09-07 15:00:00,-31.616798,-21.737537
2017-09-07 15:30:00,-19.211678,-17.183903
2017-09-07 16:00:00,-24.27243,-17.015167
2017-09-07 16:30:00,-9.094569,-17.023027
2017-09-07 17:00:00,-9.193374,-12.337389
2017-09-07 17:30:00,-6.906521,-8.041904
2017-09-07 18:00:00,-3.212527,1.2091819
2017-09-07 18:30:00,0.48146644,5.5221686
2017-09-07 19:00:00,1.0078233,6.728907
2017-09-07 19:30:00,2.9629903,7.7773027
2017-09-07 20:00:00,4.9181604,7.8856974
2017-09-07 20:30:00,3.0499785,6.9270706
2017-09-07 21:00:00,2.2002285,6.993866
2017-09-07 21:30:00,1.3504785,6.515834
2017-09-07 22:00:00,1.5795169,6.0027857
2017-09-07 22:30:00,1.8085552,4.733562
2017-09-07 23:00:00,1.3468688,4.5169206
2017-09-07 23:30:00,5.4023347,4.595491
2017-09-08 00:00:00,2.2463074,5.267033
2017-09-08 00:30:00,1.055564,5.6756473
2017-09-08 01:00:00,1.2665386,5.4096594
2017-09-08 01:30:00,2.024289,5.93518
2017-09-08 02:00:00,2.7820392,6.2164392
2017-09-08 02:30:00,3.5397894,6.652767
2017-09-08 03:00:00,23.082573,6.159373
2017-09-08 03:30:00,1.7799411,3.1237447
2017-09-08 04:00:00,1.995166,0.66927534
2017-09-08 04:30:00,2.2103908,4.136114
2017-09-08 05:00:00,2.4256194,4.8499107
2017-09-08 05:30:00,-13.967923,8.427131
2017-09-08 06:00:00,48.91805,9.202816
2017-09-08 06:30:00,1.4326813,9.109125
2017-09-08 07:00:00,-5.9401736,7.345346
2017-09-08 07:30:00,-47.61008,-7.700719
2017-09-08 08:00:00,-12.9741745,-17.73921
2017-09-08 08:30:00,-19.1494,-18.026125
2017-09-08 09:00:00,-28.878885,-21.525135
2017-09-08 09:30:00,-32.471813,-24.825565
2017-09-08 10:00:00,-29.51733,-26.970533
2017-09-08 10:30:00,-46.361046,-28.761427
2017-09-08 11:00:00,-19.854769,-26.99424
2017-09-08 11:30:00,-30.897503,-28.076258
2017-09-08 12:00:00,-45.577545,-27.928328
2017-09-08 12:30:00,-33.957882,-25.818108
2017-09-08 13:00:00,-34.689,-27.595022
2017-09-08 13:30:00,-31.821615,-24.953413
2017-09-08 14:00:00,-32.910862,-23.705172
2017-09-08 14:30:00,-26.606173,-23.018269
2017-09-08 15:00:00,-21.136885,-22.332514
2017-09-08 15:30:00,-19.464558,-23.033503
2017-09-08 16:00:00,-17.774426,-19.107557
2017-09-08 16:30:00,-13.718801,-16.579533
2017-09-08 17:00:00,-6.78868,-10.775462
2017-09-08 17:30:00,-2.3857505,-11.620777
2017-09-08 18:00:00,1.5509328,-6.8929334
2017-09-08 18:30:00,2.8294067,-3.9205923
2017-09-08 19:00:00,4.2804103,-1.6476241
2017-09-08 19:30:00,3.9665124,0.46006793
2017-09-08 20:00:00,4.804857,2.0076494
2017-09-08 20:30:00,5.1866913,2.2193022
2017-09-08 21:00:00,5.979737,-4.173776
2017-09-08 21:30:00,5.216003,4.645764
2017-09-08 22:00:00,4.0874276,3.2494493
2017-09-08 22:30:00,4.548941,4.411921
2017-09-08 23:00:00,2.866258,3.4958582
2017-09-08 23:30:00,2.9667017,4.3456645
2017-09-09 00:00:00,5.2845616,4.4330783
2017-09-09 00:30:00,3.5542247,4.3607855
2017-09-09 01:00:00,5.7792673,4.449413
2017-09-09 01:30:00,5.8132396,3.9995918
2017-09-09 02:00:00,2.7395473,3.6770618
2017-09-09 02:30:00,2.935107,3.9635959
2017-09-09 03:00:00,2.6111448,4.1550336
2017-09-09 03:30:00,1.0664686,3.8176048
2017-09-09 04:00:00,4.06066,4.5739264
2017-09-09 04:30:00,7.3984823,3.6778755
2017-09-09 05:00:00,4.318105,2.2769263
2017-09-09 05:30:00,5.237503,2.118783
2017-09-09 06:00:00,3.3945177,3.5831215
2017-09-09 06:30:00,2.4090025,0.9910331
2017-09-09 07:00:00,2.715775,-5.31248
2017-09-09 07:30:00,-2.9996948,-14.858303
2017-09-09 08:00:00,-15.171263,-17.375473
2017-09-09 08:30:00,-15.291594,-19.656696
2017-09-09 09:00:00,-24.221102,-23.185032
2017-09-09 09:30:00,-24.046553,-25.430534
2017-09-09 10:00:00,-35.376324,-28.428112
2017-09-09 10:30:00,-27.323109,-21.694307
2017-09-09 11:00:00,-16.547762,-19.303223
2017-09-09 11:30:00,-19.103699,-17.326311
2017-09-09 12:00:00,-24.176561,-23.912447
2017-09-09 12:30:00,-11.62109,-15.012769
2017-09-09 13:00:00,-15.077285,-14.185563
2017-09-09 13:30:00,-6.165685,-11.248924
2017-09-09 14:00:00,-8.306848,-17.565767
2017-09-09 14:30:00,-14.884352,-22.400957
2017-09-09 15:00:00,-18.367092,-24.32968
2017-09-09 15:30:00,-5.415599,-13.18068
2017-09-09 16:00:00,-2.2759206,-8.378052
2017-09-09 16:30:00,0.9354437,-8.606684
2017-09-09 17:00:00,1.8575131,-4.9398127
2017-09-09 17:30:00,1.2288698,-3.9050493
2017-09-09 18:00:00,3.6164157,-2.2897794
2017-09-09 18:30:00,2.9336112,0.54245543
2017-09-09 19:00:00,4.4506073,0.8934605
2017-09-09 19:30:00,5.21569,1.6107423
2017-09-09 20:00:00,5.262466,0.98724246
2017-09-09 20:30:00,5.1099596,1.2441491
2017-09-09 21:00:00,5.873901,-0.20399083
2017-09-09 21:30:00,7.319324,-0.89337057
2017-09-09 22:00:00,6.53964,-0.14685652
2017-09-09 22:30:00,4.8999987,-1.4715564
2017-09-09 23:00:00,4.602085,-0.030210266
2017-09-09 23:30:00,6.3730564,1.2958951
2017-09-10 00:00:00,4.9705133,2.4869325
2017-09-10 00:30:00,5.699122,2.8472936
2017-09-10 01:00:00,5.363626,2.4734807
2017-09-10 01:30:00,7.6140084,1.8028656
2017-09-10 02:00:00,5.714608,3.3039234
2017-09-10 02:30:00,7.2395062,1.7880498
2017-09-10 03:00:00,4.9306664,1.8316607
2017-09-10 03:30:00,6.174825,6.010525
2017-09-10 04:00:00,6.2066236,8.174153
2017-09-10 04:30:00,5.7653217,7.2207227
2017-09-10 05:00:00,5.313123,4.206881
2017-09-10 05:30:00,6.557847,2.0818865
2017-09-10 06:00:00,5.0972652,7.025977
2017-09-10 06:30:00,10.215744,2.8212717
2017-09-10 07:00:00,5.4083333,-1.4218827
2017-09-10 07:30:00,4.4008546,-1.6558949
2017-09-10 08:00:00,2.2765834,-5.9251165
2017-09-10 08:30:00,-1.8715154,-7.756591
2017-09-10 09:00:00,-7.479371,-12.165013
2017-09-10 09:30:00,-12.227992,-17.236855
2017-09-10 10:00:00,-12.984016,-16.909603
2017-09-10 10:30:00,-10.68867,-17.552202
2017-09-10 11:00:00,-3.2001417,-13.952504
2017-09-10 11:30:00,-10.822695,-18.251205
2017-09-10 12:00:00,-14.152322,-21.990742
2017-09-10 12:30:00,-16.267324,-20.806349
2017-09-10 13:00:00,-11.342503,-18.288223
2017-09-10 13:30:00,-5.840996,-19.620234
2017-09-10 14:00:00,-4.822228,-18.21813
2017-09-10 14:30:00,-10.401902,-17.238634
2017-09-10 15:00:00,-5.3390517,-14.168829
2017-09-10 15:30:00,-7.971476,-10.867485
2017-09-10 16:00:00,-2.9200315,-9.772155
2017-09-10 16:30:00,-2.2977338,-7.41634
2017-09-10 17:00:00,-1.836635,-5.9456596
2017-09-10 17:30:00,1.127955,0.08279231
2017-09-10 18:00:00,2.9069374,3.0598657
2017-09-10 18:30:00,4.0104513,4.5939384
2017-09-10 19:00:00,5.2577863,5.4356513
2017-09-10 19:30:00,4.7120166,6.6490593
2017-09-10 20:00:00,4.166247,0.9457944
2017-09-10 20:30:00,3.6204774,-4.8281026
2017-09-10 21:00:00,3.074708,-1.2432
2017-09-10 21:30:00,2.5289383,0.32483032
2017-09-10 22:00:00,1.9831686,-1.6895432
2017-09-10 22:30:00,1.4373989,2.9523456
2017-09-10 23:00:00,0.8916293,4.006329
2017-09-10 23:30:00,0.3458596,3.8980668
2017-09-11 00:00:00,-0.19991007,9.370602
2017-09-11 00:30:00,-0.7456797,7.649247
2017-09-11 01:00:00,-1.2914493,8.181268
2017-09-11 01:30:00,-1.8372152,9.312412
2017-09-11 02:00:00,-2.3829849,9.30809
2017-09-11 02:30:00,-2.9287546,7.850956
2017-09-11 03:00:00,-3.4745243,7.7050967
2017-09-11 03:30:00,-4.020294,6.175809
2017-09-11 04:00:00,-4.566064,5.565821
2017-09-11 04:30:00,-5.1118336,7.2598085
2017-09-11 05:00:00,-5.6576033,7.759774
2017-09-11 05:30:00,-6.2033725,9.106254
2017-09-11 06:00:00,-6.749142,9.393421
2017-09-11 06:30:00,-7.294912,8.651805
2017-09-11 07:00:00,-7.8406816,6.2675185
2017-09-11 07:30:00,-8.386451,4.7862654
2017-09-11 08:00:00,-8.93222,0.8215481
2017-09-11 08:30:00,-9.47799,-2.333266
2017-09-11 09:00:00,-10.02376,-6.0997486
2017-09-11 09:30:00,-10.56953,-8.119329
2017-09-11 10:00:00,-11.115295,-9.789706
2017-09-11 10:30:00,-11.661065,-3.8519318
2017-09-11 11:00:00,-12.206835,-3.541798
2017-09-11 11:30:00,-12.7526045,-11.577174
2017-09-11 12:00:00,-13.298374,-4.3296437
2017-09-11 12:30:00,-13.844144,-7.6228004
2017-09-11 13:00:00,-14.389914,-12.8361
2017-09-11 13:30:00,-14.935683,-8.109291
2017-09-11 14:00:00,-19.200254,-7.485046
2017-09-11 14:30:00,-0.9566919,-6.692396
2017-09-11 15:00:00,-4.085846,-5.6285253
2017-09-11 15:30:00,-5.945279,-9.422864
2017-09-11 16:00:00,-12.741624,-6.9327765
2017-09-11 16:30:00,-6.0626564,-2.074577
2017-09-11 17:00:00,-3.8487327,0.6875502
2017-09-11 17:30:00,-1.8809882,1.5371833
2017-09-11 18:00:00,0.14106455,4.637448
2017-09-11 18:30:00,4.0103116,7.141474
2017-09-11 19:00:00,5.6167755,7.010174
2017-09-11 19:30:00,9.924262,8.458231
2017-09-11 20:00:00,0.962302,8.159763
2017-09-11 20:30:00,4.320464,8.959388
2017-09-11 21:00:00,3.5278373,8.560511
2017-09-11 21:30:00,7.242408,8.376036
2017-09-11 22:00:00,5.029867,8.808106
2017-09-11 22:30:00,6.1363463,8.729151
2017-09-11 23:00:00,4.0345135,8.339144
2017-09-11 23:30:00,4.224685,8.115923
2017-09-12 00:00:00,4.4148602,7.6995234
2017-09-12 00:30:00,2.369152,7.212452
2017-09-12 01:00:00,4.5062833,7.0905757
2017-09-12 01:30:00,3.2677393,6.1040506
2017-09-12 02:00:00,1.0712012,5.658495
2017-09-12 02:30:00,0.54845035,5.274309
2017-09-12 03:00:00,-4.358522,4.5334506
2017-09-12 03:30:00,-6.8263187,4.719703
2017-09-12 04:00:00,-9.294115,5.7009454
2017-09-12 04:30:00,-1.7188809,4.8889246
2017-09-12 05:00:00,5.8563495,4.1076546
2017-09-12 05:30:00,0.9547811,3.076004
2017-09-12 06:00:00,7.329584,2.403637
2017-09-12 06:30:00,4.720928,-0.1590008
2017-09-12 07:00:00,-2.701193,-3.252517
2017-09-12 07:30:00,-10.123314,-6.88542
2017-09-12 08:00:00,-17.545431,-8.407948
2017-09-12 08:30:00,-24.967554,-10.644531
2017-09-12 09:00:00,-36.18264,-12.567708
2017-09-12 09:30:00,-37.576138,-13.199935
2017-09-12 10:00:00,-37.463715,-12.623524
2017-09-12 10:30:00,-43.1697,-13.891515
2017-09-12 11:00:00,-46.212543,-14.409089
2017-09-12 11:30:00,-49.468414,-13.245475
2017-09-12 12:00:00,-41.90512,-11.945798
2017-09-12 12:30:00,-34.34183,-12.651185
2017-09-12 13:00:00,-32.73195,-11.675938
2017-09-12 13:30:00,-35.222515,-13.035401
2017-09-12 14:00:00,-30.366379,-14.303883
2017-09-12 14:30:00,-18.760422,-11.066616
2017-09-12 15:00:00,-12.289347,-10.10053
2017-09-12 15:30:00,-10.644604,-11.02648
2017-09-12 16:00:00,-9.7178955,-11.24314
2017-09-12 16:30:00,-10.651024,-10.497892
2017-09-12 17:00:00,-2.7491674,-9.083272
2017-09-12 17:30:00,-1.7634075,-8.655084
2017-09-12 18:00:00,2.6618133,-7.773046
2017-09-12 18:30:00,2.1103313,-6.528058
2017-09-12 19:00:00,1.3138535,-5.1199045
2017-09-12 19:30:00,3.3854706,-1.5404167
2017-09-12 20:00:00,3.315103,-0.6449043
2017-09-12 20:30:00,2.3897216,0.11261233
2017-09-12 21:00:00,1.0841707,-1.8816326
2017-09-12 21:30:00,2.9006145,-2.7725668
2017-09-12 22:00:00,1.660092,-2.7353842
2017-09-12 22:30:00,0.6501941,-3.1510859
2017-09-12 23:00:00,2.8707645,-3.2044408
2017-09-12 23:30:00,5.0913305,-3.2759764
2017-09-13 00:00:00,3.8540263,-3.3852074
2017-09-13 00:30:00,25.93246,-2.662413
2017-09-13 01:00:00,25.291319,-3.0334864
2017-09-13 01:30:00,24.650177,-3.0760572
2017-09-13 02:00:00,24.009037,-3.8474855
2017-09-13 02:30:00,18.137657,-4.958302
2017-09-13 03:00:00,52.77268,-5.2837977
2017-09-13 03:30:00,13.037451,-6.288835
2017-09-13 04:00:00,14.260324,-7.525974
2017-09-13 04:30:00,15.483193,-6.118649
2017-09-13 05:00:00,16.70607,-4.171161
2017-09-13 05:30:00,17.92894,-5.276397
2017-09-13 06:00:00,8.24988,-4.9916563
2017-09-13 06:30:00,-6.850057,-7.9485292
2017-09-13 07:00:00,-1.1792268,-10.214296
2017-09-13 07:30:00,-4.854433,-12.452328
2017-09-13 08:00:00,-8.529643,-14.883398
2017-09-13 08:30:00,-14.967258,-13.183664
2017-09-13 09:00:00,-21.404879,-13.042899
2017-09-13 09:30:00,-18.547852,-14.306697
2017-09-13 10:00:00,-17.214186,-15.471494
2017-09-13 10:30:00,-17.805798,-17.409178
2017-09-13 11:00:00,-16.599648,-18.737995
2017-09-13 11:30:00,-19.839577,-19.99422
2017-09-13 12:00:00,-18.353098,-19.20401
2017-09-13 12:30:00,-18.392391,-18.936234
2017-09-13 13:00:00,-19.64699,-18.495573
2017-09-13 13:30:00,-18.8835,-21.168623
2017-09-13 14:00:00,-19.776499,-20.6626
2017-09-13 14:30:00,-20.673454,-19.843046
2017-09-13 15:00:00,-15.023598,-17.375145
2017-09-13 15:30:00,-10.932992,-14.953411
2017-09-13 16:00:00,-9.22995,-14.903101
2017-09-13 16:30:00,-8.4356575,-14.311686
2017-09-13 17:00:00,-4.9923425,-11.398789
2017-09-13 17:30:00,-2.5862312,-9.579429
2017-09-13 18:00:00,2.2907624,-6.6423607
2017-09-13 18:30:00,4.202582,-3.6837692
2017-09-13 19:00:00,3.723785,-2.7430859
2017-09-13 19:30:00,3.7631984,-2.4450967
2017-09-13 20:00:00,5.0332546,-1.6716413
2017-09-13 20:30:00,2.992833,-0.5378552
2017-09-13 21:00:00,5.159328,-0.13808082
2017-09-13 21:30:00,4.9578075,0.23325641
2017-09-13 22:00:00,4.250865,0.44819492
2017-09-13 22:30:00,3.543923,0.86079943
2017-09-13 23:00:00,2.3747928,0.15562037
2017-09-13 23:30:00,2.7088153,0.80605024
2017-09-14 00:00:00,2.7317023,0.5211926
2017-09-14 00:30:00,2.754589,1.5585555
2017-09-14 01:00:00,2.777476,2.5951045
2017-09-14 01:30:00,16.01192,2.2941837
2017-09-14 02:00:00,5.7982807,2.381967
2017-09-14 02:30:00,5.4681654,1.2373855
2017-09-14 03:00:00,7.7472076,-1.5561708
2017-09-14 03:30:00,2.734325,-1.3590436
2017-09-14 04:00:00,11.364745,0.5988362
2017-09-14 04:30:00,13.052383,0.6407515
2017-09-14 05:00:00,2.4075217,0.8974433
2017-09-14 05:30:00,7.5577335,0.5822494
2017-09-14 06:00:00,1.926185,5.2385354
2017-09-14 06:30:00,3.5642853,-2.621044
2017-09-14 07:00:00,-0.22944373,-9.177458
2017-09-14 07:30:00,-4.023169,-12.964043
2017-09-14 08:00:00,-7.056401,-13.1432
2017-09-14 08:30:00,-10.133978,-12.297768
2017-09-14 09:00:00,-13.211559,-11.312355
2017-09-14 09:30:00,-16.289137,-15.540531
2017-09-14 10:00:00,-21.487982,-16.915474
2017-09-14 10:30:00,-19.257637,-17.229319
2017-09-14 11:00:00,-22.90982,-16.738924
2017-09-14 11:30:00,-28.705359,-17.861109
2017-09-14 12:00:00,-18.835598,-17.35467
2017-09-14 12:30:00,-20.929306,-15.469783
2017-09-14 13:00:00,-17.19142,-13.083232
2017-09-14 13:30:00,-29.729326,-11.825143
2017-09-14 14:00:00,-24.387115,-14.751529
2017-09-14 14:30:00,-18.717293,-9.633288
2017-09-14 15:00:00,-15.118786,-6.237718
2017-09-14 15:30:00,-12.464604,-6.553059
2017-09-14 16:00:00,-9.10669,-6.596798
2017-09-14 16:30:00,-6.586127,-5.1008573
2017-09-14 17:00:00,-4.0655594,-3.9803684
2017-09-14 17:30:00,-1.5449911,-1.672817
2017-09-14 18:00:00,0.97557294,-1.1731415
2017-09-14 18:30:00,3.4961407,-0.58479327
2017-09-14 19:00:00,4.1434507,-1.0131669
2017-09-14 19:30:00,4.7907605,-0.03391045
2017-09-14 20:00:00,5.7059116,1.8138041
2017-09-14 20:30:00,5.0736775,3.6609535
2017-09-14 21:00:00,1.6113678,3.9041595
2017-09-14 21:30:00,2.6110091,4.6412873
2017-09-14 22:00:00,1.8713492,4.65492
2017-09-14 22:30:00,4.089666,5.9248295
2017-09-14 23:00:00,2.7841341,4.6368484
2017-09-14 23:30:00,1.4067575,5.008126
2017-09-15 00:00:00,2.3155522,4.134833
2017-09-15 00:30:00,3.5554605,5.142508
2017-09-15 01:00:00,14.737121,4.153025
2017-09-15 01:30:00,16.40399,5.2969623
2017-09-15 02:00:00,12.983278,5.6225634
2017-09-15 02:30:00,16.910522,5.742156
2017-09-15 03:00:00,9.814583,10.107052
2017-09-15 03:30:00,3.0703106,9.447982
2017-09-15 04:00:00,4.1284614,5.1789484
2017-09-15 04:30:00,4.065773,6.679505
2017-09-15 05:00:00,3.94612,3.026839
2017-09-15 05:30:00,5.5364947,2.6990826
2017-09-15 06:00:00,5.703172,7.7623024
2017-09-15 06:30:00,6.1507893,7.166475
2017-09-15 07:00:00,-0.38894728,-0.1166107
2017-09-15 07:30:00,-5.1186047,-10.651544
2017-09-15 08:00:00,-9.848261,-10.212861
2017-09-15 08:30:00,-9.463981,-5.5952764
2017-09-15 09:00:00,-15.942054,-12.105976
2017-09-15 09:30:00,-14.783037,-13.31293
2017-09-15 10:00:00,-22.968906,-15.772339
2017-09-15 10:30:00,-22.220034,-16.107292
2017-09-15 11:00:00,-18.027733,-17.15211
2017-09-15 11:30:00,-25.23861,-14.6108885
2017-09-15 12:00:00,-19.236214,-13.000709
2017-09-15 12:30:00,-24.457722,-15.492508
2017-09-15 13:00:00,-22.90449,-16.27796
2017-09-15 13:30:00,-23.913326,-18.120811
2017-09-15 14:00:00,-16.810799,-13.21166
2017-09-15 14:30:00,-20.74718,-14.10099
2017-09-15 15:00:00,-14.291372,-9.981569
2017-09-15 15:30:00,-12.990772,-10.906476
2017-09-15 16:00:00,-9.094019,-10.492825
2017-09-15 16:30:00,-5.1972694,-5.774528
2017-09-15 17:00:00,-3.9663324,-4.326181
2017-09-15 17:30:00,-0.95649225,0.56079435
2017-09-15 18:00:00,2.053344,4.3421826
2017-09-15 18:30:00,5.063184,6.2408934
2017-09-15 19:00:00,5.872827,6.722475
2017-09-15 19:30:00,3.9475596,7.4058976
2017-09-15 20:00:00,3.7900832,8.041636
2017-09-15 20:30:00,3.508285,7.803404
2017-09-15 21:00:00,2.8936663,7.440364
2017-09-15 21:30:00,4.4600725,8.037382
2017-09-15 22:00:00,3.614151,7.7593746
2017-09-15 22:30:00,11.46791,7.081039
2017-09-15 23:00:00,10.733333,6.7907367
2017-09-15 23:30:00,11.335517,7.546373
2017-09-16 00:00:00,8.392717,8.929074
2017-09-16 00:30:00,7.4427676,8.374793
2017-09-16 01:00:00,8.377679,8.008207
2017-09-16 01:30:00,7.2837086,8.404809
2017-09-16 02:00:00,6.234484,8.598627
2017-09-16 02:30:00,8.052933,8.498014
2017-09-16 03:00:00,12.211801,8.101085
2017-09-16 03:30:00,5.430651,7.064264
2017-09-16 04:00:00,4.7014475,6.786151
2017-09-16 04:30:00,9.185917,7.262476
2017-09-16 05:00:00,12.166604,7.311984
2017-09-16 05:30:00,9.655825,7.7137103
2017-09-16 06:00:00,15.428067,8.330519
2017-09-16 06:30:00,7.589,6.71379
2017-09-16 07:00:00,-8.229438,-2.6786757
2017-09-16 07:30:00,-13.854992,-14.146839
2017-09-16 08:00:00,-16.666193,-18.52323
2017-09-16 08:30:00,-21.810795,-19.221027
2017-09-16 09:00:00,-19.126099,-20.096916
2017-09-16 09:30:00,-21.087326,-19.330616
2017-09-16 10:00:00,-19.63656,-14.547315
2017-09-16 10:30:00,-22.345272,-20.374012
2017-09-16 11:00:00,-22.545982,-22.53604
2017-09-16 11:30:00,-25.854017,-24.056377
2017-09-16 12:00:00,-18.440903,-17.39308
2017-09-16 12:30:00,-18.842867,-24.544369
2017-09-16 13:00:00,-32.62017,-31.387142
2017-09-16 13:30:00,-23.521307,-27.278437
2017-09-16 14:00:00,-23.898113,-24.51824
2017-09-16 14:30:00,-16.244263,-21.193684
2017-09-16 15:00:00,-14.26957,-19.105635
2017-09-16 15:30:00,-10.618939,-16.533382
2017-09-16 16:00:00,-8.569851,-15.530768
2017-09-16 16:30:00,-5.3516746,-10.359003
2017-09-16 17:00:00,-1.3914938,-6.1201186
2017-09-16 17:30:00,0.9224365,-0.72615767
2017-09-16 18:00:00,3.594972,4.764648
2017-09-16 18:30:00,3.0093744,6.758972
2017-09-16 19:00:00,4.7119374,6.950391
2017-09-16 19:30:00,3.566094,6.610343
2017-09-16 20:00:00,7.455402,5.8584485
2017-09-16 20:30:00,2.5108178,5.5793405
2017-09-16 21:00:00,4.9798427,5.4701247
2017-09-16 21:30:00,3.5986495,6.593138
2017-09-16 22:00:00,9.653605,6.2693343
2017-09-16 22:30:00,7.525807,7.599845
2017-09-16 23:00:00,5.404324,7.5174875
2017-09-16 23:30:00,6.879601,7.9077554
2017-09-17 00:00:00,9.034518,9.950487
2017-09-17 00:30:00,6.0737295,10.68656
2017-09-17 01:00:00,3.031647,10.035415
2017-09-17 01:30:00,6.5563397,8.91508
2017-09-17 02:00:00,8.362622,8.710164
2017-09-17 02:30:00,6.653144,9.2073
2017-09-17 03:00:00,3.416097,9.691711
2017-09-17 03:30:00,5.188696,9.763639
2017-09-17 04:00:00,4.900451,9.787333
2017-09-17 04:30:00,4.8078446,9.681666
2017-09-17 05:00:00,6.697629,9.339904
2017-09-17 05:30:00,8.952383,8.563352
2017-09-17 06:00:00,6.002337,9.491341
2017-09-17 06:30:00,2.6174788,8.381518
2017-09-17 07:00:00,-4.4313836,-3.9188213
2017-09-17 07:30:00,-13.921361,-16.822792
2017-09-17 08:00:00,-18.494,-17.701393
2017-09-17 08:30:00,-21.85022,-19.24887
2017-09-17 09:00:00,-29.221094,-21.924124
2017-09-17 09:30:00,-43.549164,-25.960331
2017-09-17 10:00:00,-35.29223,-27.092682
2017-09-17 10:30:00,-33.926807,-29.358967
2017-09-17 11:00:00,-36.7644,-27.258318
2017-09-17 11:30:00,-37.503716,-25.33763
2017-09-17 12:00:00,-29.145622,-29.596733
2017-09-17 12:30:00,-37.714424,-27.946852
2017-09-17 13:00:00,-36.58408,-26.035543
2017-09-17 13:30:00,-30.846783,-20.096966
2017-09-17 14:00:00,-22.42987,-24.402227
2017-09-17 14:30:00,-28.098621,-24.546244
2017-09-17 15:00:00,-13.062843,-16.931473
2017-09-17 15:30:00,-14.906967,-15.689564
2017-09-17 16:00:00,-17.813948,-20.58607
2017-09-17 16:30:00,-14.063769,-20.848988
2017-09-17 17:00:00,-1.2497563,-8.533135
2017-09-17 17:30:00,0.24447379,-4.2175
2017-09-17 18:00:00,1.7387078,-1.162414
2017-09-17 18:30:00,3.2329378,5.6199937
2017-09-17 19:00:00,3.2961388,7.2467484
2017-09-17 19:30:00,1.3500866,7.7206736
2017-09-17 20:00:00,2.876115,8.408452
2017-09-17 20:30:00,4.662019,8.071562
2017-09-17 21:00:00,2.7540503,8.394266
2017-09-17 21:30:00,1.4758439,9.159925
2017-09-17 22:00:00,1.3341969,10.484753
2017-09-17 22:30:00,0.7420657,9.835981
2017-09-17 23:00:00,0.54201835,10.547716
2017-09-17 23:30:00,2.1304035,9.865704
2017-09-18 00:00:00,3.7187886,12.389734
2017-09-18 00:30:00,6.293088,11.962687
2017-09-18 01:00:00,9.548068,12.49248
2017-09-18 01:30:00,5.149396,13.747107
2017-09-18 02:00:00,2.1024337,13.842489
2017-09-18 02:30:00,2.8585298,12.802613
2017-09-18 03:00:00,7.24578,12.69579
2017-09-18 03:30:00,4.1330585,13.03831
2017-09-18 04:00:00,2.0427935,12.571563
2017-09-18 04:30:00,4.2253933,12.179946
2017-09-18 05:00:00,1.9266032,12.231733
2017-09-18 05:30:00,0.5451948,13.456826
2017-09-18 06:00:00,0.62031007,13.852663
2017-09-18 06:30:00,0.047101732,13.984031
2017-09-18 07:00:00,1.6584605,8.090632
2017-09-18 07:30:00,-8.452101,-5.7170696
2017-09-18 08:00:00,-8.614118,-18.620317
2017-09-18 08:30:00,-8.7761345,-23.096024
2017-09-18 09:00:00,-8.938151,-27.160063
2017-09-18 09:30:00,-13.596581,-27.591978
2017-09-18 10:00:00,-14.804692,-28.340197
2017-09-18 10:30:00,-24.464567,-28.365562
2017-09-18 11:00:00,-26.609348,-30.114683
2017-09-18 11:30:00,-33.55243,-32.07718
2017-09-18 12:00:00,-23.592505,-30.213385
2017-09-18 12:30:00,-29.93782,-30.766193
2017-09-18 13:00:00,-21.57617,-31.358986
2017-09-18 13:30:00,-31.074657,-32.60018
2017-09-18 14:00:00,-31.667889,-31.241385
2017-09-18 14:30:00,-23.712248,-26.84482
2017-09-18 15:00:00,-20.773695,-26.895939
2017-09-18 15:30:00,-11.642473,-26.90512
2017-09-18 16:00:00,-12.934347,-21.269924
2017-09-18 16:30:00,-6.914603,-13.710413
2017-09-18 17:00:00,-0.78575623,-4.7178993
2017-09-18 17:30:00,0.19990577,3.7010527
2017-09-18 18:00:00,1.1855679,9.72536
2017-09-18 18:30:00,2.171226,9.328747
2017-09-18 19:00:00,29.256018,10.799518
2017-09-18 19:30:00,56.34081,10.003089
2017-09-18 20:00:00,39.86459,12.920879
2017-09-18 20:30:00,23.38837,10.464259
2017-09-18 21:00:00,6.9121494,10.108039
2017-09-18 21:30:00,10.403952,10.464779
2017-09-18 22:00:00,9.838773,10.728434
2017-09-18 22:30:00,2.6249206,10.148741
2017-09-18 23:00:00,0.3118759,8.175714
2017-09-18 23:30:00,1.9240485,10.193211
2017-09-19 00:00:00,3.5362248,10.819182
2017-09-19 00:30:00,2.504789,10.26261
2017-09-19 01:00:00,0.90047276,9.187763
2017-09-19 01:30:00,1.7490735,9.672427
2017-09-19 02:00:00,2.5976741,9.32057
2017-09-19 02:30:00,1.157304,9.201659
2017-09-19 03:00:00,4.736226,8.660667
2017-09-19 03:30:00,2.3714995,8.798143
2017-09-19 04:00:00,1.4352474,8.602426
2017-09-19 04:30:00,0.4989915,7.5112553
2017-09-19 05:00:00,-0.034599997,6.700975
2017-09-19 05:30:00,1.8917718,6.575041
2017-09-19 06:00:00,4.318591,7.62416
2017-09-19 06:30:00,6.745411,6.397526
2017-09-19 07:00:00,7.0993814,-0.60274404
2017-09-19 07:30:00,7.453352,-0.34789485
2017-09-19 08:00:00,3.8541656,-15.615944
2017-09-19 08:30:00,0.25497898,-5.0302296
2017-09-19 09:00:00,-3.344204,-19.488132
2017-09-19 09:30:00,-6.0804944,-18.00124
2017-09-19 10:00:00,-12.744677,-20.519962
2017-09-19 10:30:00,-16.25432,-18.471914
2017-09-19 11:00:00,-18.683464,-21.860378
2017-09-19 11:30:00,-21.432991,-21.903793
2017-09-19 12:00:00,-24.52962,-27.371403
2017-09-19 12:30:00,-29.991316,-22.635962
2017-09-19 13:00:00,-47.01999,-19.887028
2017-09-19 13:30:00,-9.949052,-32.119267
2017-09-19 14:00:00,-9.022317,-25.165516
2017-09-19 14:30:00,-12.279671,-20.67378
2017-09-19 15:00:00,-11.126705,-25.06871
2017-09-19 15:30:00,-11.243231,-13.317007
2017-09-19 16:00:00,-3.1002102,-2.178868
2017-09-19 16:30:00,-2.4186604,-5.0833173
2017-09-19 17:00:00,1.2400533,2.6315637
2017-09-19 17:30:00,4.8987665,5.0835648
2017-09-19 18:00:00,5.056145,6.1602354
2017-09-19 18:30:00,2.4835262,6.2943616
2017-09-19 19:00:00,3.8358607,7.2566056
2017-09-19 19:30:00,3.3521314,9.955393
2017-09-19 20:00:00,5.10118,11.181944
2017-09-19 20:30:00,-0.48860735,8.9013
2017-09-19 21:00:00,-6.078399,10.845996
2017-09-19 21:30:00,-9.886668,10.156277
2017-09-19 22:00:00,8.168596,12.177844
2017-09-19 22:30:00,26.223864,10.744267
2017-09-19 23:00:00,2.6866596,12.964438
2017-09-19 23:30:00,9.896006,13.874201
2017-09-20 00:00:00,4.2635145,14.127057
2017-09-20 00:30:00,13.434444,11.750269
2017-09-20 01:00:00,6.929701,9.824685
2017-09-20 01:30:00,8.086397,12.82215
2017-09-20 02:00:00,8.577605,13.480557
2017-09-20 02:30:00,3.9765842,13.347788
2017-09-20 03:00:00,9.327907,13.879175
2017-09-20 03:30:00,13.315345,14.559278
2017-09-20 04:00:00,6.4258013,12.911867
2017-09-20 04:30:00,2.7389407,14.050318
2017-09-20 05:00:00,3.6035178,16.001392
2017-09-20 05:30:00,-4.789744,14.484664
2017-09-20 06:00:00,-0.15287025,14.417736
2017-09-20 06:30:00,4.4839993,12.750581
2017-09-20 07:00:00,4.9356327,6.96362
2017-09-20 07:30:00,5.38727,-6.180309
2017-09-20 08:00:00,5.8389034,-6.8668137
2017-09-20 08:30:00,6.290537,-5.910523
2017-09-20 09:00:00,4.410825,-7.7447557
2017-09-20 09:30:00,2.5311086,-22.071564
2017-09-20 10:00:00,0.65139234,-22.645664
2017-09-20 10:30:00,-1.2283239,-16.871656
2017-09-20 11:00:00,-3.10804,-24.335836
2017-09-20 11:30:00,-4.9877567,-26.598997
2017-09-20 12:00:00,-6.867473,-25.636335
2017-09-20 12:30:00,-8.747185,-16.104797
2017-09-20 13:00:00,-10.626902,-19.670805
2017-09-20 13:30:00,-14.97536,-15.72184
2017-09-20 14:00:00,-10.020791,-13.371794
2017-09-20 14:30:00,-10.457884,-14.153154
2017-09-20 15:00:00,-8.000795,-11.271947
2017-09-20 15:30:00,-7.677026,-7.6264706
2017-09-20 16:00:00,-7.1470966,-8.313781
2017-09-20 16:30:00,-1.8415446,-5.047423
2017-09-20 17:00:00,0.99526834,-2.8071835
2017-09-20 17:30:00,1.5204043,1.4830596
2017-09-20 18:00:00,2.0455368,3.924017
2017-09-20 18:30:00,3.2662773,7.2206664
2017-09-20 19:00:00,0.66429025,4.4182515
2017-09-20 19:30:00,0.8155758,6.6045213
2017-09-20 20:00:00,-3.222452,7.6142235
2017-09-20 20:30:00,0.943722,11.148469
2017-09-20 21:00:00,7.746744,10.530923
2017-09-20 21:30:00,14.5497675,9.271299
2017-09-20 22:00:00,10.167343,7.6516924
2017-09-20 22:30:00,5.784923,7.7875257
2017-09-20 23:00:00,-14.138828,7.0093565
2017-09-20 23:30:00,-30.41481,7.0300655
2017-09-21 00:00:00,10.182615,8.870377
2017-09-21 00:30:00,10.298851,9.170129
2017-09-21 01:00:00,6.0740724,8.9231205
2017-09-21 01:30:00,2.9658577,8.890057
2017-09-21 02:00:00,17.37413,9.261454
2017-09-21 02:30:00,12.677723,9.133997
2017-09-21 03:00:00,14.903591,9.752738
2017-09-21 03:30:00,15.745824,9.069349
2017-09-21 04:00:00,9.416244,8.603552
2017-09-21 04:30:00,3.08666,8.928188
2017-09-21 05:00:00,11.348501,9.18612
2017-09-21 05:30:00,28.20142,9.978468
2017-09-21 06:00:00,45.05434,7.7734103
2017-09-21 06:30:00,41.542587,7.435303
2017-09-21 07:00:00,7.678091,3.9014127
2017-09-21 07:30:00,5.0681577,-0.61330205
2017-09-21 08:00:00,-2.625023,-11.09118
2017-09-21 08:30:00,-10.318199,-7.5373344
2017-09-21 09:00:00,-11.706338,-6.171258
2017-09-21 09:30:00,-25.28189,-19.530373
2017-09-21 10:00:00,-25.969542,-20.462206
2017-09-21 10:30:00,-36.031303,-22.127556
2017-09-21 11:00:00,-29.441767,-16.166277
2017-09-21 11:30:00,-27.920403,-18.418266
2017-09-21 12:00:00,-18.240868,-17.763039
2017-09-21 12:30:00,-27.123074,-17.375671
2017-09-21 13:00:00,-34.583782,-18.428623
2017-09-21 13:30:00,-25.620152,-14.549055
2017-09-21 14:00:00,-27.727674,-11.7584
2017-09-21 14:30:00,-19.491201,-12.540164
2017-09-21 15:00:00,-17.196308,-13.805845
2017-09-21 15:30:00,-18.831274,-14.311577
2017-09-21 16:00:00,-8.03872,-6.0073686
2017-09-21 16:30:00,2.9128191,-2.0503602
2017-09-21 17:00:00,3.9097514,1.4558132
2017-09-21 17:30:00,2.6717458,2.3611412
2017-09-21 18:00:00,4.1600184,5.775872
2017-09-21 18:30:00,6.2897234,7.621311
2017-09-21 19:00:00,4.704115,8.10989
2017-09-21 19:30:00,4.988886,6.6839437
2017-09-21 20:00:00,5.2736573,6.693612
2017-09-21 20:30:00,3.2344036,7.028509
2017-09-21 21:00:00,5.002892,6.923992
2017-09-21 21:30:00,1.9849433,6.8756332
2017-09-21 22:00:00,2.8511066,7.231669
2017-09-21 22:30:00,3.7172663,7.80522
2017-09-21 23:00:00,4.583426,6.4887757
2017-09-21 23:30:00,0.49485797,4.4799223
2017-09-22 00:00:00,-3.5937102,2.8011656
2017-09-22 00:30:00,-7.682282,3.7234762
2017-09-22 01:00:00,28.293278,2.4835865
2017-09-22 01:30:00,3.9512558,4.21941
2017-09-22 02:00:00,1.7559766,3.5144873
2017-09-22 02:30:00,-3.829041,4.601384
2017-09-22 03:00:00,-9.414059,4.337752
2017-09-22 03:30:00,6.2789655,5.187871
2017-09-22 04:00:00,6.248369,6.3702455
2017-09-22 04:30:00,6.217769,5.759361
2017-09-22 05:00:00,5.226847,5.308153
2017-09-22 05:30:00,4.235925,1.7930009
2017-09-22 06:00:00,10.227692,-4.024149
2017-09-22 06:30:00,17.09652,-5.812883
2017-09-22 07:00:00,17.380981,-8.803087
2017-09-22 07:30:00,17.665443,-8.041057
2017-09-22 08:00:00,2.8306842,-15.330902
2017-09-22 08:30:00,-12.00407,-11.077766
2017-09-22 09:00:00,-34.777504,-20.404245
2017-09-22 09:30:00,-46.829193,-15.306719
2017-09-22 10:00:00,-38.6157,-19.497063
2017-09-22 10:30:00,-26.411922,-20.03581
2017-09-22 11:00:00,-28.163172,-21.936537
2017-09-22 11:30:00,-34.258705,-20.8244
2017-09-22 12:00:00,-31.9494,-21.326908
2017-09-22 12:30:00,-21.519163,-20.548185
2017-09-22 13:00:00,-29.570162,-17.693861
2017-09-22 13:30:00,-36.411736,-21.46376
2017-09-22 14:00:00,-33.085125,-20.641134
2017-09-22 14:30:00,-31.820843,-22.922932
2017-09-22 15:00:00,-23.401873,-20.811039
2017-09-22 15:30:00,-19.213572,-18.971067
2017-09-22 16:00:00,-15.275494,-17.207
2017-09-22 16:30:00,-5.8291717,-12.875125
2017-09-22 17:00:00,-0.97167355,-9.737417
2017-09-22 17:30:00,0.3668097,-8.178039
2017-09-22 18:00:00,1.7052892,-4.5977073
2017-09-22 18:30:00,1.5712386,-0.87093586
2017-09-22 19:00:00,4.3500767,-0.13818632
2017-09-22 19:30:00,4.539932,3.0199964
2017-09-22 20:00:00,3.734682,4.3783216
2017-09-22 20:30:00,4.2397757,5.96133
2017-09-22 21:00:00,4.744866,7.3128242
2017-09-22 21:30:00,3.1800086,6.777247
2017-09-22 22:00:00,15.4769535,7.3798494
2017-09-22 22:30:00,9.750123,8.605025
2017-09-22 23:00:00,4.0232964,8.473217
2017-09-22 23:30:00,5.530835,9.256062
2017-09-23 00:00:00,5.489421,10.658722
2017-09-23 00:30:00,5.448003,10.185663
2017-09-23 01:00:00,2.9955118,9.352764
2017-09-23 01:30:00,3.6304214,10.21493
2017-09-23 02:00:00,4.7586946,8.645396
2017-09-23 02:30:00,1.4907652,7.824708
2017-09-23 03:00:00,2.1124754,7.2847486
2017-09-23 03:30:00,2.7341855,5.533126
2017-09-23 04:00:00,3.3558955,5.320727
2017-09-23 04:30:00,3.9776015,3.477037
2017-09-23 05:00:00,4.599312,5.9176702
2017-09-23 05:30:00,5.2210217,5.858844
2017-09-23 06:00:00,6.057158,6.5001063
2017-09-23 06:30:00,14.271312,5.171491
2017-09-23 07:00:00,10.208054,1.2696961
2017-09-23 07:30:00,6.1448016,-4.2341776
2017-09-23 08:00:00,2.0815475,-9.474151
2017-09-23 08:30:00,-1.9817071,-10.628563
2017-09-23 09:00:00,-12.838398,-14.678414
2017-09-23 09:30:00,-20.846657,-20.381252
2017-09-23 10:00:00,-25.335579,-15.103129
2017-09-23 10:30:00,-34.14847,-22.436476
2017-09-23 11:00:00,-22.832478,-16.878408
2017-09-23 11:30:00,-27.484854,-22.711298
2017-09-23 12:00:00,-27.520493,-18.891903
2017-09-23 12:30:00,-28.976484,-19.314201
2017-09-23 13:00:00,-22.41955,-18.947365
2017-09-23 13:30:00,-26.306639,-17.712744
2017-09-23 14:00:00,-19.861246,-14.952706
2017-09-23 14:30:00,-17.563047,-12.1809225
2017-09-23 15:00:00,-14.8251295,-14.037657
2017-09-23 15:30:00,-14.241962,-10.058048
2017-09-23 16:00:00,-9.159311,-4.978668
2017-09-23 16:30:00,-3.1774318,-4.7924795
2017-09-23 17:00:00,-1.7636185,-5.4763885
2017-09-23 17:30:00,-0.8949983,-6.902417
2017-09-23 18:00:00,-0.02638197,-0.46660218
2017-09-23 18:30:00,0.84223443,3.122249
2017-09-23 19:00:00,1.5403032,3.3719323
2017-09-23 19:30:00,5.414155,3.2352402
2017-09-23 20:00:00,5.8726873,3.2834368
2017-09-23 20:30:00,2.4297907,3.1328971
2017-09-23 21:00:00,5.753509,5.692754
2017-09-23 21:30:00,5.2264814,4.0508556
2017-09-23 22:00:00,4.4238806,4.359286
2017-09-23 22:30:00,3.121853,2.5668445
2017-09-23 23:00:00,4.1794577,2.5163229
2017-09-23 23:30:00,6.4616313,9.493423
2017-09-24 00:00:00,4.5553994,10.177088
2017-09-24 00:30:00,5.137289,9.836188
2017-09-24 01:00:00,2.0790794,14.005576
2017-09-24 01:30:00,5.4668126,10.499226
2017-09-24 02:00:00,4.160817,8.189999
2017-09-24 02:30:00,2.854822,12.673966
2017-09-24 03:00:00,-8.645878,9.697047
2017-09-24 03:30:00,3.0083268,-0.20540006
2017-09-24 04:00:00,3.6836708,10.065671
2017-09-24 04:30:00,4.3590145,6.0081925
2017-09-24 05:00:00,4.179013,8.337116
2017-09-24 05:30:00,3.1407762,8.462979
2017-09-24 06:00:00,3.7143273,7.437696
2017-09-24 06:30:00,5.3860307,1.9915298
2017-09-24 07:00:00,2.6113334,1.0584993
2017-09-24 07:30:00,0.6883339,-5.8603635
2017-09-24 08:00:00,-8.220241,-13.199249
2017-09-24 08:30:00,-13.249917,-17.668344
2017-09-24 09:00:00,-11.831891,-16.768133
2017-09-24 09:30:00,-18.150457,-16.99964
2017-09-24 10:00:00,-19.434593,-18.903599
2017-09-24 10:30:00,-18.61439,-25.479622
2017-09-24 11:00:00,-16.781841,-17.339027
2017-09-24 11:30:00,-18.064053,-17.864767
2017-09-24 12:00:00,-15.251303,-17.503569
2017-09-24 12:30:00,-15.40555,-14.29211
2017-09-24 13:00:00,-15.559797,-18.869892
2017-09-24 13:30:00,-15.714045,-14.341431
2017-09-24 14:00:00,-15.868296,-16.890461
2017-09-24 14:30:00,-16.022543,-15.006363
2017-09-24 15:00:00,-16.17679,-14.227437
2017-09-24 15:30:00,-16.331038,-2.6440928
2017-09-24 16:00:00,-16.485285,0.9945901
2017-09-24 16:30:00,-16.639534,3.0120535
2017-09-24 17:00:00,-16.793781,2.303099
2017-09-24 17:30:00,-16.948029,4.881381
2017-09-24 18:00:00,-17.102276,6.696412
2017-09-24 18:30:00,-17.256527,8.221461
2017-09-24 19:00:00,-17.410774,4.9404635
2017-09-24 19:30:00,-17.565022,9.145165
2017-09-24 20:00:00,-17.719269,8.272706
2017-09-24 20:30:00,-17.87352,9.798437
2017-09-24 21:00:00,-18.027767,7.548385
2017-09-24 21:30:00,-18.182014,6.0123186
2017-09-24 22:00:00,-18.336262,4.4424005
2017-09-24 22:30:00,-18.49051,6.0317655
2017-09-24 23:00:00,-18.64476,5.901076
2017-09-24 23:30:00,-18.799007,5.272851
2017-09-25 00:00:00,-18.953257,9.031112
2017-09-25 00:30:00,-19.107504,10.702562
2017-09-25 01:00:00,-19.261753,5.527225
2017-09-25 01:30:00,-19.416,6.248961
2017-09-25 02:00:00,-19.57025,7.6851034
2017-09-25 02:30:00,-19.724495,11.256532
2017-09-25 03:00:00,-19.878744,10.20054
2017-09-25 03:30:00,-20.032991,11.14033
2017-09-25 04:00:00,-20.187239,9.876042
2017-09-25 04:30:00,-20.341488,8.722248
2017-09-25 05:00:00,-20.495735,12.356063
2017-09-25 05:30:00,-20.649984,12.283634
2017-09-25 06:00:00,-20.804232,4.6105857
2017-09-25 06:30:00,-20.95848,4.4027157
2017-09-25 07:00:00,-21.112728,-1.3444728
2017-09-25 07:30:00,-21.266977,-3.6918366
2017-09-25 08:00:00,-21.421225,3.2767296
2017-09-25 08:30:00,-21.575474,-0.3862833
2017-09-25 09:00:00,-21.729721,-12.164577
2017-09-25 09:30:00,-21.88397,-5.440351
2017-09-25 10:00:00,-22.038218,-17.162458
2017-09-25 10:30:00,-22.192467,-14.545871
2017-09-25 11:00:00,-22.346714,-17.305918
2017-09-25 11:30:00,-22.500963,-11.059468
2017-09-25 12:00:00,-22.655209,-11.083572
2017-09-25 12:30:00,-22.809458,-12.735162
2017-09-25 13:00:00,-22.963705,-11.20156
2017-09-25 13:30:00,-23.117954,-11.824687
2017-09-25 14:00:00,-23.272202,-10.083852
2017-09-25 14:30:00,-23.42645,-13.820673
2017-09-25 15:00:00,-23.580698,-10.4237795
2017-09-25 15:30:00,-23.580698,-4.9826245
2017-09-25 16:00:00,-23.580698,-2.583036
2017-09-25 16:30:00,-23.580698,2.6601818
2017-09-25 17:00:00,-23.580698,4.4024596
2017-09-25 17:30:00,-23.580698,6.908366
2017-09-25 18:00:00,-23.580698,8.599705
2017-09-25 18:30:00,-23.580698,8.197176
2017-09-25 19:00:00,-23.580698,6.896655
2017-09-25 19:30:00,-23.580698,5.8656073
2017-09-25 20:00:00,-23.580698,4.6411858
2017-09-25 20:30:00,-23.580698,1.2032398
2017-09-25 21:00:00,-23.580698,1.5288862
2017-09-25 21:30:00,-23.580698,-0.53234637
2017-09-25 22:00:00,-23.580698,-1.927591
2017-09-25 22:30:00,-23.580698,-4.4249215
2017-09-25 23:00:00,-23.580698,-2.9548895
2017-09-25 23:30:00,-23.580698,-4.8280873
2017-09-26 00:00:00,-23.580698,-1.9153675
2017-09-26 00:30:00,-23.580698,-3.1265335
2017-09-26 01:00:00,-23.580698,-4.9775643
2017-09-26 01:30:00,-23.580698,-5.8218846
2017-09-26 02:00:00,-23.580698,-6.540817
2017-09-26 02:30:00,-23.580698,-6.495906
2017-09-26 03:00:00,-23.580698,-10.234833
2017-09-26 03:30:00,-23.580698,-7.1620183
2017-09-26 04:00:00,-23.580698,-6.6456957
2017-09-26 04:30:00,-23.580698,-8.106058
2017-09-26 05:00:00,-23.580698,-11.081805
2017-09-26 05:30:00,-23.580698,-10.68012
2017-09-26 06:00:00,-23.580698,-13.481465
2017-09-26 06:30:00,-23.580698,-14.868654
2017-09-26 07:00:00,-23.580698,-15.97874
2017-09-26 07:30:00,-23.580698,-20.071583
2017-09-26 08:00:00,-23.580698,-13.544327
2017-09-26 08:30:00,-28.979382,-22.911566
2017-09-26 09:00:00,-8.743191,-26.329653
2017-09-26 09:30:00,-7.7541947,-23.587614
2017-09-26 10:00:00,-6.9581275,-27.807947
2017-09-26 10:30:00,-14.813238,-28.005667
2017-09-26 11:00:00,-16.478012,-29.648338
2017-09-26 11:30:00,-22.745941,-31.712046
2017-09-26 12:00:00,-15.680995,-27.560308
2017-09-26 12:30:00,-22.1466,-28.945755
2017-09-26 13:00:00,-21.820194,-26.961626
2017-09-26 13:30:00,-14.248756,-23.210112
2017-09-26 14:00:00,-21.23427,-24.85432
2017-09-26 14:30:00,-13.977938,-22.363873
2017-09-26 15:00:00,-12.398912,-24.492046
2017-09-26 15:30:00,-12.836096,-24.790432
2017-09-26 16:00:00,-11.64103,-24.064886
2017-09-26 16:30:00,-11.344417,-24.10316
2017-09-26 17:00:00,-4.7378173,-20.933825
2017-09-26 17:30:00,1.8687869,-21.077274
2017-09-26 18:00:00,4.6260533,-20.798529
2017-09-26 18:30:00,4.693207,-20.239105
2017-09-26 19:00:00,5.3892107,-19.046642
2017-09-26 19:30:00,2.937786,-18.42761
2017-09-26 20:00:00,6.678292,-17.212126
2017-09-26 20:30:00,4.2436004,-16.668304
2017-09-26 21:00:00,3.0595756,-16.863987
2017-09-26 21:30:00,3.2798119,-17.475533
2017-09-26 22:00:00,5.151758,-17.219364
2017-09-26 22:30:00,5.401856,-17.512383
2017-09-26 23:00:00,4.448004,-18.288155
2017-09-26 23:30:00,3.7868652,-18.183989
2017-09-27 00:00:00,4.6596603,-17.753231
2017-09-27 00:30:00,3.683961,-17.742186
2017-09-27 01:00:00,2.9619954,-17.87532
2017-09-27 01:30:00,14.373643,-17.984615
2017-09-27 02:00:00,5.5998874,-18.508963
2017-09-27 02:30:00,5.6132903,-20.321756
2017-09-27 03:00:00,7.369058,-19.824203
2017-09-27 03:30:00,6.5782285,-19.938702
2017-09-27 04:00:00,6.3194265,-19.375622
2017-09-27 04:30:00,6.3079944,-19.602062
2017-09-27 05:00:00,7.0560117,-20.066883
2017-09-27 05:30:00,3.507833,-20.102295
2017-09-27 06:00:00,-5.1922617,-21.275513
2017-09-27 06:30:00,1.6794482,-22.206394
2017-09-27 07:00:00,8.551162,-23.470957
2017-09-27 07:30:00,4.6024013,-23.279842
2017-09-27 08:00:00,-0.064698845,-22.20156
2017-09-27 08:30:00,-5.7473645,-24.298487
2017-09-27 09:00:00,-9.383914,-24.124876
2017-09-27 09:30:00,-13.020461,-24.813963
2017-09-27 10:00:00,-16.657007,-24.871529
2017-09-27 10:30:00,-20.293556,-24.020432
2017-09-27 11:00:00,-23.930101,-25.949945
2017-09-27 11:30:00,-18.559677,-24.22678
2017-09-27 12:00:00,-27.200516,-24.840096
2017-09-27 12:30:00,-20.36446,-23.125174
2017-09-27 13:00:00,-15.685535,-23.56649
2017-09-27 13:30:00,-17.960094,-22.457157
2017-09-27 14:00:00,-20.23465,-24.025192
2017-09-27 14:30:00,-6.528054,-22.602291
2017-09-27 15:00:00,-3.0835934,-22.014729
2017-09-27 15:30:00,-0.60410434,-21.738106
2017-09-27 16:00:00,-0.16996194,-21.933594
2017-09-27 16:30:00,0.2641767,-21.38292
2017-09-27 17:00:00,2.1862943,-20.5652
2017-09-27 17:30:00,2.9073255,-20.224176
2017-09-27 18:00:00,3.882584,-19.553732
2017-09-27 18:30:00,6.7498913,-18.895306
2017-09-27 19:00:00,6.3055563,-18.361658
2017-09-27 19:30:00,7.1605177,-17.951778
2017-09-27 20:00:00,5.6763406,-17.119364
2017-09-27 20:30:00,7.8966208,-17.226309
2017-09-27 21:00:00,6.9290977,-16.822529
2017-09-27 21:30:00,6.8429723,-17.31774
2017-09-27 22:00:00,7.894793,-16.458832
2017-09-27 22:30:00,8.946618,-15.357722
2017-09-27 23:00:00,9.998439,-17.244244
2017-09-27 23:30:00,11.050263,-16.763456
2017-09-28 00:00:00,12.102084,-13.412168
2017-09-28 00:30:00,13.153909,-14.424696
2017-09-28 01:00:00,2.9644823,-14.035543
2017-09-28 01:30:00,-7.2249436,-11.309669
2017-09-28 02:00:00,3.0343714,-11.80281
2017-09-28 02:30:00,1.5070732,-13.200236
2017-09-28 03:00:00,-5.3688,-10.382294
2017-09-28 03:30:00,-12.244677,-7.6858315
2017-09-28 04:00:00,-19.120554,-7.3945684
2017-09-28 04:30:00,-25.996431,-8.510286
2017-09-28 05:00:00,-32.87231,-7.225155
2017-09-28 05:30:00,7.8081665,-6.5971146
2017-09-28 06:00:00,7.357569,-6.3657775
2017-09-28 06:30:00,2.5289044,-4.3272023
2017-09-28 07:00:00,3.58311,-5.0463037
2017-09-28 07:30:00,-0.8175545,-7.3590927
2017-09-28 08:00:00,-10.951119,-12.071058
2017-09-28 08:30:00,-18.69169,-14.880285
2017-09-28 09:00:00,-33.3497,-16.405876
2017-09-28 09:30:00,-29.041046,-20.679907
2017-09-28 10:00:00,-36.24624,-21.224184
2017-09-28 10:30:00,-34.315865,-22.46775
2017-09-28 11:00:00,-30.352575,-23.482412
2017-09-28 11:30:00,-28.06377,-24.830084
2017-09-28 12:00:00,-24.09108,-26.709652
2017-09-28 12:30:00,-29.72886,-28.343168
2017-09-28 13:00:00,-23.144875,-30.575165
2017-09-28 13:30:00,-25.8867,-30.149538
2017-09-28 14:00:00,-36.030914,-28.78608
2017-09-28 14:30:00,-26.27956,-27.937193
2017-09-28 15:00:00,-9.274611,-21.468058
2017-09-28 15:30:00,-11.1141615,-22.879267
2017-09-28 16:00:00,-6.3790827,-23.61573
2017-09-28 16:30:00,-6.2177362,-19.952444
2017-09-28 17:00:00,-1.3805816,-13.978982
2017-09-28 17:30:00,1.6436032,-10.596007
2017-09-28 18:00:00,2.5039074,-6.702129
2017-09-28 18:30:00,1.687817,-2.8470905
2017-09-28 19:00:00,1.7572953,-1.0850265
2017-09-28 19:30:00,1.8267736,0.79371005
2017-09-28 20:00:00,2.6197133,1.3540581
2017-09-28 20:30:00,1.1671423,2.2864368
2017-09-28 21:00:00,2.2089515,3.3544185
2017-09-28 21:30:00,8.420356,3.696546
2017-09-28 22:00:00,1.8514202,2.8874643
2017-09-28 22:30:00,-20.69118,5.86664
2017-09-28 23:00:00,2.241767,4.4600234
2017-09-28 23:30:00,13.052338,4.1951737
2017-09-29 00:00:00,-1.6306982,4.546085
2017-09-29 00:30:00,11.604123,3.6038418
2017-09-29 01:00:00,2.1523936,4.213588
2017-09-29 01:30:00,0.8750011,3.0208442
2017-09-29 02:00:00,0.41320142,3.4779978
2017-09-29 02:30:00,0.8509988,3.587647
2017-09-29 03:00:00,1.2887925,2.650901
2017-09-29 03:30:00,-4.813957,2.8064559
2017-09-29 04:00:00,-2.8356621,2.592139
2017-09-29 04:30:00,-0.8573672,2.0622365
2017-09-29 05:00:00,-0.5805618,1.6833067
2017-09-29 05:30:00,-0.3037564,1.3005222
2017-09-29 06:00:00,-0.026950939,1.7118757
2017-09-29 06:30:00,0.24985449,1.6004406
2017-09-29 07:00:00,7.56143,-3.3257368
2017-09-29 07:30:00,14.873002,-7.957836
2017-09-29 08:00:00,0.0005216114,-11.512391
2017-09-29 08:30:00,-14.871963,-13.321449
2017-09-29 09:00:00,-9.066177,-17.578184
2017-09-29 09:30:00,-16.947216,-16.348022
2017-09-29 10:00:00,-24.410236,-21.85303
2017-09-29 10:30:00,-26.47036,-21.150064
2017-09-29 11:00:00,-28.8253,-22.64124
2017-09-29 11:30:00,-20.69199,-23.271751
2017-09-29 12:00:00,-27.581081,-20.573666
2017-09-29 12:30:00,-36.39921,-22.334106
2017-09-29 13:00:00,-15.452273,-17.33078
2017-09-29 13:30:00,-14.628832,-17.095694
2017-09-29 14:00:00,-11.479473,-19.43468
2017-09-29 14:30:00,-7.7300754,-18.031958
2017-09-29 15:00:00,-21.892054,-22.066591
2017-09-29 15:30:00,-12.990046,-17.335136
2017-09-29 16:00:00,-6.9269586,-10.05586
2017-09-29 16:30:00,-2.3824008,-9.7629385
2017-09-29 17:00:00,-0.50089103,-7.6423187
2017-09-29 17:30:00,0.45828187,-2.7719827
2017-09-29 18:00:00,1.4174548,1.5446138
2017-09-29 18:30:00,1.4130462,2.6780195
2017-09-29 19:00:00,3.400524,2.7338688
2017-09-29 19:30:00,3.678893,2.2940104
2017-09-29 20:00:00,3.9572618,2.0966496
2017-09-29 20:30:00,3.043064,1.8221201
2017-09-29 21:00:00,3.4144578,1.9278353
2017-09-29 21:30:00,3.4732049,1.8274105
2017-09-29 22:00:00,3.4574697,-1.3316351
2017-09-29 22:30:00,3.8832018,0.7970635
2017-09-29 23:00:00,2.7180283,-2.124443
2017-09-29 23:30:00,2.6462364,-1.3927937
2017-09-30 00:00:00,4.2873807,-0.18482673
2017-09-30 00:30:00,3.1674538,-0.263759
2017-09-30 01:00:00,4.266883,-0.65381944
2017-09-30 01:30:00,4.0487266,-1.1058335
2017-09-30 02:00:00,3.0737884,-0.9357531
2017-09-30 02:30:00,2.644831,0.58374155
2017-09-30 03:00:00,2.5727527,1.1825309
2017-09-30 03:30:00,4.4644623,1.209295
2017-09-30 04:00:00,4.474817,0.76493
2017-09-30 04:30:00,3.4502313,1.6138473
2017-09-30 05:00:00,2.7594085,3.0916865
2017-09-30 05:30:00,2.0685892,3.4891663
2017-09-30 06:00:00,4.1128654,2.894808
2017-09-30 06:30:00,4.210532,1.0899471
2017-09-30 07:00:00,3.1121016,-3.6524496
2017-09-30 07:30:00,-4.800072,-13.935386
2017-09-30 08:00:00,-9.325853,-17.83226
2017-09-30 08:30:00,-15.543926,-20.453974
2017-09-30 09:00:00,-18.717041,-21.553116
2017-09-30 09:30:00,-19.303505,-22.17886
2017-09-30 10:00:00,-20.103481,-22.035612
2017-09-30 10:30:00,-18.431335,-21.056992
2017-09-30 11:00:00,-25.991491,-21.853603
2017-09-30 11:30:00,-23.32087,-21.749596
2017-09-30 12:00:00,-13.762713,-22.450054
2017-09-30 12:30:00,-8.398131,-17.555763
2017-09-30 13:00:00,-9.109705,-19.798136
2017-09-30 13:30:00,-5.828094,-19.39088
2017-09-30 14:00:00,-4.62876,-17.250347
2017-09-30 14:30:00,-19.456375,-13.249013
2017-09-30 15:00:00,-14.653165,-12.743991
2017-09-30 15:30:00,-9.8499565,-9.687107
2017-09-30 16:00:00,-5.046745,-3.6870248
2017-09-30 16:30:00,-0.4952503,0.84095335
2017-09-30 17:00:00,0.11525747,4.101735
2017-09-30 17:30:00,0.7257653,3.0043554
2017-09-30 18:00:00,1.3362769,3.1133487
2017-09-30 18:30:00,1.9467847,6.1082597
2017-09-30 19:00:00,2.5572925,5.999632
2017-09-30 19:30:00,3.167804,5.9262347
2017-09-30 20:00:00,3.778312,6.480102
2017-09-30 20:30:00,4.388819,-0.11449685
2017-09-30 21:00:00,4.999331,9.411662
2017-09-30 21:30:00,5.609839,-1.1841289
2017-09-30 22:00:00,6.2203465,-11.337762
2017-09-30 22:30:00,6.830858,-18.725786
2017-09-30 23:00:00,7.441366,-11.026242
2017-09-30 23:30:00,8.051874,-14.840439
2017-10-01 00:00:00,8.662386,-14.8589735
2017-10-01 00:30:00,9.272894,-16.421461
2017-10-01 01:00:00,9.883402,-17.786886
2017-10-01 01:30:00,10.493909,-19.530268
2017-10-01 02:00:00,11.104421,-15.12437
2017-10-01 02:30:00,11.714929,-8.558144
2017-10-01 03:00:00,1.840297,-14.276892
2017-10-01 03:30:00,3.4120502,-19.736002
2017-10-01 04:00:00,3.4790378,-21.016693
2017-10-01 04:30:00,3.5460293,-20.587297
2017-10-01 05:00:00,3.6130207,-5.4210815
2017-10-01 05:30:00,3.680012,-11.099669
2017-10-01 06:00:00,3.7470036,-12.548216
2017-10-01 06:30:00,5.437411,-22.296358
2017-10-01 07:00:00,7.127815,-3.942541
2017-10-01 07:30:00,3.2829168,-1.0123492
2017-10-01 08:00:00,-0.5619855,-9.618096
2017-10-01 08:30:00,-3.4492598,-20.002234
2017-10-01 09:00:00,-3.2738023,-24.236317
2017-10-01 09:30:00,-5.63845,-22.006836
2017-10-01 10:00:00,-14.331261,-17.513739
2017-10-01 10:30:00,-17.785944,-17.611588
2017-10-01 11:00:00,-19.612703,-22.738302
2017-10-01 11:30:00,-6.583512,-14.404785
2017-10-01 12:00:00,-6.2352614,-21.34034
2017-10-01 12:30:00,-8.132182,-15.045291
2017-10-01 13:00:00,-10.029099,-19.861168
2017-10-01 13:30:00,-7.1021934,-17.24906
2017-10-01 14:00:00,-0.8985252,-11.360454
2017-10-01 14:30:00,-2.5809524,-10.992398
2017-10-01 15:00:00,-4.2633758,-11.112157
2017-10-01 15:30:00,-14.078175,-9.102049
2017-10-01 16:00:00,13.413923,-11.441492
2017-10-01 16:30:00,5.5162187,-9.070409
2017-10-01 17:00:00,5.678296,-7.74141
2017-10-01 17:30:00,5.840373,-7.530778
2017-10-01 18:00:00,6.002454,-4.7052274
2017-10-01 18:30:00,6.164531,1.6680086
2017-10-01 19:00:00,5.964947,2.7947412
2017-10-01 19:30:00,5.765363,-2.215512
2017-10-01 20:00:00,5.5657835,-5.2372065
2017-10-01 20:30:00,7.7822275,-3.8401718
2017-10-01 21:00:00,6.0432954,-4.353352
2017-10-01 21:30:00,1.1365083,2.5811741
2017-10-01 22:00:00,-3.770279,2.227049
2017-10-01 22:30:00,-8.677066,5.7144275
2017-10-01 23:00:00,-13.583854,9.0809555
2017-10-01 23:30:00,-18.49064,7.198013
2017-10-02 00:00:00,-23.397429,6.9904146
2017-10-02 00:30:00,-28.304214,4.51446
2017-10-02 01:00:00,-27.675303,4.969432
2017-10-02 01:30:00,-27.04639,3.447232
2017-10-02 02:00:00,-26.417475,5.206809
2017-10-02 02:30:00,-25.788563,4.204345
2017-10-02 03:00:00,-25.15965,1.8841943
2017-10-02 03:30:00,-24.530735,0.3365413
2017-10-02 04:00:00,-23.901823,3.964685
2017-10-02 04:30:00,-23.272911,6.038778
2017-10-02 05:00:00,-22.643995,5.9188156
2017-10-02 05:30:00,-22.015083,5.1957345
2017-10-02 06:00:00,-21.386171,4.5666957
2017-10-02 06:30:00,-20.757256,3.998578
2017-10-02 07:00:00,-20.128344,3.022246
2017-10-02 07:30:00,-19.499432,-0.23006168
2017-10-02 08:00:00,-18.870516,-5.0965652
2017-10-02 08:30:00,-18.241602,-9.408327
2017-10-02 09:00:00,-17.612692,-12.359941
2017-10-02 09:30:00,-16.983776,-13.947282
2017-10-02 10:00:00,-16.354866,-13.557444
2017-10-02 10:30:00,-15.725951,-11.186002
2017-10-02 11:00:00,-15.097036,-10.730706
2017-10-02 11:30:00,-14.468126,-9.954066
2017-10-02 12:00:00,-13.839211,-9.754103
2017-10-02 12:30:00,-13.210297,-8.701434
2017-10-02 13:00:00,-12.581386,-6.6674066
2017-10-02 13:30:00,-11.952472,-5.234663
2017-10-02 14:00:00,-11.323557,-5.442849
2017-10-02 14:30:00,-10.694646,-8.193887
2017-10-02 15:00:00,-10.065732,-5.5602903
2017-10-02 15:30:00,-4.7278204,-7.446691
2017-10-02 16:00:00,-8.172703,-8.136278
2017-10-02 16:30:00,-8.899371,-7.50551
2017-10-02 17:00:00,-3.4545915,-6.09008
2017-10-02 17:30:00,1.9901847,-4.086709
2017-10-02 18:00:00,5.677501,-3.0365913
2017-10-02 18:30:00,5.332521,-1.5984704
2017-10-02 19:00:00,4.1338687,-0.6963489
2017-10-02 19:30:00,2.9352162,-1.3855479
2017-10-02 20:00:00,4.995812,3.2827058
2017-10-02 20:30:00,3.0501142,1.0740612
2017-10-02 21:00:00,1.7216274,-6.024464
2017-10-02 21:30:00,2.2590847,7.460798
2017-10-02 22:00:00,2.0962992,5.7657514
2017-10-02 22:30:00,2.132721,6.2628045
2017-10-02 23:00:00,4.5321884,5.8142986
2017-10-02 23:30:00,3.7764618,5.8350115
2017-10-03 00:00:00,3.871589,6.869793
2017-10-03 00:30:00,6.186604,7.069008
2017-10-03 01:00:00,4.407893,6.4523168
2017-10-03 01:30:00,1.9839976,3.0819387
2017-10-03 02:00:00,3.187394,5.094654
2017-10-03 02:30:00,3.8602848,5.2148123
2017-10-03 03:00:00,4.47265,5.410643
2017-10-03 03:30:00,2.7373807,4.966101
2017-10-03 04:00:00,3.8577793,4.091569
2017-10-03 04:30:00,6.915122,5.859737
2017-10-03 05:00:00,6.391188,6.117951
2017-10-03 05:30:00,3.5348947,6.264116
2017-10-03 06:00:00,3.8096392,5.2099705
2017-10-03 06:30:00,2.8110113,4.685226
2017-10-03 07:00:00,0.5500744,3.7393317
2017-10-03 07:30:00,-3.0188966,1.7217215
2017-10-03 08:00:00,-6.781351,-0.11058189
2017-10-03 08:30:00,-4.6604147,-3.5865133
2017-10-03 09:00:00,-8.376402,-7.8500676
2017-10-03 09:30:00,-7.5793853,-10.307876
2017-10-03 10:00:00,-10.146363,-13.331728
2017-10-03 10:30:00,-7.6304455,-14.20562
2017-10-03 11:00:00,-5.5302367,-12.439498
2017-10-03 11:30:00,-14.973973,-13.128825
2017-10-03 12:00:00,-13.726367,-12.939958
2017-10-03 12:30:00,-12.478757,-13.03594
2017-10-03 13:00:00,-13.349499,-13.015442
2017-10-03 13:30:00,-14.22024,-13.974924
2017-10-03 14:00:00,-9.401138,-12.700576
2017-10-03 14:30:00,-4.5820365,-10.792565
2017-10-03 15:00:00,-7.158352,-10.335815
2017-10-03 15:30:00,-5.157656,-8.484544
2017-10-03 16:00:00,-3.156964,-8.042368
2017-10-03 16:30:00,-2.1675942,-7.9536347
2017-10-03 17:00:00,3.2997634,-6.505861
2017-10-03 17:30:00,5.48242,-6.101452
2017-10-03 18:00:00,4.6684284,-3.691471
2017-10-03 18:30:00,4.7445307,-3.070232
2017-10-03 19:00:00,-3.7394114,-2.8225155
2017-10-03 19:30:00,-12.223353,-1.9100772
2017-10-03 20:00:00,-4.519834,-1.725181
2017-10-03 20:30:00,4.3771424,-1.7061752
2017-10-03 21:00:00,3.7171156,-2.4912474
2017-10-03 21:30:00,3.2112794,-2.1199553
2017-10-03 22:00:00,2.152582,-0.60531384
2017-10-03 22:30:00,3.770904,1.4291282
2017-10-03 23:00:00,4.8900175,1.0579717
2017-10-03 23:30:00,4.3576055,1.9340601
2017-10-04 00:00:00,6.8014374,2.5232108
2017-10-04 00:30:00,9.245271,-0.6240484
2017-10-04 01:00:00,11.689107,0.14444445
2017-10-04 01:30:00,14.132936,1.101805
2017-10-04 02:00:00,2.3258915,0.83556885
2017-10-04 02:30:00,2.766221,1.8611039
2017-10-04 03:00:00,2.6844704,-4.0651374
2017-10-04 03:30:00,3.3251147,1.940364
2017-10-04 04:00:00,2.1169217,0.67857856
2017-10-04 04:30:00,2.436181,-2.4671283
2017-10-04 05:00:00,2.2519143,-2.7675743
2017-10-04 05:30:00,2.8524518,-2.592377
2017-10-04 06:00:00,3.5292766,-1.6829755
2017-10-04 06:30:00,3.4087381,-2.3400974
2017-10-04 07:00:00,-3.1872663,-3.2587981
2017-10-04 07:30:00,-9.783271,-7.623486
2017-10-04 08:00:00,-20.186728,-12.049664
2017-10-04 08:30:00,-16.353935,-14.531855
2017-10-04 09:00:00,-17.781105,-14.5846405
2017-10-04 09:30:00,-14.1816025,-13.777186
2017-10-04 10:00:00,-13.561072,-14.996894
2017-10-04 10:30:00,-10.675313,-14.637826
2017-10-04 11:00:00,-16.354145,-15.098235
2017-10-04 11:30:00,-14.40806,-16.129911
2017-10-04 12:00:00,-13.804425,-15.793421
2017-10-04 12:30:00,-13.513384,-15.639453
2017-10-04 13:00:00,-9.961851,-14.356148
2017-10-04 13:30:00,-9.030098,-14.21712
2017-10-04 14:00:00,-10.96453,-15.581158
2017-10-04 14:30:00,-7.049076,-15.568268
2017-10-04 15:00:00,-3.1336212,-12.688488
2017-10-04 15:30:00,24.638754,-12.822204
2017-10-04 16:00:00,1.090972,-11.4244795
2017-10-04 16:30:00,1.467249,-10.145029
2017-10-04 17:00:00,1.8435299,-8.650287
2017-10-04 17:30:00,3.6413448,-5.420377
2017-10-04 18:00:00,-25.451332,-3.5309877
2017-10-04 18:30:00,4.6917295,-3.333661
2017-10-04 19:00:00,4.3143034,-2.9881196
2017-10-04 19:30:00,3.9368773,-2.7971756
2017-10-04 20:00:00,3.5594509,-4.3133283
2017-10-04 20:30:00,5.272244,-3.923814
2017-10-04 21:00:00,6.985034,-2.7854006
2017-10-04 21:30:00,8.6978245,-5.128183
2017-10-04 22:00:00,10.410614,-10.65142
2017-10-04 22:30:00,12.123404,-5.823196
2017-10-04 23:00:00,13.836197,-6.4054813
2017-10-04 23:30:00,15.548983,-5.9378977
2017-10-05 00:00:00,17.261776,-4.0245934
2017-10-05 00:30:00,18.97457,-2.8107293
2017-10-05 01:00:00,20.687355,-2.8889341
2017-10-05 01:30:00,22.400148,-3.9235466
2017-10-05 02:00:00,24.112936,-4.6321774
2017-10-05 02:30:00,25.82573,-4.413938
2017-10-05 03:00:00,27.538515,-11.980453
2017-10-05 03:30:00,19.666964,-11.030497
2017-10-05 04:00:00,11.795405,-0.7929757
2017-10-05 04:30:00,1.5858735,-0.8201318
2017-10-05 05:00:00,2.9777458,-1.7134663
2017-10-05 05:30:00,0.22235557,-1.9571849
2017-10-05 06:00:00,2.0860426,-0.8180029
2017-10-05 06:30:00,0.3365526,-2.2348945
2017-10-05 07:00:00,0.5638653,-2.9548519
2017-10-05 07:30:00,-0.36429322,-5.689258
2017-10-05 08:00:00,-1.2924554,-7.4447317
2017-10-05 08:30:00,-3.4737403,-9.236706
2017-10-05 09:00:00,-2.7036688,-8.63503
2017-10-05 09:30:00,-8.291534,-10.316285
2017-10-05 10:00:00,-11.317151,-11.825189
2017-10-05 10:30:00,-10.688309,-10.767316
2017-10-05 11:00:00,-11.381551,-11.305478
2017-10-05 11:30:00,-12.074792,-13.316366
2017-10-05 12:00:00,-12.768034,-15.071097
2017-10-05 12:30:00,-13.461272,-16.239399
2017-10-05 13:00:00,-14.154514,-13.053762
2017-10-05 13:30:00,-14.847756,-10.29376
2017-10-05 14:00:00,-15.540998,-11.421668
2017-10-05 14:30:00,-16.23424,-8.802118
2017-10-05 15:00:00,-16.927483,-12.323552
2017-10-05 15:30:00,-17.620724,-12.871394
2017-10-05 16:00:00,-18.313963,-11.002474
2017-10-05 16:30:00,-19.007206,-11.803047
2017-10-05 17:00:00,-19.700447,-6.875736
2017-10-05 17:30:00,0.5413062,-7.24069
2017-10-05 18:00:00,1.1309129,-6.7585397
2017-10-05 18:30:00,1.7343482,-5.810249
2017-10-05 19:00:00,1.2670435,-6.4293966
2017-10-05 19:30:00,3.1110466,-5.6620417
2017-10-05 20:00:00,3.8979914,-6.852431
2017-10-05 20:30:00,4.0141926,-5.027366
2017-10-05 21:00:00,18.425488,-4.5335045
2017-10-05 21:30:00,1.5654736,-3.2106657
2017-10-05 22:00:00,0.42342028,-1.671502
2017-10-05 22:30:00,1.5020089,1.2254409
2017-10-05 23:00:00,1.7722769,0.5281333
2017-10-05 23:30:00,1.4824228,0.09227639
2017-10-06 00:00:00,1.8290646,1.3198823
2017-10-06 00:30:00,1.0886358,2.2359455
2017-10-06 01:00:00,0.90485495,3.3498027
2017-10-06 01:30:00,0.85888904,-0.14943384
2017-10-06 02:00:00,1.3356174,-0.11365281
2017-10-06 02:30:00,1.8267623,0.38492253
2017-10-06 03:00:00,1.5610461,1.5414826
2017-10-06 03:30:00,1.0354805,1.1472547
2017-10-06 04:00:00,0.9940965,1.6047249
2017-10-06 04:30:00,2.8159099,0.76615834
2017-10-06 05:00:00,3.136439,0.32544827
2017-10-06 05:30:00,3.8500774,-0.3565801
2017-10-06 06:00:00,2.0823388,-1.0804334
2017-10-06 06:30:00,0.24314743,-1.9152431
2017-10-06 07:00:00,-1.7085792,-5.029879
2017-10-06 07:30:00,-4.2170258,-8.2877445
2017-10-06 08:00:00,-8.139108,-11.78871
2017-10-06 08:30:00,-14.01968,-15.173117
2017-10-06 09:00:00,-18.621475,-14.723819
2017-10-06 09:30:00,-14.456106,-13.657604
2017-10-06 10:00:00,-16.457758,-13.890856
2017-10-06 10:30:00,-17.245592,-14.116315
2017-10-06 11:00:00,-17.688665,-13.252246
2017-10-06 11:30:00,-22.874641,-13.801067
2017-10-06 12:00:00,-28.645897,-14.169831
2017-10-06 12:30:00,-35.48296,-14.80173
2017-10-06 13:00:00,-28.740211,-13.22151
2017-10-06 13:30:00,-21.11127,-12.095972
2017-10-06 14:00:00,-16.962679,-11.144923
2017-10-06 14:30:00,-15.299575,-11.383204
2017-10-06 15:00:00,-10.783299,-11.351418
2017-10-06 15:30:00,-7.9865522,-12.162583
2017-10-06 16:00:00,-7.261776,-11.097936
2017-10-06 16:30:00,-5.600736,-10.34279
2017-10-06 17:00:00,-2.456348,-8.78271
2017-10-06 17:30:00,0.2419153,-7.9567285
2017-10-06 18:00:00,2.3758893,-1.1509705
2017-10-06 18:30:00,1.3751062,0.83845514
2017-10-06 19:00:00,2.0650098,2.1728313
2017-10-06 19:30:00,1.278875,3.7918465
2017-10-06 20:00:00,0.49273655,5.240231
2017-10-06 20:30:00,0.74101067,5.451997
2017-10-06 21:00:00,1.5156982,-2.1478083
2017-10-06 21:30:00,2.290382,5.971466
2017-10-06 22:00:00,0.27471206,5.9009213
2017-10-06 22:30:00,0.91488165,6.590591
2017-10-06 23:00:00,0.42998037,6.516045
2017-10-06 23:30:00,1.0152011,5.960124
2017-10-07 00:00:00,1.6004181,4.7837896
2017-10-07 00:30:00,2.9364672,4.569571
2017-10-07 01:00:00,1.7146,3.5455658
2017-10-07 01:30:00,1.6291378,-0.67246354
2017-10-07 02:00:00,1.235396,-3.0159123
2017-10-07 02:30:00,2.958544,-9.349776
2017-10-07 03:00:00,2.3657873,6.2285385
2017-10-07 03:30:00,1.1444024,6.178375
2017-10-07 04:00:00,1.211827,5.411163
2017-10-07 04:30:00,2.995493,4.254422
2017-10-07 05:00:00,2.7207148,4.290026
2017-10-07 05:30:00,2.4459329,2.5956357
2017-10-07 06:00:00,1.7385155,2.8939114
2017-10-07 06:30:00,1.0310946,2.3106914
2017-10-07 07:00:00,0.32367355,0.94514626
2017-10-07 07:30:00,-2.8287027,-6.3515005
2017-10-07 08:00:00,-5.981079,-13.031859
2017-10-07 08:30:00,-8.984954,-15.078573
2017-10-07 09:00:00,-10.626634,-15.068374
2017-10-07 09:30:00,-23.876316,-14.570917
2017-10-07 10:00:00,-15.978845,-15.811613
2017-10-07 10:30:00,-22.926239,-15.295863
2017-10-07 11:00:00,-24.497768,-14.400799
2017-10-07 11:30:00,-21.873058,-12.263947
2017-10-07 12:00:00,-17.969303,-13.5154
2017-10-07 12:30:00,-18.231352,-14.503409
2017-10-07 13:00:00,-18.46243,-16.679066
2017-10-07 13:30:00,-17.821487,-16.126509
2017-10-07 14:00:00,-19.644228,-13.938985
2017-10-07 14:30:00,-15.77139,-13.359374
2017-10-07 15:00:00,-12.48436,-11.657662
2017-10-07 15:30:00,-11.547494,-8.190005
2017-10-07 16:00:00,-5.098054,-6.0511904
2017-10-07 16:30:00,-3.0861065,-5.0363903
2017-10-07 17:00:00,-0.8953977,-1.9015313
2017-10-07 17:30:00,1.5007994,2.6925905
2017-10-07 18:00:00,4.0262203,3.4821088
2017-10-07 18:30:00,3.8670712,4.0900164
2017-10-07 19:00:00,3.5894556,4.605578
2017-10-07 19:30:00,5.3089895,4.9111786
2017-10-07 20:00:00,3.6908941,4.9204063
2017-10-07 20:30:00,3.6792207,4.073309
2017-10-07 21:00:00,2.3919673,4.700573
2017-10-07 21:30:00,2.684474,4.276179
2017-10-07 22:00:00,3.4541879,3.7464986
2017-10-07 22:30:00,4.4451437,3.5755742
2017-10-07 23:00:00,3.6716697,2.8560917
2017-10-07 23:30:00,3.4484792,3.0208743
2017-10-08 00:00:00,4.55792,3.2337027
2017-10-08 00:30:00,2.4127178,3.0933595
2017-10-08 01:00:00,2.4459553,3.2616765
2017-10-08 01:30:00,3.7631907,3.1772656
2017-10-08 02:00:00,1.6019629,2.6643906
2017-10-08 02:30:00,2.1381242,2.4348247
2017-10-08 03:00:00,0.2187006,1.6691352
2017-10-08 03:30:00,0.48864827,1.4751694
2017-10-08 04:00:00,1.3341668,1.2041743
2017-10-08 04:30:00,13.666802,1.9042891
2017-10-08 05:00:00,3.2212458,1.6015371
2017-10-08 05:30:00,2.0025964,2.4677758
2017-10-08 06:00:00,1.7251391,2.6556675
2017-10-08 06:30:00,1.4476818,-2.301611
2017-10-08 07:00:00,14.543595,-9.830047
2017-10-08 07:30:00,26.519577,-12.927609
2017-10-08 08:00:00,-2.3320565,-15.0608
2017-10-08 08:30:00,-6.6448703,-17.64025
2017-10-08 09:00:00,-12.844144,-18.253166
2017-10-08 09:30:00,-18.309347,-19.762613
2017-10-08 10:00:00,-15.435042,-20.439945
2017-10-08 10:30:00,-22.676222,-21.231808
2017-10-08 11:00:00,-22.985083,-22.21814
2017-10-08 11:30:00,-25.800714,-23.008476
2017-10-08 12:00:00,-22.868992,-21.263514
2017-10-08 12:30:00,-21.519665,-20.045736
2017-10-08 13:00:00,-16.517986,-19.602179
2017-10-08 13:30:00,-18.881996,-18.701689
2017-10-08 14:00:00,-15.039737,-19.564722
2017-10-08 14:30:00,-12.913954,-15.861442
2017-10-08 15:00:00,-18.089584,-13.437093
2017-10-08 15:30:00,-7.107454,-10.909039
2017-10-08 16:00:00,-7.138675,-8.975662
2017-10-08 16:30:00,-3.7678223,-7.634421
2017-10-08 17:00:00,-0.9140117,-4.991095
2017-10-08 17:30:00,2.6821907,-1.9694988
2017-10-08 18:00:00,4.71378,-1.1718792
2017-10-08 18:30:00,5.236855,-0.71801496
2017-10-08 19:00:00,3.8798559,0.25762412
2017-10-08 19:30:00,3.2679842,1.2266316
2017-10-08 20:00:00,3.733853,1.5052307
2017-10-08 20:30:00,2.720402,0.31391442
2017-10-08 21:00:00,2.8367205,0.76488477
2017-10-08 21:30:00,3.4125814,1.5934699
2017-10-08 22:00:00,3.7297497,1.8974502
2017-10-08 22:30:00,2.646813,2.5840793
2017-10-08 23:00:00,3.1783319,2.3505833
2017-10-08 23:30:00,4.1916547,2.6004627
2017-10-09 00:00:00,3.0873759,3.8581145
2017-10-09 00:30:00,0.58666176,3.4819167
2017-10-09 01:00:00,1.4810137,4.1329756
2017-10-09 01:30:00,1.2056853,4.2028832
2017-10-09 02:00:00,0.49067545,3.8253064
2017-10-09 02:30:00,2.408215,4.8184476
2017-10-09 03:00:00,7.3509827,4.6521015
2017-10-09 03:30:00,2.8486423,4.1168447
2017-10-09 04:00:00,1.1293944,3.1728532
2017-10-09 04:30:00,4.407991,1.3509684
2017-10-09 05:00:00,11.261826,0.7760946
2017-10-09 05:30:00,10.475596,2.1873908
2017-10-09 06:00:00,4.889452,2.7503276
2017-10-09 06:30:00,2.1111,2.8260496
2017-10-09 07:00:00,0.34539235,1.6596888
2017-10-09 07:30:00,-3.5382714,-2.6004555
2017-10-09 08:00:00,-5.1502934,-5.7085276
2017-10-09 08:30:00,-12.412986,-11.936732
2017-10-09 09:00:00,-15.78578,-16.741566
2017-10-09 09:30:00,-15.558745,-16.662163
2017-10-09 10:00:00,-21.393167,-17.46694
2017-10-09 10:30:00,-20.457016,-18.223707
2017-10-09 11:00:00,-25.293247,-18.470022
2017-10-09 11:30:00,-20.032524,-18.369133
2017-10-09 12:00:00,-16.689823,-19.442839
2017-10-09 12:30:00,-20.134855,-17.26976
2017-10-09 13:00:00,-20.24228,-16.679401
2017-10-09 13:30:00,-19.613016,-16.292908
2017-10-09 14:00:00,-24.553638,-15.596851
2017-10-09 14:30:00,-15.594296,-12.116662
2017-10-09 15:00:00,-13.00205,-12.275413
2017-10-09 15:30:00,-7.988255,-8.915272
2017-10-09 16:00:00,-4.430404,-7.1166515
2017-10-09 16:30:00,-3.520019,-4.2910595
2017-10-09 17:00:00,0.6237917,-1.468866
2017-10-09 17:30:00,1.8709159,0.15827681
2017-10-09 18:00:00,7.664741,0.7635283
2017-10-09 18:30:00,4.101467,1.6234632
2017-10-09 19:00:00,3.0346615,2.433178
2017-10-09 19:30:00,3.8220246,3.4441838
2017-10-09 20:00:00,6.0376887,4.1309824
2017-10-09 20:30:00,5.1525946,4.4781704
2017-10-09 21:00:00,5.9414196,4.587823
2017-10-09 21:30:00,5.772873,4.893205
2017-10-09 22:00:00,10.117945,4.8470244
2017-10-09 22:30:00,7.9844456,4.8948255
2017-10-09 23:00:00,7.362366,4.9200406
2017-10-09 23:30:00,7.792239,4.9973564
2017-10-10 00:00:00,6.4947104,5.7974668
2017-10-10 00:30:00,5.0957847,5.7070193
2017-10-10 01:00:00,5.3457465,5.6870418
2017-10-10 01:30:00,4.4681773,5.826292
2017-10-10 02:00:00,5.1132755,5.9853773
2017-10-10 02:30:00,7.06949,5.966997
2017-10-10 03:00:00,6.6549034,5.8631697
2017-10-10 03:30:00,8.650325,6.270604
2017-10-10 04:00:00,6.328413,6.1278195
2017-10-10 04:30:00,7.6250377,6.34454
2017-10-10 05:00:00,8.530095,6.3133035
2017-10-10 05:30:00,5.7848177,6.8219056
2017-10-10 06:00:00,5.483128,8.008986
2017-10-10 06:30:00,5.690244,7.995754
2017-10-10 07:00:00,4.5837836,5.5331335
2017-10-10 07:30:00,1.3096182,-0.82404673
2017-10-10 08:00:00,-1.9645513,-6.27475
2017-10-10 08:30:00,-4.050212,-11.420101
2017-10-10 09:00:00,-6.5593705,-14.303901
2017-10-10 09:30:00,-15.544966,-17.560387
2017-10-10 10:00:00,-29.908422,-20.726427
2017-10-10 10:30:00,-24.08327,-21.350668
2017-10-10 11:00:00,-14.373519,-19.971344
2017-10-10 11:30:00,-8.773328,-12.241474
2017-10-10 12:00:00,-13.518079,-17.487642
2017-10-10 12:30:00,-21.9763,-22.798676
2017-10-10 13:00:00,-8.530321,-11.011788
2017-10-10 13:30:00,-6.904411,-7.859582
2017-10-10 14:00:00,-5.853076,-10.623548
2017-10-10 14:30:00,-11.1547575,-14.996009
2017-10-10 15:00:00,-14.462771,-14.749528
2017-10-10 15:30:00,-11.343098,-12.072373
2017-10-10 16:00:00,-5.914988,-9.235914
2017-10-10 16:30:00,0.6808506,-5.8743014
2017-10-10 17:00:00,1.4291885,-3.906466
2017-10-10 17:30:00,4.521005,-0.042580638
2017-10-10 18:00:00,7.615192,0.23350887
2017-10-10 18:30:00,17.864786,0.8178931
2017-10-10 19:00:00,10.758202,0.6241798
2017-10-10 19:30:00,-2.740113,3.263553
2017-10-10 20:00:00,-16.23843,3.046414
2017-10-10 20:30:00,-9.049511,-1.6227628
2017-10-10 21:00:00,-1.8605957,1.1007462
2017-10-10 21:30:00,5.3283234,4.6672525
2017-10-10 22:00:00,5.04356,3.257833
2017-10-10 22:30:00,4.758793,-7.5661297
2017-10-10 23:00:00,4.474029,1.272703
2017-10-10 23:30:00,4.542852,2.5010023
2017-10-11 00:00:00,4.5588884,3.6673892
2017-10-11 00:30:00,3.9816597,4.3100758
2017-10-11 01:00:00,3.3168325,5.2878814
2017-10-11 01:30:00,2.6520052,6.100829
2017-10-11 02:00:00,1.9871815,-6.546721
2017-10-11 02:30:00,1.3223541,-0.7495042
2017-10-11 03:00:00,0.6575267,-3.038852
2017-10-11 03:30:00,1.9226996,0.26483986
2017-10-11 04:00:00,4.447634,-0.1367055
2017-10-11 04:30:00,4.225932,2.7367477
2017-10-11 05:00:00,13.720187,2.478737
2017-10-11 05:30:00,4.447521,-1.3385683
2017-10-11 06:00:00,-4.8251405,0.47447678
2017-10-11 06:30:00,2.5634644,-1.3217252
2017-10-11 07:00:00,11.507003,-1.6235428
2017-10-11 07:30:00,7.5277023,-3.7298596
2017-10-11 08:00:00,3.548403,-6.246746
2017-10-11 08:30:00,-0.43089277,-7.276445
2017-10-11 09:00:00,-4.4101925,-12.033393
2017-10-11 09:30:00,-8.389492,-14.771691
2017-10-11 10:00:00,-12.368792,-7.0075865
2017-10-11 10:30:00,-16.348087,-16.518578
2017-10-11 11:00:00,-20.327387,-17.283274
2017-10-11 11:30:00,-24.306686,-3.7878718
2017-10-11 12:00:00,-28.285984,-8.782374
2017-10-11 12:30:00,-32.26528,-15.26879
2017-10-11 13:00:00,-36.244583,-10.587235
2017-10-11 13:30:00,-40.22388,-10.811036
2017-10-11 14:00:00,-29.64023,-14.519039
2017-10-11 14:30:00,-19.056578,-9.280874
2017-10-11 15:00:00,-8.47293,-5.957593
2017-10-11 15:30:00,2.1107233,1.7441939
2017-10-11 16:00:00,3.177597,-9.075247
2017-10-11 16:30:00,2.6070378,-6.339217
2017-10-11 17:00:00,2.9625118,-9.502622
2017-10-11 17:30:00,3.3179893,-12.944728
2017-10-11 18:00:00,3.6734633,-14.393753
2017-10-11 18:30:00,4.028937,-8.806365
2017-10-11 19:00:00,4.3844147,-13.288023
2017-10-11 19:30:00,4.7398887,-5.857383
2017-10-11 20:00:00,4.125206,-5.550328
2017-10-11 20:30:00,3.5105233,2.325119
2017-10-11 21:00:00,3.921564,3.6601133
2017-10-11 21:30:00,4.3326044,3.1982458
2017-10-11 22:00:00,4.421733,1.1589092
2017-10-11 22:30:00,3.0009718,0.950576
2017-10-11 23:00:00,4.61779,0.53846514
2017-10-11 23:30:00,6.2346125,-0.37997568
2017-10-12 00:00:00,-1.4368869,-0.25103065
2017-10-12 00:30:00,-9.10839,0.25508073
2017-10-12 01:00:00,1.8408961,-0.47234464
2017-10-12 01:30:00,3.754566,0.53180707
2017-10-12 02:00:00,5.6682315,0.64541626
2017-10-12 02:30:00,4.48074,0.831669
2017-10-12 03:00:00,2.2179306,1.5947095
2017-10-12 03:30:00,1.8687606,0.2886876
2017-10-12 04:00:00,1.7473214,-0.79959613
2017-10-12 04:30:00,2.0860426,-0.5046779
2017-10-12 05:00:00,2.8915865,-1.8438168
2017-10-12 05:30:00,-20.106106,-1.2027994
2017-10-12 06:00:00,-16.572788,-1.0370673
2017-10-12 06:30:00,-13.039467,-4.3967032
2017-10-12 07:00:00,-9.506148,-7.2020645
2017-10-12 07:30:00,-5.972831,-2.0299149
2017-10-12 08:00:00,-2.4395125,-11.2496395
2017-10-12 08:30:00,1.0938092,-9.502131
2017-10-12 09:00:00,4.627127,-13.436837
2017-10-12 09:30:00,8.160446,-9.465838
2017-10-12 10:00:00,11.693768,-12.625611
2017-10-12 10:30:00,15.227082,-12.820926
2017-10-12 11:00:00,18.760405,-11.208754
2017-10-12 11:30:00,22.293726,-12.957539
2017-10-12 12:00:00,25.82704,-4.202131
2017-10-12 12:30:00,29.360361,-10.574251
2017-10-12 13:00:00,32.89368,-10.174593
2017-10-12 13:30:00,36.426994,-10.575291
2017-10-12 14:00:00,26.55618,-11.943289
2017-10-12 14:30:00,16.685362,-4.4329476
2017-10-12 15:00:00,6.814543,-12.211439
2017-10-12 15:30:00,-3.0562754,-15.202936
2017-10-12 16:00:00,-12.9270935,-9.899721
2017-10-12 16:30:00,-22.797913,-5.716414
2017-10-12 17:00:00,-3.148584,-1.6412299
2017-10-12 17:30:00,10.555791,1.6454232
2017-10-12 18:00:00,2.6355917,2.9205437
2017-10-12 18:30:00,4.125609,3.9280374
2017-10-12 19:00:00,2.369235,3.8903499
2017-10-12 19:30:00,3.0927603,3.7993336
2017-10-12 20:00:00,2.0609856,4.235175
2017-10-12 20:30:00,4.987447,4.3810196
2017-10-12 21:00:00,4.4178634,3.983683
2017-10-12 21:30:00,4.9197316,2.8215053
2017-10-12 22:00:00,4.119667,4.2692795
2017-10-12 22:30:00,4.0966706,4.0277762
2017-10-12 23:00:00,4.6056647,3.6374412
2017-10-12 23:30:00,4.2754703,3.4493308
2017-10-13 00:00:00,3.51743,3.363473
2017-10-13 00:30:00,3.2722268,3.131831
2017-10-13 01:00:00,1.5051289,1.9544865
2017-10-13 01:30:00,4.6835494,2.8099148
2017-10-13 02:00:00,3.8996644,1.9228013
2017-10-13 02:30:00,2.6398835,2.9060404
2017-10-13 03:00:00,3.1078286,2.119318
2017-10-13 03:30:00,4.22077,2.2498908
2017-10-13 04:00:00,3.3212712,2.5790641
2017-10-13 04:30:00,3.1499662,1.4827318
2017-10-13 05:00:00,2.1226263,2.7433078
2017-10-13 05:30:00,2.104133,3.0796175
2017-10-13 06:00:00,1.1710196,1.9623616
2017-10-13 06:30:00,2.7643785,0.54509306
2017-10-13 07:00:00,-0.13824661,-1.1837747
2017-10-13 07:30:00,-3.0408678,-5.4472613
2017-10-13 08:00:00,-3.0613055,-10.214451
2017-10-13 08:30:00,-8.9979725,-12.928672
2017-10-13 09:00:00,-14.612086,-14.51092
2017-10-13 09:30:00,-8.803663,-17.57448
2017-10-13 10:00:00,-12.831963,-19.284426
2017-10-13 10:30:00,-14.53474,-17.157059
2017-10-13 11:00:00,-16.985239,-18.534729
2017-10-13 11:30:00,-15.387282,-16.613832
2017-10-13 12:00:00,-19.836332,-15.170836
2017-10-13 12:30:00,-16.630224,-17.287214
2017-10-13 13:00:00,-15.472907,-15.424454
2017-10-13 13:30:00,-18.085983,-16.840366
2017-10-13 14:00:00,-17.345196,-12.469423
2017-10-13 14:30:00,-11.337159,-13.033072
2017-10-13 15:00:00,-10.290568,-11.442204
2017-10-13 15:30:00,-6.7940607,-9.6410885
2017-10-13 16:00:00,-4.2273765,-9.071856
2017-10-13 16:30:00,1.4971595,-7.7438326
2017-10-13 17:00:00,1.7922398,-8.6895685
2017-10-13 17:30:00,4.108442,-6.120789
2017-10-13 18:00:00,2.607215,-4.529137
2017-10-13 18:30:00,0.98769087,-0.38380772
2017-10-13 19:00:00,0.39623785,2.1958725
2017-10-13 19:30:00,2.1812265,2.5511959
2017-10-13 20:00:00,2.7746048,3.1064496
2017-10-13 20:30:00,0.61564523,3.092749
2017-10-13 21:00:00,1.8525167,4.312129
2017-10-13 21:30:00,2.668004,4.3542743
2017-10-13 22:00:00,2.090101,4.2997627
2017-10-13 22:30:00,1.3468612,4.205193
2017-10-13 23:00:00,1.6766486,4.707849
2017-10-13 23:30:00,2.0551565,4.1500745
2017-10-14 00:00:00,2.6124976,4.4681964
2017-10-14 00:30:00,1.7127461,4.4995537
2017-10-14 01:00:00,4.372033,4.4384103
2017-10-14 01:30:00,2.28031,4.749829
2017-10-14 02:00:00,2.3392265,4.518062
2017-10-14 02:30:00,3.4227061,3.8220358
2017-10-14 03:00:00,1.765389,3.7215958
2017-10-14 03:30:00,2.1194537,4.137693
2017-10-14 04:00:00,2.3909876,3.4635928
2017-10-14 04:30:00,2.153882,3.378937
2017-10-14 05:00:00,2.5983148,2.0645275
2017-10-14 05:30:00,2.0082898,1.1812044
2017-10-14 06:00:00,2.1202638,3.3520446
2017-10-14 06:30:00,2.4156418,1.3322753
2017-10-14 07:00:00,-33.210007,0.55024016
2017-10-14 07:30:00,-4.522581,-5.823738
2017-10-14 08:00:00,-1.5692835,-10.4128895
2017-10-14 08:30:00,-3.687398,-14.198841
2017-10-14 09:00:00,-4.259065,-6.524938
2017-10-14 09:30:00,-7.4616466,-14.202172
2017-10-14 10:00:00,-12.758723,-15.971656
2017-10-14 10:30:00,-16.40802,-16.39822
2017-10-14 11:00:00,-9.125659,-9.377075
2017-10-14 11:30:00,-7.938732,-10.934506
2017-10-14 12:00:00,-11.887507,-15.459767
2017-10-14 12:30:00,-7.377104,-9.462252
2017-10-14 13:00:00,-4.246514,-10.961512
2017-10-14 13:30:00,-1.5211886,-7.2775264
2017-10-14 14:00:00,-2.5344927,-5.4585166
2017-10-14 14:30:00,-2.1698022,-9.047875
2017-10-14 15:00:00,-1.3721639,-5.2874756
2017-10-14 15:30:00,22.664007,-4.028791
2017-10-14 16:00:00,23.096802,1.2661543
2017-10-14 16:30:00,23.529602,0.7575334
2017-10-14 17:00:00,23.962397,2.0186293
2017-10-14 17:30:00,24.39519,3.9633434
2017-10-14 18:00:00,24.82799,4.6850753
2017-10-14 18:30:00,25.260784,5.346206
2017-10-14 19:00:00,18.934862,5.329744
2017-10-14 19:30:00,12.608941,5.5071077
2017-10-14 20:00:00,6.28302,7.0776777
2017-10-14 20:30:00,-0.04290092,5.948063
2017-10-14 21:00:00,0.5642948,6.3269887
2017-10-14 21:30:00,2.0998337,6.1057615
2017-10-14 22:00:00,2.0453482,6.0991297
2017-10-14 22:30:00,3.0463612,5.7318773
2017-10-14 23:00:00,8.876684,5.4435754
2017-10-14 23:30:00,7.9277034,4.602405
2017-10-15 00:00:00,6.9787188,2.9590714
2017-10-15 00:30:00,6.029738,2.7633271
2017-10-15 01:00:00,5.0807576,2.8941524
2017-10-15 01:30:00,4.1317735,3.738563
2017-10-15 02:00:00,2.8371878,4.376984
2017-10-15 02:30:00,-2.8139734,5.1036034
2017-10-15 03:00:00,1.0406502,5.994044
2017-10-15 03:30:00,4.8952737,5.6701155
2017-10-15 04:00:00,4.479851,5.700727
2017-10-15 04:30:00,4.711395,5.4560323
2017-10-15 05:00:00,-12.175334,5.184642
2017-10-15 05:30:00,0.70932925,4.998547
2017-10-15 06:00:00,4.384181,4.8397145
2017-10-15 06:30:00,-5.7623878,4.0774727
2017-10-15 07:00:00,-15.908959,1.1071142
2017-10-15 07:30:00,-8.375836,-2.2684073
2017-10-15 08:00:00,-0.8427135,-5.7625985
2017-10-15 08:30:00,-2.7656639,-7.69784
2017-10-15 09:00:00,-4.929518,-9.965883
2017-10-15 09:30:00,-10.860958,-11.308696
2017-10-15 10:00:00,-12.306834,-10.664224
2017-10-15 10:30:00,-8.4230795,-10.51391
2017-10-15 11:00:00,-11.993799,-12.032398
2017-10-15 11:30:00,-12.210908,-12.69041
2017-10-15 12:00:00,-14.960066,-13.299338
2017-10-15 12:30:00,-13.126692,-14.503869
2017-10-15 13:00:00,-13.985052,-12.154041
2017-10-15 13:30:00,-9.716008,-11.49935
2017-10-15 14:00:00,-10.568316,-10.259731
2017-10-15 14:30:00,-9.006024,-9.562688
2017-10-15 15:00:00,-7.443737,-8.472226
2017-10-15 15:30:00,-3.107279,-8.3889
2017-10-15 16:00:00,-2.5655034,-5.547728
2017-10-15 16:30:00,0.6565281,-2.2984684
2017-10-15 17:00:00,4.7535024,1.3445853
2017-10-15 17:30:00,5.556465,3.944078
2017-10-15 18:00:00,6.805752,5.4786253
2017-10-15 18:30:00,6.2580533,6.3526716
2017-10-15 19:00:00,4.936722,7.1863923
2017-10-15 19:30:00,5.147101,7.61188
2017-10-15 20:00:00,4.53619,8.223142
2017-10-15 20:30:00,5.2060966,7.645125
2017-10-15 21:00:00,4.8894596,6.089616
2017-10-15 21:30:00,13.100049,6.1401787
2017-10-15 22:00:00,5.172452,5.9946465
2017-10-15 22:30:00,4.161616,5.663808
2017-10-15 23:00:00,4.641713,6.124349
2017-10-15 23:30:00,5.450305,5.2704206
2017-10-16 00:00:00,4.5310955,6.2593265
2017-10-16 00:30:00,5.505529,6.099955
2017-10-16 01:00:00,6.309283,5.4706373
2017-10-16 01:30:00,5.1112785,6.079054
2017-10-16 02:00:00,5.061439,5.5282803
2017-10-16 02:30:00,5.673017,5.5253525
2017-10-16 03:00:00,5.1074467,5.2067485
2017-10-16 03:30:00,5.3174076,5.1692643
2017-10-16 04:00:00,3.8696108,5.51429
2017-10-16 04:30:00,6.0643325,5.9058914
2017-10-16 05:00:00,4.297509,6.0451946
2017-10-16 05:30:00,4.7070656,6.21321
2017-10-16 06:00:00,3.5413833,5.91628
2017-10-16 06:30:00,2.3756971,6.30258
2017-10-16 07:00:00,1.2100109,4.7052717
2017-10-16 07:30:00,0.044328477,2.1214998
2017-10-16 08:00:00,-1.1213577,-0.622511
2017-10-16 08:30:00,-2.28704,-1.8445214
2017-10-16 09:00:00,-3.4527264,-5.0671186
2017-10-16 09:30:00,-7.3380103,-8.651345
2017-10-16 10:00:00,-8.620203,-9.908963
2017-10-16 10:30:00,-23.559761,-11.743121
2017-10-16 11:00:00,-11.386543,-11.825429
2017-10-16 11:30:00,-10.935841,-10.4825
2017-10-16 12:00:00,-9.835321,-9.546828
2017-10-16 12:30:00,-10.263835,-9.88223
2017-10-16 13:00:00,-8.758346,-8.774526
2017-10-16 13:30:00,-7.2527556,-6.099511
2017-10-16 14:00:00,-5.747161,-6.8850617
2017-10-16 14:30:00,-4.2415705,-6.0479007
2017-10-16 15:00:00,-2.7359796,-5.7388716
2017-10-16 15:30:00,-1.2303851,-5.1878867
2017-10-16 16:00:00,0.27520564,-2.3972769
2017-10-16 16:30:00,1.7808001,1.082995
2017-10-16 17:00:00,3.2863908,3.4446132
2017-10-16 17:30:00,4.791981,5.3358707
2017-10-16 18:00:00,3.7324703,7.2477884
2017-10-16 18:30:00,-7.5359516,7.4816384
2017-10-16 19:00:00,-1.6633028,7.337508
2017-10-16 19:30:00,4.209349,7.841506
2017-10-16 20:00:00,10.081998,8.061924
2017-10-16 20:30:00,10.597711,7.8473277
2017-10-16 21:00:00,11.113426,5.998901
2017-10-16 21:30:00,11.629139,6.455557
2017-10-16 22:00:00,12.144851,6.225196
2017-10-16 22:30:00,7.525547,5.873132
2017-10-16 23:00:00,2.9062402,6.6388855
2017-10-16 23:30:00,3.0954168,8.638844
2017-10-17 00:00:00,2.4858284,9.671259
2017-10-17 00:30:00,3.6379497,9.434451
2017-10-17 01:00:00,2.515852,9.485726
2017-10-17 01:30:00,2.7843564,9.665983
2017-10-17 02:00:00,2.5537694,9.012747
2017-10-17 02:30:00,2.0655448,8.280182
2017-10-17 03:00:00,1.8749024,7.7890477
2017-10-17 03:30:00,2.3778636,7.874555
2017-10-17 04:00:00,2.126726,7.170126
2017-10-17 04:30:00,5.4453726,7.276704
2017-10-17 05:00:00,8.76402,8.496387
2017-10-17 05:30:00,1.8054429,9.759596
2017-10-17 06:00:00,12.68475,10.844051
2017-10-17 06:30:00,6.005231,10.63094
2017-10-17 07:00:00,3.2200212,9.356883
2017-10-17 07:30:00,-1.6269943,3.7154388
2017-10-17 08:00:00,-4.2586246,-2.9742947
2017-10-17 08:30:00,-9.186463,-6.5072703
2017-10-17 09:00:00,27.231173,-9.04835
2017-10-17 09:30:00,15.386257,-9.344396
2017-10-17 10:00:00,3.5413456,-9.961086
2017-10-17 10:30:00,-8.303566,-12.622728
2017-10-17 11:00:00,-20.148476,-12.305635
2017-10-17 11:30:00,-31.993387,-13.431426
2017-10-17 12:00:00,-16.527441,-11.247345
2017-10-17 12:30:00,-9.612369,-8.615105
2017-10-17 13:00:00,-10.099316,-9.582221
2017-10-17 13:30:00,-9.528647,-7.864096
2017-10-17 14:00:00,-3.9224386,-8.74287
2017-10-17 14:30:00,-6.9504595,-7.904971
2017-10-17 15:00:00,-3.7200928,-6.5270824
2017-10-17 15:30:00,2.4164066,-8.26265
2017-10-17 16:00:00,-0.28229758,-6.576782
2017-10-17 16:30:00,1.6794444,-2.7789047
2017-10-17 17:00:00,2.597226,1.6358223
2017-10-17 17:30:00,2.5168993,3.8369195
2017-10-17 18:00:00,2.2551548,4.154378
2017-10-17 18:30:00,2.1874738,3.408252
2017-10-17 19:00:00,1.4292299,2.8530662
2017-10-17 19:30:00,1.1709179,2.3666463
2017-10-17 20:00:00,1.6919506,2.186577
2017-10-17 20:30:00,2.3578782,2.0053735
2017-10-17 21:00:00,2.1738071,1.723647
2017-10-17 21:30:00,4.2587514,1.3808901
2017-10-17 22:00:00,3.711411,2.7263818
2017-10-17 22:30:00,2.7260427,2.8875508
2017-10-17 23:00:00,1.6240058,2.0446136
2017-10-17 23:30:00,1.8346789,2.8475082
2017-10-18 00:00:00,1.8053751,2.3881993
2017-10-18 00:30:00,2.9679601,0.74862957
2017-10-18 01:00:00,4.1305413,0.09770232
2017-10-18 01:30:00,3.5497973,-0.7553258
2017-10-18 02:00:00,2.5651715,-0.9590582
2017-10-18 02:30:00,3.2766128,-1.4918095
2017-10-18 03:00:00,2.1159117,-1.2658118
2017-10-18 03:30:00,3.559349,-0.25718758
2017-10-18 04:00:00,1.6504534,-0.20143235
2017-10-18 04:30:00,2.3872724,0.6949769
2017-10-18 05:00:00,2.275046,1.2505547
2017-10-18 05:30:00,3.297431,0.44473967
2017-10-18 06:00:00,3.5061147,1.3178853
2017-10-18 06:30:00,1.1816717,0.5749319
2017-10-18 07:00:00,1.9252769,-2.039689
2017-10-18 07:30:00,-1.5075108,-2.6105952
2017-10-18 08:00:00,-4.9402947,-3.9017222
2017-10-18 08:30:00,-8.036105,-5.471377
2017-10-18 09:00:00,-7.803601,-6.974974
2017-10-18 09:30:00,-9.393545,-7.3061633
2017-10-18 10:00:00,-11.4354105,-7.6427255
2017-10-18 10:30:00,-13.477279,-10.6384535
2017-10-18 11:00:00,-12.924173,-13.061099
2017-10-18 11:30:00,-12.2908535,-15.276593
2017-10-18 12:00:00,-11.359421,-15.206177
2017-10-18 12:30:00,-17.555334,-15.693392
2017-10-18 13:00:00,-10.765805,-14.824353
2017-10-18 13:30:00,-11.948335,-12.5825205
2017-10-18 14:00:00,-15.536556,-13.182903
2017-10-18 14:30:00,-9.169462,-11.595701
2017-10-18 15:00:00,-1.0161964,-7.0839677
2017-10-18 15:30:00,-1.918186,-7.1444063
2017-10-18 16:00:00,-2.1273367,-5.2990656
2017-10-18 16:30:00,1.1885597,-5.458505
2017-10-18 17:00:00,0.47030184,-3.9655073
2017-10-18 17:30:00,2.4346514,-2.0726328
2017-10-18 18:00:00,3.5179613,-0.03776889
2017-10-18 18:30:00,4.067804,0.45405042
2017-10-18 19:00:00,3.4376237,1.9502852
2017-10-18 19:30:00,3.620387,2.7320414
2017-10-18 20:00:00,3.6398413,3.2375724
2017-10-18 20:30:00,3.2296069,4.1947594
2017-10-18 21:00:00,2.82614,4.242971
2017-10-18 21:30:00,3.385056,4.4682264
2017-10-18 22:00:00,3.185932,4.4008694
2017-10-18 22:30:00,4.7821016,4.8684306
2017-10-18 23:00:00,4.1458507,4.7480235
2017-10-18 23:30:00,2.5623717,4.5740056
2017-10-19 00:00:00,3.002023,5.179664
2017-10-19 00:30:00,2.598213,4.5740585
2017-10-19 01:00:00,3.4701567,4.480397
2017-10-19 01:30:00,3.7171648,4.5145807
2017-10-19 02:00:00,2.6105382,5.1110826
2017-10-19 02:30:00,3.1906834,4.9348717
2017-10-19 03:00:00,3.0523522,4.9526644
2017-10-19 03:30:00,3.1960301,5.4180546
2017-10-19 04:00:00,3.193321,5.2166924
2017-10-19 04:30:00,3.442002,5.222416
2017-10-19 05:00:00,3.1714516,6.0395236
2017-10-19 05:30:00,2.7454066,5.5847554
2017-10-19 06:00:00,2.422605,6.226319
2017-10-19 06:30:00,2.08781,5.7261424
2017-10-19 07:00:00,1.925631,4.466938
2017-10-19 07:30:00,2.4631827,1.8832711
2017-10-19 08:00:00,-4.8070393,-0.7513242
2017-10-19 08:30:00,-6.3386893,-3.6453545
2017-10-19 09:00:00,-7.9429336,-8.991296
2017-10-19 09:30:00,-11.042463,-11.766546
2017-10-19 10:00:00,-13.789813,-13.012311
2017-10-19 10:30:00,-10.648842,-13.259296
2017-10-19 11:00:00,-19.73184,-13.578205
2017-10-19 11:30:00,-9.606528,-12.655299
2017-10-19 12:00:00,-15.607387,-14.82834
2017-10-19 12:30:00,-14.382954,-16.55873
2017-10-19 13:00:00,-15.494452,-15.574587
2017-10-19 13:30:00,-18.72006,-15.2916765
2017-10-19 14:00:00,-10.435445,-15.917088
2017-10-19 14:30:00,-10.300667,-15.18259
2017-10-19 15:00:00,-13.629676,-18.293137
2017-10-19 15:30:00,-12.8751135,-19.129131
2017-10-19 16:00:00,-5.7176914,-13.479182
2017-10-19 16:30:00,-1.2968414,-8.531432
2017-10-19 17:00:00,1.941144,-4.528244
2017-10-19 17:30:00,3.4500506,2.5892112
2017-10-19 18:00:00,3.8567317,3.9214962
2017-10-19 18:30:00,4.689175,4.2306232
2017-10-19 19:00:00,2.1356637,4.4788976
2017-10-19 19:30:00,3.8946943,5.1849055
2017-10-19 20:00:00,4.043711,5.836153
2017-10-19 20:30:00,2.841845,5.729846
2017-10-19 21:00:00,4.0431123,5.1695433
2017-10-19 21:30:00,4.901084,4.8246837
2017-10-19 22:00:00,3.8469687,4.273398
2017-10-19 22:30:00,3.7082872,3.7934253
2017-10-19 23:00:00,4.209553,3.8614001
2017-10-19 23:30:00,3.1494312,4.746155
2017-10-20 00:00:00,4.0306625,6.05151
2017-10-20 00:30:00,3.6634705,5.915436
2017-10-20 01:00:00,3.9791577,5.588286
2017-10-20 01:30:00,1.6615615,5.279121
2017-10-20 02:00:00,5.5589933,6.8437486
2017-10-20 02:30:00,4.2625194,6.361067
2017-10-20 03:00:00,4.811149,5.4103494
2017-10-20 03:30:00,4.088739,5.565139
2017-10-20 04:00:00,4.696775,5.1285586
2017-10-20 04:30:00,5.930421,6.009606
2017-10-20 05:00:00,6.3402863,6.6386747
2017-10-20 05:30:00,3.9395564,5.9234805
2017-10-20 06:00:00,4.5821786,6.8545136
2017-10-20 06:30:00,4.4332743,6.4581833
2017-10-20 07:00:00,1.5839895,3.3301525
2017-10-20 07:30:00,-1.4653354,-8.725545
2017-10-20 08:00:00,-10.3644705,-13.927989
2017-10-20 08:30:00,-10.162072,-14.209015
2017-10-20 09:00:00,-8.463333,-13.427473
2017-10-20 09:30:00,-13.492539,-11.703142
2017-10-20 10:00:00,-16.250578,-13.224028
2017-10-20 10:30:00,-19.617445,-13.230354
2017-10-20 11:00:00,-12.51262,-10.938869
2017-10-20 11:30:00,-12.647126,-12.977637
2017-10-20 12:00:00,-13.383546,-13.794168
2017-10-20 12:30:00,-12.311167,-13.320202
2017-10-20 13:00:00,-12.461831,-12.654527
2017-10-20 13:30:00,-16.71873,-12.718282
2017-10-20 14:00:00,-10.42979,-13.810812
2017-10-20 14:30:00,-8.527925,-11.205
2017-10-20 15:00:00,-4.51197,-10.547167
2017-10-20 15:30:00,-3.573834,-10.515971
2017-10-20 16:00:00,-3.9429066,-7.5027213
2017-10-20 16:30:00,-1.2653898,-7.2416663
2017-10-20 17:00:00,1.7092494,-6.135334
2017-10-20 17:30:00,1.8753583,-3.6096337
2017-10-20 18:00:00,0.9890624,-2.0412152
2017-10-20 18:30:00,0.41609526,1.1779715
2017-10-20 19:00:00,1.5547875,2.8749018
2017-10-20 19:30:00,0.8628643,3.6676378
2017-10-20 20:00:00,2.0765398,4.2350206
2017-10-20 20:30:00,5.7147365,4.194036
2017-10-20 21:00:00,1.8627619,3.8853083
2017-10-20 21:30:00,2.983654,3.9585354
2017-10-20 22:00:00,2.4030378,4.0350637
2017-10-20 22:30:00,1.3303196,3.9818294
2017-10-20 23:00:00,1.329698,4.1295958
2017-10-20 23:30:00,5.3364472,4.5341063
2017-10-21 00:00:00,4.253921,5.1391354
2017-10-21 00:30:00,2.4271493,4.8468738
2017-10-21 01:00:00,3.885881,4.860838
2017-10-21 01:30:00,0.8343932,5.142519
2017-10-21 02:00:00,6.893358,5.701861
2017-10-21 02:30:00,5.3812904,4.9952126
2017-10-21 03:00:00,5.424449,4.8885026
2017-10-21 03:30:00,3.0982542,5.186021
2017-10-21 04:00:00,4.2537436,5.2434793
2017-10-21 04:30:00,5.4816175,5.1990995
2017-10-21 05:00:00,6.004956,5.7074003
2017-10-21 05:30:00,4.621373,5.968214
2017-10-21 06:00:00,7.2439413,6.846205
2017-10-21 06:30:00,9.16115,6.8148293
2017-10-21 07:00:00,4.2488832,2.572956
2017-10-21 07:30:00,-0.66337883,-3.9581032
2017-10-21 08:00:00,-7.9173603,-8.259073
2017-10-21 08:30:00,-8.673686,-7.479066
2017-10-21 09:00:00,-18.099522,-9.196539
2017-10-21 09:30:00,-11.26703,-10.549419
2017-10-21 10:00:00,-16.286247,-10.662306
2017-10-21 10:30:00,-12.813129,-10.007091
2017-10-21 11:00:00,-8.364201,-8.916651
2017-10-21 11:30:00,-10.167754,-10.559439
2017-10-21 12:00:00,-12.215908,-8.577048
2017-10-21 12:30:00,-13.78962,-10.274592
2017-10-21 13:00:00,-9.322725,-7.0664163
2017-10-21 13:30:00,-7.500363,-6.2582235
2017-10-21 14:00:00,-6.5632176,-10.116336
2017-10-21 14:30:00,-6.9442725,-8.988842
2017-10-21 15:00:00,-4.9101543,-6.7838044
2017-10-21 15:30:00,-3.2912483,-7.9378467
2017-10-21 16:00:00,-1.4112419,-7.4383187
2017-10-21 16:30:00,2.1783025,-3.181034
2017-10-21 17:00:00,2.0960393,1.3661572
2017-10-21 17:30:00,3.143719,3.9052975
2017-10-21 18:00:00,1.7732077,4.7814083
2017-10-21 18:30:00,1.6906241,6.011181
2017-10-21 19:00:00,1.2724769,7.1219597
2017-10-21 19:30:00,1.8255264,6.436917
2017-10-21 20:00:00,2.21911,5.89022
2017-10-21 20:30:00,1.6583964,5.6625156
2017-10-21 21:00:00,1.1697837,5.4376783
2017-10-21 21:30:00,5.8212166,5.1661673
2017-10-21 22:00:00,7.5226045,5.2956963
2017-10-21 22:30:00,4.4784417,5.1238523
2017-10-21 23:00:00,7.5766263,4.9817233
2017-10-21 23:30:00,4.438904,5.1458426
2017-10-22 00:00:00,4.3343678,5.2991476
2017-10-22 00:30:00,3.6951141,5.162403
2017-10-22 01:00:00,5.548993,5.041657
2017-10-22 01:30:00,3.6398866,4.6742086
2017-10-22 02:00:00,8.536779,4.9923
2017-10-22 02:30:00,4.913198,4.9833922
2017-10-22 03:00:00,1.6965287,5.0834746
2017-10-22 03:30:00,1.3998507,5.1828065
2017-10-22 04:00:00,0.93789667,4.8863697
2017-10-22 04:30:00,3.2036378,5.3431883
2017-10-22 05:00:00,3.491815,5.888826
2017-10-22 05:30:00,3.5311832,5.8806005
2017-10-22 06:00:00,1.0802407,6.1548624
2017-10-22 06:30:00,4.4983177,5.320388
2017-10-22 07:00:00,5.9212875,2.993888
2017-10-22 07:30:00,0.17591487,-2.735015
2017-10-22 08:00:00,-5.569454,-9.742855
2017-10-22 08:30:00,-6.9465747,-10.329462
2017-10-22 09:00:00,-14.243364,-11.829502
2017-10-22 09:30:00,-11.607947,-13.287074
2017-10-22 10:00:00,-12.688748,-13.949308
2017-10-22 10:30:00,-10.595175,-12.718425
2017-10-22 11:00:00,-11.336862,-13.590534
2017-10-22 11:30:00,-6.776351,-13.838009
2017-10-22 12:00:00,-7.495223,-13.285917
2017-10-22 12:30:00,-6.775575,-10.504897
2017-10-22 13:00:00,-9.119634,-14.255323
2017-10-22 13:30:00,-6.131347,-10.9430895
2017-10-22 14:00:00,-8.485847,-12.645913
2017-10-22 14:30:00,-7.51476,-13.107373
2017-10-22 15:00:00,-4.864554,-10.343761
2017-10-22 15:30:00,-3.6262732,-8.13916
2017-10-22 16:00:00,-1.2491497,-7.859081
2017-10-22 16:30:00,1.5660124,-3.3573692
2017-10-22 17:00:00,4.3811703,0.71470994
2017-10-22 17:30:00,3.7729084,5.162358
2017-10-22 18:00:00,4.707337,5.7880845
2017-10-22 18:30:00,2.8564384,5.720513
2017-10-22 19:00:00,2.3448107,4.9512663
2017-10-22 19:30:00,1.7891048,4.150105
2017-10-22 20:00:00,3.8669393,4.5911164
2017-10-22 20:30:00,2.7588773,4.6491475
2017-10-22 21:00:00,4.7417536,5.7449408
2017-10-22 21:30:00,4.6123605,6.710086
2017-10-22 22:00:00,5.203071,6.571276
2017-10-22 22:30:00,4.6070514,6.327799
2017-10-22 23:00:00,5.7570662,6.002842
2017-10-22 23:30:00,2.8176355,5.8308554
2017-10-23 00:00:00,2.5373182,7.187097
2017-10-23 00:30:00,2.1091633,7.8181596
2017-10-23 01:00:00,3.3870947,7.6178746
2017-10-23 01:30:00,2.1115823,7.4688387
2017-10-23 02:00:00,2.0823538,7.699731
2017-10-23 02:30:00,2.2649817,7.708024
2017-10-23 03:00:00,2.2481651,8.186708
2017-10-23 03:30:00,3.2511034,8.7743
2017-10-23 04:00:00,2.0576885,8.623824
2017-10-23 04:30:00,2.1457505,8.505422
2017-10-23 05:00:00,1.6212853,8.9977045
2017-10-23 05:30:00,1.567885,9.467504
2017-10-23 06:00:00,1.3939236,8.525765
2017-10-23 06:30:00,0.8652532,7.51462
2017-10-23 07:00:00,0.65597427,7.1654196
2017-10-23 07:30:00,-0.6855046,5.023887
2017-10-23 08:00:00,-3.1788523,-3.6924996
2017-10-23 08:30:00,-5.3858843,-6.367364
2017-10-23 09:00:00,-7.1471195,-10.367066
2017-10-23 09:30:00,-10.891992,-14.415878
2017-10-23 10:00:00,-11.824536,-14.918237
2017-10-23 10:30:00,-16.285278,-16.234663
2017-10-23 11:00:00,-20.071005,-14.074082
2017-10-23 11:30:00,-10.038361,-10.213856
2017-10-23 12:00:00,-14.375064,-10.824545
2017-10-23 12:30:00,-10.17702,-10.788666
2017-10-23 13:00:00,-11.580976,-11.042905
2017-10-23 13:30:00,-10.075999,-9.421168
2017-10-23 14:00:00,-5.4159417,-10.005131
2017-10-23 14:30:00,-6.866983,-9.522427
2017-10-23 15:00:00,-7.659998,-9.547404
2017-10-23 15:30:00,-6.5748305,-7.741346
2017-10-23 16:00:00,-4.409164,-6.336406
2017-10-23 16:30:00,-2.0094585,-3.6914408
2017-10-23 17:00:00,1.0929766,-1.4154055
2017-10-23 17:30:00,3.0256445,4.804932
2017-10-23 18:00:00,5.369583,6.691928
2017-10-23 18:30:00,3.6802607,7.222791
2017-10-23 19:00:00,3.2164829,7.3946276
2017-10-23 19:30:00,1.3806301,7.011361
2017-10-23 20:00:00,0.99422836,5.907093
2017-10-23 20:30:00,0.80479175,5.6043715
2017-10-23 21:00:00,0.09099903,5.4562697
2017-10-23 21:30:00,-0.081500396,6.357442
2017-10-23 22:00:00,0.57578725,6.5333476
2017-10-23 22:30:00,2.5420697,6.416517
2017-10-23 23:00:00,1.7104515,6.700263
2017-10-23 23:30:00,2.3476517,6.5512495
2017-10-24 00:00:00,1.8944734,6.966582
2017-10-24 00:30:00,1.9051595,7.2114496
2017-10-24 01:00:00,2.5387163,7.16343
2017-10-24 01:30:00,3.373952,7.0119863
2017-10-24 02:00:00,3.709361,7.0009346
2017-10-24 02:30:00,3.466494,6.6474204
2017-10-24 03:00:00,4.405523,6.602415
2017-10-24 03:30:00,3.7633982,6.682979
2017-10-24 04:00:00,3.849305,6.3733616
2017-10-24 04:30:00,3.1773634,6.0342336
2017-10-24 05:00:00,3.7021868,5.4551544
2017-10-24 05:30:00,1.1783069,5.269795
2017-10-24 06:00:00,1.1370058,5.174321
2017-10-24 06:30:00,1.8705428,5.030319
2017-10-24 07:00:00,3.7070475,4.145836
2017-10-24 07:30:00,2.3502405,0.6593843
2017-10-24 08:00:00,-1.9621737,-6.474157
2017-10-24 08:30:00,-5.093506,-8.676173
2017-10-24 09:00:00,-6.181002,-9.50974
2017-10-24 09:30:00,-7.2285876,-9.846596
2017-10-24 10:00:00,-10.43214,-10.090292
2017-10-24 10:30:00,-9.817378,-10.764365
2017-10-24 11:00:00,-11.115253,-10.697556
2017-10-24 11:30:00,-9.652732,-10.839986
2017-10-24 12:00:00,-11.194374,-12.603655
2017-10-24 12:30:00,-10.89047,-11.045791
2017-10-24 13:00:00,-13.0998335,-10.357869
2017-10-24 13:30:00,-7.0968804,-11.2983
2017-10-24 14:00:00,-6.3056026,-10.601803
2017-10-24 14:30:00,-5.8705406,-9.568117
2017-10-24 15:00:00,-4.8693695,-7.732378
2017-10-24 15:30:00,-1.2953492,-6.026348
2017-10-24 16:00:00,-1.0064673,-5.389027
2017-10-24 16:30:00,0.760755,-2.9550025
2017-10-24 17:00:00,1.1937143,0.0607683
2017-10-24 17:30:00,3.293407,3.9814186
2017-10-24 18:00:00,2.5468588,4.90836
2017-10-24 18:30:00,2.1207197,4.8848176
2017-10-24 19:00:00,1.2211266,5.281653
2017-10-24 19:30:00,1.7629435,4.828256
2017-10-24 20:00:00,0.8976204,4.055351
2017-10-24 20:30:00,-0.19650756,4.5944324
2017-10-24 21:00:00,1.6160364,3.927118
2017-10-24 21:30:00,0.5881199,4.005413
2017-10-24 22:00:00,1.8757313,3.045909
2017-10-24 22:30:00,1.651403,2.3152544
2017-10-24 23:00:00,1.4270709,2.3774002
2017-10-24 23:30:00,1.6508566,2.2670429
2017-10-25 00:00:00,0.5107891,2.3241847
2017-10-25 00:30:00,0.37495238,2.2357419
2017-10-25 01:00:00,0.8248564,2.2562926
2017-10-25 01:30:00,1.2747566,2.6388924
2017-10-25 02:00:00,-0.43691403,2.7697668
2017-10-25 02:30:00,0.7478044,2.9093714
2017-10-25 03:00:00,1.9325228,2.8971932
2017-10-25 03:30:00,1.6706235,2.6942747
2017-10-25 04:00:00,1.4087244,2.8797889
2017-10-25 04:30:00,2.8082945,3.6751552
2017-10-25 05:00:00,2.3738244,3.8045185
2017-10-25 05:30:00,2.109103,4.4144115
2017-10-25 06:00:00,1.8443816,4.507003
2017-10-25 06:30:00,1.5796639,3.2151718
2017-10-25 07:00:00,14.560167,3.9312477
2017-10-25 07:30:00,8.138335,0.46903577
2017-10-25 08:00:00,4.8787246,0.7479513
2017-10-25 08:30:00,1.6191149,-3.9405365
2017-10-25 09:00:00,-1.6404912,-7.1781564
2017-10-25 09:30:00,-10.003827,-8.832669
2017-10-25 10:00:00,-6.0716543,-8.454373
2017-10-25 10:30:00,-10.124287,-9.936308
2017-10-25 11:00:00,-9.457277,-11.196975
2017-10-25 11:30:00,-7.6422544,-10.098201
2017-10-25 12:00:00,-10.669231,-10.882708
2017-10-25 12:30:00,-9.901168,-9.6047125
2017-10-25 13:00:00,-8.865297,-8.451276
2017-10-25 13:30:00,-8.352385,-10.415543
2017-10-25 14:00:00,-7.997939,-7.92594
2017-10-25 14:30:00,-5.804653,-4.8824067
2017-10-25 15:00:00,-5.6973443,-8.166783
2017-10-25 15:30:00,-5.0299735,-5.1577315
2017-10-25 16:00:00,-3.5589502,-4.1871114
2017-10-25 16:30:00,-1.6681032,-2.034056
2017-10-25 17:00:00,1.3659312,1.0110978
2017-10-25 17:30:00,1.3907924,2.2758863
2017-10-25 18:00:00,2.0978556,3.51558
2017-10-25 18:30:00,2.2350185,3.9842334
2017-10-25 19:00:00,2.982889,2.543577
2017-10-25 19:30:00,2.6636596,3.2856863
2017-10-25 20:00:00,1.1607027,3.4636908
2017-10-25 20:30:00,0.2794635,3.0706837
2017-10-25 21:00:00,0.36991078,2.9775763
2017-10-25 21:30:00,0.497375,2.3834178
2017-10-25 22:00:00,0.6428277,2.9523644
2017-10-25 22:30:00,0.38306868,2.7477314
2017-10-25 23:00:00,0.320369,2.6308515
2017-10-25 23:30:00,0.029000219,2.2436662
2017-10-26 00:00:00,0.14558616,2.3720684
2017-10-26 00:30:00,0.26216835,2.6818213
2017-10-26 01:00:00,0.88421005,2.7437525
2017-10-26 01:30:00,4.155026,2.9574926
2017-10-26 02:00:00,2.615237,2.716359
2017-10-26 02:30:00,1.0754516,2.541448
2017-10-26 03:00:00,1.2399176,2.5819843
2017-10-26 03:30:00,1.0729873,2.475342
2017-10-26 04:00:00,0.9952608,2.306166
2017-10-26 04:30:00,0.91753054,2.548724
2017-10-26 05:00:00,-10.756502,1.7583767
2017-10-26 05:30:00,0.7787096,2.4447496
2017-10-26 06:00:00,2.1249664,2.7775476
2017-10-26 06:30:00,3.4712193,2.7690282
2017-10-26 07:00:00,2.0243454,3.3022842
2017-10-26 07:30:00,-0.6322212,-1.6305512
2017-10-26 08:00:00,-3.2887914,-0.98223907
2017-10-26 08:30:00,-8.514089,-9.118096
2017-10-26 09:00:00,-4.060092,-6.8605886
2017-10-26 09:30:00,-2.7242458,-10.539555
2017-10-26 10:00:00,-7.278005,-10.592394
2017-10-26 10:30:00,-11.382832,-10.895881
2017-10-26 11:00:00,-13.081876,-11.285802
2017-10-26 11:30:00,-10.037928,-9.708382
2017-10-26 12:00:00,-13.651026,-9.438219
2017-10-26 12:30:00,-11.028985,-10.764919
2017-10-26 13:00:00,-5.9118795,-10.325491
2017-10-26 13:30:00,-13.805518,-9.344377
2017-10-26 14:00:00,-9.524424,-9.0765915
2017-10-26 14:30:00,-10.457303,-8.495893
2017-10-26 15:00:00,-7.6337276,-7.2614446
2017-10-26 15:30:00,-2.0993142,-3.5239568
2017-10-26 16:00:00,-0.44267157,-2.2763653
2017-10-26 16:30:00,1.2139673,-0.99447
2017-10-26 17:00:00,1.5526096,0.61218244
2017-10-26 17:30:00,3.129668,1.7778836
2017-10-26 18:00:00,2.1550612,2.811486
2017-10-26 18:30:00,2.2856002,2.6328561
2017-10-26 19:00:00,0.7277096,3.058758
2017-10-26 19:30:00,0.7559056,3.442846
2017-10-26 20:00:00,0.5184419,3.556949
2017-10-26 20:30:00,0.19188368,3.347327
2017-10-26 21:00:00,0.55435485,3.090296
2017-10-26 21:30:00,0.748396,2.81071
2017-10-26 22:00:00,0.20123588,2.789786
2017-10-26 22:30:00,0.24419118,2.4739704
2017-10-26 23:00:00,-1.4509944,2.3228998
2017-10-26 23:30:00,0.1452282,2.1230183
2017-10-27 00:00:00,1.4427872,2.1476722
2017-10-27 00:30:00,5.5003443,1.9248662
2017-10-27 01:00:00,2.0190287,1.9942013
2017-10-27 01:30:00,0.70445347,2.1450233
2017-10-27 02:00:00,0.93290025,2.079136
2017-10-27 02:30:00,0.7757178,2.4232757
2017-10-27 03:00:00,2.3870575,2.6763012
2017-10-27 03:30:00,0.71472126,2.5242472
2017-10-27 04:00:00,1.3066301,2.8034039
2017-10-27 04:30:00,1.8985391,3.1537004
2017-10-27 05:00:00,1.1916908,3.0132253
2017-10-27 05:30:00,3.786903,2.9799802
2017-10-27 06:00:00,6.382115,2.2946622
2017-10-27 06:30:00,5.660594,3.12379
2017-10-27 07:00:00,1.9609109,1.3595331
2017-10-27 07:30:00,16.025034,1.3717188
2017-10-27 08:00:00,4.768499,-0.3697229
2017-10-27 08:30:00,-6.488038,-3.6515715
2017-10-27 09:00:00,-5.321365,-3.3609414
2017-10-27 09:30:00,-9.298324,-6.3818445
2017-10-27 10:00:00,-13.275288,-8.040416
2017-10-27 10:30:00,-10.738159,-8.610207
2017-10-27 11:00:00,-8.827847,-7.241572
2017-10-27 11:30:00,-7.151102,-8.852972
2017-10-27 12:00:00,-12.2638,-9.103104
2017-10-27 12:30:00,-10.430535,-7.1278462
2017-10-27 13:00:00,-9.163995,-8.168596
2017-10-27 13:30:00,-10.401962,-6.3179355
2017-10-27 14:00:00,-1.8163141,-4.6033936
2017-10-27 14:30:00,-7.8806453,-6.8567643
2017-10-27 15:00:00,-4.591999,-5.4669156
2017-10-27 15:30:00,-2.8207257,-2.5624814
2017-10-27 16:00:00,-3.862064,-1.6693769
2017-10-27 16:30:00,-0.8203051,0.26548043
2017-10-27 17:00:00,2.2214499,3.0417416
2017-10-27 17:30:00,2.2099123,4.3308296
2017-10-27 18:00:00,3.1435344,4.9974055
2017-10-27 18:30:00,1.5203215,5.0131483
2017-10-27 19:00:00,0.94377095,5.2094164
2017-10-27 19:30:00,1.2395823,5.039291
2017-10-27 20:00:00,0.8654077,4.036793
2017-10-27 20:30:00,0.4912369,3.4731445
2017-10-27 21:00:00,0.43175888,3.2541556
2017-10-27 21:30:00,0.37228087,3.1769226
2017-10-27 22:00:00,1.8900988,3.2560885
2017-10-27 22:30:00,3.4079165,3.4727037
2017-10-27 23:00:00,3.2099907,3.1508706
2017-10-27 23:30:00,3.5862112,2.9415276
2017-10-28 00:00:00,4.1972504,3.1713724
2017-10-28 00:30:00,7.8850417,3.2272782
2017-10-28 01:00:00,2.735979,3.2130804
2017-10-28 01:30:00,4.4046564,2.7529237
2017-10-28 02:00:00,2.737573,2.5580046
2017-10-28 02:30:00,2.109819,2.728688
2017-10-28 03:00:00,6.0400023,2.6152256
2017-10-28 03:30:00,15.903703,2.368225
2017-10-28 04:00:00,8.157903,2.7248445
2017-10-28 04:30:00,4.24215,2.4222584
2017-10-28 05:00:00,2.7334168,2.11529
2017-10-28 05:30:00,3.604117,2.2540545
2017-10-28 06:00:00,1.6011603,1.8265588
2017-10-28 06:30:00,5.090886,2.7984676
2017-10-28 07:00:00,5.1729116,1.2395823
2017-10-28 07:30:00,1.1136328,1.3811576
2017-10-28 08:00:00,-2.9456427,-5.370074
2017-10-28 08:30:00,-2.2012765,-2.4641855
2017-10-28 09:00:00,-6.515292,-6.3265076
2017-10-28 09:30:00,-10.829308,-7.233158
2017-10-28 10:00:00,-5.7149825,-8.096902
2017-10-28 10:30:00,-7.4587674,-8.726856
2017-10-28 11:00:00,-1.3836826,-8.544116
2017-10-28 11:30:00,-6.3218274,-9.674104
2017-10-28 12:00:00,-6.4573026,-9.468743
2017-10-28 12:30:00,-8.009322,-9.385414
2017-10-28 13:00:00,-3.728571,-9.158406
2017-10-28 13:30:00,-1.4021949,-9.2709875
2017-10-28 14:00:00,-2.6591988,-9.1778345
2017-10-28 14:30:00,-1.0684435,-8.282687
2017-10-28 15:00:00,0.5061469,-6.2021065
2017-10-28 15:30:00,0.64782405,-4.900407
2017-10-28 16:00:00,1.7047806,-2.9222999
2017-10-28 16:30:00,3.1676269,-0.14331836
2017-10-28 17:00:00,3.9131727,2.6086843
2017-10-28 17:30:00,3.0056176,3.8414412
2017-10-28 18:00:00,3.2524862,4.276269
2017-10-28 18:30:00,1.8851777,4.3940873
2017-10-28 19:00:00,1.9594866,4.3842564
2017-10-28 19:30:00,1.7840859,4.3016806
2017-10-28 20:00:00,1.4266714,4.2757154
2017-10-28 20:30:00,1.658355,4.476441
2017-10-28 21:00:00,2.39699,4.2734656
2017-10-28 21:30:00,4.801763,4.183915
2017-10-28 22:00:00,3.392641,4.0196223
2017-10-28 22:30:00,2.0725381,4.0038757
2017-10-28 23:00:00,5.106625,4.027128
2017-10-28 23:30:00,6.6982923,4.088724
2017-10-29 00:00:00,1.7229687,4.4617643
2017-10-29 00:30:00,2.114118,4.5590997
2017-10-29 01:00:00,2.3382657,4.5656333
2017-10-29 01:30:00,2.8273983,4.501374
2017-10-29 02:00:00,3.6498945,4.3643236
2017-10-29 02:30:00,4.680132,4.856787
2017-10-29 03:00:00,8.459312,5.3950925
2017-10-29 03:30:00,4.0775595,6.34555
2017-10-29 04:00:00,6.425639,6.7072864
2017-10-29 04:30:00,4.0652833,6.7907743
2017-10-29 05:00:00,4.4437156,6.580188
2017-10-29 05:30:00,6.828164,7.0100384
2017-10-29 06:00:00,1.8990402,4.7936053
2017-10-29 06:30:00,4.928481,6.6253057
2017-10-29 07:00:00,6.428631,5.678232
2017-10-29 07:30:00,1.2461762,4.32985
2017-10-29 08:00:00,-0.37339294,0.94916296
2017-10-29 08:30:00,-1.9929621,-3.6581242
2017-10-29 09:00:00,-3.6125312,-7.244662
2017-10-29 09:30:00,-4.984942,-9.275233
2017-10-29 10:00:00,-3.8889825,-9.477459
2017-10-29 10:30:00,-0.16584727,-9.07681
2017-10-29 11:00:00,2.8827467,-9.670931
2017-10-29 11:30:00,5.4596987,-9.321788
2017-10-29 12:00:00,-3.6950357,-9.200687
2017-10-29 12:30:00,-3.6966558,-9.431259
2017-10-29 13:00:00,0.07570092,-8.714803
2017-10-29 13:30:00,13.252766,-9.314417
2017-10-29 14:00:00,-2.3364425,-7.5842724
2017-10-29 14:30:00,-2.9128158,-7.87982
2017-10-29 15:00:00,3.1311865,-6.383977
2017-10-29 15:30:00,1.6617838,-4.395516
2017-10-29 16:00:00,11.178888,-4.1244793
2017-10-29 16:30:00,3.46513,-3.079652
2017-10-29 17:00:00,12.927074,0.35147014
2017-10-29 17:30:00,13.823476,0.6157018
2017-10-29 18:00:00,14.250753,3.9513612
2017-10-29 18:30:00,13.834381,6.316868
2017-10-29 19:00:00,3.588084,6.069046
2017-10-29 19:30:00,5.032271,6.2343974
2017-10-29 20:00:00,5.3359537,6.190617
2017-10-29 20:30:00,4.528432,6.268449
2017-10-29 21:00:00,5.0425725,6.647601
2017-10-29 21:30:00,2.4554658,7.1083984
2017-10-29 22:00:00,1.7431238,7.0793886
2017-10-29 22:30:00,2.552232,7.325628
2017-10-29 23:00:00,2.0522022,7.742426
2017-10-29 23:30:00,4.500699,9.326358
2017-10-30 00:00:00,8.209242,10.819348
2017-10-30 00:30:00,5.594341,10.086509
2017-10-30 01:00:00,13.83686,10.939646
2017-10-30 01:30:00,9.930837,10.942415
2017-10-30 02:00:00,1.969065,9.066859
2017-10-30 02:30:00,6.615573,9.051776
2017-10-30 03:00:00,2.1906917,8.821686
2017-10-30 03:30:00,8.840243,9.626039
2017-10-30 04:00:00,2.4110937,9.116001
2017-10-30 04:30:00,2.301961,7.976435
2017-10-30 05:00:00,2.9204645,8.040423
2017-10-30 05:30:00,2.9657032,8.271644
2017-10-30 06:00:00,2.9509702,7.791094
2017-10-30 06:30:00,2.7719522,6.841077
2017-10-30 07:00:00,5.835682,7.1191826
2017-10-30 07:30:00,2.3846347,3.328148
2017-10-30 08:00:00,0.85521525,0.27287325
2017-10-30 08:30:00,-2.1778243,-3.8636992
2017-10-30 09:00:00,0.3801824,-6.358754
2017-10-30 09:30:00,-2.3515146,-7.3273883
2017-10-30 10:00:00,-5.2276506,-6.6636653
2017-10-30 10:30:00,-3.0641391,-8.369724
2017-10-30 11:00:00,-4.091046,-7.1207585
2017-10-30 11:30:00,-5.2887564,-7.3060427
2017-10-30 12:00:00,-6.657305,-5.969662
2017-10-30 12:30:00,-2.1939628,-6.4753323
2017-10-30 13:00:00,-3.452941,-5.7622895
2017-10-30 13:30:00,-4.9174194,-4.7732286
2017-10-30 14:00:00,-5.519291,-4.03927
2017-10-30 14:30:00,-5.2773657,-3.1850243
2017-10-30 15:00:00,-1.9532586,-3.3576896
2017-10-30 15:30:00,0.059001103,-1.1049066
2017-10-30 16:00:00,0.15205583,-0.12708955
2017-10-30 16:30:00,0.4244188,3.2720196
2017-10-30 17:00:00,0.31232807,5.020443
2017-10-30 17:30:00,-0.5870277,5.483716
2017-10-30 18:00:00,-1.4863836,5.801393
2017-10-30 18:30:00,-2.3857393,5.9793224
2017-10-30 19:00:00,1.880513,5.6985
2017-10-30 19:30:00,-0.045598812,6.054445
2017-10-30 20:00:00,0.26964408,6.2172756
2017-10-30 20:30:00,0.5848908,6.37355
2017-10-30 21:00:00,-0.06599881,6.244861
2017-10-30 21:30:00,2.81516,5.91166
2017-10-30 22:00:00,0.84024495,5.537173
2017-10-30 22:30:00,-1.13467,5.1463737
2017-10-30 23:00:00,-0.46893835,4.768262
2017-10-30 23:30:00,0.19678964,4.396126
2017-10-31 00:00:00,0.22071649,4.4576344
2017-10-31 00:30:00,1.1194657,4.3647833
2017-10-31 01:00:00,2.15294,4.82121
2017-10-31 01:30:00,1.9081249,4.616848
2017-10-31 02:00:00,1.6633061,4.31673
2017-10-31 02:30:00,1.418491,4.1296597
2017-10-31 03:00:00,1.173676,3.7853506
2017-10-31 03:30:00,0.9288572,3.5363455
2017-10-31 04:00:00,0.68404216,3.0256257
2017-10-31 04:30:00,0.4392233,2.7063549
2017-10-31 05:00:00,0.63656145,1.9606698
2017-10-31 05:30:00,2.6185,1.9265995
2017-10-31 06:00:00,-5.4415946,2.0442555
2017-10-31 06:30:00,-0.468132,2.1025505
2017-10-31 07:00:00,4.5053263,2.4416938
2017-10-31 07:30:00,9.4787855,-1.1341463
2017-10-31 08:00:00,20.969769,-1.1397493
2017-10-31 08:30:00,13.464709,-2.40233
2017-10-31 09:00:00,5.9596496,-2.3951442
2017-10-31 09:30:00,-1.5454131,-1.8366764
2017-10-31 10:00:00,-5.2578926,-2.9649613
2017-10-31 10:30:00,-5.637207,-3.314105
2017-10-31 11:00:00,-5.4230294,-3.65829
2017-10-31 11:30:00,-6.297347,-3.6778007
2017-10-31 12:00:00,-4.603435,-4.31288
2017-10-31 12:30:00,-6.572121,-4.247215
2017-10-31 13:00:00,-8.645912,-3.9473188
2017-10-31 13:30:00,-8.023343,-3.4420552
2017-10-31 14:00:00,-6.9129376,-4.4138966
2017-10-31 14:30:00,-10.309639,-4.0623226
2017-10-31 15:00:00,-3.2991197,-3.1102707
2017-10-31 15:30:00,-3.2912745,-2.8844352
2017-10-31 16:00:00,-1.8134505,-2.5153022
2017-10-31 16:30:00,1.0072469,-1.4537902
2017-10-31 17:00:00,1.0285097,0.049554706
2017-10-31 17:30:00,0.80578274,1.949931
2017-10-31 18:00:00,0.58305573,3.25246
2017-10-31 18:30:00,4.033229,1.254025
2017-10-31 19:00:00,2.2203045,1.1262631
2017-10-31 19:30:00,0.40737608,0.9756521
2017-10-31 20:00:00,3.2526333,0.78906786
2017-10-31 20:30:00,2.4331667,0.87464684
2017-10-31 21:00:00,2.8911493,0.8153346
2017-10-31 21:30:00,1.8861537,0.7686942
2017-10-31 22:00:00,0.72314274,0.9559718
2017-10-31 22:30:00,1.4035434,1.2803106
2017-10-31 23:00:00,0.77554446,1.4196215
2017-10-31 23:30:00,3.4335315,1.4713185
2017-11-01 00:00:00,1.7646655,1.758761
2017-11-01 00:30:00,1.6284369,1.6475897
2017-11-01 01:00:00,0.7404116,1.9424402
2017-11-01 01:30:00,1.2894782,1.5707752
2017-11-01 02:00:00,0.8842176,2.0885334
2017-11-01 02:30:00,0.47896072,1.66123
2017-11-01 03:00:00,0.07370011,1.955843
2017-11-01 03:30:00,0.07387343,1.8902043
2017-11-01 04:00:00,0.07405053,2.1088505
2017-11-01 04:30:00,0.07422386,2.530355
2017-11-01 05:00:00,0.074400954,2.6555321
2017-11-01 05:30:00,-0.26037908,2.8877203
2017-11-01 06:00:00,-0.4617113,2.8552177
2017-11-01 06:30:00,-0.66303974,2.2423172
2017-11-01 07:00:00,-4.948671,2.9814458
2017-11-01 07:30:00,7.7571855,0.37111655
2017-11-01 08:00:00,8.221069,0.9780297
2017-11-01 08:30:00,2.2741868,-1.7446127
2017-11-01 09:00:00,-3.6726952,-3.2267022
2017-11-01 09:30:00,-4.4432306,-3.6495106
2017-11-01 10:00:00,-6.369052,-4.506616
2017-11-01 10:30:00,-8.492532,-4.973913
2017-11-01 11:00:00,-8.687699,-5.318916
2017-11-01 11:30:00,-9.02997,-5.004532
2017-11-01 12:00:00,-6.5099983,-5.7188745
2017-11-01 12:30:00,-13.124356,-5.1345882
2017-11-01 13:00:00,-5.0099277,-4.847715
2017-11-01 13:30:00,-5.1620574,-4.7376776
2017-11-01 14:00:00,-6.14215,-4.7041497
2017-11-01 14:30:00,-3.6465225,-4.4285693
2017-11-01 15:00:00,-3.011308,-2.4019115
2017-11-01 15:30:00,-0.7198161,-1.9107819
2017-11-01 16:00:00,-1.0999591,-0.26146048
2017-11-01 16:30:00,-0.09260095,0.873686
2017-11-01 17:00:00,0.9147573,1.2627555
2017-11-01 17:30:00,1.6513351,3.0597112
2017-11-01 18:00:00,2.5078223,3.0306861
2017-11-01 18:30:00,3.7707531,2.748082
2017-11-01 19:00:00,1.2954279,2.8630815
2017-11-01 19:30:00,0.67038685,3.1778798
2017-11-01 20:00:00,1.377804,2.9734237
2017-11-01 20:30:00,0.7071551,2.8284686
2017-11-01 21:00:00,1.1565014,2.8513026
2017-11-01 21:30:00,1.6058477,2.706547
2017-11-01 22:00:00,2.1852996,2.6042984
2017-11-01 22:30:00,0.52187085,2.3829656
2017-11-01 23:00:00,0.5125865,2.2182584
2017-11-01 23:30:00,0.5029592,2.1569793
2017-11-02 00:00:00,1.3857809,2.2229269
2017-11-02 00:30:00,0.8741231,2.1373856
2017-11-02 01:00:00,0.29259503,1.9711637
2017-11-02 01:30:00,0.74454504,1.8520005
2017-11-02 02:00:00,0.31105825,1.8995264
2017-11-02 02:30:00,0.17594501,1.8834784
2017-11-02 03:00:00,0.2791583,1.9537328
2017-11-02 03:30:00,0.38236782,1.7808981
2017-11-02 04:00:00,0.7447372,1.9315468
2017-11-02 04:30:00,1.3666998,1.8804791
2017-11-02 05:00:00,0.4288726,2.065247
2017-11-02 05:30:00,0.66190886,1.7802538
2017-11-02 06:00:00,0.8949489,1.7122375
2017-11-02 06:30:00,1.1698289,1.7489642
2017-11-02 07:00:00,1.4447088,1.1991553
2017-11-02 07:30:00,1.7195926,1.2991544
2017-11-02 08:00:00,11.459032,1.6761814
2017-11-02 08:30:00,-2.006723,-1.8779398
2017-11-02 09:00:00,4.101735,-3.2699666
2017-11-02 09:30:00,-4.4187913,-4.6049457
2017-11-02 10:00:00,-4.63876,-5.7653003
2017-11-02 10:30:00,-4.8587327,-6.4249167
2017-11-02 11:00:00,-5.746709,-7.0274324
2017-11-02 11:30:00,-7.9159284,-7.629639
2017-11-02 12:00:00,-8.457956,-6.955136
2017-11-02 12:30:00,-3.944587,-6.8936567
2017-11-02 13:00:00,-3.4244435,-7.301506
2017-11-02 13:30:00,-3.4125216,-7.114707
2017-11-02 14:00:00,-1.1401601,-5.4337306
2017-11-02 14:30:00,-3.7704108,-4.5613837
2017-11-02 15:00:00,-1.7318692,-3.6789124
2017-11-02 15:30:00,-0.1666461,-2.0178912
2017-11-02 16:00:00,0.8456332,-1.1265726
2017-11-02 16:30:00,1.9470824,0.58183116
2017-11-02 17:00:00,2.1202939,0.96716654
2017-11-02 17:30:00,2.2935054,3.0167181
2017-11-02 18:00:00,2.466717,5.3126144
2017-11-02 18:30:00,2.6399286,6.1712117
2017-11-02 19:00:00,2.8131402,6.602381
2017-11-02 19:30:00,2.986352,6.877404
2017-11-02 20:00:00,3.1595635,7.324045
2017-11-02 20:30:00,3.332775,4.8678465
2017-11-02 21:00:00,2.7625473,3.1911168
2017-11-02 21:30:00,2.1923156,3.3688877
2017-11-02 22:00:00,1.6220878,3.477881
2017-11-02 22:30:00,1.0518563,3.050231
2017-11-02 23:00:00,0.48162848,2.5060816
2017-11-02 23:30:00,-0.088603094,2.178992
2017-11-03 00:00:00,-0.6588309,1.9957161
2017-11-03 00:30:00,-1.2290624,1.8809538
2017-11-03 01:00:00,-1.7992902,1.7223357
2017-11-03 01:30:00,-2.3695219,2.3112302
2017-11-03 02:00:00,1.0180535,0.84968
2017-11-03 02:30:00,-1.9266,1.7221097
2017-11-03 03:00:00,-0.5867941,1.4612768
2017-11-03 03:30:00,0.3042231,1.2728726
2017-11-03 04:00:00,1.1952404,1.2484559
2017-11-03 04:30:00,-1.1056904,1.3336581
2017-11-03 05:00:00,5.365936,1.566668
2017-11-03 05:30:00,11.837559,1.8199159
2017-11-03 06:00:00,17.664131,2.0105808
2017-11-03 06:30:00,3.002396,2.3134534
2017-11-03 07:00:00,0.8662367,1.6753901
2017-11-03 07:30:00,3.269985,0.9391627
2017-11-03 08:00:00,10.8163,0.9674567
2017-11-03 08:30:00,18.362616,-0.5689639
2017-11-03 09:00:00,10.926461,-1.1166176
2017-11-03 09:30:00,-4.1117926,-1.9892507
2017-11-03 10:00:00,-1.9403795,-1.863271
2017-11-03 10:30:00,2.2095203,-2.90219
2017-11-03 11:00:00,3.5302186,-3.3398142
2017-11-03 11:30:00,2.4381971,-2.8599243
2017-11-03 12:00:00,1.3461716,-2.3204172
2017-11-03 12:30:00,-0.08139866,-2.133976
2017-11-03 13:00:00,3.5902166,-2.113041
2017-11-03 13:30:00,0.65799767,-1.3139255
2017-11-03 14:00:00,4.5739155,-1.1278876
2017-11-03 14:30:00,5.692117,-0.5187589
2017-11-03 15:00:00,6.8103228,-0.8117894
2017-11-03 15:30:00,9.254114,-0.42315704
2017-11-03 16:00:00,6.1124835,-0.21861446
2017-11-03 16:30:00,9.25451,0.5197683
2017-11-03 17:00:00,5.1076236,0.6922451
2017-11-03 17:30:00,7.411075,0.5905428
2017-11-03 18:00:00,7.9971967,0.75061154
2017-11-03 18:30:00,6.7000856,1.3499849
2017-11-03 19:00:00,1.3994701,1.6696815
2017-11-03 19:30:00,2.471902,1.7102292
2017-11-03 20:00:00,3.5890448,1.5558237
2017-11-03 20:30:00,3.1198676,1.2916523
2017-11-03 21:00:00,3.3100803,1.3247392
2017-11-03 21:30:00,6.6077394,1.2559316
2017-11-03 22:00:00,0.9606328,0.9769671
2017-11-03 22:30:00,2.1798887,0.919407
2017-11-03 23:00:00,2.342727,0.86241966
2017-11-03 23:30:00,4.3339987,0.7505814
2017-11-04 00:00:00,7.8376174,0.6591318
2017-11-04 00:30:00,10.58112,0.56439656
2017-11-04 01:00:00,8.562541,-0.6066138
2017-11-04 01:30:00,6.543958,-0.040037233
2017-11-04 02:00:00,4.877986,-0.41022146
2017-11-04 02:30:00,-1.6700325,-0.36394277
2017-11-04 03:00:00,-8.218051,-0.17182711
2017-11-04 03:30:00,-14.766069,-0.51088756
2017-11-04 04:00:00,1.3026135,-0.22424011
2017-11-04 04:30:00,1.7821679,-0.40395904
2017-11-04 05:00:00,2.5417457,-0.050286215
2017-11-04 05:30:00,1.6298085,1.075022
2017-11-04 06:00:00,5.0060267,1.8974802
2017-11-04 06:30:00,2.5647457,1.6982242
2017-11-04 07:00:00,2.0047855,1.1465124
2017-11-04 07:30:00,3.0433807,-0.0071236775
2017-11-04 08:00:00,2.3118255,-1.0036715
2017-11-04 08:30:00,1.5802667,-2.0457518
2017-11-04 09:00:00,0.65476847,-2.9572217
2017-11-04 09:30:00,5.517097,-3.8651385
2017-11-04 10:00:00,-0.351855,-4.5225883
2017-11-04 10:30:00,0.16906463,-4.3088517
2017-11-04 11:00:00,3.082519,-4.2644196
2017-11-04 11:30:00,0.14159207,-3.9360526
2017-11-04 12:00:00,-0.14510816,-3.852674
2017-11-04 12:30:00,2.308035,-4.3519163
2017-11-04 13:00:00,1.4499389,-3.7538316
2017-11-04 13:30:00,7.974476,-3.4858282
2017-11-04 14:00:00,1.8120558,-2.9081323
2017-11-04 14:30:00,11.013164,-2.319023
2017-11-04 15:00:00,7.841061,-2.0448098
2017-11-04 15:30:00,4.6689596,-0.035244323
2017-11-04 16:00:00,4.7467575,-0.25518677
2017-11-04 16:30:00,4.0391746,2.1415267
2017-11-04 17:00:00,4.766634,3.0694401
2017-11-04 17:30:00,5.4940968,3.1918628
2017-11-04 18:00:00,6.22156,3.9475255
2017-11-04 18:30:00,6.9490194,4.2508426
2017-11-04 19:00:00,3.7138677,3.9787357
2017-11-04 19:30:00,0.47871202,3.9778428
2017-11-04 20:00:00,3.2172253,4.5885577
2017-11-04 20:30:00,5.955738,4.7160106
2017-11-04 21:00:00,8.694248,4.504064
2017-11-04 21:30:00,-0.17677073,4.792343
2017-11-04 22:00:00,-1.4751134,4.735246
2017-11-04 22:30:00,-0.3602539,4.5584025
2017-11-04 23:00:00,-1.4900309,4.4407277
2017-11-04 23:30:00,-0.3382789,4.33398
2017-11-05 00:00:00,0.8134732,4.4487834
2017-11-05 00:30:00,1.965229,4.8213716
2017-11-05 01:00:00,1.1841699,3.4494061
2017-11-05 01:30:00,1.4057665,4.5386467
2017-11-05 02:00:00,0.44771263,4.2094774
2017-11-05 02:30:00,1.5001702,4.1679955
2017-11-05 03:00:00,1.5819058,4.3551145
2017-11-05 03:30:00,1.2996707,4.558391
2017-11-05 04:00:00,1.0174392,4.4327054
2017-11-05 04:30:00,0.73520416,4.240661
2017-11-05 05:00:00,0.107713915,3.8603
2017-11-05 05:30:00,-0.5197763,3.601321
2017-11-05 06:00:00,3.199587,3.8713288
2017-11-05 06:30:00,-0.47936442,3.8304121
2017-11-05 07:00:00,7.4287996,3.181629
2017-11-05 07:30:00,15.336972,2.1488066
2017-11-05 08:00:00,4.980536,1.7379278
2017-11-05 08:30:00,1.3878459,-0.7818601
2017-11-05 09:00:00,-2.2048485,-1.9955018
2017-11-05 09:30:00,0.734119,-1.5931048
2017-11-05 10:00:00,-0.76853645,-1.6717582
2017-11-05 10:30:00,-2.2711918,-1.6484343
2017-11-05 11:00:00,-3.7738473,-1.5401077
2017-11-05 11:30:00,-5.770402,-1.3049991
2017-11-05 12:00:00,-1.4544911,-1.1544144
2017-11-05 12:30:00,8.163158,-0.5605725
2017-11-05 13:00:00,6.6240625,-0.35291007
2017-11-05 13:30:00,10.489851,-0.43556133
2017-11-05 14:00:00,0.4047385,-0.035526924
2017-11-05 14:30:00,-2.6632154,0.19212107
2017-11-05 15:00:00,0.0824984,0.4489636
2017-11-05 15:30:00,-5.3791246,0.7789357
2017-11-05 16:00:00,-1.7631588,0.72437114
2017-11-05 16:30:00,1.8528105,1.2654045
2017-11-05 17:00:00,1.7218949,2.6184738
2017-11-05 17:30:00,1.364876,2.7247617
2017-11-05 18:00:00,1.1218508,2.8599315
2017-11-05 18:30:00,0.9359297,3.3445501
2017-11-05 19:00:00,1.1571156,2.9603977
2017-11-05 19:30:00,0.5868991,3.108081
2017-11-05 20:00:00,0.8867384,2.9848485
2017-11-05 20:30:00,0.8207342,2.8713334
2017-11-05 21:00:00,1.0106645,3.1498156
2017-11-05 21:30:00,0.6113422,2.889563
2017-11-05 22:00:00,1.0258344,2.8017986
2017-11-05 22:30:00,1.0595543,2.4950752
2017-11-05 23:00:00,1.0932742,2.313815
2017-11-05 23:30:00,0.83527493,2.0255096
2017-11-06 00:00:00,0.84243035,2.0352461
2017-11-06 00:30:00,0.8495821,2.0591204
2017-11-06 01:00:00,0.9002693,1.6778204
2017-11-06 01:30:00,0.6382646,1.9568264
2017-11-06 02:00:00,0.685376,1.9203748
2017-11-06 02:30:00,0.22405495,1.7231609
2017-11-06 03:00:00,0.25093967,1.8490049
2017-11-06 03:30:00,0.27782065,1.7209905
2017-11-06 04:00:00,0.18945709,1.8005935
2017-11-06 04:30:00,0.058699664,1.8036681
2017-11-06 05:00:00,0.3482146,1.7111183
2017-11-06 05:30:00,0.6377258,1.5700403
2017-11-06 06:00:00,2.652691,1.4055215
2017-11-06 06:30:00,4.6676598,1.1900895
2017-11-06 07:00:00,4.571436,1.0121038
2017-11-06 07:30:00,4.475216,1.1695576
2017-11-06 08:00:00,4.3789964,0.748931
2017-11-06 08:30:00,2.0327857,-0.0349881
2017-11-06 09:00:00,-0.3134251,-0.48218668
2017-11-06 09:30:00,-5.3645687,-0.53305095
2017-11-06 10:00:00,-1.966296,-1.3813088
2017-11-06 10:30:00,-3.106141,-0.8069513
2017-11-06 11:00:00,-4.7487106,-1.5720793
2017-11-06 11:30:00,-1.3185753,-2.105226
2017-11-06 12:00:00,-4.1947794,-1.6581783
2017-11-06 12:30:00,-5.7978783,-2.2572389
2017-11-06 13:00:00,-4.110425,-2.419365
2017-11-06 13:30:00,-2.4229748,-1.3025876
2017-11-06 14:00:00,-3.2050323,-2.0704663
2017-11-06 14:30:00,-4.3406386,-0.73886335
2017-11-06 15:00:00,-1.1077702,-0.2287278
2017-11-06 15:30:00,2.1250982,-0.15181145
2017-11-06 16:00:00,2.0298994,0.015710454
2017-11-06 16:30:00,1.9125674,0.70963067
2017-11-06 17:00:00,0.41231972,2.0595424
2017-11-06 17:30:00,0.53154707,2.1715953
2017-11-06 18:00:00,0.17971301,2.3246105
2017-11-06 18:30:00,0.62359196,2.3195312
2017-11-06 19:00:00,0.25242805,2.1844819
2017-11-06 19:30:00,-0.38232315,2.0954213
2017-11-06 20:00:00,0.82931393,1.9231179
2017-11-06 20:30:00,0.4044898,1.7522763
2017-11-06 21:00:00,0.14893216,1.6665767
2017-11-06 21:30:00,-0.106625475,1.5183245
2017-11-06 22:00:00,-0.36218312,1.4084833
2017-11-06 22:30:00,-0.03239948,1.3429198
2017-11-06 23:00:00,1.9615666,1.121749
2017-11-06 23:30:00,2.387099,1.1595384
2017-11-07 00:00:00,1.7049049,0.7013072
2017-11-07 00:30:00,2.2996588,0.9448637
2017-11-07 01:00:00,2.8944125,0.49942857
2017-11-07 01:30:00,3.0884273,0.9616464
2017-11-07 02:00:00,0.78868353,1.0021487
2017-11-07 02:30:00,2.5998409,0.9559831
2017-11-07 03:00:00,4.4110017,0.9058761
2017-11-07 03:30:00,3.5170155,1.0492903
2017-11-07 04:00:00,2.6230292,0.87023073
2017-11-07 04:30:00,-4.7412724,0.8114875
2017-11-07 05:00:00,-7.147613,0.7106066
2017-11-07 05:30:00,-5.3054075,0.73299235
2017-11-07 06:00:00,-3.4632013,0.8224298
2017-11-07 06:30:00,-1.6209918,1.00843
2017-11-07 07:00:00,0.22121386,1.0455863
2017-11-07 07:30:00,2.0634196,1.1294094
2017-11-07 08:00:00,5.158311,1.0530696
2017-11-07 08:30:00,3.783734,0.4059254
2017-11-07 09:00:00,2.4091532,0.39276752
2017-11-07 09:30:00,1.0345762,-0.08389685
2017-11-07 10:00:00,-0.34000462,-0.2629903
2017-11-07 10:30:00,0.3795418,-0.7812572
2017-11-07 11:00:00,1.9805046,-1.4068371
2017-11-07 11:30:00,1.4736773,-0.78557914
2017-11-07 12:00:00,0.96685004,0.04193956
2017-11-07 12:30:00,1.2778728,-0.8381014
2017-11-07 13:00:00,0.8897264,-1.0650674
2017-11-07 13:30:00,-0.3660755,-1.8764855
2017-11-07 14:00:00,-1.4000999,-1.0558697
2017-11-07 14:30:00,-0.05255079,-0.50958383
2017-11-07 15:00:00,1.2949983,-0.25765857
2017-11-07 15:30:00,3.846479,-0.039799847
2017-11-07 16:00:00,-0.10009929,0.18458128
2017-11-07 16:30:00,-0.8548879,1.2014048
2017-11-07 17:00:00,0.183059,1.7060806
2017-11-07 17:30:00,0.51482844,1.8585229
2017-11-07 18:00:00,0.20347784,1.7766101
2017-11-07 18:30:00,2.4027326,1.9825996
2017-11-07 19:00:00,-3.0983753,2.251839
2017-11-07 19:30:00,-3.4173222,2.1785398
2017-11-07 20:00:00,-2.035484,2.2466505
2017-11-07 20:30:00,-3.1251395,2.1695304
2017-11-07 21:00:00,-4.214795,1.8568009
2017-11-07 21:30:00,0.30551174,1.6152414
2017-11-07 22:00:00,-5.764897,1.28828
2017-11-07 22:30:00,0.01910166,1.1251705
2017-11-07 23:00:00,0.021098707,1.2214129
2017-11-07 23:30:00,-0.69808596,1.3858978
2017-11-08 00:00:00,-1.417267,1.4484543
2017-11-08 00:30:00,-0.83173347,1.6141751
2017-11-08 01:00:00,-0.24619628,1.5192288
2017-11-08 01:30:00,-0.7097593,1.5173712
2017-11-08 02:00:00,-0.10560058,1.5294664
2017-11-08 02:30:00,-0.6849658,1.5278575
2017-11-08 03:00:00,-1.3595184,1.5392784
2017-11-08 03:30:00,2.7857356,1.590787
2017-11-08 04:00:00,6.9309893,1.6095215
2017-11-08 04:30:00,5.668013,1.6629368
2017-11-08 05:00:00,4.075374,1.2829784
2017-11-08 05:30:00,4.224312,1.4429868
2017-11-08 06:00:00,4.266092,1.4487029
2017-11-08 06:30:00,5.170474,1.5187992
2017-11-08 07:00:00,4.5563903,1.4076279
2017-11-08 07:30:00,1.6123099,0.8295739
2017-11-08 08:00:00,11.136856,0.52554464
2017-11-08 08:30:00,12.343241,-0.38990813
2017-11-08 09:00:00,8.7473545,-1.3724201
2017-11-08 09:30:00,5.151472,-1.5583675
2017-11-08 10:00:00,3.6966214,-1.5391997
2017-11-08 10:30:00,6.5247526,-1.2586412
2017-11-08 11:00:00,4.5701547,-0.89981765
2017-11-08 11:30:00,3.2651656,-1.1074914
2017-11-08 12:00:00,2.791248,-1.2512937
2017-11-08 12:30:00,4.221908,-1.2381998
2017-11-08 13:00:00,1.7420914,-1.2263231
2017-11-08 13:30:00,4.141152,-1.0060905
2017-11-08 14:00:00,6.4688883,-0.8809399
2017-11-08 14:30:00,3.563087,-0.7676547
2017-11-08 15:00:00,1.0884888,-0.50644505
2017-11-08 15:30:00,0.99274755,-0.05180472
2017-11-08 16:00:00,1.1189607,0.23219761
2017-11-08 16:30:00,1.0647618,0.38331735
2017-11-08 17:00:00,2.222795,0.55823964
2017-11-08 17:30:00,1.9157175,0.69743365
2017-11-08 18:00:00,1.6086437,0.7107799
2017-11-08 18:30:00,1.3015697,0.841933
2017-11-08 19:00:00,1.7849035,0.84539956
2017-11-08 19:30:00,2.2682374,0.6475603
2017-11-08 20:00:00,2.8716197,0.5781385
2017-11-08 20:30:00,2.357897,0.5473652
2017-11-08 21:00:00,2.1143255,0.50600374
2017-11-08 21:30:00,1.6045591,0.35738215
2017-11-08 22:00:00,-15.589093,0.5520714
2017-11-08 22:30:00,-0.96231,0.34372312
2017-11-08 23:00:00,0.5164675,0.13065355
2017-11-08 23:30:00,0.05260679,0.033197783
2017-11-09 00:00:00,-0.4112539,0.14988923
2017-11-09 00:30:00,-0.87511456,-0.26202568
2017-11-09 01:00:00,-0.19148481,-0.30382797
2017-11-09 01:30:00,-6.66764,-0.33068633
2017-11-09 02:00:00,-2.008407,-0.29189846
2017-11-09 02:30:00,1.6430079,-0.1728407
2017-11-09 03:00:00,5.294419,-0.5296221
2017-11-09 03:30:00,-5.062005,-0.20132685
2017-11-09 04:00:00,-4.728047,0.095351085
2017-11-09 04:30:00,-4.3940883,0.10210712
2017-11-09 05:00:00,-4.0601296,-0.066492416
2017-11-09 05:30:00,-3.7261705,0.003065017
2017-11-09 06:00:00,-3.3879654,0.11490328
2017-11-09 06:30:00,-3.0497642,0.38623002
2017-11-09 07:00:00,-2.7115629,0.06199667
2017-11-09 07:30:00,-2.3733613,-0.5318377
2017-11-09 08:00:00,-2.03516,-0.77311456
2017-11-09 08:30:00,-1.6969587,-1.0327303
2017-11-09 09:00:00,-1.3587573,-2.3223615
2017-11-09 09:30:00,-1.0205522,-2.6303847
2017-11-09 10:00:00,-0.68235075,-2.6629026
2017-11-09 10:30:00,-0.04079837,-1.8190157
2017-11-09 11:00:00,1.2561389,-2.263004
2017-11-09 11:30:00,0.72135293,-2.1969922
2017-11-09 12:00:00,0.8663346,-1.3446687
2017-11-09 12:30:00,0.8322492,-1.0929431
2017-11-09 13:00:00,-0.43530133,-0.8318503
2017-11-09 13:30:00,0.43321708,-0.57860994
2017-11-09 14:00:00,8.058909,-0.32188803
2017-11-09 14:30:00,1.5628774,-0.1030308
2017-11-09 15:00:00,2.1782534,0.102845654
2017-11-09 15:30:00,6.0778217,0.40650567
2017-11-09 16:00:00,4.2899885,0.57584375
2017-11-09 16:30:00,2.3108346,0.80237645
2017-11-09 17:00:00,3.286327,0.9800079
2017-11-09 17:30:00,4.4668813,1.0741591
2017-11-09 18:00:00,4.0349092,0.9972541
2017-11-09 18:30:00,4.2947435,0.9169428
2017-11-09 19:00:00,1.766022,0.9149909
2017-11-09 19:30:00,3.734991,0.9866396
2017-11-09 20:00:00,1.6637055,1.0642831
2017-11-09 20:30:00,3.3875506,1.1638867
2017-11-09 21:00:00,3.1525023,1.3264197
2017-11-09 21:30:00,3.223597,1.3908942
2017-11-09 22:00:00,-2.3721857,0.7189452
2017-11-09 22:30:00,-7.593941,0.6078794
2017-11-09 23:00:00,-12.815696,0.4383755
2017-11-09 23:30:00,-9.525523,-0.09038913
2017-11-10 00:00:00,-6.2353554,1.2402078
2017-11-10 00:30:00,-2.945183,1.0732285
2017-11-10 01:00:00,0.34498918,0.77028054
2017-11-10 01:30:00,3.6351614,0.9882975
2017-11-10 02:00:00,6.9253335,0.32703462
2017-11-10 02:30:00,3.105877,0.9899065
2017-11-10 03:00:00,-0.71358,0.16525517
2017-11-10 03:30:00,13.233576,0.09902112
2017-11-10 04:00:00,12.1625,0.46682018
2017-11-10 04:30:00,11.091425,0.28031886
2017-11-10 05:00:00,10.0203495,0.25394654
2017-11-10 05:30:00,15.540452,0.21769454
2017-11-10 06:00:00,0.2712756,0.100543395
2017-11-10 06:30:00,-0.23516355,0.2143787
2017-11-10 07:00:00,-0.7416027,-0.072257474
2017-11-10 07:30:00,-1.2480457,-0.41496915
2017-11-10 08:00:00,-1.7544849,-0.97202396
2017-11-10 08:30:00,-2.260924,-1.401965
2017-11-10 09:00:00,-2.7673633,-2.0387397
2017-11-10 09:30:00,-3.273806,-2.1605933
2017-11-10 10:00:00,-1.6506386,-2.2673974
2017-11-10 10:30:00,-0.90358937,-2.417658
2017-11-10 11:00:00,1.5529524,-2.239145
2017-11-10 11:30:00,1.9595771,-2.2992673
2017-11-10 12:00:00,1.869175,-1.9741145
2017-11-10 12:30:00,2.7438805,-1.7646321
2017-11-10 13:00:00,2.929112,-1.3149467
2017-11-10 13:30:00,3.1143398,-1.5861189
2017-11-10 14:00:00,3.9897196,-0.828184
2017-11-10 14:30:00,6.912304,-0.8097848
2017-11-10 15:00:00,7.565262,-0.3807255
2017-11-10 15:30:00,8.218221,0.39256406
2017-11-10 16:00:00,16.751602,-0.01973897
2017-11-10 16:30:00,11.431925,1.1094427
2017-11-10 17:00:00,6.11225,1.3671933
2017-11-10 17:30:00,5.357303,1.5586158
2017-11-10 18:00:00,11.105981,1.6582344
2017-11-10 18:30:00,6.122337,1.9580058
2017-11-10 19:00:00,3.7397501,2.2658558
2017-11-10 19:30:00,1.357163,2.466442
2017-11-10 20:00:00,1.096884,2.6679401
2017-11-10 20:30:00,1.8393211,2.6836865
2017-11-10 21:00:00,-0.93301,2.7676265
2017-11-10 21:30:00,2.4257212,2.7585795
2017-11-10 22:00:00,5.1611595,2.7466085
2017-11-10 22:30:00,0.7873948,2.144428
2017-11-10 23:00:00,-2.7742171,2.9982815
2017-11-10 23:30:00,-0.0933018,2.6592886
2017-11-11 00:00:00,2.6912942,2.9185617
2017-11-11 00:30:00,1.4293957,3.1521142
2017-11-11 01:00:00,2.3117464,3.0718894
2017-11-11 01:30:00,0.5481979,2.5043142
2017-11-11 02:00:00,-0.36955336,2.8523653
2017-11-11 02:30:00,1.3749177,2.5332904
2017-11-11 03:00:00,1.6938157,2.7861462
2017-11-11 03:30:00,0.52718747,3.5389113
2017-11-11 04:00:00,-0.038100477,3.7188828
2017-11-11 04:30:00,1.3319625,4.106019
2017-11-11 05:00:00,1.3307455,4.1555834
2017-11-11 05:30:00,1.864043,4.6978865
2017-11-11 06:00:00,1.9858966,4.6861606
2017-11-11 06:30:00,2.1077464,4.0772467
2017-11-11 07:00:00,2.955654,3.8515809
2017-11-11 07:30:00,0.18351494,2.8800073
2017-11-11 08:00:00,1.7984645,0.9111702
2017-11-11 08:30:00,3.4049172,-0.49736795
2017-11-11 09:00:00,7.1725373,-2.2872736
2017-11-11 09:30:00,10.940155,-2.2214127
2017-11-11 10:00:00,7.1254826,-2.4917786
2017-11-11 10:30:00,3.3108113,-3.2682598
2017-11-11 11:00:00,4.258337,-3.5557587
2017-11-11 11:30:00,3.3344593,-3.7948916
2017-11-11 12:00:00,5.080321,-3.7278361
2017-11-11 12:30:00,3.5728047,-3.6089365
2017-11-11 13:00:00,2.8796682,-3.3187585
2017-11-11 13:30:00,2.6283722,-2.5792003
2017-11-11 14:00:00,1.5665889,-2.7640512
2017-11-11 14:30:00,-0.23208132,-2.1189115
2017-11-11 15:00:00,2.1698847,-1.0220895
2017-11-11 15:30:00,2.355184,-0.37017506
2017-11-11 16:00:00,5.6006866,1.1540146
2017-11-11 16:30:00,3.6395211,3.3999887
2017-11-11 17:00:00,3.794032,4.023021
2017-11-11 17:30:00,2.4477828,4.499482
2017-11-11 18:00:00,1.1015338,5.137199
2017-11-11 18:30:00,1.5628096,5.706605
2017-11-11 19:00:00,2.0240853,5.9072328
2017-11-11 19:30:00,0.8017472,5.9785085
2017-11-11 20:00:00,0.8855402,5.937712
2017-11-11 20:30:00,1.4308878,5.953037
2017-11-11 21:00:00,1.5068735,5.5657115
2017-11-11 21:30:00,3.350217,5.7449408
2017-11-11 22:00:00,2.472064,5.537644
2017-11-11 22:30:00,0.44548574,5.314359
2017-11-11 23:00:00,-0.012300922,5.465897
2017-11-11 23:30:00,-1.6249256,5.5212793
2017-11-12 00:00:00,3.7104914,5.3443675
2017-11-12 00:30:00,0.015299741,5.280255
2017-11-12 01:00:00,2.8780406,5.0430927
2017-11-12 01:30:00,1.6544362,2.4786503
2017-11-12 02:00:00,1.0281216,5.33497
2017-11-12 02:30:00,4.8613577,5.6738424
2017-11-12 03:00:00,3.6683688,4.6486764
2017-11-12 03:30:00,2.4753797,4.9832115
2017-11-12 04:00:00,1.2823868,4.8970146
2017-11-12 04:30:00,1.4592308,4.993344
2017-11-12 05:00:00,1.137066,4.942713
2017-11-12 05:30:00,0.8149051,4.9892592
2017-11-12 06:00:00,0.49274033,4.692958
2017-11-12 06:30:00,0.17057936,4.6019077
2017-11-12 07:00:00,6.490121,4.3158145
2017-11-12 07:30:00,2.2535985,3.8064063
2017-11-12 08:00:00,-0.43243012,2.4395497
2017-11-12 08:30:00,-3.1184626,1.7966597
2017-11-12 09:00:00,-3.8774788,1.8021045
2017-11-12 09:30:00,-1.5412909,1.0780213
2017-11-12 10:00:00,-0.5552031,0.971545
2017-11-12 10:30:00,-0.3825831,0.77765834
2017-11-12 11:00:00,-1.5161997,0.45525616
2017-11-12 11:30:00,3.483499,0.5812961
2017-11-12 12:00:00,8.483198,0.2697232
2017-11-12 12:30:00,-0.18914111,0.27340454
2017-11-12 13:00:00,0.4229568,0.94678915
2017-11-12 13:30:00,10.222865,1.2976586
2017-11-12 14:00:00,2.8737977,1.4949515
2017-11-12 14:30:00,7.631021,2.2525246
2017-11-12 15:00:00,4.3949614,1.9995179
2017-11-12 15:30:00,1.1589054,1.7595637
2017-11-12 16:00:00,2.6975152,1.8378063
2017-11-12 16:30:00,1.1569347,2.0815814
2017-11-12 17:00:00,0.43450576,2.6647372
2017-11-12 17:30:00,1.671607,3.2034192
2017-11-12 18:00:00,2.53924,3.41855
2017-11-12 18:30:00,5.4485116,3.3717852
2017-11-12 19:00:00,1.6087981,3.2714996
2017-11-12 19:30:00,1.6291642,3.1651702
2017-11-12 20:00:00,1.0961492,2.9739966
2017-11-12 20:30:00,1.060647,2.720451
2017-11-12 21:00:00,0.065500915,2.3970015
2017-11-12 21:30:00,1.3879325,2.4701798
2017-11-12 22:00:00,-0.83519626,2.749574
2017-11-12 22:30:00,-0.09469973,2.714622
2017-11-12 23:00:00,-0.35974145,2.286968
2017-11-12 23:30:00,-2.7741117,2.1723979
2017-11-13 00:00:00,-0.05629996,2.584961
2017-11-13 00:30:00,1.8206732,2.1246986
2017-11-13 01:00:00,2.1654122,2.750727
2017-11-13 01:30:00,1.0770756,2.068239
2017-11-13 02:00:00,-1.6591278,2.1982164
2017-11-13 02:30:00,-4.3953314,2.2493105
2017-11-13 03:00:00,2.904616,2.3154013
2017-11-13 03:30:00,0.38277853,2.2342272
2017-11-13 04:00:00,-2.139059,2.222878
2017-11-13 04:30:00,2.8710847,2.1862416
2017-11-13 05:00:00,7.8812284,2.1592627
2017-11-13 05:30:00,1.6059005,2.23272
2017-11-13 06:00:00,0.87485784,2.2034426
2017-11-13 06:30:00,4.0335417,2.1691048
2017-11-13 07:00:00,7.1922293,2.230184
2017-11-13 07:30:00,10.350913,2.0180943
2017-11-13 08:00:00,1.9900867,1.4704858
2017-11-13 08:30:00,3.4135687,1.3304591
2017-11-13 09:00:00,1.9823283,1.0245646
2017-11-13 09:30:00,0.5510842,0.0023980795
2017-11-13 10:00:00,-0.8801599,-0.75541246
2017-11-13 10:30:00,-1.9745667,-1.316729
2017-11-13 11:00:00,-1.2654124,-1.9275758
2017-11-13 11:30:00,8.390904,-1.3384703
2017-11-13 12:00:00,6.780269,-1.786317
2017-11-13 12:30:00,5.16963,-0.9019277
2017-11-13 13:00:00,3.558995,-1.0505756
2017-11-13 13:30:00,3.3087993,-0.70030534
2017-11-13 14:00:00,3.4157088,-0.009229994
2017-11-13 14:30:00,3.6902423,0.26084954
2017-11-13 15:00:00,2.663185,0.3861961
2017-11-13 15:30:00,1.6361275,1.1407173
2017-11-13 16:00:00,0.8372079,1.5381216
2017-11-13 16:30:00,-0.2670409,1.6588485
2017-11-13 17:00:00,0.7692745,1.8746839
2017-11-13 17:30:00,0.63752234,2.1013408
2017-11-13 18:00:00,0.5057739,2.014409
2017-11-13 18:30:00,0.37402168,2.229163
2017-11-13 19:00:00,0.49157602,2.3776865
2017-11-13 19:30:00,-1.8576642,2.5906732
2017-11-13 20:00:00,-1.6825159,2.521308
2017-11-13 20:30:00,-1.5073713,2.392849
2017-11-13 21:00:00,4.4326754,2.2880118
2017-11-13 21:30:00,-1.1826217,2.1967053
2017-11-13 22:00:00,-13.893463,2.0861595
2017-11-13 22:30:00,-8.9700775,2.1491568
2017-11-13 23:00:00,-5.09221,2.1489043
2017-11-13 23:30:00,-1.2143408,2.330628
2017-11-14 00:00:00,2.6635277,2.045518
2017-11-14 00:30:00,-5.753627,1.8977779
2017-11-14 01:00:00,-4.9096384,2.8937192
2017-11-14 01:30:00,-4.0656495,2.889774
2017-11-14 02:00:00,-3.2216606,3.2469888
2017-11-14 02:30:00,-2.3776681,3.5570695
2017-11-14 03:00:00,1.9768609,3.2985013
2017-11-14 03:30:00,6.33139,4.057932
2017-11-14 04:00:00,10.685924,4.5101004
2017-11-14 04:30:00,15.040452,4.1047115
2017-11-14 05:00:00,19.394981,3.451211
2017-11-14 05:30:00,25.039263,3.284356
2017-11-14 06:00:00,5.988569,3.3629115
2017-11-14 06:30:00,-0.21342969,4.3878436
2017-11-14 07:00:00,-6.4154325,3.5344539
2017-11-14 07:30:00,-3.1819835,3.551832
2017-11-14 08:00:00,0.051461317,3.3835905
2017-11-14 08:30:00,3.28491,2.8025334
2017-11-14 09:00:00,1.5709937,2.1907783
2017-11-14 09:30:00,6.370788,1.5636611
2017-11-14 10:00:00,3.8553941,1.1010326
2017-11-14 10:30:00,1.3399997,0.7983221
2017-11-14 11:00:00,4.2624817,0.5586504
2017-11-14 11:30:00,2.7289743,0.12804231
2017-11-14 12:00:00,2.0098348,-0.06937118
2017-11-14 12:30:00,3.4565127,-0.11863035
2017-11-14 13:00:00,1.3755244,-0.13744026
2017-11-14 13:30:00,4.021454,0.21657544
2017-11-14 14:00:00,2.2319589,0.8971419
2017-11-14 14:30:00,2.8508806,1.0314564
2017-11-14 15:00:00,2.151218,1.3251085
2017-11-14 15:30:00,2.8146813,1.5566677
2017-11-14 16:00:00,3.8512154,1.7001573
2017-11-14 16:30:00,1.5992386,1.9710695
2017-11-14 17:00:00,1.9953656,2.1158137
2017-11-14 17:30:00,0.9037849,2.1982012
2017-11-14 18:00:00,1.5752968,1.9558995
2017-11-14 18:30:00,2.2468085,2.1929862
2017-11-14 19:00:00,-0.20176393,1.9461969
2017-11-14 19:30:00,-1.0058908,1.8326141
2017-11-14 20:00:00,1.9198961,1.8879887
2017-11-14 20:30:00,0.4393401,1.7410553
2017-11-14 21:00:00,2.1141672,1.8951516
2017-11-14 21:30:00,1.9184153,1.8517895
2017-11-14 22:00:00,-0.18232101,1.4364719
2017-11-14 22:30:00,-2.2830572,1.112069
2017-11-14 23:00:00,-4.383794,1.5637704
2017-11-14 23:30:00,2.4847734,1.7888448
2017-11-15 00:00:00,9.353341,1.7497818
2017-11-15 00:30:00,1.9746642,1.2300416
2017-11-15 01:00:00,-7.9821095,3.6909995
2017-11-15 01:30:00,-8.453167,4.2011385
2017-11-15 02:00:00,-8.924225,3.7743404
2017-11-15 02:30:00,-9.395287,1.8657461
2017-11-15 03:00:00,-9.8663435,1.161916
2017-11-15 03:30:00,-10.337401,0.98900217
2017-11-15 04:00:00,-10.808463,1.3223352
2017-11-15 04:30:00,-10.1265135,-1.3886263
2017-11-15 05:00:00,-9.444564,-0.038104244
2017-11-15 05:30:00,-8.762615,1.5863746
2017-11-15 06:00:00,-8.080666,0.9583569
2017-11-15 06:30:00,-7.398717,1.2197776
2017-11-15 07:00:00,-6.716768,0.16645339
2017-11-15 07:30:00,-6.034818,-0.25940317
2017-11-15 08:00:00,-5.352869,-0.53811896
2017-11-15 08:30:00,-4.67092,-0.5696685
2017-11-15 09:00:00,-3.9889708,-0.7594405
2017-11-15 09:30:00,-4.1337676,-0.7628807
2017-11-15 10:00:00,-0.4467297,-0.7410865
2017-11-15 10:30:00,3.240308,-0.98125935
2017-11-15 11:00:00,0.7916226,-0.91489345
2017-11-15 11:30:00,2.229521,-1.4497962
2017-11-15 12:00:00,3.6674194,-1.4613564
2017-11-15 12:30:00,2.125034,-2.8681085
2017-11-15 13:00:00,2.4958098,-1.8826272
2017-11-15 13:30:00,3.019853,-0.9788667
2017-11-15 14:00:00,7.0391574,-1.4231714
2017-11-15 14:30:00,5.495235,-1.3431426
2017-11-15 15:00:00,5.307256,-0.8789542
2017-11-15 15:30:00,6.3884225,-0.42857167
2017-11-15 16:00:00,2.2250032,-0.12348732
2017-11-15 16:30:00,1.9364076,-0.123717174
2017-11-15 17:00:00,1.6478083,0.94958127
2017-11-15 17:30:00,1.4806783,1.4610507
2017-11-15 18:00:00,1.6827942,1.6432076
2017-11-15 18:30:00,0.99437535,1.9254992
2017-11-15 19:00:00,0.30595636,2.0244584
2017-11-15 19:30:00,0.69204164,2.0331964
2017-11-15 20:00:00,1.0781306,1.9168478
2017-11-15 20:30:00,1.4832255,1.6424087
2017-11-15 21:00:00,1.4126167,1.5475378
2017-11-15 21:30:00,1.1345075,1.8900723
2017-11-15 22:00:00,0.8563984,1.4184798
2017-11-15 22:30:00,-0.7461846,1.4413478
2017-11-15 23:00:00,-0.4313713,0.7999574
2017-11-15 23:30:00,-0.11655795,0.8448683
2017-11-16 00:00:00,2.502027,1.0665704
2017-11-16 00:30:00,2.2907925,0.81627285
2017-11-16 01:00:00,-1.4747742,2.0836651
2017-11-16 01:30:00,0.78447086,1.3116115
2017-11-16 02:00:00,-14.177273,0.6617808
2017-11-16 02:30:00,2.170706,2.8149714
2017-11-16 03:00:00,1.8892208,-0.74413484
2017-11-16 03:30:00,1.6077355,-0.8030476
2017-11-16 04:00:00,1.348911,0.5538198
2017-11-16 04:30:00,-1.7291374,0.66784346
2017-11-16 05:00:00,-0.4508783,0.5264565
2017-11-16 05:30:00,-1.0535147,0.46872303
2017-11-16 06:00:00,-0.9677737,0.6881945
2017-11-16 06:30:00,-0.88203263,0.9782445
2017-11-16 07:00:00,-11.913303,1.1285428
2017-11-16 07:30:00,-1.9623545,0.2777566
2017-11-16 08:00:00,0.06530122,-1.1148013
2017-11-16 08:30:00,-4.4772253,-2.2369633
2017-11-16 09:00:00,-1.2939287,-2.2365525
2017-11-16 09:30:00,-0.10938743,-2.5363164
2017-11-16 10:00:00,-1.1464112,-2.6997426
2017-11-16 10:30:00,0.2814643,-3.091559
2017-11-16 11:00:00,-1.5395162,-3.0595798
2017-11-16 11:30:00,-3.6179686,-3.7685344
2017-11-16 12:00:00,-1.8562851,-2.964351
2017-11-16 12:30:00,-1.6027924,-3.3558922
2017-11-16 13:00:00,-0.9453389,-2.5995588
2017-11-16 13:30:00,-0.25355896,-2.0924225
2017-11-16 14:00:00,-1.0738205,-2.2890258
2017-11-16 14:30:00,-1.8940858,-2.1734421
2017-11-16 15:00:00,-1.7033116,-1.5349983
2017-11-16 15:30:00,0.44091514,-1.3196491
2017-11-16 16:00:00,1.2161791,-0.8116952
2017-11-16 16:30:00,0.218158,0.15259843
2017-11-16 17:00:00,1.9230086,0.69945705
2017-11-16 17:30:00,-0.29328886,1.2836001
2017-11-16 18:00:00,2.6694133,1.2613086
2017-11-16 18:30:00,4.4536405,1.592686
2017-11-16 19:00:00,1.9849998,2.0552166
2017-11-16 19:30:00,1.6155692,2.1878543
2017-11-16 20:00:00,1.2987022,2.1275022
2017-11-16 20:30:00,2.7052395,2.121609
2017-11-16 21:00:00,0.15675454,2.1730762
2017-11-16 21:30:00,1.0707567,2.3244145
2017-11-16 22:00:00,-5.5710783,2.0748856
2017-11-16 22:30:00,-0.15981846,2.202542
2017-11-16 23:00:00,2.280472,2.0265307
2017-11-16 23:30:00,0.32495466,1.7672956
2017-11-17 00:00:00,1.3427277,2.1627781
2017-11-17 00:30:00,1.710361,2.5699267
2017-11-17 01:00:00,-1.4528708,2.5853264
2017-11-17 01:30:00,3.45756,2.228711
2017-11-17 02:00:00,1.720738,2.2947414
2017-11-17 02:30:00,-0.016084002,3.858239
2017-11-17 03:00:00,-1.7529061,3.729192
2017-11-17 03:30:00,-3.4897282,0.55524784
2017-11-17 04:00:00,-5.2265506,0.5007662
2017-11-17 04:30:00,-6.9633727,1.1809709
2017-11-17 05:00:00,-8.700191,0.35570163
2017-11-17 05:30:00,-10.437013,1.912428
2017-11-17 06:00:00,-10.25556,1.8629729
2017-11-17 06:30:00,-10.074108,1.1171596
2017-11-17 07:00:00,-9.892655,-1.3744925
2017-11-17 07:30:00,-9.711204,-1.3189445
2017-11-17 08:00:00,-9.529748,-2.8664732
2017-11-17 08:30:00,-9.348295,-2.9931874
2017-11-17 09:00:00,-9.166843,-0.82424647
2017-11-17 09:30:00,-8.985391,-2.5370474
2017-11-17 10:00:00,-8.803939,-1.8500868
2017-11-17 10:30:00,-8.622486,-1.9704181
2017-11-17 11:00:00,-8.4410305,-1.9703766
2017-11-17 11:30:00,-8.259579,-2.9983573
2017-11-17 12:00:00,-8.078126,-3.057937
2017-11-17 12:30:00,-7.896674,-2.8884141
2017-11-17 13:00:00,-7.715222,-2.6153543
2017-11-17 13:30:00,-7.5337663,-2.5672405
2017-11-17 14:00:00,-7.352314,-2.8460882
2017-11-17 14:30:00,-7.1708617,-2.460979
2017-11-17 15:00:00,-6.9894094,-2.0479825
2017-11-17 15:30:00,-6.807957,-1.595147
2017-11-17 16:00:00,-6.626505,-0.114809595
2017-11-17 16:30:00,-6.445049,1.172523
2017-11-17 17:00:00,-6.263597,1.1559551
2017-11-17 17:30:00,-6.0821447,1.0644301
2017-11-17 18:00:00,-5.9006925,1.4521582
2017-11-17 18:30:00,-5.71924,1.2872325
2017-11-17 19:00:00,-5.537788,1.520363
2017-11-17 19:30:00,-5.356332,1.2221326
2017-11-17 20:00:00,-5.1748796,1.2590553
2017-11-17 20:30:00,-4.9934273,1.2486104
2017-11-17 21:00:00,-4.8119755,1.687444
2017-11-17 21:30:00,-4.630523,1.9393127
2017-11-17 22:00:00,-4.449067,1.9907385
2017-11-17 22:30:00,-4.267615,0.7004857
2017-11-17 23:00:00,-4.0861626,1.7036163
2017-11-17 23:30:00,-3.9047103,0.84313124
2017-11-18 00:00:00,-3.723258,0.971869
2017-11-18 00:30:00,-3.5418057,1.1923918
2017-11-18 01:00:00,-3.36035,0.03461455
2017-11-18 01:30:00,-3.1788976,1.4089543
2017-11-18 02:00:00,-2.9974453,-0.46479353
2017-11-18 02:30:00,-2.815993,1.0796831
2017-11-18 03:00:00,-2.6345408,1.2619115
2017-11-18 03:30:00,-2.453085,1.3690435
2017-11-18 04:00:00,-2.2716327,0.94709057
2017-11-18 04:30:00,-2.0901804,1.4403644
2017-11-18 05:00:00,-1.9087282,0.9278436
2017-11-18 05:30:00,-1.7272761,1.4999291
2017-11-18 06:00:00,-1.5458238,0.68098253
2017-11-18 06:30:00,-1.3643678,2.5230224
2017-11-18 07:00:00,-1.1829157,1.1870863
2017-11-18 07:30:00,-2.2808192,1.1079242
2017-11-18 08:00:00,-3.3787227,1.2033491
2017-11-18 08:30:00,-4.47663,-0.7458869
2017-11-18 09:00:00,15.233706,-0.6941974
2017-11-18 09:30:00,8.545901,-0.4176256
2017-11-18 10:00:00,5.40374,0.46044096
2017-11-18 10:30:00,5.3703327,-1.9060869
2017-11-18 11:00:00,5.336926,-1.5777049
2017-11-18 11:30:00,6.009161,-3.8269498
2017-11-18 12:00:00,6.1895056,-3.818924
2017-11-18 12:30:00,5.352774,-3.238707
2017-11-18 13:00:00,10.943836,-2.7450678
2017-11-18 13:30:00,5.392662,-3.6969044
2017-11-18 14:00:00,-0.15851472,-3.0745163
2017-11-18 14:30:00,-0.7983414,-4.339158
2017-11-18 15:00:00,-1.438168,-2.721906
2017-11-18 15:30:00,-2.0779948,-4.654793
2017-11-18 16:00:00,-2.7178214,-3.255961
2017-11-18 16:30:00,-3.3576481,-3.036041
2017-11-18 17:00:00,-3.9974751,-2.0095375
2017-11-18 17:30:00,-4.6373053,-1.3972927
2017-11-18 18:00:00,-6.0023723,-1.4253682
2017-11-18 18:30:00,-7.367439,-0.07525304
2017-11-18 19:00:00,-8.732505,-1.3592736
2017-11-18 19:30:00,-8.43626,-1.8487792
2017-11-18 20:00:00,-8.140016,-0.40001392
2017-11-18 20:30:00,-7.8437676,-1.5736355
2017-11-18 21:00:00,-7.547523,-1.9696231
2017-11-18 21:30:00,-7.2512784,-2.615761
2017-11-18 22:00:00,-6.95503,-2.4317882
2017-11-18 22:30:00,-6.6587853,-2.5423076
2017-11-18 23:00:00,-6.3625407,-2.829087
2017-11-18 23:30:00,-6.066293,-3.0696065
2017-11-19 00:00:00,-5.770048,-3.2534852
2017-11-19 00:30:00,-5.4738035,-3.3526742
2017-11-19 01:00:00,-5.177555,-3.4954028
2017-11-19 01:30:00,-4.8813105,-3.593774
2017-11-19 02:00:00,-4.585066,-3.2590544
2017-11-19 02:30:00,-4.2888174,-3.3770797
2017-11-19 03:00:00,-3.9925728,-3.7371392
2017-11-19 03:30:00,-3.696328,-3.8382425
2017-11-19 04:00:00,-3.4000835,-3.9923167
2017-11-19 04:30:00,-3.103835,-3.693826
2017-11-19 05:00:00,-2.8075905,-3.6397965
2017-11-19 05:30:00,-2.5113459,-4.0946407
2017-11-19 06:00:00,-2.2150974,-3.9018052
2017-11-19 06:30:00,-1.9188529,-3.5264587
2017-11-19 07:00:00,-1.6226083,-3.3196816
2017-11-19 07:30:00,-1.32636,-3.8441997
2017-11-19 08:00:00,-1.0301154,-3.5578687
2017-11-19 08:30:00,-0.73387074,-3.3044515
2017-11-19 09:00:00,-0.43762243,-5.5298223
2017-11-19 09:30:00,-0.14137782,-3.7576222
2017-11-19 10:00:00,3.0813773,-4.3330917
2017-11-19 10:30:00,4.5777287,-4.573038
2017-11-19 11:00:00,2.637668,-4.171075
2017-11-19 11:30:00,-1.8409191,-4.909126
2017-11-19 12:00:00,2.065036,-4.8195
2017-11-19 12:30:00,-1.9848646,-4.916093
2017-11-19 13:00:00,2.044915,-4.347636
2017-11-19 13:30:00,3.024307,-3.87593
2017-11-19 14:00:00,-0.13196911,-3.0139983
2017-11-19 14:30:00,-0.25344592,-3.9075928
2017-11-19 15:00:00,-0.6626855,-2.7927182
2017-11-19 15:30:00,-1.071929,-2.8448637
2017-11-19 16:00:00,-1.4811686,-1.7247478
2017-11-19 16:30:00,-2.672191,-2.517288
2017-11-19 17:00:00,-3.8632092,-0.9646914
2017-11-19 17:30:00,-6.734948,-2.1629257
2017-11-19 18:00:00,-9.606683,-0.9720843
2017-11-19 18:30:00,2.0961185,-0.9622347
2017-11-19 19:00:00,-2.6833065,-0.85242736
2017-11-19 19:30:00,-3.022563,-0.7905529
2017-11-19 20:00:00,-3.3618155,-0.7176796
2017-11-19 20:30:00,-1.0073867,-1.4986296
2017-11-19 21:00:00,1.3470459,-1.2253358
2017-11-19 21:30:00,0.7652277,-2.5440636
2017-11-19 22:00:00,0.18340944,-2.8742013
2017-11-19 22:30:00,-0.39841253,-3.0295413
2017-11-19 23:00:00,-0.9802307,-3.2502034
2017-11-19 23:30:00,-1.5620489,-3.022088
2017-11-20 00:00:00,-2.1438708,-2.3841717
2017-11-20 00:30:00,-2.725689,-2.5716867
2017-11-20 01:00:00,-3.3075073,-2.5092735
2017-11-20 01:30:00,-3.8893292,-2.3816133
2017-11-20 02:00:00,-5.5084767,-3.5868485
2017-11-20 02:30:00,-7.1276236,-2.5886352
2017-11-20 03:00:00,-8.746771,-2.480418
2017-11-20 03:30:00,-10.365917,-2.8666315
2017-11-20 04:00:00,-11.9850645,-3.2216418
2017-11-20 04:30:00,-13.604212,-3.615572
2017-11-20 05:00:00,-15.223363,-3.5242846
2017-11-20 05:30:00,-15.359317,-3.8765707
2017-11-20 06:00:00,-15.495274,-3.2090378
2017-11-20 06:30:00,-15.631231,-3.7859917
2017-11-20 07:00:00,-12.397205,-3.903836
2017-11-20 07:30:00,-9.16318,-3.0571644
2017-11-20 08:00:00,-5.929156,-3.7263138
2017-11-20 08:30:00,-4.696433,-5.11293
2017-11-20 09:00:00,-3.46371,-5.305886
2017-11-20 09:30:00,-2.2309835,-5.201987
2017-11-20 10:00:00,-0.9003489,-5.8247027
2017-11-20 10:30:00,0.43028557,-6.013092
2017-11-20 11:00:00,-1.833142,-5.482398
2017-11-20 11:30:00,-0.8857592,-5.3281136
2017-11-20 12:00:00,0.96426517,-5.2944613
2017-11-20 12:30:00,-0.7384037,-4.821791
2017-11-20 13:00:00,0.30629173,-4.7900114
2017-11-20 13:30:00,-1.4978759,-4.162725
2017-11-20 14:00:00,-2.1999915,-3.9817739
2017-11-20 14:30:00,-0.44613057,-4.4602356
2017-11-20 15:00:00,1.3077343,-3.3699205
2017-11-20 15:30:00,0.15778698,-3.4122014
2017-11-20 16:00:00,0.24403292,-2.2699711
2017-11-20 16:30:00,0.33027887,-2.3917267
2017-11-20 17:00:00,-0.6502775,-1.6030372
2017-11-20 17:30:00,-2.605908,-1.6574435
2017-11-20 18:00:00,-4.561538,-1.9000015
2017-11-20 18:30:00,-3.3905203,-2.0094547
2017-11-20 19:00:00,1.4561598,-2.0558915
2017-11-20 19:30:00,-0.2551001,-1.6089945
2017-11-20 20:00:00,-1.9663562,-1.8426073
2017-11-20 20:30:00,-3.6776161,-1.3526267
2017-11-20 21:00:00,-12.620555,-0.65381944
2017-11-20 21:30:00,-21.563496,-1.0062488
2017-11-20 22:00:00,-20.81964,-0.63056326
2017-11-20 22:30:00,-20.075783,-0.61332464
2017-11-20 23:00:00,-19.331928,-0.7581518
2017-11-20 23:30:00,-18.588072,-0.8405054
2017-11-21 00:00:00,-17.844215,-1.1013006
2017-11-21 00:30:00,-17.100363,-1.232578
2017-11-21 01:00:00,-16.356504,-1.1014476
2017-11-21 01:30:00,-15.612651,-0.9081374
2017-11-21 02:00:00,-14.868797,-0.90981793
2017-11-21 02:30:00,-14.124939,-0.90433544
2017-11-21 03:00:00,-13.381085,-0.9140607
2017-11-21 03:30:00,-12.637228,-1.0856143
2017-11-21 04:00:00,-11.893374,-1.3788408
2017-11-21 04:30:00,-11.14952,-1.7312664
2017-11-21 05:00:00,-10.405663,-1.9479194
2017-11-21 05:30:00,-9.661809,-2.2375474
2017-11-21 06:00:00,-8.917951,-2.5409322
2017-11-21 06:30:00,-8.174097,-2.456107
2017-11-21 07:00:00,-7.430244,-2.8279302
2017-11-21 07:30:00,-6.686386,-3.6581542
2017-11-21 08:00:00,-5.9425325,-5.081056
2017-11-21 08:30:00,-5.1986747,-5.5338616
2017-11-21 09:00:00,-4.4548206,-5.0637875
2017-11-21 09:30:00,-1.3088048,-5.2799997
2017-11-21 10:00:00,0.28929046,-5.2942843
2017-11-21 10:30:00,1.887382,-4.959677
2017-11-21 11:00:00,-2.5075026,-5.2209473
2017-11-21 11:30:00,-0.53121597,-5.1956224
2017-11-21 12:00:00,-1.7729895,-5.2919025
2017-11-21 12:30:00,-0.8388663,-5.0723825
2017-11-21 13:00:00,-1.4557571,-4.880813
2017-11-21 13:30:00,-3.59056,-4.801176
2017-11-21 14:00:00,-0.50019395,-4.5603023
2017-11-21 14:30:00,-0.33865193,-4.5516434
2017-11-21 15:00:00,-0.17710985,-4.0094233
2017-11-21 15:30:00,-3.3273344,-4.3078837
2017-11-21 16:00:00,0.014598891,-3.1329844
2017-11-21 16:30:00,0.32803315,-2.9232457
2017-11-21 17:00:00,0.31565523,-2.5100157
2017-11-21 17:30:00,-3.9485962,-2.0447195
2017-11-21 18:00:00,-8.212848,-1.5813448
2017-11-21 18:30:00,-12.477098,-1.65094
2017-11-21 19:00:00,-1.1855344,-1.7645191
2017-11-21 19:30:00,-3.6435683,-2.0731077
2017-11-21 20:00:00,-2.1640637,-2.011075
2017-11-21 20:30:00,-0.6845588,-2.3184314
2017-11-21 21:00:00,-3.49252,-3.069859
2017-11-21 21:30:00,-2.25927,-2.9470444
2017-11-21 22:00:00,-1.0260196,-2.8168447
2017-11-21 22:30:00,-0.82646954,-3.180465
2017-11-21 23:00:00,0.43805522,-3.497004
2017-11-21 23:30:00,-9.451464,-2.8812172
2017-11-22 00:00:00,-19.34098,-4.6319737
2017-11-22 00:30:00,-29.2305,-5.5698576
2017-11-22 01:00:00,-25.433052,-5.7387886
2017-11-22 01:30:00,-21.635605,-5.579541
2017-11-22 02:00:00,-17.838158,-5.2922945
2017-11-22 02:30:00,-14.0407095,-5.6597433
2017-11-22 03:00:00,-10.243261,-5.558467
2017-11-22 03:30:00,-6.4458175,-6.451639
2017-11-22 04:00:00,-2.6483696,-5.5092793
2017-11-22 04:30:00,-5.376668,-5.640387
2017-11-22 05:00:00,-8.104969,-4.4863477
2017-11-22 05:30:00,-10.833267,-3.4864838
2017-11-22 06:00:00,-7.035733,-3.6712368
2017-11-22 06:30:00,-1.4436505,-3.5283804
2017-11-22 07:00:00,0.51051784,-5.400862
2017-11-22 07:30:00,2.4646823,-6.133593
2017-11-22 08:00:00,4.4188466,-7.062878
2017-11-22 08:30:00,-2.1928701,-7.6237574
2017-11-22 09:00:00,-3.9437053,-7.7680984
2017-11-22 09:30:00,-4.354618,-7.382002
2017-11-22 10:00:00,-1.5212301,-7.939663
2017-11-22 10:30:00,1.0283854,-7.72558
2017-11-22 11:00:00,-1.0549164,-8.512264
2017-11-22 11:30:00,-0.5791865,-9.139638
2017-11-22 12:00:00,0.26337788,-8.92626
2017-11-22 12:30:00,0.95461154,-8.830564
2017-11-22 13:00:00,-1.7751373,-8.112253
2017-11-22 13:30:00,1.0402621,-7.659561
2017-11-22 14:00:00,0.0027485043,-7.5484085
2017-11-22 14:30:00,0.3442318,-7.6981153
2017-11-22 15:00:00,1.7022786,-6.8739576
2017-11-22 15:30:00,1.9890994,-6.471674
2017-11-22 16:00:00,2.2759166,-5.935181
2017-11-22 16:30:00,2.5627372,-5.6846123
2017-11-22 17:00:00,3.3024464,-5.169062
2017-11-22 17:30:00,2.76312,-4.610997
2017-11-22 18:00:00,2.1071813,-4.4914684
2017-11-22 18:30:00,2.2565262,-4.6375165
2017-11-22 19:00:00,1.086944,-4.9747267
2017-11-22 19:30:00,1.0788842,-4.7590613
2017-11-22 20:00:00,8.173204,-4.6233563
2017-11-22 20:30:00,2.2063477,-4.186045
2017-11-22 21:00:00,1.9961343,-4.708268
2017-11-22 21:30:00,-2.748772,-4.3438115
2017-11-22 22:00:00,1.7273359,-3.517811
2017-11-22 22:30:00,2.438766,-3.4437094
2017-11-22 23:00:00,-3.4683144,-3.3596601
2017-11-22 23:30:00,-1.6409962,-3.5350835
2017-11-23 00:00:00,-2.4313662,-3.5020306
2017-11-23 00:30:00,-3.221736,-4.0472317
2017-11-23 01:00:00,-3.2746954,-3.3560393
2017-11-23 01:30:00,-3.3276587,-4.314858
2017-11-23 02:00:00,-2.1635587,-3.5023923
2017-11-23 02:30:00,-2.2306895,-2.8162382
2017-11-23 03:00:00,-2.2978241,-2.7458177
2017-11-23 03:30:00,0.44414055,-2.643407
2017-11-23 04:00:00,0.61935675,-0.6556243
2017-11-23 04:30:00,0.7945729,-2.3272448
2017-11-23 05:00:00,0.9697891,-1.9729615
2017-11-23 05:30:00,1.1450014,-1.7984613
2017-11-23 06:00:00,1.3202176,-2.1084893
2017-11-23 06:30:00,1.4954338,-1.898547
2017-11-23 07:00:00,1.67065,-2.0067115
2017-11-23 07:30:00,1.8458661,-2.206495
2017-11-23 08:00:00,2.0210786,-5.219282
2017-11-23 08:30:00,2.1962948,-7.2168803
2017-11-23 09:00:00,-0.24655426,-8.080685
2017-11-23 09:30:00,-2.689403,-8.615904
2017-11-23 10:00:00,-2.8506777,-9.436199
2017-11-23 10:30:00,-3.0119522,-10.191116
2017-11-23 11:00:00,-1.3728797,-9.739603
2017-11-23 11:30:00,-1.3952693,-10.181692
2017-11-23 12:00:00,1.1275368,-9.767275
2017-11-23 12:30:00,1.774127,-9.515882
2017-11-23 13:00:00,0.32720795,-9.068298
2017-11-23 13:30:00,-1.119711,-8.645569
2017-11-23 14:00:00,-1.0768952,-8.072632
2017-11-23 14:30:00,0.10151931,-7.3900466
2017-11-23 15:00:00,4.583226,-7.6438975
2017-11-23 15:30:00,2.2003188,-6.418168
2017-11-23 16:00:00,1.3278517,-6.1161094
2017-11-23 16:30:00,0.6403295,-5.4933214
2017-11-23 17:00:00,0.9835159,-5.0693116
2017-11-23 17:30:00,6.2801976,-3.721698
2017-11-23 18:00:00,1.779828,-3.2023458
2017-11-23 18:30:00,-1.4272182,-2.2551515
2017-11-23 19:00:00,-4.6342683,-2.41808
2017-11-23 19:30:00,-12.951755,-1.1239123
2017-11-23 20:00:00,-7.2123246,0.11949648
2017-11-23 20:30:00,-3.745267,1.156833
2017-11-23 21:00:00,-0.07228008,2.125426
2017-11-23 21:30:00,3.6007068,0.75479406
2017-11-23 22:00:00,-3.482938,3.252686
2017-11-23 22:30:00,6.656795,2.9483666
2017-11-23 23:00:00,0.75855076,1.8165811
2017-11-23 23:30:00,-5.139694,4.1011696
2017-11-24 00:00:00,-5.136608,2.8733718
2017-11-24 00:30:00,-5.133518,4.036767
2017-11-24 01:00:00,-5.130432,3.7349572
2017-11-24 01:30:00,-5.1273465,3.4653184
2017-11-24 02:00:00,-5.1242566,3.363032
2017-11-24 02:30:00,-5.1211705,4.126423
2017-11-24 03:00:00,-5.1180844,2.661934
2017-11-24 03:30:00,-5.1149945,2.8275416
2017-11-24 04:00:00,-5.111909,2.4365127
2017-11-24 04:30:00,-5.108823,2.0121558
2017-11-24 05:00:00,-5.1057367,1.8758897
2017-11-24 05:30:00,-5.102647,1.2853711
2017-11-24 06:00:00,-5.099561,1.4728031
2017-11-24 06:30:00,-5.096475,1.6221293
2017-11-24 07:00:00,-5.093385,0.021388842
2017-11-24 07:30:00,-5.090299,-2.6974742
2017-11-24 08:00:00,-5.087213,-5.1809196
2017-11-24 08:30:00,-5.0841236,-6.219564
2017-11-24 09:00:00,-5.0810375,-5.4574842
2017-11-24 09:30:00,-5.0779514,-6.288978
2017-11-24 10:00:00,-15.0264845,-8.131066
2017-11-24 10:30:00,-9.955875,-8.628467
2017-11-24 11:00:00,-5.169695,-7.806694
2017-11-24 11:30:00,-0.38351005,-7.6540294
2017-11-24 12:00:00,-0.83458585,-7.4873595
2017-11-24 12:30:00,-0.2710614,-6.8792067
2017-11-24 13:00:00,0.33199707,-6.447811
2017-11-24 13:30:00,-1.2929603,-6.009094
2017-11-24 14:00:00,1.6542478,-5.763028
2017-11-24 14:30:00,1.0281329,-5.24172
2017-11-24 15:00:00,2.6897304,-4.6095767
2017-11-24 15:30:00,1.4706705,-4.5180445
2017-11-24 16:00:00,0.2291003,-4.189715
2017-11-24 16:30:00,2.3614993,-3.5683439
2017-11-24 17:00:00,-5.0048294,-1.7585807
2017-11-24 17:30:00,-7.950609,-1.3017398
2017-11-24 18:00:00,-2.9769473,-1.3440394
2017-11-24 18:30:00,1.9967146,-1.7479022
2017-11-24 19:00:00,1.3874917,-1.4468458
2017-11-24 19:30:00,-1.4643897,-1.8071729
2017-11-24 20:00:00,-4.3162713,-2.1371336
2017-11-24 20:30:00,-2.1172347,-2.2549782
2017-11-24 21:00:00,-2.2624464,-3.3387892
2017-11-24 21:30:00,-2.4076579,-2.6805897
2017-11-24 22:00:00,-8.437907,-3.0419908
2017-11-24 22:30:00,-14.468156,-2.4460049
2017-11-24 23:00:00,-13.640257,-2.3407116
2017-11-24 23:30:00,-12.812357,-2.3180132
2017-11-25 00:00:00,-11.984454,-2.3389406
2017-11-25 00:30:00,-11.156555,-1.7681929
2017-11-25 01:00:00,-10.328656,-1.8913276
2017-11-25 01:30:00,-9.500756,-1.092928
2017-11-25 02:00:00,-7.934625,-1.7359651
2017-11-25 02:30:00,-10.519604,-1.4220862
2017-11-25 03:00:00,-8.686742,-1.18385
2017-11-25 03:30:00,-7.485871,-1.0735605
2017-11-25 04:00:00,-10.585476,-1.1420478
2017-11-25 04:30:00,-13.685077,-0.911246
2017-11-25 05:00:00,-16.784683,-0.9621782
2017-11-25 05:30:00,-19.884285,-0.7313311
2017-11-25 06:00:00,-17.205908,-0.8513761
2017-11-25 06:30:00,-14.527533,-0.60086006
2017-11-25 07:00:00,-11.849156,-0.72073925
2017-11-25 07:30:00,-9.170781,-1.5011805
2017-11-25 08:00:00,-6.4924054,-2.0122807
2017-11-25 08:30:00,-3.8140292,-2.6044195
2017-11-25 09:00:00,-2.2565343,-2.4728217
2017-11-25 09:30:00,-0.6990355,-3.3860703
2017-11-25 10:00:00,-8.626228,-4.138561
2017-11-25 10:30:00,-4.5348344,-4.8299675
2017-11-25 11:00:00,-0.44344398,-4.8872337
2017-11-25 11:30:00,-1.7834119,-5.007049
2017-11-25 12:00:00,-3.1233835,-5.2579947
2017-11-25 12:30:00,1.6496961,-5.2144704
2017-11-25 13:00:00,1.4533414,-4.9481626
2017-11-25 13:30:00,0.046736237,-4.736397
2017-11-25 14:00:00,-1.3598726,-4.5567718
2017-11-25 14:30:00,0.20081009,-4.4309993
2017-11-25 15:00:00,-0.3107498,-4.175163
2017-11-25 15:30:00,0.257123,-3.953265
2017-11-25 16:00:00,0.8249958,-3.5948405
2017-11-25 16:30:00,0.6796072,-3.3568907
2017-11-25 17:00:00,0.9447356,-2.6088846
2017-11-25 17:30:00,1.209864,-2.5069826
2017-11-25 18:00:00,1.4749924,-2.4087582
2017-11-25 18:30:00,-0.8334215,-2.3867002
2017-11-25 19:00:00,-1.0501951,-1.8985019
2017-11-25 19:30:00,-9.209614,-1.5591551
2017-11-25 20:00:00,-1.2196612,-1.5554097
2017-11-25 20:30:00,-7.664998,-1.4527615
2017-11-25 21:00:00,-22.060427,-1.2731707
2017-11-25 21:30:00,-8.95406,-0.6770228
2017-11-25 22:00:00,-16.101704,-1.2385728
2017-11-25 22:30:00,-3.2282887,-1.4171803
2017-11-25 23:00:00,-1.7890714,-1.6057314
2017-11-25 23:30:00,-8.700646,-1.3983402
2017-11-26 00:00:00,-1.3216574,-1.7046944
2017-11-26 00:30:00,-4.2410917,-1.749398
2017-11-26 01:00:00,-7.1605296,-1.8482857
2017-11-26 01:30:00,-10.079964,-2.3905888
2017-11-26 02:00:00,-6.6409063,-1.9345391
2017-11-26 02:30:00,-10.783865,-1.6026717
2017-11-26 03:00:00,-14.529412,-1.4449316
2017-11-26 03:30:00,-7.382447,-1.6766604
2017-11-26 04:00:00,-11.738679,-2.294384
2017-11-26 04:30:00,-9.820352,-1.3553321
2017-11-26 05:00:00,-7.902021,-1.861063
2017-11-26 05:30:00,-5.9836903,-2.7877443
2017-11-26 06:00:00,-26.974463,-2.214683
2017-11-26 06:30:00,-23.111734,-3.831106
2017-11-26 07:00:00,-19.249004,-3.3152354
2017-11-26 07:30:00,-15.386276,-3.2718241
2017-11-26 08:00:00,-5.1693745,-5.5361376
2017-11-26 08:30:00,-8.889431,-6.2237463
2017-11-26 09:00:00,4.2911,-6.8133492
2017-11-26 09:30:00,2.5496962,-6.7383695
2017-11-26 10:00:00,0.80829597,-6.5722795
2017-11-26 10:30:00,1.3654337,-6.8680983
2017-11-26 11:00:00,-0.35928553,-7.176811
2017-11-26 11:30:00,-0.86402905,-7.1859903
2017-11-26 12:00:00,0.15883449,-7.128189
2017-11-26 12:30:00,1.2207422,-6.7737813
2017-11-26 13:00:00,3.0967584,-6.40021
2017-11-26 13:30:00,3.4718409,-5.8372316
2017-11-26 14:00:00,6.1983714,-5.5803776
2017-11-26 14:30:00,7.1983294,-5.3763704
2017-11-26 15:00:00,5.6308985,-5.229595
2017-11-26 15:30:00,6.9708056,-4.986038
2017-11-26 16:00:00,13.154274,-4.5250077
2017-11-26 16:30:00,8.542232,-4.342561
2017-11-26 17:00:00,-3.5996335,-4.0691576
2017-11-26 17:30:00,5.0733423,-3.907167
2017-11-26 18:00:00,1.3295925,-3.8431711
2017-11-26 18:30:00,1.8150023,-3.6772242
2017-11-26 19:00:00,-0.17744143,-3.8017457
2017-11-26 19:30:00,-8.532861,-3.950518
2017-11-26 20:00:00,-9.517859,-3.5049734
2017-11-26 20:30:00,-3.0665092,-3.827304
2017-11-26 21:00:00,-0.98631227,-4.64694
2017-11-26 21:30:00,-3.790709,-5.355367
2017-11-26 22:00:00,-6.5951023,-5.2984176
2017-11-26 22:30:00,-9.399499,-5.5224333
2017-11-26 23:00:00,-0.12723273,-6.4333944
2017-11-26 23:30:00,-8.742268,-6.1408353
2017-11-27 00:00:00,-3.5101883,-4.2640543
2017-11-27 00:30:00,-23.564182,-4.3535933
2017-11-27 01:00:00,-22.886074,-4.112139
2017-11-27 01:30:00,-22.207962,-4.763014
2017-11-27 02:00:00,-21.529852,-3.4036744
2017-11-27 02:30:00,-20.851742,-2.878169
2017-11-27 03:00:00,-20.173634,-4.980699
2017-11-27 03:30:00,-19.495522,-2.2702084
2017-11-27 04:00:00,-14.9172125,-3.8163202
2017-11-27 04:30:00,-10.338904,-2.4913716
2017-11-27 05:00:00,-5.7605977,-2.4373572
2017-11-27 05:30:00,-7.8178854,-2.9639213
2017-11-27 06:00:00,-9.875175,0.17759162
2017-11-27 06:30:00,-11.932464,1.7260058
2017-11-27 07:00:00,-9.92292,0.14243235
2017-11-27 07:30:00,-7.9133773,-1.9986669
2017-11-27 08:00:00,-5.903831,-7.7109265
2017-11-27 08:30:00,-3.8942878,-7.296732
2017-11-27 09:00:00,-1.8847449,-8.262702
2017-11-27 09:30:00,0.12479806,-7.8368006
2017-11-27 10:00:00,-2.9474251,-6.5930185
2017-11-27 10:30:00,-1.8027493,-7.199996
2017-11-27 11:00:00,-1.5340451,-7.0214753
2017-11-27 11:30:00,-2.9788766,-6.828165
2017-11-27 12:00:00,-1.659354,-7.0270896
2017-11-27 12:30:00,-2.1162212,-7.0921745
2017-11-27 13:00:00,-2.6023471,-6.7939177
2017-11-27 13:30:00,-2.0558012,-6.4482293
2017-11-27 14:00:00,-1.3977524,-5.9115143
2017-11-27 14:30:00,-0.38607985,-5.690754
2017-11-27 15:00:00,0.625589,-4.7518153
2017-11-27 15:30:00,1.9822454,-4.0406904
2017-11-27 16:00:00,2.6950095,-3.4040022
2017-11-27 16:30:00,-3.343081,-2.6434107
2017-11-27 17:00:00,-2.3422565,-2.2064762
2017-11-27 17:30:00,-1.3414358,-3.9194016
2017-11-27 18:00:00,-0.33084083,-1.1107658
2017-11-27 18:30:00,0.0049000373,-1.0613106
2017-11-27 19:00:00,-0.5490575,-0.34665516
2017-11-27 19:30:00,0.32611144,-0.48635784
2017-11-27 20:00:00,-3.0009005,-0.020989949
2017-11-27 20:30:00,-4.2554593,0.020322496
2017-11-27 21:00:00,-5.3666263,-0.7028224
2017-11-27 21:30:00,-2.7412698,-0.7499602
2017-11-27 22:00:00,-3.3061018,-1.31957
2017-11-27 22:30:00,-6.8370385,-1.3231384
2017-11-27 23:00:00,-10.367975,-0.70802975
2017-11-27 23:30:00,-2.0859,-1.6824632
2017-11-28 00:00:00,-5.93968,-2.0188143
2017-11-28 00:30:00,-3.1917803,-1.794859
2017-11-28 01:00:00,-26.107899,-1.9461823
2017-11-28 01:30:00,2.05461,-3.7248368
2017-11-28 02:00:00,-13.802168,-2.750524
2017-11-28 02:30:00,-8.3743515,-4.377961
2017-11-28 03:00:00,-2.9465358,-3.7484322
2017-11-28 03:30:00,-4.4974747,-3.4435813
2017-11-28 04:00:00,-14.5156145,-3.4986997
2017-11-28 04:30:00,-5.1110797,-5.0164876
2017-11-28 05:00:00,-20.41447,-4.9374423
2017-11-28 05:30:00,-3.4013758,-5.7880325
2017-11-28 06:00:00,-4.920807,-5.6628633
2017-11-28 06:30:00,-6.4402337,-7.008668
2017-11-28 07:00:00,-3.6424153,-7.4704223
2017-11-28 07:30:00,-0.84459746,-8.285789
2017-11-28 08:00:00,-2.190854,-8.796565
2017-11-28 08:30:00,-3.5371146,-9.382581
2017-11-28 09:00:00,-4.8833714,-10.044488
2017-11-28 09:30:00,-1.3850429,-9.091746
2017-11-28 10:00:00,-4.220854,-8.505923
2017-11-28 10:30:00,-1.1342367,-7.949381
2017-11-28 11:00:00,-2.2297475,-7.904496
2017-11-28 11:30:00,-0.36867163,-7.368388
2017-11-28 12:00:00,1.492408,-8.456363
2017-11-28 12:30:00,-2.9400585,-8.360643
2017-11-28 13:00:00,-0.960995,-7.194551
2017-11-28 13:30:00,1.0180686,-6.718565
2017-11-28 14:00:00,1.3458703,-8.030468
2017-11-28 14:30:00,1.6736757,-7.6395226
2017-11-28 15:00:00,2.0014772,-7.420741
2017-11-28 15:30:00,2.7117205,-6.6482916
2017-11-28 16:00:00,0.8493635,-6.5672646
2017-11-28 16:30:00,0.36384428,-7.193285
2017-11-28 17:00:00,0.69103557,-6.4597707
2017-11-28 17:30:00,-0.17441949,-6.6387887
2017-11-28 18:00:00,-1.5859531,-6.7205772
2017-11-28 18:30:00,-2.7923677,-6.2625456
2017-11-28 19:00:00,-2.8555195,-5.9910793
2017-11-28 19:30:00,7.379371,-4.951245
2017-11-28 20:00:00,1.0918009,-3.784861
2017-11-28 20:30:00,-5.19577,-3.7708027
2017-11-28 21:00:00,-0.2591281,-4.141458
2017-11-28 21:30:00,-3.1361344,-4.4762683
2017-11-28 22:00:00,4.5601544,-3.9462185
2017-11-28 22:30:00,5.108784,-3.6915765
2017-11-28 23:00:00,5.6574173,-3.629269
2017-11-28 23:30:00,2.6550987,-3.4963825
2017-11-29 00:00:00,4.3238516,-3.9920454
2017-11-29 00:30:00,8.446732,-3.7184386
2017-11-29 01:00:00,12.569614,-4.167431
2017-11-29 01:30:00,4.3100605,-3.9078603
2017-11-29 02:00:00,5.274339,-4.711637
2017-11-29 02:30:00,3.8209543,-3.9861445
2017-11-29 03:00:00,6.829607,-3.6012762
2017-11-29 03:30:00,6.1633368,-3.3438573
2017-11-29 04:00:00,6.187497,-3.6361454
2017-11-29 04:30:00,-10.036466,-3.2604523
2017-11-29 05:00:00,9.76902,-2.822753
2017-11-29 05:30:00,3.8387885,-2.2872474
2017-11-29 06:00:00,3.4822407,-2.1695347
2017-11-29 06:30:00,3.125689,-3.3129294
2017-11-29 07:00:00,2.7691374,-3.4096541
2017-11-29 07:30:00,3.6209674,-3.7056162
2017-11-29 08:00:00,4.472797,-5.616215
2017-11-29 08:30:00,5.324627,-6.1587443
2017-11-29 09:00:00,4.3290586,-6.347179
2017-11-29 09:30:00,3.3334947,-6.9401426
2017-11-29 10:00:00,2.3379266,-7.007865
2017-11-29 10:30:00,3.3369462,-6.6992955
2017-11-29 11:00:00,5.3113785,-6.776543
2017-11-29 11:30:00,2.7299426,-6.9103417
2017-11-29 12:00:00,2.5484114,-6.8596206
2017-11-29 12:30:00,2.3668838,-7.3926954
2017-11-29 13:00:00,2.1853561,-6.835671
2017-11-29 13:30:00,-1.5702895,-6.0910373
2017-11-29 14:00:00,-29.557356,-5.76316
2017-11-29 14:30:00,3.1152177,-5.2401943
2017-11-29 15:00:00,6.121568,-4.763658
2017-11-29 15:30:00,0.5567098,-4.25541
2017-11-29 16:00:00,-5.008153,-3.3575351
2017-11-29 16:30:00,6.126772,-3.0728168
2017-11-29 17:00:00,3.7850301,-2.9771094
2017-11-29 17:30:00,4.087413,-2.0204046
2017-11-29 18:00:00,4.3897953,-2.960696
2017-11-29 18:30:00,5.677972,-2.7549024
2017-11-29 19:00:00,5.1995177,-2.4651916
2017-11-29 19:30:00,3.866001,-1.9208349
2017-11-29 20:00:00,2.3083553,-1.2185497
2017-11-29 20:30:00,4.5276365,-1.0652784
2017-11-29 21:00:00,5.5598903,-1.5370708
2017-11-29 21:30:00,5.856523,-1.5758247
2017-11-29 22:00:00,-16.260859,-0.86787623
2017-11-29 22:30:00,6.1400504,-0.9988446
2017-11-29 23:00:00,-29.773376,-0.35448885
2017-11-29 23:30:00,-8.949391,0.91105336
2017-11-30 00:00:00,-5.5683165,0.24295527
2017-11-30 00:30:00,-2.1872406,0.8263184
2017-11-30 01:00:00,1.1938386,1.1862725
2017-11-30 01:30:00,6.050112,3.516503
2017-11-30 02:00:00,10.906385,1.7050104
2017-11-30 02:30:00,15.762659,1.5769509
2017-11-30 03:00:00,20.618937,1.6550956
2017-11-30 03:30:00,25.475206,1.9378734
2017-11-30 04:00:00,30.331484,1.969698
2017-11-30 04:30:00,22.845453,2.1323214
2017-11-30 05:00:00,15.359422,2.5418475
2017-11-30 05:30:00,7.8733945,3.0238097
2017-11-30 06:00:00,0.3873642,2.6962905
2017-11-30 06:30:00,1.684358,2.426245
2017-11-30 07:00:00,3.64243,2.486906
2017-11-30 07:30:00,1.6784158,2.622253
2017-11-30 08:00:00,0.4491407,7.208209
2017-11-30 08:30:00,-0.7801306,6.0614986
2017-11-30 09:00:00,-2.009402,5.7073135
2017-11-30 09:30:00,-3.238677,1.3272902
2017-11-30 10:00:00,11.856553,-1.9344412
2017-11-30 10:30:00,1.1703337,-1.5637634
2017-11-30 11:00:00,1.1703337,-0.782625
2017-11-30 11:30:00,1.1703337,0.3015817
2017-11-30 12:00:00,1.1703337,-0.79588085
2017-11-30 12:30:00,1.1703337,-1.7724093
2017-11-30 13:00:00,1.1703337,-2.110961
2017-11-30 13:30:00,1.1703337,-1.5964885
2017-11-30 14:00:00,1.1703337,-2.6660037
2017-11-30 14:30:00,1.1703337,-3.7363858
2017-11-30 15:00:00,1.1703337,-2.7008314
2017-11-30 15:30:00,1.1703337,-2.1726623
2017-11-30 16:00:00,1.1703337,-1.3378297
2017-11-30 16:30:00,1.1703337,0.78982896
2017-11-30 17:00:00,1.1703337,3.7861042
2017-11-30 17:30:00,1.1703337,3.3812995
2017-11-30 18:00:00,1.1703337,4.2088294
2017-11-30 18:30:00,1.1703337,4.756871
2017-11-30 19:00:00,1.1703337,5.898849
2017-11-30 19:30:00,1.1703337,5.873392
2017-11-30 20:00:00,1.1703337,6.0334272
2017-11-30 20:30:00,1.1703337,6.209476
2017-11-30 21:00:00,1.1703337,6.46792
2017-11-30 21:30:00,1.1703337,6.901629
2017-11-30 22:00:00,1.1703337,6.5419464
2017-11-30 22:30:00,1.1703337,6.361794
2017-11-30 23:00:00,1.1703337,6.1686497
2017-11-30 23:30:00,1.1703337,5.8405128
