时间,真实值,预测值
2017-04-28 19:00:00,3.9815166,1.2857817
2017-04-28 19:30:00,3.883183,3.228759
2017-04-28 20:00:00,3.1135032,6.265706
2017-04-28 20:30:00,4.2741365,7.6624804
2017-04-28 21:00:00,4.9026327,8.879095
2017-04-28 21:30:00,5.051767,9.378673
2017-04-28 22:00:00,5.8418956,9.902464
2017-04-28 22:30:00,5.061944,9.989241
2017-04-28 23:00:00,5.4606485,8.4210415
2017-04-28 23:30:00,3.9218051,8.747464
2017-04-29 00:00:00,3.5646358,7.281915
2017-04-29 00:30:00,2.9955382,6.900649
2017-04-29 01:00:00,2.980568,6.1119714
2017-04-29 01:30:00,4.8063188,5.8771114
2017-04-29 02:00:00,4.851331,5.7177134
2017-04-29 02:30:00,4.3052826,5.736026
2017-04-29 03:00:00,3.1283154,5.4031672
2017-04-29 03:30:00,2.5324876,6.0341883
2017-04-29 04:00:00,8.713393,4.874753
2017-04-29 04:30:00,2.7933695,4.7604885
2017-04-29 05:00:00,8.1307125,4.636762
2017-04-29 05:30:00,5.280869,4.3750663
2017-04-29 06:00:00,4.4633207,3.6977217
2017-04-29 06:30:00,3.363409,2.6527777
2017-04-29 07:00:00,-2.8686924,0.84632653
2017-04-29 07:30:00,-8.9101095,-0.9757279
2017-04-29 08:00:00,-11.509184,-5.3197293
2017-04-29 08:30:00,-7.713828,-7.3637085
2017-04-29 09:00:00,-20.0258,-6.532007
2017-04-29 09:30:00,-15.869132,-9.53679
2017-04-29 10:00:00,-14.503749,-12.262176
2017-04-29 10:30:00,-18.653013,-15.548693
2017-04-29 11:00:00,-26.628038,-22.281393
2017-04-29 11:30:00,-25.448153,-24.000923
2017-04-29 12:00:00,-24.268265,-25.296711
2017-04-29 12:30:00,-23.088379,-24.864529
2017-04-29 13:00:00,-21.908491,-22.730396
2017-04-29 13:30:00,-20.728605,-20.892027
2017-04-29 14:00:00,-19.54872,-18.542372
2017-04-29 14:30:00,-18.368832,-15.871083
2017-04-29 15:00:00,-17.188948,-13.162028
2017-04-29 15:30:00,-16.00906,-10.888036
2017-04-29 16:00:00,-14.829176,-8.364137
2017-04-29 16:30:00,-13.649288,-5.6592574
2017-04-29 17:00:00,-12.4694,-3.7530253
2017-04-29 17:30:00,-11.289516,-1.278721
2017-04-29 18:00:00,-10.109629,0.35403615
2017-04-29 18:30:00,-8.929745,2.4543052
2017-04-29 19:00:00,-7.7498574,3.8404274
2017-04-29 19:30:00,-6.5699697,5.1459403
2017-04-29 20:00:00,-5.3900857,6.2595754
2017-04-29 20:30:00,-4.210198,6.6353664
2017-04-29 21:00:00,-3.0303137,7.875222
2017-04-29 21:30:00,-1.8504258,8.484324
2017-04-29 22:00:00,-0.67053807,9.261662
2017-04-29 22:30:00,0.50934595,8.970609
2017-04-29 23:00:00,1.6892338,8.889736
2017-04-29 23:30:00,2.8691177,8.624295
2017-04-30 00:00:00,4.0490055,7.864487
2017-04-30 00:30:00,4.402034,7.4633937
2017-04-30 01:00:00,3.1360586,6.590158
2017-04-30 01:30:00,3.6348224,6.253878
2017-04-30 02:00:00,2.5813513,5.6681037
2017-04-30 02:30:00,3.3770566,5.1943293
2017-04-30 03:00:00,3.319881,4.7377295
2017-04-30 03:30:00,3.546647,4.2534122
2017-04-30 04:00:00,3.0768971,4.4703593
2017-04-30 04:30:00,1.681385,4.2174654
2017-04-30 05:00:00,1.5997813,3.7690012
2017-04-30 05:30:00,1.5181812,3.8007917
2017-04-30 06:00:00,2.3045082,2.268516
2017-04-30 06:30:00,1.5486305,1.0524516
2017-04-30 07:00:00,-4.5931444,-0.5832936
2017-04-30 07:30:00,-5.6566725,-2.0081396
2017-04-30 08:00:00,-12.827279,-4.210654
2017-04-30 08:30:00,-21.595823,-6.38062
2017-04-30 09:00:00,-15.995048,-10.614407
2017-04-30 09:30:00,-17.463516,-12.103124
2017-04-30 10:00:00,-18.164124,-15.332394
2017-04-30 10:30:00,-28.081053,-15.712349
2017-04-30 11:00:00,-22.780973,-20.309443
2017-04-30 11:30:00,-24.080145,-19.765102
2017-04-30 12:00:00,-24.742592,-20.875767
2017-04-30 12:30:00,-39.56868,-20.714987
2017-04-30 13:00:00,-19.774418,-20.500368
2017-04-30 13:30:00,-28.12152,-19.271282
2017-04-30 14:00:00,-22.585518,-18.11601
2017-04-30 14:30:00,-17.433907,-16.86238
2017-04-30 15:00:00,-15.301105,-15.043576
2017-04-30 15:30:00,-20.10085,-13.2427845
2017-04-30 16:00:00,-11.108061,-11.504678
2017-04-30 16:30:00,-8.658282,-9.58548
2017-04-30 17:00:00,-2.5876744,-7.9066176
2017-04-30 17:30:00,1.5230796,-5.87325
2017-04-30 18:00:00,-2.3123763,-3.7751434
2017-04-30 18:30:00,0.94773114,-1.8843379
2017-04-30 19:00:00,0.6754812,0.6837181
2017-04-30 19:30:00,-0.471429,1.8771029
2017-04-30 20:00:00,-3.3934329,3.0335724
2017-04-30 20:30:00,1.6562335,3.8859751
2017-04-30 21:00:00,6.7059035,4.4891315
2017-04-30 21:30:00,4.49926,5.0335293
2017-04-30 22:00:00,2.2926126,5.315418
2017-04-30 22:30:00,4.898838,5.4513264
2017-04-30 23:00:00,7.505068,5.2313614
2017-04-30 23:30:00,0.98324084,4.602831
2017-05-01 00:00:00,0.12182511,4.514415
2017-05-01 00:30:00,-0.93011993,3.639638
2017-05-01 01:00:00,-0.30778438,3.1211562
2017-05-01 01:30:00,0.32411063,3.3177783
2017-05-01 02:00:00,0.809498,3.1231759
2017-05-01 02:30:00,1.2948891,3.1790555
2017-05-01 03:00:00,1.4042329,3.0306072
2017-05-01 03:30:00,1.5135729,2.7125382
2017-05-01 04:00:00,1.622913,2.5354342
2017-05-01 04:30:00,1.7322531,1.9297345
2017-05-01 05:00:00,7.2962904,1.3892287
2017-05-01 05:30:00,6.234714,1.4124472
2017-05-01 06:00:00,3.7348819,1.1122801
2017-05-01 06:30:00,-3.798961,0.19596821
2017-05-01 07:00:00,-11.3328,-2.5317233
2017-05-01 07:30:00,-18.866642,-4.513741
2017-05-01 08:00:00,-7.6316175,-9.664111
2017-05-01 08:30:00,-19.074177,-14.545001
2017-05-01 09:00:00,-30.447622,-17.503298
2017-05-01 09:30:00,-22.100786,-19.40442
2017-05-01 10:00:00,-27.034943,-19.820786
2017-05-01 10:30:00,-18.934729,-23.72918
2017-05-01 11:00:00,-22.805279,-19.508919
2017-05-01 11:30:00,-26.34032,-22.145624
2017-05-01 12:00:00,-17.906973,-23.623158
2017-05-01 12:30:00,-23.706392,-25.081604
2017-05-01 13:00:00,-21.81065,-25.284597
2017-05-01 13:30:00,-23.861696,-25.745188
2017-05-01 14:00:00,-22.59068,-25.294052
2017-05-01 14:30:00,-20.538105,-23.359594
2017-05-01 15:00:00,-14.46871,-22.251923
2017-05-01 15:30:00,-11.047185,-20.940708
2017-05-01 16:00:00,-2.750234,-17.843975
2017-05-01 16:30:00,-1.217359,-14.858382
2017-05-01 17:00:00,-0.48492223,-11.537745
2017-05-01 17:30:00,3.0138733,-8.002966
2017-05-01 18:00:00,5.0449014,-6.005032
2017-05-01 18:30:00,4.781329,-2.388652
2017-05-01 19:00:00,5.043733,-0.30615285
2017-05-01 19:30:00,5.8523216,1.1674324
2017-05-01 20:00:00,5.792595,2.1654534
2017-05-01 20:30:00,4.8980093,3.3128424
2017-05-01 21:00:00,6.630943,4.5620275
2017-05-01 21:30:00,6.6034174,5.25149
2017-05-01 22:00:00,4.9410024,5.57168
2017-05-01 22:30:00,4.4271665,5.99485
2017-05-01 23:00:00,5.78787,5.891264
2017-05-01 23:30:00,5.2582345,4.980834
2017-05-02 00:00:00,7.266794,3.4655144
2017-05-02 00:30:00,7.4857607,2.6699936
2017-05-02 01:00:00,8.21914,1.9808362
2017-05-02 01:30:00,5.609281,2.033268
2017-05-02 02:00:00,3.667751,1.9458616
2017-05-02 02:30:00,5.630804,1.3879476
2017-05-02 03:00:00,6.1747727,1.1778171
2017-05-02 03:30:00,5.8053985,1.2437761
2017-05-02 04:00:00,8.337881,1.0113991
2017-05-02 04:30:00,10.870359,0.7267035
2017-05-02 05:00:00,13.402839,0.43328115
2017-05-02 05:30:00,15.935317,0.3233646
2017-05-02 06:00:00,18.467802,-0.2993855
2017-05-02 06:30:00,21.00028,-1.8616055
2017-05-02 07:00:00,23.53276,-5.0020223
2017-05-02 07:30:00,26.065239,-8.041072
2017-05-02 08:00:00,28.597717,-10.799088
2017-05-02 08:30:00,31.130203,-15.399872
2017-05-02 09:00:00,46.482998,-18.42646
2017-05-02 09:30:00,18.529741,-20.25068
2017-05-02 10:00:00,-9.42352,-22.219112
2017-05-02 10:30:00,-6.3966827,-23.098969
2017-05-02 11:00:00,-11.352163,-23.407251
2017-05-02 11:30:00,-22.21755,-23.284376
2017-05-02 12:00:00,-18.626904,-22.030949
2017-05-02 12:30:00,-9.897415,-21.554905
2017-05-02 13:00:00,-4.553373,-20.299133
2017-05-02 13:30:00,-5.327209,-18.615263
2017-05-02 14:00:00,29.976099,-17.433779
2017-05-02 14:30:00,-2.9158754,-15.723306
2017-05-02 15:00:00,-5.1304626,-13.661915
2017-05-02 15:30:00,-4.853299,-11.793526
2017-05-02 16:00:00,-5.1019497,-10.160403
2017-05-02 16:30:00,-4.5954695,-7.6107802
2017-05-02 17:00:00,-3.3684132,-5.363148
2017-05-02 17:30:00,-0.763005,-3.0189342
2017-05-02 18:00:00,1.8424033,-0.8786452
2017-05-02 18:30:00,4.877383,0.48890448
2017-05-02 19:00:00,5.702637,2.0968268
2017-05-02 19:30:00,3.9759474,3.0657325
2017-05-02 20:00:00,4.0180774,4.0759916
2017-05-02 20:30:00,5.2836385,4.611177
2017-05-02 21:00:00,3.2390947,5.3112545
2017-05-02 21:30:00,2.3965342,5.9828715
2017-05-02 22:00:00,7.2779703,6.2985477
2017-05-02 22:30:00,10.09002,6.4469357
2017-05-02 23:00:00,6.0722866,6.8430367
2017-05-02 23:30:00,4.837269,6.0335402
2017-05-03 00:00:00,5.3399477,5.4912105
2017-05-03 00:30:00,5.4655995,5.3261566
2017-05-03 01:00:00,4.876818,4.3198647
2017-05-03 01:30:00,4.470404,3.8181095
2017-05-03 02:00:00,4.803937,3.3587065
2017-05-03 02:30:00,10.267117,2.5856693
2017-05-03 03:00:00,8.139303,2.1731968
2017-05-03 03:30:00,7.371394,2.1169744
2017-05-03 04:00:00,10.848287,2.1874626
2017-05-03 04:30:00,8.172115,2.202885
2017-05-03 05:00:00,7.659579,1.9703273
2017-05-03 05:30:00,4.900997,1.8412428
2017-05-03 06:00:00,-0.48474514,0.7670928
2017-05-03 06:30:00,-2.2800956,-0.38542798
2017-05-03 07:00:00,-1.8114647,-2.573013
2017-05-03 07:30:00,-8.623432,-5.419608
2017-05-03 08:00:00,-11.974326,-6.804174
2017-05-03 08:30:00,-14.692578,-7.9514155
2017-05-03 09:00:00,-20.539312,-10.04185
2017-05-03 09:30:00,-22.89017,-12.288642
2017-05-03 10:00:00,-29.064623,-17.29131
2017-05-03 10:30:00,-25.934633,-17.845438
2017-05-03 11:00:00,-23.358332,-17.271713
2017-05-03 11:30:00,-33.878098,-18.209257
2017-05-03 12:00:00,-25.553476,-18.563507
2017-05-03 12:30:00,-24.536655,-15.904784
2017-05-03 13:00:00,-14.461592,-14.29257
2017-05-03 13:30:00,-18.764746,-11.968105
2017-05-03 14:00:00,-20.516357,-8.630644
2017-05-03 14:30:00,-19.971416,-8.158106
2017-05-03 15:00:00,-15.865477,-8.046264
2017-05-03 15:30:00,-22.955513,-7.282768
2017-05-03 16:00:00,-10.372149,-5.7368407
2017-05-03 16:30:00,-12.679297,-3.9302573
2017-05-03 17:00:00,-3.9400465,-2.1840603
2017-05-03 17:30:00,-1.3059373,-1.6891739
2017-05-03 18:00:00,0.6841175,-0.022678018
2017-05-03 18:30:00,3.1719754,1.4501876
2017-05-03 19:00:00,6.235773,2.9662156
2017-05-03 19:30:00,7.694162,4.2600365
2017-05-03 20:00:00,6.5787635,4.012795
2017-05-03 20:30:00,6.2633395,4.3147516
2017-05-03 21:00:00,6.4338684,5.0038037
2017-05-03 21:30:00,8.379661,4.6534243
2017-05-03 22:00:00,7.043321,4.4988003
2017-05-03 22:30:00,5.97731,4.5120068
2017-05-03 23:00:00,7.4758472,3.6984339
2017-05-03 23:30:00,9.680012,2.187519
2017-05-04 00:00:00,7.190997,2.0433888
2017-05-04 00:30:00,7.405182,2.2256136
2017-05-04 01:00:00,8.152567,2.056818
2017-05-04 01:30:00,8.798053,1.9023523
2017-05-04 02:00:00,7.7841644,1.7095019
2017-05-04 02:30:00,8.083058,1.1071782
2017-05-04 03:00:00,8.348157,1.3039926
2017-05-04 03:30:00,9.6973295,1.3403652
2017-05-04 04:00:00,8.478876,1.4224588
2017-05-04 04:30:00,8.468597,1.2470994
2017-05-04 05:00:00,7.8022056,0.69434386
2017-05-04 05:30:00,7.1358147,0.25960988
2017-05-04 06:00:00,6.469427,-0.34062636
2017-05-04 06:30:00,5.8030357,-0.98759717
2017-05-04 07:00:00,5.136645,-2.2059073
2017-05-04 07:30:00,4.4702573,-3.9056296
2017-05-04 08:00:00,3.8038666,-6.8334703
2017-05-04 08:30:00,3.1374755,-10.18789
2017-05-04 09:00:00,2.471084,-13.701351
2017-05-04 09:30:00,1.8046968,-17.824411
2017-05-04 10:00:00,1.1383057,-21.372768
2017-05-04 10:30:00,0.47191453,-20.278711
2017-05-04 11:00:00,-0.19447283,-20.290844
2017-05-04 11:30:00,-0.8608639,-21.56213
2017-05-04 12:00:00,-1.527255,-21.992224
2017-05-04 12:30:00,-2.1936424,-22.039192
2017-05-04 13:00:00,-2.8600335,-19.403976
2017-05-04 13:30:00,-3.5264246,-19.097271
2017-05-04 14:00:00,-4.1928124,-19.509594
2017-05-04 14:30:00,-4.8592033,-18.03961
2017-05-04 15:00:00,-7.4222293,-16.879938
2017-05-04 15:30:00,-6.1755495,-17.739052
2017-05-04 16:00:00,-4.928874,-14.060737
2017-05-04 16:30:00,-0.17422733,-11.9506855
2017-05-04 17:00:00,3.8704433,-8.050016
2017-05-04 17:30:00,3.6606333,-4.448818
2017-05-04 18:00:00,4.6875734,-1.719514
2017-05-04 18:30:00,13.899334,0.82965684
2017-05-04 19:00:00,23.111105,3.5047393
2017-05-04 19:30:00,32.322865,5.122669
2017-05-04 20:00:00,41.53463,5.1532054
2017-05-04 20:30:00,50.74639,5.644998
2017-05-04 21:00:00,9.324301,5.7478724
2017-05-04 21:30:00,11.498577,6.2309046
2017-05-04 22:00:00,5.8813086,6.8076324
2017-05-04 22:30:00,4.5435038,6.7414584
2017-05-04 23:00:00,7.818242,6.598568
2017-05-04 23:30:00,4.6815333,6.9302506
2017-05-05 00:00:00,10.661277,6.561581
2017-05-05 00:30:00,8.274195,6.673823
2017-05-05 01:00:00,12.157225,6.2459955
2017-05-05 01:30:00,16.684637,6.496553
2017-05-05 02:00:00,13.700617,6.7410026
2017-05-05 02:30:00,6.8047724,7.011286
2017-05-05 03:00:00,6.6207542,6.9199114
2017-05-05 03:30:00,15.668436,6.9398518
2017-05-05 04:00:00,13.571878,7.0184975
2017-05-05 04:30:00,11.267007,6.785167
2017-05-05 05:00:00,9.693042,6.358282
2017-05-05 05:30:00,5.835897,5.657832
2017-05-05 06:00:00,7.979988,4.5440164
2017-05-05 06:30:00,4.013447,2.7511
2017-05-05 07:00:00,3.2326026,0.021705355
2017-05-05 07:30:00,2.403716,-1.1508121
2017-05-05 08:00:00,-3.1761017,-3.0352082
2017-05-05 08:30:00,-2.5762799,-5.5517898
2017-05-05 09:00:00,-3.2258508,-8.34139
2017-05-05 09:30:00,-3.1313756,-12.465045
2017-05-05 10:00:00,-3.1754386,-12.723553
2017-05-05 10:30:00,-3.0949314,-14.384974
2017-05-05 11:00:00,-3.5610113,-19.273026
2017-05-05 11:30:00,-4.0270915,-19.523651
2017-05-05 12:00:00,-4.4931717,-18.257906
2017-05-05 12:30:00,-6.601738,-17.662655
2017-05-05 13:00:00,-5.3896675,-16.713953
2017-05-05 13:30:00,-7.4130807,-16.19226
2017-05-05 14:00:00,-4.4908733,-16.886599
2017-05-05 14:30:00,-2.5435963,-16.721094
2017-05-05 15:00:00,3.2914286,-15.295158
2017-05-05 15:30:00,-6.0391703,-11.822721
2017-05-05 16:00:00,-11.775522,-9.080394
2017-05-05 16:30:00,-19.05657,-6.1951094
2017-05-05 17:00:00,-12.755946,-2.8235178
2017-05-05 17:30:00,-12.584141,-1.6728735
2017-05-05 18:00:00,-0.66042095,-0.53808504
2017-05-05 18:30:00,1.7424192,1.5248204
2017-05-05 19:00:00,1.7393408,3.114905
2017-05-05 19:30:00,1.7362585,3.0531285
2017-05-05 20:00:00,1.73318,4.9060917
2017-05-05 20:30:00,-0.04310062,5.9616466
2017-05-05 21:00:00,0.4000473,6.5718455
2017-05-05 21:30:00,0.84536564,6.5266256
2017-05-05 22:00:00,1.6495378,6.5686088
2017-05-05 22:30:00,2.64725,6.467125
2017-05-05 23:00:00,3.9894369,5.934464
2017-05-05 23:30:00,0.97464603,5.069823
2017-05-06 00:00:00,-43.304497,5.2546887
2017-05-06 00:30:00,-31.042875,5.580614
2017-05-06 01:00:00,-18.781254,5.818926
2017-05-06 01:30:00,-6.519633,5.8865047
2017-05-06 02:00:00,5.7419868,4.8976927
2017-05-06 02:30:00,4.6699805,3.6052096
2017-05-06 03:00:00,3.597975,2.85648
2017-05-06 03:30:00,2.3684926,2.0725043
2017-05-06 04:00:00,4.6890883,0.83580625
2017-05-06 04:30:00,2.4597802,0.1326732
2017-05-06 05:00:00,2.0691206,-0.66242933
2017-05-06 05:30:00,2.7651246,-1.1871471
2017-05-06 06:00:00,2.2399433,-1.785944
2017-05-06 06:30:00,1.7147583,-2.9145718
2017-05-06 07:00:00,2.6939392,-4.190499
2017-05-06 07:30:00,-4.886891,-5.352161
2017-05-06 08:00:00,-4.993842,-8.858164
2017-05-06 08:30:00,-18.94981,-10.73747
2017-05-06 09:00:00,-23.98089,-12.788544
2017-05-06 09:30:00,-17.287415,-12.661064
2017-05-06 10:00:00,-24.216232,-12.256577
2017-05-06 10:30:00,-36.930447,-12.375186
2017-05-06 11:00:00,-31.411324,-14.31773
2017-05-06 11:30:00,-34.249325,-12.284934
2017-05-06 12:00:00,-32.66194,-11.046891
2017-05-06 12:30:00,-33.462837,-9.979406
2017-05-06 13:00:00,-42.669533,-11.850016
2017-05-06 13:30:00,-41.492977,-11.712412
2017-05-06 14:00:00,-23.730951,-11.162727
2017-05-06 14:30:00,-16.080385,-9.86374
2017-05-06 15:00:00,-17.16802,-7.4470906
2017-05-06 15:30:00,-28.2193,-5.705826
2017-05-06 16:00:00,-8.994027,-7.20171
2017-05-06 16:30:00,-4.1317782,-8.18187
2017-05-06 17:00:00,-2.5453823,-7.079299
2017-05-06 17:30:00,-9.981521,-5.923022
2017-05-06 18:00:00,1.0090668,-2.9736505
2017-05-06 18:30:00,0.25382975,-0.5310313
2017-05-06 19:00:00,-0.50140727,0.339307
2017-05-06 19:30:00,3.2840471,1.0338452
2017-05-06 20:00:00,6.478165,1.7044452
2017-05-06 20:30:00,7.7274747,2.303551
2017-05-06 21:00:00,4.4491754,3.3044395
2017-05-06 21:30:00,0.5173153,4.2038894
2017-05-06 22:00:00,0.76746964,4.978023
2017-05-06 22:30:00,1.0176202,5.8217893
2017-05-06 23:00:00,1.2677745,5.5605645
2017-05-06 23:30:00,1.517925,5.2129846
2017-05-07 00:00:00,0.20389609,0.7752317
2017-05-07 00:30:00,3.5580492,-1.2347295
2017-05-07 01:00:00,0.6226274,-0.5157784
2017-05-07 01:30:00,0.34654912,1.0571654
2017-05-07 02:00:00,2.8939753,2.5220277
2017-05-07 02:30:00,1.7558484,4.483163
2017-05-07 03:00:00,0.61772144,4.349308
2017-05-07 03:30:00,-0.52040553,4.9484177
2017-05-07 04:00:00,-39.361576,4.662245
2017-05-07 04:30:00,-24.139189,3.392498
2017-05-07 05:00:00,-8.916801,3.362011
2017-05-07 05:30:00,-0.9978838,3.045566
2017-05-07 06:00:00,-4.1833057,1.6993132
2017-05-07 06:30:00,-7.368731,3.3006
2017-05-07 07:00:00,-10.5541525,3.686365
2017-05-07 07:30:00,-13.739577,3.3913374
2017-05-07 08:00:00,-16.964352,2.0673873
2017-05-07 08:30:00,-20.189129,-0.27519864
2017-05-07 09:00:00,-22.791685,-5.1496077
2017-05-07 09:30:00,-22.704912,-7.199879
2017-05-07 10:00:00,-28.0935,-10.650436
2017-05-07 10:30:00,-25.648,-15.212239
2017-05-07 11:00:00,-45.75744,-16.785967
2017-05-07 11:30:00,-34.1547,-18.740444
2017-05-07 12:00:00,-40.24468,-21.04327
2017-05-07 12:30:00,-47.77715,-21.067122
2017-05-07 13:00:00,-26.885506,-22.736935
2017-05-07 13:30:00,-30.496672,-23.11427
2017-05-07 14:00:00,-27.78632,-21.947031
2017-05-07 14:30:00,-18.105246,-19.60814
2017-05-07 15:00:00,-25.910706,-18.601149
2017-05-07 15:30:00,-16.491919,-18.857641
2017-05-07 16:00:00,-25.667257,-17.1371
2017-05-07 16:30:00,-19.72476,-13.859996
2017-05-07 17:00:00,-4.6173277,-10.600295
2017-05-07 17:30:00,-3.1834908,-8.537435
2017-05-07 18:00:00,1.3020445,-5.0622315
2017-05-07 18:30:00,3.5142083,-2.4342713
2017-05-07 19:00:00,4.246675,-0.7491312
2017-05-07 19:30:00,2.449049,0.97005284
2017-05-07 20:00:00,3.7809646,6.031008
2017-05-07 20:30:00,4.407897,4.5345206
2017-05-07 21:00:00,1.2833062,5.3434067
2017-05-07 21:30:00,3.0479512,6.0636616
2017-05-07 22:00:00,5.0661225,6.4998727
2017-05-07 22:30:00,4.2747507,6.598941
2017-05-07 23:00:00,6.203526,6.9179597
2017-05-07 23:30:00,4.821658,6.5451074
2017-05-08 00:00:00,4.258024,6.984103
2017-05-08 00:30:00,3.186987,6.8469515
2017-05-08 01:00:00,4.4640703,6.0002985
2017-05-08 01:30:00,2.0136142,5.323274
2017-05-08 02:00:00,4.8050675,4.467273
2017-05-08 02:30:00,4.3515577,5.313658
2017-05-08 03:00:00,3.863111,5.7244654
2017-05-08 03:30:00,3.4419417,4.4595184
2017-05-08 04:00:00,3.0207763,0.8379465
2017-05-08 04:30:00,2.5996072,-2.0592601
2017-05-08 05:00:00,2.5313911,-2.0375414
2017-05-08 05:30:00,2.4631715,-0.35731864
2017-05-08 06:00:00,2.3949516,0.0016821581
2017-05-08 06:30:00,5.707306,-0.7523114
2017-05-08 07:00:00,2.0937748,-1.9520679
2017-05-08 07:30:00,2.8832178,-4.8361883
2017-05-08 08:00:00,7.2420344,-8.9656725
2017-05-08 08:30:00,1.9729234,-14.082832
2017-05-08 09:00:00,51.964554,-17.942575
2017-05-08 09:30:00,33.964783,-20.753315
2017-05-08 10:00:00,15.965024,-23.096142
2017-05-08 10:30:00,-2.0347455,-24.835978
2017-05-08 11:00:00,9.297171,-27.047388
2017-05-08 11:30:00,12.647801,-26.661217
2017-05-08 12:00:00,15.998431,-26.419605
2017-05-08 12:30:00,19.349064,-26.517035
2017-05-08 13:00:00,22.699692,-24.839031
2017-05-08 13:30:00,26.050325,-22.600765
2017-05-08 14:00:00,29.400959,-20.573208
2017-05-08 14:30:00,32.751583,-17.710735
2017-05-08 15:00:00,36.102215,-16.887617
2017-05-08 15:30:00,39.452843,-15.286545
2017-05-08 16:00:00,42.803474,-14.126051
2017-05-08 16:30:00,29.178396,-11.225883
2017-05-08 17:00:00,15.553316,-8.618496
2017-05-08 17:30:00,1.9282348,-3.2375164
2017-05-08 18:00:00,-11.69685,-0.29602066
2017-05-08 18:30:00,-25.32193,1.8682406
2017-05-08 19:00:00,-38.947014,2.153946
2017-05-08 19:30:00,-25.816864,2.9800556
2017-05-08 20:00:00,-12.686717,4.3020043
2017-05-08 20:30:00,0.4434284,3.0355847
2017-05-08 21:00:00,13.573574,3.9348426
2017-05-08 21:30:00,2.710982,4.121969
2017-05-08 22:00:00,-1.7626011,4.2880254
2017-05-08 22:30:00,7.491081,3.4196577
2017-05-08 23:00:00,16.744768,2.2608068
2017-05-08 23:30:00,14.408715,-0.342906
2017-05-09 00:00:00,-1.4319433,0.5946047
2017-05-09 00:30:00,-17.272598,2.2299316
2017-05-09 01:00:00,-33.113255,2.8276284
2017-05-09 01:30:00,-19.28491,3.180378
2017-05-09 02:00:00,-20.437801,2.3985274
2017-05-09 02:30:00,1.8831844,1.9594151
2017-05-09 03:00:00,1.3544801,1.5022087
2017-05-09 03:30:00,4.754418,0.9699699
2017-05-09 04:00:00,8.334995,0.45080614
2017-05-09 04:30:00,3.5057945,0.34364775
2017-05-09 05:00:00,2.1525028,-0.53366137
2017-05-09 05:30:00,0.79920757,-0.7661136
2017-05-09 06:00:00,-0.554084,-1.5195533
2017-05-09 06:30:00,-1.9073793,-2.5302086
2017-05-09 07:00:00,-3.260671,-4.0811925
2017-05-09 07:30:00,-4.6139665,-6.638476
2017-05-09 08:00:00,-2.8146856,-10.218603
2017-05-09 08:30:00,-6.1132345,-12.695474
2017-05-09 09:00:00,-5.644302,-20.095232
2017-05-09 09:30:00,-9.887543,-29.321978
2017-05-09 10:00:00,-3.9987373,-25.85016
2017-05-09 10:30:00,-9.474806,-29.659967
2017-05-09 11:00:00,-8.450952,-30.016207
2017-05-09 11:30:00,-6.422603,-29.505886
2017-05-09 12:00:00,-8.505158,-28.205866
2017-05-09 12:30:00,-16.1429,-25.77238
2017-05-09 13:00:00,-23.00342,-23.846506
2017-05-09 13:30:00,-5.615322,-21.950163
2017-05-09 14:00:00,-8.349619,-20.710985
2017-05-09 14:30:00,-24.175266,-19.38439
2017-05-09 15:00:00,-16.721802,-17.236471
2017-05-09 15:30:00,-11.480151,-16.42639
2017-05-09 16:00:00,-11.290779,-15.081076
2017-05-09 16:30:00,-14.016933,-12.027975
2017-05-09 17:00:00,-7.82535,-7.8161182
2017-05-09 17:30:00,-4.3637366,-6.4630866
2017-05-09 18:00:00,-1.7038918,-5.337492
2017-05-09 18:30:00,3.7084568,-7.329491
2017-05-09 19:00:00,2.0700173,-9.708238
2017-05-09 19:30:00,0.47893056,-10.148254
2017-05-09 20:00:00,1.3829701,-8.198186
2017-05-09 20:30:00,2.2870095,-5.468464
2017-05-09 21:00:00,1.5873694,-2.188876
2017-05-09 21:30:00,0.8877294,-1.1560912
2017-05-09 22:00:00,0.6783675,-0.94273525
2017-05-09 22:30:00,0.4690094,-0.60885954
2017-05-09 23:00:00,0.25964755,-0.67993927
2017-05-09 23:30:00,-2.6974216,-1.1965897
2017-05-10 00:00:00,-1.3749597,-1.1521461
2017-05-10 00:30:00,-0.052501805,-2.329223
2017-05-10 01:00:00,-1.0906334,-4.825122
2017-05-10 01:30:00,-0.06117199,-5.9624653
2017-05-10 02:00:00,0.9682856,-6.8040385
2017-05-10 02:30:00,1.997747,-5.517976
2017-05-10 03:00:00,3.0272045,-5.5472984
2017-05-10 03:30:00,4.056666,-5.986931
2017-05-10 04:00:00,2.5487504,-4.407751
2017-05-10 04:30:00,3.809771,-3.7336426
2017-05-10 05:00:00,1.6685549,-3.850628
2017-05-10 05:30:00,0.7458601,-5.0033336
2017-05-10 06:00:00,1.2746285,-6.068263
2017-05-10 06:30:00,-1.7786076,-7.457392
2017-05-10 07:00:00,-3.3067837,-9.3871355
2017-05-10 07:30:00,-10.9066305,-13.000705
2017-05-10 08:00:00,-11.243592,-14.537292
2017-05-10 08:30:00,-21.67893,-17.02434
2017-05-10 09:00:00,-25.628588,-17.903954
2017-05-10 09:30:00,-26.869759,-19.34344
2017-05-10 10:00:00,-28.729095,-18.101496
2017-05-10 10:30:00,-20.435709,-18.3542
2017-05-10 11:00:00,-20.272379,-19.352419
2017-05-10 11:30:00,-29.276722,-18.667051
2017-05-10 12:00:00,-16.430843,-17.439833
2017-05-10 12:30:00,-28.043905,-16.030117
2017-05-10 13:00:00,-22.54114,-18.28603
2017-05-10 13:30:00,-16.31055,-13.601092
2017-05-10 14:00:00,-3.4418592,-11.367669
2017-05-10 14:30:00,-19.375072,-15.798142
2017-05-10 15:00:00,-9.843879,-14.789808
2017-05-10 15:30:00,-17.21398,-12.282481
2017-05-10 16:00:00,-11.892131,-10.45164
2017-05-10 16:30:00,-9.093812,-8.968001
2017-05-10 17:00:00,-6.1341166,-6.597638
2017-05-10 17:30:00,-1.3663536,-4.135667
2017-05-10 18:00:00,1.3223541,-2.401727
2017-05-10 18:30:00,2.4617999,-0.18073468
2017-05-10 19:00:00,1.5936017,1.2504002
2017-05-10 19:30:00,2.38075,2.2634895
2017-05-10 20:00:00,3.1678982,2.9717622
2017-05-10 20:30:00,7.3249497,3.7252057
2017-05-10 21:00:00,6.5159016,4.3232484
2017-05-10 21:30:00,3.316015,4.7326202
2017-05-10 22:00:00,2.2771373,5.306838
2017-05-10 22:30:00,2.995557,5.1798716
2017-05-10 23:00:00,7.7450976,4.6059923
2017-05-10 23:30:00,2.4906929,2.885618
2017-05-11 00:00:00,3.463035,2.7457345
2017-05-11 00:30:00,4.365164,3.2215095
2017-05-11 01:00:00,2.1893125,2.9760878
2017-05-11 01:30:00,1.7180854,3.337387
2017-05-11 02:00:00,1.4606814,3.3605416
2017-05-11 02:30:00,1.2032775,3.3520973
2017-05-11 03:00:00,2.4293685,3.2537298
2017-05-11 03:30:00,3.757068,3.070273
2017-05-11 04:00:00,3.1555505,2.7314537
2017-05-11 04:30:00,3.973649,2.5190058
2017-05-11 05:00:00,4.7917476,2.8681684
2017-05-11 05:30:00,2.161192,3.1061556
2017-05-11 06:00:00,4.5134993,3.4559362
2017-05-11 06:30:00,-0.05245282,2.5758877
2017-05-11 07:00:00,-4.6184053,2.0574963
2017-05-11 07:30:00,-1.4510924,1.6483923
2017-05-11 08:00:00,-3.5698512,1.198541
2017-05-11 08:30:00,-5.7335434,1.4332616
2017-05-11 09:00:00,-6.273691,-1.2525598
2017-05-11 09:30:00,-8.506812,-6.140025
2017-05-11 10:00:00,-10.31395,-9.696775
2017-05-11 10:30:00,-13.144609,-10.693915
2017-05-11 11:00:00,-16.526445,-17.56049
2017-05-11 11:30:00,-21.760458,-21.233774
2017-05-11 12:00:00,-12.248068,-21.893082
2017-05-11 12:30:00,-1.8938333,-23.52404
2017-05-11 13:00:00,-2.8878717,-22.317017
2017-05-11 13:30:00,-21.576345,-17.712378
2017-05-11 14:00:00,-37.69505,-12.123042
2017-05-11 14:30:00,-36.017952,-9.567816
2017-05-11 15:00:00,-16.237839,-7.562128
2017-05-11 15:30:00,-23.178354,-6.844409
2017-05-11 16:00:00,-9.979527,-6.931823
2017-05-11 16:30:00,-2.9693887,-6.1910815
2017-05-11 17:00:00,1.4954225,-7.288887
2017-05-11 17:30:00,2.1455207,-6.6782813
2017-05-11 18:00:00,2.7956152,-4.2938704
2017-05-11 18:30:00,1.5224693,-3.14306
2017-05-11 19:00:00,1.2824132,0.18157442
2017-05-11 19:30:00,13.931897,2.1260476
2017-05-11 20:00:00,15.127214,3.2480588
2017-05-11 20:30:00,16.322525,4.143447
2017-05-11 21:00:00,14.247392,3.0786493
2017-05-11 21:30:00,12.1722555,3.644005
2017-05-11 22:00:00,10.097119,4.348381
2017-05-11 22:30:00,8.021983,4.380673
2017-05-11 23:00:00,5.9468455,3.687454
2017-05-11 23:30:00,8.867358,1.8118033
2017-05-12 00:00:00,11.652564,0.5202129
2017-05-12 00:30:00,10.999463,0.41482168
2017-05-12 01:00:00,10.346365,1.1629673
2017-05-12 01:30:00,9.693264,2.0813215
2017-05-12 02:00:00,9.040163,2.9994795
2017-05-12 02:30:00,8.387065,3.2796462
2017-05-12 03:00:00,7.733963,3.0778465
2017-05-12 03:30:00,7.0808654,2.943046
2017-05-12 04:00:00,6.4277644,2.4037046
2017-05-12 04:30:00,5.774663,2.8704178
2017-05-12 05:00:00,5.1215653,3.1000855
2017-05-12 05:30:00,4.468464,2.5479705
2017-05-12 06:00:00,8.212248,2.217226
2017-05-12 06:30:00,11.956032,0.9561941
2017-05-12 07:00:00,15.699817,-0.5936029
2017-05-12 07:30:00,19.443596,-2.2890108
2017-05-12 08:00:00,23.187376,-4.381744
2017-05-12 08:30:00,26.931164,-6.652007
2017-05-12 09:00:00,30.674944,-8.669379
2017-05-12 09:30:00,34.41873,-11.075106
2017-05-12 10:00:00,38.16251,-15.06216
2017-05-12 10:30:00,41.906292,-17.527168
2017-05-12 11:00:00,45.650078,-20.736895
2017-05-12 11:30:00,49.39386,-23.04917
2017-05-12 12:00:00,-7.262786,-23.07211
2017-05-12 12:30:00,-11.186778,-18.514172
2017-05-12 13:00:00,-24.426699,-17.67834
2017-05-12 13:30:00,-31.192484,-20.699963
2017-05-12 14:00:00,-23.102512,-23.195501
2017-05-12 14:30:00,-40.72405,-22.671396
2017-05-12 15:00:00,-30.232576,-20.514046
2017-05-12 15:30:00,-14.19623,-19.071638
2017-05-12 16:00:00,-17.73373,-15.610681
2017-05-12 16:30:00,-16.877625,-11.608208
2017-05-12 17:00:00,-12.065697,-8.671734
2017-05-12 17:30:00,-6.0037174,-5.4948287
2017-05-12 18:00:00,-0.65029633,-5.2713895
2017-05-12 18:30:00,1.9469881,-3.337689
2017-05-12 19:00:00,3.5398986,-0.035074763
2017-05-12 19:30:00,4.7841854,0.21981217
2017-05-12 20:00:00,5.975818,1.9093382
2017-05-12 20:30:00,7.1300983,3.5731213
2017-05-12 21:00:00,7.8872685,4.659909
2017-05-12 21:30:00,5.242673,5.322487
2017-05-12 22:00:00,6.1133804,6.046841
2017-05-12 22:30:00,4.606671,6.110362
2017-05-12 23:00:00,2.0076907,5.6017375
2017-05-12 23:30:00,1.8478067,5.782252
2017-05-13 00:00:00,2.6838486,5.5175114
2017-05-13 00:30:00,3.389197,5.5596604
2017-05-13 01:00:00,3.1450226,4.656171
2017-05-13 01:30:00,5.366949,4.299962
2017-05-13 02:00:00,6.7744775,3.494528
2017-05-13 02:30:00,5.761931,2.995685
2017-05-13 03:00:00,5.0513334,2.013437
2017-05-13 03:30:00,6.0366335,1.7852238
2017-05-13 04:00:00,6.4359255,1.2470014
2017-05-13 04:30:00,11.014995,1.2444468
2017-05-13 05:00:00,6.6966796,-0.0086421855
2017-05-13 05:30:00,5.934415,-0.16328126
2017-05-13 06:00:00,4.3024077,-0.4719339
2017-05-13 06:30:00,1.2851789,-1.1599835
2017-05-13 07:00:00,-7.181951,-3.6558597
2017-05-13 07:30:00,-11.200581,-5.307604
2017-05-13 08:00:00,-14.880523,-6.8607507
2017-05-13 08:30:00,-14.336325,-9.732643
2017-05-13 09:00:00,-17.0239,-11.499161
2017-05-13 09:30:00,-18.94022,-12.510894
2017-05-13 10:00:00,-16.197397,-15.444458
2017-05-13 10:30:00,-20.495134,-20.211355
2017-05-13 11:00:00,-15.1233225,-13.738523
2017-05-13 11:30:00,-20.466894,-12.828236
2017-05-13 12:00:00,-18.875462,-14.618281
2017-05-13 12:30:00,-15.880085,-19.439335
2017-05-13 13:00:00,-17.247986,-20.377338
2017-05-13 13:30:00,-15.276608,-21.327898
2017-05-13 14:00:00,-11.507349,-22.32662
2017-05-13 14:30:00,-11.735661,-22.011648
2017-05-13 15:00:00,-11.963971,-20.826109
2017-05-13 15:30:00,-13.005321,-19.10896
2017-05-13 16:00:00,-15.231837,-17.33289
2017-05-13 16:30:00,-5.9571524,-15.391657
2017-05-13 17:00:00,-0.70420146,-13.504503
2017-05-13 17:30:00,4.548753,-10.037972
2017-05-13 18:00:00,5.0317397,-6.5231824
2017-05-13 18:30:00,7.4749727,-3.6896286
2017-05-13 19:00:00,6.704178,-1.6286597
2017-05-13 19:30:00,6.289075,0.282753
2017-05-13 20:00:00,3.9981675,2.0776289
2017-05-13 20:30:00,3.1491034,3.7299833
2017-05-13 21:00:00,3.661839,4.7083354
2017-05-13 21:30:00,5.958044,5.738264
2017-05-13 22:00:00,5.6651044,6.3574533
2017-05-13 22:30:00,5.372168,5.7113943
2017-05-13 23:00:00,5.079228,5.7110586
2017-05-13 23:30:00,4.786288,5.3913774
2017-05-14 00:00:00,4.4933476,5.044434
2017-05-14 00:30:00,2.8383482,3.610481
2017-05-14 01:00:00,4.2407403,4.252738
2017-05-14 01:30:00,2.3023753,4.527426
2017-05-14 02:00:00,2.7146633,4.169028
2017-05-14 02:30:00,3.8361735,3.7283633
2017-05-14 03:00:00,4.2415204,3.7883725
2017-05-14 03:30:00,4.49224,3.7143877
2017-05-14 04:00:00,4.7429557,3.1606486
2017-05-14 04:30:00,4.04925,3.616314
2017-05-14 05:00:00,5.205897,3.390207
2017-05-14 05:30:00,3.4603825,3.1943007
2017-05-14 06:00:00,2.5194767,1.963119
2017-05-14 06:30:00,-1.22358,1.6211647
2017-05-14 07:00:00,-4.966637,0.061989136
2017-05-14 07:30:00,-10.078423,-2.4793518
2017-05-14 08:00:00,-14.44652,-6.4192986
2017-05-14 08:30:00,-7.211262,-8.774153
2017-05-14 09:00:00,-15.097625,-11.330739
2017-05-14 09:30:00,-16.404928,-13.71082
2017-05-14 10:00:00,-28.05864,-14.557703
2017-05-14 10:30:00,-22.246998,-15.309006
2017-05-14 11:00:00,-19.93638,-15.8009
2017-05-14 11:30:00,-15.587413,-15.806138
2017-05-14 12:00:00,-15.590325,-17.12104
2017-05-14 12:30:00,-18.370209,-18.911366
2017-05-14 13:00:00,-15.14992,-21.384283
2017-05-14 13:30:00,-20.980469,-21.433252
2017-05-14 14:00:00,-21.871012,-18.975477
2017-05-14 14:30:00,-16.52879,-14.867998
2017-05-14 15:00:00,-13.159432,-13.659873
2017-05-14 15:30:00,-14.458005,-12.1683035
2017-05-14 16:00:00,-8.711894,-12.025372
2017-05-14 16:30:00,-6.2653527,-9.371182
2017-05-14 17:00:00,-4.088333,-5.887919
2017-05-14 17:30:00,-2.2411306,-2.2420125
2017-05-14 18:00:00,0.3510029,1.6037076
2017-05-14 18:30:00,6.289535,4.5327425
2017-05-14 19:00:00,3.235195,5.974955
2017-05-14 19:30:00,1.7543826,7.4810433
2017-05-14 20:00:00,2.9882622,8.963277
2017-05-14 20:30:00,5.2196126,7.4142437
2017-05-14 21:00:00,7.0374994,6.88991
2017-05-14 21:30:00,3.1735427,8.099034
2017-05-14 22:00:00,2.5899875,8.475621
2017-05-14 22:30:00,2.2940707,8.606676
2017-05-14 23:00:00,0.77308017,8.629216
2017-05-14 23:30:00,0.30902353,8.411885
2017-05-15 00:00:00,0.81302863,7.8853393
2017-05-15 00:30:00,0.40199915,7.367287
2017-05-15 01:00:00,3.1494992,7.108749
2017-05-15 01:30:00,1.0122168,6.5514264
2017-05-15 02:00:00,0.94067365,6.1259656
2017-05-15 02:30:00,0.86913425,6.450018
2017-05-15 03:00:00,1.4552028,6.2850285
2017-05-15 03:30:00,2.041275,6.7172265
2017-05-15 04:00:00,2.6273472,7.1588783
2017-05-15 04:30:00,3.2134159,7.7690396
2017-05-15 05:00:00,1.9754517,7.7684746
2017-05-15 05:30:00,4.1826677,7.629755
2017-05-15 06:00:00,4.3599715,6.677813
2017-05-15 06:30:00,1.4800829,6.1094656
2017-05-15 07:00:00,2.406979,4.607545
2017-05-15 07:30:00,8.1828575,3.4698212
2017-05-15 08:00:00,0.34062204,1.8942775
2017-05-15 08:30:00,-7.5016136,-0.9015396
2017-05-15 09:00:00,-13.991051,-3.4624665
2017-05-15 09:30:00,-16.669874,-3.693046
2017-05-15 10:00:00,-11.1119795,-8.658346
2017-05-15 10:30:00,-2.753041,-11.062728
2017-05-15 11:00:00,-11.923503,-15.064869
2017-05-15 11:30:00,-14.204919,-20.069963
2017-05-15 12:00:00,-15.61284,-21.44063
2017-05-15 12:30:00,-4.6352706,-21.852695
2017-05-15 13:00:00,-3.4915707,-21.58159
2017-05-15 13:30:00,-5.808787,-20.40555
2017-05-15 14:00:00,-14.989901,-20.331902
2017-05-15 14:30:00,-16.535816,-16.834082
2017-05-15 15:00:00,-18.081732,-14.181637
2017-05-15 15:30:00,-19.62765,-12.3372345
2017-05-15 16:00:00,-21.173565,-9.433215
2017-05-15 16:30:00,-24.058054,-6.940267
2017-05-15 17:00:00,-26.942545,-4.203197
2017-05-15 17:30:00,-29.827036,-1.222378
2017-05-15 18:00:00,-32.711525,0.39970818
2017-05-15 18:30:00,-27.234001,2.6854386
2017-05-15 19:00:00,-21.756477,4.186289
2017-05-15 19:30:00,-16.278952,4.9105453
2017-05-15 20:00:00,-10.801428,5.678993
2017-05-15 20:30:00,-5.3239045,5.613746
2017-05-15 21:00:00,0.15361956,5.811962
2017-05-15 21:30:00,5.631143,5.33592
2017-05-15 22:00:00,4.7536345,5.3545
2017-05-15 22:30:00,6.241312,5.2747536
2017-05-15 23:00:00,5.5846157,5.231282
2017-05-15 23:30:00,4.0603924,4.5790057
2017-05-16 00:00:00,3.6430705,4.288658
2017-05-16 00:30:00,9.707424,4.041997
2017-05-16 01:00:00,12.372883,3.9853976
2017-05-16 01:30:00,19.093052,3.5412138
2017-05-16 02:00:00,10.855096,3.197986
2017-05-16 02:30:00,35.69819,2.7054393
2017-05-16 03:00:00,10.633096,2.9007993
2017-05-16 03:30:00,-1.3539116,2.5250947
2017-05-16 04:00:00,3.1852312,2.0280154
2017-05-16 04:30:00,0.25740182,1.8557873
2017-05-16 05:00:00,5.4164457,1.2517492
2017-05-16 05:30:00,2.4916048,0.8168343
2017-05-16 06:00:00,9.614471,0.038469225
2017-05-16 06:30:00,5.390051,-1.5085431
2017-05-16 07:00:00,1.1671574,-3.0397487
2017-05-16 07:30:00,1.1906961,-4.509943
2017-05-16 08:00:00,-2.4668908,-5.6217012
2017-05-16 08:30:00,-4.7747927,-10.539547
2017-05-16 09:00:00,-7.082694,-12.865328
2017-05-16 09:30:00,-13.993119,-15.170822
2017-05-16 10:00:00,-12.197629,-17.773525
2017-05-16 10:30:00,-19.531456,-17.030794
2017-05-16 11:00:00,-19.309717,-19.726322
2017-05-16 11:30:00,-17.33428,-22.740799
2017-05-16 12:00:00,-29.837551,-22.796894
2017-05-16 12:30:00,-28.684946,-20.707262
2017-05-16 13:00:00,-20.020237,-17.848038
2017-05-16 13:30:00,-24.9257,-17.733437
2017-05-16 14:00:00,-19.792772,-16.2158
2017-05-16 14:30:00,-26.802792,-15.305566
2017-05-16 15:00:00,-20.30496,-14.523037
2017-05-16 15:30:00,-10.389565,-13.349743
2017-05-16 16:00:00,-5.20184,-12.2969055
2017-05-16 16:30:00,-10.6603155,-11.6826105
2017-05-16 17:00:00,-8.513712,-10.248149
2017-05-16 17:30:00,-4.16624,-10.01486
2017-05-16 18:00:00,-0.6677196,-9.8933525
2017-05-16 18:30:00,1.1024758,-10.09874
2017-05-16 19:00:00,2.0109801,-7.029761
2017-05-16 19:30:00,1.8010833,-5.3950334
2017-05-16 20:00:00,1.5911864,-4.0171704
2017-05-16 20:30:00,0.7361838,-1.434174
2017-05-16 21:00:00,2.4294026,1.1068164
2017-05-16 21:30:00,4.122625,2.7417064
2017-05-16 22:00:00,2.518448,3.8515017
2017-05-16 22:30:00,1.7789651,4.6063766
2017-05-16 23:00:00,2.2281833,4.9294004
2017-05-16 23:30:00,2.7166905,4.2916803
2017-05-17 00:00:00,2.012593,3.706618
2017-05-17 00:30:00,0.97711784,3.7819104
2017-05-17 01:00:00,1.0436872,3.0376532
2017-05-17 01:30:00,1.1823161,2.7283375
2017-05-17 02:00:00,0.21069358,2.5091977
2017-05-17 02:30:00,0.15788871,2.2804003
2017-05-17 03:00:00,0.105083846,1.7706454
2017-05-17 03:30:00,1.0458275,1.867536
2017-05-17 04:00:00,1.2906915,2.3102431
2017-05-17 04:30:00,2.8638954,2.3580968
2017-05-17 05:00:00,3.533836,2.3047569
2017-05-17 05:30:00,3.0416963,1.844163
2017-05-17 06:00:00,3.9185987,0.9631649
2017-05-17 06:30:00,2.6050973,-0.24000168
2017-05-17 07:00:00,2.2219095,-1.4227607
2017-05-17 07:30:00,-6.2445984,-2.717083
2017-05-17 08:00:00,-20.761774,-4.9011
2017-05-17 08:30:00,-20.19973,-7.568089
2017-05-17 09:00:00,-23.14669,-9.2193165
2017-05-17 09:30:00,-11.906162,-12.437124
2017-05-17 10:00:00,-23.753002,-12.843286
2017-05-17 10:30:00,-28.017752,-15.211151
2017-05-17 11:00:00,-26.229612,-16.09332
2017-05-17 11:30:00,-30.955965,-17.062407
2017-05-17 12:00:00,-26.154219,-19.589336
2017-05-17 12:30:00,-18.402605,-19.762241
2017-05-17 13:00:00,-20.938587,-19.779495
2017-05-17 13:30:00,-33.07058,-19.99763
2017-05-17 14:00:00,-23.229353,-17.749968
2017-05-17 14:30:00,-24.327717,-18.707813
2017-05-17 15:00:00,-13.731265,-17.733034
2017-05-17 15:30:00,-15.117749,-14.314515
2017-05-17 16:00:00,-10.899298,-11.644155
2017-05-17 16:30:00,-8.990624,-9.824533
2017-05-17 17:00:00,-7.3293443,-7.7294917
2017-05-17 17:30:00,0.0059287036,-5.559699
2017-05-17 18:00:00,1.1907865,-2.9004643
2017-05-17 18:30:00,4.0058126,-2.2672844
2017-05-17 19:00:00,3.9973497,-0.23557805
2017-05-17 19:30:00,4.587137,1.1774817
2017-05-17 20:00:00,2.684685,2.2504673
2017-05-17 20:30:00,6.220151,2.6401396
2017-05-17 21:00:00,7.044105,3.822405
2017-05-17 21:30:00,4.6810775,4.279694
2017-05-17 22:00:00,4.730273,4.831327
2017-05-17 22:30:00,3.9031875,4.873826
2017-05-17 23:00:00,2.058314,5.091651
2017-05-17 23:30:00,2.6594017,3.9651747
2017-05-18 00:00:00,2.273377,3.762098
2017-05-18 00:30:00,3.072692,3.4400163
2017-05-18 01:00:00,3.1317556,3.292676
2017-05-18 01:30:00,1.3201573,3.2230809
2017-05-18 02:00:00,1.161803,3.1590624
2017-05-18 02:30:00,0.98742336,3.369076
2017-05-18 03:00:00,0.697916,3.3132982
2017-05-18 03:30:00,1.4695212,3.4403214
2017-05-18 04:00:00,2.2411265,2.9707222
2017-05-18 04:30:00,1.7589155,2.9616075
2017-05-18 05:00:00,1.2767047,2.687108
2017-05-18 05:30:00,0.7944938,2.5008855
2017-05-18 06:00:00,3.658248,2.5411465
2017-05-18 06:30:00,-1.6000341,2.495501
2017-05-18 07:00:00,-6.85832,1.8136723
2017-05-18 07:30:00,-14.317142,-0.57924676
2017-05-18 08:00:00,-11.969533,-5.217741
2017-05-18 08:30:00,-16.412,-9.086657
2017-05-18 09:00:00,-18.064133,-12.351756
2017-05-18 09:30:00,-14.61249,-12.461345
2017-05-18 10:00:00,-26.064991,-15.592368
2017-05-18 10:30:00,-19.450686,-19.344196
2017-05-18 11:00:00,-21.314894,-22.39365
2017-05-18 11:30:00,-21.557686,-23.981606
2017-05-18 12:00:00,-16.214888,-24.756512
2017-05-18 12:30:00,-17.757526,-23.908875
2017-05-18 13:00:00,-18.286732,-23.10517
2017-05-18 13:30:00,-17.859854,-24.830118
2017-05-18 14:00:00,-13.960055,-24.222792
2017-05-18 14:30:00,-14.080029,-23.445274
2017-05-18 15:00:00,-10.391773,-21.205133
2017-05-18 15:30:00,-8.964463,-18.316597
2017-05-18 16:00:00,-9.125553,-16.780949
2017-05-18 16:30:00,-6.3150754,-14.130919
2017-05-18 17:00:00,-4.977926,-11.476847
2017-05-18 17:30:00,-1.6864723,-8.264755
2017-05-18 18:00:00,-0.35162893,-3.3789148
2017-05-18 18:30:00,1.5341727,0.084137484
2017-05-18 19:00:00,2.717915,1.7024068
2017-05-18 19:30:00,6.3364053,3.625263
2017-05-18 20:00:00,6.3068185,4.8472958
2017-05-18 20:30:00,6.557704,5.9917493
2017-05-18 21:00:00,5.7717576,6.861134
2017-05-18 21:30:00,6.1697874,7.0702095
2017-05-18 22:00:00,3.3936698,8.201465
2017-05-18 22:30:00,2.3864284,8.43499
2017-05-18 23:00:00,2.9496627,7.65072
2017-05-18 23:30:00,4.113043,6.894605
2017-05-19 00:00:00,3.1402524,7.062493
2017-05-19 00:30:00,3.3870645,6.78236
2017-05-19 01:00:00,2.4970834,6.32717
2017-05-19 01:30:00,3.5364285,5.937305
2017-05-19 02:00:00,3.4734423,5.9907165
2017-05-19 02:30:00,3.070533,4.4649296
2017-05-19 03:00:00,4.7679076,3.5516663
2017-05-19 03:30:00,2.6058583,3.5388098
2017-05-19 04:00:00,1.7705512,3.70834
2017-05-19 04:30:00,1.1891248,3.7218294
2017-05-19 05:00:00,1.7130513,3.3857005
2017-05-19 05:30:00,1.2848662,3.8188405
2017-05-19 06:00:00,4.403292,3.1055377
2017-05-19 06:30:00,-4.595876,2.2171092
2017-05-19 07:00:00,-4.9845653,-0.45213303
2017-05-19 07:30:00,-5.917068,-4.1073613
2017-05-19 08:00:00,-10.939785,-8.092562
2017-05-19 08:30:00,-18.398918,-13.383173
2017-05-19 09:00:00,-18.226763,-17.31007
2017-05-19 09:30:00,-18.125566,-19.741201
2017-05-19 10:00:00,-22.80847,-25.366272
2017-05-19 10:30:00,-26.176506,-26.296452
2017-05-19 11:00:00,-23.92565,-26.244736
2017-05-19 11:30:00,-14.653135,-26.409552
2017-05-19 12:00:00,-18.00051,-24.25315
2017-05-19 12:30:00,-21.274204,-23.220106
2017-05-19 13:00:00,-16.290323,-21.834597
2017-05-19 13:30:00,-10.7976675,-20.774307
2017-05-19 14:00:00,-16.900549,-19.285578
2017-05-19 14:30:00,-18.201624,-15.863528
2017-05-19 15:00:00,-18.229532,-12.625065
2017-05-19 15:30:00,-10.250504,-10.669091
2017-05-19 16:00:00,-9.658252,-8.893869
2017-05-19 16:30:00,-3.1538327,-5.928282
2017-05-19 17:00:00,0.6049592,-3.523825
2017-05-19 17:30:00,3.535995,-1.7985743
2017-05-19 18:00:00,5.0376477,0.11084136
2017-05-19 18:30:00,3.969395,1.46772
2017-05-19 19:00:00,5.627918,2.5489652
2017-05-19 19:30:00,6.0574517,2.9881265
2017-05-19 20:00:00,6.2912416,3.959937
2017-05-19 20:30:00,4.6518,4.5781393
2017-05-19 21:00:00,5.009358,5.091862
2017-05-19 21:30:00,4.4946404,5.366836
2017-05-19 22:00:00,4.0150332,5.874598
2017-05-19 22:30:00,5.0326176,5.566601
2017-05-19 23:00:00,6.5501003,5.096768
2017-05-19 23:30:00,4.6572485,4.666593
2017-05-20 00:00:00,4.3709664,4.50062
2017-05-20 00:30:00,3.5101805,4.2955046
2017-05-20 01:00:00,4.14804,3.8579977
2017-05-20 01:30:00,3.746574,3.7343543
2017-05-20 02:00:00,1.0497763,3.5875452
2017-05-20 02:30:00,2.3868053,3.2695591
2017-05-20 03:00:00,4.741852,3.4196804
2017-05-20 03:30:00,4.682634,3.3913412
2017-05-20 04:00:00,3.5782156,3.559726
2017-05-20 04:30:00,4.5979815,3.859181
2017-05-20 05:00:00,4.026111,3.862131
2017-05-20 05:30:00,5.399441,3.6030996
2017-05-20 06:00:00,5.248464,3.1124558
2017-05-20 06:30:00,3.1902463,1.6081237
2017-05-20 07:00:00,1.132032,-1.413951
2017-05-20 07:30:00,-3.963318,-4.6194263
2017-05-20 08:00:00,-14.748104,-5.925414
2017-05-20 08:30:00,-18.735321,-9.178588
2017-05-20 09:00:00,-18.56263,-10.995133
2017-05-20 09:30:00,-13.009809,-16.063086
2017-05-20 10:00:00,-9.217907,-20.11769
2017-05-20 10:30:00,-9.9775305,-21.604082
2017-05-20 11:00:00,-11.370303,-22.974974
2017-05-20 11:30:00,-9.752934,-21.541567
2017-05-20 12:00:00,-15.965171,-23.009165
2017-05-20 12:30:00,-16.218735,-22.9296
2017-05-20 13:00:00,-13.097046,-21.79923
2017-05-20 13:30:00,-21.280054,-19.445604
2017-05-20 14:00:00,-9.461791,-18.945955
2017-05-20 14:30:00,-14.2904005,-17.941656
2017-05-20 15:00:00,-6.4385076,-17.686533
2017-05-20 15:30:00,-4.489848,-13.902036
2017-05-20 16:00:00,-4.2732553,-11.119598
2017-05-20 16:30:00,-3.131153,-7.4644613
2017-05-20 17:00:00,-1.4794655,-3.8540719
2017-05-20 17:30:00,0.23195268,-1.1711406
2017-05-20 18:00:00,2.9360528,1.1875272
2017-05-20 18:30:00,3.79676,2.4919553
2017-05-20 19:00:00,6.122017,4.7273374
2017-05-20 19:30:00,4.0854535,5.368709
2017-05-20 20:00:00,4.548361,5.8100595
2017-05-20 20:30:00,5.507409,6.1896677
2017-05-20 21:00:00,5.1677084,6.0841594
2017-05-20 21:30:00,5.4550266,6.0347495
2017-05-20 22:00:00,6.21425,6.0835943
2017-05-20 22:30:00,6.364797,6.589943
2017-05-20 23:00:00,5.757021,6.428533
2017-05-20 23:30:00,4.269513,5.9079676
2017-05-21 00:00:00,5.6268964,5.5684323
2017-05-21 00:30:00,4.6432996,5.4136424
2017-05-21 01:00:00,3.9369714,4.8459053
2017-05-21 01:30:00,4.9915123,4.770771
2017-05-21 02:00:00,6.9766765,4.4893045
2017-05-21 02:30:00,4.689461,4.5420194
2017-05-21 03:00:00,4.3418665,4.523096
2017-05-21 03:30:00,4.864606,4.621641
2017-05-21 04:00:00,5.024573,4.9755096
2017-05-21 04:30:00,6.4676523,5.370069
2017-05-21 05:00:00,7.354649,5.597103
2017-05-21 05:30:00,6.3532104,5.7244954
2017-05-21 06:00:00,2.887777,4.551059
2017-05-21 06:30:00,-0.23470762,2.8295724
2017-05-21 07:00:00,-1.2433394,0.6500547
2017-05-21 07:30:00,-8.4076,-2.1904812
2017-05-21 08:00:00,-12.136407,-7.1414676
2017-05-21 08:30:00,-11.40738,-12.000051
2017-05-21 09:00:00,-17.671825,-15.13509
2017-05-21 09:30:00,-12.050944,-18.77707
2017-05-21 10:00:00,-21.28467,-19.144451
2017-05-21 10:30:00,-22.85947,-20.406118
2017-05-21 11:00:00,-12.579396,-22.078934
2017-05-21 11:30:00,-19.23011,-22.1831
2017-05-21 12:00:00,-17.270609,-24.047247
2017-05-21 12:30:00,-15.125685,-23.773909
2017-05-21 13:00:00,-12.467065,-21.594421
2017-05-21 13:30:00,-12.243475,-20.627674
2017-05-21 14:00:00,-16.942423,-17.680056
2017-05-21 14:30:00,-10.099304,-17.553047
2017-05-21 15:00:00,-5.5578113,-14.320311
2017-05-21 15:30:00,-2.6234517,-11.646528
2017-05-21 16:00:00,-5.1444454,-9.439749
2017-05-21 16:30:00,-2.2057302,-5.998992
2017-05-21 17:00:00,-2.5398583,-2.867385
2017-05-21 17:30:00,-0.14253837,-0.44716302
2017-05-21 18:00:00,1.8900687,2.1499104
2017-05-21 18:30:00,4.935399,4.4569073
2017-05-21 19:00:00,6.9312644,6.1325407
2017-05-21 19:30:00,5.4770656,6.8412013
2017-05-21 20:00:00,6.0962057,7.1616855
2017-05-21 20:30:00,5.374564,7.4369726
2017-05-21 21:00:00,5.6749687,7.027665
2017-05-21 21:30:00,6.175835,7.0442934
2017-05-21 22:00:00,4.522697,7.492159
2017-05-21 22:30:00,6.050142,7.6411686
2017-05-21 23:00:00,4.4516773,7.4632206
2017-05-21 23:30:00,4.9974017,6.8514314
2017-05-22 00:00:00,6.7680078,6.824004
2017-05-22 00:30:00,4.939167,6.664327
2017-05-22 01:00:00,6.444935,6.282093
2017-05-22 01:30:00,5.9519362,6.1066394
2017-05-22 02:00:00,3.208706,6.122676
2017-05-22 02:30:00,4.6242523,5.7527404
2017-05-22 03:00:00,6.650412,5.480653
2017-05-22 03:30:00,4.5126586,5.7393074
2017-05-22 04:00:00,5.445211,5.829235
2017-05-22 04:30:00,3.9308822,5.8276563
2017-05-22 05:00:00,7.8699884,5.6669393
2017-05-22 05:30:00,6.9995594,5.555602
2017-05-22 06:00:00,0.3273662,4.5857697
2017-05-22 06:30:00,2.1949382,4.4470916
2017-05-22 07:00:00,-1.9532058,2.6919572
2017-05-22 07:30:00,-8.81464,-2.0601194
2017-05-22 08:00:00,-8.647239,-5.074986
2017-05-22 08:30:00,-9.449869,-9.240783
2017-05-22 09:00:00,-14.322892,-13.60639
2017-05-22 09:30:00,-15.173874,-15.733099
2017-05-22 10:00:00,-13.225727,-18.345968
2017-05-22 10:30:00,-17.467669,-20.87506
2017-05-22 11:00:00,-14.548286,-20.625458
2017-05-22 11:30:00,-10.657607,-21.063753
2017-05-22 12:00:00,-13.6511345,-20.423195
2017-05-22 12:30:00,-11.875461,-18.867788
2017-05-22 13:00:00,-8.25506,-17.615644
2017-05-22 13:30:00,-15.4725485,-16.969774
2017-05-22 14:00:00,-7.7106137,-16.746355
2017-05-22 14:30:00,-12.293457,-13.859023
2017-05-22 15:00:00,-4.6933246,-10.68052
2017-05-22 15:30:00,-1.3098259,-7.702705
2017-05-22 16:00:00,-2.1647155,-4.268602
2017-05-22 16:30:00,-0.8068533,-1.0765938
2017-05-22 17:00:00,-0.799046,1.1718447
2017-05-22 17:30:00,-0.185456,4.1219616
2017-05-22 18:00:00,1.4677314,5.4872465
2017-05-22 18:30:00,4.7787895,6.934765
2017-05-22 19:00:00,5.3197174,6.436879
2017-05-22 19:30:00,6.8619895,6.695828
2017-05-22 20:00:00,8.028671,7.091288
2017-05-22 20:30:00,4.495801,7.3413897
2017-05-22 21:00:00,4.640986,7.7155714
2017-05-22 21:30:00,4.7084255,8.134913
2017-05-22 22:00:00,5.694009,8.4627
2017-05-22 22:30:00,6.312079,8.428543
2017-05-22 23:00:00,7.567421,7.989913
2017-05-22 23:30:00,5.0099454,7.630705
2017-05-23 00:00:00,5.7089224,7.375524
2017-05-23 00:30:00,4.5404515,7.0413427
2017-05-23 01:00:00,6.7801485,6.980007
2017-05-23 01:30:00,6.335041,6.8484697
2017-05-23 02:00:00,5.7626843,6.4517703
2017-05-23 02:30:00,5.6753983,6.1404233
2017-05-23 03:00:00,5.7972293,5.775872
2017-05-23 03:30:00,6.0790424,5.0773363
2017-05-23 04:00:00,4.346222,5.122986
2017-05-23 04:30:00,5.2536755,5.187528
2017-05-23 05:00:00,6.4972687,5.028974
2017-05-23 05:30:00,5.952931,4.8788114
2017-05-23 06:00:00,4.1334915,4.0095053
2017-05-23 06:30:00,3.5281763,2.7450562
2017-05-23 07:00:00,1.867973,-0.85838836
2017-05-23 07:30:00,2.4869363,-5.9822774
2017-05-23 08:00:00,-0.67425334,-8.019432
2017-05-23 08:30:00,1.8644725,-11.038296
2017-05-23 09:00:00,-0.1960667,-13.388215
2017-05-23 09:30:00,-1.2820934,-13.517955
2017-05-23 10:00:00,0.6668562,-13.068985
2017-05-23 10:30:00,1.0435102,-15.962077
2017-05-23 11:00:00,1.4201603,-17.07479
2017-05-23 11:30:00,1.7968104,-16.705425
2017-05-23 12:00:00,2.1734605,-15.829157
2017-05-23 12:30:00,2.5501106,-14.776778
2017-05-23 13:00:00,2.926761,-13.349005
2017-05-23 13:30:00,3.303411,-12.061114
2017-05-23 14:00:00,3.680061,-11.101659
2017-05-23 14:30:00,4.0567107,-9.289495
2017-05-23 15:00:00,4.433361,-7.4119124
2017-05-23 15:30:00,4.8100114,-3.325055
2017-05-23 16:00:00,5.1866612,-1.8867232
2017-05-23 16:30:00,5.5633116,0.51054794
2017-05-23 17:00:00,-12.746259,2.68756
2017-05-23 17:30:00,11.304524,4.328614
2017-05-23 18:00:00,23.336529,5.6237164
2017-05-23 18:30:00,-28.389275,5.6844378
2017-05-23 19:00:00,-8.833073,6.485637
2017-05-23 19:30:00,10.723132,6.870136
2017-05-23 20:00:00,0.053707052,7.8093724
2017-05-23 20:30:00,-10.615714,7.7869
2017-05-23 21:00:00,4.562728,7.064543
2017-05-23 21:30:00,-1.480057,7.5166435
2017-05-23 22:00:00,-7.522846,8.49119
2017-05-23 22:30:00,-13.565635,8.470146
2017-05-23 23:00:00,-9.750485,8.66103
2017-05-23 23:30:00,-5.935332,8.460413
2017-05-24 00:00:00,-2.1201813,8.089897
2017-05-24 00:30:00,1.6949687,7.7828417
2017-05-24 01:00:00,5.5101185,6.949573
2017-05-24 01:30:00,9.325273,6.883874
2017-05-24 02:00:00,5.7037754,6.450625
2017-05-24 02:30:00,6.993757,5.9104357
2017-05-24 03:00:00,10.414359,5.622002
2017-05-24 03:30:00,10.971806,5.5212264
2017-05-24 04:00:00,12.039795,5.489093
2017-05-24 04:30:00,8.303732,5.3900356
2017-05-24 05:00:00,9.471984,5.2322507
2017-05-24 05:30:00,8.647254,5.2809258
2017-05-24 06:00:00,4.457887,4.3914986
2017-05-24 06:30:00,0.9169428,3.550453
2017-05-24 07:00:00,-2.6240017,2.277047
2017-05-24 07:30:00,3.1157753,0.89702505
2017-05-24 08:00:00,-4.587259,-0.35280454
2017-05-24 08:30:00,-3.0342927,-1.4492347
2017-05-24 09:00:00,-2.6224794,-2.5410151
2017-05-24 09:30:00,-0.874945,-4.182748
2017-05-24 10:00:00,1.2233044,-4.616555
2017-05-24 10:30:00,-1.9417548,-5.0390844
2017-05-24 11:00:00,-2.467603,-7.685583
2017-05-24 11:30:00,-1.6374769,-7.4202924
2017-05-24 12:00:00,-10.510979,-6.898574
2017-05-24 12:30:00,-9.431866,-7.226579
2017-05-24 13:00:00,-10.644965,-6.863833
2017-05-24 13:30:00,-9.790516,-6.1345387
2017-05-24 14:00:00,-9.50417,-4.9372916
2017-05-24 14:30:00,-9.049391,-3.7287743
2017-05-24 15:00:00,-5.84993,-2.6587918
2017-05-24 15:30:00,-8.531316,-1.0687752
2017-05-24 16:00:00,-6.514953,-0.17170653
2017-05-24 16:30:00,-4.2494416,1.2733285
2017-05-24 17:00:00,-2.5341234,1.8187327
2017-05-24 17:30:00,-0.98349756,4.36195
2017-05-24 18:00:00,0.5671246,7.156942
2017-05-24 18:30:00,2.1177506,4.772011
2017-05-24 19:00:00,4.5354967,4.528153
2017-05-24 19:30:00,0.8484517,7.058898
2017-05-24 20:00:00,1.0139275,7.0777946
2017-05-24 20:30:00,1.1794034,5.9206543
2017-05-24 21:00:00,0.5456244,7.1310444
2017-05-24 21:30:00,-0.0881547,7.2692738
2017-05-24 22:00:00,-0.7219375,6.610226
2017-05-24 22:30:00,-1.3557165,4.9176593
2017-05-24 23:00:00,-0.9759201,4.101347
2017-05-24 23:30:00,-21.310024,3.5139446
2017-05-25 00:00:00,-3.2803926,4.309431
2017-05-25 00:30:00,-1.7867616,4.618227
2017-05-25 01:00:00,-0.2931306,5.287358
2017-05-25 01:30:00,1.2005042,6.2350345
2017-05-25 02:00:00,5.420813,6.00297
2017-05-25 02:30:00,2.6465566,6.033838
2017-05-25 03:00:00,-4.3511477,5.9139776
2017-05-25 03:30:00,-1.0355413,5.775394
2017-05-25 04:00:00,2.280065,5.3797
2017-05-25 04:30:00,5.595671,5.1665215
2017-05-25 05:00:00,16.462107,4.5073724
2017-05-25 05:30:00,6.239209,4.0545745
2017-05-25 06:00:00,-3.9836917,3.2079446
2017-05-25 06:30:00,6.842584,1.6354153
2017-05-25 07:00:00,11.111802,-0.005872699
2017-05-25 07:30:00,3.7103257,0.00036335507
2017-05-25 08:00:00,-3.6911545,-2.5955346
2017-05-25 08:30:00,-9.018135,-3.3176432
2017-05-25 09:00:00,-7.01013,-2.5663438
2017-05-25 09:30:00,-14.605274,-2.1200683
2017-05-25 10:00:00,-16.079153,-1.0167502
2017-05-25 10:30:00,-15.131318,-1.2018198
2017-05-25 11:00:00,-11.629342,-2.4880822
2017-05-25 11:30:00,-7.9746075,-2.2175617
2017-05-25 12:00:00,-8.186837,-5.191037
2017-05-25 12:30:00,-5.4335876,-6.5006046
2017-05-25 13:00:00,-9.927856,-7.2161946
2017-05-25 13:30:00,-5.3671913,-6.8085713
2017-05-25 14:00:00,-8.273975,-7.326605
2017-05-25 14:30:00,-8.434444,-5.6880145
2017-05-25 15:00:00,-6.4804945,-4.2000995
2017-05-25 15:30:00,-4.133971,-5.000387
2017-05-25 16:00:00,-3.5608418,-4.572198
2017-05-25 16:30:00,-1.3656452,-3.533987
2017-05-25 17:00:00,-0.37650532,-2.2922437
2017-05-25 17:30:00,1.4148247,-0.2559366
2017-05-25 18:00:00,2.8752446,1.4261854
2017-05-25 18:30:00,2.1749225,2.3827019
2017-05-25 19:00:00,0.9942246,3.6121805
2017-05-25 19:30:00,1.6942904,4.2395535
2017-05-25 20:00:00,6.6467724,4.4803295
2017-05-25 20:30:00,4.3135386,4.733773
2017-05-25 21:00:00,4.179586,5.08098
2017-05-25 21:30:00,5.304276,5.2038136
2017-05-25 22:00:00,7.3528934,5.5621395
2017-05-25 22:30:00,6.9327602,5.166597
2017-05-25 23:00:00,3.1118302,5.0302515
2017-05-25 23:30:00,4.18263,2.5510602
2017-05-26 00:00:00,2.8445015,2.986789
2017-05-26 00:30:00,1.506376,3.4988275
2017-05-26 01:00:00,1.7214465,3.2995863
2017-05-26 01:30:00,2.4245305,3.190382
2017-05-26 02:00:00,0.061665084,3.5487611
2017-05-26 02:30:00,-2.3011966,3.8752666
2017-05-26 03:00:00,1.3981363,2.6184962
2017-05-26 03:30:00,7.139262,2.2407422
2017-05-26 04:00:00,9.662211,3.039835
2017-05-26 04:30:00,2.242581,3.6066866
2017-05-26 05:00:00,1.3909469,4.433229
2017-05-26 05:30:00,3.4100456,4.294333
2017-05-26 06:00:00,2.762306,3.4987333
2017-05-26 06:30:00,6.358135,3.9514892
2017-05-26 07:00:00,0.30513117,4.326685
2017-05-26 07:30:00,-1.810598,3.9793575
2017-05-26 08:00:00,-3.9263272,3.001586
2017-05-26 08:30:00,-3.638444,0.8178818
2017-05-26 09:00:00,-4.979991,-0.5159894
2017-05-26 09:30:00,-8.386899,-1.1986207
2017-05-26 10:00:00,-3.238609,-3.6429467
2017-05-26 10:30:00,-5.1209106,-4.720443
2017-05-26 11:00:00,-6.9701886,-5.485435
2017-05-26 11:30:00,-4.2224817,-6.6726103
2017-05-26 12:00:00,-3.0238667,-5.7331705
2017-05-26 12:30:00,-4.433803,-5.646766
2017-05-26 13:00:00,-3.728571,-6.5388536
2017-05-26 13:30:00,-4.2452292,-6.2183957
2017-05-26 14:00:00,-3.8340223,-4.700544
2017-05-26 14:30:00,-3.8020432,-4.242972
2017-05-26 15:00:00,-4.973559,-3.1691496
2017-05-26 15:30:00,-3.3020399,-1.9050696
2017-05-26 16:00:00,-2.521968,-1.4560548
2017-05-26 16:30:00,-1.9061548,-0.83251345
2017-05-26 17:00:00,-0.5072966,1.2120645
2017-05-26 17:30:00,0.3962454,1.5200653
2017-05-26 18:00:00,1.3761952,0.79055244
2017-05-26 18:30:00,2.3561487,2.2183864
2017-05-26 19:00:00,1.7423514,3.7859156
2017-05-26 19:30:00,1.8830488,3.2468908
2017-05-26 20:00:00,1.0423307,3.705077
2017-05-26 20:30:00,1.26057,4.3401294
2017-05-26 21:00:00,2.3798306,4.2211356
2017-05-26 21:30:00,1.3263407,4.235571
2017-05-26 22:00:00,0.9145463,4.8932014
2017-05-26 22:30:00,0.5027557,5.570923
2017-05-26 23:00:00,2.25653,6.324702
2017-05-26 23:30:00,0.8131228,6.211616
2017-05-27 00:00:00,2.3953586,6.9469805
2017-05-27 00:30:00,1.1409358,7.046618
2017-05-27 01:00:00,2.3365474,6.2114353
2017-05-27 01:30:00,0.88707,5.9845786
2017-05-27 02:00:00,1.3078548,5.6837106
2017-05-27 02:30:00,3.0907183,5.4965987
2017-05-27 03:00:00,2.1165147,5.4177647
2017-05-27 03:30:00,3.175894,5.6178083
2017-05-27 04:00:00,2.8363626,5.7784233
2017-05-27 04:30:00,1.7522838,5.6788235
2017-05-27 05:00:00,3.0300834,5.6091566
2017-05-27 05:30:00,3.5860493,5.7926664
2017-05-27 06:00:00,2.2966518,5.0869446
2017-05-27 06:30:00,-0.33224252,5.003932
2017-05-27 07:00:00,-2.9611368,3.9792218
2017-05-27 07:30:00,-5.725879,2.8078914
2017-05-27 08:00:00,-5.688678,1.5006034
2017-05-27 08:30:00,-4.8320475,0.6698405
2017-05-27 09:00:00,-7.8540053,-0.36862266
2017-05-27 09:30:00,-7.4654107,-1.4108161
2017-05-27 10:00:00,-8.690718,-2.0940843
2017-05-27 10:30:00,-7.048488,-2.7348228
2017-05-27 11:00:00,-14.806726,-4.514868
2017-05-27 11:30:00,-18.3257,-6.8404565
2017-05-27 12:00:00,2.098285,-6.734952
2017-05-27 12:30:00,-4.0693574,-6.687317
2017-05-27 13:00:00,-1.745385,-6.75259
2017-05-27 13:30:00,-2.1956697,-5.827966
2017-05-27 14:00:00,-2.838375,-4.882026
2017-05-27 14:30:00,-2.327618,-4.0348196
2017-05-27 15:00:00,-2.5329592,-3.691618
2017-05-27 15:30:00,-4.1734185,-2.6511014
2017-05-27 16:00:00,-0.5978758,-1.9640087
2017-05-27 16:30:00,-0.33041504,-1.1662799
2017-05-27 17:00:00,0.5342902,-0.35338482
2017-05-27 17:30:00,1.3989991,0.5748566
2017-05-27 18:00:00,1.9529718,1.6600807
2017-05-27 18:30:00,1.2826506,2.4400132
2017-05-27 19:00:00,1.6261648,2.7556744
2017-05-27 19:30:00,1.4487746,3.0495112
2017-05-27 20:00:00,4.517305,3.2463331
2017-05-27 20:30:00,7.6969275,3.261944
2017-05-27 21:00:00,2.3166072,3.3458953
2017-05-27 21:30:00,3.4770634,3.3175938
2017-05-27 22:00:00,4.5702715,3.5230746
2017-05-27 22:30:00,5.2772856,3.3841405
2017-05-27 23:00:00,7.272088,2.9304836
2017-05-27 23:30:00,9.2668915,3.2472262
2017-05-28 00:00:00,5.120156,3.776179
2017-05-28 00:30:00,3.3833795,3.5690744
2017-05-28 01:00:00,1.6466025,3.4215643
2017-05-28 01:30:00,4.279977,3.520015
2017-05-28 02:00:00,3.562386,3.438705
2017-05-28 02:30:00,4.7861295,3.3659222
2017-05-28 03:00:00,5.693873,3.8418329
2017-05-28 03:30:00,4.087503,4.2074876
2017-05-28 04:00:00,2.9027624,4.7671576
2017-05-28 04:30:00,4.8361464,4.9420123
2017-05-28 05:00:00,6.9579644,4.280625
2017-05-28 05:30:00,3.0894785,4.260142
2017-05-28 06:00:00,2.7332923,4.6114335
2017-05-28 06:30:00,2.5476274,4.3573413
2017-05-28 07:00:00,2.9842455,3.206283
2017-05-28 07:30:00,0.14666758,1.4138865
2017-05-28 08:00:00,-6.072615,-0.80750895
2017-05-28 08:30:00,-3.2317703,-1.5015649
2017-05-28 09:00:00,-3.4718978,-3.7113585
2017-05-28 09:30:00,-0.30559516,-4.208672
2017-05-28 10:00:00,1.1202269,-6.0393176
2017-05-28 10:30:00,1.1899463,-4.7821064
2017-05-28 11:00:00,-4.0478873,-6.5035286
2017-05-28 11:30:00,1.201774,-8.122947
2017-05-28 12:00:00,-3.7078996,-6.4460664
2017-05-28 12:30:00,-1.0103785,-5.95667
2017-05-28 13:00:00,-0.9985206,-5.2101107
2017-05-28 13:30:00,-1.590015,-4.725865
2017-05-28 14:00:00,1.1315722,-4.2017503
2017-05-28 14:30:00,0.37218666,-3.1030061
2017-05-28 15:00:00,0.63161784,-2.2680757
2017-05-28 15:30:00,1.1790793,-1.6670482
2017-05-28 16:00:00,1.0166442,-1.2339232
2017-05-28 16:30:00,0.85421294,-0.61684394
2017-05-28 17:00:00,2.774292,-0.03474695
2017-05-28 17:30:00,2.4244514,0.69213206
2017-05-28 18:00:00,3.1188538,1.5149972
2017-05-28 18:30:00,4.127715,1.8210199
2017-05-28 19:00:00,3.1017962,2.5655594
2017-05-28 19:30:00,2.2742095,2.619133
2017-05-28 20:00:00,1.7021015,3.2710814
2017-05-28 20:30:00,1.1299934,3.973502
2017-05-28 21:00:00,2.850971,3.935792
2017-05-28 21:30:00,3.2736814,4.2011614
2017-05-28 22:00:00,2.7899897,4.3404984
2017-05-28 22:30:00,1.5992914,4.178542
2017-05-28 23:00:00,3.0859969,4.2140703
2017-05-28 23:30:00,1.4228733,3.9972894
2017-05-29 00:00:00,1.1420888,3.4076152
2017-05-29 00:30:00,2.059825,3.0178676
2017-05-29 01:00:00,1.695157,2.9800894
2017-05-29 01:30:00,2.007593,3.0798814
2017-05-29 02:00:00,1.0430542,3.0548768
2017-05-29 02:30:00,3.4255962,3.1426451
2017-05-29 03:00:00,0.40751928,3.1534631
2017-05-29 03:30:00,0.7547036,3.228518
2017-05-29 04:00:00,0.5953809,2.6412928
2017-05-29 04:30:00,0.47093487,3.0083797
2017-05-29 05:00:00,0.34648508,3.1213634
2017-05-29 05:30:00,1.8142488,3.0758119
2017-05-29 06:00:00,4.4797416,3.1135786
2017-05-29 06:30:00,5.1032906,2.4562948
2017-05-29 07:00:00,-2.4972498,1.8888515
2017-05-29 07:30:00,-1.0412762,1.0624218
2017-05-29 08:00:00,-1.7651144,-0.44399035
2017-05-29 08:30:00,-2.8962443,-0.8562368
2017-05-29 09:00:00,-4.0273743,-1.4758217
2017-05-29 09:30:00,-4.7136226,-2.1517723
2017-05-29 10:00:00,-2.9033809,-2.7160618
2017-05-29 10:30:00,-4.236898,-2.7659955
2017-05-29 11:00:00,-2.0457482,-3.3209438
2017-05-29 11:30:00,-1.641648,-2.9391656
2017-05-29 12:00:00,3.5380788,-4.2015505
2017-05-29 12:30:00,-0.1646792,-4.403949
2017-05-29 13:00:00,0.695934,-4.849429
2017-05-29 13:30:00,-2.753802,-4.910844
2017-05-29 14:00:00,-0.9847372,-4.809635
2017-05-29 14:30:00,-5.366438,-4.546892
2017-05-29 15:00:00,0.15366101,-4.3364525
2017-05-29 15:30:00,1.2663465,-4.009122
2017-05-29 16:00:00,4.106377,-4.0363045
2017-05-29 16:30:00,2.7611153,-3.343066
2017-05-29 17:00:00,1.4993526,-2.684271
2017-05-29 17:30:00,0.101896115,-2.2047129
2017-05-29 18:00:00,0.086601764,-1.1848524
2017-05-29 18:30:00,2.777171,-0.7548623
2017-05-29 19:00:00,3.4527333,-0.12344964
2017-05-29 19:30:00,2.542507,-0.18021846
2017-05-29 20:00:00,2.191287,0.7738149
2017-05-29 20:30:00,2.6970215,1.005246
2017-05-29 21:00:00,3.0738413,1.4503986
2017-05-29 21:30:00,3.280735,1.9595394
2017-05-29 22:00:00,5.96116,2.4114592
2017-05-29 22:30:00,4.2911077,2.3201604
2017-05-29 23:00:00,3.6257038,2.2346568
2017-05-29 23:30:00,4.9796166,1.8923295
2017-05-30 00:00:00,4.3365607,1.631278
2017-05-30 00:30:00,4.4428563,1.2475591
2017-05-30 01:00:00,4.511468,0.9629087
2017-05-30 01:30:00,3.4664903,1.1062362
2017-05-30 02:00:00,4.27261,1.214785
2017-05-30 02:30:00,3.985567,1.2302376
2017-05-30 03:00:00,4.37507,1.3874917
2017-05-30 03:30:00,4.650715,1.1811781
2017-05-30 04:00:00,5.501863,0.88465846
2017-05-30 04:30:00,4.514577,0.87377644
2017-05-30 05:00:00,5.6019564,0.5653122
2017-05-30 05:30:00,5.4969077,0.44475472
2017-05-30 06:00:00,2.79947,0.07070077
2017-05-30 06:30:00,0.8822055,0.025661765
2017-05-30 07:00:00,-1.6258601,-0.9188498
2017-05-30 07:30:00,-1.024535,-1.6943437
2017-05-30 08:00:00,-2.210022,-2.5978067
2017-05-30 08:30:00,-1.5487365,-2.984148
2017-05-30 09:00:00,-2.5366592,-3.2844207
2017-05-30 09:30:00,-4.2187214,-3.3824003
2017-05-30 10:00:00,-2.591872,-3.2885804
2017-05-30 10:30:00,-4.9405775,-3.461438
2017-05-30 11:00:00,-9.939428,-3.1891465
2017-05-30 11:30:00,-6.0489182,-2.1531515
2017-05-30 12:00:00,-0.39397004,-2.0416183
2017-05-30 12:30:00,-0.25966316,-1.7529513
2017-05-30 13:00:00,-1.7938869,-1.8151686
2017-05-30 13:30:00,1.006983,-1.8767078
2017-05-30 14:00:00,1.9291165,-2.100599
2017-05-30 14:30:00,1.7485498,-1.9350479
2017-05-30 15:00:00,2.6160057,-2.1948407
2017-05-30 15:30:00,-0.28045127,-1.9678258
2017-05-30 16:00:00,3.9925568,-1.6259581
2017-05-30 16:30:00,5.5590687,-1.3836224
2017-05-30 17:00:00,14.728054,-0.54177016
2017-05-30 17:30:00,5.0579915,0.17773104
2017-05-30 18:00:00,4.224617,0.9042031
2017-05-30 18:30:00,4.5785613,1.7691344
2017-05-30 19:00:00,4.7426543,2.2129304
2017-05-30 19:30:00,5.0562844,2.8929694
2017-05-30 20:00:00,2.086657,3.2977023
2017-05-30 20:30:00,3.0586448,3.264589
2017-05-30 21:00:00,4.0306325,3.6355422
2017-05-30 21:30:00,2.5906544,3.9688523
2017-05-30 22:00:00,6.742679,4.5996695
2017-05-30 22:30:00,5.444005,5.0883617
2017-05-30 23:00:00,4.145331,5.060113
2017-05-30 23:30:00,2.532955,4.7988544
2017-05-31 00:00:00,2.2402184,4.411669
2017-05-31 00:30:00,1.8489484,4.115326
2017-05-31 01:00:00,2.7814362,3.9209235
2017-05-31 01:30:00,-0.53195447,3.996208
2017-05-31 02:00:00,1.61153,3.8588154
2017-05-31 02:30:00,3.7550142,3.9004934
2017-05-31 03:00:00,5.8984947,3.9364703
2017-05-31 03:30:00,-11.811122,4.050637
2017-05-31 04:00:00,-1.762213,4.2811675
2017-05-31 04:30:00,2.8199527,4.2222357
2017-05-31 05:00:00,5.633592,4.0852385
2017-05-31 05:30:00,7.001892,4.1959615
2017-05-31 06:00:00,6.9634395,3.8881078
2017-05-31 06:30:00,6.924987,3.5880387
2017-05-31 07:00:00,6.886534,3.0168765
2017-05-31 07:30:00,6.8480816,2.5605443
2017-05-31 08:00:00,6.8096294,2.0946376
2017-05-31 08:30:00,14.911541,2.0729263
2017-05-31 09:00:00,23.01346,1.797304
2017-05-31 09:30:00,18.309486,1.5495085
2017-05-31 10:00:00,13.605512,0.66163003
2017-05-31 10:30:00,8.901542,-0.8317071
2017-05-31 11:00:00,4.3800063,-1.871749
2017-05-31 11:30:00,0.19802931,-2.7994025
2017-05-31 12:00:00,1.1757258,-1.6192397
2017-05-31 12:30:00,2.1534185,-1.3817459
2017-05-31 13:00:00,2.230508,-1.7423406
2017-05-31 13:30:00,-0.47907805,-0.42434773
2017-05-31 14:00:00,-3.3706138,-0.6948606
2017-05-31 14:30:00,4.134008,-0.43987194
2017-05-31 15:00:00,3.4907901,-0.55111104
2017-05-31 15:30:00,3.9919991,-0.905334
2017-05-31 16:00:00,2.9916573,-0.3741541
2017-05-31 16:30:00,3.3672974,0.34087074
2017-05-31 17:00:00,3.2775812,1.2411535
2017-05-31 17:30:00,5.9954343,1.5928859
2017-05-31 18:00:00,5.1754403,2.4725237
2017-05-31 18:30:00,6.913958,2.8837566
2017-05-31 19:00:00,6.565285,3.1516318
2017-05-31 19:30:00,-3.6653664,3.4516406
2017-05-31 20:00:00,-13.896018,3.800125
2017-05-31 20:30:00,4.868826,4.01807
2017-05-31 21:00:00,4.979828,4.1227417
2017-05-31 21:30:00,5.090826,4.027072
2017-05-31 22:00:00,6.7441072,4.587077
2017-05-31 22:30:00,3.8170621,4.4419484
2017-05-31 23:00:00,3.7148662,4.4310327
2017-05-31 23:30:00,3.8117077,3.0652428
2017-06-01 00:00:00,1.8126172,2.9243455
2017-06-01 00:30:00,1.8470079,2.4085429
2017-06-01 01:00:00,1.7486063,2.0730166
2017-06-01 01:30:00,1.3807356,2.0698063
2017-06-01 02:00:00,1.3629807,2.2617412
2017-06-01 02:30:00,0.49881816,2.3412387
2017-06-01 03:00:00,-2.4291015,3.0367527
2017-06-01 03:30:00,-4.6664624,2.3610885
2017-06-01 04:00:00,0.5447728,2.7811234
2017-06-01 04:30:00,-4.2122664,3.9734266
2017-06-01 05:00:00,3.5049882,4.759501
2017-06-01 05:30:00,3.7017083,5.1133924
2017-06-01 06:00:00,3.8984323,5.1645584
2017-06-01 06:30:00,4.0951557,5.186409
2017-06-01 07:00:00,5.308722,4.669796
2017-06-01 07:30:00,6.5222845,4.1103296
2017-06-01 08:00:00,13.608436,3.6911843
2017-06-01 08:30:00,10.176711,4.228182
2017-06-01 09:00:00,6.744985,4.7113495
2017-06-01 09:30:00,2.1660075,4.728626
2017-06-01 10:00:00,2.5202491,4.7354536
2017-06-01 10:30:00,3.8199635,3.5295782
2017-06-01 11:00:00,1.1359432,2.7558138
2017-06-01 11:30:00,1.4986818,1.6648661
2017-06-01 12:00:00,0.76464736,1.0659788
2017-06-01 12:30:00,1.3978348,0.6374281
2017-06-01 13:00:00,3.7899702,-0.6047185
2017-06-01 13:30:00,-6.573926,-1.6748933
2017-06-01 14:00:00,4.2200804,-1.8728192
2017-06-01 14:30:00,3.83681,-1.4945638
2017-06-01 15:00:00,3.9930203,-1.5396519
2017-06-01 15:30:00,5.9531984,-1.1361208
2017-06-01 16:00:00,3.7523165,-1.4200101
2017-06-01 16:30:00,3.064327,-1.0072473
2017-06-01 17:00:00,5.477197,-0.44157505
2017-06-01 17:30:00,4.184484,0.15226308
2017-06-01 18:00:00,6.438258,1.0817969
2017-06-01 18:30:00,4.6855764,1.6804581
2017-06-01 19:00:00,5.2553673,2.1065445
2017-06-01 19:30:00,5.662346,1.9987832
2017-06-01 20:00:00,3.986705,1.9677273
2017-06-01 20:30:00,5.3116274,2.695993
2017-06-01 21:00:00,5.4044485,3.9507208
2017-06-01 21:30:00,5.5827694,4.2781606
2017-06-01 22:00:00,5.492337,5.273367
2017-06-01 22:30:00,3.8237653,5.6489544
2017-06-01 23:00:00,4.234866,5.701175
2017-06-01 23:30:00,4.91275,5.3053346
2017-06-02 00:00:00,3.9276304,4.7352877
2017-06-02 00:30:00,2.8279824,3.9481058
2017-06-02 01:00:00,3.7073338,3.8808808
2017-06-02 01:30:00,3.9192731,3.5580077
2017-06-02 02:00:00,2.9769583,3.3427677
2017-06-02 02:30:00,2.7014792,3.1854157
2017-06-02 03:00:00,2.7543404,3.1547668
2017-06-02 03:30:00,3.6105263,2.5562713
2017-06-02 04:00:00,4.180769,2.7957962
2017-06-02 04:30:00,3.1334548,2.196276
2017-06-02 05:00:00,4.3657103,2.460677
2017-06-02 05:30:00,3.725477,2.3308992
2017-06-02 06:00:00,1.9113164,2.269134
2017-06-02 06:30:00,4.412283,2.014002
2017-06-02 07:00:00,2.6186922,2.0261729
2017-06-02 07:30:00,0.82509756,2.0348694
2017-06-02 08:00:00,-0.96849334,2.5646212
2017-06-02 08:30:00,0.4422377,2.4693434
2017-06-02 09:00:00,0.6961374,3.1568542
2017-06-02 09:30:00,-0.36910874,2.6131232
2017-06-02 10:00:00,0.099601395,2.125392
2017-06-02 10:30:00,2.9422133,2.3758402
2017-06-02 11:00:00,2.779232,2.3548524
2017-06-02 11:30:00,1.4856821,1.6768785
2017-06-02 12:00:00,0.45141658,1.0716459
2017-06-02 12:30:00,1.8343511,1.5291349
2017-06-02 13:00:00,2.7021196,0.8307571
2017-06-02 13:30:00,3.9945726,0.41484427
2017-06-02 14:00:00,1.3025645,0.69897854
2017-06-02 14:30:00,-0.069401324,0.65718
2017-06-02 15:00:00,1.5359625,0.7948932
2017-06-02 15:30:00,-0.37560478,0.9403986
2017-06-02 16:00:00,3.6117961,0.924799
2017-06-02 16:30:00,2.7667449,0.89868295
2017-06-02 17:00:00,3.0216582,1.3664925
2017-06-02 17:30:00,1.2868594,1.499345
2017-06-02 18:00:00,1.838835,2.062097
2017-06-02 18:30:00,2.637344,2.216608
2017-06-02 19:00:00,3.4358528,3.174986
2017-06-02 19:30:00,4.1116257,3.2908897
2017-06-02 20:00:00,3.8278537,3.2423277
2017-06-02 20:30:00,4.17546,3.879302
2017-06-02 21:00:00,5.5657797,3.644868
2017-06-02 21:30:00,5.872409,3.8079133
2017-06-02 22:00:00,4.837333,4.253473
2017-06-02 22:30:00,2.6814673,3.8649385
2017-06-02 23:00:00,3.5990639,3.8025553
2017-06-02 23:30:00,3.80303,3.4069972
2017-06-03 00:00:00,2.7119203,3.7032871
2017-06-03 00:30:00,2.4318516,3.2733762
2017-06-03 01:00:00,2.5341191,2.8795326
2017-06-03 01:30:00,4.15899,2.988948
2017-06-03 02:00:00,4.365077,2.6724768
2017-06-03 02:30:00,4.1780972,2.7461865
2017-06-03 03:00:00,4.8294353,2.6330106
2017-06-03 03:30:00,2.1635582,3.3578963
2017-06-03 04:00:00,1.8390121,3.8956778
2017-06-03 04:30:00,1.4601954,4.1530776
2017-06-03 05:00:00,6.7814636,4.50761
2017-06-03 05:30:00,6.5628324,4.9647746
2017-06-03 06:00:00,4.177291,5.0303984
2017-06-03 06:30:00,2.0146089,5.265688
2017-06-03 07:00:00,1.5703682,5.020963
2017-06-03 07:30:00,1.1261313,5.014392
2017-06-03 08:00:00,-1.6080487,4.9302297
2017-06-03 08:30:00,-2.5638268,4.5906262
2017-06-03 09:00:00,-0.16383138,3.8705828
2017-06-03 09:30:00,-1.3906873,3.1352034
2017-06-03 10:00:00,0.53295255,1.9239694
2017-06-03 10:30:00,0.8792363,1.3824011
2017-06-03 11:00:00,-3.0092165,1.1381286
2017-06-03 11:30:00,-0.1077069,1.2046603
2017-06-03 12:00:00,-0.3801151,0.37029135
2017-06-03 12:30:00,-0.20475197,0.0755502
2017-06-03 13:00:00,-1.7673526,0.11624092
2017-06-03 13:30:00,-0.08469944,0.3199131
2017-06-03 14:00:00,-0.013600884,0.5960252
2017-06-03 14:30:00,1.1569197,0.41425648
2017-06-03 15:00:00,0.68565863,0.5249229
2017-06-03 15:30:00,-1.1235695,0.62440586
2017-06-03 16:00:00,-0.85998976,1.0354127
2017-06-03 16:30:00,-0.18648466,1.1327819
2017-06-03 17:00:00,0.8036802,1.6143672
2017-06-03 17:30:00,2.6808567,1.711107
2017-06-03 18:00:00,2.776097,2.0196128
2017-06-03 18:30:00,2.8713334,2.3222857
2017-06-03 19:00:00,3.384265,2.1609507
2017-06-03 19:30:00,5.050425,2.5398202
2017-06-03 20:00:00,4.3070836,3.699406
2017-06-03 20:30:00,3.7950418,3.7589934
2017-06-03 21:00:00,2.568687,3.877124
2017-06-03 21:30:00,2.7135744,3.9043894
2017-06-03 22:00:00,2.3365097,4.0935206
2017-06-03 22:30:00,4.771389,3.807092
2017-06-03 23:00:00,2.5273068,3.316874
2017-06-03 23:30:00,2.2579467,2.5564032
2017-06-04 00:00:00,1.2448951,2.231552
2017-06-04 00:30:00,2.613417,1.7072109
2017-06-04 01:00:00,2.0528014,1.6075358
2017-06-04 01:30:00,2.473085,1.6062284
2017-06-04 02:00:00,1.7709204,1.5298018
2017-06-04 02:30:00,5.3557167,1.4427872
2017-06-04 03:00:00,2.9493198,1.6069932
2017-06-04 03:30:00,3.6991348,1.5541394
2017-06-04 04:00:00,3.9383166,1.4276322
2017-06-04 04:30:00,3.9059985,1.6015711
2017-06-04 05:00:00,3.87368,1.9709263
2017-06-04 05:30:00,3.096291,2.30175
2017-06-04 06:00:00,4.2090664,2.5463011
2017-06-04 06:30:00,2.256579,2.658294
2017-06-04 07:00:00,2.9490635,2.2898355
2017-06-04 07:30:00,-0.25564647,2.4255743
2017-06-04 08:00:00,-0.7213798,1.4242259
2017-06-04 08:30:00,-1.0012223,1.0043116
2017-06-04 09:00:00,-1.9841224,-0.17334938
2017-06-04 09:30:00,-0.048598148,-0.4604867
2017-06-04 10:00:00,-0.04418581,-0.50789577
2017-06-04 10:30:00,-0.03977347,-1.0114298
2017-06-04 11:00:00,-0.035361134,-1.3718549
2017-06-04 11:30:00,-0.030948795,-1.1454504
2017-06-04 12:00:00,-0.026536457,-1.3766214
2017-06-04 12:30:00,-0.02212412,-1.3075274
2017-06-04 13:00:00,-0.017708013,-1.4825665
2017-06-04 13:30:00,-0.013295676,-0.74522376
2017-06-04 14:00:00,-0.0088833375,-0.7686796
2017-06-04 14:30:00,-0.004471,-0.40264776
2017-06-04 15:00:00,-5.8661877e-05,-0.27425665
2017-06-04 15:30:00,0.0043536765,-0.2661102
2017-06-04 16:00:00,0.008769782,-0.24211177
2017-06-04 16:30:00,0.01318212,0.13483603
2017-06-04 17:00:00,0.017594459,0.6545612
2017-06-04 17:30:00,0.022006797,1.41721
2017-06-04 18:00:00,0.026419135,2.075579
2017-06-04 18:30:00,0.030831471,2.5308788
2017-06-04 19:00:00,0.03524758,2.9478805
2017-06-04 19:30:00,0.039659917,3.029797
2017-06-04 20:00:00,0.044072255,3.4131165
2017-06-04 20:30:00,0.04848459,3.3974981
2017-06-04 21:00:00,0.052896928,3.340963
2017-06-04 21:30:00,0.057309266,3.3019114
2017-06-04 22:00:00,0.061725374,3.3307025
2017-06-04 22:30:00,0.06613771,3.2501576
2017-06-04 23:00:00,0.07055005,2.931188
2017-06-04 23:30:00,0.074962385,2.293174
2017-06-05 00:00:00,0.07937472,1.9254087
2017-06-05 00:30:00,0.08378706,1.4838961
2017-06-05 01:00:00,0.08820317,1.2992939
2017-06-05 01:30:00,0.09261551,1.2992524
2017-06-05 02:00:00,0.097027846,1.3878232
2017-06-05 02:30:00,0.101440184,1.6749266
2017-06-05 03:00:00,0.10585252,2.1500123
2017-06-05 03:30:00,0.11026486,2.1970143
2017-06-05 04:00:00,0.11468097,2.3824306
2017-06-05 04:30:00,0.11909331,2.5465498
2017-06-05 05:00:00,0.12350564,2.60827
2017-06-05 05:30:00,0.12791798,2.8196476
2017-06-05 06:00:00,0.13233031,2.9931304
2017-06-05 06:30:00,0.13674265,2.8145533
2017-06-05 07:00:00,0.14115876,2.6238694
2017-06-05 07:30:00,0.1455711,2.169538
2017-06-05 08:00:00,0.14998344,1.3579203
2017-06-05 08:30:00,0.15439577,0.96096814
2017-06-05 09:00:00,0.15880811,0.38705146
2017-06-05 09:30:00,0.16322045,0.6850708
2017-06-05 10:00:00,0.16763654,-0.1352096
2017-06-05 10:30:00,0.17204888,0.024071665
2017-06-05 11:00:00,0.17646122,-0.29326248
2017-06-05 11:30:00,0.18087356,-0.46679813
2017-06-05 12:00:00,0.1852859,-0.0999561
2017-06-05 12:30:00,0.18969823,-0.43871516
2017-06-05 13:00:00,0.18969823,-0.08307166
2017-06-05 13:30:00,0.18969823,-0.40838268
2017-06-05 14:00:00,0.18969823,-0.5667671
2017-06-05 14:30:00,0.18969823,0.0867864
2017-06-05 15:00:00,0.18969823,0.037067525
2017-06-05 15:30:00,0.18969823,0.70007503
2017-06-05 16:00:00,0.18969823,0.6482348
2017-06-05 16:30:00,0.18969823,0.75888234
2017-06-05 17:00:00,0.18969823,0.9187891
2017-06-05 17:30:00,0.18969823,1.4091388
2017-06-05 18:00:00,0.18969823,2.1742253
2017-06-05 18:30:00,0.18969823,2.683909
2017-06-05 19:00:00,0.18969823,3.2833803
2017-06-05 19:30:00,0.18969823,3.2383864
2017-06-05 20:00:00,0.18969823,3.4832242
2017-06-05 20:30:00,0.18969823,3.3107548
2017-06-05 21:00:00,0.18969823,3.280637
2017-06-05 21:30:00,0.18969823,3.0045288
2017-06-05 22:00:00,0.18969823,2.98073
2017-06-05 22:30:00,0.18969823,2.939998
2017-06-05 23:00:00,0.18969823,2.722742
2017-06-05 23:30:00,0.18969823,2.211864
2017-06-06 00:00:00,0.18969823,1.7659429
2017-06-06 00:30:00,0.18969823,1.287466
2017-06-06 01:00:00,0.18969823,1.253554
2017-06-06 01:30:00,0.18969823,1.1741583
2017-06-06 02:00:00,0.18969823,1.1343079
2017-06-06 02:30:00,0.18969823,0.96024096
2017-06-06 03:00:00,0.18969823,0.7276267
2017-06-06 03:30:00,0.18969823,0.5172701
2017-06-06 04:00:00,0.18969823,0.6353105
2017-06-06 04:30:00,0.18969823,0.792704
2017-06-06 05:00:00,0.18969823,0.48046792
2017-06-06 05:30:00,0.18969823,0.38038585
2017-06-06 06:00:00,0.18969823,0.11064543
2017-06-06 06:30:00,0.18969823,0.019753527
2017-06-06 07:00:00,0.18969823,-0.23337376
2017-06-06 07:30:00,0.18969823,-0.2914576
2017-06-06 08:00:00,0.18969823,-0.2604695
2017-06-06 08:30:00,0.18969823,-0.0545516
2017-06-06 09:00:00,0.18969823,-0.13907558
2017-06-06 09:30:00,0.18969823,-0.7186782
2017-06-06 10:00:00,0.18969823,-0.75401455
2017-06-06 10:30:00,0.18969823,-0.5052167
2017-06-06 11:00:00,0.18969823,0.11707365
2017-06-06 11:30:00,0.18969823,-0.012960323
2017-06-06 12:00:00,0.18969823,-0.5046176
2017-06-06 12:30:00,0.18969823,-0.5536771
2017-06-06 13:00:00,0.18969823,-0.8434369
2017-06-06 13:30:00,0.18969823,-0.8319219
2017-06-06 14:00:00,0.18969823,-1.0177149
2017-06-06 14:30:00,0.18969823,-0.99940234
2017-06-06 15:00:00,0.18969823,-1.3953183
2017-06-06 15:30:00,0.18969823,-1.4847821
2017-06-06 16:00:00,0.18969823,-1.1952897
2017-06-06 16:30:00,0.18969823,-0.8984385
2017-06-06 17:00:00,0.18969823,-0.10682142
2017-06-06 17:30:00,0.18969823,0.27334803
2017-06-06 18:00:00,0.18969823,0.99560744
2017-06-06 18:30:00,0.18969823,1.4181067
2017-06-06 19:00:00,0.18969823,1.7512062
2017-06-06 19:30:00,0.18969823,1.7155383
2017-06-06 20:00:00,0.18969823,1.9058791
2017-06-06 20:30:00,0.18969823,1.9215804
2017-06-06 21:00:00,0.18969823,2.2784975
2017-06-06 21:30:00,0.18969823,2.0135424
2017-06-06 22:00:00,0.18969823,2.6385834
2017-06-06 22:30:00,0.18969823,2.5703788
2017-06-06 23:00:00,0.18969823,2.4230044
2017-06-06 23:30:00,0.18969823,2.1012843
2017-06-07 00:00:00,0.18969823,1.9862809
2017-06-07 00:30:00,0.18969823,1.7984645
2017-06-07 01:00:00,0.18969823,1.6361463
2017-06-07 01:30:00,0.18969823,1.4194105
2017-06-07 02:00:00,0.18969823,1.82576
2017-06-07 02:30:00,0.18969823,1.7917274
2017-06-07 03:00:00,0.18969823,1.7155308
2017-06-07 03:30:00,0.18969823,1.5029849
2017-06-07 04:00:00,0.18969823,1.5423455
2017-06-07 04:30:00,0.18969823,1.4056948
2017-06-07 05:00:00,0.18969823,1.2746285
2017-06-07 05:30:00,0.18969823,1.1145031
2017-06-07 06:00:00,0.18969823,0.9306093
2017-06-07 06:30:00,0.18969823,0.71889246
2017-06-07 07:00:00,0.18969823,0.6494556
2017-06-07 07:30:00,0.18969823,0.59574264
2017-06-07 08:00:00,0.18969823,0.5975588
2017-06-07 08:30:00,0.18969823,0.6056412
2017-06-07 09:00:00,0.18969823,0.60029817
2017-06-07 09:30:00,0.18969823,0.68114454
2017-06-07 10:00:00,0.18969823,0.74683225
2017-06-07 10:30:00,0.18969823,0.9705125
2017-06-07 11:00:00,0.18969823,0.16467112
2017-06-07 11:30:00,0.18969823,0.6428201
2017-06-07 12:00:00,0.18969823,-0.010673142
2017-06-07 12:30:00,0.18969823,-0.1469507
2017-06-07 13:00:00,0.18969823,-0.17138249
2017-06-07 13:30:00,0.18969823,-0.42008233
2017-06-07 14:00:00,0.18969823,-0.40053016
2017-06-07 14:30:00,0.18969823,-0.8708077
2017-06-07 15:00:00,0.18969823,-0.9288501
2017-06-07 15:30:00,0.18969823,-0.7830508
2017-06-07 16:00:00,0.18969823,-0.28670615
2017-06-07 16:30:00,0.18969823,0.019079054
2017-06-07 17:00:00,0.18969823,0.21715948
2017-06-07 17:30:00,0.18969823,0.7726921
2017-06-07 18:00:00,0.18969823,1.1192772
2017-06-07 18:30:00,0.18969823,1.5432535
2017-06-07 19:00:00,0.18969823,1.9794194
2017-06-07 19:30:00,0.18969823,2.0479896
2017-06-07 20:00:00,0.18969823,2.2448795
2017-06-07 20:30:00,0.18969823,2.4909945
2017-06-07 21:00:00,0.18969823,2.699173
2017-06-07 21:30:00,0.18969823,2.755064
2017-06-07 22:00:00,0.18969823,2.9079773
2017-06-07 22:30:00,0.18969823,2.924681
2017-06-07 23:00:00,0.18969823,2.8687522
2017-06-07 23:30:00,0.18969823,1.9724184
2017-06-08 00:00:00,0.18969823,1.8612019
2017-06-08 00:30:00,0.18969823,1.8087136
2017-06-08 01:00:00,0.18969823,1.7860377
2017-06-08 01:30:00,0.18969823,1.830779
2017-06-08 02:00:00,0.18969823,1.8984299
2017-06-08 02:30:00,0.18969823,1.5632504
2017-06-08 03:00:00,0.18969823,1.4040182
2017-06-08 03:30:00,0.18969823,1.2251997
2017-06-08 04:00:00,0.18969823,0.80410975
2017-06-08 04:30:00,0.18969823,0.5964774
2017-06-08 05:00:00,0.18969823,0.42553788
2017-06-08 05:30:00,0.18969823,0.51602286
2017-06-08 06:00:00,0.18969823,0.72198975
2017-06-08 06:30:00,0.18969823,0.61943966
2017-06-08 07:00:00,0.18969823,0.5744006
2017-06-08 07:30:00,0.18969823,0.88531786
2017-06-08 08:00:00,0.18969823,1.1015903
2017-06-08 08:30:00,0.18969823,0.9581007
2017-06-08 09:00:00,0.18969823,0.92796415
2017-06-08 09:30:00,0.18969823,0.4213328
2017-06-08 10:00:00,0.18969823,0.36729202
2017-06-08 10:30:00,0.18969823,0.10344099
2017-06-08 11:00:00,0.18969823,-0.19595744
2017-06-08 11:30:00,0.18969823,-0.4334776
2017-06-08 12:00:00,0.18969823,-0.32243818
2017-06-08 12:30:00,0.18969823,-0.5330321
2017-06-08 13:00:00,0.18969823,0.106489316
2017-06-08 13:30:00,0.18969823,0.35901746
2017-06-08 14:00:00,0.18969823,0.42262146
2017-06-08 14:30:00,0.18969823,0.41406807
2017-06-08 15:00:00,0.18969823,0.6652511
2017-06-08 15:30:00,0.18969823,0.5460388
2017-06-08 16:00:00,0.18969823,0.42003658
2017-06-08 16:30:00,0.18969823,0.90773374
2017-06-08 17:00:00,0.18969823,1.0115386
2017-06-08 17:30:00,0.18969823,1.3672085
2017-06-08 18:00:00,0.18969823,1.7648388
2017-06-08 18:30:00,0.18969823,1.9557261
2017-06-08 19:00:00,0.18969823,2.1529362
2017-06-08 19:30:00,0.18969823,2.3631535
2017-06-08 20:00:00,0.18969823,2.60203
2017-06-08 20:30:00,0.18969823,2.3330922
2017-06-08 21:00:00,0.18969823,2.3010867
2017-06-08 21:30:00,0.18969823,2.1265073
2017-06-08 22:00:00,0.18969823,2.4641888
2017-06-08 22:30:00,0.18969823,2.1907105
2017-06-08 23:00:00,0.18969823,1.9578136
2017-06-08 23:30:00,0.18969823,1.4635941
2017-06-09 00:00:00,0.18969823,1.2232404
2017-06-09 00:30:00,0.18969823,0.96633005
2017-06-09 01:00:00,0.18969823,0.75718296
2017-06-09 01:30:00,0.18969823,0.6866986
2017-06-09 02:00:00,0.18969823,0.6153024
2017-06-09 02:30:00,0.18969823,0.6464186
2017-06-09 03:00:00,0.18969823,0.9998163
2017-06-09 03:30:00,0.18969823,1.1288857
2017-06-09 04:00:00,0.18969823,1.0414076
2017-06-09 04:30:00,0.18969823,0.8770207
2017-06-09 05:00:00,0.18969823,0.92407936
2017-06-09 05:30:00,0.18969823,0.9704635
2017-06-09 06:00:00,0.18969823,1.0599802
2017-06-09 06:30:00,0.18969823,1.0878785
2017-06-09 07:00:00,0.18969823,1.0573462
2017-06-09 07:30:00,0.18969823,1.0108113
2017-06-09 08:00:00,0.18969823,1.0535896
2017-06-09 08:30:00,0.18969823,0.8281308
2017-06-09 09:00:00,0.18969823,0.89234895
2017-06-09 09:30:00,0.18969823,0.47593123
2017-06-09 10:00:00,0.18969823,0.48540777
2017-06-09 10:30:00,0.18969823,-0.1477307
2017-06-09 11:00:00,0.18969823,0.6468858
2017-06-09 11:30:00,0.18969823,0.77496797
2017-06-09 12:00:00,0.18969823,-0.26012662
2017-06-09 12:30:00,0.18969823,0.43375215
2017-06-09 13:00:00,0.18969823,0.2699945
2017-06-09 13:30:00,0.18969823,0.31144258
2017-06-09 14:00:00,0.18969823,0.15522096
2017-06-09 14:30:00,0.18969823,-0.017708013
2017-06-09 15:00:00,0.18969823,-0.11610579
2017-06-09 15:30:00,0.18969823,-0.2645352
2017-06-09 16:00:00,0.18969823,-0.5142411
2017-06-09 16:30:00,0.18969823,-0.020620683
2017-06-09 17:00:00,0.18969823,0.21507955
2017-06-09 17:30:00,0.18969823,0.7783667
2017-06-09 18:00:00,0.18969823,1.1805866
2017-06-09 18:30:00,0.18969823,1.6110325
2017-06-09 19:00:00,0.18969823,1.9027328
2017-06-09 19:30:00,0.18969823,2.0786235
2017-06-09 20:00:00,0.18969823,2.366375
2017-06-09 20:30:00,0.18969823,2.2038572
2017-06-09 21:00:00,0.18969823,2.293023
2017-06-09 21:30:00,0.18969823,2.1120458
2017-06-09 22:00:00,0.18969823,2.177172
2017-06-09 22:30:00,0.18969823,2.1096945
2017-06-09 23:00:00,0.18969823,1.8084874
2017-06-09 23:30:00,0.18969823,1.405465
2017-06-10 00:00:00,0.18969823,1.1950821
2017-06-10 00:30:00,0.18969823,0.9743182
2017-06-10 01:00:00,0.18969823,0.9781239
2017-06-10 01:30:00,0.18969823,1.0719398
2017-06-10 02:00:00,0.18969823,1.156833
2017-06-10 02:30:00,0.18969823,1.3454896
2017-06-10 03:00:00,0.18969823,1.2327961
2017-06-10 03:30:00,0.18969823,1.224171
2017-06-10 04:00:00,0.18969823,1.2197286
2017-06-10 04:30:00,0.18969823,1.0255255
2017-06-10 05:00:00,0.18969823,0.807305
2017-06-10 05:30:00,0.18969823,0.7563766
2017-06-10 06:00:00,0.18969823,0.5231896
2017-06-10 06:30:00,0.18969823,0.5567475
2017-06-10 07:00:00,0.18969823,0.2550694
2017-06-10 07:30:00,0.18969823,0.24324164
2017-06-10 08:00:00,0.18969823,0.23425117
2017-06-10 08:30:00,0.18969823,0.12118455
2017-06-10 09:00:00,0.18969823,-0.13924514
2017-06-10 09:30:00,0.18969823,-0.035282005
2017-06-10 10:00:00,0.18969823,-0.37796733
2017-06-10 10:30:00,0.18969823,-0.670263
2017-06-10 11:00:00,0.18969823,-0.23225465
2017-06-10 11:30:00,0.18969823,-0.5512957
2017-06-10 12:00:00,0.18969823,-0.76167864
2017-06-10 12:30:00,0.18969823,-0.70542604
2017-06-10 13:00:00,0.18969823,-1.026012
2017-06-10 13:30:00,0.18969823,-1.0382957
2017-06-10 14:00:00,0.18969823,-1.3080474
2017-06-10 14:30:00,0.18969823,-1.3945119
2017-06-10 15:00:00,0.18969823,-1.349797
2017-06-10 15:30:00,0.18969823,-1.4282243
2017-06-10 16:00:00,0.18969823,-1.545138
2017-06-10 16:30:00,0.18969823,-1.1683334
2017-06-10 17:00:00,0.18969823,-0.78489715
2017-06-10 17:30:00,0.18969823,-0.64500606
2017-06-10 18:00:00,0.18969823,-0.13847269
2017-06-10 18:30:00,0.18969823,0.33862877
2017-06-10 19:00:00,0.18969823,0.76830614
2017-06-10 19:30:00,0.18969823,1.1479065
2017-06-10 20:00:00,0.18969823,1.6550014
2017-06-10 20:30:00,0.18969823,1.5870416
2017-06-10 21:00:00,0.18969823,1.9540193
2017-06-10 21:30:00,0.18969823,2.0833712
2017-06-10 22:00:00,0.18969823,2.3483377
2017-06-10 22:30:00,0.18969823,2.2604487
2017-06-10 23:00:00,0.18969823,2.1536145
2017-06-10 23:30:00,0.18969823,1.6919543
2017-06-11 00:00:00,0.18969823,1.3383682
2017-06-11 00:30:00,0.18969823,0.89537466
2017-06-11 01:00:00,0.18969823,0.8429956
2017-06-11 01:30:00,0.18969823,0.6248505
2017-06-11 02:00:00,0.18969823,0.66002864
2017-06-11 02:30:00,0.18969823,0.8017472
2017-06-11 03:00:00,0.18969823,0.8637875
2017-06-11 03:30:00,0.18969823,0.7793916
2017-06-11 04:00:00,0.18969823,0.6125781
2017-06-11 04:30:00,0.18969823,0.91415817
2017-06-11 05:00:00,0.18969823,0.868618
2017-06-11 05:30:00,0.18969823,1.05943
2017-06-11 06:00:00,0.18969823,1.269764
2017-06-11 06:30:00,0.18969823,1.2978319
2017-06-11 07:00:00,0.18969823,1.2359235
2017-06-11 07:30:00,0.18969823,1.0830817
2017-06-11 08:00:00,0.18969823,0.78547317
2017-06-11 08:30:00,0.18969823,0.9453874
2017-06-11 09:00:00,0.18969823,0.8053984
2017-06-11 09:30:00,0.18969823,0.5365133
2017-06-11 10:00:00,0.18969823,0.39458746
2017-06-11 10:30:00,0.18969823,0.22754034
2017-06-11 11:00:00,0.18969823,-0.5745405
2017-06-11 11:30:00,0.18969823,-0.61465853
2017-06-11 12:00:00,0.18969823,-0.537339
2017-06-11 12:30:00,0.18969823,-0.7239157
2017-06-11 13:00:00,0.18969823,-0.47725058
2017-06-11 13:30:00,0.18969823,-0.45491758
2017-06-11 14:00:00,0.18969823,-0.5546492
2017-06-11 14:30:00,0.18969823,-0.5070442
2017-06-11 15:00:00,0.18969823,-1.1100085
2017-06-11 15:30:00,0.18969823,-0.63524693
2017-06-11 16:00:00,0.18969823,-0.58974445
2017-06-11 16:30:00,0.18969823,-0.45039222
2017-06-11 17:00:00,0.18969823,0.05198507
2017-06-11 17:30:00,0.18969823,0.25046867
2017-06-11 18:00:00,0.18969823,0.7708646
2017-06-11 18:30:00,0.18969823,1.1155394
2017-06-11 19:00:00,0.18969823,1.8088642
2017-06-11 19:30:00,0.18969823,1.996643
2017-06-11 20:00:00,0.18969823,2.2207453
2017-06-11 20:30:00,0.18969823,2.3995824
2017-06-11 21:00:00,0.18969823,2.7292304
2017-06-11 21:30:00,0.18969823,2.8405375
2017-06-11 22:00:00,0.18969823,3.3111656
2017-06-11 22:30:00,0.18969823,3.4016016
2017-06-11 23:00:00,0.18969823,3.217165
2017-06-11 23:30:00,0.18969823,3.164492
2017-06-12 00:00:00,0.18969823,3.1017659
2017-06-12 00:30:00,0.18969823,2.8737524
2017-06-12 01:00:00,0.18969823,3.1746807
2017-06-12 01:30:00,0.18969823,3.1393669
2017-06-12 02:00:00,0.18969823,3.211249
2017-06-12 02:30:00,0.18969823,3.2925968
2017-06-12 03:00:00,0.18969823,3.4028149
2017-06-12 03:30:00,0.18969823,3.447089
2017-06-12 04:00:00,0.18969823,3.3167722
2017-06-12 04:30:00,0.18969823,3.0408711
2017-06-12 05:00:00,0.18969823,3.060951
2017-06-12 05:30:00,0.18969823,2.7655842
2017-06-12 06:00:00,0.18969823,2.749103
2017-06-12 06:30:00,0.18969823,2.4332986
2017-06-12 07:00:00,0.18969823,2.2023196
2017-06-12 07:30:00,0.18969823,2.2810109
2017-06-12 08:00:00,0.18969823,1.7453846
2017-06-12 08:30:00,0.18969823,1.623222
2017-06-12 09:00:00,0.18969823,1.4456697
2017-06-12 09:30:00,0.18969823,1.2076333
2017-06-12 10:00:00,0.18969823,1.2394202
2017-06-12 10:30:00,0.18969823,0.06458529
2017-06-12 11:00:00,0.18969823,0.2711588
2017-06-12 11:30:00,0.18969823,0.38611323
2017-06-12 12:00:00,0.18969823,-0.15438123
2017-06-12 12:30:00,0.18969823,0.42754248
2017-06-12 13:00:00,0.18969823,-0.3956958
2017-06-12 13:30:00,0.18969823,-0.29218483
2017-06-12 14:00:00,0.18969823,-0.44978556
2017-06-12 14:30:00,0.18969823,0.22967304
2017-06-12 15:00:00,0.18969823,0.29039073
2017-06-12 15:30:00,0.18969823,0.5622639
2017-06-12 16:00:00,0.18969823,0.99594283
2017-06-12 16:30:00,0.18969823,1.0627646
2017-06-12 17:00:00,0.18969823,1.4099226
2017-06-12 17:30:00,0.18969823,1.6720365
2017-06-12 18:00:00,0.18969823,2.047918
2017-06-12 18:30:00,0.18969823,2.2972434
2017-06-12 19:00:00,0.18969823,2.6677065
2017-06-12 19:30:00,0.18969823,2.6086693
2017-06-12 20:00:00,0.18969823,2.6296532
2017-06-12 20:30:00,0.18969823,2.5623002
2017-06-12 21:00:00,0.18969823,2.9221148
2017-06-12 21:30:00,0.18969823,2.5888872
2017-06-12 22:00:00,0.18969823,2.6208248
2017-06-12 22:30:00,0.18969823,2.3623695
2017-06-12 23:00:00,0.18969823,2.098025
2017-06-12 23:30:00,0.18969823,1.8265136
2017-06-13 00:00:00,0.18969823,1.606168
2017-06-13 00:30:00,0.18969823,1.3298072
2017-06-13 01:00:00,0.18969823,1.3515335
2017-06-13 01:30:00,0.18969823,1.2813544
2017-06-13 02:00:00,0.18969823,1.1134067
2017-06-13 02:30:00,0.18969823,1.1193187
2017-06-13 03:00:00,0.18969823,0.80447143
2017-06-13 03:30:00,0.18969823,0.8282551
2017-06-13 04:00:00,0.18969823,0.61381024
2017-06-13 04:30:00,0.18969823,0.5026653
2017-06-13 05:00:00,0.18969823,0.6289878
2017-06-13 05:30:00,0.18969823,0.58735126
2017-06-13 06:00:00,0.18969823,0.51675385
2017-06-13 06:30:00,0.18969823,0.21123995
2017-06-13 07:00:00,0.18969823,0.4809766
2017-06-13 07:30:00,0.18969823,0.45924273
2017-06-13 08:00:00,0.18969823,0.44850767
2017-06-13 08:30:00,0.18969823,0.18571922
2017-06-13 09:00:00,0.18969823,0.16067328
2017-06-13 09:30:00,0.18969823,0.28019074
2017-06-13 10:00:00,0.18969823,0.35580713
2017-06-13 10:30:00,0.18969823,0.44563267
2017-06-13 11:00:00,0.18969823,0.8841498
2017-06-13 11:30:00,0.18969823,1.0949699
2017-06-13 12:00:00,0.18969823,0.40503994
2017-06-13 12:30:00,0.18969823,1.2310063
2017-06-13 13:00:00,0.18969823,1.2053123
2017-06-13 13:30:00,0.18969823,1.0399683
2017-06-13 14:00:00,0.18969823,0.86107826
2017-06-13 14:30:00,0.18969823,0.70415956
2017-06-13 15:00:00,0.18969823,0.7462482
2017-06-13 15:30:00,0.18969823,0.8086426
2017-06-13 16:00:00,0.18969823,0.8759958
2017-06-13 16:30:00,0.18969823,1.1673006
2017-06-13 17:00:00,0.18969823,1.3562096
2017-06-13 17:30:00,0.18969823,1.558465
2017-06-13 18:00:00,0.18969823,2.1042235
2017-06-13 18:30:00,0.18969823,2.325398
2017-06-13 19:00:00,0.18969823,3.2039242
2017-06-13 19:30:00,0.18969823,3.4609852
2017-06-13 20:00:00,0.18969823,3.7729537
2017-06-13 20:30:00,0.18969823,3.8176498
2017-06-13 21:00:00,0.18969823,3.9225888
2017-06-13 21:30:00,0.18969823,3.8787217
2017-06-13 22:00:00,0.18969823,4.07566
2017-06-13 22:30:00,0.18969823,4.1295204
2017-06-13 23:00:00,0.18969823,3.7996387
2017-06-13 23:30:00,0.18969823,3.273572
2017-06-14 00:00:00,0.18969823,2.963955
2017-06-14 00:30:00,0.18969823,2.9411206
2017-06-14 01:00:00,0.18969823,2.675393
2017-06-14 01:30:00,0.18969823,2.5551033
2017-06-14 02:00:00,0.18969823,2.497656
2017-06-14 02:30:00,0.18969823,2.4830174
2017-06-14 03:00:00,0.18969823,2.2548494
2017-06-14 03:30:00,0.18969823,1.9943633
2017-06-14 04:00:00,0.18969823,1.6162626
2017-06-14 04:30:00,0.18969823,1.532737
2017-06-14 05:00:00,0.18969823,1.3266948
2017-06-14 05:30:00,0.18969823,1.3623477
2017-06-14 06:00:00,0.18969823,1.2900095
2017-06-14 06:30:00,0.18969823,1.3494612
2017-06-14 07:00:00,0.18969823,1.5525944
2017-06-14 07:30:00,0.18969823,1.7467487
2017-06-14 08:00:00,0.18969823,1.8517743
2017-06-14 08:30:00,0.18969823,2.0970905
2017-06-14 09:00:00,0.18969823,1.9705873
2017-06-14 09:30:00,0.18969823,1.2942861
2017-06-14 10:00:00,0.18969823,1.1775835
2017-06-14 10:30:00,0.18969823,1.709434
2017-06-14 11:00:00,0.18969823,2.0878513
2017-06-14 11:30:00,0.18969823,1.0862658
2017-06-14 12:00:00,0.18969823,1.4758703
2017-06-14 12:30:00,0.18969823,1.1343907
2017-06-14 13:00:00,0.18969823,1.6011868
2017-06-14 13:30:00,0.18969823,0.7856465
2017-06-14 14:00:00,0.18969823,1.4881653
2017-06-14 14:30:00,0.18969823,1.9532393
2017-06-14 15:00:00,0.18969823,1.9344143
2017-06-14 15:30:00,0.18969823,1.4595473
2017-06-14 16:00:00,0.18969823,1.5762651
2017-06-14 16:30:00,0.18969823,1.991899
2017-06-14 17:00:00,0.18969823,2.1817162
2017-06-14 17:30:00,0.18969823,2.660457
2017-06-14 18:00:00,0.18969823,3.1221206
2017-06-14 18:30:00,0.18969823,3.3738425
2017-06-14 19:00:00,0.18969823,3.6188045
2017-06-14 19:30:00,0.18969823,3.954368
2017-06-14 20:00:00,0.18969823,4.079014
2017-06-14 20:30:00,0.18969823,4.1698003
2017-06-14 21:00:00,0.18969823,4.1029444
2017-06-14 21:30:00,0.18969823,4.030874
2017-06-14 22:00:00,0.18969823,4.2997437
2017-06-14 22:30:00,0.18969823,4.203675
2017-06-14 23:00:00,0.18969823,3.8648555
2017-06-14 23:30:00,0.18969823,3.0099847
2017-06-15 00:00:00,0.18969823,2.612765
2017-06-15 00:30:00,0.18969823,2.4768229
2017-06-15 01:00:00,0.18969823,2.1083682
2017-06-15 01:30:00,0.18969823,2.0300992
2017-06-15 02:00:00,0.18969823,2.1125357
2017-06-15 02:30:00,0.18969823,2.024598
2017-06-15 03:00:00,0.18969823,2.3826416
2017-06-15 03:30:00,0.18969823,2.1795006
2017-06-15 04:00:00,0.18969823,2.083228
2017-06-15 04:30:00,0.18969823,1.9781572
2017-06-15 05:00:00,0.18969823,1.7826616
2017-06-15 05:30:00,0.18969823,1.7219477
2017-06-15 06:00:00,0.18969823,1.7563986
2017-06-15 06:30:00,0.18969823,1.8930115
2017-06-15 07:00:00,0.18969823,1.7353203
2017-06-15 07:30:00,0.18969823,1.8355455
2017-06-15 08:00:00,0.18969823,1.4232086
2017-06-15 08:30:00,0.18969823,1.4594493
2017-06-15 09:00:00,0.18969823,1.8460017
2017-06-15 09:30:00,0.18969823,2.111718
2017-06-15 10:00:00,0.18969823,1.0127519
2017-06-15 10:30:00,0.18969823,0.927399
2017-06-15 11:00:00,0.18969823,1.1706239
2017-06-15 11:30:00,0.18969823,1.5380274
2017-06-15 12:00:00,0.18969823,1.7140348
2017-06-15 12:30:00,0.18969823,1.4934443
2017-06-15 13:00:00,0.18969823,1.1659818
2017-06-15 13:30:00,0.18969823,1.0474628
2017-06-15 14:00:00,0.18969823,0.8613759
2017-06-15 14:30:00,0.18969823,0.66901153
2017-06-15 15:00:00,0.18969823,0.36310953
2017-06-15 15:30:00,0.18969823,0.77624905
2017-06-15 16:00:00,0.18969823,0.45794275
2017-06-15 16:30:00,0.18969823,0.88942873
2017-06-15 17:00:00,0.18969823,1.700048
2017-06-15 17:30:00,0.18969823,1.9861114
2017-06-15 18:00:00,0.18969823,2.4148428
2017-06-15 18:30:00,0.18969823,3.009947
2017-06-15 19:00:00,0.18969823,3.3816838
2017-06-15 19:30:00,0.18969823,3.5350983
2017-06-15 20:00:00,0.18969823,3.6712854
2017-06-15 20:30:00,0.18969823,3.6705167
2017-06-15 21:00:00,0.18969823,3.7511294
2017-06-15 21:30:00,0.18969823,3.6863422
2017-06-15 22:00:00,0.18969823,3.869995
2017-06-15 22:30:00,0.18969823,3.8033466
2017-06-15 23:00:00,0.18969823,3.4087796
2017-06-15 23:30:00,0.18969823,2.7779057
2017-06-16 00:00:00,0.18969823,2.6295705
2017-06-16 00:30:00,0.18969823,2.2807696
2017-06-16 01:00:00,0.18969823,2.1317222
2017-06-16 01:30:00,0.18969823,1.8873293
2017-06-16 02:00:00,0.18969823,1.9975963
2017-06-16 02:30:00,0.18969823,1.904828
2017-06-16 03:00:00,0.18969823,1.8750757
2017-06-16 03:30:00,0.18969823,1.7310812
2017-06-16 04:00:00,0.18969823,1.6106595
2017-06-16 04:30:00,0.18969823,1.36988
2017-06-16 05:00:00,0.18969823,1.274425
2017-06-16 05:30:00,0.18969823,1.4612919
2017-06-16 06:00:00,0.18969823,1.5980028
2017-06-16 06:30:00,0.18969823,1.3656787
2017-06-16 07:00:00,0.18969823,1.3417217
2017-06-16 07:30:00,0.18969823,1.6266584
2017-06-16 08:00:00,0.18969823,1.6398653
2017-06-16 08:30:00,0.18969823,1.9005437
2017-06-16 09:00:00,0.18969823,1.8133897
2017-06-16 09:30:00,0.18969823,1.8099344
2017-06-16 10:00:00,0.18969823,1.3603733
2017-06-16 10:30:00,0.18969823,1.29822
2017-06-16 11:00:00,0.18969823,0.6415013
2017-06-16 11:30:00,0.18969823,0.8351581
2017-06-16 12:00:00,0.18969823,0.38122612
2017-06-16 12:30:00,0.18969823,0.32209852
2017-06-16 13:00:00,0.18969823,0.50338495
2017-06-16 13:30:00,0.18969823,0.9315739
2017-06-16 14:00:00,0.18969823,0.47842944
2017-06-16 14:30:00,0.18969823,0.41253072
2017-06-16 15:00:00,0.18969823,0.55462986
2017-06-16 15:30:00,0.18969823,0.37552133
2017-06-16 16:00:00,0.18969823,0.59872687
2017-06-16 16:30:00,0.18969823,0.7420808
2017-06-16 17:00:00,0.18969823,1.0852032
2017-06-16 17:30:00,0.18969823,1.3729848
2017-06-16 18:00:00,0.18969823,1.8446528
2017-06-16 18:30:00,0.18969823,2.1005006
2017-06-16 19:00:00,0.18969823,2.4491694
2017-06-16 19:30:00,0.18969823,2.5291681
2017-06-16 20:00:00,0.18969823,2.7840853
2017-06-16 20:30:00,0.18969823,2.651764
2017-06-16 21:00:00,0.18969823,2.6452038
2017-06-16 21:30:00,0.18969823,2.6639686
2017-06-16 22:00:00,0.18969823,2.799843
2017-06-16 22:30:00,0.18969823,2.5072722
2017-06-16 23:00:00,0.18969823,2.1512406
2017-06-16 23:30:00,0.18969823,1.7080889
2017-06-17 00:00:00,0.18969823,1.4566535
2017-06-17 00:30:00,0.18969823,1.4000806
2017-06-17 01:00:00,0.18969823,1.2558413
2017-06-17 01:30:00,0.18969823,1.2355617
2017-06-17 02:00:00,0.18969823,1.1534644
2017-06-17 02:30:00,0.18969823,1.3866929
2017-06-17 03:00:00,0.18969823,1.7366542
2017-06-17 03:30:00,0.18969823,1.5063308
2017-06-17 04:00:00,0.18969823,1.4288983
2017-06-17 04:30:00,0.18969823,1.3707881
2017-06-17 05:00:00,0.18969823,1.5675384
2017-06-17 05:30:00,0.18969823,1.4653425
2017-06-17 06:00:00,0.18969823,1.4537822
2017-06-17 06:30:00,0.18969823,1.6007723
2017-06-17 07:00:00,0.18969823,1.4407902
2017-06-17 07:30:00,0.18969823,1.3923335
2017-06-17 08:00:00,0.18969823,1.1410526
2017-06-17 08:30:00,0.18969823,1.0873735
2017-06-17 09:00:00,0.18969823,0.8892818
2017-06-17 09:30:00,0.18969823,0.6264406
2017-06-17 10:00:00,0.18969823,0.442038
2017-06-17 10:30:00,0.18969823,0.45256203
2017-06-17 11:00:00,0.18969823,0.0023151834
2017-06-17 11:30:00,0.18969823,-0.07086331
2017-06-17 12:00:00,0.18969823,-0.09955293
2017-06-17 12:30:00,0.18969823,-0.20038861
2017-06-17 13:00:00,0.18969823,-0.17777678
2017-06-17 13:30:00,0.18969823,-0.22550993
2017-06-17 14:00:00,0.18969823,-0.32654908
2017-06-17 14:30:00,0.18969823,-0.4560932
2017-06-17 15:00:00,0.18969823,-0.7048872
2017-06-17 15:30:00,0.18969823,-0.65052617
2017-06-17 16:00:00,0.18969823,-1.0512124
2017-06-17 16:30:00,0.18969823,-0.916167
2017-06-17 17:00:00,0.18969823,-0.412535
2017-06-17 17:30:00,0.18969823,-0.032090504
2017-06-17 18:00:00,0.18969823,0.49609765
2017-06-17 18:30:00,0.18969823,1.0213732
2017-06-17 19:00:00,0.18969823,1.7638026
2017-06-17 19:30:00,0.18969823,2.1581361
2017-06-17 20:00:00,0.18969823,2.3278735
2017-06-17 20:30:00,0.18969823,2.1772926
2017-06-17 21:00:00,0.18969823,2.543027
2017-06-17 21:30:00,0.18969823,2.5215755
2017-06-17 22:00:00,0.18969823,2.5630689
2017-06-17 22:30:00,0.18969823,2.5562263
2017-06-17 23:00:00,0.18969823,2.6991844
2017-06-17 23:30:00,0.18969823,2.2696579
2017-06-18 00:00:00,0.18969823,2.3163095
2017-06-18 00:30:00,0.18969823,1.8662623
2017-06-18 01:00:00,0.18969823,1.5461663
2017-06-18 01:30:00,0.18969823,1.4350364
2017-06-18 02:00:00,0.18969823,1.5890236
2017-06-18 02:30:00,0.18969823,1.6187079
2017-06-18 03:00:00,0.18969823,1.6702619
2017-06-18 03:30:00,0.18969823,1.6698247
2017-06-18 04:00:00,0.18969823,1.65811
2017-06-18 04:30:00,0.18969823,1.6457849
2017-06-18 05:00:00,0.18969823,1.5932212
2017-06-18 05:30:00,0.18969823,1.5022614
2017-06-18 06:00:00,0.18969823,1.3592579
2017-06-18 06:30:00,0.18969823,1.3658897
2017-06-18 07:00:00,0.18969823,1.1302534
2017-06-18 07:30:00,0.18969823,1.1471229
2017-06-18 08:00:00,0.18969823,1.1024758
2017-06-18 08:30:00,0.18969823,1.0753913
2017-06-18 09:00:00,0.18969823,0.8571934
2017-06-18 09:30:00,0.18969823,0.85503435
2017-06-18 10:00:00,0.18969823,0.2593348
2017-06-18 10:30:00,0.18969823,0.20924667
2017-06-18 11:00:00,0.18969823,-0.08761211
2017-06-18 11:30:00,0.18969823,-0.16451716
2017-06-18 12:00:00,0.18969823,-0.22820404
2017-06-18 12:30:00,0.18969823,0.0005781315
2017-06-18 13:00:00,0.18969823,0.08298448
2017-06-18 13:30:00,0.18969823,-0.19298825
2017-06-18 14:00:00,0.18969823,-0.17690638
2017-06-18 14:30:00,0.18969823,-0.09597708
2017-06-18 15:00:00,0.18969823,-0.076504014
2017-06-18 15:30:00,0.18969823,0.23565286
2017-06-18 16:00:00,0.18969823,0.24267644
2017-06-18 16:30:00,0.18969823,0.36759347
2017-06-18 17:00:00,0.18969823,0.77707803
2017-06-18 17:30:00,0.18969823,1.2075391
2017-06-18 18:00:00,0.18969823,1.8678638
2017-06-18 18:30:00,0.18969823,2.317293
2017-06-18 19:00:00,0.18969823,2.69068
2017-06-18 19:30:00,0.18969823,2.923897
2017-06-18 20:00:00,0.18969823,3.0982542
2017-06-18 20:30:00,0.18969823,3.0443566
2017-06-18 21:00:00,0.18969823,3.1425056
2017-06-18 21:30:00,0.18969823,3.0896707
2017-06-18 22:00:00,0.18969823,3.1357384
2017-06-18 22:30:00,0.18969823,3.0507019
2017-06-18 23:00:00,0.18969823,2.883636
2017-06-18 23:30:00,0.18969823,2.645969
2017-06-19 00:00:00,0.18969823,2.3507001
2017-06-19 00:30:00,0.18969823,1.84772
2017-06-19 01:00:00,0.18969823,1.6176869
2017-06-19 01:30:00,0.18969823,1.6000638
2017-06-19 02:00:00,0.18969823,1.8392307
2017-06-19 02:30:00,0.18969823,2.1464176
2017-06-19 03:00:00,0.18969823,2.2118452
2017-06-19 03:30:00,0.18969823,2.2612965
2017-06-19 04:00:00,0.18969823,2.429184
2017-06-19 04:30:00,0.18969823,2.2559423
2017-06-19 05:00:00,0.18969823,2.3509376
2017-06-19 05:30:00,0.18969823,2.4013007
2017-06-19 06:00:00,0.18969823,2.3618045
2017-06-19 06:30:00,0.18969823,2.279142
2017-06-19 07:00:00,0.18969823,2.2866967
2017-06-19 07:30:00,0.18969823,2.1466813
2017-06-19 08:00:00,0.18969823,2.1252751
2017-06-19 08:30:00,0.18969823,1.7425247
2017-06-19 09:00:00,0.18969823,1.4259969
2017-06-19 09:30:00,0.18969823,1.5145376
2017-06-19 10:00:00,0.18969823,0.84455556
2017-06-19 10:30:00,0.18969823,0.27209705
2017-06-19 11:00:00,0.18969823,0.7628764
2017-06-19 11:30:00,0.18969823,0.20705369
2017-06-19 12:00:00,0.18969823,0.3368842
2017-06-19 12:30:00,0.18969823,0.1625083
2017-06-19 13:00:00,0.18969823,0.26036346
2017-06-19 13:30:00,0.18969823,0.35728794
2017-06-19 14:00:00,0.18969823,0.1544523
2017-06-19 14:30:00,0.18969823,0.22849742
2017-06-19 15:00:00,0.18969823,0.34490252
2017-06-19 15:30:00,0.18969823,0.68035704
2017-06-19 16:00:00,0.18969823,0.7315643
2017-06-19 16:30:00,0.18969823,1.1770823
2017-06-19 17:00:00,0.18969823,1.4467624
2017-06-19 17:30:00,0.18969823,1.7304746
2017-06-19 18:00:00,0.18969823,2.0994682
2017-06-19 18:30:00,0.18969823,2.649115
2017-06-19 19:00:00,0.18969823,2.4205477
2017-06-19 19:30:00,0.18969823,2.2029867
2017-06-19 20:00:00,0.18969823,2.2775443
2017-06-19 20:30:00,0.18969823,2.7163854
2017-06-19 21:00:00,0.18969823,2.4789293
2017-06-19 21:30:00,0.18969823,2.4187014
2017-06-19 22:00:00,0.18969823,2.9452655
2017-06-19 22:30:00,0.18969823,2.841811
2017-06-19 23:00:00,0.18969823,2.6485121
2017-06-19 23:30:00,0.18969823,2.199554
2017-06-20 00:00:00,0.18969823,1.8831921
2017-06-20 00:30:00,0.18969823,1.3676682
2017-06-20 01:00:00,0.18969823,1.5183357
2017-06-20 01:30:00,0.18969823,1.4956448
2017-06-20 02:00:00,0.18969823,1.408016
2017-06-20 02:30:00,0.18969823,1.4928602
2017-06-20 03:00:00,0.18969823,1.4759004
2017-06-20 03:30:00,0.18969823,1.4145874
2017-06-20 04:00:00,0.18969823,1.3801705
2017-06-20 04:30:00,0.18969823,1.4516006
2017-06-20 05:00:00,0.18969823,1.4703841
2017-06-20 05:30:00,0.18969823,1.518867
2017-06-20 06:00:00,0.18969823,1.7138653
2017-06-20 06:30:00,0.18969823,1.5751611
2017-06-20 07:00:00,0.18969823,1.5512304
2017-06-20 07:30:00,0.18969823,1.7359533
2017-06-20 08:00:00,0.18969823,1.6244617
2017-06-20 08:30:00,0.18969823,2.0072763
2017-06-20 09:00:00,0.18969823,1.8699814
2017-06-20 09:30:00,0.18969823,1.9333856
2017-06-20 10:00:00,0.18969823,1.9643172
2017-06-20 10:30:00,0.18969823,1.7208812
2017-06-20 11:00:00,0.18969823,1.3714964
2017-06-20 11:30:00,0.18969823,1.6285576
2017-06-20 12:00:00,0.18969823,1.4373462
2017-06-20 12:30:00,0.18969823,1.3506744
2017-06-20 13:00:00,0.18969823,0.9278963
2017-06-20 13:30:00,0.18969823,0.768178
2017-06-20 14:00:00,0.18969823,0.7965586
2017-06-20 14:30:00,0.18969823,1.0168666
2017-06-20 15:00:00,0.18969823,0.969936
2017-06-20 15:30:00,0.18969823,0.82408774
2017-06-20 16:00:00,0.18969823,0.8650987
2017-06-20 16:30:00,0.18969823,0.6915141
2017-06-20 17:00:00,0.18969823,1.3721483
2017-06-20 17:30:00,0.18969823,1.6007346
2017-06-20 18:00:00,0.18969823,2.1805294
2017-06-20 18:30:00,0.18969823,2.578676
2017-06-20 19:00:00,0.18969823,2.805118
2017-06-20 19:30:00,0.18969823,3.0594625
2017-06-20 20:00:00,0.18969823,3.7444074
2017-06-20 20:30:00,0.18969823,3.712108
2017-06-20 21:00:00,0.18969823,4.007542
2017-06-20 21:30:00,0.18969823,4.2963376
2017-06-20 22:00:00,0.18969823,4.5893717
2017-06-20 22:30:00,0.18969823,4.6797547
2017-06-20 23:00:00,0.18969823,4.420727
2017-06-20 23:30:00,0.18969823,4.0928426
2017-06-21 00:00:00,0.18969823,4.126732
2017-06-21 00:30:00,0.18969823,3.7187397
2017-06-21 01:00:00,0.18969823,3.8541694
2017-06-21 01:30:00,0.18969823,3.6086197
2017-06-21 02:00:00,0.18969823,4.0694504
2017-06-21 02:30:00,0.18969823,4.102078
2017-06-21 03:00:00,0.18969823,3.8328876
2017-06-21 03:30:00,0.18969823,3.8321528
2017-06-21 04:00:00,0.18969823,3.6530142
2017-06-21 04:30:00,0.18969823,3.4229283
2017-06-21 05:00:00,0.18969823,3.5291862
2017-06-21 05:30:00,0.18969823,3.69788
2017-06-21 06:00:00,0.18969823,3.8999584
2017-06-21 06:30:00,0.18969823,3.3167233
2017-06-21 07:00:00,0.18969823,3.446712
2017-06-21 07:30:00,0.18969823,3.4576015
2017-06-21 08:00:00,0.18969823,3.4317455
2017-06-21 08:30:00,0.18969823,3.2527575
2017-06-21 09:00:00,0.18969823,2.8249378
2017-06-21 09:30:00,0.18969823,2.3322935
2017-06-21 10:00:00,0.18969823,2.9067264
2017-06-21 10:30:00,0.18969823,2.7171955
2017-06-21 11:00:00,0.18969823,2.6153915
2017-06-21 11:30:00,0.18969823,3.8661554
2017-06-21 12:00:00,0.18969823,2.9888763
2017-06-21 12:30:00,0.18969823,2.6177766
2017-06-21 13:00:00,0.18969823,2.5276985
2017-06-21 13:30:00,0.18969823,2.610655
2017-06-21 14:00:00,0.18969823,2.2581465
2017-06-21 14:30:00,0.18969823,2.6924095
2017-06-21 15:00:00,0.18969823,2.846374
2017-06-21 15:30:00,0.18969823,2.649537
2017-06-21 16:00:00,0.18969823,2.472825
2017-06-21 16:30:00,0.18969823,2.7174668
2017-06-21 17:00:00,0.18969823,2.921184
2017-06-21 17:30:00,0.18969823,3.3261886
2017-06-21 18:00:00,0.18969823,3.7893975
2017-06-21 18:30:00,0.18969823,3.877237
2017-06-21 19:00:00,0.18969823,3.9133046
2017-06-21 19:30:00,0.18969823,3.9390552
2017-06-21 20:00:00,0.18969823,4.2617774
2017-06-21 20:30:00,0.18969823,4.1165133
2017-06-21 21:00:00,0.18969823,4.469146
2017-06-21 21:30:00,0.18969823,4.202522
2017-06-21 22:00:00,0.18969823,4.397275
2017-06-21 22:30:00,0.18969823,4.0067997
2017-06-21 23:00:00,0.18969823,3.8619766
2017-06-21 23:30:00,0.18969823,3.1128967
2017-06-22 00:00:00,0.18969823,3.4905038
2017-06-22 00:30:00,0.18969823,3.0607624
2017-06-22 01:00:00,0.18969823,3.0399215
2017-06-22 01:30:00,0.18969823,3.5615835
2017-06-22 02:00:00,0.18969823,3.6032577
2017-06-22 02:30:00,0.18969823,3.9669833
2017-06-22 03:00:00,0.18969823,4.2769775
2017-06-22 03:30:00,0.18969823,4.2145376
2017-06-22 04:00:00,0.18969823,4.098434
2017-06-22 04:30:00,0.18969823,3.9598167
2017-06-22 05:00:00,0.18969823,3.5272307
2017-06-22 05:30:00,0.18969823,3.3303936
2017-06-22 06:00:00,0.18969823,3.2296975
2017-06-22 06:30:00,0.18969823,3.087862
2017-06-22 07:00:00,0.18969823,2.926011
2017-06-22 07:30:00,0.18969823,3.1751742
2017-06-22 08:00:00,0.18969823,2.962508
2017-06-22 08:30:00,0.18969823,2.8068137
2017-06-22 09:00:00,0.18969823,3.1447363
2017-06-22 09:30:00,0.18969823,3.3114557
2017-06-22 10:00:00,0.18969823,2.9728398
2017-06-22 10:30:00,0.18969823,3.5289602
2017-06-22 11:00:00,0.18969823,2.211491
2017-06-22 11:30:00,0.18969823,2.0734463
2017-06-22 12:00:00,0.18969823,2.327022
2017-06-22 12:30:00,0.18969823,2.0629487
2017-06-22 13:00:00,0.18969823,1.723485
2017-06-22 13:30:00,0.18969823,1.8356096
2017-06-22 14:00:00,0.18969823,1.2663728
2017-06-22 14:30:00,0.18969823,1.5313429
2017-06-22 15:00:00,0.18969823,1.841239
2017-06-22 15:30:00,0.18969823,2.176931
2017-06-22 16:00:00,0.18969823,2.1922214
2017-06-22 16:30:00,0.18969823,2.391161
2017-06-22 17:00:00,0.18969823,2.8056984
2017-06-22 17:30:00,0.18969823,2.920536
2017-06-22 18:00:00,0.18969823,3.2923517
2017-06-22 18:30:00,0.18969823,3.613684
2017-06-22 19:00:00,0.18969823,3.805924
2017-06-22 19:30:00,0.18969823,4.009087
2017-06-22 20:00:00,0.18969823,4.4366093
2017-06-22 20:30:00,0.18969823,4.595996
2017-06-22 21:00:00,0.18969823,4.683082
2017-06-22 21:30:00,0.18969823,4.7808995
2017-06-22 22:00:00,0.18969823,5.103113
2017-06-22 22:30:00,0.18969823,5.013574
2017-06-22 23:00:00,0.18969823,4.9675856
2017-06-22 23:30:00,0.18969823,4.5212874
2017-06-23 00:00:00,0.18969823,4.574552
2017-06-23 00:30:00,0.18969823,4.267678
2017-06-23 01:00:00,0.18969823,4.054333
2017-06-23 01:30:00,0.18969823,3.8701005
2017-06-23 02:00:00,0.18969823,3.7257783
2017-06-23 02:30:00,0.18969823,3.6890101
2017-06-23 03:00:00,0.18969823,3.6534777
2017-06-23 03:30:00,0.18969823,3.2121084
2017-06-23 04:00:00,0.18969823,3.3099334
2017-06-23 04:30:00,0.18969823,3.1574948
2017-06-23 05:00:00,0.18969823,3.0754313
2017-06-23 05:30:00,0.18969823,3.5656455
2017-06-23 06:00:00,0.18969823,3.5816143
2017-06-23 06:30:00,0.18969823,3.8424735
2017-06-23 07:00:00,0.18969823,4.098879
2017-06-23 07:30:00,0.18969823,4.4036465
2017-06-23 08:00:00,0.18969823,3.9387913
2017-06-23 08:30:00,0.18969823,3.822763
2017-06-23 09:00:00,0.18969823,3.6252177
2017-06-23 09:30:00,0.18969823,3.3805308
2017-06-23 10:00:00,0.18969823,2.958981
2017-06-23 10:30:00,0.18969823,3.5729177
2017-06-23 11:00:00,0.18969823,3.2265022
2017-06-23 11:30:00,0.18969823,3.0833516
2017-06-23 12:00:00,0.18969823,2.829384
2017-06-23 12:30:00,0.18969823,2.6976056
2017-06-23 13:00:00,0.18969823,3.432778
2017-06-23 13:30:00,0.18969823,2.9196167
2017-06-23 14:00:00,0.18969823,3.1166232
2017-06-23 14:30:00,0.18969823,3.4855905
2017-06-23 15:00:00,0.18969823,3.292834
2017-06-23 15:30:00,0.18969823,3.2212684
2017-06-23 16:00:00,0.18969823,3.2978532
2017-06-23 16:30:00,0.18969823,3.2407074
2017-06-23 17:00:00,0.18969823,3.4356642
2017-06-23 17:30:00,0.18969823,3.7003593
2017-06-23 18:00:00,0.18969823,4.191783
2017-06-23 18:30:00,0.18969823,4.4039593
2017-06-23 19:00:00,0.18969823,4.5763836
2017-06-23 19:30:00,0.18969823,4.7052116
2017-06-23 20:00:00,0.18969823,4.940373
2017-06-23 20:30:00,0.18969823,4.9574833
2017-06-23 21:00:00,0.18969823,5.046032
2017-06-23 21:30:00,0.18969823,4.9956307
2017-06-23 22:00:00,0.18969823,5.3435273
2017-06-23 22:30:00,0.18969823,5.1013236
2017-06-23 23:00:00,0.18969823,5.0239363
2017-06-23 23:30:00,0.18969823,4.3469343
2017-06-24 00:00:00,0.18969823,4.7974486
2017-06-24 00:30:00,0.18969823,4.37218
2017-06-24 01:00:00,0.18969823,3.9328868
2017-06-24 01:30:00,0.18969823,3.9684265
2017-06-24 02:00:00,0.18969823,3.9235687
2017-06-24 02:30:00,0.18969823,3.8403635
2017-06-24 03:00:00,0.18969823,4.12296
2017-06-24 03:30:00,0.18969823,3.993073
2017-06-24 04:00:00,0.18969823,3.9393792
2017-06-24 04:30:00,0.18969823,4.002342
2017-06-24 05:00:00,0.18969823,4.087718
2017-06-24 05:30:00,0.18969823,4.2603984
2017-06-24 06:00:00,0.18969823,4.398767
2017-06-24 06:30:00,0.18969823,4.450871
2017-06-24 07:00:00,0.18969823,4.1717596
2017-06-24 07:30:00,0.18969823,4.0452147
2017-06-24 08:00:00,0.18969823,4.122037
2017-06-24 08:30:00,0.18969823,4.0050516
2017-06-24 09:00:00,0.18969823,3.7655535
2017-06-24 09:30:00,0.18969823,3.9537578
2017-06-24 10:00:00,0.18969823,3.9797494
2017-06-24 10:30:00,0.18969823,3.7315056
2017-06-24 11:00:00,0.18969823,4.076512
2017-06-24 11:30:00,0.18969823,4.109979
2017-06-24 12:00:00,0.18969823,3.7124546
2017-06-24 12:30:00,0.18969823,3.3090668
2017-06-24 13:00:00,0.18969823,3.3581073
2017-06-24 13:30:00,0.18969823,3.258191
2017-06-24 14:00:00,0.18969823,3.0559394
2017-06-24 14:30:00,0.18969823,3.309142
2017-06-24 15:00:00,0.18969823,2.6536028
2017-06-24 15:30:00,0.18969823,2.985116
2017-06-24 16:00:00,0.18969823,2.4302993
2017-06-24 16:30:00,0.18969823,2.79375
2017-06-24 17:00:00,0.18969823,3.0901642
2017-06-24 17:30:00,0.18969823,3.144857
2017-06-24 18:00:00,0.18969823,3.6450675
2017-06-24 18:30:00,0.18969823,4.1356015
2017-06-24 19:00:00,0.18969823,4.26553
2017-06-24 19:30:00,0.18969823,4.520481
2017-06-24 20:00:00,0.18969823,4.714198
2017-06-24 20:30:00,0.18969823,4.7441163
2017-06-24 21:00:00,0.18969823,4.8674016
2017-06-24 21:30:00,0.18969823,5.048568
2017-06-24 22:00:00,0.18969823,5.3281426
2017-06-24 22:30:00,0.18969823,5.2864347
2017-06-24 23:00:00,0.18969823,5.071522
2017-06-24 23:30:00,0.18969823,4.932807
2017-06-25 00:00:00,0.18969823,4.787113
2017-06-25 00:30:00,0.18969823,4.5283713
2017-06-25 01:00:00,0.18969823,4.195611
2017-06-25 01:30:00,0.18969823,4.2833
2017-06-25 02:00:00,0.18969823,4.272109
2017-06-25 02:30:00,0.18969823,4.2608166
2017-06-25 03:00:00,0.18969823,4.01333
2017-06-25 03:30:00,0.18969823,4.068162
2017-06-25 04:00:00,0.18969823,4.2443013
2017-06-25 04:30:00,0.18969823,4.2924337
2017-06-25 05:00:00,0.18969823,4.079624
2017-06-25 05:30:00,0.18969823,3.9833329
2017-06-25 06:00:00,0.18969823,3.8801084
2017-06-25 06:30:00,0.18969823,3.9559731
2017-06-25 07:00:00,0.18969823,3.7722151
2017-06-25 07:30:00,0.18969823,4.0808487
2017-06-25 08:00:00,0.18969823,3.763417
2017-06-25 08:30:00,0.18969823,3.5033906
2017-06-25 09:00:00,0.18969823,3.3701272
2017-06-25 09:30:00,0.18969823,3.8308153
2017-06-25 10:00:00,0.18969823,2.2554374
2017-06-25 10:30:00,0.18969823,3.1618845
2017-06-25 11:00:00,0.18969823,2.8539667
2017-06-25 11:30:00,0.18969823,2.622302
2017-06-25 12:00:00,0.18969823,1.336469
2017-06-25 12:30:00,0.18969823,2.5211196
2017-06-25 13:00:00,0.18969823,0.97468746
2017-06-25 13:30:00,0.18969823,1.3333491
2017-06-25 14:00:00,0.18969823,1.7897868
2017-06-25 14:30:00,0.18969823,1.6035041
2017-06-25 15:00:00,0.18969823,2.0686722
2017-06-25 15:30:00,0.18969823,2.1112733
2017-06-25 16:00:00,0.18969823,2.028396
2017-06-25 16:30:00,0.18969823,1.9980786
2017-06-25 17:00:00,0.18969823,2.5853076
2017-06-25 17:30:00,0.18969823,2.7772424
2017-06-25 18:00:00,0.18969823,3.1306477
2017-06-25 18:30:00,0.18969823,3.5183456
2017-06-25 19:00:00,0.18969823,3.700103
2017-06-25 19:30:00,0.18969823,3.839753
2017-06-25 20:00:00,0.18969823,3.9519565
2017-06-25 20:30:00,0.18969823,3.8504353
2017-06-25 21:00:00,0.18969823,3.9819574
2017-06-25 21:30:00,0.18969823,3.8607597
2017-06-25 22:00:00,0.18969823,4.0937996
2017-06-25 22:30:00,0.18969823,4.002094
2017-06-25 23:00:00,0.18969823,3.892313
2017-06-25 23:30:00,0.18969823,3.425227
2017-06-26 00:00:00,0.18969823,3.417382
2017-06-26 00:30:00,0.18969823,3.0595303
2017-06-26 01:00:00,0.18969823,2.9205248
2017-06-26 01:30:00,0.18969823,2.9521685
2017-06-26 02:00:00,0.18969823,2.8987231
2017-06-26 02:30:00,0.18969823,2.9304724
2017-06-26 03:00:00,0.18969823,2.9280908
2017-06-26 03:30:00,0.18969823,2.9004865
2017-06-26 04:00:00,0.18969823,2.88055
2017-06-26 04:30:00,0.18969823,2.9042318
2017-06-26 05:00:00,0.18969823,2.9552507
2017-06-26 05:30:00,0.18969823,3.2872124
2017-06-26 06:00:00,0.18969823,3.2275798
2017-06-26 06:30:00,0.18969823,3.625587
2017-06-26 07:00:00,0.18969823,3.7272177
2017-06-26 07:30:00,0.18969823,3.929522
2017-06-26 08:00:00,0.18969823,3.7087696
2017-06-26 08:30:00,0.18969823,3.8403032
2017-06-26 09:00:00,0.18969823,3.929507
2017-06-26 09:30:00,0.18969823,3.6999977
2017-06-26 10:00:00,0.18969823,3.724369
2017-06-26 10:30:00,0.18969823,2.9127777
2017-06-26 11:00:00,0.18969823,2.686667
2017-06-26 11:30:00,0.18969823,2.6790257
2017-06-26 12:00:00,0.18969823,2.4352355
2017-06-26 12:30:00,0.18969823,2.4691625
2017-06-26 13:00:00,0.18969823,2.477844
2017-06-26 13:30:00,0.18969823,2.5880432
2017-06-26 14:00:00,0.18969823,2.4302578
2017-06-26 14:30:00,0.18969823,2.6811657
2017-06-26 15:00:00,0.18969823,2.6267972
2017-06-26 15:30:00,0.18969823,2.4731076
2017-06-26 16:00:00,0.18969823,2.416648
2017-06-26 16:30:00,0.18969823,2.5838683
2017-06-26 17:00:00,0.18969823,2.7477918
2017-06-26 17:30:00,0.18969823,3.1195736
2017-06-26 18:00:00,0.18969823,3.642882
2017-06-26 18:30:00,0.18969823,3.864946
2017-06-26 19:00:00,0.18969823,4.2461624
2017-06-26 19:30:00,0.18969823,4.4317822
2017-06-26 20:00:00,0.18969823,4.38576
2017-06-26 20:30:00,0.18969823,4.151774
2017-06-26 21:00:00,0.18969823,4.2707715
2017-06-26 21:30:00,0.18969823,4.363506
2017-06-26 22:00:00,0.18969823,4.6843143
2017-06-26 22:30:00,0.18969823,4.3266625
2017-06-26 23:00:00,0.18969823,3.8362262
2017-06-26 23:30:00,0.18969823,4.0098443
2017-06-27 00:00:00,0.18969823,3.5637088
2017-06-27 00:30:00,0.18969823,3.1006732
2017-06-27 01:00:00,0.18969823,3.2164793
2017-06-27 01:30:00,0.18969823,2.9813178
2017-06-27 02:00:00,0.18969823,2.8783154
2017-06-27 02:30:00,0.18969823,2.8323157
2017-06-27 03:00:00,0.18969823,3.0644326
2017-06-27 03:30:00,0.18969823,2.857712
2017-06-27 04:00:00,0.18969823,2.955748
2017-06-27 04:30:00,0.18969823,2.8083022
2017-06-27 05:00:00,0.18969823,2.837621
2017-06-27 05:30:00,0.18969823,2.9526734
2017-06-27 06:00:00,0.18969823,2.8517623
2017-06-27 06:30:00,0.18969823,2.83426
2017-06-27 07:00:00,0.18969823,2.7452748
2017-06-27 07:30:00,0.18969823,2.7595026
2017-06-27 08:00:00,0.18969823,2.5703864
2017-06-27 08:30:00,0.18969823,2.7766547
2017-06-27 09:00:00,0.18969823,2.5187268
2017-06-27 09:30:00,0.18969823,2.4180646
2017-06-27 10:00:00,0.18969823,2.5708346
2017-06-27 10:30:00,0.18969823,2.3819256
2017-06-27 11:00:00,0.18969823,2.4133546
2017-06-27 11:30:00,0.18969823,2.3526106
2017-06-27 12:00:00,0.18969823,2.142725
2017-06-27 12:30:00,0.18969823,1.505483
2017-06-27 13:00:00,0.18969823,1.9675465
2017-06-27 13:30:00,0.18969823,2.3013883
2017-06-27 14:00:00,0.18969823,2.0323825
2017-06-27 14:30:00,0.18969823,1.9574256
2017-06-27 15:00:00,0.18969823,2.1552875
2017-06-27 15:30:00,0.18969823,2.432937
2017-06-27 16:00:00,0.18969823,2.4642265
2017-06-27 16:30:00,0.18969823,2.752125
2017-06-27 17:00:00,0.18969823,3.3127744
2017-06-27 17:30:00,0.18969823,3.4288366
2017-06-27 18:00:00,0.18969823,4.03113
2017-06-27 18:30:00,0.18969823,4.210841
2017-06-27 19:00:00,0.18969823,4.603159
2017-06-27 19:30:00,0.18969823,4.710012
2017-06-27 20:00:00,0.18969823,4.97479
2017-06-27 20:30:00,0.18969823,4.774788
2017-06-27 21:00:00,0.18969823,5.02293
2017-06-27 21:30:00,0.18969823,5.0591254
2017-06-27 22:00:00,0.18969823,5.223991
2017-06-27 22:30:00,0.18969823,5.067483
2017-06-27 23:00:00,0.18969823,5.035779
2017-06-27 23:30:00,0.18969823,4.61331
2017-06-28 00:00:00,0.18969823,4.728019
2017-06-28 00:30:00,0.18969823,4.3607287
2017-06-28 01:00:00,0.18969823,4.164333
2017-06-28 01:30:00,0.18969823,4.3897014
2017-06-28 02:00:00,0.18969823,4.233517
2017-06-28 02:30:00,0.18969823,4.1163173
2017-06-28 03:00:00,0.18969823,4.4898396
2017-06-28 03:30:00,0.18969823,4.3938007
2017-06-28 04:00:00,0.18969823,4.096874
2017-06-28 04:30:00,0.18969823,4.0335264
2017-06-28 05:00:00,0.18969823,3.9442475
2017-06-28 05:30:00,0.18969823,3.9111266
2017-06-28 06:00:00,0.18969823,4.283014
2017-06-28 06:30:00,0.18969823,4.3505287
2017-06-28 07:00:00,0.18969823,4.538432
2017-06-28 07:30:00,0.18969823,4.308659
2017-06-28 08:00:00,0.18969823,3.7143462
2017-06-28 08:30:00,0.18969823,3.5597599
2017-06-28 09:00:00,0.18969823,3.890037
2017-06-28 09:30:00,0.18969823,3.012027
2017-06-28 10:00:00,0.18969823,2.6378412
2017-06-28 10:30:00,0.18969823,2.7220562
2017-06-28 11:00:00,0.18969823,2.4283588
2017-06-28 11:30:00,0.18969823,2.3640351
2017-06-28 12:00:00,0.18969823,2.2161334
2017-06-28 12:30:00,0.18969823,2.2863915
2017-06-28 13:00:00,0.18969823,2.5366778
2017-06-28 13:30:00,0.18969823,2.2262766
2017-06-28 14:00:00,0.18969823,2.3050282
2017-06-28 14:30:00,0.18969823,2.5111609
2017-06-28 15:00:00,0.18969823,2.2581615
2017-06-28 15:30:00,0.18969823,2.5088623
2017-06-28 16:00:00,0.18969823,2.719121
2017-06-28 16:30:00,0.18969823,3.1124482
2017-06-28 17:00:00,0.18969823,3.3511214
2017-06-28 17:30:00,0.18969823,3.903387
2017-06-28 18:00:00,0.18969823,4.288711
2017-06-28 18:30:00,0.18969823,4.871019
2017-06-28 19:00:00,0.18969823,5.2072687
2017-06-28 19:30:00,0.18969823,5.3839993
2017-06-28 20:00:00,0.18969823,5.59852
2017-06-28 20:30:00,0.18969823,5.610905
2017-06-28 21:00:00,0.18969823,5.5998874
2017-06-28 21:30:00,0.18969823,5.4992027
2017-06-28 22:00:00,0.18969823,5.616278
2017-06-28 22:30:00,0.18969823,5.232469
2017-06-28 23:00:00,0.18969823,4.9010386
2017-06-28 23:30:00,0.18969823,3.7642422
2017-06-29 00:00:00,0.18969823,3.8971398
2017-06-29 00:30:00,0.18969823,3.2785232
2017-06-29 01:00:00,0.18969823,3.0235949
2017-06-29 01:30:00,0.18969823,3.2406247
2017-06-29 02:00:00,0.18969823,3.3267915
2017-06-29 02:30:00,0.18969823,3.3091345
2017-06-29 03:00:00,0.18969823,3.5983443
2017-06-29 03:30:00,0.18969823,3.4041297
2017-06-29 04:00:00,0.18969823,3.2598603
2017-06-29 04:30:00,0.18969823,3.1063027
2017-06-29 05:00:00,0.18969823,3.1066003
2017-06-29 05:30:00,0.18969823,3.1480672
2017-06-29 06:00:00,0.18969823,3.028757
2017-06-29 06:30:00,0.18969823,3.4229813
2017-06-29 07:00:00,0.18969823,3.4904964
2017-06-29 07:30:00,0.18969823,3.5732758
2017-06-29 08:00:00,0.18969823,3.2048888
2017-06-29 08:30:00,0.18969823,3.0710907
2017-06-29 09:00:00,0.18969823,3.0839434
2017-06-29 09:30:00,0.18969823,3.227968
2017-06-29 10:00:00,0.18969823,3.0440702
2017-06-29 10:30:00,0.18969823,3.4116883
2017-06-29 11:00:00,0.18969823,2.8446672
2017-06-29 11:30:00,0.18969823,3.2373352
2017-06-29 12:00:00,0.18969823,2.5180335
2017-06-29 12:30:00,0.18969823,2.1577291
2017-06-29 13:00:00,0.18969823,2.3723247
2017-06-29 13:30:00,0.18969823,2.4013422
2017-06-29 14:00:00,0.18969823,2.3743331
2017-06-29 14:30:00,0.18969823,3.1022255
2017-06-29 15:00:00,0.18969823,3.042729
2017-06-29 15:30:00,0.18969823,3.1575851
2017-06-29 16:00:00,0.18969823,2.709667
2017-06-29 16:30:00,0.18969823,3.0226982
2017-06-29 17:00:00,0.18969823,3.0116427
2017-06-29 17:30:00,0.18969823,2.9641433
2017-06-29 18:00:00,0.18969823,3.7987006
2017-06-29 18:30:00,0.18969823,4.100736
2017-06-29 19:00:00,0.18969823,4.317016
2017-06-29 19:30:00,0.18969823,4.414559
2017-06-29 20:00:00,0.18969823,4.813595
2017-06-29 20:30:00,0.18969823,4.8273478
2017-06-29 21:00:00,0.18969823,4.923251
2017-06-29 21:30:00,0.18969823,4.966263
2017-06-29 22:00:00,0.18969823,5.281822
2017-06-29 22:30:00,0.18969823,5.176582
2017-06-29 23:00:00,0.18969823,5.0672946
2017-06-29 23:30:00,0.18969823,4.7193418
2017-06-30 00:00:00,0.18969823,5.0722685
2017-06-30 00:30:00,0.18969823,4.6522336
2017-06-30 01:00:00,0.18969823,4.4187713
2017-06-30 01:30:00,0.18969823,4.5254664
2017-06-30 02:00:00,0.18969823,4.4240203
2017-06-30 02:30:00,0.18969823,4.3829074
2017-06-30 03:00:00,0.18969823,4.496091
2017-06-30 03:30:00,0.18969823,4.29223
2017-06-30 04:00:00,0.18969823,4.342567
2017-06-30 04:30:00,0.18969823,4.320841
2017-06-30 05:00:00,0.18969823,4.279751
2017-06-30 05:30:00,0.18969823,4.1879506
2017-06-30 06:00:00,0.18969823,4.342469
2017-06-30 06:30:00,0.18969823,4.541925
2017-06-30 07:00:00,0.18969823,4.591327
2017-06-30 07:30:00,0.18969823,4.357507
2017-06-30 08:00:00,0.18969823,3.9223213
2017-06-30 08:30:00,0.18969823,3.8932927
2017-06-30 09:00:00,0.18969823,3.7672603
2017-06-30 09:30:00,0.18969823,3.6735802
2017-06-30 10:00:00,0.18969823,3.46721
2017-06-30 10:30:00,0.18969823,3.3460195
2017-06-30 11:00:00,0.18969823,3.2352664
2017-06-30 11:30:00,0.18969823,3.5143855
2017-06-30 12:00:00,0.18969823,3.225123
2017-06-30 12:30:00,0.18969823,3.387901
2017-06-30 13:00:00,0.18969823,2.5820823
2017-06-30 13:30:00,0.18969823,2.1323628
2017-06-30 14:00:00,0.18969823,1.9495806
2017-06-30 14:30:00,0.18969823,2.1595263
2017-06-30 15:00:00,0.18969823,1.9207138
2017-06-30 15:30:00,0.18969823,2.2522006
2017-06-30 16:00:00,0.18969823,2.2619786
2017-06-30 16:30:00,0.18969823,2.3549466
2017-06-30 17:00:00,0.18969823,2.7888706
2017-06-30 17:30:00,0.18969823,3.1273544
2017-06-30 18:00:00,0.18969823,3.6382513
2017-06-30 18:30:00,0.18969823,3.9657097
2017-06-30 19:00:00,0.18969823,4.4221063
2017-06-30 19:30:00,0.18969823,4.72898
2017-06-30 20:00:00,0.18969823,5.022938
2017-06-30 20:30:00,0.18969823,5.149226
2017-06-30 21:00:00,0.18969823,5.181729
2017-06-30 21:30:00,0.18969823,5.266852
2017-06-30 22:00:00,0.18969823,5.4990253
2017-06-30 22:30:00,0.18969823,5.322879
2017-06-30 23:00:00,0.18969823,5.163115
2017-06-30 23:30:00,0.18969823,4.673055
2017-07-01 00:00:00,0.18969823,4.903612
2017-07-01 00:30:00,0.18969823,4.347281
2017-07-01 01:00:00,0.18969823,4.1590085
2017-07-01 01:30:00,0.18969823,4.099037
2017-07-01 02:00:00,0.18969823,4.28116
2017-07-01 02:30:00,0.18969823,4.369143
2017-07-01 03:00:00,0.18969823,4.3804355
2017-07-01 03:30:00,0.18969823,4.3385544
2017-07-01 04:00:00,0.18969823,4.3138285
2017-07-01 04:30:00,0.18969823,4.1524334
2017-07-01 05:00:00,0.18969823,3.7896912
2017-07-01 05:30:00,0.18969823,4.01073
2017-07-01 06:00:00,0.18969823,4.148055
2017-07-01 06:30:00,0.18969823,4.2248583
2017-07-01 07:00:00,0.18969823,4.423014
2017-07-01 07:30:00,0.18969823,4.796985
2017-07-01 08:00:00,0.18969823,4.9912486
2017-07-01 08:30:00,0.18969823,5.3066535
2017-07-01 09:00:00,0.18969823,5.413767
2017-07-01 09:30:00,0.18969823,5.1111994
2017-07-01 10:00:00,0.18969823,5.110589
2017-07-01 10:30:00,0.18969823,4.9591904
2017-07-01 11:00:00,0.18969823,4.543643
2017-07-01 11:30:00,0.18969823,4.157494
2017-07-01 12:00:00,0.18969823,3.787212
2017-07-01 12:30:00,0.18969823,2.856642
2017-07-01 13:00:00,0.18969823,2.638998
2017-07-01 13:30:00,0.18969823,2.6130176
2017-07-01 14:00:00,0.18969823,2.8581717
2017-07-01 14:30:00,0.18969823,3.2404587
2017-07-01 15:00:00,0.18969823,3.2415214
2017-07-01 15:30:00,0.18969823,3.4749608
2017-07-01 16:00:00,0.18969823,3.642057
2017-07-01 16:30:00,0.18969823,3.6037815
2017-07-01 17:00:00,0.18969823,3.9396355
2017-07-01 17:30:00,0.18969823,4.0549364
2017-07-01 18:00:00,0.18969823,4.6130085
2017-07-01 18:30:00,0.18969823,4.6972575
2017-07-01 19:00:00,0.18969823,5.441586
2017-07-01 19:30:00,0.18969823,5.518811
2017-07-01 20:00:00,0.18969823,5.601259
2017-07-01 20:30:00,0.18969823,5.660564
2017-07-01 21:00:00,0.18969823,5.8521404
2017-07-01 21:30:00,0.18969823,5.7480307
2017-07-01 22:00:00,0.18969823,6.103135
2017-07-01 22:30:00,0.18969823,5.8831816
2017-07-01 23:00:00,0.18969823,5.7572393
2017-07-01 23:30:00,0.18969823,5.5948043
2017-07-02 00:00:00,0.18969823,4.992334
2017-07-02 00:30:00,0.18969823,4.4726276
2017-07-02 01:00:00,0.18969823,4.0748653
2017-07-02 01:30:00,0.18969823,4.0338993
2017-07-02 02:00:00,0.18969823,3.9691274
2017-07-02 02:30:00,0.18969823,3.7565253
2017-07-02 03:00:00,0.18969823,4.034913
2017-07-02 03:30:00,0.18969823,3.9521902
2017-07-02 04:00:00,0.18969823,3.8516374
2017-07-02 04:30:00,0.18969823,3.897494
2017-07-02 05:00:00,0.18969823,3.847715
2017-07-02 05:30:00,0.18969823,3.7582886
2017-07-02 06:00:00,0.18969823,3.6329346
2017-07-02 06:30:00,0.18969823,3.5571976
2017-07-02 07:00:00,0.18969823,3.6388993
2017-07-02 07:30:00,0.18969823,3.5551705
2017-07-02 08:00:00,0.18969823,3.635041
2017-07-02 08:30:00,0.18969823,3.50801
2017-07-02 09:00:00,0.18969823,3.6970208
2017-07-02 09:30:00,0.18969823,3.6601322
2017-07-02 10:00:00,0.18969823,3.3914392
2017-07-02 10:30:00,0.18969823,2.4165235
2017-07-02 11:00:00,0.18969823,3.1527095
2017-07-02 11:30:00,0.18969823,2.5559323
2017-07-02 12:00:00,0.18969823,2.1833742
2017-07-02 12:30:00,0.18969823,2.1095288
2017-07-02 13:00:00,0.18969823,1.5153741
2017-07-02 13:30:00,0.18969823,1.6849948
2017-07-02 14:00:00,0.18969823,1.6140394
2017-07-02 14:30:00,0.18969823,1.8159105
2017-07-02 15:00:00,0.18969823,1.5675724
2017-07-02 15:30:00,0.18969823,1.5973433
2017-07-02 16:00:00,0.18969823,1.7645713
2017-07-02 16:30:00,0.18969823,1.9410912
2017-07-02 17:00:00,0.18969823,2.546173
2017-07-02 17:30:00,0.18969823,2.9345002
2017-07-02 18:00:00,0.18969823,3.3380842
2017-07-02 18:30:00,0.18969823,3.6084726
2017-07-02 19:00:00,0.18969823,3.8756735
2017-07-02 19:30:00,0.18969823,4.015613
2017-07-02 20:00:00,0.18969823,4.000285
2017-07-02 20:30:00,0.18969823,4.021755
2017-07-02 21:00:00,0.18969823,4.0945077
2017-07-02 21:30:00,0.18969823,4.266058
2017-07-02 22:00:00,0.18969823,4.5042787
2017-07-02 22:30:00,0.18969823,4.4003158
2017-07-02 23:00:00,0.18969823,4.0748653
2017-07-02 23:30:00,0.18969823,3.808049
2017-07-03 00:00:00,0.18969823,3.5072412
2017-07-03 00:30:00,0.18969823,3.3468223
2017-07-03 01:00:00,0.18969823,2.9927123
2017-07-03 01:30:00,0.18969823,2.9686196
2017-07-03 02:00:00,0.18969823,2.8028271
2017-07-03 02:30:00,0.18969823,2.4923208
2017-07-03 03:00:00,0.18969823,2.450345
2017-07-03 03:30:00,0.18969823,2.3796046
2017-07-03 04:00:00,0.18969823,2.523501
2017-07-03 04:30:00,0.18969823,2.512457
2017-07-03 05:00:00,0.18969823,2.5272915
2017-07-03 05:30:00,0.18969823,2.6533504
2017-07-03 06:00:00,0.18969823,2.7151155
2017-07-03 06:30:00,0.18969823,2.9313767
2017-07-03 07:00:00,0.18969823,2.9818265
2017-07-03 07:30:00,0.18969823,2.7573135
2017-07-03 08:00:00,0.18969823,2.5827906
2017-07-03 08:30:00,0.18969823,2.675966
2017-07-03 09:00:00,0.18969823,2.8970425
2017-07-03 09:30:00,0.18969823,2.9175103
2017-07-03 10:00:00,0.18969823,2.8214185
2017-07-03 10:30:00,0.18969823,2.752185
2017-07-03 11:00:00,0.18969823,2.558811
2017-07-03 11:30:00,0.18969823,1.8131975
2017-07-03 12:00:00,0.18969823,0.6650476
2017-07-03 12:30:00,0.18969823,1.434068
2017-07-03 13:00:00,0.18969823,1.1701492
2017-07-03 13:30:00,0.18969823,0.5344936
2017-07-03 14:00:00,0.18969823,1.3127984
2017-07-03 14:30:00,0.18969823,1.2863244
2017-07-03 15:00:00,0.18969823,1.471944
2017-07-03 15:30:00,0.18969823,1.6668104
2017-07-03 16:00:00,0.18969823,1.9855161
2017-07-03 16:30:00,0.18969823,2.3822384
2017-07-03 17:00:00,0.18969823,2.575571
2017-07-03 17:30:00,0.18969823,2.6168158
2017-07-03 18:00:00,0.18969823,2.852388
2017-07-03 18:30:00,0.18969823,3.014386
2017-07-03 19:00:00,0.18969823,3.4358075
2017-07-03 19:30:00,0.18969823,3.6347582
2017-07-03 20:00:00,0.18969823,3.7341359
2017-07-03 20:30:00,0.18969823,3.4500957
2017-07-03 21:00:00,0.18969823,3.4187837
2017-07-03 21:30:00,0.18969823,3.4345415
2017-07-03 22:00:00,0.18969823,3.3802369
2017-07-03 22:30:00,0.18969823,3.2667406
2017-07-03 23:00:00,0.18969823,2.4562533
2017-07-03 23:30:00,0.18969823,2.0047028
2017-07-04 00:00:00,0.18969823,1.5916424
2017-07-04 00:30:00,0.18969823,1.1648136
2017-07-04 01:00:00,0.18969823,0.77873594
2017-07-04 01:30:00,0.18969823,0.66981417
2017-07-04 02:00:00,0.18969823,0.65705943
2017-07-04 02:30:00,0.18969823,0.6167229
2017-07-04 03:00:00,0.18969823,0.4499546
2017-07-04 03:30:00,0.18969823,0.10023819
2017-07-04 04:00:00,0.18969823,0.0808028
2017-07-04 04:30:00,0.18969823,0.10587513
2017-07-04 05:00:00,0.18969823,-0.15127638
2017-07-04 05:30:00,0.18969823,-0.10734517
2017-07-04 06:00:00,0.18969823,-0.14485194
2017-07-04 06:30:00,0.18969823,-0.07072766
2017-07-04 07:00:00,0.18969823,0.054856293
2017-07-04 07:30:00,0.18969823,0.1249111
2017-07-04 08:00:00,0.18969823,0.31999597
2017-07-04 08:30:00,0.18969823,0.49326408
2017-07-04 09:00:00,0.18969823,0.3351961
2017-07-04 09:30:00,0.18969823,0.43160063
2017-07-04 10:00:00,0.18969823,0.23518187
2017-07-04 10:30:00,0.18969823,0.80122346
2017-07-04 11:00:00,0.18969823,-0.07134938
2017-07-04 11:30:00,0.18969823,-0.006147763
2017-07-04 12:00:00,0.18969823,0.12206626
2017-07-04 12:30:00,0.18969823,0.20718934
2017-07-04 13:00:00,0.18969823,0.47874594
2017-07-04 13:30:00,0.18969823,0.40728566
2017-07-04 14:00:00,0.18969823,-0.03241078
2017-07-04 14:30:00,0.18969823,-0.014524046
2017-07-04 15:00:00,0.18969823,0.19281815
2017-07-04 15:30:00,0.18969823,0.6896226
2017-07-04 16:00:00,0.18969823,0.46508315
2017-07-04 16:30:00,0.18969823,0.6627416
2017-07-04 17:00:00,0.18969823,1.2212961
2017-07-04 17:30:00,0.18969823,1.206209
2017-07-04 18:00:00,0.18969823,1.9790502
2017-07-04 18:30:00,0.18969823,2.1772926
2017-07-04 19:00:00,0.18969823,2.5474694
2017-07-04 19:30:00,0.18969823,2.6345253
2017-07-04 20:00:00,0.18969823,2.664466
2017-07-04 20:30:00,0.18969823,2.6397402
2017-07-04 21:00:00,0.18969823,2.8491888
2017-07-04 21:30:00,0.18969823,2.8943107
2017-07-04 22:00:00,0.18969823,3.1740327
2017-07-04 22:30:00,0.18969823,3.0945616
2017-07-04 23:00:00,0.18969823,2.7303233
2017-07-04 23:30:00,0.18969823,2.1951604
2017-07-05 00:00:00,0.18969823,2.1655476
2017-07-05 00:30:00,0.18969823,1.9827805
2017-07-05 01:00:00,0.18969823,1.5669882
2017-07-05 01:30:00,0.18969823,1.6255205
2017-07-05 02:00:00,0.18969823,1.3804305
2017-07-05 02:30:00,0.18969823,1.2260174
2017-07-05 03:00:00,0.18969823,1.1626658
2017-07-05 03:30:00,0.18969823,0.8965277
2017-07-05 04:00:00,0.18969823,0.73780787
2017-07-05 04:30:00,0.18969823,0.86828643
2017-07-05 05:00:00,0.18969823,0.9028165
2017-07-05 05:30:00,0.18969823,0.9222255
2017-07-05 06:00:00,0.18969823,0.8888899
2017-07-05 06:30:00,0.18969823,0.9222217
2017-07-05 07:00:00,0.18969823,0.94495034
2017-07-05 07:30:00,0.18969823,1.1759518
2017-07-05 08:00:00,0.18969823,1.3885504
2017-07-05 08:30:00,0.18969823,1.3113854
2017-07-05 09:00:00,0.18969823,0.7441984
2017-07-05 09:30:00,0.18969823,0.8663761
2017-07-05 10:00:00,0.18969823,1.1372055
2017-07-05 10:30:00,0.18969823,0.8659277
2017-07-05 11:00:00,0.18969823,0.7492513
2017-07-05 11:30:00,0.18969823,1.6465762
2017-07-05 12:00:00,0.18969823,0.624387
2017-07-05 12:30:00,0.18969823,0.19874522
2017-07-05 13:00:00,0.18969823,0.49024966
2017-07-05 13:30:00,0.18969823,0.77517897
2017-07-05 14:00:00,0.18969823,0.8108356
2017-07-05 14:30:00,0.18969823,0.15318623
2017-07-05 15:00:00,0.18969823,0.4238046
2017-07-05 15:30:00,0.18969823,0.6812802
2017-07-05 16:00:00,0.18969823,0.6843926
2017-07-05 16:30:00,0.18969823,1.0273114
2017-07-05 17:00:00,0.18969823,1.6995845
2017-07-05 17:30:00,0.18969823,1.3568465
2017-07-05 18:00:00,0.18969823,2.091804
2017-07-05 18:30:00,0.18969823,2.383881
2017-07-05 19:00:00,0.18969823,2.4501681
2017-07-05 19:30:00,0.18969823,2.5226307
2017-07-05 20:00:00,0.18969823,2.6166763
2017-07-05 20:30:00,0.18969823,2.6360176
2017-07-05 21:00:00,0.18969823,2.852369
2017-07-05 21:30:00,0.18969823,2.7182279
2017-07-05 22:00:00,0.18969823,3.0070984
2017-07-05 22:30:00,0.18969823,2.840756
2017-07-05 23:00:00,0.18969823,2.3714054
2017-07-05 23:30:00,0.18969823,1.4847628
2017-07-06 00:00:00,0.18969823,1.4394487
2017-07-06 00:30:00,0.18969823,1.2024372
2017-07-06 01:00:00,0.18969823,0.89909744
2017-07-06 01:30:00,0.18969823,0.6795243
2017-07-06 02:00:00,0.18969823,0.58577627
2017-07-06 02:30:00,0.18969823,0.3866596
2017-07-06 03:00:00,0.18969823,0.5654968
2017-07-06 03:30:00,0.18969823,0.53115517
2017-07-06 04:00:00,0.18969823,0.7545755
2017-07-06 04:30:00,0.18969823,0.61000454
2017-07-06 05:00:00,0.18969823,0.51817065
2017-07-06 05:30:00,0.18969823,0.51230764
2017-07-06 06:00:00,0.18969823,0.62161
2017-07-06 06:30:00,0.18969823,0.7045363
2017-07-06 07:00:00,0.18969823,0.701115
2017-07-06 07:30:00,0.18969823,0.48196006
2017-07-06 08:00:00,0.18969823,0.31848124
2017-07-06 08:30:00,0.18969823,0.2058856
2017-07-06 09:00:00,0.18969823,0.21857625
2017-07-06 09:30:00,0.18969823,0.5397613
2017-07-06 10:00:00,0.18969823,0.58209866
2017-07-06 10:30:00,0.18969823,-0.30513924
2017-07-06 11:00:00,0.18969823,-1.3320609
2017-07-06 11:30:00,0.18969823,-0.34830177
2017-07-06 12:00:00,0.18969823,-0.39826936
2017-07-06 12:30:00,0.18969823,-1.6138251
2017-07-06 13:00:00,0.18969823,-0.7354797
2017-07-06 13:30:00,0.18969823,-0.2724932
2017-07-06 14:00:00,0.18969823,0.49234468
2017-07-06 14:30:00,0.18969823,0.2738567
2017-07-06 15:00:00,0.18969823,-0.5056613
2017-07-06 15:30:00,0.18969823,0.052388247
2017-07-06 16:00:00,0.18969823,0.21330482
2017-07-06 16:30:00,0.18969823,0.5383483
2017-07-06 17:00:00,0.18969823,0.9468193
2017-07-06 17:30:00,0.18969823,0.85955596
2017-07-06 18:00:00,0.18969823,1.1927346
2017-07-06 18:30:00,0.18969823,1.4627049
2017-07-06 19:00:00,0.18969823,1.8014715
2017-07-06 19:30:00,0.18969823,1.7056811
2017-07-06 20:00:00,0.18969823,1.9866804
2017-07-06 20:30:00,0.18969823,2.0391235
2017-07-06 21:00:00,0.18969823,2.4538608
2017-07-06 21:30:00,0.18969823,2.396485
2017-07-06 22:00:00,0.18969823,2.6922362
2017-07-06 22:30:00,0.18969823,2.6001914
2017-07-06 23:00:00,0.18969823,2.2141964
2017-07-06 23:30:00,0.18969823,1.6725905
2017-07-07 00:00:00,0.18969823,1.9750674
2017-07-07 00:30:00,0.18969823,1.6613203
2017-07-07 01:00:00,0.18969823,1.4189922
2017-07-07 01:30:00,0.18969823,1.3828533
2017-07-07 02:00:00,0.18969823,1.6321899
2017-07-07 02:30:00,0.18969823,1.4118744
2017-07-07 03:00:00,0.18969823,1.6240435
2017-07-07 03:30:00,0.18969823,1.439946
2017-07-07 04:00:00,0.18969823,1.7296004
2017-07-07 04:30:00,0.18969823,1.8200929
2017-07-07 05:00:00,0.18969823,1.834871
2017-07-07 05:30:00,0.18969823,1.9821173
2017-07-07 06:00:00,0.18969823,2.3176131
2017-07-07 06:30:00,0.18969823,1.9732361
2017-07-07 07:00:00,0.18969823,1.7826842
2017-07-07 07:30:00,0.18969823,1.7591417
2017-07-07 08:00:00,0.18969823,1.0283816
2017-07-07 08:30:00,0.18969823,0.94961894
2017-07-07 09:00:00,0.18969823,1.0209322
2017-07-07 09:30:00,0.18969823,0.872793
2017-07-07 10:00:00,0.18969823,0.380627
2017-07-07 10:30:00,0.18969823,0.25690445
2017-07-07 11:00:00,0.18969823,0.3227843
2017-07-07 11:30:00,0.18969823,0.26482478
2017-07-07 12:00:00,0.18969823,0.65766984
2017-07-07 12:30:00,0.18969823,0.80988234
2017-07-07 13:00:00,0.18969823,-0.3857068
2017-07-07 13:30:00,0.18969823,-0.39724067
2017-07-07 14:00:00,0.18969823,-0.23179495
2017-07-07 14:30:00,0.18969823,0.3267407
2017-07-07 15:00:00,0.18969823,0.64658815
2017-07-07 15:30:00,0.18969823,0.68215436
2017-07-07 16:00:00,0.18969823,0.65271115
2017-07-07 16:30:00,0.18969823,0.87196404
2017-07-07 17:00:00,0.18969823,1.2602046
2017-07-07 17:30:00,0.18969823,1.5521009
2017-07-07 18:00:00,0.18969823,2.239751
2017-07-07 18:30:00,0.18969823,2.6053157
2017-07-07 19:00:00,0.18969823,2.67629
2017-07-07 19:30:00,0.18969823,2.837101
2017-07-07 20:00:00,0.18969823,3.0873947
2017-07-07 20:30:00,0.18969823,3.250022
2017-07-07 21:00:00,0.18969823,3.2552521
2017-07-07 21:30:00,0.18969823,3.0598807
2017-07-07 22:00:00,0.18969823,3.246239
2017-07-07 22:30:00,0.18969823,3.0493605
2017-07-07 23:00:00,0.18969823,2.7991498
2017-07-07 23:30:00,0.18969823,2.3297312
2017-07-08 00:00:00,0.18969823,2.340941
2017-07-08 00:30:00,0.18969823,1.8511187
2017-07-08 01:00:00,0.18969823,1.6675037
2017-07-08 01:30:00,0.18969823,1.6548167
2017-07-08 02:00:00,0.18969823,1.722396
2017-07-08 02:30:00,0.18969823,1.686517
2017-07-08 03:00:00,0.18969823,1.7900054
2017-07-08 03:30:00,0.18969823,1.5743736
2017-07-08 04:00:00,0.18969823,1.542402
2017-07-08 04:30:00,0.18969823,1.6147629
2017-07-08 05:00:00,0.18969823,1.54825
2017-07-08 05:30:00,0.18969823,1.6097062
2017-07-08 06:00:00,0.18969823,1.3933471
2017-07-08 06:30:00,0.18969823,1.3401617
2017-07-08 07:00:00,0.18969823,1.5144773
2017-07-08 07:30:00,0.18969823,1.364292
2017-07-08 08:00:00,0.18969823,1.1340969
2017-07-08 08:30:00,0.18969823,0.71033156
2017-07-08 09:00:00,0.18969823,0.79966724
2017-07-08 09:30:00,0.18969823,1.0660918
2017-07-08 10:00:00,0.18969823,0.39115858
2017-07-08 10:30:00,0.18969823,0.93603903
2017-07-08 11:00:00,0.18969823,0.9597699
2017-07-08 11:30:00,0.18969823,0.94925344
2017-07-08 12:00:00,0.18969823,0.5650522
2017-07-08 12:30:00,0.18969823,0.9989082
2017-07-08 13:00:00,0.18969823,0.55453193
2017-07-08 13:30:00,0.18969823,0.7256824
2017-07-08 14:00:00,0.18969823,1.2519225
2017-07-08 14:30:00,0.18969823,1.1743317
2017-07-08 15:00:00,0.18969823,1.6177509
2017-07-08 15:30:00,0.18969823,1.503972
2017-07-08 16:00:00,0.18969823,1.5438942
2017-07-08 16:30:00,0.18969823,1.6265831
2017-07-08 17:00:00,0.18969823,2.1309347
2017-07-08 17:30:00,0.18969823,1.7694659
2017-07-08 18:00:00,0.18969823,2.239431
2017-07-08 18:30:00,0.18969823,2.3792841
2017-07-08 19:00:00,0.18969823,2.261044
2017-07-08 19:30:00,0.18969823,2.4386265
2017-07-08 20:00:00,0.18969823,2.2106018
2017-07-08 20:30:00,0.18969823,2.7020104
2017-07-08 21:00:00,0.18969823,2.701008
2017-07-08 21:30:00,0.18969823,2.0410452
2017-07-08 22:00:00,0.18969823,1.9358687
2017-07-08 22:30:00,0.18969823,2.0792265
2017-07-08 23:00:00,0.18969823,1.9480394
2017-07-08 23:30:00,0.18969823,1.6458979
2017-07-09 00:00:00,0.18969823,1.5200992
2017-07-09 00:30:00,0.18969823,1.2819723
2017-07-09 01:00:00,0.18969823,1.4727918
2017-07-09 01:30:00,0.18969823,1.4396371
2017-07-09 02:00:00,0.18969823,1.6915888
2017-07-09 02:30:00,0.18969823,1.7078364
2017-07-09 03:00:00,0.18969823,1.9457711
2017-07-09 03:30:00,0.18969823,2.0157053
2017-07-09 04:00:00,0.18969823,1.920322
2017-07-09 04:30:00,0.18969823,2.3321729
2017-07-09 05:00:00,0.18969823,2.2615416
2017-07-09 05:30:00,0.18969823,2.1846175
2017-07-09 06:00:00,0.18969823,2.2479653
2017-07-09 06:30:00,0.18969823,2.1598353
2017-07-09 07:00:00,0.18969823,2.355331
2017-07-09 07:30:00,0.18969823,2.3828714
2017-07-09 08:00:00,0.18969823,1.91704
2017-07-09 08:30:00,0.18969823,1.7708902
2017-07-09 09:00:00,0.18969823,1.3411112
2017-07-09 09:30:00,0.18969823,1.0695622
2017-07-09 10:00:00,0.18969823,0.14128686
2017-07-09 10:30:00,0.18969823,1.0359138
2017-07-09 11:00:00,0.18969823,1.1704355
2017-07-09 11:30:00,0.18969823,1.0761788
2017-07-09 12:00:00,0.18969823,0.71167296
2017-07-09 12:30:00,0.18969823,0.4811537
2017-07-09 13:00:00,0.18969823,0.6010631
2017-07-09 13:30:00,0.18969823,0.19425753
2017-07-09 14:00:00,0.18969823,0.549739
2017-07-09 14:30:00,0.18969823,0.54482555
2017-07-09 15:00:00,0.18969823,0.62980163
2017-07-09 15:30:00,0.18969823,0.29970524
2017-07-09 16:00:00,0.18969823,0.33570856
2017-07-09 16:30:00,0.18969823,0.55498785
2017-07-09 17:00:00,0.18969823,1.1152719
2017-07-09 17:30:00,0.18969823,0.9604331
2017-07-09 18:00:00,0.18969823,1.8351047
2017-07-09 18:30:00,0.18969823,2.2196827
2017-07-09 19:00:00,0.18969823,1.8456099
2017-07-09 19:30:00,0.18969823,2.0543048
2017-07-09 20:00:00,0.18969823,2.5762908
2017-07-09 20:30:00,0.18969823,2.6340995
2017-07-09 21:00:00,0.18969823,2.928935
2017-07-09 21:30:00,0.18969823,3.044824
2017-07-09 22:00:00,0.18969823,3.3066552
2017-07-09 22:30:00,0.18969823,3.2094028
2017-07-09 23:00:00,0.18969823,2.8998988
2017-07-09 23:30:00,0.18969823,2.8750525
2017-07-10 00:00:00,0.18969823,2.7751174
2017-07-10 00:30:00,0.18969823,2.3466458
2017-07-10 01:00:00,0.18969823,2.2690887
2017-07-10 01:30:00,0.18969823,2.3861382
2017-07-10 02:00:00,0.18969823,2.2350411
2017-07-10 02:30:00,0.18969823,2.2295284
2017-07-10 03:00:00,0.18969823,2.1420352
2017-07-10 03:30:00,0.18969823,1.735177
2017-07-10 04:00:00,0.18969823,1.7587574
2017-07-10 04:30:00,0.18969823,1.6154298
2017-07-10 05:00:00,0.18969823,1.676042
2017-07-10 05:30:00,0.18969823,1.7331839
2017-07-10 06:00:00,0.18969823,1.9455789
2017-07-10 06:30:00,0.18969823,1.9753877
2017-07-10 07:00:00,0.18969823,2.007687
2017-07-10 07:30:00,0.18969823,2.0382116
2017-07-10 08:00:00,0.18969823,1.9425193
2017-07-10 08:30:00,0.18969823,2.0382266
2017-07-10 09:00:00,0.18969823,1.8900045
2017-07-10 09:30:00,0.18969823,1.5161729
2017-07-10 10:00:00,0.18969823,1.739401
2017-07-10 10:30:00,0.18969823,1.4370862
2017-07-10 11:00:00,0.18969823,1.1587999
2017-07-10 11:30:00,0.18969823,0.21197471
2017-07-10 12:00:00,0.18969823,-0.64508516
2017-07-10 12:30:00,0.18969823,-0.4420913
2017-07-10 13:00:00,0.18969823,0.20033532
2017-07-10 13:30:00,0.18969823,0.14179178
2017-07-10 14:00:00,0.18969823,0.1811863
2017-07-10 14:30:00,0.18969823,-0.06806368
2017-07-10 15:00:00,0.18969823,0.43189076
2017-07-10 15:30:00,0.18969823,0.90777516
2017-07-10 16:00:00,0.18969823,1.6714752
2017-07-10 16:30:00,0.18969823,1.6685361
2017-07-10 17:00:00,0.18969823,2.1713166
2017-07-10 17:30:00,0.18969823,2.1196082
2017-07-10 18:00:00,0.18969823,2.4407518
2017-07-10 18:30:00,0.18969823,3.016805
2017-07-10 19:00:00,0.18969823,3.3316107
2017-07-10 19:30:00,0.18969823,3.456004
2017-07-10 20:00:00,0.18969823,3.453291
2017-07-10 20:30:00,0.18969823,3.4229736
2017-07-10 21:00:00,0.18969823,3.4233956
2017-07-10 21:30:00,0.18969823,3.417804
2017-07-10 22:00:00,0.18969823,3.338216
2017-07-10 22:30:00,0.18969823,3.8928027
2017-07-10 23:00:00,0.18969823,3.3485894
2017-07-10 23:30:00,0.18969823,2.989796
2017-07-11 00:00:00,0.18969823,2.757091
2017-07-11 00:30:00,0.18969823,2.0835295
2017-07-11 01:00:00,0.18969823,1.979962
2017-07-11 01:30:00,0.18969823,1.7698164
2017-07-11 02:00:00,0.18969823,1.4668422
2017-07-11 02:30:00,0.18969823,1.2439306
2017-07-11 03:00:00,0.18969823,1.1637963
2017-07-11 03:30:00,0.18969823,1.0534389
2017-07-11 04:00:00,0.18969823,0.732657
2017-07-11 04:30:00,0.18969823,0.65736467
2017-07-11 05:00:00,0.18969823,0.84190285
2017-07-11 05:30:00,0.18969823,1.03328
2017-07-11 06:00:00,0.18969823,1.1851496
2017-07-11 06:30:00,0.18969823,1.3934865
2017-07-11 07:00:00,0.18969823,1.5186145
2017-07-11 07:30:00,0.18969823,1.7296268
2017-07-11 08:00:00,0.18969823,1.6878283
2017-07-11 08:30:00,0.18969823,1.8279681
2017-07-11 09:00:00,0.18969823,1.5718038
2017-07-11 09:30:00,0.18969823,1.5444292
2017-07-11 10:00:00,0.18969823,1.3383003
2017-07-11 10:30:00,0.18969823,1.7726537
2017-07-11 11:00:00,0.18969823,1.8028731
2017-07-11 11:30:00,0.18969823,0.9568422
2017-07-11 12:00:00,0.18969823,0.14217988
2017-07-11 12:30:00,0.18969823,0.36430776
2017-07-11 13:00:00,0.18969823,0.81122375
2017-07-11 13:30:00,0.18969823,-0.14640813
2017-07-11 14:00:00,0.18969823,0.6054038
2017-07-11 14:30:00,0.18969823,0.85960495
2017-07-11 15:00:00,0.18969823,0.5008378
2017-07-11 15:30:00,0.18969823,1.1453934
2017-07-11 16:00:00,0.18969823,0.8717643
2017-07-11 16:30:00,0.18969823,1.1354835
2017-07-11 17:00:00,0.18969823,1.5554167
2017-07-11 17:30:00,0.18969823,2.3541706
2017-07-11 18:00:00,0.18969823,3.0069628
2017-07-11 18:30:00,0.18969823,2.9837067
2017-07-11 19:00:00,0.18969823,3.6923258
2017-07-11 19:30:00,0.18969823,3.888658
2017-07-11 20:00:00,0.18969823,3.8857756
2017-07-11 20:30:00,0.18969823,3.983035
2017-07-11 21:00:00,0.18969823,4.085416
2017-07-11 21:30:00,0.18969823,4.084794
2017-07-11 22:00:00,0.18969823,4.290998
2017-07-11 22:30:00,0.18969823,4.275489
2017-07-11 23:00:00,0.18969823,4.1052465
2017-07-11 23:30:00,0.18969823,3.7102654
2017-07-12 00:00:00,0.18969823,3.6683426
2017-07-12 00:30:00,0.18969823,3.3949847
2017-07-12 01:00:00,0.18969823,2.7160952
2017-07-12 01:30:00,0.18969823,2.3087244
2017-07-12 02:00:00,0.18969823,2.3324668
2017-07-12 02:30:00,0.18969823,2.3298743
2017-07-12 03:00:00,0.18969823,1.9193121
2017-07-12 03:30:00,0.18969823,1.7804874
2017-07-12 04:00:00,0.18969823,1.6937252
2017-07-12 04:30:00,0.18969823,1.7642812
2017-07-12 05:00:00,0.18969823,1.3900915
2017-07-12 05:30:00,0.18969823,1.4076618
2017-07-12 06:00:00,0.18969823,1.6012093
2017-07-12 06:30:00,0.18969823,1.6472507
2017-07-12 07:00:00,0.18969823,1.622427
2017-07-12 07:30:00,0.18969823,1.4645097
2017-07-12 08:00:00,0.18969823,1.1573077
2017-07-12 08:30:00,0.18969823,1.2055948
2017-07-12 09:00:00,0.18969823,1.2287228
2017-07-12 09:30:00,0.18969823,1.2931596
2017-07-12 10:00:00,0.18969823,0.95666885
2017-07-12 10:30:00,0.18969823,0.9709119
2017-07-12 11:00:00,0.18969823,1.4130915
2017-07-12 11:30:00,0.18969823,1.5664834
2017-07-12 12:00:00,0.18969823,1.8179678
2017-07-12 12:30:00,0.18969823,1.5086445
2017-07-12 13:00:00,0.18969823,1.2366244
2017-07-12 13:30:00,0.18969823,1.3810785
2017-07-12 14:00:00,0.18969823,1.4027182
2017-07-12 14:30:00,0.18969823,1.6040919
2017-07-12 15:00:00,0.18969823,1.6985747
2017-07-12 15:30:00,0.18969823,1.8205866
2017-07-12 16:00:00,0.18969823,1.9269612
2017-07-12 16:30:00,0.18969823,2.0304458
2017-07-12 17:00:00,0.18969823,2.5267415
2017-07-12 17:30:00,0.18969823,2.670962
2017-07-12 18:00:00,0.18969823,2.9454312
2017-07-12 18:30:00,0.18969823,3.2885764
2017-07-12 19:00:00,0.18969823,3.6500413
2017-07-12 19:30:00,0.18969823,4.0006504
2017-07-12 20:00:00,0.18969823,4.102737
2017-07-12 20:30:00,0.18969823,4.185121
2017-07-12 21:00:00,0.18969823,4.3054333
2017-07-12 21:30:00,0.18969823,4.0308247
2017-07-12 22:00:00,0.18969823,4.0049725
2017-07-12 22:30:00,0.18969823,3.870711
2017-07-12 23:00:00,0.18969823,3.298411
2017-07-12 23:30:00,0.18969823,2.5198724
2017-07-13 00:00:00,0.18969823,2.4285057
2017-07-13 00:30:00,0.18969823,2.2893493
2017-07-13 01:00:00,0.18969823,1.8582176
2017-07-13 01:30:00,0.18969823,1.9133399
2017-07-13 02:00:00,0.18969823,1.7697184
2017-07-13 02:30:00,0.18969823,1.5840725
2017-07-13 03:00:00,0.18969823,1.3322828
2017-07-13 03:30:00,0.18969823,1.0331745
2017-07-13 04:00:00,0.18969823,0.9493627
2017-07-13 04:30:00,0.18969823,0.70314974
2017-07-13 05:00:00,0.18969823,0.36686248
2017-07-13 05:30:00,0.18969823,0.84657145
2017-07-13 06:00:00,0.18969823,1.3228477
2017-07-13 06:30:00,0.18969823,1.5402128
2017-07-13 07:00:00,0.18969823,1.5923169
2017-07-13 07:30:00,0.18969823,1.761474
2017-07-13 08:00:00,0.18969823,1.3526489
2017-07-13 08:30:00,0.18969823,1.2612672
2017-07-13 09:00:00,0.18969823,0.8616924
2017-07-13 09:30:00,0.18969823,1.3827289
2017-07-13 10:00:00,0.18969823,2.1327283
2017-07-13 10:30:00,0.18969823,1.5458573
2017-07-13 11:00:00,0.18969823,1.786324
2017-07-13 11:30:00,0.18969823,2.1676993
2017-07-13 12:00:00,0.18969823,1.7463455
2017-07-13 12:30:00,0.18969823,1.4333106
2017-07-13 13:00:00,0.18969823,1.4317017
2017-07-13 13:30:00,0.18969823,1.13632
2017-07-13 14:00:00,0.18969823,1.2428718
2017-07-13 14:30:00,0.18969823,0.6482649
2017-07-13 15:00:00,0.18969823,0.33079886
2017-07-13 15:30:00,0.18969823,0.5637598
2017-07-13 16:00:00,0.18969823,-0.087883405
2017-07-13 16:30:00,0.18969823,0.52066505
2017-07-13 17:00:00,0.18969823,1.0119418
2017-07-13 17:30:00,0.18969823,1.2874058
2017-07-13 18:00:00,0.18969823,1.9170212
2017-07-13 18:30:00,0.18969823,2.1158288
2017-07-13 19:00:00,0.18969823,2.5234182
2017-07-13 19:30:00,0.18969823,2.8862019
2017-07-13 20:00:00,0.18969823,3.131439
2017-07-13 20:30:00,0.18969823,3.1115704
2017-07-13 21:00:00,0.18969823,3.241333
2017-07-13 21:30:00,0.18969823,3.188317
2017-07-13 22:00:00,0.18969823,3.4377744
2017-07-13 22:30:00,0.18969823,3.4636981
2017-07-13 23:00:00,0.18969823,3.2772307
2017-07-13 23:30:00,0.18969823,2.894827
2017-07-14 00:00:00,0.18969823,2.841468
2017-07-14 00:30:00,0.18969823,2.6371744
2017-07-14 01:00:00,0.18969823,2.5502954
2017-07-14 01:30:00,0.18969823,2.4683073
2017-07-14 02:00:00,0.18969823,2.4442146
2017-07-14 02:30:00,0.18969823,2.2818134
2017-07-14 03:00:00,0.18969823,2.2434475
2017-07-14 03:30:00,0.18969823,1.961755
2017-07-14 04:00:00,0.18969823,1.7044979
2017-07-14 04:30:00,0.18969823,1.5820227
2017-07-14 05:00:00,0.18969823,1.3874804
2017-07-14 05:30:00,0.18969823,1.5516939
2017-07-14 06:00:00,0.18969823,1.3326031
2017-07-14 06:30:00,0.18969823,1.3759125
2017-07-14 07:00:00,0.18969823,1.6654426
2017-07-14 07:30:00,0.18969823,1.7034656
2017-07-14 08:00:00,0.18969823,1.6442852
2017-07-14 08:30:00,0.18969823,0.87855804
2017-07-14 09:00:00,0.18969823,0.7720666
2017-07-14 09:30:00,0.18969823,0.95675176
2017-07-14 10:00:00,0.18969823,0.75245035
2017-07-14 10:30:00,0.18969823,0.68613714
2017-07-14 11:00:00,0.18969823,1.6977532
2017-07-14 11:30:00,0.18969823,1.6013148
2017-07-14 12:00:00,0.18969823,0.98550165
2017-07-14 12:30:00,0.18969823,1.1830621
2017-07-14 13:00:00,0.18969823,0.46157512
2017-07-14 13:30:00,0.18969823,0.24570969
2017-07-14 14:00:00,0.18969823,0.3392618
2017-07-14 14:30:00,0.18969823,0.63457197
2017-07-14 15:00:00,0.18969823,0.3308629
2017-07-14 15:30:00,0.18969823,0.59028655
2017-07-14 16:00:00,0.18969823,0.42904592
2017-07-14 16:30:00,0.18969823,0.16236511
2017-07-14 17:00:00,0.18969823,0.7237419
2017-07-14 17:30:00,0.18969823,0.8902389
2017-07-14 18:00:00,0.18969823,1.5150199
2017-07-14 18:30:00,0.18969823,1.738964
2017-07-14 19:00:00,0.18969823,2.1740596
2017-07-14 19:30:00,0.18969823,2.468228
2017-07-14 20:00:00,0.18969823,2.748195
2017-07-14 20:30:00,0.18969823,2.880614
2017-07-14 21:00:00,0.18969823,3.0956166
2017-07-14 21:30:00,0.18969823,3.0185833
2017-07-14 22:00:00,0.18969823,3.070778
2017-07-14 22:30:00,0.18969823,3.0734305
2017-07-14 23:00:00,0.18969823,3.0489612
2017-07-14 23:30:00,0.18969823,2.591766
2017-07-15 00:00:00,0.18969823,2.6150486
2017-07-15 00:30:00,0.18969823,2.4190066
2017-07-15 01:00:00,0.18969823,2.2408288
2017-07-15 01:30:00,0.18969823,2.4714837
2017-07-15 02:00:00,0.18969823,2.3480701
2017-07-15 02:30:00,0.18969823,2.2336998
2017-07-15 03:00:00,0.18969823,2.5075886
2017-07-15 03:30:00,0.18969823,2.2414544
2017-07-15 04:00:00,0.18969823,2.172722
2017-07-15 04:30:00,0.18969823,2.0702322
2017-07-15 05:00:00,0.18969823,1.9856592
2017-07-15 05:30:00,0.18969823,1.9350097
2017-07-15 06:00:00,0.18969823,2.143373
2017-07-15 06:30:00,0.18969823,2.1757476
2017-07-15 07:00:00,0.18969823,2.0231094
2017-07-15 07:30:00,0.18969823,1.982773
2017-07-15 08:00:00,0.18969823,1.7947192
2017-07-15 08:30:00,0.18969823,1.6331545
2017-07-15 09:00:00,0.18969823,1.7408593
2017-07-15 09:30:00,0.18969823,1.5782169
2017-07-15 10:00:00,0.18969823,1.5995438
2017-07-15 10:30:00,0.18969823,0.8848054
2017-07-15 11:00:00,0.18969823,0.039769188
2017-07-15 11:30:00,0.18969823,0.9097948
2017-07-15 12:00:00,0.18969823,0.55369544
2017-07-15 12:30:00,0.18969823,-0.37778646
2017-07-15 13:00:00,0.18969823,-0.02036446
2017-07-15 13:30:00,0.18969823,0.08487225
2017-07-15 14:00:00,0.18969823,0.38405213
2017-07-15 14:30:00,0.18969823,0.4943154
2017-07-15 15:00:00,0.18969823,0.21041475
2017-07-15 15:30:00,0.18969823,0.15751944
2017-07-15 16:00:00,0.18969823,0.17869188
2017-07-15 16:30:00,0.18969823,0.69291204
2017-07-15 17:00:00,0.18969823,1.0313584
2017-07-15 17:30:00,0.18969823,1.5968912
2017-07-15 18:00:00,0.18969823,2.2819867
2017-07-15 18:30:00,0.18969823,2.6157682
2017-07-15 19:00:00,0.18969823,2.866454
2017-07-15 19:30:00,0.18969823,3.0335689
2017-07-15 20:00:00,0.18969823,3.352851
2017-07-15 20:30:00,0.18969823,3.2879884
2017-07-15 21:00:00,0.18969823,3.5733135
2017-07-15 21:30:00,0.18969823,3.416681
2017-07-15 22:00:00,0.18969823,3.7473087
2017-07-15 22:30:00,0.18969823,3.5434332
2017-07-15 23:00:00,0.18969823,3.4431062
2017-07-15 23:30:00,0.18969823,2.9663851
2017-07-16 00:00:00,8.764077,2.6999831
2017-07-16 00:30:00,6.859834,2.175582
2017-07-16 01:00:00,4.901585,2.2360058
2017-07-16 01:30:00,4.0112762,2.350361
2017-07-16 02:00:00,9.209847,2.0323598
2017-07-16 02:30:00,5.6638417,2.191449
2017-07-16 03:00:00,7.11471,2.3128355
2017-07-16 03:30:00,7.5332603,2.2310092
2017-07-16 04:00:00,8.263256,2.1280937
2017-07-16 04:30:00,6.9782777,2.1632605
2017-07-16 05:00:00,6.372578,2.394379
2017-07-16 05:30:00,4.6424217,2.4417427
2017-07-16 06:00:00,6.7813053,2.4708354
2017-07-16 06:30:00,1.950937,2.5633552
2017-07-16 07:00:00,0.6676023,2.4699087
2017-07-16 07:30:00,9.423584,2.188171
2017-07-16 08:00:00,-2.4239242,1.8600715
2017-07-16 08:30:00,-8.91976,1.8400935
2017-07-16 09:00:00,-13.392476,1.5737066
2017-07-16 09:30:00,-11.581387,1.4329828
2017-07-16 10:00:00,-16.983791,1.0889033
2017-07-16 10:30:00,-13.849728,1.1819581
2017-07-16 11:00:00,-6.6213617,1.1318887
2017-07-16 11:30:00,-11.37724,0.6773916
2017-07-16 12:00:00,-11.072848,0.8973227
2017-07-16 12:30:00,-11.786645,0.798096
2017-07-16 13:00:00,-8.244807,0.18400854
2017-07-16 13:30:00,-1.2802885,0.4728641
2017-07-16 14:00:00,-10.089232,0.31239215
2017-07-16 14:30:00,-10.153331,0.49053603
2017-07-16 15:00:00,-10.687743,0.6899881
2017-07-16 15:30:00,-7.876135,0.71677107
2017-07-16 16:00:00,-10.42997,0.4932264
2017-07-16 16:30:00,-7.8313146,1.0843027
2017-07-16 17:00:00,-9.321396,1.3407683
2017-07-16 17:30:00,-9.545765,1.29169
2017-07-16 18:00:00,-4.818886,1.9265542
2017-07-16 18:30:00,0.9349049,2.2729247
2017-07-16 19:00:00,3.598638,2.522005
2017-07-16 19:30:00,6.262371,3.016481
2017-07-16 20:00:00,8.116549,3.148998
2017-07-16 20:30:00,9.216705,3.0686903
2017-07-16 21:00:00,6.8306737,3.0919805
2017-07-16 21:30:00,4.476467,3.043603
2017-07-16 22:00:00,7.144722,3.3416712
2017-07-16 22:30:00,9.812982,3.2812927
2017-07-16 23:00:00,7.103293,3.1443105
2017-07-16 23:30:00,6.3279195,2.8640423
2017-07-17 00:00:00,9.458532,3.3574593
2017-07-17 00:30:00,12.962791,2.7692845
2017-07-17 01:00:00,6.10182,2.6442091
2017-07-17 01:30:00,4.68792,2.8667629
2017-07-17 02:00:00,5.397263,3.0920973
2017-07-17 02:30:00,6.467415,2.6675181
2017-07-17 03:00:00,4.7619653,3.8398736
2017-07-17 03:30:00,2.0577526,3.8154984
2017-07-17 04:00:00,3.310653,3.942891
2017-07-17 04:30:00,4.5635533,3.8745468
2017-07-17 05:00:00,2.1590328,3.916918
2017-07-17 05:30:00,4.8448277,3.490014
2017-07-17 06:00:00,7.5306187,3.7579796
2017-07-17 06:30:00,9.729836,3.5601027
2017-07-17 07:00:00,4.743061,3.2326138
2017-07-17 07:30:00,-2.5689437,3.6837802
2017-07-17 08:00:00,-9.880948,3.0305505
2017-07-17 08:30:00,-11.45627,2.4556165
2017-07-17 09:00:00,-11.100404,1.6281732
2017-07-17 09:30:00,-15.999067,-0.25392446
2017-07-17 10:00:00,-18.590002,-3.6442504
2017-07-17 10:30:00,-18.244719,-5.2440076
2017-07-17 11:00:00,-20.284853,-5.1258354
2017-07-17 11:30:00,-27.131561,-6.590833
2017-07-17 12:00:00,-18.728666,-7.7465568
2017-07-17 12:30:00,-14.79705,-8.347599
2017-07-17 13:00:00,-15.84531,-7.5415545
2017-07-17 13:30:00,-18.295412,-7.142854
2017-07-17 14:00:00,-9.36131,-8.192888
2017-07-17 14:30:00,0.19008258,-7.303243
2017-07-17 15:00:00,-21.579443,-6.8842783
2017-07-17 15:30:00,-43.34897,-5.5679283
2017-07-17 16:00:00,-14.356416,-4.389966
2017-07-17 16:30:00,-11.529366,-3.5874703
2017-07-17 17:00:00,-13.113956,-2.8329077
2017-07-17 17:30:00,-20.820663,-1.7981222
2017-07-17 18:00:00,7.5147367,-0.34855047
2017-07-17 18:30:00,5.950143,0.5913416
2017-07-17 19:00:00,5.828632,1.6296654
2017-07-17 19:30:00,7.959893,2.0327857
2017-07-17 20:00:00,4.274532,2.9399753
2017-07-17 20:30:00,27.479921,3.5016608
2017-07-17 21:00:00,28.53755,3.8690155
2017-07-17 21:30:00,29.59517,4.191926
2017-07-17 22:00:00,30.652796,4.759064
2017-07-17 22:30:00,31.710415,5.1626554
2017-07-17 23:00:00,32.76804,5.222582
2017-07-17 23:30:00,9.000783,4.852066
2017-07-18 00:00:00,1.8594611,4.5694466
2017-07-18 00:30:00,11.103453,4.4151278
2017-07-18 01:00:00,7.761873,4.205898
2017-07-18 01:30:00,4.420294,3.814677
2017-07-18 02:00:00,-2.8676488,3.8411322
2017-07-18 02:30:00,6.7739162,3.3580923
2017-07-18 03:00:00,2.5871727,3.5806046
2017-07-18 03:30:00,23.840176,3.2140224
2017-07-18 04:00:00,14.997708,3.2613184
2017-07-18 04:30:00,2.610429,3.1075046
2017-07-18 05:00:00,3.1904874,3.093891
2017-07-18 05:30:00,4.8781066,2.8079782
2017-07-18 06:00:00,15.349949,2.6102104
2017-07-18 06:30:00,1.0123488,2.3584812
2017-07-18 07:00:00,21.646034,1.7429091
2017-07-18 07:30:00,12.1759405,0.018483708
2017-07-18 08:00:00,2.8605871,-1.4283524
2017-07-18 08:30:00,-6.4547706,-4.6867566
2017-07-18 09:00:00,-10.395556,-5.38339
2017-07-18 09:30:00,-14.336348,-7.885016
2017-07-18 10:00:00,-11.887624,-9.900003
2017-07-18 10:30:00,-5.8570175,-11.573033
2017-07-18 11:00:00,-11.656713,-13.919813
2017-07-18 11:30:00,-13.229118,-15.259766
2017-07-18 12:00:00,-7.4191847,-15.60969
2017-07-18 12:30:00,-12.066379,-14.99417
2017-07-18 13:00:00,-15.075167,-14.8503
2017-07-18 13:30:00,-12.16958,-14.358262
2017-07-18 14:00:00,-4.866453,-12.46018
2017-07-18 14:30:00,-5.3770256,-8.81707
2017-07-18 15:00:00,-10.593023,-8.022024
2017-07-18 15:30:00,-11.349631,-10.5214
2017-07-18 16:00:00,-6.8517265,-10.820045
2017-07-18 16:30:00,-8.479461,-8.970255
2017-07-18 17:00:00,-1.8376598,-7.1484156
2017-07-18 17:30:00,20.578836,-4.891213
2017-07-18 18:00:00,3.8027248,-0.5456286
2017-07-18 18:30:00,8.956728,2.147239
2017-07-18 19:00:00,11.342397,2.8686318
2017-07-18 19:30:00,14.48125,3.9888227
2017-07-18 20:00:00,26.082338,4.6278996
2017-07-18 20:30:00,9.118699,7.1635246
2017-07-18 21:00:00,5.948372,8.156542
2017-07-18 21:30:00,5.6890197,8.906775
2017-07-18 22:00:00,2.9887822,9.381906
2017-07-18 22:30:00,2.3647811,9.448781
2017-07-18 23:00:00,7.295627,9.799518
2017-07-18 23:30:00,8.59284,7.2983775
2017-07-19 00:00:00,6.6667237,6.2803144
2017-07-19 00:30:00,7.0424204,6.086375
2017-07-19 01:00:00,5.0577087,5.114843
2017-07-19 01:30:00,4.238103,4.01645
2017-07-19 02:00:00,1.0654739,3.9631853
2017-07-19 02:30:00,5.3634524,4.245473
2017-07-19 03:00:00,9.661436,4.239007
2017-07-19 03:30:00,8.035292,4.905809
2017-07-19 04:00:00,6.3688817,4.609681
2017-07-19 04:30:00,5.6697087,4.077495
2017-07-19 05:00:00,3.988966,3.8376956
2017-07-19 05:30:00,2.186204,3.8695166
2017-07-19 06:00:00,1.3686742,2.5366778
2017-07-19 06:30:00,3.0917203,1.2860945
2017-07-19 07:00:00,7.853002,1.082558
2017-07-19 07:30:00,-7.6709557,-1.5160114
2017-07-19 08:00:00,-5.5185747,-4.5741124
2017-07-19 08:30:00,-6.7295074,-6.9563904
2017-07-19 09:00:00,-7.940439,-10.69667
2017-07-19 09:30:00,-10.897426,-13.897137
2017-07-19 10:00:00,-15.943934,-14.794387
2017-07-19 10:30:00,-12.058933,-14.307526
2017-07-19 11:00:00,-10.077616,-14.515463
2017-07-19 11:30:00,-11.021939,-14.48585
2017-07-19 12:00:00,-8.552191,-13.113354
2017-07-19 12:30:00,-15.135387,-12.979725
2017-07-19 13:00:00,-10.68148,-14.222045
2017-07-19 13:30:00,-11.230141,-14.0141
2017-07-19 14:00:00,-8.7118,-11.835365
2017-07-19 14:30:00,-3.468194,-10.016224
2017-07-19 15:00:00,-10.248013,-8.713047
2017-07-19 15:30:00,-13.304452,-7.635084
2017-07-19 16:00:00,-12.910107,-6.7181315
2017-07-19 16:30:00,-7.882205,-5.4483466
2017-07-19 17:00:00,-9.356464,-3.0749571
2017-07-19 17:30:00,-5.6179485,-1.195399
2017-07-19 18:00:00,-0.6607111,1.3960111
2017-07-19 18:30:00,1.3288765,2.86983
2017-07-19 19:00:00,3.3184605,4.3883147
2017-07-19 19:30:00,6.048981,5.197758
2017-07-19 20:00:00,4.399803,6.6975346
2017-07-19 20:30:00,5.192705,6.5489507
2017-07-19 21:00:00,5.985611,6.736206
2017-07-19 21:30:00,13.01138,7.107453
2017-07-19 22:00:00,11.001551,7.6616287
2017-07-19 22:30:00,8.991721,7.0349035
2017-07-19 23:00:00,6.981891,7.0448847
2017-07-19 23:30:00,2.1730723,5.904282
2017-07-20 00:00:00,3.9098644,5.436416
2017-07-20 00:30:00,3.1434815,5.1402698
2017-07-20 01:00:00,2.0735216,4.4709773
2017-07-20 01:30:00,1.0035617,4.2562118
2017-07-20 02:00:00,15.5622015,3.5414286
2017-07-20 02:30:00,8.991582,3.1132357
2017-07-20 03:00:00,3.3830667,3.1634634
2017-07-20 03:30:00,3.9426422,2.5662527
2017-07-20 04:00:00,2.3099341,2.4948716
2017-07-20 04:30:00,1.7934946,2.4336226
2017-07-20 05:00:00,8.485678,2.6653779
2017-07-20 05:30:00,10.504893,3.1456294
2017-07-20 06:00:00,6.8264008,2.650042
2017-07-20 06:30:00,8.346962,1.5809412
2017-07-20 07:00:00,7.9119077,0.36042294
2017-07-20 07:30:00,-4.498108,-3.4799576
2017-07-20 08:00:00,-2.6773908,-5.0483537
2017-07-20 08:30:00,-11.323727,-5.574179
2017-07-20 09:00:00,-7.3307986,-9.113672
2017-07-20 09:30:00,-10.446515,-13.373444
2017-07-20 10:00:00,-10.261574,-16.073545
2017-07-20 10:30:00,-13.663158,-17.66767
2017-07-20 11:00:00,-19.180294,-14.245542
2017-07-20 11:30:00,-12.641357,-14.578107
2017-07-20 12:00:00,-14.243571,-15.571045
2017-07-20 12:30:00,-15.28055,-17.029474
2017-07-20 13:00:00,-13.71891,-16.724869
2017-07-20 13:30:00,-16.648792,-15.644476
2017-07-20 14:00:00,-10.853988,-14.68759
2017-07-20 14:30:00,-19.837862,-13.000185
2017-07-20 15:00:00,-16.899038,-13.74546
2017-07-20 15:30:00,-11.063448,-11.510307
2017-07-20 16:00:00,-10.265033,-10.454948
2017-07-20 16:30:00,-9.430992,-9.364502
2017-07-20 17:00:00,-5.376758,-6.8377433
2017-07-20 17:30:00,-4.640512,-1.9970202
2017-07-20 18:00:00,-1.2439799,0.049566012
2017-07-20 18:30:00,1.5533744,0.6650024
2017-07-20 19:00:00,3.3247378,4.40304
2017-07-20 19:30:00,4.346689,6.5049443
2017-07-20 20:00:00,5.368637,8.030298
2017-07-20 20:30:00,3.8250277,8.531986
2017-07-20 21:00:00,6.620875,8.530084
2017-07-20 21:30:00,5.3320575,8.106442
2017-07-20 22:00:00,6.051363,8.506605
2017-07-20 22:30:00,4.521909,7.429022
2017-07-20 23:00:00,-1.6447492,6.798555
2017-07-20 23:30:00,1.5596368,6.0222473
2017-07-21 00:00:00,6.35488,6.4756894
2017-07-21 00:30:00,6.4696307,5.445584
2017-07-21 01:00:00,8.697342,5.269045
2017-07-21 01:30:00,4.2451754,5.218482
2017-07-21 02:00:00,3.5856047,6.124402
2017-07-21 02:30:00,2.9260335,5.637334
2017-07-21 03:00:00,2.2664664,6.031249
2017-07-21 03:30:00,6.754375,5.216033
2017-07-21 04:00:00,6.174848,5.177818
2017-07-21 04:30:00,4.869715,5.3482823
2017-07-21 05:00:00,4.367014,6.021411
2017-07-21 05:30:00,2.594287,6.053247
2017-07-21 06:00:00,6.7715535,5.639715
2017-07-21 06:30:00,3.1404784,5.4801326
2017-07-21 07:00:00,-0.49059686,4.252738
2017-07-21 07:30:00,-4.121672,2.1683323
2017-07-21 08:00:00,-7.7527475,-1.0301417
2017-07-21 08:30:00,-10.934551,-4.1743226
2017-07-21 09:00:00,-11.007602,-6.163473
2017-07-21 09:30:00,-10.780146,-8.454596
2017-07-21 10:00:00,-9.1164875,-8.325571
2017-07-21 10:30:00,-4.960755,-11.277723
2017-07-21 11:00:00,-10.349621,-15.323374
2017-07-21 11:30:00,-14.860221,-15.907837
2017-07-21 12:00:00,-15.4045515,-16.958948
2017-07-21 12:30:00,-16.916204,-17.274658
2017-07-21 13:00:00,-12.738052,-16.744452
2017-07-21 13:30:00,-24.129627,-16.021631
2017-07-21 14:00:00,-27.578716,-15.234878
2017-07-21 14:30:00,-13.222765,-15.194127
2017-07-21 15:00:00,-18.051544,-14.887347
2017-07-21 15:30:00,-21.18141,-12.6139
2017-07-21 16:00:00,-13.034496,-10.41596
2017-07-21 16:30:00,-12.470053,-7.0691557
2017-07-21 17:00:00,-10.744716,-3.2551885
2017-07-21 17:30:00,-4.520987,-1.8202629
2017-07-21 18:00:00,-1.7928131,0.29750097
2017-07-21 18:30:00,2.5798779,1.5988883
2017-07-21 19:00:00,2.6250224,4.121359
2017-07-21 19:30:00,2.6701632,4.6582847
2017-07-21 20:00:00,3.787924,4.1013355
2017-07-21 20:30:00,4.905681,4.818169
2017-07-21 21:00:00,3.872727,5.576443
2017-07-21 21:30:00,5.3229804,5.942501
2017-07-21 22:00:00,9.45776,6.770638
2017-07-21 22:30:00,17.604492,7.0499454
2017-07-21 23:00:00,7.079272,6.6869845
2017-07-21 23:30:00,8.965537,5.9998994
2017-07-22 00:00:00,7.2946663,5.9200554
2017-07-22 00:30:00,3.133794,5.545964
2017-07-22 01:00:00,3.1772468,5.2577224
2017-07-22 01:30:00,3.2206993,5.175331
2017-07-22 02:00:00,-10.55586,5.285436
2017-07-22 02:30:00,4.798824,4.184032
2017-07-22 03:00:00,5.2247787,4.526348
2017-07-22 03:30:00,5.650733,4.637195
2017-07-22 04:00:00,6.076684,4.764305
2017-07-22 04:30:00,6.5026383,4.4507318
2017-07-22 05:00:00,2.7065132,4.1379457
2017-07-22 05:30:00,-13.398463,4.359851
2017-07-22 06:00:00,-2.2757173,5.011901
2017-07-22 06:30:00,8.84703,3.577933
2017-07-22 07:00:00,-1.082841,0.6621387
2017-07-22 07:30:00,-11.012712,-1.3529772
2017-07-22 08:00:00,-2.8936667,-4.0007796
2017-07-22 08:30:00,-15.665373,-6.7747574
2017-07-22 09:00:00,-10.300723,-11.909
2017-07-22 09:30:00,-17.015089,-12.410759
2017-07-22 10:00:00,-17.13181,-11.628954
2017-07-22 10:30:00,-23.027315,-12.632006
2017-07-22 11:00:00,-16.971685,-12.29998
2017-07-22 11:30:00,-19.379244,-14.046817
2017-07-22 12:00:00,-14.550706,-16.337183
2017-07-22 12:30:00,-20.335455,-17.018917
2017-07-22 13:00:00,-26.798727,-16.896118
2017-07-22 13:30:00,-30.304953,-17.045444
2017-07-22 14:00:00,-22.61594,-19.114777
2017-07-22 14:30:00,-19.054205,-17.873474
2017-07-22 15:00:00,-18.123125,-16.767086
2017-07-22 15:30:00,-17.213346,-15.982823
2017-07-22 16:00:00,-14.120647,-14.608446
2017-07-22 16:30:00,-12.849906,-11.170734
2017-07-22 17:00:00,-11.600189,-8.7373085
2017-07-22 17:30:00,-6.223053,-7.564551
2017-07-22 18:00:00,-4.7293544,-3.0339837
2017-07-22 18:30:00,-3.235655,0.12919909
2017-07-22 19:00:00,-1.7419562,1.8713981
2017-07-22 19:30:00,28.447681,3.349633
2017-07-22 20:00:00,17.844574,3.7681797
2017-07-22 20:30:00,7.2414694,4.773164
2017-07-22 21:00:00,6.988244,5.7533736
2017-07-22 21:30:00,1.4621359,5.9658065
2017-07-22 22:00:00,3.9900022,6.3858376
2017-07-22 22:30:00,2.6747262,7.0038776
2017-07-22 23:00:00,2.6409988,6.488874
2017-07-22 23:30:00,3.3900864,6.156449
2017-07-23 00:00:00,4.13917,6.1678357
2017-07-23 00:30:00,1.3363447,5.7013526
2017-07-23 01:00:00,5.4055033,5.0192037
2017-07-23 01:30:00,2.3172855,4.889226
2017-07-23 02:00:00,0.07180103,3.7871516
2017-07-23 02:30:00,1.484744,4.410885
2017-07-23 03:00:00,8.610259,4.8882804
2017-07-23 03:30:00,1.560692,5.0438952
2017-07-23 04:00:00,2.188947,5.4162273
2017-07-23 04:30:00,4.6759114,5.7036586
2017-07-23 05:00:00,4.1720457,5.0357904
2017-07-23 05:30:00,13.304342,3.9676843
2017-07-23 06:00:00,5.2642484,3.1412659
2017-07-23 06:30:00,9.359392,3.4049249
2017-07-23 07:00:00,7.4623537,-0.22316623
2017-07-23 07:30:00,-3.2071953,-3.5844069
2017-07-23 08:00:00,-13.213696,-7.143924
2017-07-23 08:30:00,-22.831854,-11.0288725
2017-07-23 09:00:00,-11.322611,-14.011225
2017-07-23 09:30:00,-18.121735,-15.708286
2017-07-23 10:00:00,-15.56991,-19.058563
2017-07-23 10:30:00,-13.263682,-19.462456
2017-07-23 11:00:00,-26.547508,-20.744566
2017-07-23 11:30:00,-14.171131,-21.610065
2017-07-23 12:00:00,-28.376152,-21.069187
2017-07-23 12:30:00,-18.17079,-21.575676
2017-07-23 13:00:00,-28.997368,-23.401314
2017-07-23 13:30:00,-34.49069,-22.539045
2017-07-23 14:00:00,-31.193655,-22.939589
2017-07-23 14:30:00,-23.563765,-20.686674
2017-07-23 15:00:00,-25.374954,-18.22996
2017-07-23 15:30:00,-18.015797,-17.229183
2017-07-23 16:00:00,-29.747189,-14.250825
2017-07-23 16:30:00,-7.4061246,-11.496493
2017-07-23 17:00:00,-4.8295,-9.481343
2017-07-23 17:30:00,-6.1989264,-5.953539
2017-07-23 18:00:00,-7.367412,-3.268143
2017-07-23 18:30:00,-2.3645368,-1.5467056
2017-07-23 19:00:00,2.6383348,-0.5750643
2017-07-23 19:30:00,6.096164,3.4812722
2017-07-23 20:00:00,11.117281,3.830981
2017-07-23 20:30:00,28.291325,2.9653943
2017-07-23 21:00:00,10.890138,3.5790257
2017-07-23 21:30:00,1.455606,3.9936306
2017-07-23 22:00:00,7.223692,5.3847194
2017-07-23 22:30:00,8.579297,5.494289
2017-07-23 23:00:00,4.273085,5.5774717
2017-07-23 23:30:00,3.5581584,5.28966
2017-07-24 00:00:00,3.3177295,5.04688
2017-07-24 00:30:00,1.7705135,4.7995777
2017-07-24 01:00:00,3.0089674,4.377662
2017-07-24 01:30:00,4.247425,3.8926332
2017-07-24 02:00:00,16.609262,4.1434393
2017-07-24 02:30:00,-0.7683066,4.4941316
2017-07-24 03:00:00,0.8597481,4.9138837
2017-07-24 03:30:00,7.3916774,4.462974
2017-07-24 04:00:00,3.0781293,4.2962394
2017-07-24 04:30:00,8.014255,4.025719
2017-07-24 05:00:00,2.4415016,4.034736
2017-07-24 05:30:00,2.8786886,3.5242426
2017-07-24 06:00:00,3.3158755,2.0470552
2017-07-24 06:30:00,-0.4106887,1.0060825
2017-07-24 07:00:00,-4.1372495,-0.24681048
2017-07-24 07:30:00,-7.8638134,-1.9109062
2017-07-24 08:00:00,-11.590377,-6.6167607
2017-07-24 08:30:00,-3.401975,-11.44668
2017-07-24 09:00:00,-13.669783,-14.883417
2017-07-24 09:30:00,-16.891611,-16.34404
2017-07-24 10:00:00,-8.565967,-18.180979
2017-07-24 10:30:00,-13.949945,-20.13234
2017-07-24 11:00:00,-8.769854,-24.117132
2017-07-24 11:30:00,-10.09444,-24.087568
2017-07-24 12:00:00,-12.497639,-26.039232
2017-07-24 12:30:00,-16.445883,-25.834366
2017-07-24 13:00:00,-17.42286,-26.258333
2017-07-24 13:30:00,-14.844516,-25.737501
2017-07-24 14:00:00,-16.594748,-24.936335
2017-07-24 14:30:00,-12.967015,-22.54484
2017-07-24 15:00:00,-11.268604,-21.060837
2017-07-24 15:30:00,-10.746675,-17.869974
2017-07-24 16:00:00,-10.578218,-16.882172
2017-07-24 16:30:00,-10.606618,-15.211177
2017-07-24 17:00:00,-9.0590105,-8.998093
2017-07-24 17:30:00,-4.630263,-7.4241285
2017-07-24 18:00:00,6.682794,-4.2724266
2017-07-24 18:30:00,17.995844,-2.757314
2017-07-24 19:00:00,-4.7998085,-1.3298718
2017-07-24 19:30:00,-7.6517687,0.7175699
2017-07-24 20:00:00,-10.503729,2.6214278
2017-07-24 20:30:00,3.9082403,4.975189
2017-07-24 21:00:00,-10.945237,4.5792246
2017-07-24 21:30:00,39.160828,5.053654
2017-07-24 22:00:00,38.82461,6.01542
2017-07-24 22:30:00,38.488384,5.851956
2017-07-24 23:00:00,19.852547,5.694438
2017-07-24 23:30:00,1.2166991,4.905131
2017-07-25 00:00:00,-17.419147,3.7424743
2017-07-25 00:30:00,1.7887243,2.5054486
2017-07-25 01:00:00,4.9042907,2.0684423
2017-07-25 01:30:00,-8.806942,1.7218007
2017-07-25 02:00:00,-22.518177,1.3684896
2017-07-25 02:30:00,-35.972443,1.1123441
2017-07-25 03:00:00,-16.60336,1.0609862
2017-07-25 03:30:00,2.7657237,0.7623715
2017-07-25 04:00:00,4.3157463,0.17623137
2017-07-25 04:30:00,5.865773,0.108060576
2017-07-25 05:00:00,7.4157963,-0.8039369
2017-07-25 05:30:00,8.96582,-0.4850089
2017-07-25 06:00:00,9.9415045,-0.83483833
2017-07-25 06:30:00,17.384207,-2.3849065
2017-07-25 07:00:00,13.317139,-5.4340734
2017-07-25 07:30:00,-2.9963112,-8.39196
2017-07-25 08:00:00,-4.416357,-12.5944
2017-07-25 08:30:00,-19.000301,-15.568535
2017-07-25 09:00:00,-18.621523,-19.076302
2017-07-25 09:30:00,-29.396845,-21.521374
2017-07-25 10:00:00,-17.118092,-22.359835
2017-07-25 10:30:00,-29.365309,-23.774963
2017-07-25 11:00:00,-36.534622,-25.220726
2017-07-25 11:30:00,-24.608273,-25.596584
2017-07-25 12:00:00,-41.814396,-27.789999
2017-07-25 12:30:00,-31.382336,-26.40358
2017-07-25 13:00:00,-36.40095,-24.722336
2017-07-25 13:30:00,-30.963316,-21.09972
2017-07-25 14:00:00,-30.485275,-17.87499
2017-07-25 14:30:00,-22.256844,-15.644152
2017-07-25 15:00:00,-22.169418,-13.867377
2017-07-25 15:30:00,-24.604055,-11.683462
2017-07-25 16:00:00,-20.994488,-9.125881
2017-07-25 16:30:00,-10.556138,-7.196232
2017-07-25 17:00:00,-6.0876307,-5.088724
2017-07-25 17:30:00,-2.2441752,-2.267925
2017-07-25 18:00:00,-0.3979076,0.2615504
2017-07-25 18:30:00,3.3930066,2.1433768
2017-07-25 19:00:00,7.7991495,0.5180275
2017-07-25 19:30:00,9.567115,0.8025573
2017-07-25 20:00:00,10.394751,1.3643975
2017-07-25 20:30:00,10.156567,2.2487266
2017-07-25 21:00:00,9.977308,1.8550186
2017-07-25 21:30:00,7.7992477,4.417004
2017-07-25 22:00:00,8.372603,5.187645
2017-07-25 22:30:00,8.945963,5.862823
2017-07-25 23:00:00,8.210662,6.3715267
2017-07-25 23:30:00,7.5741773,5.8691797
2017-07-26 00:00:00,7.710831,4.7427864
2017-07-26 00:30:00,21.565527,4.268002
2017-07-26 01:00:00,7.892743,3.91182
2017-07-26 01:30:00,3.4810612,2.624883
2017-07-26 02:00:00,12.340263,1.320813
2017-07-26 02:30:00,9.477131,-2.124718
2017-07-26 03:00:00,10.53148,-3.0456834
2017-07-26 03:30:00,2.3821592,-0.95880204
2017-07-26 04:00:00,26.577793,-0.42984524
2017-07-26 04:30:00,50.773426,-0.57362866
2017-07-26 05:00:00,9.690521,-1.3221549
2017-07-26 05:30:00,13.058861,-1.4116224
2017-07-26 06:00:00,41.69859,-1.6656239
2017-07-26 06:30:00,23.133705,-3.6218987
2017-07-26 07:00:00,5.4703774,-5.1728787
2017-07-26 07:30:00,-4.773971,-7.405522
2017-07-26 08:00:00,-18.209284,-9.099158
2017-07-26 08:30:00,-17.609745,-11.104131
2017-07-26 09:00:00,-18.796097,-13.773399
2017-07-26 09:30:00,-23.881365,-16.18916
2017-07-26 10:00:00,-19.22793,-17.867147
2017-07-26 10:30:00,-21.615725,-19.906345
2017-07-26 11:00:00,-26.477753,-22.31193
2017-07-26 11:30:00,-27.732487,-22.942965
2017-07-26 12:00:00,-22.183716,-24.894367
2017-07-26 12:30:00,-14.708185,-25.31897
2017-07-26 13:00:00,-28.723902,-25.8759
2017-07-26 13:30:00,-22.342394,-23.911451
2017-07-26 14:00:00,-23.141914,-22.532082
2017-07-26 14:30:00,-22.93591,-20.887886
2017-07-26 15:00:00,-20.258701,-18.111172
2017-07-26 15:30:00,-9.8907,-18.367699
2017-07-26 16:00:00,-12.194871,-15.094995
2017-07-26 16:30:00,-15.0760975,-11.084831
2017-07-26 17:00:00,-9.001472,-7.394806
2017-07-26 17:30:00,-7.547131,-3.0097554
2017-07-26 18:00:00,-0.8363568,0.08430705
2017-07-26 18:30:00,3.230176,2.9556086
2017-07-26 19:00:00,6.2296915,5.634455
2017-07-26 19:30:00,8.89159,7.3996053
2017-07-26 20:00:00,8.02704,7.6816974
2017-07-26 20:30:00,8.953404,7.135894
2017-07-26 21:00:00,9.1626005,7.509661
2017-07-26 21:30:00,7.0589695,8.248941
2017-07-26 22:00:00,10.326109,8.963359
2017-07-26 22:30:00,7.547978,8.616846
2017-07-26 23:00:00,7.833058,8.920577
2017-07-26 23:30:00,11.693115,7.82074
2017-07-27 00:00:00,11.448474,7.549941
2017-07-27 00:30:00,6.146972,7.8683076
2017-07-27 01:00:00,4.7816267,6.2252336
2017-07-27 01:30:00,4.1772833,5.9100776
2017-07-27 02:00:00,9.774596,4.9263487
2017-07-27 02:30:00,12.938966,4.4436703
2017-07-27 03:00:00,10.098004,3.9220688
2017-07-27 03:30:00,5.4404445,3.4518216
2017-07-27 04:00:00,2.763606,4.0986943
2017-07-27 04:30:00,2.3172402,1.2345896
2017-07-27 05:00:00,8.016997,0.77942926
2017-07-27 05:30:00,7.8100014,1.9284345
2017-07-27 06:00:00,11.015673,-0.27045095
2017-07-27 06:30:00,2.3745103,-1.3151765
2017-07-27 07:00:00,-6.700354,-2.8378475
2017-07-27 07:30:00,-12.951115,-3.803705
2017-07-27 08:00:00,-15.521145,-8.078292
2017-07-27 08:30:00,-27.490473,-13.134824
2017-07-27 09:00:00,-19.67767,-17.585129
2017-07-27 09:30:00,-23.728048,-20.300423
2017-07-27 10:00:00,-34.060535,-22.539934
2017-07-27 10:30:00,-19.331354,-23.262154
2017-07-27 11:00:00,-24.99237,-25.372112
2017-07-27 11:30:00,-18.708519,-26.165508
2017-07-27 12:00:00,-29.98163,-26.89373
2017-07-27 12:30:00,-32.94631,-24.792864
2017-07-27 13:00:00,-31.885748,-23.955889
2017-07-27 13:30:00,-21.874659,-23.932753
2017-07-27 14:00:00,-27.940706,-23.527721
2017-07-27 14:30:00,-26.327032,-23.254908
2017-07-27 15:00:00,-14.838807,-22.11966
2017-07-27 15:30:00,-19.407383,-18.810116
2017-07-27 16:00:00,-10.877289,-14.487998
2017-07-27 16:30:00,-8.920875,-12.032885
2017-07-27 17:00:00,-7.5341578,-7.401558
2017-07-27 17:30:00,-5.312732,-4.269107
2017-07-27 18:00:00,0.40244377,-1.5773017
2017-07-27 18:30:00,3.890316,0.22110082
2017-07-27 19:00:00,4.296074,4.328094
2017-07-27 19:30:00,2.694983,6.48708
2017-07-27 20:00:00,3.9668515,8.1735735
2017-07-27 20:30:00,5.2388783,10.797938
2017-07-27 21:00:00,9.203619,12.924641
2017-07-27 21:30:00,5.450083,12.031977
2017-07-27 22:00:00,2.189953,10.31176
2017-07-27 22:30:00,4.918443,7.827014
2017-07-27 23:00:00,3.3652854,6.4868994
2017-07-27 23:30:00,4.4040837,5.642044
2017-07-28 00:00:00,4.7276273,6.808774
2017-07-28 00:30:00,6.775838,5.247368
2017-07-28 01:00:00,6.371127,2.7972279
2017-07-28 01:30:00,2.6665761,3.5413117
2017-07-28 02:00:00,4.755341,4.7348204
2017-07-28 02:30:00,5.3411875,7.2434893
2017-07-28 03:00:00,4.2910395,7.7176514
2017-07-28 03:30:00,8.536945,7.780268
2017-07-28 04:00:00,6.049633,7.6440697
2017-07-28 04:30:00,5.372507,7.9187617
2017-07-28 05:00:00,4.133273,7.541256
2017-07-28 05:30:00,10.623563,7.4344068
2017-07-28 06:00:00,4.354749,7.7198105
2017-07-28 06:30:00,0.08237029,5.9011097
2017-07-28 07:00:00,-4.190009,2.1956315
2017-07-28 07:30:00,-8.462384,-2.422029
2017-07-28 08:00:00,-14.034066,-10.057567
2017-07-28 08:30:00,-13.445368,-13.123708
2017-07-28 09:00:00,-29.884995,-17.208515
2017-07-28 09:30:00,-35.616425,-22.004557
2017-07-28 10:00:00,-26.437143,-28.78779
2017-07-28 10:30:00,-21.448746,-29.676237
2017-07-28 11:00:00,-14.092497,-29.471962
2017-07-28 11:30:00,-19.982328,-30.733854
2017-07-28 12:00:00,-32.22771,-30.876024
2017-07-28 12:30:00,-28.764648,-32.31256
2017-07-28 13:00:00,-24.523558,-31.093962
2017-07-28 13:30:00,-25.825325,-29.147383
2017-07-28 14:00:00,-25.81679,-27.244535
2017-07-28 14:30:00,-20.08998,-26.316147
2017-07-28 15:00:00,-20.07194,-21.42205
2017-07-28 15:30:00,-18.466969,-18.52233
2017-07-28 16:00:00,-13.922363,-12.09104
2017-07-28 16:30:00,-14.801481,-8.246323
2017-07-28 17:00:00,-12.308782,-4.1217403
2017-07-28 17:30:00,-7.4503875,-0.09388208
2017-07-28 18:00:00,-2.5919888,3.0840902
2017-07-28 18:30:00,2.5385654,5.521283
2017-07-28 19:00:00,3.9074264,6.630566
2017-07-28 19:30:00,5.276287,8.205625
2017-07-28 20:00:00,6.694709,7.522171
2017-07-28 20:30:00,5.15839,8.496484
2017-07-28 21:00:00,6.2635655,9.467741
2017-07-28 21:30:00,5.9158463,9.876977
2017-07-28 22:00:00,5.239331,10.9103985
2017-07-28 22:30:00,7.629081,11.262331
2017-07-28 23:00:00,5.1667776,11.379222
2017-07-28 23:30:00,7.8717256,11.64397
2017-07-29 00:00:00,7.031207,11.764674
2017-07-29 00:30:00,6.7046413,11.493046
2017-07-29 01:00:00,10.760048,11.014502
2017-07-29 01:30:00,5.8658752,11.794826
2017-07-29 02:00:00,3.971799,11.677686
2017-07-29 02:30:00,4.4730873,12.300552
2017-07-29 03:00:00,4.393793,11.76429
2017-07-29 03:30:00,8.210157,11.380842
2017-07-29 04:00:00,9.791481,10.297864
2017-07-29 04:30:00,10.859078,9.475138
2017-07-29 05:00:00,6.9284573,8.726966
2017-07-29 05:30:00,10.757692,8.868699
2017-07-29 06:00:00,8.441927,7.1182404
2017-07-29 06:30:00,2.9286072,4.77937
2017-07-29 07:00:00,-2.5847127,1.0051782
2017-07-29 07:30:00,-5.6802187,-3.5042236
2017-07-29 08:00:00,-18.770996,-10.798944
2017-07-29 08:30:00,-18.808308,-15.00558
2017-07-29 09:00:00,-22.631851,-19.94572
2017-07-29 09:30:00,-15.04355,-25.376322
2017-07-29 10:00:00,-24.037521,-26.388624
2017-07-29 10:30:00,-28.144724,-27.31067
2017-07-29 11:00:00,-29.727375,-26.687246
2017-07-29 11:30:00,-20.551191,-24.295597
2017-07-29 12:00:00,-35.108074,-28.581854
2017-07-29 12:30:00,-23.157856,-30.664213
2017-07-29 13:00:00,-17.472471,-29.612246
2017-07-29 13:30:00,-20.85857,-29.359499
2017-07-29 14:00:00,-17.912308,-27.490995
2017-07-29 14:30:00,-12.640781,-25.229437
2017-07-29 15:00:00,-19.96086,-23.172647
2017-07-29 15:30:00,-15.525561,-19.471445
2017-07-29 16:00:00,-11.042,-17.103643
2017-07-29 16:30:00,-12.476319,-14.877011
2017-07-29 17:00:00,-9.400531,-7.749247
2017-07-29 17:30:00,-5.4294767,-3.8876638
2017-07-29 18:00:00,-3.8317955,0.76466244
2017-07-29 18:30:00,3.723035,1.7512928
2017-07-29 19:00:00,3.3109581,5.638615
2017-07-29 19:30:00,7.6087446,7.5567727
2017-07-29 20:00:00,6.7722692,10.462744
2017-07-29 20:30:00,5.5047417,9.220194
2017-07-29 21:00:00,8.924003,9.922366
2017-07-29 21:30:00,7.008275,9.990243
2017-07-29 22:00:00,5.9087925,10.102409
2017-07-29 22:30:00,5.3283157,10.762007
2017-07-29 23:00:00,5.4497175,10.303877
2017-07-29 23:30:00,5.8354406,10.134234
2017-07-30 00:00:00,6.705357,9.002795
2017-07-30 00:30:00,8.067911,9.2712965
2017-07-30 01:00:00,7.3532887,8.654756
2017-07-30 01:30:00,6.733459,8.575009
2017-07-30 02:00:00,8.387498,8.26991
2017-07-30 02:30:00,7.33001,7.943898
2017-07-30 03:00:00,5.6922264,7.861175
2017-07-30 03:30:00,5.2658157,7.8492565
2017-07-30 04:00:00,4.5132203,8.129409
2017-07-30 04:30:00,4.329918,8.120019
2017-07-30 05:00:00,6.1741657,8.25844
2017-07-30 05:30:00,6.482084,7.1076937
2017-07-30 06:00:00,4.5160575,6.46275
2017-07-30 06:30:00,2.4087424,3.8802252
2017-07-30 07:00:00,-3.1066911,0.3557167
2017-07-30 07:30:00,-7.3767796,-3.263184
2017-07-30 08:00:00,-11.646871,-10.81142
2017-07-30 08:30:00,-16.977133,-15.008658
2017-07-30 09:00:00,-21.163162,-23.117699
2017-07-30 09:30:00,-12.96015,-25.559477
2017-07-30 10:00:00,-23.815111,-27.080284
2017-07-30 10:30:00,-34.670074,-30.063578
2017-07-30 11:00:00,-27.327162,-28.390747
2017-07-30 11:30:00,-23.504751,-29.124481
2017-07-30 12:00:00,-18.50682,-31.02116
2017-07-30 12:30:00,-32.068226,-29.341545
2017-07-30 13:00:00,-26.518267,-27.84231
2017-07-30 13:30:00,-20.968306,-28.158905
2017-07-30 14:00:00,-15.41835,-25.213423
2017-07-30 14:30:00,-9.86839,-22.920794
2017-07-30 15:00:00,-4.3184304,-21.27777
2017-07-30 15:30:00,-11.736474,-18.94784
2017-07-30 16:00:00,-19.739855,-13.588876
2017-07-30 16:30:00,-28.332748,-10.855544
2017-07-30 17:00:00,-20.415419,-7.684667
2017-07-30 17:30:00,-12.248964,-4.569489
2017-07-30 18:00:00,1.7549742,-0.29477346
2017-07-30 18:30:00,15.758906,2.6910305
2017-07-30 19:00:00,29.762846,3.9015899
2017-07-30 19:30:00,43.76678,6.843707
2017-07-30 20:00:00,57.770714,7.9436984
2017-07-30 20:30:00,6.8882184,8.592708
2017-07-30 21:00:00,8.457854,8.84033
2017-07-30 21:30:00,6.4060416,8.463224
2017-07-30 22:00:00,5.3334103,10.162238
2017-07-30 22:30:00,5.906558,9.833178
2017-07-30 23:00:00,6.570274,10.192224
2017-07-30 23:30:00,8.163596,9.779578
2017-07-31 00:00:00,7.4674783,9.855876
2017-07-31 00:30:00,4.5836406,9.521842
2017-07-31 01:00:00,8.5413685,9.083555
2017-07-31 01:30:00,6.3071275,9.099075
2017-07-31 02:00:00,3.505459,8.675179
2017-07-31 02:30:00,5.661212,8.828901
2017-07-31 03:00:00,8.710085,8.772322
2017-07-31 03:30:00,6.9381447,9.027442
2017-07-31 04:00:00,5.461315,9.142366
2017-07-31 04:30:00,9.377046,8.4919405
2017-07-31 05:00:00,4.98132,8.870617
2017-07-31 05:30:00,8.320375,8.208646
2017-07-31 06:00:00,5.640175,7.645381
2017-07-31 06:30:00,0.6975241,5.7491007
2017-07-31 07:00:00,-9.858684,2.8570225
2017-07-31 07:30:00,-22.333435,-1.9582136
2017-07-31 08:00:00,-22.394094,-7.099876
2017-07-31 08:30:00,-25.646467,-13.494849
2017-07-31 09:00:00,-35.900032,-18.996658
2017-07-31 09:30:00,-32.717224,-20.657494
2017-07-31 10:00:00,-15.832292,-23.733904
2017-07-31 10:30:00,-40.88333,-27.058756
2017-07-31 11:00:00,-33.702614,-29.90578
2017-07-31 11:30:00,-24.951838,-30.667242
2017-07-31 12:00:00,-31.582918,-29.127977
2017-07-31 12:30:00,-25.738804,-29.17039
2017-07-31 13:00:00,-29.33338,-26.301353
2017-07-31 13:30:00,-24.718145,-22.565878
2017-07-31 14:00:00,-22.793325,-21.80205
2017-07-31 14:30:00,-21.897106,-20.740047
2017-07-31 15:00:00,-12.941762,-19.65353
2017-07-31 15:30:00,-17.012934,-17.66394
2017-07-31 16:00:00,-13.838545,-18.361666
2017-07-31 16:30:00,-13.565024,-16.081722
2017-07-31 17:00:00,-6.540587,-15.941214
2017-07-31 17:30:00,-6.304382,-9.836924
2017-07-31 18:00:00,-1.0944504,-1.2343075
2017-07-31 18:30:00,1.0559182,4.729312
2017-07-31 19:00:00,4.0996246,9.81907
2017-07-31 19:30:00,5.811341,11.409012
2017-07-31 20:00:00,5.1857157,12.172086
2017-07-31 20:30:00,7.3156652,12.420722
2017-07-31 21:00:00,7.211687,12.457784
2017-07-31 21:30:00,7.6928277,11.714967
2017-07-31 22:00:00,9.464222,12.248659
2017-07-31 22:30:00,8.692278,11.855068
2017-07-31 23:00:00,7.630618,12.135318
2017-07-31 23:30:00,7.4011955,11.300629
2017-08-01 00:00:00,8.263407,10.447024
2017-08-01 00:30:00,8.889597,9.156247
2017-08-01 01:00:00,5.997944,9.561775
2017-08-01 01:30:00,8.297669,9.2787
2017-08-01 02:00:00,6.1342554,7.6382217
2017-08-01 02:30:00,7.983534,6.988832
2017-08-01 03:00:00,7.5749116,6.632514
2017-08-01 03:30:00,8.107731,6.0884514
2017-08-01 04:00:00,7.7496986,6.158578
2017-08-01 04:30:00,8.630671,5.7873235
2017-08-01 05:00:00,7.517653,5.6054606
2017-08-01 05:30:00,6.2341113,4.285448
2017-08-01 06:00:00,3.3104646,2.739163
2017-08-01 06:30:00,-0.75080794,0.3563045
2017-08-01 07:00:00,-6.377304,-3.334196
2017-08-01 07:30:00,-11.113272,-10.725197
2017-08-01 08:00:00,-15.421639,-15.218717
2017-08-01 08:30:00,-23.428373,-20.982557
2017-08-01 09:00:00,-28.821306,-23.10003
2017-08-01 09:30:00,-29.274334,-27.7758
2017-08-01 10:00:00,-33.81037,-24.796919
2017-08-01 10:30:00,-38.853687,-28.454073
2017-08-01 11:00:00,-35.960186,-27.307087
2017-08-01 11:30:00,-44.908817,-26.964972
2017-08-01 12:00:00,-34.469654,-25.69773
2017-08-01 12:30:00,-38.865185,-25.509537
2017-08-01 13:00:00,-46.366657,-25.599314
2017-08-01 13:30:00,-27.054499,-23.587019
2017-08-01 14:00:00,-18.149595,-23.18488
2017-08-01 14:30:00,-23.17732,-22.07506
2017-08-01 15:00:00,-29.846664,-16.995872
2017-08-01 15:30:00,-22.586405,-13.825658
2017-08-01 16:00:00,-18.355494,-11.088712
2017-08-01 16:30:00,-19.96759,-8.394639
2017-08-01 17:00:00,-13.335644,-2.5431252
2017-08-01 17:30:00,-11.720811,0.87395734
2017-08-01 18:00:00,-3.700876,4.6405716
2017-08-01 18:30:00,4.319062,7.295069
2017-08-01 19:00:00,7.0807185,8.87223
2017-08-01 19:30:00,6.0186186,10.010086
2017-08-01 20:00:00,6.2695303,10.354211
2017-08-01 20:30:00,7.7373204,11.081376
2017-08-01 21:00:00,7.782631,12.136245
2017-08-01 21:30:00,7.8513517,11.626275
2017-08-01 22:00:00,6.55556,12.431453
2017-08-01 22:30:00,7.819968,12.334653
2017-08-01 23:00:00,7.6950245,12.680873
2017-08-01 23:30:00,8.689772,12.491598
2017-08-02 00:00:00,8.165468,11.124044
2017-08-02 00:30:00,7.461943,9.2026615
2017-08-02 01:00:00,8.810695,7.3638997
2017-08-02 01:30:00,7.1352077,6.5773163
2017-08-02 02:00:00,7.33371,5.612616
2017-08-02 02:30:00,7.785189,4.392162
2017-08-02 03:00:00,7.673875,3.1787765
2017-08-02 03:30:00,8.249284,2.9644446
2017-08-02 04:00:00,6.1825047,2.241085
2017-08-02 04:30:00,7.4968123,2.1089032
2017-08-02 05:00:00,4.980638,1.098915
2017-08-02 05:30:00,6.122186,0.3338208
2017-08-02 06:00:00,3.3571954,-0.32760033
2017-08-02 06:30:00,-6.268469,-2.035518
2017-08-02 07:00:00,-13.401595,-4.7097454
2017-08-02 07:30:00,-16.888456,-9.092975
2017-08-02 08:00:00,-17.843971,-13.337034
2017-08-02 08:30:00,-28.213778,-17.620483
2017-08-02 09:00:00,-42.390903,-20.979155
2017-08-02 09:30:00,-31.757837,-22.86026
2017-08-02 10:00:00,-35.888775,-24.17317
2017-08-02 10:30:00,-38.56179,-24.787895
2017-08-02 11:00:00,-42.968113,-23.684132
2017-08-02 11:30:00,-30.429398,-24.686249
2017-08-02 12:00:00,-22.722996,-25.129543
2017-08-02 12:30:00,-15.366649,-23.584187
2017-08-02 13:00:00,-14.922977,-24.321129
2017-08-02 13:30:00,-23.439606,-21.666737
2017-08-02 14:00:00,-19.721672,-16.94428
2017-08-02 14:30:00,-26.369652,-15.589922
2017-08-02 15:00:00,-27.520002,-16.417694
2017-08-02 15:30:00,-18.119217,-14.999991
2017-08-02 16:00:00,-24.085419,-13.282465
2017-08-02 16:30:00,-25.230204,-9.979588
2017-08-02 17:00:00,-10.556967,-5.275587
2017-08-02 17:30:00,-3.7357905,0.7585922
2017-08-02 18:00:00,1.458707,7.0255437
2017-08-02 18:30:00,4.7503295,10.578746
2017-08-02 19:00:00,6.6956735,10.982315
2017-08-02 19:30:00,6.4759493,8.817594
2017-08-02 20:00:00,8.204893,7.61116
2017-08-02 20:30:00,6.289467,8.188238
2017-08-02 21:00:00,7.575937,8.714192
2017-08-02 21:30:00,6.87378,8.932752
2017-08-02 22:00:00,7.3030424,8.9692335
2017-08-02 22:30:00,7.1189227,8.994389
2017-08-02 23:00:00,5.099594,8.409059
2017-08-02 23:30:00,6.0941033,6.874141
2017-08-03 00:00:00,6.6739545,5.438632
2017-08-03 00:30:00,4.993909,4.8528986
2017-08-03 01:00:00,4.8808875,4.027897
2017-08-03 01:30:00,5.1810093,3.8215988
2017-08-03 02:00:00,4.268484,3.0559695
2017-08-03 02:30:00,4.0504484,2.2663193
2017-08-03 03:00:00,5.5427194,1.1848972
2017-08-03 03:30:00,4.095382,0.81001794
2017-08-03 04:00:00,6.606492,0.58918256
2017-08-03 04:30:00,6.1762834,0.41243652
2017-08-03 05:00:00,6.5942388,0.084544435
2017-08-03 05:30:00,6.5613174,-0.47915718
2017-08-03 06:00:00,3.8682392,-1.8396418
2017-08-03 06:30:00,-4.0068045,-3.8650367
2017-08-03 07:00:00,-10.973008,-8.466359
2017-08-03 07:30:00,-15.191621,-12.28377
2017-08-03 08:00:00,-27.391481,-16.303474
2017-08-03 08:30:00,-25.35735,-21.021524
2017-08-03 09:00:00,-26.084557,-23.837008
2017-08-03 09:30:00,-30.957521,-25.572481
2017-08-03 10:00:00,-36.751633,-29.39909
2017-08-03 10:30:00,-40.70252,-30.169512
2017-08-03 11:00:00,-45.36919,-30.654741
2017-08-03 11:30:00,-24.74664,-30.80158
2017-08-03 12:00:00,-36.52004,-28.939087
2017-08-03 12:30:00,-33.470158,-27.927584
2017-08-03 13:00:00,-29.751026,-26.588276
2017-08-03 13:30:00,-36.926502,-26.258093
2017-08-03 14:00:00,-34.41541,-24.475595
2017-08-03 14:30:00,-29.25084,-24.03829
2017-08-03 15:00:00,-31.528713,-23.05068
2017-08-03 15:30:00,-26.119461,-20.519487
2017-08-03 16:00:00,-25.825891,-18.314306
2017-08-03 16:30:00,-12.894764,-17.915428
2017-08-03 17:00:00,-4.7125487,-12.258023
2017-08-03 17:30:00,-2.5293493,-7.0887833
2017-08-03 18:00:00,-2.7440355,-2.6537616
2017-08-03 18:30:00,0.6651305,0.70514673
2017-08-03 19:00:00,6.4897704,3.4866002
2017-08-03 19:30:00,6.827723,5.3932614
2017-08-03 20:00:00,2.7784934,6.888757
2017-08-03 20:30:00,8.57036,7.4815254
2017-08-03 21:00:00,1.7572387,7.79941
2017-08-03 21:30:00,3.8249485,8.122103
2017-08-03 22:00:00,6.7476344,8.0815735
2017-08-03 22:30:00,9.597635,8.005599
2017-08-03 23:00:00,5.3879333,6.200478
2017-08-03 23:30:00,10.000289,4.7483177
2017-08-04 00:00:00,14.795924,3.1426075
2017-08-04 00:30:00,7.51413,2.7790058
2017-08-04 01:00:00,9.043802,1.9900829
2017-08-04 01:30:00,11.540274,1.891606
2017-08-04 02:00:00,17.460026,1.3067696
2017-08-04 02:30:00,1.8830601,0.5888924
2017-08-04 03:00:00,-0.23090948,-0.03632951
2017-08-04 03:30:00,24.451513,0.016249279
2017-08-04 04:00:00,7.2532935,-0.1666687
2017-08-04 04:30:00,11.449762,-0.81341344
2017-08-04 05:00:00,15.646235,-1.1985115
2017-08-04 05:30:00,6.2155347,-1.1239275
2017-08-04 06:00:00,-3.2151647,-2.292191
2017-08-04 06:30:00,3.4389086,-4.783945
2017-08-04 07:00:00,-2.4945216,-8.581543
2017-08-04 07:30:00,-8.427948,-13.3906975
2017-08-04 08:00:00,-9.733035,-19.637924
2017-08-04 08:30:00,-22.903204,-22.469666
2017-08-04 09:00:00,-30.580194,-25.173851
2017-08-04 09:30:00,-28.540821,-27.500837
2017-08-04 10:00:00,-33.794144,-30.59088
2017-08-04 10:30:00,-31.845041,-32.710476
2017-08-04 11:00:00,-36.092873,-34.391098
2017-08-04 11:30:00,-40.3407,-34.13291
2017-08-04 12:00:00,-44.588528,-33.660103
2017-08-04 12:30:00,-38.155342,-32.586018
2017-08-04 13:00:00,-31.726952,-31.003098
2017-08-04 13:30:00,-31.578085,-29.679226
2017-08-04 14:00:00,-31.673792,-29.11335
2017-08-04 14:30:00,-16.285896,-27.661404
2017-08-04 15:00:00,-6.0274405,-25.146742
2017-08-04 15:30:00,-2.95686,-23.363577
2017-08-04 16:00:00,0.11372389,-21.091938
2017-08-04 16:30:00,3.1843042,-16.395002
2017-08-04 17:00:00,3.0333276,-10.723777
2017-08-04 17:30:00,4.59583,-6.312528
2017-08-04 18:00:00,5.910556,-2.9424436
2017-08-04 18:30:00,2.9896,-0.7023175
2017-08-04 19:00:00,8.6462965,1.4082948
2017-08-04 19:30:00,14.602685,2.818472
2017-08-04 20:00:00,8.252121,2.8180652
2017-08-04 20:30:00,8.148565,3.8540564
2017-08-04 21:00:00,8.137895,4.1708326
2017-08-04 21:30:00,8.127227,4.384663
2017-08-04 22:00:00,8.116556,5.3912077
2017-08-04 22:30:00,7.800227,6.218301
2017-08-04 23:00:00,7.4630585,5.3131533
2017-08-04 23:30:00,6.152259,4.6658735
2017-08-05 00:00:00,2.9113798,3.7060792
2017-08-05 00:30:00,3.4423902,3.0153956
2017-08-05 01:00:00,1.3488657,2.9784276
2017-08-05 01:30:00,7.812805,1.9317013
2017-08-05 02:00:00,14.090666,0.67360854
2017-08-05 02:30:00,25.204422,0.5946009
2017-08-05 03:00:00,21.519964,0.72304106
2017-08-05 03:30:00,17.8355,0.3639008
2017-08-05 04:00:00,14.151044,-0.22209987
2017-08-05 04:30:00,9.985706,-0.3090919
2017-08-05 05:00:00,5.820365,-1.081884
2017-08-05 05:30:00,8.446019,-0.96636444
2017-08-05 06:00:00,21.556507,-1.9541101
2017-08-05 06:30:00,34.666996,-3.797548
2017-08-05 07:00:00,7.727682,-6.2654357
2017-08-05 07:30:00,-6.835411,-10.41789
2017-08-05 08:00:00,-22.947624,-15.652561
2017-08-05 08:30:00,-20.656775,-21.130146
2017-08-05 09:00:00,-39.362064,-24.998058
2017-08-05 09:30:00,-32.072323,-27.317125
2017-08-05 10:00:00,-30.889038,-29.707407
2017-08-05 10:30:00,-40.811737,-31.15806
2017-08-05 11:00:00,-31.283396,-32.048977
2017-08-05 11:30:00,-31.953386,-32.8128
2017-08-05 12:00:00,-43.382915,-33.397858
2017-08-05 12:30:00,-41.77802,-32.617973
2017-08-05 13:00:00,-33.79351,-32.341652
2017-08-05 13:30:00,-36.987568,-29.6749
2017-08-05 14:00:00,-45.96298,-27.564472
2017-08-05 14:30:00,-45.661114,-23.932552
2017-08-05 15:00:00,-35.474762,-18.286953
2017-08-05 15:30:00,-30.639702,-13.969332
2017-08-05 16:00:00,-45.6661,-10.161933
2017-08-05 16:30:00,-16.458735,-5.292438
2017-08-05 17:00:00,-13.440092,-1.6618258
2017-08-05 17:30:00,-1.1574665,0.8655283
2017-08-05 18:00:00,3.5568094,2.9346697
2017-08-05 18:30:00,3.5160358,4.277539
2017-08-05 19:00:00,1.4891639,5.0737414
2017-08-05 19:30:00,32.65016,6.547557
2017-08-05 20:00:00,7.282507,6.91126
2017-08-05 20:30:00,8.313212,7.1944785
2017-08-05 21:00:00,9.343917,7.273264
2017-08-05 21:30:00,10.374621,7.21512
2017-08-05 22:00:00,29.70995,8.03586
2017-08-05 22:30:00,40.83873,7.818777
2017-08-05 23:00:00,14.182823,7.0903344
2017-08-05 23:30:00,11.839397,6.2721305
2017-08-06 00:00:00,9.495971,5.0527463
2017-08-06 00:30:00,8.804059,4.6841407
2017-08-06 01:00:00,8.112147,3.5953674
2017-08-06 01:30:00,7.9768643,3.9676692
2017-08-06 02:00:00,8.376451,3.0079577
2017-08-06 02:30:00,5.37658,1.9559296
2017-08-06 03:00:00,4.2053175,1.7711729
2017-08-06 03:30:00,9.028335,0.91881543
2017-08-06 04:00:00,8.400269,1.7603889
2017-08-06 04:30:00,6.199336,1.4957691
2017-08-06 05:00:00,6.140363,1.8744012
2017-08-06 05:30:00,2.239005,1.8173273
2017-08-06 06:00:00,2.0106788,1.1807901
2017-08-06 06:30:00,1.4283745,-2.44394
2017-08-06 07:00:00,-2.3623512,-6.2258453
2017-08-06 07:30:00,-5.3841624,-9.717892
2017-08-06 08:00:00,-18.667835,-14.853344
2017-08-06 08:30:00,-17.623867,-19.82415
2017-08-06 09:00:00,-25.148027,-26.64367
2017-08-06 09:30:00,-32.672188,-29.893822
2017-08-06 10:00:00,-39.835987,-32.238537
2017-08-06 10:30:00,-46.99979,-34.205296
2017-08-06 11:00:00,-47.894028,-32.473972
2017-08-06 11:30:00,-48.78827,-33.42004
2017-08-06 12:00:00,-45.49752,-32.0148
2017-08-06 12:30:00,-42.20677,-31.94055
2017-08-06 13:00:00,-46.596424,-29.956234
2017-08-06 13:30:00,-45.702244,-28.38615
2017-08-06 14:00:00,-39.58616,-27.434454
2017-08-06 14:30:00,-36.25475,-26.068573
2017-08-06 15:00:00,-32.92334,-24.392462
2017-08-06 15:30:00,-34.72443,-22.656158
2017-08-06 16:00:00,-26.601614,-21.628988
2017-08-06 16:30:00,-23.035975,-18.507801
2017-08-06 17:00:00,-23.137676,-15.110963
2017-08-06 17:30:00,-7.528385,-10.5547285
2017-08-06 18:00:00,-0.16446441,-4.9233913
2017-08-06 18:30:00,2.6929748,-0.38534507
2017-08-06 19:00:00,8.473891,-0.11991525
2017-08-06 19:30:00,7.1810646,4.010805
2017-08-06 20:00:00,6.4022436,3.8414412
2017-08-06 20:30:00,2.3123078,4.2964654
2017-08-06 21:00:00,2.2513604,5.855626
2017-08-06 21:30:00,2.190409,7.449942
2017-08-06 22:00:00,8.611699,8.904288
2017-08-06 22:30:00,4.269747,9.284548
2017-08-06 23:00:00,3.082244,8.921165
2017-08-06 23:30:00,6.672018,7.776696
2017-08-07 00:00:00,1.1076831,6.7422347
2017-08-07 00:30:00,5.67099,6.3659725
2017-08-07 01:00:00,2.9866457,5.232793
2017-08-07 01:30:00,6.739861,4.3767166
2017-08-07 02:00:00,6.8568125,3.7914171
2017-08-07 02:30:00,3.1869493,3.6784935
2017-08-07 03:00:00,4.103461,3.638986
2017-08-07 03:30:00,2.579859,3.2056499
2017-08-07 04:00:00,8.401907,3.0163903
2017-08-07 04:30:00,14.223955,2.29129
2017-08-07 05:00:00,-2.246553,1.7732114
2017-08-07 05:30:00,1.445892,2.197979
2017-08-07 06:00:00,1.7424418,2.4713292
2017-08-07 06:30:00,12.245747,0.8042002
2017-08-07 07:00:00,5.406438,-2.9672976
2017-08-07 07:30:00,-8.617536,-7.0578403
2017-08-07 08:00:00,-22.641506,-15.253816
2017-08-07 08:30:00,-14.333269,-18.783295
2017-08-07 09:00:00,-24.933094,-22.298096
2017-08-07 09:30:00,-15.974312,-26.203491
2017-08-07 10:00:00,-16.299517,-32.210606
2017-08-07 10:30:00,-29.567972,-33.78389
2017-08-07 11:00:00,-17.905943,-35.877285
2017-08-07 11:30:00,-24.366829,-35.28918
2017-08-07 12:00:00,-34.374737,-34.222244
2017-08-07 12:30:00,-33.491528,-32.078438
2017-08-07 13:00:00,-31.512848,-30.496902
2017-08-07 13:30:00,-22.17693,-28.384682
2017-08-07 14:00:00,-22.551517,-25.36804
2017-08-07 14:30:00,-23.018118,-23.016275
2017-08-07 15:00:00,-20.485886,-21.438313
2017-08-07 15:30:00,-12.4731045,-18.356432
2017-08-07 16:00:00,6.7294383,-15.631815
2017-08-07 16:30:00,-28.613089,-12.886685
2017-08-07 17:00:00,-9.3721695,-10.103551
2017-08-07 17:30:00,5.406351,-5.8081503
2017-08-07 18:00:00,2.2378898,-1.2380115
2017-08-07 18:30:00,3.4821277,2.5277927
2017-08-07 19:00:00,7.3112226,5.3267446
2017-08-07 19:30:00,6.6205244,6.510849
2017-08-07 20:00:00,5.2115526,7.835579
2017-08-07 20:30:00,6.5447874,7.97102
2017-08-07 21:00:00,7.8780255,8.599886
2017-08-07 21:30:00,9.211261,8.717858
2017-08-07 22:00:00,10.544498,9.76038
2017-08-07 22:30:00,11.877733,9.911545
2017-08-07 23:00:00,6.2384405,9.3062935
2017-08-07 23:30:00,20.065619,9.071031
2017-08-08 00:00:00,36.26058,7.4632506
2017-08-08 00:30:00,21.345167,6.431939
2017-08-08 01:00:00,6.42975,5.7082176
2017-08-08 01:30:00,34.430584,4.4485765
2017-08-08 02:00:00,28.908705,2.2452073
2017-08-08 02:30:00,23.386818,1.6961104
2017-08-08 03:00:00,17.86493,1.6130258
2017-08-08 03:30:00,12.343044,1.2658641
2017-08-08 04:00:00,9.1139965,1.0153971
2017-08-08 04:30:00,3.0984426,0.246874
2017-08-08 05:00:00,9.35883,-0.7303891
2017-08-08 05:30:00,7.5004897,-0.06337628
2017-08-08 06:00:00,22.06983,-0.49427816
2017-08-08 06:30:00,7.2329235,-1.967464
2017-08-08 07:00:00,3.2956753,-4.2157745
2017-08-08 07:30:00,-0.6415772,-6.948025
2017-08-08 08:00:00,-4.578826,-9.514819
2017-08-08 08:30:00,-8.516074,-15.528752
2017-08-08 09:00:00,-12.453326,-21.430641
2017-08-08 09:30:00,-16.390575,-26.802845
2017-08-08 10:00:00,-20.327826,-27.981636
2017-08-08 10:30:00,-24.265076,-31.379234
2017-08-08 11:00:00,-28.202326,-33.906742
2017-08-08 11:30:00,-32.139576,-35.503304
2017-08-08 12:00:00,-31.5773,-38.68272
2017-08-08 12:30:00,-31.015022,-37.400776
2017-08-08 13:00:00,-30.452745,-36.166153
2017-08-08 13:30:00,-29.890469,-33.167614
2017-08-08 14:00:00,-29.32819,-29.607464
2017-08-08 14:30:00,-28.765915,-26.573332
2017-08-08 15:00:00,-24.707615,-23.848183
2017-08-08 15:30:00,-20.649317,-22.387518
2017-08-08 16:00:00,-16.591022,-18.001192
2017-08-08 16:30:00,-11.529464,-16.384909
2017-08-08 17:00:00,-6.4679093,-12.369097
2017-08-08 17:30:00,-4.4387956,-9.143583
2017-08-08 18:00:00,-2.0607336,-5.967797
2017-08-08 18:30:00,2.8031287,-4.4102564
2017-08-08 19:00:00,5.4716997,0.8494766
2017-08-08 19:30:00,5.2205358,3.5080252
2017-08-08 20:00:00,19.305107,5.0321355
2017-08-08 20:30:00,33.38968,6.0355825
2017-08-08 21:00:00,19.43701,6.6153507
2017-08-08 21:30:00,5.484338,6.6184106
2017-08-08 22:00:00,5.2002826,6.1256037
2017-08-08 22:30:00,7.8377643,6.0509634
2017-08-08 23:00:00,4.2896004,5.792987
2017-08-08 23:30:00,3.9829447,4.8803296
2017-08-09 00:00:00,3.8631864,2.215357
2017-08-09 00:30:00,6.8674755,1.2561313
2017-08-09 01:00:00,5.0445924,1.3852158
2017-08-09 01:30:00,3.2217093,0.23422857
2017-08-09 02:00:00,6.2642856,-0.80385774
2017-08-09 02:30:00,7.4631224,-2.1179507
2017-08-09 03:00:00,6.1499567,-2.9264824
2017-08-09 03:30:00,6.6984653,-2.7038684
2017-08-09 04:00:00,9.352304,-2.0750897
2017-08-09 04:30:00,12.006146,-1.1813444
2017-08-09 05:00:00,14.659989,-1.2674133
2017-08-09 05:30:00,6.4520493,-1.1462379
2017-08-09 06:00:00,77.28127,-2.0199108
2017-08-09 06:30:00,-30.783688,-3.291595
2017-08-09 07:00:00,-15.043437,-5.057525
2017-08-09 07:30:00,0.69681567,-8.124208
2017-08-09 08:00:00,16.437065,-9.305815
2017-08-09 08:30:00,-2.7743416,-13.433687
2017-08-09 09:00:00,-6.2555523,-17.217936
2017-08-09 09:30:00,-4.1769075,-22.468283
2017-08-09 10:00:00,-7.3494463,-26.50403
2017-08-09 10:30:00,-25.855526,-28.304562
2017-08-09 11:00:00,-18.439404,-30.968216
2017-08-09 11:30:00,-15.627738,-31.198412
2017-08-09 12:00:00,-18.935259,-32.785522
2017-08-09 12:30:00,-16.553486,-32.470703
2017-08-09 13:00:00,-20.509893,-31.139061
2017-08-09 13:30:00,-21.38461,-28.38593
2017-08-09 14:00:00,-7.914922,-26.06962
2017-08-09 14:30:00,-11.7178,-24.483267
2017-08-09 15:00:00,-5.9913807,-22.186628
2017-08-09 15:30:00,-7.944769,-19.022163
2017-08-09 16:00:00,-9.898157,-15.469037
2017-08-09 16:30:00,-7.5292673,-12.74745
2017-08-09 17:00:00,-5.5922656,-8.256285
2017-08-09 17:30:00,-5.568218,-5.609365
2017-08-09 18:00:00,-1.5366224,-0.8273852
2017-08-09 18:30:00,2.889778,2.326875
2017-08-09 19:00:00,2.5519192,4.8327966
2017-08-09 19:30:00,1.8423355,5.7477403
2017-08-09 20:00:00,4.3396544,7.446551
2017-08-09 20:30:00,2.9953763,8.508218
2017-08-09 21:00:00,6.239827,9.619576
2017-08-09 21:30:00,4.414088,8.656644
2017-08-09 22:00:00,3.72091,9.075085
2017-08-09 22:30:00,5.888242,8.331547
2017-08-09 23:00:00,5.9706635,8.234175
2017-08-09 23:30:00,8.351537,6.60734
2017-08-10 00:00:00,6.433039,6.429298
2017-08-10 00:30:00,5.7088547,5.903879
2017-08-10 01:00:00,9.986091,5.2346883
2017-08-10 01:30:00,6.3157525,4.531751
2017-08-10 02:00:00,4.495537,3.9562597
2017-08-10 02:30:00,8.214942,3.6075459
2017-08-10 03:00:00,6.122635,3.4068615
2017-08-10 03:30:00,5.0000396,3.3427
2017-08-10 04:00:00,9.501928,2.9591582
2017-08-10 04:30:00,6.054652,1.4898194
2017-08-10 05:00:00,5.9920692,1.9902487
2017-08-10 05:30:00,5.2894034,1.9751992
2017-08-10 06:00:00,4.187122,-1.7487613
2017-08-10 06:30:00,4.2405934,-1.6107843
2017-08-10 07:00:00,-1.2160515,-4.842654
2017-08-10 07:30:00,-9.351008,-6.1653123
2017-08-10 08:00:00,-29.12653,-7.517639
2017-08-10 08:30:00,-25.719193,-9.618085
2017-08-10 09:00:00,-23.501148,-12.7283535
2017-08-10 09:30:00,-24.052433,-14.743357
2017-08-10 10:00:00,-16.306345,-17.07361
2017-08-10 10:30:00,-31.760777,-22.272255
2017-08-10 11:00:00,-28.898344,-25.516184
2017-08-10 11:30:00,-33.291355,-26.727316
2017-08-10 12:00:00,-31.787048,-27.23118
2017-08-10 12:30:00,-27.60108,-26.795738
2017-08-10 13:00:00,-26.04372,-27.551327
2017-08-10 13:30:00,-22.526476,-26.657701
2017-08-10 14:00:00,-28.182533,-24.370735
2017-08-10 14:30:00,-21.815878,-22.35367
2017-08-10 15:00:00,-25.337408,-21.015413
2017-08-10 15:30:00,-11.958542,-17.702343
2017-08-10 16:00:00,-12.82821,-16.908054
2017-08-10 16:30:00,-20.6047,-14.620236
2017-08-10 17:00:00,-12.508091,-7.081737
2017-08-10 17:30:00,-4.553343,-4.377456
2017-08-10 18:00:00,0.7059908,-2.119051
2017-08-10 18:30:00,5.96532,1.2076861
2017-08-10 19:00:00,0.82180053,3.0254412
2017-08-10 19:30:00,24.046783,4.087895
2017-08-10 20:00:00,14.079067,6.9164295
2017-08-10 20:30:00,4.111355,8.91823
2017-08-10 21:00:00,2.2291214,10.825317
2017-08-10 21:30:00,5.143966,11.730823
2017-08-10 22:00:00,12.262477,11.810349
2017-08-10 22:30:00,6.6645045,12.43247
2017-08-10 23:00:00,3.5658753,12.949637
2017-08-10 23:30:00,5.028763,12.7367525
2017-08-11 00:00:00,4.7914047,11.250635
2017-08-11 00:30:00,17.041536,10.601309
2017-08-11 01:00:00,17.734858,10.171153
2017-08-11 01:30:00,7.62497,10.186609
2017-08-11 02:00:00,4.4899907,8.359171
2017-08-11 02:30:00,23.782465,6.7330785
2017-08-11 03:00:00,19.104853,6.6256337
2017-08-11 03:30:00,14.427239,6.4981956
2017-08-11 04:00:00,9.74963,6.450885
2017-08-11 04:30:00,5.072016,6.171366
2017-08-11 05:00:00,5.290447,5.849782
2017-08-11 05:30:00,5.5088825,6.3480296
2017-08-11 06:00:00,5.727314,5.0748982
2017-08-11 06:30:00,9.401809,4.34554
2017-08-11 07:00:00,4.988924,3.3175108
2017-08-11 07:30:00,-9.869501,1.7758867
2017-08-11 08:00:00,-10.238321,-4.231668
2017-08-11 08:30:00,-19.405231,-9.238797
2017-08-11 09:00:00,-22.585331,-16.091606
2017-08-11 09:30:00,-36.936615,-19.644564
2017-08-11 10:00:00,-41.96473,-21.558874
2017-08-11 10:30:00,-38.94491,-24.846823
2017-08-11 11:00:00,-41.577705,-28.61815
2017-08-11 11:30:00,-44.210503,-28.90729
2017-08-11 12:00:00,-40.842445,-29.325674
2017-08-11 12:30:00,-29.683563,-29.726477
2017-08-11 13:00:00,-35.454773,-28.4906
2017-08-11 13:30:00,-44.36316,-27.838161
2017-08-11 14:00:00,-14.423354,-26.867184
2017-08-11 14:30:00,-18.003109,-24.384926
2017-08-11 15:00:00,-24.343973,-22.513475
2017-08-11 15:30:00,-16.52879,-16.718615
2017-08-11 16:00:00,-12.554212,-13.744958
2017-08-11 16:30:00,-4.061693,-12.949551
2017-08-11 17:00:00,-6.1181064,-9.077285
2017-08-11 17:30:00,-3.0150006,-4.2097607
2017-08-11 18:00:00,0.08810143,-0.72804916
2017-08-11 18:30:00,3.1912034,3.5056813
2017-08-11 19:00:00,6.835195,5.3101163
2017-08-11 19:30:00,5.6149144,9.733996
2017-08-11 20:00:00,5.029185,9.961192
2017-08-11 20:30:00,6.235871,7.8420486
2017-08-11 21:00:00,8.759846,7.6610146
2017-08-11 21:30:00,7.3900647,7.5422697
2017-08-11 22:00:00,8.221081,8.311667
2017-08-11 22:30:00,9.489735,8.308212
2017-08-11 23:00:00,7.6729326,7.61382
2017-08-11 23:30:00,7.6470313,7.29834
2017-08-12 00:00:00,8.407963,7.347799
2017-08-12 00:30:00,4.840498,8.151116
2017-08-12 01:00:00,7.5663624,7.9076123
2017-08-12 01:30:00,6.9462986,7.8849773
2017-08-12 02:00:00,8.5396805,7.9986286
2017-08-12 02:30:00,7.207113,9.064112
2017-08-12 03:00:00,9.501822,7.476838
2017-08-12 03:30:00,8.3525505,6.915518
2017-08-12 04:00:00,-16.833754,6.557764
2017-08-12 04:30:00,6.908879,6.8211026
2017-08-12 05:00:00,6.5474586,6.268822
2017-08-12 05:30:00,11.727793,6.5426884
2017-08-12 06:00:00,4.9492164,2.9958396
2017-08-12 06:30:00,5.239248,3.770708
2017-08-12 07:00:00,5.375499,2.8884137
2017-08-12 07:30:00,8.291136,0.4254776
2017-08-12 08:00:00,11.206771,-4.780829
2017-08-12 08:30:00,14.122407,-9.873778
2017-08-12 09:00:00,17.038048,-15.64226
2017-08-12 09:30:00,19.953688,-21.083174
2017-08-12 10:00:00,22.86932,-25.452866
2017-08-12 10:30:00,25.784958,-27.158941
2017-08-12 11:00:00,28.700598,-28.929901
2017-08-12 11:30:00,31.616236,-30.123837
2017-08-12 12:00:00,34.531868,-29.632318
2017-08-12 12:30:00,37.44751,-28.65848
2017-08-12 13:00:00,40.363148,-27.206173
2017-08-12 13:30:00,43.27878,-27.293278
2017-08-12 14:00:00,46.19442,-24.86337
2017-08-12 14:30:00,49.11006,-19.936407
2017-08-12 15:00:00,52.025692,-19.496956
2017-08-12 15:30:00,54.941334,-16.623804
2017-08-12 16:00:00,57.85697,-14.303302
2017-08-12 16:30:00,60.772602,-8.446384
2017-08-12 17:00:00,63.688244,-6.6404276
2017-08-12 17:30:00,38.088997,-4.057428
2017-08-12 18:00:00,12.489756,-0.52804327
2017-08-12 18:30:00,-13.109491,1.4459448
2017-08-12 19:00:00,25.55211,-0.5061323
2017-08-12 19:30:00,64.213715,1.9921553
2017-08-12 20:00:00,9.463627,3.9385653
2017-08-12 20:30:00,-45.28646,5.347386
2017-08-12 21:00:00,4.7675157,6.285974
2017-08-12 21:30:00,3.9360633,7.214445
2017-08-12 22:00:00,5.3024974,6.8429084
2017-08-12 22:30:00,4.950509,8.093715
2017-08-12 23:00:00,4.649166,8.01742
2017-08-12 23:30:00,4.168214,8.107317
2017-08-13 00:00:00,6.7294497,8.591826
2017-08-13 00:30:00,5.345611,8.034097
2017-08-13 01:00:00,3.9617722,6.883697
2017-08-13 01:30:00,3.6396227,7.187101
2017-08-13 02:00:00,3.3174694,6.8526373
2017-08-13 02:30:00,4.5323467,6.6885633
2017-08-13 03:00:00,5.7472243,6.46876
2017-08-13 03:30:00,6.962102,6.5817475
2017-08-13 04:00:00,7.627189,4.948018
2017-08-13 04:30:00,6.6977797,5.7158556
2017-08-13 05:00:00,6.388362,5.7807217
2017-08-13 05:30:00,5.5938663,6.0657
2017-08-13 06:00:00,4.7993665,4.6196404
2017-08-13 06:30:00,2.1851904,3.7596076
2017-08-13 07:00:00,-3.452421,1.4466908
2017-08-13 07:30:00,-3.7274368,-0.7871843
2017-08-13 08:00:00,-7.541622,-3.16083
2017-08-13 08:30:00,-10.592073,-6.8464627
2017-08-13 09:00:00,-13.95808,-7.749688
2017-08-13 09:30:00,-23.380335,-11.025922
2017-08-13 10:00:00,-36.068123,-14.850827
2017-08-13 10:30:00,-30.831038,-17.375898
2017-08-13 11:00:00,-48.548122,-24.485659
2017-08-13 11:30:00,-31.281824,-23.960188
2017-08-13 12:00:00,-20.845575,-26.261353
2017-08-13 12:30:00,-27.607874,-26.058468
2017-08-13 13:00:00,-20.27085,-23.525341
2017-08-13 13:30:00,-8.880116,-21.20473
2017-08-13 14:00:00,-8.531685,-21.353136
2017-08-13 14:30:00,-8.183253,-21.525494
2017-08-13 15:00:00,-7.834826,-21.82149
2017-08-13 15:30:00,-7.486395,-16.477955
2017-08-13 16:00:00,-7.1379633,-15.739422
2017-08-13 16:30:00,-6.7895317,-14.824926
2017-08-13 17:00:00,-6.441104,-13.151817
2017-08-13 17:30:00,-6.0926723,-8.924345
2017-08-13 18:00:00,-5.7442408,-4.205164
2017-08-13 18:30:00,51.924625,-1.8427166
2017-08-13 19:00:00,33.57866,-1.785522
2017-08-13 19:30:00,5.6551304,0.54317516
2017-08-13 20:00:00,6.9361024,3.0333767
2017-08-13 20:30:00,7.7992177,0.0971861
2017-08-13 21:00:00,5.2088814,1.9277487
2017-08-13 21:30:00,5.6894794,4.1720986
2017-08-13 22:00:00,6.2757363,4.909852
2017-08-13 22:30:00,5.447121,5.223064
2017-08-13 23:00:00,3.391311,5.607092
2017-08-13 23:30:00,6.860965,6.0253863
2017-08-14 00:00:00,5.097337,6.589344
2017-08-14 00:30:00,4.6479945,7.7518125
2017-08-14 01:00:00,5.7237043,6.100765
2017-08-14 01:30:00,18.317888,7.5612264
2017-08-14 02:00:00,5.0738397,6.329419
2017-08-14 02:30:00,4.836244,5.3331013
2017-08-14 03:00:00,4.5986447,4.5170827
2017-08-14 03:30:00,4.361049,4.0013704
2017-08-14 04:00:00,3.1969194,3.9215791
2017-08-14 04:30:00,3.7606852,4.5652
2017-08-14 05:00:00,4.5859656,4.2148767
2017-08-14 05:30:00,2.4665136,4.2338486
2017-08-14 06:00:00,4.2364335,4.0306177
2017-08-14 06:30:00,6.0063577,2.63029
2017-08-14 07:00:00,12.87971,-0.26091412
2017-08-14 07:30:00,19.753063,-3.1331012
2017-08-14 08:00:00,40.20744,-10.406887
2017-08-14 08:30:00,-6.8909364,-15.294548
2017-08-14 09:00:00,-10.57783,-19.93735
2017-08-14 09:30:00,-18.360765,-23.314222
2017-08-14 10:00:00,-19.773903,-29.32197
2017-08-14 10:30:00,-24.236216,-29.608631
2017-08-14 11:00:00,-23.101656,-29.93086
2017-08-14 11:30:00,-23.584879,-29.499775
2017-08-14 12:00:00,-19.280972,-26.099922
2017-08-14 12:30:00,-21.598726,-25.49885
2017-08-14 13:00:00,-25.275066,-24.452251
2017-08-14 13:30:00,-17.182922,-18.188805
2017-08-14 14:00:00,-26.68527,-15.882354
2017-08-14 14:30:00,-23.585558,-13.40482
2017-08-14 15:00:00,-9.858582,-12.130175
2017-08-14 15:30:00,-1.6051624,-9.710853
2017-08-14 16:00:00,-3.6490922,-4.996634
2017-08-14 16:30:00,-3.0100982,-6.1802597
2017-08-14 17:00:00,-1.5705608,-2.0700443
2017-08-14 17:30:00,-0.5197273,-0.37717226
2017-08-14 18:00:00,0.65520555,-0.025553007
2017-08-14 18:30:00,1.304603,8.864939
2017-08-14 19:00:00,4.764535,8.098356
2017-08-14 19:30:00,4.215649,8.452915
2017-08-14 20:00:00,7.6573935,9.979157
2017-08-14 20:30:00,6.6706614,9.319078
2017-08-14 21:00:00,3.5125806,8.895151
2017-08-14 21:30:00,5.5005064,8.82048
2017-08-14 22:00:00,3.2617404,9.555234
2017-08-14 22:30:00,5.411412,9.167676
2017-08-14 23:00:00,4.5075455,8.38141
2017-08-14 23:30:00,4.8556604,7.9776144
2017-08-15 00:00:00,5.203772,8.471209
2017-08-15 00:30:00,4.665414,8.144985
2017-08-15 01:00:00,3.8409212,7.7383075
2017-08-15 01:30:00,3.1276221,8.594272
2017-08-15 02:00:00,7.295714,7.2784224
2017-08-15 02:30:00,3.5481055,6.1303177
2017-08-15 03:00:00,8.657548,4.91457
2017-08-15 03:30:00,11.349689,4.322691
2017-08-15 04:00:00,6.215516,5.993976
2017-08-15 04:30:00,6.3661194,5.7643423
2017-08-15 05:00:00,2.4821923,6.5953465
2017-08-15 05:30:00,4.58566,5.4718204
2017-08-15 06:00:00,5.663288,4.062608
2017-08-15 06:30:00,1.9352319,-0.49226984
2017-08-15 07:00:00,-0.22189264,-4.974373
2017-08-15 07:30:00,-1.760913,-7.3301806
2017-08-15 08:00:00,-3.2999372,-15.490285
2017-08-15 08:30:00,-3.2208316,-15.658704
2017-08-15 09:00:00,-17.893076,-18.066639
2017-08-15 09:30:00,-15.124848,-21.754084
2017-08-15 10:00:00,-14.302409,-29.619236
2017-08-15 10:30:00,20.91022,-34.606956
2017-08-15 11:00:00,-19.528387,-34.011047
2017-08-15 11:30:00,-20.42463,-34.68432
2017-08-15 12:00:00,-31.103949,-34.034386
2017-08-15 12:30:00,-27.738495,-35.710796
2017-08-15 13:00:00,-34.961613,-37.22035
2017-08-15 13:30:00,-27.66493,-35.376255
2017-08-15 14:00:00,-41.356316,-28.118912
2017-08-15 14:30:00,-48.95068,-27.699118
2017-08-15 15:00:00,-42.370804,-22.090178
2017-08-15 15:30:00,-23.735926,-16.95006
2017-08-15 16:00:00,-29.75303,-9.6051035
2017-08-15 16:30:00,-19.09595,-7.2264323
2017-08-15 17:00:00,-21.281168,-3.5420694
2017-08-15 17:30:00,-5.866558,-0.32675254
2017-08-15 18:00:00,7.705722,2.4840312
2017-08-15 18:30:00,4.2932816,7.742302
2017-08-15 19:00:00,7.0364633,8.120867
2017-08-15 19:30:00,4.0755095,4.770406
2017-08-15 20:00:00,7.0698404,5.2684236
2017-08-15 20:30:00,8.363462,8.884856
2017-08-15 21:00:00,10.0991955,9.512286
2017-08-15 21:30:00,3.6345246,9.712586
2017-08-15 22:00:00,5.1887264,9.760953
2017-08-15 22:30:00,4.314684,10.282505
2017-08-15 23:00:00,17.945738,9.529966
2017-08-15 23:30:00,-0.3688977,9.39492
2017-08-16 00:00:00,2.944478,8.057172
2017-08-16 00:30:00,13.321494,8.305424
2017-08-16 01:00:00,12.151769,8.22359
2017-08-16 01:30:00,10.982047,7.7250295
2017-08-16 02:00:00,18.169813,7.486936
2017-08-16 02:30:00,17.090754,7.001127
2017-08-16 03:00:00,16.011686,6.1929307
2017-08-16 03:30:00,14.932627,5.524245
2017-08-16 04:00:00,-19.585629,4.6868424
2017-08-16 04:30:00,9.967639,4.834594
2017-08-16 05:00:00,11.362876,4.6779084
2017-08-16 05:30:00,13.548419,4.6034565
2017-08-16 06:00:00,18.926203,4.6591854
2017-08-16 06:30:00,3.0273778,5.0586433
2017-08-16 07:00:00,4.99129,3.8339427
2017-08-16 07:30:00,12.833956,2.636319
2017-08-16 08:00:00,20.676624,-0.0040376787
2017-08-16 08:30:00,28.519289,-3.4049292
2017-08-16 09:00:00,0.9676413,-14.939444
2017-08-16 09:30:00,11.170105,-19.332727
2017-08-16 10:00:00,21.372568,-20.214407
2017-08-16 10:30:00,31.575031,-15.905222
2017-08-16 11:00:00,-34.40528,-16.446198
2017-08-16 11:30:00,-24.576836,-18.220745
2017-08-16 12:00:00,-22.11799,-21.83567
2017-08-16 12:30:00,-23.145285,-21.373552
2017-08-16 13:00:00,-39.16657,-20.400938
2017-08-16 13:30:00,-40.3466,-19.37852
2017-08-16 14:00:00,-28.067673,-20.653677
2017-08-16 14:30:00,-23.882467,-22.153217
2017-08-16 15:00:00,-19.664652,-22.366467
2017-08-16 15:30:00,-26.95933,-19.947115
2017-08-16 16:00:00,-26.544937,-18.743565
2017-08-16 16:30:00,-13.077561,-14.940875
2017-08-16 17:00:00,-12.804512,-11.150534
2017-08-16 17:30:00,-2.3709197,-4.1550946
2017-08-16 18:00:00,-1.9277831,5.417919
2017-08-16 18:30:00,1.9077556,5.715452
2017-08-16 19:00:00,1.1213422,3.502422
2017-08-16 19:30:00,3.0062582,5.030436
2017-08-16 20:00:00,4.8911705,6.692316
2017-08-16 20:30:00,6.7760863,8.281866
2017-08-16 21:00:00,2.780468,9.397905
2017-08-16 21:30:00,3.393274,9.332801
2017-08-16 22:00:00,4.0060763,10.704002
2017-08-16 22:30:00,7.620682,9.995082
2017-08-16 23:00:00,7.5981,11.082626
2017-08-16 23:30:00,2.2084088,8.30987
2017-08-17 00:00:00,3.5871344,7.3597207
2017-08-17 00:30:00,6.9372177,8.314128
2017-08-17 01:00:00,0.72679776,7.961005
2017-08-17 01:30:00,5.4196296,7.42178
2017-08-17 02:00:00,5.7820144,7.3285403
2017-08-17 02:30:00,5.9982905,7.54184
2017-08-17 03:00:00,4.3351254,7.031716
2017-08-17 03:30:00,5.460328,7.782642
2017-08-17 04:00:00,7.366258,6.927624
2017-08-17 04:30:00,2.7948503,8.254834
2017-08-17 05:00:00,3.5401511,8.063329
2017-08-17 05:30:00,6.839155,8.034104
2017-08-17 06:00:00,8.292786,7.448088
2017-08-17 06:30:00,6.294154,7.0171638
2017-08-17 07:00:00,25.375309,6.4028277
2017-08-17 07:30:00,1.8068144,5.5187397
2017-08-17 08:00:00,-21.761675,1.1168506
2017-08-17 08:30:00,-11.473855,-1.2341605
2017-08-17 09:00:00,-22.42563,-4.5680118
2017-08-17 09:30:00,-30.714188,-6.8322196
2017-08-17 10:00:00,-34.468807,-9.734773
2017-08-17 10:30:00,-27.764858,-14.239513
2017-08-17 11:00:00,-42.710434,-21.144566
2017-08-17 11:30:00,-38.933422,-24.497702
2017-08-17 12:00:00,-38.4218,-28.180605
2017-08-17 12:30:00,-37.91017,-30.55751
2017-08-17 13:00:00,-43.388863,-28.668085
2017-08-17 13:30:00,-31.16733,-28.533356
2017-08-17 14:00:00,-45.644268,-27.060188
2017-08-17 14:30:00,-28.278723,-23.79754
2017-08-17 15:00:00,-49.768284,-20.65879
2017-08-17 15:30:00,-31.793839,-20.905441
2017-08-17 16:00:00,-17.017662,-20.331362
2017-08-17 16:30:00,-7.8624043,-17.322395
2017-08-17 17:00:00,-12.9666,-14.1415825
2017-08-17 17:30:00,-1.4815718,-9.497135
2017-08-17 18:00:00,1.8892208,-4.490945
2017-08-17 18:30:00,5.260013,-1.4530253
2017-08-17 19:00:00,6.058767,1.8951328
2017-08-17 19:30:00,6.184445,4.4266953
2017-08-17 20:00:00,6.9930897,6.1010513
2017-08-17 20:30:00,8.075198,7.241903
2017-08-17 21:00:00,8.913253,8.206932
2017-08-17 21:30:00,12.46795,8.368579
2017-08-17 22:00:00,5.96737,9.8887
2017-08-17 22:30:00,5.200196,11.035248
2017-08-17 23:00:00,8.429203,10.29133
2017-08-17 23:30:00,5.9790473,9.164891
2017-08-18 00:00:00,6.3690434,8.645943
2017-08-18 00:30:00,11.316357,8.080044
2017-08-18 01:00:00,9.3702965,7.7505426
2017-08-18 01:30:00,5.9279265,8.465108
2017-08-18 02:00:00,6.644828,8.030464
2017-08-18 02:30:00,6.751643,7.5736456
2017-08-18 03:00:00,8.963654,7.114815
2017-08-18 03:30:00,9.010659,6.8700604
2017-08-18 04:00:00,4.7470965,6.8374295
2017-08-18 04:30:00,6.96379,6.7406673
2017-08-18 05:00:00,8.281267,6.508294
2017-08-18 05:30:00,6.618723,6.6167974
2017-08-18 06:00:00,4.9561834,5.938451
2017-08-18 06:30:00,3.2936404,5.2282147
2017-08-18 07:00:00,5.790707,5.5387554
2017-08-18 07:30:00,0.73544157,4.345367
2017-08-18 08:00:00,-16.14926,-1.3692361
2017-08-18 08:30:00,-17.118694,-6.5359373
2017-08-18 09:00:00,-20.063738,-11.292803
2017-08-18 09:30:00,-38.250877,-16.17445
2017-08-18 10:00:00,-31.472822,-21.384817
2017-08-18 10:30:00,-37.532013,-28.163824
2017-08-18 11:00:00,-41.684093,-29.874174
2017-08-18 11:30:00,-45.836178,-34.871674
2017-08-18 12:00:00,-47.206795,-33.560547
2017-08-18 12:30:00,-35.195965,-30.440296
2017-08-18 13:00:00,-21.719717,-30.773561
2017-08-18 13:30:00,-39.29165,-30.899076
2017-08-18 14:00:00,-38.59183,-30.557062
2017-08-18 14:30:00,-22.241604,-29.250122
2017-08-18 15:00:00,-27.235275,-28.518972
2017-08-18 15:30:00,-27.150106,-26.276812
2017-08-18 16:00:00,-18.390797,-21.34247
2017-08-18 16:30:00,-17.03745,-17.41128
2017-08-18 17:00:00,-12.200618,-12.090041
2017-08-18 17:30:00,-3.6894438,-6.615657
2017-08-18 18:00:00,4.096697,-2.3583722
2017-08-18 18:30:00,3.4920714,2.2450602
2017-08-18 19:00:00,4.7657976,4.3238554
2017-08-18 19:30:00,4.149031,6.6734157
2017-08-18 20:00:00,6.1729712,8.490572
2017-08-18 20:30:00,6.040522,9.814081
2017-08-18 21:00:00,5.908073,10.381031
2017-08-18 21:30:00,5.775624,11.183375
2017-08-18 22:00:00,5.6431746,10.791812
2017-08-18 22:30:00,5.510725,11.156691
2017-08-18 23:00:00,5.378272,10.554774
2017-08-18 23:30:00,5.245823,10.494598
2017-08-19 00:00:00,5.1133738,11.031849
2017-08-19 00:30:00,4.980924,10.840366
2017-08-19 01:00:00,4.848475,10.759196
2017-08-19 01:30:00,4.716026,9.864211
2017-08-19 02:00:00,4.5835767,9.136224
2017-08-19 02:30:00,4.451123,8.801689
2017-08-19 03:00:00,4.318674,9.298595
2017-08-19 03:30:00,5.143103,9.433953
2017-08-19 04:00:00,5.967536,11.267297
2017-08-19 04:30:00,8.637272,11.202126
2017-08-19 05:00:00,6.175357,11.045233
2017-08-19 05:30:00,5.9242415,10.522286
2017-08-19 06:00:00,4.344308,9.667219
2017-08-19 06:30:00,-0.5552295,9.41251
2017-08-19 07:00:00,-5.4547634,8.984404
2017-08-19 07:30:00,-10.3543005,7.220169
2017-08-19 08:00:00,-15.253835,3.335635
2017-08-19 08:30:00,-10.108295,-2.597622
2017-08-19 09:00:00,-10.695712,-7.6616635
2017-08-19 09:30:00,-11.669174,-16.71098
2017-08-19 10:00:00,-18.176155,-24.264677
2017-08-19 10:30:00,-24.892761,-29.733082
2017-08-19 11:00:00,-35.52216,-30.663143
2017-08-19 11:30:00,-24.34823,-32.196037
2017-08-19 12:00:00,-36.316803,-35.892242
2017-08-19 12:30:00,-29.716898,-35.47296
2017-08-19 13:00:00,-30.79454,-31.68512
2017-08-19 13:30:00,-21.356146,-30.875854
2017-08-19 14:00:00,-31.48761,-29.746887
2017-08-19 14:30:00,-13.589671,-27.878742
2017-08-19 15:00:00,-6.876392,-26.355145
2017-08-19 15:30:00,-3.3073225,-23.444878
2017-08-19 16:00:00,0.26174632,-19.437435
2017-08-19 16:30:00,3.8308153,-14.69071
2017-08-19 17:00:00,5.5742426,-10.679303
2017-08-19 17:30:00,7.31767,-6.339948
2017-08-19 18:00:00,9.061098,-1.4867641
2017-08-19 18:30:00,30.424665,1.4783647
2017-08-19 19:00:00,31.85179,2.1975908
2017-08-19 19:30:00,33.278915,3.8407025
2017-08-19 20:00:00,34.70604,6.058454
2017-08-19 20:30:00,36.133167,7.273015
2017-08-19 21:00:00,37.56029,8.779688
2017-08-19 21:30:00,38.98741,9.0950775
2017-08-19 22:00:00,40.414536,10.295143
2017-08-19 22:30:00,41.841663,10.527712
2017-08-19 23:00:00,43.268787,10.366697
2017-08-19 23:30:00,44.695915,10.445027
2017-08-20 00:00:00,46.12304,9.436915
2017-08-20 00:30:00,47.550163,8.735994
2017-08-20 01:00:00,33.9962,8.42889
2017-08-20 01:30:00,20.44224,8.559293
2017-08-20 02:00:00,6.888279,7.9281707
2017-08-20 02:30:00,7.343801,7.849483
2017-08-20 03:00:00,31.230854,7.821415
2017-08-20 03:30:00,55.1179,7.768437
2017-08-20 04:00:00,3.0975382,7.7905626
2017-08-20 04:30:00,5.9403834,7.896794
2017-08-20 05:00:00,8.78323,7.6673975
2017-08-20 05:30:00,11.626072,6.829061
2017-08-20 06:00:00,4.207714,7.0438
2017-08-20 06:30:00,2.1993845,6.8364124
2017-08-20 07:00:00,1.1389915,3.2706594
2017-08-20 07:30:00,-6.058056,-1.5966618
2017-08-20 08:00:00,-10.228396,-5.6266527
2017-08-20 08:30:00,-23.404455,-10.71274
2017-08-20 09:00:00,-19.289513,-15.061545
2017-08-20 09:30:00,-12.16256,-19.34213
2017-08-20 10:00:00,-4.0925155,-24.42962
2017-08-20 10:30:00,-16.873667,-30.435835
2017-08-20 11:00:00,-2.2202032,-33.006664
2017-08-20 11:30:00,-7.042957,-34.41022
2017-08-20 12:00:00,-6.4811277,-35.52338
2017-08-20 12:30:00,-14.793625,-34.98009
2017-08-20 13:00:00,-15.142377,-32.537804
2017-08-20 13:30:00,-15.491125,-30.179712
2017-08-20 14:00:00,-15.839877,-28.834808
2017-08-20 14:30:00,-16.188625,-25.623327
2017-08-20 15:00:00,-16.537373,-18.916754
2017-08-20 15:30:00,-28.060793,-13.909541
2017-08-20 16:00:00,-19.201433,-9.296075
2017-08-20 16:30:00,-15.435498,-5.646005
2017-08-20 17:00:00,-5.433836,-1.3552756
2017-08-20 17:30:00,-9.549021,0.7850097
2017-08-20 18:00:00,-0.56982297,4.4318805
2017-08-20 18:30:00,2.458077,3.8722634
2017-08-20 19:00:00,7.2932796,8.307473
2017-08-20 19:30:00,1.2501025,9.898884
2017-08-20 20:00:00,-32.57742,11.347231
2017-08-20 20:30:00,0.93303216,10.448788
2017-08-20 21:00:00,4.7136145,10.526688
2017-08-20 21:30:00,8.494197,9.908945
2017-08-20 22:00:00,7.069701,10.199601
2017-08-20 22:30:00,5.6452055,10.796665
2017-08-20 23:00:00,12.677602,10.212985
2017-08-20 23:30:00,-5.1602182,8.66687
2017-08-21 00:00:00,-1.8431989,6.7748055
2017-08-21 00:30:00,-9.398116,4.0337977
2017-08-21 01:00:00,-1.1531371,3.0338552
2017-08-21 01:30:00,7.0918455,3.8242514
2017-08-21 02:00:00,8.261082,3.885832
2017-08-21 02:30:00,5.4340763,4.1745405
2017-08-21 03:00:00,2.6070678,3.0627747
2017-08-21 03:30:00,5.7750735,0.6241986
2017-08-21 04:00:00,7.159621,1.3332813
2017-08-21 04:30:00,11.192844,2.427918
2017-08-21 05:00:00,15.226072,2.8549953
2017-08-21 05:30:00,10.833644,3.8707712
2017-08-21 06:00:00,2.1062355,3.1907625
2017-08-21 06:30:00,-4.2646947,2.6058621
2017-08-21 07:00:00,-0.9255908,1.055888
2017-08-21 07:30:00,-15.282574,-2.9238524
2017-08-21 08:00:00,-13.166795,-7.231726
2017-08-21 08:30:00,-10.56529,-16.214703
2017-08-21 09:00:00,-26.967999,-21.746912
2017-08-21 09:30:00,-22.990715,-24.211586
2017-08-21 10:00:00,-14.059146,-27.890417
2017-08-21 10:30:00,-31.339506,-33.39613
2017-08-21 11:00:00,-37.29242,-37.5241
2017-08-21 11:30:00,-36.686657,-39.06627
2017-08-21 12:00:00,-20.460997,-34.976524
2017-08-21 12:30:00,-24.73124,-35.925907
2017-08-21 13:00:00,-21.965672,-32.68162
2017-08-21 13:30:00,-17.410688,-29.219864
2017-08-21 14:00:00,-17.988419,-26.866652
2017-08-21 14:30:00,-18.303997,-23.711416
2017-08-21 15:00:00,-15.68034,-22.495815
2017-08-21 15:30:00,-15.280357,-20.476864
2017-08-21 16:00:00,-12.70191,-18.090878
2017-08-21 16:30:00,-9.192657,-14.969535
2017-08-21 17:00:00,-8.7888365,-9.400701
2017-08-21 17:30:00,-5.661861,-5.1501503
2017-08-21 18:00:00,-1.9071344,-2.0714383
2017-08-21 18:30:00,3.0477552,1.3023685
2017-08-21 19:00:00,6.647492,4.6639066
2017-08-21 19:30:00,3.648666,5.9052696
2017-08-21 20:00:00,2.9025438,0.256765
2017-08-21 20:30:00,3.8117719,3.1437454
2017-08-21 21:00:00,1.8553501,6.120076
2017-08-21 21:30:00,6.470358,6.986213
2017-08-21 22:00:00,3.8968308,8.450552
2017-08-21 22:30:00,4.95439,8.331004
2017-08-21 23:00:00,6.380317,8.538852
2017-08-21 23:30:00,5.230314,7.4944873
2017-08-22 00:00:00,5.1136675,6.4395356
2017-08-22 00:30:00,6.0183134,5.523849
2017-08-22 01:00:00,1.5721618,5.1482086
2017-08-22 01:30:00,4.0830193,5.4955363
2017-08-22 02:00:00,3.5179424,6.3546686
2017-08-22 02:30:00,6.3941045,5.6499944
2017-08-22 03:00:00,3.9680007,4.8049736
2017-08-22 03:30:00,3.3404164,3.6380289
2017-08-22 04:00:00,5.5196853,3.0309312
2017-08-22 04:30:00,6.8397884,2.1754386
2017-08-22 05:00:00,7.160683,2.5219636
2017-08-22 05:30:00,6.2840977,1.6581439
2017-08-22 06:00:00,6.58931,0.56914425
2017-08-22 06:30:00,3.6191173,-1.0534807
2017-08-22 07:00:00,1.1269866,-4.0895085
2017-08-22 07:30:00,-15.316779,-11.259953
2017-08-22 08:00:00,-19.917128,-14.8525
2017-08-22 08:30:00,-24.517477,-17.056955
2017-08-22 09:00:00,-21.783775,-24.273542
2017-08-22 09:30:00,-24.42785,-25.681358
2017-08-22 10:00:00,-40.46926,-29.968338
2017-08-22 10:30:00,-30.840977,-33.88926
2017-08-22 11:00:00,-38.754974,-33.880997
2017-08-22 11:30:00,-41.07857,-32.857365
2017-08-22 12:00:00,-38.10393,-30.7816
2017-08-22 12:30:00,-38.492065,-27.645967
2017-08-22 13:00:00,-48.79762,-25.272635
2017-08-22 13:30:00,-33.227394,-21.249792
2017-08-22 14:00:00,-21.677011,-17.56594
2017-08-22 14:30:00,-16.923048,-18.75049
2017-08-22 15:00:00,-14.530215,-15.273153
2017-08-22 15:30:00,-12.68013,-14.087184
2017-08-22 16:00:00,-18.89008,-12.181238
2017-08-22 16:30:00,-15.007667,-10.17327
2017-08-22 17:00:00,-11.125258,-3.2875254
2017-08-22 17:30:00,-3.170766,-1.8749067
2017-08-22 18:00:00,3.555596,4.676699
2017-08-22 18:30:00,5.6903725,3.2147272
2017-08-22 19:00:00,4.7354236,14.585797
2017-08-22 19:30:00,7.0879455,13.236029
2017-08-22 20:00:00,7.5171895,13.548095
2017-08-22 20:30:00,8.389002,13.228892
2017-08-22 21:00:00,8.733417,12.95174
2017-08-22 21:30:00,8.594807,15.810739
2017-08-22 22:00:00,10.56564,16.380108
2017-08-22 22:30:00,8.865199,15.00651
2017-08-22 23:00:00,5.3663125,16.693485
2017-08-22 23:30:00,7.5934315,17.268732
2017-08-23 00:00:00,6.758249,13.031079
2017-08-23 00:30:00,6.6648965,13.480105
2017-08-23 01:00:00,5.9400673,12.71532
2017-08-23 01:30:00,5.3348155,12.34182
2017-08-23 02:00:00,6.801441,12.011154
2017-08-23 02:30:00,6.9148884,11.42862
2017-08-23 03:00:00,7.462425,10.328279
2017-08-23 03:30:00,9.118149,8.187771
2017-08-23 04:00:00,9.180879,8.362659
2017-08-23 04:30:00,6.17758,8.477354
2017-08-23 05:00:00,7.968579,7.802748
2017-08-23 05:30:00,7.2907023,7.477633
2017-08-23 06:00:00,5.8787503,7.0657635
2017-08-23 06:30:00,3.1796243,5.8789425
2017-08-23 07:00:00,-4.2419963,3.8023517
2017-08-23 07:30:00,-12.658739,-1.8765872
2017-08-23 08:00:00,-16.961435,-7.275759
2017-08-23 08:30:00,-19.65874,-10.041703
2017-08-23 09:00:00,-29.613487,-11.612608
2017-08-23 09:30:00,-29.388186,-13.579765
2017-08-23 10:00:00,-37.5358,-17.737095
2017-08-23 10:30:00,-37.891994,-18.164675
2017-08-23 11:00:00,-38.359005,-20.642159
2017-08-23 11:30:00,-38.82602,-22.770327
2017-08-23 12:00:00,-35.408596,-23.98657
2017-08-23 12:30:00,-40.230003,-24.52263
2017-08-23 13:00:00,-30.923494,-24.845259
2017-08-23 13:30:00,-30.64787,-23.81105
2017-08-23 14:00:00,-40.124386,-22.402334
2017-08-23 14:30:00,-34.401493,-18.548895
2017-08-23 15:00:00,-24.122631,-14.783817
2017-08-23 15:30:00,-22.839125,-11.689747
2017-08-23 16:00:00,-18.056253,-9.965242
2017-08-23 16:30:00,-16.12287,-7.204024
2017-08-23 17:00:00,-6.301959,-3.6658976
2017-08-23 17:30:00,-5.6713824,0.10064136
2017-08-23 18:00:00,-2.727735,2.7469854
2017-08-23 18:30:00,3.7935686,3.883349
2017-08-23 19:00:00,5.5065203,5.099549
2017-08-23 19:30:00,5.593655,6.120076
2017-08-23 20:00:00,12.350053,9.602202
2017-08-23 20:30:00,8.732712,10.276114
2017-08-23 21:00:00,8.8678255,11.133706
2017-08-23 21:30:00,8.916542,11.130307
2017-08-23 22:00:00,7.303046,11.736369
2017-08-23 22:30:00,7.775159,10.852439
2017-08-23 23:00:00,5.150688,9.384257
2017-08-23 23:30:00,6.099985,8.519417
2017-08-24 00:00:00,6.8423467,8.510931
2017-08-24 00:30:00,7.3569098,9.125524
2017-08-24 01:00:00,6.667862,8.942827
2017-08-24 01:30:00,6.3003564,8.723069
2017-08-24 02:00:00,1.4630026,7.9160604
2017-08-24 02:30:00,4.933206,7.1551404
2017-08-24 03:00:00,5.4881134,6.815522
2017-08-24 03:30:00,5.584642,6.479386
2017-08-24 04:00:00,6.568778,6.0588613
2017-08-24 04:30:00,4.4645224,5.735174
2017-08-24 05:00:00,2.7136536,5.0151377
2017-08-24 05:30:00,1.8988744,4.763661
2017-08-24 06:00:00,14.301373,4.248533
2017-08-24 06:30:00,8.2670355,3.0329735
2017-08-24 07:00:00,7.03392,0.42857492
2017-08-24 07:30:00,-3.484743,-2.6525106
2017-08-24 08:00:00,-18.174524,-8.1454525
2017-08-24 08:30:00,-29.991133,-13.955119
2017-08-24 09:00:00,-30.046064,-19.821972
2017-08-24 09:30:00,-33.416603,-21.544807
2017-08-24 10:00:00,-27.972721,-25.437006
2017-08-24 10:30:00,-35.53096,-29.798506
2017-08-24 11:00:00,-22.03987,-30.957481
2017-08-24 11:30:00,-29.579172,-29.830116
2017-08-24 12:00:00,-28.845215,-30.213522
2017-08-24 12:30:00,-37.233795,-29.945244
2017-08-24 13:00:00,-27.52202,-28.20904
2017-08-24 13:30:00,-27.337406,-27.810907
2017-08-24 14:00:00,-35.112957,-26.606924
2017-08-24 14:30:00,-26.477448,-25.51586
2017-08-24 15:00:00,-45.321007,-22.570833
2017-08-24 15:30:00,-22.215038,-19.937515
2017-08-24 16:00:00,-7.2155013,-16.733467
2017-08-24 16:30:00,-19.32804,-13.186559
2017-08-24 17:00:00,-13.488493,-7.537685
2017-08-24 17:30:00,-7.648947,-3.2965648
2017-08-24 18:00:00,-1.8093998,0.23324135
2017-08-24 18:30:00,4.0301466,2.7789004
2017-08-24 19:00:00,1.2680571,3.19883
2017-08-24 19:30:00,22.268917,3.9382713
2017-08-24 20:00:00,8.727617,5.958357
2017-08-24 20:30:00,10.9949,7.041245
2017-08-24 21:00:00,13.262186,8.160076
2017-08-24 21:30:00,15.529465,8.5775795
2017-08-24 22:00:00,17.98326,9.889731
2017-08-24 22:30:00,20.437046,9.907249
2017-08-24 23:00:00,10.711459,8.827609
2017-08-24 23:30:00,11.566564,8.793799
2017-08-25 00:00:00,7.8141127,7.784997
2017-08-25 00:30:00,12.501353,7.9056983
2017-08-25 01:00:00,8.181075,7.694
2017-08-25 01:30:00,7.7670197,7.5262704
2017-08-25 02:00:00,7.352965,6.59951
2017-08-25 02:30:00,12.830462,6.3536625
2017-08-25 03:00:00,20.499641,6.418936
2017-08-25 03:30:00,11.89221,6.3283567
2017-08-25 04:00:00,10.219764,6.3869267
2017-08-25 04:30:00,12.3088875,5.790375
2017-08-25 05:00:00,7.014624,5.87372
2017-08-25 05:30:00,11.675252,6.1306267
2017-08-25 06:00:00,16.335878,6.327151
2017-08-25 06:30:00,13.61809,4.0112233
2017-08-25 07:00:00,4.9873714,1.1157693
2017-08-25 07:30:00,-3.6433384,-1.5402735
2017-08-25 08:00:00,-12.039889,-9.277129
2017-08-25 08:30:00,-25.988808,-17.024557
2017-08-25 09:00:00,-12.739578,-22.809216
2017-08-25 09:30:00,-24.904049,-27.54451
2017-08-25 10:00:00,-27.289642,-32.19
2017-08-25 10:30:00,-34.053715,-34.185764
2017-08-25 11:00:00,-31.049973,-31.54722
2017-08-25 11:30:00,-41.094112,-32.37365
2017-08-25 12:00:00,-44.749943,-32.942303
2017-08-25 12:30:00,-11.544031,-33.585964
2017-08-25 13:00:00,-13.776022,-30.363663
2017-08-25 13:30:00,-16.008009,-28.370113
2017-08-25 14:00:00,-18.24,-28.836235
2017-08-25 14:30:00,-30.089634,-27.5022
2017-08-25 15:00:00,-41.939266,-27.071386
2017-08-25 15:30:00,-23.086975,-25.10819
2017-08-25 16:00:00,-15.003198,-19.007076
2017-08-25 16:30:00,-12.150849,-14.508203
2017-08-25 17:00:00,-4.827251,-8.924485
2017-08-25 17:30:00,2.4963486,-4.874863
2017-08-25 18:00:00,2.192018,-2.1678843
2017-08-25 18:30:00,1.4713185,1.0405974
2017-08-25 19:00:00,5.9500823,2.9053924
2017-08-25 19:30:00,2.8869028,6.10676
2017-08-25 20:00:00,6.645465,7.6945987
2017-08-25 20:30:00,11.367232,8.795608
2017-08-25 21:00:00,6.0224247,10.054842
2017-08-25 21:30:00,7.9081736,10.059191
2017-08-25 22:00:00,7.448152,10.372448
2017-08-25 22:30:00,4.941157,10.734297
2017-08-25 23:00:00,8.271074,10.22285
2017-08-25 23:30:00,4.7065,8.446837
2017-08-26 00:00:00,13.901798,7.6253276
2017-08-26 00:30:00,6.146388,7.3440156
2017-08-26 01:00:00,10.698346,6.6256075
2017-08-26 01:30:00,21.687761,6.0534654
2017-08-26 02:00:00,6.562565,5.785684
2017-08-26 02:30:00,4.9386625,5.3755064
2017-08-26 03:00:00,8.976148,4.633341
2017-08-26 03:30:00,6.8035893,4.768691
2017-08-26 04:00:00,7.946547,4.84508
2017-08-26 04:30:00,7.409225,4.9904613
2017-08-26 05:00:00,5.5374103,4.9492955
2017-08-26 05:30:00,5.2418704,4.905911
2017-08-26 06:00:00,6.884801,4.3718257
2017-08-26 06:30:00,5.195132,1.9356126
2017-08-26 07:00:00,-0.11579304,-1.4632517
2017-08-26 07:30:00,-8.0643015,-4.776492
2017-08-26 08:00:00,-7.005465,-8.70487
2017-08-26 08:30:00,-9.26457,-17.271803
2017-08-26 09:00:00,-19.61324,-21.300606
2017-08-26 09:30:00,-15.973441,-26.090786
2017-08-26 10:00:00,-18.234243,-26.70929
2017-08-26 10:30:00,-23.9261,-32.660015
2017-08-26 11:00:00,-25.81378,-35.483772
2017-08-26 11:30:00,-37.49945,-36.83903
2017-08-26 12:00:00,-28.117846,-37.440025
2017-08-26 12:30:00,-26.389957,-33.3584
2017-08-26 13:00:00,-25.324875,-27.870884
2017-08-26 13:30:00,-28.219707,-25.615599
2017-08-26 14:00:00,-18.174374,-24.174158
2017-08-26 14:30:00,-14.11405,-24.713526
2017-08-26 15:00:00,-11.794735,-24.899187
2017-08-26 15:30:00,-10.0867605,-23.519869
2017-08-26 16:00:00,-4.848623,-20.077518
2017-08-26 16:30:00,-13.697624,-14.857497
2017-08-26 17:00:00,-7.2140846,-7.895747
2017-08-26 17:30:00,-3.4334228,-1.8294041
2017-08-26 18:00:00,-0.54352605,0.943104
2017-08-26 18:30:00,1.8297051,3.8282077
2017-08-26 19:00:00,4.625703,7.9405336
2017-08-26 19:30:00,4.529061,8.865968
2017-08-26 20:00:00,6.9769664,10.002029
2017-08-26 20:30:00,8.027077,11.595912
2017-08-26 21:00:00,5.8861885,10.959308
2017-08-26 21:30:00,4.7421684,11.12005
2017-08-26 22:00:00,2.3610547,12.0435295
2017-08-26 22:30:00,3.9532225,11.798097
2017-08-26 23:00:00,2.529541,11.823899
2017-08-26 23:30:00,3.0827074,11.154279
2017-08-27 00:00:00,3.6358697,11.197838
2017-08-27 00:30:00,5.24386,10.792814
2017-08-27 01:00:00,14.769864,10.13764
2017-08-27 01:30:00,2.508071,10.261367
2017-08-27 02:00:00,9.946968,8.929036
2017-08-27 02:30:00,9.046745,9.225217
2017-08-27 03:00:00,8.146519,9.150441
2017-08-27 03:30:00,7.5199027,9.10969
2017-08-27 04:00:00,2.7618916,9.202643
2017-08-27 04:30:00,6.5376544,8.893934
2017-08-27 05:00:00,2.2142491,9.170287
2017-08-27 05:30:00,4.6087317,9.4017105
2017-08-27 06:00:00,7.0032144,8.410551
2017-08-27 06:30:00,16.76819,7.5054636
2017-08-27 07:00:00,4.665101,4.147603
2017-08-27 07:30:00,-1.1187502,-1.6662117
2017-08-27 08:00:00,-12.745928,-5.9467487
2017-08-27 08:30:00,-15.523997,-12.085942
2017-08-27 09:00:00,-19.823631,-19.90835
2017-08-27 09:30:00,-27.96184,-22.922026
2017-08-27 10:00:00,-29.562716,-26.782864
2017-08-27 10:30:00,-26.652128,-27.540564
2017-08-27 11:00:00,-24.91763,-30.337978
2017-08-27 11:30:00,-32.881027,-31.137512
2017-08-27 12:00:00,-36.759693,-31.577948
2017-08-27 12:30:00,-30.40488,-31.099535
2017-08-27 13:00:00,-33.69525,-31.345263
2017-08-27 13:30:00,-31.747747,-31.076977
2017-08-27 14:00:00,-22.78201,-28.358294
2017-08-27 14:30:00,-16.34271,-25.346321
2017-08-27 15:00:00,-20.561365,-20.447424
2017-08-27 15:30:00,-20.648981,-17.660074
2017-08-27 16:00:00,-13.654541,-14.421154
2017-08-27 16:30:00,-13.27387,-10.830849
2017-08-27 17:00:00,-8.948943,-5.2878633
2017-08-27 17:30:00,-2.342087,-0.322977
2017-08-27 18:00:00,3.207549,1.7746772
2017-08-27 18:30:00,5.5794234,5.355223
2017-08-27 19:00:00,3.9270692,8.543166
2017-08-27 19:30:00,4.5049305,9.291504
2017-08-27 20:00:00,8.092234,10.9174595
2017-08-27 20:30:00,7.6054816,11.760408
2017-08-27 21:00:00,7.8106947,12.405152
2017-08-27 21:30:00,9.811105,13.110675
2017-08-27 22:00:00,8.216638,12.385589
2017-08-27 22:30:00,8.207659,12.205817
2017-08-27 23:00:00,10.21895,11.532218
2017-08-27 23:30:00,9.459245,11.254131
2017-08-28 00:00:00,7.8753276,11.919924
2017-08-28 00:30:00,6.2633924,11.201289
2017-08-28 01:00:00,5.5116634,11.320177
2017-08-28 01:30:00,4.8307767,11.612642
2017-08-28 02:00:00,5.7584414,11.413684
2017-08-28 02:30:00,2.2174747,11.338716
2017-08-28 03:00:00,4.39059,10.718396
2017-08-28 03:30:00,1.5723652,10.441372
2017-08-28 04:00:00,3.0764222,10.157717
2017-08-28 04:30:00,8.379887,9.409435
2017-08-28 05:00:00,4.579869,9.630949
2017-08-28 05:30:00,6.4363136,9.943407
2017-08-28 06:00:00,5.8453546,10.4176035
2017-08-28 06:30:00,7.0523005,9.362806
2017-08-28 07:00:00,13.6107645,6.916249
2017-08-28 07:30:00,-6.322035,3.3491282
2017-08-28 08:00:00,-15.602647,-3.4660237
2017-08-28 08:30:00,-19.20848,-8.603003
2017-08-28 09:00:00,-32.82144,-16.448343
2017-08-28 09:30:00,-24.873512,-21.000874
2017-08-28 10:00:00,-32.564022,-23.417004
2017-08-28 10:30:00,-30.736126,-26.598167
2017-08-28 11:00:00,-33.58762,-29.85795
2017-08-28 11:30:00,-30.892471,-30.651192
2017-08-28 12:00:00,-39.809547,-30.64982
2017-08-28 12:30:00,-22.340868,-31.620152
2017-08-28 13:00:00,-29.55654,-30.877121
2017-08-28 13:30:00,-28.121164,-29.371794
2017-08-28 14:00:00,-23.208984,-27.090397
2017-08-28 14:30:00,-21.614405,-23.365938
2017-08-28 15:00:00,-27.45177,-19.67684
2017-08-28 15:30:00,-12.3029,-17.975998
2017-08-28 16:00:00,-10.430219,-12.480155
2017-08-28 16:30:00,-9.554258,-9.097749
2017-08-28 17:00:00,-2.4651916,-4.689319
2017-08-28 17:30:00,0.9746837,-1.0104651
2017-08-28 18:00:00,3.4398167,1.9675012
2017-08-28 18:30:00,6.7815237,5.5935273
2017-08-28 19:00:00,10.123232,7.1729217
2017-08-28 19:30:00,20.801693,10.021819
2017-08-28 20:00:00,6.7716136,10.954213
2017-08-28 20:30:00,11.11577,10.677061
2017-08-28 21:00:00,11.474695,11.93786
2017-08-28 21:30:00,8.671403,12.441522
2017-08-28 22:00:00,8.659941,12.864978
2017-08-28 22:30:00,8.344053,12.610366
2017-08-28 23:00:00,8.028166,12.34913
2017-08-28 23:30:00,7.712282,12.193812
2017-08-29 00:00:00,8.767498,11.283732
2017-08-29 00:30:00,9.822714,11.185901
2017-08-29 01:00:00,9.965611,10.516891
2017-08-29 01:30:00,10.10851,9.303497
2017-08-29 02:00:00,10.251408,8.191668
2017-08-29 02:30:00,10.394306,8.29886
2017-08-29 03:00:00,10.537204,7.8753877
2017-08-29 03:30:00,10.680101,7.4996195
2017-08-29 04:00:00,10.823,7.2017016
2017-08-29 04:30:00,11.271721,6.7863054
2017-08-29 05:00:00,5.088957,6.6152906
2017-08-29 05:30:00,-1.0938097,6.30134
2017-08-29 06:00:00,-7.276573,5.8236847
2017-08-29 06:30:00,-13.459335,5.152519
2017-08-29 07:00:00,-19.6421,3.9316547
2017-08-29 07:30:00,-25.824863,0.95769
2017-08-29 08:00:00,-32.007626,-6.892888
2017-08-29 08:30:00,-38.19039,-14.133666
2017-08-29 09:00:00,1.8936294,-19.840717
2017-08-29 09:30:00,1.9284345,-22.451534
2017-08-29 10:00:00,1.9632434,-25.335896
2017-08-29 10:30:00,1.9980484,-26.706987
2017-08-29 11:00:00,2.0328574,-27.86092
2017-08-29 11:30:00,2.0676625,-27.704786
2017-08-29 12:00:00,2.1024675,-27.028141
2017-08-29 12:30:00,-4.277973,-25.737667
2017-08-29 13:00:00,-10.658413,-24.67736
2017-08-29 13:30:00,-12.160971,-23.209187
2017-08-29 14:00:00,-9.077466,-21.612757
2017-08-29 14:30:00,-5.6701317,-19.545876
2017-08-29 15:00:00,-5.1007934,-19.586555
2017-08-29 15:30:00,-3.368078,-16.509295
2017-08-29 16:00:00,-3.940966,-13.538467
2017-08-29 16:30:00,0.89292926,-10.018262
2017-08-29 17:00:00,2.393712,-5.9978657
2017-08-29 17:30:00,3.0220764,-2.7649932
2017-08-29 18:00:00,3.013866,0.1783377
2017-08-29 18:30:00,3.005659,4.029438
2017-08-29 19:00:00,4.3475823,6.272737
2017-08-29 19:30:00,4.0761805,6.799667
2017-08-29 20:00:00,4.275508,7.9690685
2017-08-29 20:30:00,3.056124,8.862343
2017-08-29 21:00:00,3.6620688,10.033915
2017-08-29 21:30:00,3.6752305,10.387157
2017-08-29 22:00:00,4.0590773,11.653819
2017-08-29 22:30:00,3.2411294,11.980437
2017-08-29 23:00:00,4.709718,12.12008
2017-08-29 23:30:00,5.4313784,12.155063
2017-08-30 00:00:00,4.049363,11.993384
2017-08-30 00:30:00,3.5717082,11.520228
2017-08-30 01:00:00,2.9487998,10.022309
2017-08-30 01:30:00,5.816239,9.526319
2017-08-30 02:00:00,4.06176,9.033524
2017-08-30 02:30:00,5.9038415,8.397254
2017-08-30 03:00:00,5.1901054,7.611175
2017-08-30 03:30:00,5.6985717,7.1144986
2017-08-30 04:00:00,5.5910554,6.9610353
2017-08-30 04:30:00,4.2067795,6.653272
2017-08-30 05:00:00,6.0007205,6.6247973
2017-08-30 05:30:00,3.7150507,6.657417
2017-08-30 06:00:00,13.923193,5.7239265
2017-08-30 06:30:00,8.234857,3.388564
2017-08-30 07:00:00,4.0539527,-1.6520139
2017-08-30 07:30:00,4.2306156,-8.634556
2017-08-30 08:00:00,-6.46089,-14.51321
2017-08-30 08:30:00,-5.5806904,-18.626398
2017-08-30 09:00:00,-5.8563695,-19.933395
2017-08-30 09:30:00,-2.8857238,-18.420713
2017-08-30 10:00:00,-8.624562,-20.31655
2017-08-30 10:30:00,-7.42056,-18.725313
2017-08-30 11:00:00,-6.216553,-21.38942
2017-08-30 11:30:00,-11.8397255,-19.94222
2017-08-30 12:00:00,-15.020143,-18.752016
2017-08-30 12:30:00,-4.2872763,-19.699697
2017-08-30 13:00:00,-6.956993,-17.782772
2017-08-30 13:30:00,-9.62671,-15.770305
2017-08-30 14:00:00,-12.296423,-14.388388
2017-08-30 14:30:00,-14.96614,-10.499822
2017-08-30 15:00:00,-17.635857,-7.826269
2017-08-30 15:30:00,-12.770469,-3.5196197
2017-08-30 16:00:00,0.1324848,-2.42539
2017-08-30 16:30:00,-1.4059666,2.0500395
2017-08-30 17:00:00,-0.2505182,4.774449
2017-08-30 17:30:00,0.91392833,7.0863857
2017-08-30 18:00:00,1.4950495,8.714754
2017-08-30 18:30:00,2.075662,9.930415
2017-08-30 19:00:00,7.7507687,11.633118
2017-08-30 19:30:00,4.6957955,12.847283
2017-08-30 20:00:00,3.8625042,13.550431
2017-08-30 20:30:00,5.651121,13.367607
2017-08-30 21:00:00,4.5819564,13.578676
2017-08-30 21:30:00,6.541204,12.613937
2017-08-30 22:00:00,5.987608,12.91736
2017-08-30 22:30:00,7.177014,12.0030155
2017-08-30 23:00:00,4.5702453,11.524041
2017-08-30 23:30:00,5.132711,9.994034
2017-08-31 00:00:00,3.016639,10.264698
2017-08-31 00:30:00,7.535691,9.835076
2017-08-31 01:00:00,9.649901,9.993717
2017-08-31 01:30:00,9.275407,10.111618
2017-08-31 02:00:00,3.6950088,9.391801
2017-08-31 02:30:00,4.2639813,9.6465
2017-08-31 03:00:00,3.7495282,9.000727
2017-08-31 03:30:00,8.713009,9.066535
2017-08-31 04:00:00,7.9195495,9.251665
2017-08-31 04:30:00,9.626266,8.709535
2017-08-31 05:00:00,3.8081205,8.56605
2017-08-31 05:30:00,4.8154297,7.8680778
2017-08-31 06:00:00,6.3636174,6.805997
2017-08-31 06:30:00,4.931149,4.744007
2017-08-31 07:00:00,1.9664198,0.88941747
2017-08-31 07:30:00,-3.9161837,-1.9352512
2017-08-31 08:00:00,-5.670742,-6.412418
2017-08-31 08:30:00,-11.800643,-11.270835
2017-08-31 09:00:00,-29.326532,-14.240583
2017-08-31 09:30:00,-37.862503,-17.900091
2017-08-31 10:00:00,-24.130201,-18.777216
2017-08-31 10:30:00,-36.898808,-16.393148
2017-08-31 11:00:00,-22.65785,-19.12169
2017-08-31 11:30:00,-26.164118,-19.252079
2017-08-31 12:00:00,-21.221077,-18.8049
2017-08-31 12:30:00,-16.278036,-16.729044
2017-08-31 13:00:00,-11.334992,-14.096676
2017-08-31 13:30:00,-12.045654,-13.059769
2017-08-31 14:00:00,-12.756316,-13.089306
2017-08-31 14:30:00,-13.466977,-14.785034
2017-08-31 15:00:00,-14.177639,-15.634867
2017-08-31 15:30:00,-10.075966,-14.066674
2017-08-31 16:00:00,3.4727263,-7.5495276
2017-08-31 16:30:00,17.021423,-4.1614175
2017-08-31 17:00:00,-3.3479605,-0.7228004
2017-08-31 17:30:00,-0.015100552,0.6883867
2017-08-31 18:00:00,1.5460908,2.7713568
2017-08-31 18:30:00,24.23969,4.137825
2017-08-31 19:00:00,15.197835,7.0557933
2017-08-31 19:30:00,6.1559777,7.5699306
2017-08-31 20:00:00,11.936823,8.834188
2017-08-31 20:30:00,6.2353096,9.512769
2017-08-31 21:00:00,9.077827,9.750214
2017-08-31 21:30:00,2.4706132,10.312129
2017-08-31 22:00:00,5.252624,11.025217
2017-08-31 22:30:00,13.457399,11.381188
2017-08-31 23:00:00,8.555223,10.961025
2017-08-31 23:30:00,4.5144224,10.249806
2017-09-01 00:00:00,14.837681,10.165622
2017-09-01 00:30:00,11.441243,9.733394
2017-09-01 01:00:00,9.103156,9.334655
2017-09-01 01:30:00,10.923726,8.935932
2017-09-01 02:00:00,4.9711013,8.5499525
2017-09-01 02:30:00,10.301451,8.499243
2017-09-01 03:00:00,9.48394,7.866213
2017-09-01 03:30:00,5.6972756,8.142736
2017-09-01 04:00:00,6.782473,7.832289
2017-09-01 04:30:00,4.6639595,7.075922
2017-09-01 05:00:00,1.6437389,6.4418755
2017-09-01 05:30:00,4.2663555,5.3922477
2017-09-01 06:00:00,5.5424666,4.4529133
2017-09-01 06:30:00,2.629401,3.6666734
2017-09-01 07:00:00,-3.1498652,3.658248
2017-09-01 07:30:00,-8.929127,3.0016274
2017-09-01 08:00:00,-11.253386,2.5937066
2017-09-01 08:30:00,-26.031998,3.1844964
2017-09-01 09:00:00,-11.36505,-1.5105816
2017-09-01 09:30:00,-19.207178,-10.1791935
2017-09-01 10:00:00,-25.406685,-11.38773
2017-09-01 10:30:00,-22.205318,-16.737047
2017-09-01 11:00:00,-23.293842,-19.857801
2017-09-01 11:30:00,-26.4963,-22.579208
2017-09-01 12:00:00,-21.352528,-21.62297
2017-09-01 12:30:00,-20.998524,-19.724483
2017-09-01 13:00:00,-24.964685,-16.519497
2017-09-01 13:30:00,-23.31553,-15.199131
2017-09-01 14:00:00,-21.328777,-13.711577
2017-09-01 14:30:00,-23.413122,-13.204091
2017-09-01 15:00:00,-19.935415,-12.616606
2017-09-01 15:30:00,-16.45771,-11.089752
2017-09-01 16:00:00,-15.943139,-5.373661
2017-09-01 16:30:00,-10.989534,-0.30697805
2017-09-01 17:00:00,-6.8680043,0.44732076
2017-09-01 17:30:00,-2.7464733,2.9857867
2017-09-01 18:00:00,1.2440963,4.9214954
2017-09-01 18:30:00,1.7294044,8.236914
2017-09-01 19:00:00,1.6177659,9.335439
2017-09-01 19:30:00,1.8193694,9.557047
2017-09-01 20:00:00,3.2182426,10.376118
2017-09-01 20:30:00,2.1968184,10.482504
2017-09-01 21:00:00,1.6002861,10.255202
2017-09-01 21:30:00,1.5981083,9.745134
2017-09-01 22:00:00,3.5134623,10.097451
2017-09-01 22:30:00,3.553,10.72465
2017-09-01 23:00:00,4.296805,10.658839
2017-09-01 23:30:00,6.419603,9.980183
2017-09-02 00:00:00,4.151066,10.108491
2017-09-02 00:30:00,2.6423175,9.664036
2017-09-02 01:00:00,8.376352,9.258232
2017-09-02 01:30:00,14.110388,9.41199
2017-09-02 02:00:00,4.6780405,9.284024
2017-09-02 02:30:00,3.848864,9.131069
2017-09-02 03:00:00,4.730299,9.094505
2017-09-02 03:30:00,5.611734,9.1448345
2017-09-02 04:00:00,5.702332,10.0420685
2017-09-02 04:30:00,5.83939,10.778382
2017-09-02 05:00:00,4.5032125,9.782404
2017-09-02 05:30:00,1.7989959,9.081558
2017-09-02 06:00:00,7.1683397,7.625309
2017-09-02 06:30:00,9.926124,5.7615767
2017-09-02 07:00:00,4.4063067,3.2274742
2017-09-02 07:30:00,-1.1135089,-0.8963398
2017-09-02 08:00:00,-8.25659,-3.9838612
2017-09-02 08:30:00,-6.9815454,-12.541901
2017-09-02 09:00:00,-3.297006,-15.022332
2017-09-02 09:30:00,-14.423588,-18.130705
2017-09-02 10:00:00,-10.859569,-20.169413
2017-09-02 10:30:00,-12.845764,-21.724142
2017-09-02 11:00:00,-9.72357,-24.025972
2017-09-02 11:30:00,-14.0232935,-24.446701
2017-09-02 12:00:00,-13.558348,-22.618216
2017-09-02 12:30:00,-17.424864,-21.588562
2017-09-02 13:00:00,-25.744112,-20.914476
2017-09-02 13:30:00,-4.8693433,-19.779436
2017-09-02 14:00:00,-7.8476224,-17.93325
2017-09-02 14:30:00,-32.682983,-16.320953
2017-09-02 15:00:00,-12.937546,-13.7695
2017-09-02 15:30:00,-11.131418,-11.293421
2017-09-02 16:00:00,-3.0893848,-9.70929
2017-09-02 16:30:00,-1.8985132,-7.613011
2017-09-02 17:00:00,-6.5140076,-4.2205715
2017-09-02 17:30:00,0.8781473,-1.4694086
2017-09-02 18:00:00,3.708355,1.1927006
2017-09-02 18:30:00,4.580626,3.1805701
2017-09-02 19:00:00,4.091456,4.601949
2017-09-02 19:30:00,1.5892684,5.867017
2017-09-02 20:00:00,4.643993,6.250374
2017-09-02 20:30:00,4.7791247,6.933499
2017-09-02 21:00:00,5.4300447,7.3820653
2017-09-02 21:30:00,6.128818,7.6194496
2017-09-02 22:00:00,5.209944,8.104698
2017-09-02 22:30:00,5.282644,7.924493
2017-09-02 23:00:00,5.5604362,7.688849
2017-09-02 23:30:00,2.3362575,7.637257
2017-09-03 00:00:00,3.552337,7.9951506
2017-09-03 00:30:00,4.768416,8.100112
2017-09-03 01:00:00,4.763932,8.159247
2017-09-03 01:30:00,4.7594485,7.93614
2017-09-03 02:00:00,4.7549644,7.837331
2017-09-03 02:30:00,6.4850984,7.5624094
2017-09-03 03:00:00,6.0368786,7.7983093
2017-09-03 03:30:00,5.5886626,7.6764293
2017-09-03 04:00:00,8.576856,7.8247232
2017-09-03 04:30:00,4.336655,7.4303184
2017-09-03 05:00:00,5.1105213,7.00092
2017-09-03 05:30:00,6.694927,6.362725
2017-09-03 06:00:00,6.004711,6.540669
2017-09-03 06:30:00,3.5120757,5.867273
2017-09-03 07:00:00,4.8022943,3.7600145
2017-09-03 07:30:00,-3.0573869,1.1043899
2017-09-03 08:00:00,-6.079409,-4.711524
2017-09-03 08:30:00,-4.4022307,-10.63787
2017-09-03 09:00:00,-9.047514,-15.346644
2017-09-03 09:30:00,-12.620314,-19.677233
2017-09-03 10:00:00,25.93139,-22.743738
2017-09-03 10:30:00,-22.954393,-24.458902
2017-09-03 11:00:00,-20.816317,-24.099985
2017-09-03 11:30:00,-19.582993,-23.248106
2017-09-03 12:00:00,-13.876779,-24.00242
2017-09-03 12:30:00,-13.200206,-23.751263
2017-09-03 13:00:00,-26.152464,-23.91668
2017-09-03 13:30:00,4.955939,-20.125504
2017-09-03 14:00:00,44.713932,-16.192211
2017-09-03 14:30:00,44.056602,-17.455757
2017-09-03 15:00:00,43.399265,-14.05314
2017-09-03 15:30:00,42.74193,-10.627368
2017-09-03 16:00:00,42.084595,-6.055218
2017-09-03 16:30:00,41.427258,-4.0117292
2017-09-03 17:00:00,40.769928,-1.7924249
2017-09-03 17:30:00,40.11259,1.3279647
2017-09-03 18:00:00,39.455254,3.88648
2017-09-03 18:30:00,38.797916,4.389008
2017-09-03 19:00:00,38.14058,2.2459383
2017-09-03 19:30:00,37.483253,3.2427838
2017-09-03 20:00:00,36.825916,4.3780127
2017-09-03 20:30:00,36.16858,5.2812686
2017-09-03 21:00:00,35.511242,5.9820766
2017-09-03 21:30:00,34.853905,7.1268806
2017-09-03 22:00:00,34.196575,7.428713
2017-09-03 22:30:00,33.539238,7.0823765
2017-09-03 23:00:00,32.881905,6.475486
2017-09-03 23:30:00,32.224567,6.1055617
2017-09-04 00:00:00,31.567232,5.5665708
2017-09-04 00:30:00,30.909903,5.779207
2017-09-04 01:00:00,30.252565,5.590686
2017-09-04 01:30:00,29.59523,5.3824167
2017-09-04 02:00:00,28.937893,5.026442
2017-09-04 02:30:00,28.280556,4.889309
2017-09-04 03:00:00,27.623226,4.6826787
2017-09-04 03:30:00,26.96589,4.797068
2017-09-04 04:00:00,26.308554,4.6802897
2017-09-04 04:30:00,25.651217,5.0538955
2017-09-04 05:00:00,24.993881,5.1232533
2017-09-04 05:30:00,24.336552,5.283676
2017-09-04 06:00:00,23.679214,5.3000937
2017-09-04 06:30:00,23.021877,3.91442
2017-09-04 07:00:00,22.364542,2.3444037
2017-09-04 07:30:00,21.707205,-0.52913225
2017-09-04 08:00:00,21.049875,-4.7641444
2017-09-04 08:30:00,20.39254,-6.081632
2017-09-04 09:00:00,19.735203,-11.291096
2017-09-04 09:30:00,19.077866,-14.2761755
2017-09-04 10:00:00,18.42053,-10.863905
2017-09-04 10:30:00,17.7632,-17.032814
2017-09-04 11:00:00,17.105864,-23.669682
2017-09-04 11:30:00,16.448526,-25.000267
2017-09-04 12:00:00,15.79119,-25.103794
2017-09-04 12:30:00,15.133854,-23.994055
2017-09-04 13:00:00,14.476524,-25.167593
2017-09-04 13:30:00,13.819188,-19.413723
2017-09-04 14:00:00,13.161852,-14.148067
2017-09-04 14:30:00,12.504515,-12.098086
2017-09-04 15:00:00,11.847182,-10.92385
2017-09-04 15:30:00,11.189845,-8.952304
2017-09-04 16:00:00,10.532509,-6.4765496
2017-09-04 16:30:00,9.875175,-4.882226
2017-09-04 17:00:00,9.217839,-2.5081506
2017-09-04 17:30:00,9.217839,-0.46597293
2017-09-04 18:00:00,9.217839,1.4239283
2017-09-04 18:30:00,9.217839,2.5890002
2017-09-04 19:00:00,9.217839,3.491197
2017-09-04 19:30:00,9.217839,4.20112
2017-09-04 20:00:00,9.217839,5.601579
2017-09-04 20:30:00,9.217839,5.5977626
2017-09-04 21:00:00,9.217839,6.377111
2017-09-04 21:30:00,9.217839,6.890732
2017-09-04 22:00:00,9.217839,7.1633964
2017-09-04 22:30:00,9.217839,7.271542
2017-09-04 23:00:00,9.217839,6.3520346
2017-09-04 23:30:00,0.6724819,5.2273145
2017-09-05 00:00:00,6.4632134,3.8894494
2017-09-05 00:30:00,4.299446,2.9028678
2017-09-05 01:00:00,4.0614023,1.6882277
2017-09-05 01:30:00,3.2660625,1.0738577
2017-09-05 02:00:00,3.8012629,0.22533229
2017-09-05 02:30:00,3.9786415,-0.34553984
2017-09-05 03:00:00,4.666985,-0.25420332
2017-09-05 03:30:00,4.1058307,-0.42232054
2017-09-05 04:00:00,2.9652774,-0.35627112
2017-09-05 04:30:00,3.097896,-0.62143713
2017-09-05 05:00:00,4.0561795,-1.3077008
2017-09-05 05:30:00,5.5007854,-1.9953473
2017-09-05 06:00:00,4.204097,-2.5767963
2017-09-05 06:30:00,1.2932801,-2.4846306
2017-09-05 07:00:00,-1.370148,-3.3592458
2017-09-05 07:30:00,-7.735863,-3.4211504
2017-09-05 08:00:00,-11.7459955,-3.6095772
2017-09-05 08:30:00,-7.640099,-5.141612
2017-09-05 09:00:00,-11.564216,-6.2397003
2017-09-05 09:30:00,-7.272338,-7.0409145
2017-09-05 10:00:00,-9.568374,-6.0817075
2017-09-05 10:30:00,-26.470663,-6.2676473
2017-09-05 11:00:00,-23.014555,-7.32815
2017-09-05 11:30:00,-20.125195,-7.290285
2017-09-05 12:00:00,-29.166441,-7.2397146
2017-09-05 12:30:00,-37.900387,-6.2158713
2017-09-05 13:00:00,-31.698465,-5.395798
2017-09-05 13:30:00,-37.081173,-6.8802915
2017-09-05 14:00:00,-24.61888,-7.441906
2017-09-05 14:30:00,-17.646034,-4.7572904
2017-09-05 15:00:00,-10.151887,-3.4803119
2017-09-05 15:30:00,-7.635702,-2.1521566
2017-09-05 16:00:00,-16.26819,-1.7668778
2017-09-05 16:30:00,-9.1959505,-0.7612981
2017-09-05 17:00:00,-4.974972,-0.30556503
2017-09-05 17:30:00,-1.5985646,0.6096353
2017-09-05 18:00:00,2.399349,1.5483818
2017-09-05 18:30:00,10.459986,2.5692673
2017-09-05 19:00:00,6.6254225,2.626899
2017-09-05 19:30:00,7.434354,3.029944
2017-09-05 20:00:00,6.3340726,3.8281815
2017-09-05 20:30:00,5.854371,4.239418
2017-09-05 21:00:00,2.6841388,4.9862676
2017-09-05 21:30:00,5.9915757,4.794355
2017-09-05 22:00:00,2.386191,4.9111447
2017-09-05 22:30:00,4.2439733,4.3945394
2017-09-05 23:00:00,6.204137,4.1032796
2017-09-05 23:30:00,6.666087,2.9054866
2017-09-06 00:00:00,2.117042,2.9035122
2017-09-06 00:30:00,4.4916635,2.9715662
2017-09-06 01:00:00,3.708988,2.8933725
2017-09-06 01:30:00,12.6564,3.2684023
2017-09-06 02:00:00,3.0930393,2.9904325
2017-09-06 02:30:00,3.3904104,2.8410273
2017-09-06 03:00:00,3.0579515,2.9461925
2017-09-06 03:30:00,3.4100945,2.8471014
2017-09-06 04:00:00,3.7622375,2.212693
2017-09-06 04:30:00,4.1450105,2.4539285
2017-09-06 05:00:00,3.1772618,1.9528097
2017-09-06 05:30:00,2.2095165,1.8327309
2017-09-06 06:00:00,1.2417715,0.9796085
2017-09-06 06:30:00,0.2740225,0.7142352
2017-09-06 07:00:00,-0.6937226,-0.9359792
2017-09-06 07:30:00,-1.6614678,-2.672511
2017-09-06 08:00:00,-2.6292167,-4.989573
2017-09-06 08:30:00,-2.9318783,-5.025614
2017-09-06 09:00:00,-7.9146433,-5.0102367
2017-09-06 09:30:00,-12.897412,-3.2783465
2017-09-06 10:00:00,-17.880178,-10.8622055
2017-09-06 10:30:00,-21.650923,-13.719181
2017-09-06 11:00:00,-7.8872805,-16.07078
2017-09-06 11:30:00,-9.770452,-17.386456
2017-09-06 12:00:00,-20.102064,-20.896544
2017-09-06 12:30:00,-24.108763,-24.753418
2017-09-06 13:00:00,-13.489303,-32.232704
2017-09-06 13:30:00,-10.430516,-30.070793
2017-09-06 14:00:00,-1.987653,-24.224031
2017-09-06 14:30:00,7.0765777,-18.402794
2017-09-06 15:00:00,1.3771334,-8.37974
2017-09-06 15:30:00,1.597901,-3.807149
2017-09-06 16:00:00,1.8186724,-2.5591996
2017-09-06 16:30:00,2.0394437,0.14827652
2017-09-06 17:00:00,2.2602153,2.3648264
2017-09-06 17:30:00,2.4809828,6.4652333
2017-09-06 18:00:00,2.701754,10.038451
2017-09-06 18:30:00,2.9225256,14.546851
2017-09-06 19:00:00,3.1432931,14.779691
2017-09-06 19:30:00,3.3640645,15.254084
2017-09-06 20:00:00,3.584836,14.956636
2017-09-06 20:30:00,3.8056035,15.248491
2017-09-06 21:00:00,4.026375,15.270761
2017-09-06 21:30:00,4.247146,13.998952
2017-09-06 22:00:00,4.4679136,13.584268
2017-09-06 22:30:00,3.45542,12.333334
2017-09-06 23:00:00,4.4771266,12.22327
2017-09-06 23:30:00,5.1379676,11.459194
2017-09-07 00:00:00,12.570711,12.088316
2017-09-07 00:30:00,3.0122907,14.033919
2017-09-07 01:00:00,10.48961,13.307455
2017-09-07 01:30:00,2.5287573,13.931753
2017-09-07 02:00:00,2.6048222,12.541819
2017-09-07 02:30:00,9.699338,12.113886
2017-09-07 03:00:00,6.997547,11.314201
2017-09-07 03:30:00,8.831796,11.087495
2017-09-07 04:00:00,8.9400425,10.7349825
2017-09-07 04:30:00,9.49047,10.444568
2017-09-07 05:00:00,8.769978,9.552103
2017-09-07 05:30:00,6.7977376,8.567941
2017-09-07 06:00:00,12.538457,7.4861827
2017-09-07 06:30:00,3.3469992,6.2899756
2017-09-07 07:00:00,-0.2487736,3.1123805
2017-09-07 07:30:00,-4.1855855,1.8743598
2017-09-07 08:00:00,-13.314686,0.43535355
2017-09-07 08:30:00,-28.110762,-1.8636063
2017-09-07 09:00:00,-43.610176,-5.697913
2017-09-07 09:30:00,-31.326326,-8.6815195
2017-09-07 10:00:00,-44.349792,-12.157537
2017-09-07 10:30:00,-21.584047,-16.469997
2017-09-07 11:00:00,-21.29941,-18.952726
2017-09-07 11:30:00,-20.288532,-21.58064
2017-09-07 12:00:00,-24.45156,-25.830853
2017-09-07 12:30:00,-16.085917,-28.142597
2017-09-07 13:00:00,-28.40579,-26.751114
2017-09-07 13:30:00,-18.437159,-23.183764
2017-09-07 14:00:00,-30.13446,-17.817331
2017-09-07 14:30:00,-32.94478,-11.685685
2017-09-07 15:00:00,-31.616798,-11.054468
2017-09-07 15:30:00,-19.211678,-9.37203
2017-09-07 16:00:00,-24.27243,-8.2590885
2017-09-07 16:30:00,-9.094569,-6.131498
2017-09-07 17:00:00,-9.193374,-0.21921358
2017-09-07 17:30:00,-6.906521,-0.58676016
2017-09-07 18:00:00,-3.212527,2.5213268
2017-09-07 18:30:00,0.48146644,3.7681723
2017-09-07 19:00:00,1.0078233,6.8142867
2017-09-07 19:30:00,2.9629903,7.348025
2017-09-07 20:00:00,4.9181604,8.027507
2017-09-07 20:30:00,3.0499785,8.348387
2017-09-07 21:00:00,2.2002285,8.535242
2017-09-07 21:30:00,1.3504785,7.969272
2017-09-07 22:00:00,1.5795169,7.6852202
2017-09-07 22:30:00,1.8085552,7.3156877
2017-09-07 23:00:00,1.3468688,6.2883782
2017-09-07 23:30:00,5.4023347,6.118305
2017-09-08 00:00:00,2.2463074,6.025175
2017-09-08 00:30:00,1.055564,6.0105968
2017-09-08 01:00:00,1.2665386,5.6500473
2017-09-08 01:30:00,2.024289,5.868837
2017-09-08 02:00:00,2.7820392,6.1352954
2017-09-08 02:30:00,3.5397894,6.36751
2017-09-08 03:00:00,23.082573,6.5010333
2017-09-08 03:30:00,1.7799411,6.161083
2017-09-08 04:00:00,1.995166,6.4351535
2017-09-08 04:30:00,2.2103908,6.531829
2017-09-08 05:00:00,2.4256194,5.650876
2017-09-08 05:30:00,-13.967923,5.298545
2017-09-08 06:00:00,48.91805,5.08124
2017-09-08 06:30:00,1.4326813,3.973566
2017-09-08 07:00:00,-5.9401736,2.338974
2017-09-08 07:30:00,-47.61008,1.2826242
2017-09-08 08:00:00,-12.9741745,-1.7064239
2017-09-08 08:30:00,-19.1494,-8.73541
2017-09-08 09:00:00,-28.878885,-18.225494
2017-09-08 09:30:00,-32.471813,-22.597359
2017-09-08 10:00:00,-29.51733,-27.905373
2017-09-08 10:30:00,-46.361046,-28.851334
2017-09-08 11:00:00,-19.854769,-27.277174
2017-09-08 11:30:00,-30.897503,-27.517591
2017-09-08 12:00:00,-45.577545,-29.288054
2017-09-08 12:30:00,-33.957882,-26.677498
2017-09-08 13:00:00,-34.689,-26.859863
2017-09-08 13:30:00,-31.821615,-24.073137
2017-09-08 14:00:00,-32.910862,-23.857927
2017-09-08 14:30:00,-26.606173,-23.616842
2017-09-08 15:00:00,-21.136885,-22.40224
2017-09-08 15:30:00,-19.464558,-19.623142
2017-09-08 16:00:00,-17.774426,-17.462011
2017-09-08 16:30:00,-13.718801,-13.853639
2017-09-08 17:00:00,-6.78868,-9.931074
2017-09-08 17:30:00,-2.3857505,-6.461839
2017-09-08 18:00:00,1.5509328,-4.0363984
2017-09-08 18:30:00,2.8294067,-0.58707666
2017-09-08 19:00:00,4.2804103,1.1996413
2017-09-08 19:30:00,3.9665124,1.3190796
2017-09-08 20:00:00,4.804857,2.7162082
2017-09-08 20:30:00,5.1866913,3.3596861
2017-09-08 21:00:00,5.979737,4.007459
2017-09-08 21:30:00,5.216003,4.2828403
2017-09-08 22:00:00,4.0874276,5.463448
2017-09-08 22:30:00,4.548941,5.865268
2017-09-08 23:00:00,2.866258,5.212152
2017-09-08 23:30:00,2.9667017,5.0928154
2017-09-09 00:00:00,5.2845616,5.642451
2017-09-09 00:30:00,3.5542247,6.2995877
2017-09-09 01:00:00,5.7792673,6.235528
2017-09-09 01:30:00,5.8132396,5.710034
2017-09-09 02:00:00,2.7395473,5.8344574
2017-09-09 02:30:00,2.935107,5.871369
2017-09-09 03:00:00,2.6111448,7.051863
2017-09-09 03:30:00,1.0664686,7.121108
2017-09-09 04:00:00,4.06066,6.7605247
2017-09-09 04:30:00,7.3984823,7.1204486
2017-09-09 05:00:00,4.318105,5.9955964
2017-09-09 05:30:00,5.237503,3.8203025
2017-09-09 06:00:00,3.3945177,5.81278
2017-09-09 06:30:00,2.4090025,4.6326246
2017-09-09 07:00:00,2.715775,2.6635919
2017-09-09 07:30:00,-2.9996948,-7.904191
2017-09-09 08:00:00,-15.171263,-12.031475
2017-09-09 08:30:00,-15.291594,-16.289694
2017-09-09 09:00:00,-24.221102,-22.115088
2017-09-09 09:30:00,-24.046553,-25.020819
2017-09-09 10:00:00,-35.376324,-26.602911
2017-09-09 10:30:00,-27.323109,-28.668129
2017-09-09 11:00:00,-16.547762,-28.337381
2017-09-09 11:30:00,-19.103699,-27.671442
2017-09-09 12:00:00,-24.176561,-28.627146
2017-09-09 12:30:00,-11.62109,-26.600857
2017-09-09 13:00:00,-15.077285,-25.529428
2017-09-09 13:30:00,-6.165685,-24.017242
2017-09-09 14:00:00,-8.306848,-22.139399
2017-09-09 14:30:00,-14.884352,-20.459742
2017-09-09 15:00:00,-18.367092,-17.38997
2017-09-09 15:30:00,-5.415599,-15.938927
2017-09-09 16:00:00,-2.2759206,-13.148339
2017-09-09 16:30:00,0.9354437,-11.253928
2017-09-09 17:00:00,1.8575131,-5.6226096
2017-09-09 17:30:00,1.2288698,-1.6296922
2017-09-09 18:00:00,3.6164157,1.2213714
2017-09-09 18:30:00,2.9336112,3.2005932
2017-09-09 19:00:00,4.4506073,3.7742047
2017-09-09 19:30:00,5.21569,5.018009
2017-09-09 20:00:00,5.262466,6.065994
2017-09-09 20:30:00,5.1099596,6.912865
2017-09-09 21:00:00,5.873901,7.21992
2017-09-09 21:30:00,7.319324,7.6113935
2017-09-09 22:00:00,6.53964,8.132427
2017-09-09 22:30:00,4.8999987,7.7260313
2017-09-09 23:00:00,4.602085,8.321057
2017-09-09 23:30:00,6.3730564,7.7461224
2017-09-10 00:00:00,4.9705133,7.297903
2017-09-10 00:30:00,5.699122,8.186855
2017-09-10 01:00:00,5.363626,7.803347
2017-09-10 01:30:00,7.6140084,7.8173566
2017-09-10 02:00:00,5.714608,7.3316226
2017-09-10 02:30:00,7.2395062,7.2393894
2017-09-10 03:00:00,4.9306664,7.481096
2017-09-10 03:30:00,6.174825,7.8005023
2017-09-10 04:00:00,6.2066236,7.8428774
2017-09-10 04:30:00,5.7653217,7.963002
2017-09-10 05:00:00,5.313123,6.8704863
2017-09-10 05:30:00,6.557847,6.941683
2017-09-10 06:00:00,5.0972652,6.3736706
2017-09-10 06:30:00,10.215744,5.8093624
2017-09-10 07:00:00,5.4083333,4.0188236
2017-09-10 07:30:00,4.4008546,0.28111765
2017-09-10 08:00:00,2.2765834,-7.36167
2017-09-10 08:30:00,-1.8715154,-12.561709
2017-09-10 09:00:00,-7.479371,-18.000355
2017-09-10 09:30:00,-12.227992,-26.053799
2017-09-10 10:00:00,-12.984016,-25.757252
2017-09-10 10:30:00,-10.68867,-27.297663
2017-09-10 11:00:00,-3.2001417,-28.762873
2017-09-10 11:30:00,-10.822695,-28.039125
2017-09-10 12:00:00,-14.152322,-29.86965
2017-09-10 12:30:00,-16.267324,-28.195208
2017-09-10 13:00:00,-11.342503,-25.342701
2017-09-10 13:30:00,-5.840996,-23.357698
2017-09-10 14:00:00,-4.822228,-21.245077
2017-09-10 14:30:00,-10.401902,-19.682903
2017-09-10 15:00:00,-5.3390517,-18.186653
2017-09-10 15:30:00,-7.971476,-14.285543
2017-09-10 16:00:00,-2.9200315,-8.611676
2017-09-10 16:30:00,-2.2977338,-5.2801766
2017-09-10 17:00:00,-1.836635,-1.2795198
2017-09-10 17:30:00,1.127955,0.91647553
2017-09-10 18:00:00,2.9069374,4.350427
2017-09-10 18:30:00,4.0104513,4.8427253
2017-09-10 19:00:00,5.2577863,6.769764
2017-09-10 19:30:00,4.7120166,7.583077
2017-09-10 20:00:00,4.166247,8.257088
2017-09-10 20:30:00,3.6204774,8.493801
2017-09-10 21:00:00,3.074708,8.483405
2017-09-10 21:30:00,2.5289383,8.341438
2017-09-10 22:00:00,1.9831686,8.0434265
2017-09-10 22:30:00,1.4373989,8.72411
2017-09-10 23:00:00,0.8916293,8.630806
2017-09-10 23:30:00,0.3458596,8.046768
2017-09-11 00:00:00,-0.19991007,7.708288
2017-09-11 00:30:00,-0.7456797,8.346819
2017-09-11 01:00:00,-1.2914493,8.296953
2017-09-11 01:30:00,-1.8372152,8.728096
2017-09-11 02:00:00,-2.3829849,8.378704
2017-09-11 02:30:00,-2.9287546,8.386481
2017-09-11 03:00:00,-3.4745243,7.5991173
2017-09-11 03:30:00,-4.020294,7.9442034
2017-09-11 04:00:00,-4.566064,7.922232
2017-09-11 04:30:00,-5.1118336,8.143501
2017-09-11 05:00:00,-5.6576033,8.669439
2017-09-11 05:30:00,-6.2033725,9.634223
2017-09-11 06:00:00,-6.749142,7.0219226
2017-09-11 06:30:00,-7.294912,6.327686
2017-09-11 07:00:00,-7.8406816,2.8005776
2017-09-11 07:30:00,-8.386451,2.0827081
2017-09-11 08:00:00,-8.93222,-1.8058842
2017-09-11 08:30:00,-9.47799,-6.8920703
2017-09-11 09:00:00,-10.02376,-12.903724
2017-09-11 09:30:00,-10.56953,-18.541067
2017-09-11 10:00:00,-11.115295,-22.61779
2017-09-11 10:30:00,-11.661065,-23.96607
2017-09-11 11:00:00,-12.206835,-26.195724
2017-09-11 11:30:00,-12.7526045,-27.204216
2017-09-11 12:00:00,-13.298374,-27.02753
2017-09-11 12:30:00,-13.844144,-26.895733
2017-09-11 13:00:00,-14.389914,-25.281128
2017-09-11 13:30:00,-14.935683,-21.945114
2017-09-11 14:00:00,-19.200254,-18.10965
2017-09-11 14:30:00,-0.9566919,-16.595724
2017-09-11 15:00:00,-4.085846,-14.129721
2017-09-11 15:30:00,-5.945279,-11.937317
2017-09-11 16:00:00,-12.741624,-8.339543
2017-09-11 16:30:00,-6.0626564,-4.6777663
2017-09-11 17:00:00,-3.8487327,-2.1090243
2017-09-11 17:30:00,-1.8809882,1.1804056
2017-09-11 18:00:00,0.14106455,3.0697906
2017-09-11 18:30:00,4.0103116,5.067385
2017-09-11 19:00:00,5.6167755,5.9827776
2017-09-11 19:30:00,9.924262,7.12156
2017-09-11 20:00:00,0.962302,7.892118
2017-09-11 20:30:00,4.320464,8.219321
2017-09-11 21:00:00,3.5278373,8.282488
2017-09-11 21:30:00,7.242408,8.45891
2017-09-11 22:00:00,5.029867,8.209874
2017-09-11 22:30:00,6.1363463,7.6917315
2017-09-11 23:00:00,4.0345135,7.2380066
2017-09-11 23:30:00,4.224685,6.70625
2017-09-12 00:00:00,4.4148602,6.611718
2017-09-12 00:30:00,2.369152,5.982118
2017-09-12 01:00:00,4.5062833,5.408537
2017-09-12 01:30:00,3.2677393,4.5791793
2017-09-12 02:00:00,1.0712012,3.728657
2017-09-12 02:30:00,0.54845035,3.5012803
2017-09-12 03:00:00,-4.358522,2.851393
2017-09-12 03:30:00,-6.8263187,2.6171548
2017-09-12 04:00:00,-9.294115,2.200986
2017-09-12 04:30:00,-1.7188809,1.5008221
2017-09-12 05:00:00,5.8563495,1.48627
2017-09-12 05:30:00,0.9547811,1.0470107
2017-09-12 06:00:00,7.329584,0.7574241
2017-09-12 06:30:00,4.720928,-0.19853099
2017-09-12 07:00:00,-2.701193,-3.7201493
2017-09-12 07:30:00,-10.123314,-5.7417727
2017-09-12 08:00:00,-17.545431,-8.029749
2017-09-12 08:30:00,-24.967554,-9.65858
2017-09-12 09:00:00,-36.18264,-10.95234
2017-09-12 09:30:00,-37.576138,-13.40089
2017-09-12 10:00:00,-37.463715,-11.730114
2017-09-12 10:30:00,-43.1697,-12.208519
2017-09-12 11:00:00,-46.212543,-15.7126465
2017-09-12 11:30:00,-49.468414,-15.477417
2017-09-12 12:00:00,-41.90512,-15.590032
2017-09-12 12:30:00,-34.34183,-16.343071
2017-09-12 13:00:00,-32.73195,-16.397234
2017-09-12 13:30:00,-35.222515,-16.774035
2017-09-12 14:00:00,-30.366379,-16.845634
2017-09-12 14:30:00,-18.760422,-11.699525
2017-09-12 15:00:00,-12.289347,-8.414383
2017-09-12 15:30:00,-10.644604,-6.960049
2017-09-12 16:00:00,-9.7178955,-7.4766316
2017-09-12 16:30:00,-10.651024,-5.810554
2017-09-12 17:00:00,-2.7491674,-3.2864628
2017-09-12 17:30:00,-1.7634075,-1.3404033
2017-09-12 18:00:00,2.6618133,0.8850767
2017-09-12 18:30:00,2.1103313,2.386711
2017-09-12 19:00:00,1.3138535,4.043798
2017-09-12 19:30:00,3.3854706,5.6450057
2017-09-12 20:00:00,3.315103,6.069125
2017-09-12 20:30:00,2.3897216,7.062127
2017-09-12 21:00:00,1.0841707,7.5259237
2017-09-12 21:30:00,2.9006145,7.8414307
2017-09-12 22:00:00,1.660092,8.072749
2017-09-12 22:30:00,0.6501941,8.060864
2017-09-12 23:00:00,2.8707645,7.5873046
2017-09-12 23:30:00,5.0913305,7.0887823
2017-09-13 00:00:00,3.8540263,6.6696706
2017-09-13 00:30:00,25.93246,7.280634
2017-09-13 01:00:00,25.291319,6.7168007
2017-09-13 01:30:00,24.650177,7.0750327
2017-09-13 02:00:00,24.009037,6.9311323
2017-09-13 02:30:00,18.137657,6.414459
2017-09-13 03:00:00,52.77268,5.520002
2017-09-13 03:30:00,13.037451,4.4006925
2017-09-13 04:00:00,14.260324,3.2278285
2017-09-13 04:30:00,15.483193,3.0283878
2017-09-13 05:00:00,16.70607,3.0032966
2017-09-13 05:30:00,17.92894,2.7071123
2017-09-13 06:00:00,8.24988,2.647623
2017-09-13 06:30:00,-6.850057,2.432756
2017-09-13 07:00:00,-1.1792268,1.2701106
2017-09-13 07:30:00,-4.854433,-0.89503604
2017-09-13 08:00:00,-8.529643,-5.010896
2017-09-13 08:30:00,-14.967258,-11.719643
2017-09-13 09:00:00,-21.404879,-14.815454
2017-09-13 09:30:00,-18.547852,-17.388634
2017-09-13 10:00:00,-17.214186,-19.236032
2017-09-13 10:30:00,-17.805798,-20.983385
2017-09-13 11:00:00,-16.599648,-22.87017
2017-09-13 11:30:00,-19.839577,-23.455482
2017-09-13 12:00:00,-18.353098,-23.618757
2017-09-13 12:30:00,-18.392391,-22.803066
2017-09-13 13:00:00,-19.64699,-21.723701
2017-09-13 13:30:00,-18.8835,-21.286386
2017-09-13 14:00:00,-19.776499,-20.410524
2017-09-13 14:30:00,-20.673454,-17.586273
2017-09-13 15:00:00,-15.023598,-14.015946
2017-09-13 15:30:00,-10.932992,-10.552403
2017-09-13 16:00:00,-9.22995,-7.9124017
2017-09-13 16:30:00,-8.4356575,-5.2314415
2017-09-13 17:00:00,-4.9923425,-2.3237028
2017-09-13 17:30:00,-2.5862312,0.28656244
2017-09-13 18:00:00,2.2907624,1.3899484
2017-09-13 18:30:00,4.202582,2.8139315
2017-09-13 19:00:00,3.723785,3.4139569
2017-09-13 19:30:00,3.7631984,4.5933957
2017-09-13 20:00:00,5.0332546,5.450452
2017-09-13 20:30:00,2.992833,5.8602457
2017-09-13 21:00:00,5.159328,6.29039
2017-09-13 21:30:00,4.9578075,6.698507
2017-09-13 22:00:00,4.250865,6.785838
2017-09-13 22:30:00,3.543923,6.3195887
2017-09-13 23:00:00,2.3747928,5.9675207
2017-09-13 23:30:00,2.7088153,5.3023806
2017-09-14 00:00:00,2.7317023,4.835268
2017-09-14 00:30:00,2.754589,6.052403
2017-09-14 01:00:00,2.777476,5.142003
2017-09-14 01:30:00,16.01192,4.774558
2017-09-14 02:00:00,5.7982807,4.2487097
2017-09-14 02:30:00,5.4681654,4.647531
2017-09-14 03:00:00,7.7472076,4.0929065
2017-09-14 03:30:00,2.734325,3.5665762
2017-09-14 04:00:00,11.364745,3.487365
2017-09-14 04:30:00,13.052383,3.6361752
2017-09-14 05:00:00,2.4075217,3.449101
2017-09-14 05:30:00,7.5577335,2.861141
2017-09-14 06:00:00,1.926185,1.994077
2017-09-14 06:30:00,3.5642853,1.2376267
2017-09-14 07:00:00,-0.22944373,-0.44959715
2017-09-14 07:30:00,-4.023169,-1.9200248
2017-09-14 08:00:00,-7.056401,-4.549703
2017-09-14 08:30:00,-10.133978,-8.546656
2017-09-14 09:00:00,-13.211559,-14.330782
2017-09-14 09:30:00,-16.289137,-19.219728
2017-09-14 10:00:00,-21.487982,-22.81584
2017-09-14 10:30:00,-19.257637,-23.358923
2017-09-14 11:00:00,-22.90982,-23.925303
2017-09-14 11:30:00,-28.705359,-23.172554
2017-09-14 12:00:00,-18.835598,-22.89729
2017-09-14 12:30:00,-20.929306,-21.314974
2017-09-14 13:00:00,-17.19142,-20.522257
2017-09-14 13:30:00,-29.729326,-20.203035
2017-09-14 14:00:00,-24.387115,-17.151731
2017-09-14 14:30:00,-18.717293,-17.441462
2017-09-14 15:00:00,-15.118786,-16.31026
2017-09-14 15:30:00,-12.464604,-14.160053
2017-09-14 16:00:00,-9.10669,-11.533639
2017-09-14 16:30:00,-6.586127,-8.954105
2017-09-14 17:00:00,-4.0655594,-4.6287975
2017-09-14 17:30:00,-1.5449911,-1.8377842
2017-09-14 18:00:00,0.97557294,-0.39084637
2017-09-14 18:30:00,3.4961407,1.9249077
2017-09-14 19:00:00,4.1434507,5.1811485
2017-09-14 19:30:00,4.7907605,6.161287
2017-09-14 20:00:00,5.7059116,6.6003466
2017-09-14 20:30:00,5.0736775,7.198499
2017-09-14 21:00:00,1.6113678,7.2331457
2017-09-14 21:30:00,2.6110091,8.140724
2017-09-14 22:00:00,1.8713492,8.279956
2017-09-14 22:30:00,4.089666,7.93695
2017-09-14 23:00:00,2.7841341,7.1010623
2017-09-14 23:30:00,1.4067575,6.2005644
2017-09-15 00:00:00,2.3155522,5.844612
2017-09-15 00:30:00,3.5554605,5.25406
2017-09-15 01:00:00,14.737121,4.5523963
2017-09-15 01:30:00,16.40399,4.639961
2017-09-15 02:00:00,12.983278,3.9651597
2017-09-15 02:30:00,16.910522,3.6399205
2017-09-15 03:00:00,9.814583,4.422095
2017-09-15 03:30:00,3.0703106,4.5958943
2017-09-15 04:00:00,4.1284614,5.4582367
2017-09-15 04:30:00,4.065773,5.588595
2017-09-15 05:00:00,3.94612,5.4258056
2017-09-15 05:30:00,5.5364947,6.1595197
2017-09-15 06:00:00,5.703172,5.9596343
2017-09-15 06:30:00,6.1507893,5.6043677
2017-09-15 07:00:00,-0.38894728,3.731634
2017-09-15 07:30:00,-5.1186047,0.021343626
2017-09-15 08:00:00,-9.848261,-6.2550735
2017-09-15 08:30:00,-9.463981,-12.779048
2017-09-15 09:00:00,-15.942054,-18.141802
2017-09-15 09:30:00,-14.783037,-21.57903
2017-09-15 10:00:00,-22.968906,-25.026907
2017-09-15 10:30:00,-22.220034,-27.12803
2017-09-15 11:00:00,-18.027733,-28.271652
2017-09-15 11:30:00,-25.23861,-28.18868
2017-09-15 12:00:00,-19.236214,-26.552458
2017-09-15 12:30:00,-24.457722,-24.972723
2017-09-15 13:00:00,-22.90449,-23.1679
2017-09-15 13:30:00,-23.913326,-22.492903
2017-09-15 14:00:00,-16.810799,-21.074175
2017-09-15 14:30:00,-20.74718,-19.048698
2017-09-15 15:00:00,-14.291372,-16.906178
2017-09-15 15:30:00,-12.990772,-14.435631
2017-09-15 16:00:00,-9.094019,-11.562373
2017-09-15 16:30:00,-5.1972694,-8.256406
2017-09-15 17:00:00,-3.9663324,-5.1064076
2017-09-15 17:30:00,-0.95649225,-2.5011647
2017-09-15 18:00:00,2.053344,0.016822016
2017-09-15 18:30:00,5.063184,2.1472466
2017-09-15 19:00:00,5.872827,4.492598
2017-09-15 19:30:00,3.9475596,5.764316
2017-09-15 20:00:00,3.7900832,7.0604205
2017-09-15 20:30:00,3.508285,7.5482345
2017-09-15 21:00:00,2.8936663,7.0814157
2017-09-15 21:30:00,4.4600725,7.2778044
2017-09-15 22:00:00,3.614151,8.901749
2017-09-15 22:30:00,11.46791,10.023146
2017-09-15 23:00:00,10.733333,10.355718
2017-09-15 23:30:00,11.335517,10.347654
2017-09-16 00:00:00,8.392717,11.850622
2017-09-16 00:30:00,7.4427676,11.665478
2017-09-16 01:00:00,8.377679,11.048609
2017-09-16 01:30:00,7.2837086,10.420709
2017-09-16 02:00:00,6.234484,9.968773
2017-09-16 02:30:00,8.052933,9.238386
2017-09-16 03:00:00,12.211801,8.13699
2017-09-16 03:30:00,5.430651,8.023494
2017-09-16 04:00:00,4.7014475,7.959136
2017-09-16 04:30:00,9.185917,7.6406484
2017-09-16 05:00:00,12.166604,6.7247133
2017-09-16 05:30:00,9.655825,6.143419
2017-09-16 06:00:00,15.428067,4.970645
2017-09-16 06:30:00,7.589,4.527482
2017-09-16 07:00:00,-8.229438,2.1891317
2017-09-16 07:30:00,-13.854992,-1.8571517
2017-09-16 08:00:00,-16.666193,-8.139684
2017-09-16 08:30:00,-21.810795,-12.6109915
2017-09-16 09:00:00,-19.126099,-16.201998
2017-09-16 09:30:00,-21.087326,-19.135181
2017-09-16 10:00:00,-19.63656,-19.975304
2017-09-16 10:30:00,-22.345272,-22.781424
2017-09-16 11:00:00,-22.545982,-22.272953
2017-09-16 11:30:00,-25.854017,-23.91237
2017-09-16 12:00:00,-18.440903,-24.165306
2017-09-16 12:30:00,-18.842867,-24.918913
2017-09-16 13:00:00,-32.62017,-24.4447
2017-09-16 13:30:00,-23.521307,-24.488844
2017-09-16 14:00:00,-23.898113,-22.847454
2017-09-16 14:30:00,-16.244263,-21.571444
2017-09-16 15:00:00,-14.26957,-18.387438
2017-09-16 15:30:00,-10.618939,-16.22019
2017-09-16 16:00:00,-8.569851,-12.464589
2017-09-16 16:30:00,-5.3516746,-8.656719
2017-09-16 17:00:00,-1.3914938,-5.6978908
2017-09-16 17:30:00,0.9224365,-1.9796573
2017-09-16 18:00:00,3.594972,0.7863398
2017-09-16 18:30:00,3.0093744,3.3343086
2017-09-16 19:00:00,4.7119374,4.966026
2017-09-16 19:30:00,3.566094,5.8129306
2017-09-16 20:00:00,7.455402,6.470919
2017-09-16 20:30:00,2.5108178,6.293642
2017-09-16 21:00:00,4.9798427,6.2238846
2017-09-16 21:30:00,3.5986495,6.394666
2017-09-16 22:00:00,9.653605,6.9759192
2017-09-16 22:30:00,7.525807,7.5663056
2017-09-16 23:00:00,5.404324,7.705119
2017-09-16 23:30:00,6.879601,7.253222
2017-09-17 00:00:00,9.034518,7.4445686
2017-09-17 00:30:00,6.0737295,7.8039165
2017-09-17 01:00:00,3.031647,7.4382424
2017-09-17 01:30:00,6.5563397,7.006937
2017-09-17 02:00:00,8.362622,6.8194637
2017-09-17 02:30:00,6.653144,6.7678156
2017-09-17 03:00:00,3.416097,6.4671626
2017-09-17 03:30:00,5.188696,6.794286
2017-09-17 04:00:00,4.900451,6.5841627
2017-09-17 04:30:00,4.8078446,6.197057
2017-09-17 05:00:00,6.697629,6.339992
2017-09-17 05:30:00,8.952383,6.2432976
2017-09-17 06:00:00,6.002337,6.142149
2017-09-17 06:30:00,2.6174788,5.5481377
2017-09-17 07:00:00,-4.4313836,2.1268616
2017-09-17 07:30:00,-13.921361,-2.846465
2017-09-17 08:00:00,-18.494,-10.255662
2017-09-17 08:30:00,-21.85022,-13.534319
2017-09-17 09:00:00,-29.221094,-16.888529
2017-09-17 09:30:00,-43.549164,-19.792412
2017-09-17 10:00:00,-35.29223,-22.115698
2017-09-17 10:30:00,-33.926807,-27.527933
2017-09-17 11:00:00,-36.7644,-29.188078
2017-09-17 11:30:00,-37.503716,-27.721165
2017-09-17 12:00:00,-29.145622,-28.360641
2017-09-17 12:30:00,-37.714424,-26.038012
2017-09-17 13:00:00,-36.58408,-27.902998
2017-09-17 13:30:00,-30.846783,-25.454496
2017-09-17 14:00:00,-22.42987,-22.813967
2017-09-17 14:30:00,-28.098621,-19.756338
2017-09-17 15:00:00,-13.062843,-16.900858
2017-09-17 15:30:00,-14.906967,-13.814949
2017-09-17 16:00:00,-17.813948,-10.713825
2017-09-17 16:30:00,-14.063769,-7.8597064
2017-09-17 17:00:00,-1.2497563,-3.795359
2017-09-17 17:30:00,0.24447379,-1.0527422
2017-09-17 18:00:00,1.7387078,2.2514772
2017-09-17 18:30:00,3.2329378,3.859196
2017-09-17 19:00:00,3.2961388,3.1667717
2017-09-17 19:30:00,1.3500866,4.5066223
2017-09-17 20:00:00,2.876115,5.782312
2017-09-17 20:30:00,4.662019,6.3645444
2017-09-17 21:00:00,2.7540503,7.378444
2017-09-17 21:30:00,1.4758439,7.709279
2017-09-17 22:00:00,1.3341969,8.714561
2017-09-17 22:30:00,0.7420657,8.872004
2017-09-17 23:00:00,0.54201835,8.810065
2017-09-17 23:30:00,2.1304035,8.775611
2017-09-18 00:00:00,3.7187886,9.139265
2017-09-18 00:30:00,6.293088,8.972437
2017-09-18 01:00:00,9.548068,8.4833
2017-09-18 01:30:00,5.149396,8.01528
2017-09-18 02:00:00,2.1024337,8.081054
2017-09-18 02:30:00,2.8585298,7.063887
2017-09-18 03:00:00,7.24578,6.6880884
2017-09-18 03:30:00,4.1330585,7.0068507
2017-09-18 04:00:00,2.0427935,7.2635837
2017-09-18 04:30:00,4.2253933,7.0281363
2017-09-18 05:00:00,1.9266032,7.0639772
2017-09-18 05:30:00,0.5451948,6.962098
2017-09-18 06:00:00,0.62031007,6.5417237
2017-09-18 06:30:00,0.047101732,5.458983
2017-09-18 07:00:00,1.6584605,3.126989
2017-09-18 07:30:00,-8.452101,-2.7900655
2017-09-18 08:00:00,-8.614118,-9.2752
2017-09-18 08:30:00,-8.7761345,-16.695162
2017-09-18 09:00:00,-8.938151,-18.276604
2017-09-18 09:30:00,-13.596581,-19.924194
2017-09-18 10:00:00,-14.804692,-20.84198
2017-09-18 10:30:00,-24.464567,-26.181787
2017-09-18 11:00:00,-26.609348,-31.642284
2017-09-18 11:30:00,-33.55243,-31.918024
2017-09-18 12:00:00,-23.592505,-30.805471
2017-09-18 12:30:00,-29.93782,-30.144789
2017-09-18 13:00:00,-21.57617,-29.142593
2017-09-18 13:30:00,-31.074657,-26.810415
2017-09-18 14:00:00,-31.667889,-24.516111
2017-09-18 14:30:00,-23.712248,-22.388826
2017-09-18 15:00:00,-20.773695,-18.7285
2017-09-18 15:30:00,-11.642473,-14.745308
2017-09-18 16:00:00,-12.934347,-12.181126
2017-09-18 16:30:00,-6.914603,-10.941511
2017-09-18 17:00:00,-0.78575623,-5.396774
2017-09-18 17:30:00,0.19990577,-1.4535152
2017-09-18 18:00:00,1.1855679,1.6679935
2017-09-18 18:30:00,2.171226,3.728152
2017-09-18 19:00:00,29.256018,3.9001768
2017-09-18 19:30:00,56.34081,6.3549585
2017-09-18 20:00:00,39.86459,6.4521885
2017-09-18 20:30:00,23.38837,7.745565
2017-09-18 21:00:00,6.9121494,8.93554
2017-09-18 21:30:00,10.403952,9.374317
2017-09-18 22:00:00,9.838773,9.43271
2017-09-18 22:30:00,2.6249206,8.965564
2017-09-18 23:00:00,0.3118759,9.451207
2017-09-18 23:30:00,1.9240485,8.585315
2017-09-19 00:00:00,3.5362248,8.583344
2017-09-19 00:30:00,2.504789,8.865373
2017-09-19 01:00:00,0.90047276,8.792488
2017-09-19 01:30:00,1.7490735,8.137909
2017-09-19 02:00:00,2.5976741,7.2285714
2017-09-19 02:30:00,1.157304,7.4935
2017-09-19 03:00:00,4.736226,7.153012
2017-09-19 03:30:00,2.3714995,7.1401515
2017-09-19 04:00:00,1.4352474,6.8968363
2017-09-19 04:30:00,0.4989915,6.389285
2017-09-19 05:00:00,-0.034599997,5.913638
2017-09-19 05:30:00,1.8917718,5.874602
2017-09-19 06:00:00,4.318591,4.7084484
2017-09-19 06:30:00,6.745411,2.4206457
2017-09-19 07:00:00,7.0993814,-0.17445718
2017-09-19 07:30:00,7.453352,-4.8328385
2017-09-19 08:00:00,3.8541656,-10.574941
2017-09-19 08:30:00,0.25497898,-14.645373
2017-09-19 09:00:00,-3.344204,-19.506744
2017-09-19 09:30:00,-6.0804944,-23.587576
2017-09-19 10:00:00,-12.744677,-26.615055
2017-09-19 10:30:00,-16.25432,-30.191576
2017-09-19 11:00:00,-18.683464,-31.383997
2017-09-19 11:30:00,-21.432991,-31.094603
2017-09-19 12:00:00,-24.52962,-30.23694
2017-09-19 12:30:00,-29.991316,-28.120514
2017-09-19 13:00:00,-47.01999,-24.385931
2017-09-19 13:30:00,-9.949052,-22.78864
2017-09-19 14:00:00,-9.022317,-21.339994
2017-09-19 14:30:00,-12.279671,-19.032623
2017-09-19 15:00:00,-11.126705,-16.827412
2017-09-19 15:30:00,-11.243231,-13.702384
2017-09-19 16:00:00,-3.1002102,-10.221923
2017-09-19 16:30:00,-2.4186604,-6.56038
2017-09-19 17:00:00,1.2400533,-2.5266628
2017-09-19 17:30:00,4.8987665,-0.19498529
2017-09-19 18:00:00,5.056145,1.9737824
2017-09-19 18:30:00,2.4835262,4.0250335
2017-09-19 19:00:00,3.8358607,6.6050115
2017-09-19 19:30:00,3.3521314,8.78965
2017-09-19 20:00:00,5.10118,10.358008
2017-09-19 20:30:00,-0.48860735,10.749007
2017-09-19 21:00:00,-6.078399,9.719195
2017-09-19 21:30:00,-9.886668,9.669069
2017-09-19 22:00:00,8.168596,9.588743
2017-09-19 22:30:00,26.223864,9.434869
2017-09-19 23:00:00,2.6866596,8.7719555
2017-09-19 23:30:00,9.896006,7.51361
2017-09-20 00:00:00,4.2635145,7.1070194
2017-09-20 00:30:00,13.434444,6.980098
2017-09-20 01:00:00,6.929701,6.7500987
2017-09-20 01:30:00,8.086397,6.3929744
2017-09-20 02:00:00,8.577605,5.5616574
2017-09-20 02:30:00,3.9765842,5.1448364
2017-09-20 03:00:00,9.327907,5.4874125
2017-09-20 03:30:00,13.315345,4.823045
2017-09-20 04:00:00,6.4258013,4.751407
2017-09-20 04:30:00,2.7389407,4.405482
2017-09-20 05:00:00,3.6035178,3.9083648
2017-09-20 05:30:00,-4.789744,4.2705455
2017-09-20 06:00:00,-0.15287025,3.9763997
2017-09-20 06:30:00,4.4839993,3.0804503
2017-09-20 07:00:00,4.9356327,1.3271507
2017-09-20 07:30:00,5.38727,-0.73511046
2017-09-20 08:00:00,5.8389034,-2.4881575
2017-09-20 08:30:00,6.290537,-5.34106
2017-09-20 09:00:00,4.410825,-12.5019
2017-09-20 09:30:00,2.5311086,-15.807845
2017-09-20 10:00:00,0.65139234,-20.64701
2017-09-20 10:30:00,-1.2283239,-24.907646
2017-09-20 11:00:00,-3.10804,-27.208656
2017-09-20 11:30:00,-4.9877567,-25.336227
2017-09-20 12:00:00,-6.867473,-26.438683
2017-09-20 12:30:00,-8.747185,-26.06325
2017-09-20 13:00:00,-10.626902,-25.729147
2017-09-20 13:30:00,-14.97536,-22.835316
2017-09-20 14:00:00,-10.020791,-18.76138
2017-09-20 14:30:00,-10.457884,-15.293776
2017-09-20 15:00:00,-8.000795,-14.0184145
2017-09-20 15:30:00,-7.677026,-11.96442
2017-09-20 16:00:00,-7.1470966,-8.229762
2017-09-20 16:30:00,-1.8415446,-4.799827
2017-09-20 17:00:00,0.99526834,-1.9183141
2017-09-20 17:30:00,1.5204043,0.7610904
2017-09-20 18:00:00,2.0455368,2.943796
2017-09-20 18:30:00,3.2662773,4.2659674
2017-09-20 19:00:00,0.66429025,5.7520247
2017-09-20 19:30:00,0.8155758,6.6428194
2017-09-20 20:00:00,-3.222452,7.305217
2017-09-20 20:30:00,0.943722,7.111895
2017-09-20 21:00:00,7.746744,7.3659983
2017-09-20 21:30:00,14.5497675,7.0357175
2017-09-20 22:00:00,10.167343,8.65667
2017-09-20 22:30:00,5.784923,10.23903
2017-09-20 23:00:00,-14.138828,9.6511755
2017-09-20 23:30:00,-30.41481,8.480406
2017-09-21 00:00:00,10.182615,8.29519
2017-09-21 00:30:00,10.298851,8.132627
2017-09-21 01:00:00,6.0740724,6.8444834
2017-09-21 01:30:00,2.9658577,6.6451406
2017-09-21 02:00:00,17.37413,6.5766006
2017-09-21 02:30:00,12.677723,6.558077
2017-09-21 03:00:00,14.903591,5.6005545
2017-09-21 03:30:00,15.745824,5.1280727
2017-09-21 04:00:00,9.416244,4.939853
2017-09-21 04:30:00,3.08666,4.7246847
2017-09-21 05:00:00,11.348501,5.0273275
2017-09-21 05:30:00,28.20142,4.744331
2017-09-21 06:00:00,45.05434,4.2461624
2017-09-21 06:30:00,41.542587,4.0827403
2017-09-21 07:00:00,7.678091,3.0390964
2017-09-21 07:30:00,5.0681577,2.7422225
2017-09-21 08:00:00,-2.625023,0.7979415
2017-09-21 08:30:00,-10.318199,-0.9757995
2017-09-21 09:00:00,-11.706338,-3.6827934
2017-09-21 09:30:00,-25.28189,-6.2434077
2017-09-21 10:00:00,-25.969542,-10.074432
2017-09-21 10:30:00,-36.031303,-12.225328
2017-09-21 11:00:00,-29.441767,-15.185185
2017-09-21 11:30:00,-27.920403,-16.929224
2017-09-21 12:00:00,-18.240868,-20.054825
2017-09-21 12:30:00,-27.123074,-22.472322
2017-09-21 13:00:00,-34.583782,-22.6616
2017-09-21 13:30:00,-25.620152,-20.524672
2017-09-21 14:00:00,-27.727674,-18.103682
2017-09-21 14:30:00,-19.491201,-16.575987
2017-09-21 15:00:00,-17.196308,-15.141952
2017-09-21 15:30:00,-18.831274,-13.155653
2017-09-21 16:00:00,-8.03872,-12.057486
2017-09-21 16:30:00,2.9128191,-9.555641
2017-09-21 17:00:00,3.9097514,-6.046243
2017-09-21 17:30:00,2.6717458,-1.5043607
2017-09-21 18:00:00,4.1600184,3.00532
2017-09-21 18:30:00,6.2897234,7.8147116
2017-09-21 19:00:00,4.704115,10.011412
2017-09-21 19:30:00,4.988886,9.066991
2017-09-21 20:00:00,5.2736573,7.307941
2017-09-21 20:30:00,3.2344036,6.7663875
2017-09-21 21:00:00,5.002892,7.5617466
2017-09-21 21:30:00,1.9849433,8.128855
2017-09-21 22:00:00,2.8511066,8.423589
2017-09-21 22:30:00,3.7172663,8.464942
2017-09-21 23:00:00,4.583426,6.5061088
2017-09-21 23:30:00,0.49485797,2.8847136
2017-09-22 00:00:00,-3.5937102,5.4581876
2017-09-22 00:30:00,-7.682282,6.396354
2017-09-22 01:00:00,28.293278,6.275326
2017-09-22 01:30:00,3.9512558,5.9137363
2017-09-22 02:00:00,1.7559766,6.5344815
2017-09-22 02:30:00,-3.829041,6.6737437
2017-09-22 03:00:00,-9.414059,6.8236575
2017-09-22 03:30:00,6.2789655,6.8046703
2017-09-22 04:00:00,6.248369,6.7724614
2017-09-22 04:30:00,6.217769,6.745656
2017-09-22 05:00:00,5.226847,6.958684
2017-09-22 05:30:00,4.235925,6.4890285
2017-09-22 06:00:00,10.227692,6.105328
2017-09-22 06:30:00,17.09652,5.24158
2017-09-22 07:00:00,17.380981,4.9696164
2017-09-22 07:30:00,17.665443,5.2620554
2017-09-22 08:00:00,2.8306842,3.571742
2017-09-22 08:30:00,-12.00407,2.091593
2017-09-22 09:00:00,-34.777504,-0.0057144426
2017-09-22 09:30:00,-46.829193,-7.326115
2017-09-22 10:00:00,-38.6157,-12.660243
2017-09-22 10:30:00,-26.411922,-20.026169
2017-09-22 11:00:00,-28.163172,-20.647291
2017-09-22 11:30:00,-34.258705,-22.459812
2017-09-22 12:00:00,-31.9494,-22.138054
2017-09-22 12:30:00,-21.519163,-21.132772
2017-09-22 13:00:00,-29.570162,-20.861887
2017-09-22 13:30:00,-36.411736,-21.529531
2017-09-22 14:00:00,-33.085125,-22.125511
2017-09-22 14:30:00,-31.820843,-21.408865
2017-09-22 15:00:00,-23.401873,-19.472588
2017-09-22 15:30:00,-19.213572,-18.364223
2017-09-22 16:00:00,-15.275494,-14.230979
2017-09-22 16:30:00,-5.8291717,-8.953125
2017-09-22 17:00:00,-0.97167355,-5.0963244
2017-09-22 17:30:00,0.3668097,-2.545778
2017-09-22 18:00:00,1.7052892,-0.35240138
2017-09-22 18:30:00,1.5712386,1.950515
2017-09-22 19:00:00,4.3500767,3.311629
2017-09-22 19:30:00,4.539932,4.35441
2017-09-22 20:00:00,3.734682,5.4044223
2017-09-22 20:30:00,4.2397757,6.5421686
2017-09-22 21:00:00,4.744866,7.7442384
2017-09-22 21:30:00,3.1800086,9.147777
2017-09-22 22:00:00,15.4769535,10.063471
2017-09-22 22:30:00,9.750123,9.333389
2017-09-22 23:00:00,4.0232964,9.743333
2017-09-22 23:30:00,5.530835,8.77673
2017-09-23 00:00:00,5.489421,9.005298
2017-09-23 00:30:00,5.448003,8.344791
2017-09-23 01:00:00,2.9955118,9.961418
2017-09-23 01:30:00,3.6304214,9.178223
2017-09-23 02:00:00,4.7586946,8.723598
2017-09-23 02:30:00,1.4907652,9.279789
2017-09-23 03:00:00,2.1124754,7.8880143
2017-09-23 03:30:00,2.7341855,8.392608
2017-09-23 04:00:00,3.3558955,8.964569
2017-09-23 04:30:00,3.9776015,8.914824
2017-09-23 05:00:00,4.599312,9.312978
2017-09-23 05:30:00,5.2210217,10.207665
2017-09-23 06:00:00,6.057158,11.627488
2017-09-23 06:30:00,14.271312,10.603532
2017-09-23 07:00:00,10.208054,9.562514
2017-09-23 07:30:00,6.1448016,9.014875
2017-09-23 08:00:00,2.0815475,5.8313713
2017-09-23 08:30:00,-1.9817071,2.5175776
2017-09-23 09:00:00,-12.838398,-6.197954
2017-09-23 09:30:00,-20.846657,-12.714193
2017-09-23 10:00:00,-25.335579,-15.016876
2017-09-23 10:30:00,-34.14847,-17.131655
2017-09-23 11:00:00,-22.832478,-19.319214
2017-09-23 11:30:00,-27.484854,-21.29217
2017-09-23 12:00:00,-27.520493,-23.43235
2017-09-23 12:30:00,-28.976484,-21.878918
2017-09-23 13:00:00,-22.41955,-21.874199
2017-09-23 13:30:00,-26.306639,-22.033216
2017-09-23 14:00:00,-19.861246,-22.034931
2017-09-23 14:30:00,-17.563047,-21.041794
2017-09-23 15:00:00,-14.8251295,-19.94219
2017-09-23 15:30:00,-14.241962,-17.447498
2017-09-23 16:00:00,-9.159311,-13.840594
2017-09-23 16:30:00,-3.1774318,-9.828882
2017-09-23 17:00:00,-1.7636185,-6.1159134
2017-09-23 17:30:00,-0.8949983,-2.974973
2017-09-23 18:00:00,-0.02638197,-0.37193096
2017-09-23 18:30:00,0.84223443,1.3625437
2017-09-23 19:00:00,1.5403032,4.700675
2017-09-23 19:30:00,5.414155,6.5882926
2017-09-23 20:00:00,5.8726873,7.846058
2017-09-23 20:30:00,2.4297907,8.866134
2017-09-23 21:00:00,5.753509,9.145271
2017-09-23 21:30:00,5.2264814,8.435849
2017-09-23 22:00:00,4.4238806,9.519725
2017-09-23 22:30:00,3.121853,9.219807
2017-09-23 23:00:00,4.1794577,10.566304
2017-09-23 23:30:00,6.4616313,12.328481
2017-09-24 00:00:00,4.5553994,11.645356
2017-09-24 00:30:00,5.137289,11.989353
2017-09-24 01:00:00,2.0790794,12.232894
2017-09-24 01:30:00,5.4668126,12.450564
2017-09-24 02:00:00,4.160817,12.400374
2017-09-24 02:30:00,2.854822,12.210346
2017-09-24 03:00:00,-8.645878,12.309709
2017-09-24 03:30:00,3.0083268,11.942328
2017-09-24 04:00:00,3.6836708,11.877519
2017-09-24 04:30:00,4.3590145,12.125521
2017-09-24 05:00:00,4.179013,11.381551
2017-09-24 05:30:00,3.1407762,11.048632
2017-09-24 06:00:00,3.7143273,10.484146
2017-09-24 06:30:00,5.3860307,9.432088
2017-09-24 07:00:00,2.6113334,7.7906866
2017-09-24 07:30:00,0.6883339,5.4248447
2017-09-24 08:00:00,-8.220241,2.1220386
2017-09-24 08:30:00,-13.249917,-1.3965806
2017-09-24 09:00:00,-11.831891,-9.293155
2017-09-24 09:30:00,-18.150457,-16.865597
2017-09-24 10:00:00,-19.434593,-22.058647
2017-09-24 10:30:00,-18.61439,-25.596502
2017-09-24 11:00:00,-16.781841,-22.548624
2017-09-24 11:30:00,-18.064053,-25.210571
2017-09-24 12:00:00,-15.251303,-27.512787
2017-09-24 12:30:00,-15.40555,-26.417728
2017-09-24 13:00:00,-15.559797,-24.794582
2017-09-24 13:30:00,-15.714045,-24.17719
2017-09-24 14:00:00,-15.868296,-22.077559
2017-09-24 14:30:00,-16.022543,-20.290453
2017-09-24 15:00:00,-16.17679,-20.034382
2017-09-24 15:30:00,-16.331038,-14.0728655
2017-09-24 16:00:00,-16.485285,-12.954532
2017-09-24 16:30:00,-16.639534,-10.316783
2017-09-24 17:00:00,-16.793781,-7.131034
2017-09-24 17:30:00,-16.948029,-3.9083576
2017-09-24 18:00:00,-17.102276,-1.5903391
2017-09-24 18:30:00,-17.256527,1.2234665
2017-09-24 19:00:00,-17.410774,2.7905962
2017-09-24 19:30:00,-17.565022,6.1158786
2017-09-24 20:00:00,-17.719269,7.34128
2017-09-24 20:30:00,-17.87352,8.267698
2017-09-24 21:00:00,-18.027767,8.996756
2017-09-24 21:30:00,-18.182014,9.402525
2017-09-24 22:00:00,-18.336262,10.016521
2017-09-24 22:30:00,-18.49051,9.739837
2017-09-24 23:00:00,-18.64476,8.943333
2017-09-24 23:30:00,-18.799007,8.60119
2017-09-25 00:00:00,-18.953257,9.01607
2017-09-25 00:30:00,-19.107504,9.841799
2017-09-25 01:00:00,-19.261753,8.424372
2017-09-25 01:30:00,-19.416,8.209098
2017-09-25 02:00:00,-19.57025,8.603333
2017-09-25 02:30:00,-19.724495,8.658976
2017-09-25 03:00:00,-19.878744,9.004514
2017-09-25 03:30:00,-20.032991,9.287834
2017-09-25 04:00:00,-20.187239,9.282521
2017-09-25 04:30:00,-20.341488,9.350553
2017-09-25 05:00:00,-20.495735,9.494298
2017-09-25 05:30:00,-20.649984,9.681674
2017-09-25 06:00:00,-20.804232,10.036055
2017-09-25 06:30:00,-20.95848,10.753039
2017-09-25 07:00:00,-21.112728,9.444241
2017-09-25 07:30:00,-21.266977,6.3370986
2017-09-25 08:00:00,-21.421225,-0.03228267
2017-09-25 08:30:00,-21.575474,-8.0332155
2017-09-25 09:00:00,-21.729721,-13.049301
2017-09-25 09:30:00,-21.88397,-16.775808
2017-09-25 10:00:00,-22.038218,-19.41991
2017-09-25 10:30:00,-22.192467,-22.383307
2017-09-25 11:00:00,-22.346714,-24.733715
2017-09-25 11:30:00,-22.500963,-25.62359
2017-09-25 12:00:00,-22.655209,-24.83984
2017-09-25 12:30:00,-22.809458,-25.370188
2017-09-25 13:00:00,-22.963705,-24.973812
2017-09-25 13:30:00,-23.117954,-23.701138
2017-09-25 14:00:00,-23.272202,-22.856995
2017-09-25 14:30:00,-23.42645,-20.461348
2017-09-25 15:00:00,-23.580698,-17.369467
2017-09-25 15:30:00,-23.580698,-14.053487
2017-09-25 16:00:00,-23.580698,-13.274033
2017-09-25 16:30:00,-23.580698,-9.498647
2017-09-25 17:00:00,-23.580698,-6.5398674
2017-09-25 17:30:00,-23.580698,-5.351935
2017-09-25 18:00:00,-23.580698,-4.3673463
2017-09-25 18:30:00,-23.580698,-4.359562
2017-09-25 19:00:00,-23.580698,-2.9169645
2017-09-25 19:30:00,-23.580698,-2.840165
2017-09-25 20:00:00,-23.580698,-2.7833736
2017-09-25 20:30:00,-23.580698,-1.9452893
2017-09-25 21:00:00,-23.580698,-0.9428709
2017-09-25 21:30:00,-23.580698,0.3032321
2017-09-25 22:00:00,-23.580698,-0.2481142
2017-09-25 22:30:00,-23.580698,-1.0917712
2017-09-25 23:00:00,-23.580698,-1.8214272
2017-09-25 23:30:00,-23.580698,-3.887042
2017-09-26 00:00:00,-23.580698,-4.9949307
2017-09-26 00:30:00,-23.580698,-6.68558
2017-09-26 01:00:00,-23.580698,-7.047373
2017-09-26 01:30:00,-23.580698,-7.0482016
2017-09-26 02:00:00,-23.580698,-6.8935814
2017-09-26 02:30:00,-23.580698,-6.929144
2017-09-26 03:00:00,-23.580698,-7.8382096
2017-09-26 03:30:00,-23.580698,-7.4898953
2017-09-26 04:00:00,-23.580698,-7.6834726
2017-09-26 04:30:00,-23.580698,-7.916776
2017-09-26 05:00:00,-23.580698,-7.823974
2017-09-26 05:30:00,-23.580698,-7.7475476
2017-09-26 06:00:00,-23.580698,-7.56411
2017-09-26 06:30:00,-23.580698,-9.051674
2017-09-26 07:00:00,-23.580698,-10.637339
2017-09-26 07:30:00,-23.580698,-12.682433
2017-09-26 08:00:00,-23.580698,-15.44783
2017-09-26 08:30:00,-28.979382,-17.569298
2017-09-26 09:00:00,-8.743191,-20.758568
2017-09-26 09:30:00,-7.7541947,-23.781977
2017-09-26 10:00:00,-6.9581275,-24.58686
2017-09-26 10:30:00,-14.813238,-24.915777
2017-09-26 11:00:00,-16.478012,-24.584894
2017-09-26 11:30:00,-22.745941,-24.271177
2017-09-26 12:00:00,-15.680995,-24.125366
2017-09-26 12:30:00,-22.1466,-22.961685
2017-09-26 13:00:00,-21.820194,-22.657745
2017-09-26 13:30:00,-14.248756,-20.487513
2017-09-26 14:00:00,-21.23427,-19.941513
2017-09-26 14:30:00,-13.977938,-18.831427
2017-09-26 15:00:00,-12.398912,-18.422497
2017-09-26 15:30:00,-12.836096,-16.863186
2017-09-26 16:00:00,-11.64103,-14.747599
2017-09-26 16:30:00,-11.344417,-13.781775
2017-09-26 17:00:00,-4.7378173,-13.422051
2017-09-26 17:30:00,1.8687869,-12.290138
2017-09-26 18:00:00,4.6260533,-10.778996
2017-09-26 18:30:00,4.693207,-9.276081
2017-09-26 19:00:00,5.3892107,-7.704928
2017-09-26 19:30:00,2.937786,-6.593486
2017-09-26 20:00:00,6.678292,-5.364584
2017-09-26 20:30:00,4.2436004,-5.6610694
2017-09-26 21:00:00,3.0595756,-5.8624997
2017-09-26 21:30:00,3.2798119,-5.494079
2017-09-26 22:00:00,5.151758,-4.989381
2017-09-26 22:30:00,5.401856,-5.368491
2017-09-26 23:00:00,4.448004,-6.4406557
2017-09-26 23:30:00,3.7868652,-9.283667
2017-09-27 00:00:00,4.6596603,-10.587341
2017-09-27 00:30:00,3.683961,-11.898431
2017-09-27 01:00:00,2.9619954,-12.285669
2017-09-27 01:30:00,14.373643,-13.090372
2017-09-27 02:00:00,5.5998874,-12.565888
2017-09-27 02:30:00,5.6132903,-13.281512
2017-09-27 03:00:00,7.369058,-10.889181
2017-09-27 03:30:00,6.5782285,-10.602865
2017-09-27 04:00:00,6.3194265,-10.42974
2017-09-27 04:30:00,6.3079944,-10.303048
2017-09-27 05:00:00,7.0560117,-10.560761
2017-09-27 05:30:00,3.507833,-10.515206
2017-09-27 06:00:00,-5.1922617,-11.500084
2017-09-27 06:30:00,1.6794482,-13.285439
2017-09-27 07:00:00,8.551162,-15.318909
2017-09-27 07:30:00,4.6024013,-16.881893
2017-09-27 08:00:00,-0.064698845,-18.0186
2017-09-27 08:30:00,-5.7473645,-19.859789
2017-09-27 09:00:00,-9.383914,-17.729164
2017-09-27 09:30:00,-13.020461,-13.181969
2017-09-27 10:00:00,-16.657007,-10.7532835
2017-09-27 10:30:00,-20.293556,-11.199883
2017-09-27 11:00:00,-23.930101,-13.31828
2017-09-27 11:30:00,-18.559677,-16.298067
2017-09-27 12:00:00,-27.200516,-16.141838
2017-09-27 12:30:00,-20.36446,-17.253386
2017-09-27 13:00:00,-15.685535,-18.836332
2017-09-27 13:30:00,-17.960094,-17.09638
2017-09-27 14:00:00,-20.23465,-16.47106
2017-09-27 14:30:00,-6.528054,-14.12584
2017-09-27 15:00:00,-3.0835934,-12.164204
2017-09-27 15:30:00,-0.60410434,-10.931484
2017-09-27 16:00:00,-0.16996194,-9.525173
2017-09-27 16:30:00,0.2641767,-8.774055
2017-09-27 17:00:00,2.1862943,-5.6343694
2017-09-27 17:30:00,2.9073255,-2.9347117
2017-09-27 18:00:00,3.882584,-1.839996
2017-09-27 18:30:00,6.7498913,-0.44263387
2017-09-27 19:00:00,6.3055563,0.98899835
2017-09-27 19:30:00,7.1605177,2.613319
2017-09-27 20:00:00,5.6763406,3.2191885
2017-09-27 20:30:00,7.8966208,2.5263872
2017-09-27 21:00:00,6.9290977,2.814542
2017-09-27 21:30:00,6.8429723,2.059712
2017-09-27 22:00:00,7.894793,2.4073822
2017-09-27 22:30:00,8.946618,3.0460784
2017-09-27 23:00:00,9.998439,2.1123774
2017-09-27 23:30:00,11.050263,1.3592241
2017-09-28 00:00:00,12.102084,0.8910038
2017-09-28 00:30:00,13.153909,0.31906152
2017-09-28 01:00:00,2.9644823,-0.05192153
2017-09-28 01:30:00,-7.2249436,0.33241534
2017-09-28 02:00:00,3.0343714,-0.5694198
2017-09-28 02:30:00,1.5070732,-1.0983578
2017-09-28 03:00:00,-5.3688,-1.3764405
2017-09-28 03:30:00,-12.244677,-1.0826678
2017-09-28 04:00:00,-19.120554,-0.9122068
2017-09-28 04:30:00,-25.996431,-1.5472481
2017-09-28 05:00:00,-32.87231,-1.4898915
2017-09-28 05:30:00,7.8081665,-1.9599054
2017-09-28 06:00:00,7.357569,-2.1953795
2017-09-28 06:30:00,2.5289044,-1.10823
2017-09-28 07:00:00,3.58311,-2.1714678
2017-09-28 07:30:00,-0.8175545,-4.5073957
2017-09-28 08:00:00,-10.951119,-5.9040985
2017-09-28 08:30:00,-18.69169,-6.380394
2017-09-28 09:00:00,-33.3497,-8.016647
2017-09-28 09:30:00,-29.041046,-9.601849
2017-09-28 10:00:00,-36.24624,-12.522477
2017-09-28 10:30:00,-34.315865,-14.941561
2017-09-28 11:00:00,-30.352575,-17.020409
2017-09-28 11:30:00,-28.06377,-19.644289
2017-09-28 12:00:00,-24.09108,-21.647343
2017-09-28 12:30:00,-29.72886,-20.907
2017-09-28 13:00:00,-23.144875,-21.031334
2017-09-28 13:30:00,-25.8867,-20.218744
2017-09-28 14:00:00,-36.030914,-21.071192
2017-09-28 14:30:00,-26.27956,-18.895607
2017-09-28 15:00:00,-9.274611,-14.523614
2017-09-28 15:30:00,-11.1141615,-12.048341
2017-09-28 16:00:00,-6.3790827,-9.357712
2017-09-28 16:30:00,-6.2177362,-7.8651586
2017-09-28 17:00:00,-1.3805816,-5.6740503
2017-09-28 17:30:00,1.6436032,-4.086769
2017-09-28 18:00:00,2.5039074,-2.407899
2017-09-28 18:30:00,1.687817,-0.61705494
2017-09-28 19:00:00,1.7572953,0.8228707
2017-09-28 19:30:00,1.8267736,1.6677486
2017-09-28 20:00:00,2.6197133,2.1723037
2017-09-28 20:30:00,1.1671423,2.8071415
2017-09-28 21:00:00,2.2089515,2.9206529
2017-09-28 21:30:00,8.420356,3.2746346
2017-09-28 22:00:00,1.8514202,3.6531463
2017-09-28 22:30:00,-20.69118,3.8626287
2017-09-28 23:00:00,2.241767,2.5000603
2017-09-28 23:30:00,13.052338,2.1955674
2017-09-29 00:00:00,-1.6306982,2.0137084
2017-09-29 00:30:00,11.604123,2.1577065
2017-09-29 01:00:00,2.1523936,1.9849659
2017-09-29 01:30:00,0.8750011,1.8882035
2017-09-29 02:00:00,0.41320142,3.0120986
2017-09-29 02:30:00,0.8509988,3.9438255
2017-09-29 03:00:00,1.2887925,2.6462288
2017-09-29 03:30:00,-4.813957,1.5511099
2017-09-29 04:00:00,-2.8356621,-0.33711457
2017-09-29 04:30:00,-0.8573672,-2.5943816
2017-09-29 05:00:00,-0.5805618,-5.577405
2017-09-29 05:30:00,-0.3037564,-1.0403191
2017-09-29 06:00:00,-0.026950939,1.4116786
2017-09-29 06:30:00,0.24985449,1.6342962
2017-09-29 07:00:00,7.56143,1.8119917
2017-09-29 07:30:00,14.873002,0.052143328
2017-09-29 08:00:00,0.0005216114,-5.603773
2017-09-29 08:30:00,-14.871963,-7.4589524
2017-09-29 09:00:00,-9.066177,-15.012234
2017-09-29 09:30:00,-16.947216,-19.248482
2017-09-29 10:00:00,-24.410236,-25.683004
2017-09-29 10:30:00,-26.47036,-28.486376
2017-09-29 11:00:00,-28.8253,-30.253603
2017-09-29 11:30:00,-20.69199,-29.749014
2017-09-29 12:00:00,-27.581081,-29.448624
2017-09-29 12:30:00,-36.39921,-28.608189
2017-09-29 13:00:00,-15.452273,-27.043625
2017-09-29 13:30:00,-14.628832,-26.10172
2017-09-29 14:00:00,-11.479473,-25.201687
2017-09-29 14:30:00,-7.7300754,-23.648645
2017-09-29 15:00:00,-21.892054,-18.191462
2017-09-29 15:30:00,-12.990046,-14.339332
2017-09-29 16:00:00,-6.9269586,-9.914001
2017-09-29 16:30:00,-2.3824008,-5.374475
2017-09-29 17:00:00,-0.50089103,-0.77588403
2017-09-29 17:30:00,0.45828187,2.0746143
2017-09-29 18:00:00,1.4174548,4.159615
2017-09-29 18:30:00,1.4130462,4.5739717
2017-09-29 19:00:00,3.400524,6.172693
2017-09-29 19:30:00,3.678893,8.189945
2017-09-29 20:00:00,3.9572618,8.092794
2017-09-29 20:30:00,3.043064,8.489581
2017-09-29 21:00:00,3.4144578,9.106103
2017-09-29 21:30:00,3.4732049,9.618552
2017-09-29 22:00:00,3.4574697,9.775602
2017-09-29 22:30:00,3.8832018,8.093895
2017-09-29 23:00:00,2.7180283,8.994871
2017-09-29 23:30:00,2.6462364,10.00038
2017-09-30 00:00:00,4.2873807,8.936429
2017-09-30 00:30:00,3.1674538,9.215096
2017-09-30 01:00:00,4.266883,8.943031
2017-09-30 01:30:00,4.0487266,8.50974
2017-09-30 02:00:00,3.0737884,8.99359
2017-09-30 02:30:00,2.644831,8.901741
2017-09-30 03:00:00,2.5727527,9.110771
2017-09-30 03:30:00,4.4644623,9.009205
2017-09-30 04:00:00,4.474817,8.479716
2017-09-30 04:30:00,3.4502313,8.043155
2017-09-30 05:00:00,2.7594085,6.909798
2017-09-30 05:30:00,2.0685892,6.893769
2017-09-30 06:00:00,4.1128654,7.884111
2017-09-30 06:30:00,4.210532,7.379518
2017-09-30 07:00:00,3.1121016,6.69628
2017-09-30 07:30:00,-4.800072,5.5757837
2017-09-30 08:00:00,-9.325853,1.5609218
2017-09-30 08:30:00,-15.543926,-6.5349197
2017-09-30 09:00:00,-18.717041,-12.893354
2017-09-30 09:30:00,-19.303505,-18.00003
2017-09-30 10:00:00,-20.103481,-22.30784
2017-09-30 10:30:00,-18.431335,-24.954758
2017-09-30 11:00:00,-25.991491,-26.875975
2017-09-30 11:30:00,-23.32087,-26.60695
2017-09-30 12:00:00,-13.762713,-26.359713
2017-09-30 12:30:00,-8.398131,-25.90456
2017-09-30 13:00:00,-9.109705,-23.796291
2017-09-30 13:30:00,-5.828094,-19.036238
2017-09-30 14:00:00,-4.62876,-15.89856
2017-09-30 14:30:00,-19.456375,-12.015009
2017-09-30 15:00:00,-14.653165,-12.479149
2017-09-30 15:30:00,-9.8499565,-9.542457
2017-09-30 16:00:00,-5.046745,-6.337653
2017-09-30 16:30:00,-0.4952503,-2.3996243
2017-09-30 17:00:00,0.11525747,0.5163846
2017-09-30 17:30:00,0.7257653,2.8095644
2017-09-30 18:00:00,1.3362769,4.946108
2017-09-30 18:30:00,1.9467847,6.1073327
2017-09-30 19:00:00,2.5572925,7.640038
2017-09-30 19:30:00,3.167804,9.32418
2017-09-30 20:00:00,3.778312,9.949692
2017-09-30 20:30:00,4.388819,10.024351
2017-09-30 21:00:00,4.999331,10.225013
2017-09-30 21:30:00,5.609839,10.1791935
2017-09-30 22:00:00,6.2203465,9.769969
2017-09-30 22:30:00,6.830858,9.844421
2017-09-30 23:00:00,7.441366,8.681972
2017-09-30 23:30:00,8.051874,7.8253713
2017-10-01 00:00:00,8.662386,7.163717
2017-10-01 00:30:00,9.272894,6.2749677
2017-10-01 01:00:00,9.883402,6.312806
2017-10-01 01:30:00,10.493909,7.2161107
2017-10-01 02:00:00,11.104421,6.9877505
2017-10-01 02:30:00,11.714929,5.767956
2017-10-01 03:00:00,1.840297,5.581119
2017-10-01 03:30:00,3.4120502,5.424773
2017-10-01 04:00:00,3.4790378,6.387616
2017-10-01 04:30:00,3.5460293,7.7855096
2017-10-01 05:00:00,3.6130207,9.358251
2017-10-01 05:30:00,3.680012,9.478409
2017-10-01 06:00:00,3.7470036,9.444067
2017-10-01 06:30:00,5.437411,9.083092
2017-10-01 07:00:00,7.127815,8.272996
2017-10-01 07:30:00,3.2829168,4.9416995
2017-10-01 08:00:00,-0.5619855,-0.75838166
2017-10-01 08:30:00,-3.4492598,-8.989856
2017-10-01 09:00:00,-3.2738023,-13.635879
2017-10-01 09:30:00,-5.63845,-19.981062
2017-10-01 10:00:00,-14.331261,-19.929207
2017-10-01 10:30:00,-17.785944,-23.528637
2017-10-01 11:00:00,-19.612703,-23.534346
2017-10-01 11:30:00,-6.583512,-25.033953
2017-10-01 12:00:00,-6.2352614,-24.02029
2017-10-01 12:30:00,-8.132182,-20.485168
2017-10-01 13:00:00,-10.029099,-19.341072
2017-10-01 13:30:00,-7.1021934,-17.862381
2017-10-01 14:00:00,-0.8985252,-13.861326
2017-10-01 14:30:00,-2.5809524,-14.268519
2017-10-01 15:00:00,-4.2633758,-13.761029
2017-10-01 15:30:00,-14.078175,-10.168274
2017-10-01 16:00:00,13.413923,-7.439909
2017-10-01 16:30:00,5.5162187,-3.547586
2017-10-01 17:00:00,5.678296,1.1279136
2017-10-01 17:30:00,5.840373,2.506564
2017-10-01 18:00:00,6.002454,3.5891278
2017-10-01 18:30:00,6.164531,4.8430266
2017-10-01 19:00:00,5.964947,7.751051
2017-10-01 19:30:00,5.765363,7.9563026
2017-10-01 20:00:00,5.5657835,8.461645
2017-10-01 20:30:00,7.7822275,8.529756
2017-10-01 21:00:00,6.0432954,8.874446
2017-10-01 21:30:00,1.1365083,8.215146
2017-10-01 22:00:00,-3.770279,7.3540463
2017-10-01 22:30:00,-8.677066,9.161515
2017-10-01 23:00:00,-13.583854,9.054036
2017-10-01 23:30:00,-18.49064,8.389243
2017-10-02 00:00:00,-23.397429,7.062772
2017-10-02 00:30:00,-28.304214,6.636493
2017-10-02 01:00:00,-27.675303,6.080459
2017-10-02 01:30:00,-27.04639,6.289855
2017-10-02 02:00:00,-26.417475,6.3940744
2017-10-02 02:30:00,-25.788563,6.026697
2017-10-02 03:00:00,-25.15965,5.636671
2017-10-02 03:30:00,-24.530735,6.2472124
2017-10-02 04:00:00,-23.901823,6.618207
2017-10-02 04:30:00,-23.272911,6.731364
2017-10-02 05:00:00,-22.643995,6.9128013
2017-10-02 05:30:00,-22.015083,6.7639046
2017-10-02 06:00:00,-21.386171,5.8636556
2017-10-02 06:30:00,-20.757256,4.839541
2017-10-02 07:00:00,-20.128344,2.1886268
2017-10-02 07:30:00,-19.499432,-0.80160445
2017-10-02 08:00:00,-18.870516,-4.7887907
2017-10-02 08:30:00,-18.241602,-7.545669
2017-10-02 09:00:00,-17.612692,-13.239457
2017-10-02 09:30:00,-16.983776,-15.99392
2017-10-02 10:00:00,-16.354866,-19.294138
2017-10-02 10:30:00,-15.725951,-22.218195
2017-10-02 11:00:00,-15.097036,-20.828667
2017-10-02 11:30:00,-14.468126,-19.647284
2017-10-02 12:00:00,-13.839211,-17.344276
2017-10-02 12:30:00,-13.210297,-14.561753
2017-10-02 13:00:00,-12.581386,-15.760689
2017-10-02 13:30:00,-11.952472,-14.479102
2017-10-02 14:00:00,-11.323557,-11.854952
2017-10-02 14:30:00,-10.694646,-9.882968
2017-10-02 15:00:00,-10.065732,-7.6628995
2017-10-02 15:30:00,-4.7278204,-7.5567436
2017-10-02 16:00:00,-8.172703,-3.7097383
2017-10-02 16:30:00,-8.899371,-0.9529503
2017-10-02 17:00:00,-3.4545915,-0.41852614
2017-10-02 17:30:00,1.9901847,1.536053
2017-10-02 18:00:00,5.677501,2.5498583
2017-10-02 18:30:00,5.332521,3.935287
2017-10-02 19:00:00,4.1338687,4.561993
2017-10-02 19:30:00,2.9352162,5.2317457
2017-10-02 20:00:00,4.995812,6.010457
2017-10-02 20:30:00,3.0501142,6.5232344
2017-10-02 21:00:00,1.7216274,7.317723
2017-10-02 21:30:00,2.2590847,7.1863737
2017-10-02 22:00:00,2.0962992,6.8339176
2017-10-02 22:30:00,2.132721,5.533465
2017-10-02 23:00:00,4.5321884,3.7529345
2017-10-02 23:30:00,3.7764618,2.303242
2017-10-03 00:00:00,3.871589,0.87072057
2017-10-03 00:30:00,6.186604,-0.59873116
2017-10-03 01:00:00,4.407893,-0.56821406
2017-10-03 01:30:00,1.9839976,-0.9254024
2017-10-03 02:00:00,3.187394,-0.6412757
2017-10-03 02:30:00,3.8602848,-0.6183286
2017-10-03 03:00:00,4.47265,-1.9499089
2017-10-03 03:30:00,2.7373807,-2.624499
2017-10-03 04:00:00,3.8577793,-3.0002148
2017-10-03 04:30:00,6.915122,-4.2047305
2017-10-03 05:00:00,6.391188,-5.6476216
2017-10-03 05:30:00,3.5348947,-7.2138133
2017-10-03 06:00:00,3.8096392,-8.994607
2017-10-03 06:30:00,2.8110113,-10.343155
2017-10-03 07:00:00,0.5500744,-12.639308
2017-10-03 07:30:00,-3.0188966,-14.096487
2017-10-03 08:00:00,-6.781351,-15.291715
2017-10-03 08:30:00,-4.6604147,-15.28933
2017-10-03 09:00:00,-8.376402,-15.071248
2017-10-03 09:30:00,-7.5793853,-15.303828
2017-10-03 10:00:00,-10.146363,-15.642765
2017-10-03 10:30:00,-7.6304455,-15.209033
2017-10-03 11:00:00,-5.5302367,-13.932444
2017-10-03 11:30:00,-14.973973,-12.727905
2017-10-03 12:00:00,-13.726367,-12.407756
2017-10-03 12:30:00,-12.478757,-11.633284
2017-10-03 13:00:00,-13.349499,-9.221107
2017-10-03 13:30:00,-14.22024,-8.476246
2017-10-03 14:00:00,-9.401138,-9.170913
2017-10-03 14:30:00,-4.5820365,-7.683616
2017-10-03 15:00:00,-7.158352,-6.720053
2017-10-03 15:30:00,-5.157656,-4.1926694
2017-10-03 16:00:00,-3.156964,-2.6450198
2017-10-03 16:30:00,-2.1675942,-1.6075363
2017-10-03 17:00:00,3.2997634,0.4017316
2017-10-03 17:30:00,5.48242,2.016557
2017-10-03 18:00:00,4.6684284,2.7560775
2017-10-03 18:30:00,4.7445307,4.2540417
2017-10-03 19:00:00,-3.7394114,5.250239
2017-10-03 19:30:00,-12.223353,5.9863343
2017-10-03 20:00:00,-4.519834,7.455089
2017-10-03 20:30:00,4.3771424,8.40014
2017-10-03 21:00:00,3.7171156,7.595553
2017-10-03 21:30:00,3.2112794,9.107689
2017-10-03 22:00:00,2.152582,8.947184
2017-10-03 22:30:00,3.770904,9.040193
2017-10-03 23:00:00,4.8900175,8.186867
2017-10-03 23:30:00,4.3576055,7.5013676
2017-10-04 00:00:00,6.8014374,7.176701
2017-10-04 00:30:00,9.245271,6.462799
2017-10-04 01:00:00,11.689107,5.0781918
2017-10-04 01:30:00,14.132936,3.7019117
2017-10-04 02:00:00,2.3258915,2.6914675
2017-10-04 02:30:00,2.766221,1.8213816
2017-10-04 03:00:00,2.6844704,0.6583104
2017-10-04 03:30:00,3.3251147,0.56627303
2017-10-04 04:00:00,2.1169217,-0.18081757
2017-10-04 04:30:00,2.436181,-0.8678084
2017-10-04 05:00:00,2.2519143,-1.5398967
2017-10-04 05:30:00,2.8524518,-1.6555897
2017-10-04 06:00:00,3.5292766,-2.0245304
2017-10-04 06:30:00,3.4087381,-1.819336
2017-10-04 07:00:00,-3.1872663,-2.7606938
2017-10-04 07:30:00,-9.783271,-3.1060846
2017-10-04 08:00:00,-20.186728,-4.8697124
2017-10-04 08:30:00,-16.353935,-5.306613
2017-10-04 09:00:00,-17.781105,-6.935154
2017-10-04 09:30:00,-14.1816025,-8.577259
2017-10-04 10:00:00,-13.561072,-9.321448
2017-10-04 10:30:00,-10.675313,-8.904171
2017-10-04 11:00:00,-16.354145,-7.5813446
2017-10-04 11:30:00,-14.40806,-9.550272
2017-10-04 12:00:00,-13.804425,-11.4131
2017-10-04 12:30:00,-13.513384,-10.99889
2017-10-04 13:00:00,-9.961851,-10.289088
2017-10-04 13:30:00,-9.030098,-9.902592
2017-10-04 14:00:00,-10.96453,-9.395926
2017-10-04 14:30:00,-7.049076,-7.683797
2017-10-04 15:00:00,-3.1336212,-6.664551
2017-10-04 15:30:00,24.638754,-4.1738744
2017-10-04 16:00:00,1.090972,-3.5319562
2017-10-04 16:30:00,1.467249,-2.6118877
2017-10-04 17:00:00,1.8435299,-0.91940373
2017-10-04 17:30:00,3.6413448,0.579868
2017-10-04 18:00:00,-25.451332,1.9906518
2017-10-04 18:30:00,4.6917295,3.018866
2017-10-04 19:00:00,4.3143034,2.990376
2017-10-04 19:30:00,3.9368773,2.2730904
2017-10-04 20:00:00,3.5594509,1.8800758
2017-10-04 20:30:00,5.272244,2.480964
2017-10-04 21:00:00,6.985034,2.2931588
2017-10-04 21:30:00,8.6978245,1.6663657
2017-10-04 22:00:00,10.410614,0.99340695
2017-10-04 22:30:00,12.123404,0.30106172
2017-10-04 23:00:00,13.836197,-0.65800565
2017-10-04 23:30:00,15.548983,-2.1732123
2017-10-05 00:00:00,17.261776,-2.4494526
2017-10-05 00:30:00,18.97457,-1.8374602
2017-10-05 01:00:00,20.687355,-1.241316
2017-10-05 01:30:00,22.400148,-0.6614082
2017-10-05 02:00:00,24.112936,-0.9362241
2017-10-05 02:30:00,25.82573,-0.7754696
2017-10-05 03:00:00,27.538515,-1.4796425
2017-10-05 03:30:00,19.666964,-0.8670322
2017-10-05 04:00:00,11.795405,-0.32558823
2017-10-05 04:30:00,1.5858735,-0.254192
2017-10-05 05:00:00,2.9777458,-0.19956718
2017-10-05 05:30:00,0.22235557,0.1720715
2017-10-05 06:00:00,2.0860426,0.6531708
2017-10-05 06:30:00,0.3365526,0.20264135
2017-10-05 07:00:00,0.5638653,-0.32666963
2017-10-05 07:30:00,-0.36429322,-1.848817
2017-10-05 08:00:00,-1.2924554,-6.898868
2017-10-05 08:30:00,-3.4737403,-8.732644
2017-10-05 09:00:00,-2.7036688,-11.049615
2017-10-05 09:30:00,-8.291534,-13.967885
2017-10-05 10:00:00,-11.317151,-15.168459
2017-10-05 10:30:00,-10.688309,-16.07549
2017-10-05 11:00:00,-11.381551,-17.545458
2017-10-05 11:30:00,-12.074792,-18.699516
2017-10-05 12:00:00,-12.768034,-19.376492
2017-10-05 12:30:00,-13.461272,-19.528313
2017-10-05 13:00:00,-14.154514,-17.866829
2017-10-05 13:30:00,-14.847756,-15.566677
2017-10-05 14:00:00,-15.540998,-14.593894
2017-10-05 14:30:00,-16.23424,-12.898231
2017-10-05 15:00:00,-16.927483,-10.656145
2017-10-05 15:30:00,-17.620724,-5.9312434
2017-10-05 16:00:00,-18.313963,-4.0710416
2017-10-05 16:30:00,-19.007206,-1.8851292
2017-10-05 17:00:00,-19.700447,0.49719036
2017-10-05 17:30:00,0.5413062,1.5116324
2017-10-05 18:00:00,1.1309129,-0.07905873
2017-10-05 18:30:00,1.7343482,1.3228062
2017-10-05 19:00:00,1.2670435,1.3479614
2017-10-05 19:30:00,3.1110466,2.1278677
2017-10-05 20:00:00,3.8979914,2.8902564
2017-10-05 20:30:00,4.0141926,2.4490867
2017-10-05 21:00:00,18.425488,3.2321315
2017-10-05 21:30:00,1.5654736,4.061636
2017-10-05 22:00:00,0.42342028,4.2445197
2017-10-05 22:30:00,1.5020089,5.0719895
2017-10-05 23:00:00,1.7722769,4.972612
2017-10-05 23:30:00,1.4824228,4.8407655
2017-10-06 00:00:00,1.8290646,4.722292
2017-10-06 00:30:00,1.0886358,4.617632
2017-10-06 01:00:00,0.90485495,4.745024
2017-10-06 01:30:00,0.85888904,4.405523
2017-10-06 02:00:00,1.3356174,4.3632197
2017-10-06 02:30:00,1.8267623,4.1411443
2017-10-06 03:00:00,1.5610461,4.0524416
2017-10-06 03:30:00,1.0354805,3.3438003
2017-10-06 04:00:00,0.9940965,3.411127
2017-10-06 04:30:00,2.8159099,2.4391842
2017-10-06 05:00:00,3.136439,2.2632673
2017-10-06 05:30:00,3.8500774,1.6529742
2017-10-06 06:00:00,2.0823388,1.0633864
2017-10-06 06:30:00,0.24314743,0.42225218
2017-10-06 07:00:00,-1.7085792,-0.15024395
2017-10-06 07:30:00,-4.2170258,-1.1556315
2017-10-06 08:00:00,-8.139108,-2.388829
2017-10-06 08:30:00,-14.01968,-3.877475
2017-10-06 09:00:00,-18.621475,-6.44139
2017-10-06 09:30:00,-14.456106,-9.7771435
2017-10-06 10:00:00,-16.457758,-12.478255
2017-10-06 10:30:00,-17.245592,-14.981837
2017-10-06 11:00:00,-17.688665,-16.55485
2017-10-06 11:30:00,-22.874641,-17.926615
2017-10-06 12:00:00,-28.645897,-18.266003
2017-10-06 12:30:00,-35.48296,-18.780043
2017-10-06 13:00:00,-28.740211,-17.359514
2017-10-06 13:30:00,-21.11127,-14.911598
2017-10-06 14:00:00,-16.962679,-13.951449
2017-10-06 14:30:00,-15.299575,-12.7035
2017-10-06 15:00:00,-10.783299,-12.829574
2017-10-06 15:30:00,-7.9865522,-12.5974455
2017-10-06 16:00:00,-7.261776,-12.1267
2017-10-06 16:30:00,-5.600736,-10.524691
2017-10-06 17:00:00,-2.456348,-10.441888
2017-10-06 17:30:00,0.2419153,-7.2688637
2017-10-06 18:00:00,2.3758893,-4.922751
2017-10-06 18:30:00,1.3751062,-2.9008148
2017-10-06 19:00:00,2.0650098,-1.7700429
2017-10-06 19:30:00,1.278875,0.22906639
2017-10-06 20:00:00,0.49273655,1.7785921
2017-10-06 20:30:00,0.74101067,2.3730407
2017-10-06 21:00:00,1.5156982,4.3785176
2017-10-06 21:30:00,2.290382,4.185068
2017-10-06 22:00:00,0.27471206,4.2841477
2017-10-06 22:30:00,0.91488165,5.2067714
2017-10-06 23:00:00,0.42998037,4.445415
2017-10-06 23:30:00,1.0152011,4.38524
2017-10-07 00:00:00,1.6004181,4.3867545
2017-10-07 00:30:00,2.9364672,3.5624955
2017-10-07 01:00:00,1.7146,2.5471227
2017-10-07 01:30:00,1.6291378,2.0294585
2017-10-07 02:00:00,1.235396,2.2637947
2017-10-07 02:30:00,2.958544,2.273716
2017-10-07 03:00:00,2.3657873,2.5999804
2017-10-07 03:30:00,1.1444024,3.1298904
2017-10-07 04:00:00,1.211827,3.2803054
2017-10-07 04:30:00,2.995493,3.184941
2017-10-07 05:00:00,2.7207148,3.3327901
2017-10-07 05:30:00,2.4459329,3.3449156
2017-10-07 06:00:00,1.7385155,2.5992794
2017-10-07 06:30:00,1.0310946,2.0252006
2017-10-07 07:00:00,0.32367355,0.07380938
2017-10-07 07:30:00,-2.8287027,-2.0847356
2017-10-07 08:00:00,-5.981079,-4.338627
2017-10-07 08:30:00,-8.984954,-8.787736
2017-10-07 09:00:00,-10.626634,-11.69379
2017-10-07 09:30:00,-23.876316,-14.63535
2017-10-07 10:00:00,-15.978845,-16.268095
2017-10-07 10:30:00,-22.926239,-18.370638
2017-10-07 11:00:00,-24.497768,-19.78476
2017-10-07 11:30:00,-21.873058,-19.789993
2017-10-07 12:00:00,-17.969303,-21.488186
2017-10-07 12:30:00,-18.231352,-22.433779
2017-10-07 13:00:00,-18.46243,-23.203876
2017-10-07 13:30:00,-17.821487,-22.063337
2017-10-07 14:00:00,-19.644228,-19.481913
2017-10-07 14:30:00,-15.77139,-17.044765
2017-10-07 15:00:00,-12.48436,-12.908057
2017-10-07 15:30:00,-11.547494,-11.811017
2017-10-07 16:00:00,-5.098054,-9.024341
2017-10-07 16:30:00,-3.0861065,-6.8174186
2017-10-07 17:00:00,-0.8953977,-4.9168353
2017-10-07 17:30:00,1.5007994,-3.5683854
2017-10-07 18:00:00,4.0262203,1.098395
2017-10-07 18:30:00,3.8670712,2.3378701
2017-10-07 19:00:00,3.5894556,1.947949
2017-10-07 19:30:00,5.3089895,3.1296945
2017-10-07 20:00:00,3.6908941,4.448648
2017-10-07 20:30:00,3.6792207,5.7586036
2017-10-07 21:00:00,2.3919673,6.281769
2017-10-07 21:30:00,2.684474,7.220007
2017-10-07 22:00:00,3.4541879,7.967614
2017-10-07 22:30:00,4.4451437,8.27274
2017-10-07 23:00:00,3.6716697,8.450816
2017-10-07 23:30:00,3.4484792,8.20637
2017-10-08 00:00:00,4.55792,8.32076
2017-10-08 00:30:00,2.4127178,7.7757916
2017-10-08 01:00:00,2.4459553,7.685548
2017-10-08 01:30:00,3.7631907,7.542718
2017-10-08 02:00:00,1.6019629,7.7697515
2017-10-08 02:30:00,2.1381242,6.500155
2017-10-08 03:00:00,0.2187006,4.947144
2017-10-08 03:30:00,0.48864827,4.478822
2017-10-08 04:00:00,1.3341668,4.147569
2017-10-08 04:30:00,13.666802,3.9087453
2017-10-08 05:00:00,3.2212458,3.5446765
2017-10-08 05:30:00,2.0025964,3.742561
2017-10-08 06:00:00,1.7251391,3.4136214
2017-10-08 06:30:00,1.4476818,3.365971
2017-10-08 07:00:00,14.543595,2.0035987
2017-10-08 07:30:00,26.519577,0.5896158
2017-10-08 08:00:00,-2.3320565,-1.8274486
2017-10-08 08:30:00,-6.6448703,-4.4223933
2017-10-08 09:00:00,-12.844144,-8.573789
2017-10-08 09:30:00,-18.309347,-13.4134035
2017-10-08 10:00:00,-15.435042,-16.613194
2017-10-08 10:30:00,-22.676222,-19.190348
2017-10-08 11:00:00,-22.985083,-21.44467
2017-10-08 11:30:00,-25.800714,-22.883713
2017-10-08 12:00:00,-22.868992,-22.823252
2017-10-08 12:30:00,-21.519665,-23.245604
2017-10-08 13:00:00,-16.517986,-22.31922
2017-10-08 13:30:00,-18.881996,-21.241024
2017-10-08 14:00:00,-15.039737,-20.027151
2017-10-08 14:30:00,-12.913954,-18.10002
2017-10-08 15:00:00,-18.089584,-15.56918
2017-10-08 15:30:00,-7.107454,-12.124978
2017-10-08 16:00:00,-7.138675,-9.548117
2017-10-08 16:30:00,-3.7678223,-6.9157825
2017-10-08 17:00:00,-0.9140117,-2.6244314
2017-10-08 17:30:00,2.6821907,-0.01094067
2017-10-08 18:00:00,4.71378,2.2644618
2017-10-08 18:30:00,5.236855,4.0424414
2017-10-08 19:00:00,3.8798559,5.3207006
2017-10-08 19:30:00,3.2679842,6.623433
2017-10-08 20:00:00,3.733853,7.0967855
2017-10-08 20:30:00,2.720402,7.5729413
2017-10-08 21:00:00,2.8367205,6.0866766
2017-10-08 21:30:00,3.4125814,5.8565907
2017-10-08 22:00:00,3.7297497,5.3396087
2017-10-08 22:30:00,2.646813,5.355419
2017-10-08 23:00:00,3.1783319,5.211289
2017-10-08 23:30:00,4.1916547,4.691466
2017-10-09 00:00:00,3.0873759,4.9149203
2017-10-09 00:30:00,0.58666176,4.792667
2017-10-09 01:00:00,1.4810137,4.884953
2017-10-09 01:30:00,1.2056853,4.9992857
2017-10-09 02:00:00,0.49067545,4.821854
2017-10-09 02:30:00,2.408215,4.7542934
2017-10-09 03:00:00,7.3509827,4.6146965
2017-10-09 03:30:00,2.8486423,4.508032
2017-10-09 04:00:00,1.1293944,4.678677
2017-10-09 04:30:00,4.407991,4.424446
2017-10-09 05:00:00,11.261826,4.7504463
2017-10-09 05:30:00,10.475596,4.54454
2017-10-09 06:00:00,4.889452,4.673161
2017-10-09 06:30:00,2.1111,4.1470075
2017-10-09 07:00:00,0.34539235,3.4461093
2017-10-09 07:30:00,-3.5382714,1.7029154
2017-10-09 08:00:00,-5.1502934,-0.6996497
2017-10-09 08:30:00,-12.412986,-3.5571792
2017-10-09 09:00:00,-15.78578,-7.467732
2017-10-09 09:30:00,-15.558745,-13.044218
2017-10-09 10:00:00,-21.393167,-16.037817
2017-10-09 10:30:00,-20.457016,-18.905668
2017-10-09 11:00:00,-25.293247,-22.246576
2017-10-09 11:30:00,-20.032524,-24.02691
2017-10-09 12:00:00,-16.689823,-24.369522
2017-10-09 12:30:00,-20.134855,-23.123991
2017-10-09 13:00:00,-20.24228,-21.502249
2017-10-09 13:30:00,-19.613016,-19.943533
2017-10-09 14:00:00,-24.553638,-19.131926
2017-10-09 14:30:00,-15.594296,-17.009907
2017-10-09 15:00:00,-13.00205,-16.865635
2017-10-09 15:30:00,-7.988255,-14.282898
2017-10-09 16:00:00,-4.430404,-9.827372
2017-10-09 16:30:00,-3.520019,-6.645047
2017-10-09 17:00:00,0.6237917,-4.9317865
2017-10-09 17:30:00,1.8709159,-2.338756
2017-10-09 18:00:00,7.664741,0.43733177
2017-10-09 18:30:00,4.101467,1.978809
2017-10-09 19:00:00,3.0346615,4.737458
2017-10-09 19:30:00,3.8220246,5.194838
2017-10-09 20:00:00,6.0376887,5.593987
2017-10-09 20:30:00,5.1525946,5.866482
2017-10-09 21:00:00,5.9414196,5.60936
2017-10-09 21:30:00,5.772873,5.744221
2017-10-09 22:00:00,10.117945,6.0388455
2017-10-09 22:30:00,7.9844456,6.120306
2017-10-09 23:00:00,7.362366,5.6769357
2017-10-09 23:30:00,7.792239,5.091587
2017-10-10 00:00:00,6.4947104,4.5679994
2017-10-10 00:30:00,5.0957847,4.2679944
2017-10-10 01:00:00,5.3457465,4.397226
2017-10-10 01:30:00,4.4681773,4.647433
2017-10-10 02:00:00,5.1132755,4.1079636
2017-10-10 02:30:00,7.06949,3.74992
2017-10-10 03:00:00,6.6549034,3.8329442
2017-10-10 03:30:00,8.650325,3.3777273
2017-10-10 04:00:00,6.328413,3.092685
2017-10-10 04:30:00,7.6250377,3.0813131
2017-10-10 05:00:00,8.530095,3.408448
2017-10-10 05:30:00,5.7848177,3.4441988
2017-10-10 06:00:00,5.483128,3.0233538
2017-10-10 06:30:00,5.690244,2.9156866
2017-10-10 07:00:00,4.5837836,1.5180945
2017-10-10 07:30:00,1.3096182,-0.2559215
2017-10-10 08:00:00,-1.9645513,-3.3998423
2017-10-10 08:30:00,-4.050212,-8.732509
2017-10-10 09:00:00,-6.5593705,-13.939806
2017-10-10 09:30:00,-15.544966,-16.422237
2017-10-10 10:00:00,-29.908422,-18.915884
2017-10-10 10:30:00,-24.08327,-20.096252
2017-10-10 11:00:00,-14.373519,-24.902205
2017-10-10 11:30:00,-8.773328,-24.589905
2017-10-10 12:00:00,-13.518079,-22.213139
2017-10-10 12:30:00,-21.9763,-21.62044
2017-10-10 13:00:00,-8.530321,-20.042439
2017-10-10 13:30:00,-6.904411,-18.72039
2017-10-10 14:00:00,-5.853076,-18.095783
2017-10-10 14:30:00,-11.1547575,-15.705114
2017-10-10 15:00:00,-14.462771,-13.5736685
2017-10-10 15:30:00,-11.343098,-10.71199
2017-10-10 16:00:00,-5.914988,-7.928943
2017-10-10 16:30:00,0.6808506,-5.238088
2017-10-10 17:00:00,1.4291885,-2.0480392
2017-10-10 17:30:00,4.521005,0.09207668
2017-10-10 18:00:00,7.615192,2.697112
2017-10-10 18:30:00,17.864786,4.309932
2017-10-10 19:00:00,10.758202,5.280225
2017-10-10 19:30:00,-2.740113,6.518547
2017-10-10 20:00:00,-16.23843,6.1881113
2017-10-10 20:30:00,-9.049511,7.296471
2017-10-10 21:00:00,-1.8605957,7.7368007
2017-10-10 21:30:00,5.3283234,7.8717666
2017-10-10 22:00:00,5.04356,7.783644
2017-10-10 22:30:00,4.758793,8.185345
2017-10-10 23:00:00,4.474029,7.1913815
2017-10-10 23:30:00,4.542852,6.9004836
2017-10-11 00:00:00,4.5588884,6.6563015
2017-10-11 00:30:00,3.9816597,6.7475247
2017-10-11 01:00:00,3.3168325,6.3675666
2017-10-11 01:30:00,2.6520052,5.987408
2017-10-11 02:00:00,1.9871815,6.4471016
2017-10-11 02:30:00,1.3223541,6.1564565
2017-10-11 03:00:00,0.6575267,5.576179
2017-10-11 03:30:00,1.9226996,5.819114
2017-10-11 04:00:00,4.447634,5.62482
2017-10-11 04:30:00,4.225932,5.3953824
2017-10-11 05:00:00,13.720187,5.2918
2017-10-11 05:30:00,4.447521,5.4351616
2017-10-11 06:00:00,-4.8251405,5.156574
2017-10-11 06:30:00,2.5634644,5.032802
2017-10-11 07:00:00,11.507003,3.6657503
2017-10-11 07:30:00,7.5277023,0.5405903
2017-10-11 08:00:00,3.548403,-2.69952
2017-10-11 08:30:00,-0.43089277,-6.205487
2017-10-11 09:00:00,-4.4101925,-10.445652
2017-10-11 09:30:00,-8.389492,-14.642336
2017-10-11 10:00:00,-12.368792,-20.77452
2017-10-11 10:30:00,-16.348087,-21.408443
2017-10-11 11:00:00,-20.327387,-21.46066
2017-10-11 11:30:00,-24.306686,-18.980097
2017-10-11 12:00:00,-28.285984,-18.772507
2017-10-11 12:30:00,-32.26528,-20.58181
2017-10-11 13:00:00,-36.244583,-18.384474
2017-10-11 13:30:00,-40.22388,-14.444666
2017-10-11 14:00:00,-29.64023,-12.635125
2017-10-11 14:30:00,-19.056578,-11.654478
2017-10-11 15:00:00,-8.47293,-10.268944
2017-10-11 15:30:00,2.1107233,-8.85258
2017-10-11 16:00:00,3.177597,-6.2121634
2017-10-11 16:30:00,2.6070378,-2.7704115
2017-10-11 17:00:00,2.9625118,-0.07325599
2017-10-11 17:30:00,3.3179893,2.0848973
2017-10-11 18:00:00,3.6734633,3.758417
2017-10-11 18:30:00,4.028937,5.4201045
2017-10-11 19:00:00,4.3844147,5.5252657
2017-10-11 19:30:00,4.7398887,5.378773
2017-10-11 20:00:00,4.125206,4.457902
2017-10-11 20:30:00,3.5105233,4.0798655
2017-10-11 21:00:00,3.921564,4.937562
2017-10-11 21:30:00,4.3326044,5.520533
2017-10-11 22:00:00,4.421733,6.4224553
2017-10-11 22:30:00,3.0009718,6.2667913
2017-10-11 23:00:00,4.61779,6.0819893
2017-10-11 23:30:00,6.2346125,4.906608
2017-10-12 00:00:00,-1.4368869,4.7912126
2017-10-12 00:30:00,-9.10839,5.080656
2017-10-12 01:00:00,1.8408961,4.954891
2017-10-12 01:30:00,3.754566,5.624711
2017-10-12 02:00:00,5.6682315,5.026442
2017-10-12 02:30:00,4.48074,5.1265955
2017-10-12 03:00:00,2.2179306,4.624128
2017-10-12 03:30:00,1.8687606,4.617485
2017-10-12 04:00:00,1.7473214,5.247247
2017-10-12 04:30:00,2.0860426,5.7274723
2017-10-12 05:00:00,2.8915865,6.088915
2017-10-12 05:30:00,-20.106106,5.5356617
2017-10-12 06:00:00,-16.572788,4.3299103
2017-10-12 06:30:00,-13.039467,4.2790575
2017-10-12 07:00:00,-9.506148,4.4366355
2017-10-12 07:30:00,-5.972831,3.1662252
2017-10-12 08:00:00,-2.4395125,0.4909769
2017-10-12 08:30:00,1.0938092,-2.4825017
2017-10-12 09:00:00,4.627127,-5.6465178
2017-10-12 09:30:00,8.160446,-9.581143
2017-10-12 10:00:00,11.693768,-13.080082
2017-10-12 10:30:00,15.227082,-16.150919
2017-10-12 11:00:00,18.760405,-19.8903
2017-10-12 11:30:00,22.293726,-21.736128
2017-10-12 12:00:00,25.82704,-23.974148
2017-10-12 12:30:00,29.360361,-23.639982
2017-10-12 13:00:00,32.89368,-23.477306
2017-10-12 13:30:00,36.426994,-25.182024
2017-10-12 14:00:00,26.55618,-22.339745
2017-10-12 14:30:00,16.685362,-18.954388
2017-10-12 15:00:00,6.814543,-15.723008
2017-10-12 15:30:00,-3.0562754,-11.126615
2017-10-12 16:00:00,-12.9270935,-7.611617
2017-10-12 16:30:00,-22.797913,-5.017946
2017-10-12 17:00:00,-3.148584,-3.3981466
2017-10-12 17:30:00,10.555791,-0.4402638
2017-10-12 18:00:00,2.6355917,0.86576563
2017-10-12 18:30:00,4.125609,3.1195283
2017-10-12 19:00:00,2.369235,4.435023
2017-10-12 19:30:00,3.0927603,5.5461445
2017-10-12 20:00:00,2.0609856,6.0872493
2017-10-12 20:30:00,4.987447,6.540556
2017-10-12 21:00:00,4.4178634,6.7216687
2017-10-12 21:30:00,4.9197316,7.1646094
2017-10-12 22:00:00,4.119667,7.7264123
2017-10-12 22:30:00,4.0966706,8.385019
2017-10-12 23:00:00,4.6056647,7.5807595
2017-10-12 23:30:00,4.2754703,7.5714073
2017-10-13 00:00:00,3.51743,6.777929
2017-10-13 00:30:00,3.2722268,5.9030466
2017-10-13 01:00:00,1.5051289,5.2418437
2017-10-13 01:30:00,4.6835494,6.0682774
2017-10-13 02:00:00,3.8996644,6.7232966
2017-10-13 02:30:00,2.6398835,6.6382303
2017-10-13 03:00:00,3.1078286,6.5797467
2017-10-13 03:30:00,4.22077,6.8430667
2017-10-13 04:00:00,3.3212712,6.102751
2017-10-13 04:30:00,3.1499662,6.530925
2017-10-13 05:00:00,2.1226263,6.004662
2017-10-13 05:30:00,2.104133,3.7916882
2017-10-13 06:00:00,1.1710196,1.7628833
2017-10-13 06:30:00,2.7643785,0.79329556
2017-10-13 07:00:00,-0.13824661,-1.1886845
2017-10-13 07:30:00,-3.0408678,-2.1833746
2017-10-13 08:00:00,-3.0613055,-2.8991342
2017-10-13 08:30:00,-8.9979725,-2.8977401
2017-10-13 09:00:00,-14.612086,-4.8612947
2017-10-13 09:30:00,-8.803663,-5.104211
2017-10-13 10:00:00,-12.831963,-3.5573375
2017-10-13 10:30:00,-14.53474,-0.6421273
2017-10-13 11:00:00,-16.985239,-1.1097485
2017-10-13 11:30:00,-15.387282,-1.4601431
2017-10-13 12:00:00,-19.836332,-1.9152997
2017-10-13 12:30:00,-16.630224,-2.4460123
2017-10-13 13:00:00,-15.472907,-3.6142533
2017-10-13 13:30:00,-18.085983,-3.042477
2017-10-13 14:00:00,-17.345196,-4.1418085
2017-10-13 14:30:00,-11.337159,-2.3066525
2017-10-13 15:00:00,-10.290568,-2.2943387
2017-10-13 15:30:00,-6.7940607,-2.4566004
2017-10-13 16:00:00,-4.2273765,-2.8649583
2017-10-13 16:30:00,1.4971595,-3.5217073
2017-10-13 17:00:00,1.7922398,-2.17669
2017-10-13 17:30:00,4.108442,0.884146
2017-10-13 18:00:00,2.607215,1.1006218
2017-10-13 18:30:00,0.98769087,0.033951383
2017-10-13 19:00:00,0.39623785,-0.2655224
2017-10-13 19:30:00,2.1812265,0.7775151
2017-10-13 20:00:00,2.7746048,2.6155572
2017-10-13 20:30:00,0.61564523,4.165007
2017-10-13 21:00:00,1.8525167,4.770059
2017-10-13 21:30:00,2.668004,5.1580057
2017-10-13 22:00:00,2.090101,5.4054093
2017-10-13 22:30:00,1.3468612,5.2163196
2017-10-13 23:00:00,1.6766486,5.0493965
2017-10-13 23:30:00,2.0551565,5.0813985
2017-10-14 00:00:00,2.6124976,5.1725993
2017-10-14 00:30:00,1.7127461,5.1595807
2017-10-14 01:00:00,4.372033,4.506419
2017-10-14 01:30:00,2.28031,5.3695116
2017-10-14 02:00:00,2.3392265,5.03738
2017-10-14 02:30:00,3.4227061,6.2217293
2017-10-14 03:00:00,1.765389,5.8863616
2017-10-14 03:30:00,2.1194537,6.2594547
2017-10-14 04:00:00,2.3909876,5.9844203
2017-10-14 04:30:00,2.153882,5.3187604
2017-10-14 05:00:00,2.5983148,4.583972
2017-10-14 05:30:00,2.0082898,4.415037
2017-10-14 06:00:00,2.1202638,4.3104863
2017-10-14 06:30:00,2.4156418,3.7756214
2017-10-14 07:00:00,-33.210007,3.082794
2017-10-14 07:30:00,-4.522581,2.0929947
2017-10-14 08:00:00,-1.5692835,0.9772535
2017-10-14 08:30:00,-3.687398,-1.1268288
2017-10-14 09:00:00,-4.259065,-2.8371053
2017-10-14 09:30:00,-7.4616466,-5.3438487
2017-10-14 10:00:00,-12.758723,-9.195145
2017-10-14 10:30:00,-16.40802,-10.549336
2017-10-14 11:00:00,-9.125659,-13.742456
2017-10-14 11:30:00,-7.938732,-15.243168
2017-10-14 12:00:00,-11.887507,-16.350676
2017-10-14 12:30:00,-7.377104,-16.971594
2017-10-14 13:00:00,-4.246514,-16.307539
2017-10-14 13:30:00,-1.5211886,-14.54921
2017-10-14 14:00:00,-2.5344927,-12.694219
2017-10-14 14:30:00,-2.1698022,-11.454816
2017-10-14 15:00:00,-1.3721639,-8.781662
2017-10-14 15:30:00,22.664007,-6.814137
2017-10-14 16:00:00,23.096802,-5.297065
2017-10-14 16:30:00,23.529602,-3.2196863
2017-10-14 17:00:00,23.962397,-1.7706534
2017-10-14 17:30:00,24.39519,0.1662876
2017-10-14 18:00:00,24.82799,1.521614
2017-10-14 18:30:00,25.260784,2.1832159
2017-10-14 19:00:00,18.934862,2.8099337
2017-10-14 19:30:00,12.608941,3.2358694
2017-10-14 20:00:00,6.28302,3.569813
2017-10-14 20:30:00,-0.04290092,3.8103926
2017-10-14 21:00:00,0.5642948,4.190366
2017-10-14 21:30:00,2.0998337,4.3441987
2017-10-14 22:00:00,2.0453482,4.464496
2017-10-14 22:30:00,3.0463612,4.3728733
2017-10-14 23:00:00,8.876684,3.8374395
2017-10-14 23:30:00,7.9277034,3.1023538
2017-10-15 00:00:00,6.9787188,3.2510169
2017-10-15 00:30:00,6.029738,3.5430675
2017-10-15 01:00:00,5.0807576,3.6028733
2017-10-15 01:30:00,4.1317735,3.6286693
2017-10-15 02:00:00,2.8371878,3.3884661
2017-10-15 02:30:00,-2.8139734,3.346709
2017-10-15 03:00:00,1.0406502,3.3186526
2017-10-15 03:30:00,4.8952737,3.429108
2017-10-15 04:00:00,4.479851,3.0782535
2017-10-15 04:30:00,4.711395,2.3554854
2017-10-15 05:00:00,-12.175334,1.185436
2017-10-15 05:30:00,0.70932925,1.8449919
2017-10-15 06:00:00,4.384181,2.7197728
2017-10-15 06:30:00,-5.7623878,2.7120824
2017-10-15 07:00:00,-15.908959,-2.5131319
2017-10-15 07:30:00,-8.375836,-3.3621585
2017-10-15 08:00:00,-0.8427135,-5.100552
2017-10-15 08:30:00,-2.7656639,-7.5903277
2017-10-15 09:00:00,-4.929518,-8.539504
2017-10-15 09:30:00,-10.860958,-11.3794775
2017-10-15 10:00:00,-12.306834,-14.585503
2017-10-15 10:30:00,-8.4230795,-16.710566
2017-10-15 11:00:00,-11.993799,-15.9984045
2017-10-15 11:30:00,-12.210908,-15.907565
2017-10-15 12:00:00,-14.960066,-15.257855
2017-10-15 12:30:00,-13.126692,-9.580039
2017-10-15 13:00:00,-13.985052,-9.067085
2017-10-15 13:30:00,-9.716008,-7.0333405
2017-10-15 14:00:00,-10.568316,-5.6627994
2017-10-15 14:30:00,-9.006024,-7.160066
2017-10-15 15:00:00,-7.443737,-5.968441
2017-10-15 15:30:00,-3.107279,-2.6048
2017-10-15 16:00:00,-2.5655034,0.67227465
2017-10-15 16:30:00,0.6565281,4.2575946
2017-10-15 17:00:00,4.7535024,5.949159
2017-10-15 17:30:00,5.556465,6.2661767
2017-10-15 18:00:00,6.805752,6.833816
2017-10-15 18:30:00,6.2580533,6.9909344
2017-10-15 19:00:00,4.936722,7.6345105
2017-10-15 19:30:00,5.147101,7.2302523
2017-10-15 20:00:00,4.53619,7.2631693
2017-10-15 20:30:00,5.2060966,6.48309
2017-10-15 21:00:00,4.8894596,6.153973
2017-10-15 21:30:00,13.100049,5.9432964
2017-10-15 22:00:00,5.172452,5.337046
2017-10-15 22:30:00,4.161616,5.3828278
2017-10-15 23:00:00,4.641713,5.200381
2017-10-15 23:30:00,5.450305,4.6648564
2017-10-16 00:00:00,4.5310955,5.062223
2017-10-16 00:30:00,5.505529,4.879527
2017-10-16 01:00:00,6.309283,5.053986
2017-10-16 01:30:00,5.1112785,5.115461
2017-10-16 02:00:00,5.061439,5.098614
2017-10-16 02:30:00,5.673017,4.8959517
2017-10-16 03:00:00,5.1074467,5.0493026
2017-10-16 03:30:00,5.3174076,5.3150864
2017-10-16 04:00:00,3.8696108,5.184785
2017-10-16 04:30:00,6.0643325,5.0572114
2017-10-16 05:00:00,4.297509,4.1583076
2017-10-16 05:30:00,4.7070656,4.377689
2017-10-16 06:00:00,3.5413833,4.600691
2017-10-16 06:30:00,2.3756971,3.6636665
2017-10-16 07:00:00,1.2100109,0.9605198
2017-10-16 07:30:00,0.044328477,-0.9075232
2017-10-16 08:00:00,-1.1213577,-3.2186275
2017-10-16 08:30:00,-2.28704,-5.4115973
2017-10-16 09:00:00,-3.4527264,-6.9006915
2017-10-16 09:30:00,-7.3380103,-10.305697
2017-10-16 10:00:00,-8.620203,-12.249711
2017-10-16 10:30:00,-23.559761,-13.4750595
2017-10-16 11:00:00,-11.386543,-14.474505
2017-10-16 11:30:00,-10.935841,-14.178479
2017-10-16 12:00:00,-9.835321,-15.032472
2017-10-16 12:30:00,-10.263835,-15.119856
2017-10-16 13:00:00,-8.758346,-14.085952
2017-10-16 13:30:00,-7.2527556,-12.690993
2017-10-16 14:00:00,-5.747161,-9.821335
2017-10-16 14:30:00,-4.2415705,-8.621993
2017-10-16 15:00:00,-2.7359796,-7.229571
2017-10-16 15:30:00,-1.2303851,-4.7840843
2017-10-16 16:00:00,0.27520564,-2.5653112
2017-10-16 16:30:00,1.7808001,-0.6290975
2017-10-16 17:00:00,3.2863908,1.4013277
2017-10-16 17:30:00,4.791981,3.6358924
2017-10-16 18:00:00,3.7324703,4.9497705
2017-10-16 18:30:00,-7.5359516,5.8318915
2017-10-16 19:00:00,-1.6633028,5.8819304
2017-10-16 19:30:00,4.209349,6.1053357
2017-10-16 20:00:00,10.081998,5.7273593
2017-10-16 20:30:00,10.597711,5.973998
2017-10-16 21:00:00,11.113426,6.1007276
2017-10-16 21:30:00,11.629139,6.519843
2017-10-16 22:00:00,12.144851,6.656648
2017-10-16 22:30:00,7.525547,6.508776
2017-10-16 23:00:00,2.9062402,6.2285795
2017-10-16 23:30:00,3.0954168,5.6579523
2017-10-17 00:00:00,2.4858284,5.4031296
2017-10-17 00:30:00,3.6379497,4.977062
2017-10-17 01:00:00,2.515852,4.543195
2017-10-17 01:30:00,2.7843564,4.843302
2017-10-17 02:00:00,2.5537694,4.2897587
2017-10-17 02:30:00,2.0655448,4.1850944
2017-10-17 03:00:00,1.8749024,3.9781818
2017-10-17 03:30:00,2.3778636,3.9864337
2017-10-17 04:00:00,2.126726,3.4765396
2017-10-17 04:30:00,5.4453726,3.2053258
2017-10-17 05:00:00,8.76402,2.7459567
2017-10-17 05:30:00,1.8054429,2.4074388
2017-10-17 06:00:00,12.68475,1.407398
2017-10-17 06:30:00,6.005231,-0.2420251
2017-10-17 07:00:00,3.2200212,0.5634809
2017-10-17 07:30:00,-1.6269943,-1.0267731
2017-10-17 08:00:00,-4.2586246,-2.7538624
2017-10-17 08:30:00,-9.186463,-4.1791267
2017-10-17 09:00:00,27.231173,-6.743946
2017-10-17 09:30:00,15.386257,-9.134954
2017-10-17 10:00:00,3.5413456,-8.380584
2017-10-17 10:30:00,-8.303566,-10.237398
2017-10-17 11:00:00,-20.148476,-12.451763
2017-10-17 11:30:00,-31.993387,-10.351938
2017-10-17 12:00:00,-16.527441,-10.6437025
2017-10-17 12:30:00,-9.612369,-10.918556
2017-10-17 13:00:00,-10.099316,-9.854056
2017-10-17 13:30:00,-9.528647,-8.040439
2017-10-17 14:00:00,-3.9224386,-7.462396
2017-10-17 14:30:00,-6.9504595,-5.842028
2017-10-17 15:00:00,-3.7200928,-2.9077327
2017-10-17 15:30:00,2.4164066,-1.2614975
2017-10-17 16:00:00,-0.28229758,1.0329785
2017-10-17 16:30:00,1.6794444,1.977882
2017-10-17 17:00:00,2.597226,4.08499
2017-10-17 17:30:00,2.5168993,6.703541
2017-10-17 18:00:00,2.2551548,7.076555
2017-10-17 18:30:00,2.1874738,5.509342
2017-10-17 19:00:00,1.4292299,5.7225285
2017-10-17 19:30:00,1.1709179,5.9329906
2017-10-17 20:00:00,1.6919506,6.748301
2017-10-17 20:30:00,2.3578782,7.307074
2017-10-17 21:00:00,2.1738071,7.932187
2017-10-17 21:30:00,4.2587514,8.470817
2017-10-17 22:00:00,3.711411,8.311558
2017-10-17 22:30:00,2.7260427,8.176249
2017-10-17 23:00:00,1.6240058,7.2576303
2017-10-17 23:30:00,1.8346789,6.1547832
2017-10-18 00:00:00,1.8053751,5.8198524
2017-10-18 00:30:00,2.9679601,5.3207235
2017-10-18 01:00:00,4.1305413,4.782648
2017-10-18 01:30:00,3.5497973,4.6320367
2017-10-18 02:00:00,2.5651715,4.531435
2017-10-18 02:30:00,3.2766128,4.5972695
2017-10-18 03:00:00,2.1159117,4.4788823
2017-10-18 03:30:00,3.559349,4.297622
2017-10-18 04:00:00,1.6504534,3.9440138
2017-10-18 04:30:00,2.3872724,3.473028
2017-10-18 05:00:00,2.275046,4.465178
2017-10-18 05:30:00,3.297431,4.30159
2017-10-18 06:00:00,3.5061147,4.336723
2017-10-18 06:30:00,1.1816717,3.782811
2017-10-18 07:00:00,1.9252769,3.285008
2017-10-18 07:30:00,-1.5075108,2.9319682
2017-10-18 08:00:00,-4.9402947,1.5884358
2017-10-18 08:30:00,-8.036105,-0.59202033
2017-10-18 09:00:00,-7.803601,5.8146386e-05
2017-10-18 09:30:00,-9.393545,-0.43047073
2017-10-18 10:00:00,-11.4354105,-1.3959136
2017-10-18 10:30:00,-13.477279,-3.6730042
2017-10-18 11:00:00,-12.924173,-5.126265
2017-10-18 11:30:00,-12.2908535,-11.4157295
2017-10-18 12:00:00,-11.359421,-11.343675
2017-10-18 12:30:00,-17.555334,-10.298809
2017-10-18 13:00:00,-10.765805,-9.714904
2017-10-18 13:30:00,-11.948335,-8.830741
2017-10-18 14:00:00,-15.536556,-7.535036
2017-10-18 14:30:00,-9.169462,-6.3032775
2017-10-18 15:00:00,-1.0161964,-5.126668
2017-10-18 15:30:00,-1.918186,-3.0552354
2017-10-18 16:00:00,-2.1273367,-0.9925521
2017-10-18 16:30:00,1.1885597,0.8351506
2017-10-18 17:00:00,0.47030184,2.097667
2017-10-18 17:30:00,2.4346514,2.4084072
2017-10-18 18:00:00,3.5179613,4.1994357
2017-10-18 18:30:00,4.067804,4.0623555
2017-10-18 19:00:00,3.4376237,5.6327105
2017-10-18 19:30:00,3.620387,4.715174
2017-10-18 20:00:00,3.6398413,5.8592887
2017-10-18 20:30:00,3.2296069,6.142368
2017-10-18 21:00:00,2.82614,6.456062
2017-10-18 21:30:00,3.385056,6.11089
2017-10-18 22:00:00,3.185932,6.0654325
2017-10-18 22:30:00,4.7821016,6.0853953
2017-10-18 23:00:00,4.1458507,5.858049
2017-10-18 23:30:00,2.5623717,4.8433356
2017-10-19 00:00:00,3.002023,5.0209856
2017-10-19 00:30:00,2.598213,4.9919043
2017-10-19 01:00:00,3.4701567,4.95384
2017-10-19 01:30:00,3.7171648,4.830347
2017-10-19 02:00:00,2.6105382,4.545938
2017-10-19 02:30:00,3.1906834,4.5804605
2017-10-19 03:00:00,3.0523522,4.565396
2017-10-19 03:30:00,3.1960301,4.214101
2017-10-19 04:00:00,3.193321,4.2004757
2017-10-19 04:30:00,3.442002,4.0894966
2017-10-19 05:00:00,3.1714516,4.077612
2017-10-19 05:30:00,2.7454066,4.080551
2017-10-19 06:00:00,2.422605,4.1421843
2017-10-19 06:30:00,2.08781,3.970578
2017-10-19 07:00:00,1.925631,3.616393
2017-10-19 07:30:00,2.4631827,2.6879406
2017-10-19 08:00:00,-4.8070393,1.2845384
2017-10-19 08:30:00,-6.3386893,-0.56659377
2017-10-19 09:00:00,-7.9429336,-2.2553775
2017-10-19 09:30:00,-11.042463,-4.92306
2017-10-19 10:00:00,-13.789813,-7.4328966
2017-10-19 10:30:00,-10.648842,-7.5471725
2017-10-19 11:00:00,-19.73184,-8.726039
2017-10-19 11:30:00,-9.606528,-9.44028
2017-10-19 12:00:00,-15.607387,-10.4082775
2017-10-19 12:30:00,-14.382954,-12.382375
2017-10-19 13:00:00,-15.494452,-12.809052
2017-10-19 13:30:00,-18.72006,-12.914357
2017-10-19 14:00:00,-10.435445,-13.783614
2017-10-19 14:30:00,-10.300667,-12.26745
2017-10-19 15:00:00,-13.629676,-8.613281
2017-10-19 15:30:00,-12.8751135,-6.7574735
2017-10-19 16:00:00,-5.7176914,-5.2108226
2017-10-19 16:30:00,-1.2968414,-3.241729
2017-10-19 17:00:00,1.941144,-1.1144848
2017-10-19 17:30:00,3.4500506,0.6992046
2017-10-19 18:00:00,3.8567317,2.5826173
2017-10-19 18:30:00,4.689175,4.536556
2017-10-19 19:00:00,2.1356637,5.9333563
2017-10-19 19:30:00,3.8946943,5.76253
2017-10-19 20:00:00,4.043711,6.330346
2017-10-19 20:30:00,2.841845,6.234296
2017-10-19 21:00:00,4.0431123,6.430187
2017-10-19 21:30:00,4.901084,6.5199485
2017-10-19 22:00:00,3.8469687,6.4330015
2017-10-19 22:30:00,3.7082872,6.217404
2017-10-19 23:00:00,4.209553,6.06544
2017-10-19 23:30:00,3.1494312,5.44142
2017-10-20 00:00:00,4.0306625,5.4940405
2017-10-20 00:30:00,3.6634705,5.4666204
2017-10-20 01:00:00,3.9791577,5.2524996
2017-10-20 01:30:00,1.6615615,5.545677
2017-10-20 02:00:00,5.5589933,5.521264
2017-10-20 02:30:00,4.2625194,5.687825
2017-10-20 03:00:00,4.811149,6.3431497
2017-10-20 03:30:00,4.088739,5.933571
2017-10-20 04:00:00,4.696775,6.074555
2017-10-20 04:30:00,5.930421,5.680945
2017-10-20 05:00:00,6.3402863,5.733972
2017-10-20 05:30:00,3.9395564,6.458255
2017-10-20 06:00:00,4.5821786,6.1408114
2017-10-20 06:30:00,4.4332743,6.136659
2017-10-20 07:00:00,1.5839895,5.309898
2017-10-20 07:30:00,-1.4653354,5.1354504
2017-10-20 08:00:00,-10.3644705,4.2284946
2017-10-20 08:30:00,-10.162072,4.3499937
2017-10-20 09:00:00,-8.463333,1.3621895
2017-10-20 09:30:00,-13.492539,-2.8316905
2017-10-20 10:00:00,-16.250578,-6.976376
2017-10-20 10:30:00,-19.617445,-10.045486
2017-10-20 11:00:00,-12.51262,-11.848666
2017-10-20 11:30:00,-12.647126,-10.452966
2017-10-20 12:00:00,-13.383546,-11.426996
2017-10-20 12:30:00,-12.311167,-12.82648
2017-10-20 13:00:00,-12.461831,-13.910736
2017-10-20 13:30:00,-16.71873,-14.407303
2017-10-20 14:00:00,-10.42979,-13.505286
2017-10-20 14:30:00,-8.527925,-11.940436
2017-10-20 15:00:00,-4.51197,-11.106953
2017-10-20 15:30:00,-3.573834,-11.16888
2017-10-20 16:00:00,-3.9429066,-8.661324
2017-10-20 16:30:00,-1.2653898,-6.0938215
2017-10-20 17:00:00,1.7092494,-3.7640355
2017-10-20 17:30:00,1.8753583,-1.5650105
2017-10-20 18:00:00,0.9890624,0.29833746
2017-10-20 18:30:00,0.41609526,1.8519778
2017-10-20 19:00:00,1.5547875,2.7468195
2017-10-20 19:30:00,0.8628643,3.717466
2017-10-20 20:00:00,2.0765398,4.151262
2017-10-20 20:30:00,5.7147365,4.982209
2017-10-20 21:00:00,1.8627619,5.32373
2017-10-20 21:30:00,2.983654,5.50545
2017-10-20 22:00:00,2.4030378,6.059826
2017-10-20 22:30:00,1.3303196,5.78695
2017-10-20 23:00:00,1.329698,5.9015994
2017-10-20 23:30:00,5.3364472,5.3429394
2017-10-21 00:00:00,4.253921,5.41076
2017-10-21 00:30:00,2.4271493,5.2410374
2017-10-21 01:00:00,3.885881,4.5063286
2017-10-21 01:30:00,0.8343932,4.8718104
2017-10-21 02:00:00,6.893358,5.0320334
2017-10-21 02:30:00,5.3812904,5.001151
2017-10-21 03:00:00,5.424449,5.7222724
2017-10-21 03:30:00,3.0982542,5.802908
2017-10-21 04:00:00,4.2537436,5.9499583
2017-10-21 04:30:00,5.4816175,5.4700947
2017-10-21 05:00:00,6.004956,5.753366
2017-10-21 05:30:00,4.621373,5.7698812
2017-10-21 06:00:00,7.2439413,5.5972724
2017-10-21 06:30:00,9.16115,5.438357
2017-10-21 07:00:00,4.2488832,4.6494226
2017-10-21 07:30:00,-0.66337883,3.583095
2017-10-21 08:00:00,-7.9173603,1.1179547
2017-10-21 08:30:00,-8.673686,-2.072403
2017-10-21 09:00:00,-18.099522,-4.482983
2017-10-21 09:30:00,-11.26703,-7.371719
2017-10-21 10:00:00,-16.286247,-10.155784
2017-10-21 10:30:00,-12.813129,-13.1453285
2017-10-21 11:00:00,-8.364201,-13.20076
2017-10-21 11:30:00,-10.167754,-14.55066
2017-10-21 12:00:00,-12.215908,-15.869445
2017-10-21 12:30:00,-13.78962,-14.264834
2017-10-21 13:00:00,-9.322725,-14.836701
2017-10-21 13:30:00,-7.500363,-14.511865
2017-10-21 14:00:00,-6.5632176,-13.190703
2017-10-21 14:30:00,-6.9442725,-10.563504
2017-10-21 15:00:00,-4.9101543,-8.925465
2017-10-21 15:30:00,-3.2912483,-6.8796134
2017-10-21 16:00:00,-1.4112419,-5.1933994
2017-10-21 16:30:00,2.1783025,-3.0826852
2017-10-21 17:00:00,2.0960393,-1.2954321
2017-10-21 17:30:00,3.143719,1.6206145
2017-10-21 18:00:00,1.7732077,2.0914197
2017-10-21 18:30:00,1.6906241,3.55748
2017-10-21 19:00:00,1.2724769,4.813979
2017-10-21 19:30:00,1.8255264,5.2847085
2017-10-21 20:00:00,2.21911,5.6319156
2017-10-21 20:30:00,1.6583964,6.246655
2017-10-21 21:00:00,1.1697837,6.2132177
2017-10-21 21:30:00,5.8212166,6.111093
2017-10-21 22:00:00,7.5226045,6.091108
2017-10-21 22:30:00,4.4784417,5.7126865
2017-10-21 23:00:00,7.5766263,5.3400455
2017-10-21 23:30:00,4.438904,5.190456
2017-10-22 00:00:00,4.3343678,5.3275285
2017-10-22 00:30:00,3.6951141,5.1257553
2017-10-22 01:00:00,5.548993,4.7342405
2017-10-22 01:30:00,3.6398866,4.6243386
2017-10-22 02:00:00,8.536779,4.706745
2017-10-22 02:30:00,4.913198,4.847661
2017-10-22 03:00:00,1.6965287,5.0458093
2017-10-22 03:30:00,1.3998507,5.03654
2017-10-22 04:00:00,0.93789667,5.368524
2017-10-22 04:30:00,3.2036378,5.3978395
2017-10-22 05:00:00,3.491815,5.746678
2017-10-22 05:30:00,3.5311832,5.9749703
2017-10-22 06:00:00,1.0802407,5.948654
2017-10-22 06:30:00,4.4983177,5.9300327
2017-10-22 07:00:00,5.9212875,4.7075477
2017-10-22 07:30:00,0.17591487,3.370553
2017-10-22 08:00:00,-5.569454,1.087464
2017-10-22 08:30:00,-6.9465747,-1.3996665
2017-10-22 09:00:00,-14.243364,-5.9568734
2017-10-22 09:30:00,-11.607947,-8.29637
2017-10-22 10:00:00,-12.688748,-10.831474
2017-10-22 10:30:00,-10.595175,-12.264692
2017-10-22 11:00:00,-11.336862,-9.851215
2017-10-22 11:30:00,-6.776351,-11.254726
2017-10-22 12:00:00,-7.495223,-13.276524
2017-10-22 12:30:00,-6.775575,-14.110037
2017-10-22 13:00:00,-9.119634,-13.308069
2017-10-22 13:30:00,-6.131347,-10.572683
2017-10-22 14:00:00,-8.485847,-10.097749
2017-10-22 14:30:00,-7.51476,-8.81976
2017-10-22 15:00:00,-4.864554,-7.551261
2017-10-22 15:30:00,-3.6262732,-6.0200744
2017-10-22 16:00:00,-1.2491497,-3.7475429
2017-10-22 16:30:00,1.5660124,-1.2106745
2017-10-22 17:00:00,4.3811703,0.46212524
2017-10-22 17:30:00,3.7729084,3.0161643
2017-10-22 18:00:00,4.707337,3.9501028
2017-10-22 18:30:00,2.8564384,4.7260714
2017-10-22 19:00:00,2.3448107,4.366494
2017-10-22 19:30:00,1.7891048,5.3008885
2017-10-22 20:00:00,3.8669393,5.6092396
2017-10-22 20:30:00,2.7588773,5.645443
2017-10-22 21:00:00,4.7417536,5.5776978
2017-10-22 21:30:00,4.6123605,5.9526863
2017-10-22 22:00:00,5.203071,6.2048073
2017-10-22 22:30:00,4.6070514,5.8545446
2017-10-22 23:00:00,5.7570662,5.93073
2017-10-22 23:30:00,2.8176355,5.5182047
2017-10-23 00:00:00,2.5373182,5.4733806
2017-10-23 00:30:00,2.1091633,5.202551
2017-10-23 01:00:00,3.3870947,5.0976496
2017-10-23 01:30:00,2.1115823,5.0610585
2017-10-23 02:00:00,2.0823538,4.766408
2017-10-23 02:30:00,2.2649817,4.5972433
2017-10-23 03:00:00,2.2481651,4.5255604
2017-10-23 03:30:00,3.2511034,4.650994
2017-10-23 04:00:00,2.0576885,4.791371
2017-10-23 04:30:00,2.1457505,4.770455
2017-10-23 05:00:00,1.6212853,4.871328
2017-10-23 05:30:00,1.567885,5.0985994
2017-10-23 06:00:00,1.3939236,5.107778
2017-10-23 06:30:00,0.8652532,5.3165636
2017-10-23 07:00:00,0.65597427,4.4883776
2017-10-23 07:30:00,-0.6855046,3.2648115
2017-10-23 08:00:00,-3.1788523,1.1225517
2017-10-23 08:30:00,-5.3858843,-1.1045524
2017-10-23 09:00:00,-7.1471195,-4.865334
2017-10-23 09:30:00,-10.891992,-8.764491
2017-10-23 10:00:00,-11.824536,-10.43451
2017-10-23 10:30:00,-16.285278,-10.14579
2017-10-23 11:00:00,-20.071005,-11.1080265
2017-10-23 11:30:00,-10.038361,-10.269577
2017-10-23 12:00:00,-14.375064,-11.077087
2017-10-23 12:30:00,-10.17702,-10.530775
2017-10-23 13:00:00,-11.580976,-11.421125
2017-10-23 13:30:00,-10.075999,-8.7163515
2017-10-23 14:00:00,-5.4159417,-8.278772
2017-10-23 14:30:00,-6.866983,-7.304411
2017-10-23 15:00:00,-7.659998,-5.446316
2017-10-23 15:30:00,-6.5748305,-3.6849675
2017-10-23 16:00:00,-4.409164,-1.9721627
2017-10-23 16:30:00,-2.0094585,-1.1432121
2017-10-23 17:00:00,1.0929766,0.39251882
2017-10-23 17:30:00,3.0256445,2.8016026
2017-10-23 18:00:00,5.369583,3.8160787
2017-10-23 18:30:00,3.6802607,4.570539
2017-10-23 19:00:00,3.2164829,5.5957127
2017-10-23 19:30:00,1.3806301,5.863392
2017-10-23 20:00:00,0.99422836,5.800353
2017-10-23 20:30:00,0.80479175,6.019896
2017-10-23 21:00:00,0.09099903,6.1709857
2017-10-23 21:30:00,-0.081500396,6.253539
2017-10-23 22:00:00,0.57578725,6.090765
2017-10-23 22:30:00,2.5420697,6.303563
2017-10-23 23:00:00,1.7104515,6.3143997
2017-10-23 23:30:00,2.3476517,5.695904
2017-10-24 00:00:00,1.8944734,5.683315
2017-10-24 00:30:00,1.9051595,5.4032726
2017-10-24 01:00:00,2.5387163,4.804834
2017-10-24 01:30:00,3.373952,4.4725823
2017-10-24 02:00:00,3.709361,4.0928726
2017-10-24 02:30:00,3.466494,4.071086
2017-10-24 03:00:00,4.405523,3.5942674
2017-10-24 03:30:00,3.7633982,3.6217964
2017-10-24 04:00:00,3.849305,3.728951
2017-10-24 04:30:00,3.1773634,3.6320982
2017-10-24 05:00:00,3.7021868,3.749027
2017-10-24 05:30:00,1.1783069,3.738047
2017-10-24 06:00:00,1.1370058,3.3073862
2017-10-24 06:30:00,1.8705428,3.105078
2017-10-24 07:00:00,3.7070475,2.2399771
2017-10-24 07:30:00,2.3502405,1.2710866
2017-10-24 08:00:00,-1.9621737,-0.30605865
2017-10-24 08:30:00,-5.093506,-2.2014384
2017-10-24 09:00:00,-6.181002,-3.3504589
2017-10-24 09:30:00,-7.2285876,-5.3814154
2017-10-24 10:00:00,-10.43214,-6.4772353
2017-10-24 10:30:00,-9.817378,-9.446215
2017-10-24 11:00:00,-11.115253,-9.675607
2017-10-24 11:30:00,-9.652732,-8.471412
2017-10-24 12:00:00,-11.194374,-9.768628
2017-10-24 12:30:00,-10.89047,-8.649122
2017-10-24 13:00:00,-13.0998335,-8.544402
2017-10-24 13:30:00,-7.0968804,-8.503342
2017-10-24 14:00:00,-6.3056026,-7.022609
2017-10-24 14:30:00,-5.8705406,-6.109704
2017-10-24 15:00:00,-4.8693695,-5.0721526
2017-10-24 15:30:00,-1.2953492,-4.5322685
2017-10-24 16:00:00,-1.0064673,-2.7063553
2017-10-24 16:30:00,0.760755,-0.7758087
2017-10-24 17:00:00,1.1937143,1.0892463
2017-10-24 17:30:00,3.293407,2.367592
2017-10-24 18:00:00,2.5468588,3.2405152
2017-10-24 18:30:00,2.1207197,3.8992574
2017-10-24 19:00:00,1.2211266,4.5768204
2017-10-24 19:30:00,1.7629435,5.0247765
2017-10-24 20:00:00,0.8976204,5.263246
2017-10-24 20:30:00,-0.19650756,5.2411394
2017-10-24 21:00:00,1.6160364,5.4640393
2017-10-24 21:30:00,0.5881199,5.7262893
2017-10-24 22:00:00,1.8757313,6.1572137
2017-10-24 22:30:00,1.651403,6.032911
2017-10-24 23:00:00,1.4270709,6.2737656
2017-10-24 23:30:00,1.6508566,5.733795
2017-10-25 00:00:00,0.5107891,5.7674623
2017-10-25 00:30:00,0.37495238,5.720852
2017-10-25 01:00:00,0.8248564,5.472107
2017-10-25 01:30:00,1.2747566,5.361772
2017-10-25 02:00:00,-0.43691403,5.0040975
2017-10-25 02:30:00,0.7478044,4.9197206
2017-10-25 03:00:00,1.9325228,4.666729
2017-10-25 03:30:00,1.6706235,4.779313
2017-10-25 04:00:00,1.4087244,4.823776
2017-10-25 04:30:00,2.8082945,4.7653112
2017-10-25 05:00:00,2.3738244,4.866761
2017-10-25 05:30:00,2.109103,4.8493795
2017-10-25 06:00:00,1.8443816,5.1609483
2017-10-25 06:30:00,1.5796639,4.5736856
2017-10-25 07:00:00,14.560167,3.4671686
2017-10-25 07:30:00,8.138335,2.65069
2017-10-25 08:00:00,4.8787246,1.4584998
2017-10-25 08:30:00,1.6191149,0.037417952
2017-10-25 09:00:00,-1.6404912,-1.414147
2017-10-25 09:30:00,-10.003827,-2.5597649
2017-10-25 10:00:00,-6.0716543,-3.668279
2017-10-25 10:30:00,-10.124287,-5.4734454
2017-10-25 11:00:00,-9.457277,-6.4220643
2017-10-25 11:30:00,-7.6422544,-6.9959545
2017-10-25 12:00:00,-10.669231,-8.309918
2017-10-25 12:30:00,-9.901168,-9.14555
2017-10-25 13:00:00,-8.865297,-9.343627
2017-10-25 13:30:00,-8.352385,-8.645271
2017-10-25 14:00:00,-7.997939,-7.3809543
2017-10-25 14:30:00,-5.804653,-5.946681
2017-10-25 15:00:00,-5.6973443,-4.196897
2017-10-25 15:30:00,-5.0299735,-2.137665
2017-10-25 16:00:00,-3.5589502,-0.50001305
2017-10-25 16:30:00,-1.6681032,0.26245093
2017-10-25 17:00:00,1.3659312,1.7624198
2017-10-25 17:30:00,1.3907924,2.9132676
2017-10-25 18:00:00,2.0978556,3.906914
2017-10-25 18:30:00,2.2350185,4.7137876
2017-10-25 19:00:00,2.982889,5.542365
2017-10-25 19:30:00,2.6636596,5.323519
2017-10-25 20:00:00,1.1607027,5.462943
2017-10-25 20:30:00,0.2794635,5.6078043
2017-10-25 21:00:00,0.36991078,5.690896
2017-10-25 21:30:00,0.497375,5.612488
2017-10-25 22:00:00,0.6428277,5.6526246
2017-10-25 22:30:00,0.38306868,5.2003994
2017-10-25 23:00:00,0.320369,4.573655
2017-10-25 23:30:00,0.029000219,3.4385204
2017-10-26 00:00:00,0.14558616,3.466886
2017-10-26 00:30:00,0.26216835,3.0189564
2017-10-26 01:00:00,0.88421005,2.5020573
2017-10-26 01:30:00,4.155026,2.5655785
2017-10-26 02:00:00,2.615237,2.523776
2017-10-26 02:30:00,1.0754516,2.5425332
2017-10-26 03:00:00,1.2399176,2.5383658
2017-10-26 03:30:00,1.0729873,2.4096732
2017-10-26 04:00:00,0.9952608,2.4662008
2017-10-26 04:30:00,0.91753054,2.415913
2017-10-26 05:00:00,-10.756502,2.5112135
2017-10-26 05:30:00,0.7787096,2.7779207
2017-10-26 06:00:00,2.1249664,3.0172193
2017-10-26 06:30:00,3.4712193,3.014695
2017-10-26 07:00:00,2.0243454,3.159733
2017-10-26 07:30:00,-0.6322212,2.6205988
2017-10-26 08:00:00,-3.2887914,2.05201
2017-10-26 08:30:00,-8.514089,1.2362325
2017-10-26 09:00:00,-4.060092,-0.47433037
2017-10-26 09:30:00,-2.7242458,-2.78473
2017-10-26 10:00:00,-7.278005,-4.501627
2017-10-26 10:30:00,-11.382832,-6.1867895
2017-10-26 11:00:00,-13.081876,-5.7016587
2017-10-26 11:30:00,-10.037928,-6.1435633
2017-10-26 12:00:00,-13.651026,-6.6787934
2017-10-26 12:30:00,-11.028985,-6.813741
2017-10-26 13:00:00,-5.9118795,-6.3294353
2017-10-26 13:30:00,-13.805518,-5.8033648
2017-10-26 14:00:00,-9.524424,-5.5346456
2017-10-26 14:30:00,-10.457303,-4.5103498
2017-10-26 15:00:00,-7.6337276,-4.6326447
2017-10-26 15:30:00,-2.0993142,-2.787202
2017-10-26 16:00:00,-0.44267157,-1.7668477
2017-10-26 16:30:00,1.2139673,-0.46103683
2017-10-26 17:00:00,1.5526096,1.1302346
2017-10-26 17:30:00,3.129668,2.0143263
2017-10-26 18:00:00,2.1550612,3.494234
2017-10-26 18:30:00,2.2856002,3.4309845
2017-10-26 19:00:00,0.7277096,3.8941631
2017-10-26 19:30:00,0.7559056,4.194262
2017-10-26 20:00:00,0.5184419,4.2347608
2017-10-26 20:30:00,0.19188368,4.212296
2017-10-26 21:00:00,0.55435485,4.3742485
2017-10-26 21:30:00,0.748396,4.566737
2017-10-26 22:00:00,0.20123588,4.8031006
2017-10-26 22:30:00,0.24419118,4.734794
2017-10-26 23:00:00,-1.4509944,4.3519382
2017-10-26 23:30:00,0.1452282,3.7012372
2017-10-27 00:00:00,1.4427872,3.7110717
2017-10-27 00:30:00,5.5003443,3.3187883
2017-10-27 01:00:00,2.0190287,3.193095
2017-10-27 01:30:00,0.70445347,3.2155712
2017-10-27 02:00:00,0.93290025,3.2241998
2017-10-27 02:30:00,0.7757178,3.1792853
2017-10-27 03:00:00,2.3870575,3.5128708
2017-10-27 03:30:00,0.71472126,3.4595158
2017-10-27 04:00:00,1.3066301,3.3184416
2017-10-27 04:30:00,1.8985391,3.2417023
2017-10-27 05:00:00,1.1916908,2.5127585
2017-10-27 05:30:00,3.786903,2.858036
2017-10-27 06:00:00,6.382115,3.5436215
2017-10-27 06:30:00,5.660594,3.912732
2017-10-27 07:00:00,1.9609109,3.5933704
2017-10-27 07:30:00,16.025034,2.7528107
2017-10-27 08:00:00,4.768499,1.8578409
2017-10-27 08:30:00,-6.488038,0.14415056
2017-10-27 09:00:00,-5.321365,-0.26615542
2017-10-27 09:30:00,-9.298324,-2.1138813
2017-10-27 10:00:00,-13.275288,-3.226495
2017-10-27 10:30:00,-10.738159,-4.5563726
2017-10-27 11:00:00,-8.827847,-6.1936774
2017-10-27 11:30:00,-7.151102,-6.3872967
2017-10-27 12:00:00,-12.2638,-6.9100814
2017-10-27 12:30:00,-10.430535,-7.624662
2017-10-27 13:00:00,-9.163995,-6.798006
2017-10-27 13:30:00,-10.401962,-7.3313146
2017-10-27 14:00:00,-1.8163141,-7.466104
2017-10-27 14:30:00,-7.8806453,-7.119176
2017-10-27 15:00:00,-4.591999,-5.643654
2017-10-27 15:30:00,-2.8207257,-4.0191374
2017-10-27 16:00:00,-3.862064,-2.6492248
2017-10-27 16:30:00,-0.8203051,-0.7872672
2017-10-27 17:00:00,2.2214499,0.85211414
2017-10-27 17:30:00,2.2099123,2.7030427
2017-10-27 18:00:00,3.1435344,3.841004
2017-10-27 18:30:00,1.5203215,4.905044
2017-10-27 19:00:00,0.94377095,4.465427
2017-10-27 19:30:00,1.2395823,4.631487
2017-10-27 20:00:00,0.8654077,4.860461
2017-10-27 20:30:00,0.4912369,4.9155793
2017-10-27 21:00:00,0.43175888,4.870559
2017-10-27 21:30:00,0.37228087,5.0315967
2017-10-27 22:00:00,1.8900988,4.9980726
2017-10-27 22:30:00,3.4079165,4.7498474
2017-10-27 23:00:00,3.2099907,4.3705974
2017-10-27 23:30:00,3.5862112,3.8927915
2017-10-28 00:00:00,4.1972504,4.031017
2017-10-28 00:30:00,7.8850417,3.82291
2017-10-28 01:00:00,2.735979,3.7867146
2017-10-28 01:30:00,4.4046564,3.582903
2017-10-28 02:00:00,2.737573,3.5289226
2017-10-28 02:30:00,2.109819,3.88853
2017-10-28 03:00:00,6.0400023,3.910569
2017-10-28 03:30:00,15.903703,3.673305
2017-10-28 04:00:00,8.157903,3.6344116
2017-10-28 04:30:00,4.24215,3.430781
2017-10-28 05:00:00,2.7334168,3.486928
2017-10-28 05:30:00,3.604117,3.5132701
2017-10-28 06:00:00,1.6011603,3.6996698
2017-10-28 06:30:00,5.090886,4.272143
2017-10-28 07:00:00,5.1729116,3.3865747
2017-10-28 07:30:00,1.1136328,3.48735
2017-10-28 08:00:00,-2.9456427,2.639563
2017-10-28 08:30:00,-2.2012765,1.1992834
2017-10-28 09:00:00,-6.515292,-0.2449453
2017-10-28 09:30:00,-10.829308,-1.4517027
2017-10-28 10:00:00,-5.7149825,-4.1400943
2017-10-28 10:30:00,-7.4587674,-5.048531
2017-10-28 11:00:00,-1.3836826,-5.574149
2017-10-28 11:30:00,-6.3218274,-5.9435797
2017-10-28 12:00:00,-6.4573026,-6.757632
2017-10-28 12:30:00,-8.009322,-6.375062
2017-10-28 13:00:00,-3.728571,-7.4700265
2017-10-28 13:30:00,-1.4021949,-6.981105
2017-10-28 14:00:00,-2.6591988,-5.7234793
2017-10-28 14:30:00,-1.0684435,-5.9160094
2017-10-28 15:00:00,0.5061469,-4.988725
2017-10-28 15:30:00,0.64782405,-3.478861
2017-10-28 16:00:00,1.7047806,-2.4340942
2017-10-28 16:30:00,3.1676269,-0.64708596
2017-10-28 17:00:00,3.9131727,0.8493409
2017-10-28 17:30:00,3.0056176,2.0655937
2017-10-28 18:00:00,3.2524862,3.9791691
2017-10-28 18:30:00,1.8851777,4.5061364
2017-10-28 19:00:00,1.9594866,4.9319477
2017-10-28 19:30:00,1.7840859,5.152828
2017-10-28 20:00:00,1.4266714,5.033503
2017-10-28 20:30:00,1.658355,5.0080013
2017-10-28 21:00:00,2.39699,4.8986497
2017-10-28 21:30:00,4.801763,4.9110956
2017-10-28 22:00:00,3.392641,5.0351686
2017-10-28 22:30:00,2.0725381,5.0287404
2017-10-28 23:00:00,5.106625,4.5819674
2017-10-28 23:30:00,6.6982923,4.2432876
2017-10-29 00:00:00,1.7229687,4.452706
2017-10-29 00:30:00,2.114118,4.395481
2017-10-29 01:00:00,2.3382657,4.0750384
2017-10-29 01:30:00,2.8273983,3.696109
2017-10-29 02:00:00,3.6498945,3.398278
2017-10-29 02:30:00,4.680132,3.2890587
2017-10-29 03:00:00,8.459312,3.2966285
2017-10-29 03:30:00,4.0775595,3.2920089
2017-10-29 04:00:00,6.425639,3.1508858
2017-10-29 04:30:00,4.0652833,2.498636
2017-10-29 05:00:00,4.4437156,2.6410742
2017-10-29 05:30:00,6.828164,2.6948738
2017-10-29 06:00:00,1.8990402,2.8714275
2017-10-29 06:30:00,4.928481,2.884804
2017-10-29 07:00:00,6.428631,2.6906912
2017-10-29 07:30:00,1.2461762,2.120034
2017-10-29 08:00:00,-0.37339294,1.1473942
2017-10-29 08:30:00,-1.9929621,0.46027893
2017-10-29 09:00:00,-3.6125312,-1.3412135
2017-10-29 09:30:00,-4.984942,-3.3884628
2017-10-29 10:00:00,-3.8889825,-4.5191255
2017-10-29 10:30:00,-0.16584727,-5.364505
2017-10-29 11:00:00,2.8827467,-5.0714254
2017-10-29 11:30:00,5.4596987,-5.6396146
2017-10-29 12:00:00,-3.6950357,-7.0131216
2017-10-29 12:30:00,-3.6966558,-6.736018
2017-10-29 13:00:00,0.07570092,-6.617247
2017-10-29 13:30:00,13.252766,-5.1848836
2017-10-29 14:00:00,-2.3364425,-4.127117
2017-10-29 14:30:00,-2.9128158,-2.5143378
2017-10-29 15:00:00,3.1311865,-1.4723703
2017-10-29 15:30:00,1.6617838,-0.54519904
2017-10-29 16:00:00,11.178888,0.19130342
2017-10-29 16:30:00,3.46513,1.4077221
2017-10-29 17:00:00,12.927074,2.3638315
2017-10-29 17:30:00,13.823476,3.5430074
2017-10-29 18:00:00,14.250753,4.1276436
2017-10-29 18:30:00,13.834381,4.2801614
2017-10-29 19:00:00,3.588084,5.3003383
2017-10-29 19:30:00,5.032271,5.2414446
2017-10-29 20:00:00,5.3359537,5.03102
2017-10-29 20:30:00,4.528432,5.0281224
2017-10-29 21:00:00,5.0425725,4.956191
2017-10-29 21:30:00,2.4554658,5.0037584
2017-10-29 22:00:00,1.7431238,5.0282807
2017-10-29 22:30:00,2.552232,4.617432
2017-10-29 23:00:00,2.0522022,4.7028904
2017-10-29 23:30:00,4.500699,4.5984035
2017-10-30 00:00:00,8.209242,4.5274897
2017-10-30 00:30:00,5.594341,3.7929506
2017-10-30 01:00:00,13.83686,3.6157448
2017-10-30 01:30:00,9.930837,3.4829528
2017-10-30 02:00:00,1.969065,3.3461816
2017-10-30 02:30:00,6.615573,3.4449298
2017-10-30 03:00:00,2.1906917,3.7204278
2017-10-30 03:30:00,8.840243,3.4811704
2017-10-30 04:00:00,2.4110937,3.6481423
2017-10-30 04:30:00,2.301961,4.0285225
2017-10-30 05:00:00,2.9204645,4.3969054
2017-10-30 05:30:00,2.9657032,5.0332093
2017-10-30 06:00:00,2.9509702,4.808346
2017-10-30 06:30:00,2.7719522,4.561673
2017-10-30 07:00:00,5.835682,4.1253
2017-10-30 07:30:00,2.3846347,2.7700758
2017-10-30 08:00:00,0.85521525,1.5901276
2017-10-30 08:30:00,-2.1778243,0.7863549
2017-10-30 09:00:00,0.3801824,-0.73704344
2017-10-30 09:30:00,-2.3515146,-1.7190015
2017-10-30 10:00:00,-5.2276506,-2.464747
2017-10-30 10:30:00,-3.0641391,-1.9369657
2017-10-30 11:00:00,-4.091046,-1.7577819
2017-10-30 11:30:00,-5.2887564,-1.3009937
2017-10-30 12:00:00,-6.657305,-1.5998684
2017-10-30 12:30:00,-2.1939628,-1.4524978
2017-10-30 13:00:00,-3.452941,-0.75941783
2017-10-30 13:30:00,-4.9174194,0.8664891
2017-10-30 14:00:00,-5.519291,0.8149164
2017-10-30 14:30:00,-5.2773657,0.981907
2017-10-30 15:00:00,-1.9532586,1.8857204
2017-10-30 15:30:00,0.059001103,2.6864297
2017-10-30 16:00:00,0.15205583,3.6401238
2017-10-30 16:30:00,0.4244188,4.134479
2017-10-30 17:00:00,0.31232807,4.9564776
2017-10-30 17:30:00,-0.5870277,5.7446394
2017-10-30 18:00:00,-1.4863836,6.399063
2017-10-30 18:30:00,-2.3857393,6.4393506
2017-10-30 19:00:00,1.880513,6.225471
2017-10-30 19:30:00,-0.045598812,5.8868136
2017-10-30 20:00:00,0.26964408,5.474944
2017-10-30 20:30:00,0.5848908,5.303466
2017-10-30 21:00:00,-0.06599881,5.5188866
2017-10-30 21:30:00,2.81516,5.274814
2017-10-30 22:00:00,0.84024495,5.358524
2017-10-30 22:30:00,-1.13467,5.072664
2017-10-30 23:00:00,-0.46893835,4.9184017
2017-10-30 23:30:00,0.19678964,4.81312
2017-10-31 00:00:00,0.22071649,5.118178
2017-10-31 00:30:00,1.1194657,4.3584795
2017-10-31 01:00:00,2.15294,4.4534144
2017-10-31 01:30:00,1.9081249,4.214809
2017-10-31 02:00:00,1.6633061,3.618925
2017-10-31 02:30:00,1.418491,3.475349
2017-10-31 03:00:00,1.173676,3.4927948
2017-10-31 03:30:00,0.9288572,3.2832935
2017-10-31 04:00:00,0.68404216,2.8456695
2017-10-31 04:30:00,0.4392233,2.803965
2017-10-31 05:00:00,0.63656145,2.834358
2017-10-31 05:30:00,2.6185,3.0529025
2017-10-31 06:00:00,-5.4415946,2.9741511
2017-10-31 06:30:00,-0.468132,3.0791693
2017-10-31 07:00:00,4.5053263,2.2133524
2017-10-31 07:30:00,9.4787855,2.2449772
2017-10-31 08:00:00,20.969769,1.2739767
2017-10-31 08:30:00,13.464709,0.5150281
2017-10-31 09:00:00,5.9596496,0.10371229
2017-10-31 09:30:00,-1.5454131,0.059004873
2017-10-31 10:00:00,-5.2578926,-0.22915359
2017-10-31 10:30:00,-5.637207,-0.2535552
2017-10-31 11:00:00,-5.4230294,-0.8257348
2017-10-31 11:30:00,-6.297347,-1.1749651
2017-10-31 12:00:00,-4.603435,-1.233162
2017-10-31 12:30:00,-6.572121,-0.046273287
2017-10-31 13:00:00,-8.645912,0.05153291
2017-10-31 13:30:00,-8.023343,0.005540599
2017-10-31 14:00:00,-6.9129376,0.017146066
2017-10-31 14:30:00,-10.309639,0.25725108
2017-10-31 15:00:00,-3.2991197,0.8237938
2017-10-31 15:30:00,-3.2912745,1.8994547
2017-10-31 16:00:00,-1.8134505,2.349649
2017-10-31 16:30:00,1.0072469,2.8443694
2017-10-31 17:00:00,1.0285097,3.1308963
2017-10-31 17:30:00,0.80578274,3.3800182
2017-10-31 18:00:00,0.58305573,3.9349933
2017-10-31 18:30:00,4.033229,4.0008955
2017-10-31 19:00:00,2.2203045,3.6529427
2017-10-31 19:30:00,0.40737608,3.7486124
2017-10-31 20:00:00,3.2526333,3.9331543
2017-10-31 20:30:00,2.4331667,4.1847477
2017-10-31 21:00:00,2.8911493,4.393409
2017-10-31 21:30:00,1.8861537,4.3832126
2017-10-31 22:00:00,0.72314274,4.735725
2017-10-31 22:30:00,1.4035434,4.7113533
2017-10-31 23:00:00,0.77554446,4.206207
2017-10-31 23:30:00,3.4335315,3.3468146
2017-11-01 00:00:00,1.7646655,3.5718327
2017-11-01 00:30:00,1.6284369,3.6186388
2017-11-01 01:00:00,0.7404116,3.5459425
2017-11-01 01:30:00,1.2894782,3.4842112
2017-11-01 02:00:00,0.8842176,3.402325
2017-11-01 02:30:00,0.47896072,3.2919374
2017-11-01 03:00:00,0.07370011,3.0723379
2017-11-01 03:30:00,0.07387343,3.1115854
2017-11-01 04:00:00,0.07405053,2.860606
2017-11-01 04:30:00,0.07422386,2.751974
2017-11-01 05:00:00,0.074400954,2.740606
2017-11-01 05:30:00,-0.26037908,2.8423839
2017-11-01 06:00:00,-0.4617113,2.483451
2017-11-01 06:30:00,-0.66303974,2.4828932
2017-11-01 07:00:00,-4.948671,2.3502517
2017-11-01 07:30:00,7.7571855,2.6651669
2017-11-01 08:00:00,8.221069,2.9914086
2017-11-01 08:30:00,2.2741868,3.5111525
2017-11-01 09:00:00,-3.6726952,3.4588075
2017-11-01 09:30:00,-4.4432306,3.3545542
2017-11-01 10:00:00,-6.369052,2.9414146
2017-11-01 10:30:00,-8.492532,2.6066608
2017-11-01 11:00:00,-8.687699,2.0341272
2017-11-01 11:30:00,-9.02997,1.3096823
2017-11-01 12:00:00,-6.5099983,1.3073499
2017-11-01 12:30:00,-13.124356,1.3259412
2017-11-01 13:00:00,-5.0099277,0.9568271
2017-11-01 13:30:00,-5.1620574,-0.088279046
2017-11-01 14:00:00,-6.14215,-0.14877443
2017-11-01 14:30:00,-3.6465225,0.23624068
2017-11-01 15:00:00,-3.011308,0.663401
2017-11-01 15:30:00,-0.7198161,1.7412738
2017-11-01 16:00:00,-1.0999591,2.5657442
2017-11-01 16:30:00,-0.09260095,3.331867
2017-11-01 17:00:00,0.9147573,3.5061789
2017-11-01 17:30:00,1.6513351,3.9069893
2017-11-01 18:00:00,2.5078223,4.2283664
2017-11-01 18:30:00,3.7707531,4.1360464
2017-11-01 19:00:00,1.2954279,4.5204964
2017-11-01 19:30:00,0.67038685,5.0804825
2017-11-01 20:00:00,1.377804,4.957261
2017-11-01 20:30:00,0.7071551,5.3970027
2017-11-01 21:00:00,1.1565014,5.3523145
2017-11-01 21:30:00,1.6058477,5.490668
2017-11-01 22:00:00,2.1852996,5.5396633
2017-11-01 22:30:00,0.52187085,5.583135
2017-11-01 23:00:00,0.5125865,5.473539
2017-11-01 23:30:00,0.5029592,4.855634
2017-11-02 00:00:00,1.3857809,4.548323
2017-11-02 00:30:00,0.8741231,4.257889
2017-11-02 01:00:00,0.29259503,2.9945812
2017-11-02 01:30:00,0.74454504,2.4289956
2017-11-02 02:00:00,0.31105825,2.392687
2017-11-02 02:30:00,0.17594501,2.0032408
2017-11-02 03:00:00,0.2791583,2.1626766
2017-11-02 03:30:00,0.38236782,1.872212
2017-11-02 04:00:00,0.7447372,1.6832539
2017-11-02 04:30:00,1.3666998,1.5636423
2017-11-02 05:00:00,0.4288726,1.4503684
2017-11-02 05:30:00,0.66190886,1.582471
2017-11-02 06:00:00,0.8949489,1.7015551
2017-11-02 06:30:00,1.1698289,2.0923164
2017-11-02 07:00:00,1.4447088,1.5510194
2017-11-02 07:30:00,1.7195926,1.6271106
2017-11-02 08:00:00,11.459032,1.9951546
2017-11-02 08:30:00,-2.006723,1.7941616
2017-11-02 09:00:00,4.101735,1.1178039
2017-11-02 09:30:00,-4.4187913,0.5390944
2017-11-02 10:00:00,-4.63876,-0.008928554
2017-11-02 10:30:00,-4.8587327,-1.597114
2017-11-02 11:00:00,-5.746709,-2.2057528
2017-11-02 11:30:00,-7.9159284,-2.6637204
2017-11-02 12:00:00,-8.457956,-2.4942164
2017-11-02 12:30:00,-3.944587,-3.5434334
2017-11-02 13:00:00,-3.4244435,-3.588872
2017-11-02 13:30:00,-3.4125216,-3.8703196
2017-11-02 14:00:00,-1.1401601,-4.0841656
2017-11-02 14:30:00,-3.7704108,-3.78696
2017-11-02 15:00:00,-1.7318692,-3.309346
2017-11-02 15:30:00,-0.1666461,-2.6430378
2017-11-02 16:00:00,0.8456332,-1.8214235
2017-11-02 16:30:00,1.9470824,-1.019222
2017-11-02 17:00:00,2.1202939,0.057735052
2017-11-02 17:30:00,2.2935054,1.2638294
2017-11-02 18:00:00,2.466717,2.1941772
2017-11-02 18:30:00,2.6399286,2.625987
2017-11-02 19:00:00,2.8131402,2.9819357
2017-11-02 19:30:00,2.986352,3.3041759
2017-11-02 20:00:00,3.1595635,3.390271
2017-11-02 20:30:00,3.332775,3.1575928
2017-11-02 21:00:00,2.7625473,3.2164679
2017-11-02 21:30:00,2.1923156,3.2150474
2017-11-02 22:00:00,1.6220878,3.3986022
2017-11-02 22:30:00,1.0518563,3.2223158
2017-11-02 23:00:00,0.48162848,2.8859155
2017-11-02 23:30:00,-0.088603094,2.3558698
2017-11-03 00:00:00,-0.6588309,2.2790778
2017-11-03 00:30:00,-1.2290624,2.0605974
2017-11-03 01:00:00,-1.7992902,1.7781324
2017-11-03 01:30:00,-2.3695219,1.6627108
2017-11-03 02:00:00,1.0180535,1.4973856
2017-11-03 02:30:00,-1.9266,1.4629536
2017-11-03 03:00:00,-0.5867941,1.2814561
2017-11-03 03:30:00,0.3042231,1.0933872
2017-11-03 04:00:00,1.1952404,0.9472338
2017-11-03 04:30:00,-1.1056904,1.0356388
2017-11-03 05:00:00,5.365936,1.2340847
2017-11-03 05:30:00,11.837559,1.5177367
2017-11-03 06:00:00,17.664131,1.903396
2017-11-03 06:30:00,3.002396,1.9767742
2017-11-03 07:00:00,0.8662367,2.1006362
2017-11-03 07:30:00,3.269985,2.1584675
2017-11-03 08:00:00,10.8163,1.9781572
2017-11-03 08:30:00,18.362616,1.0282234
2017-11-03 09:00:00,10.926461,0.39717987
2017-11-03 09:30:00,-4.1117926,-1.1002343
2017-11-03 10:00:00,-1.9403795,-2.2362587
2017-11-03 10:30:00,2.2095203,-2.4809756
2017-11-03 11:00:00,3.5302186,-1.4654862
2017-11-03 11:30:00,2.4381971,-1.8957664
2017-11-03 12:00:00,1.3461716,-2.677824
2017-11-03 12:30:00,-0.08139866,-2.8424635
2017-11-03 13:00:00,3.5902166,-3.2798238
2017-11-03 13:30:00,0.65799767,-3.1483428
2017-11-03 14:00:00,4.5739155,-2.850007
2017-11-03 14:30:00,5.692117,-2.5908885
2017-11-03 15:00:00,6.8103228,-2.1601071
2017-11-03 15:30:00,9.254114,-1.6600171
2017-11-03 16:00:00,6.1124835,-1.2480984
2017-11-03 16:30:00,9.25451,-0.34881046
2017-11-03 17:00:00,5.1076236,0.22568272
2017-11-03 17:30:00,7.411075,0.857623
2017-11-03 18:00:00,7.9971967,1.3796805
2017-11-03 18:30:00,6.7000856,1.9422593
2017-11-03 19:00:00,1.3994701,1.4938776
2017-11-03 19:30:00,2.471902,1.3973676
2017-11-03 20:00:00,3.5890448,1.8137928
2017-11-03 20:30:00,3.1198676,1.8293924
2017-11-03 21:00:00,3.3100803,2.0868754
2017-11-03 21:30:00,6.6077394,1.9070435
2017-11-03 22:00:00,0.9606328,2.2308888
2017-11-03 22:30:00,2.1798887,2.065933
2017-11-03 23:00:00,2.342727,1.4206501
2017-11-03 23:30:00,4.3339987,0.57646173
2017-11-04 00:00:00,7.8376174,0.3393108
2017-11-04 00:30:00,10.58112,-0.19899444
2017-11-04 01:00:00,8.562541,-0.2828477
2017-11-04 01:30:00,6.543958,-0.37740213
2017-11-04 02:00:00,4.877986,-0.32585576
2017-11-04 02:30:00,-1.6700325,-0.4182624
2017-11-04 03:00:00,-8.218051,-0.43369615
2017-11-04 03:30:00,-14.766069,-0.30186862
2017-11-04 04:00:00,1.3026135,-0.33119878
2017-11-04 04:30:00,1.7821679,-0.27377436
2017-11-04 05:00:00,2.5417457,-0.022629032
2017-11-04 05:30:00,1.6298085,0.4669483
2017-11-04 06:00:00,5.0060267,0.9116638
2017-11-04 06:30:00,2.5647457,1.1671724
2017-11-04 07:00:00,2.0047855,1.3275352
2017-11-04 07:30:00,3.0433807,1.1705749
2017-11-04 08:00:00,2.3118255,0.63714176
2017-11-04 08:30:00,1.5802667,0.61732954
2017-11-04 09:00:00,0.65476847,0.071330026
2017-11-04 09:30:00,5.517097,-1.0709153
2017-11-04 10:00:00,-0.351855,-1.7129501
2017-11-04 10:30:00,0.16906463,-1.7692592
2017-11-04 11:00:00,3.082519,-1.7043779
2017-11-04 11:30:00,0.14159207,-1.1340483
2017-11-04 12:00:00,-0.14510816,-1.3667681
2017-11-04 12:30:00,2.308035,-1.2683477
2017-11-04 13:00:00,1.4499389,-1.3504602
2017-11-04 13:30:00,7.974476,-1.368622
2017-11-04 14:00:00,1.8120558,-1.1384645
2017-11-04 14:30:00,11.013164,-0.7769504
2017-11-04 15:00:00,7.841061,-0.36954203
2017-11-04 15:30:00,4.6689596,0.1108489
2017-11-04 16:00:00,4.7467575,0.033638638
2017-11-04 16:30:00,4.0391746,0.44007486
2017-11-04 17:00:00,4.766634,0.71131873
2017-11-04 17:30:00,5.4940968,0.89552915
2017-11-04 18:00:00,6.22156,1.2938151
2017-11-04 18:30:00,6.9490194,1.4348593
2017-11-04 19:00:00,3.7138677,1.8680823
2017-11-04 19:30:00,0.47871202,1.8653015
2017-11-04 20:00:00,3.2172253,1.9352471
2017-11-04 20:30:00,5.955738,1.8900423
2017-11-04 21:00:00,8.694248,1.8918283
2017-11-04 21:30:00,-0.17677073,2.150261
2017-11-04 22:00:00,-1.4751134,2.025634
2017-11-04 22:30:00,-0.3602539,1.9464004
2017-11-04 23:00:00,-1.4900309,1.6863098
2017-11-04 23:30:00,-0.3382789,1.2216352
2017-11-05 00:00:00,0.8134732,1.2811773
2017-11-05 00:30:00,1.965229,1.3393252
2017-11-05 01:00:00,1.1841699,1.2758192
2017-11-05 01:30:00,1.4057665,1.3376032
2017-11-05 02:00:00,0.44771263,1.119703
2017-11-05 02:30:00,1.5001702,0.8769378
2017-11-05 03:00:00,1.5819058,0.5404848
2017-11-05 03:30:00,1.2996707,0.05140103
2017-11-05 04:00:00,1.0174392,0.17522155
2017-11-05 04:30:00,0.73520416,0.45561412
2017-11-05 05:00:00,0.107713915,0.5614839
2017-11-05 05:30:00,-0.5197763,0.92250055
2017-11-05 06:00:00,3.199587,0.8614739
2017-11-05 06:30:00,-0.47936442,1.2499179
2017-11-05 07:00:00,7.4287996,0.9666013
2017-11-05 07:30:00,15.336972,1.021765
2017-11-05 08:00:00,4.980536,0.23895365
2017-11-05 08:30:00,1.3878459,0.24064925
2017-11-05 09:00:00,-2.2048485,-0.9105263
2017-11-05 09:30:00,0.734119,-0.8261681
2017-11-05 10:00:00,-0.76853645,-1.4411033
2017-11-05 10:30:00,-2.2711918,-1.4507155
2017-11-05 11:00:00,-3.7738473,-1.2736945
2017-11-05 11:30:00,-5.770402,-0.92563224
2017-11-05 12:00:00,-1.4544911,-0.6478283
2017-11-05 12:30:00,8.163158,-0.72924364
2017-11-05 13:00:00,6.6240625,-0.1275417
2017-11-05 13:30:00,10.489851,0.70663136
2017-11-05 14:00:00,0.4047385,0.7314927
2017-11-05 14:30:00,-2.6632154,1.6937214
2017-11-05 15:00:00,0.0824984,1.5508046
2017-11-05 15:30:00,-5.3791246,1.9672186
2017-11-05 16:00:00,-1.7631588,1.9579343
2017-11-05 16:30:00,1.8528105,2.1897345
2017-11-05 17:00:00,1.7218949,2.450458
2017-11-05 17:30:00,1.364876,2.5852776
2017-11-05 18:00:00,1.1218508,2.89078
2017-11-05 18:30:00,0.9359297,2.9997585
2017-11-05 19:00:00,1.1571156,2.7483041
2017-11-05 19:30:00,0.5868991,2.2500792
2017-11-05 20:00:00,0.8867384,2.2002473
2017-11-05 20:30:00,0.8207342,2.0746408
2017-11-05 21:00:00,1.0106645,2.452003
2017-11-05 21:30:00,0.6113422,1.8949256
2017-11-05 22:00:00,1.0258344,1.5336113
2017-11-05 22:30:00,1.0595543,1.0579002
2017-11-05 23:00:00,1.0932742,0.46208757
2017-11-05 23:30:00,0.83527493,0.027421424
2017-11-06 00:00:00,0.84243035,-0.08523072
2017-11-06 00:30:00,0.8495821,-0.06972914
2017-11-06 01:00:00,0.9002693,-0.39536798
2017-11-06 01:30:00,0.6382646,-0.24987763
2017-11-06 02:00:00,0.685376,-0.61104876
2017-11-06 02:30:00,0.22405495,-0.27135906
2017-11-06 03:00:00,0.25093967,-0.3821724
2017-11-06 03:30:00,0.27782065,0.06457022
2017-11-06 04:00:00,0.18945709,0.43398577
2017-11-06 04:30:00,0.058699664,1.0886133
2017-11-06 05:00:00,0.3482146,1.0903841
2017-11-06 05:30:00,0.6377258,1.1296054
2017-11-06 06:00:00,2.652691,0.6417689
2017-11-06 06:30:00,4.6676598,0.5172776
2017-11-06 07:00:00,4.571436,1.1912876
2017-11-06 07:30:00,4.475216,2.1021547
2017-11-06 08:00:00,4.3789964,1.771527
2017-11-06 08:30:00,2.0327857,1.0869741
2017-11-06 09:00:00,-0.3134251,0.10919098
2017-11-06 09:30:00,-5.3645687,0.06984543
2017-11-06 10:00:00,-1.966296,-0.037034128
2017-11-06 10:30:00,-3.106141,0.18946838
2017-11-06 11:00:00,-4.7487106,-0.21584497
2017-11-06 11:30:00,-1.3185753,-0.50477964
2017-11-06 12:00:00,-4.1947794,-0.8945198
2017-11-06 12:30:00,-5.7978783,0.39937285
2017-11-06 13:00:00,-4.110425,0.89584565
2017-11-06 13:30:00,-2.4229748,1.657703
2017-11-06 14:00:00,-3.2050323,1.713123
2017-11-06 14:30:00,-4.3406386,1.2575594
2017-11-06 15:00:00,-1.1077702,1.3323996
2017-11-06 15:30:00,2.1250982,0.79764384
2017-11-06 16:00:00,2.0298994,0.8115101
2017-11-06 16:30:00,1.9125674,1.070312
2017-11-06 17:00:00,0.41231972,1.7904688
2017-11-06 17:30:00,0.53154707,2.1071663
2017-11-06 18:00:00,0.17971301,2.2660367
2017-11-06 18:30:00,0.62359196,2.2878573
2017-11-06 19:00:00,0.25242805,2.268403
2017-11-06 19:30:00,-0.38232315,2.303973
2017-11-06 20:00:00,0.82931393,2.2760823
2017-11-06 20:30:00,0.4044898,2.2240837
2017-11-06 21:00:00,0.14893216,2.1784532
2017-11-06 21:30:00,-0.106625475,2.0676436
2017-11-06 22:00:00,-0.36218312,2.168777
2017-11-06 22:30:00,-0.03239948,2.1437497
2017-11-06 23:00:00,1.9615666,1.9150053
2017-11-06 23:30:00,2.387099,1.7423816
2017-11-07 00:00:00,1.7049049,1.4445958
2017-11-07 00:30:00,2.2996588,1.0205517
2017-11-07 01:00:00,2.8944125,0.33295792
2017-11-07 01:30:00,3.0884273,-0.071021564
2017-11-07 02:00:00,0.78868353,-0.26400766
2017-11-07 02:30:00,2.5998409,-0.5290418
2017-11-07 03:00:00,4.4110017,-0.45313156
2017-11-07 03:30:00,3.5170155,-0.22219785
2017-11-07 04:00:00,2.6230292,-0.17476615
2017-11-07 04:30:00,-4.7412724,-0.12050682
2017-11-07 05:00:00,-7.147613,0.1052195
2017-11-07 05:30:00,-5.3054075,0.33123595
2017-11-07 06:00:00,-3.4632013,0.3890862
2017-11-07 06:30:00,-1.6209918,0.55135924
2017-11-07 07:00:00,0.22121386,0.75810987
2017-11-07 07:30:00,2.0634196,0.7435352
2017-11-07 08:00:00,5.158311,0.5838734
2017-11-07 08:30:00,3.783734,0.5035206
2017-11-07 09:00:00,2.4091532,0.39989284
2017-11-07 09:30:00,1.0345762,0.11223176
2017-11-07 10:00:00,-0.34000462,0.2886763
2017-11-07 10:30:00,0.3795418,0.7706687
2017-11-07 11:00:00,1.9805046,0.7766372
2017-11-07 11:30:00,1.4736773,0.8052326
2017-11-07 12:00:00,0.96685004,0.57790864
2017-11-07 12:30:00,1.2778728,0.60624033
2017-11-07 13:00:00,0.8897264,0.6575116
2017-11-07 13:30:00,-0.3660755,0.8964033
2017-11-07 14:00:00,-1.4000999,0.72588587
2017-11-07 14:30:00,-0.05255079,0.9030501
2017-11-07 15:00:00,1.2949983,0.8887995
2017-11-07 15:30:00,3.846479,1.1884956
2017-11-07 16:00:00,-0.10009929,0.92015684
2017-11-07 16:30:00,-0.8548879,1.7904538
2017-11-07 17:00:00,0.183059,2.3130238
2017-11-07 17:30:00,0.51482844,2.7232168
2017-11-07 18:00:00,0.20347784,2.9469912
2017-11-07 18:30:00,2.4027326,2.7379987
2017-11-07 19:00:00,-3.0983753,2.9452617
2017-11-07 19:30:00,-3.4173222,2.9687326
2017-11-07 20:00:00,-2.035484,3.1981819
2017-11-07 20:30:00,-3.1251395,3.0331957
2017-11-07 21:00:00,-4.214795,2.7599058
2017-11-07 21:30:00,0.30551174,2.6988754
2017-11-07 22:00:00,-5.764897,2.6195211
2017-11-07 22:30:00,0.01910166,2.4052308
2017-11-07 23:00:00,0.021098707,2.190586
2017-11-07 23:30:00,-0.69808596,1.8931508
2017-11-08 00:00:00,-1.417267,1.838737
2017-11-08 00:30:00,-0.83173347,1.6932316
2017-11-08 01:00:00,-0.24619628,1.8342531
2017-11-08 01:30:00,-0.7097593,1.8716016
2017-11-08 02:00:00,-0.10560058,1.6219635
2017-11-08 02:30:00,-0.6849658,1.7914108
2017-11-08 03:00:00,-1.3595184,1.9353111
2017-11-08 03:30:00,2.7857356,1.869062
2017-11-08 04:00:00,6.9309893,1.9490756
2017-11-08 04:30:00,5.668013,1.5124878
2017-11-08 05:00:00,4.075374,1.3578789
2017-11-08 05:30:00,4.224312,1.5616528
2017-11-08 06:00:00,4.266092,1.596439
2017-11-08 06:30:00,5.170474,2.0553448
2017-11-08 07:00:00,4.5563903,2.098029
2017-11-08 07:30:00,1.6123099,1.9594641
2017-11-08 08:00:00,11.136856,1.5094056
2017-11-08 08:30:00,12.343241,1.4481302
2017-11-08 09:00:00,8.7473545,1.5060672
2017-11-08 09:30:00,5.151472,1.3723669
2017-11-08 10:00:00,3.6966214,1.198673
2017-11-08 10:30:00,6.5247526,1.2292843
2017-11-08 11:00:00,4.5701547,1.0332197
2017-11-08 11:30:00,3.2651656,1.2456751
2017-11-08 12:00:00,2.791248,1.2989699
2017-11-08 12:30:00,4.221908,1.0768759
2017-11-08 13:00:00,1.7420914,1.0117723
2017-11-08 13:30:00,4.141152,0.6373565
2017-11-08 14:00:00,6.4688883,0.5001219
2017-11-08 14:30:00,3.563087,0.85335004
2017-11-08 15:00:00,1.0884888,1.0126615
2017-11-08 15:30:00,0.99274755,1.3136425
2017-11-08 16:00:00,1.1189607,1.4056045
2017-11-08 16:30:00,1.0647618,1.4997708
2017-11-08 17:00:00,2.222795,1.6697344
2017-11-08 17:30:00,1.9157175,2.0198123
2017-11-08 18:00:00,1.6086437,2.225885
2017-11-08 18:30:00,1.3015697,2.443883
2017-11-08 19:00:00,1.7849035,2.1790974
2017-11-08 19:30:00,2.2682374,2.0311053
2017-11-08 20:00:00,2.8716197,2.0148914
2017-11-08 20:30:00,2.357897,1.9166218
2017-11-08 21:00:00,2.1143255,1.9832401
2017-11-08 21:30:00,1.6045591,2.0558121
2017-11-08 22:00:00,-15.589093,2.044478
2017-11-08 22:30:00,-0.96231,1.9561143
2017-11-08 23:00:00,0.5164675,1.5531296
2017-11-08 23:30:00,0.05260679,0.83033884
2017-11-09 00:00:00,-0.4112539,0.45929924
2017-11-09 00:30:00,-0.87511456,0.24156864
2017-11-09 01:00:00,-0.19148481,0.38359997
2017-11-09 01:30:00,-6.66764,0.35552076
2017-11-09 02:00:00,-2.008407,0.6066736
2017-11-09 02:30:00,1.6430079,0.6101628
2017-11-09 03:00:00,5.294419,0.6730207
2017-11-09 03:30:00,-5.062005,0.8901032
2017-11-09 04:00:00,-4.728047,1.2818744
2017-11-09 04:30:00,-4.3940883,1.5566903
2017-11-09 05:00:00,-4.0601296,1.4335443
2017-11-09 05:30:00,-3.7261705,1.6886686
2017-11-09 06:00:00,-3.3879654,1.9034225
2017-11-09 06:30:00,-3.0497642,1.7413793
2017-11-09 07:00:00,-2.7115629,1.8224442
2017-11-09 07:30:00,-2.3733613,1.5655112
2017-11-09 08:00:00,-2.03516,1.1802211
2017-11-09 08:30:00,-1.6969587,1.1316288
2017-11-09 09:00:00,-1.3587573,0.92174697
2017-11-09 09:30:00,-1.0205522,0.82427233
2017-11-09 10:00:00,-0.68235075,0.6076081
2017-11-09 10:30:00,-0.04079837,0.85401326
2017-11-09 11:00:00,1.2561389,0.49014792
2017-11-09 11:30:00,0.72135293,0.24054375
2017-11-09 12:00:00,0.8663346,-0.017097596
2017-11-09 12:30:00,0.8322492,-0.017293533
2017-11-09 13:00:00,-0.43530133,-0.24904114
2017-11-09 13:30:00,0.43321708,-0.25800145
2017-11-09 14:00:00,8.058909,0.010823347
2017-11-09 14:30:00,1.5628774,0.16174716
2017-11-09 15:00:00,2.1782534,0.056382336
2017-11-09 15:30:00,6.0778217,0.15022835
2017-11-09 16:00:00,4.2899885,-0.0014076089
2017-11-09 16:30:00,2.3108346,0.16144948
2017-11-09 17:00:00,3.286327,0.3822284
2017-11-09 17:30:00,4.4668813,0.45884332
2017-11-09 18:00:00,4.0349092,0.79216516
2017-11-09 18:30:00,4.2947435,1.0735788
2017-11-09 19:00:00,1.766022,1.2586521
2017-11-09 19:30:00,3.734991,1.2491567
2017-11-09 20:00:00,1.6637055,1.8267322
2017-11-09 20:30:00,3.3875506,1.683966
2017-11-09 21:00:00,3.1525023,1.584551
2017-11-09 21:30:00,3.223597,1.6706688
2017-11-09 22:00:00,-2.3721857,0.93106145
2017-11-09 22:30:00,-7.593941,0.84643203
2017-11-09 23:00:00,-12.815696,0.6390559
2017-11-09 23:30:00,-9.525523,0.2277099
2017-11-10 00:00:00,-6.2353554,0.22584097
2017-11-10 00:30:00,-2.945183,-0.19959733
2017-11-10 01:00:00,0.34498918,-0.25333667
2017-11-10 01:30:00,3.6351614,-1.0807499
2017-11-10 02:00:00,6.9253335,-0.9813724
2017-11-10 02:30:00,3.105877,-0.82999265
2017-11-10 03:00:00,-0.71358,-0.5772422
2017-11-10 03:30:00,13.233576,-1.2858765
2017-11-10 04:00:00,12.1625,-1.71607
2017-11-10 04:30:00,11.091425,-1.7570735
2017-11-10 05:00:00,10.0203495,-1.7086207
2017-11-10 05:30:00,15.540452,-1.4684403
2017-11-10 06:00:00,0.2712756,-1.4367324
2017-11-10 06:30:00,-0.23516355,-0.63012993
2017-11-10 07:00:00,-0.7416027,-0.51253414
2017-11-10 07:30:00,-1.2480457,-0.6279332
2017-11-10 08:00:00,-1.7544849,-0.8343221
2017-11-10 08:30:00,-2.260924,-1.0861118
2017-11-10 09:00:00,-2.7673633,-0.8557018
2017-11-10 09:30:00,-3.273806,-0.39438075
2017-11-10 10:00:00,-1.6506386,-0.76170504
2017-11-10 10:30:00,-0.90358937,-0.54847723
2017-11-10 11:00:00,1.5529524,-0.30060634
2017-11-10 11:30:00,1.9595771,-0.35272166
2017-11-10 12:00:00,1.869175,-0.3986989
2017-11-10 12:30:00,2.7438805,-0.09632374
2017-11-10 13:00:00,2.929112,-0.09586781
2017-11-10 13:30:00,3.1143398,0.30733547
2017-11-10 14:00:00,3.9897196,1.0281216
2017-11-10 14:30:00,6.912304,1.1681596
2017-11-10 15:00:00,7.565262,1.391919
2017-11-10 15:30:00,8.218221,1.6788454
2017-11-10 16:00:00,16.751602,1.7559766
2017-11-10 16:30:00,11.431925,2.0063608
2017-11-10 17:00:00,6.11225,2.3285933
2017-11-10 17:30:00,5.357303,2.3648791
2017-11-10 18:00:00,11.105981,2.5966945
2017-11-10 18:30:00,6.122337,2.7187781
2017-11-10 19:00:00,3.7397501,2.6623032
2017-11-10 19:30:00,1.357163,2.8678555
2017-11-10 20:00:00,1.096884,2.9450696
2017-11-10 20:30:00,1.8393211,3.0319748
2017-11-10 21:00:00,-0.93301,3.246642
2017-11-10 21:30:00,2.4257212,3.199395
2017-11-10 22:00:00,5.1611595,2.9095297
2017-11-10 22:30:00,0.7873948,2.2315822
2017-11-10 23:00:00,-2.7742171,1.603975
2017-11-10 23:30:00,-0.0933018,0.46229482
2017-11-11 00:00:00,2.6912942,0.5111207
2017-11-11 00:30:00,1.4293957,0.5129859
2017-11-11 01:00:00,2.3117464,0.6547949
2017-11-11 01:30:00,0.5481979,0.9727658
2017-11-11 02:00:00,-0.36955336,1.240611
2017-11-11 02:30:00,1.3749177,1.1025511
2017-11-11 03:00:00,1.6938157,0.93126494
2017-11-11 03:30:00,0.52718747,1.3433758
2017-11-11 04:00:00,-0.038100477,1.582716
2017-11-11 04:30:00,1.3319625,1.5345533
2017-11-11 05:00:00,1.3307455,1.7368275
2017-11-11 05:30:00,1.864043,2.1309536
2017-11-11 06:00:00,1.9858966,2.0759482
2017-11-11 06:30:00,2.1077464,1.9650708
2017-11-11 07:00:00,2.955654,1.7608825
2017-11-11 07:30:00,0.18351494,2.1189902
2017-11-11 08:00:00,1.7984645,1.321917
2017-11-11 08:30:00,3.4049172,0.778898
2017-11-11 09:00:00,7.1725373,0.12444387
2017-11-11 09:30:00,10.940155,-0.5275761
2017-11-11 10:00:00,7.1254826,-0.504384
2017-11-11 10:30:00,3.3108113,-0.8464965
2017-11-11 11:00:00,4.258337,-0.8286776
2017-11-11 11:30:00,3.3344593,-0.63085717
2017-11-11 12:00:00,5.080321,-0.7256904
2017-11-11 12:30:00,3.5728047,-0.120001905
2017-11-11 13:00:00,2.8796682,0.59683156
2017-11-11 13:30:00,2.6283722,0.6027662
2017-11-11 14:00:00,1.5665889,0.9937988
2017-11-11 14:30:00,-0.23208132,1.1666675
2017-11-11 15:00:00,2.1698847,1.8135102
2017-11-11 15:30:00,2.355184,2.2579732
2017-11-11 16:00:00,5.6006866,2.985327
2017-11-11 16:30:00,3.6395211,3.3511856
2017-11-11 17:00:00,3.794032,3.542039
2017-11-11 17:30:00,2.4477828,3.6894395
2017-11-11 18:00:00,1.1015338,4.070189
2017-11-11 18:30:00,1.5628096,4.0260205
2017-11-11 19:00:00,2.0240853,3.9160137
2017-11-11 19:30:00,0.8017472,3.6501393
2017-11-11 20:00:00,0.8855402,3.3315277
2017-11-11 20:30:00,1.4308878,2.8410876
2017-11-11 21:00:00,1.5068735,2.5027204
2017-11-11 21:30:00,3.350217,2.477
2017-11-11 22:00:00,2.472064,2.8296669
2017-11-11 22:30:00,0.44548574,3.002347
2017-11-11 23:00:00,-0.012300922,2.1162057
2017-11-11 23:30:00,-1.6249256,1.2558186
2017-11-12 00:00:00,3.7104914,0.7008211
2017-11-12 00:30:00,0.015299741,0.40201044
2017-11-12 01:00:00,2.8780406,0.095686436
2017-11-12 01:30:00,1.6544362,0.1307289
2017-11-12 02:00:00,1.0281216,0.16800958
2017-11-12 02:30:00,4.8613577,0.090079635
2017-11-12 03:00:00,3.6683688,0.26906756
2017-11-12 03:30:00,2.4753797,0.44444576
2017-11-12 04:00:00,1.2823868,0.99309796
2017-11-12 04:30:00,1.4592308,1.164501
2017-11-12 05:00:00,1.137066,1.1490785
2017-11-12 05:30:00,0.8149051,1.29796
2017-11-12 06:00:00,0.49274033,1.5478091
2017-11-12 06:30:00,0.17057936,1.3458514
2017-11-12 07:00:00,6.490121,1.3742546
2017-11-12 07:30:00,2.2535985,1.1888498
2017-11-12 08:00:00,-0.43243012,1.0710732
2017-11-12 08:30:00,-3.1184626,1.1379138
2017-11-12 09:00:00,-3.8774788,1.2056288
2017-11-12 09:30:00,-1.5412909,1.7797678
2017-11-12 10:00:00,-0.5552031,1.5225145
2017-11-12 10:30:00,-0.3825831,1.3476902
2017-11-12 11:00:00,-1.5161997,1.2354337
2017-11-12 11:30:00,3.483499,1.102374
2017-11-12 12:00:00,8.483198,1.0001818
2017-11-12 12:30:00,-0.18914111,0.93782127
2017-11-12 13:00:00,0.4229568,0.8758715
2017-11-12 13:30:00,10.222865,1.2384593
2017-11-12 14:00:00,2.8737977,1.163265
2017-11-12 14:30:00,7.631021,1.8051189
2017-11-12 15:00:00,4.3949614,1.7275733
2017-11-12 15:30:00,1.1589054,1.4984483
2017-11-12 16:00:00,2.6975152,1.7288921
2017-11-12 16:30:00,1.1569347,2.1291602
2017-11-12 17:00:00,0.43450576,2.3126168
2017-11-12 17:30:00,1.671607,2.3890395
2017-11-12 18:00:00,2.53924,2.509891
2017-11-12 18:30:00,5.4485116,2.6321778
2017-11-12 19:00:00,1.6087981,2.7578297
2017-11-12 19:30:00,1.6291642,2.6147885
2017-11-12 20:00:00,1.0961492,2.401851
2017-11-12 20:30:00,1.060647,2.317372
2017-11-12 21:00:00,0.065500915,2.3067915
2017-11-12 21:30:00,1.3879325,2.0655034
2017-11-12 22:00:00,-0.83519626,2.4059353
2017-11-12 22:30:00,-0.09469973,2.0197785
2017-11-12 23:00:00,-0.35974145,2.4785335
2017-11-12 23:30:00,-2.7741117,1.9121906
2017-11-13 00:00:00,-0.05629996,2.067606
2017-11-13 00:30:00,1.8206732,2.0011532
2017-11-13 01:00:00,2.1654122,2.2594428
2017-11-13 01:30:00,1.0770756,1.7656151
2017-11-13 02:00:00,-1.6591278,1.1788193
2017-11-13 02:30:00,-4.3953314,1.5369421
2017-11-13 03:00:00,2.904616,1.7780721
2017-11-13 03:30:00,0.38277853,1.9827428
2017-11-13 04:00:00,-2.139059,1.9104837
2017-11-13 04:30:00,2.8710847,1.68452
2017-11-13 05:00:00,7.8812284,1.618414
2017-11-13 05:30:00,1.6059005,1.1725682
2017-11-13 06:00:00,0.87485784,1.3277122
2017-11-13 06:30:00,4.0335417,1.2212659
2017-11-13 07:00:00,7.1922293,1.50355
2017-11-13 07:30:00,10.350913,1.3336431
2017-11-13 08:00:00,1.9900867,1.3179983
2017-11-13 08:30:00,3.4135687,1.3435076
2017-11-13 09:00:00,1.9823283,1.2685394
2017-11-13 09:30:00,0.5510842,1.8220824
2017-11-13 10:00:00,-0.8801599,1.7179949
2017-11-13 10:30:00,-1.9745667,1.8665073
2017-11-13 11:00:00,-1.2654124,0.9798082
2017-11-13 11:30:00,8.390904,1.2695568
2017-11-13 12:00:00,6.780269,1.5463358
2017-11-13 12:30:00,5.16963,1.5918496
2017-11-13 13:00:00,3.558995,1.3743902
2017-11-13 13:30:00,3.3087993,2.211932
2017-11-13 14:00:00,3.4157088,2.4616792
2017-11-13 14:30:00,3.6902423,2.7185519
2017-11-13 15:00:00,2.663185,2.7034197
2017-11-13 15:30:00,1.6361275,2.85807
2017-11-13 16:00:00,0.8372079,2.506157
2017-11-13 16:30:00,-0.2670409,2.3754108
2017-11-13 17:00:00,0.7692745,2.4189124
2017-11-13 17:30:00,0.63752234,2.5739245
2017-11-13 18:00:00,0.5057739,2.639194
2017-11-13 18:30:00,0.37402168,2.8120136
2017-11-13 19:00:00,0.49157602,2.71134
2017-11-13 19:30:00,-1.8576642,2.818875
2017-11-13 20:00:00,-1.6825159,2.7425392
2017-11-13 20:30:00,-1.5073713,2.7436318
2017-11-13 21:00:00,4.4326754,2.6160395
2017-11-13 21:30:00,-1.1826217,2.5860386
2017-11-13 22:00:00,-13.893463,2.4118888
2017-11-13 22:30:00,-8.9700775,2.3277228
2017-11-13 23:00:00,-5.09221,2.2222035
2017-11-13 23:30:00,-1.2143408,2.0810199
2017-11-14 00:00:00,2.6635277,1.9775542
2017-11-14 00:30:00,-5.753627,1.828115
2017-11-14 01:00:00,-4.9096384,1.7867988
2017-11-14 01:30:00,-4.0656495,1.7760525
2017-11-14 02:00:00,-3.2216606,1.6577295
2017-11-14 02:30:00,-2.3776681,1.5472363
2017-11-14 03:00:00,1.9768609,1.3545668
2017-11-14 03:30:00,6.33139,1.6677449
2017-11-14 04:00:00,10.685924,1.4725658
2017-11-14 04:30:00,15.040452,1.6527481
2017-11-14 05:00:00,19.394981,2.0947092
2017-11-14 05:30:00,25.039263,2.2376034
2017-11-14 06:00:00,5.988569,1.9596788
2017-11-14 06:30:00,-0.21342969,2.1315188
2017-11-14 07:00:00,-6.4154325,2.4015796
2017-11-14 07:30:00,-3.1819835,2.7187593
2017-11-14 08:00:00,0.051461317,2.6383612
2017-11-14 08:30:00,3.28491,2.566607
2017-11-14 09:00:00,1.5709937,2.560273
2017-11-14 09:30:00,6.370788,2.3122928
2017-11-14 10:00:00,3.8553941,2.017024
2017-11-14 10:30:00,1.3399997,2.0055618
2017-11-14 11:00:00,4.2624817,1.5789027
2017-11-14 11:30:00,2.7289743,2.002457
2017-11-14 12:00:00,2.0098348,2.0882885
2017-11-14 12:30:00,3.4565127,1.8739077
2017-11-14 13:00:00,1.3755244,1.8459867
2017-11-14 13:30:00,4.021454,1.7590889
2017-11-14 14:00:00,2.2319589,1.7729702
2017-11-14 14:30:00,2.8508806,2.2546046
2017-11-14 15:00:00,2.151218,2.1411047
2017-11-14 15:30:00,2.8146813,1.9977959
2017-11-14 16:00:00,3.8512154,2.01144
2017-11-14 16:30:00,1.5992386,1.9506582
2017-11-14 17:00:00,1.9953656,2.2855928
2017-11-14 17:30:00,0.9037849,2.516858
2017-11-14 18:00:00,1.5752968,2.6259947
2017-11-14 18:30:00,2.2468085,2.7134123
2017-11-14 19:00:00,-0.20176393,2.6303127
2017-11-14 19:30:00,-1.0058908,2.608624
2017-11-14 20:00:00,1.9198961,2.7002997
2017-11-14 20:30:00,0.4393401,2.7098706
2017-11-14 21:00:00,2.1141672,3.1265783
2017-11-14 21:30:00,1.9184153,3.1599855
2017-11-14 22:00:00,-0.18232101,2.52774
2017-11-14 22:30:00,-2.2830572,2.2454937
2017-11-14 23:00:00,-4.383794,2.1778126
2017-11-14 23:30:00,2.4847734,2.0306115
2017-11-15 00:00:00,9.353341,2.722968
2017-11-15 00:30:00,1.9746642,2.1348648
2017-11-15 01:00:00,-7.9821095,2.091465
2017-11-15 01:30:00,-8.453167,2.04652
2017-11-15 02:00:00,-8.924225,2.1789656
2017-11-15 02:30:00,-9.395287,2.5639882
2017-11-15 03:00:00,-9.8663435,2.5036097
2017-11-15 03:30:00,-10.337401,2.6945233
2017-11-15 04:00:00,-10.808463,2.8229861
2017-11-15 04:30:00,-10.1265135,2.801109
2017-11-15 05:00:00,-9.444564,2.9185352
2017-11-15 05:30:00,-8.762615,3.1793869
2017-11-15 06:00:00,-8.080666,3.2108912
2017-11-15 06:30:00,-7.398717,3.079806
2017-11-15 07:00:00,-6.716768,2.534922
2017-11-15 07:30:00,-6.034818,2.2061517
2017-11-15 08:00:00,-5.352869,2.192274
2017-11-15 08:30:00,-4.67092,2.5901344
2017-11-15 09:00:00,-3.9889708,2.956562
2017-11-15 09:30:00,-4.1337676,3.1624498
2017-11-15 10:00:00,-0.4467297,3.1372757
2017-11-15 10:30:00,3.240308,3.058415
2017-11-15 11:00:00,0.7916226,3.0993319
2017-11-15 11:30:00,2.229521,3.0476272
2017-11-15 12:00:00,3.6674194,3.0135531
2017-11-15 12:30:00,2.125034,3.0779145
2017-11-15 13:00:00,2.4958098,3.4950254
2017-11-15 13:30:00,3.019853,3.2047305
2017-11-15 14:00:00,7.0391574,3.031907
2017-11-15 14:30:00,5.495235,3.0228562
2017-11-15 15:00:00,5.307256,2.8241768
2017-11-15 15:30:00,6.3884225,2.8554137
2017-11-15 16:00:00,2.2250032,2.9990087
2017-11-15 16:30:00,1.9364076,2.939101
2017-11-15 17:00:00,1.6478083,3.3055587
2017-11-15 17:30:00,1.4806783,3.5011446
2017-11-15 18:00:00,1.6827942,3.7442868
2017-11-15 18:30:00,0.99437535,3.647449
2017-11-15 19:00:00,0.30595636,3.517121
2017-11-15 19:30:00,0.69204164,3.3308082
2017-11-15 20:00:00,1.0781306,3.372211
2017-11-15 20:30:00,1.4832255,3.2743974
2017-11-15 21:00:00,1.4126167,3.4429893
2017-11-15 21:30:00,1.1345075,3.4432719
2017-11-15 22:00:00,0.8563984,3.5518546
2017-11-15 22:30:00,-0.7461846,3.0989475
2017-11-15 23:00:00,-0.4313713,2.4011273
2017-11-15 23:30:00,-0.11655795,1.6678504
2017-11-16 00:00:00,2.502027,2.326468
2017-11-16 00:30:00,2.2907925,1.9383104
2017-11-16 01:00:00,-1.4747742,1.1299784
2017-11-16 01:30:00,0.78447086,0.47710308
2017-11-16 02:00:00,-14.177273,0.014768451
2017-11-16 02:30:00,2.170706,0.36332807
2017-11-16 03:00:00,1.8892208,0.78278655
2017-11-16 03:30:00,1.6077355,0.8925901
2017-11-16 04:00:00,1.348911,1.1344737
2017-11-16 04:30:00,-1.7291374,1.0929163
2017-11-16 05:00:00,-0.4508783,0.8324339
2017-11-16 05:30:00,-1.0535147,1.4719666
2017-11-16 06:00:00,-0.9677737,1.1456044
2017-11-16 06:30:00,-0.88203263,1.3035291
2017-11-16 07:00:00,-11.913303,1.1142356
2017-11-16 07:30:00,-1.9623545,0.6455934
2017-11-16 08:00:00,0.06530122,0.27637374
2017-11-16 08:30:00,-4.4772253,0.11925156
2017-11-16 09:00:00,-1.2939287,-0.0899332
2017-11-16 09:30:00,-0.10938743,-0.12591769
2017-11-16 10:00:00,-1.1464112,0.032300994
2017-11-16 10:30:00,0.2814643,1.1886048
2017-11-16 11:00:00,-1.5395162,2.035103
2017-11-16 11:30:00,-3.6179686,1.6340362
2017-11-16 12:00:00,-1.8562851,1.4099113
2017-11-16 12:30:00,-1.6027924,0.88153476
2017-11-16 13:00:00,-0.9453389,0.52356267
2017-11-16 13:30:00,-0.25355896,1.0574555
2017-11-16 14:00:00,-1.0738205,1.4122851
2017-11-16 14:30:00,-1.8940858,1.891832
2017-11-16 15:00:00,-1.7033116,2.4652212
2017-11-16 15:30:00,0.44091514,2.6684299
2017-11-16 16:00:00,1.2161791,2.4810996
2017-11-16 16:30:00,0.218158,2.6804838
2017-11-16 17:00:00,1.9230086,2.8027067
2017-11-16 17:30:00,-0.29328886,2.7303233
2017-11-16 18:00:00,2.6694133,2.961242
2017-11-16 18:30:00,4.4536405,2.7325199
2017-11-16 19:00:00,1.9849998,2.7915194
2017-11-16 19:30:00,1.6155692,2.7433417
2017-11-16 20:00:00,1.2987022,2.9381778
2017-11-16 20:30:00,2.7052395,2.9553676
2017-11-16 21:00:00,0.15675454,2.8066518
2017-11-16 21:30:00,1.0707567,2.6263072
2017-11-16 22:00:00,-5.5710783,3.2274215
2017-11-16 22:30:00,-0.15981846,3.445235
2017-11-16 23:00:00,2.280472,3.5164354
2017-11-16 23:30:00,0.32495466,3.0761962
2017-11-17 00:00:00,1.3427277,3.2387104
2017-11-17 00:30:00,1.710361,3.2870238
2017-11-17 01:00:00,-1.4528708,3.4154527
2017-11-17 01:30:00,3.45756,3.488748
2017-11-17 02:00:00,1.720738,2.612799
2017-11-17 02:30:00,-0.016084002,3.450533
2017-11-17 03:00:00,-1.7529061,4.292724
2017-11-17 03:30:00,-3.4897282,4.6254163
2017-11-17 04:00:00,-5.2265506,4.074055
2017-11-17 04:30:00,-6.9633727,3.949617
2017-11-17 05:00:00,-8.700191,3.5102785
2017-11-17 05:30:00,-10.437013,2.7907696
2017-11-17 06:00:00,-10.25556,2.2227724
2017-11-17 06:30:00,-10.074108,2.098771
2017-11-17 07:00:00,-9.892655,1.4877471
2017-11-17 07:30:00,-9.711204,1.7327166
2017-11-17 08:00:00,-9.529748,2.0324466
2017-11-17 08:30:00,-9.348295,1.6934125
2017-11-17 09:00:00,-9.166843,1.9334874
2017-11-17 09:30:00,-8.985391,1.7466319
2017-11-17 10:00:00,-8.803939,1.7471443
2017-11-17 10:30:00,-8.622486,1.6380115
2017-11-17 11:00:00,-8.4410305,1.7678344
2017-11-17 11:30:00,-8.259579,1.6342208
2017-11-17 12:00:00,-8.078126,1.5531974
2017-11-17 12:30:00,-7.896674,1.8692806
2017-11-17 13:00:00,-7.715222,2.0068316
2017-11-17 13:30:00,-7.5337663,2.4874525
2017-11-17 14:00:00,-7.352314,2.5818713
2017-11-17 14:30:00,-7.1708617,2.657533
2017-11-17 15:00:00,-6.9894094,2.5740488
2017-11-17 15:30:00,-6.807957,2.7616014
2017-11-17 16:00:00,-6.626505,2.6755137
2017-11-17 16:30:00,-6.445049,2.812948
2017-11-17 17:00:00,-6.263597,2.9251745
2017-11-17 17:30:00,-6.0821447,3.1948545
2017-11-17 18:00:00,-5.9006925,3.4907036
2017-11-17 18:30:00,-5.71924,3.8800933
2017-11-17 19:00:00,-5.537788,4.138488
2017-11-17 19:30:00,-5.356332,4.1409373
2017-11-17 20:00:00,-5.1748796,4.1772532
2017-11-17 20:30:00,-4.9934273,4.0563607
2017-11-17 21:00:00,-4.8119755,4.0232773
2017-11-17 21:30:00,-4.630523,4.05575
2017-11-17 22:00:00,-4.449067,3.5698695
2017-11-17 22:30:00,-4.267615,3.7528777
2017-11-17 23:00:00,-4.0861626,3.8151405
2017-11-17 23:30:00,-3.9047103,3.5362248
2017-11-18 00:00:00,-3.723258,3.2578518
2017-11-18 00:30:00,-3.5418057,2.9666753
2017-11-18 01:00:00,-3.36035,2.7959392
2017-11-18 01:30:00,-3.1788976,3.052503
2017-11-18 02:00:00,-2.9974453,3.2444115
2017-11-18 02:30:00,-2.815993,3.2676148
2017-11-18 03:00:00,-2.6345408,3.0907936
2017-11-18 03:30:00,-2.453085,2.745448
2017-11-18 04:00:00,-2.2716327,2.8418827
2017-11-18 04:30:00,-2.0901804,2.858217
2017-11-18 05:00:00,-1.9087282,2.5933223
2017-11-18 05:30:00,-1.7272761,2.2647593
2017-11-18 06:00:00,-1.5458238,2.192975
2017-11-18 06:30:00,-1.3643678,2.2608821
2017-11-18 07:00:00,-1.1829157,2.2565074
2017-11-18 07:30:00,-2.2808192,2.5265832
2017-11-18 08:00:00,-3.3787227,2.5639129
2017-11-18 08:30:00,-4.47663,2.3431678
2017-11-18 09:00:00,15.233706,1.8884935
2017-11-18 09:30:00,8.545901,2.0196617
2017-11-18 10:00:00,5.40374,2.0970678
2017-11-18 10:30:00,5.3703327,1.3652567
2017-11-18 11:00:00,5.336926,1.417549
2017-11-18 11:30:00,6.009161,1.2747604
2017-11-18 12:00:00,6.1895056,1.1868565
2017-11-18 12:30:00,5.352774,0.7351024
2017-11-18 13:00:00,10.943836,0.7009115
2017-11-18 13:30:00,5.392662,0.6802478
2017-11-18 14:00:00,-0.15851472,0.31684592
2017-11-18 14:30:00,-0.7983414,-0.4777291
2017-11-18 15:00:00,-1.438168,-0.5348709
2017-11-18 15:30:00,-2.0779948,-0.4296983
2017-11-18 16:00:00,-2.7178214,-0.51894355
2017-11-18 16:30:00,-3.3576481,-0.3885554
2017-11-18 17:00:00,-3.9974751,0.054799773
2017-11-18 17:30:00,-4.6373053,0.24241267
2017-11-18 18:00:00,-6.0023723,0.5476666
2017-11-18 18:30:00,-7.367439,0.75810987
2017-11-18 19:00:00,-8.732505,1.254187
2017-11-18 19:30:00,-8.43626,1.4396145
2017-11-18 20:00:00,-8.140016,1.7865237
2017-11-18 20:30:00,-7.8437676,2.0295868
2017-11-18 21:00:00,-7.547523,2.2204099
2017-11-18 21:30:00,-7.2512784,2.2782829
2017-11-18 22:00:00,-6.95503,2.7322524
2017-11-18 22:30:00,-6.6587853,3.0217786
2017-11-18 23:00:00,-6.3625407,2.9847655
2017-11-18 23:30:00,-6.066293,2.3896198
2017-11-19 00:00:00,-5.770048,2.2065587
2017-11-19 00:30:00,-5.4738035,1.9810246
2017-11-19 01:00:00,-5.177555,2.2279534
2017-11-19 01:30:00,-4.8813105,2.1318693
2017-11-19 02:00:00,-4.585066,2.5715017
2017-11-19 02:30:00,-4.2888174,2.374706
2017-11-19 03:00:00,-3.9925728,2.0924747
2017-11-19 03:30:00,-3.696328,1.9632207
2017-11-19 04:00:00,-3.4000835,1.7330142
2017-11-19 04:30:00,-3.103835,1.6166807
2017-11-19 05:00:00,-2.8075905,1.2226526
2017-11-19 05:30:00,-2.5113459,0.9195615
2017-11-19 06:00:00,-2.2150974,0.5199529
2017-11-19 06:30:00,-1.9188529,0.5863603
2017-11-19 07:00:00,-1.6226083,0.26404482
2017-11-19 07:30:00,-1.32636,-0.094545245
2017-11-19 08:00:00,-1.0301154,-0.8190127
2017-11-19 08:30:00,-0.73387074,-1.1421571
2017-11-19 09:00:00,-0.43762243,-0.92204887
2017-11-19 09:30:00,-0.14137782,-0.8634978
2017-11-19 10:00:00,3.0813773,-0.79383105
2017-11-19 10:30:00,4.5777287,-0.85596555
2017-11-19 11:00:00,2.637668,-1.069898
2017-11-19 11:30:00,-1.8409191,-1.0849587
2017-11-19 12:00:00,2.065036,-1.1160599
2017-11-19 12:30:00,-1.9848646,-0.90267754
2017-11-19 13:00:00,2.044915,-0.4955819
2017-11-19 13:30:00,3.024307,-1.1068999
2017-11-19 14:00:00,-0.13196911,-1.1210939
2017-11-19 14:30:00,-0.25344592,-1.7781668
2017-11-19 15:00:00,-0.6626855,-1.4350783
2017-11-19 15:30:00,-1.071929,-1.5858401
2017-11-19 16:00:00,-1.4811686,-1.8937014
2017-11-19 16:30:00,-2.672191,-1.8480182
2017-11-19 17:00:00,-3.8632092,-1.5788279
2017-11-19 17:30:00,-6.734948,-1.539682
2017-11-19 18:00:00,-9.606683,-1.1860242
2017-11-19 18:30:00,2.0961185,-1.3612969
2017-11-19 19:00:00,-2.6833065,-1.1664306
2017-11-19 19:30:00,-3.022563,-0.95001125
2017-11-19 20:00:00,-3.3618155,-0.45374197
2017-11-19 20:30:00,-1.0073867,-0.32578418
2017-11-19 21:00:00,1.3470459,-0.19913009
2017-11-19 21:30:00,0.7652277,-0.2635932
2017-11-19 22:00:00,0.18340944,0.2616069
2017-11-19 22:30:00,-0.39841253,0.6103587
2017-11-19 23:00:00,-0.9802307,0.2026715
2017-11-19 23:30:00,-1.5620489,-0.56238115
2017-11-20 00:00:00,-2.1438708,-0.6647014
2017-11-20 00:30:00,-2.725689,-1.0311177
2017-11-20 01:00:00,-3.3075073,-0.52631754
2017-11-20 01:30:00,-3.8893292,-0.8297025
2017-11-20 02:00:00,-5.5084767,-0.87820053
2017-11-20 02:30:00,-7.1276236,-1.225513
2017-11-20 03:00:00,-8.746771,-1.6898146
2017-11-20 03:30:00,-10.365917,-1.623068
2017-11-20 04:00:00,-11.9850645,-1.6084896
2017-11-20 04:30:00,-13.604212,-1.4538392
2017-11-20 05:00:00,-15.223363,-1.2578274
2017-11-20 05:30:00,-15.359317,-1.3096224
2017-11-20 06:00:00,-15.495274,-1.4643482
2017-11-20 06:30:00,-15.631231,-1.6912501
2017-11-20 07:00:00,-12.397205,-1.7947912
2017-11-20 07:30:00,-9.16318,-2.1265984
2017-11-20 08:00:00,-5.929156,-2.5585213
2017-11-20 08:30:00,-4.696433,-1.7163451
2017-11-20 09:00:00,-3.46371,-1.6085085
2017-11-20 09:30:00,-2.2309835,-1.4794165
2017-11-20 10:00:00,-0.9003489,-1.0296029
2017-11-20 10:30:00,0.43028557,-0.6732247
2017-11-20 11:00:00,-1.833142,-0.95279205
2017-11-20 11:30:00,-0.8857592,-1.2099587
2017-11-20 12:00:00,0.96426517,-1.2560828
2017-11-20 12:30:00,-0.7384037,-1.1537626
2017-11-20 13:00:00,0.30629173,-0.91379315
2017-11-20 13:30:00,-1.4978759,-0.68021435
2017-11-20 14:00:00,-2.1999915,-0.8104819
2017-11-20 14:30:00,-0.44613057,-1.12028
2017-11-20 15:00:00,1.3077343,-1.1843814
2017-11-20 15:30:00,0.15778698,-1.178914
2017-11-20 16:00:00,0.24403292,-1.2984692
2017-11-20 16:30:00,0.33027887,-1.459755
2017-11-20 17:00:00,-0.6502775,-1.2896445
2017-11-20 17:30:00,-2.605908,-1.4727283
2017-11-20 18:00:00,-4.561538,-1.4729581
2017-11-20 18:30:00,-3.3905203,-0.9046595
2017-11-20 19:00:00,1.4561598,-0.14460701
2017-11-20 19:30:00,-0.2551001,-0.1575049
2017-11-20 20:00:00,-1.9663562,0.13988893
2017-11-20 20:30:00,-3.6776161,0.16143818
2017-11-20 21:00:00,-12.620555,0.23941334
2017-11-20 21:30:00,-21.563496,0.41690162
2017-11-20 22:00:00,-20.81964,0.69770116
2017-11-20 22:30:00,-20.075783,0.63138425
2017-11-20 23:00:00,-19.331928,0.7220086
2017-11-20 23:30:00,-18.588072,0.098207235
2017-11-21 00:00:00,-17.844215,-0.28729397
2017-11-21 00:30:00,-17.100363,-0.39374396
2017-11-21 01:00:00,-16.356504,-0.4821829
2017-11-21 01:30:00,-15.612651,-0.60798913
2017-11-21 02:00:00,-14.868797,-0.6763634
2017-11-21 02:30:00,-14.124939,-0.92752004
2017-11-21 03:00:00,-13.381085,-1.028529
2017-11-21 03:30:00,-12.637228,-1.2022343
2017-11-21 04:00:00,-11.893374,-1.252801
2017-11-21 04:30:00,-11.14952,-1.5273079
2017-11-21 05:00:00,-10.405663,-1.2672513
2017-11-21 05:30:00,-9.661809,-1.0618834
2017-11-21 06:00:00,-8.917951,-0.7635476
2017-11-21 06:30:00,-8.174097,-0.7236218
2017-11-21 07:00:00,-7.430244,-0.13217635
2017-11-21 07:30:00,-6.686386,0.046732467
2017-11-21 08:00:00,-5.9425325,0.4208957
2017-11-21 08:30:00,-5.1986747,0.8707394
2017-11-21 09:00:00,-4.4548206,1.1308036
2017-11-21 09:30:00,-1.3088048,1.2081684
2017-11-21 10:00:00,0.28929046,1.1144128
2017-11-21 10:30:00,1.887382,1.1804584
2017-11-21 11:00:00,-2.5075026,0.6453824
2017-11-21 11:30:00,-0.53121597,0.62439835
2017-11-21 12:00:00,-1.7729895,0.6329479
2017-11-21 12:30:00,-0.8388663,0.7273855
2017-11-21 13:00:00,-1.4557571,0.6160409
2017-11-21 13:30:00,-3.59056,0.33595726
2017-11-21 14:00:00,-0.50019395,0.53053725
2017-11-21 14:30:00,-0.33865193,0.49736747
2017-11-21 15:00:00,-0.17710985,0.51825356
2017-11-21 15:30:00,-3.3273344,0.57633364
2017-11-21 16:00:00,0.014598891,0.9325084
2017-11-21 16:30:00,0.32803315,1.264779
2017-11-21 17:00:00,0.31565523,1.4057213
2017-11-21 17:30:00,-3.9485962,1.2390887
2017-11-21 18:00:00,-8.212848,1.3015547
2017-11-21 18:30:00,-12.477098,1.1824027
2017-11-21 19:00:00,-1.1855344,1.6574883
2017-11-21 19:30:00,-3.6435683,1.7640626
2017-11-21 20:00:00,-2.1640637,1.7125916
2017-11-21 20:30:00,-0.6845588,1.8459114
2017-11-21 21:00:00,-3.49252,1.4709266
2017-11-21 21:30:00,-2.25927,0.6869586
2017-11-21 22:00:00,-1.0260196,0.5682362
2017-11-21 22:30:00,-0.82646954,0.16614819
2017-11-21 23:00:00,0.43805522,-0.042102102
2017-11-21 23:30:00,-9.451464,-0.7722818
2017-11-22 00:00:00,-19.34098,-0.56756216
2017-11-22 00:30:00,-29.2305,-0.58346695
2017-11-22 01:00:00,-25.433052,-0.5813418
2017-11-22 01:30:00,-21.635605,-0.53623116
2017-11-22 02:00:00,-17.838158,-0.24635078
2017-11-22 02:30:00,-14.0407095,-0.24002428
2017-11-22 03:00:00,-10.243261,0.21096487
2017-11-22 03:30:00,-6.4458175,0.25801978
2017-11-22 04:00:00,-2.6483696,0.45409185
2017-11-22 04:30:00,-5.376668,0.9477764
2017-11-22 05:00:00,-8.104969,0.039814405
2017-11-22 05:30:00,-10.833267,0.24844526
2017-11-22 06:00:00,-7.035733,0.46894157
2017-11-22 06:30:00,-1.4436505,0.14900751
2017-11-22 07:00:00,0.51051784,0.98877984
2017-11-22 07:30:00,2.4646823,1.4099339
2017-11-22 08:00:00,4.4188466,0.71305203
2017-11-22 08:30:00,-2.1928701,0.78386045
2017-11-22 09:00:00,-3.9437053,0.38025773
2017-11-22 09:30:00,-4.354618,0.85516626
2017-11-22 10:00:00,-1.5212301,0.7213982
2017-11-22 10:30:00,1.0283854,1.3248674
2017-11-22 11:00:00,-1.0549164,1.9356917
2017-11-22 11:30:00,-0.5791865,2.32163
2017-11-22 12:00:00,0.26337788,2.1659284
2017-11-22 12:30:00,0.95461154,2.3864172
2017-11-22 13:00:00,-1.7751373,2.3717105
2017-11-22 13:30:00,1.0402621,2.4430878
2017-11-22 14:00:00,0.0027485043,3.0838528
2017-11-22 14:30:00,0.3442318,3.247407
2017-11-22 15:00:00,1.7022786,3.4610758
2017-11-22 15:30:00,1.9890994,2.9874485
2017-11-22 16:00:00,2.2759166,3.3414114
2017-11-22 16:30:00,2.5627372,3.4733632
2017-11-22 17:00:00,3.3024464,3.8408532
2017-11-22 17:30:00,2.76312,3.703351
2017-11-22 18:00:00,2.1071813,3.7114937
2017-11-22 18:30:00,2.2565262,2.965658
2017-11-22 19:00:00,1.086944,3.0894673
2017-11-22 19:30:00,1.0788842,3.0908198
2017-11-22 20:00:00,8.173204,3.2565935
2017-11-22 20:30:00,2.2063477,3.3564079
2017-11-22 21:00:00,1.9961343,3.0497298
2017-11-22 21:30:00,-2.748772,3.1624084
2017-11-22 22:00:00,1.7273359,3.1905477
2017-11-22 22:30:00,2.438766,2.8020096
2017-11-22 23:00:00,-3.4683144,2.5009646
2017-11-22 23:30:00,-1.6409962,1.329438
2017-11-23 00:00:00,-2.4313662,0.2207843
2017-11-23 00:30:00,-3.221736,-0.719492
2017-11-23 01:00:00,-3.2746954,-1.4023607
2017-11-23 01:30:00,-3.3276587,-2.3112683
2017-11-23 02:00:00,-2.1635587,-2.9877956
2017-11-23 02:30:00,-2.2306895,-3.3746834
2017-11-23 03:00:00,-2.2978241,-2.9624405
2017-11-23 03:30:00,0.44414055,-2.4455113
2017-11-23 04:00:00,0.61935675,-0.9409831
2017-11-23 04:30:00,0.7945729,-0.3379586
2017-11-23 05:00:00,0.9697891,0.17046255
2017-11-23 05:30:00,1.1450014,0.41035283
2017-11-23 06:00:00,1.3202176,0.50047606
2017-11-23 06:30:00,1.4954338,2.8365095
2017-11-23 07:00:00,1.67065,3.2907956
2017-11-23 07:30:00,1.8458661,3.668904
2017-11-23 08:00:00,2.0210786,3.5874171
2017-11-23 08:30:00,2.1962948,3.6226404
2017-11-23 09:00:00,-0.24655426,3.0502346
2017-11-23 09:30:00,-2.689403,3.2289739
2017-11-23 10:00:00,-2.8506777,3.132867
2017-11-23 10:30:00,-3.0119522,3.0441117
2017-11-23 11:00:00,-1.3728797,2.0500019
2017-11-23 11:30:00,-1.3952693,2.066321
2017-11-23 12:00:00,1.1275368,2.128497
2017-11-23 12:30:00,1.774127,2.7449882
2017-11-23 13:00:00,0.32720795,3.1826425
2017-11-23 13:30:00,-1.119711,3.7454774
2017-11-23 14:00:00,-1.0768952,4.398567
2017-11-23 14:30:00,0.10151931,4.127154
2017-11-23 15:00:00,4.583226,3.775825
2017-11-23 15:30:00,2.2003188,3.7036223
2017-11-23 16:00:00,1.3278517,3.7512953
2017-11-23 16:30:00,0.6403295,3.9707477
2017-11-23 17:00:00,0.9835159,3.8919437
2017-11-23 17:30:00,6.2801976,3.7287776
2017-11-23 18:00:00,1.779828,3.7729914
2017-11-23 18:30:00,-1.4272182,3.8458874
2017-11-23 19:00:00,-4.6342683,3.651458
2017-11-23 19:30:00,-12.951755,3.3679683
2017-11-23 20:00:00,-7.2123246,3.662781
2017-11-23 20:30:00,-3.745267,2.841035
2017-11-23 21:00:00,-0.07228008,2.4107585
2017-11-23 21:30:00,3.6007068,1.9729007
2017-11-23 22:00:00,-3.482938,2.2972925
2017-11-23 22:30:00,6.656795,2.633056
2017-11-23 23:00:00,0.75855076,2.4766684
2017-11-23 23:30:00,-5.139694,2.178845
2017-11-24 00:00:00,-5.136608,2.3377872
2017-11-24 00:30:00,-5.133518,2.305533
2017-11-24 01:00:00,-5.130432,1.4490836
2017-11-24 01:30:00,-5.1273465,1.3137367
2017-11-24 02:00:00,-5.1242566,0.8809131
2017-11-24 02:30:00,-5.1211705,0.7242204
2017-11-24 03:00:00,-5.1180844,0.73895335
2017-11-24 03:30:00,-5.1149945,1.0443202
2017-11-24 04:00:00,-5.111909,1.17163
2017-11-24 04:30:00,-5.108823,1.3587756
2017-11-24 05:00:00,-5.1057367,1.2575142
2017-11-24 05:30:00,-5.102647,1.5832812
2017-11-24 06:00:00,-5.099561,1.7294196
2017-11-24 06:30:00,-5.096475,1.8016183
2017-11-24 07:00:00,-5.093385,1.9034563
2017-11-24 07:30:00,-5.090299,2.2953367
2017-11-24 08:00:00,-5.087213,2.0508306
2017-11-24 08:30:00,-5.0841236,2.349468
2017-11-24 09:00:00,-5.0810375,1.9112939
2017-11-24 09:30:00,-5.0779514,1.7364507
2017-11-24 10:00:00,-15.0264845,1.1108105
2017-11-24 10:30:00,-9.955875,0.7845161
2017-11-24 11:00:00,-5.169695,0.4546872
2017-11-24 11:30:00,-0.38351005,0.6519839
2017-11-24 12:00:00,-0.83458585,0.46287885
2017-11-24 12:30:00,-0.2710614,0.6344853
2017-11-24 13:00:00,0.33199707,0.56377864
2017-11-24 13:30:00,-1.2929603,0.82246745
2017-11-24 14:00:00,1.6542478,0.8720092
2017-11-24 14:30:00,1.0281329,1.3108466
2017-11-24 15:00:00,2.6897304,1.7391033
2017-11-24 15:30:00,1.4706705,2.0679789
2017-11-24 16:00:00,0.2291003,1.5903876
2017-11-24 16:30:00,2.3614993,1.6471565
2017-11-24 17:00:00,-5.0048294,1.231628
2017-11-24 17:30:00,-7.950609,1.2970029
2017-11-24 18:00:00,-2.9769473,1.6061229
2017-11-24 18:30:00,1.9967146,1.689637
2017-11-24 19:00:00,1.3874917,2.0075476
2017-11-24 19:30:00,-1.4643897,1.4486012
2017-11-24 20:00:00,-4.3162713,1.0570862
2017-11-24 20:30:00,-2.1172347,1.1633818
2017-11-24 21:00:00,-2.2624464,1.1943096
2017-11-24 21:30:00,-2.4076579,1.6412557
2017-11-24 22:00:00,-8.437907,1.3929816
2017-11-24 22:30:00,-14.468156,1.5820829
2017-11-24 23:00:00,-13.640257,0.9952985
2017-11-24 23:30:00,-12.812357,-0.86096567
2017-11-25 00:00:00,-11.984454,-1.5530509
2017-11-25 00:30:00,-11.156555,-1.6263688
2017-11-25 01:00:00,-10.328656,-1.3263863
2017-11-25 01:30:00,-9.500756,-1.4154545
2017-11-25 02:00:00,-7.934625,-1.2578236
2017-11-25 02:30:00,-10.519604,-0.94314593
2017-11-25 03:00:00,-8.686742,-0.78153604
2017-11-25 03:30:00,-7.485871,-0.39160374
2017-11-25 04:00:00,-10.585476,-0.1673281
2017-11-25 04:30:00,-13.685077,-0.10733386
2017-11-25 05:00:00,-16.784683,0.009790912
2017-11-25 05:30:00,-19.884285,0.2324463
2017-11-25 06:00:00,-17.205908,0.3110055
2017-11-25 06:30:00,-14.527533,0.5996199
2017-11-25 07:00:00,-11.849156,0.45106614
2017-11-25 07:30:00,-9.170781,0.13923708
2017-11-25 08:00:00,-6.4924054,-0.39547724
2017-11-25 08:30:00,-3.8140292,-0.25984025
2017-11-25 09:00:00,-2.2565343,-0.12977614
2017-11-25 09:30:00,-0.6990355,-0.17781824
2017-11-25 10:00:00,-8.626228,-1.1074612
2017-11-25 10:30:00,-4.5348344,-1.617303
2017-11-25 11:00:00,-0.44344398,-2.1196237
2017-11-25 11:30:00,-1.7834119,-1.1757075
2017-11-25 12:00:00,-3.1233835,-0.89216477
2017-11-25 12:30:00,1.6496961,-0.981444
2017-11-25 13:00:00,1.4533414,-0.6414566
2017-11-25 13:30:00,0.046736237,-0.63696134
2017-11-25 14:00:00,-1.3598726,-0.22726957
2017-11-25 14:30:00,0.20081009,0.2645874
2017-11-25 15:00:00,-0.3107498,0.7273366
2017-11-25 15:30:00,0.257123,1.0518488
2017-11-25 16:00:00,0.8249958,0.9386955
2017-11-25 16:30:00,0.6796072,1.3069429
2017-11-25 17:00:00,0.9447356,1.3206736
2017-11-25 17:30:00,1.209864,1.3244867
2017-11-25 18:00:00,1.4749924,1.4754332
2017-11-25 18:30:00,-0.8334215,1.7690138
2017-11-25 19:00:00,-1.0501951,2.3939154
2017-11-25 19:30:00,-9.209614,2.641206
2017-11-25 20:00:00,-1.2196612,2.0616374
2017-11-25 20:30:00,-7.664998,1.9309703
2017-11-25 21:00:00,-22.060427,2.0757449
2017-11-25 21:30:00,-8.95406,1.910186
2017-11-25 22:00:00,-16.101704,1.6135608
2017-11-25 22:30:00,-3.2282887,0.72055036
2017-11-25 23:00:00,-1.7890714,0.20315003
2017-11-25 23:30:00,-8.700646,0.0074585155
2017-11-26 00:00:00,-1.3216574,0.12603773
2017-11-26 00:30:00,-4.2410917,0.29076377
2017-11-26 01:00:00,-7.1605296,0.088112734
2017-11-26 01:30:00,-10.079964,-0.12344587
2017-11-26 02:00:00,-6.6409063,-0.16558728
2017-11-26 02:30:00,-10.783865,-0.38426366
2017-11-26 03:00:00,-14.529412,-0.15700376
2017-11-26 03:30:00,-7.382447,0.23177183
2017-11-26 04:00:00,-11.738679,0.46701613
2017-11-26 04:30:00,-9.820352,0.2695687
2017-11-26 05:00:00,-7.902021,-0.13415456
2017-11-26 05:30:00,-5.9836903,-0.54695493
2017-11-26 06:00:00,-26.974463,-0.422995
2017-11-26 06:30:00,-23.111734,-0.14406818
2017-11-26 07:00:00,-19.249004,-0.035172734
2017-11-26 07:30:00,-15.386276,0.06392966
2017-11-26 08:00:00,-5.1693745,-0.2958775
2017-11-26 08:30:00,-8.889431,-0.39747053
2017-11-26 09:00:00,4.2911,-0.37717605
2017-11-26 09:30:00,2.5496962,-0.19713682
2017-11-26 10:00:00,0.80829597,-0.981444
2017-11-26 10:30:00,1.3654337,-0.90274537
2017-11-26 11:00:00,-0.35928553,-0.39179215
2017-11-26 11:30:00,-0.86402905,-0.076277934
2017-11-26 12:00:00,0.15883449,-0.42308167
2017-11-26 12:30:00,1.2207422,0.08423922
2017-11-26 13:00:00,3.0967584,0.14933532
2017-11-26 13:30:00,3.4718409,0.4403311
2017-11-26 14:00:00,6.1983714,0.83542186
2017-11-26 14:30:00,7.1983294,1.3723028
2017-11-26 15:00:00,5.6308985,1.3615037
2017-11-26 15:30:00,6.9708056,1.8681878
2017-11-26 16:00:00,13.154274,1.8114868
2017-11-26 16:30:00,8.542232,2.6334968
2017-11-26 17:00:00,-3.5996335,2.6850092
2017-11-26 17:30:00,5.0733423,2.6116385
2017-11-26 18:00:00,1.3295925,2.7387183
2017-11-26 18:30:00,1.8150023,2.7257602
2017-11-26 19:00:00,-0.17744143,2.8773696
2017-11-26 19:30:00,-8.532861,3.1272037
2017-11-26 20:00:00,-9.517859,3.2552745
2017-11-26 20:30:00,-3.0665092,3.3370328
2017-11-26 21:00:00,-0.98631227,2.2825367
2017-11-26 21:30:00,-3.790709,2.136647
2017-11-26 22:00:00,-6.5951023,2.0751908
2017-11-26 22:30:00,-9.399499,2.1717837
2017-11-26 23:00:00,-0.12723273,1.8449618
2017-11-26 23:30:00,-8.742268,1.4440457
2017-11-27 00:00:00,-3.5101883,1.6272538
2017-11-27 00:30:00,-23.564182,1.0790501
2017-11-27 01:00:00,-22.886074,0.7669986
2017-11-27 01:30:00,-22.207962,0.15069182
2017-11-27 02:00:00,-21.529852,0.107721455
2017-11-27 02:30:00,-20.851742,-0.21201292
2017-11-27 03:00:00,-20.173634,-0.46955252
2017-11-27 03:30:00,-19.495522,0.0072362027
2017-11-27 04:00:00,-14.9172125,0.21485724
2017-11-27 04:30:00,-10.338904,0.56041
2017-11-27 05:00:00,-5.7605977,0.6861522
2017-11-27 05:30:00,-7.8178854,1.0230122
2017-11-27 06:00:00,-9.875175,-0.7430233
2017-11-27 06:30:00,-11.932464,-2.2995687
2017-11-27 07:00:00,-9.92292,-2.5124688
2017-11-27 07:30:00,-7.9133773,-2.5654998
2017-11-27 08:00:00,-5.903831,-1.2955264
2017-11-27 08:30:00,-3.8942878,-1.8634028
2017-11-27 09:00:00,-1.8847449,-0.94526356
2017-11-27 09:30:00,0.12479806,-0.7751681
2017-11-27 10:00:00,-2.9474251,-0.079654075
2017-11-27 10:30:00,-1.8027493,0.16558675
2017-11-27 11:00:00,-1.5340451,-0.11949699
2017-11-27 11:30:00,-2.9788766,-0.055975907
2017-11-27 12:00:00,-1.659354,-0.28661573
2017-11-27 12:30:00,-2.1162212,0.108060576
2017-11-27 13:00:00,-2.6023471,0.18650296
2017-11-27 13:30:00,-2.0558012,0.8940709
2017-11-27 14:00:00,-1.3977524,1.8975632
2017-11-27 14:30:00,-0.38607985,2.761628
2017-11-27 15:00:00,0.625589,2.5121443
2017-11-27 15:30:00,1.9822454,2.7829285
2017-11-27 16:00:00,2.6950095,3.0130973
2017-11-27 16:30:00,-3.343081,3.2220898
2017-11-27 17:00:00,-2.3422565,3.454538
2017-11-27 17:30:00,-1.3414358,4.1849775
2017-11-27 18:00:00,-0.33084083,4.320223
2017-11-27 18:30:00,0.0049000373,3.894148
2017-11-27 19:00:00,-0.5490575,3.7853053
2017-11-27 19:30:00,0.32611144,3.0741992
2017-11-27 20:00:00,-3.0009005,2.863055
2017-11-27 20:30:00,-4.2554593,2.6985815
2017-11-27 21:00:00,-5.3666263,2.3623168
2017-11-27 21:30:00,-2.7412698,2.1636071
2017-11-27 22:00:00,-3.3061018,1.69579
2017-11-27 22:30:00,-6.8370385,1.3757882
2017-11-27 23:00:00,-10.367975,1.1266927
2017-11-27 23:30:00,-2.0859,0.5468188
2017-11-28 00:00:00,-5.93968,0.5281747
2017-11-28 00:30:00,-3.1917803,-0.4511948
2017-11-28 01:00:00,-26.107899,-1.5015271
2017-11-28 01:30:00,2.05461,-2.1922898
2017-11-28 02:00:00,-13.802168,-2.4117348
2017-11-28 02:30:00,-8.3743515,-2.3902798
2017-11-28 03:00:00,-2.9465358,-2.8769445
2017-11-28 03:30:00,-4.4974747,-2.4834552
2017-11-28 04:00:00,-14.5156145,-2.185839
2017-11-28 04:30:00,-5.1110797,-1.9849927
2017-11-28 05:00:00,-20.41447,-1.668318
2017-11-28 05:30:00,-3.4013758,-0.95341
2017-11-28 06:00:00,-4.920807,-0.8623598
2017-11-28 06:30:00,-6.4402337,-0.59617263
2017-11-28 07:00:00,-3.6424153,-0.70773584
2017-11-28 07:30:00,-0.84459746,-0.44428426
2017-11-28 08:00:00,-2.190854,-0.63514894
2017-11-28 08:30:00,-3.5371146,-0.77818257
2017-11-28 09:00:00,-4.8833714,-0.55262953
2017-11-28 09:30:00,-1.3850429,-0.24271841
2017-11-28 10:00:00,-4.220854,0.23115388
2017-11-28 10:30:00,-1.1342367,0.7870708
2017-11-28 11:00:00,-2.2297475,0.53628343
2017-11-28 11:30:00,-0.36867163,0.69767857
2017-11-28 12:00:00,1.492408,1.0836282
2017-11-28 12:30:00,-2.9400585,1.715689
2017-11-28 13:00:00,-0.960995,1.9608582
2017-11-28 13:30:00,1.0180686,2.320315
2017-11-28 14:00:00,1.3458703,3.1417634
2017-11-28 14:30:00,1.6736757,3.7932858
2017-11-28 15:00:00,2.0014772,4.171978
2017-11-28 15:30:00,2.7117205,4.671405
2017-11-28 16:00:00,0.8493635,4.8408446
2017-11-28 16:30:00,0.36384428,4.7920866
2017-11-28 17:00:00,0.69103557,4.80347
2017-11-28 17:30:00,-0.17441949,4.494987
2017-11-28 18:00:00,-1.5859531,4.356618
2017-11-28 18:30:00,-2.7923677,4.4261303
2017-11-28 19:00:00,-2.8555195,4.5656896
2017-11-28 19:30:00,7.379371,4.530018
2017-11-28 20:00:00,1.0918009,4.06465
2017-11-28 20:30:00,-5.19577,3.4799194
2017-11-28 21:00:00,-0.2591281,3.738239
2017-11-28 21:30:00,-3.1361344,3.830122
2017-11-28 22:00:00,4.5601544,4.186364
2017-11-28 22:30:00,5.108784,3.9036622
2017-11-28 23:00:00,5.6574173,3.1174974
2017-11-28 23:30:00,2.6550987,2.8510954
2017-11-29 00:00:00,4.3238516,2.7850347
2017-11-29 00:30:00,8.446732,2.2449095
2017-11-29 01:00:00,12.569614,0.036882892
2017-11-29 01:30:00,4.3100605,0.8259943
2017-11-29 02:00:00,5.274339,0.2859784
2017-11-29 02:30:00,3.8209543,0.28963712
2017-11-29 03:00:00,6.829607,1.4973065
2017-11-29 03:30:00,6.1633368,1.4109852
2017-11-29 04:00:00,6.187497,1.0751803
2017-11-29 04:30:00,-10.036466,1.0553304
2017-11-29 05:00:00,9.76902,-0.29771626
2017-11-29 05:30:00,3.8387885,-0.28709802
2017-11-29 06:00:00,3.4822407,0.85145473
2017-11-29 06:30:00,3.125689,1.8974766
2017-11-29 07:00:00,2.7691374,2.508493
2017-11-29 07:30:00,3.6209674,3.4576957
2017-11-29 08:00:00,4.472797,3.0403588
2017-11-29 08:30:00,5.324627,3.1862032
2017-11-29 09:00:00,4.3290586,2.991175
2017-11-29 09:30:00,3.3334947,3.1698275
2017-11-29 10:00:00,2.3379266,2.9209204
2017-11-29 10:30:00,3.3369462,2.9191418
2017-11-29 11:00:00,5.3113785,3.4273708
2017-11-29 11:30:00,2.7299426,3.9490554
2017-11-29 12:00:00,2.5484114,3.884532
2017-11-29 12:30:00,2.3668838,4.3372808
2017-11-29 13:00:00,2.1853561,4.4631395
2017-11-29 13:30:00,-1.5702895,4.7566032
2017-11-29 14:00:00,-29.557356,4.7006106
2017-11-29 14:30:00,3.1152177,4.5723443
2017-11-29 15:00:00,6.121568,4.572721
2017-11-29 15:30:00,0.5567098,4.904415
2017-11-29 16:00:00,-5.008153,4.442069
2017-11-29 16:30:00,6.126772,4.6659718
2017-11-29 17:00:00,3.7850301,4.7446966
2017-11-29 17:30:00,4.087413,4.8534374
2017-11-29 18:00:00,4.3897953,4.6092253
2017-11-29 18:30:00,5.677972,4.454413
2017-11-29 19:00:00,5.1995177,4.197069
2017-11-29 19:30:00,3.866001,4.7335167
2017-11-29 20:00:00,2.3083553,4.673662
2017-11-29 20:30:00,4.5276365,4.3003845
2017-11-29 21:00:00,5.5598903,4.270195
2017-11-29 21:30:00,5.856523,4.1731987
2017-11-29 22:00:00,-16.260859,4.7012553
2017-11-29 22:30:00,6.1400504,4.773081
2017-11-29 23:00:00,-29.773376,4.574718
2017-11-29 23:30:00,-8.949391,3.461464
2017-11-30 00:00:00,-5.5683165,3.1292648
2017-11-30 00:30:00,-2.1872406,3.6767378
2017-11-30 01:00:00,1.1938386,4.3883595
2017-11-30 01:30:00,6.050112,4.5495176
2017-11-30 02:00:00,10.906385,4.5667863
2017-11-30 02:30:00,15.762659,4.97592
2017-11-30 03:00:00,20.618937,5.5599165
2017-11-30 03:30:00,25.475206,5.7117295
2017-11-30 04:00:00,30.331484,5.6186295
2017-11-30 04:30:00,22.845453,4.9687686
2017-11-30 05:00:00,15.359422,5.7058177
2017-11-30 05:30:00,7.8733945,5.6737366
2017-11-30 06:00:00,0.3873642,5.011724
2017-11-30 06:30:00,1.684358,5.1605678
2017-11-30 07:00:00,3.64243,4.463211
2017-11-30 07:30:00,1.6784158,4.5938215
2017-11-30 08:00:00,0.4491407,3.9129126
2017-11-30 08:30:00,-0.7801306,4.041439
2017-11-30 09:00:00,-2.009402,3.7290263
2017-11-30 09:30:00,-3.238677,3.298019
2017-11-30 10:00:00,11.856553,3.292254
2017-11-30 10:30:00,1.1703337,3.1212919
2017-11-30 11:00:00,1.1703337,3.1014872
2017-11-30 11:30:00,1.1703337,2.8496108
2017-11-30 12:00:00,1.1703337,2.666655
2017-11-30 12:30:00,1.1703337,2.5686758
2017-11-30 13:00:00,1.1703337,2.538931
2017-11-30 13:30:00,1.1703337,2.6236923
2017-11-30 14:00:00,1.1703337,-0.044822603
2017-11-30 14:30:00,1.1703337,1.1749383
2017-11-30 15:00:00,1.1703337,2.099419
2017-11-30 15:30:00,1.1703337,2.126598
2017-11-30 16:00:00,1.1703337,1.5585932
2017-11-30 16:30:00,1.1703337,2.524522
2017-11-30 17:00:00,1.1703337,3.0778692
2017-11-30 17:30:00,1.1703337,2.9815779
2017-11-30 18:00:00,1.1703337,3.1790366
2017-11-30 18:30:00,1.1703337,3.446727
2017-11-30 19:00:00,1.1703337,3.8466938
2017-11-30 19:30:00,1.1703337,3.9135494
2017-11-30 20:00:00,1.1703337,3.9025319
2017-11-30 20:30:00,1.1703337,4.214828
2017-11-30 21:00:00,1.1703337,4.3523526
2017-11-30 21:30:00,1.1703337,4.3130035
2017-11-30 22:00:00,1.1703337,3.0398688
2017-11-30 22:30:00,1.1703337,3.3369236
2017-11-30 23:00:00,1.1703337,0.7372728
2017-11-30 23:30:00,1.1703337,0.09052803
