时间,真实值,预测值
2018-07-25 23:30:00,42.391376,5.84042
2018-07-26 00:00:00,7.7510285,5.743866
2018-07-26 00:30:00,7.4822836,5.037291
2018-07-26 01:00:00,3.355278,6.315363
2018-07-26 01:30:00,4.7732563,6.994359
2018-07-26 02:00:00,4.843734,6.1704845
2018-07-26 02:30:00,4.9142065,6.395239
2018-07-26 03:00:00,5.619554,7.85037
2018-07-26 03:30:00,4.443017,6.649884
2018-07-26 04:00:00,-2.9978292,6.2232094
2018-07-26 04:30:00,10.351522,6.308464
2018-07-26 05:00:00,8.137016,6.5158505
2018-07-26 05:30:00,17.288946,6.3932424
2018-07-26 06:00:00,7.157698,0.5687296
2018-07-26 06:30:00,13.257681,2.3533003
2018-07-26 07:00:00,1.7393246,1.3641073
2018-07-26 07:30:00,-9.779031,-2.1804783
2018-07-26 08:00:00,-7.134819,-3.771867
2018-07-26 08:30:00,-8.1670065,-6.0354967
2018-07-26 09:00:00,-9.319551,-6.963685
2018-07-26 09:30:00,-12.254601,-10.678639
2018-07-26 10:00:00,-17.388987,-13.457792
2018-07-26 10:30:00,-24.315876,-13.666018
2018-07-26 11:00:00,-19.384172,-14.989461
2018-07-26 11:30:00,-31.685522,-15.538652
2018-07-26 12:00:00,-16.390364,-15.722106
2018-07-26 12:30:00,-15.588437,-15.382313
2018-07-26 13:00:00,-23.952736,-15.618417
2018-07-26 13:30:00,-18.220188,-15.468813
2018-07-26 14:00:00,-17.177326,-15.145596
2018-07-26 14:30:00,-24.131285,-14.960052
2018-07-26 15:00:00,-17.948454,-14.453753
2018-07-26 15:30:00,-22.859354,-14.380077
2018-07-26 16:00:00,-19.44365,-11.90632
2018-07-26 16:30:00,-12.525674,-10.6535635
2018-07-26 17:00:00,-17.620943,-7.5277324
2018-07-26 17:30:00,-4.0231433,-5.4880967
2018-07-26 18:00:00,-1.9767619,-2.7264493
2018-07-26 18:30:00,2.1956367,-0.89470303
2018-07-26 19:00:00,6.368031,-0.1056085
2018-07-26 19:30:00,16.040987,2.290788
2018-07-26 20:00:00,25.713942,4.329869
2018-07-26 20:30:00,15.029607,4.413712
2018-07-26 21:00:00,17.568579,6.2884874
2018-07-26 21:30:00,17.224018,5.90655
2018-07-26 22:00:00,16.879456,7.071421
2018-07-26 22:30:00,16.534893,5.8369374
2018-07-26 23:00:00,16.190336,5.734101
2018-07-26 23:30:00,15.845774,8.741961
2018-07-27 00:00:00,15.501212,8.362099
2018-07-27 00:30:00,15.15665,6.3229265
2018-07-27 01:00:00,14.812088,5.969158
2018-07-27 01:30:00,14.4675255,7.8807673
2018-07-27 02:00:00,14.122968,6.266514
2018-07-27 02:30:00,13.778406,5.5016737
2018-07-27 03:00:00,13.433845,5.4640493
2018-07-27 03:30:00,13.089282,8.321731
2018-07-27 04:00:00,12.74472,6.5461254
2018-07-27 04:30:00,12.400158,6.982872
2018-07-27 05:00:00,12.0556,7.09502
2018-07-27 05:30:00,11.711039,7.6320777
2018-07-27 06:00:00,11.366477,4.2598324
2018-07-27 06:30:00,2.2563095,3.0505862
2018-07-27 07:00:00,0.56336844,1.081935
2018-07-27 07:30:00,-1.1295683,-1.9400901
2018-07-27 08:00:00,-2.8225093,-3.7225413
2018-07-27 08:30:00,-4.5154505,-7.4760995
2018-07-27 09:00:00,-6.2083874,-8.088327
2018-07-27 09:30:00,-7.9013286,-11.070421
2018-07-27 10:00:00,-9.594269,-12.848787
2018-07-27 10:30:00,-11.287206,-16.241978
2018-07-27 11:00:00,-12.980146,-17.514137
2018-07-27 11:30:00,-14.673086,-16.658543
2018-07-27 12:00:00,-16.366024,-18.62136
2018-07-27 12:30:00,-18.058964,-16.061665
2018-07-27 13:00:00,-24.650272,-17.847971
2018-07-27 13:30:00,-23.832281,-17.558477
2018-07-27 14:00:00,-14.167013,-15.948707
2018-07-27 14:30:00,-21.019697,-16.937368
2018-07-27 15:00:00,-22.745687,-15.14851
2018-07-27 15:30:00,-14.631099,-15.438219
2018-07-27 16:00:00,-13.521618,-13.881326
2018-07-27 16:30:00,-14.239326,-10.866695
2018-07-27 17:00:00,-11.147906,-8.952287
2018-07-27 17:30:00,-4.386371,-5.9299946
2018-07-27 18:00:00,-3.8519351,-3.0675159
2018-07-27 18:30:00,-0.7601273,-0.9576128
2018-07-27 19:00:00,2.3316808,-0.1956956
2018-07-27 19:30:00,11.0862665,2.5793307
2018-07-27 20:00:00,-27.292652,4.4225116
2018-07-27 20:30:00,-24.57848,6.59071
2018-07-27 21:00:00,-21.864311,6.6326036
2018-07-27 21:30:00,-19.15014,6.9595222
2018-07-27 22:00:00,-16.435966,9.011972
2018-07-27 22:30:00,-13.721797,8.69385
2018-07-27 23:00:00,-11.007625,8.27098
2018-07-27 23:30:00,-8.293455,6.6377726
2018-07-28 00:00:00,-5.579285,8.069217
2018-07-28 00:30:00,-2.8651147,7.1646934
2018-07-28 01:00:00,-0.1509448,8.041231
2018-07-28 01:30:00,2.5632255,7.849417
2018-07-28 02:00:00,5.2773995,8.897347
2018-07-28 02:30:00,7.9915695,9.138172
2018-07-28 03:00:00,7.1563435,8.98466
2018-07-28 03:30:00,6.3211217,9.259125
2018-07-28 04:00:00,5.4859004,9.358445
2018-07-28 04:30:00,4.6506743,10.01333
2018-07-28 05:00:00,3.8154528,7.900137
2018-07-28 05:30:00,5.0560136,6.914177
2018-07-28 06:00:00,7.026395,8.28848
2018-07-28 06:30:00,4.5030866,4.6381254
2018-07-28 07:00:00,-6.083057,3.1059678
2018-07-28 07:30:00,-4.4361296,0.034813434
2018-07-28 08:00:00,-4.6948647,-1.2391077
2018-07-28 08:30:00,-2.858766,-4.7759333
2018-07-28 09:00:00,-8.621086,-7.9230704
2018-07-28 09:30:00,-13.9625,-9.04039
2018-07-28 10:00:00,-25.69164,-11.423516
2018-07-28 10:30:00,-18.475042,-13.327997
2018-07-28 11:00:00,-17.14543,-15.159581
2018-07-28 11:30:00,-24.660486,-14.927945
2018-07-28 12:00:00,-25.684952,-17.208292
2018-07-28 12:30:00,-28.317654,-17.655056
2018-07-28 13:00:00,-27.179781,-19.440422
2018-07-28 13:30:00,-24.388834,-19.466526
2018-07-28 14:00:00,-22.956675,-18.13423
2018-07-28 14:30:00,-19.48677,-18.415594
2018-07-28 15:00:00,-14.403572,-18.602291
2018-07-28 15:30:00,-14.702431,-15.513721
2018-07-28 16:00:00,-19.622494,-13.893097
2018-07-28 16:30:00,-19.665897,-12.115183
2018-07-28 17:00:00,-12.633283,-9.106966
2018-07-28 17:30:00,-11.377035,-5.2418756
2018-07-28 18:00:00,-6.676593,-2.3312116
2018-07-28 18:30:00,-3.5327897,-0.80933046
2018-07-28 19:00:00,0.9774467,0.25205714
2018-07-28 19:30:00,2.4138944,2.6799567
2018-07-28 20:00:00,17.955074,2.4452226
2018-07-28 20:30:00,15.900399,2.3472357
2018-07-28 21:00:00,-22.039137,3.7847056
2018-07-28 21:30:00,17.837612,4.0761757
2018-07-28 22:00:00,20.475708,2.9985037
2018-07-28 22:30:00,6.0276814,3.6578374
2018-07-28 23:00:00,12.873031,4.8176923
2018-07-28 23:30:00,19.718378,3.0647254
2018-07-29 00:00:00,26.563726,2.6985614
2018-07-29 00:30:00,15.260902,4.004064
2018-07-29 01:00:00,3.9580812,4.0592666
2018-07-29 01:30:00,2.3923185,5.2811003
2018-07-29 02:00:00,3.9359984,6.5986843
2018-07-29 02:30:00,5.479678,6.246725
2018-07-29 03:00:00,7.0233583,7.071115
2018-07-29 03:30:00,14.019747,7.238837
2018-07-29 04:00:00,9.38931,8.480569
2018-07-29 04:30:00,-5.8243265,7.4317694
2018-07-29 05:00:00,4.330454,7.3904877
2018-07-29 05:30:00,14.485239,6.5460687
2018-07-29 06:00:00,5.1508503,6.1293297
2018-07-29 06:30:00,-4.183542,3.0861177
2018-07-29 07:00:00,-13.51793,0.48949593
2018-07-29 07:30:00,-6.413004,0.20626207
2018-07-29 08:00:00,-5.727926,-2.0682037
2018-07-29 08:30:00,-13.963234,-3.5137393
2018-07-29 09:00:00,-14.274739,-5.7307878
2018-07-29 09:30:00,-17.51702,-9.679921
2018-07-29 10:00:00,-18.040487,-12.1544895
2018-07-29 10:30:00,-19.667141,-12.526779
2018-07-29 11:00:00,-22.21754,-13.374954
2018-07-29 11:30:00,-21.040516,-13.90783
2018-07-29 12:00:00,-26.42999,-14.565071
2018-07-29 12:30:00,-20.427803,-16.209106
2018-07-29 13:00:00,-18.281633,-15.484254
2018-07-29 13:30:00,-15.957052,-16.063301
2018-07-29 14:00:00,-14.039068,-16.237307
2018-07-29 14:30:00,-19.526794,-15.162514
2018-07-29 15:00:00,-21.105865,-13.8951025
2018-07-29 15:30:00,-16.608442,-12.315089
2018-07-29 16:00:00,-18.312607,-10.006512
2018-07-29 16:30:00,-11.887125,-9.337208
2018-07-29 17:00:00,-7.2395434,-7.1138506
2018-07-29 17:30:00,-5.302059,-5.4840245
2018-07-29 18:00:00,-9.119257,-5.139056
2018-07-29 18:30:00,-3.3777566,-2.8960845
2018-07-29 19:00:00,1.9233962,-1.3311566
2018-07-29 19:30:00,7.2245445,-0.7203881
2018-07-29 20:00:00,8.540316,-0.71086735
2018-07-29 20:30:00,13.223622,0.22795586
2018-07-29 21:00:00,17.906923,1.4263442
2018-07-29 21:30:00,22.590223,1.7569505
2018-07-29 22:00:00,27.273525,2.9236917
2018-07-29 22:30:00,15.010198,4.439268
2018-07-29 23:00:00,4.310023,3.7068877
2018-07-29 23:30:00,18.545725,3.9544415
2018-07-30 00:00:00,13.302598,6.9158244
2018-07-30 00:30:00,8.059469,7.0631237
2018-07-30 01:00:00,17.261284,5.916621
2018-07-30 01:30:00,5.078612,6.3744936
2018-07-30 02:00:00,6.6328263,5.9086647
2018-07-30 02:30:00,6.3705044,7.655519
2018-07-30 03:00:00,6.1081862,8.436334
2018-07-30 03:30:00,5.8458643,9.896306
2018-07-30 04:00:00,11.182226,9.7257185
2018-07-30 04:30:00,15.435213,6.363889
2018-07-30 05:00:00,5.798505,6.2012577
2018-07-30 05:30:00,14.166801,7.9531193
2018-07-30 06:00:00,22.535091,4.96833
2018-07-30 06:30:00,30.903393,2.7693665
2018-07-30 07:00:00,-10.068308,0.7361803
2018-07-30 07:30:00,-8.541656,-0.100282274
2018-07-30 08:00:00,-6.605093,-1.79969
2018-07-30 08:30:00,-14.874156,-4.0801067
2018-07-30 09:00:00,-25.045712,-7.050539
2018-07-30 09:30:00,-23.805569,-9.230089
2018-07-30 10:00:00,-21.427992,-12.43578
2018-07-30 10:30:00,-22.410004,-14.604548
2018-07-30 11:00:00,-22.030146,-15.539636
2018-07-30 11:30:00,-23.283754,-18.566217
2018-07-30 12:00:00,-26.903828,-19.97113
2018-07-30 12:30:00,-21.077774,-20.448244
2018-07-30 13:00:00,-23.652575,-17.664915
2018-07-30 13:30:00,-20.546167,-17.031702
2018-07-30 14:00:00,-8.8564625,-18.514462
2018-07-30 14:30:00,-30.533598,-17.601843
2018-07-30 15:00:00,-23.422832,-17.334097
2018-07-30 15:30:00,-19.925797,-17.864052
2018-07-30 16:00:00,-21.415047,-15.616829
2018-07-30 16:30:00,-15.1754465,-12.44388
2018-07-30 17:00:00,36.191772,-8.720292
2018-07-30 17:30:00,-0.27224648,-5.24867
2018-07-30 18:00:00,-0.71048284,-4.290049
2018-07-30 18:30:00,-3.0232806,-2.7999723
2018-07-30 19:00:00,1.5713015,-0.92651623
2018-07-30 19:30:00,6.1658835,-1.5283538
2018-07-30 20:00:00,9.739595,-0.93992573
2018-07-30 20:30:00,6.2009344,2.2270436
2018-07-30 21:00:00,6.7271867,4.6230817
2018-07-30 21:30:00,11.883471,5.9676204
2018-07-30 22:00:00,17.25459,7.525636
2018-07-30 22:30:00,22.625708,8.064232
2018-07-30 23:00:00,5.6632648,7.878255
2018-07-30 23:30:00,27.127573,8.174099
2018-07-31 00:00:00,8.04228,9.311824
2018-07-31 00:30:00,5.302274,6.8327284
2018-07-31 01:00:00,2.5622685,7.6204815
2018-07-31 01:30:00,17.940868,6.5402575
2018-07-31 02:00:00,6.450542,6.4221106
2018-07-31 02:30:00,11.606559,7.723873
2018-07-31 03:00:00,16.762571,7.0279856
2018-07-31 03:30:00,30.142332,6.967802
2018-07-31 04:00:00,25.945297,7.170107
2018-07-31 04:30:00,21.748264,7.853446
2018-07-31 05:00:00,17.551233,7.0861197
2018-07-31 05:30:00,13.354199,6.672688
2018-07-31 06:00:00,6.421062,7.68908
2018-07-31 06:30:00,6.8559074,8.714884
2018-07-31 07:00:00,-6.534231,2.170085
2018-07-31 07:30:00,-6.212875,-0.5189658
2018-07-31 08:00:00,-16.457838,-2.5784466
2018-07-31 08:30:00,-18.107769,-5.7217255
2018-07-31 09:00:00,-21.004599,-12.303309
2018-07-31 09:30:00,-23.221128,-15.126694
2018-07-31 10:00:00,-30.873781,-15.362096
2018-07-31 10:30:00,-28.654419,-16.504068
2018-07-31 11:00:00,-22.983656,-20.409056
2018-07-31 11:30:00,-25.59316,-20.282694
2018-07-31 12:00:00,-26.0685,-21.946552
2018-07-31 12:30:00,-25.63467,-22.035915
2018-07-31 13:00:00,-27.20523,-20.454023
2018-07-31 13:30:00,-26.098606,-20.149227
2018-07-31 14:00:00,-26.727377,-16.433403
2018-07-31 14:30:00,-21.440096,-17.852654
2018-07-31 15:00:00,-20.669367,-16.831438
2018-07-31 15:30:00,-20.650873,-15.756821
2018-07-31 16:00:00,-16.5043,-13.415371
2018-07-31 16:30:00,-18.329731,-11.456837
2018-07-31 17:00:00,-12.977027,-5.6545687
2018-07-31 17:30:00,-9.91989,-3.9220762
2018-07-31 18:00:00,-2.2094252,-1.817482
2018-07-31 18:30:00,-1.9211621,0.20627081
2018-07-31 19:00:00,0.15403968,4.476971
2018-07-31 19:30:00,2.2292414,5.255435
2018-07-31 20:00:00,5.588667,5.845296
2018-07-31 20:30:00,8.948093,4.195817
2018-07-31 21:00:00,9.080121,8.868846
2018-07-31 21:30:00,9.755941,9.317534
2018-07-31 22:00:00,6.990431,8.151898
2018-07-31 22:30:00,5.47374,10.644364
2018-07-31 23:00:00,14.260598,9.092129
2018-07-31 23:30:00,36.07665,10.451047
2018-08-01 00:00:00,13.5728855,8.800418
2018-08-01 00:30:00,17.98797,8.684976
2018-08-01 01:00:00,22.159546,6.8412223
2018-08-01 01:30:00,26.33113,6.9073915
2018-08-01 02:00:00,24.87183,7.1785398
2018-08-01 02:30:00,22.024067,9.581937
2018-08-01 03:00:00,15.59901,9.756654
2018-08-01 03:30:00,9.173958,13.663702
2018-08-01 04:00:00,19.954016,10.06464
2018-08-01 04:30:00,30.73408,13.0936165
2018-08-01 05:00:00,41.51414,11.187844
2018-08-01 05:30:00,27.40485,10.485355
2018-08-01 06:00:00,13.295563,6.7671967
2018-08-01 06:30:00,-0.81372166,4.7820296
2018-08-01 07:00:00,-14.923012,0.4105157
2018-08-01 07:30:00,-35.049557,-3.2971597
2018-08-01 08:00:00,-9.939661,-5.89937
2018-08-01 08:30:00,-16.798828,-8.290707
2018-08-01 09:00:00,-17.137207,-14.198597
2018-08-01 09:30:00,-21.265368,-17.026035
2018-08-01 10:00:00,-26.13217,-18.439606
2018-08-01 10:30:00,-22.777262,-20.348158
2018-08-01 11:00:00,-23.039085,-20.999876
2018-08-01 11:30:00,-28.955797,-20.170355
2018-08-01 12:00:00,-30.114344,-22.577024
2018-08-01 12:30:00,-28.585165,-21.02648
2018-08-01 13:00:00,-23.287918,-21.376225
2018-08-01 13:30:00,-11.857999,-20.632105
2018-08-01 14:00:00,-27.894735,-21.052135
2018-08-01 14:30:00,-33.17802,-17.662632
2018-08-01 15:00:00,-27.934544,-15.424337
2018-08-01 15:30:00,-27.578918,-14.427319
2018-08-01 16:00:00,-20.216751,-10.786545
2018-08-01 16:30:00,-12.428356,-8.412568
2018-08-01 17:00:00,-15.75781,-6.941349
2018-08-01 17:30:00,-10.682598,-4.3087587
2018-08-01 18:00:00,-4.0719404,-4.5341425
2018-08-01 18:30:00,2.538722,1.6002003
2018-08-01 19:00:00,2.7293828,2.0469613
2018-08-01 19:30:00,6.1297884,4.974259
2018-08-01 20:00:00,7.883769,6.456685
2018-08-01 20:30:00,9.637746,8.332605
2018-08-01 21:00:00,11.391727,7.3753176
2018-08-01 21:30:00,23.195076,10.896475
2018-08-01 22:00:00,15.094968,10.7517185
2018-08-01 22:30:00,6.9948616,8.161082
2018-08-01 23:00:00,5.1166997,9.247101
2018-08-01 23:30:00,3.2385378,10.184932
2018-08-02 00:00:00,12.27693,9.666863
2018-08-02 00:30:00,21.315315,9.554436
2018-08-02 01:00:00,30.353703,8.227667
2018-08-02 01:30:00,13.152634,10.908137
2018-08-02 02:00:00,11.590113,12.075857
2018-08-02 02:30:00,10.027596,11.571731
2018-08-02 03:00:00,8.481373,12.82353
2018-08-02 03:30:00,1.7450178,11.995347
2018-08-02 04:00:00,4.437442,10.988214
2018-08-02 04:30:00,3.6752841,13.830476
2018-08-02 05:00:00,-6.852739,16.834858
2018-08-02 05:30:00,-3.7958415,16.30285
2018-08-02 06:00:00,-0.7389447,12.696963
2018-08-02 06:30:00,2.3179524,6.2581773
2018-08-02 07:00:00,-1.3893694,-0.2573077
2018-08-02 07:30:00,-7.534911,-5.9723334
2018-08-02 08:00:00,-11.005492,-8.423229
2018-08-02 08:30:00,-19.157345,-9.074279
2018-08-02 09:00:00,-18.080477,-12.941435
2018-08-02 09:30:00,-29.290564,-14.827472
2018-08-02 10:00:00,-26.63439,-18.783998
2018-08-02 10:30:00,-28.925701,-19.846697
2018-08-02 11:00:00,-26.574846,-20.013071
2018-08-02 11:30:00,-22.44857,-20.888418
2018-08-02 12:00:00,-33.040276,-21.727587
2018-08-02 12:30:00,-27.32369,-21.542967
2018-08-02 13:00:00,-29.89873,-20.70362
2018-08-02 13:30:00,-21.24728,-18.3027
2018-08-02 14:00:00,-23.454506,-21.146812
2018-08-02 14:30:00,-23.745384,-18.918137
2018-08-02 15:00:00,-25.22357,-16.769533
2018-08-02 15:30:00,-24.638023,-17.031342
2018-08-02 16:00:00,-19.42946,-14.403488
2018-08-02 16:30:00,-18.290962,-10.261437
2018-08-02 17:00:00,-12.41755,-8.823723
2018-08-02 17:30:00,-5.326344,-6.503091
2018-08-02 18:00:00,-1.2854402,-4.855888
2018-08-02 18:30:00,2.7320218,-2.7658782
2018-08-02 19:00:00,3.2371004,0.148578
2018-08-02 19:30:00,8.565526,3.158544
2018-08-02 20:00:00,6.9102755,4.042401
2018-08-02 20:30:00,5.328608,6.354788
2018-08-02 21:00:00,6.5611734,8.144667
2018-08-02 21:30:00,5.91372,8.855572
2018-08-02 22:00:00,7.615234,10.300969
2018-08-02 22:30:00,8.415929,9.566535
2018-08-02 23:00:00,9.468793,8.429959
2018-08-02 23:30:00,6.566788,7.674434
2018-08-03 00:00:00,3.6647847,9.126192
2018-08-03 00:30:00,42.187325,8.937716
2018-08-03 01:00:00,7.903396,11.686338
2018-08-03 01:30:00,-47.063297,10.472229
2018-08-03 02:00:00,-25.337866,9.367572
2018-08-03 02:30:00,-3.6124296,11.22189
2018-08-03 03:00:00,18.112999,12.962453
2018-08-03 03:30:00,12.649123,9.426934
2018-08-03 04:00:00,7.185247,11.489565
2018-08-03 04:30:00,1.7213665,11.80404
2018-08-03 05:00:00,3.8154266,9.42897
2018-08-03 05:30:00,5.9094863,6.2822914
2018-08-03 06:00:00,8.003546,4.017111
2018-08-03 06:30:00,-0.7397094,2.7555857
2018-08-03 07:00:00,-9.48296,1.5220065
2018-08-03 07:30:00,-11.313348,-3.6408653
2018-08-03 08:00:00,-13.545254,-7.004547
2018-08-03 08:30:00,-18.024336,-11.194658
2018-08-03 09:00:00,-21.095913,-14.577406
2018-08-03 09:30:00,-15.17012,-16.563852
2018-08-03 10:00:00,-21.497509,-20.229734
2018-08-03 10:30:00,-19.045546,-20.788002
2018-08-03 11:00:00,-24.063637,-22.517204
2018-08-03 11:30:00,-26.764723,-23.580738
2018-08-03 12:00:00,-24.815437,-26.359348
2018-08-03 12:30:00,-22.155897,-26.401999
2018-08-03 13:00:00,-16.84306,-25.93943
2018-08-03 13:30:00,-20.262878,-26.098043
2018-08-03 14:00:00,-21.503706,-24.090929
2018-08-03 14:30:00,-24.144508,-24.282166
2018-08-03 15:00:00,-19.259926,-20.88626
2018-08-03 15:30:00,-20.196257,-19.101261
2018-08-03 16:00:00,-16.74019,-16.16502
2018-08-03 16:30:00,-14.75805,-13.1797495
2018-08-03 17:00:00,-17.640282,-9.428811
2018-08-03 17:30:00,-10.438299,-7.2395916
2018-08-03 18:00:00,-4.4112196,-3.3752048
2018-08-03 18:30:00,2.539963,-1.483201
2018-08-03 19:00:00,6.5829287,0.89532924
2018-08-03 19:30:00,5.019084,4.359493
2018-08-03 20:00:00,6.2626643,6.6185474
2018-08-03 20:30:00,7.5062494,7.235957
2018-08-03 21:00:00,-6.287031,9.451315
2018-08-03 21:30:00,22.14478,9.325399
2018-08-03 22:00:00,16.13855,9.654778
2018-08-03 22:30:00,10.13232,7.4054093
2018-08-03 23:00:00,4.1260867,8.861462
2018-08-03 23:30:00,15.758256,7.774667
2018-08-04 00:00:00,22.575237,8.956604
2018-08-04 00:30:00,29.39222,12.938859
2018-08-04 01:00:00,8.772979,10.706885
2018-08-04 01:30:00,7.1555877,5.166973
2018-08-04 02:00:00,5.5382013,2.4599035
2018-08-04 02:30:00,3.920815,6.352332
2018-08-04 03:00:00,4.045516,9.568025
2018-08-04 03:30:00,3.1837814,10.580183
2018-08-04 04:00:00,3.1063478,8.816515
2018-08-04 04:30:00,3.0289142,10.614224
2018-08-04 05:00:00,2.9514809,10.328286
2018-08-04 05:30:00,2.8740473,7.0916686
2018-08-04 06:00:00,7.394573,5.942715
2018-08-04 06:30:00,5.3645463,-0.19566938
2018-08-04 07:00:00,3.3345237,-0.51079077
2018-08-04 07:30:00,6.373908,-2.343293
2018-08-04 08:00:00,9.413289,-5.750808
2018-08-04 08:30:00,12.452673,-11.645698
2018-08-04 09:00:00,15.492058,-13.194234
2018-08-04 09:30:00,-8.471476,-17.566652
2018-08-04 10:00:00,-12.625378,-21.20351
2018-08-04 10:30:00,-14.960942,-23.074762
2018-08-04 11:00:00,-22.078356,-24.4766
2018-08-04 11:30:00,-21.301382,-24.412594
2018-08-04 12:00:00,-21.45697,-25.588614
2018-08-04 12:30:00,-11.242547,-22.989096
2018-08-04 13:00:00,-22.15224,-20.027481
2018-08-04 13:30:00,-21.243128,-22.84474
2018-08-04 14:00:00,-19.542082,-22.307722
2018-08-04 14:30:00,-22.00341,-22.71545
2018-08-04 15:00:00,-10.439973,-20.30104
2018-08-04 15:30:00,-13.314701,-17.152227
2018-08-04 16:00:00,-5.6054487,-13.320801
2018-08-04 16:30:00,-10.984878,-10.918927
2018-08-04 17:00:00,-19.657978,-10.327213
2018-08-04 17:30:00,-9.484349,-6.2188125
2018-08-04 18:00:00,-5.5072784,-3.3719628
2018-08-04 18:30:00,1.8183835,1.0691329
2018-08-04 19:00:00,2.977413,2.5645754
2018-08-04 19:30:00,4.1364465,4.188363
2018-08-04 20:00:00,3.3763425,4.7232447
2018-08-04 20:30:00,5.297354,6.7598214
2018-08-04 21:00:00,7.218362,8.832323
2018-08-04 21:30:00,35.33831,8.013582
2018-08-04 22:00:00,12.166425,8.58958
2018-08-04 22:30:00,9.935683,10.435667
2018-08-04 23:00:00,7.704945,7.8551717
2018-08-04 23:30:00,8.938419,10.794346
2018-08-05 00:00:00,6.2671647,9.577222
2018-08-05 00:30:00,3.595915,10.254676
2018-08-05 01:00:00,4.6047697,8.2072315
2018-08-05 01:30:00,5.2235603,6.6054525
2018-08-05 02:00:00,4.5394177,8.639578
2018-08-05 02:30:00,2.9877725,9.735357
2018-08-05 03:00:00,9.445211,9.728166
2018-08-05 03:30:00,38.303654,6.2800503
2018-08-05 04:00:00,2.5300708,6.716342
2018-08-05 04:30:00,19.93029,4.5216956
2018-08-05 05:00:00,18.245771,5.176673
2018-08-05 05:30:00,8.580242,6.448423
2018-08-05 06:00:00,-6.178702,5.0725646
2018-08-05 06:30:00,-20.937647,2.9579518
2018-08-05 07:00:00,-35.69659,0.49201268
2018-08-05 07:30:00,-11.998334,-1.2083126
2018-08-05 08:00:00,-9.651651,-1.9841723
2018-08-05 08:30:00,-19.195698,-4.8097563
2018-08-05 09:00:00,-20.95489,-6.4348373
2018-08-05 09:30:00,-29.565746,-10.532769
2018-08-05 10:00:00,-25.604,-15.407573
2018-08-05 10:30:00,-23.43656,-16.439445
2018-08-05 11:00:00,-24.314451,-16.305553
2018-08-05 11:30:00,-18.998413,-19.977066
2018-08-05 12:00:00,-20.006077,-20.428162
2018-08-05 12:30:00,-21.240356,-17.73173
2018-08-05 13:00:00,-24.736992,-17.729156
2018-08-05 13:30:00,-19.118069,-21.489172
2018-08-05 14:00:00,-19.349142,-20.226992
2018-08-05 14:30:00,-14.505615,-19.323462
2018-08-05 15:00:00,-22.964634,-17.597204
2018-08-05 15:30:00,-21.577297,-14.27614
2018-08-05 16:00:00,-18.624796,-11.363717
2018-08-05 16:30:00,-11.738511,-9.776335
2018-08-05 17:00:00,-8.61631,-10.5639
2018-08-05 17:30:00,-6.8677998,-9.317174
2018-08-05 18:00:00,-3.825007,-4.8674316
2018-08-05 18:30:00,1.40351,-0.15732403
2018-08-05 19:00:00,16.206127,0.48644176
2018-08-05 19:30:00,31.008738,2.9524596
2018-08-05 20:00:00,45.811356,2.8996298
2018-08-05 20:30:00,60.61397,4.5587173
2018-08-05 21:00:00,21.976156,5.9880643
2018-08-05 21:30:00,29.95452,8.415509
2018-08-05 22:00:00,37.932888,9.529339
2018-08-05 22:30:00,45.911255,9.227923
2018-08-05 23:00:00,74.86222,9.310076
2018-08-05 23:30:00,59.06703,9.158294
2018-08-06 00:00:00,43.27183,8.731465
2018-08-06 00:30:00,27.476639,2.9490602
2018-08-06 01:00:00,16.12065,0.7308847
2018-08-06 01:30:00,16.353342,3.6853118
2018-08-06 02:00:00,16.58604,5.383098
2018-08-06 02:30:00,16.818739,6.317172
2018-08-06 03:00:00,17.051432,6.643147
2018-08-06 03:30:00,17.28413,8.015535
2018-08-06 04:00:00,17.516829,6.733282
2018-08-06 04:30:00,17.749523,8.253643
2018-08-06 05:00:00,17.98222,8.762042
2018-08-06 05:30:00,18.214918,8.757327
2018-08-06 06:00:00,18.44761,3.6854212
2018-08-06 06:30:00,18.68031,-0.43981078
2018-08-06 07:00:00,18.913008,-4.021837
2018-08-06 07:30:00,-6.326482,-3.5273018
2018-08-06 08:00:00,-12.144239,-3.931715
2018-08-06 08:30:00,-18.3859,-6.4019403
2018-08-06 09:00:00,-17.406424,-9.5991535
2018-08-06 09:30:00,-25.478193,-13.426626
2018-08-06 10:00:00,-28.600029,-16.719826
2018-08-06 10:30:00,-32.028366,-15.975384
2018-08-06 11:00:00,-41.21951,-18.34627
2018-08-06 11:30:00,-31.00951,-17.65636
2018-08-06 12:00:00,-30.590155,-17.217094
2018-08-06 12:30:00,-30.93413,-17.040873
2018-08-06 13:00:00,-33.516537,-18.59534
2018-08-06 13:30:00,-28.074633,-19.469666
2018-08-06 14:00:00,-29.473354,-17.100107
2018-08-06 14:30:00,-24.412333,-16.314157
2018-08-06 15:00:00,-25.76268,-16.024761
2018-08-06 15:30:00,-17.03627,-13.973606
2018-08-06 16:00:00,-16.651995,-13.00541
2018-08-06 16:30:00,-12.591035,-10.363767
2018-08-06 17:00:00,-11.798143,-8.779872
2018-08-06 17:30:00,-5.173067,-5.5562587
2018-08-06 18:00:00,-2.9119978,-3.592536
2018-08-06 18:30:00,2.2919285,-0.895341
2018-08-06 19:00:00,-0.53995174,2.1766171
2018-08-06 19:30:00,6.729166,3.9418228
2018-08-06 20:00:00,13.998284,7.121721
2018-08-06 20:30:00,12.040897,10.611738
2018-08-06 21:00:00,16.214962,12.937517
2018-08-06 21:30:00,11.026765,12.241468
2018-08-06 22:00:00,6.1379066,12.945514
2018-08-06 22:30:00,8.023186,12.638868
2018-08-06 23:00:00,7.684387,16.509796
2018-08-06 23:30:00,5.229892,20.111837
2018-08-07 00:00:00,6.528146,19.372955
2018-08-07 00:30:00,10.883813,15.367383
2018-08-07 01:00:00,15.239479,11.757852
2018-08-07 01:30:00,34.50352,12.005196
2018-08-07 02:00:00,53.767563,12.488401
2018-08-07 02:30:00,41.234695,12.426488
2018-08-07 03:00:00,28.70183,8.9110365
2018-08-07 03:30:00,16.168964,11.356104
2018-08-07 04:00:00,3.6361043,10.978082
2018-08-07 04:30:00,10.447412,9.057423
2018-08-07 05:00:00,17.258722,8.217608
2018-08-07 05:30:00,17.427309,8.706761
2018-08-07 06:00:00,17.595896,9.714856
2018-08-07 06:30:00,43.042984,7.8661695
2018-08-07 07:00:00,18.399225,7.582896
2018-08-07 07:30:00,-6.2445307,4.4658947
2018-08-07 08:00:00,-11.085417,0.38956472
2018-08-07 08:30:00,-19.287329,-4.375675
2018-08-07 09:00:00,-19.073349,-11.550852
2018-08-07 09:30:00,-22.15861,-14.024186
2018-08-07 10:00:00,-26.00751,-16.077595
2018-08-07 10:30:00,-34.30101,-18.725586
2018-08-07 11:00:00,-23.040089,-23.299904
2018-08-07 11:30:00,-14.664883,-22.72771
2018-08-07 12:00:00,-7.779437,-22.721283
2018-08-07 12:30:00,-13.788154,-24.355568
2018-08-07 13:00:00,-24.07815,-25.406654
2018-08-07 13:30:00,-26.16485,-23.10505
2018-08-07 14:00:00,-24.771645,-21.997517
2018-08-07 14:30:00,-13.916658,-22.419725
2018-08-07 15:00:00,-20.624968,-22.276152
2018-08-07 15:30:00,-18.460758,-20.212448
2018-08-07 16:00:00,-12.837934,-17.744846
2018-08-07 16:30:00,-4.241235,-13.317213
2018-08-07 17:00:00,-19.084732,-11.134772
2018-08-07 17:30:00,-3.1517043,-6.1867723
2018-08-07 18:00:00,0.6775699,-3.8024743
2018-08-07 18:30:00,4.5068445,-1.1505805
2018-08-07 19:00:00,4.9230065,2.8633904
2018-08-07 19:30:00,5.339169,4.568308
2018-08-07 20:00:00,15.068328,6.829071
2018-08-07 20:30:00,12.554182,8.596077
2018-08-07 21:00:00,12.569278,10.83499
2018-08-07 21:30:00,12.584374,10.698391
2018-08-07 22:00:00,12.59947,13.018289
2018-08-07 22:30:00,7.732415,13.052274
2018-08-07 23:00:00,7.167844,12.747197
2018-08-07 23:30:00,6.1140065,12.684065
2018-08-08 00:00:00,6.7777095,9.828826
2018-08-08 00:30:00,7.4414124,8.078489
2018-08-08 01:00:00,-6.9796114,10.135204
2018-08-08 01:30:00,-1.7905537,15.165279
2018-08-08 02:00:00,3.3985038,15.915504
2018-08-08 02:30:00,-31.335903,19.725391
2018-08-08 03:00:00,-15.573511,20.637644
2018-08-08 03:30:00,0.18888083,19.126913
2018-08-08 04:00:00,15.951271,17.580984
2018-08-08 04:30:00,6.57291,14.157691
2018-08-08 05:00:00,-2.8054514,12.576855
2018-08-08 05:30:00,50.380962,11.255373
2018-08-08 06:00:00,34.579784,8.974952
2018-08-08 06:30:00,18.77861,11.318689
2018-08-08 07:00:00,2.9774346,7.45092
2018-08-08 07:30:00,-12.823737,-0.23546098
2018-08-08 08:00:00,-12.62381,-6.1125984
2018-08-08 08:30:00,-16.332268,-9.826705
2018-08-08 09:00:00,-21.239197,-13.584814
2018-08-08 09:30:00,-26.362072,-16.499607
2018-08-08 10:00:00,-29.252916,-20.506397
2018-08-08 10:30:00,-27.80683,-24.32237
2018-08-08 11:00:00,-22.823364,-25.749361
2018-08-08 11:30:00,-27.37335,-24.432518
2018-08-08 12:00:00,-24.938673,-22.333355
2018-08-08 12:30:00,-25.13921,-22.929205
2018-08-08 13:00:00,-31.500006,-22.386644
2018-08-08 13:30:00,-29.632988,-22.529839
2018-08-08 14:00:00,-24.23509,-18.888708
2018-08-08 14:30:00,-27.290142,-18.099926
2018-08-08 15:00:00,-24.421438,-17.4905
2018-08-08 15:30:00,45.92723,-16.648167
2018-08-08 16:00:00,-12.270487,-14.0610285
2018-08-08 16:30:00,-17.666542,-10.657915
2018-08-08 17:00:00,-2.9285314,-9.946853
2018-08-08 17:30:00,2.8758912,-6.9809875
2018-08-08 18:00:00,5.134697,-4.430934
2018-08-08 18:30:00,4.187891,0.70561236
2018-08-08 19:00:00,4.4750967,3.58975
2018-08-08 19:30:00,4.7622976,5.778052
2018-08-08 20:00:00,5.0495033,9.650225
2018-08-08 20:30:00,-3.9850864,8.202364
2018-08-08 21:00:00,-13.019676,8.303885
2018-08-08 21:30:00,21.213856,9.59303
2018-08-08 22:00:00,14.424195,13.524591
2018-08-08 22:30:00,3.0934887,13.0500145
2018-08-08 23:00:00,0.6148655,11.530711
2018-08-08 23:30:00,-1.863762,10.964078
2018-08-09 00:00:00,-4.3423896,8.380537
2018-08-09 00:30:00,-6.8210173,7.673237
2018-08-09 01:00:00,-9.299644,8.861148
2018-08-09 01:30:00,-3.3040457,7.964589
2018-08-09 02:00:00,2.6915529,6.659178
2018-08-09 02:30:00,8.687152,2.4146764
2018-08-09 03:00:00,14.682751,1.5093791
2018-08-09 03:30:00,15.420523,5.0618553
2018-08-09 04:00:00,16.15829,8.820604
2018-08-09 04:30:00,6.5552096,9.436441
2018-08-09 05:00:00,-3.047871,8.18005
2018-08-09 05:30:00,20.17054,13.017053
2018-08-09 06:00:00,43.388958,10.784157
2018-08-09 06:30:00,19.02218,6.956673
2018-08-09 07:00:00,8.708605,2.3195121
2018-08-09 07:30:00,-3.2199404,-2.3623607
2018-08-09 08:00:00,-10.033152,-3.316625
2018-08-09 08:30:00,-15.281776,-8.263848
2018-08-09 09:00:00,-18.68046,-11.66809
2018-08-09 09:30:00,-19.63323,-17.137232
2018-08-09 10:00:00,-25.289366,-18.203495
2018-08-09 10:30:00,-27.37774,-21.430182
2018-08-09 11:00:00,-27.38216,-22.432646
2018-08-09 11:30:00,-28.741486,-23.01982
2018-08-09 12:00:00,-32.030674,-21.730757
2018-08-09 12:30:00,-30.207924,-21.784084
2018-08-09 13:00:00,-23.718828,-21.723291
2018-08-09 13:30:00,-24.440655,-21.044565
2018-08-09 14:00:00,-23.431313,-17.88977
2018-08-09 14:30:00,-27.135685,-17.582678
2018-08-09 15:00:00,-23.950245,-16.306498
2018-08-09 15:30:00,-17.057457,-8.702404
2018-08-09 16:00:00,-14.624123,-6.7556124
2018-08-09 16:30:00,-10.195897,-6.1451807
2018-08-09 17:00:00,-8.307577,-3.1754298
2018-08-09 17:30:00,-2.8873723,1.5157584
2018-08-09 18:00:00,1.029468,2.362205
2018-08-09 18:30:00,-10.270149,0.6815111
2018-08-09 19:00:00,-21.569765,5.47364
2018-08-09 19:30:00,-32.869377,4.7523007
2018-08-09 20:00:00,-17.807102,9.321935
2018-08-09 20:30:00,-2.7448268,5.1453495
2018-08-09 21:00:00,12.317451,6.279504
2018-08-09 21:30:00,20.79502,7.7165546
2018-08-09 22:00:00,-44.94743,9.792338
2018-08-09 22:30:00,-36.108875,8.3447695
2018-08-09 23:00:00,-27.270323,7.452961
2018-08-09 23:30:00,-18.431768,3.341768
2018-08-10 00:00:00,-31.40267,5.571024
2018-08-10 00:30:00,-20.207983,4.6944156
2018-08-10 01:00:00,-9.013291,3.6542547
2018-08-10 01:30:00,2.1813972,3.8191535
2018-08-10 02:00:00,-18.580723,6.580342
2018-08-10 02:30:00,-21.930685,6.0733495
2018-08-10 03:00:00,-25.280647,7.953259
2018-08-10 03:30:00,28.746939,9.015674
2018-08-10 04:00:00,66.23847,9.531204
2018-08-10 04:30:00,42.974308,10.64613
2018-08-10 05:00:00,19.710136,6.3574266
2018-08-10 05:30:00,54.037064,7.5858107
2018-08-10 06:00:00,28.442963,7.1840625
2018-08-10 06:30:00,2.8488755,5.116219
2018-08-10 07:00:00,-3.4250896,4.672023
2018-08-10 07:30:00,-9.699055,-3.626145
2018-08-10 08:00:00,-21.237516,-4.309589
2018-08-10 08:30:00,-19.91111,-8.938894
2018-08-10 09:00:00,-21.390558,-10.527675
2018-08-10 09:30:00,-30.421795,-17.111961
2018-08-10 10:00:00,-27.426207,-20.521622
2018-08-10 10:30:00,-26.340343,-20.193312
2018-08-10 11:00:00,-35.070286,-20.437565
2018-08-10 11:30:00,-30.134295,-19.339073
2018-08-10 12:00:00,-29.947266,-18.28885
2018-08-10 12:30:00,-27.227182,-19.880798
2018-08-10 13:00:00,-25.674442,-17.384743
2018-08-10 13:30:00,-24.121702,-15.957743
2018-08-10 14:00:00,-26.515327,-17.255308
2018-08-10 14:30:00,-28.432457,-15.7339115
2018-08-10 15:00:00,-27.429016,-14.185519
2018-08-10 15:30:00,-27.211296,-9.945263
2018-08-10 16:00:00,-18.938633,-6.004444
2018-08-10 16:30:00,-15.490616,-6.530771
2018-08-10 17:00:00,-11.01046,-1.5683508
2018-08-10 17:30:00,-6.7173457,-1.202899
2018-08-10 18:00:00,-5.141193,-0.08197473
2018-08-10 18:30:00,-0.18176614,-0.17499803
2018-08-10 19:00:00,-1.743946,3.094603
2018-08-10 19:30:00,-7.9608126,-0.5172792
2018-08-10 20:00:00,-9.663397,0.44620886
2018-08-10 20:30:00,-9.814908,5.156823
2018-08-10 21:00:00,-21.9174,5.854358
2018-08-10 21:30:00,-22.08394,7.8308477
2018-08-10 22:00:00,-17.185244,2.7014277
2018-08-10 22:30:00,-12.286549,1.1671766
2018-08-10 23:00:00,1.2873597,0.15344545
2018-08-10 23:30:00,14.861269,-1.1071317
2018-08-11 00:00:00,3.0580666,-2.6895502
2018-08-11 00:30:00,-40.48611,-3.513346
2018-08-11 01:00:00,7.945403,-0.16615884
2018-08-11 01:30:00,9.813289,2.5282137
2018-08-11 02:00:00,10.960888,-0.1162697
2018-08-11 02:30:00,9.968352,1.9641185
2018-08-11 03:00:00,8.975812,1.2932365
2018-08-11 03:30:00,7.9832764,4.5226307
2018-08-11 04:00:00,1.8546315,8.027302
2018-08-11 04:30:00,2.459248,10.796448
2018-08-11 05:00:00,3.063869,11.304423
2018-08-11 05:30:00,3.66849,13.160057
2018-08-11 06:00:00,4.2731066,11.889701
2018-08-11 06:30:00,2.4001703,6.9688287
2018-08-11 07:00:00,-3.0618007,2.5099676
2018-08-11 07:30:00,-8.523776,-4.8418407
2018-08-11 08:00:00,-12.285706,-4.8322325
2018-08-11 08:30:00,-17.158663,-5.6485305
2018-08-11 09:00:00,-21.930433,-10.932752
2018-08-11 09:30:00,-29.00601,-10.513989
2018-08-11 10:00:00,-28.305737,-16.059895
2018-08-11 10:30:00,-31.887476,-16.856947
2018-08-11 11:00:00,-41.822994,-19.44308
2018-08-11 11:30:00,-30.071758,-20.182459
2018-08-11 12:00:00,-30.93898,-18.543783
2018-08-11 12:30:00,-33.568832,-19.203632
2018-08-11 13:00:00,-37.57136,-16.927553
2018-08-11 13:30:00,-30.850643,-14.406661
2018-08-11 14:00:00,-27.168463,-13.023692
2018-08-11 14:30:00,-28.386118,-11.735653
2018-08-11 15:00:00,-28.001635,-7.416777
2018-08-11 15:30:00,-23.744303,-9.515215
2018-08-11 16:00:00,-23.875122,-11.089772
2018-08-11 16:30:00,-13.497916,-9.728211
2018-08-11 17:00:00,-3.3994722,-5.343699
2018-08-11 17:30:00,-1.3641889,-3.9821677
2018-08-11 18:00:00,-0.42925882,-4.940391
2018-08-11 18:30:00,1.5822423,-3.1030474
2018-08-11 19:00:00,3.314748,-1.6462867
2018-08-11 19:30:00,5.7949615,-1.4619398
2018-08-11 20:00:00,3.4459026,-1.7301214
2018-08-11 20:30:00,5.906528,0.4045603
2018-08-11 21:00:00,6.2266173,4.6788387
2018-08-11 21:30:00,6.481931,4.548218
2018-08-11 22:00:00,6.6120853,-1.8867186
2018-08-11 22:30:00,5.6220403,-1.5642611
2018-08-11 23:00:00,5.723335,-0.39269617
2018-08-11 23:30:00,4.970558,0.048681725
2018-08-12 00:00:00,4.875608,1.0475571
2018-08-12 00:30:00,4.570322,-2.6913242
2018-08-12 01:00:00,5.376426,1.8540066
2018-08-12 01:30:00,6.147471,2.5201917
2018-08-12 02:00:00,5.408528,9.607751
2018-08-12 02:30:00,4.7781672,11.095853
2018-08-12 03:00:00,6.1164837,11.39985
2018-08-12 03:30:00,6.2872815,10.097646
2018-08-12 04:00:00,4.633284,9.713388
2018-08-12 04:30:00,6.434218,10.041111
2018-08-12 05:00:00,4.9636893,10.119244
2018-08-12 05:30:00,4.6189265,7.88113
2018-08-12 06:00:00,3.8784194,8.802249
2018-08-12 06:30:00,0.8402231,5.844051
2018-08-12 07:00:00,-4.387905,2.374448
2018-08-12 07:30:00,-11.820703,-2.8917983
2018-08-12 08:00:00,-15.37558,-6.9082994
2018-08-12 08:30:00,-19.596361,-10.496386
2018-08-12 09:00:00,-22.652807,-14.220929
2018-08-12 09:30:00,-28.66331,-17.704002
2018-08-12 10:00:00,-30.208765,-21.233162
2018-08-12 10:30:00,-41.76521,-19.99582
2018-08-12 11:00:00,-42.881683,-23.708536
2018-08-12 11:30:00,-39.45473,-21.511387
2018-08-12 12:00:00,-40.528393,-19.480892
2018-08-12 12:30:00,-34.823006,-21.843166
2018-08-12 13:00:00,-36.998295,-21.207838
2018-08-12 13:30:00,-34.34223,-22.349045
2018-08-12 14:00:00,-30.364449,-22.313713
2018-08-12 14:30:00,-23.581697,-23.267414
2018-08-12 15:00:00,-27.964685,-21.129417
2018-08-12 15:30:00,-19.809193,-18.467335
2018-08-12 16:00:00,-18.848675,-17.994726
2018-08-12 16:30:00,-16.93314,-11.689557
2018-08-12 17:00:00,-12.403106,-8.892628
2018-08-12 17:30:00,-5.5001564,-8.819463
2018-08-12 18:00:00,-1.8109105,-9.959516
2018-08-12 18:30:00,0.42423543,-7.6031384
2018-08-12 19:00:00,2.801241,-5.077846
2018-08-12 19:30:00,6.9621873,-0.9107997
2018-08-12 20:00:00,2.0510335,-0.20373519
2018-08-12 20:30:00,8.528047,2.1450791
2018-08-12 21:00:00,6.953833,2.5816903
2018-08-12 21:30:00,2.570828,-3.1429656
2018-08-12 22:00:00,6.008823,-0.10035656
2018-08-12 22:30:00,5.2238708,0.76644236
2018-08-12 23:00:00,5.1383452,1.6778959
2018-08-12 23:30:00,5.1903625,1.0544695
2018-08-13 00:00:00,5.2874227,2.8790457
2018-08-13 00:30:00,5.3844876,3.1846683
2018-08-13 01:00:00,6.9182973,4.181665
2018-08-13 01:30:00,19.911503,3.9227595
2018-08-13 02:00:00,74.678024,5.7279005
2018-08-13 02:30:00,5.085485,8.433498
2018-08-13 03:00:00,5.238399,11.023404
2018-08-13 03:30:00,4.9007535,13.660408
2018-08-13 04:00:00,5.265375,12.589753
2018-08-13 04:30:00,6.4581447,11.874037
2018-08-13 05:00:00,4.8655105,12.172445
2018-08-13 05:30:00,11.48645,8.393855
2018-08-13 06:00:00,18.10739,6.6269803
2018-08-13 06:30:00,24.728323,2.6746743
2018-08-13 07:00:00,66.89654,-0.046626743
2018-08-13 07:30:00,49.56041,-5.043927
2018-08-13 08:00:00,32.22427,-8.108497
2018-08-13 08:30:00,14.888141,-12.768531
2018-08-13 09:00:00,-11.395906,-18.298304
2018-08-13 09:30:00,41.80089,-20.714565
2018-08-13 10:00:00,-21.440733,-22.154308
2018-08-13 10:30:00,-29.88246,-27.40516
2018-08-13 11:00:00,-30.055012,-28.522835
2018-08-13 11:30:00,-30.227564,-29.04483
2018-08-13 12:00:00,-30.400116,-29.212107
2018-08-13 12:30:00,-30.572668,-30.957705
2018-08-13 13:00:00,-30.74522,-29.650938
2018-08-13 13:30:00,-39.051888,-30.654743
2018-08-13 14:00:00,-26.292572,-27.685045
2018-08-13 14:30:00,-22.753,-24.942724
2018-08-13 15:00:00,-19.213427,-22.835985
2018-08-13 15:30:00,-15.673851,-19.537592
2018-08-13 16:00:00,-12.134277,-16.47873
2018-08-13 16:30:00,-8.594704,-12.878625
2018-08-13 17:00:00,-5.05513,-8.716066
2018-08-13 17:30:00,-1.5155604,-5.1342063
2018-08-13 18:00:00,2.0240135,-2.8616936
2018-08-13 18:30:00,5.563587,-0.36845067
2018-08-13 19:00:00,9.103161,0.86266404
2018-08-13 19:30:00,8.876929,1.4946021
2018-08-13 20:00:00,11.27001,3.4601903
2018-08-13 20:30:00,13.663091,3.2078388
2018-08-13 21:00:00,6.2627387,4.9909673
2018-08-13 21:30:00,5.063188,6.393356
2018-08-13 22:00:00,3.863638,7.2468414
2018-08-13 22:30:00,3.299263,6.588762
2018-08-13 23:00:00,4.29778,7.152796
2018-08-13 23:30:00,3.8934455,6.2066493
2018-08-14 00:00:00,3.4350884,3.583895
2018-08-14 00:30:00,3.551776,7.705701
2018-08-14 01:00:00,1.9791054,8.312952
2018-08-14 01:30:00,2.7185686,11.021696
2018-08-14 02:00:00,3.9746323,14.622335
2018-08-14 02:30:00,3.4025543,12.998723
2018-08-14 03:00:00,1.738005,11.511508
2018-08-14 03:30:00,1.7700585,10.62437
2018-08-14 04:00:00,1.8021164,11.861287
2018-08-14 04:30:00,1.8341743,9.933385
2018-08-14 05:00:00,16.84932,7.9394436
2018-08-14 05:30:00,1.6539301,8.978058
2018-08-14 06:00:00,4.384822,10.269588
2018-08-14 06:30:00,0.45037723,6.5964165
2018-08-14 07:00:00,-3.484067,6.6176386
2018-08-14 07:30:00,-7.4185076,5.953346
2018-08-14 08:00:00,-21.20256,0.3372331
2018-08-14 08:30:00,-21.740898,-4.3927855
2018-08-14 09:00:00,-27.338879,-11.527472
2018-08-14 09:30:00,-27.082533,-7.9858055
2018-08-14 10:00:00,-32.83424,-16.86407
2018-08-14 10:30:00,-19.822493,-22.567247
2018-08-14 11:00:00,-30.804653,-23.373606
2018-08-14 11:30:00,-30.52428,-24.744268
2018-08-14 12:00:00,-28.987833,-27.624422
2018-08-14 12:30:00,-39.876446,-25.107964
2018-08-14 13:00:00,-38.46491,-28.334986
2018-08-14 13:30:00,-34.114223,-23.769527
2018-08-14 14:00:00,-37.04624,-22.354479
2018-08-14 14:30:00,-27.416338,-21.187595
2018-08-14 15:00:00,-20.774061,-17.508507
2018-08-14 15:30:00,-23.528175,-14.811817
2018-08-14 16:00:00,-19.929705,-11.156606
2018-08-14 16:30:00,-17.432411,-7.835928
2018-08-14 17:00:00,-14.408081,-6.9019027
2018-08-14 17:30:00,-14.247525,-2.7419999
2018-08-14 18:00:00,-7.614752,-1.3302172
2018-08-14 18:30:00,-1.8695427,-0.8350397
2018-08-14 19:00:00,2.4214578,1.2245111
2018-08-14 19:30:00,6.7124577,3.981409
2018-08-14 20:00:00,4.583653,5.732637
2018-08-14 20:30:00,2.5589173,4.835589
2018-08-14 21:00:00,3.5221126,3.7627192
2018-08-14 21:30:00,4.4853077,6.124615
2018-08-14 22:00:00,10.965991,5.6180468
2018-08-14 22:30:00,3.401615,6.809741
2018-08-14 23:00:00,-0.3539838,5.2786756
2018-08-14 23:30:00,-4.1095777,4.7824492
2018-08-15 00:00:00,10.501106,5.044308
2018-08-15 00:30:00,7.065601,4.082581
2018-08-15 01:00:00,5.007339,8.171936
2018-08-15 01:30:00,4.751414,7.252456
2018-08-15 02:00:00,6.075495,8.595404
2018-08-15 02:30:00,3.9622102,7.8336964
2018-08-15 03:00:00,4.665399,6.544295
2018-08-15 03:30:00,5.3685923,8.782403
2018-08-15 04:00:00,4.4841456,10.921324
2018-08-15 04:30:00,5.4242053,8.621917
2018-08-15 05:00:00,3.2028708,8.412088
2018-08-15 05:30:00,4.6757803,10.591853
2018-08-15 06:00:00,5.2105794,8.449931
2018-08-15 06:30:00,3.310007,4.352947
2018-08-15 07:00:00,-7.936672,1.4182172
2018-08-15 07:30:00,-9.872793,-4.146883
2018-08-15 08:00:00,-13.673109,-7.7377186
2018-08-15 08:30:00,-19.059048,-7.6633654
2018-08-15 09:00:00,-23.251286,-15.004194
2018-08-15 09:30:00,-24.334026,-15.930871
2018-08-15 10:00:00,-32.356087,-21.331827
2018-08-15 10:30:00,-30.567368,-24.378996
2018-08-15 11:00:00,-31.882307,-24.944756
2018-08-15 11:30:00,-41.191685,-27.554193
2018-08-15 12:00:00,-46.60778,-22.41205
2018-08-15 12:30:00,-42.55106,-26.872986
2018-08-15 13:00:00,-40.561066,-25.819633
2018-08-15 13:30:00,-37.18537,-25.381052
2018-08-15 14:00:00,-36.7215,-24.118542
2018-08-15 14:30:00,-37.273167,-22.18359
2018-08-15 15:00:00,-36.61671,-20.56825
2018-08-15 15:30:00,-12.435556,-16.137932
2018-08-15 16:00:00,-9.609946,-16.294525
2018-08-15 16:30:00,2.2334142,-13.541016
2018-08-15 17:00:00,0.9025605,-10.202521
2018-08-15 17:30:00,-0.4282932,-5.7532506
2018-08-15 18:00:00,-1.7591469,-3.279429
2018-08-15 18:30:00,-3.089996,-1.7753527
2018-08-15 19:00:00,-4.42085,0.056804333
2018-08-15 19:30:00,-5.7517037,3.861108
2018-08-15 20:00:00,-7.082557,5.270391
2018-08-15 20:30:00,-4.5815716,5.280043
2018-08-15 21:00:00,-2.0805862,4.3773065
2018-08-15 21:30:00,0.42039916,6.337341
2018-08-15 22:00:00,2.9213848,8.706552
2018-08-15 22:30:00,3.6039023,9.343418
2018-08-15 23:00:00,1.7076949,6.324416
2018-08-15 23:30:00,3.8334675,5.6040297
2018-08-16 00:00:00,4.2587314,7.5773735
2018-08-16 00:30:00,5.7413015,6.947454
2018-08-16 01:00:00,4.089454,10.52422
2018-08-16 01:30:00,4.913324,8.693002
2018-08-16 02:00:00,3.4138708,9.193987
2018-08-16 02:30:00,4.7332196,5.737006
2018-08-16 03:00:00,5.439432,7.991893
2018-08-16 03:30:00,30.205189,8.064118
2018-08-16 04:00:00,25.286882,9.292983
2018-08-16 04:30:00,20.36858,7.5457306
2018-08-16 05:00:00,15.4502735,9.265024
2018-08-16 05:30:00,10.531972,8.204828
2018-08-16 06:00:00,5.613664,8.506283
2018-08-16 06:30:00,3.0591283,9.660192
2018-08-16 07:00:00,-2.5889592,4.7397127
2018-08-16 07:30:00,-14.158814,2.1431043
2018-08-16 08:00:00,-20.747736,-2.4027333
2018-08-16 08:30:00,-11.012387,-6.390025
2018-08-16 09:00:00,-13.836857,-9.669238
2018-08-16 09:30:00,-22.815866,-19.014917
2018-08-16 10:00:00,-37.05699,-22.444443
2018-08-16 10:30:00,-24.51754,-24.70694
2018-08-16 11:00:00,-27.262573,-25.855722
2018-08-16 11:30:00,-12.900245,-28.968498
2018-08-16 12:00:00,-13.765206,-30.275713
2018-08-16 12:30:00,-17.196041,-30.738186
2018-08-16 13:00:00,-10.123265,-30.14121
2018-08-16 13:30:00,-29.0656,-28.199516
2018-08-16 14:00:00,-20.96729,-27.085817
2018-08-16 14:30:00,-11.057951,-24.768244
2018-08-16 15:00:00,-46.252167,-22.561972
2018-08-16 15:30:00,-24.216394,-17.64738
2018-08-16 16:00:00,-25.076338,-14.071309
2018-08-16 16:30:00,-22.62024,-8.355836
2018-08-16 17:00:00,-17.118265,-5.5054083
2018-08-16 17:30:00,-4.717218,-2.5879192
2018-08-16 18:00:00,38.329014,-0.93477863
2018-08-16 18:30:00,-1.9673941,2.0165462
2018-08-16 19:00:00,-0.8007622,4.7455764
2018-08-16 19:30:00,3.3850725,5.0888233
2018-08-16 20:00:00,5.4029613,7.8801603
2018-08-16 20:30:00,4.6845407,7.5273533
2018-08-16 21:00:00,4.5805945,7.353156
2018-08-16 21:30:00,4.030005,6.664399
2018-08-16 22:00:00,5.282582,5.5363965
2018-08-16 22:30:00,4.5362983,6.463086
2018-08-16 23:00:00,4.6361637,5.590441
2018-08-16 23:30:00,4.7744226,5.4397597
2018-08-17 00:00:00,5.710751,6.666335
2018-08-17 00:30:00,5.5708666,6.4027543
2018-08-17 01:00:00,5.345583,6.5473185
2018-08-17 01:30:00,5.581047,7.437419
2018-08-17 02:00:00,5.1485696,8.245874
2018-08-17 02:30:00,-9.056893,11.132978
2018-08-17 03:00:00,26.294897,11.618605
2018-08-17 03:30:00,21.822815,12.754617
2018-08-17 04:00:00,26.569878,12.084714
2018-08-17 04:30:00,22.933195,11.510342
2018-08-17 05:00:00,19.296513,8.814374
2018-08-17 05:30:00,15.659836,8.199891
2018-08-17 06:00:00,12.023154,6.6456285
2018-08-17 06:30:00,8.386476,3.5581641
2018-08-17 07:00:00,4.749797,0.13222355
2018-08-17 07:30:00,1.1131147,-5.883785
2018-08-17 08:00:00,-2.5235631,-11.750173
2018-08-17 08:30:00,-6.1225343,-12.963989
2018-08-17 09:00:00,-6.0990577,-15.385315
2018-08-17 09:30:00,-6.075581,-20.605583
2018-08-17 10:00:00,-6.052105,-22.23237
2018-08-17 10:30:00,-6.0286283,-24.60674
2018-08-17 11:00:00,-6.005156,-25.585539
2018-08-17 11:30:00,-5.98168,-26.127464
2018-08-17 12:00:00,-5.9582033,-24.907604
2018-08-17 12:30:00,-5.9347267,-22.378193
2018-08-17 13:00:00,-5.91125,-18.182613
2018-08-17 13:30:00,-5.887774,-20.21419
2018-08-17 14:00:00,-5.8642974,-18.662815
2018-08-17 14:30:00,-5.840821,-15.623697
2018-08-17 15:00:00,-5.817344,-14.8585205
2018-08-17 15:30:00,-5.793868,-11.965061
2018-08-17 16:00:00,-5.7703958,-10.152833
2018-08-17 16:30:00,-5.746919,-7.4152393
2018-08-17 17:00:00,-5.723443,-7.106213
2018-08-17 17:30:00,-5.6999664,-3.2660937
2018-08-17 18:00:00,-5.67649,2.740411
2018-08-17 18:30:00,-5.653013,3.5714424
2018-08-17 19:00:00,-5.629537,4.484491
2018-08-17 19:30:00,-5.6060605,4.7839127
2018-08-17 20:00:00,-5.582584,5.917102
2018-08-17 20:30:00,-5.5591073,5.5689964
2018-08-17 21:00:00,-5.5356355,3.8954554
2018-08-17 21:30:00,-5.512159,7.146766
2018-08-17 22:00:00,-5.4886823,5.885197
2018-08-17 22:30:00,-5.465206,7.5001802
2018-08-17 23:00:00,-5.4417295,4.8835645
2018-08-17 23:30:00,-5.418253,6.953501
2018-08-18 00:00:00,-5.3947763,3.5352774
2018-08-18 00:30:00,-5.3713,4.9561524
2018-08-18 01:00:00,-5.3478236,4.9383693
2018-08-18 01:30:00,-5.324347,5.664126
2018-08-18 02:00:00,-5.3008704,5.993845
2018-08-18 02:30:00,-5.2773986,6.256006
2018-08-18 03:00:00,-5.253922,8.08825
2018-08-18 03:30:00,-5.2304454,9.5794325
2018-08-18 04:00:00,-5.2069693,6.9355783
2018-08-18 04:30:00,-5.1834927,8.764174
2018-08-18 05:00:00,-5.160016,9.165796
2018-08-18 05:30:00,-5.1365395,8.083335
2018-08-18 06:00:00,-5.1130633,6.7982497
2018-08-18 06:30:00,-5.0895867,1.4791346
2018-08-18 07:00:00,-5.06611,1.0070096
2018-08-18 07:30:00,-5.042638,-2.9789186
2018-08-18 08:00:00,-5.0191617,-6.8200254
2018-08-18 08:30:00,-4.995685,-7.501857
2018-08-18 09:00:00,-4.9722085,-10.864734
2018-08-18 09:30:00,-4.9487324,-13.522843
2018-08-18 10:00:00,-4.925256,-13.57434
2018-08-18 10:30:00,-4.901779,-14.367368
2018-08-18 11:00:00,-4.8783026,-12.947342
2018-08-18 11:30:00,-4.8548265,-13.178032
2018-08-18 12:00:00,-4.8548265,-12.056284
2018-08-18 12:30:00,-4.8548265,-13.530297
2018-08-18 13:00:00,-4.8548265,-15.005877
2018-08-18 13:30:00,-4.760925,-13.428662
2018-08-18 14:00:00,18.01118,-12.5707655
2018-08-18 14:30:00,-3.844577,-9.175201
2018-08-18 15:00:00,-3.4966552,-8.099806
2018-08-18 15:30:00,0.021845223,-5.184751
2018-08-18 16:00:00,-3.0822623,-2.5865386
2018-08-18 16:30:00,-4.2375035,-2.1150124
2018-08-18 17:00:00,-1.5936493,-2.3262787
2018-08-18 17:30:00,0.9670782,-1.9733976
2018-08-18 18:00:00,7.628945,-0.28007635
2018-08-18 18:30:00,3.8182755,-1.6955249
2018-08-18 19:00:00,4.1373205,-0.2648754
2018-08-18 19:30:00,3.768395,2.4098003
2018-08-18 20:00:00,3.3441186,1.0129257
2018-08-18 20:30:00,4.519441,4.7122164
2018-08-18 21:00:00,14.882753,1.3174995
2018-08-18 21:30:00,28.66073,4.0897865
2018-08-18 22:00:00,26.4367,0.9500072
2018-08-18 22:30:00,-36.387455,1.6893567
2018-08-18 23:00:00,-12.127252,2.1686692
2018-08-18 23:30:00,12.132956,-0.47226626
2018-08-19 00:00:00,3.8053858,0.26513022
2018-08-19 00:30:00,3.9247956,2.1729686
2018-08-19 01:00:00,-33.191032,0.978303
2018-08-19 01:30:00,3.8821857,0.27164927
2018-08-19 02:00:00,4.236216,2.9489903
2018-08-19 02:30:00,3.0755308,3.5559137
2018-08-19 03:00:00,4.010216,3.6764247
2018-08-19 03:30:00,3.010633,4.102951
2018-08-19 04:00:00,4.2733293,3.2423437
2018-08-19 04:30:00,3.4411442,4.5812325
2018-08-19 05:00:00,4.8796844,1.7584492
2018-08-19 05:30:00,3.4156842,2.7972343
2018-08-19 06:00:00,3.4686668,2.2438831
2018-08-19 06:30:00,1.4459931,-0.2755803
2018-08-19 07:00:00,-3.813415,-0.6893439
2018-08-19 07:30:00,-15.718724,-3.2908068
2018-08-19 08:00:00,-13.1415415,-1.9377569
2018-08-19 08:30:00,-19.178885,-4.139088
2018-08-19 09:00:00,-26.343737,-6.364469
2018-08-19 09:30:00,-27.510899,-6.606426
2018-08-19 10:00:00,-28.933239,-4.9512796
2018-08-19 10:30:00,-42.90288,-4.565925
2018-08-19 11:00:00,-36.065903,-4.7801104
2018-08-19 11:30:00,-11.894103,-3.4230273
2018-08-19 12:00:00,-27.860077,-2.4772
2018-08-19 12:30:00,-2.5582514,-3.768306
2018-08-19 13:00:00,-17.720083,-5.993359
2018-08-19 13:30:00,-12.134958,-4.7657833
2018-08-19 14:00:00,-13.4538555,-1.0477699
2018-08-19 14:30:00,-14.772751,-3.5063334
2018-08-19 15:00:00,-18.640816,-2.5950763
2018-08-19 15:30:00,-25.749678,-2.7142982
2018-08-19 16:00:00,-20.785585,0.15869303
2018-08-19 16:30:00,-7.684404,-0.19941828
2018-08-19 17:00:00,-6.5818524,0.51538867
2018-08-19 17:30:00,-3.409207,2.672057
2018-08-19 18:00:00,-1.7098039,1.5380464
2018-08-19 18:30:00,0.5162975,1.6651025
2018-08-19 19:00:00,4.5003037,1.7803308
2018-08-19 19:30:00,4.7846513,2.4870021
2018-08-19 20:00:00,3.6988306,2.1261992
2018-08-19 20:30:00,3.881325,2.0446804
2018-08-19 21:00:00,3.7918496,3.0937421
2018-08-19 21:30:00,3.900515,4.470544
2018-08-19 22:00:00,3.5081613,5.1133265
2018-08-19 22:30:00,4.3625207,0.3918193
2018-08-19 23:00:00,4.013965,-0.34562087
2018-08-19 23:30:00,3.9005544,1.604443
2018-08-20 00:00:00,3.2203002,1.6913667
2018-08-20 00:30:00,3.7600188,0.76039517
2018-08-20 01:00:00,2.8598382,-3.6918774
2018-08-20 01:30:00,3.3876898,-0.7114004
2018-08-20 02:00:00,2.587095,1.227041
2018-08-20 02:30:00,3.185507,2.015926
2018-08-20 03:00:00,2.8867533,1.6912924
2018-08-20 03:30:00,3.5799932,2.0522873
2018-08-20 04:00:00,2.8929842,2.8554208
2018-08-20 04:30:00,3.119233,2.2501924
2018-08-20 05:00:00,3.5246818,0.9821786
2018-08-20 05:30:00,2.920406,1.2933283
2018-08-20 06:00:00,0.09088957,0.15407464
2018-08-20 06:30:00,4.521058,0.010755832
2018-08-20 07:00:00,-42.395603,-1.916736
2018-08-20 07:30:00,-44.023106,-4.06155
2018-08-20 08:00:00,-45.650604,-5.5919256
2018-08-20 08:30:00,-13.4188,-6.327631
2018-08-20 09:00:00,-1.7387071,-9.256724
2018-08-20 09:30:00,-5.546559,-10.499898
2018-08-20 10:00:00,-9.180125,-10.433519
2018-08-20 10:30:00,-12.813688,-12.720337
2018-08-20 11:00:00,-21.368553,-13.224452
2018-08-20 11:30:00,-7.7775583,-11.6720705
2018-08-20 12:00:00,-10.744324,-11.80614
2018-08-20 12:30:00,-25.806595,-7.927719
2018-08-20 13:00:00,-10.360796,-8.821792
2018-08-20 13:30:00,-21.733604,-7.772717
2018-08-20 14:00:00,-22.9812,-9.804662
2018-08-20 14:30:00,-17.276709,-7.046379
2018-08-20 15:00:00,-21.91189,-7.073211
2018-08-20 15:30:00,-11.700616,-6.870404
2018-08-20 16:00:00,-9.164229,-5.204614
2018-08-20 16:30:00,-11.95398,-4.49422
2018-08-20 17:00:00,-7.1998787,-3.9854054
2018-08-20 17:30:00,-5.2076726,-2.4254627
2018-08-20 18:00:00,-1.9557935,-1.6014049
2018-08-20 18:30:00,0.7470206,-0.5883204
2018-08-20 19:00:00,1.5801756,0.34095576
2018-08-20 19:30:00,1.8225081,0.1910218
2018-08-20 20:00:00,4.9888134,2.7093887
2018-08-20 20:30:00,2.8415961,4.2539163
2018-08-20 21:00:00,2.9336014,2.4979038
2018-08-20 21:30:00,3.007404,1.8867724
2018-08-20 22:00:00,4.75906,2.9751146
2018-08-20 22:30:00,2.4133832,1.9622616
2018-08-20 23:00:00,2.3639266,2.4342337
2018-08-20 23:30:00,4.5091906,3.949395
2018-08-21 00:00:00,3.3893108,4.5522814
2018-08-21 00:30:00,4.2314577,5.55546
2018-08-21 01:00:00,5.0736003,2.676837
2018-08-21 01:30:00,-10.780847,3.5396597
2018-08-21 02:00:00,-26.6353,4.63203
2018-08-21 02:30:00,-42.48975,3.5355177
2018-08-21 03:00:00,2.9211576,5.5613065
2018-08-21 03:30:00,3.6918135,1.7653571
2018-08-21 04:00:00,2.609689,3.368185
2018-08-21 04:30:00,2.895326,4.181752
2018-08-21 05:00:00,3.0251305,4.400486
2018-08-21 05:30:00,3.154935,4.609196
2018-08-21 06:00:00,3.2847393,2.564239
2018-08-21 06:30:00,1.9315581,2.3098428
2018-08-21 07:00:00,-4.264847,-5.3220267
2018-08-21 07:30:00,-10.433371,-8.692914
2018-08-21 08:00:00,-18.642538,-9.772648
2018-08-21 08:30:00,-21.12874,-9.968516
2018-08-21 09:00:00,-26.327677,-9.337924
2018-08-21 09:30:00,-32.283733,-9.326219
2018-08-21 10:00:00,-33.902992,-10.584262
2018-08-21 10:30:00,-38.816,-9.5829525
2018-08-21 11:00:00,-44.16625,-13.679112
2018-08-21 11:30:00,-47.239807,-10.692988
2018-08-21 12:00:00,-41.11785,-10.845801
2018-08-21 12:30:00,-41.838226,-9.418468
2018-08-21 13:00:00,-34.856342,-8.666872
2018-08-21 13:30:00,-33.882774,-6.326591
2018-08-21 14:00:00,-30.189219,-9.172527
2018-08-21 14:30:00,-22.406452,-10.253808
2018-08-21 15:00:00,-31.885061,-7.5821133
2018-08-21 15:30:00,-27.241766,-8.5749235
2018-08-21 16:00:00,-23.137314,-7.690818
2018-08-21 16:30:00,-12.254582,-5.81838
2018-08-21 17:00:00,-16.731007,-2.6694686
2018-08-21 17:30:00,-10.897067,-1.3761566
2018-08-21 18:00:00,-6.2436914,-0.4854442
2018-08-21 18:30:00,-1.1835821,1.3966196
2018-08-21 19:00:00,3.916153,2.5708325
2018-08-21 19:30:00,6.0925,4.2169824
2018-08-21 20:00:00,6.269634,6.407386
2018-08-21 20:30:00,4.7335563,4.959355
2018-08-21 21:00:00,5.957737,6.40531
2018-08-21 21:30:00,4.7795916,6.777312
2018-08-21 22:00:00,4.8404827,2.6860564
2018-08-21 22:30:00,3.370409,3.4478643
2018-08-21 23:00:00,5.4588847,2.0306287
2018-08-21 23:30:00,-17.676765,2.1530225
2018-08-22 00:00:00,-4.5861335,2.3138058
2018-08-22 00:30:00,8.504496,2.4049284
2018-08-22 01:00:00,5.7799044,3.7262614
2018-08-22 01:30:00,3.0553138,1.980604
2018-08-22 02:00:00,3.708216,-0.63103944
2018-08-22 02:30:00,-7.8538294,-1.8554167
2018-08-22 03:00:00,3.2486877,0.2642651
2018-08-22 03:30:00,3.189789,2.8080833
2018-08-22 04:00:00,3.1308904,2.191735
2018-08-22 04:30:00,3.0719917,3.7151327
2018-08-22 05:00:00,3.013093,4.664245
2018-08-22 05:30:00,8.849626,3.6871688
2018-08-22 06:00:00,4.829109,1.0397447
2018-08-22 06:30:00,1.5137922,-0.20315844
2018-08-22 07:00:00,-0.8326671,-4.0371385
2018-08-22 07:30:00,-3.3129637,-3.7870066
2018-08-22 08:00:00,-9.523949,-5.8728614
2018-08-22 08:30:00,-22.118273,-8.423387
2018-08-22 09:00:00,-29.752794,-9.286261
2018-08-22 09:30:00,-17.789787,-13.113298
2018-08-22 10:00:00,-26.802557,-15.324576
2018-08-22 10:30:00,-20.342121,-17.5036
2018-08-22 11:00:00,-20.34446,-16.52044
2018-08-22 11:30:00,-17.390646,-18.55231
2018-08-22 12:00:00,-37.66498,-19.739489
2018-08-22 12:30:00,-35.007534,-21.490854
2018-08-22 13:00:00,-45.95699,-19.928694
2018-08-22 13:30:00,-39.81807,-16.533346
2018-08-22 14:00:00,-45.2076,-16.883093
2018-08-22 14:30:00,-33.159874,-15.721815
2018-08-22 15:00:00,-40.771915,-15.459025
2018-08-22 15:30:00,-27.611938,-13.780197
2018-08-22 16:00:00,-28.961706,-11.550087
2018-08-22 16:30:00,-24.723724,-6.2238154
2018-08-22 17:00:00,-16.767876,-6.6016674
2018-08-22 17:30:00,-11.18405,-5.13231
2018-08-22 18:00:00,-4.0490975,-3.0200734
2018-08-22 18:30:00,0.16355611,-0.7805496
2018-08-22 19:00:00,4.376214,0.74595016
2018-08-22 19:30:00,4.0102644,0.22702082
2018-08-22 20:00:00,5.369859,2.481204
2018-08-22 20:30:00,-7.856027,4.641621
2018-08-22 21:00:00,-21.081919,3.580806
2018-08-22 21:30:00,9.90761,5.3732805
2018-08-22 22:00:00,8.702204,4.775244
2018-08-22 22:30:00,7.496794,1.9231122
2018-08-22 23:00:00,6.2913885,2.1886241
2018-08-22 23:30:00,6.178109,-0.771457
2018-08-23 00:00:00,6.0648336,1.4913294
2018-08-23 00:30:00,1.8189689,2.9288433
2018-08-23 01:00:00,2.687,4.6873593
2018-08-23 01:30:00,3.5550313,3.164517
2018-08-23 02:00:00,4.371198,5.7107205
2018-08-23 02:30:00,5.1873693,4.047631
2018-08-23 03:00:00,6.6896014,7.560569
2018-08-23 03:30:00,8.191834,10.050994
2018-08-23 04:00:00,9.694067,9.408006
2018-08-23 04:30:00,3.6167088,9.322284
2018-08-23 05:00:00,-9.188025,7.5393033
2018-08-23 05:30:00,-2.2516024,8.666834
2018-08-23 06:00:00,4.684825,6.604347
2018-08-23 06:30:00,2.4759564,1.2608378
2018-08-23 07:00:00,-4.3560305,-0.030176168
2018-08-23 07:30:00,-11.188013,-1.2602291
2018-08-23 08:00:00,-16.877636,-1.3668891
2018-08-23 08:30:00,-25.277466,-7.080578
2018-08-23 09:00:00,-33.445755,-12.046968
2018-08-23 09:30:00,-37.100937,-14.044416
2018-08-23 10:00:00,-25.354124,-16.187765
2018-08-23 10:30:00,-23.993877,-20.675076
2018-08-23 11:00:00,-21.148733,-20.21507
2018-08-23 11:30:00,-19.448685,-17.856934
2018-08-23 12:00:00,-38.486683,-22.003448
2018-08-23 12:30:00,-38.723614,-23.968418
2018-08-23 13:00:00,-36.746853,-26.615606
2018-08-23 13:30:00,-35.47831,-24.739424
2018-08-23 14:00:00,-39.93651,-24.455996
2018-08-23 14:30:00,-34.331787,-23.634642
2018-08-23 15:00:00,-24.917942,-22.084213
2018-08-23 15:30:00,-24.105175,-19.230988
2018-08-23 16:00:00,-20.46311,-16.322056
2018-08-23 16:30:00,-15.584612,-12.585626
2018-08-23 17:00:00,-10.535203,-11.924968
2018-08-23 17:30:00,-8.705799,-8.791503
2018-08-23 18:00:00,-2.9475467,-5.2379694
2018-08-23 18:30:00,0.8334506,-3.5661626
2018-08-23 19:00:00,-35.44693,1.3493432
2018-08-23 19:30:00,-29.66188,1.1920687
2018-08-23 20:00:00,-23.876831,3.9100227
2018-08-23 20:30:00,-31.578205,5.1377945
2018-08-23 21:00:00,-39.279575,5.433337
2018-08-23 21:30:00,-21.348225,6.454103
2018-08-23 22:00:00,-3.4168708,6.233853
2018-08-23 22:30:00,31.066002,6.346311
2018-08-23 23:00:00,25.318962,4.611481
2018-08-23 23:30:00,19.571917,3.516725
2018-08-24 00:00:00,13.824879,2.8451004
2018-08-24 00:30:00,8.077838,1.092771
2018-08-24 01:00:00,2.3307981,0.9960688
2018-08-24 01:30:00,-1.4356626,-0.35447314
2018-08-24 02:00:00,-5.2021236,0.6602367
2018-08-24 02:30:00,-8.968589,6.931139
2018-08-24 03:00:00,4.6291595,6.2044954
2018-08-24 03:30:00,2.049408,8.151404
2018-08-24 04:00:00,4.250521,9.755041
2018-08-24 04:30:00,4.602345,9.044887
2018-08-24 05:00:00,4.954173,6.565958
2018-08-24 05:30:00,7.258931,7.169006
2018-08-24 06:00:00,3.8550782,6.713183
2018-08-24 06:30:00,1.438775,4.336584
2018-08-24 07:00:00,-3.3107264,0.63291526
2018-08-24 07:30:00,-10.7065115,-3.5713577
2018-08-24 08:00:00,-16.265474,-6.2884336
2018-08-24 08:30:00,-19.326565,-12.865486
2018-08-24 09:00:00,-24.409513,-17.097193
2018-08-24 09:30:00,-30.091942,-21.21795
2018-08-24 10:00:00,-28.040344,-23.075478
2018-08-24 10:30:00,-31.711481,-25.255224
2018-08-24 11:00:00,-32.932163,-25.999289
2018-08-24 11:30:00,-35.515896,-26.980808
2018-08-24 12:00:00,-34.607918,-28.897493
2018-08-24 12:30:00,-34.99531,-29.217663
2018-08-24 13:00:00,-35.74224,-28.178907
2018-08-24 13:30:00,-30.25068,-27.430016
2018-08-24 14:00:00,-30.428066,-27.554514
2018-08-24 14:30:00,-31.140135,-27.76002
2018-08-24 15:00:00,-28.405176,-22.599127
2018-08-24 15:30:00,-23.112162,-22.05171
2018-08-24 16:00:00,-19.50366,-16.824642
2018-08-24 16:30:00,-13.734462,-13.184612
2018-08-24 17:00:00,-12.421124,-10.14281
2018-08-24 17:30:00,-6.8417935,-8.283358
2018-08-24 18:00:00,-3.8012333,-6.210035
2018-08-24 18:30:00,-0.5732418,-1.9789073
2018-08-24 19:00:00,-19.763424,1.1420311
2018-08-24 19:30:00,-38.953606,5.265965
2018-08-24 20:00:00,-8.54176,4.441724
2018-08-24 20:30:00,21.870083,4.4746947
2018-08-24 21:00:00,10.376042,2.2415369
2018-08-24 21:30:00,-1.1179982,2.057749
2018-08-24 22:00:00,0.85791457,3.6342256
2018-08-24 22:30:00,-46.71977,9.181985
2018-08-24 23:00:00,-15.046762,9.103939
2018-08-24 23:30:00,4.722458,9.281806
2018-08-25 00:00:00,-1.93628,9.480074
2018-08-25 00:30:00,-7.788355,11.264313
2018-08-25 01:00:00,5.073255,10.227826
2018-08-25 01:30:00,-21.993488,7.9409814
2018-08-25 02:00:00,-15.998561,7.2671328
2018-08-25 02:30:00,5.6332912,9.412367
2018-08-25 03:00:00,11.365996,11.152352
2018-08-25 03:30:00,17.098705,10.913755
2018-08-25 04:00:00,22.831411,8.541172
2018-08-25 04:30:00,2.0775423,8.397044
2018-08-25 05:00:00,5.7176065,8.029329
2018-08-25 05:30:00,9.357672,4.0420995
2018-08-25 06:00:00,12.997736,4.468324
2018-08-25 06:30:00,16.6378,4.2623096
2018-08-25 07:00:00,-13.979217,0.53598577
2018-08-25 07:30:00,-14.3510065,-4.721225
2018-08-25 08:00:00,-15.014808,-8.736344
2018-08-25 08:30:00,-17.982796,-12.5901785
2018-08-25 09:00:00,-25.33055,-11.983474
2018-08-25 09:30:00,-30.925615,-15.637332
2018-08-25 10:00:00,-31.337831,-17.93786
2018-08-25 10:30:00,-34.784554,-21.878595
2018-08-25 11:00:00,-35.45946,-22.92915
2018-08-25 11:30:00,-38.63022,-26.902296
2018-08-25 12:00:00,-38.917576,-29.127506
2018-08-25 12:30:00,-43.003586,-29.734592
2018-08-25 13:00:00,-43.595345,-27.067472
2018-08-25 13:30:00,-38.439148,-26.676035
2018-08-25 14:00:00,-34.477386,-24.609713
2018-08-25 14:30:00,-27.681816,-24.423113
2018-08-25 15:00:00,-26.728302,-18.721481
2018-08-25 15:30:00,-27.509914,-13.553163
2018-08-25 16:00:00,-18.31922,-10.660091
2018-08-25 16:30:00,-16.745247,-9.841587
2018-08-25 17:00:00,-13.5458,-9.457229
2018-08-25 17:30:00,-9.653203,-6.525711
2018-08-25 18:00:00,-3.7691753,-7.014527
2018-08-25 18:30:00,0.6003156,-2.6128726
2018-08-25 19:00:00,2.7503338,-0.3863475
2018-08-25 19:30:00,3.2283223,0.34723017
2018-08-25 20:00:00,6.5542307,2.9213192
2018-08-25 20:30:00,5.0709176,4.75116
2018-08-25 21:00:00,4.2814517,8.221244
2018-08-25 21:30:00,3.491986,8.493232
2018-08-25 22:00:00,4.0040207,7.88144
2018-08-25 22:30:00,5.845174,3.45427
2018-08-25 23:00:00,6.8557763,5.0644293
2018-08-25 23:30:00,3.9048364,3.806098
2018-08-26 00:00:00,8.009663,5.193766
2018-08-26 00:30:00,3.8385534,4.5663853
2018-08-26 01:00:00,3.6424792,8.990235
2018-08-26 01:30:00,4.0606604,7.375283
2018-08-26 02:00:00,6.9513516,7.2159677
2018-08-26 02:30:00,7.251744,6.37535
2018-08-26 03:00:00,6.411056,9.647774
2018-08-26 03:30:00,3.5012927,8.395983
2018-08-26 04:00:00,5.322596,6.8615527
2018-08-26 04:30:00,5.362925,6.2020965
2018-08-26 05:00:00,5.4032497,6.74348
2018-08-26 05:30:00,38.84367,6.230934
2018-08-26 06:00:00,-26.367235,5.040306
2018-08-26 06:30:00,-7.7885776,5.2769537
2018-08-26 07:00:00,10.790082,-0.56565225
2018-08-26 07:30:00,-6.6027336,-4.7009425
2018-08-26 08:00:00,-23.995548,-10.001173
2018-08-26 08:30:00,-41.388363,-14.192191
2018-08-26 09:00:00,-21.8902,-16.760527
2018-08-26 09:30:00,-26.017351,-18.450665
2018-08-26 10:00:00,-24.996157,-20.742813
2018-08-26 10:30:00,-33.994152,-25.139515
2018-08-26 11:00:00,-32.76444,-25.449902
2018-08-26 11:30:00,-30.221622,-24.714409
2018-08-26 12:00:00,-29.364403,-27.207306
2018-08-26 12:30:00,-29.39856,-28.70843
2018-08-26 13:00:00,-32.68689,-30.139996
2018-08-26 13:30:00,-29.145685,-27.670197
2018-08-26 14:00:00,-17.278067,-27.022243
2018-08-26 14:30:00,-26.851252,-22.678093
2018-08-26 15:00:00,-16.097015,-17.781357
2018-08-26 15:30:00,-15.502976,-15.374352
2018-08-26 16:00:00,-20.696405,-13.491227
2018-08-26 16:30:00,-13.497368,-9.282591
2018-08-26 17:00:00,-3.0749087,-8.971109
2018-08-26 17:30:00,1.0486189,-8.050341
2018-08-26 18:00:00,3.7324483,-5.757397
2018-08-26 18:30:00,3.9030974,-5.842311
2018-08-26 19:00:00,4.3779445,-1.9332215
2018-08-26 19:30:00,4.8527956,-0.384141
2018-08-26 20:00:00,4.1359878,-0.8651051
2018-08-26 20:30:00,4.2179437,1.9782314
2018-08-26 21:00:00,4.9310503,5.8419843
2018-08-26 21:30:00,4.3160396,4.1783924
2018-08-26 22:00:00,4.882284,6.6155677
2018-08-26 22:30:00,5.4485335,4.2244496
2018-08-26 23:00:00,6.014783,5.078236
2018-08-26 23:30:00,4.8351655,5.217286
2018-08-27 00:00:00,5.1478047,5.553092
2018-08-27 00:30:00,4.474992,2.852668
2018-08-27 01:00:00,2.9315085,4.0674024
2018-08-27 01:30:00,5.593779,5.972802
2018-08-27 02:00:00,4.2776723,6.5697722
2018-08-27 02:30:00,4.193095,10.838075
2018-08-27 03:00:00,4.632266,11.486633
2018-08-27 03:30:00,4.373562,8.651935
2018-08-27 04:00:00,4.114862,8.993875
2018-08-27 04:30:00,4.2671027,9.219495
2018-08-27 05:00:00,4.9660707,9.166653
2018-08-27 05:30:00,4.8203006,11.427529
2018-08-27 06:00:00,4.379902,6.278901
2018-08-27 06:30:00,3.065691,3.3434107
2018-08-27 07:00:00,-0.90006423,0.40184695
2018-08-27 07:30:00,-4.8658195,-1.3200411
2018-08-27 08:00:00,-7.4594088,-6.9742765
2018-08-27 08:30:00,-3.5590756,-16.230545
2018-08-27 09:00:00,-8.921741,-18.23441
2018-08-27 09:30:00,-11.346873,-19.916037
2018-08-27 10:00:00,-10.447579,-23.836721
2018-08-27 10:30:00,-11.368174,-27.465322
2018-08-27 11:00:00,-14.660753,-27.385708
2018-08-27 11:30:00,-14.20537,-26.61478
2018-08-27 12:00:00,-19.45011,-27.830746
2018-08-27 12:30:00,-27.130684,-27.096981
2018-08-27 13:00:00,-28.311039,-28.144033
2018-08-27 13:30:00,-25.169825,-26.689772
2018-08-27 14:00:00,-15.42721,-24.438118
2018-08-27 14:30:00,-11.272608,-24.951792
2018-08-27 15:00:00,-3.158136,-20.030901
2018-08-27 15:30:00,-1.8730949,-16.816679
2018-08-27 16:00:00,1.1796554,-13.419391
2018-08-27 16:30:00,1.0211444,-12.457412
2018-08-27 17:00:00,-2.0878918,-9.046043
2018-08-27 17:30:00,-3.3965971,-5.5252624
2018-08-27 18:00:00,0.28709927,-4.0969505
2018-08-27 18:30:00,1.9094712,-1.8889731
2018-08-27 19:00:00,4.0186925,0.98029983
2018-08-27 19:30:00,3.5999043,4.941157
2018-08-27 20:00:00,4.5744205,7.9308925
2018-08-27 20:30:00,5.163836,4.598019
2018-08-27 21:00:00,4.9189563,5.906738
2018-08-27 21:30:00,3.4885516,4.035956
2018-08-27 22:00:00,1.3606905,3.7337854
2018-08-27 22:30:00,-3.0135064,5.0777817
2018-08-27 23:00:00,1.1247853,7.1807637
2018-08-27 23:30:00,5.263077,4.6023884
2018-08-28 00:00:00,4.6634893,3.7010982
2018-08-28 00:30:00,4.13985,3.703589
2018-08-28 01:00:00,4.937504,2.126553
2018-08-28 01:30:00,3.1308422,7.649162
2018-08-28 02:00:00,3.5752044,8.549543
2018-08-28 02:30:00,2.979117,8.751486
2018-08-28 03:00:00,2.3830292,8.231783
2018-08-28 03:30:00,9.051519,12.198867
2018-08-28 04:00:00,20.87564,9.424649
2018-08-28 04:30:00,10.450789,8.224779
2018-08-28 05:00:00,3.9248393,6.347626
2018-08-28 05:30:00,4.493072,9.223406
2018-08-28 06:00:00,2.0398,5.8184595
2018-08-28 06:30:00,2.4924815,0.16804343
2018-08-28 07:00:00,2.9451628,-0.8244222
2018-08-28 07:30:00,0.5971653,-4.7904525
2018-08-28 08:00:00,-1.7508321,-7.935217
2018-08-28 08:30:00,-4.2822323,-12.83567
2018-08-28 09:00:00,-11.888773,-15.36696
2018-08-28 09:30:00,-17.372879,-17.559816
2018-08-28 10:00:00,-24.217964,-20.22169
2018-08-28 10:30:00,-18.483356,-20.83412
2018-08-28 11:00:00,-21.019762,-24.36221
2018-08-28 11:30:00,-22.704473,-22.308893
2018-08-28 12:00:00,-30.219765,-23.054897
2018-08-28 12:30:00,-41.751858,-23.721975
2018-08-28 13:00:00,-37.9766,-23.255892
2018-08-28 13:30:00,-32.632164,-22.271091
2018-08-28 14:00:00,-25.675201,-18.871302
2018-08-28 14:30:00,-27.675476,-17.255728
2018-08-28 15:00:00,-28.044268,-13.337579
2018-08-28 15:30:00,-28.083092,-7.672401
2018-08-28 16:00:00,-19.561518,-6.7751565
2018-08-28 16:30:00,-15.788081,-6.013296
2018-08-28 17:00:00,-13.293428,-3.0930152
2018-08-28 17:30:00,-1.0461663,1.0415231
2018-08-28 18:00:00,1.2629614,1.0668565
2018-08-28 18:30:00,2.1683023,3.3832593
2018-08-28 19:00:00,3.073639,4.41833
2018-08-28 19:30:00,5.126002,4.230667
2018-08-28 20:00:00,3.4319775,6.007512
2018-08-28 20:30:00,1.7379526,5.7368226
2018-08-28 21:00:00,0.043927882,6.1871886
2018-08-28 21:30:00,-1.6500968,4.820563
2018-08-28 22:00:00,-3.3441215,5.909962
2018-08-28 22:30:00,14.242622,4.6794157
2018-08-28 23:00:00,31.829361,4.457895
2018-08-28 23:30:00,6.82558,4.842012
2018-08-29 00:00:00,-18.178204,2.8129158
2018-08-29 00:30:00,-20.304888,4.739171
2018-08-29 01:00:00,-6.6787558,4.016862
2018-08-29 01:30:00,6.9473796,5.383496
2018-08-29 02:00:00,5.224338,5.664864
2018-08-29 02:30:00,5.5365014,6.0405445
2018-08-29 03:00:00,6.308757,6.113338
2018-08-29 03:30:00,0.98584455,6.9972734
2018-08-29 04:00:00,4.532912,8.033157
2018-08-29 04:30:00,8.780861,7.907971
2018-08-29 05:00:00,13.028815,6.324517
2018-08-29 05:30:00,5.355152,2.3977802
2018-08-29 06:00:00,-7.483829,2.1554127
2018-08-29 06:30:00,-7.3060665,1.1056432
2018-08-29 07:00:00,-7.1283045,-2.9782982
2018-08-29 07:30:00,-6.9505377,-5.7372847
2018-08-29 08:00:00,-12.92501,-7.3766537
2018-08-29 08:30:00,-17.686495,-7.9538436
2018-08-29 09:00:00,-16.755476,-10.798377
2018-08-29 09:30:00,-23.290451,-12.959471
2018-08-29 10:00:00,-28.650175,-16.372663
2018-08-29 10:30:00,-29.215202,-16.739164
2018-08-29 11:00:00,-40.149834,-17.66879
2018-08-29 11:30:00,-31.906546,-18.960026
2018-08-29 12:00:00,-30.854515,-19.58623
2018-08-29 12:30:00,-33.046577,-20.760427
2018-08-29 13:00:00,-31.694767,-19.622677
2018-08-29 13:30:00,-33.60543,-17.939476
2018-08-29 14:00:00,-34.74039,-17.554419
2018-08-29 14:30:00,-28.812714,-16.229343
2018-08-29 15:00:00,-24.032309,-15.670539
2018-08-29 15:30:00,-22.52245,-14.160361
2018-08-29 16:00:00,-21.708834,-11.944394
2018-08-29 16:30:00,-13.471088,-9.478425
2018-08-29 17:00:00,-12.428867,-7.3392386
2018-08-29 17:30:00,-7.3413796,-4.7000422
2018-08-29 18:00:00,-3.105599,-3.101719
2018-08-29 18:30:00,2.5385823,-1.6583418
2018-08-29 19:00:00,3.8872585,-0.9231256
2018-08-29 19:30:00,7.9159365,1.2221167
2018-08-29 20:00:00,5.960839,1.9673387
2018-08-29 20:30:00,5.7166057,1.7510955
2018-08-29 21:00:00,5.066889,1.8874846
2018-08-29 21:30:00,7.7930965,2.2551036
2018-08-29 22:00:00,7.4994726,2.2401605
2018-08-29 22:30:00,8.681611,4.2386017
2018-08-29 23:00:00,5.900088,5.7449193
2018-08-29 23:30:00,6.65054,5.3978143
2018-08-30 00:00:00,6.2231526,3.4903605
2018-08-30 00:30:00,7.276186,1.0605079
2018-08-30 01:00:00,7.1475744,2.785306
2018-08-30 01:30:00,4.0644484,4.202118
2018-08-30 02:00:00,4.972061,5.540849
2018-08-30 02:30:00,6.2091184,7.4468436
2018-08-30 03:00:00,2.180108,10.052969
2018-08-30 03:30:00,4.5365953,9.3697
2018-08-30 04:00:00,4.886339,9.118825
2018-08-30 04:30:00,5.236083,8.319712
2018-08-30 05:00:00,5.585827,8.89698
2018-08-30 05:30:00,5.186657,8.917932
2018-08-30 06:00:00,3.9332852,4.585881
2018-08-30 06:30:00,2.6799088,3.218902
2018-08-30 07:00:00,-2.22581,1.9104323
2018-08-30 07:30:00,-5.415159,-0.1284689
2018-08-30 08:00:00,-12.494743,-3.2122023
2018-08-30 08:30:00,-17.89331,-7.251734
2018-08-30 09:00:00,-21.157715,-8.742601
2018-08-30 09:30:00,-24.716469,-11.370996
2018-08-30 10:00:00,-33.836033,-15.384817
2018-08-30 10:30:00,-34.90751,-18.705568
2018-08-30 11:00:00,-31.780329,-21.726282
2018-08-30 11:30:00,-35.478313,-23.976782
2018-08-30 12:00:00,-39.604164,-24.867651
2018-08-30 12:30:00,-40.93831,-26.069311
2018-08-30 13:00:00,-42.17654,-25.800636
2018-08-30 13:30:00,-34.539566,-24.707232
2018-08-30 14:00:00,-30.832336,-22.7909
2018-08-30 14:30:00,-28.927013,-22.180319
2018-08-30 15:00:00,-33.348045,-20.516449
2018-08-30 15:30:00,-17.068829,-17.402813
2018-08-30 16:00:00,-19.413252,-15.7049
2018-08-30 16:30:00,-13.283602,-12.078752
2018-08-30 17:00:00,-8.067455,-9.05629
2018-08-30 17:30:00,-2.8513076,-6.3038883
2018-08-30 18:00:00,-2.3202665,-4.9799204
2018-08-30 18:30:00,2.1697528,-1.553849
2018-08-30 19:00:00,7.3466763,1.3672007
2018-08-30 19:30:00,7.8368206,4.378342
2018-08-30 20:00:00,4.5000763,5.8257737
2018-08-30 20:30:00,4.7636786,5.074269
2018-08-30 21:00:00,7.0020666,5.798125
2018-08-30 21:30:00,4.122727,5.5581036
2018-08-30 22:00:00,13.1903715,6.6986856
2018-08-30 22:30:00,22.25801,7.4691052
2018-08-30 23:00:00,31.325655,6.563533
2018-08-30 23:30:00,4.6968975,6.389777
2018-08-31 00:00:00,-4.761012,5.264353
2018-08-31 00:30:00,3.5786912,5.819102
2018-08-31 01:00:00,9.644724,7.5838227
2018-08-31 01:30:00,-3.4066422,7.7407255
2018-08-31 02:00:00,-11.269693,8.383915
2018-08-31 02:30:00,-4.408607,8.594806
2018-08-31 03:00:00,2.4524844,9.479375
2018-08-31 03:30:00,9.313576,11.596426
2018-08-31 04:00:00,6.144596,11.193507
2018-08-31 04:30:00,7.954111,8.578429
2018-08-31 05:00:00,3.137156,8.591978
2018-08-31 05:30:00,-1.6797953,8.433668
2018-08-31 06:00:00,3.7429655,6.990186
2018-08-31 06:30:00,9.165726,5.0741334
2018-08-31 07:00:00,14.5884905,1.5338038
2018-08-31 07:30:00,-9.485307,-0.9909859
2018-08-31 08:00:00,-3.451214,-6.5146694
2018-08-31 08:30:00,-3.9370413,-11.658901
2018-08-31 09:00:00,-5.3045974,-14.680024
2018-08-31 09:30:00,-7.3087497,-17.594152
2018-08-31 10:00:00,-20.879025,-20.874674
2018-08-31 10:30:00,-32.27398,-25.418037
2018-08-31 11:00:00,-15.640646,-27.902386
2018-08-31 11:30:00,-25.131308,-29.704336
2018-08-31 12:00:00,-33.36959,-32.273468
2018-08-31 12:30:00,-37.76835,-32.680416
2018-08-31 13:00:00,-39.817036,-31.679422
2018-08-31 13:30:00,-34.708157,-30.15711
2018-08-31 14:00:00,-34.24029,-27.629747
2018-08-31 14:30:00,-33.025185,-25.18193
2018-08-31 15:00:00,-26.597536,-24.026117
2018-08-31 15:30:00,-23.501154,-19.57901
2018-08-31 16:00:00,-2.638621,-17.14584
2018-08-31 16:30:00,0.6022512,-13.598188
2018-08-31 17:00:00,1.301027,-8.315979
2018-08-31 17:30:00,1.493466,-4.7679114
2018-08-31 18:00:00,4.1670012,-2.506335
2018-08-31 18:30:00,5.252105,-0.34881485
2018-08-31 19:00:00,6.3372097,2.0943336
2018-08-31 19:30:00,5.9016867,3.4382517
2018-08-31 20:00:00,5.141159,6.0659523
2018-08-31 20:30:00,4.9973946,7.291697
2018-08-31 21:00:00,5.698858,8.223171
2018-08-31 21:30:00,6.063453,7.877246
2018-08-31 22:00:00,6.253187,8.635825
2018-08-31 22:30:00,4.6573505,9.296986
2018-08-31 23:00:00,6.314861,8.763824
2018-08-31 23:30:00,3.552947,5.5052214
2018-09-01 00:00:00,5.308623,4.702202
2018-09-01 00:30:00,4.035637,6.2207146
2018-09-01 01:00:00,4.3108487,8.520632
2018-09-01 01:30:00,5.5499244,6.273531
2018-09-01 02:00:00,7.2088413,5.116953
2018-09-01 02:30:00,4.3991094,6.791115
2018-09-01 03:00:00,5.5136676,9.197539
2018-09-01 03:30:00,5.0375795,10.845659
2018-09-01 04:00:00,5.519072,10.0941105
2018-09-01 04:30:00,5.0217757,10.281953
2018-09-01 05:00:00,6.5743513,8.244135
2018-09-01 05:30:00,4.9419785,6.5908194
2018-09-01 06:00:00,5.171408,4.718757
2018-09-01 06:30:00,4.9407244,3.8212378
2018-09-01 07:00:00,3.265322,3.88749
2018-09-01 07:30:00,-1.0535418,-1.6950705
2018-09-01 08:00:00,-3.6582685,-6.553404
2018-09-01 08:30:00,-8.877414,-9.942401
2018-09-01 09:00:00,-11.195602,-13.651376
2018-09-01 09:30:00,-6.697859,-17.806686
2018-09-01 10:00:00,-7.90634,-22.053898
2018-09-01 10:30:00,-8.592502,-25.968142
2018-09-01 11:00:00,-7.991088,-24.425
2018-09-01 11:30:00,-6.196398,-26.521948
2018-09-01 12:00:00,-6.56902,-28.542439
2018-09-01 12:30:00,-13.674099,-30.60818
2018-09-01 13:00:00,-17.805996,-29.349005
2018-09-01 13:30:00,-11.954676,-28.063505
2018-09-01 14:00:00,-18.48849,-27.644068
2018-09-01 14:30:00,-19.273712,-26.53857
2018-09-01 15:00:00,-29.883286,-24.03246
2018-09-01 15:30:00,-22.629385,-20.112595
2018-09-01 16:00:00,-9.744592,-12.622376
2018-09-01 16:30:00,-9.477468,-8.665645
2018-09-01 17:00:00,-1.3194817,-5.574116
2018-09-01 17:30:00,-6.163173,-3.5196817
2018-09-01 18:00:00,-1.8064319,-0.28500932
2018-09-01 18:30:00,2.7689078,0.32576358
2018-09-01 19:00:00,5.1997433,3.4659534
2018-09-01 19:30:00,5.0797653,5.8512077
2018-09-01 20:00:00,6.0692554,6.5724683
2018-09-01 20:30:00,5.761868,7.5498686
2018-09-01 21:00:00,5.4225492,7.178671
2018-09-01 21:30:00,5.717209,8.388166
2018-09-01 22:00:00,8.19058,8.515187
2018-09-01 22:30:00,3.3170943,7.303573
2018-09-01 23:00:00,6.057126,6.5169997
2018-09-01 23:30:00,33.50386,5.986133
2018-09-02 00:00:00,19.408512,5.2625046
2018-09-02 00:30:00,5.313167,6.416509
2018-09-02 01:00:00,3.3658168,5.315793
2018-09-02 01:30:00,8.8825445,7.188572
2018-09-02 02:00:00,3.917595,6.3745413
2018-09-02 02:30:00,4.937316,8.326314
2018-09-02 03:00:00,3.251716,11.18749
2018-09-02 03:30:00,5.962687,10.999819
2018-09-02 04:00:00,4.449877,9.229016
2018-09-02 04:30:00,3.5320396,6.7790947
2018-09-02 05:00:00,4.92409,7.2542343
2018-09-02 05:30:00,4.3912883,7.145595
2018-09-02 06:00:00,3.700845,5.648431
2018-09-02 06:30:00,2.9625397,2.059191
2018-09-02 07:00:00,0.49995178,1.8289616
2018-09-02 07:30:00,-3.5817657,-1.8040332
2018-09-02 08:00:00,-6.4342957,-5.4231424
2018-09-02 08:30:00,-12.25858,-9.195414
2018-09-02 09:00:00,-8.2474985,-12.575113
2018-09-02 09:30:00,-16.46262,-14.110096
2018-09-02 10:00:00,-18.133827,-17.124506
2018-09-02 10:30:00,-10.365541,-19.446318
2018-09-02 11:00:00,-11.652732,-19.651306
2018-09-02 11:30:00,-16.125526,-20.251947
2018-09-02 12:00:00,-27.481188,-20.201414
2018-09-02 12:30:00,-29.435926,-20.795103
2018-09-02 13:00:00,-25.637638,-20.897213
2018-09-02 13:30:00,-24.16175,-17.867132
2018-09-02 14:00:00,-35.15294,-17.010296
2018-09-02 14:30:00,-29.483469,-16.470509
2018-09-02 15:00:00,-14.539802,-15.370197
2018-09-02 15:30:00,-24.116781,-12.829964
2018-09-02 16:00:00,-18.771317,-8.992201
2018-09-02 16:30:00,-20.52578,-6.205115
2018-09-02 17:00:00,-11.749093,-3.4161718
2018-09-02 17:30:00,-9.697044,-1.8320712
2018-09-02 18:00:00,-2.2048242,0.7498039
2018-09-02 18:30:00,13.341581,2.4108489
2018-09-02 19:00:00,0.0470607,3.6192212
2018-09-02 19:30:00,-13.247457,5.092336
2018-09-02 20:00:00,-26.541975,6.628291
2018-09-02 20:30:00,-15.443292,5.515664
2018-09-02 21:00:00,-4.3446093,6.6191416
2018-09-02 21:30:00,6.7540755,7.2584987
2018-09-02 22:00:00,-4.9156036,8.510818
2018-09-02 22:30:00,-16.585285,6.9632273
2018-09-02 23:00:00,18.55442,5.548644
2018-09-02 23:30:00,11.658297,7.273643
2018-09-03 00:00:00,4.7621713,7.7593565
2018-09-03 00:30:00,-2.1339536,6.6087513
2018-09-03 01:00:00,-9.030078,4.147527
2018-09-03 01:30:00,-15.926203,4.8569684
2018-09-03 02:00:00,-22.822329,5.6184225
2018-09-03 02:30:00,-29.718452,4.942323
2018-09-03 03:00:00,15.357971,5.421522
2018-09-03 03:30:00,60.43439,7.2932262
2018-09-03 04:00:00,1.014219,6.4407806
2018-09-03 04:30:00,-7.7300897,4.8802657
2018-09-03 05:00:00,4.8540144,5.3687186
2018-09-03 05:30:00,17.43812,4.6330004
2018-09-03 06:00:00,-6.4979787,4.3319745
2018-09-03 06:30:00,-30.434076,2.5556533
2018-09-03 07:00:00,-18.105137,-0.38352054
2018-09-03 07:30:00,-5.7761984,-0.82620925
2018-09-03 08:00:00,-17.149939,-2.4127085
2018-09-03 08:30:00,-12.485332,-5.416291
2018-09-03 09:00:00,-11.752934,-7.4070334
2018-09-03 09:30:00,-16.211952,-10.973597
2018-09-03 10:00:00,-19.45981,-11.835055
2018-09-03 10:30:00,-23.125614,-11.33806
2018-09-03 11:00:00,-24.587427,-13.724038
2018-09-03 11:30:00,-23.667267,-14.882923
2018-09-03 12:00:00,-27.511992,-17.210594
2018-09-03 12:30:00,-24.115288,-18.497513
2018-09-03 13:00:00,-22.945179,-18.140572
2018-09-03 13:30:00,-22.212303,-18.847374
2018-09-03 14:00:00,-24.548553,-19.259491
2018-09-03 14:30:00,-17.293688,-18.324596
2018-09-03 15:00:00,-16.614687,-13.571671
2018-09-03 15:30:00,-16.661993,-13.640401
2018-09-03 16:00:00,-11.887081,-12.238045
2018-09-03 16:30:00,-9.124565,-10.8832035
2018-09-03 17:00:00,-6.772417,-7.1627874
2018-09-03 17:30:00,-3.1006136,-6.8270993
2018-09-03 18:00:00,-0.6553679,-4.8782854
2018-09-03 18:30:00,3.1550047,-1.9636277
2018-09-03 19:00:00,4.365767,-0.08582412
2018-09-03 19:30:00,3.6187537,1.097857
2018-09-03 20:00:00,1.4620067,0.7369056
2018-09-03 20:30:00,4.2015586,3.166422
2018-09-03 21:00:00,4.513189,2.8602576
2018-09-03 21:30:00,3.6595328,3.9079561
2018-09-03 22:00:00,2.7392137,4.2394056
2018-09-03 22:30:00,2.8420944,2.4303057
2018-09-03 23:00:00,-1.1979704,5.3346424
2018-09-03 23:30:00,4.4278994,6.7731
2018-09-04 00:00:00,10.053769,6.5027337
2018-09-04 00:30:00,1.4530146,4.906849
2018-09-04 01:00:00,6.6476603,4.3970385
2018-09-04 01:30:00,4.108505,3.8040314
2018-09-04 02:00:00,1.569344,2.4678996
2018-09-04 02:30:00,-0.96981204,2.078936
2018-09-04 03:00:00,-3.5089679,6.2718925
2018-09-04 03:30:00,-6.0481286,11.76507
2018-09-04 04:00:00,-8.587285,9.993035
2018-09-04 04:30:00,-11.12644,7.034797
2018-09-04 05:00:00,-13.665599,6.831732
2018-09-04 05:30:00,-16.204754,7.1248536
2018-09-04 06:00:00,-18.743914,5.797155
2018-09-04 06:30:00,-21.28307,2.3275082
2018-09-04 07:00:00,-23.822227,0.79176706
2018-09-04 07:30:00,-26.361387,1.0483786
2018-09-04 08:00:00,-9.623583,-1.099031
2018-09-04 08:30:00,-9.910335,-3.8845434
2018-09-04 09:00:00,-17.87755,-7.3982205
2018-09-04 09:30:00,-19.276863,-7.885271
2018-09-04 10:00:00,-23.388859,-9.317397
2018-09-04 10:30:00,-28.638193,-11.535887
2018-09-04 11:00:00,-29.635399,-13.684247
2018-09-04 11:30:00,-27.879913,-15.70349
2018-09-04 12:00:00,-26.17606,-15.726941
2018-09-04 12:30:00,-32.54735,-16.417624
2018-09-04 13:00:00,-31.17905,-18.77503
2018-09-04 13:30:00,-29.826353,-20.532852
2018-09-04 14:00:00,-26.112122,-18.950403
2018-09-04 14:30:00,-34.51381,-19.544495
2018-09-04 15:00:00,-20.768124,-15.789329
2018-09-04 15:30:00,-14.716231,-13.853765
2018-09-04 16:00:00,-14.683609,-10.102266
2018-09-04 16:30:00,-9.210925,-7.402489
2018-09-04 17:00:00,-5.214751,-8.205396
2018-09-04 17:30:00,-2.883348,-4.4099746
2018-09-04 18:00:00,0.95892936,-3.8984163
2018-09-04 18:30:00,-5.57835,-0.76613075
2018-09-04 19:00:00,-14.602066,1.2013624
2018-09-04 19:30:00,-23.625788,0.300417
2018-09-04 20:00:00,-21.291094,1.7637186
2018-09-04 20:30:00,-18.956402,3.8897054
2018-09-04 21:00:00,-16.621708,5.59876
2018-09-04 21:30:00,-36.646156,4.842401
2018-09-04 22:00:00,-27.847692,6.0526433
2018-09-04 22:30:00,-19.049227,3.0851653
2018-09-04 23:00:00,-10.250758,5.749468
2018-09-04 23:30:00,-1.4522923,7.1737247
2018-09-05 00:00:00,7.3461742,7.2314262
2018-09-05 00:30:00,6.4609365,6.0315614
2018-09-05 01:00:00,5.575699,4.7961206
2018-09-05 01:30:00,4.690461,6.691673
2018-09-05 02:00:00,3.8052285,8.434586
2018-09-05 02:30:00,2.919991,9.936937
2018-09-05 03:00:00,3.726458,7.1928625
2018-09-05 03:30:00,-1.3314013,7.6034846
2018-09-05 04:00:00,-6.389261,5.6230583
2018-09-05 04:30:00,-11.44712,2.8744276
2018-09-05 05:00:00,-16.504976,3.176301
2018-09-05 05:30:00,-15.356097,0.80034846
2018-09-05 06:00:00,-14.207218,0.9378429
2018-09-05 06:30:00,-13.058341,-3.4235256
2018-09-05 07:00:00,-11.909461,-7.7561483
2018-09-05 07:30:00,-10.760582,-9.348655
2018-09-05 08:00:00,-9.611698,-8.596989
2018-09-05 08:30:00,-9.335093,-8.630991
2018-09-05 09:00:00,-15.165087,-13.928511
2018-09-05 09:30:00,-17.216484,-14.854693
2018-09-05 10:00:00,-23.194616,-13.506288
2018-09-05 10:30:00,-23.421059,-18.77167
2018-09-05 11:00:00,-28.991373,-21.197191
2018-09-05 11:30:00,-34.761955,-21.915384
2018-09-05 12:00:00,-24.309021,-20.32687
2018-09-05 12:30:00,-27.197348,-21.65659
2018-09-05 13:00:00,-30.724707,-20.746683
2018-09-05 13:30:00,-27.622036,-20.551302
2018-09-05 14:00:00,-30.30503,-18.322899
2018-09-05 14:30:00,-15.456669,-18.139393
2018-09-05 15:00:00,-26.206541,-17.067137
2018-09-05 15:30:00,-21.767378,-13.862984
2018-09-05 16:00:00,-5.7638636,-10.926215
2018-09-05 16:30:00,-3.039268,-8.799892
2018-09-05 17:00:00,-0.31466845,-5.2897854
2018-09-05 17:30:00,2.409927,-2.0276299
2018-09-05 18:00:00,2.795705,-1.1351305
2018-09-05 18:30:00,2.087452,1.0591708
2018-09-05 19:00:00,1.3792033,0.38689068
2018-09-05 19:30:00,16.61022,0.64917797
2018-09-05 20:00:00,-6.038446,2.2818527
2018-09-05 20:30:00,-32.644394,1.4237444
2018-09-05 21:00:00,8.596544,2.2671106
2018-09-05 21:30:00,57.797607,-0.0323521
2018-09-05 22:00:00,20.134872,-1.3832611
2018-09-05 22:30:00,-22.560333,0.25110462
2018-09-05 23:00:00,-10.105836,-0.068088956
2018-09-05 23:30:00,2.3486557,1.4298003
2018-09-06 00:00:00,3.111045,3.149967
2018-09-06 00:30:00,3.8734338,2.5574973
2018-09-06 01:00:00,4.6358185,3.6858974
2018-09-06 01:30:00,-29.245697,5.397535
2018-09-06 02:00:00,-17.66012,6.3633995
2018-09-06 02:30:00,-6.074546,10.116495
2018-09-06 03:00:00,5.5110326,9.51041
2018-09-06 03:30:00,4.4180155,4.959971
2018-09-06 04:00:00,3.3250027,3.34785
2018-09-06 04:30:00,3.7459671,2.0513656
2018-09-06 05:00:00,15.446743,0.14534032
2018-09-06 05:30:00,27.147514,-4.9333215
2018-09-06 06:00:00,10.02577,-8.502388
2018-09-06 06:30:00,1.1068491,-8.000189
2018-09-06 07:00:00,4.6351414,-7.9188232
2018-09-06 07:30:00,1.3477135,-10.015556
2018-09-06 08:00:00,0.8605624,-10.223476
2018-09-06 08:30:00,-0.5987718,-10.314804
2018-09-06 09:00:00,7.3446097,-12.256182
2018-09-06 09:30:00,60.56049,-13.097953
2018-09-06 10:00:00,45.363586,-15.278659
2018-09-06 10:30:00,16.12213,-15.833943
2018-09-06 11:00:00,-13.119328,-15.959274
2018-09-06 11:30:00,-8.193843,-16.424719
2018-09-06 12:00:00,-1.8314813,-15.8322
2018-09-06 12:30:00,4.53088,-17.127384
2018-09-06 13:00:00,10.893247,-17.128654
2018-09-06 13:30:00,-37.649773,-17.484287
2018-09-06 14:00:00,-31.505653,-15.867568
2018-09-06 14:30:00,-25.361536,-13.046255
2018-09-06 15:00:00,-19.217417,-13.416026
2018-09-06 15:30:00,-16.318274,-9.649476
2018-09-06 16:00:00,-10.67431,-6.823936
2018-09-06 16:30:00,-5.8106723,-3.7258883
2018-09-06 17:00:00,-2.6934958,-2.971128
2018-09-06 17:30:00,0.42368054,-2.66506
2018-09-06 18:00:00,3.048314,-0.84634316
2018-09-06 18:30:00,2.8231838,-1.8310531
2018-09-06 19:00:00,2.5980535,-2.2599523
2018-09-06 19:30:00,2.9124975,-2.0199747
2018-09-06 20:00:00,2.6978886,-0.58656824
2018-09-06 20:30:00,2.6597836,-2.101533
2018-09-06 21:00:00,1.8979884,-1.973332
2018-09-06 21:30:00,-7.74065,3.843124
2018-09-06 22:00:00,-17.379286,3.4662986
2018-09-06 22:30:00,-27.017923,0.68614256
2018-09-06 23:00:00,-36.65656,0.048873976
2018-09-06 23:30:00,-16.045195,2.6122713
2018-09-07 00:00:00,4.566171,5.0313663
2018-09-07 00:30:00,4.0621676,3.756637
2018-09-07 01:00:00,3.5581684,4.3270373
2018-09-07 01:30:00,3.0541646,2.9045234
2018-09-07 02:00:00,12.67697,4.766405
2018-09-07 02:30:00,8.196186,5.6771464
2018-09-07 03:00:00,3.7154036,5.5821395
2018-09-07 03:30:00,4.539728,2.972305
2018-09-07 04:00:00,3.7292762,3.325348
2018-09-07 04:30:00,5.7664557,0.56645757
2018-09-07 05:00:00,6.1019206,1.0146604
2018-09-07 05:30:00,4.3800983,0.10055019
2018-09-07 06:00:00,4.1565847,-1.1492128
2018-09-07 06:30:00,2.8795395,-2.3434153
2018-09-07 07:00:00,1.7968382,-3.7712727
2018-09-07 07:30:00,-1.7986108,-3.1680806
2018-09-07 08:00:00,-4.086796,-5.134329
2018-09-07 08:30:00,-4.0671034,-9.654863
2018-09-07 09:00:00,-9.688524,-11.605547
2018-09-07 09:30:00,-18.443466,-6.963012
2018-09-07 10:00:00,-16.873852,-6.411876
2018-09-07 10:30:00,-15.5656395,-8.575868
2018-09-07 11:00:00,-27.748947,-13.091132
2018-09-07 11:30:00,-34.71548,-14.562436
2018-09-07 12:00:00,-31.322554,-14.409523
2018-09-07 12:30:00,-21.510105,-13.091958
2018-09-07 13:00:00,-23.71182,-13.266979
2018-09-07 13:30:00,-21.960396,-17.560856
2018-09-07 14:00:00,-24.272568,-18.11354
2018-09-07 14:30:00,-29.37377,-15.596979
2018-09-07 15:00:00,-27.93697,-14.507846
2018-09-07 15:30:00,-15.4528055,-13.4674225
2018-09-07 16:00:00,-22.360142,-7.404849
2018-09-07 16:30:00,-9.979313,-6.4247746
2018-09-07 17:00:00,-9.924679,-4.0137844
2018-09-07 17:30:00,-5.495905,-2.8452911
2018-09-07 18:00:00,-1.0671304,0.33932164
2018-09-07 18:30:00,3.3616486,1.0628804
2018-09-07 19:00:00,7.7904224,-1.3328345
2018-09-07 19:30:00,-1.5566192,-0.73120224
2018-09-07 20:00:00,0.36523184,-0.08399337
2018-09-07 20:30:00,2.287083,0.11475492
2018-09-07 21:00:00,4.2089295,-1.3595661
2018-09-07 21:30:00,1.5475017,-2.7204065
2018-09-07 22:00:00,6.3822403,-2.182724
2018-09-07 22:30:00,5.638731,-1.0648496
2018-09-07 23:00:00,3.328057,-4.424249
2018-09-07 23:30:00,0.9302053,-4.413461
2018-09-08 00:00:00,1.6122947,-0.4425591
2018-09-08 00:30:00,2.0663261,-0.42261305
2018-09-08 01:00:00,-6.9647427,0.7725769
2018-09-08 01:30:00,19.159788,-1.5120518
2018-09-08 02:00:00,15.220674,2.563719
2018-09-08 02:30:00,11.281554,4.2559133
2018-09-08 03:00:00,7.342438,2.1612806
2018-09-08 03:30:00,3.403319,1.6352774
2018-09-08 04:00:00,-0.5357965,4.320562
2018-09-08 04:30:00,-4.4749117,2.7232177
2018-09-08 05:00:00,-8.414032,1.1312519
2018-09-08 05:30:00,-12.353147,-0.16899455
2018-09-08 06:00:00,-16.292263,1.8590751
2018-09-08 06:30:00,-20.231382,-2.3915784
2018-09-08 07:00:00,-24.1705,-1.5271261
2018-09-08 07:30:00,-28.109617,-1.0264256
2018-09-08 08:00:00,-8.7713175,-0.75751007
2018-09-08 08:30:00,-13.126852,-2.465237
2018-09-08 09:00:00,-16.75075,-3.6886265
2018-09-08 09:30:00,-20.14629,-10.004336
2018-09-08 10:00:00,-24.928358,-11.066187
2018-09-08 10:30:00,-15.707095,-12.27629
2018-09-08 11:00:00,-24.361376,-11.7589245
2018-09-08 11:30:00,-30.395844,-14.273798
2018-09-08 12:00:00,-20.992565,-13.396136
2018-09-08 12:30:00,-30.825796,-12.991
2018-09-08 13:00:00,-32.84758,-12.001327
2018-09-08 13:30:00,-27.467735,-16.071701
2018-09-08 14:00:00,-24.850885,-14.92815
2018-09-08 14:30:00,-23.41984,-15.094898
2018-09-08 15:00:00,-13.878226,-13.385536
2018-09-08 15:30:00,-16.636093,-8.582583
2018-09-08 16:00:00,-16.416225,-9.906808
2018-09-08 16:30:00,-11.271799,-7.6557364
2018-09-08 17:00:00,-7.660097,-6.6481924
2018-09-08 17:30:00,-3.261095,-5.3689713
2018-09-08 18:00:00,-5.1613708,-3.3585272
2018-09-08 18:30:00,-7.0616455,-3.4066684
2018-09-08 19:00:00,-2.0957348,-2.9399965
2018-09-08 19:30:00,2.870176,-2.052937
2018-09-08 20:00:00,-15.360794,-0.51693845
2018-09-08 20:30:00,12.654869,2.697185
2018-09-08 21:00:00,46.45563,3.4598625
2018-09-08 21:30:00,16.357038,-0.13216537
2018-09-08 22:00:00,-8.332932,-4.133391
2018-09-08 22:30:00,-9.805405,-1.1034178
2018-09-08 23:00:00,-11.277877,1.2413025
2018-09-08 23:30:00,-6.48626,1.3485699
2018-09-09 00:00:00,-4.547731,2.214495
2018-09-09 00:30:00,-2.6092024,3.0968401
2018-09-09 01:00:00,-11.62507,2.1077213
2018-09-09 01:30:00,-11.526375,4.444079
2018-09-09 02:00:00,-11.42768,7.673136
2018-09-09 02:30:00,-11.328985,8.237957
2018-09-09 03:00:00,-11.230295,6.588102
2018-09-09 03:30:00,-11.1316,7.936739
2018-09-09 04:00:00,-11.032906,8.9742
2018-09-09 04:30:00,-10.934211,8.992769
2018-09-09 05:00:00,-10.835516,7.1576805
2018-09-09 05:30:00,-10.736826,4.066476
2018-09-09 06:00:00,-10.638131,-0.5766236
2018-09-09 06:30:00,-10.539436,-1.0446632
2018-09-09 07:00:00,-10.440742,-2.9005895
2018-09-09 07:30:00,-10.3420515,-6.407494
2018-09-09 08:00:00,-10.243357,-3.6461215
2018-09-09 08:30:00,-9.328407,-2.7209482
2018-09-09 09:00:00,-16.629354,-5.747872
2018-09-09 09:30:00,-18.483486,-7.691163
2018-09-09 10:00:00,-24.191614,-12.224923
2018-09-09 10:30:00,-29.5177,-14.244017
2018-09-09 11:00:00,-25.695652,-15.36311
2018-09-09 11:30:00,-29.342117,-16.358809
2018-09-09 12:00:00,-26.231512,-16.611525
2018-09-09 12:30:00,-28.709269,-17.42423
2018-09-09 13:00:00,-30.85283,-20.822681
2018-09-09 13:30:00,-29.76879,-20.991476
2018-09-09 14:00:00,-25.573437,-20.333849
2018-09-09 14:30:00,-26.65287,-19.102337
2018-09-09 15:00:00,-23.216227,-17.162668
2018-09-09 15:30:00,-17.507757,-14.089595
2018-09-09 16:00:00,-19.468441,-10.866504
2018-09-09 16:30:00,-9.368291,-9.293833
2018-09-09 17:00:00,-9.397146,-5.5928082
2018-09-09 17:30:00,-7.1937613,-3.7687166
2018-09-09 18:00:00,-3.0806718,-1.8731693
2018-09-09 18:30:00,1.0324173,0.5372834
2018-09-09 19:00:00,2.8683803,3.3856099
2018-09-09 19:30:00,4.704343,2.510007
2018-09-09 20:00:00,4.5169597,3.2428896
2018-09-09 20:30:00,3.2604852,3.898501
2018-09-09 21:00:00,25.139242,4.5647078
2018-09-09 21:30:00,47.018,6.3816023
2018-09-09 22:00:00,37.055603,2.934152
2018-09-09 22:30:00,27.093203,2.738589
2018-09-09 23:00:00,17.130796,3.0719917
2018-09-09 23:30:00,7.1683984,5.044579
2018-09-10 00:00:00,-2.3194363,5.020294
2018-09-10 00:30:00,1.0099895,4.753393
2018-09-10 01:00:00,4.33942,2.719447
2018-09-10 01:30:00,3.6383502,4.7299514
2018-09-10 02:00:00,3.4113193,4.403527
2018-09-10 02:30:00,3.1842926,3.410323
2018-09-10 03:00:00,4.3227377,2.5410423
2018-09-10 03:30:00,3.7764783,2.7067845
2018-09-10 04:00:00,5.034027,2.9126198
2018-09-10 04:30:00,6.2915764,2.5219657
2018-09-10 05:00:00,3.7388625,1.3470187
2018-09-10 05:30:00,3.4441636,-1.1533375
2018-09-10 06:00:00,4.3473635,-3.0639722
2018-09-10 06:30:00,4.274889,-4.8963175
2018-09-10 07:00:00,-2.962442,-6.4470277
2018-09-10 07:30:00,-5.222878,-7.782251
2018-09-10 08:00:00,-11.257101,-9.6639385
2018-09-10 08:30:00,-5.732461,-10.779553
2018-09-10 09:00:00,-13.86599,-12.617744
2018-09-10 09:30:00,-20.078234,-14.774904
2018-09-10 10:00:00,-20.055426,-17.449179
2018-09-10 10:30:00,-8.314139,-18.43433
2018-09-10 11:00:00,-20.927576,-21.376392
2018-09-10 11:30:00,-21.376194,-21.815542
2018-09-10 12:00:00,-8.167479,-20.679855
2018-09-10 12:30:00,-16.766808,-20.685455
2018-09-10 13:00:00,-12.69271,-20.314714
2018-09-10 13:30:00,-15.485391,-20.893236
2018-09-10 14:00:00,-15.247851,-18.65117
2018-09-10 14:30:00,-13.125812,-16.310709
2018-09-10 15:00:00,-13.961298,-14.496223
2018-09-10 15:30:00,-9.10753,-12.317641
2018-09-10 16:00:00,-10.154952,-10.470606
2018-09-10 16:30:00,-3.1729,-7.860545
2018-09-10 17:00:00,-0.9561185,-5.447287
2018-09-10 17:30:00,0.5169704,-2.964041
2018-09-10 18:00:00,1.9900548,0.36134312
2018-09-10 18:30:00,3.4631395,2.3259263
2018-09-10 19:00:00,3.3324482,2.8467827
2018-09-10 19:30:00,5.610977,4.145596
2018-09-10 20:00:00,7.8895106,5.727455
2018-09-10 20:30:00,3.1761394,5.7539945
2018-09-10 21:00:00,-25.295567,6.7844906
2018-09-10 21:30:00,9.136818,7.232973
2018-09-10 22:00:00,1.4077046,7.573948
2018-09-10 22:30:00,0.72243434,6.6272163
2018-09-10 23:00:00,8.131445,5.739165
2018-09-10 23:30:00,15.540453,6.7332034
2018-09-11 00:00:00,1.6130811,4.990351
2018-09-11 00:30:00,2.4912448,3.179639
2018-09-11 01:00:00,13.518482,1.8051924
2018-09-11 01:30:00,7.3113985,3.2052436
2018-09-11 02:00:00,8.813675,4.042851
2018-09-11 02:30:00,10.315947,2.2364028
2018-09-11 03:00:00,11.818218,2.7953641
2018-09-11 03:30:00,2.6046205,2.1638105
2018-09-11 04:00:00,4.064077,1.8767098
2018-09-11 04:30:00,4.98499,2.3542092
2018-09-11 05:00:00,4.063072,1.5015361
2018-09-11 05:30:00,2.581865,2.2373552
2018-09-11 06:00:00,5.999674,0.34668398
2018-09-11 06:30:00,1.7915732,-0.33824977
2018-09-11 07:00:00,-4.915809,-2.8372252
2018-09-11 07:30:00,-17.39398,-2.7242603
2018-09-11 08:00:00,-9.964532,-6.0694466
2018-09-11 08:30:00,-13.994134,-7.642541
2018-09-11 09:00:00,-18.660158,-11.43364
2018-09-11 09:30:00,-26.800356,-14.409806
2018-09-11 10:00:00,-28.765049,-16.39946
2018-09-11 10:30:00,-30.559101,-16.927605
2018-09-11 11:00:00,-29.186947,-20.187052
2018-09-11 11:30:00,-33.601494,-21.55121
2018-09-11 12:00:00,-30.241533,-19.819237
2018-09-11 12:30:00,-29.792513,-19.436756
2018-09-11 13:00:00,-28.06138,-19.695372
2018-09-11 13:30:00,-28.377012,-18.582207
2018-09-11 14:00:00,-33.88688,-18.193665
2018-09-11 14:30:00,-31.526667,-15.09817
2018-09-11 15:00:00,-21.161425,-14.9621525
2018-09-11 15:30:00,-10.873849,-12.483143
2018-09-11 16:00:00,-22.36544,-9.219711
2018-09-11 16:30:00,-13.758851,-6.7869234
2018-09-11 17:00:00,-7.505654,-4.3181133
2018-09-11 17:30:00,-4.0312443,-3.4237046
2018-09-11 18:00:00,-1.7363782,-1.8443621
2018-09-11 18:30:00,0.5584835,0.9291523
2018-09-11 19:00:00,2.8533454,3.9486609
2018-09-11 19:30:00,5.1482067,5.1702676
2018-09-11 20:00:00,3.2338932,8.171888
2018-09-11 20:30:00,7.7121983,9.930308
2018-09-11 21:00:00,-11.770385,4.879195
2018-09-11 21:30:00,-31.252966,4.4133058
2018-09-11 22:00:00,-12.943864,3.9057977
2018-09-11 22:30:00,5.3652363,4.4068475
2018-09-11 23:00:00,2.386337,4.4661045
2018-09-11 23:30:00,2.2806249,5.714111
2018-09-12 00:00:00,-6.3439813,6.195289
2018-09-12 00:30:00,5.539215,3.8752298
2018-09-12 01:00:00,5.559104,4.396632
2018-09-12 01:30:00,2.2033532,4.2590547
2018-09-12 02:00:00,0.7473964,5.274162
2018-09-12 02:30:00,-0.7085647,5.6102605
2018-09-12 03:00:00,-2.1645257,5.6055155
2018-09-12 03:30:00,3.0194678,5.5596633
2018-09-12 04:00:00,8.203465,4.9289837
2018-09-12 04:30:00,-13.910795,3.8904438
2018-09-12 05:00:00,-11.060101,3.7762117
2018-09-12 05:30:00,-37.254337,3.5864556
2018-09-12 06:00:00,-15.744525,2.4558094
2018-09-12 06:30:00,5.7652845,1.0121174
2018-09-12 07:00:00,-0.2560406,-2.2641773
2018-09-12 07:30:00,-6.2773705,-6.5414276
2018-09-12 08:00:00,-8.577694,-7.5398526
2018-09-12 08:30:00,-9.0335,-10.910844
2018-09-12 09:00:00,-11.998469,-13.570491
2018-09-12 09:30:00,-12.096386,-16.406485
2018-09-12 10:00:00,-13.797592,-17.965282
2018-09-12 10:30:00,-30.437769,-19.618193
2018-09-12 11:00:00,-34.93518,-20.704203
2018-09-12 11:30:00,-28.82203,-23.376661
2018-09-12 12:00:00,-15.040244,-22.383913
2018-09-12 12:30:00,-25.141302,-21.96738
2018-09-12 13:00:00,-14.375588,-20.731415
2018-09-12 13:30:00,-5.690839,-19.994852
2018-09-12 14:00:00,-2.732265,-20.240038
2018-09-12 14:30:00,-1.0311445,-17.89781
2018-09-12 15:00:00,-5.607022,-15.461481
2018-09-12 15:30:00,-13.708213,-12.903941
2018-09-12 16:00:00,-7.151108,-12.384597
2018-09-12 16:30:00,-1.516596,-9.356005
2018-09-12 17:00:00,1.3859278,-7.126535
2018-09-12 17:30:00,4.2884517,-4.666429
2018-09-12 18:00:00,2.6147268,-3.9852657
2018-09-12 18:30:00,8.058359,-2.1219378
2018-09-12 19:00:00,13.501993,0.9927306
2018-09-12 19:30:00,13.556155,1.9819148
2018-09-12 20:00:00,13.610317,2.461092
2018-09-12 20:30:00,13.66448,6.3125973
2018-09-12 21:00:00,13.718642,5.1404777
2018-09-12 21:30:00,13.772804,4.8522058
2018-09-12 22:00:00,13.826967,3.8191535
2018-09-12 22:30:00,13.881125,4.6764097
2018-09-12 23:00:00,13.935287,4.3981175
2018-09-12 23:30:00,13.9894495,2.9824944
2018-09-13 00:00:00,14.0436125,4.531208
2018-09-13 00:30:00,14.0977745,4.624869
2018-09-13 01:00:00,14.151937,7.0515056
2018-09-13 01:30:00,14.2060995,7.095199
2018-09-13 02:00:00,15.703058,6.197806
2018-09-13 02:30:00,17.200022,8.054274
2018-09-13 03:00:00,19.074808,8.2744055
2018-09-13 03:30:00,20.949602,8.103132
2018-09-13 04:00:00,22.82439,8.5701885
2018-09-13 04:30:00,24.699179,7.6696625
2018-09-13 05:00:00,26.573967,5.015523
2018-09-13 05:30:00,28.448765,0.4855286
2018-09-13 06:00:00,30.323555,-0.41608524
2018-09-13 06:30:00,32.19834,1.0968171
2018-09-13 07:00:00,34.07313,-0.061853904
2018-09-13 07:30:00,35.94792,-4.878438
2018-09-13 08:00:00,37.822712,-6.849099
2018-09-13 08:30:00,39.69751,-8.328187
2018-09-13 09:00:00,41.572296,-10.202027
2018-09-13 09:30:00,43.447086,-12.466478
2018-09-13 10:00:00,45.321877,-14.150928
2018-09-13 10:30:00,47.196663,-17.996218
2018-09-13 11:00:00,49.071453,-17.538473
2018-09-13 11:30:00,50.94625,-17.795433
2018-09-13 12:00:00,52.821037,-17.968252
2018-09-13 12:30:00,54.695827,-19.225056
2018-09-13 13:00:00,56.570618,-17.013706
2018-09-13 13:30:00,58.445404,-15.520437
2018-09-13 14:00:00,45.450623,-11.82176
2018-09-13 14:30:00,32.45583,-12.174933
2018-09-13 15:00:00,19.46104,-10.242099
2018-09-13 15:30:00,6.4662538,-8.630393
2018-09-13 16:00:00,-6.5285335,-5.9410667
2018-09-13 16:30:00,-7.008978,-3.1942923
2018-09-13 17:00:00,1.0329068,0.99355644
2018-09-13 17:30:00,-22.21473,2.168241
2018-09-13 18:00:00,25.78026,3.4130318
2018-09-13 18:30:00,4.081952,4.0569243
2018-09-13 19:00:00,4.9068356,5.664283
2018-09-13 19:30:00,2.8474512,6.9949574
2018-09-13 20:00:00,4.662725,5.5338583
2018-09-13 20:30:00,6.3306603,4.4002194
2018-09-13 21:00:00,2.2779422,5.5076947
2018-09-13 21:30:00,2.3807704,6.417881
2018-09-13 22:00:00,2.4835985,7.3617725
2018-09-13 22:30:00,2.5864265,7.520419
2018-09-13 23:00:00,2.6892548,6.7794704
2018-09-13 23:30:00,2.7920828,6.6064267
2018-09-14 00:00:00,1.9123286,7.3944726
2018-09-14 00:30:00,2.48113,7.5531497
2018-09-14 01:00:00,1.5168071,8.922982
2018-09-14 01:30:00,4.140506,8.006347
2018-09-14 02:00:00,2.334674,8.533669
2018-09-14 02:30:00,-4.7877307,7.3431196
2018-09-14 03:00:00,-11.910134,9.632717
2018-09-14 03:30:00,2.5316482,9.248932
2018-09-14 04:00:00,4.6535187,9.427056
2018-09-14 04:30:00,5.2712083,7.3410444
2018-09-14 05:00:00,4.941515,7.6844397
2018-09-14 05:30:00,4.611822,7.8730073
2018-09-14 06:00:00,-12.530812,6.6020007
2018-09-14 06:30:00,-9.102671,8.2543335
2018-09-14 07:00:00,-5.674528,7.0175033
2018-09-14 07:30:00,-2.2463853,5.8481755
2018-09-14 08:00:00,-4.347628,5.433835
2018-09-14 08:30:00,-9.272497,4.372924
2018-09-14 09:00:00,-12.5393505,4.113787
2018-09-14 09:30:00,-15.806201,2.4771276
2018-09-14 10:00:00,-17.43165,3.5651505
2018-09-14 10:30:00,-8.128656,3.332824
2018-09-14 11:00:00,-11.733193,6.134861
2018-09-14 11:30:00,-22.675137,7.6078277
2018-09-14 12:00:00,-17.68321,11.600879
2018-09-14 12:30:00,-24.10699,11.555726
2018-09-14 13:00:00,-21.801245,10.602095
2018-09-14 13:30:00,-24.407295,12.843175
2018-09-14 14:00:00,-13.7011385,14.301906
2018-09-14 14:30:00,-15.358369,14.001321
2018-09-14 15:00:00,-12.058311,11.520041
2018-09-14 15:30:00,-13.260538,6.5518537
2018-09-14 16:00:00,-15.539182,4.9214163
2018-09-14 16:30:00,-11.275846,3.865189
2018-09-14 17:00:00,-7.5935607,4.6605315
2018-09-14 17:30:00,-4.282595,2.2049348
2018-09-14 18:00:00,-1.9701817,9.523637
2018-09-14 18:30:00,2.8698745,7.923172
2018-09-14 19:00:00,2.6967175,5.292417
2018-09-14 19:30:00,13.64023,4.4790773
2018-09-14 20:00:00,-4.9208603,5.7915707
2018-09-14 20:30:00,-0.8669009,4.335863
2018-09-14 21:00:00,-11.675055,3.5461657
2018-09-14 21:30:00,-9.929633,5.1471667
2018-09-14 22:00:00,-7.7426906,9.061508
2018-09-14 22:30:00,-5.5557475,6.1083612
2018-09-14 23:00:00,2.5465477,5.3988237
2018-09-14 23:30:00,-6.368345,4.3176084
2018-09-15 00:00:00,-15.283238,4.1293025
2018-09-15 00:30:00,-24.198133,2.5151496
2018-09-15 01:00:00,-25.617043,3.0434468
2018-09-15 01:30:00,-9.692767,4.07178
2018-09-15 02:00:00,6.2315025,4.0873613
2018-09-15 02:30:00,-26.260326,2.0689478
2018-09-15 03:00:00,-15.316417,-0.64235604
2018-09-15 03:30:00,14.465922,-0.7471154
2018-09-15 04:00:00,-25.618986,-2.3302112
2018-09-15 04:30:00,-5.845981,-1.1708586
2018-09-15 05:00:00,13.92703,-2.413233
2018-09-15 05:30:00,7.0207543,1.6482106
2018-09-15 06:00:00,0.37922683,1.1488472
2018-09-15 06:30:00,-6.2623053,-0.16255851
2018-09-15 07:00:00,7.913717,0.51140386
2018-09-15 07:30:00,-10.386444,1.4407018
2018-09-15 08:00:00,-8.259173,1.9141026
2018-09-15 08:30:00,-11.486115,1.0311896
2018-09-15 09:00:00,-20.976906,-0.9137446
2018-09-15 09:30:00,-21.814157,-1.3943286
2018-09-15 10:00:00,-24.185465,-2.6078348
2018-09-15 10:30:00,-31.803652,-2.8914225
2018-09-15 11:00:00,-31.756128,-3.1442196
2018-09-15 11:30:00,-31.671175,-2.664645
2018-09-15 12:00:00,-11.74281,-3.9894078
2018-09-15 12:30:00,-25.983524,-2.4458632
2018-09-15 13:00:00,-37.269836,-2.39531
2018-09-15 13:30:00,-25.92093,-4.5048504
2018-09-15 14:00:00,-19.033085,-1.8243419
2018-09-15 14:30:00,-20.53378,-3.6824658
2018-09-15 15:00:00,-21.522205,-4.898795
2018-09-15 15:30:00,-13.416297,-5.4805202
2018-09-15 16:00:00,-11.893316,-3.554051
2018-09-15 16:30:00,-8.716928,-3.74531
2018-09-15 17:00:00,-7.4587536,-1.0014286
2018-09-15 17:30:00,-3.3032637,-1.4179275
2018-09-15 18:00:00,0.8522213,0.73295134
2018-09-15 18:30:00,3.4365566,1.9113761
2018-09-15 19:00:00,4.240323,0.6952876
2018-09-15 19:30:00,1.3694903,3.7682726
2018-09-15 20:00:00,2.2877643,0.7311686
2018-09-15 20:30:00,3.7081068,2.6224692
2018-09-15 21:00:00,-29.148098,0.70802426
2018-09-15 21:30:00,4.3989,0.06735193
2018-09-15 22:00:00,3.716675,-0.83140874
2018-09-15 22:30:00,2.9063804,-0.58946514
2018-09-15 23:00:00,2.2904253,1.6909603
2018-09-15 23:30:00,6.885252,0.12445486
2018-09-16 00:00:00,11.48008,-0.33349156
2018-09-16 00:30:00,16.074905,-2.3351266
2018-09-16 01:00:00,6.2136927,-3.011833
2018-09-16 01:30:00,4.970864,-1.6962589
2018-09-16 02:00:00,4.810736,0.7021955
2018-09-16 02:30:00,2.9645538,-1.317769
2018-09-16 03:00:00,4.4586287,-1.558664
2018-09-16 03:30:00,3.228414,2.945486
2018-09-16 04:00:00,2.9449356,2.3650057
2018-09-16 04:30:00,2.80828,1.5509316
2018-09-16 05:00:00,3.3974116,1.8531153
2018-09-16 05:30:00,4.8450313,4.647227
2018-09-16 06:00:00,5.04963,3.5569842
2018-09-16 06:30:00,4.082804,-0.069395386
2018-09-16 07:00:00,2.6552875,2.584159
2018-09-16 07:30:00,2.3299243,1.367275
2018-09-16 08:00:00,-0.734169,-1.2045593
2018-09-16 08:30:00,-1.7017686,-2.3124323
2018-09-16 09:00:00,-5.906326,-4.889095
2018-09-16 09:30:00,-3.7482069,-6.665224
2018-09-16 10:00:00,-9.521415,-5.9876175
2018-09-16 10:30:00,-10.013769,-8.056694
2018-09-16 11:00:00,-8.716455,-12.81115
2018-09-16 11:30:00,-16.039217,-11.571524
2018-09-16 12:00:00,-7.670815,-8.870248
2018-09-16 12:30:00,-10.681681,-9.633895
2018-09-16 13:00:00,-9.774557,-11.684659
2018-09-16 13:30:00,-4.3230944,-11.019824
2018-09-16 14:00:00,-4.9214544,-7.9736104
2018-09-16 14:30:00,-3.7217069,-10.363907
2018-09-16 15:00:00,-3.5432236,-12.079058
2018-09-16 15:30:00,-3.147916,-7.7212152
2018-09-16 16:00:00,-2.0752995,-8.144002
2018-09-16 16:30:00,-1.3450162,-4.653325
2018-09-16 17:00:00,-1.8732042,-4.5420027
2018-09-16 17:30:00,-0.01056219,0.36770925
2018-09-16 18:00:00,1.0416279,-1.8927833
2018-09-16 18:30:00,3.3282492,-1.1808338
2018-09-16 19:00:00,3.8898628,2.582848
2018-09-16 19:30:00,4.5425463,1.8816297
2018-09-16 20:00:00,4.0876365,1.8386878
2018-09-16 20:30:00,3.0626326,2.8980262
2018-09-16 21:00:00,4.406485,-0.2677679
2018-09-16 21:30:00,3.1129236,-0.7761453
2018-09-16 22:00:00,4.2076797,1.0221057
2018-09-16 22:30:00,4.426322,1.8227965
2018-09-16 23:00:00,3.8815653,0.7436475
2018-09-16 23:30:00,3.3886423,0.93398917
2018-09-17 00:00:00,3.6491687,2.2888348
2018-09-17 00:30:00,3.2114522,2.9473038
2018-09-17 01:00:00,3.7866545,1.301429
2018-09-17 01:30:00,3.313376,4.9286604
2018-09-17 02:00:00,2.5060875,3.5303488
2018-09-17 02:30:00,3.0457711,4.3755193
2018-09-17 03:00:00,2.7487915,4.2752385
2018-09-17 03:30:00,-18.3069,7.7785993
2018-09-17 04:00:00,-39.36259,7.1108108
2018-09-17 04:30:00,40.938698,4.6264067
2018-09-17 05:00:00,12.640131,4.8223195
2018-09-17 05:30:00,13.443724,4.271647
2018-09-17 06:00:00,14.247311,4.301328
2018-09-17 06:30:00,15.050899,2.0632982
2018-09-17 07:00:00,15.854486,2.0052776
2018-09-17 07:30:00,16.658077,-1.0920881
2018-09-17 08:00:00,17.461666,-2.1962779
2018-09-17 08:30:00,54.002483,-4.547438
2018-09-17 09:00:00,7.264096,-9.085294
2018-09-17 09:30:00,-39.47429,-8.597173
2018-09-17 10:00:00,-16.425962,-9.697652
2018-09-17 10:30:00,55.01298,-11.584539
2018-09-17 11:00:00,-20.474878,-14.276
2018-09-17 11:30:00,-16.988775,-15.853407
2018-09-17 12:00:00,-21.966621,-13.584805
2018-09-17 12:30:00,-23.021513,-16.201202
2018-09-17 13:00:00,-14.05182,-14.916213
2018-09-17 13:30:00,-15.322132,-10.150469
2018-09-17 14:00:00,-11.547151,-11.0808115
2018-09-17 14:30:00,-9.504593,-9.414278
2018-09-17 15:00:00,-7.2935615,-7.8004274
2018-09-17 15:30:00,-7.2085166,-7.292793
2018-09-17 16:00:00,-5.847519,-5.791692
2018-09-17 16:30:00,-3.1520758,-4.105025
2018-09-17 17:00:00,0.9279551,-1.6711876
2018-09-17 17:30:00,1.2260666,0.70359373
2018-09-17 18:00:00,2.5091155,0.80866766
2018-09-17 18:30:00,4.2681518,1.7123089
2018-09-17 19:00:00,3.2995558,2.9284282
2018-09-17 19:30:00,3.720057,0.8760036
2018-09-17 20:00:00,3.8488827,2.2185497
2018-09-17 20:30:00,2.8987691,2.9108415
2018-09-17 21:00:00,4.3916903,2.0582778
2018-09-17 21:30:00,4.214592,3.6965804
2018-09-17 22:00:00,3.8344724,4.022328
2018-09-17 22:30:00,2.6586475,4.6345468
2018-09-17 23:00:00,3.938524,3.3501353
2018-09-17 23:30:00,3.2450876,1.856838
2018-09-18 00:00:00,3.808536,3.4753869
2018-09-18 00:30:00,3.5428581,1.5436479
2018-09-18 01:00:00,4.9641266,3.815479
2018-09-18 01:30:00,4.891923,4.3650594
2018-09-18 02:00:00,2.5707102,2.1257448
2018-09-18 02:30:00,4.4974985,3.2542675
2018-09-18 03:00:00,3.920837,3.9222002
2018-09-18 03:30:00,3.1359282,0.69525266
2018-09-18 04:00:00,4.0048985,-1.2499611
2018-09-18 04:30:00,3.3756871,4.580992
2018-09-18 05:00:00,3.0935063,3.1710622
2018-09-18 05:30:00,4.4073195,3.6163855
2018-09-18 06:00:00,4.167041,2.3257954
2018-09-18 06:30:00,3.315329,4.3932195
2018-09-18 07:00:00,1.6620003,0.56312376
2018-09-18 07:30:00,-0.6306156,0.4425823
2018-09-18 08:00:00,-2.923227,-1.2379674
2018-09-18 08:30:00,-10.930226,1.0640776
2018-09-18 09:00:00,-9.210453,-1.4046184
2018-09-18 09:30:00,-11.599662,-7.5414257
2018-09-18 10:00:00,-7.640614,-10.279618
2018-09-18 10:30:00,-4.299286,-3.3327348
2018-09-18 11:00:00,-4.785769,-7.802848
2018-09-18 11:30:00,-8.308359,-8.24108
2018-09-18 12:00:00,-18.37727,-11.047001
2018-09-18 12:30:00,-21.628714,-10.7121
2018-09-18 13:00:00,-17.618237,-11.751806
2018-09-18 13:30:00,-13.987182,-8.320401
2018-09-18 14:00:00,-16.42195,-10.301814
2018-09-18 14:30:00,-17.550365,-7.062524
2018-09-18 15:00:00,-9.324357,-3.8878162
2018-09-18 15:30:00,-9.556042,-3.67298
2018-09-18 16:00:00,-9.010766,-3.6641233
2018-09-18 16:30:00,-12.821745,-2.249942
2018-09-18 17:00:00,-2.4547112,-0.92689633
2018-09-18 17:30:00,-0.1450156,1.3404211
2018-09-18 18:00:00,1.4146256,-0.7335398
2018-09-18 18:30:00,2.154032,1.0471638
2018-09-18 19:00:00,2.8288465,-0.46153516
2018-09-18 19:30:00,3.5036652,-2.0387106
2018-09-18 20:00:00,2.6407988,-1.3259528
2018-09-18 20:30:00,2.4601746,-1.0767561
2018-09-18 21:00:00,-6.761686,0.6929675
2018-09-18 21:30:00,5.3647556,0.18871479
2018-09-18 22:00:00,1.8281446,-0.082219414
2018-09-18 22:30:00,-6.087894,1.3695863
2018-09-18 23:00:00,-14.00393,1.2459253
2018-09-18 23:30:00,-21.91997,1.3829829
2018-09-19 00:00:00,48.44938,1.8301982
2018-09-19 00:30:00,38.43981,0.70230913
2018-09-19 01:00:00,23.799015,0.5774639
2018-09-19 01:30:00,9.158223,1.6629397
2018-09-19 02:00:00,-5.4825654,1.6568357
2018-09-19 02:30:00,3.2142968,3.2891304
2018-09-19 03:00:00,10.626541,1.5314269
2018-09-19 03:30:00,18.03879,3.0975218
2018-09-19 04:00:00,25.451038,1.6645564
2018-09-19 04:30:00,16.164394,3.1231523
2018-09-19 05:00:00,10.414126,7.6524124
2018-09-19 05:30:00,6.3877892,3.2561288
2018-09-19 06:00:00,2.3614535,4.4877768
2018-09-19 06:30:00,2.1347413,5.800825
2018-09-19 07:00:00,1.9624931,5.876624
2018-09-19 07:30:00,-2.0444694,4.2691174
2018-09-19 08:00:00,-6.0514317,2.178203
2018-09-19 08:30:00,-7.4319606,-1.3646215
2018-09-19 09:00:00,-2.6446989,-1.6909721
2018-09-19 09:30:00,-6.5964503,-1.6861876
2018-09-19 10:00:00,-14.891382,-3.2480483
2018-09-19 10:30:00,-20.1435,-2.2898386
2018-09-19 11:00:00,-21.534616,-2.5826716
2018-09-19 11:30:00,-23.994886,-4.8793206
2018-09-19 12:00:00,-23.753712,-5.8117604
2018-09-19 12:30:00,-17.869402,-8.206352
2018-09-19 13:00:00,-14.043387,-4.7066226
2018-09-19 13:30:00,-23.558203,-7.214551
2018-09-19 14:00:00,-18.533405,-8.174928
2018-09-19 14:30:00,-23.777437,-9.165414
2018-09-19 15:00:00,-18.416286,-5.9283214
2018-09-19 15:30:00,-7.416904,-4.1764417
2018-09-19 16:00:00,-12.430235,-6.575727
2018-09-19 16:30:00,-1.7134042,-4.300221
2018-09-19 17:00:00,5.391256,-4.6505814
2018-09-19 17:30:00,2.5854654,-1.506625
2018-09-19 18:00:00,22.332823,-2.6926918
2018-09-19 18:30:00,42.08019,0.5991577
2018-09-19 19:00:00,61.82755,1.8023261
2018-09-19 19:30:00,47.385124,-1.5495058
2018-09-19 20:00:00,32.942696,-1.0058504
2018-09-19 20:30:00,18.50027,1.6740378
2018-09-19 21:00:00,4.0578465,1.5121406
2018-09-19 21:30:00,5.273847,1.0818127
2018-09-19 22:00:00,6.489853,1.8753815
2018-09-19 22:30:00,7.705854,1.3590301
2018-09-19 23:00:00,5.6501393,-0.25907728
2018-09-19 23:30:00,3.594421,0.15211281
2018-09-20 00:00:00,1.5387018,5.5221615
2018-09-20 00:30:00,-0.5170127,4.718434
2018-09-20 01:00:00,-2.5727315,6.3523846
2018-09-20 01:30:00,-4.628446,2.9755034
2018-09-20 02:00:00,-6.684165,2.4689918
2018-09-20 02:30:00,-8.739884,4.9961057
2018-09-20 03:00:00,-10.795598,4.056269
2018-09-20 03:30:00,-12.851316,2.763053
2018-09-20 04:00:00,-14.907034,10.62863
2018-09-20 04:30:00,-10.193088,7.236333
2018-09-20 05:00:00,-5.479144,6.3809996
2018-09-20 05:30:00,-0.7651957,6.0587034
2018-09-20 06:00:00,3.9487484,4.1603074
2018-09-20 06:30:00,-3.505123,4.2846546
2018-09-20 07:00:00,46.747925,5.040175
2018-09-20 07:30:00,37.417255,3.361561
2018-09-20 08:00:00,28.086582,2.4929051
2018-09-20 08:30:00,18.755907,-1.5190034
2018-09-20 09:00:00,9.425239,-4.0952463
2018-09-20 09:30:00,0.094572924,-3.040592
2018-09-20 10:00:00,-9.236096,-4.844344
2018-09-20 10:30:00,-5.961738,-10.920508
2018-09-20 11:00:00,-8.12049,-12.144877
2018-09-20 11:30:00,-12.392641,-13.594649
2018-09-20 12:00:00,-9.7192545,-15.061355
2018-09-20 12:30:00,-8.351445,-14.136286
2018-09-20 13:00:00,-15.275487,-11.835493
2018-09-20 13:30:00,-11.8484125,-13.354837
2018-09-20 14:00:00,-9.923242,-14.1283245
2018-09-20 14:30:00,-3.1844044,-13.980108
2018-09-20 15:00:00,-2.6061394,-12.41624
2018-09-20 15:30:00,-40.024334,-10.599458
2018-09-20 16:00:00,-28.424145,-8.620111
2018-09-20 16:30:00,-16.823952,-7.686357
2018-09-20 17:00:00,-5.2237606,-4.7003264
2018-09-20 17:30:00,6.3764334,-2.3804717
2018-09-20 18:00:00,17.976624,-2.0168333
2018-09-20 18:30:00,10.529193,2.4328356
2018-09-20 19:00:00,3.0817616,3.8823693
2018-09-20 19:30:00,2.3231387,5.6312857
2018-09-20 20:00:00,2.1163507,7.1471944
2018-09-20 20:30:00,26.489159,5.8630223
2018-09-20 21:00:00,-31.2065,5.5239615
2018-09-20 21:30:00,-20.057098,3.9247694
2018-09-20 22:00:00,-8.907693,3.725204
2018-09-20 22:30:00,2.241707,3.7942395
2018-09-20 23:00:00,3.073617,5.784776
2018-09-20 23:30:00,6.5356436,4.553863
2018-09-21 00:00:00,-8.284385,4.885483
2018-09-21 00:30:00,-2.2564435,3.6613505
2018-09-21 01:00:00,-4.2222414,2.1379004
2018-09-21 01:30:00,-6.188035,3.9946876
2018-09-21 02:00:00,-8.153832,3.8220637
2018-09-21 02:30:00,-10.11963,6.5684443
2018-09-21 03:00:00,-3.2615016,6.7325
2018-09-21 03:30:00,60.08334,6.84363
2018-09-21 04:00:00,13.628131,3.7851338
2018-09-21 04:30:00,4.783052,2.7488132
2018-09-21 05:00:00,13.076864,5.859121
2018-09-21 05:30:00,1.3051561,4.583421
2018-09-21 06:00:00,2.4598904,4.2300816
2018-09-21 06:30:00,2.4703245,2.2682204
2018-09-21 07:00:00,0.8025724,3.8762171
2018-09-21 07:30:00,-1.1299834,2.3440285
2018-09-21 08:00:00,-4.9296336,1.4224118
2018-09-21 08:30:00,-6.842475,0.4671686
2018-09-21 09:00:00,-9.238745,-1.2964903
2018-09-21 09:30:00,-12.364852,-3.9704318
2018-09-21 10:00:00,-9.1108675,-8.44806
2018-09-21 10:30:00,-15.86245,-9.71512
2018-09-21 11:00:00,-13.453513,-10.566374
2018-09-21 11:30:00,-14.208835,-13.618077
2018-09-21 12:00:00,-18.932917,-12.622639
2018-09-21 12:30:00,-18.046679,-13.295187
2018-09-21 13:00:00,-5.857778,-13.699483
2018-09-21 13:30:00,-12.230953,-14.600262
2018-09-21 14:00:00,-13.105914,-14.153593
2018-09-21 14:30:00,-17.393131,-10.875972
2018-09-21 15:00:00,-7.7705717,-9.7366705
2018-09-21 15:30:00,-10.488297,-9.987593
2018-09-21 16:00:00,-10.897102,-7.6580787
2018-09-21 16:30:00,-9.639946,-3.9722843
2018-09-21 17:00:00,-3.631681,-0.66183895
2018-09-21 17:30:00,-1.3261538,2.8401237
2018-09-21 18:00:00,-1.2655292,6.4246664
2018-09-21 18:30:00,-10.038762,7.0705953
2018-09-21 19:00:00,-7.981934,6.2016597
2018-09-21 19:30:00,-5.4420485,3.6512659
2018-09-21 20:00:00,-2.9021623,6.088472
2018-09-21 20:30:00,-47.892197,8.378737
2018-09-21 21:00:00,3.9192946,3.6022289
2018-09-21 21:30:00,5.438261,2.5067253
2018-09-21 22:00:00,7.4528775,2.3773668
2018-09-21 22:30:00,6.3310795,3.2400365
2018-09-21 23:00:00,5.2092857,2.5669744
2018-09-21 23:30:00,4.0874925,4.275597
2018-09-22 00:00:00,2.9656942,3.2727585
2018-09-22 00:30:00,1.8439004,2.826155
2018-09-22 01:00:00,0.7221023,0.019380914
2018-09-22 01:30:00,-0.3996915,1.0531411
2018-09-22 02:00:00,-1.5214852,-0.91429955
2018-09-22 02:30:00,-2.6432831,-0.1469381
2018-09-22 03:00:00,-3.7650769,2.9008882
2018-09-22 03:30:00,-4.886871,6.360887
2018-09-22 04:00:00,-6.008669,5.982406
2018-09-22 04:30:00,-7.1304626,5.074588
2018-09-22 05:00:00,5.2941036,3.441319
2018-09-22 05:30:00,-6.522766,4.2564983
2018-09-22 06:00:00,5.4783587,4.664276
2018-09-22 06:30:00,-11.180834,2.0480666
2018-09-22 07:00:00,-7.776872,3.0908103
2018-09-22 07:30:00,-4.372914,-1.8137593
2018-09-22 08:00:00,-0.9689513,-2.2204926
2018-09-22 08:30:00,-6.223182,-1.0538607
2018-09-22 09:00:00,-10.995963,-5.211688
2018-09-22 09:30:00,-13.121299,-6.967285
2018-09-22 10:00:00,-22.255127,-6.650932
2018-09-22 10:30:00,-20.813519,-7.0855985
2018-09-22 11:00:00,-22.163282,-6.5792704
2018-09-22 11:30:00,-21.62673,-10.252523
2018-09-22 12:00:00,-20.85918,-8.618617
2018-09-22 12:30:00,-19.110579,-10.73229
2018-09-22 13:00:00,-24.810286,-9.846638
2018-09-22 13:30:00,-24.979818,-11.263768
2018-09-22 14:00:00,-22.64404,-8.56598
2018-09-22 14:30:00,-27.988968,-11.062473
2018-09-22 15:00:00,-23.22778,-7.5938754
2018-09-22 15:30:00,-15.627525,-7.43165
2018-09-22 16:00:00,-11.013217,-6.010251
2018-09-22 16:30:00,-9.850378,-5.0554404
2018-09-22 17:00:00,-3.2072124,-1.3355653
2018-09-22 17:30:00,-4.593535,0.10038852
2018-09-22 18:00:00,2.17341,2.0044212
2018-09-22 18:30:00,4.5359836,1.329336
2018-09-22 19:00:00,6.8985567,1.1409081
2018-09-22 19:30:00,9.26113,1.8230412
2018-09-22 20:00:00,-26.758867,0.75201917
2018-09-22 20:30:00,-20.528172,-3.526607
2018-09-22 21:00:00,-18.449167,-1.424783
2018-09-22 21:30:00,-16.370157,-0.6335562
2018-09-22 22:00:00,-14.291153,5.3312955
2018-09-22 22:30:00,-12.212148,2.306732
2018-09-22 23:00:00,-10.13314,4.0618267
2018-09-22 23:30:00,-8.054137,3.5418708
2018-09-23 00:00:00,-5.97513,2.601527
2018-09-23 00:30:00,-3.8961222,1.9490923
2018-09-23 01:00:00,-1.8171194,3.4391956
2018-09-23 01:30:00,0.26188818,3.6297252
2018-09-23 02:00:00,2.3408957,1.9581412
2018-09-23 02:30:00,4.419899,2.9023695
2018-09-23 03:00:00,6.498906,2.6717556
2018-09-23 03:30:00,8.577913,0.6282925
2018-09-23 04:00:00,10.656918,0.76482135
2018-09-23 04:30:00,12.735925,1.0791125
2018-09-23 05:00:00,14.814932,3.8570008
2018-09-23 05:30:00,16.893936,0.9305024
2018-09-23 06:00:00,18.972942,5.55986
2018-09-23 06:30:00,21.051949,5.333777
2018-09-23 07:00:00,23.130953,2.3313138
2018-09-23 07:30:00,-10.864826,-1.3469387
2018-09-23 08:00:00,-9.93939,-0.7258585
2018-09-23 08:30:00,-20.628693,-0.5741375
2018-09-23 09:00:00,-13.451219,-4.0210156
2018-09-23 09:30:00,-19.433678,-6.524881
2018-09-23 10:00:00,-18.68742,-6.5210357
2018-09-23 10:30:00,-19.487068,-8.734606
2018-09-23 11:00:00,-22.770102,-10.610609
2018-09-23 11:30:00,-24.855576,-10.402156
2018-09-23 12:00:00,-25.685072,-9.989629
2018-09-23 12:30:00,-23.996834,-13.826753
2018-09-23 13:00:00,-24.867008,-12.273912
2018-09-23 13:30:00,-26.192513,-14.160562
2018-09-23 14:00:00,-21.767864,-12.841354
2018-09-23 14:30:00,-20.515343,-13.3094225
2018-09-23 15:00:00,-18.39268,-15.900338
2018-09-23 15:30:00,-15.582173,-11.371015
2018-09-23 16:00:00,-13.986317,-9.102736
2018-09-23 16:30:00,-9.806706,-7.3601418
2018-09-23 17:00:00,-5.6214843,-4.7631836
2018-09-23 17:30:00,-4.989258,-3.3481061
2018-09-23 18:00:00,-4.3570356,-2.0252092
2018-09-23 18:30:00,-3.7248092,-2.0539026
2018-09-23 19:00:00,-3.0925827,0.95445514
2018-09-23 19:30:00,-12.040599,-0.5945423
2018-09-23 20:00:00,-10.076085,2.1785965
2018-09-23 20:30:00,-24.586487,-2.9401758
2018-09-23 21:00:00,23.449614,-2.2120204
2018-09-23 21:30:00,10.955588,2.4446807
2018-09-23 22:00:00,-1.5384339,-0.13178086
2018-09-23 22:30:00,-7.7369885,0.40520695
2018-09-23 23:00:00,12.207265,-0.10823011
2018-09-23 23:30:00,-27.37057,0.0095062
2018-09-24 00:00:00,-16.54307,-0.34079275
2018-09-24 00:30:00,-5.715574,1.0440136
2018-09-24 01:00:00,-4.8831744,1.583859
2018-09-24 01:30:00,-5.503368,1.9094274
2018-09-24 02:00:00,-6.123561,5.9194393
2018-09-24 02:30:00,-6.7437544,4.828179
2018-09-24 03:00:00,3.8746617,9.068844
2018-09-24 03:30:00,0.005289784,4.4891267
2018-09-24 04:00:00,-3.8640776,6.24295
2018-09-24 04:30:00,-7.733445,4.9438004
2018-09-24 05:00:00,-11.602817,5.486656
2018-09-24 05:30:00,-15.472186,4.7482767
2018-09-24 06:00:00,-19.341555,5.4968452
2018-09-24 06:30:00,-23.210924,2.7320218
2018-09-24 07:00:00,-27.080294,3.228034
2018-09-24 07:30:00,-30.949663,0.628843
2018-09-24 08:00:00,-34.81903,-3.4418025
2018-09-24 08:30:00,-12.748585,-5.9401317
2018-09-24 09:00:00,-14.757522,-7.445912
2018-09-24 09:30:00,-17.206244,-11.026544
2018-09-24 10:00:00,-21.094666,-12.553944
2018-09-24 10:30:00,-23.204947,-13.660814
2018-09-24 11:00:00,-24.182528,-13.505969
2018-09-24 11:30:00,-32.334095,-16.58931
2018-09-24 12:00:00,-23.665861,-15.565883
2018-09-24 12:30:00,-28.536266,-15.216772
2018-09-24 13:00:00,-25.090643,-13.918273
2018-09-24 13:30:00,-25.33348,-15.488283
2018-09-24 14:00:00,-22.143677,-15.527825
2018-09-24 14:30:00,-18.358171,-14.855445
2018-09-24 15:00:00,-10.174125,-12.388381
2018-09-24 15:30:00,-8.628658,-11.684637
2018-09-24 16:00:00,-17.08607,-7.7098117
2018-09-24 16:30:00,-8.282689,-5.8331003
2018-09-24 17:00:00,-2.8563848,-4.485656
2018-09-24 17:30:00,-1.1086391,-4.657013
2018-09-24 18:00:00,4.388658,-4.6458626
2018-09-24 18:30:00,-2.711681,-4.115931
2018-09-24 19:00:00,-3.6849039,-2.9056184
2018-09-24 19:30:00,-1.8194656,-3.1172915
2018-09-24 20:00:00,6.493619,-6.021017
2018-09-24 20:30:00,0.8924848,-3.1704793
2018-09-24 21:00:00,3.2280734,1.3135628
2018-09-24 21:30:00,5.563657,2.2364945
2018-09-24 22:00:00,3.1315022,1.0972714
2018-09-24 22:30:00,4.0104127,-0.6559141
2018-09-24 23:00:00,2.9678135,1.3391321
2018-09-24 23:30:00,4.3946877,-0.64386785
2018-09-25 00:00:00,4.009906,-1.1466918
2018-09-25 00:30:00,3.6345053,-1.0354439
2018-09-25 01:00:00,4.1903553,1.5407685
2018-09-25 01:30:00,3.4774666,2.0431511
2018-09-25 02:00:00,3.5948534,2.1565487
2018-09-25 02:30:00,3.3678792,2.7595837
2018-09-25 03:00:00,3.8333933,5.2331033
2018-09-25 03:30:00,3.582331,4.8427725
2018-09-25 04:00:00,3.963001,6.3675547
2018-09-25 04:30:00,3.7357385,3.253909
2018-09-25 05:00:00,3.7973986,3.1113288
2018-09-25 05:30:00,3.617941,1.9191798
2018-09-25 06:00:00,3.339592,-0.60535645
2018-09-25 06:30:00,2.7365572,-2.8995233
2018-09-25 07:00:00,-1.6101654,-3.8678133
2018-09-25 07:30:00,-8.313554,-7.2704306
2018-09-25 08:00:00,-7.4850307,-10.718567
2018-09-25 08:30:00,-8.050275,-11.030494
2018-09-25 09:00:00,-8.822015,-12.401493
2018-09-25 09:30:00,-16.513016,-14.338137
2018-09-25 10:00:00,-18.846697,-17.220068
2018-09-25 10:30:00,-24.214672,-16.65225
2018-09-25 11:00:00,-20.08634,-17.217474
2018-09-25 11:30:00,-15.192031,-19.045944
2018-09-25 12:00:00,-15.442125,-17.15799
2018-09-25 12:30:00,-14.181052,-17.545603
2018-09-25 13:00:00,-9.414987,-16.314692
2018-09-25 13:30:00,-6.636063,-17.26826
2018-09-25 14:00:00,-7.014745,-16.1725
2018-09-25 14:30:00,-6.3995156,-13.141325
2018-09-25 15:00:00,-5.784286,-11.802985
2018-09-25 15:30:00,-25.58264,-10.498386
2018-09-25 16:00:00,-8.402921,-9.1872425
2018-09-25 16:30:00,8.776797,-6.201086
2018-09-25 17:00:00,11.646316,-4.1187096
2018-09-25 17:30:00,14.515833,-0.5477816
2018-09-25 18:00:00,14.53182,-0.35924885
2018-09-25 18:30:00,14.547808,-0.46613607
2018-09-25 19:00:00,12.299484,2.3997858
2018-09-25 19:30:00,10.051165,-2.5308075
2018-09-25 20:00:00,27.856369,1.614156
2018-09-25 20:30:00,45.661575,1.1829019
2018-09-25 21:00:00,10.789186,2.947234
2018-09-25 21:30:00,-24.083206,4.0810823
2018-09-25 22:00:00,3.1697338,4.023831
2018-09-25 22:30:00,3.8638957,3.3317752
2018-09-25 23:00:00,4.558062,2.5882049
2018-09-25 23:30:00,5.252228,3.6519737
2018-09-26 00:00:00,5.946394,3.7444727
2018-09-26 00:30:00,6.64056,5.0257864
2018-09-26 01:00:00,5.539189,4.239148
2018-09-26 01:30:00,4.4378133,4.7272034
2018-09-26 02:00:00,3.3364418,7.1403213
2018-09-26 02:30:00,-8.764348,6.393465
2018-09-26 03:00:00,2.3938565,6.283847
2018-09-26 03:30:00,3.8204818,5.705892
2018-09-26 04:00:00,3.3616922,6.161881
2018-09-26 04:30:00,3.5412896,4.189796
2018-09-26 05:00:00,2.1997964,3.6472025
2018-09-26 05:30:00,2.4999268,2.8387167
2018-09-26 06:00:00,3.6899564,1.6370776
2018-09-26 06:30:00,2.856312,-1.2476673
2018-09-26 07:00:00,2.3104415,-5.687964
2018-09-26 07:30:00,-0.62402666,-7.4475765
2018-09-26 08:00:00,-3.5584943,-9.687262
2018-09-26 08:30:00,-8.065541,-10.195473
2018-09-26 09:00:00,-8.704361,-10.157792
2018-09-26 09:30:00,-13.501545,-14.4611025
2018-09-26 10:00:00,-21.621326,-16.110573
2018-09-26 10:30:00,-28.22736,-18.58184
2018-09-26 11:00:00,-29.535593,-17.98571
2018-09-26 11:30:00,-34.14289,-18.884706
2018-09-26 12:00:00,-30.858126,-17.49139
2018-09-26 12:30:00,-28.772469,-15.966772
2018-09-26 13:00:00,-21.360325,-14.5070505
2018-09-26 13:30:00,-19.289267,-11.630282
2018-09-26 14:00:00,-11.974691,-11.386578
2018-09-26 14:30:00,-6.717481,-9.015773
2018-09-26 15:00:00,-2.6176484,-8.436669
2018-09-26 15:30:00,-13.006188,-8.502987
2018-09-26 16:00:00,-10.934521,-7.1268277
2018-09-26 16:30:00,-9.2368965,-2.328564
2018-09-26 17:00:00,-2.502158,2.4059596
2018-09-26 17:30:00,-2.4855194,2.068074
2018-09-26 18:00:00,0.48448867,2.5473473
2018-09-26 18:30:00,2.1346583,3.7750144
2018-09-26 19:00:00,2.7254329,3.7454078
2018-09-26 19:30:00,3.573566,4.5588307
2018-09-26 20:00:00,4.0778494,5.7227144
2018-09-26 20:30:00,3.988719,10.328256
2018-09-26 21:00:00,3.3513544,7.0623155
2018-09-26 21:30:00,0.6781074,2.9367912
2018-09-26 22:00:00,1.0405531,1.3865395
2018-09-26 22:30:00,2.7550178,3.0101786
2018-09-26 23:00:00,6.9029655,-0.2731684
2018-09-26 23:30:00,3.523074,0.5401192
2018-09-27 00:00:00,3.3803275,3.6315296
2018-09-27 00:30:00,2.1638062,3.9681482
2018-09-27 01:00:00,2.958603,4.1180167
2018-09-27 01:30:00,2.5444329,3.1679206
2018-09-27 02:00:00,2.7176292,3.1621792
2018-09-27 02:30:00,2.071482,2.703158
2018-09-27 03:00:00,-3.7308562,3.8795817
2018-09-27 03:30:00,-7.7951536,2.646186
2018-09-27 04:00:00,-1.4643561,2.6844354
2018-09-27 04:30:00,-9.30774,1.6904447
2018-09-27 05:00:00,11.315853,-0.16838284
2018-09-27 05:30:00,20.82068,-1.0739946
2018-09-27 06:00:00,-6.4511,-2.7234476
2018-09-27 06:30:00,-2.766468,-4.194404
2018-09-27 07:00:00,0.918159,-5.3257585
2018-09-27 07:30:00,-5.1840825,-7.501101
2018-09-27 08:00:00,-9.463687,-6.114639
2018-09-27 08:30:00,-9.844864,-7.995706
2018-09-27 09:00:00,-16.924047,-10.806657
2018-09-27 09:30:00,-17.151838,-13.36868
2018-09-27 10:00:00,-20.486599,-16.34289
2018-09-27 10:30:00,-22.39096,-17.79293
2018-09-27 11:00:00,-20.874298,-18.313065
2018-09-27 11:30:00,-23.074474,-18.225788
2018-09-27 12:00:00,-21.106466,-19.605505
2018-09-27 12:30:00,-19.094564,-19.765564
2018-09-27 13:00:00,-17.094164,-18.68165
2018-09-27 13:30:00,-20.321703,-15.777933
2018-09-27 14:00:00,-19.032648,-12.605861
2018-09-27 14:30:00,-22.595242,-10.739928
2018-09-27 15:00:00,-9.944891,-7.3767843
2018-09-27 15:30:00,-22.840158,-7.94313
2018-09-27 16:00:00,-8.072555,-6.941384
2018-09-27 16:30:00,-9.969193,-3.5586562
2018-09-27 17:00:00,-6.303368,-0.6267662
2018-09-27 17:30:00,-3.0744717,0.43216142
2018-09-27 18:00:00,0.15442856,0.8119534
2018-09-27 18:30:00,3.3833249,1.9331704
2018-09-27 19:00:00,3.9445624,2.8565087
2018-09-27 19:30:00,4.5058002,4.827816
2018-09-27 20:00:00,3.550024,5.409935
2018-09-27 20:30:00,2.7002044,3.9481409
2018-09-27 21:00:00,-7.9899344,4.9319115
2018-09-27 21:30:00,-7.740611,4.1208434
2018-09-27 22:00:00,-5.094231,5.138572
2018-09-27 22:30:00,-1.8638232,5.3912168
2018-09-27 23:00:00,1.3665847,5.952939
2018-09-27 23:30:00,4.5969925,5.760548
2018-09-28 00:00:00,7.8274,5.6910496
2018-09-28 00:30:00,11.057809,6.497674
2018-09-28 01:00:00,9.428581,7.488243
2018-09-28 01:30:00,7.7993536,6.8066387
2018-09-28 02:00:00,-15.911593,5.8331842
2018-09-28 02:30:00,-14.733915,6.248106
2018-09-28 03:00:00,-5.660179,5.37138
2018-09-28 03:30:00,-2.2028098,3.8075924
2018-09-28 04:00:00,1.2545635,4.4729033
2018-09-28 04:30:00,4.00042,2.7267394
2018-09-28 05:00:00,3.0024493,4.426514
2018-09-28 05:30:00,-4.43304,4.8825245
2018-09-28 06:00:00,-4.206459,2.1538572
2018-09-28 06:30:00,-3.979874,1.6917031
2018-09-28 07:00:00,-3.7532928,-0.53133976
2018-09-28 07:30:00,-3.526712,-1.7706689
2018-09-28 08:00:00,-7.739951,-3.2737489
2018-09-28 08:30:00,-5.695038,-7.0843577
2018-09-28 09:00:00,-18.697874,-8.805302
2018-09-28 09:30:00,-13.794977,-13.007831
2018-09-28 10:00:00,-18.584581,-15.264856
2018-09-28 10:30:00,-17.803524,-14.957945
2018-09-28 11:00:00,-19.436964,-16.199684
2018-09-28 11:30:00,-22.50214,-15.342264
2018-09-28 12:00:00,-21.576042,-14.663534
2018-09-28 12:30:00,-25.587265,-14.617044
2018-09-28 13:00:00,-21.076563,-13.5273
2018-09-28 13:30:00,-18.466064,-14.870694
2018-09-28 14:00:00,-21.665693,-13.292399
2018-09-28 14:30:00,-18.390034,-12.001274
2018-09-28 15:00:00,-14.212365,-11.948781
2018-09-28 15:30:00,-12.796875,-9.823672
2018-09-28 16:00:00,-10.503992,-5.694793
2018-09-28 16:30:00,-7.851824,-4.5074153
2018-09-28 17:00:00,-2.3313034,-1.699737
2018-09-28 17:30:00,-3.272604,0.37060612
2018-09-28 18:00:00,-4.213909,1.9040706
2018-09-28 18:30:00,-5.15521,3.500493
2018-09-28 19:00:00,-6.0965104,4.3912926
2018-09-28 19:30:00,-4.3399687,5.2012024
2018-09-28 20:00:00,-33.409824,6.6036916
2018-09-28 20:30:00,-19.522102,4.3916116
2018-09-28 21:00:00,-5.634378,2.6846101
2018-09-28 21:30:00,-30.016665,2.7533092
2018-09-28 22:00:00,-2.7101166,2.7535276
2018-09-28 22:30:00,13.806663,3.997248
2018-09-28 23:00:00,30.32344,3.3657293
2018-09-28 23:30:00,-6.713711,4.193012
2018-09-29 00:00:00,-25.445415,4.9204373
2018-09-29 00:30:00,-44.177116,4.941393
2018-09-29 01:00:00,18.165321,5.2284455
2018-09-29 01:30:00,16.195347,6.2995768
2018-09-29 02:00:00,14.225372,3.2366285
2018-09-29 02:30:00,12.255402,2.840661
2018-09-29 03:00:00,10.285427,3.1873467
2018-09-29 03:30:00,8.315452,3.3072152
2018-09-29 04:00:00,6.345481,4.761188
2018-09-29 04:30:00,4.3755064,4.4733667
2018-09-29 05:00:00,2.4055314,4.119865
2018-09-29 05:30:00,0.4355608,3.3909144
2018-09-29 06:00:00,-1.5344142,0.8471179
2018-09-29 06:30:00,-3.5043888,1.0925788
2018-09-29 07:00:00,-5.4743595,-0.70805347
2018-09-29 07:30:00,-7.4443345,-1.9674335
2018-09-29 08:00:00,-9.414309,-4.355987
2018-09-29 08:30:00,-11.384279,-5.9214525
2018-09-29 09:00:00,-15.303999,-9.288437
2018-09-29 09:30:00,-10.085763,-12.440629
2018-09-29 10:00:00,-15.115272,-14.334864
2018-09-29 10:30:00,-21.683052,-15.330025
2018-09-29 11:00:00,-21.738514,-16.542007
2018-09-29 11:30:00,-21.844196,-17.3422
2018-09-29 12:00:00,-21.591444,-16.549646
2018-09-29 12:30:00,-21.979593,-16.467503
2018-09-29 13:00:00,-21.801054,-15.658202
2018-09-29 13:30:00,-19.810661,-14.218023
2018-09-29 14:00:00,-23.223833,-13.697516
2018-09-29 14:30:00,-15.712819,-13.815663
2018-09-29 15:00:00,-14.124347,-12.715046
2018-09-29 15:30:00,-9.9117365,-10.198458
2018-09-29 16:00:00,-9.277099,-8.878873
2018-09-29 16:30:00,-5.1735525,-5.754312
2018-09-29 17:00:00,-2.1997864,-3.201541
2018-09-29 17:30:00,-6.961776,-1.3487214
2018-09-29 18:00:00,-1.2878653,-1.5366513
2018-09-29 18:30:00,4.370333,0.76851344
2018-09-29 19:00:00,-8.003274,0.4015804
2018-09-29 19:30:00,3.1778433,1.2045476
2018-09-29 20:00:00,14.358961,0.20382398
2018-09-29 20:30:00,16.855663,0.22714315
2018-09-29 21:00:00,19.352371,0.53592455
2018-09-29 21:30:00,-23.612871,-1.0104731
2018-09-29 22:00:00,-8.441715,0.70105076
2018-09-29 22:30:00,6.729437,4.2777643
2018-09-29 23:00:00,-23.631363,7.597149
2018-09-29 23:30:00,5.0441203,4.3273168
2018-09-30 00:00:00,6.4463296,3.408029
2018-09-30 00:30:00,7.8485394,0.6215462
2018-09-30 01:00:00,9.25075,5.0400176
2018-09-30 01:30:00,10.652959,5.5617127
2018-09-30 02:00:00,12.055168,5.8767686
2018-09-30 02:30:00,13.457377,5.923031
2018-09-30 03:00:00,14.859587,7.116731
2018-09-30 03:30:00,16.261797,5.4122157
2018-09-30 04:00:00,17.664005,6.4124937
2018-09-30 04:30:00,19.066214,5.852213
2018-09-30 05:00:00,20.468424,5.3665123
2018-09-30 05:30:00,21.870632,1.8331912
2018-09-30 06:00:00,23.272842,1.8727686
2018-09-30 06:30:00,24.67505,1.3489194
2018-09-30 07:00:00,26.077261,-4.5399714
2018-09-30 07:30:00,27.479471,-3.939357
2018-09-30 08:00:00,28.88168,-8.721472
2018-09-30 08:30:00,-9.603134,-9.169486
2018-09-30 09:00:00,-7.553341,-10.89746
2018-09-30 09:30:00,-11.693315,-12.633073
2018-09-30 10:00:00,-16.41146,-13.434552
2018-09-30 10:30:00,-14.727631,-15.291899
2018-09-30 11:00:00,-16.035616,-15.766263
2018-09-30 11:30:00,-19.794134,-15.330598
2018-09-30 12:00:00,-19.551182,-16.726719
2018-09-30 12:30:00,-17.670946,-16.715073
2018-09-30 13:00:00,-18.229124,-16.2499
2018-09-30 13:30:00,-20.075586,-17.886288
2018-09-30 14:00:00,-18.732529,-16.3174
2018-09-30 14:30:00,-15.323473,-13.436981
2018-09-30 15:00:00,-14.22766,-13.006765
2018-09-30 15:30:00,-11.259853,-10.447082
2018-09-30 16:00:00,-7.4287143,-9.517338
2018-09-30 16:30:00,-5.3416324,-5.6665497
2018-09-30 17:00:00,-2.7465396,-3.0326529
2018-09-30 17:30:00,0.7527751,-6.5750585
2018-09-30 18:00:00,1.846321,-3.9514513
2018-09-30 18:30:00,1.2397295,-1.0705036
2018-09-30 19:00:00,1.3083588,-0.743301
2018-09-30 19:30:00,1.3769925,-0.012441007
2018-09-30 20:00:00,3.883208,1.2444266
2018-09-30 20:30:00,1.2942983,2.491756
2018-09-30 21:00:00,-1.2946115,4.053346
2018-09-30 21:30:00,11.528942,1.0463206
2018-09-30 22:00:00,16.920784,2.0484731
2018-09-30 22:30:00,9.264669,3.7080412
2018-09-30 23:00:00,1.6085545,3.3354194
2018-09-30 23:30:00,-0.7725887,2.7754312
2018-10-01 00:00:00,-2.6496537,5.1961517
2018-10-01 00:30:00,-4.5267234,7.587781
2018-10-01 01:00:00,-6.4037933,7.492311
2018-10-01 01:30:00,-14.76536,7.903296
2018-10-01 02:00:00,-1.1533988,7.6587744
2018-10-01 02:30:00,-4.683513,9.581386
2018-10-01 03:00:00,5.804766,7.919314
2018-10-01 03:30:00,5.8398256,9.478527
2018-10-01 04:00:00,8.374757,8.944628
2018-10-01 04:30:00,10.909693,7.4893136
2018-10-01 05:00:00,4.4980445,6.840134
2018-10-01 05:30:00,-1.9136032,6.5408516
2018-10-01 06:00:00,-0.9135174,7.1715884
2018-10-01 06:30:00,0.08657266,5.5378165
2018-10-01 07:00:00,1.0866628,5.5861416
2018-10-01 07:30:00,-5.3779545,3.4862533
2018-10-01 08:00:00,-11.8425665,1.5149894
2018-10-01 08:30:00,-6.1053886,-5.5125737
2018-10-01 09:00:00,-8.504167,-7.100105
2018-10-01 09:30:00,-10.907383,-10.645891
2018-10-01 10:00:00,-9.474676,-11.47257
2018-10-01 10:30:00,-19.042543,-17.508192
2018-10-01 11:00:00,-17.632582,-14.613138
2018-10-01 11:30:00,-18.336723,-16.14825
2018-10-01 12:00:00,-20.951242,-17.405539
2018-10-01 12:30:00,-19.843307,-18.552011
2018-10-01 13:00:00,-16.995197,-16.326878
2018-10-01 13:30:00,-14.149682,-17.404629
2018-10-01 14:00:00,-9.990018,-14.518044
2018-10-01 14:30:00,-15.759053,-12.127111
2018-10-01 15:00:00,-9.509867,-10.6803
2018-10-01 15:30:00,-7.161101,-9.162155
2018-10-01 16:00:00,-6.160626,-9.0866785
2018-10-01 16:30:00,-4.378533,-6.5619373
2018-10-01 17:00:00,-1.1707013,-4.110858
2018-10-01 17:30:00,-3.7352693,-3.2320347
2018-10-01 18:00:00,-6.2998376,-2.529842
2018-10-01 18:30:00,-4.7932143,-0.21474594
2018-10-01 19:00:00,-3.2865858,-1.3537112
2018-10-01 19:30:00,-4.7513604,-0.3710854
2018-10-01 20:00:00,-4.5202346,2.2532248
2018-10-01 20:30:00,-4.2891054,1.4530584
2018-10-01 21:00:00,-4.05798,0.40193868
2018-10-01 21:30:00,-9.328945,4.4642215
2018-10-01 22:00:00,-14.599908,3.9164414
2018-10-01 22:30:00,5.884891,6.152356
2018-10-01 23:00:00,-7.639006,2.236949
2018-10-01 23:30:00,-5.482128,1.7224108
2018-10-02 00:00:00,-3.3252501,0.6139479
2018-10-02 00:30:00,-1.1683724,5.174305
2018-10-02 01:00:00,0.9885054,4.044581
2018-10-02 01:30:00,6.122684,2.910422
2018-10-02 02:00:00,2.3113983,4.983793
2018-10-02 02:30:00,-14.975496,4.353013
2018-10-02 03:00:00,-32.262394,5.929568
2018-10-02 03:30:00,-49.54929,6.173495
2018-10-02 04:00:00,-45.659004,7.4565
2018-10-02 04:30:00,-41.768723,8.022295
2018-10-02 05:00:00,-37.878437,6.1586914
2018-10-02 05:30:00,-33.988155,4.035838
2018-10-02 06:00:00,-30.097874,3.7610676
2018-10-02 06:30:00,-26.20759,2.182896
2018-10-02 07:00:00,-22.317307,2.9099066
2018-10-02 07:30:00,-18.427025,-1.3621615
2018-10-02 08:00:00,-14.53674,-2.8467374
2018-10-02 08:30:00,-10.646455,-4.0745883
2018-10-02 09:00:00,-6.7561717,-6.6778774
2018-10-02 09:30:00,-10.720358,-8.299621
2018-10-02 10:00:00,-13.774493,-10.131021
2018-10-02 10:30:00,-18.581858,-12.518888
2018-10-02 11:00:00,-19.236893,-13.555285
2018-10-02 11:30:00,-19.049952,-13.367517
2018-10-02 12:00:00,-16.854473,-15.214041
2018-10-02 12:30:00,-14.38815,-14.598344
2018-10-02 13:00:00,-16.255667,-14.824571
2018-10-02 13:30:00,-13.584534,-13.456285
2018-10-02 14:00:00,-14.287013,-11.469412
2018-10-02 14:30:00,-10.405787,-11.822681
2018-10-02 15:00:00,-6.978781,-9.237303
2018-10-02 15:30:00,-9.171666,-7.9330544
2018-10-02 16:00:00,-5.098867,-5.2021146
2018-10-02 16:30:00,-1.8728634,-4.0740943
2018-10-02 17:00:00,-1.7112327,-3.5350878
2018-10-02 17:30:00,-0.46389022,-1.4007341
2018-10-02 18:00:00,-2.0382648,0.6151932
2018-10-02 18:30:00,2.2704093,0.5493559
2018-10-02 19:00:00,-0.830797,2.999622
2018-10-02 19:30:00,-3.9320033,3.3628457
2018-10-02 20:00:00,-9.147867,2.8253205
2018-10-02 20:30:00,-14.363726,3.170446
2018-10-02 21:00:00,-12.781726,0.88476855
2018-10-02 21:30:00,-10.158762,1.3068033
2018-10-02 22:00:00,-7.535798,1.7250062
2018-10-02 22:30:00,-16.605392,1.4437953
2018-10-02 23:00:00,35.711277,2.710979
2018-10-02 23:30:00,-2.6515281,0.9747551
2018-10-03 00:00:00,-12.455516,0.87956464
2018-10-03 00:30:00,-12.11541,2.494015
2018-10-03 01:00:00,-11.775301,2.939072
2018-10-03 01:30:00,-11.435195,3.7259076
2018-10-03 02:00:00,-11.095086,4.1898923
2018-10-03 02:30:00,-10.754976,3.0501144
2018-10-03 03:00:00,-10.414871,1.545304
2018-10-03 03:30:00,-10.074761,-0.68013334
2018-10-03 04:00:00,-9.734652,-3.3035958
2018-10-03 04:30:00,-9.3945465,-4.24494
2018-10-03 05:00:00,-9.054438,-4.633943
2018-10-03 05:30:00,-8.714328,-5.4467106
2018-10-03 06:00:00,-8.374223,-6.6144085
2018-10-03 06:30:00,-8.034113,-6.695355
2018-10-03 07:00:00,-7.6940074,-5.9063478
2018-10-03 07:30:00,-7.353898,-7.5011272
2018-10-03 08:00:00,-7.013788,-10.587006
2018-10-03 08:30:00,-6.673683,-9.479727
2018-10-03 09:00:00,-8.595731,-9.125929
2018-10-03 09:30:00,-10.517782,-11.158437
2018-10-03 10:00:00,-12.43983,-11.403238
2018-10-03 10:30:00,-17.690321,-9.3735695
2018-10-03 11:00:00,-17.921917,-8.578638
2018-10-03 11:30:00,-22.060139,-10.016815
2018-10-03 12:00:00,-16.802261,-10.680422
2018-10-03 12:30:00,-17.174349,-10.891732
2018-10-03 13:00:00,-18.49497,-10.707564
2018-10-03 13:30:00,-17.526854,-9.892201
2018-10-03 14:00:00,-19.066362,-7.1979737
2018-10-03 14:30:00,-11.092626,-6.0447335
2018-10-03 15:00:00,-8.233788,-4.5515413
2018-10-03 15:30:00,-6.728435,-3.6349797
2018-10-03 16:00:00,-7.260302,-2.084995
2018-10-03 16:30:00,-4.2922077,-1.108897
2018-10-03 17:00:00,-3.56185,1.5279576
2018-10-03 17:30:00,-2.831497,3.1111453
2018-10-03 18:00:00,-2.1011398,3.64857
2018-10-03 18:30:00,-1.1624433,5.4399567
2018-10-03 19:00:00,-7.97209,4.1780252
2018-10-03 19:30:00,-9.953106,3.7699242
2018-10-03 20:00:00,3.7422445,2.5724142
2018-10-03 20:30:00,17.4376,2.1232848
2018-10-03 21:00:00,-9.429492,1.5990031
2018-10-03 21:30:00,6.5365653,2.8892395
2018-10-03 22:00:00,5.7606096,2.3598893
2018-10-03 22:30:00,4.984658,1.251671
2018-10-03 23:00:00,2.1116886,6.999078
2018-10-03 23:30:00,-23.70452,3.0891063
2018-10-04 00:00:00,3.729189,2.419142
2018-10-04 00:30:00,-17.534729,-0.8237362
2018-10-04 01:00:00,-10.5388775,0.5238477
2018-10-04 01:30:00,-3.543027,0.010415023
2018-10-04 02:00:00,-3.0381494,-2.3556275
2018-10-04 02:30:00,-2.5332675,-3.5348082
2018-10-04 03:00:00,-3.5393786,-3.1944058
2018-10-04 03:30:00,-4.54549,-4.311559
2018-10-04 04:00:00,-15.441828,-3.4342608
2018-10-04 04:30:00,-2.8533132,-4.116949
2018-10-04 05:00:00,20.995293,-7.513016
2018-10-04 05:30:00,24.276148,-7.825407
2018-10-04 06:00:00,-10.314713,-8.869295
2018-10-04 06:30:00,24.419436,-5.52819
2018-10-04 07:00:00,-20.18976,-5.7519093
2018-10-04 07:30:00,1.6835237,-6.7942243
2018-10-04 08:00:00,23.556807,-6.466052
2018-10-04 08:30:00,-5.742235,-6.6290503
2018-10-04 09:00:00,-8.797437,-8.07629
2018-10-04 09:30:00,-9.982647,-7.110233
2018-10-04 10:00:00,-14.9566145,-8.066262
2018-10-04 10:30:00,-14.680263,-8.031378
2018-10-04 11:00:00,-17.0034,-8.53376
2018-10-04 11:30:00,-16.97232,-10.595797
2018-10-04 12:00:00,-16.133144,-11.117745
2018-10-04 12:30:00,-16.651806,-9.534921
2018-10-04 13:00:00,-17.279106,-10.200494
2018-10-04 13:30:00,-15.025687,-8.827516
2018-10-04 14:00:00,-15.536686,-7.9160795
2018-10-04 14:30:00,-15.553091,-6.069071
2018-10-04 15:00:00,-10.945759,-4.512571
2018-10-04 15:30:00,-8.913692,-5.222961
2018-10-04 16:00:00,-6.16829,-3.0528872
2018-10-04 16:30:00,-2.89494,-1.1914295
2018-10-04 17:00:00,-1.2003342,-2.2015429
2018-10-04 17:30:00,1.8217347,-0.019161057
2018-10-04 18:00:00,1.2114686,-0.5399823
2018-10-04 18:30:00,3.2201211,-0.5609639
2018-10-04 19:00:00,5.228773,-0.43555504
2018-10-04 19:30:00,8.432432,-2.6088529
2018-10-04 20:00:00,-6.6977406,-1.6638122
2018-10-04 20:30:00,-7.7155704,-0.82211953
2018-10-04 21:00:00,-8.733404,-0.66957706
2018-10-04 21:30:00,-9.751233,-1.3275039
2018-10-04 22:00:00,-22.742016,1.5914266
2018-10-04 22:30:00,-35.73279,0.33790597
2018-10-04 23:00:00,-22.843428,1.1230156
2018-10-04 23:30:00,-9.954059,-0.44200855
2018-10-05 00:00:00,2.93531,0.23422149
2018-10-05 00:30:00,-1.0345613,0.07509877
2018-10-05 01:00:00,-23.94946,-2.088674
2018-10-05 01:30:00,22.793447,-1.9605211
2018-10-05 02:00:00,-0.81006014,-6.372666
2018-10-05 02:30:00,-1.0862725,-5.198488
2018-10-05 03:00:00,-1.3624805,-7.701462
2018-10-05 03:30:00,-1.6386929,-7.148884
2018-10-05 04:00:00,-1.9149008,-5.3481646
2018-10-05 04:30:00,-2.191109,-7.4779654
2018-10-05 05:00:00,-2.4673212,-3.904756
2018-10-05 05:30:00,-2.743529,-1.2809616
2018-10-05 06:00:00,-3.0197413,-3.090778
2018-10-05 06:30:00,-3.2959495,-0.9936337
2018-10-05 07:00:00,-3.5721617,-4.1600523
2018-10-05 07:30:00,-3.8483698,-2.1768866
2018-10-05 08:00:00,-4.1245775,-2.6386168
2018-10-05 08:30:00,-5.5889587,-3.4038591
2018-10-05 09:00:00,-9.738483,-5.9882116
2018-10-05 09:30:00,-10.453273,-7.5321016
2018-10-05 10:00:00,-12.65834,-7.8872113
2018-10-05 10:30:00,-15.453003,-9.537634
2018-10-05 11:00:00,-17.524971,-11.154277
2018-10-05 11:30:00,-15.509883,-11.278296
2018-10-05 12:00:00,-17.989727,-10.8229065
2018-10-05 12:30:00,-15.653588,-12.136864
2018-10-05 13:00:00,-15.535611,-11.34614
2018-10-05 13:30:00,-15.358144,-11.158997
2018-10-05 14:00:00,-14.491075,-9.585683
2018-10-05 14:30:00,-11.785918,-7.5565786
2018-10-05 15:00:00,-8.925227,-7.7036552
2018-10-05 15:30:00,-7.3986487,-5.544055
2018-10-05 16:00:00,-4.745095,-5.342515
2018-10-05 16:30:00,-1.8242457,-4.8483815
2018-10-05 17:00:00,-3.983754,-2.0758543
2018-10-05 17:30:00,-6.143258,-1.2079892
2018-10-05 18:00:00,-8.302766,-1.2304739
2018-10-05 18:30:00,1.51114,0.66253066
2018-10-05 19:00:00,-6.902169,-1.082257
2018-10-05 19:30:00,-4.726809,0.7774968
2018-10-05 20:00:00,-1.5990891,-0.35750985
2018-10-05 20:30:00,1.5286348,-0.5759726
2018-10-05 21:00:00,4.6563544,-0.3089708
2018-10-05 21:30:00,14.043363,-2.1089432
2018-10-05 22:00:00,23.43037,-1.4469923
2018-10-05 22:30:00,-7.6835256,-3.7686555
2018-10-05 23:00:00,-14.843127,-6.5431576
2018-10-05 23:30:00,1.1033754,-6.2241826
2018-10-06 00:00:00,-1.6272146,-4.0866213
2018-10-06 00:30:00,0.7487334,-4.2984643
2018-10-06 01:00:00,1.1151421,-5.307285
2018-10-06 01:30:00,1.4815464,0.8377413
2018-10-06 02:00:00,-10.762548,-2.2503352
2018-10-06 02:30:00,-4.062402,3.2318528
2018-10-06 03:00:00,-1.7034771,-1.7363083
2018-10-06 03:30:00,3.403332,2.8582127
2018-10-06 04:00:00,2.2333136,2.0312316
2018-10-06 04:30:00,3.6649377,2.72902
2018-10-06 05:00:00,-7.6500387,2.4355707
2018-10-06 05:30:00,-10.336883,1.2360375
2018-10-06 06:00:00,-9.363323,-1.2385659
2018-10-06 06:30:00,-8.38976,0.92630786
2018-10-06 07:00:00,-7.4162,0.3063462
2018-10-06 07:30:00,-6.4426365,-1.2553442
2018-10-06 08:00:00,-5.469077,-0.5304878
2018-10-06 08:30:00,-4.495513,-3.281526
2018-10-06 09:00:00,-6.664442,-5.0166407
2018-10-06 09:30:00,-11.254505,-7.9634476
2018-10-06 10:00:00,-9.013064,-7.549448
2018-10-06 10:30:00,-21.067085,-8.991829
2018-10-06 11:00:00,-15.730914,-11.1595335
2018-10-06 11:30:00,-18.624702,-10.778138
2018-10-06 12:00:00,-17.610588,-11.7344475
2018-10-06 12:30:00,-16.119476,-11.644933
2018-10-06 13:00:00,-15.81329,-10.648215
2018-10-06 13:30:00,-13.883397,-9.389176
2018-10-06 14:00:00,-14.562168,-9.790789
2018-10-06 14:30:00,-9.721959,-9.130276
2018-10-06 15:00:00,-8.2005415,-6.9467235
2018-10-06 15:30:00,-8.799604,-4.87382
2018-10-06 16:00:00,-5.9849305,-5.607948
2018-10-06 16:30:00,-5.6016297,-1.7839779
2018-10-06 17:00:00,-0.50736517,-4.205725
2018-10-06 17:30:00,1.9289584,-1.1139085
2018-10-06 18:00:00,-7.7009244,-1.9542599
2018-10-06 18:30:00,-35.50773,-1.1355981
2018-10-06 19:00:00,-36.747166,-1.9135289
2018-10-06 19:30:00,32.683907,-0.28701052
2018-10-06 20:00:00,2.9160454,0.314613
2018-10-06 20:30:00,1.0642437,-0.4755258
2018-10-06 21:00:00,-0.7875624,0.044146348
2018-10-06 21:30:00,-21.680174,1.0545831
2018-10-06 22:00:00,-42.57278,2.3447452
2018-10-06 22:30:00,-11.3637085,-1.617471
2018-10-06 23:00:00,-6.3024726,-1.9078531
2018-10-06 23:30:00,-1.2412312,0.66609603
2018-10-07 00:00:00,3.8200057,0.4155754
2018-10-07 00:30:00,6.711807,3.037238
2018-10-07 01:00:00,9.603608,-0.28870144
2018-10-07 01:30:00,5.3808613,4.486055
2018-10-07 02:00:00,1.158119,1.6852976
2018-10-07 02:30:00,-1.4927087,0.17465861
2018-10-07 03:00:00,-4.143541,3.5985892
2018-10-07 03:30:00,-6.7943687,2.77648
2018-10-07 04:00:00,-9.445196,4.438342
2018-10-07 04:30:00,-12.096024,5.3817306
2018-10-07 05:00:00,-14.746854,4.6965566
2018-10-07 05:30:00,-17.397684,0.46059275
2018-10-07 06:00:00,-20.048512,-0.1174669
2018-10-07 06:30:00,-22.699343,-1.3268223
2018-10-07 07:00:00,-25.35017,-2.620768
2018-10-07 07:30:00,-28.001,-0.68314385
2018-10-07 08:00:00,-30.651827,-4.3085837
2018-10-07 08:30:00,-33.302654,-4.674796
2018-10-07 09:00:00,-8.256193,-6.590268
2018-10-07 09:30:00,-11.47265,-9.144135
2018-10-07 10:00:00,-11.084481,-8.826121
2018-10-07 10:30:00,-13.467141,-11.357072
2018-10-07 11:00:00,-12.9467125,-12.311271
2018-10-07 11:30:00,-14.812354,-11.8487015
2018-10-07 12:00:00,-13.595453,-12.393291
2018-10-07 12:30:00,-17.189245,-11.969597
2018-10-07 13:00:00,-15.308712,-11.531422
2018-10-07 13:30:00,-14.936252,-10.095149
2018-10-07 14:00:00,-12.980544,-12.008217
2018-10-07 14:30:00,-10.356898,-9.494093
2018-10-07 15:00:00,-5.9159036,-7.088172
2018-10-07 15:30:00,-5.712751,-5.594901
2018-10-07 16:00:00,-5.6933208,-5.635868
2018-10-07 16:30:00,-1.290347,-3.891635
2018-10-07 17:00:00,-0.37669125,-2.5093453
2018-10-07 17:30:00,4.106263,-1.0608298
2018-10-07 18:00:00,8.589212,-0.65039563
2018-10-07 18:30:00,3.4758236,-1.1866713
2018-10-07 19:00:00,7.081698,-1.5661312
2018-10-07 19:30:00,10.6875725,2.6755874
2018-10-07 20:00:00,-22.218697,2.9419556
2018-10-07 20:30:00,-3.5564802,1.6779134
2018-10-07 21:00:00,15.105738,0.14510874
2018-10-07 21:30:00,8.154493,-0.21292391
2018-10-07 22:00:00,1.2032499,-3.5175407
2018-10-07 22:30:00,-5.747994,-3.287154
2018-10-07 23:00:00,-8.497486,-1.3664522
2018-10-07 23:30:00,-9.725756,2.1644354
2018-10-08 00:00:00,-5.133538,3.8651497
2018-10-08 00:30:00,-4.985675,3.6583967
2018-10-08 01:00:00,-4.837812,6.1126957
2018-10-08 01:30:00,6.601756,2.8663354
2018-10-08 02:00:00,5.671938,3.618697
2018-10-08 02:30:00,4.913822,3.094747
2018-10-08 03:00:00,4.155711,3.4880624
2018-10-08 03:30:00,3.3975995,1.4523156
2018-10-08 04:00:00,7.855561,-0.41816944
2018-10-08 04:30:00,5.9081883,-1.1361791
2018-10-08 05:00:00,4.863653,-2.7119386
2018-10-08 05:30:00,4.393316,-5.6684504
2018-10-08 06:00:00,5.753959,-4.6613474
2018-10-08 06:30:00,14.4353895,-7.1039147
2018-10-08 07:00:00,4.5084696,-9.885551
2018-10-08 07:30:00,1.6121811,-10.876701
2018-10-08 08:00:00,-2.597737,-12.789823
2018-10-08 08:30:00,-6.1948514,-13.89463
2018-10-08 09:00:00,-5.0695357,-11.162483
2018-10-08 09:30:00,-8.090054,-12.010205
2018-10-08 10:00:00,-8.018169,-12.121247
2018-10-08 10:30:00,-10.824628,-13.943012
2018-10-08 11:00:00,-14.640575,-11.953789
2018-10-08 11:30:00,-17.86704,-11.375322
2018-10-08 12:00:00,-19.35253,-14.279574
2018-10-08 12:30:00,-18.330317,-10.923663
2018-10-08 13:00:00,-14.439354,-10.132401
2018-10-08 13:30:00,-12.434302,-9.594125
2018-10-08 14:00:00,-10.015722,-6.539116
2018-10-08 14:30:00,-8.952487,-5.3376646
2018-10-08 15:00:00,-6.7520866,-4.859724
2018-10-08 15:30:00,-2.5180054,-3.1513941
2018-10-08 16:00:00,-1.6869216,-2.2247353
2018-10-08 16:30:00,-2.1173499,-1.9689409
2018-10-08 17:00:00,0.98420167,0.4970112
2018-10-08 17:30:00,1.05166,0.6942433
2018-10-08 18:00:00,-4.885215,0.41135025
2018-10-08 18:30:00,-10.822084,2.968364
2018-10-08 19:00:00,-7.0233965,2.3677979
2018-10-08 19:30:00,-34.15468,6.158534
2018-10-08 20:00:00,-18.792519,4.657818
2018-10-08 20:30:00,-3.4303591,2.4848568
2018-10-08 21:00:00,13.359797,5.32122
2018-10-08 21:30:00,4.8633084,5.2124186
2018-10-08 22:00:00,3.8937252,4.4432135
2018-10-08 22:30:00,2.3963776,2.4840922
2018-10-08 23:00:00,2.047599,5.8187656
2018-10-08 23:30:00,5.836378,1.6279413
2018-10-09 00:00:00,5.2264442,1.5882108
2018-10-09 00:30:00,4.616506,3.0569043
2018-10-09 01:00:00,2.0593657,2.210047
2018-10-09 01:30:00,2.7205305,2.5740047
2018-10-09 02:00:00,3.381695,4.06378
2018-10-09 02:30:00,11.243405,4.2064214
2018-10-09 03:00:00,-2.130091,3.220593
2018-10-09 03:30:00,0.55032593,2.972506
2018-10-09 04:00:00,3.2307472,1.9342103
2018-10-09 04:30:00,5.911168,-0.7465299
2018-10-09 05:00:00,8.59159,-3.4765606
2018-10-09 05:30:00,11.272012,-3.160587
2018-10-09 06:00:00,0.89463013,-4.6379013
2018-10-09 06:30:00,3.588793,-4.687135
2018-10-09 07:00:00,2.8522618,-4.8745713
2018-10-09 07:30:00,2.997844,-4.953429
2018-10-09 08:00:00,3.143426,-7.9359336
2018-10-09 08:30:00,-1.4719107,-7.0355697
2018-10-09 09:00:00,-4.5631723,-8.249618
2018-10-09 09:30:00,-5.9639664,-9.257471
2018-10-09 10:00:00,-8.786278,-11.621382
2018-10-09 10:30:00,-8.793544,-10.048331
2018-10-09 11:00:00,-7.6540847,-10.870383
2018-10-09 11:30:00,-11.810837,-10.765637
2018-10-09 12:00:00,-14.290338,-10.441708
2018-10-09 12:30:00,-15.513018,-10.034634
2018-10-09 13:00:00,-14.085853,-9.473448
2018-10-09 13:30:00,-11.629238,-9.7639
2018-10-09 14:00:00,-10.833349,-7.1081705
2018-10-09 14:30:00,-11.626765,-4.6697583
2018-10-09 15:00:00,-8.351606,-3.5721748
2018-10-09 15:30:00,-5.505356,-2.538585
2018-10-09 16:00:00,-3.7849443,-0.43609247
2018-10-09 16:30:00,-1.3118923,-0.4251298
2018-10-09 17:00:00,1.1680155,0.025436824
2018-10-09 17:30:00,1.7714436,0.6095218
2018-10-09 18:00:00,2.4788928,-0.99591887
2018-10-09 18:30:00,5.168533,0.4078242
2018-10-09 19:00:00,5.491764,3.104316
2018-10-09 19:30:00,5.9478927,-1.2523075
2018-10-09 20:00:00,5.8331275,-2.7968526
2018-10-09 20:30:00,6.1551,-3.2494464
2018-10-09 21:00:00,5.541273,0.8936383
2018-10-09 21:30:00,7.151118,-1.6902249
2018-10-09 22:00:00,7.098061,0.8624849
2018-10-09 22:30:00,4.706418,-0.37815937
2018-10-09 23:00:00,4.7877536,0.9743051
2018-10-09 23:30:00,4.4492564,1.5256375
2018-10-10 00:00:00,4.014092,2.0127275
2018-10-10 00:30:00,4.3553376,3.4759243
2018-10-10 01:00:00,3.494944,3.123764
2018-10-10 01:30:00,2.11355,3.0474052
2018-10-10 02:00:00,2.8490503,3.0588837
2018-10-10 02:30:00,2.0894444,3.491855
2018-10-10 03:00:00,0.87800044,0.80944103
2018-10-10 03:30:00,-0.33344787,1.2906717
2018-10-10 04:00:00,-1.5448961,0.4501544
2018-10-10 04:30:00,7.557541,0.83168536
2018-10-10 05:00:00,7.6320643,0.7102701
2018-10-10 05:30:00,7.706588,2.1851723
2018-10-10 06:00:00,30.846014,-1.6180302
2018-10-10 06:30:00,6.741182,-2.2008963
2018-10-10 07:00:00,9.1897135,-3.1290011
2018-10-10 07:30:00,5.1488667,-2.3971188
2018-10-10 08:00:00,1.1080201,-2.4071684
2018-10-10 08:30:00,-2.9328265,-1.699903
2018-10-10 09:00:00,-6.9736733,-2.3830059
2018-10-10 09:30:00,-8.98074,-4.1153626
2018-10-10 10:00:00,-13.46671,-5.3240237
2018-10-10 10:30:00,-12.534823,-6.5459757
2018-10-10 11:00:00,-16.668697,-8.559627
2018-10-10 11:30:00,-16.8296,-9.482352
2018-10-10 12:00:00,-19.24539,-9.465623
2018-10-10 12:30:00,-11.79221,-9.200093
2018-10-10 13:00:00,-11.069587,-9.101911
2018-10-10 13:30:00,-15.235584,-7.9613853
2018-10-10 14:00:00,-14.91516,-7.8557477
2018-10-10 14:30:00,-13.81413,-6.1513367
2018-10-10 15:00:00,-13.6383705,-5.067447
2018-10-10 15:30:00,-8.611053,-5.1518583
2018-10-10 16:00:00,-7.2919583,-3.6404545
2018-10-10 16:30:00,-4.298124,-2.964076
2018-10-10 17:00:00,-1.8880424,-1.52173
2018-10-10 17:30:00,-9.077534,-0.21045087
2018-10-10 18:00:00,-7.6959434,-0.40976718
2018-10-10 18:30:00,17.560015,-0.9385275
2018-10-10 19:00:00,26.847881,0.71912235
2018-10-10 19:30:00,36.13575,0.08969237
2018-10-10 20:00:00,3.5378072,1.6382223
2018-10-10 20:30:00,-5.9362955,3.650519
2018-10-10 21:00:00,2.0246427,3.538869
2018-10-10 21:30:00,5.001458,3.0590978
2018-10-10 22:00:00,7.978274,2.0811164
2018-10-10 22:30:00,1.8801835,3.2968423
2018-10-10 23:00:00,5.5241756,1.990387
2018-10-10 23:30:00,3.4193676,3.5417702
2018-10-11 00:00:00,3.2963443,3.2440257
2018-10-11 00:30:00,3.7057123,3.2221222
2018-10-11 01:00:00,2.42889,4.442493
2018-10-11 01:30:00,1.1520718,5.1330585
2018-10-11 02:00:00,-2.303663,5.549741
2018-10-11 02:30:00,1.8648077,4.8804317
2018-10-11 03:00:00,6.033274,4.3407087
2018-10-11 03:30:00,3.7107108,3.8348265
2018-10-11 04:00:00,1.3881518,3.5645475
2018-10-11 04:30:00,-0.93441164,4.5639386
2018-10-11 05:00:00,0.4856815,5.833136
2018-10-11 05:30:00,1.9057746,5.08663
2018-10-11 06:00:00,3.325868,6.325854
2018-10-11 06:30:00,1.3602448,4.321003
2018-10-11 07:00:00,-0.6053739,4.0257187
2018-10-11 07:30:00,-2.5709968,1.7515193
2018-10-11 08:00:00,-4.5366197,1.1486244
2018-10-11 08:30:00,-6.5022388,-0.5490094
2018-10-11 09:00:00,-6.5153995,-2.891973
2018-10-11 09:30:00,-7.7250605,-4.0882554
2018-10-11 10:00:00,-10.537641,-6.145141
2018-10-11 10:30:00,-11.038643,-8.457389
2018-10-11 11:00:00,-13.110086,-10.073149
2018-10-11 11:30:00,-13.408249,-11.618804
2018-10-11 12:00:00,-13.228758,-12.6962
2018-10-11 12:30:00,-12.574025,-10.149005
2018-10-11 13:00:00,-14.138518,-10.177362
2018-10-11 13:30:00,-14.06704,-9.404801
2018-10-11 14:00:00,-12.721337,-9.617867
2018-10-11 14:30:00,-11.864134,-8.909956
2018-10-11 15:00:00,-9.2506075,-7.5525765
2018-10-11 15:30:00,-6.9045024,-5.608293
2018-10-11 16:00:00,-4.450771,-5.389044
2018-10-11 16:30:00,-3.2744565,-3.22455
2018-10-11 17:00:00,-1.4608213,-2.5033069
2018-10-11 17:30:00,-1.0891999,-3.3554206
2018-10-11 18:00:00,-1.0468785,-2.6469448
2018-10-11 18:30:00,-1.004557,0.040262002
2018-10-11 19:00:00,-0.9622356,0.7895562
2018-10-11 19:30:00,-4.518557,4.0829787
2018-10-11 20:00:00,-8.074883,4.498097
2018-10-11 20:30:00,-11.631204,4.8225245
2018-10-11 21:00:00,-15.18753,4.083193
2018-10-11 21:30:00,-4.735386,5.0300465
2018-10-11 22:00:00,5.7167587,3.5777912
2018-10-11 22:30:00,-9.6871395,2.5390236
2018-10-11 23:00:00,6.739469,3.91264
2018-10-11 23:30:00,5.00768,3.7893808
2018-10-12 00:00:00,1.3754238,3.0613785
2018-10-12 00:30:00,-3.7336833,3.2759874
2018-10-12 01:00:00,6.56151,2.8038058
2018-10-12 01:30:00,2.0942376,2.5427856
2018-10-12 02:00:00,1.80656,3.222699
2018-10-12 02:30:00,1.5188825,2.9829707
2018-10-12 03:00:00,2.7598503,5.3803544
2018-10-12 03:30:00,3.679942,5.109088
2018-10-12 04:00:00,4.600029,5.647741
2018-10-12 04:30:00,5.520121,5.2711425
2018-10-12 05:00:00,3.8166413,5.6964674
2018-10-12 05:30:00,2.8857527,4.11276
2018-10-12 06:00:00,1.6188705,4.2160907
2018-10-12 06:30:00,0.15879354,2.785542
2018-10-12 07:00:00,-1.3012791,1.4498949
2018-10-12 07:30:00,-1.6901724,1.9878789
2018-10-12 08:00:00,-2.7028985,-0.84831375
2018-10-12 08:30:00,-3.7156248,-1.6836271
2018-10-12 09:00:00,-6.4475217,-4.1854076
2018-10-12 09:30:00,-7.61487,-5.294369
2018-10-12 10:00:00,-9.17639,-7.75894
2018-10-12 10:30:00,-11.389195,-8.706148
2018-10-12 11:00:00,-11.654602,-9.978959
2018-10-12 11:30:00,-14.424896,-11.600295
2018-10-12 12:00:00,-13.988589,-11.235429
2018-10-12 12:30:00,-14.48171,-10.914872
2018-10-12 13:00:00,-12.844313,-9.667617
2018-10-12 13:30:00,-13.898834,-10.440061
2018-10-12 14:00:00,-12.460812,-10.478803
2018-10-12 14:30:00,-10.235133,-9.1392765
2018-10-12 15:00:00,-6.855767,-8.680304
2018-10-12 15:30:00,-8.190727,-7.129755
2018-10-12 16:00:00,-4.7173185,-3.7007384
2018-10-12 16:30:00,-2.9528599,-1.6443293
2018-10-12 17:00:00,-0.9995804,-0.4019548
2018-10-12 17:30:00,0.7257376,1.4051267
2018-10-12 18:00:00,-0.445622,2.215491
2018-10-12 18:30:00,-1.6169816,3.302483
2018-10-12 19:00:00,-1.7128494,3.5530562
2018-10-12 19:30:00,-1.8087171,1.7236298
2018-10-12 20:00:00,0.82278067,2.3146055
2018-10-12 20:30:00,3.4542742,1.386085
2018-10-12 21:00:00,2.500451,2.927301
2018-10-12 21:30:00,0.44610837,3.1996682
2018-10-12 22:00:00,-1.6082342,4.23179
2018-10-12 22:30:00,-3.6572373,2.4061432
2018-10-12 23:00:00,-5.7062407,3.2339501
2018-10-12 23:30:00,-6.684449,4.317892
2018-10-13 00:00:00,-2.5511818,4.629387
2018-10-13 00:30:00,1.5820894,3.5434525
2018-10-13 01:00:00,-0.9912131,3.2730381
2018-10-13 01:30:00,-3.564511,4.466057
2018-10-13 02:00:00,-6.1378136,4.4742184
2018-10-13 02:30:00,-8.711112,3.2267756
2018-10-13 03:00:00,-5.0189824,4.735186
2018-10-13 03:30:00,-1.3268529,4.553264
2018-10-13 04:00:00,-1.2278742,4.7566657
2018-10-13 04:30:00,-1.1288911,4.7814574
2018-10-13 05:00:00,-1.0299124,5.087001
2018-10-13 05:30:00,-1.1617354,5.5982842
2018-10-13 06:00:00,-1.2935629,3.738076
2018-10-13 06:30:00,1.258474,2.3289325
2018-10-13 07:00:00,0.51440555,0.82377684
2018-10-13 07:30:00,-0.2296585,-0.07540761
2018-10-13 08:00:00,-0.973727,-2.1839213
2018-10-13 08:30:00,-3.7723563,-3.458419
2018-10-13 09:00:00,-5.719742,-5.379807
2018-10-13 09:30:00,-6.8807592,-6.2681427
2018-10-13 10:00:00,-8.39499,-6.766864
2018-10-13 10:30:00,-11.422887,-7.7545624
2018-10-13 11:00:00,-10.29564,-7.6298437
2018-10-13 11:30:00,-12.808034,-9.04922
2018-10-13 12:00:00,-12.281598,-9.411836
2018-10-13 12:30:00,-13.27671,-9.497681
2018-10-13 13:00:00,-13.3313875,-8.802418
2018-10-13 13:30:00,-7.646871,-8.636278
2018-10-13 14:00:00,-7.654242,-8.923366
2018-10-13 14:30:00,-5.748501,-7.3771996
2018-10-13 15:00:00,-5.4371986,-5.111796
2018-10-13 15:30:00,-5.624237,-5.3123097
2018-10-13 16:00:00,-3.3146589,-4.45161
2018-10-13 16:30:00,-1.9258242,-2.3605824
2018-10-13 17:00:00,-0.2551405,-1.4473549
2018-10-13 17:30:00,1.4155432,-0.047365163
2018-10-13 18:00:00,3.163809,1.577305
2018-10-13 18:30:00,0.58839166,1.9842218
2018-10-13 19:00:00,3.1947308,2.3213255
2018-10-13 19:30:00,5.126762,-0.3436634
2018-10-13 20:00:00,2.7224312,-0.31775758
2018-10-13 20:30:00,3.154144,0.7623352
2018-10-13 21:00:00,2.8243723,2.1129253
2018-10-13 21:30:00,3.5713987,1.8059177
2018-10-13 22:00:00,4.6353116,2.0552454
2018-10-13 22:30:00,3.4967222,1.6151696
2018-10-13 23:00:00,3.4218667,1.1260393
2018-10-13 23:30:00,3.7545047,1.0816948
2018-10-14 00:00:00,2.8812742,1.5987847
2018-10-14 00:30:00,3.2276452,2.5746644
2018-10-14 01:00:00,3.0121055,2.5458617
2018-10-14 01:30:00,3.6136808,2.9705355
2018-10-14 02:00:00,2.6788251,1.9931178
2018-10-14 02:30:00,3.5438368,2.792926
2018-10-14 03:00:00,2.878102,2.5291357
2018-10-14 03:30:00,2.5801697,2.5014997
2018-10-14 04:00:00,2.2794976,3.1645563
2018-10-14 04:30:00,1.9430189,2.9357512
2018-10-14 05:00:00,2.420361,2.63878
2018-10-14 05:30:00,0.16165982,2.0871897
2018-10-14 06:00:00,3.2362702,1.9073826
2018-10-14 06:30:00,3.6421165,1.3084506
2018-10-14 07:00:00,3.3326797,0.1674055
2018-10-14 07:30:00,-2.5482063,-0.73560655
2018-10-14 08:00:00,-8.429089,-1.0586845
2018-10-14 08:30:00,-14.309969,-2.594552
2018-10-14 09:00:00,-20.190855,-3.5361583
2018-10-14 09:30:00,-26.071735,-4.71589
2018-10-14 10:00:00,-32.115868,-5.666851
2018-10-14 10:30:00,-4.0455627,-7.0858693
2018-10-14 11:00:00,-5.090159,-6.788055
2018-10-14 11:30:00,-3.1967566,-8.396821
2018-10-14 12:00:00,-4.108079,-8.532541
2018-10-14 12:30:00,-3.5750804,-9.197668
2018-10-14 13:00:00,-3.5947206,-8.724701
2018-10-14 13:30:00,-3.9804637,-7.6175485
2018-10-14 14:00:00,-2.0882545,-6.852739
2018-10-14 14:30:00,-0.57354325,-5.2201076
2018-10-14 15:00:00,-3.2131023,-4.402612
2018-10-14 15:30:00,-0.86732036,-3.5441062
2018-10-14 16:00:00,0.13440822,-2.7045631
2018-10-14 16:30:00,0.52573526,-1.1710814
2018-10-14 17:00:00,6.2049675,-0.4341088
2018-10-14 17:30:00,11.884195,0.73890674
2018-10-14 18:00:00,8.181885,0.9999226
2018-10-14 18:30:00,4.47958,1.2925724
2018-10-14 19:00:00,0.7772696,1.6384758
2018-10-14 19:30:00,2.534794,1.6815836
2018-10-14 20:00:00,2.8654964,1.8382334
2018-10-14 20:30:00,3.8440063,1.6131073
2018-10-14 21:00:00,6.2841005,2.4718232
2018-10-14 21:30:00,4.5987096,3.0246105
2018-10-14 22:00:00,3.2050512,2.1114483
2018-10-14 22:30:00,3.3830233,2.4873648
2018-10-14 23:00:00,3.920968,2.3907762
2018-10-14 23:30:00,4.1892896,2.065898
2018-10-15 00:00:00,3.862493,1.9386933
2018-10-15 00:30:00,4.065078,2.4399705
2018-10-15 01:00:00,3.4846716,2.3666005
2018-10-15 01:30:00,3.6134887,2.3128314
2018-10-15 02:00:00,2.387001,2.3843052
2018-10-15 02:30:00,2.9568639,2.8037052
2018-10-15 03:00:00,3.5267222,2.9920545
2018-10-15 03:30:00,4.096585,3.2315207
2018-10-15 04:00:00,3.8784935,3.1315022
2018-10-15 04:30:00,3.8472092,2.7078462
2018-10-15 05:00:00,3.5431945,2.5701509
2018-10-15 05:30:00,3.4874244,2.2992342
2018-10-15 06:00:00,3.410537,1.8398937
2018-10-15 06:30:00,3.9276443,1.745516
2018-10-15 07:00:00,2.8448164,1.2003661
2018-10-15 07:30:00,0.6991894,-0.28284213
2018-10-15 08:00:00,-1.8214624,-1.8036399
2018-10-15 08:30:00,-2.9718273,-4.0736485
2018-10-15 09:00:00,-4.99468,-6.287149
2018-10-15 09:30:00,-8.360358,-8.893977
2018-10-15 10:00:00,-7.7670064,-11.096139
2018-10-15 10:30:00,-9.183883,-9.191294
2018-10-15 11:00:00,-9.315536,-8.172874
2018-10-15 11:30:00,-9.01978,-7.420526
2018-10-15 12:00:00,-9.100984,-7.2557364
2018-10-15 12:30:00,-8.812271,-6.320409
2018-10-15 13:00:00,-12.071953,-6.4321895
2018-10-15 13:30:00,-12.189715,-5.8043585
2018-10-15 14:00:00,-9.381394,-5.272579
2018-10-15 14:30:00,-7.4594917,-3.4069963
2018-10-15 15:00:00,-4.735958,-2.7920856
2018-10-15 15:30:00,-4.520759,-1.9590443
2018-10-15 16:00:00,-0.7546176,-0.5124729
2018-10-15 16:30:00,0.6190382,-0.019506235
2018-10-15 17:00:00,15.513734,0.618042
2018-10-15 17:30:00,16.571749,1.4726942
2018-10-15 18:00:00,11.886044,2.4741826
2018-10-15 18:30:00,7.2003384,2.8159263
2018-10-15 19:00:00,2.5146296,2.4919353
2018-10-15 19:30:00,5.0630703,3.109852
2018-10-15 20:00:00,7.611511,2.9371493
2018-10-15 20:30:00,10.159952,2.1123092
2018-10-15 21:00:00,12.708389,2.4500725
2018-10-15 21:30:00,6.613977,2.3846285
2018-10-15 22:00:00,7.5173516,2.9200215
2018-10-15 22:30:00,-7.2978787,2.8648193
2018-10-15 23:00:00,6.61548,2.9742057
2018-10-15 23:30:00,5.9103074,3.9333944
2018-10-16 00:00:00,5.205135,3.945528
2018-10-16 00:30:00,4.499963,3.2915468
2018-10-16 01:00:00,6.5816875,2.9035578
2018-10-16 01:30:00,4.730476,2.590381
2018-10-16 02:00:00,3.7778416,2.8275576
2018-10-16 02:30:00,2.8252025,3.4418914
2018-10-16 03:00:00,3.3687968,2.9862258
2018-10-16 03:30:00,1.9289234,3.0908191
2018-10-16 04:00:00,1.2733297,3.4864283
2018-10-16 04:30:00,0.61773616,2.5578423
2018-10-16 05:00:00,9.842909,2.5845566
2018-10-16 05:30:00,19.470995,1.9104412
2018-10-16 06:00:00,3.3559728,1.6041677
2018-10-16 06:30:00,2.686196,1.3739252
2018-10-16 07:00:00,2.0164194,-0.07961965
2018-10-16 07:30:00,0.2591879,-1.6184059
2018-10-16 08:00:00,-1.4980437,-3.7801688
2018-10-16 08:30:00,-3.3272688,-4.254924
2018-10-16 09:00:00,-6.675741,-5.6108403
2018-10-16 09:30:00,-12.202893,-5.8573327
2018-10-16 10:00:00,-9.742538,-6.522351
2018-10-16 10:30:00,-14.212015,-6.084805
2018-10-16 11:00:00,-22.140491,-5.738836
2018-10-16 11:30:00,-23.997442,-5.9894834
2018-10-16 12:00:00,-11.10528,-5.587307
2018-10-16 12:30:00,-14.077062,-5.6291656
2018-10-16 13:00:00,-15.879725,-4.9859633
2018-10-16 13:30:00,-14.191632,-5.4879656
2018-10-16 14:00:00,-11.071797,-4.3277826
2018-10-16 14:30:00,-7.1831307,-3.4570339
2018-10-16 15:00:00,-5.2811694,-2.414736
2018-10-16 15:30:00,-7.6022296,-0.7911147
2018-10-16 16:00:00,-2.610972,0.14054278
2018-10-16 16:30:00,-1.4759742,1.4840064
2018-10-16 17:00:00,0.28133175,2.750657
2018-10-16 17:30:00,2.0386376,3.3649955
2018-10-16 18:00:00,2.7394323,3.9098525
2018-10-16 18:30:00,-0.8433283,3.5467339
2018-10-16 19:00:00,1.4297304,4.4508033
2018-10-16 19:30:00,-1.1365374,4.3434353
2018-10-16 20:00:00,4.3185477,3.5995154
2018-10-16 20:30:00,9.773628,4.0417976
2018-10-16 21:00:00,15.228713,3.9051073
2018-10-16 21:30:00,4.539125,3.4949133
2018-10-16 22:00:00,-5.7027144,3.7636847
2018-10-16 22:30:00,-19.341448,2.7986238
2018-10-16 23:00:00,-32.98018,2.6888614
2018-10-16 23:30:00,-32.353584,3.522637
2018-10-17 00:00:00,-31.726988,3.5693407
2018-10-17 00:30:00,-31.100393,3.6922767
2018-10-17 01:00:00,-30.473797,3.7138262
2018-10-17 01:30:00,-29.8472,3.6408625
2018-10-17 02:00:00,-29.220604,3.8539686
2018-10-17 02:30:00,-28.59401,3.1582031
2018-10-17 03:00:00,-27.967413,3.639342
2018-10-17 03:30:00,-27.340816,3.2502434
2018-10-17 04:00:00,-26.71422,3.653158
2018-10-17 04:30:00,-26.087624,3.1954038
2018-10-17 05:00:00,-25.46103,4.1654763
2018-10-17 05:30:00,-24.834433,5.916783
2018-10-17 06:00:00,-24.207836,4.389108
2018-10-17 06:30:00,-23.58124,2.344968
2018-10-17 07:00:00,-22.954643,0.6849279
2018-10-17 07:30:00,-22.328049,-1.1255878
2018-10-17 08:00:00,-5.347295,-3.1399813
2018-10-17 08:30:00,-3.3917472,-4.095041
2018-10-17 09:00:00,-6.9059834,-5.0409207
2018-10-17 09:30:00,-5.125673,-6.756539
2018-10-17 10:00:00,-9.808433,-5.917695
2018-10-17 10:30:00,-11.074991,-6.465152
2018-10-17 11:00:00,-14.5434675,-8.526582
2018-10-17 11:30:00,-15.816842,-9.937486
2018-10-17 12:00:00,-21.243637,-9.164644
2018-10-17 12:30:00,-14.340075,-8.850219
2018-10-17 13:00:00,-14.074733,-9.3884945
2018-10-17 13:30:00,-17.82883,-9.104252
2018-10-17 14:00:00,-10.725282,-7.0622225
2018-10-17 14:30:00,-9.148016,-5.4499526
2018-10-17 15:00:00,-4.599565,-3.660261
2018-10-17 15:30:00,-8.966993,-3.2304442
2018-10-17 16:00:00,-6.783642,-0.9899285
2018-10-17 16:30:00,-3.926891,0.015221301
2018-10-17 17:00:00,-0.15807119,0.89180756
2018-10-17 17:30:00,1.3299084,1.8690722
2018-10-17 18:00:00,2.8178883,2.022139
2018-10-17 18:30:00,0.5965667,2.2014132
2018-10-17 19:00:00,1.3115091,2.9545393
2018-10-17 19:30:00,2.0264516,3.0373864
2018-10-17 20:00:00,2.4649327,4.167696
2018-10-17 20:30:00,2.9034138,4.506447
2018-10-17 21:00:00,2.248873,5.540954
2018-10-17 21:30:00,4.0455685,3.8392525
2018-10-17 22:00:00,3.953642,3.1442256
2018-10-17 22:30:00,4.0261335,1.062177
2018-10-17 23:00:00,4.832373,-0.85249084
2018-10-17 23:30:00,4.1962714,-1.9751147
2018-10-18 00:00:00,3.7328198,-3.6245809
2018-10-18 00:30:00,2.251027,-4.8609476
2018-10-18 01:00:00,3.2757385,-6.173559
2018-10-18 01:30:00,4.40988,-5.495787
2018-10-18 02:00:00,4.0851984,-6.499381
2018-10-18 02:30:00,3.214109,-6.679761
2018-10-18 03:00:00,3.1712937,-6.8886895
2018-10-18 03:30:00,2.586479,-6.6433816
2018-10-18 04:00:00,2.4862158,-5.8353987
2018-10-18 04:30:00,3.4039524,-6.228176
2018-10-18 05:00:00,2.9251947,-6.5927105
2018-10-18 05:30:00,3.4185328,-5.992616
2018-10-18 06:00:00,2.0412767,-5.7876287
2018-10-18 06:30:00,2.8006992,-5.543273
2018-10-18 07:00:00,2.0568097,-6.354472
2018-10-18 07:30:00,1.1289055,-7.4502463
2018-10-18 08:00:00,-1.7104594,-6.2265506
2018-10-18 08:30:00,-5.2139425,-6.984177
2018-10-18 09:00:00,-7.123782,-6.780177
2018-10-18 09:30:00,-8.773257,-7.361483
2018-10-18 10:00:00,-10.886284,-6.534292
2018-10-18 10:30:00,-12.998743,-6.2772484
2018-10-18 11:00:00,-12.597248,-7.0013795
2018-10-18 11:30:00,-13.149153,-5.98684
2018-10-18 12:00:00,-12.133687,-6.16351
2018-10-18 12:30:00,-15.940014,-5.239726
2018-10-18 13:00:00,-14.515409,-5.568012
2018-10-18 13:30:00,-13.396373,-5.3990717
2018-10-18 14:00:00,-11.58024,-4.751714
2018-10-18 14:30:00,-10.551111,-3.9043891
2018-10-18 15:00:00,-9.055066,-1.8334869
2018-10-18 15:30:00,-7.2388225,0.17659861
2018-10-18 16:00:00,-4.002564,1.1340177
2018-10-18 16:30:00,-1.2956164,3.4517574
2018-10-18 17:00:00,0.3948822,5.9083896
2018-10-18 17:30:00,0.8533311,6.1121273
2018-10-18 18:00:00,1.6371387,7.251809
2018-10-18 18:30:00,1.6462488,7.6147227
2018-10-18 19:00:00,3.3359742,7.544752
2018-10-18 19:30:00,3.9179313,7.254182
2018-10-18 20:00:00,4.1333137,8.268184
2018-10-18 20:30:00,5.1924334,8.0897665
2018-10-18 21:00:00,3.273047,6.8693213
2018-10-18 21:30:00,2.6543393,5.2197766
2018-10-18 22:00:00,3.1914933,2.9806943
2018-10-18 22:30:00,2.958083,2.0911396
2018-10-18 23:00:00,3.3286207,0.54072213
2018-10-18 23:30:00,2.2704444,-0.07110817
2018-10-19 00:00:00,2.809866,-1.81708
2018-10-19 00:30:00,3.317317,-3.785543
2018-10-19 01:00:00,3.0609198,-4.175699
2018-10-19 01:30:00,3.809895,-3.8287601
2018-10-19 02:00:00,2.1318052,-2.8104498
2018-10-19 02:30:00,2.258634,-2.4555588
2018-10-19 03:00:00,2.6426163,-3.0614424
2018-10-19 03:30:00,2.519248,-3.344056
2018-10-19 04:00:00,3.150098,-3.2632055
2018-10-19 04:30:00,3.1311743,-3.655979
2018-10-19 05:00:00,2.7322054,-3.1213984
2018-10-19 05:30:00,2.5259635,-2.8522906
2018-10-19 06:00:00,1.2698954,-1.8422736
2018-10-19 06:30:00,0.49503627,-1.4392018
2018-10-19 07:00:00,2.809368,-1.2870963
2018-10-19 07:30:00,1.0486844,-1.285733
2018-10-19 08:00:00,-0.71200335,-1.2786983
2018-10-19 08:30:00,-2.4726865,-1.0829867
2018-10-19 09:00:00,-5.961572,-3.1144207
2018-10-19 09:30:00,-8.188315,-3.6922007
2018-10-19 10:00:00,-7.5835943,-5.0690246
2018-10-19 10:30:00,-7.181082,-6.4087873
2018-10-19 11:00:00,-7.271457,-7.27677
2018-10-19 11:30:00,-7.251725,-6.5260124
2018-10-19 12:00:00,-13.3282585,-6.623829
2018-10-19 12:30:00,-11.759514,-7.5897374
2018-10-19 13:00:00,-9.548666,-6.66622
2018-10-19 13:30:00,-9.320359,-7.5424395
2018-10-19 14:00:00,-10.997177,-7.125198
2018-10-19 14:30:00,-9.493005,-7.6704435
2018-10-19 15:00:00,-6.9502406,-7.2809258
2018-10-19 15:30:00,-9.030118,-6.408407
2018-10-19 16:00:00,-4.3650184,-4.21723
2018-10-19 16:30:00,-1.5822672,-2.3921204
2018-10-19 17:00:00,0.55124784,-1.2113405
2018-10-19 17:30:00,1.6986897,-0.31794983
2018-10-19 18:00:00,2.0108442,-0.33818424
2018-10-19 18:30:00,2.8560894,0.08336993
2018-10-19 19:00:00,-6.1322737,0.9746109
2018-10-19 19:30:00,-1.9058388,1.6442083
2018-10-19 20:00:00,2.3205957,2.5526516
2018-10-19 20:30:00,4.509479,2.1401112
2018-10-19 21:00:00,6.6983624,0.8477121
2018-10-19 21:30:00,3.5425174,-1.225873
2018-10-19 22:00:00,0.3866722,-3.2830641
2018-10-19 22:30:00,2.6484625,-4.0546465
2018-10-19 23:00:00,4.8468666,-3.7967284
2018-10-19 23:30:00,3.4768593,-3.619071
2018-10-20 00:00:00,2.1068518,-3.663586
2018-10-20 00:30:00,0.73684007,-3.4147475
2018-10-20 01:00:00,0.6003637,-2.9619088
2018-10-20 01:30:00,0.4638872,-2.3742146
2018-10-20 02:00:00,1.5976006,-1.4206364
2018-10-20 02:30:00,2.731314,-1.1391721
2018-10-20 03:00:00,5.351884,-0.516484
2018-10-20 03:30:00,2.5948682,0.061663043
2018-10-20 04:00:00,3.5090263,0.7776497
2018-10-20 04:30:00,3.2178228,0.6288998
2018-10-20 05:00:00,2.5013816,0.14096661
2018-10-20 05:30:00,2.6731799,-0.12944764
2018-10-20 06:00:00,2.6794891,-0.2918867
2018-10-20 06:30:00,2.8884573,-0.099749215
2018-10-20 07:00:00,2.2948778,-0.283716
2018-10-20 07:30:00,1.9142599,0.13758036
2018-10-20 08:00:00,1.2598242,-0.75930583
2018-10-20 08:30:00,0.36759564,-2.2666328
2018-10-20 09:00:00,-1.0549662,-3.714126
2018-10-20 09:30:00,-3.3327699,-5.443639
2018-10-20 10:00:00,-4.5851502,-6.703342
2018-10-20 10:30:00,-5.49476,-7.620253
2018-10-20 11:00:00,-6.300703,-7.961433
2018-10-20 11:30:00,-5.934731,-8.655381
2018-10-20 12:00:00,-8.977043,-8.944256
2018-10-20 12:30:00,-5.860837,-9.192355
2018-10-20 13:00:00,-10.005499,-8.792093
2018-10-20 13:30:00,-8.2422285,-7.7715898
2018-10-20 14:00:00,-5.768054,-7.5443096
2018-10-20 14:30:00,-6.2050185,-6.49769
2018-10-20 15:00:00,-3.64305,-5.4956822
2018-10-20 15:30:00,-1.5690193,-4.4871325
2018-10-20 16:00:00,-1.9357164,-3.506696
2018-10-20 16:30:00,-0.52068293,-1.7366754
2018-10-20 17:00:00,0.8943549,-0.14265616
2018-10-20 17:30:00,2.1192782,0.7323134
2018-10-20 18:00:00,1.6448375,1.3578765
2018-10-20 18:30:00,2.2608712,2.311171
2018-10-20 19:00:00,1.5124159,2.0460656
2018-10-20 19:30:00,2.8333383,2.062446
2018-10-20 20:00:00,2.563518,2.8047626
2018-10-20 20:30:00,2.3892686,3.5683184
2018-10-20 21:00:00,2.595423,4.086505
2018-10-20 21:30:00,2.8015773,3.7514682
2018-10-20 22:00:00,4.0954795,3.5643597
2018-10-20 22:30:00,4.408329,3.4700344
2018-10-20 23:00:00,3.3857322,3.6234508
2018-10-20 23:30:00,3.719537,3.7393126
2018-10-21 00:00:00,3.1638176,3.4995406
2018-10-21 00:30:00,3.1377547,3.494057
2018-10-21 01:00:00,2.7091746,3.5143132
2018-10-21 01:30:00,3.389918,3.4939084
2018-10-21 02:00:00,3.1682396,3.445033
2018-10-21 02:30:00,2.836436,3.7469196
2018-10-21 03:00:00,2.33993,4.38442
2018-10-21 03:30:00,2.9838402,4.165839
2018-10-21 04:00:00,3.4179125,4.161299
2018-10-21 04:30:00,3.106942,3.979172
2018-10-21 05:00:00,2.9782386,3.845645
2018-10-21 05:30:00,2.3451996,3.1664438
2018-10-21 06:00:00,3.3856144,2.8372006
2018-10-21 06:30:00,3.1121764,2.4723299
2018-10-21 07:00:00,2.6770294,1.6142172
2018-10-21 07:30:00,2.053323,0.75593406
2018-10-21 08:00:00,0.4908286,-0.45737556
2018-10-21 08:30:00,-2.1090658,-1.5576459
2018-10-21 09:00:00,-2.6653047,-2.5607858
2018-10-21 09:30:00,-3.6098692,-3.4197636
2018-10-21 10:00:00,-5.606139,-4.380075
2018-10-21 10:30:00,-4.2880654,-4.9226384
2018-10-21 11:00:00,-5.709155,-5.674012
2018-10-21 11:30:00,-4.9195538,-5.7055764
2018-10-21 12:00:00,-5.676988,-6.580044
2018-10-21 12:30:00,-4.032463,-6.5787983
2018-10-21 13:00:00,-1.9770547,-6.68974
2018-10-21 13:30:00,-0.78839254,-6.554758
2018-10-21 14:00:00,0.51800156,-5.4954023
2018-10-21 14:30:00,1.8244001,-4.7752604
2018-10-21 15:00:00,-1.3372868,-3.5262094
2018-10-21 15:30:00,0.15438487,-2.195867
2018-10-21 16:00:00,1.062225,-1.5542815
2018-10-21 16:30:00,10.1350565,-0.4962889
2018-10-21 17:00:00,19.207886,-0.13911699
2018-10-21 17:30:00,28.280712,0.9101544
2018-10-21 18:00:00,23.532022,1.1711571
2018-10-21 18:30:00,18.783335,1.9791403
2018-10-21 19:00:00,14.034642,2.3770695
2018-10-21 19:30:00,9.285953,2.7866778
2018-10-21 20:00:00,4.5372596,3.3470242
2018-10-21 20:30:00,3.3642569,2.8017914
2018-10-21 21:00:00,2.19125,3.002283
2018-10-21 21:30:00,2.6346247,3.0418038
2018-10-21 22:00:00,3.0779996,3.351621
2018-10-21 22:30:00,3.5213785,3.2909176
2018-10-21 23:00:00,2.8972003,3.3059218
2018-10-21 23:30:00,2.9337676,3.3105228
2018-10-22 00:00:00,3.200057,2.8680131
2018-10-22 00:30:00,4.606561,3.2729464
2018-10-22 01:00:00,-24.000635,3.2594147
2018-10-22 01:30:00,-11.018504,3.3689454
2018-10-22 02:00:00,1.9636247,3.754588
2018-10-22 02:30:00,2.6609194,3.7439704
2018-10-22 03:00:00,2.650031,3.6524239
2018-10-22 03:30:00,2.6391428,3.6762238
2018-10-22 04:00:00,2.6282544,3.7323654
2018-10-22 04:30:00,2.6173615,3.8492627
2018-10-22 05:00:00,3.4478686,3.349755
2018-10-22 05:30:00,3.8168423,3.1274998
2018-10-22 06:00:00,4.185816,2.858925
2018-10-22 06:30:00,4.554785,2.4952297
2018-10-22 07:00:00,4.923758,1.907837
2018-10-22 07:30:00,25.575329,1.362163
2018-10-22 08:00:00,19.156437,0.28934073
2018-10-22 08:30:00,6.391621,-0.6780929
2018-10-22 09:00:00,-0.7872478,-1.5465609
2018-10-22 09:30:00,-3.4913638,-2.0921257
2018-10-22 10:00:00,-6.1954846,-3.1364815
2018-10-22 10:30:00,-6.3959413,-3.7311053
2018-10-22 11:00:00,-4.480767,-4.227699
2018-10-22 11:30:00,-7.3191876,-4.5543985
2018-10-22 12:00:00,-7.1485605,-4.793354
2018-10-22 12:30:00,-7.2509255,-4.609243
2018-10-22 13:00:00,-6.369284,-3.9892461
2018-10-22 13:30:00,-7.149614,-3.758855
2018-10-22 14:00:00,-2.2092679,-2.7648559
2018-10-22 14:30:00,-4.232723,-1.7655567
2018-10-22 15:00:00,-4.5545387,-1.4226245
2018-10-22 15:30:00,-5.3309536,-0.6183596
2018-10-22 16:00:00,-4.1873565,0.14293282
2018-10-22 16:30:00,-0.60967773,1.799818
2018-10-22 17:00:00,0.43456456,3.126412
2018-10-22 17:30:00,-0.7162766,4.5009546
2018-10-22 18:00:00,3.5605452,4.8258805
2018-10-22 18:30:00,-10.911245,4.9092083
2018-10-22 19:00:00,-4.512663,4.9618196
2018-10-22 19:30:00,1.8859247,5.2023387
2018-10-22 20:00:00,1.6766726,4.428751
2018-10-22 20:30:00,6.6900125,3.2457385
2018-10-22 21:00:00,11.703348,2.6984391
2018-10-22 21:30:00,2.1851025,2.2353542
2018-10-22 22:00:00,3.7413313,2.0135925
2018-10-22 22:30:00,3.5708308,2.1190467
2018-10-22 23:00:00,2.596262,1.7198766
2018-10-22 23:30:00,4.68351,1.916615
2018-10-23 00:00:00,4.480043,2.0836856
2018-10-23 00:30:00,4.27658,2.3954077
2018-10-23 01:00:00,4.0731173,-0.88966084
2018-10-23 01:30:00,3.8696501,-0.81924015
2018-10-23 02:00:00,3.6661873,1.4280919
2018-10-23 02:30:00,3.4627202,2.6953673
2018-10-23 03:00:00,3.2592573,2.6037903
2018-10-23 03:30:00,3.0557902,2.5718899
2018-10-23 04:00:00,2.8523273,3.0494852
2018-10-23 04:30:00,2.6488645,2.8198893
2018-10-23 05:00:00,2.4453974,1.3731081
2018-10-23 05:30:00,2.2419343,1.9770561
2018-10-23 06:00:00,3.5986547,2.2147133
2018-10-23 06:30:00,4.588778,1.9252445
2018-10-23 07:00:00,5.5788975,1.3867273
2018-10-23 07:30:00,2.269164,2.6097414
2018-10-23 08:00:00,0.12904267,2.2909586
2018-10-23 08:30:00,-2.0110788,0.6164909
2018-10-23 09:00:00,-2.808877,-1.7614145
2018-10-23 09:30:00,-5.272483,-2.3210268
2018-10-23 10:00:00,-6.584068,-3.1311946
2018-10-23 10:30:00,-8.963918,-4.2539234
2018-10-23 11:00:00,-4.6818175,-4.2418203
2018-10-23 11:30:00,-10.792164,-5.100165
2018-10-23 12:00:00,-12.713792,-4.8986287
2018-10-23 12:30:00,-10.248539,-4.8505006
2018-10-23 13:00:00,-9.910168,-4.5295854
2018-10-23 13:30:00,-9.914345,-3.6137316
2018-10-23 14:00:00,-8.141311,-2.7605171
2018-10-23 14:30:00,-6.858139,-1.8284359
2018-10-23 15:00:00,-5.1203074,-0.40953997
2018-10-23 15:30:00,-3.5434728,0.34738308
2018-10-23 16:00:00,-1.8650947,1.4712392
2018-10-23 16:30:00,-0.22720292,2.1120863
2018-10-23 17:00:00,0.33084074,2.0123866
2018-10-23 17:30:00,0.8888844,1.6877663
2018-10-23 18:00:00,-3.3279111,3.084999
2018-10-23 18:30:00,-14.108608,0.83659214
2018-10-23 19:00:00,9.516383,1.4234298
2018-10-23 19:30:00,-10.152182,2.1463244
2018-10-23 20:00:00,14.124366,2.9124975
2018-10-23 20:30:00,7.532662,3.309933
2018-10-23 21:00:00,0.9409539,3.5328918
2018-10-23 21:30:00,-10.435987,3.0689287
2018-10-23 22:00:00,1.0034661,2.92793
2018-10-23 22:30:00,-3.6295006,2.4079957
2018-10-23 23:00:00,-8.262467,2.3597581
2018-10-23 23:30:00,-12.895434,2.2460153
2018-10-24 00:00:00,-6.419348,1.3302972
2018-10-24 00:30:00,0.056738794,1.981242
2018-10-24 01:00:00,6.5328255,2.604992
2018-10-24 01:30:00,5.1735883,2.137577
2018-10-24 02:00:00,6.9149857,3.5763624
2018-10-24 02:30:00,3.8762128,2.9330728
2018-10-24 03:00:00,0.8374398,2.677156
2018-10-24 03:30:00,-2.201333,2.7032015
2018-10-24 04:00:00,9.718343,3.2875006
2018-10-24 04:30:00,8.359079,3.9972305
2018-10-24 05:00:00,-2.456118,3.3927407
2018-10-24 05:30:00,-1.7717568,4.51959
2018-10-24 06:00:00,-1.0873998,3.779493
2018-10-24 06:30:00,-0.4030384,4.0865135
2018-10-24 07:00:00,0.28132302,3.872595
2018-10-24 07:30:00,0.96568435,3.2877498
2018-10-24 08:00:00,1.6500458,1.904158
2018-10-24 08:30:00,-0.5999341,0.8808405
2018-10-24 09:00:00,-2.8499138,0.50982213
2018-10-24 09:30:00,-7.252293,-0.5207048
2018-10-24 10:00:00,-8.065773,-0.7205891
2018-10-24 10:30:00,-13.303478,-1.6906531
2018-10-24 11:00:00,-14.410176,-1.9795059
2018-10-24 11:30:00,-7.1237864,-3.9136128
2018-10-24 12:00:00,-10.801536,-4.868288
2018-10-24 12:30:00,-8.947406,-4.4771533
2018-10-24 13:00:00,-10.052796,-5.437753
2018-10-24 13:30:00,-8.686268,-4.8730245
2018-10-24 14:00:00,-6.8041296,-4.6241207
2018-10-24 14:30:00,-6.409373,-4.311389
2018-10-24 15:00:00,-5.1131988,-2.4361415
2018-10-24 15:30:00,-2.9695158,-1.6083084
2018-10-24 16:00:00,-1.4350902,-0.3805625
2018-10-24 16:30:00,-0.13475639,-0.013301768
2018-10-24 17:00:00,0.9353655,0.49902984
2018-10-24 17:30:00,1.0309886,0.75609577
2018-10-24 18:00:00,2.1214323,1.2969767
2018-10-24 18:30:00,2.946714,-0.42478025
2018-10-24 19:00:00,4.2363076,1.6592039
2018-10-24 19:30:00,5.5259013,1.4352882
2018-10-24 20:00:00,1.1582675,3.500777
2018-10-24 20:30:00,2.4315553,2.8952954
2018-10-24 21:00:00,3.7048428,3.129951
2018-10-24 21:30:00,3.979386,1.7657372
2018-10-24 22:00:00,3.900642,1.565298
2018-10-24 22:30:00,2.7991,2.032892
2018-10-24 23:00:00,3.186949,1.7514975
2018-10-24 23:30:00,4.3460526,-1.186798
2018-10-25 00:00:00,4.867424,1.1825305
2018-10-25 00:30:00,3.8242831,-0.010946692
2018-10-25 01:00:00,3.3510485,2.2622693
2018-10-25 01:30:00,2.557213,3.3798947
2018-10-25 02:00:00,2.3831124,3.9181454
2018-10-25 02:30:00,2.348516,3.6828957
2018-10-25 03:00:00,2.440071,3.7441144
2018-10-25 03:30:00,2.760309,2.5299442
2018-10-25 04:00:00,4.162868,4.1286907
2018-10-25 04:30:00,2.6043584,4.584269
2018-10-25 05:00:00,1.0458487,2.8873258
2018-10-25 05:30:00,2.6759632,3.2685597
2018-10-25 06:00:00,1.7811741,3.1568575
2018-10-25 06:30:00,1.4224336,2.9092555
2018-10-25 07:00:00,3.2214582,3.6533852
2018-10-25 07:30:00,5.020478,1.48367
2018-10-25 08:00:00,6.8195024,1.3398618
2018-10-25 08:30:00,8.618526,0.0027511965
2018-10-25 09:00:00,10.417551,-1.407039
2018-10-25 09:30:00,12.216576,-2.4291244
2018-10-25 10:00:00,14.0156,-4.4369464
2018-10-25 10:30:00,15.81462,-5.52757
2018-10-25 11:00:00,17.613646,-6.657062
2018-10-25 11:30:00,19.412668,-5.8672814
2018-10-25 12:00:00,21.211693,-5.79995
2018-10-25 12:30:00,-5.6980567,-5.956569
2018-10-25 13:00:00,-32.60781,-6.157681
2018-10-25 13:30:00,-15.778473,-4.3959928
2018-10-25 14:00:00,1.0508647,-4.765399
2018-10-25 14:30:00,3.270408,-4.102277
2018-10-25 15:00:00,5.588986,-3.3949673
2018-10-25 15:30:00,5.734734,-2.6419156
2018-10-25 16:00:00,1.6857827,-0.7859894
2018-10-25 16:30:00,1.9594345,-1.2367002
2018-10-25 17:00:00,1.9988548,-0.074227884
2018-10-25 17:30:00,2.3083572,-0.021446222
2018-10-25 18:00:00,2.6942751,1.0532285
2018-10-25 18:30:00,3.0801928,1.107854
2018-10-25 19:00:00,1.7566926,3.285753
2018-10-25 19:30:00,2.3455186,3.4505558
2018-10-25 20:00:00,3.6685686,3.0230682
2018-10-25 20:30:00,10.220398,2.898223
2018-10-25 21:00:00,16.772226,1.8841465
2018-10-25 21:30:00,3.221008,2.758583
2018-10-25 22:00:00,1.2417438,1.7559936
2018-10-25 22:30:00,2.5683112,3.1487305
2018-10-25 23:00:00,2.5166352,1.8020552
2018-10-25 23:30:00,2.4924421,2.6044939
2018-10-26 00:00:00,2.6439228,3.3048775
2018-10-26 00:30:00,2.9184356,3.6785176
2018-10-26 01:00:00,3.1382265,4.4724054
2018-10-26 01:30:00,3.2902403,3.7485406
2018-10-26 02:00:00,7.089733,4.022494
2018-10-26 02:30:00,10.889226,3.9082096
2018-10-26 03:00:00,-19.240252,4.0784655
2018-10-26 03:30:00,3.1584477,4.230064
2018-10-26 04:00:00,10.494766,3.8965826
2018-10-26 04:30:00,2.7963736,3.5529165
2018-10-26 05:00:00,2.2809658,3.531144
2018-10-26 05:30:00,2.3577397,2.4076812
2018-10-26 06:00:00,2.3033412,2.9046721
2018-10-26 06:30:00,2.9326708,1.9734601
2018-10-26 07:00:00,2.2733018,2.0538778
2018-10-26 07:30:00,1.441733,0.8069156
2018-10-26 08:00:00,0.4761913,1.5411355
2018-10-26 08:30:00,-1.4795439,0.46741328
2018-10-26 09:00:00,-2.3515685,0.5727756
2018-10-26 09:30:00,-3.2688682,-0.49090588
2018-10-26 10:00:00,-3.8771725,-1.0231618
2018-10-26 10:30:00,-6.562881,-0.6580682
2018-10-26 11:00:00,-6.5212717,-1.1655542
2018-10-26 11:30:00,-5.103516,0.14108458
2018-10-26 12:00:00,-7.718607,0.49449012
2018-10-26 12:30:00,-7.898261,-1.1211486
2018-10-26 13:00:00,-7.907188,-4.7044945
2018-10-26 13:30:00,-7.7227316,-6.3500414
2018-10-26 14:00:00,-7.3317146,-2.7953713
2018-10-26 14:30:00,-6.474297,-2.7258682
2018-10-26 15:00:00,-5.738591,-1.6369845
2018-10-26 15:30:00,-3.6863675,-0.18989748
2018-10-26 16:00:00,-2.459028,0.4634372
2018-10-26 16:30:00,-0.55735487,0.19715635
2018-10-26 17:00:00,0.2655497,0.46251962
2018-10-26 17:30:00,0.25060654,1.090901
2018-10-26 18:00:00,0.235659,1.1695404
2018-10-26 18:30:00,-9.522241,3.277945
2018-10-26 19:00:00,-4.118806,1.721336
2018-10-26 19:30:00,1.2846246,3.966807
2018-10-26 20:00:00,-0.6156419,2.8801382
2018-10-26 20:30:00,-2.5159125,2.223937
2018-10-26 21:00:00,-2.2972226,2.635525
2018-10-26 21:30:00,-0.23274325,2.4818552
2018-10-26 22:00:00,1.8317361,1.5102574
2018-10-26 22:30:00,4.0546656,0.6849279
2018-10-26 23:00:00,0.64520186,1.0329242
2018-10-26 23:30:00,9.947419,1.6409445
2018-10-27 00:00:00,1.4352314,1.6564163
2018-10-27 00:30:00,4.9810357,1.6665618
2018-10-27 01:00:00,5.7844224,2.0135052
2018-10-27 01:30:00,6.587809,2.3936687
2018-10-27 02:00:00,7.8260283,1.9436263
2018-10-27 02:30:00,-2.762125,2.5942826
2018-10-27 03:00:00,0.42748624,-0.76015353
2018-10-27 03:30:00,-0.888586,0.74984324
2018-10-27 04:00:00,7.868245,1.621243
2018-10-27 04:30:00,16.625076,1.1449847
2018-10-27 05:00:00,5.281625,0.057455365
2018-10-27 05:30:00,-2.5715735,0.8677936
2018-10-27 06:00:00,-6.684825,2.3087943
2018-10-27 06:30:00,-10.7980795,1.7281215
2018-10-27 07:00:00,-9.249501,0.68619937
2018-10-27 07:30:00,-7.7009244,1.6712633
2018-10-27 08:00:00,-6.1523504,0.7518094
2018-10-27 08:30:00,-4.6037726,1.0230014
2018-10-27 09:00:00,-3.0551941,-0.2763493
2018-10-27 09:30:00,-3.9762473,-0.3262603
2018-10-27 10:00:00,-4.2490296,-0.21615286
2018-10-27 10:30:00,-7.520261,-1.3723726
2018-10-27 11:00:00,-6.6464705,-0.91100067
2018-10-27 11:30:00,-7.2973676,-1.679035
2018-10-27 12:00:00,-7.9204183,-3.2199097
2018-10-27 12:30:00,-8.328383,-3.3388257
2018-10-27 13:00:00,-8.613592,-3.7860062
2018-10-27 13:30:00,-8.016521,-2.513942
2018-10-27 14:00:00,-6.868036,-1.4208899
2018-10-27 14:30:00,-6.1640606,-1.1156344
2018-10-27 15:00:00,-4.3878393,-1.6428393
2018-10-27 15:30:00,-2.6073759,-0.58770865
2018-10-27 16:00:00,-1.2181567,-0.43800187
2018-10-27 16:30:00,-0.6479269,0.14484222
2018-10-27 17:00:00,0.47737977,0.80387014
2018-10-27 17:30:00,1.0635052,0.70112944
2018-10-27 18:00:00,1.219045,1.2181975
2018-10-27 18:30:00,-1.0489714,0.4062949
2018-10-27 19:00:00,-3.3169878,0.98189026
2018-10-27 19:30:00,-2.8986537,2.3882244
2018-10-27 20:00:00,-2.4803154,2.7190013
2018-10-27 20:30:00,-2.0619774,1.6422771
2018-10-27 21:00:00,-1.643639,1.2560577
2018-10-27 21:30:00,-1.2253006,0.90243816
2018-10-27 22:00:00,-11.724345,2.469123
2018-10-27 22:30:00,-6.0703993,3.7020946
2018-10-27 23:00:00,-0.4164523,2.0519247
2018-10-27 23:30:00,5.2374945,4.188088
2018-10-28 00:00:00,1.3485261,3.263596
2018-10-28 00:30:00,-2.540442,3.4564414
2018-10-28 01:00:00,0.18226127,2.6188428
2018-10-28 01:30:00,2.9049647,4.3632765
2018-10-28 02:00:00,3.4179213,4.2537065
2018-10-28 02:30:00,3.9308734,2.8942993
2018-10-28 03:00:00,3.8713148,3.489089
2018-10-28 03:30:00,2.734486,3.6154811
2018-10-28 04:00:00,2.6816127,4.479667
2018-10-28 04:30:00,2.1807067,4.751239
2018-10-28 05:00:00,2.6489563,3.484143
2018-10-28 05:30:00,3.1242883,2.4093502
2018-10-28 06:00:00,2.9897125,2.1144283
2018-10-28 06:30:00,3.2568324,-0.25800243
2018-10-28 07:00:00,3.065844,0.6730826
2018-10-28 07:30:00,1.4574014,0.40563515
2018-10-28 08:00:00,-0.024836833,-1.2534436
2018-10-28 08:30:00,-1.5070752,0.4766501
2018-10-28 09:00:00,-1.8588028,1.4269909
2018-10-28 09:30:00,-3.9242783,1.515374
2018-10-28 10:00:00,-4.597996,0.58673567
2018-10-28 10:30:00,-4.907245,-0.6013585
2018-10-28 11:00:00,-6.0278373,-2.0020866
2018-10-28 11:30:00,-5.6133614,-3.2651498
2018-10-28 12:00:00,-3.6229904,-5.109834
2018-10-28 12:30:00,-4.586719,-5.213484
2018-10-28 13:00:00,-3.753188,-5.248836
2018-10-28 13:30:00,-4.7522473,-3.8337936
2018-10-28 14:00:00,-4.6012907,-3.366523
2018-10-28 14:30:00,-3.1915395,-3.2130673
2018-10-28 15:00:00,-2.919395,-2.4677143
2018-10-28 15:30:00,2.8883612,-2.0785809
2018-10-28 16:00:00,0.7290277,-1.6801535
2018-10-28 16:30:00,0.14960043,-0.80559903
2018-10-28 17:00:00,1.5603694,-0.16055734
2018-10-28 17:30:00,1.3520916,0.20492068
2018-10-28 18:00:00,2.7675533,0.42181483
2018-10-28 18:30:00,2.1391807,-0.13437626
2018-10-28 19:00:00,0.5086249,0.22983904
2018-10-28 19:30:00,-1.2227095,1.2697295
2018-10-28 20:00:00,-0.31503984,1.670005
2018-10-28 20:30:00,-1.0159261,2.0748026
2018-10-28 21:00:00,-1.7168167,0.97292
2018-10-28 21:30:00,0.0037561452,2.2939036
2018-10-28 22:00:00,1.724329,0.7304215
2018-10-28 22:30:00,2.6968923,0.80474836
2018-10-28 23:00:00,1.809955,2.0275745
2018-10-28 23:30:00,-0.17235458,3.045758
2018-10-29 00:00:00,4.5689588,3.3211272
2018-10-29 00:30:00,4.2537937,3.0086231
2018-10-29 01:00:00,1.9367008,3.558234
2018-10-29 01:30:00,-0.38038772,4.2022576
2018-10-29 02:00:00,1.079746,4.29227
2018-10-29 02:30:00,2.4511387,2.571689
2018-10-29 03:00:00,2.713321,4.5844307
2018-10-29 03:30:00,2.6519012,5.32295
2018-10-29 04:00:00,2.7399871,4.3303843
2018-10-29 04:30:00,1.7164073,3.9652207
2018-10-29 05:00:00,1.8159934,2.6359313
2018-10-29 05:30:00,2.031533,2.1222057
2018-10-29 06:00:00,2.6941178,1.391171
2018-10-29 06:30:00,2.0819814,1.264744
2018-10-29 07:00:00,1.6823046,1.1795113
2018-10-29 07:30:00,0.51406914,-0.028878475
2018-10-29 08:00:00,-0.18549319,-0.29448646
2018-10-29 08:30:00,-1.7183722,-1.4081882
2018-10-29 09:00:00,-2.8174758,-1.4390095
2018-10-29 09:30:00,-3.917733,-1.8627789
2018-10-29 10:00:00,-4.218899,-3.214164
2018-10-29 10:30:00,-5.1234884,-3.019156
2018-10-29 11:00:00,-5.453985,-3.6558304
2018-10-29 11:30:00,-6.1850986,-3.7070827
2018-10-29 12:00:00,-5.7782083,-3.6533878
2018-10-29 12:30:00,-5.727987,-3.6065702
2018-10-29 13:00:00,-4.5576406,-2.9543674
2018-10-29 13:30:00,-3.9390335,-3.5317976
2018-10-29 14:00:00,-2.9596717,-3.1752331
2018-10-29 14:30:00,-3.6435611,-2.2441351
2018-10-29 15:00:00,-3.3231223,-1.2299147
2018-10-29 15:30:00,2.9478543,-0.5611387
2018-10-29 16:00:00,9.218831,0.42279357
2018-10-29 16:30:00,1.5584949,0.36748642
2018-10-29 17:00:00,0.88257074,0.86739165
2018-10-29 17:30:00,0.15006796,0.93806577
2018-10-29 18:00:00,1.1200533,-0.19072765
2018-10-29 18:30:00,-0.3588993,0.47881728
2018-10-29 19:00:00,-0.7715138,0.15742593
2018-10-29 19:30:00,-1.0123432,0.7696888
2018-10-29 20:00:00,-1.2531726,0.5528558
2018-10-29 20:30:00,19.686491,0.72554094
2018-10-29 21:00:00,-5.6070175,0.52591
2018-10-29 21:30:00,1.7252771,0.6373982
2018-10-29 22:00:00,2.0102456,0.8266082
2018-10-29 22:30:00,2.29521,1.2062385
2018-10-29 23:00:00,2.5801785,2.1306298
2018-10-29 23:30:00,-4.9855003,1.7290128
2018-10-30 00:00:00,-4.3530245,2.760986
2018-10-30 00:30:00,-3.720549,2.790501
2018-10-30 01:00:00,-3.0880735,3.0864584
2018-10-30 01:30:00,1.6463231,2.779997
2018-10-30 02:00:00,6.380724,2.6656559
2018-10-30 02:30:00,9.746049,3.3766048
2018-10-30 03:00:00,13.111378,3.3691595
2018-10-30 03:30:00,6.96314,4.2045035
2018-10-30 04:00:00,0.8149071,4.329532
2018-10-30 04:30:00,-5.3333306,3.1470394
2018-10-30 05:00:00,1.9461955,1.9186947
2018-10-30 05:30:00,9.225721,1.1562752
2018-10-30 06:00:00,-3.7635214,1.0280699
2018-10-30 06:30:00,1.9634413,0.79101115
2018-10-30 07:00:00,1.9835052,0.6334745
2018-10-30 07:30:00,2.0035648,0.5700098
2018-10-30 08:00:00,3.3814023,-0.13792416
2018-10-30 08:30:00,4.759239,-0.73164356
2018-10-30 09:00:00,-0.8908143,-1.342766
2018-10-30 09:30:00,-1.6623921,-1.9649298
2018-10-30 10:00:00,-2.53294,-2.5204172
2018-10-30 10:30:00,-2.7227178,-2.757109
2018-10-30 11:00:00,-2.2037187,-3.164559
2018-10-30 11:30:00,-2.4768593,-3.2939613
2018-10-30 12:00:00,-3.0319755,-3.3685591
2018-10-30 12:30:00,-3.406437,-3.1403878
2018-10-30 13:00:00,-3.772151,-2.9732559
2018-10-30 13:30:00,-1.1663494,-2.8481922
2018-10-30 14:00:00,-1.2097938,-2.1952379
2018-10-30 14:30:00,-1.1486886,-1.5775002
2018-10-30 15:00:00,-2.7752156,-1.1082153
2018-10-30 15:30:00,-2.6969912,-0.069945924
2018-10-30 16:00:00,-0.6391402,1.4501483
2018-10-30 16:30:00,1.418711,1.165726
2018-10-30 17:00:00,1.6802554,1.1453211
2018-10-30 17:30:00,1.9417999,0.90984416
2018-10-30 18:00:00,3.0347517,1.3559934
2018-10-30 18:30:00,1.1724329,0.8190012
2018-10-30 19:00:00,-0.68988574,0.5648846
2018-10-30 19:30:00,-2.5522044,0.42930388
2018-10-30 20:00:00,-0.25552937,0.29063842
2018-10-30 20:30:00,2.04115,3.0190964
2018-10-30 21:00:00,4.3378253,1.3195574
2018-10-30 21:30:00,2.3150947,0.76226526
2018-10-30 22:00:00,2.4069297,1.1758498
2018-10-30 22:30:00,2.2899272,2.3399258
2018-10-30 23:00:00,1.9519149,2.5362709
2018-10-30 23:30:00,1.613907,1.3879726
2018-10-31 00:00:00,1.2758946,1.133642
2018-10-31 00:30:00,-4.2766047,1.7351081
2018-10-31 01:00:00,4.3202124,1.123553
2018-10-31 01:30:00,13.272493,2.2731316
2018-10-31 02:00:00,8.214746,3.1502597
2018-10-31 02:30:00,3.1569972,4.398878
2018-10-31 03:00:00,-1.9007485,4.4969783
2018-10-31 03:30:00,-0.7662138,4.167294
2018-10-31 04:00:00,-5.1114335,3.5058892
2018-10-31 04:30:00,-1.1476749,2.435099
2018-10-31 05:00:00,2.8160837,2.6051886
2018-10-31 05:30:00,4.1650524,3.099265
2018-10-31 06:00:00,11.363501,1.7757299
2018-10-31 06:30:00,8.964238,1.1272277
2018-10-31 07:00:00,6.564975,1.4250509
2018-10-31 07:30:00,4.1657124,0.91471165
2018-10-31 08:00:00,1.766445,0.007133647
2018-10-31 08:30:00,1.7740695,-0.097276166
2018-10-31 09:00:00,1.0484484,-0.96184236
2018-10-31 09:30:00,4.8319187,-1.3838204
2018-10-31 10:00:00,16.176117,-2.0414152
2018-10-31 10:30:00,1.9545933,-2.297358
2018-10-31 11:00:00,8.240041,-2.4378586
2018-10-31 11:30:00,-2.4890149,-2.3855968
2018-10-31 12:00:00,3.6290915,-2.202976
2018-10-31 12:30:00,-7.3099904,-2.3842075
2018-10-31 13:00:00,9.510227,-2.4788692
2018-10-31 13:30:00,-5.7321773,-1.2802539
2018-10-31 14:00:00,-4.7522736,-0.4499127
2018-10-31 14:30:00,-1.4032902,-0.5408955
2018-10-31 15:00:00,-0.7824546,0.100554556
2018-10-31 15:30:00,-0.6413249,-0.04432847
2018-10-31 16:00:00,-2.262539,0.62527764
2018-10-31 16:30:00,12.461988,1.3373668
2018-10-31 17:00:00,29.906597,0.9123041
2018-10-31 17:30:00,4.385923,1.87747
2018-10-31 18:00:00,4.365011,1.1892375
2018-10-31 18:30:00,4.3440995,2.0224185
2018-10-31 19:00:00,4.3231835,1.0997227
2018-10-31 19:30:00,7.227376,1.4274976
2018-10-31 20:00:00,18.73754,0.97999835
2018-10-31 20:30:00,30.74724,1.9130278
2018-10-31 21:00:00,15.469075,2.5865183
2018-10-31 21:30:00,9.568531,1.2331493
2018-10-31 22:00:00,25.338808,2.317476
2018-10-31 22:30:00,22.515482,1.6215969
2018-10-31 23:00:00,15.038472,2.1875622
2018-10-31 23:30:00,6.77223,1.4837574
2018-11-01 00:00:00,4.2844186,2.4195132
2018-11-01 00:30:00,-9.374128,1.0198424
2018-11-01 01:00:00,-6.038708,2.513358
2018-11-01 01:30:00,-4.9317703,4.784035
2018-11-01 02:00:00,0.20209809,4.33866
2018-11-01 02:30:00,0.58023846,4.466074
2018-11-01 03:00:00,0.95837885,2.6521065
2018-11-01 03:30:00,1.4785928,2.8578632
2018-11-01 04:00:00,1.9988067,1.8562526
2018-11-01 04:30:00,-0.69418955,1.5663291
2018-11-01 05:00:00,-1.622583,2.5749483
2018-11-01 05:30:00,0.3790914,2.71163
2018-11-01 06:00:00,-0.305755,2.9557104
2018-11-01 06:30:00,1.3001008,3.356877
2018-11-01 07:00:00,1.3666633,2.8790371
2018-11-01 07:30:00,10.193186,2.6056561
2018-11-01 08:00:00,22.613474,1.5560831
2018-11-01 08:30:00,-3.6715207,0.7189389
2018-11-01 09:00:00,5.1443224,0.46251088
2018-11-01 09:30:00,14.291092,0.66336954
2018-11-01 10:00:00,23.437859,2.3048444
2018-11-01 10:30:00,-6.6592946,1.009841
2018-11-01 11:00:00,-36.756443,0.50460076
2018-11-01 11:30:00,-3.9952278,-0.14354312
2018-11-01 12:00:00,-2.0555108,0.31049272
2018-11-01 12:30:00,-1.7415996,-1.7485949
2018-11-01 13:00:00,-1.8995514,0.37583187
2018-11-01 13:30:00,-1.640423,-0.53248453
2018-11-01 14:00:00,-1.9620723,-0.18558495
2018-11-01 14:30:00,-0.93726045,-0.4324266
2018-11-01 15:00:00,-0.6295014,0.64863616
2018-11-01 15:30:00,0.30547673,0.8543011
2018-11-01 16:00:00,1.2262982,-0.4349215
2018-11-01 16:30:00,1.355421,0.980645
2018-11-01 17:00:00,1.0968432,3.4929996
2018-11-01 17:30:00,2.0846643,2.7561886
2018-11-01 18:00:00,1.299489,1.957263
2018-11-01 18:30:00,0.95499694,2.8050117
2018-11-01 19:00:00,1.8248413,3.1015677
2018-11-01 19:30:00,2.6719608,2.9984512
2018-11-01 20:00:00,1.9833043,4.223034
2018-11-01 20:30:00,2.0078511,5.445519
2018-11-01 21:00:00,2.0319045,4.712745
2018-11-01 21:30:00,1.1689374,3.2913938
2018-11-01 22:00:00,0.27575645,4.746433
2018-11-01 22:30:00,1.6663346,6.327977
2018-11-01 23:00:00,4.5750194,4.738638
2018-11-01 23:30:00,1.8472517,2.886513
2018-11-02 00:00:00,2.65184,2.4904015
2018-11-02 00:30:00,2.362371,1.8619108
2018-11-02 01:00:00,2.225095,-0.20489743
2018-11-02 01:30:00,2.9948466,-0.39943805
2018-11-02 02:00:00,2.0524883,0.6919713
2018-11-02 02:30:00,1.5804858,0.21326175
2018-11-02 03:00:00,1.690838,0.08923359
2018-11-02 03:30:00,0.94648546,0.6290877
2018-11-02 04:00:00,1.2101666,0.774849
2018-11-02 04:30:00,1.2315981,0.92199534
2018-11-02 05:00:00,3.1999784,1.9021744
2018-11-02 05:30:00,3.266362,0.6229007
2018-11-02 06:00:00,2.193426,2.3183498
2018-11-02 06:30:00,-1.8019708,2.0663917
2018-11-02 07:00:00,2.4202912,1.6536461
2018-11-02 07:30:00,0.91733325,1.8084912
2018-11-02 08:00:00,1.4135114,3.3838708
2018-11-02 08:30:00,0.31301382,1.6975973
2018-11-02 09:00:00,-0.7874794,1.532292
2018-11-02 09:30:00,-0.2445536,2.0373793
2018-11-02 10:00:00,0.8201503,5.0618553
2018-11-02 10:30:00,-1.3627601,1.3469794
2018-11-02 11:00:00,-0.60553557,-2.3137255
2018-11-02 11:30:00,-0.6187703,-2.4432898
2018-11-02 12:00:00,-0.9401005,-1.4895409
2018-11-02 12:30:00,-2.4090865,-2.465049
2018-11-02 13:00:00,-0.2904754,-2.4631789
2018-11-02 13:30:00,-1.8743752,-0.41987786
2018-11-02 14:00:00,-1.4427847,-1.5855398
2018-11-02 14:30:00,-1.3855331,-0.33648458
2018-11-02 15:00:00,-0.8526787,-1.0567707
2018-11-02 15:30:00,-0.011335564,0.34494936
2018-11-02 16:00:00,1.3685902,0.5084676
2018-11-02 16:30:00,3.6223016,2.160114
2018-11-02 17:00:00,1.8255754,2.036239
2018-11-02 17:30:00,1.3694422,2.7278929
2018-11-02 18:00:00,2.9965987,2.3676624
2018-11-02 18:30:00,2.5189202,2.3240912
2018-11-02 19:00:00,0.80297005,2.3869836
2018-11-02 19:30:00,4.0517206,3.0702877
2018-11-02 20:00:00,2.7256339,4.313291
2018-11-02 20:30:00,0.56706923,3.4844007
2018-11-02 21:00:00,1.1472349,2.520253
2018-11-02 21:30:00,2.9083424,2.9946237
2018-11-02 22:00:00,3.4416642,3.8752952
2018-11-02 22:30:00,1.1695842,1.4238449
2018-11-02 23:00:00,1.2897717,2.679428
2018-11-02 23:30:00,5.356965,2.1674852
2018-11-03 00:00:00,2.9233773,0.8608114
2018-11-03 00:30:00,3.7288785,2.1580648
2018-11-03 01:00:00,2.4456594,2.9365945
2018-11-03 01:30:00,2.264406,2.9122965
2018-11-03 02:00:00,1.2117308,0.9115089
2018-11-03 02:30:00,3.073556,0.0720577
2018-11-03 03:00:00,2.8436453,0.6816422
2018-11-03 03:30:00,3.5558746,1.3840183
2018-11-03 04:00:00,3.0767019,1.3502346
2018-11-03 04:30:00,3.1584697,2.5429037
2018-11-03 05:00:00,2.6385877,2.766317
2018-11-03 05:30:00,4.132942,2.1116188
2018-11-03 06:00:00,1.912984,2.9347637
2018-11-03 06:30:00,3.5016553,2.745781
2018-11-03 07:00:00,2.7963386,2.859611
2018-11-03 07:30:00,3.06757,2.0025992
2018-11-03 08:00:00,3.1365225,3.5238779
2018-11-03 08:30:00,2.1716797,2.831761
2018-11-03 09:00:00,1.2068415,2.935144
2018-11-03 09:30:00,0.62298375,3.5662472
2018-11-03 10:00:00,0.52696306,1.1735559
2018-11-03 10:30:00,-1.0749778,1.4638244
2018-11-03 11:00:00,-0.67087036,0.077178575
2018-11-03 11:30:00,-1.5803927,1.7056588
2018-11-03 12:00:00,-1.815389,0.8717173
2018-11-03 12:30:00,-1.7406908,1.2587799
2018-11-03 13:00:00,-1.6985266,0.52392197
2018-11-03 13:30:00,-1.3250177,-0.7024738
2018-11-03 14:00:00,-0.89612746,1.2602305
2018-11-03 14:30:00,0.6195407,0.5332156
2018-11-03 15:00:00,1.8179595,1.3452885
2018-11-03 15:30:00,2.1623816,1.17907
2018-11-03 16:00:00,3.133818,2.1446552
2018-11-03 16:30:00,4.2962947,2.9130874
2018-11-03 17:00:00,5.4587665,0.82471627
2018-11-03 17:30:00,3.466373,1.5856242
2018-11-03 18:00:00,4.50026,2.6001594
2018-11-03 18:30:00,4.567373,2.5734103
2018-11-03 19:00:00,5.1685896,1.994717
2018-11-03 19:30:00,5.5619617,2.602545
2018-11-03 20:00:00,4.1291714,4.703325
2018-11-03 20:30:00,4.5502625,3.7200046
2018-11-03 21:00:00,3.9421332,2.5867455
2018-11-03 21:30:00,1.9396589,3.812997
2018-11-03 22:00:00,3.4714632,3.7559597
2018-11-03 22:30:00,0.39951807,2.686397
2018-11-03 23:00:00,4.616969,1.117873
2018-11-03 23:30:00,2.8077075,2.281477
2018-11-04 00:00:00,2.339668,0.8233137
2018-11-04 00:30:00,3.5033026,1.4430132
2018-11-04 01:00:00,3.0070808,1.7412515
2018-11-04 01:30:00,2.1662705,2.7455275
2018-11-04 02:00:00,19.798166,2.245714
2018-11-04 02:30:00,18.987387,1.6141734
2018-11-04 03:00:00,18.176603,1.5385576
2018-11-04 03:30:00,17.365824,2.230063
2018-11-04 04:00:00,16.55504,2.5749657
2018-11-04 04:30:00,15.744261,1.0486451
2018-11-04 05:00:00,14.933476,2.5567544
2018-11-04 05:30:00,14.122697,2.7365267
2018-11-04 06:00:00,13.311917,2.334263
2018-11-04 06:30:00,12.501134,2.2437172
2018-11-04 07:00:00,11.690354,3.6149566
2018-11-04 07:30:00,10.87957,4.110379
2018-11-04 08:00:00,16.857094,2.476057
2018-11-04 08:30:00,7.440836,2.8995817
2018-11-04 09:00:00,3.1580982,2.0317516
2018-11-04 09:30:00,4.3777523,1.8644843
2018-11-04 10:00:00,4.460442,-0.12083566
2018-11-04 10:30:00,4.136049,-2.053138
2018-11-04 11:00:00,4.4411035,-0.15045106
2018-11-04 11:30:00,4.1488466,-0.22709806
2018-11-04 12:00:00,2.5519133,-0.31165797
2018-11-04 12:30:00,2.1256793,-0.47808185
2018-11-04 13:00:00,5.3180823,-0.35980377
2018-11-04 13:30:00,7.3010254,-0.39691696
2018-11-04 14:00:00,7.0027614,-0.21877447
2018-11-04 14:30:00,6.704501,0.2746554
2018-11-04 15:00:00,4.0947585,0.69392
2018-11-04 15:30:00,3.804499,1.2241572
2018-11-04 16:00:00,4.523758,1.540148
2018-11-04 16:30:00,4.1684346,1.8942002
2018-11-04 17:00:00,2.071967,2.4083016
2018-11-04 17:30:00,2.7221253,2.1494398
2018-11-04 18:00:00,3.3722835,2.5718024
2018-11-04 18:30:00,4.022446,2.6996844
2018-11-04 19:00:00,4.672604,2.868756
2018-11-04 19:30:00,3.1613972,2.6583416
2018-11-04 20:00:00,4.2690606,2.7907414
2018-11-04 20:30:00,3.8903039,2.7906585
2018-11-04 21:00:00,3.511543,2.7464495
2018-11-04 21:30:00,4.7977333,2.382055
2018-11-04 22:00:00,3.8256595,2.384598
2018-11-04 22:30:00,4.206631,2.319595
2018-11-04 23:00:00,4.6827188,2.5196936
2018-11-04 23:30:00,4.4062667,2.5657728
2018-11-05 00:00:00,2.3230338,2.3775501
2018-11-05 00:30:00,2.9050958,2.4676285
2018-11-05 01:00:00,1.6941411,2.5778277
2018-11-05 01:30:00,4.514102,2.356726
2018-11-05 02:00:00,7.3340664,4.3402853
2018-11-05 02:30:00,6.3374763,5.0139937
2018-11-05 03:00:00,5.0566955,5.5831747
2018-11-05 03:30:00,5.7258515,5.250786
2018-11-05 04:00:00,7.3266563,5.560926
2018-11-05 04:30:00,5.919326,6.084107
2018-11-05 05:00:00,4.993908,5.4294395
2018-11-05 05:30:00,6.4636235,5.12418
2018-11-05 06:00:00,5.1296544,4.911961
2018-11-05 06:30:00,3.8606143,4.4277987
2018-11-05 07:00:00,4.5521197,3.927417
2018-11-05 07:30:00,5.2814455,3.6303282
2018-11-05 08:00:00,5.3312693,4.3343253
2018-11-05 08:30:00,16.093962,2.9439437
2018-11-05 09:00:00,26.856655,1.5747095
2018-11-05 09:30:00,37.619354,1.3026568
2018-11-05 10:00:00,32.648247,1.0304205
2018-11-05 10:30:00,27.67714,0.45053452
2018-11-05 11:00:00,22.706038,0.5350507
2018-11-05 11:30:00,17.734934,0.45070055
2018-11-05 12:00:00,12.763832,0.24658673
2018-11-05 12:30:00,7.792725,0.4834619
2018-11-05 13:00:00,2.821624,0.6805935
2018-11-05 13:30:00,-2.149482,1.3390622
2018-11-05 14:00:00,14.480206,1.791761
2018-11-05 14:30:00,31.109888,1.9012524
2018-11-05 15:00:00,47.73957,2.1754942
2018-11-05 15:30:00,8.441,2.4381793
2018-11-05 16:00:00,6.238222,2.690797
2018-11-05 16:30:00,4.438639,2.352479
2018-11-05 17:00:00,5.9810734,2.1061134
2018-11-05 17:30:00,5.696996,2.0220866
2018-11-05 18:00:00,4.5913253,2.0451698
2018-11-05 18:30:00,7.9308662,1.8328459
2018-11-05 19:00:00,11.270404,1.995617
2018-11-05 19:30:00,14.609941,1.6697253
2018-11-05 20:00:00,17.949476,1.8370842
2018-11-05 20:30:00,3.8392525,1.4503449
2018-11-05 21:00:00,28.142605,1.4229928
2018-11-05 21:30:00,18.566387,1.3441219
2018-11-05 22:00:00,8.990166,1.477046
2018-11-05 22:30:00,23.938433,1.363832
2018-11-05 23:00:00,11.860767,2.0013323
2018-11-05 23:30:00,20.14078,2.109609
2018-11-06 00:00:00,12.992973,2.1807504
2018-11-06 00:30:00,5.8451605,2.3903654
2018-11-06 01:00:00,4.3591914,2.8500247
2018-11-06 01:30:00,5.8710623,3.6840403
2018-11-06 02:00:00,7.382933,4.1637416
2018-11-06 02:30:00,8.894809,4.8735585
2018-11-06 03:00:00,10.40668,4.4853864
2018-11-06 03:30:00,11.918551,4.809797
2018-11-06 04:00:00,13.599211,5.0297933
2018-11-06 04:30:00,14.179564,4.986598
2018-11-06 05:00:00,14.759918,4.77146
2018-11-06 05:30:00,15.340271,4.9684873
2018-11-06 06:00:00,15.9206295,4.6085057
2018-11-06 06:30:00,16.500982,4.3258486
2018-11-06 07:00:00,17.081337,4.584033
2018-11-06 07:30:00,17.66169,3.9865606
2018-11-06 08:00:00,18.242043,3.7662628
2018-11-06 08:30:00,18.822395,4.387465
2018-11-06 09:00:00,19.40275,5.4237375
2018-11-06 09:30:00,19.983107,7.4541974
2018-11-06 10:00:00,20.563461,7.5119777
2018-11-06 10:30:00,21.143814,7.944088
2018-11-06 11:00:00,21.724169,7.507936
2018-11-06 11:30:00,22.304522,7.4671307
2018-11-06 12:00:00,22.884874,6.549678
2018-11-06 12:30:00,23.465233,4.649206
2018-11-06 13:00:00,24.045588,3.1335862
2018-11-06 13:30:00,24.62594,1.7763809
2018-11-06 14:00:00,25.206293,3.4326067
2018-11-06 14:30:00,25.786648,7.820916
2018-11-06 15:00:00,26.367,10.71731
2018-11-06 15:30:00,26.947355,5.919221
2018-11-06 16:00:00,27.527708,4.2590675
2018-11-06 16:30:00,28.10806,3.5845635
2018-11-06 17:00:00,28.688416,3.536999
2018-11-06 17:30:00,29.268768,3.3384035
2018-11-06 18:00:00,29.84913,4.131981
2018-11-06 18:30:00,30.429485,5.216478
2018-11-06 19:00:00,31.009838,5.9198327
2018-11-06 19:30:00,31.59019,4.832797
2018-11-06 20:00:00,32.170544,5.894154
2018-11-06 20:30:00,32.7509,3.382499
2018-11-06 21:00:00,32.729794,5.067719
2018-11-06 21:30:00,32.70869,6.6173763
2018-11-06 22:00:00,32.687588,6.29422
2018-11-06 22:30:00,32.666485,8.038116
2018-11-06 23:00:00,32.64538,7.4491506
2018-11-06 23:30:00,32.624275,7.733149
2018-11-07 00:00:00,32.603172,6.3940506
2018-11-07 00:30:00,32.582066,3.0010204
2018-11-07 01:00:00,32.560963,2.9237573
2018-11-07 01:30:00,32.53986,3.305271
2018-11-07 02:00:00,32.518757,3.202613
2018-11-07 02:30:00,32.49765,4.5387754
2018-11-07 03:00:00,32.476547,5.596217
2018-11-07 03:30:00,32.455444,5.6987224
2018-11-07 04:00:00,32.43434,4.961457
2018-11-07 04:30:00,32.413235,4.7156024
2018-11-07 05:00:00,32.39213,5.0916586
2018-11-07 05:30:00,32.37103,5.2960305
2018-11-07 06:00:00,32.349926,6.822351
2018-11-07 06:30:00,32.32882,7.2980456
2018-11-07 07:00:00,32.307716,7.097445
2018-11-07 07:30:00,32.286613,8.910302
2018-11-07 08:00:00,32.265507,8.595395
2018-11-07 08:30:00,32.244404,8.703978
2018-11-07 09:00:00,32.2233,10.021549
2018-11-07 09:30:00,32.202198,9.224319
2018-11-07 10:00:00,32.18109,10.336417
2018-11-07 10:30:00,32.15999,12.543521
2018-11-07 11:00:00,32.138885,13.296879
2018-11-07 11:30:00,32.117783,12.747403
2018-11-07 12:00:00,32.096676,12.9781
2018-11-07 12:30:00,32.075573,12.77503
2018-11-07 13:00:00,32.05447,14.33212
2018-11-07 13:30:00,32.033367,13.950222
2018-11-07 14:00:00,32.01227,15.983185
2018-11-07 14:30:00,31.991167,16.78409
2018-11-07 15:00:00,31.970062,16.30933
2018-11-07 15:30:00,31.948957,16.275652
2018-11-07 16:00:00,31.927855,15.861097
2018-11-07 16:30:00,31.90675,17.703815
2018-11-07 17:00:00,31.885647,17.89891
2018-11-07 17:30:00,31.864542,19.062963
2018-11-07 18:00:00,31.84344,19.398611
2018-11-07 18:30:00,31.822334,20.457815
2018-11-07 19:00:00,31.801231,20.689249
2018-11-07 19:30:00,31.780127,20.94394
2018-11-07 20:00:00,31.759024,21.856157
2018-11-07 20:30:00,31.737919,20.659332
2018-11-07 21:00:00,31.716816,21.571651
2018-11-07 21:30:00,31.695711,22.954016
2018-11-07 22:00:00,31.674608,22.02185
2018-11-07 22:30:00,31.653503,23.37758
2018-11-07 23:00:00,31.632399,23.003633
2018-11-07 23:30:00,31.611296,21.953218
2018-11-08 00:00:00,31.611296,21.36333
2018-11-08 00:30:00,31.611296,20.977377
2018-11-08 01:00:00,31.611296,23.047922
2018-11-08 01:30:00,31.611296,21.562502
2018-11-08 02:00:00,31.611296,23.027159
2018-11-08 02:30:00,31.611296,22.405523
2018-11-08 03:00:00,31.611296,23.509884
2018-11-08 03:30:00,31.611296,23.371096
2018-11-08 04:00:00,31.611296,22.224415
2018-11-08 04:30:00,31.611296,21.917887
2018-11-08 05:00:00,31.611296,21.156118
2018-11-08 05:30:00,31.611296,20.965069
2018-11-08 06:00:00,31.611296,22.126348
2018-11-08 06:30:00,31.611296,22.041985
2018-11-08 07:00:00,31.611296,22.879965
2018-11-08 07:30:00,31.273632,23.218554
2018-11-08 08:00:00,21.169485,22.98419
2018-11-08 08:30:00,11.065337,24.7043
2018-11-08 09:00:00,0.9611883,25.03118
2018-11-08 09:30:00,0.875239,24.201677
2018-11-08 10:00:00,0.70731205,24.58223
2018-11-08 10:30:00,0.51088387,24.99196
2018-11-08 11:00:00,0.31446007,24.486313
2018-11-08 11:30:00,0.43526804,24.118643
2018-11-08 12:00:00,-0.0033309285,23.842457
2018-11-08 12:30:00,-0.15193227,24.10667
2018-11-08 13:00:00,0.6721432,24.285517
2018-11-08 13:30:00,1.3358856,24.887287
2018-11-08 14:00:00,1.9996281,25.418234
2018-11-08 14:30:00,2.6633706,26.338627
2018-11-08 15:00:00,1.3652345,25.035198
2018-11-08 15:30:00,1.5378104,24.6757
2018-11-08 16:00:00,1.4600711,24.777033
2018-11-08 16:30:00,1.563122,24.968157
2018-11-08 17:00:00,1.2317075,24.844896
2018-11-08 17:30:00,1.4425107,24.77296
2018-11-08 18:00:00,1.6066407,24.838055
2018-11-08 18:30:00,1.331477,24.890923
2018-11-08 19:00:00,1.9702836,25.597368
2018-11-08 19:30:00,1.5116162,26.098951
2018-11-08 20:00:00,0.964828,25.159359
2018-11-08 20:30:00,0.94042087,26.479721
2018-11-08 21:00:00,1.4237444,26.232487
2018-11-08 21:30:00,2.4252021,25.542637
2018-11-08 22:00:00,2.135803,26.33208
2018-11-08 22:30:00,2.5518126,25.44576
2018-11-08 23:00:00,1.296378,25.784813
2018-11-08 23:30:00,0.55243194,25.463718
2018-11-09 00:00:00,0.82049984,25.072304
2018-11-09 00:30:00,3.6508596,24.904144
2018-11-09 01:00:00,6.481219,24.900806
2018-11-09 01:30:00,9.311579,24.889334
2018-11-09 02:00:00,12.141934,24.86634
2018-11-09 02:30:00,14.972294,24.843447
2018-11-09 03:00:00,17.802654,24.81985
2018-11-09 03:30:00,20.633007,24.799892
2018-11-09 04:00:00,23.463367,24.727633
2018-11-09 04:30:00,26.293728,24.645174
2018-11-09 05:00:00,29.124083,24.565653
2018-11-09 05:30:00,31.954447,24.481499
2018-11-09 06:00:00,34.7848,24.397757
2018-11-09 06:30:00,37.615158,24.326536
2018-11-09 07:00:00,40.445522,24.253899
2018-11-09 07:30:00,43.27588,24.131042
2018-11-09 08:00:00,46.10623,22.130245
2018-11-09 08:30:00,48.936596,18.130245
2018-11-09 09:00:00,33.40902,13.603606
2018-11-09 09:30:00,1.7177488,11.194159
2018-11-09 10:00:00,0.66987115,9.516891
2018-11-09 10:30:00,0.9486964,8.116271
2018-11-09 11:00:00,0.72824556,7.5423226
2018-11-09 11:30:00,0.08030702,7.457916
2018-11-09 12:00:00,0.3507868,6.7644353
2018-11-09 12:30:00,0.86385685,5.638587
2018-11-09 13:00:00,1.8224906,4.543713
2018-11-09 13:30:00,0.8195692,4.638475
2018-11-09 14:00:00,1.9391346,4.8824983
2018-11-09 14:30:00,2.3643634,5.3258247
2018-11-09 15:00:00,2.5478802,5.833853
2018-11-09 15:30:00,1.8205069,6.3897862
2018-11-09 16:00:00,2.833714,6.4558682
2018-11-09 16:30:00,2.3738232,5.9803658
2018-11-09 17:00:00,2.646256,5.146691
2018-11-09 17:30:00,2.485888,5.0474367
2018-11-09 18:00:00,8.971967,4.9703093
2018-11-09 18:30:00,3.3940732,4.832701
2018-11-09 19:00:00,-2.183825,5.013085
2018-11-09 19:30:00,-3.3303843,5.389862
2018-11-09 20:00:00,-4.476939,5.077769
2018-11-09 20:30:00,-5.6234984,4.45398
2018-11-09 21:00:00,3.4739144,3.708915
2018-11-09 21:30:00,9.182889,3.8069108
2018-11-09 22:00:00,-9.988393,3.8338783
2018-11-09 22:30:00,1.2631011,4.0841846
2018-11-09 23:00:00,12.514591,4.1002293
2018-11-09 23:30:00,23.766079,4.104961
2018-11-10 00:00:00,35.017574,4.53258
2018-11-10 00:30:00,46.26907,5.3373427
2018-11-10 01:00:00,24.456402,6.208751
2018-11-10 01:30:00,2.643735,7.098926
2018-11-10 02:00:00,3.676866,7.9774218
2018-11-10 02:30:00,2.6945198,8.559331
2018-11-10 03:00:00,0.09540747,9.063518
2018-11-10 03:30:00,3.8898408,9.632062
2018-11-10 04:00:00,7.684278,10.206464
2018-11-10 04:30:00,12.717818,10.794171
2018-11-10 05:00:00,17.751358,11.543488
2018-11-10 05:30:00,4.6247597,12.903262
2018-11-10 06:00:00,3.698044,14.258409
2018-11-10 06:30:00,2.7713242,15.301642
2018-11-10 07:00:00,4.120848,15.981983
2018-11-10 07:30:00,3.2265353,16.616272
2018-11-10 08:00:00,2.265389,16.879421
2018-11-10 08:30:00,2.6666784,17.05225
2018-11-10 09:00:00,1.5375658,16.159702
2018-11-10 09:30:00,1.854046,9.725421
2018-11-10 10:00:00,1.2449335,6.1420617
2018-11-10 10:30:00,1.766681,4.6570926
2018-11-10 11:00:00,0.6140484,2.612909
2018-11-10 11:30:00,1.42374,1.2602524
2018-11-10 12:00:00,2.0113554,1.1771082
2018-11-10 12:30:00,2.148308,1.4112918
2018-11-10 13:00:00,2.2852564,1.4127337
2018-11-10 13:30:00,2.422205,-0.2021098
2018-11-10 14:00:00,2.559153,-0.036424328
2018-11-10 14:30:00,2.6961014,0.5549749
2018-11-10 15:00:00,2.980917,1.5675439
2018-11-10 15:30:00,2.700095,1.9512202
2018-11-10 16:00:00,2.3569007,2.648681
2018-11-10 16:30:00,3.6052306,3.9147854
2018-11-10 17:00:00,4.139824,4.226315
2018-11-10 17:30:00,3.9512432,3.6700323
2018-11-10 18:00:00,3.2901354,4.4107537
2018-11-10 18:30:00,3.1961377,4.3686113
2018-11-10 19:00:00,1.540266,2.9869292
2018-11-10 19:30:00,12.034222,1.7090931
2018-11-10 20:00:00,11.526089,1.3647364
2018-11-10 20:30:00,11.017952,1.3858316
2018-11-10 21:00:00,10.509819,1.7448256
2018-11-10 21:30:00,10.001686,1.6644777
2018-11-10 22:00:00,9.493553,-0.75045794
2018-11-10 22:30:00,8.98542,-0.9588625
2018-11-10 23:00:00,8.4772835,0.6724534
2018-11-10 23:30:00,7.9691505,2.8728588
2018-11-11 00:00:00,7.4610176,3.0920994
2018-11-11 00:30:00,6.952885,4.692777
2018-11-11 01:00:00,6.444752,5.587295
2018-11-11 01:30:00,5.9366155,5.677046
2018-11-11 02:00:00,5.4284825,4.9704447
2018-11-11 02:30:00,4.92035,5.7999206
2018-11-11 03:00:00,2.9021335,5.2888646
2018-11-11 03:30:00,2.2419388,4.9531856
2018-11-11 04:00:00,2.581734,5.3424416
2018-11-11 04:30:00,3.3000712,7.0103593
2018-11-11 05:00:00,4.018409,8.499432
2018-11-11 05:30:00,3.0631568,6.39565
2018-11-11 06:00:00,2.4759872,6.301486
2018-11-11 06:30:00,1.8129698,6.9510193
2018-11-11 07:00:00,2.8766732,7.1520834
2018-11-11 07:30:00,1.6949757,6.1049705
2018-11-11 08:00:00,2.2737868,5.9425797
2018-11-11 08:30:00,3.5099483,5.0391045
2018-11-11 09:00:00,3.6988657,4.7587147
2018-11-11 09:30:00,2.0908468,2.80246
2018-11-11 10:00:00,0.48282397,2.6283329
2018-11-11 10:30:00,-1.1251945,3.1058934
2018-11-11 11:00:00,4.1391554,2.4550447
2018-11-11 11:30:00,-8.079689,1.4008927
2018-11-11 12:00:00,-3.0545127,2.146639
2018-11-11 12:30:00,1.9706638,3.7822587
2018-11-11 13:00:00,-0.004392679,2.9470415
2018-11-11 13:30:00,1.7298692,1.4395484
2018-11-11 14:00:00,2.3589761,1.086287
2018-11-11 14:30:00,2.1904724,0.83309233
2018-11-11 15:00:00,-1.0511518,0.8897583
2018-11-11 15:30:00,2.6476412,0.6388095
2018-11-11 16:00:00,3.0251522,0.40210035
2018-11-11 16:30:00,1.857677,-0.45038897
2018-11-11 17:00:00,2.3013139,0.23348744
2018-11-11 17:30:00,1.682663,0.742778
2018-11-11 18:00:00,3.1258874,0.28667542
2018-11-11 18:30:00,3.0979936,0.57989764
2018-11-11 19:00:00,2.0902526,0.19598974
2018-11-11 19:30:00,5.531787,1.1814556
2018-11-11 20:00:00,1.6120456,1.5726123
2018-11-11 20:30:00,-0.23077269,3.0593073
2018-11-11 21:00:00,20.14251,3.1596537
2018-11-11 21:30:00,18.544584,4.3458343
2018-11-11 22:00:00,16.946655,4.462793
2018-11-11 22:30:00,15.348726,4.775742
2018-11-11 23:00:00,13.750796,5.1234064
2018-11-11 23:30:00,12.152866,5.375181
2018-11-12 00:00:00,10.554936,4.717525
2018-11-12 00:30:00,8.957006,3.6615863
2018-11-12 01:00:00,7.3590765,4.210638
2018-11-12 01:30:00,5.7611513,3.3857977
2018-11-12 02:00:00,4.163222,4.68479
2018-11-12 02:30:00,2.5652921,4.500644
2018-11-12 03:00:00,0.9673622,3.2131171
2018-11-12 03:30:00,-0.63056755,2.994663
2018-11-12 04:00:00,-2.2284973,4.009683
2018-11-12 04:30:00,-3.826427,4.3586016
2018-11-12 05:00:00,1.1714149,4.202983
2018-11-12 05:30:00,-8.770216,4.6250787
2018-11-12 06:00:00,-18.711851,5.089085
2018-11-12 06:30:00,-7.9074893,4.996512
2018-11-12 07:00:00,2.8968728,4.844795
2018-11-12 07:30:00,6.4741755,5.334498
2018-11-12 08:00:00,2.2795675,4.71049
2018-11-12 08:30:00,1.7354839,4.2519107
2018-11-12 09:00:00,1.7379657,1.7570946
2018-11-12 09:30:00,1.7404431,1.3291962
2018-11-12 10:00:00,1.7429249,0.4964869
2018-11-12 10:30:00,1.7454023,0.503255
2018-11-12 11:00:00,0.8727572,1.437049
2018-11-12 11:30:00,-0.30012292,-0.26882964
2018-11-12 12:00:00,1.2578448,-0.020843253
2018-11-12 12:30:00,0.6230187,0.8297891
2018-11-12 13:00:00,1.5110657,0.9997172
2018-11-12 13:30:00,1.2301694,0.19820063
2018-11-12 14:00:00,1.4501483,0.2941339
2018-11-12 14:30:00,1.5110439,0.5644564
2018-11-12 15:00:00,1.5719393,1.1093965
2018-11-12 15:30:00,1.2107389,1.6630839
2018-11-12 16:00:00,2.313937,2.22326
2018-11-12 16:30:00,3.4182663,2.503846
2018-11-12 17:00:00,2.3015454,2.3628342
2018-11-12 17:30:00,2.8324249,2.3857427
2018-11-12 18:00:00,1.9159771,2.6927283
2018-11-12 18:30:00,2.7948225,2.7713678
2018-11-12 19:00:00,2.0174768,1.7084901
2018-11-12 19:30:00,1.67676,2.6186943
2018-11-12 20:00:00,0.53892195,3.3310325
2018-11-12 20:30:00,-0.8356295,3.3670185
2018-11-12 21:00:00,-2.2101767,5.8317294
2018-11-12 21:30:00,-13.683327,5.495727
2018-11-12 22:00:00,0.29735848,6.739106
2018-11-12 22:30:00,2.7900074,7.3709
2018-11-12 23:00:00,2.1120644,8.327345
2018-11-12 23:30:00,3.262766,8.666402
2018-11-13 00:00:00,4.4134674,8.6412735
2018-11-13 00:30:00,5.5641685,6.637213
2018-11-13 01:00:00,6.7148695,4.6584167
2018-11-13 01:30:00,7.865571,4.2092967
2018-11-13 02:00:00,9.016273,3.6738818
2018-11-13 02:30:00,10.166974,3.0839987
2018-11-13 03:00:00,11.317676,2.5919976
2018-11-13 03:30:00,12.468372,2.144747
2018-11-13 04:00:00,13.619074,2.2450848
2018-11-13 04:30:00,3.5415912,1.6427708
2018-11-13 05:00:00,4.38577,0.789613
2018-11-13 05:30:00,5.229944,-0.19327936
2018-11-13 06:00:00,6.074123,-2.2673452
2018-11-13 06:30:00,6.9183016,-1.9259596
2018-11-13 07:00:00,-1.6366873,0.2892315
2018-11-13 07:30:00,1.6458731,1.5661107
2018-11-13 08:00:00,4.928429,1.3340943
2018-11-13 08:30:00,8.210989,0.7638426
2018-11-13 09:00:00,8.652166,1.5300899
2018-11-13 09:30:00,1.2370467,0.69722325
2018-11-13 10:00:00,0.69019735,0.16530822
2018-11-13 10:30:00,0.44452667,0.16897847
2018-11-13 11:00:00,1.0962491,0.5562202
2018-11-13 11:30:00,-0.5858342,0.47476253
2018-11-13 12:00:00,0.25610316,0.30317408
2018-11-13 12:30:00,-0.03954404,1.2246422
2018-11-13 13:00:00,-5.1459904,0.72010547
2018-11-13 13:30:00,-0.20020913,0.2753807
2018-11-13 14:00:00,-1.192028,0.112308085
2018-11-13 14:30:00,-0.5958444,0.97078776
2018-11-13 15:00:00,1.2064177,1.003086
2018-11-13 15:30:00,1.970419,1.2672826
2018-11-13 16:00:00,2.2146566,1.5906315
2018-11-13 16:30:00,3.2122388,1.0450054
2018-11-13 17:00:00,3.2363138,2.041504
2018-11-13 17:30:00,3.2836382,1.9818974
2018-11-13 18:00:00,3.6510081,2.8245513
2018-11-13 18:30:00,3.9631627,3.2542763
2018-11-13 19:00:00,3.8402836,4.0608306
2018-11-13 19:30:00,4.3733873,4.2869396
2018-11-13 20:00:00,4.0156035,4.720365
2018-11-13 20:30:00,3.9984496,4.754376
2018-11-13 21:00:00,3.891606,4.9102044
2018-11-13 21:30:00,3.0120966,2.2199216
2018-11-13 22:00:00,2.489886,2.5720952
2018-11-13 22:30:00,2.735076,4.1864405
2018-11-13 23:00:00,3.5060859,4.1066346
2018-11-13 23:30:00,2.7187696,3.6880383
2018-11-14 00:00:00,2.6554492,4.2614446
2018-11-14 00:30:00,3.0954201,4.778198
2018-11-14 01:00:00,2.9331908,4.137434
2018-11-14 01:30:00,2.608269,3.5370646
2018-11-14 02:00:00,3.6240406,4.2420316
2018-11-14 02:30:00,2.2279305,3.9033158
2018-11-14 03:00:00,2.763892,3.3700857
2018-11-14 03:30:00,4.0316305,3.619693
2018-11-14 04:00:00,2.5116935,3.7336893
2018-11-14 04:30:00,2.4550405,2.391873
2018-11-14 05:00:00,4.317442,1.2897148
2018-11-14 05:30:00,3.6210082,1.839317
2018-11-14 06:00:00,3.3600974,2.0546644
2018-11-14 06:30:00,3.3027322,1.6477257
2018-11-14 07:00:00,2.9377873,1.0048075
2018-11-14 07:30:00,2.7089212,1.4988315
2018-11-14 08:00:00,3.3118904,1.5449107
2018-11-14 08:30:00,2.1053095,2.1786706
2018-11-14 09:00:00,2.341752,2.8912013
2018-11-14 09:30:00,2.0167692,1.7979087
2018-11-14 10:00:00,1.691786,1.9733247
2018-11-14 10:30:00,2.4171758,1.2953163
2018-11-14 11:00:00,1.2045913,0.7576294
2018-11-14 11:30:00,-0.007988648,1.2070818
2018-11-14 12:00:00,-1.3157285,1.7019842
2018-11-14 12:30:00,1.2741163,2.031769
2018-11-14 13:00:00,0.9800595,0.8387375
2018-11-14 13:30:00,0.68600273,1.3889819
2018-11-14 14:00:00,1.5590149,1.2894309
2018-11-14 14:30:00,2.2470727,0.62271285
2018-11-14 15:00:00,2.2730398,1.2758684
2018-11-14 15:30:00,2.0230696,1.8184882
2018-11-14 16:00:00,2.7924936,1.3464333
2018-11-14 16:30:00,3.1319652,1.6192812
2018-11-14 17:00:00,2.420221,1.3928095
2018-11-14 17:30:00,2.3808446,1.1857419
2018-11-14 18:00:00,2.2367916,1.2170876
2018-11-14 18:30:00,2.522726,1.3086253
2018-11-14 19:00:00,2.5037413,1.8870826
2018-11-14 19:30:00,4.080991,1.6290642
2018-11-14 20:00:00,-5.9789095,2.0145843
2018-11-14 20:30:00,-16.03881,2.8265307
2018-11-14 21:00:00,26.736185,2.886194
2018-11-14 21:30:00,-20.485401,2.175599
2018-11-14 22:00:00,-19.213675,2.0063307
2018-11-14 22:30:00,-17.94195,2.8893313
2018-11-14 23:00:00,-16.670225,2.810325
2018-11-14 23:30:00,-15.398501,3.0185502
2018-11-15 00:00:00,10.819876,3.295999
2018-11-15 00:30:00,37.03825,3.4920297
2018-11-15 01:00:00,4.85131,3.1448941
2018-11-15 01:30:00,4.5562134,3.2536995
2018-11-15 02:00:00,30.865055,3.6561947
2018-11-15 02:30:00,3.1082265,3.5019612
2018-11-15 03:00:00,17.181087,3.7767317
2018-11-15 03:30:00,31.253954,3.3567328
2018-11-15 04:00:00,45.326813,2.5555527
2018-11-15 04:30:00,5.7563014,2.853887
2018-11-15 05:00:00,9.1628895,2.2650044
2018-11-15 05:30:00,6.2100487,2.4917166
2018-11-15 06:00:00,3.2572124,2.5265012
2018-11-15 06:30:00,3.2443883,3.1405072
2018-11-15 07:00:00,3.0612605,3.4711747
2018-11-15 07:30:00,3.4069104,2.516775
2018-11-15 08:00:00,15.154417,2.7991393
2018-11-15 08:30:00,26.901922,2.2094395
2018-11-15 09:00:00,38.649426,1.9819498
2018-11-15 09:30:00,33.288967,1.2775288
2018-11-15 10:00:00,17.72619,1.6586665
2018-11-15 10:30:00,2.163413,1.3542544
2018-11-15 11:00:00,2.5773647,1.242456
2018-11-15 11:30:00,2.559791,1.096118
2018-11-15 12:00:00,2.2192137,0.4087898
2018-11-15 12:30:00,2.162526,0.9059074
2018-11-15 13:00:00,2.1529572,0.2834902
2018-11-15 13:30:00,2.1096394,0.80163306
2018-11-15 14:00:00,2.8053832,1.2533357
2018-11-15 14:30:00,2.3537505,1.156179
2018-11-15 15:00:00,2.8863645,1.4817474
2018-11-15 15:30:00,2.208426,1.4930772
2018-11-15 16:00:00,2.005754,1.8808258
2018-11-15 16:30:00,2.8230526,2.0600693
2018-11-15 17:00:00,3.6403558,2.1916652
2018-11-15 17:30:00,7.007458,2.1214805
2018-11-15 18:00:00,10.374561,2.1689358
2018-11-15 18:30:00,13.741664,2.5059738
2018-11-15 19:00:00,17.108767,2.4739466
2018-11-15 19:30:00,20.475868,2.4087036
2018-11-15 20:00:00,23.842972,1.2149422
2018-11-15 20:30:00,27.210073,-0.65694964
2018-11-15 21:00:00,22.984095,3.0237453
2018-11-15 21:30:00,18.758118,0.5837776
2018-11-15 22:00:00,14.53214,-1.2618763
2018-11-15 22:30:00,10.306164,-2.747256
2018-11-15 23:00:00,6.080183,-1.9679272
2018-11-15 23:30:00,1.8542076,-2.4028952
2018-11-16 00:00:00,-2.3717723,1.1107291
2018-11-16 00:30:00,9.428293,4.278734
2018-11-16 01:00:00,2.2182832,4.691877
2018-11-16 01:30:00,2.2387972,3.0511541
2018-11-16 02:00:00,2.259307,4.161579
2018-11-16 02:30:00,2.279821,5.3349786
2018-11-16 03:00:00,2.3003309,5.4587493
2018-11-16 03:30:00,2.320845,5.504649
2018-11-16 04:00:00,2.3413546,8.121715
2018-11-16 04:30:00,3.0021172,6.1545496
2018-11-16 05:00:00,9.194865,3.422225
2018-11-16 05:30:00,6.1984787,3.2891
2018-11-16 06:00:00,-7.604528,3.802113
2018-11-16 06:30:00,2.068952,0.014994094
2018-11-16 07:00:00,2.0601523,-0.061246563
2018-11-16 07:30:00,2.1185224,2.5122614
2018-11-16 08:00:00,2.1367686,3.9247475
2018-11-16 08:30:00,1.3246565,4.215099
2018-11-16 09:00:00,1.2138892,6.290445
2018-11-16 09:30:00,0.75890523,6.8657475
2018-11-16 10:00:00,0.38917583,5.0351634
2018-11-16 10:30:00,0.083789386,2.5866668
2018-11-16 11:00:00,0.41987485,2.494771
2018-11-16 11:30:00,-1.1484264,2.4914763
2018-11-16 12:00:00,0.3226788,1.6387117
2018-11-16 12:30:00,0.7540727,1.4850419
2018-11-16 13:00:00,-0.058004513,2.6902378
2018-11-16 13:30:00,0.39604008,1.3308259
2018-11-16 14:00:00,0.7353807,0.88761294
2018-11-16 14:30:00,1.0747213,-0.42221108
2018-11-16 15:00:00,2.0158253,-0.20651409
2018-11-16 15:30:00,30.392101,0.93993145
2018-11-16 16:00:00,16.311886,0.77517664
2018-11-16 16:30:00,2.2316751,0.80204815
2018-11-16 17:00:00,1.2586925,2.1008265
2018-11-16 17:30:00,2.0506752,3.1652117
2018-11-16 18:00:00,3.625583,3.0733593
2018-11-16 18:30:00,1.9209582,2.1691718
2018-11-16 19:00:00,3.2029846,2.3438625
2018-11-16 19:30:00,2.5365767,0.9078474
2018-11-16 20:00:00,2.5258238,2.3421628
2018-11-16 20:30:00,1.3171281,3.2101197
2018-11-16 21:00:00,0.52284276,4.805952
2018-11-16 21:30:00,3.340042,5.8271546
2018-11-16 22:00:00,4.3670735,4.002325
2018-11-16 22:30:00,2.9052837,3.6533806
2018-11-16 23:00:00,3.1519244,2.9108067
2018-11-16 23:30:00,3.7425022,1.7385424
2018-11-17 00:00:00,2.5297432,0.12866254
2018-11-17 00:30:00,2.8382711,3.344809
2018-11-17 01:00:00,2.7801633,1.4785141
2018-11-17 01:30:00,1.6298857,1.4169413
2018-11-17 02:00:00,2.6090379,3.3301892
2018-11-17 02:30:00,1.9810759,1.5544795
2018-11-17 03:00:00,2.654335,3.8248336
2018-11-17 03:30:00,2.2810445,4.0913463
2018-11-17 04:00:00,2.5006783,3.9350111
2018-11-17 04:30:00,2.0922756,4.5229893
2018-11-17 05:00:00,1.8613865,4.3492465
2018-11-17 05:30:00,2.0973704,7.332638
2018-11-17 06:00:00,2.2480297,1.8823594
2018-11-17 06:30:00,1.7258669,1.8584416
2018-11-17 07:00:00,2.1628318,4.9820013
2018-11-17 07:30:00,2.2504852,4.4621897
2018-11-17 08:00:00,1.8118206,3.5328305
2018-11-17 08:30:00,1.2845241,4.016001
2018-11-17 09:00:00,1.5099996,5.0158725
2018-11-17 09:30:00,-0.89793634,0.9260457
2018-11-17 10:00:00,-1.0884528,0.2705613
2018-11-17 10:30:00,-1.2789649,0.79680055
2018-11-17 11:00:00,-1.4694813,0.64536786
2018-11-17 11:30:00,-1.6599934,-0.4797553
2018-11-17 12:00:00,-0.7581305,0.86550844
2018-11-17 12:30:00,0.058997743,1.1643147
2018-11-17 13:00:00,0.44625694,-0.5488521
2018-11-17 13:30:00,0.33640292,0.6066249
2018-11-17 14:00:00,0.19805644,-0.1924754
2018-11-17 14:30:00,0.059705578,-0.27790478
2018-11-17 15:00:00,20.933432,0.6380536
2018-11-17 15:30:00,20.541456,3.289821
2018-11-17 16:00:00,20.149483,4.426029
2018-11-17 16:30:00,19.75751,3.380926
2018-11-17 17:00:00,19.365536,1.9628819
2018-11-17 17:30:00,18.973562,3.2484388
2018-11-17 18:00:00,18.581589,3.4918897
2018-11-17 18:30:00,18.189615,3.6412382
2018-11-17 19:00:00,17.797646,3.563311
2018-11-17 19:30:00,17.405672,3.9388866
2018-11-17 20:00:00,17.013699,3.1385324
2018-11-17 20:30:00,16.621725,5.0726695
2018-11-17 21:00:00,16.229752,1.3710719
2018-11-17 21:30:00,15.837778,1.1193717
2018-11-17 22:00:00,15.445804,1.5270488
2018-11-17 22:30:00,15.05383,1.6377592
2018-11-17 23:00:00,14.661857,2.16863
2018-11-17 23:30:00,14.269883,3.974204
2018-11-18 00:00:00,13.877909,5.310934
2018-11-18 00:30:00,13.48594,4.034562
2018-11-18 01:00:00,13.0939665,4.170449
2018-11-18 01:30:00,12.701992,4.53133
2018-11-18 02:00:00,12.310019,3.8897097
2018-11-18 02:30:00,11.918045,4.124881
2018-11-18 03:00:00,11.526072,4.8273177
2018-11-18 03:30:00,11.134097,5.0092487
2018-11-18 04:00:00,10.742124,2.2269912
2018-11-18 04:30:00,10.35015,2.170015
2018-11-18 05:00:00,9.958177,1.8846883
2018-11-18 05:30:00,9.566202,1.3794961
2018-11-18 06:00:00,9.174233,0.8783325
2018-11-18 06:30:00,8.782259,1.6977197
2018-11-18 07:00:00,8.3902855,2.7729669
2018-11-18 07:30:00,7.9983115,2.7940795
2018-11-18 08:00:00,7.606338,3.2440171
2018-11-18 08:30:00,7.214364,3.8093662
2018-11-18 09:00:00,6.8223906,4.1971936
2018-11-18 09:30:00,6.4304166,1.8796241
2018-11-18 10:00:00,6.038443,0.5981484
2018-11-18 10:30:00,5.646469,0.23589931
2018-11-18 11:00:00,5.2544956,-0.19366823
2018-11-18 11:30:00,4.862526,0.99135864
2018-11-18 12:00:00,4.4705524,0.6141052
2018-11-18 12:30:00,4.078579,1.883893
2018-11-18 13:00:00,3.6866052,1.3583004
2018-11-18 13:30:00,3.2946315,2.3661985
2018-11-18 14:00:00,2.9026577,1.978179
2018-11-18 14:30:00,1.8918802,2.119182
2018-11-18 15:00:00,0.8811026,4.4382544
2018-11-18 15:30:00,-0.12967922,5.229621
2018-11-18 16:00:00,-1.2926409,5.47669
2018-11-18 16:30:00,0.9806756,5.2246094
2018-11-18 17:00:00,1.7365413,6.4859247
2018-11-18 17:30:00,1.2025508,6.5622005
2018-11-18 18:00:00,0.6670005,7.7029834
2018-11-18 18:30:00,0.97298557,7.1620455
2018-11-18 19:00:00,1.2774676,7.5564704
2018-11-18 19:30:00,1.6408963,7.2506557
2018-11-18 20:00:00,2.0043252,7.268933
2018-11-18 20:30:00,2.3677497,8.242134
2018-11-18 21:00:00,0.7656908,6.7764816
2018-11-18 21:30:00,1.2770699,6.3016043
2018-11-18 22:00:00,1.1525917,6.368901
2018-11-18 22:30:00,1.66325,7.1156564
2018-11-18 23:00:00,-1.1794007,7.160643
2018-11-18 23:30:00,-0.90891653,6.4072504
2018-11-19 00:00:00,-0.6384324,7.349661
2018-11-19 00:30:00,-0.3679482,6.406678
2018-11-19 01:00:00,-0.09746405,5.5219693
2018-11-19 01:30:00,0.17302011,6.3545384
2018-11-19 02:00:00,0.44350863,6.3893666
2018-11-19 02:30:00,1.2531915,6.7766128
2018-11-19 03:00:00,2.0628743,6.680933
2018-11-19 03:30:00,2.8725574,6.5081778
2018-11-19 04:00:00,5.732663,5.9311404
2018-11-19 04:30:00,3.7396533,5.6704745
2018-11-19 05:00:00,1.7466432,4.9380894
2018-11-19 05:30:00,9.788816,3.6609135
2018-11-19 06:00:00,1.287954,3.7581227
2018-11-19 06:30:00,2.3287227,3.7283237
2018-11-19 07:00:00,-2.3488202,3.9966187
2018-11-19 07:30:00,3.3763993,2.9533553
2018-11-19 08:00:00,23.576206,2.6615574
2018-11-19 08:30:00,19.422136,1.843079
2018-11-19 09:00:00,10.807227,1.769036
2018-11-19 09:30:00,2.1923206,1.9228718
2018-11-19 10:00:00,-6.4225903,0.7177941
2018-11-19 10:30:00,-4.2247844,1.1989461
2018-11-19 11:00:00,-5.384242,1.1289011
2018-11-19 11:30:00,-2.5578845,0.7448578
2018-11-19 12:00:00,0.5637223,0.70784944
2018-11-19 12:30:00,-1.3584082,0.6729297
2018-11-19 13:00:00,-1.2077882,1.3667856
2018-11-19 13:30:00,-0.89085364,1.6613711
2018-11-19 14:00:00,-1.364001,2.7534623
2018-11-19 14:30:00,-0.9359103,3.098968
2018-11-19 15:00:00,-0.3582133,4.231471
2018-11-19 15:30:00,0.4085801,3.177568
2018-11-19 16:00:00,0.89173764,1.9037429
2018-11-19 16:30:00,1.3748908,2.7677763
2018-11-19 17:00:00,1.746215,2.7988684
2018-11-19 17:30:00,2.1175392,3.268468
2018-11-19 18:00:00,5.069777,3.0164442
2018-11-19 18:30:00,1.3570857,3.8083088
2018-11-19 19:00:00,2.6112008,3.4578526
2018-11-19 19:30:00,3.8653114,3.687147
2018-11-19 20:00:00,2.4242148,4.018649
2018-11-19 20:30:00,2.2987883,3.7800043
2018-11-19 21:00:00,-10.745608,3.7867463
2018-11-19 21:30:00,1.366471,3.8004396
2018-11-19 22:00:00,2.161355,3.8896573
2018-11-19 22:30:00,1.7140653,4.2360587
2018-11-19 23:00:00,0.56341213,3.8335724
2018-11-19 23:30:00,1.9650098,3.578123
2018-11-20 00:00:00,3.3666034,3.6691716
2018-11-20 00:30:00,1.9185026,3.2174077
2018-11-20 01:00:00,2.1666987,3.314831
2018-11-20 01:30:00,1.3105085,3.3308794
2018-11-20 02:00:00,3.1743915,3.2074063
2018-11-20 02:30:00,2.8681006,3.3148658
2018-11-20 03:00:00,-11.4445505,3.5822697
2018-11-20 03:30:00,-10.0520935,3.7223551
2018-11-20 04:00:00,-8.6596365,4.307135
2018-11-20 04:30:00,-7.2671795,3.946804
2018-11-20 05:00:00,-5.874718,3.5434918
2018-11-20 05:30:00,-4.4822607,4.057894
2018-11-20 06:00:00,-3.0898037,3.4541912
2018-11-20 06:30:00,-1.6973469,3.3268642
2018-11-20 07:00:00,-0.30488986,2.3375227
2018-11-20 07:30:00,1.0875672,2.9797635
2018-11-20 08:00:00,11.489932,5.14455
2018-11-20 08:30:00,7.4817767,5.7334146
2018-11-20 09:00:00,3.4736216,4.8361964
2018-11-20 09:30:00,-0.53453374,3.7490344
2018-11-20 10:00:00,-0.70835495,2.3519282
2018-11-20 10:30:00,-0.93109965,1.8139223
2018-11-20 11:00:00,-1.2092869,0.6329764
2018-11-20 11:30:00,-1.0917648,0.5194434
2018-11-20 12:00:00,0.30343187,1.1666523
2018-11-20 12:30:00,-1.9388928,1.1763654
2018-11-20 13:00:00,-1.3826057,1.371308
2018-11-20 13:30:00,-0.79453146,1.5482925
2018-11-20 14:00:00,-1.9986523,1.4035887
2018-11-20 14:30:00,-0.32739198,2.2936502
2018-11-20 15:00:00,0.9716398,2.0497968
2018-11-20 15:30:00,0.26412964,2.4496224
2018-11-20 16:00:00,1.765475,2.855329
2018-11-20 16:30:00,5.161057,2.8307645
2018-11-20 17:00:00,2.0397518,3.181885
2018-11-20 17:30:00,2.8135102,3.3613951
2018-11-20 18:00:00,3.5737233,3.20028
2018-11-20 18:30:00,3.167641,3.3670053
2018-11-20 19:00:00,1.667025,3.2336442
2018-11-20 19:30:00,3.3573053,3.2067814
2018-11-20 20:00:00,2.3954775,3.2754676
2018-11-20 20:30:00,2.4056625,3.1654737
2018-11-20 21:00:00,2.2165005,1.69363
2018-11-20 21:30:00,2.1383286,2.1070702
2018-11-20 22:00:00,2.5926354,2.1263828
2018-11-20 22:30:00,1.9200013,2.3565466
2018-11-20 23:00:00,1.7847046,1.8106627
2018-11-20 23:30:00,1.2661816,2.120589
2018-11-21 00:00:00,1.6306459,2.590975
2018-11-21 00:30:00,1.4729345,2.2271442
2018-11-21 01:00:00,1.7564917,2.1418939
2018-11-21 01:30:00,3.4437222,3.0690684
2018-11-21 02:00:00,1.5586172,2.7207663
2018-11-21 02:30:00,1.2897235,3.7019591
2018-11-21 03:00:00,1.3739339,1.7706659
2018-11-21 03:30:00,1.021057,1.044184
2018-11-21 04:00:00,1.5720443,0.9797449
2018-11-21 04:30:00,1.6860011,1.1003911
2018-11-21 05:00:00,2.2522154,1.1418825
2018-11-21 05:30:00,2.9893892,1.534765
2018-11-21 06:00:00,1.3816763,2.032289
2018-11-21 06:30:00,2.0664005,2.387285
2018-11-21 07:00:00,2.3309512,2.5617661
2018-11-21 07:30:00,1.3944699,2.6921341
2018-11-21 08:00:00,0.68474,4.654222
2018-11-21 08:30:00,0.8920566,3.9735923
2018-11-21 09:00:00,-0.27103618,3.1210287
2018-11-21 09:30:00,-1.434129,2.0528903
2018-11-21 10:00:00,-1.3040318,1.9097682
2018-11-21 10:30:00,-1.173939,2.0663655
2018-11-21 11:00:00,-1.8392806,1.106801
2018-11-21 11:30:00,-1.2997979,0.87984866
2018-11-21 12:00:00,-3.3364575,1.0329286
2018-11-21 12:30:00,-8.313043,0.3829277
2018-11-21 13:00:00,0.041384924,1.0636363
2018-11-21 13:30:00,-3.856309,0.3194193
2018-11-21 14:00:00,-3.5690813,0.25245914
2018-11-21 14:30:00,-0.80534124,-0.1357963
2018-11-21 15:00:00,0.41651043,-0.030473284
2018-11-21 15:30:00,0.59172547,0.68590665
2018-11-21 16:00:00,1.01584,1.2967888
2018-11-21 16:30:00,1.439959,2.45411
2018-11-21 17:00:00,2.5952964,2.2444992
2018-11-21 17:30:00,2.030917,2.0995812
2018-11-21 18:00:00,1.7031201,2.2175665
2018-11-21 18:30:00,1.5730623,2.9766657
2018-11-21 19:00:00,2.4756289,2.5189378
2018-11-21 19:30:00,2.0454187,3.1155672
2018-11-21 20:00:00,1.6163406,2.6217833
2018-11-21 20:30:00,0.7841163,2.9969525
2018-11-21 21:00:00,0.62546116,2.5532238
2018-11-21 21:30:00,1.6976192,1.6238734
2018-11-21 22:00:00,1.9463571,1.9359406
2018-11-21 22:30:00,1.9431456,1.3047978
2018-11-21 23:00:00,2.0564165,1.7052175
2018-11-21 23:30:00,1.846037,1.8848193
2018-11-22 00:00:00,1.4788942,2.1867104
2018-11-22 00:30:00,1.8560603,1.8507646
2018-11-22 01:00:00,1.5576603,1.7882437
2018-11-22 01:30:00,1.4368131,1.759974
2018-11-22 02:00:00,1.3159702,0.6312636
2018-11-22 02:30:00,1.1951272,1.1217879
2018-11-22 03:00:00,1.07428,0.4265075
2018-11-22 03:30:00,0.9534371,0.20204128
2018-11-22 04:00:00,0.8325898,0.963172
2018-11-22 04:30:00,0.71174693,0.86250675
2018-11-22 05:00:00,0.590904,1.2804868
2018-11-22 05:30:00,0.47005674,0.9144451
2018-11-22 06:00:00,0.34921384,2.1124358
2018-11-22 06:30:00,0.22837095,2.253417
2018-11-22 07:00:00,0.10752366,2.8416355
2018-11-22 07:30:00,-0.013319246,3.5328655
2018-11-22 08:00:00,-0.13416216,2.7485511
2018-11-22 08:30:00,-0.2550094,1.8839542
2018-11-22 09:00:00,-0.37585235,0.63938624
2018-11-22 09:30:00,-0.49669963,0.5247041
2018-11-22 10:00:00,-1.505039,0.13394508
2018-11-22 10:30:00,-1.1738997,0.40250233
2018-11-22 11:00:00,-1.1070924,0.37794226
2018-11-22 11:30:00,-2.1722026,0.32536596
2018-11-22 12:00:00,-1.600601,-0.48881295
2018-11-22 12:30:00,-1.1998622,-1.2646203
2018-11-22 13:00:00,-0.37322637,-0.07331906
2018-11-22 13:30:00,-1.0484821,-0.39297143
2018-11-22 14:00:00,-0.7966812,-0.3616782
2018-11-22 14:30:00,-0.62681866,-0.28954473
2018-11-22 15:00:00,-0.116042495,0.42062637
2018-11-22 15:30:00,0.5267402,1.2724909
2018-11-22 16:00:00,1.0676124,0.95995617
2018-11-22 16:30:00,2.5454946,1.1943146
2018-11-22 17:00:00,1.8270959,2.2656949
2018-11-22 17:30:00,0.3744031,2.3267171
2018-11-22 18:00:00,-1.4307908,2.426111
2018-11-22 18:30:00,-2.1456852,2.2931082
2018-11-22 19:00:00,-0.42312425,2.5995784
2018-11-22 19:30:00,-9.149833,2.2757661
2018-11-22 20:00:00,8.654311,2.313347
2018-11-22 20:30:00,2.2154825,1.0454336
2018-11-22 21:00:00,-0.41468707,1.918035
2018-11-22 21:30:00,-3.0448608,1.828044
2018-11-22 22:00:00,-1.2451899,1.6448681
2018-11-22 22:30:00,0.55448556,1.3731431
2018-11-22 23:00:00,-0.16365959,1.5372119
2018-11-22 23:30:00,-0.88180035,2.161722
2018-11-23 00:00:00,-1.5999455,1.8631823
2018-11-23 00:30:00,-2.3180904,2.002158
2018-11-23 01:00:00,-2.1606371,1.6306765
2018-11-23 01:30:00,-14.907687,1.5250257
2018-11-23 02:00:00,-10.424597,1.3772284
2018-11-23 02:30:00,-9.749678,0.62087333
2018-11-23 03:00:00,-9.074755,0.85284173
2018-11-23 03:30:00,-8.399836,1.1874547
2018-11-23 04:00:00,-7.7249117,1.3111814
2018-11-23 04:30:00,-7.0499883,1.5290238
2018-11-23 05:00:00,-6.375069,1.5417472
2018-11-23 05:30:00,-5.7001452,1.575448
2018-11-23 06:00:00,-5.025226,1.8335756
2018-11-23 06:30:00,-4.350302,1.9229462
2018-11-23 07:00:00,-3.675383,1.6705555
2018-11-23 07:30:00,-3.0004594,2.1090932
2018-11-23 08:00:00,-2.3255358,1.3830265
2018-11-23 08:30:00,-1.6506168,0.7560783
2018-11-23 09:00:00,-0.97569317,0.51525325
2018-11-23 09:30:00,-0.30077395,0.049546856
2018-11-23 10:00:00,-0.21700488,0.06977254
2018-11-23 10:30:00,-0.4618148,-0.41298303
2018-11-23 11:00:00,-0.62476504,-0.3619185
2018-11-23 11:30:00,1.7360344,-0.64361876
2018-11-23 12:00:00,-2.1772406,-0.6441431
2018-11-23 12:30:00,-2.2166214,-0.82771665
2018-11-23 13:00:00,-0.5981907,-0.3252816
2018-11-23 13:30:00,-1.3078812,-0.04518923
2018-11-23 14:00:00,-1.2562268,-0.0610849
2018-11-23 14:30:00,-0.21711849,0.46100783
2018-11-23 15:00:00,0.31300947,0.6507946
2018-11-23 15:30:00,1.1032094,1.2871631
2018-11-23 16:00:00,1.9077802,1.4724845
2018-11-23 16:30:00,0.85473806,1.8572094
2018-11-23 17:00:00,0.7612647,2.0421157
2018-11-23 17:30:00,1.1937335,1.8907878
2018-11-23 18:00:00,1.6262022,1.8036456
2018-11-23 18:30:00,1.4412348,1.2755581
2018-11-23 19:00:00,0.7481042,1.7008612
2018-11-23 19:30:00,1.5999119,0.48043394
2018-11-23 20:00:00,1.7234944,2.0708308
2018-11-23 20:30:00,2.0109098,2.2618673
2018-11-23 21:00:00,2.2419782,1.9157717
2018-11-23 21:30:00,1.7711464,1.1615926
2018-11-23 22:00:00,1.8808432,1.4305344
2018-11-23 22:30:00,1.9905399,1.4890792
2018-11-23 23:00:00,-3.4583447,1.6312838
2018-11-23 23:30:00,-6.174337,0.9650814
2018-11-24 00:00:00,25.02072,1.5725774
2018-11-24 00:30:00,22.666538,1.1483928
2018-11-24 01:00:00,1.2667277,1.4665246
2018-11-24 01:30:00,1.3447948,-0.6240179
2018-11-24 02:00:00,1.4228618,-1.0079128
2018-11-24 02:30:00,1.5009289,-1.0274786
2018-11-24 03:00:00,1.5789915,-1.0690616
2018-11-24 03:30:00,1.6570586,-1.3408129
2018-11-24 04:00:00,1.7351257,-1.2629426
2018-11-24 04:30:00,1.8131926,-0.904971
2018-11-24 05:00:00,1.8912597,-0.89929086
2018-11-24 05:30:00,1.9693267,-1.640174
2018-11-24 06:00:00,2.0473895,-1.2029558
2018-11-24 06:30:00,3.7726245,-0.98413473
2018-11-24 07:00:00,1.2153311,-1.0019267
2018-11-24 07:30:00,-1.3419664,-1.1413873
2018-11-24 08:00:00,4.8550806,-0.5803201
2018-11-24 08:30:00,11.052129,-0.5734253
2018-11-24 09:00:00,6.0291057,-0.29290912
2018-11-24 09:30:00,1.1133857,-0.20291813
2018-11-24 10:00:00,0.7628551,-0.2728407
2018-11-24 10:30:00,0.4123246,-0.10822137
2018-11-24 11:00:00,-0.25895494,-0.2340191
2018-11-24 11:30:00,-0.8434725,0.36457208
2018-11-24 12:00:00,-0.7919798,-0.21206753
2018-11-24 12:30:00,-1.2577255,-0.05912743
2018-11-24 13:00:00,-2.3593676,0.119106784
2018-11-24 13:30:00,-3.1720042,0.4567652
2018-11-24 14:00:00,-0.14879945,0.6484701
2018-11-24 14:30:00,-1.1022118,1.1528627
2018-11-24 15:00:00,0.28735268,1.2896842
2018-11-24 15:30:00,1.301381,1.8288043
2018-11-24 16:00:00,0.73525834,2.2974076
2018-11-24 16:30:00,0.8732422,2.3063211
2018-11-24 17:00:00,1.0112216,2.5888166
2018-11-24 17:30:00,0.3415369,2.0519555
2018-11-24 18:00:00,2.3967142,2.7255857
2018-11-24 18:30:00,1.9412581,2.3539383
2018-11-24 19:00:00,0.6460495,2.802945
2018-11-24 19:30:00,-0.6491635,2.5269861
2018-11-24 20:00:00,-1.9443765,2.5185096
2018-11-24 20:30:00,-0.5834922,2.9675643
2018-11-24 21:00:00,-0.8098766,2.5639288
2018-11-24 21:30:00,-1.0362654,2.6966083
2018-11-24 22:00:00,-0.7886372,2.2325578
2018-11-24 22:30:00,-0.5410135,2.3521686
2018-11-24 23:00:00,0.31027424,1.1857157
2018-11-24 23:30:00,0.36673054,0.16553105
2018-11-25 00:00:00,0.42319116,2.9369352
2018-11-25 00:30:00,0.47964746,2.816101
2018-11-25 01:00:00,0.5361081,2.11989
2018-11-25 01:30:00,0.59256434,-0.31323093
2018-11-25 02:00:00,0.649025,-0.12932092
2018-11-25 02:30:00,0.7054813,0.4125431
2018-11-25 03:00:00,0.7619419,-0.65100294
2018-11-25 03:30:00,0.81839824,-1.0834718
2018-11-25 04:00:00,0.87485886,-0.62475634
2018-11-25 04:30:00,0.9313151,-0.19992949
2018-11-25 05:00:00,0.98777574,-0.41242376
2018-11-25 05:30:00,1.044232,-0.6900037
2018-11-25 06:00:00,2.7185774,-0.64114136
2018-11-25 06:30:00,4.392918,-0.39127612
2018-11-25 07:00:00,3.004197,-0.049091052
2018-11-25 07:30:00,1.7676598,-0.31423151
2018-11-25 08:00:00,-2.4979284,1.0796499
2018-11-25 08:30:00,-1.7449465,1.8368046
2018-11-25 09:00:00,-0.9919602,2.147963
2018-11-25 09:30:00,-0.23897831,1.298768
2018-11-25 10:00:00,0.5140036,0.3501489
2018-11-25 10:30:00,1.2075056,1.0121261
2018-11-25 11:00:00,-2.623394,0.60647637
2018-11-25 11:30:00,-2.5947835,0.3672767
2018-11-25 12:00:00,-6.315279,0.45106322
2018-11-25 12:30:00,-2.7431226,0.27082348
2018-11-25 13:00:00,0.669692,-0.19197293
2018-11-25 13:30:00,-1.0267751,-0.34473827
2018-11-25 14:00:00,-2.7418032,0.0014491323
2018-11-25 14:30:00,-0.22895941,-0.34898964
2018-11-25 15:00:00,0.60969657,0.023724042
2018-11-25 15:30:00,0.5090182,0.6132008
2018-11-25 16:00:00,0.8289327,1.0836698
2018-11-25 16:30:00,1.1655992,0.42610115
2018-11-25 17:00:00,1.5022658,0.23353551
2018-11-25 17:30:00,2.8997433,0.97480756
2018-11-25 18:00:00,4.297225,0.6234862
2018-11-25 18:30:00,1.1057743,1.5659491
2018-11-25 19:00:00,-2.0856721,0.89916986
2018-11-25 19:30:00,-0.94793475,1.2196306
2018-11-25 20:00:00,-15.625339,1.0770065
2018-11-25 20:30:00,-13.872703,0.82825106
2018-11-25 21:00:00,-12.120068,0.6254524
2018-11-25 21:30:00,-10.367437,0.8653905
2018-11-25 22:00:00,-8.614802,1.1620382
2018-11-25 22:30:00,-6.862168,0.85828596
2018-11-25 23:00:00,-5.109533,1.4624
2018-11-25 23:30:00,-3.3569016,1.2351592
2018-11-26 00:00:00,-1.6042668,1.2346917
2018-11-26 00:30:00,0.14836828,0.72598225
2018-11-26 01:00:00,1.9010034,-0.57881707
2018-11-26 01:30:00,3.6536386,0.013058476
2018-11-26 02:00:00,5.138957,0.4947304
2018-11-26 02:30:00,6.6242757,0.90055496
2018-11-26 03:00:00,4.2719746,0.9526157
2018-11-26 03:30:00,6.6985326,0.83855397
2018-11-26 04:00:00,7.9777102,0.64079756
2018-11-26 04:30:00,9.256884,0.9445979
2018-11-26 05:00:00,1.1712488,1.8937502
2018-11-26 05:30:00,0.76670015,1.3961083
2018-11-26 06:00:00,1.3683892,1.1633753
2018-11-26 06:30:00,1.9700782,1.8622735
2018-11-26 07:00:00,2.5717676,2.0872204
2018-11-26 07:30:00,5.86789,2.208911
2018-11-26 08:00:00,6.1607537,1.2403936
2018-11-26 08:30:00,-3.2017071,1.7543857
2018-11-26 09:00:00,-9.173012,1.39672
2018-11-26 09:30:00,-15.14432,0.22000365
2018-11-26 10:00:00,-12.264916,0.78649324
2018-11-26 10:30:00,10.216575,1.2158729
2018-11-26 11:00:00,-1.3463707,0.73053074
2018-11-26 11:30:00,-0.37347105,0.21221311
2018-11-26 12:00:00,-4.479897,-0.43417433
2018-11-26 12:30:00,-2.3546226,-0.32493204
2018-11-26 13:00:00,-1.5158356,0.26816255
2018-11-26 13:30:00,-2.373948,0.12241001
2018-11-26 14:00:00,-1.0262028,-0.3728244
2018-11-26 14:30:00,0.23186205,-0.03992417
2018-11-26 15:00:00,-0.0833336,0.6360175
2018-11-26 15:30:00,0.87095267,1.5872059
2018-11-26 16:00:00,2.02383,0.83193004
2018-11-26 16:30:00,1.7455683,1.5866772
2018-11-26 17:00:00,2.277007,1.6787698
2018-11-26 17:30:00,-1.6347604,1.5439756
2018-11-26 18:00:00,-0.9676361,1.8751324
2018-11-26 18:30:00,-0.30051616,1.7900002
2018-11-26 19:00:00,13.436191,1.5288839
2018-11-26 19:30:00,-1.2501272,1.2035426
2018-11-26 20:00:00,-2.631368,-0.5740064
2018-11-26 20:30:00,-4.0126047,-1.5967253
2018-11-26 21:00:00,-5.7775354,-2.332317
2018-11-26 21:30:00,-7.5424614,-2.1134655
2018-11-26 22:00:00,-0.4030122,-1.6415722
2018-11-26 22:30:00,6.295111,-1.6638733
2018-11-26 23:00:00,5.762838,-0.80796283
2018-11-26 23:30:00,4.4886723,1.1502717
2018-11-27 00:00:00,3.2145064,0.73826885
2018-11-27 00:30:00,1.9403405,0.06009882
2018-11-27 01:00:00,0.6661747,0.5460134
2018-11-27 01:30:00,-3.1937418,1.3158172
2018-11-27 02:00:00,-3.389567,1.872489
2018-11-27 02:30:00,26.73622,2.3122635
2018-11-27 03:00:00,3.1949232,2.6851082
2018-11-27 03:30:00,2.8988652,2.8540487
2018-11-27 04:00:00,2.602803,3.1488266
2018-11-27 04:30:00,2.306745,3.5490277
2018-11-27 05:00:00,2.0106826,2.9011984
2018-11-27 05:30:00,1.7146246,2.3061244
2018-11-27 06:00:00,1.4185624,2.4176433
2018-11-27 06:30:00,1.1225045,2.2224908
2018-11-27 07:00:00,0.82644653,1.8192136
2018-11-27 07:30:00,0.53038424,2.3722022
2018-11-27 08:00:00,0.23432636,2.4546998
2018-11-27 08:30:00,-0.06173593,1.2414861
2018-11-27 09:00:00,-0.35779387,-0.56114745
2018-11-27 09:30:00,-0.65385616,-1.9254528
2018-11-27 10:00:00,-0.94991404,-2.339828
2018-11-27 10:30:00,-1.1109549,0.5412027
2018-11-27 11:00:00,0.7596786,0.3332264
2018-11-27 11:30:00,0.31703362,0.37396178
2018-11-27 12:00:00,-1.1863348,0.11388979
2018-11-27 12:30:00,0.14658558,0.3985175
2018-11-27 13:00:00,0.5031982,0.56633085
2018-11-27 13:30:00,-0.6249442,-0.05401093
2018-11-27 14:00:00,-0.44151482,0.14831585
2018-11-27 14:30:00,0.35522604,1.1595958
2018-11-27 15:00:00,0.100580774,1.107854
2018-11-27 15:30:00,0.7993304,1.4745599
2018-11-27 16:00:00,1.49808,1.3401939
2018-11-27 16:30:00,1.4349431,1.580346
2018-11-27 17:00:00,1.4369223,0.7405016
2018-11-27 17:30:00,-0.049938705,0.75501215
2018-11-27 18:00:00,0.23835926,0.3411393
2018-11-27 18:30:00,0.5266616,-0.3618355
2018-11-27 19:00:00,0.8149639,0.24493949
2018-11-27 19:30:00,1.1032662,-0.94097435
2018-11-27 20:00:00,1.3915685,-2.40113
2018-11-27 20:30:00,-1.1025702,-3.3011577
2018-11-27 21:00:00,0.3135469,-2.3425546
2018-11-27 21:30:00,-0.8389852,-3.0132484
2018-11-27 22:00:00,-0.8913474,-1.9260994
2018-11-27 22:30:00,-0.9437096,-0.75873786
2018-11-27 23:00:00,0.11767801,1.1031613
2018-11-27 23:30:00,1.1790612,0.9729987
2018-11-28 00:00:00,0.34774137,1.0691416
2018-11-28 00:30:00,-0.4835785,1.8714447
2018-11-28 01:00:00,1.0762374,1.6686854
2018-11-28 01:30:00,2.2554705,1.3880949
2018-11-28 02:00:00,3.8173404,1.7609746
2018-11-28 02:30:00,5.3792095,5.684911
2018-11-28 03:00:00,7.925658,4.5507913
2018-11-28 03:30:00,5.471918,3.9217894
2018-11-28 04:00:00,3.0181787,3.5421197
2018-11-28 04:30:00,0.5644345,3.7357428
2018-11-28 05:00:00,1.1947297,3.2360299
2018-11-28 05:30:00,1.8250204,2.2220016
2018-11-28 06:00:00,2.4553158,2.2857676
2018-11-28 06:30:00,3.0856066,2.3103848
2018-11-28 07:00:00,3.7159016,1.4858633
2018-11-28 07:30:00,-4.700134,0.71343786
2018-11-28 08:00:00,0.7256152,-0.17082967
2018-11-28 08:30:00,0.9502562,-0.21359242
2018-11-28 09:00:00,4.110353,-1.0895845
2018-11-28 09:30:00,2.0232575,-0.2270063
2018-11-28 10:00:00,-0.063833214,-0.43043855
2018-11-28 10:30:00,-2.1389127,0.20542316
2018-11-28 11:00:00,-4.422016,0.18323126
2018-11-28 11:30:00,-1.9242381,-0.5164796
2018-11-28 12:00:00,-1.3651458,0.110110305
2018-11-28 12:30:00,-1.5351613,0.12856205
2018-11-28 13:00:00,-0.48194,0.82273257
2018-11-28 13:30:00,-0.5956172,-0.51120585
2018-11-28 14:00:00,-1.5620939,-0.21037659
2018-11-28 14:30:00,-0.24250437,0.098640785
2018-11-28 15:00:00,0.46788955,0.4710748
2018-11-28 15:30:00,0.89137495,1.1223733
2018-11-28 16:00:00,1.3904938,1.0078616
2018-11-28 16:30:00,0.7625012,0.81785643
2018-11-28 17:00:00,0.59563166,0.7314745
2018-11-28 17:30:00,-0.5920955,0.19464836
2018-11-28 18:00:00,-0.3310972,0.3444687
2018-11-28 18:30:00,-0.07010322,-0.76848584
2018-11-28 19:00:00,-6.311172,-0.16082388
2018-11-28 19:30:00,-3.770189,-0.97678113
2018-11-28 20:00:00,-4.408052,-1.7176688
2018-11-28 20:30:00,-0.36478043,-1.0492467
2018-11-28 21:00:00,-0.06413907,-0.6225323
2018-11-28 21:30:00,0.23650666,-0.29149783
2018-11-28 22:00:00,0.53715235,-0.18647629
2018-11-28 22:30:00,1.170943,1.3300569
2018-11-28 23:00:00,-0.33363575,1.1495682
2018-11-28 23:30:00,-2.3868203,2.7452652
2018-11-29 00:00:00,-25.508587,2.0863333
2018-11-29 00:30:00,-13.158597,1.8974117
2018-11-29 01:00:00,-0.8086095,2.0463321
2018-11-29 01:30:00,18.957352,3.1070862
2018-11-29 02:00:00,16.451168,3.5249176
2018-11-29 02:30:00,13.944983,3.7637415
2018-11-29 03:00:00,11.438798,5.106143
2018-11-29 03:30:00,8.932612,3.829509
2018-11-29 04:00:00,6.4264274,4.026313
2018-11-29 04:30:00,2.5837789,1.8397452
2018-11-29 05:00:00,-1.2588747,3.0923834
2018-11-29 05:30:00,-5.101524,2.3162484
2018-11-29 06:00:00,-8.944177,2.853258
2018-11-29 06:30:00,-12.786825,1.9425209
2018-11-29 07:00:00,-16.629477,2.6524212
2018-11-29 07:30:00,-20.472126,1.1651361
2018-11-29 08:00:00,-24.314777,-0.5669412
2018-11-29 08:30:00,-28.157429,-0.2840612
2018-11-29 09:00:00,-32.000076,-0.22150968
2018-11-29 09:30:00,-0.0975995,0.36184123
2018-11-29 10:00:00,-0.007276445,1.3020931
2018-11-29 10:30:00,-0.68400896,0.4826055
2018-11-29 11:00:00,-0.76074773,0.28486654
2018-11-29 11:30:00,-1.3285264,-0.29477483
2018-11-29 12:00:00,-1.9296824,-0.65471256
2018-11-29 12:30:00,-2.3733277,0.021425767
2018-11-29 13:00:00,-4.0318384,0.070961006
2018-11-29 13:30:00,-3.0229003,0.3211277
2018-11-29 14:00:00,-2.141862,0.7633838
2018-11-29 14:30:00,-1.6582806,0.8502245
2018-11-29 15:00:00,-7.0510325,0.8260489
2018-11-29 15:30:00,-3.9202936,1.2578012
2018-11-29 16:00:00,-2.6778927,0.9044524
2018-11-29 16:30:00,-1.4354966,0.6313554
2018-11-29 17:00:00,-0.19310021,0.84346074
2018-11-29 17:30:00,3.2603757,1.0516862
2018-11-29 18:00:00,4.480353,1.404279
2018-11-29 18:30:00,2.402202,1.2806047
2018-11-29 19:00:00,2.191486,-0.060643595
2018-11-29 19:30:00,1.9807744,-0.91860336
2018-11-29 20:00:00,0.7652102,-0.7420557
2018-11-29 20:30:00,3.0568738,-0.04652625
2018-11-29 21:00:00,4.3381834,-0.1850213
2018-11-29 21:30:00,2.4958065,1.0425674
2018-11-29 22:00:00,2.4292789,1.3264785
2018-11-29 22:30:00,1.7447512,1.4150975
2018-11-29 23:00:00,1.4578778,1.1130536
2018-11-29 23:30:00,1.9274509,0.953909
2018-11-30 00:00:00,1.6675625,-1.6517484
2018-11-30 00:30:00,1.9218888,-1.5623997
2018-11-30 01:00:00,2.2111742,0.20842053
2018-11-30 01:30:00,2.03377,4.4283886
2018-11-30 02:00:00,2.0801115,6.260091
2018-11-30 02:30:00,2.220293,4.9984827
2018-11-30 03:00:00,2.3604705,4.531872
2018-11-30 03:30:00,2.482528,4.1381855
2018-11-30 04:00:00,2.5331862,3.6662703
2018-11-30 04:30:00,2.4370825,3.3156612
2018-11-30 05:00:00,3.2886586,2.6141937
2018-11-30 05:30:00,2.1586154,1.7716708
2018-11-30 06:00:00,2.844458,0.8008553
2018-11-30 06:30:00,1.5350009,-0.84992164
2018-11-30 07:00:00,1.677931,-2.4555106
2018-11-30 07:30:00,1.7957852,-3.8563306
2018-11-30 08:00:00,1.9995233,-5.4055514
2018-11-30 08:30:00,1.252606,-6.817028
2018-11-30 09:00:00,1.2306763,-8.642317
2018-11-30 09:30:00,0.92915666,-4.8057323
2018-11-30 10:00:00,0.41912332,-2.9518068
2018-11-30 10:30:00,0.41654977,-1.7869097
2018-11-30 11:00:00,0.4953596,-1.7482454
2018-11-30 11:30:00,0.11281056,-0.6656796
2018-11-30 12:00:00,0.15049177,-1.2311686
2018-11-30 12:30:00,0.0651323,-1.4981267
2018-11-30 13:00:00,0.28902614,-1.6579967
2018-11-30 13:30:00,-0.34419647,-0.8912775
2018-11-30 14:00:00,-0.55411714,0.046243634
2018-11-30 14:30:00,0.19083393,-0.22989008
2018-11-30 15:00:00,0.6798726,-0.121879935
2018-11-30 15:30:00,0.37328455,-1.4489979
2018-11-30 16:00:00,0.699421,-2.1014848
2018-11-30 16:30:00,1.0255575,-0.7095128
2018-11-30 17:00:00,0.9718408,-0.24715334
2018-11-30 17:30:00,1.1514164,0.01874736
2018-11-30 18:00:00,1.0746689,0.2632514
2018-11-30 18:30:00,1.3802738,0.6485706
2018-11-30 19:00:00,1.6858788,1.0654147
2018-11-30 19:30:00,3.0875204,0.95216125
2018-11-30 20:00:00,0.08381124,1.4161898
2018-11-30 20:30:00,2.8199198,1.6850092
2018-11-30 21:00:00,2.0293264,2.4571857
2018-11-30 21:30:00,4.511686,3.2577105
2018-11-30 22:00:00,6.9940486,2.920878
2018-11-30 22:30:00,5.3004346,3.243991
2018-11-30 23:00:00,4.370407,2.5461981
2018-11-30 23:30:00,3.2857094,2.8675501
2018-12-01 00:00:00,2.2010067,2.385476
2018-12-01 00:30:00,2.9465172,2.858807
2018-12-01 01:00:00,1.2491629,4.208624
2018-12-01 01:30:00,0.3551037,5.034512
2018-12-01 02:00:00,3.0566204,3.8149679
2018-12-01 02:30:00,0.6224812,2.972104
2018-12-01 03:00:00,0.48383328,3.8062203
2018-12-01 03:30:00,7.917518,2.580104
2018-12-01 04:00:00,3.0629253,3.1213434
2018-12-01 04:30:00,2.5467443,2.3885217
2018-12-01 05:00:00,2.0305674,1.1444342
2018-12-01 05:30:00,1.3897465,0.9058856
2018-12-01 06:00:00,1.1793059,-0.17151129
2018-12-01 06:30:00,1.5252573,-0.55430067
2018-12-01 07:00:00,0.92035246,-2.4175935
2018-12-01 07:30:00,1.468871,-1.2759675
2018-12-01 08:00:00,1.7157476,-2.1714687
2018-12-01 08:30:00,1.1072074,-1.0068247
2018-12-01 09:00:00,1.5482838,-1.4399796
2018-12-01 09:30:00,0.91579086,-0.48962566
2018-12-01 10:00:00,0.01888281,-0.3792823
2018-12-01 10:30:00,-0.35456055,-1.4054574
2018-12-01 11:00:00,0.41501176,-0.4942921
2018-12-01 11:30:00,0.49850115,-0.5190357
2018-12-01 12:00:00,-0.939314,-0.59948844
2018-12-01 12:30:00,-4.008611,0.20788309
2018-12-01 13:00:00,0.27009818,0.5213135
2018-12-01 13:30:00,0.24840875,0.4720448
2018-12-01 14:00:00,-0.15982766,0.6149136
2018-12-01 14:30:00,1.1878567,1.631712
2018-12-01 15:00:00,0.09850097,0.7178334
2018-12-01 15:30:00,1.5162696,0.17647189
2018-12-01 16:00:00,1.3039064,0.382399
2018-12-01 16:30:00,1.3486879,1.1958658
2018-12-01 17:00:00,1.8560952,1.8009541
2018-12-01 17:30:00,3.0296745,1.7039634
2018-12-01 18:00:00,1.9698379,2.5214021
2018-12-01 18:30:00,-21.283884,1.8823856
2018-12-01 19:00:00,-16.250732,1.1933752
2018-12-01 19:30:00,-11.21758,1.9495511
2018-12-01 20:00:00,-6.18443,1.8973812
2018-12-01 20:30:00,-1.1512796,2.2575898
2018-12-01 21:00:00,3.8818712,2.269505
2018-12-01 21:30:00,8.915026,3.2821484
2018-12-01 22:00:00,13.948177,2.2911377
2018-12-01 22:30:00,18.981327,2.5387309
2018-12-01 23:00:00,24.014477,1.7797759
2018-12-01 23:30:00,29.047628,-0.025658268
2018-12-02 00:00:00,4.4426193,0.87830627
2018-12-02 00:30:00,6.767922,1.8004823
2018-12-02 01:00:00,3.087944,2.5556533
2018-12-02 01:30:00,7.8780365,2.7037828
2018-12-02 02:00:00,12.668135,2.7813342
2018-12-02 02:30:00,9.564765,2.1303413
2018-12-02 03:00:00,6.4613996,1.9994097
2018-12-02 03:30:00,6.3562603,2.5857973
2018-12-02 04:00:00,6.251125,2.4133
2018-12-02 04:30:00,6.14599,1.8570216
2018-12-02 05:00:00,6.040855,0.8314232
2018-12-02 05:30:00,5.045977,0.4732682
2018-12-02 06:00:00,2.8414214,-0.03488632
2018-12-02 06:30:00,4.422927,-1.2370847
2018-12-02 07:00:00,6.0044274,-1.7890201
2018-12-02 07:30:00,3.8771653,-1.2855713
2018-12-02 08:00:00,1.436398,-1.1524462
2018-12-02 08:30:00,1.7752318,-0.58410835
2018-12-02 09:00:00,1.6195652,1.1490744
2018-12-02 09:30:00,1.4638987,1.1074651
2018-12-02 10:00:00,1.3082278,0.6628846
2018-12-02 10:30:00,1.1525612,0.26100555
2018-12-02 11:00:00,1.2610781,0.31160253
2018-12-02 11:30:00,1.3695952,0.17942993
2018-12-02 12:00:00,-4.5462937,-0.03443191
2018-12-02 12:30:00,-10.462182,-0.561344
2018-12-02 13:00:00,-7.4927077,-0.32550004
2018-12-02 13:30:00,-4.523232,-0.08185676
2018-12-02 14:00:00,-1.5537572,0.08463267
2018-12-02 14:30:00,1.415718,-0.23562703
2018-12-02 15:00:00,4.3851976,0.35884824
2018-12-02 15:30:00,7.3546724,0.92528105
2018-12-02 16:00:00,10.324148,1.0130043
2018-12-02 16:30:00,5.763419,1.3132175
2018-12-02 17:00:00,1.202695,1.6142783
2018-12-02 17:30:00,1.5580754,1.8261259
2018-12-02 18:00:00,1.307782,1.7707357
2018-12-02 18:30:00,1.0574843,-0.8429263
2018-12-02 19:00:00,3.3097756,-1.7274386
2018-12-02 19:30:00,2.7059238,-1.469123
2018-12-02 20:00:00,2.1020718,-0.7111164
2018-12-02 20:30:00,1.1015359,0.22092558
2018-12-02 21:00:00,1.6908292,1.6643772
2018-12-02 21:30:00,3.3113618,2.9524858
2018-12-02 22:00:00,2.2152553,3.8860483
2018-12-02 22:30:00,2.2893417,3.262757
2018-12-02 23:00:00,1.9390166,3.6806717
2018-12-02 23:30:00,1.6207799,5.210413
2018-12-03 00:00:00,1.4625354,4.531225
2018-12-03 00:30:00,2.086163,4.403199
2018-12-03 01:00:00,1.640455,3.5679338
2018-12-03 01:30:00,2.8657193,3.9879894
2018-12-03 02:00:00,3.2567232,2.8690312
2018-12-03 02:30:00,4.259103,3.0519888
2018-12-03 03:00:00,5.2614865,2.645273
2018-12-03 03:30:00,3.6950424,2.9595554
2018-12-03 04:00:00,2.1286023,2.709192
2018-12-03 04:30:00,2.3394582,2.9387703
2018-12-03 05:00:00,2.5503182,1.9728878
2018-12-03 05:30:00,2.7611742,1.8358389
2018-12-03 06:00:00,2.9720342,1.5354073
2018-12-03 06:30:00,3.18289,1.5210147
2018-12-03 07:00:00,3.39375,2.562557
2018-12-03 07:30:00,3.9088955,2.0057278
2018-12-03 08:00:00,7.885189,1.9370854
2018-12-03 08:30:00,3.0142245,2.153499
2018-12-03 09:00:00,0.74516803,1.9662377
2018-12-03 09:30:00,-1.5238883,2.0149033
2018-12-03 10:00:00,-3.7929447,1.4002635
2018-12-03 10:30:00,-6.062001,0.9570768
2018-12-03 11:00:00,-8.331058,0.9730686
2018-12-03 11:30:00,-10.600114,1.0398846
2018-12-03 12:00:00,-12.86917,-0.38871568
2018-12-03 12:30:00,-15.1382265,-1.4529302
2018-12-03 13:00:00,-17.407282,-2.3276289
2018-12-03 13:30:00,-19.67634,-1.5080233
2018-12-03 14:00:00,-21.945398,-1.0293968
2018-12-03 14:30:00,1.3508419,-0.63388824
2018-12-03 15:00:00,24.64708,0.010974299
2018-12-03 15:30:00,23.291267,0.5302925
2018-12-03 16:00:00,21.935457,1.1761162
2018-12-03 16:30:00,20.579649,0.4631488
2018-12-03 17:00:00,19.223839,0.38776892
2018-12-03 17:30:00,17.868032,-0.6670341
2018-12-03 18:00:00,16.51222,-0.6285227
2018-12-03 18:30:00,15.156414,-1.1864572
2018-12-03 19:00:00,13.800602,-0.38380456
2018-12-03 19:30:00,12.444796,1.0451277
2018-12-03 20:00:00,11.088984,2.1472595
2018-12-03 20:30:00,9.733177,2.7004926
2018-12-03 21:00:00,8.37737,3.096141
2018-12-03 21:30:00,7.0215583,4.019278
2018-12-03 22:00:00,5.665751,3.0472305
2018-12-03 22:30:00,4.30994,3.5701272
2018-12-03 23:00:00,2.954133,3.0962982
2018-12-03 23:30:00,1.5983214,2.7334418
2018-12-04 00:00:00,0.2425145,3.5933022
2018-12-04 00:30:00,-1.1132969,3.4308195
2018-12-04 01:00:00,-2.4691038,4.697841
2018-12-04 01:30:00,-3.8249152,4.358728
2018-12-04 02:00:00,-5.180722,4.294346
2018-12-04 02:30:00,-6.536534,4.158634
2018-12-04 03:00:00,-7.8923407,4.630064
2018-12-04 03:30:00,-9.248152,3.7677963
2018-12-04 04:00:00,-10.603958,4.1275854
2018-12-04 04:30:00,-11.95977,3.6422389
2018-12-04 05:00:00,-13.315579,2.8274353
2018-12-04 05:30:00,-14.671389,3.1457417
2018-12-04 06:00:00,-16.027195,2.622312
2018-12-04 06:30:00,-17.383005,2.3507662
2018-12-04 07:00:00,-18.738815,2.528498
2018-12-04 07:30:00,-20.094624,2.2734418
2018-12-04 08:00:00,-21.450434,2.4717882
2018-12-04 08:30:00,-20.287485,2.1282573
2018-12-04 09:00:00,-19.124537,2.0916553
2018-12-04 09:30:00,-17.961586,2.0817237
2018-12-04 10:00:00,-16.798637,0.42095408
2018-12-04 10:30:00,-15.635687,-0.21030667
2018-12-04 11:00:00,8.223529,-1.5687003
2018-12-04 11:30:00,32.08274,-2.6437552
2018-12-04 12:00:00,15.684619,-3.8463554
2018-12-04 12:30:00,-0.71351075,-4.5422826
2018-12-04 13:00:00,-0.94573694,-4.9633827
2018-12-04 13:30:00,-0.9351806,-5.215673
2018-12-04 14:00:00,-1.5049735,-5.62879
2018-12-04 14:30:00,-0.8087406,-2.0197783
2018-12-04 15:00:00,-0.49176228,2.5737336
2018-12-04 15:30:00,-0.09460213,3.7696097
2018-12-04 16:00:00,0.19517268,3.8843749
2018-12-04 16:30:00,0.48494747,3.060994
2018-12-04 17:00:00,1.2231959,3.724304
2018-12-04 17:30:00,0.6350475,3.3794754
2018-12-04 18:00:00,1.4978397,1.4784923
2018-12-04 18:30:00,1.3327703,3.4197433
2018-12-04 19:00:00,3.3695045,3.0700035
2018-12-04 19:30:00,1.4768144,3.2220523
2018-12-04 20:00:00,1.2455102,3.0576208
2018-12-04 20:30:00,1.5107424,3.0781524
2018-12-04 21:00:00,1.3989178,2.8613281
2018-12-04 21:30:00,1.1154523,3.6236954
2018-12-04 22:00:00,1.2375231,3.9595144
2018-12-04 22:30:00,1.1595565,3.6987913
2018-12-04 23:00:00,1.4316616,2.9463205
2018-12-04 23:30:00,1.1175584,1.2334814
2018-12-05 00:00:00,1.7785612,1.4137692
2018-12-05 00:30:00,1.4110907,1.0883231
2018-12-05 01:00:00,1.2330314,1.4476928
2018-12-05 01:30:00,1.2024547,2.2723057
2018-12-05 02:00:00,1.2399567,2.5610888
2018-12-05 02:30:00,1.4036934,2.4168656
2018-12-05 03:00:00,1.206457,1.5304743
2018-12-05 03:30:00,1.2115473,0.7173528
2018-12-05 04:00:00,1.1307013,0.090863355
2018-12-05 04:30:00,1.2196393,-1.0900956
2018-12-05 05:00:00,1.1845448,-2.2576058
2018-12-05 05:30:00,1.1291152,-3.355757
2018-12-05 06:00:00,1.3734052,-3.6762044
2018-12-05 06:30:00,1.1963638,-3.9949088
2018-12-05 07:00:00,1.1940699,-5.2668247
2018-12-05 07:30:00,1.1304392,-6.311753
2018-12-05 08:00:00,1.0289525,-7.1725616
2018-12-05 08:30:00,0.662251,-7.366678
2018-12-05 09:00:00,-0.458079,-7.874763
2018-12-05 09:30:00,-0.4191045,-8.2744875
2018-12-05 10:00:00,0.052810755,-9.452663
2018-12-05 10:30:00,-0.066450454,-9.882397
2018-12-05 11:00:00,0.33747777,-6.78047
2018-12-05 11:30:00,1.1289536,-3.9924445
2018-12-05 12:00:00,-0.12340484,-3.205762
2018-12-05 12:30:00,-1.3757677,-3.142769
2018-12-05 13:00:00,-2.628126,-1.8448253
2018-12-05 13:30:00,-1.5814894,0.94685686
2018-12-05 14:00:00,-0.53485274,1.989465
2018-12-05 14:30:00,0.5117883,1.7296289
2018-12-05 15:00:00,-4.6119475,3.1962514
2018-12-05 15:30:00,-3.3405952,2.6104274
2018-12-05 16:00:00,-2.0692391,2.630203
2018-12-05 16:30:00,-0.79788715,3.359455
2018-12-05 17:00:00,0.4734692,3.9398086
2018-12-05 17:30:00,1.7448212,4.2384534
2018-12-05 18:00:00,3.0161777,5.3393087
2018-12-05 18:30:00,4.2875295,5.22152
2018-12-05 19:00:00,5.5588856,5.5591173
2018-12-05 19:30:00,6.830238,5.9387693
2018-12-05 20:00:00,8.101589,5.7527795
2018-12-05 20:30:00,9.372947,5.6357775
2018-12-05 21:00:00,10.644299,5.50939
2018-12-05 21:30:00,11.915655,5.6537924
2018-12-05 22:00:00,13.187007,6.318417
2018-12-05 22:30:00,14.458364,5.2791343
2018-12-05 23:00:00,15.729715,5.2189336
2018-12-05 23:30:00,17.001072,4.658251
2018-12-06 00:00:00,18.272423,3.599996
2018-12-06 00:30:00,19.54378,2.9808471
2018-12-06 01:00:00,20.81513,2.7628388
2018-12-06 01:30:00,23.159286,1.6119145
2018-12-06 02:00:00,25.503445,0.59450436
2018-12-06 02:30:00,18.845179,0.77526844
2018-12-06 03:00:00,12.455356,0.10852424
2018-12-06 03:30:00,6.0655327,-0.9352942
2018-12-06 04:00:00,-0.32428536,-1.8378431
2018-12-06 04:30:00,3.674253,-2.2613285
2018-12-06 05:00:00,7.672791,-2.4309332
2018-12-06 05:30:00,11.67133,-3.3686945
2018-12-06 06:00:00,15.669868,-4.3333054
2018-12-06 06:30:00,19.66841,-5.5248213
2018-12-06 07:00:00,23.666948,-5.440969
2018-12-06 07:30:00,27.665482,-4.116586
2018-12-06 08:00:00,18.595675,-4.1775646
2018-12-06 08:30:00,9.525861,-3.4700546
2018-12-06 09:00:00,0.45604864,-1.210222
2018-12-06 09:30:00,0.51395553,-0.09230822
2018-12-06 10:00:00,-1.2216172,-0.49892798
2018-12-06 10:30:00,-2.9571943,-0.3859499
2018-12-06 11:00:00,-0.704357,0.3984913
2018-12-06 11:30:00,-0.5155796,0.4014537
2018-12-06 12:00:00,0.06678391,-0.1999994
2018-12-06 12:30:00,-0.4908578,0.22651397
2018-12-06 13:00:00,-1.3897452,1.5235183
2018-12-06 13:30:00,-2.288628,2.8345659
2018-12-06 14:00:00,-0.5775237,4.7458167
2018-12-06 14:30:00,-0.90383494,5.178211
2018-12-06 15:00:00,-0.3109283,4.374768
2018-12-06 15:30:00,0.97357976,2.8451266
2018-12-06 16:00:00,3.9723165,3.4842086
2018-12-06 16:30:00,19.591694,4.0906167
2018-12-06 17:00:00,1.0598481,3.510394
2018-12-06 17:30:00,1.286333,3.788092
2018-12-06 18:00:00,1.0477057,4.1584024
2018-12-06 18:30:00,2.0005589,3.7385743
2018-12-06 19:00:00,1.5834483,3.8967881
2018-12-06 19:30:00,1.1663377,4.4164777
2018-12-06 20:00:00,0.74922717,4.5679717
2018-12-06 20:30:00,0.7279921,4.2496953
2018-12-06 21:00:00,0.7067571,4.3071394
2018-12-06 21:30:00,0.79010236,4.7362523
2018-12-06 22:00:00,0.6605994,5.030296
2018-12-06 22:30:00,0.80788994,4.4899087
2018-12-06 23:00:00,0.89742213,4.6869483
2018-12-06 23:30:00,1.0637237,4.328955
2018-12-07 00:00:00,0.79473823,4.4664454
2018-12-07 00:30:00,0.8684578,3.782023
2018-12-07 01:00:00,0.6475351,3.9410233
2018-12-07 01:30:00,0.9456684,4.604167
2018-12-07 02:00:00,1.1586783,4.8632865
2018-12-07 02:30:00,1.5533173,4.264529
2018-12-07 03:00:00,0.5797141,3.07422
2018-12-07 03:30:00,0.9546562,1.6124257
2018-12-07 04:00:00,1.2862412,-0.15746821
2018-12-07 04:30:00,1.6178218,-1.1405485
2018-12-07 05:00:00,1.9494069,0.418883
2018-12-07 05:30:00,0.80432457,2.6022217
2018-12-07 06:00:00,0.24074492,3.1626773
2018-12-07 06:30:00,0.5896369,3.7548325
2018-12-07 07:00:00,1.7248882,5.1384063
2018-12-07 07:30:00,0.6435284,5.787337
2018-12-07 08:00:00,0.33989403,4.598994
2018-12-07 08:30:00,0.036264054,2.9732227
2018-12-07 09:00:00,-0.6138592,1.5202981
2018-12-07 09:30:00,-1.2639824,1.7507896
2018-12-07 10:00:00,-1.8762453,1.8021688
2018-12-07 10:30:00,-1.8980483,2.0816407
2018-12-07 11:00:00,-2.3809698,2.3029087
2018-12-07 11:30:00,-1.6293555,0.75139
2018-12-07 12:00:00,-2.7478242,-0.88902724
2018-12-07 12:30:00,-2.9180799,-1.0393982
2018-12-07 13:00:00,-1.4912319,-1.8712336
2018-12-07 13:30:00,-1.5221057,-1.9557061
2018-12-07 14:00:00,-2.2726843,-1.6840073
2018-12-07 14:30:00,-1.4645877,-1.536105
2018-12-07 15:00:00,-1.6472743,-1.0728018
2018-12-07 15:30:00,-1.2928157,-0.80120784
2018-12-07 16:00:00,-1.7747629,-0.16408777
2018-12-07 16:30:00,-1.0641506,1.4305475
2018-12-07 17:00:00,-0.35353813,0.14399457
2018-12-07 17:30:00,0.60970527,-0.107749484
2018-12-07 18:00:00,0.46824345,-0.05430368
2018-12-07 18:30:00,0.2750705,1.1646817
2018-12-07 19:00:00,0.5283875,1.5156361
2018-12-07 19:30:00,1.4962667,2.0696862
2018-12-07 20:00:00,0.8373218,2.307964
2018-12-07 20:30:00,0.5377772,2.7158246
2018-12-07 21:00:00,0.7073601,1.7994511
2018-12-07 21:30:00,0.5919658,2.2057736
2018-12-07 22:00:00,0.7522813,2.396749
2018-12-07 22:30:00,0.8319694,2.737667
2018-12-07 23:00:00,0.6135853,3.0441809
2018-12-07 23:30:00,0.6637191,2.8835857
2018-12-08 00:00:00,0.62996596,3.1727793
2018-12-08 00:30:00,0.6098801,3.6811786
2018-12-08 01:00:00,0.6698624,3.539721
2018-12-08 01:30:00,0.571242,3.7310896
2018-12-08 02:00:00,0.7667395,3.5258877
2018-12-08 02:30:00,0.17141657,3.4189
2018-12-08 03:00:00,0.35312003,3.284534
2018-12-08 03:30:00,0.91719776,3.2054315
2018-12-08 04:00:00,0.9682929,3.272907
2018-12-08 04:30:00,0.8083007,4.0170717
2018-12-08 05:00:00,0.65212286,3.9610217
2018-12-08 05:30:00,0.68568814,4.4981756
2018-12-08 06:00:00,0.76193756,4.075424
2018-12-08 06:30:00,0.4291466,3.4644854
2018-12-08 07:00:00,0.51349676,3.321079
2018-12-08 07:30:00,1.4430001,2.4591126
2018-12-08 08:00:00,0.13921013,2.2077136
2018-12-08 08:30:00,-0.89343596,1.525821
2018-12-08 09:00:00,-1.4591129,1.2739022
2018-12-08 09:30:00,-1.8602185,1.3398705
2018-12-08 10:00:00,-3.497529,1.0204978
2018-12-08 10:30:00,-5.7231503,-0.026676325
2018-12-08 11:00:00,-4.5513487,-0.06540181
2018-12-08 11:30:00,-3.5747309,-0.63677204
2018-12-08 12:00:00,-1.9752371,-0.47657442
2018-12-08 12:30:00,-1.8051953,0.07162077
2018-12-08 13:00:00,-4.12262,-0.090512425
2018-12-08 13:30:00,-3.462854,0.6148786
2018-12-08 14:00:00,-3.6486602,-0.0072414903
2018-12-08 14:30:00,-3.2060328,0.39472052
2018-12-08 15:00:00,-1.5401336,0.15764003
2018-12-08 15:30:00,-1.1674068,1.1417296
2018-12-08 16:00:00,-0.65716374,0.7488689
2018-12-08 16:30:00,-0.077413134,1.2062167
2018-12-08 17:00:00,0.50233305,1.7507809
2018-12-08 17:30:00,0.37316656,2.0055573
2018-12-08 18:00:00,0.67069256,2.8429725
2018-12-08 18:30:00,0.88385093,2.6398723
2018-12-08 19:00:00,0.6975859,3.0165884
2018-12-08 19:30:00,0.46598887,2.5778277
2018-12-08 20:00:00,0.7301943,2.800638
2018-12-08 20:30:00,0.6350693,2.2162688
2018-12-08 21:00:00,0.59449124,2.5971665
2018-12-08 21:30:00,0.64937896,2.9460015
2018-12-08 22:00:00,0.6052005,2.612079
2018-12-08 22:30:00,0.68750143,3.5474024
2018-12-08 23:00:00,2.0946088,3.509826
2018-12-08 23:30:00,1.021009,3.438575
2018-12-09 00:00:00,1.0802616,3.4373167
2018-12-09 00:30:00,0.74131864,3.594993
2018-12-09 01:00:00,0.40535113,3.827368
2018-12-09 01:30:00,1.2773365,3.4475367
2018-12-09 02:00:00,2.1493175,2.36515
2018-12-09 02:30:00,0.6739215,2.2952056
2018-12-09 03:00:00,0.7466405,1.8447393
2018-12-09 03:30:00,1.0049647,1.921382
2018-12-09 04:00:00,0.347536,2.2256017
2018-12-09 04:30:00,0.858819,2.7231915
2018-12-09 05:00:00,0.71761495,2.9477668
2018-12-09 05:30:00,0.61530244,3.4022527
2018-12-09 06:00:00,0.4940051,3.3619542
2018-12-09 06:30:00,1.0005168,3.4110177
2018-12-09 07:00:00,0.669692,3.2817507
2018-12-09 07:30:00,0.33064413,2.8437939
2018-12-09 08:00:00,0.36786655,1.8729172
2018-12-09 08:30:00,-0.5833437,0.73833
2018-12-09 09:00:00,-1.4037533,0.48830312
2018-12-09 09:30:00,-1.8391058,-0.06755152
2018-12-09 10:00:00,-2.4751465,-0.26042742
2018-12-09 10:30:00,-1.9310237,-0.561095
2018-12-09 11:00:00,-2.8452692,-0.9476726
2018-12-09 11:30:00,-2.2197716,-0.6064444
2018-12-09 12:00:00,-2.1597762,-0.565141
2018-12-09 12:30:00,-2.254674,-0.64048594
2018-12-09 13:00:00,-1.5310279,-0.96032184
2018-12-09 13:30:00,-0.87295246,-0.69260347
2018-12-09 14:00:00,-1.4916252,-0.61577296
2018-12-09 14:30:00,-0.8184449,-0.4052886
2018-12-09 15:00:00,-1.3169956,0.10540016
2018-12-09 15:30:00,-0.88242954,0.7361366
2018-12-09 16:00:00,-0.17888238,1.5407641
2018-12-09 16:30:00,0.5691578,0.54328257
2018-12-09 17:00:00,0.47747588,0.7848373
2018-12-09 17:30:00,0.73577833,0.9982578
2018-12-09 18:00:00,0.7882934,1.2166507
2018-12-09 18:30:00,2.2041876,1.1719654
2018-12-09 19:00:00,0.6537046,1.3101634
2018-12-09 19:30:00,0.7348826,1.3744451
2018-12-09 20:00:00,0.66210246,1.4367301
2018-12-09 20:30:00,0.8263985,1.4657425
2018-12-09 21:00:00,0.8971032,1.3691276
2018-12-09 21:30:00,0.69646734,1.4009932
2018-12-09 22:00:00,0.69343066,1.4252605
2018-12-09 22:30:00,0.65600723,1.4553828
2018-12-09 23:00:00,0.4867345,1.7056762
2018-12-09 23:30:00,0.71934086,1.6598593
2018-12-10 00:00:00,0.41419032,1.7159791
2018-12-10 00:30:00,0.57094485,1.7859061
2018-12-10 01:00:00,0.94484264,1.7399144
2018-12-10 01:30:00,0.41770765,1.8466051
2018-12-10 02:00:00,0.44292748,2.0265913
2018-12-10 02:30:00,0.3158845,1.9164708
2018-12-10 03:00:00,1.5901902,1.9764706
2018-12-10 03:30:00,0.24821213,1.945824
2018-12-10 04:00:00,0.8782626,1.9680552
2018-12-10 04:30:00,-1.4912844,1.9548774
2018-12-10 05:00:00,0.84235966,1.7255131
2018-12-10 05:30:00,3.176004,1.7449828
2018-12-10 06:00:00,1.9690121,1.6456152
2018-12-10 06:30:00,-3.6565688,1.608572
2018-12-10 07:00:00,12.03101,1.3563211
2018-12-10 07:30:00,-16.179457,0.91759974
2018-12-10 08:00:00,-9.1165695,0.7382994
2018-12-10 08:30:00,-2.0536842,0.3142853
2018-12-10 09:00:00,5.009205,-0.11762857
2018-12-10 09:30:00,8.827014,-0.5031138
2018-12-10 10:00:00,12.644824,-0.8430836
2018-12-10 10:30:00,16.462637,-0.9273333
2018-12-10 11:00:00,16.400515,-1.0808196
2018-12-10 11:30:00,16.338396,-1.1848842
2018-12-10 12:00:00,16.276272,-1.1378307
2018-12-10 12:30:00,16.214153,-1.0218203
2018-12-10 13:00:00,16.152035,-1.0949107
2018-12-10 13:30:00,16.08991,-0.85368365
2018-12-10 14:00:00,16.027792,-0.67765594
2018-12-10 14:30:00,15.965669,-0.43967533
2018-12-10 15:00:00,15.903549,-0.28550306
2018-12-10 15:30:00,15.841431,-0.07466045
2018-12-10 16:00:00,15.779307,0.33058295
2018-12-10 16:30:00,15.717188,0.6597518
2018-12-10 17:00:00,15.655065,0.9572778
2018-12-10 17:30:00,15.592946,1.1975479
2018-12-10 18:00:00,15.5308275,1.1270049
2018-12-10 18:30:00,15.468704,1.5323881
2018-12-10 19:00:00,15.406585,1.488013
2018-12-10 19:30:00,15.344466,1.491277
2018-12-10 20:00:00,15.282343,1.4768101
2018-12-10 20:30:00,15.220223,1.5060847
2018-12-10 21:00:00,15.1581,1.5001948
2018-12-10 21:30:00,15.095982,1.3696607
2018-12-10 22:00:00,15.033862,1.4351265
2018-12-10 22:30:00,14.971739,1.5332794
2018-12-10 23:00:00,14.90962,1.5309287
2018-12-10 23:30:00,14.847497,1.6254638
2018-12-11 00:00:00,14.7853775,1.5799878
2018-12-11 00:30:00,14.723259,1.6631364
2018-12-11 01:00:00,14.661136,1.7608479
2018-12-11 01:30:00,14.599017,1.7074852
2018-12-11 02:00:00,14.536894,1.5426342
2018-12-11 02:30:00,14.474774,1.6520863
2018-12-11 03:00:00,14.412656,1.7703162
2018-12-11 03:30:00,14.350533,1.7897599
2018-12-11 04:00:00,14.288413,1.7130473
2018-12-11 04:30:00,14.22629,1.2954124
2018-12-11 05:00:00,14.164171,1.5363162
2018-12-11 05:30:00,14.102052,1.6530563
2018-12-11 06:00:00,14.039928,1.6340277
2018-12-11 06:30:00,13.97781,0.8353512
2018-12-11 07:00:00,13.915687,2.2552433
2018-12-11 07:30:00,13.853567,-0.43921655
2018-12-11 08:00:00,13.791449,-1.3855724
2018-12-11 08:30:00,13.729325,-1.471832
2018-12-11 09:00:00,13.667207,0.4803815
2018-12-11 09:30:00,13.605083,0.86886847
2018-12-11 10:00:00,13.542964,1.6412109
2018-12-11 10:30:00,13.480845,2.2565935
2018-12-11 11:00:00,13.418722,2.6677532
2018-12-11 11:30:00,13.356603,2.3159425
2018-12-11 12:00:00,13.294484,2.2402828
2018-12-11 12:30:00,13.232361,3.2317216
2018-12-11 13:00:00,13.170241,3.3066123
2018-12-11 13:30:00,13.108118,3.640124
2018-12-11 14:00:00,-1.4884442,3.5101886
2018-12-11 14:30:00,-0.74575216,4.0048375
2018-12-11 15:00:00,-0.42810532,2.9180028
2018-12-11 15:30:00,-0.60080796,3.4302778
2018-12-11 16:00:00,-0.6719059,4.081773
2018-12-11 16:30:00,-0.3058511,5.049053
2018-12-11 17:00:00,0.10451755,5.0059714
2018-12-11 17:30:00,0.51488185,5.5992584
2018-12-11 18:00:00,0.9252461,5.329224
2018-12-11 18:30:00,0.38251695,5.6391068
2018-12-11 19:00:00,0.6510174,5.5032334
2018-12-11 19:30:00,0.33855262,5.203955
2018-12-11 20:00:00,0.5271116,5.930507
2018-12-11 20:30:00,0.52612853,6.276262
2018-12-11 21:00:00,0.5332636,6.4349566
2018-12-11 21:30:00,0.54623187,6.475233
2018-12-11 22:00:00,0.25630414,6.7683415
2018-12-11 22:30:00,0.5961298,7.011037
2018-12-11 23:00:00,0.5770226,6.689366
2018-12-11 23:30:00,0.6074813,5.9863033
2018-12-12 00:00:00,0.59132785,6.2709703
2018-12-12 00:30:00,0.5080875,6.683345
2018-12-12 01:00:00,0.8105552,6.3106003
2018-12-12 01:30:00,0.4392092,5.9778447
2018-12-12 02:00:00,0.43043554,5.8149858
2018-12-12 02:30:00,0.35704368,5.9332595
2018-12-12 03:00:00,0.15528932,6.1714892
2018-12-12 03:30:00,0.69037646,5.2529793
2018-12-12 04:00:00,0.7903951,5.385685
2018-12-12 04:30:00,0.5803739,5.5419765
2018-12-12 05:00:00,0.6179109,5.419783
2018-12-12 05:30:00,0.60885763,5.040446
2018-12-12 06:00:00,0.74278235,5.793257
2018-12-12 06:30:00,0.27081037,5.0729012
2018-12-12 07:00:00,0.2490729,5.17212
2018-12-12 07:30:00,0.1640848,5.2371492
2018-12-12 08:00:00,0.079092346,4.632738
2018-12-12 08:30:00,0.43705073,6.476806
2018-12-12 09:00:00,0.068120934,6.300468
2018-12-12 09:30:00,-0.4232597,7.0986204
2018-12-12 10:00:00,-0.75490594,7.0105734
2018-12-12 10:30:00,-0.78499323,7.827999
2018-12-12 11:00:00,-1.11615,7.1499467
2018-12-12 11:30:00,-1.3602477,7.23178
2018-12-12 12:00:00,-3.5216696,7.606849
2018-12-12 12:30:00,-3.3744316,7.450453
2018-12-12 13:00:00,-4.0899506,8.263719
2018-12-12 13:30:00,-3.2703843,8.220069
2018-12-12 14:00:00,-4.7858214,5.6331253
2018-12-12 14:30:00,-4.583962,4.5034494
2018-12-12 15:00:00,-2.9383667,3.9075236
2018-12-12 15:30:00,-1.7088077,3.372327
2018-12-12 16:00:00,-1.0071175,3.0609329
2018-12-12 16:30:00,-0.2256387,3.078384
2018-12-12 17:00:00,0.05668199,4.1859074
2018-12-12 17:30:00,0.33900267,3.6316957
2018-12-12 18:00:00,-0.5043722,2.808778
2018-12-12 18:30:00,-1.3477471,2.9404745
2018-12-12 19:00:00,-3.96258,3.2024603
2018-12-12 19:30:00,-6.5774136,2.26372
2018-12-12 20:00:00,-10.906741,2.5747037
2018-12-12 20:30:00,-10.583221,2.8671787
2018-12-12 21:00:00,-10.259698,3.2418673
2018-12-12 21:30:00,-9.936179,3.072398
2018-12-12 22:00:00,-9.612656,3.000946
2018-12-12 22:30:00,-9.289136,3.6559281
2018-12-12 23:00:00,-8.965617,2.9327319
2018-12-12 23:30:00,-8.642094,2.9423664
2018-12-13 00:00:00,-8.318575,2.6340263
2018-12-13 00:30:00,-7.995051,2.8592048
2018-12-13 01:00:00,-7.6715317,2.7419796
2018-12-13 01:30:00,-7.348008,2.6053283
2018-12-13 02:00:00,-7.024489,2.3992877
2018-12-13 02:30:00,-6.7009654,2.6572537
2018-12-13 03:00:00,-6.377446,2.3456235
2018-12-13 03:30:00,-6.053927,2.6015053
2018-12-13 04:00:00,-5.730403,2.9073374
2018-12-13 04:30:00,-5.4068837,3.1148024
2018-12-13 05:00:00,-5.08336,3.577861
2018-12-13 05:30:00,-4.759841,3.2284446
2018-12-13 06:00:00,-4.4363174,2.875511
2018-12-13 06:30:00,-4.112798,3.7912903
2018-12-13 07:00:00,-3.7892787,2.25558
2018-12-13 07:30:00,-3.4657552,2.9435723
2018-12-13 08:00:00,-3.142236,3.694199
2018-12-13 08:30:00,-2.8187122,4.1940084
2018-12-13 09:00:00,-2.495193,4.519782
2018-12-13 09:30:00,-2.1716697,4.916042
2018-12-13 10:00:00,-1.8481504,4.8203225
2018-12-13 10:30:00,-1.5246267,4.7396207
2018-12-13 11:00:00,-1.6672727,4.5302553
2018-12-13 11:30:00,-3.2981865,4.5236487
2018-12-13 12:00:00,-4.9693294,4.003955
2018-12-13 12:30:00,-6.6404715,3.7610152
2018-12-13 13:00:00,-3.786264,2.968259
2018-12-13 13:30:00,-3.2267828,2.729824
2018-12-13 14:00:00,-3.154601,2.0973353
2018-12-13 14:30:00,-4.795517,1.6588413
2018-12-13 15:00:00,-3.6282642,1.9447798
2018-12-13 15:30:00,-1.5163512,1.8786279
2018-12-13 16:00:00,-1.1218127,2.0529253
2018-12-13 16:30:00,-0.553654,1.973316
2018-12-13 17:00:00,-0.25853112,2.368025
2018-12-13 17:30:00,0.036596123,2.3490403
2018-12-13 18:00:00,-0.5863848,2.2697234
2018-12-13 18:30:00,-0.86452836,2.1756034
2018-12-13 19:00:00,-1.1426677,1.6589417
2018-12-13 19:30:00,-2.5127623,1.4469063
2018-12-13 20:00:00,-0.098538905,0.49407503
2018-12-13 20:30:00,0.5515624,0.27360237
2018-12-13 21:00:00,1.2016639,0.021023788
2018-12-13 21:30:00,0.015614541,-0.035113525
2018-12-13 22:00:00,1.6317557,-0.17655788
2018-12-13 22:30:00,-0.5726606,-0.3246087
2018-12-13 23:00:00,0.8198576,-0.21466729
2018-12-13 23:30:00,1.3775954,0.20444442
2018-12-14 00:00:00,1.9353377,-0.1656957
2018-12-14 00:30:00,0.035119288,0.050949413
2018-12-14 01:00:00,-0.34299925,0.12951456
2018-12-14 01:30:00,-0.7211178,0.27736437
2018-12-14 02:00:00,-0.086339705,0.13488448
2018-12-14 02:30:00,0.5484384,0.4421978
2018-12-14 03:00:00,1.1832165,0.5217242
2018-12-14 03:30:00,-6.535564,0.6867936
2018-12-14 04:00:00,0.7179514,1.0008925
2018-12-14 04:30:00,7.971466,1.3326741
2018-12-14 05:00:00,15.224982,1.4478981
2018-12-14 05:30:00,2.8863907,1.3195356
2018-12-14 06:00:00,-9.4522,1.3948674
2018-12-14 06:30:00,-13.266915,1.2366054
2018-12-14 07:00:00,-10.470934,1.5273764
2018-12-14 07:30:00,-7.6749573,1.4114141
2018-12-14 08:00:00,-4.8789754,1.4719994
2018-12-14 08:30:00,-2.0829937,1.7907473
2018-12-14 09:00:00,0.71298784,1.6716216
2018-12-14 09:30:00,-0.37428376,1.7570117
2018-12-14 10:00:00,-1.3890505,2.0091882
2018-12-14 10:30:00,-2.991922,2.2814376
2018-12-14 11:00:00,-2.5104334,2.1871166
2018-12-14 11:30:00,-2.0289495,1.9759114
2018-12-14 12:00:00,-1.547461,1.479637
2018-12-14 12:30:00,-2.8062685,0.9410063
2018-12-14 13:00:00,-2.2207286,0.80686754
2018-12-14 13:30:00,-2.4603562,-0.04626409
2018-12-14 14:00:00,-2.4524128,0.2493132
2018-12-14 14:30:00,-2.033109,0.034656137
2018-12-14 15:00:00,-1.581437,0.44435626
2018-12-14 15:30:00,-1.1347286,0.88080555
2018-12-14 16:00:00,-0.49091026,1.1965735
2018-12-14 16:30:00,-0.25064445,1.2513388
2018-12-14 17:00:00,-0.010378677,1.3688698
2018-12-14 17:30:00,0.2298871,1.5216701
2018-12-14 18:00:00,0.4701485,1.1246978
2018-12-14 18:30:00,2.3889847,0.7274591
2018-12-14 19:00:00,3.135417,0.21184172
2018-12-14 19:30:00,1.5245495,-0.23057169
2018-12-14 20:00:00,1.7224283,-0.42308056
2018-12-14 20:30:00,1.1204464,-0.54648393
2018-12-14 21:00:00,1.3186966,-0.42177415
2018-12-14 21:30:00,1.1139711,-0.7242026
2018-12-14 22:00:00,1.5625846,-0.71355885
2018-12-14 22:30:00,1.4527044,-1.0105125
2018-12-14 23:00:00,0.9010312,-0.9344029
2018-12-14 23:30:00,1.1096411,-0.825698
2018-12-15 00:00:00,1.1584467,-0.58936465
2018-12-15 00:30:00,1.0698626,-0.73674697
2018-12-15 01:00:00,1.5673385,-0.8204679
2018-12-15 01:30:00,0.7588397,-0.76495105
2018-12-15 02:00:00,1.262804,-0.3909135
2018-12-15 02:30:00,0.64936584,-0.12793584
2018-12-15 03:00:00,1.3003018,0.2339506
2018-12-15 03:30:00,1.2101185,-0.62130016
2018-12-15 04:00:00,1.029302,0.043556485
2018-12-15 04:30:00,0.9833234,1.19587
2018-12-15 05:00:00,0.86572254,2.9189904
2018-12-15 05:30:00,1.1496643,1.9051673
2018-12-15 06:00:00,1.1421971,-0.045652382
2018-12-15 06:30:00,1.2150952,-1.2283722
2018-12-15 07:00:00,1.3284447,-1.2104928
2018-12-15 07:30:00,1.2087946,-1.7206136
2018-12-15 08:00:00,0.75666374,-1.3918774
2018-12-15 08:30:00,0.5203785,-0.8787112
2018-12-15 09:00:00,-0.47681475,0.21508378
2018-12-15 09:30:00,-0.92939126,0.014076533
2018-12-15 10:00:00,-0.72784656,-0.08520804
2018-12-15 10:30:00,-0.7220528,-0.7836562
2018-12-15 11:00:00,-0.98930365,-0.8259733
2018-12-15 11:30:00,-0.42633137,-1.2736212
2018-12-15 12:00:00,-1.1043835,-1.040508
2018-12-15 12:30:00,-0.78266,-1.2283635
2018-12-15 13:00:00,-0.2651332,-1.0228078
2018-12-15 13:30:00,0.11781783,-0.8309063
2018-12-15 14:00:00,0.25427678,-1.1744895
2018-12-15 14:30:00,0.35054213,-1.1170152
2018-12-15 15:00:00,0.4519502,-0.6328571
2018-12-15 15:30:00,0.45880568,-0.28492194
2018-12-15 16:00:00,0.61509705,-0.28319168
2018-12-15 16:30:00,0.41196197,-0.21266176
2018-12-15 17:00:00,0.9255782,-0.058362797
2018-12-15 17:30:00,0.8262281,-0.05064654
2018-12-15 18:00:00,0.72688234,-0.24339135
2018-12-15 18:30:00,1.4753158,-0.5598803
2018-12-15 19:00:00,0.47877795,-0.475351
2018-12-15 19:30:00,0.94664276,-0.740522
2018-12-15 20:00:00,0.3562135,-0.23938903
2018-12-15 20:30:00,0.42787948,-0.06323025
2018-12-15 21:00:00,1.1891719,0.09310046
2018-12-15 21:30:00,1.1203941,0.08527934
2018-12-15 22:00:00,0.41465786,0.23112799
2018-12-15 22:30:00,0.49142718,0.3132148
2018-12-15 23:00:00,0.3344105,0.48171416
2018-12-15 23:30:00,0.51481193,0.34597614
2018-12-16 00:00:00,0.3665208,0.24281599
2018-12-16 00:30:00,0.41682068,0.20759036
2018-12-16 01:00:00,0.7532163,0.8197309
2018-12-16 01:30:00,1.5975394,0.6625525
2018-12-16 02:00:00,1.6407216,0.8782757
2018-12-16 02:30:00,1.889158,0.6560553
2018-12-16 03:00:00,1.3332422,1.3600613
2018-12-16 03:30:00,0.80700296,1.1126385
2018-12-16 04:00:00,0.5335564,1.267938
2018-12-16 04:30:00,0.34386575,1.3618264
2018-12-16 05:00:00,0.982301,1.002614
2018-12-16 05:30:00,1.1027507,0.364524
2018-12-16 06:00:00,0.86100805,-0.5173448
2018-12-16 06:30:00,0.528453,-0.27103618
2018-12-16 07:00:00,0.56662357,0.10752803
2018-12-16 07:30:00,0.83474827,0.3445998
2018-12-16 08:00:00,0.6259505,0.2560682
2018-12-16 08:30:00,0.6608135,-0.1509448
2018-12-16 09:00:00,-0.022556035,-0.040990293
2018-12-16 09:30:00,-0.2549133,-0.15903682
2018-12-16 10:00:00,-0.4872662,-0.06876183
2018-12-16 10:30:00,-1.4713296,-0.7651127
2018-12-16 11:00:00,-0.52741176,-0.8032309
2018-12-16 11:30:00,-1.0796704,-0.8130138
2018-12-16 12:00:00,0.053488,-1.0286977
2018-12-16 12:30:00,-1.2775449,-0.7200779
2018-12-16 13:00:00,-0.8413577,-0.35820457
2018-12-16 13:30:00,-1.2148798,-0.21882252
2018-12-16 14:00:00,-0.74905103,-0.46925142
2018-12-16 14:30:00,-1.1395916,-0.3773991
2018-12-16 15:00:00,-0.42218924,0.09752224
2018-12-16 15:30:00,-0.38207868,0.58898586
2018-12-16 16:00:00,-0.036708336,0.98820394
2018-12-16 16:30:00,0.3442328,0.98060566
2018-12-16 17:00:00,0.7320207,1.2226892
2018-12-16 17:30:00,1.119813,1.0865142
2018-12-16 18:00:00,1.5076052,1.0827827
2018-12-16 18:30:00,-0.32976452,0.8583078
2018-12-16 19:00:00,-0.85847247,0.89475244
2018-12-16 19:30:00,0.19061546,1.2433255
2018-12-16 20:00:00,1.2397033,1.6327913
2018-12-16 20:30:00,1.9959841,2.0116832
2018-12-16 21:00:00,1.4612858,2.045786
2018-12-16 21:30:00,1.2643552,1.8437518
2018-12-16 22:00:00,1.3206804,1.4255489
2018-12-16 22:30:00,1.3905723,1.1515912
2018-12-16 23:00:00,1.373545,1.4837661
2018-12-16 23:30:00,1.0413264,1.4632564
2018-12-17 00:00:00,0.7763782,1.4086133
2018-12-17 00:30:00,0.85187614,1.4697143
2018-12-17 01:00:00,0.8204212,1.5094229
2018-12-17 01:30:00,0.87775135,1.2268007
2018-12-17 02:00:00,0.80484015,1.5005269
2018-12-17 02:30:00,-0.17368285,1.7694687
2018-12-17 03:00:00,-0.88602114,1.7280735
2018-12-17 03:30:00,-1.5983638,2.3091874
2018-12-17 04:00:00,-0.9094146,2.1985118
2018-12-17 04:30:00,-0.22046977,2.062267
2018-12-17 05:00:00,-3.4658382,0.87916267
2018-12-17 05:30:00,-6.711207,0.045671247
2018-12-17 06:00:00,-9.956575,-0.038591523
2018-12-17 06:30:00,2.3252666,0.24485648
2018-12-17 07:00:00,2.0130332,0.5309916
2018-12-17 07:30:00,1.0231324,0.7363813
2018-12-17 08:00:00,0.73847854,0.79302543
2018-12-17 08:30:00,0.6556227,0.7457841
2018-12-17 09:00:00,0.48567277,0.48579073
2018-12-17 09:30:00,0.019695507,0.26914564
2018-12-17 10:00:00,-0.4462774,0.16836676
2018-12-17 10:30:00,-0.069565795,0.03594072
2018-12-17 11:00:00,-1.47389,0.036006264
2018-12-17 11:30:00,-0.23493667,0.032353494
2018-12-17 12:00:00,-1.8435495,0.12977235
2018-12-17 12:30:00,-1.4458869,0.07481476
2018-12-17 13:00:00,-1.5557759,0.2014689
2018-12-17 13:30:00,-0.80304736,0.20037657
2018-12-17 14:00:00,-1.22378,0.40712947
2018-12-17 14:30:00,-0.7919711,0.3933442
2018-12-17 15:00:00,-0.9134912,0.6002107
2018-12-17 15:30:00,-0.26136246,0.68951136
2018-12-17 16:00:00,-0.17746234,0.9028008
2018-12-17 16:30:00,-0.16088505,1.00777
2018-12-17 17:00:00,0.42385095,1.1976877
2018-12-17 17:30:00,-0.12019337,1.3964491
2018-12-17 18:00:00,-0.6642421,1.5724638
2018-12-17 18:30:00,0.5419805,1.4572617
2018-12-17 19:00:00,0.09753971,1.1885078
2018-12-17 19:30:00,-14.51367,1.220487
2018-12-17 20:00:00,-6.958988,1.4384079
2018-12-17 20:30:00,0.5956928,1.5188388
2018-12-17 21:00:00,-2.8279884,1.471462
2018-12-17 21:30:00,0.38724023,1.4746691
2018-12-17 22:00:00,3.6024647,1.5307233
2018-12-17 22:30:00,6.817689,1.4656944
2018-12-17 23:00:00,6.1130233,1.5520152
2018-12-17 23:30:00,5.4083576,1.5501232
2018-12-18 00:00:00,4.703687,1.5379503
2018-12-18 00:30:00,3.999022,1.6316988
2018-12-18 01:00:00,3.294356,1.5999557
2018-12-18 01:30:00,3.0990028,1.7208859
2018-12-18 02:00:00,2.9036539,1.6894616
2018-12-18 02:30:00,2.7083051,1.5062857
2018-12-18 03:00:00,2.5129519,1.3617653
2018-12-18 03:30:00,2.3176029,1.1324579
2018-12-18 04:00:00,2.1222494,1.1452687
2018-12-18 04:30:00,1.9269004,1.2572943
2018-12-18 05:00:00,1.7315515,0.786301
2018-12-18 05:30:00,1.5361981,0.15903385
2018-12-18 06:00:00,1.3408493,-0.6870544
2018-12-18 06:30:00,1.1454959,0.5600783
2018-12-18 07:00:00,0.950147,0.9978034
2018-12-18 07:30:00,0.7547937,0.97848654
2018-12-18 08:00:00,0.5594447,0.67252773
2018-12-18 08:30:00,0.3640958,0.8799666
2018-12-18 09:00:00,0.16874252,0.86115223
2018-12-18 09:30:00,-0.026606416,0.5130642
2018-12-18 10:00:00,-0.6305457,0.21210825
2018-12-18 10:30:00,-3.2731328,0.5566309
2018-12-18 11:00:00,-0.69859385,0.3702391
2018-12-18 11:30:00,-1.4876971,0.3384303
2018-12-18 12:00:00,-1.3071603,0.23125471
2018-12-18 12:30:00,-1.8057153,0.3095271
2018-12-18 13:00:00,-1.191377,0.104417056
2018-12-18 13:30:00,-1.5642698,0.23648481
2018-12-18 14:00:00,-1.2421532,0.18503581
2018-12-18 14:30:00,-1.0649195,0.44371834
2018-12-18 15:00:00,-0.74768776,0.33010232
2018-12-18 15:30:00,0.23372339,0.57675606
2018-12-18 16:00:00,0.33150488,0.5743748
2018-12-18 16:30:00,0.6366117,0.71607697
2018-12-18 17:00:00,0.9417185,1.0146472
2018-12-18 17:30:00,-0.02165158,1.0646499
2018-12-18 18:00:00,-0.9850217,1.033986
2018-12-18 18:30:00,2.7756279,1.3193084
2018-12-18 19:00:00,0.92581415,1.2770962
2018-12-18 19:30:00,0.4587008,-0.22386038
2018-12-18 20:00:00,-0.008412474,-0.25983754
2018-12-18 20:30:00,-0.4755258,0.62556165
2018-12-18 21:00:00,-1.9899268,0.9273259
2018-12-18 21:30:00,1.8222153,0.7347602
2018-12-18 22:00:00,-1.3419621,1.5134689
2018-12-18 22:30:00,-1.1060438,2.6721792
2018-12-18 23:00:00,-0.8701255,2.5525641
2018-12-18 23:30:00,-0.6342072,1.8635405
2018-12-19 00:00:00,-0.39828894,2.40315
2018-12-19 00:30:00,-0.16237499,2.6291413
2018-12-19 01:00:00,2.014178,2.5456824
2018-12-19 01:30:00,-0.42775577,2.273018
2018-12-19 02:00:00,-2.8696938,2.053441
2018-12-19 02:30:00,-1.1326225,2.1524982
2018-12-19 03:00:00,0.6044446,1.3368994
2018-12-19 03:30:00,0.8415645,1.5158676
2018-12-19 04:00:00,2.6062284,1.0938984
2018-12-19 04:30:00,4.370897,1.2421851
2018-12-19 05:00:00,6.1355605,0.74520737
2018-12-19 05:30:00,5.8247385,0.97360164
2018-12-19 06:00:00,5.513921,0.6117414
2018-12-19 06:30:00,5.203099,0.912007
2018-12-19 07:00:00,4.892277,1.2720015
2018-12-19 07:30:00,7.138626,0.8367276
2018-12-19 08:00:00,4.031744,1.1306446
2018-12-19 08:30:00,0.92485726,0.896924
2018-12-19 09:00:00,3.1390085,1.1114893
2018-12-19 09:30:00,0.7276557,1.0727813
2018-12-19 10:00:00,-1.4002403,0.7924137
2018-12-19 10:30:00,0.85499585,0.37275147
2018-12-19 11:00:00,0.37392685,0.18070142
2018-12-19 11:30:00,-0.10714214,0.5730946
2018-12-19 12:00:00,-0.5882111,0.47082573
2018-12-19 12:30:00,-1.0692844,0.086695
2018-12-19 13:00:00,-0.4029117,-0.16417517
2018-12-19 13:30:00,-0.01953682,-0.040645115
2018-12-19 14:00:00,0.038531743,-0.25937876
2018-12-19 14:30:00,0.06864962,-0.2726441
2018-12-19 15:00:00,0.18904686,0.2877765
2018-12-19 15:30:00,2.2510924,0.23966132
2018-12-19 16:00:00,4.3131385,0.36802822
2018-12-19 16:30:00,0.3086838,0.28948492
2018-12-19 17:00:00,1.8308797,0.43934464
2018-12-19 17:30:00,0.79121655,0.22206599
2018-12-19 18:00:00,1.0570211,-0.05993139
2018-12-19 18:30:00,5.4540257,0.30340564
2018-12-19 19:00:00,9.851031,0.2962574
2018-12-19 19:30:00,14.248036,0.65799093
2018-12-19 20:00:00,2.52398,0.5585403
2018-12-19 20:30:00,2.2634928,1.3169795
2018-12-19 21:00:00,2.0030012,0.98825204
2018-12-19 21:30:00,1.7425098,1.4319282
2018-12-19 22:00:00,36.099075,1.5225309
2018-12-19 22:30:00,16.004595,1.9761735
2018-12-19 23:00:00,-4.089885,1.5603738
2018-12-19 23:30:00,16.093765,1.688046
2018-12-20 00:00:00,8.047969,1.8644276
2018-12-20 00:30:00,10.637107,1.5437484
2018-12-20 01:00:00,13.226244,2.0745711
2018-12-20 01:30:00,7.77991,2.05182
2018-12-20 02:00:00,2.3335726,1.4060005
2018-12-20 02:30:00,2.272498,1.5137835
2018-12-20 03:00:00,2.09647,1.5223954
2018-12-20 03:30:00,1.9204382,1.6179049
2018-12-20 04:00:00,0.9407966,1.3215673
2018-12-20 04:30:00,1.1495594,1.6665925
2018-12-20 05:00:00,0.7256371,2.5217822
2018-12-20 05:30:00,0.7367964,2.1131175
2018-12-20 06:00:00,0.74796003,2.6237233
2018-12-20 06:30:00,0.75911933,2.6832469
2018-12-20 07:00:00,0.85322624,2.3944814
2018-12-20 07:30:00,-0.3631856,2.3561447
2018-12-20 08:00:00,0.983721,2.4113295
2018-12-20 08:30:00,2.3306234,1.5842872
2018-12-20 09:00:00,1.1234657,1.5668972
2018-12-20 09:30:00,-0.08369188,1.3939848
2018-12-20 10:00:00,-1.2908494,1.143237
2018-12-20 10:30:00,0.22339426,0.73895043
2018-12-20 11:00:00,0.19817005,0.26932043
2018-12-20 11:30:00,0.17294583,0.38157755
2018-12-20 12:00:00,0.67962354,0.20173106
2018-12-20 12:30:00,0.21069695,-0.16098118
2018-12-20 13:00:00,-0.1905791,0.08680861
2018-12-20 13:30:00,-0.5918508,0.1684192
2018-12-20 14:00:00,-1.1355194,0.19445173
2018-12-20 14:30:00,-0.4159236,0.49304384
2018-12-20 15:00:00,-1.8495748,0.49671847
2018-12-20 15:30:00,-0.6151219,1.0047681
2018-12-20 16:00:00,0.73830813,1.6810856
2018-12-20 16:30:00,0.91158754,1.3782028
2018-12-20 17:00:00,1.0848713,1.3981532
2018-12-20 17:30:00,1.8758185,1.155008
2018-12-20 18:00:00,2.9833465,1.128036
2018-12-20 18:30:00,2.720478,1.6606108
2018-12-20 19:00:00,2.457614,1.3731256
2018-12-20 19:30:00,2.1947455,2.9312901
2018-12-20 20:00:00,1.9318771,2.453
2018-12-20 20:30:00,1.669013,1.6151347
2018-12-20 21:00:00,0.89962864,1.8298705
2018-12-20 21:30:00,2.465553,1.8462031
2018-12-20 22:00:00,1.516025,4.6924715
2018-12-20 22:30:00,2.387604,4.452018
2018-12-20 23:00:00,3.259183,2.7815614
2018-12-20 23:30:00,4.58589,3.406574
2018-12-21 00:00:00,4.469696,3.558199
2018-12-21 00:30:00,4.3535023,3.6236691
2018-12-21 01:00:00,4.2373085,3.2698224
2018-12-21 01:30:00,4.1211143,2.6995008
2018-12-21 02:00:00,4.0049205,2.9485707
2018-12-21 02:30:00,3.8887267,2.5724227
2018-12-21 03:00:00,3.7725327,1.7402246
2018-12-21 03:30:00,3.6563387,2.6974165
2018-12-21 04:00:00,1.2847775,1.0283495
2018-12-21 04:30:00,0.828688,2.0399354
2018-12-21 05:00:00,0.37259856,2.0177171
2018-12-21 05:30:00,0.72750276,1.9803244
2018-12-21 06:00:00,1.082407,2.0333114
2018-12-21 06:30:00,1.4373112,1.6937479
2018-12-21 07:00:00,1.89874,1.342881
2018-12-21 07:30:00,4.944119,1.1101873
2018-12-21 08:00:00,7.989503,0.39811552
2018-12-21 08:30:00,2.5417063,1.0308182
2018-12-21 09:00:00,1.0437907,0.56922334
2018-12-21 09:30:00,-0.45412475,-0.26686782
2018-12-21 10:00:00,-1.5088316,-0.23651837
2018-12-21 10:30:00,-1.7541746,-0.25032112
2018-12-21 11:00:00,-1.659067,-0.36591646
2018-12-21 11:30:00,-2.2207766,-0.5884252
2018-12-21 12:00:00,-0.6824185,-1.1285896
2018-12-21 12:30:00,-1.7375623,-0.5230992
2018-12-21 13:00:00,-2.116262,-0.42128477
2018-12-21 13:30:00,-1.22042,-0.7526382
2018-12-21 14:00:00,-1.7518982,-1.0774333
2018-12-21 14:30:00,-0.3175697,-1.4372836
2018-12-21 15:00:00,-0.7036623,-0.52278024
2018-12-21 15:30:00,1.0063936,-0.05257342
2018-12-21 16:00:00,1.7187668,0.121767715
2018-12-21 16:30:00,1.111118,1.1782616
2018-12-21 17:00:00,1.5172484,0.6472205
2018-12-21 17:30:00,1.6388909,0.8821644
2018-12-21 18:00:00,2.0365229,2.1214674
2018-12-21 18:30:00,3.6316345,2.314719
2018-12-21 19:00:00,2.2517872,2.5961223
2018-12-21 19:30:00,3.2011406,2.8547654
2018-12-21 20:00:00,3.172421,2.8686554
2018-12-21 20:30:00,2.2060227,2.646999
2018-12-21 21:00:00,3.2546957,3.7426639
2018-12-21 21:30:00,1.5801537,3.4253447
2018-12-21 22:00:00,1.9502239,3.481399
2018-12-21 22:30:00,1.7817203,3.6491556
2018-12-21 23:00:00,2.1981666,3.3238537
2018-12-21 23:30:00,1.4958167,4.581302
2018-12-22 00:00:00,1.1151159,4.416229
2018-12-22 00:30:00,1.1340613,4.7166777
2018-12-22 01:00:00,1.3744713,3.4348786
2018-12-22 01:30:00,5.192551,3.4194636
2018-12-22 02:00:00,9.010632,3.40099
2018-12-22 02:30:00,4.7031546,3.3061883
2018-12-22 03:00:00,49.56255,4.278057
2018-12-22 03:30:00,-2.308395,2.7496085
2018-12-22 04:00:00,0.9042689,2.4991665
2018-12-22 04:30:00,4.1169286,2.7092183
2018-12-22 05:00:00,9.39135,2.1606514
2018-12-22 05:30:00,8.900516,2.4517896
2018-12-22 06:00:00,8.409685,1.8118688
2018-12-22 06:30:00,0.82029015,2.2148707
2018-12-22 07:00:00,1.661275,1.9133773
2018-12-22 07:30:00,2.50226,1.0980536
2018-12-22 08:00:00,4.893094,2.1537523
2018-12-22 08:30:00,1.5012915,2.0636084
2018-12-22 09:00:00,0.73031664,0.6229051
2018-12-22 09:30:00,0.65349483,0.9222968
2018-12-22 10:00:00,-0.3680924,0.51932985
2018-12-22 10:30:00,0.58414465,0.4915146
2018-12-22 11:00:00,2.0758426,0.33858323
2018-12-22 11:30:00,3.5675406,0.045046434
2018-12-22 12:00:00,-10.072957,-0.013402263
2018-12-22 12:30:00,-13.625516,-0.114386514
2018-12-22 13:00:00,14.263499,0.17972705
2018-12-22 13:30:00,-28.531399,0.48643303
2018-12-22 14:00:00,-16.726778,-0.33104473
2018-12-22 14:30:00,-4.922158,0.2435413
2018-12-22 15:00:00,6.8824644,0.12431504
2018-12-22 15:30:00,-31.836369,0.5393982
2018-12-22 16:00:00,16.781464,1.4315786
2018-12-22 16:30:00,-6.3937654,1.035135
2018-12-22 17:00:00,0.38987494,2.092612
2018-12-22 17:30:00,6.7113695,2.0996337
2018-12-22 18:00:00,13.032861,2.194042
2018-12-22 18:30:00,-6.158555,2.7908156
2018-12-22 19:00:00,-6.286795,2.7154095
2018-12-22 19:30:00,3.275035,2.5684466
2018-12-22 20:00:00,-9.525325,2.9645145
2018-12-22 20:30:00,-7.64026,3.2103293
2018-12-22 21:00:00,-7.644481,3.273947
2018-12-22 21:30:00,-7.6487017,4.5751286
2018-12-22 22:00:00,-3.187664,3.5066013
2018-12-22 22:30:00,1.2733691,2.5817733
2018-12-22 23:00:00,1.9423984,3.665912
2018-12-22 23:30:00,1.2563069,3.283127
2018-12-23 00:00:00,0.7246059,3.3339293
2018-12-23 00:30:00,1.7401067,3.2477572
2018-12-23 01:00:00,2.4450521,2.8930888
2018-12-23 01:30:00,3.1499932,2.8266923
2018-12-23 02:00:00,3.4867995,3.5379734
2018-12-23 02:30:00,3.823606,3.3586118
2018-12-23 03:00:00,1.8916748,5.938905
2018-12-23 03:30:00,0.5262902,4.3224845
2018-12-23 04:00:00,-0.8390944,3.491182
2018-12-23 04:30:00,-2.204479,2.414965
2018-12-23 05:00:00,-3.5698636,4.5851426
2018-12-23 05:30:00,-4.9352484,3.679068
2018-12-23 06:00:00,-6.300633,3.4371681
2018-12-23 06:30:00,-7.6660132,2.7954516
2018-12-23 07:00:00,-9.031398,2.756394
2018-12-23 07:30:00,-10.396782,1.3859627
2018-12-23 08:00:00,-11.762166,1.768621
2018-12-23 08:30:00,-13.127551,1.1728655
2018-12-23 09:00:00,-14.492935,0.19280887
2018-12-23 09:30:00,-15.858318,0.26939908
2018-12-23 10:00:00,-9.135917,0.061322235
2018-12-23 10:30:00,-2.4135127,0.46618113
2018-12-23 11:00:00,-2.8973167,0.07196595
2018-12-23 11:30:00,-3.3220737,0.3164918
2018-12-23 12:00:00,-4.338352,-1.4284008
2018-12-23 12:30:00,-7.5993066,-2.998524
2018-12-23 13:00:00,-3.6927993,-0.44867182
2018-12-23 13:30:00,-4.409699,-3.6011436
2018-12-23 14:00:00,-11.098988,-4.6323566
2018-12-23 14:30:00,-0.39650622,-3.8555965
2018-12-23 15:00:00,-2.9357977,0.75861686
2018-12-23 15:30:00,-0.6596237,-4.9189115
2018-12-23 16:00:00,-0.87875056,-0.5864984
2018-12-23 16:30:00,-0.54963857,-0.98155683
2018-12-23 17:00:00,-0.22052658,0.28378296
2018-12-23 17:30:00,0.10858541,-1.5138345
2018-12-23 18:00:00,0.41773388,1.2196131
2018-12-23 18:30:00,0.34380022,1.7058378
2018-12-23 19:00:00,0.2698666,-0.592196
2018-12-23 19:30:00,2.456749,-1.174542
2018-12-23 20:00:00,4.643631,1.1819537
2018-12-23 20:30:00,2.8753712,-0.8494104
2018-12-23 21:00:00,2.03197,-1.7465937
2018-12-23 21:30:00,1.1885645,-0.9210851
2018-12-23 22:00:00,2.2135773,-1.4581342
2018-12-23 22:30:00,2.653129,-0.7984464
2018-12-23 23:00:00,3.0926847,0.81718355
2018-12-23 23:30:00,2.4876008,2.11781
2018-12-24 00:00:00,1.8825166,1.3626173
2018-12-24 00:30:00,1.2774326,1.2806528
2018-12-24 01:00:00,1.5385882,3.128011
2018-12-24 01:30:00,2.2024007,2.471797
2018-12-24 02:00:00,0.70076674,4.12811
2018-12-24 02:30:00,2.0948668,3.8558211
2018-12-24 03:00:00,2.081029,3.358616
2018-12-24 03:30:00,2.247348,3.1335688
2018-12-24 04:00:00,1.9772309,2.2776756
2018-12-24 04:30:00,1.87941,4.276694
2018-12-24 05:00:00,1.723857,2.316563
2018-12-24 05:30:00,2.1410813,2.3159294
2018-12-24 06:00:00,1.4082856,1.1743904
2018-12-24 06:30:00,1.3710939,1.8743241
2018-12-24 07:00:00,0.75381494,-1.0618129
2018-12-24 07:30:00,1.8752285,-0.49853912
2018-12-24 08:00:00,0.88504815,-1.726722
2018-12-24 08:30:00,-0.363876,-3.950691
2018-12-24 09:00:00,-1.6128001,-2.8498876
2018-12-24 09:30:00,-2.8554542,-3.7031765
2018-12-24 10:00:00,-3.5433764,-3.365164
2018-12-24 10:30:00,-2.405875,-2.367346
2018-12-24 11:00:00,-3.0958946,-1.0882736
2018-12-24 11:30:00,-2.5007858,-2.5324855
2018-12-24 12:00:00,-1.5379664,-1.58734
2018-12-24 12:30:00,-2.5900645,-4.8332067
2018-12-24 13:00:00,-1.7719578,-1.4327439
2018-12-24 13:30:00,-3.508531,-3.678245
2018-12-24 14:00:00,-2.3748963,-2.328057
2018-12-24 14:30:00,-1.9133017,-1.6585603
2018-12-24 15:00:00,-0.9230732,0.8198794
2018-12-24 15:30:00,-0.043341,0.34029165
2018-12-24 16:00:00,-1.1490031,0.7685746
2018-12-24 16:30:00,0.45631078,1.766078
2018-12-24 17:00:00,0.5924333,-0.30896208
2018-12-24 17:30:00,1.3922458,1.7991539
2018-12-24 18:00:00,2.2117248,0.82124263
2018-12-24 18:30:00,1.7274356,2.2956862
2018-12-24 19:00:00,1.5911733,0.18996443
2018-12-24 19:30:00,1.9138186,2.7907152
2018-12-24 20:00:00,1.70035,1.8835173
2018-12-24 20:30:00,1.4748439,1.1051625
2018-12-24 21:00:00,1.3319926,3.210762
2018-12-24 21:30:00,1.085282,1.6661336
2018-12-24 22:00:00,0.91373724,2.893373
2018-12-24 22:30:00,1.5022833,2.13281
2018-12-24 23:00:00,1.2997643,5.017074
2018-12-24 23:30:00,2.5904682,3.2760093
2018-12-25 00:00:00,1.3570813,2.629303
2018-12-25 00:30:00,1.6276135,3.30843
2018-12-25 01:00:00,1.4522413,4.804807
2018-12-25 01:30:00,2.5324302,3.014255
2018-12-25 02:00:00,3.6126149,4.8988266
2018-12-25 02:30:00,1.0627319,5.705097
2018-12-25 03:00:00,-1.4871509,2.379311
2018-12-25 03:30:00,3.5702584,2.057404
2018-12-25 04:00:00,11.654211,3.7146695
2018-12-25 04:30:00,2.887234,2.1657593
2018-12-25 05:00:00,1.8163997,1.4434894
2018-12-25 05:30:00,2.075895,0.7622259
2018-12-25 06:00:00,2.2194586,-0.41355976
2018-12-25 06:30:00,1.808146,-0.21051641
2018-12-25 07:00:00,1.3968337,-1.0787834
2018-12-25 07:30:00,0.9855212,-1.3184506
2018-12-25 08:00:00,0.57420874,-2.5733693
2018-12-25 08:30:00,0.6314996,-2.0148888
2018-12-25 09:00:00,0.03674905,-2.5722377
2018-12-25 09:30:00,-0.55800587,-1.5531892
2018-12-25 10:00:00,-1.1527565,-1.6756531
2018-12-25 10:30:00,-0.6860975,-2.0548685
2018-12-25 11:00:00,-0.6840745,-0.8228623
2018-12-25 11:30:00,-0.56855786,-2.495866
2018-12-25 12:00:00,-0.32216188,-1.9792482
2018-12-25 12:30:00,-2.729464,-0.6196966
2018-12-25 13:00:00,18.760845,-3.553107
2018-12-25 13:30:00,15.308921,-2.131961
2018-12-25 14:00:00,11.857,-1.2641921
2018-12-25 14:30:00,8.405075,0.10670659
2018-12-25 15:00:00,4.9531507,-1.1680622
2018-12-25 15:30:00,1.501226,1.5787687
2018-12-25 16:00:00,-0.0895468,0.41174787
2018-12-25 16:30:00,-1.6803195,0.9793255
2018-12-25 17:00:00,1.7050908,1.739058
2018-12-25 17:30:00,14.478987,1.7646667
2018-12-25 18:00:00,-14.808478,1.0947548
2018-12-25 18:30:00,-8.799058,0.99210143
2018-12-25 19:00:00,-2.7896388,1.6114557
2018-12-25 19:30:00,2.4846122,0.91195023
2018-12-25 20:00:00,-4.5596724,0.8969459
2018-12-25 20:30:00,5.596873,1.4337283
2018-12-25 21:00:00,1.4046941,1.4281006
2018-12-25 21:30:00,1.2604009,1.9716032
2018-12-25 22:00:00,1.1161034,2.4793165
2018-12-25 22:30:00,-36.25519,2.4277277
2018-12-25 23:00:00,-26.697916,2.3961723
2018-12-25 23:30:00,-17.140635,2.7606978
2018-12-26 00:00:00,4.8624125,2.2059135
2018-12-26 00:30:00,-12.439244,2.3341057
2018-12-26 01:00:00,-29.7409,2.0340543
2018-12-26 01:30:00,-47.042557,2.1440523
2018-12-26 02:00:00,-38.98403,2.4894795
2018-12-26 02:30:00,-21.10812,2.1904593
2018-12-26 03:00:00,-3.2322052,1.2871238
2018-12-26 03:30:00,4.3276577,1.6033418
2018-12-26 04:00:00,4.221688,2.431009
2018-12-26 04:30:00,4.115714,2.0945783
2018-12-26 05:00:00,10.64436,1.1249076
2018-12-26 05:30:00,17.17301,0.536864
2018-12-26 06:00:00,23.701649,1.0187194
2018-12-26 06:30:00,30.230295,0.2607303
2018-12-26 07:00:00,36.75894,-0.19937459
2018-12-26 07:30:00,43.287586,-0.67348325
2018-12-26 08:00:00,49.816235,-0.71008956
2018-12-26 08:30:00,29.623035,-1.0709536
2018-12-26 09:00:00,9.429835,-1.0336919
2018-12-26 09:30:00,-10.763361,-0.82324684
2018-12-26 10:00:00,-30.956562,-0.6035606
2018-12-26 10:30:00,-21.871746,-1.0736276
2018-12-26 11:00:00,-12.78693,-0.94677687
2018-12-26 11:30:00,-3.7021103,-0.9361244
2018-12-26 12:00:00,5.382705,-1.2081159
2018-12-26 12:30:00,14.467522,-1.141217
2018-12-26 13:00:00,17.19985,1.3032773
2018-12-26 13:30:00,19.932178,1.6346526
2018-12-26 14:00:00,22.664507,2.5261645
2018-12-26 14:30:00,25.396832,2.150353
2018-12-26 15:00:00,28.129166,2.158196
2018-12-26 15:30:00,30.86149,2.1836953
2018-12-26 16:00:00,33.593822,1.3956496
2018-12-26 16:30:00,36.32615,0.7238718
2018-12-26 17:00:00,39.058475,1.6328743
2018-12-26 17:30:00,41.79081,3.0789258
2018-12-26 18:00:00,44.523132,0.30680063
2018-12-26 18:30:00,47.255466,-0.6301044
2018-12-26 19:00:00,46.604767,-0.15674292
2018-12-26 19:30:00,45.954067,1.1042013
2018-12-26 20:00:00,45.303375,-0.08695141
2018-12-26 20:30:00,44.652676,0.7926628
2018-12-26 21:00:00,44.001976,1.1924533
2018-12-26 21:30:00,27.505861,1.8675691
2018-12-26 22:00:00,15.010093,0.98286027
2018-12-26 22:30:00,2.5143194,-1.8495835
2018-12-26 23:00:00,-9.981449,-3.9213903
2018-12-26 23:30:00,-22.477224,-3.3783858
2018-12-27 00:00:00,-34.972992,-0.11090415
2018-12-27 00:30:00,-37.49982,-1.5715142
2018-12-27 01:00:00,-22.007843,-4.6041
2018-12-27 01:30:00,-26.199823,-6.1287823
2018-12-27 02:00:00,-4.7902517,-7.151287
2018-12-27 02:30:00,-3.2768247,-8.040824
2018-12-27 03:00:00,-1.7633939,-4.913965
2018-12-27 03:30:00,-0.2499672,-2.2545867
2018-12-27 04:00:00,1.2634594,1.0110207
2018-12-27 04:30:00,1.088594,0.41012245
2018-12-27 05:00:00,0.98188156,-0.016591882
2018-12-27 05:30:00,-11.640773,1.2558525
2018-12-27 06:00:00,-24.263424,0.980846
2018-12-27 06:30:00,-22.16609,1.9955646
2018-12-27 07:00:00,-20.068758,2.5087922
2018-12-27 07:30:00,-17.971424,5.375644
2018-12-27 08:00:00,-28.249767,5.8811817
2018-12-27 08:30:00,-0.21423909,4.8540845
2018-12-27 09:00:00,-1.1484438,2.0172234
2018-12-27 09:30:00,3.2120378,-0.23427252
2018-12-27 10:00:00,-0.9765889,-2.2507024
2018-12-27 10:30:00,-0.826668,-3.8712869
2018-12-27 11:00:00,-1.2590581,-3.6372519
2018-12-27 11:30:00,-1.8220742,-3.9706676
2018-12-27 12:00:00,-2.8296707,-1.3119534
2018-12-27 12:30:00,-2.8293517,1.6267397
2018-12-27 13:00:00,-2.8871975,1.7103777
2018-12-27 13:30:00,-3.552631,6.244925
2018-12-27 14:00:00,-3.5764656,5.006854
2018-12-27 14:30:00,-2.9503126,6.829622
2018-12-27 15:00:00,-1.8230093,8.135736
2018-12-27 15:30:00,-1.0460789,11.109647
2018-12-27 16:00:00,-0.52687865,11.835595
2018-12-27 16:30:00,0.04332928,12.723874
2018-12-27 17:00:00,0.6135372,10.108542
2018-12-27 17:30:00,0.6792259,10.717183
2018-12-27 18:00:00,0.83763206,11.640819
2018-12-27 18:30:00,0.61563015,12.755355
2018-12-27 19:00:00,0.55717707,12.699847
2018-12-27 19:30:00,1.306445,15.214604
2018-12-27 20:00:00,1.306113,18.167656
2018-12-27 20:30:00,0.8492545,16.885532
2018-12-27 21:00:00,0.39239603,15.810229
2018-12-27 21:30:00,0.039287638,10.68946
2018-12-27 22:00:00,-0.31382078,7.164501
2018-12-27 22:30:00,-0.9671293,-2.3897085
2018-12-27 23:00:00,-0.39431283,-5.5676494
2018-12-27 23:30:00,0.17849927,-4.232802
2018-12-28 00:00:00,0.58323145,-6.2022223
2018-12-28 00:30:00,-0.17912269,-8.405455
2018-12-28 01:00:00,-0.9414725,-8.939388
2018-12-28 01:30:00,-1.7038267,-7.6666074
2018-12-28 02:00:00,0.43435922,-5.509476
2018-12-28 02:30:00,0.47734916,-6.218887
2018-12-28 03:00:00,0.5203435,-4.699142
2018-12-28 03:30:00,0.255758,-1.6659007
2018-12-28 04:00:00,0.23160426,-0.52756464
2018-12-28 04:30:00,0.5005504,1.4909798
2018-12-28 05:00:00,0.5472281,5.2787585
2018-12-28 05:30:00,0.5939101,6.0327673
2018-12-28 06:00:00,0.54577744,3.0937552
2018-12-28 06:30:00,2.1229877,2.1507723
2018-12-28 07:00:00,1.0766569,0.6098233
2018-12-28 07:30:00,0.030326117,-0.35173357
2018-12-28 08:00:00,-0.0421438,-3.0320106
2018-12-28 08:30:00,-0.114618085,-1.4458039
2018-12-28 09:00:00,-0.187088,-2.4078586
2018-12-28 09:30:00,-0.25956228,-1.5540106
2018-12-28 10:00:00,-1.1494576,-2.5476165
2018-12-28 10:30:00,-0.8042227,-0.8187289
2018-12-28 11:00:00,-0.1714108,1.4534997
2018-12-28 11:30:00,-4.7945776,1.4316529
2018-12-28 12:00:00,-1.9773737,0.3469636
2018-12-28 12:30:00,-1.2409822,3.380961
2018-12-28 13:00:00,-5.7857933,3.3826869
2018-12-28 13:30:00,-4.697565,2.3426871
2018-12-28 14:00:00,-3.0869944,3.3270912
2018-12-28 14:30:00,-4.139534,3.6622417
2018-12-28 15:00:00,-3.798948,3.5944295
2018-12-28 15:30:00,-3.0929105,6.5303564
2018-12-28 16:00:00,-2.4023402,6.6653123
2018-12-28 16:30:00,-1.4168613,7.5910625
2018-12-28 17:00:00,-0.3209035,7.752842
2018-12-28 17:30:00,0.77505,3.0773747
2018-12-28 18:00:00,0.74942374,3.0649788
2018-12-28 18:30:00,0.76789737,2.7342284
2018-12-28 19:00:00,0.60853434,4.9263883
2018-12-28 19:30:00,0.78422123,6.4747567
2018-12-28 20:00:00,0.5575659,7.2576337
2018-12-28 20:30:00,0.39902872,4.562693
2018-12-28 21:00:00,0.25048855,5.1379213
2018-12-28 21:30:00,0.49469984,3.3842466
2018-12-28 22:00:00,0.07485408,-0.7014121
2018-12-28 22:30:00,0.55232275,-1.0039978
2018-12-28 23:00:00,0.3795065,-0.2920571
2018-12-28 23:30:00,0.46192104,-1.0134443
2018-12-29 00:00:00,0.24992055,-2.83695
2018-12-29 00:30:00,0.23310295,-2.8808138
2018-12-29 01:00:00,0.3476103,-2.8224525
2018-12-29 01:30:00,0.46211764,-1.7359937
2018-12-29 02:00:00,0.31248513,-1.4882127
2018-12-29 02:30:00,0.16285264,-0.9881414
2018-12-29 03:00:00,0.24667412,-1.5126504
2018-12-29 03:30:00,0.32031062,-1.8869501
2018-12-29 04:00:00,0.378318,-3.0330765
2018-12-29 04:30:00,0.31971204,-0.883736
2018-12-29 05:00:00,0.2611017,-1.3339399
2018-12-29 05:30:00,0.2024957,-0.3383765
2018-12-29 06:00:00,0.47989213,0.08950012
2018-12-29 06:30:00,0.6550154,2.296997
2018-12-29 07:00:00,0.8301343,3.2258756
2018-12-29 07:30:00,0.87360924,2.762817
2018-12-29 08:00:00,0.2539884,0.43202162
2018-12-29 08:30:00,0.035918877,-1.5945975
2018-12-29 09:00:00,-1.2323396,-0.41762325
2018-12-29 09:30:00,-1.5904728,-1.0550841
2018-12-29 10:00:00,-5.7513146,-0.14934124
2018-12-29 10:30:00,-3.8949208,0.12061421
2018-12-29 11:00:00,-2.092982,1.9953986
2018-12-29 11:30:00,-2.2001665,1.1553007
2018-12-29 12:00:00,-2.4400694,1.9384574
2018-12-29 12:30:00,-1.9364285,1.6418358
2018-12-29 13:00:00,-2.1740859,1.2817801
2018-12-29 13:30:00,-3.2011826,1.21915
2018-12-29 14:00:00,-3.2044203,0.69611776
2018-12-29 14:30:00,-2.36084,0.22078577
2018-12-29 15:00:00,-2.1850312,-0.42646682
2018-12-29 15:30:00,-0.6520472,-0.6391314
2018-12-29 16:00:00,-0.65152293,-0.74126047
2018-12-29 16:30:00,-0.5326375,-0.4292064
2018-12-29 17:00:00,-0.41375202,1.0045147
2018-12-29 17:30:00,1.0563395,2.4922628
2018-12-29 18:00:00,2.287393,2.4570067
2018-12-29 18:30:00,1.8390766,3.658589
2018-12-29 19:00:00,1.3907602,3.64715
2018-12-29 19:30:00,0.64793706,4.8258977
2018-12-29 20:00:00,0.46926588,5.2577286
2018-12-29 20:30:00,0.6075075,6.3983893
2018-12-29 21:00:00,0.97786176,4.1201444
2018-12-29 21:30:00,0.44508594,2.952416
2018-12-29 22:00:00,0.67656934,0.3231376
2018-12-29 22:30:00,0.4082524,-1.3872983
2018-12-29 23:00:00,0.742695,-2.85039
2018-12-29 23:30:00,0.52315736,-3.8537352
2018-12-30 00:00:00,0.4718438,-3.460311
2018-12-30 00:30:00,0.42053023,-1.3268529
2018-12-30 01:00:00,0.5251192,-0.98296374
2018-12-30 01:30:00,0.3529933,-0.02000434
2018-12-30 02:00:00,0.900153,0.66734564
2018-12-30 02:30:00,0.8174457,1.2061774
2018-12-30 03:00:00,0.73474276,1.4792788
2018-12-30 03:30:00,0.95612425,1.612915
2018-12-30 04:00:00,1.1362461,1.1303387
2018-12-30 04:30:00,0.50233746,0.37913945
2018-12-30 05:00:00,0.42222992,-0.5501804
2018-12-30 05:30:00,0.34212238,-1.3482496
2018-12-30 06:00:00,0.79286814,-1.4611403
2018-12-30 06:30:00,0.3316447,-0.75491905
2018-12-30 07:00:00,0.9067507,-0.05155973
2018-12-30 07:30:00,0.7617366,-0.32432905
2018-12-30 08:00:00,0.5044828,1.2730327
2018-12-30 08:30:00,0.25777224,0.9691056
2018-12-30 09:00:00,0.055270694,0.8608333
2018-12-30 09:30:00,-0.900322,0.19897838
2018-12-30 10:00:00,-2.508122,-0.6077858
2018-12-30 10:30:00,-1.7331057,-0.8594337
2018-12-30 11:00:00,-1.8149608,-0.70892733
2018-12-30 11:30:00,-2.0461953,-0.9164667
2018-12-30 12:00:00,-1.8102157,-1.2731187
2018-12-30 12:30:00,-2.168882,-1.1681409
2018-12-30 13:00:00,-1.7834667,-1.2627022
2018-12-30 13:30:00,-0.9995367,-1.3695632
2018-12-30 14:00:00,-1.8542893,-1.4926475
2018-12-30 14:30:00,-1.0806841,-0.99423665
2018-12-30 15:00:00,-0.71468174,-0.7655715
2018-12-30 15:30:00,-0.59351116,-0.25698
2018-12-30 16:00:00,-0.44847083,0.019005151
2018-12-30 16:30:00,-0.34149185,0.25670612
2018-12-30 17:00:00,-0.056186866,0.5860628
2018-12-30 17:30:00,0.15866682,0.9113472
2018-12-30 18:00:00,0.41277903,1.167915
2018-12-30 18:30:00,0.3016317,1.4945801
2018-12-30 19:00:00,0.3409514,1.472113
2018-12-30 19:30:00,0.3747308,1.5105764
2018-12-30 20:00:00,0.2857011,1.4006699
2018-12-30 20:30:00,0.11893201,1.2460607
2018-12-30 21:00:00,1.2973568,1.3903102
2018-12-30 21:30:00,2.4757862,1.2188354
2018-12-30 22:00:00,3.6542108,1.2607461
2018-12-30 22:30:00,4.8326354,1.3655317
2018-12-30 23:00:00,4.518978,1.2858087
2018-12-30 23:30:00,4.205316,1.2308773
2018-12-31 00:00:00,3.8916585,1.3875138
2018-12-31 00:30:00,3.5779965,1.1965517
2018-12-31 01:00:00,3.2643387,1.2257084
2018-12-31 01:30:00,2.9506812,1.4115146
2018-12-31 02:00:00,2.6370192,1.5562141
2018-12-31 02:30:00,2.3233616,1.5827229
2018-12-31 03:00:00,2.0096993,1.5262623
2018-12-31 03:30:00,1.6960418,1.7025696
2018-12-31 04:00:00,1.3823842,1.8423144
2018-12-31 04:30:00,1.0687222,1.7425317
2018-12-31 05:00:00,0.7550646,1.7157127
2018-12-31 05:30:00,0.44140258,1.6950325
2018-12-31 06:00:00,0.12774497,1.6933372
2018-12-31 06:30:00,-0.18591264,1.446915
2018-12-31 07:00:00,-0.49957466,1.1558512
2018-12-31 07:30:00,-0.8132323,1.1013787
2018-12-31 08:00:00,-1.12689,0.75467134
2018-12-31 08:30:00,-1.4405519,0.47328132
2018-12-31 09:00:00,-1.7542095,0.1716394
2018-12-31 09:30:00,-2.0678716,-0.12425686
2018-12-31 10:00:00,-2.381529,-0.49323037
2018-12-31 10:30:00,-2.6951866,-0.78426355
2018-12-31 11:00:00,-2.2928357,-0.93510634
2018-12-31 11:30:00,-2.8026855,-0.8808042
2018-12-31 12:00:00,-2.924127,-0.94193566
2018-12-31 12:30:00,-4.143244,-1.2968705
2018-12-31 13:00:00,-3.7851498,-1.0623809
2018-12-31 13:30:00,-3.2929606,-0.8616009
2018-12-31 14:00:00,-2.9670734,-0.9024586
2018-12-31 14:30:00,-3.0815501,-0.5114156
2018-12-31 15:00:00,-1.9992641,-0.31086713
2018-12-31 15:30:00,-1.2510797,0.11426555
2018-12-31 16:00:00,-1.1290964,0.37516773
2018-12-31 16:30:00,-0.49947417,0.6627011
2018-12-31 17:00:00,-0.095773116,0.97475076
2018-12-31 17:30:00,-0.0038814656,1.1176938
2018-12-31 18:00:00,-0.226565,1.2238601
2018-12-31 18:30:00,-0.44924855,1.1915488
2018-12-31 19:00:00,0.37579253,1.3118542
2018-12-31 19:30:00,0.5969293,1.4457178
2018-12-31 20:00:00,0.19680682,1.2778127
2018-12-31 20:30:00,1.510773,1.2292606
2018-12-31 21:00:00,0.32118887,1.3183777
2018-12-31 21:30:00,0.3697279,1.4803973
2018-12-31 22:00:00,0.4182713,1.6839082
2018-12-31 22:30:00,-1.76207,2.106109
2018-12-31 23:00:00,-0.7962574,2.201649
2018-12-31 23:30:00,-1.3323233,2.2341745
2019-01-01 00:00:00,0.44286194,2.321273
2019-01-01 00:30:00,2.2180429,2.329151
2019-01-01 01:00:00,0.4471745,2.2796943
2019-01-01 01:30:00,0.5180845,2.1188064
2019-01-01 02:00:00,0.5889946,2.203104
2019-01-01 02:30:00,0.48897162,2.2416635
2019-01-01 03:00:00,0.37165478,2.093473
2019-01-01 03:30:00,0.25433794,1.9521858
2019-01-01 04:00:00,0.68527305,1.8852999
2019-01-01 04:30:00,0.6034834,1.7437987
2019-01-01 05:00:00,0.5831397,1.6050241
2019-01-01 05:30:00,0.16967319,1.4787195
2019-01-01 06:00:00,-0.6039539,1.3511041
2019-01-01 06:30:00,4.2355433,1.2469434
2019-01-01 07:00:00,9.075045,0.9835288
2019-01-01 07:30:00,13.914546,0.66296756
2019-01-01 08:00:00,11.194858,0.3217394
2019-01-01 08:30:00,8.475168,-0.039168276
2019-01-01 09:00:00,5.177311,-0.26022205
2019-01-01 09:30:00,1.8794494,-0.60470104
2019-01-01 10:00:00,-1.418408,-0.6627783
2019-01-01 10:30:00,0.042481627,-0.67444885
2019-01-01 11:00:00,-3.152648,-0.75055844
2019-01-01 11:30:00,-2.752141,-0.94689924
2019-01-01 12:00:00,-0.546331,-1.0177612
2019-01-01 12:30:00,-2.4361415,-1.268959
2019-01-01 13:00:00,-0.102091186,-1.3586923
2019-01-01 13:30:00,-3.3169746,-1.2493451
2019-01-01 14:00:00,-3.093544,-1.0596632
2019-01-01 14:30:00,-3.7362087,-1.0482504
2019-01-01 15:00:00,-2.416864,-0.7097138
2019-01-01 15:30:00,-2.443731,-0.3775302
2019-01-01 16:00:00,0.027748205,-0.09991962
2019-01-01 16:30:00,-0.96934015,0.017829798
2019-01-01 17:00:00,0.35448763,0.41867328
2019-01-01 17:30:00,0.64059216,0.59731823
2019-01-01 18:00:00,0.7815821,0.69244754
2019-01-01 18:30:00,1.4777801,0.69790924
2019-01-01 19:00:00,0.5512828,0.939949
2019-01-01 19:30:00,0.94704914,1.2413287
2019-01-01 20:00:00,1.3428154,1.3040287
2019-01-01 20:30:00,1.4015831,1.6572639
2019-01-01 21:00:00,1.4603463,1.7539138
2019-01-01 21:30:00,0.586054,1.930776
2019-01-01 22:00:00,2.9257367,1.9848772
2019-01-01 22:30:00,0.8157023,1.8467361
2019-01-01 23:00:00,-1.029576,1.8518876
2019-01-01 23:30:00,0.2989489,1.831924
2019-01-02 00:00:00,1.6274781,2.049242
2019-01-02 00:30:00,2.2062936,2.3703845
2019-01-02 01:00:00,1.5218711,2.2414713
2019-01-02 01:30:00,0.5284967,2.18117
2019-01-02 02:00:00,1.2559223,2.183525
2019-01-02 02:30:00,0.8668455,2.1488192
2019-01-02 03:00:00,0.47776425,2.105978
2019-01-02 03:30:00,0.69975746,1.8913383
2019-01-02 04:00:00,1.558543,1.8518482
2019-01-02 04:30:00,1.1732106,1.8077266
2019-01-02 05:00:00,0.254587,1.6233228
2019-01-02 05:30:00,0.83089453,1.4666601
2019-01-02 06:00:00,0.9035086,1.1863012
2019-01-02 06:30:00,1.0940338,1.5839288
2019-01-02 07:00:00,1.3549229,2.2568383
2019-01-02 07:30:00,0.8565295,2.9612026
2019-01-02 08:00:00,0.61780167,2.8763194
2019-01-02 08:30:00,0.64400464,2.5665548
2019-01-02 09:00:00,0.09621143,2.0046136
2019-01-02 09:30:00,-0.8402086,1.4345803
2019-01-02 10:00:00,-1.360641,0.59408927
2019-01-02 10:30:00,-3.495008,0.25076383
2019-01-02 11:00:00,-2.0685093,-0.31519276
2019-01-02 11:30:00,-2.6191163,-0.6934249
2019-01-02 12:00:00,-3.325556,-0.6198277
2019-01-02 12:30:00,-2.4562972,-0.6741037
2019-01-02 13:00:00,-2.124826,-0.6060031
2019-01-02 13:30:00,-3.2062511,-1.0486612
2019-01-02 14:00:00,-2.8601556,-1.2374256
2019-01-02 14:30:00,-1.7563854,-1.2158191
2019-01-02 15:00:00,-0.9397641,-0.91796976
2019-01-02 15:30:00,0.93655396,-0.610687
2019-01-02 16:00:00,0.25137118,0.015977196
2019-01-02 16:30:00,-0.0005651347,0.11880967
2019-01-02 17:00:00,1.808299,0.51981044
2019-01-02 17:30:00,1.1988719,0.61883724
2019-01-02 18:00:00,0.58944464,0.8932057
2019-01-02 18:30:00,0.75760317,0.99018764
2019-01-02 19:00:00,0.76146567,1.1155703
2019-01-02 19:30:00,0.7378101,1.2221823
2019-01-02 20:00:00,0.8934111,1.4461504
2019-01-02 20:30:00,0.6650561,1.4875761
2019-01-02 21:00:00,1.244715,1.6187001
2019-01-02 21:30:00,1.533843,1.2019347
2019-01-02 22:00:00,1.3061348,1.5491096
2019-01-02 22:30:00,1.0784309,1.3487053
2019-01-02 23:00:00,0.8173102,0.98864967
2019-01-02 23:30:00,0.8403847,1.0312856
2019-01-03 00:00:00,0.70719844,1.1525306
2019-01-03 00:30:00,0.6968344,1.4190867
2019-01-03 01:00:00,0.7469857,1.4830189
2019-01-03 01:30:00,0.9321322,1.2989429
2019-01-03 02:00:00,1.1469421,1.48069
2019-01-03 02:30:00,0.7000677,1.4395876
2019-01-03 03:00:00,1.1317936,1.2963213
2019-01-03 03:30:00,1.2086504,1.5397636
2019-01-03 04:00:00,0.79329634,1.8375474
2019-01-03 04:30:00,1.3725837,1.9366746
2019-01-03 05:00:00,1.2279717,2.0545506
2019-01-03 05:30:00,0.96180004,2.3302388
2019-01-03 06:00:00,1.0448176,2.3722107
2019-01-03 06:30:00,0.791151,2.7912438
2019-01-03 07:00:00,0.7878434,2.4601746
2019-01-03 07:30:00,0.81335163,2.3912306
2019-01-03 08:00:00,0.4005274,2.2011073
2019-01-03 08:30:00,0.18730786,1.8017712
2019-01-03 09:00:00,-1.0317256,1.6634203
2019-01-03 09:30:00,-1.1012725,0.9175211
2019-01-03 10:00:00,-1.3264859,0.60130304
2019-01-03 10:30:00,-2.4404016,-0.13108614
2019-01-03 11:00:00,-2.29918,-0.20472266
2019-01-03 11:30:00,-2.570289,-0.7373936
2019-01-03 12:00:00,-4.155373,-0.70588624
2019-01-03 12:30:00,-2.9759867,-1.0105081
2019-01-03 13:00:00,-3.0375247,-0.96841824
2019-01-03 13:30:00,-3.4942694,-1.2378625
2019-01-03 14:00:00,-2.0368316,-1.2763039
2019-01-03 14:30:00,-2.0664253,-1.087911
2019-01-03 15:00:00,-1.1680317,-0.6520516
2019-01-03 15:30:00,-0.26789463,0.122951806
2019-01-03 16:00:00,-0.6131601,-0.008539185
2019-01-03 16:30:00,-0.37303412,0.4266779
2019-01-03 17:00:00,0.2196541,0.6191693
2019-01-03 17:30:00,0.90716577,0.9876272
2019-01-03 18:00:00,0.7294253,1.147283
2019-01-03 18:30:00,0.5516848,1.2645562
2019-01-03 19:00:00,0.16209675,1.6304493
2019-01-03 19:30:00,1.534564,1.7705697
2019-01-03 20:00:00,2.0734262,1.7646275
2019-01-03 20:30:00,2.7595968,1.6270543
2019-01-03 21:00:00,0.9459874,1.4392599
2019-01-03 21:30:00,0.9765247,1.1607013
2019-01-03 22:00:00,0.6120516,1.2063434
2019-01-03 22:30:00,1.6537117,1.2836895
2019-01-03 23:00:00,1.5213337,1.4848322
2019-01-03 23:30:00,1.3889557,1.7390667
2019-01-04 00:00:00,0.64609754,1.854767
2019-01-04 00:30:00,0.95493144,1.7230095
2019-01-04 01:00:00,0.6330769,1.7137682
2019-01-04 01:30:00,0.9957935,1.6931056
2019-01-04 02:00:00,0.8849433,1.9149415
2019-01-04 02:30:00,0.75099236,1.7848313
2019-01-04 03:00:00,0.65207046,1.9251221
2019-01-04 03:30:00,1.1607449,1.8192792
2019-01-04 04:00:00,0.961953,1.8970315
2019-01-04 04:30:00,-4.9806285,2.2338598
2019-01-04 05:00:00,-2.7728386,2.1416492
2019-01-04 05:30:00,-0.56504923,2.2801967
2019-01-04 06:00:00,1.6427402,2.509076
2019-01-04 06:30:00,3.85053,2.6525521
2019-01-04 07:00:00,2.4431908,2.7460213
2019-01-04 07:30:00,1.6167252,2.2004738
2019-01-04 08:00:00,0.79025966,1.7114874
2019-01-04 08:30:00,-0.03620586,1.2190975
2019-01-04 09:00:00,-0.8626714,0.5843893
2019-01-04 09:30:00,0.7678668,-0.08458323
2019-01-04 10:00:00,-0.8196377,-0.15390721
2019-01-04 10:30:00,-0.47369066,-0.7303065
2019-01-04 11:00:00,3.706595,-0.7972055
2019-01-04 11:30:00,4.606688,-0.75250715
2019-01-04 12:00:00,-0.9956523,-1.2502452
2019-01-04 12:30:00,5.294763,-1.1045276
2019-01-04 13:00:00,-1.3388991,-1.2820802
2019-01-04 13:30:00,-7.972562,-1.0681921
2019-01-04 14:00:00,2.459969,-0.9607544
2019-01-04 14:30:00,3.48593,-0.63090396
2019-01-04 15:00:00,12.306615,-0.21577273
2019-01-04 15:30:00,5.6175485,0.2802263
2019-01-04 16:00:00,-1.0715172,0.49504066
2019-01-04 16:30:00,-0.98347497,0.61423194
2019-01-04 17:00:00,-0.8954327,0.91968393
2019-01-04 17:30:00,-0.80739045,1.2187217
2019-01-04 18:00:00,-0.7193482,1.3092152
2019-01-04 18:30:00,-0.631306,1.2536503
2019-01-04 19:00:00,-0.54326373,1.3929187
2019-01-04 19:30:00,-3.257556,1.6640844
2019-01-04 20:00:00,-5.9718485,1.8642441
2019-01-04 20:30:00,0.16197442,1.9490923
2019-01-04 21:00:00,6.2958016,1.6134481
2019-01-04 21:30:00,17.057598,1.7453935
2019-01-04 22:00:00,11.259873,1.5280231
2019-01-04 22:30:00,5.462153,1.4759275
2019-01-04 23:00:00,-0.33557138,1.7245212
2019-01-04 23:30:00,-6.133296,1.7678039
2019-01-05 00:00:00,-11.931015,1.6996727
2019-01-05 00:30:00,-12.399636,1.7790201
2019-01-05 01:00:00,-14.620123,1.5822423
2019-01-05 01:30:00,-16.840612,1.8258463
2019-01-05 02:00:00,-19.061104,1.8353758
2019-01-05 02:30:00,-21.281593,1.818379
2019-01-05 03:00:00,-18.262993,1.8499345
2019-01-05 03:30:00,-15.244392,1.9946821
2019-01-05 04:00:00,-12.225793,1.9278661
2019-01-05 04:30:00,-9.207193,1.2290071
2019-01-05 05:00:00,-6.1885943,0.9198063
2019-01-05 05:30:00,-3.1699944,1.0634921
2019-01-05 06:00:00,6.0127773,1.5274464
2019-01-05 06:30:00,15.19555,1.7497935
2019-01-05 07:00:00,3.160331,1.6561629
2019-01-05 07:30:00,0.5521567,1.4198164
2019-01-05 08:00:00,0.33146992,1.1203154
2019-01-05 08:30:00,0.110787556,0.6473996
2019-01-05 09:00:00,-0.26567063,0.28711236
2019-01-05 09:30:00,-0.23994394,0.18413135
2019-01-05 10:00:00,-0.3541979,-0.17068549
2019-01-05 10:30:00,-1.0093983,-0.26552206
2019-01-05 11:00:00,-0.54294914,0.09361604
2019-01-05 11:30:00,-0.07649557,0.47339055
2019-01-05 12:00:00,-5.4077663,-0.0710033
2019-01-05 12:30:00,-3.0216072,0.22460458
2019-01-05 13:00:00,-0.63545245,-0.15197596
2019-01-05 13:30:00,-0.41457346,-0.914151
2019-01-05 14:00:00,-1.4742308,-0.23194367
2019-01-05 14:30:00,-2.3288085,0.71853685
2019-01-05 15:00:00,-9.162802,2.4273431
2019-01-05 15:30:00,-12.074854,2.0797095
2019-01-05 16:00:00,-14.986907,1.2380648
2019-01-05 16:30:00,-17.898962,1.3905985
2019-01-05 17:00:00,23.207834,1.2170658
2019-01-05 17:30:00,20.163307,0.8571237
2019-01-05 18:00:00,-9.228826,0.9895716
2019-01-05 18:30:00,-5.8812327,1.0313468
2019-01-05 19:00:00,-2.5336347,1.6961598
2019-01-05 19:30:00,0.81395894,1.0365201
2019-01-05 20:00:00,0.68889964,0.44727063
2019-01-05 20:30:00,0.9098529,0.8282467
2019-01-05 21:00:00,0.8821251,1.8157182
2019-01-05 21:30:00,0.8543928,3.4290018
2019-01-05 22:00:00,0.82666063,3.3549285
2019-01-05 22:30:00,0.7989328,2.9866016
2019-01-05 23:00:00,0.7712006,2.2754471
2019-01-05 23:30:00,0.26769066,1.3332946
2019-01-06 00:00:00,0.70617163,-0.1519978
2019-01-06 00:30:00,0.57331306,-1.262628
2019-01-06 01:00:00,0.44045445,-2.0380375
2019-01-06 01:30:00,0.30759147,-2.8349707
2019-01-06 02:00:00,1.08107,-3.9612167
2019-01-06 02:30:00,0.40392673,-4.7969937
2019-01-06 03:00:00,0.547582,-5.1000776
2019-01-06 03:30:00,0.940884,-5.3722787
2019-01-06 04:00:00,1.3341904,-5.0385613
2019-01-06 04:30:00,0.52175045,-4.041713
2019-01-06 05:00:00,-0.7773119,-3.6302521
2019-01-06 05:30:00,-0.19321382,-2.06556
2019-01-06 06:00:00,0.39087987,-0.7559677
2019-01-06 06:30:00,1.7656367,0.21600133
2019-01-06 07:00:00,0.41903156,0.22927102
2019-01-06 07:30:00,0.5483859,-0.3276454
2019-01-06 08:00:00,0.083815604,-0.4551559
2019-01-06 08:30:00,-0.38075474,0.7330475
2019-01-06 09:00:00,-0.8453251,-0.14294891
2019-01-06 09:30:00,-1.0148993,-0.20219718
2019-01-06 10:00:00,-2.846685,-0.0021424673
2019-01-06 10:30:00,-3.8985603,-0.4437869
2019-01-06 11:00:00,-1.887409,0.009890703
2019-01-06 11:30:00,-3.2430978,0.292692
2019-01-06 12:00:00,-4.673437,-0.30340427
2019-01-06 12:30:00,-5.899383,-0.8720873
2019-01-06 13:00:00,-3.3435097,0.0042018183
2019-01-06 13:30:00,-2.7460413,0.3273278
2019-01-06 14:00:00,-1.3007679,1.5797343
2019-01-06 14:30:00,-1.3203294,1.3851631
2019-01-06 15:00:00,-1.2593465,1.1445259
2019-01-06 15:30:00,-0.08588092,0.2643175
2019-01-06 16:00:00,-0.40001482,-0.8183007
2019-01-06 16:30:00,0.09067547,-1.5821929
2019-01-06 17:00:00,0.3846623,3.3604774
2019-01-06 17:30:00,0.6786448,5.306058
2019-01-06 18:00:00,1.6314979,2.5540671
2019-01-06 18:30:00,0.89562196,1.5330129
2019-01-06 19:00:00,0.6177536,1.8126334
2019-01-06 19:30:00,0.5187793,3.699923
2019-01-06 20:00:00,0.732178,2.221075
2019-01-06 20:30:00,0.9820082,0.5399094
2019-01-06 21:00:00,0.9617607,2.5790381
2019-01-06 21:30:00,0.9613675,2.2203891
2019-01-06 22:00:00,0.5799588,1.0440398
2019-01-06 22:30:00,0.7098812,0.47398478
2019-01-06 23:00:00,0.5742961,-0.7924779
2019-01-06 23:30:00,0.32547083,-1.00426
2019-01-07 00:00:00,0.59922326,-1.4843371
2019-01-07 00:30:00,0.87298006,-2.4307716
2019-01-07 01:00:00,0.7605612,-2.7284853
2019-01-07 01:30:00,1.1295041,-4.077306
2019-01-07 02:00:00,0.55687124,-3.3177218
2019-01-07 02:30:00,0.79728115,-3.0554738
2019-01-07 03:00:00,0.65291375,-3.7224846
2019-01-07 03:30:00,0.6906954,-2.1274214
2019-01-07 04:00:00,0.4412191,-1.4627001
2019-01-07 04:30:00,0.52480894,-1.0362347
2019-01-07 05:00:00,0.5831353,-0.5190051
2019-01-07 05:30:00,0.39338788,0.5823838
2019-01-07 06:00:00,0.65734863,1.8976389
2019-01-07 06:30:00,0.82862246,2.5061312
2019-01-07 07:00:00,0.7109648,1.6076981
2019-01-07 07:30:00,0.665646,1.480607
2019-01-07 08:00:00,0.62180835,1.870147
2019-01-07 08:30:00,0.53010464,2.0864995
2019-01-07 09:00:00,0.29593408,2.275456
2019-01-07 09:30:00,-0.7238443,1.0317007
2019-01-07 10:00:00,-0.2277491,1.099076
2019-01-07 10:30:00,-0.120800704,1.2190188
2019-01-07 11:00:00,13.858732,0.21639457
2019-01-07 11:30:00,-0.9343854,0.30213416
2019-01-07 12:00:00,-15.727502,-0.7768007
2019-01-07 12:30:00,-8.552186,-1.4478225
2019-01-07 13:00:00,-8.795506,-0.39627466
2019-01-07 13:30:00,-9.03883,0.44168222
2019-01-07 14:00:00,-9.282149,-0.14788625
2019-01-07 14:30:00,16.019032,-0.063343845
2019-01-07 15:00:00,12.989001,0.208154
2019-01-07 15:30:00,9.958967,-0.35274726
2019-01-07 16:00:00,6.928937,0.5672353
2019-01-07 16:30:00,3.898903,0.9529128
2019-01-07 17:00:00,0.86886847,1.7689967
2019-01-07 17:30:00,0.6152325,1.6458513
2019-01-07 18:00:00,0.36159217,0.8622183
2019-01-07 18:30:00,0.39829466,0.5817284
2019-01-07 19:00:00,0.4860136,0.8008553
2019-01-07 19:30:00,0.5737325,1.4792306
2019-01-07 20:00:00,0.6614514,1.4590137
2019-01-07 20:30:00,0.74917036,1.762587
2019-01-07 21:00:00,-0.26318446,1.8170333
2019-01-07 21:30:00,-1.2755393,1.5761646
2019-01-07 22:00:00,-2.2878897,2.0056665
2019-01-07 22:30:00,2.2240987,0.10322859
2019-01-07 23:00:00,6.7360916,-1.1546702
2019-01-07 23:30:00,6.6507187,-1.479911
2019-01-08 00:00:00,6.5653462,-1.1562955
2019-01-08 00:30:00,6.4799695,-0.5066792
2019-01-08 01:00:00,1.0834382,-1.518986
2019-01-08 01:30:00,3.427713,-0.72811747
2019-01-08 02:00:00,-2.6879816,-0.5148805
2019-01-08 02:30:00,-5.4801755,-1.050208
2019-01-08 03:00:00,-8.272365,-0.5042499
2019-01-08 03:30:00,-22.062712,0.4784852
2019-01-08 04:00:00,-18.23434,0.88205516
2019-01-08 04:30:00,-24.353899,1.4573665
2019-01-08 05:00:00,-3.9933534,2.1313639
2019-01-08 05:30:00,-10.084116,2.3035553
2019-01-08 06:00:00,-16.174877,2.4645875
2019-01-08 06:30:00,-5.153466,1.4594857
2019-01-08 07:00:00,-3.1465833,0.96186996
2019-01-08 07:30:00,-1.1396965,0.5884703
2019-01-08 08:00:00,0.8671863,0.55491376
2019-01-08 08:30:00,0.94030726,1.1858381
2019-01-08 09:00:00,1.0134325,0.69957393
2019-01-08 09:30:00,1.2871194,0.24968897
2019-01-08 10:00:00,-1.6431016,-0.5280671
2019-01-08 10:30:00,4.0407624,-0.8659615
2019-01-08 11:00:00,-4.54618,1.4723184
2019-01-08 11:30:00,-13.133118,0.40644348
2019-01-08 12:00:00,-4.2963367,-1.4048675
2019-01-08 12:30:00,4.540445,-2.127644
2019-01-08 13:00:00,9.993127,-1.6149062
2019-01-08 13:30:00,6.408806,-2.459369
2019-01-08 14:00:00,2.8244858,-3.3287764
2019-01-08 14:30:00,-0.7598345,-0.12102354
2019-01-08 15:00:00,-0.71064013,2.0822785
2019-01-08 15:30:00,-0.1610904,2.288599
2019-01-08 16:00:00,-0.35645247,1.2024678
2019-01-08 16:30:00,-0.5518145,3.736573
2019-01-08 17:00:00,0.38351318,3.4100826
2019-01-08 17:30:00,0.6450577,0.7647995
2019-01-08 18:00:00,0.9815844,0.64799386
2019-01-08 18:30:00,1.3181112,1.7976465
2019-01-08 19:00:00,1.6546379,1.4007616
2019-01-08 19:30:00,1.9911647,1.3173728
2019-01-08 20:00:00,1.4081677,1.2086023
2019-01-08 20:30:00,0.82517505,0.7618502
2019-01-08 21:00:00,0.82792336,1.0203099
2019-01-08 21:30:00,2.5878205,0.8521295
2019-01-08 22:00:00,2.1106138,0.15304784
2019-01-08 22:30:00,1.7938932,0.5912055
2019-01-08 23:00:00,1.2514787,1.5987585
2019-01-08 23:30:00,1.1605659,1.9295701
2019-01-09 00:00:00,1.3895106,2.2901282
2019-01-09 00:30:00,0.7419915,1.916982
2019-01-09 01:00:00,0.8973129,1.910013
2019-01-09 01:30:00,1.0034748,1.8796023
2019-01-09 02:00:00,1.0973763,1.1282763
2019-01-09 02:30:00,0.8992791,1.0361444
2019-01-09 03:00:00,1.0043662,-0.1223125
2019-01-09 03:30:00,0.7746174,-2.4673254
2019-01-09 04:00:00,0.2912108,-3.0909486
2019-01-09 04:30:00,0.46507132,-4.9489026
2019-01-09 05:00:00,1.2987113,-2.9037354
2019-01-09 05:30:00,1.0037938,-3.2439454
2019-01-09 06:00:00,0.70887625,-4.7608547
2019-01-09 06:30:00,0.41395876,-3.2092967
2019-01-09 07:00:00,-0.35802543,-1.8698093
2019-01-09 07:30:00,0.48329586,-1.4773767
2019-01-09 08:00:00,-0.16808572,-1.3867652
2019-01-09 08:30:00,-0.8194717,-1.4472501
2019-01-09 09:00:00,-1.0300565,0.49909976
2019-01-09 09:30:00,-3.3245292,-0.49792305
2019-01-09 10:00:00,-2.853501,-1.2484624
2019-01-09 10:30:00,-2.3824685,0.14605252
2019-01-09 11:00:00,-4.3243613,-1.3652507
2019-01-09 11:30:00,-2.2131696,-2.2210608
2019-01-09 12:00:00,-3.013253,-3.2409482
2019-01-09 12:30:00,-3.2668233,0.23108867
2019-01-09 13:00:00,7.5680537,1.718723
2019-01-09 13:30:00,15.122866,2.6414149
2019-01-09 14:00:00,22.677681,1.4679534
2019-01-09 14:30:00,5.1647143,2.166904
2019-01-09 15:00:00,-12.3482485,1.8053409
2019-01-09 15:30:00,-2.6946974,1.2251315
2019-01-09 16:00:00,-12.738159,2.0540178
2019-01-09 16:30:00,-3.021275,1.1908716
2019-01-09 17:00:00,6.6956096,2.6783402
2019-01-09 17:30:00,16.412495,2.601846
2019-01-09 18:00:00,7.5038114,3.1329877
2019-01-09 18:30:00,-1.4048675,3.0389376
2019-01-09 19:00:00,-10.31355,2.524312
2019-01-09 19:30:00,-11.429117,2.7909293
2019-01-09 20:00:00,-12.544681,2.08414
2019-01-09 20:30:00,23.713114,1.9612871
2019-01-09 21:00:00,7.517697,2.2907574
2019-01-09 21:30:00,8.977376,2.7850788
2019-01-09 22:00:00,5.123612,1.9252969
2019-01-09 22:30:00,1.2698431,3.0508223
2019-01-09 23:00:00,-2.5839214,2.6355424
2019-01-09 23:30:00,-6.437686,2.466414
2019-01-10 00:00:00,6.2763276,1.2613229
2019-01-10 00:30:00,6.061788,0.8528854
2019-01-10 01:00:00,5.8472447,1.121032
2019-01-10 01:30:00,5.6327014,0.68090373
2019-01-10 02:00:00,2.0192988,0.31290898
2019-01-10 02:30:00,2.2278345,-0.35023928
2019-01-10 03:00:00,1.6861453,-1.0963875
2019-01-10 03:30:00,1.144456,-1.9191654
2019-01-10 04:00:00,0.6027668,-1.7963606
2019-01-10 04:30:00,0.5688913,-2.0742114
2019-01-10 05:00:00,0.53501576,-1.5979837
2019-01-10 05:30:00,0.50114024,-1.2673336
2019-01-10 06:00:00,0.44387126,-1.314693
2019-01-10 06:30:00,0.20314236,0.18540719
2019-01-10 07:00:00,0.17124179,0.20845547
2019-01-10 07:30:00,0.21129118,0.61552525
2019-01-10 08:00:00,0.25133622,0.087394096
2019-01-10 08:30:00,-0.097284906,0.6671534
2019-01-10 09:00:00,-0.70620084,1.2605714
2019-01-10 09:30:00,-1.2776147,0.8408129
2019-01-10 10:00:00,-3.5122013,1.4649516
2019-01-10 10:30:00,-3.0433664,0.9286848
2019-01-10 11:00:00,-2.3904424,0.09487004
2019-01-10 11:30:00,-0.29520738,-0.7475392
2019-01-10 12:00:00,-0.77282023,-0.34371147
2019-01-10 12:30:00,-1.9344536,0.42838633
2019-01-10 13:00:00,-1.9725761,2.1488411
2019-01-10 13:30:00,-1.1630462,3.704939
2019-01-10 14:00:00,-1.6032138,5.9437547
2019-01-10 14:30:00,-1.0079346,4.259719
2019-01-10 15:00:00,-0.3718675,1.9459639
2019-01-10 15:30:00,-2.0941837,1.755561
2019-01-10 16:00:00,-0.8590492,0.058254953
2019-01-10 16:30:00,0.05378075,-0.51306283
2019-01-10 17:00:00,0.3131886,1.367961
2019-01-10 17:30:00,0.008562421,3.813539
2019-01-10 18:00:00,1.0471683,3.869152
2019-01-10 18:30:00,0.69814515,2.5274537
2019-01-10 19:00:00,0.4561797,0.33928668
2019-01-10 19:30:00,0.568817,-0.6892391
2019-01-10 20:00:00,0.7538586,-2.3894112
2019-01-10 20:30:00,0.41340384,2.0603795
2019-01-10 21:00:00,0.4966835,2.0825627
2019-01-10 21:30:00,0.56554437,3.1721938
2019-01-10 22:00:00,0.3235527,1.5595174
2019-01-10 22:30:00,0.636284,2.2991467
2019-01-10 23:00:00,0.94901097,1.1561921
2019-01-10 23:30:00,-9.864976,-0.11373548
2019-01-11 00:00:00,-8.397157,1.3152711
2019-01-11 00:30:00,-6.9293375,1.9766148
2019-01-11 01:00:00,-5.4615226,1.8129785
2019-01-11 01:30:00,-3.993703,1.0209391
2019-01-11 02:00:00,-2.5258834,0.45070928
2019-01-11 02:30:00,18.69409,-1.518466
2019-01-11 03:00:00,12.558757,-2.485742
2019-01-11 03:30:00,6.1763306,-2.1231525
2019-01-11 04:00:00,6.113521,-1.7145315
2019-01-11 04:30:00,6.0507164,-0.5354557
2019-01-11 05:00:00,5.987907,-0.73014486
2019-01-11 05:30:00,5.925102,-1.0444273
2019-01-11 06:00:00,3.230874,-0.3955406
2019-01-11 06:30:00,0.53664553,-0.7478844
2019-01-11 07:00:00,-0.31175846,0.09521522
2019-01-11 07:30:00,-0.24903217,-0.27092257
2019-01-11 08:00:00,0.36375064,0.17118935
2019-01-11 08:30:00,0.9765335,0.037116077
2019-01-11 09:00:00,1.5893207,-0.3694862
2019-01-11 09:30:00,2.2021034,-0.823592
2019-01-11 10:00:00,2.8148863,-0.37790594
2019-01-11 10:30:00,4.066087,-1.1806328
2019-01-11 11:00:00,0.32608253,-1.1671665
2019-01-11 11:30:00,-6.020204,-0.08609502
2019-01-11 12:00:00,-18.184822,1.8011289
2019-01-11 12:30:00,-14.494319,1.0853606
2019-01-11 13:00:00,-10.803817,0.78977466
2019-01-11 13:30:00,-7.2625217,1.6828158
2019-01-11 14:00:00,-3.7212262,0.59426403
2019-01-11 14:30:00,-0.17993538,0.5559536
2019-01-11 15:00:00,-0.59022975,-0.14115748
2019-01-11 15:30:00,-0.5597536,0.6161894
2019-01-11 16:00:00,-0.2782893,1.0913117
2019-01-11 16:30:00,0.1785648,1.4901627
2019-01-11 17:00:00,0.6354145,1.6358105
2019-01-11 17:30:00,10.961871,1.6458162
2019-01-11 18:00:00,-4.852799,1.4880786
2019-01-11 18:30:00,-0.34870562,1.5285082
2019-01-11 19:00:00,0.11958304,1.5606664
2019-01-11 19:30:00,0.5878717,1.686827
2019-01-11 20:00:00,0.45488638,2.263969
2019-01-11 20:30:00,0.32190108,2.5906823
2019-01-11 21:00:00,0.35225928,2.6018548
2019-01-11 21:30:00,0.269919,1.8735595
2019-01-11 22:00:00,0.29705262,2.9088361
2019-01-11 22:30:00,0.26426947,1.7474471
2019-01-11 23:00:00,0.5198891,2.4495482
2019-01-11 23:30:00,0.16059807,0.30128214
2019-01-12 00:00:00,-0.19869296,0.70733386
2019-01-12 00:30:00,-0.55798405,0.32334295
2019-01-12 01:00:00,-0.9172751,0.27866644
2019-01-12 01:30:00,-1.2765661,1.5204161
2019-01-12 02:00:00,-1.6358571,0.3920771
2019-01-12 02:30:00,-1.9951482,3.71948
2019-01-12 03:00:00,-2.354439,2.7623756
2019-01-12 03:30:00,-2.71373,2.181939
2019-01-12 04:00:00,-3.0730212,1.5008982
2019-01-12 04:30:00,-3.4323123,2.7734869
2019-01-12 05:00:00,-3.7916033,3.6521878
2019-01-12 05:30:00,-4.150894,3.203203
2019-01-12 06:00:00,-4.5101852,1.7291046
2019-01-12 06:30:00,-4.869481,2.0409098
2019-01-12 07:00:00,-5.228772,-0.07791561
2019-01-12 07:30:00,-5.5880632,-0.0075954073
2019-01-12 08:00:00,-5.9473543,0.85408264
2019-01-12 08:30:00,-6.3066454,0.01893524
2019-01-12 09:00:00,-6.665936,0.3147572
2019-01-12 09:30:00,-7.025227,1.078763
2019-01-12 10:00:00,-7.384518,0.22556145
2019-01-12 10:30:00,-1.7696944,0.091566816
2019-01-12 11:00:00,-2.5238864,-0.5458897
2019-01-12 11:30:00,-2.1240656,-0.53455997
2019-01-12 12:00:00,-2.3478153,-1.3238773
2019-01-12 12:30:00,-1.211961,-2.4060104
2019-01-12 13:00:00,-1.8411201,-1.0155765
2019-01-12 13:30:00,-1.8809904,-0.6082446
2019-01-12 14:00:00,-1.9747171,-1.5430174
2019-01-12 14:30:00,-3.0729382,-1.3369985
2019-01-12 15:00:00,-2.672571,-0.55630183
2019-01-12 15:30:00,-3.2131371,0.24677025
2019-01-12 16:00:00,-1.8795135,0.6035751
2019-01-12 16:30:00,-1.3107387,1.3969035
2019-01-12 17:00:00,-0.4027369,1.6302963
2019-01-12 17:30:00,0.13332899,1.6364702
2019-01-12 18:00:00,0.6693949,0.10914469
2019-01-12 18:30:00,0.8485467,0.090802185
2019-01-12 19:00:00,0.6456999,0.16191761
2019-01-12 19:30:00,1.238126,1.3746898
2019-01-12 20:00:00,-1.3339268,2.842199
2019-01-12 20:30:00,-4.4817147,1.1135124
2019-01-12 21:00:00,-4.0117917,1.4471467
2019-01-12 21:30:00,-3.5418735,0.5083147
2019-01-12 22:00:00,-3.0719507,-0.2675582
2019-01-12 22:30:00,-2.6020322,0.1752179
2019-01-12 23:00:00,-2.1321096,-0.27296743
2019-01-12 23:30:00,-1.6621869,0.68268645
2019-01-13 00:00:00,-1.1922684,0.18455517
2019-01-13 00:30:00,-0.7223456,1.392639
2019-01-13 01:00:00,-0.25242278,1.6365533
2019-01-13 01:30:00,0.21749565,1.9518931
2019-01-13 02:00:00,0.6874184,1.9054339
2019-01-13 02:30:00,1.1573368,2.712989
2019-01-13 03:00:00,0.49982506,2.2935977
2019-01-13 03:30:00,-0.1576867,1.81044
2019-01-13 04:00:00,-0.81520283,2.1163726
2019-01-13 04:30:00,-1.4727147,1.4710163
2019-01-13 05:00:00,-2.1302307,1.8622472
2019-01-13 05:30:00,-2.7877424,1.0547972
2019-01-13 06:00:00,-3.4452586,1.0352399
2019-01-13 06:30:00,-4.1027703,0.46837017
2019-01-13 07:00:00,-4.760287,0.11315574
2019-01-13 07:30:00,-5.4177985,0.26342618
2019-01-13 08:00:00,-6.07531,-0.79293233
2019-01-13 08:30:00,-6.732826,-1.0423344
2019-01-13 09:00:00,-7.3903384,-0.9758985
2019-01-13 09:30:00,-8.047854,-1.6758367
2019-01-13 10:00:00,-8.705366,-2.1805568
2019-01-13 10:30:00,-9.362882,-1.6120442
2019-01-13 11:00:00,-4.9221315,-1.8336486
2019-01-13 11:30:00,-3.8447912,-2.400658
2019-01-13 12:00:00,-2.8670328,-2.8677013
2019-01-13 12:30:00,-3.2334635,-2.3162074
2019-01-13 13:00:00,-5.303798,-1.2414322
2019-01-13 13:30:00,-3.0911846,-0.7249366
2019-01-13 14:00:00,-4.802901,-0.5211548
2019-01-13 14:30:00,-3.011706,0.22477497
2019-01-13 15:00:00,-6.3374534,-0.19981588
2019-01-13 15:30:00,-0.26472685,0.37772816
2019-01-13 16:00:00,-1.4696343,0.3274545
2019-01-13 16:30:00,-0.8167496,1.0622774
2019-01-13 17:00:00,0.30384257,0.55859274
2019-01-13 17:30:00,0.34540814,1.0755209
2019-01-13 18:00:00,1.3751005,1.7423962
2019-01-13 18:30:00,1.0191957,1.5616889
2019-01-13 19:00:00,0.9131867,2.3345952
2019-01-13 19:30:00,0.8071734,1.7899433
2019-01-13 20:00:00,0.70116,1.8491523
2019-01-13 20:30:00,0.595151,1.0607482
2019-01-13 21:00:00,0.48913765,1.5869787
2019-01-13 21:30:00,0.38312867,1.1819581
2019-01-13 22:00:00,0.27711532,1.1575291
2019-01-13 22:30:00,-3.2215264,1.1296527
2019-01-13 23:00:00,-0.94391495,-0.36703065
2019-01-13 23:30:00,-1.6284249,0.22910936
2019-01-14 00:00:00,-1.8532975,0.109345675
2019-01-14 00:30:00,0.2967686,0.9111987
2019-01-14 01:00:00,-0.27314657,1.1911949
2019-01-14 01:30:00,-0.8430618,1.525218
2019-01-14 02:00:00,-1.4129726,3.0093133
2019-01-14 02:30:00,0.80918765,2.598215
2019-01-14 03:00:00,1.0583931,1.7881169
2019-01-14 03:30:00,0.40464768,1.547471
2019-01-14 04:00:00,0.2805671,0.8413067
2019-01-14 04:30:00,0.15648653,0.5616425
2019-01-14 05:00:00,-0.79418194,0.28107396
2019-01-14 05:30:00,-0.7902408,-0.5029303
2019-01-14 06:00:00,-2.2508247,-1.0955355
2019-01-14 06:30:00,-0.67982316,-1.0237297
2019-01-14 07:00:00,0.89117837,-1.907438
2019-01-14 07:30:00,0.940849,-2.2071662
2019-01-14 08:00:00,0.9905197,-2.3164957
2019-01-14 08:30:00,1.0401905,-2.0496864
2019-01-14 09:00:00,-0.5520723,-2.1333156
2019-01-14 09:30:00,-0.74954474,-2.600407
2019-01-14 10:00:00,-1.3625023,-2.9607553
2019-01-14 10:30:00,-1.8378868,-3.638104
2019-01-14 11:00:00,-2.8315363,-3.1579175
2019-01-14 11:30:00,-2.9764063,-3.2422633
2019-01-14 12:00:00,-3.8135548,-2.4606054
2019-01-14 12:30:00,-3.0167527,-1.7139722
2019-01-14 13:00:00,-3.4421082,-1.2920554
2019-01-14 13:30:00,-3.1078448,-1.075524
2019-01-14 14:00:00,-4.002835,-0.7817686
2019-01-14 14:30:00,-2.1652904,-0.6303054
2019-01-14 15:00:00,-1.7021575,-0.7010887
2019-01-14 15:30:00,-1.3703191,0.3274545
2019-01-14 16:00:00,-0.15826344,0.5389263
2019-01-14 16:30:00,0.35332975,1.0541592
2019-01-14 17:00:00,0.27939612,1.3814055
2019-01-14 17:30:00,0.34118736,0.7999465
2019-01-14 18:00:00,0.6058865,1.1340264
2019-01-14 18:30:00,0.85472494,1.302351
2019-01-14 19:00:00,0.7890668,1.0921113
2019-01-14 19:30:00,0.90903586,1.2356573
2019-01-14 20:00:00,1.2205744,0.95976394
2019-01-14 20:30:00,0.57228625,0.9776651
2019-01-14 21:00:00,0.61498785,0.9418496
2019-01-14 21:30:00,0.58153176,1.1358877
2019-01-14 22:00:00,0.7171911,1.2298855
2019-01-14 22:30:00,0.36460704,0.90006995
2019-01-14 23:00:00,0.61861,0.9316079
2019-01-14 23:30:00,0.61473006,1.0398321
2019-01-15 00:00:00,0.38202322,1.1066918
2019-01-15 00:30:00,0.1493208,1.2413331
2019-01-15 01:00:00,0.31115687,1.1451639
2019-01-15 01:30:00,0.6843555,1.0689101
2019-01-15 02:00:00,0.3115807,0.9790065
2019-01-15 02:30:00,0.26022345,0.913947
2019-01-15 03:00:00,0.20887056,1.1193105
2019-01-15 03:30:00,0.038099177,0.81961286
2019-01-15 04:00:00,0.44331637,0.6065113
2019-01-15 04:30:00,0.28857172,0.4520507
2019-01-15 05:00:00,0.28015202,0.1404554
2019-01-15 05:30:00,0.89754885,-0.102820866
2019-01-15 06:00:00,0.6593454,-0.69034886
2019-01-15 06:30:00,0.42113757,-1.0134705
2019-01-15 07:00:00,0.2802962,-1.080234
2019-01-15 07:30:00,0.59343386,-1.3403847
2019-01-15 08:00:00,-0.5915362,-1.6205907
2019-01-15 08:30:00,-1.7765063,-1.7300602
2019-01-15 09:00:00,-1.1308748,-1.8673449
2019-01-15 09:30:00,-0.4852432,-2.006692
2019-01-15 10:00:00,-2.0111094,-1.6352935
2019-01-15 10:30:00,-1.327268,-1.5820837
2019-01-15 11:00:00,-2.2837389,-1.521743
2019-01-15 11:30:00,-3.2824087,-1.3048925
2019-01-15 12:00:00,-2.986591,-1.6909808
2019-01-15 12:30:00,-3.5678186,-1.235136
2019-01-15 13:00:00,-2.6201344,-1.5359434
2019-01-15 13:30:00,-3.696225,-1.0945699
2019-01-15 14:00:00,-2.112819,-1.4273696
2019-01-15 14:30:00,-4.2659917,-0.7984027
2019-01-15 15:00:00,-0.45932865,-0.49645495
2019-01-15 15:30:00,-0.063291416,-0.24709217
2019-01-15 16:00:00,1.5245321,0.5801336
2019-01-15 16:30:00,3.1123557,0.6434541
2019-01-15 17:00:00,2.8814883,1.1434991
2019-01-15 17:30:00,1.9710395,1.0999805
2019-01-15 18:00:00,1.004672,1.3780935
2019-01-15 18:30:00,0.16335076,1.3721993
2019-01-15 19:00:00,1.0414226,1.367393
2019-01-15 19:30:00,0.746505,1.1313785
2019-01-15 20:00:00,0.3041965,1.0583013
2019-01-15 20:30:00,0.41216296,1.1041051
2019-01-15 21:00:00,0.34394878,0.8828329
2019-01-15 21:30:00,0.5896893,0.86536866
2019-01-15 22:00:00,0.47851142,0.88418305
2019-01-15 22:30:00,0.91025054,0.90365285
2019-01-15 23:00:00,1.341994,0.92587095
2019-01-15 23:30:00,0.71848446,1.0882794
2019-01-16 00:00:00,0.75394166,1.077225
2019-01-16 00:30:00,0.44758958,1.1868168
2019-01-16 01:00:00,0.34022173,0.9806669
2019-01-16 01:30:00,1.3394248,1.3041686
2019-01-16 02:00:00,0.3247499,0.99316317
2019-01-16 02:30:00,0.5726882,1.1224958
2019-01-16 03:00:00,0.3598357,1.0785401
2019-01-16 03:30:00,0.74660116,0.9282959
2019-01-16 04:00:00,0.70788443,0.8526145
2019-01-16 04:30:00,0.7062896,0.63372797
2019-01-16 05:00:00,0.3406674,0.6501567
2019-01-16 05:30:00,0.2923381,0.53470993
2019-01-16 06:00:00,0.12801588,0.47870368
2019-01-16 06:30:00,0.46049225,0.23361853
2019-01-16 07:00:00,0.6329415,0.24569538
2019-01-16 07:30:00,0.31724337,0.101445906
2019-01-16 08:00:00,0.69901466,-0.1893819
2019-01-16 08:30:00,0.33497414,-0.7725581
2019-01-16 09:00:00,2.403587,-0.7762764
2019-01-16 09:30:00,4.4721956,-0.715075
2019-01-16 10:00:00,-0.24918072,-1.12966
2019-01-16 10:30:00,-2.5945039,-0.8531462
2019-01-16 11:00:00,-0.07781948,-1.0687339
2019-01-16 11:30:00,-2.6828215,-1.0867707
2019-01-16 12:00:00,-3.191085,-1.3924279
2019-01-16 12:30:00,-2.7707937,-1.5922861
2019-01-16 13:00:00,-3.2339747,-1.2859558
2019-01-16 13:30:00,-3.259474,-1.3701487
2019-01-16 14:00:00,-3.472532,-1.1399499
2019-01-16 14:30:00,-2.9692712,-1.1485182
2019-01-16 15:00:00,-2.9018435,-0.2803385
2019-01-16 15:30:00,-1.635914,0.06188588
2019-01-16 16:00:00,-1.8414696,0.6522496
2019-01-16 16:30:00,-1.4028882,1.025492
2019-01-16 17:00:00,-0.46359748,1.4532943
2019-01-16 17:30:00,-0.3195053,1.4473826
2019-01-16 18:00:00,-0.6604364,1.5343325
2019-01-16 18:30:00,-1.001363,1.431937
2019-01-16 19:00:00,-0.58950007,1.5640571
2019-01-16 19:30:00,-0.17764148,1.5510452
2019-01-16 20:00:00,0.23422149,1.5352019
2019-01-16 20:30:00,0.6460844,1.3585844
2019-01-16 21:00:00,0.46788517,1.3069125
2019-01-16 21:30:00,0.30645543,1.1751463
2019-01-16 22:00:00,-0.10479143,0.91952664
2019-01-16 22:30:00,0.14123313,1.1269131
2019-01-16 23:00:00,0.3872577,1.1549337
2019-01-16 23:30:00,-0.37270206,1.1790044
2019-01-17 00:00:00,0.14890571,1.2231085
2019-01-17 00:30:00,0.6705178,1.258994
2019-01-17 01:00:00,3.9130857,1.2452524
2019-01-17 01:30:00,7.155653,1.3587767
2019-01-17 02:00:00,10.398222,1.5121887
2019-01-17 02:30:00,13.640794,1.5761602
2019-01-17 03:00:00,-0.2306984,1.5450592
2019-01-17 03:30:00,-4.466802,1.5634935
2019-01-17 04:00:00,6.7348504,1.6128058
2019-01-17 04:30:00,-1.1211792,1.4714489
2019-01-17 05:00:00,13.866557,1.3141438
2019-01-17 05:30:00,-5.5177517,1.2273556
2019-01-17 06:00:00,-2.3091202,1.1775756
2019-01-17 06:30:00,0.8995107,1.2090349
2019-01-17 07:00:00,0.79010236,0.9981661
2019-01-17 07:30:00,0.6013336,0.8564727
2019-01-17 08:00:00,0.56885195,0.6791254
2019-01-17 08:30:00,0.30064422,0.4220639
2019-01-17 09:00:00,-0.44360337,0.4359147
2019-01-17 09:30:00,-1.187851,0.7498607
2019-01-17 10:00:00,-1.9320986,0.22121833
2019-01-17 10:30:00,-2.720319,-0.580674
2019-01-17 11:00:00,-2.9573953,-0.42257372
2019-01-17 11:30:00,-2.455681,-0.887498
2019-01-17 12:00:00,-2.7908971,-0.94880426
2019-01-17 12:30:00,-2.6503353,-1.2896829
2019-01-17 13:00:00,-2.0645902,-1.0119369
2019-01-17 13:30:00,-3.1587696,-0.9918554
2019-01-17 14:00:00,-2.1334903,-0.8404664
2019-01-17 14:30:00,-3.029236,-0.56805974
2019-01-17 15:00:00,-1.7132514,-0.3065546
2019-01-17 15:30:00,-1.8401939,0.2016262
2019-01-17 16:00:00,-1.2595825,0.213655
2019-01-17 16:30:00,-0.6256957,0.57792705
2019-01-17 17:00:00,-0.27226833,0.7640611
2019-01-17 17:30:00,-0.24343504,1.0572484
2019-01-17 18:00:00,-0.21460174,0.9969863
2019-01-17 18:30:00,0.055336233,0.92644334
2019-01-17 19:00:00,0.5586976,1.0073417
2019-01-17 19:30:00,1.0620633,1.081354
2019-01-17 20:00:00,1.5654247,1.208978
2019-01-17 20:30:00,0.9675457,1.164673
2019-01-17 21:00:00,-1.5450666,1.3313415
2019-01-17 21:30:00,-7.1900954,1.3530222
2019-01-17 22:00:00,-12.835119,1.1157582
2019-01-17 22:30:00,-12.319004,1.1516261
2019-01-17 23:00:00,-11.802884,1.1611338
2019-01-17 23:30:00,-11.286769,0.9227512
2019-01-18 00:00:00,-10.770654,1.0715798
2019-01-18 00:30:00,-10.254534,1.137605
2019-01-18 01:00:00,-9.738418,1.7438992
2019-01-18 01:30:00,-9.222302,2.2908187
2019-01-18 02:00:00,-8.706183,2.9491782
2019-01-18 02:30:00,-8.190067,3.6998007
2019-01-18 03:00:00,-7.673948,2.7605493
2019-01-18 03:30:00,-7.1578326,1.6148201
2019-01-18 04:00:00,-6.641717,2.4816105
2019-01-18 04:30:00,-6.125597,2.1578596
2019-01-18 05:00:00,-5.609482,3.4380944
2019-01-18 05:30:00,-5.093362,1.6004887
2019-01-18 06:00:00,-4.577246,1.377958
2019-01-18 06:30:00,-4.0611305,1.5654029
2019-01-18 07:00:00,-3.5450106,1.482547
2019-01-18 07:30:00,-3.0288951,1.0979793
2019-01-18 08:00:00,-2.5127797,0.89802074
2019-01-18 08:30:00,-1.99666,0.6929719
2019-01-18 09:00:00,-1.4805444,1.1519582
2019-01-18 09:30:00,-0.96442467,0.016191294
2019-01-18 10:00:00,-1.9301717,0.09917821
2019-01-18 10:30:00,-3.1227355,-0.45180464
2019-01-18 11:00:00,-3.680268,-0.7305687
2019-01-18 11:30:00,-4.1004286,-0.93379116
2019-01-18 12:00:00,-4.466339,-1.0378908
2019-01-18 12:30:00,-4.447459,-1.0943121
2019-01-18 13:00:00,-3.6512818,-1.2247938
2019-01-18 13:30:00,-4.1290345,-1.2772565
2019-01-18 14:00:00,-0.50491834,-1.2268997
2019-01-18 14:30:00,3.1192024,-0.86940455
2019-01-18 15:00:00,1.9300901,-1.0003276
2019-01-18 15:30:00,1.6204741,-0.6166905
2019-01-18 16:00:00,-2.914471,-0.33979216
2019-01-18 16:30:00,3.75568,-0.683607
2019-01-18 17:00:00,-4.5740256,0.062104344
2019-01-18 17:30:00,-0.12721927,-0.18658115
2019-01-18 18:00:00,2.1308963,0.103224225
2019-01-18 18:30:00,2.4288986,-0.102716
2019-01-18 19:00:00,2.929525,0.06087219
2019-01-18 19:30:00,2.0763626,0.81856424
2019-01-18 20:00:00,2.3589194,1.0452851
2019-01-18 20:30:00,2.170548,0.980195
2019-01-18 21:00:00,2.028776,0.77830946
2019-01-18 21:30:00,1.9408474,-0.24080469
2019-01-18 22:00:00,1.1701216,-1.0956011
2019-01-18 22:30:00,1.3702986,-1.220691
2019-01-18 23:00:00,1.2889327,-1.8054838
2019-01-18 23:30:00,0.5377029,-1.6851958
2019-01-19 00:00:00,0.69506913,-1.7186475
2019-01-19 00:30:00,0.40438116,-1.3907502
2019-01-19 01:00:00,1.0620109,-0.5844928
2019-01-19 01:30:00,0.9119983,-1.0738112
2019-01-19 02:00:00,1.0292845,-0.72518563
2019-01-19 02:30:00,1.5949833,-1.1643658
2019-01-19 03:00:00,1.1874373,-0.67427844
2019-01-19 03:30:00,1.0168056,-1.0104556
2019-01-19 04:00:00,1.260462,-0.15568116
2019-01-19 04:30:00,0.5359202,-0.30940777
2019-01-19 05:00:00,0.7530372,-0.22554258
2019-01-19 05:30:00,0.9510427,-0.27105802
2019-01-19 06:00:00,1.0204716,-0.7962705
2019-01-19 06:30:00,0.9680001,0.2691937
2019-01-19 07:00:00,1.1376879,-0.17057188
2019-01-19 07:30:00,0.5917036,0.5317431
2019-01-19 08:00:00,0.8604269,-0.6570807
2019-01-19 08:30:00,0.92715114,0.27105942
2019-01-19 09:00:00,0.0392221,0.16300121
2019-01-19 09:30:00,-0.12503897,-0.30922425
2019-01-19 10:00:00,-0.28930005,-0.15552387
2019-01-19 10:30:00,-0.30028895,-1.1488764
2019-01-19 11:00:00,0.6285634,-0.85551876
2019-01-19 11:30:00,-0.45794356,-1.4126099
2019-01-19 12:00:00,-0.7885018,-0.937942
2019-01-19 12:30:00,-0.7330461,-0.7510172
2019-01-19 13:00:00,-0.30207163,-0.50707245
2019-01-19 13:30:00,-0.33880907,-0.44757947
2019-01-19 14:00:00,-0.9523303,0.29617876
2019-01-19 14:30:00,-0.19926098,0.72890973
2019-01-19 15:00:00,-0.17106561,1.7175696
2019-01-19 15:30:00,-0.023421165,1.4428822
2019-01-19 16:00:00,0.12421892,1.1699162
2019-01-19 16:30:00,0.67405695,1.972145
2019-01-19 17:00:00,0.8971469,1.8911374
2019-01-19 17:30:00,0.4979943,1.9218538
2019-01-19 18:00:00,0.5378995,2.6066828
2019-01-19 18:30:00,0.75064284,2.5883665
2019-01-19 19:00:00,0.5292438,2.6867423
2019-01-19 19:30:00,0.61663944,2.7217538
2019-01-19 20:00:00,0.801017,2.5390847
2019-01-19 20:30:00,0.70749557,2.3039486
2019-01-19 21:00:00,1.0384514,0.54059976
2019-01-19 21:30:00,1.5860698,0.75720996
2019-01-19 22:00:00,1.3599651,-0.10383018
2019-01-19 22:30:00,1.0063936,-0.35031793
2019-01-19 23:00:00,0.7619201,-0.4957908
2019-01-19 23:30:00,0.58968496,-0.6400403
2019-01-20 00:00:00,0.73914707,-0.4701209
2019-01-20 00:30:00,0.57711434,-0.38624266
2019-01-20 01:00:00,0.59711725,-0.23324136
2019-01-20 01:30:00,0.77394015,-0.19809437
2019-01-20 02:00:00,0.80651796,0.10729645
2019-01-20 02:30:00,0.7657957,-0.6935997
2019-01-20 03:00:00,1.088393,-0.41389185
2019-01-20 03:30:00,1.1499046,0.1754451
2019-01-20 04:00:00,1.1502279,-0.020017447
2019-01-20 04:30:00,1.1121885,0.87678576
2019-01-20 05:00:00,1.3662089,-0.4172868
2019-01-20 05:30:00,0.24718097,0.16267788
2019-01-20 06:00:00,0.94103694,0.44131958
2019-01-20 06:30:00,1.0558108,0.45814154
2019-01-20 07:00:00,0.89720803,0.66688687
2019-01-20 07:30:00,0.30852214,0.7752859
2019-01-20 08:00:00,0.56526035,0.83410597
2019-01-20 08:30:00,0.2561687,0.673253
2019-01-20 09:00:00,-0.052922968,0.27873197
2019-01-20 09:30:00,-0.36201465,-0.026484074
2019-01-20 10:00:00,-1.8487053,-0.2684932
2019-01-20 10:30:00,-2.2799027,-0.5262102
2019-01-20 11:00:00,-2.5872684,-0.23440798
2019-01-20 11:30:00,-2.930183,-0.4444117
2019-01-20 12:00:00,-5.314896,-0.27218533
2019-01-20 12:30:00,-2.9522743,0.107466854
2019-01-20 13:00:00,-2.72253,0.021683559
2019-01-20 13:30:00,-3.5877428,0.48952216
2019-01-20 14:00:00,-6.503257,0.21982887
2019-01-20 14:30:00,-1.7750994,0.9223929
2019-01-20 15:00:00,-5.528439,0.706093
2019-01-20 15:30:00,-1.4327482,0.9684283
2019-01-20 16:00:00,-1.0658327,0.7683605
2019-01-20 16:30:00,-1.0220693,1.0490558
2019-01-20 17:00:00,0.49591887,1.3021412
2019-01-20 17:30:00,0.477974,1.0658821
2019-01-20 18:00:00,1.0008051,1.5481178
2019-01-20 18:30:00,1.473568,1.3591175
2019-01-20 19:00:00,1.0159361,1.687893
2019-01-20 19:30:00,0.47530434,1.1952409
2019-01-20 20:00:00,0.79670006,1.0090108
2019-01-20 20:30:00,0.8570713,0.23544928
2019-01-20 21:00:00,0.9174381,-0.2696773
2019-01-20 21:30:00,1.0025835,-0.4019417
2019-01-20 22:00:00,0.9201646,-0.7804404
2019-01-20 22:30:00,0.9672923,-0.43247467
2019-01-20 23:00:00,1.0304948,-0.5024409
2019-01-20 23:30:00,-0.035498027,-0.5106116
2019-01-21 00:00:00,-0.15266195,-0.37865746
2019-01-21 00:30:00,-0.05849825,-0.3231581
2019-01-21 01:00:00,0.035661086,-0.07352442
2019-01-21 01:30:00,0.12982479,0.1032985
2019-01-21 02:00:00,0.18131313,0.11818048
2019-01-21 02:30:00,0.23279709,0.5078297
2019-01-21 03:00:00,0.06280344,0.33385995
2019-01-21 03:30:00,0.2762371,0.48891047
2019-01-21 04:00:00,0.48967072,0.54200673
2019-01-21 04:30:00,-2.9399092,0.59331155
2019-01-21 05:00:00,2.8482113,0.5491418
2019-01-21 05:30:00,5.10873,0.79474694
2019-01-21 06:00:00,-10.696344,0.83503664
2019-01-21 06:30:00,-9.838559,0.86522883
2019-01-21 07:00:00,-5.7625484,0.93930227
2019-01-21 07:30:00,-1.7062341,0.78860366
2019-01-21 08:00:00,2.35008,0.90895283
2019-01-21 08:30:00,6.406394,0.57205904
2019-01-21 09:00:00,10.462708,0.68173826
2019-01-21 09:30:00,14.519023,0.30014175
2019-01-21 10:00:00,-0.8915353,0.12213037
2019-01-21 10:30:00,-2.6103296,-0.19275503
2019-01-21 11:00:00,-3.3752136,-0.5007806
2019-01-21 11:30:00,-4.1400976,-0.5245979
2019-01-21 12:00:00,-2.917503,-0.93721676
2019-01-21 12:30:00,-2.2364233,-0.62650406
2019-01-21 13:00:00,-3.3344607,-0.43232173
2019-01-21 13:30:00,-3.824002,-0.108273804
2019-01-21 14:00:00,-3.1555755,-0.5532826
2019-01-21 14:30:00,-3.2423506,-0.12494285
2019-01-21 15:00:00,-1.915696,-0.4704923
2019-01-21 15:30:00,-1.43388,-0.2148202
2019-01-21 16:00:00,-1.3256164,0.19378322
2019-01-21 16:30:00,-0.69156796,0.1839959
2019-01-21 17:00:00,0.15813376,0.8057577
2019-01-21 17:30:00,-0.15066078,1.0607919
2019-01-21 18:00:00,-0.45945534,1.1966653
2019-01-21 18:30:00,-0.7682455,1.6070427
2019-01-21 19:00:00,0.5717226,1.3714783
2019-01-21 19:30:00,1.8562481,1.569462
2019-01-21 20:00:00,3.1407783,1.4896647
2019-01-21 20:30:00,7.113878,1.5986885
2019-01-21 21:00:00,0.05934729,1.6015548
2019-01-21 21:30:00,1.8612336,1.5770822
2019-01-21 22:00:00,-0.44930974,1.5526181
2019-01-21 22:30:00,1.3055668,1.4729476
2019-01-21 23:00:00,-0.79723173,1.4681456
2019-01-21 23:30:00,-0.99001586,1.4021642
2019-01-22 00:00:00,-0.15543647,1.299524
2019-01-22 00:30:00,0.6791429,1.3730338
2019-01-22 01:00:00,1.2706513,1.459324
2019-01-22 01:30:00,0.9862552,1.4268204
2019-01-22 02:00:00,0.98246264,1.6140206
2019-01-22 02:30:00,0.762925,1.6996553
2019-01-22 03:00:00,0.54338306,1.6324636
2019-01-22 03:30:00,0.9990705,1.7123438
2019-01-22 04:00:00,1.2320045,1.7559805
2019-01-22 04:30:00,0.7835745,1.3869764
2019-01-22 05:00:00,0.33514455,1.9408736
2019-01-22 05:30:00,-0.11328544,2.2906263
2019-01-22 06:00:00,-4.704359,0.8322097
2019-01-22 06:30:00,-3.5748138,-0.26139304
2019-01-22 07:00:00,-2.4452689,-0.39319864
2019-01-22 07:30:00,-1.3157197,0.5994286
2019-01-22 08:00:00,-0.1861748,0.79943526
2019-01-22 08:30:00,0.9433745,1.2421676
2019-01-22 09:00:00,0.16937608,2.4253333
2019-01-22 09:30:00,-0.5619863,2.9534078
2019-01-22 10:00:00,-1.7237508,0.92806435
2019-01-22 10:30:00,-2.2966983,0.46070635
2019-01-22 11:00:00,-2.923061,-0.33313766
2019-01-22 11:30:00,-3.2610602,-0.24031533
2019-01-22 12:00:00,-3.3723998,-0.96759677
2019-01-22 12:30:00,-2.6784956,-0.87497985
2019-01-22 13:00:00,-3.8154206,-0.6600912
2019-01-22 13:30:00,-2.653656,-1.1302587
2019-01-22 14:00:00,-2.5945783,-1.4886191
2019-01-22 14:30:00,-2.8690252,-0.9750334
2019-01-22 15:00:00,-2.532529,-0.83932596
2019-01-22 15:30:00,-2.4118698,-0.76005304
2019-01-22 16:00:00,-1.424215,-0.123391725
2019-01-22 16:30:00,-0.7369217,-0.09797963
2019-01-22 17:00:00,0.12421018,0.6783215
2019-01-22 17:30:00,-0.023727018,0.562429
2019-01-22 18:00:00,-0.17166422,0.88800186
2019-01-22 18:30:00,-1.3488481,0.9410544
2019-01-22 19:00:00,-0.5978805,1.0096138
2019-01-22 19:30:00,0.15309153,1.5890235
2019-01-22 20:00:00,-0.087113075,1.7644788
2019-01-22 20:30:00,-0.23676743,2.7099392
2019-01-22 21:00:00,-0.3864218,2.1698577
2019-01-22 21:30:00,0.017759888,1.9546633
2019-01-22 22:00:00,0.42194155,1.2541265
2019-01-22 22:30:00,0.7885731,1.6646044
2019-01-22 23:00:00,1.410549,1.2040713
2019-01-22 23:30:00,0.23649792,0.8380646
2019-01-23 00:00:00,-0.74965835,0.71696395
2019-01-23 00:30:00,-1.7621617,1.0773342
2019-01-23 01:00:00,-0.7177403,1.0135199
2019-01-23 01:30:00,-3.3243458,1.3418498
2019-01-23 02:00:00,-0.8728301,1.2210724
2019-01-23 02:30:00,-2.2131479,1.7207592
2019-01-23 03:00:00,-1.1002369,1.3080791
2019-01-23 03:30:00,0.012669604,1.410134
2019-01-23 04:00:00,1.0336058,1.5333363
2019-01-23 04:30:00,2.0545375,1.3286282
2019-01-23 05:00:00,2.1412604,0.8802113
2019-01-23 05:30:00,2.2279787,1.2076848
2019-01-23 06:00:00,2.3147016,0.28314066
2019-01-23 06:30:00,2.4014199,0.22654893
2019-01-23 07:00:00,2.4881425,0.79692286
2019-01-23 07:30:00,2.5748653,1.2741425
2019-01-23 08:00:00,2.6615837,1.3336923
2019-01-23 08:30:00,2.7483063,1.6245157
2019-01-23 09:00:00,2.8350246,1.4255227
2019-01-23 09:30:00,-1.595716,0.68762815
2019-01-23 10:00:00,-2.1777256,0.12923492
2019-01-23 10:30:00,-3.835314,-0.49860904
2019-01-23 11:00:00,-3.8543906,-0.63502425
2019-01-23 11:30:00,-3.374117,-0.9212861
2019-01-23 12:00:00,-2.8253844,-0.80130833
2019-01-23 12:30:00,-2.7614214,-1.0588768
2019-01-23 13:00:00,-1.9890922,-1.0437456
2019-01-23 13:30:00,-3.133576,-1.4591085
2019-01-23 14:00:00,-2.9159172,-0.72604644
2019-01-23 14:30:00,-3.0608394,-1.2350442
2019-01-23 15:00:00,-5.6072226,-1.2400209
2019-01-23 15:30:00,-1.5622861,-0.4062892
2019-01-23 16:00:00,-1.8541276,-0.32481843
2019-01-23 16:30:00,-1.3807793,0.2028234
2019-01-23 17:00:00,-0.9074353,0.39979336
2019-01-23 17:30:00,0.057735004,0.73263675
2019-01-23 18:00:00,1.0229096,0.5805137
2019-01-23 18:30:00,1.1828845,0.787922
2019-01-23 19:00:00,1.3428591,0.7935541
2019-01-23 19:30:00,0.113037765,1.7480589
2019-01-23 20:00:00,0.7962063,1.5647343
2019-01-23 20:30:00,-9.115258,2.1528172
2019-01-23 21:00:00,-1.1425409,2.0770965
2019-01-23 21:30:00,-1.5798684,1.4656682
2019-01-23 22:00:00,-2.017196,1.2759994
2019-01-23 22:30:00,-2.4545233,1.2373264
2019-01-23 23:00:00,-0.988941,1.4333045
2019-01-23 23:30:00,-1.9395264,1.0129956
2019-01-24 00:00:00,-2.8901074,1.2789094
2019-01-24 00:30:00,-3.8406928,1.1716245
2019-01-24 01:00:00,-3.673727,1.6066189
2019-01-24 01:30:00,-3.5067616,1.0642217
2019-01-24 02:00:00,-3.3397958,0.90081275
2019-01-24 02:30:00,-3.17283,1.0295117
2019-01-24 03:00:00,-3.0058687,1.2901212
2019-01-24 03:30:00,-2.838903,1.5257729
2019-01-24 04:00:00,-2.6719375,1.1975873
2019-01-24 04:30:00,-2.5049717,1.5338868
2019-01-24 05:00:00,-2.338006,1.4875937
2019-01-24 05:30:00,-2.1710405,0.36578238
2019-01-24 06:00:00,-2.0040748,0.6070225
2019-01-24 06:30:00,-1.8371134,1.3278636
2019-01-24 07:00:00,-1.6701478,1.8639863
2019-01-24 07:30:00,-1.503182,2.3027995
2019-01-24 08:00:00,-1.3362163,2.4239044
2019-01-24 08:30:00,-1.1692507,2.5767965
2019-01-24 09:00:00,-1.002285,2.2419562
2019-01-24 09:30:00,-0.8353237,0.44863385
2019-01-24 10:00:00,-2.9134178,-0.34173653
2019-01-24 10:30:00,-4.3622394,-0.8279089
2019-01-24 11:00:00,-4.427823,-1.1956153
2019-01-24 11:30:00,-4.978308,-1.0817459
2019-01-24 12:00:00,-5.193271,-1.131919
2019-01-24 12:30:00,-4.631155,-1.2273673
2019-01-24 13:00:00,-5.963857,-0.9882987
2019-01-24 13:30:00,-6.977501,-1.2627634
2019-01-24 14:00:00,-5.4658046,-0.8730792
2019-01-24 14:30:00,-4.703219,-1.0592438
2019-01-24 15:00:00,-3.2457893,-1.0962957
2019-01-24 15:30:00,-2.991402,-0.4731445
2019-01-24 16:00:00,-1.728391,-0.17664526
2019-01-24 16:30:00,-1.5108984,0.17350511
2019-01-24 17:00:00,-0.7651914,0.18325311
2019-01-24 17:30:00,-0.040649485,0.48736808
2019-01-24 18:00:00,0.9085902,0.77593255
2019-01-24 18:30:00,1.6894222,1.1960841
2019-01-24 19:00:00,1.5716554,1.1883898
2019-01-24 19:30:00,0.6185139,1.5755354
2019-01-24 20:00:00,0.20364483,1.6101099
2019-01-24 20:30:00,0.34332395,0.087153785
2019-01-24 21:00:00,1.1567863,0.43238428
2019-01-24 21:30:00,1.9702443,0.219156
2019-01-24 22:00:00,1.2613184,0.59045833
2019-01-24 22:30:00,0.55238825,-0.14766341
2019-01-24 23:00:00,0.52763593,0.18072326
2019-01-24 23:30:00,0.50287926,0.17224674
2019-01-25 00:00:00,0.4781269,0.2329107
2019-01-25 00:30:00,0.4533746,-0.50137484
2019-01-25 01:00:00,1.077841,-0.09194994
2019-01-25 01:30:00,3.1090305,-0.2834145
2019-01-25 02:00:00,1.7526249,-0.01461694
2019-01-25 02:30:00,0.40944523,0.11390727
2019-01-25 03:00:00,2.0401757,0.35103586
2019-01-25 03:30:00,1.610796,0.717213
2019-01-25 04:00:00,1.1625626,0.5753098
2019-01-25 04:30:00,0.33757827,0.55279464
2019-01-25 05:00:00,2.2460022,0.72293246
2019-01-25 05:30:00,3.1464932,0.5733524
2019-01-25 06:00:00,0.98949295,0.88446707
2019-01-25 06:30:00,1.0150536,0.82072705
2019-01-25 07:00:00,1.0406142,1.0466002
2019-01-25 07:30:00,0.9996866,1.0289218
2019-01-25 08:00:00,1.1126516,0.98958033
2019-01-25 08:30:00,0.09527202,0.48270163
2019-01-25 09:00:00,0.8661813,0.5065539
2019-01-25 09:30:00,-1.4962174,0.048777852
2019-01-25 10:00:00,-3.0402641,-0.4370319
2019-01-25 10:30:00,-3.5901241,-0.8328987
2019-01-25 11:00:00,-3.754621,-1.1679442
2019-01-25 11:30:00,-6.2904043,-1.2633357
2019-01-25 12:00:00,-3.9135778,-1.6442201
2019-01-25 12:30:00,-3.2888405,-1.5393165
2019-01-25 13:00:00,-3.5370672,-1.7335469
2019-01-25 13:30:00,-5.3503666,-1.9217607
2019-01-25 14:00:00,-2.6001709,-2.0410788
2019-01-25 14:30:00,-2.6807983,-1.4400887
2019-01-25 15:00:00,-1.3554939,-1.1596338
2019-01-25 15:30:00,-0.57851994,-0.6820078
2019-01-25 16:00:00,0.22115716,-0.07108195
2019-01-25 16:30:00,1.0208342,0.20043337
2019-01-25 17:00:00,1.8205113,0.72806644
2019-01-25 17:30:00,-0.09478564,0.72340435
2019-01-25 18:00:00,3.6883442,1.2747499
2019-01-25 18:30:00,1.6744004,1.1340876
2019-01-25 19:00:00,0.32812738,1.670503
2019-01-25 19:30:00,0.6514194,1.0855223
2019-01-25 20:00:00,0.6504407,1.3731037
2019-01-25 20:30:00,2.289477,1.1172438
2019-01-25 21:00:00,1.6633198,1.0242598
2019-01-25 21:30:00,1.4070098,1.3468046
2019-01-25 22:00:00,0.6737599,1.0328892
2019-01-25 22:30:00,0.90418154,0.94411296
2019-01-25 23:00:00,1.8897654,0.5381704
2019-01-25 23:30:00,0.8732859,0.6846483
2019-01-26 00:00:00,0.9194218,0.37496674
2019-01-26 00:30:00,0.96556205,0.6241241
2019-01-26 01:00:00,-0.63657975,0.3682729
2019-01-26 01:30:00,2.5493484,0.8178608
2019-01-26 02:00:00,4.408355,1.0765084
2019-01-26 02:30:00,2.1034262,0.8932494
2019-01-26 03:00:00,1.8481692,1.3234286
2019-01-26 03:30:00,1.2053385,1.5426167
2019-01-26 04:00:00,1.4173477,1.6643597
2019-01-26 04:30:00,1.3369911,1.4758357
2019-01-26 05:00:00,-0.031478234,1.6361163
2019-01-26 05:30:00,1.882106,2.1030285
2019-01-26 06:00:00,1.4446867,2.04749
2019-01-26 06:30:00,1.5130231,1.4208257
2019-01-26 07:00:00,0.6915562,1.6058192
2019-01-26 07:30:00,0.50625676,1.3813748
2019-01-26 08:00:00,4.521202,1.1244138
2019-01-26 08:30:00,2.0136144,0.49379537
2019-01-26 09:00:00,0.058569547,0.3419957
2019-01-26 09:30:00,-1.8964797,-0.29283485
2019-01-26 10:00:00,-4.4483724,-0.9906276
2019-01-26 10:30:00,-5.483356,-1.295551
2019-01-26 11:00:00,-6.2214956,-1.4426885
2019-01-26 11:30:00,-6.611206,-2.1063087
2019-01-26 12:00:00,-6.1132627,-2.3871174
2019-01-26 12:30:00,-6.469753,-2.1028132
2019-01-26 13:00:00,-5.517909,-2.0565767
2019-01-26 13:30:00,-7.0577397,-2.4064867
2019-01-26 14:00:00,-7.762541,-2.0748668
2019-01-26 14:30:00,-7.8424034,-1.7339052
2019-01-26 15:00:00,-5.7291183,-0.9366662
2019-01-26 15:30:00,-4.54604,-0.93627733
2019-01-26 16:00:00,-3.5775142,-0.23074646
2019-01-26 16:30:00,-3.6512861,0.34186897
2019-01-26 17:00:00,-2.0721273,0.9419763
2019-01-26 17:30:00,-0.19506204,0.8939048
2019-01-26 18:00:00,0.61511016,1.3842193
2019-01-26 18:30:00,2.0849133,1.4391638
2019-01-26 19:00:00,1.2390654,1.2244107
2019-01-26 19:30:00,0.073171884,1.0735984
2019-01-26 20:00:00,0.97039014,0.75083506
2019-01-26 20:30:00,1.8676084,1.4651701
2019-01-26 21:00:00,1.7619358,1.4327583
2019-01-26 21:30:00,3.5382354,1.1146221
2019-01-26 22:00:00,5.314539,1.0115362
2019-01-26 22:30:00,7.0908384,1.0665987
2019-01-26 23:00:00,5.627987,1.094047
2019-01-26 23:30:00,2.7230296,0.9258971
2019-01-27 00:00:00,0.8621703,1.0126723
2019-01-27 00:30:00,1.2359544,1.0918186
2019-01-27 01:00:00,1.4365641,1.0201919
2019-01-27 01:30:00,1.2915281,1.4593939
2019-01-27 02:00:00,1.2142519,2.0543935
2019-01-27 02:30:00,1.5789566,1.9913001
2019-01-27 03:00:00,0.81971335,1.8822981
2019-01-27 03:30:00,0.060470212,1.8881226
2019-01-27 04:00:00,-0.69877297,2.1012895
2019-01-27 04:30:00,1.137854,1.9864546
2019-01-27 05:00:00,0.91766965,1.569379
2019-01-27 05:30:00,0.69748104,1.8137782
2019-01-27 06:00:00,-0.17197444,1.7866926
2019-01-27 06:30:00,1.2839823,1.5389159
2019-01-27 07:00:00,1.5954771,1.2332629
2019-01-27 07:30:00,1.9069718,0.9898905
2019-01-27 08:00:00,1.8953581,1.268139
2019-01-27 08:30:00,0.9463937,0.69653285
2019-01-27 09:00:00,0.12458594,0.14566803
2019-01-27 09:30:00,-1.3215616,-0.57612556
2019-01-27 10:00:00,-2.5468214,-1.1828043
2019-01-27 10:30:00,-4.45781,-1.9975513
2019-01-27 11:00:00,-4.94012,-2.570171
2019-01-27 11:30:00,-5.745058,-2.9207103
2019-01-27 12:00:00,-5.2568583,-2.890907
2019-01-27 12:30:00,-5.3127117,-3.003518
2019-01-27 13:00:00,-5.825668,-2.7843823
2019-01-27 13:30:00,-5.3260336,-2.838938
2019-01-27 14:00:00,-3.2129538,-2.7450933
2019-01-27 14:30:00,-4.8140426,-2.6795094
2019-01-27 15:00:00,-1.7407782,-2.1915326
2019-01-27 15:30:00,-1.3667712,-1.6865371
2019-01-27 16:00:00,-0.45491123,-1.1663014
2019-01-27 16:30:00,-0.99703306,-0.77777946
2019-01-27 17:00:00,0.43988642,-0.027126368
2019-01-27 17:30:00,0.5793908,0.40775865
2019-01-27 18:00:00,0.9097393,0.5905326
2019-01-27 18:30:00,0.9977903,1.1072686
2019-01-27 19:00:00,0.33541107,1.3705214
2019-01-27 19:30:00,0.42538896,1.3585888
2019-01-27 20:00:00,0.5153712,1.5311123
2019-01-27 20:30:00,0.64640343,1.8597131
2019-01-27 21:00:00,0.68654895,1.9882241
2019-01-27 21:30:00,0.56221056,1.950556
2019-01-27 22:00:00,0.41523898,2.1270907
2019-01-27 22:30:00,0.45849982,2.641808
2019-01-27 23:00:00,0.7447879,2.8839831
2019-01-27 23:30:00,0.39041236,2.3379595
2019-01-28 00:00:00,0.8237157,2.3622093
2019-01-28 00:30:00,0.51272774,2.4069471
2019-01-28 01:00:00,0.2017398,2.5683506
2019-01-28 01:30:00,0.949828,2.5811572
2019-01-28 02:00:00,3.8817182,2.4830306
2019-01-28 02:30:00,2.375855,2.8112948
2019-01-28 03:00:00,0.8699958,2.573253
2019-01-28 03:30:00,0.695978,2.3725865
2019-01-28 04:00:00,0.31595004,2.3614316
2019-01-28 04:30:00,0.7194763,2.5373545
2019-01-28 05:00:00,0.5749166,2.5245261
2019-01-28 05:30:00,0.97247434,2.2590315
2019-01-28 06:00:00,3.4546106,2.0636697
2019-01-28 06:30:00,0.5049765,2.2132454
2019-01-28 07:00:00,0.6611062,2.2493405
2019-01-28 07:30:00,0.61113846,1.8700509
2019-01-28 08:00:00,0.56117064,1.5491445
2019-01-28 08:30:00,0.51119846,1.0831367
2019-01-28 09:00:00,1.56958,0.36295104
2019-01-28 09:30:00,0.46540338,-0.28216052
2019-01-28 10:00:00,0.26958695,-1.0533844
2019-01-28 10:30:00,0.5345963,-1.5840455
2019-01-28 11:00:00,1.1357566,-2.5446978
2019-01-28 11:30:00,-0.46827707,-2.8117344
2019-01-28 12:00:00,-2.2593143,-2.9410322
2019-01-28 12:30:00,-1.2502103,-3.3872118
2019-01-28 13:00:00,-7.662771,-3.4363887
2019-01-28 13:30:00,-14.0753355,-3.4473252
2019-01-28 14:00:00,-5.426948,-2.971067
2019-01-28 14:30:00,2.0069947,-2.856363
2019-01-28 15:00:00,9.440942,-2.1967103
2019-01-28 15:30:00,16.874886,-1.5210046
2019-01-28 16:00:00,9.619321,-0.8882233
2019-01-28 16:30:00,6.709181,-0.38531634
2019-01-28 17:00:00,3.7990458,-0.030792246
2019-01-28 17:30:00,0.8889063,0.68500656
2019-01-28 18:00:00,0.99339473,1.083744
2019-01-28 18:30:00,3.907401,1.1716377
2019-01-28 19:00:00,-5.7330904,1.6285791
2019-01-28 19:30:00,-0.24580759,1.9239423
2019-01-28 20:00:00,5.2414746,2.273114
2019-01-28 20:30:00,1.6692578,2.3008683
2019-01-28 21:00:00,1.2016681,2.5350912
2019-01-28 21:30:00,3.1222172,2.320041
2019-01-28 22:00:00,-3.14304,2.329164
2019-01-28 22:30:00,0.36182377,2.1568809
2019-01-28 23:00:00,3.8666878,2.1363928
2019-01-28 23:30:00,7.3715467,2.1754723
2019-01-29 00:00:00,1.1859866,2.1214497
2019-01-29 00:30:00,0.5712114,2.1075466
2019-01-29 01:00:00,2.4130597,2.2811754
2019-01-29 01:30:00,1.773519,2.3949533
2019-01-29 02:00:00,1.8056948,2.5846746
2019-01-29 02:30:00,1.2732292,2.563361
2019-01-29 03:00:00,1.2420802,2.399834
2019-01-29 03:30:00,0.987435,2.2966125
2019-01-29 04:00:00,0.95013386,2.1501782
2019-01-29 04:30:00,1.5821549,2.124849
2019-01-29 05:00:00,1.2535192,2.1235776
2019-01-29 05:30:00,1.297584,2.026255
2019-01-29 06:00:00,1.6312488,2.3359802
2019-01-29 06:30:00,1.6039667,2.0050025
2019-01-29 07:00:00,1.5844926,1.8526784
2019-01-29 07:30:00,1.3755418,1.5202239
2019-01-29 08:00:00,1.066804,0.95306134
2019-01-29 08:30:00,0.6919232,0.3890098
2019-01-29 09:00:00,0.011468035,0.0797259
2019-01-29 09:30:00,-0.66898715,-0.33842018
2019-01-29 10:00:00,-1.9887078,-0.6466205
2019-01-29 10:30:00,-1.772552,-1.1350694
2019-01-29 11:00:00,-1.8164726,-1.1751974
2019-01-29 11:30:00,-2.5901127,-1.5561297
2019-01-29 12:00:00,-4.713692,-1.9645584
2019-01-29 12:30:00,-3.131767,-2.0222032
2019-01-29 13:00:00,-1.9227962,-2.6404037
2019-01-29 13:30:00,-2.8311956,-3.831172
2019-01-29 14:00:00,-2.1373484,-2.958999
2019-01-29 14:30:00,-1.1552906,-1.369738
2019-01-29 15:00:00,-0.7083244,0.6420035
2019-01-29 15:30:00,-2.030824,2.2486281
2019-01-29 16:00:00,-0.7317834,2.144664
2019-01-29 16:30:00,-3.7794871,2.3848646
2019-01-29 17:00:00,-6.8271956,1.9353288
2019-01-29 17:30:00,-5.3405924,2.0633025
2019-01-29 18:00:00,-3.8539886,2.108097
2019-01-29 18:30:00,-2.3673854,2.1830356
2019-01-29 19:00:00,-0.88078666,1.297571
2019-01-29 19:30:00,0.6058166,1.3759744
2019-01-29 20:00:00,2.0924199,2.3678634
2019-01-29 20:30:00,9.346862,2.1697223
2019-01-29 21:00:00,21.15168,1.6991746
2019-01-29 21:30:00,4.905752,1.6643074
2019-01-29 22:00:00,9.485256,1.3171325
2019-01-29 22:30:00,2.4102373,1.1706109
2019-01-29 23:00:00,-4.6647816,1.3364843
2019-01-29 23:30:00,-11.7397995,2.0962343
2019-01-30 00:00:00,1.7643871,1.8109424
2019-01-30 00:30:00,1.0083947,1.6807492
2019-01-30 01:00:00,1.4800216,1.6567789
2019-01-30 01:30:00,1.9516528,1.9859302
2019-01-30 02:00:00,1.8587037,1.9091259
2019-01-30 02:30:00,1.7911886,1.6656923
2019-01-30 03:00:00,2.3264508,1.7375244
2019-01-30 03:30:00,0.7588572,1.944924
2019-01-30 04:00:00,0.7891804,1.7665805
2019-01-30 04:30:00,0.819508,1.7427413
2019-01-30 05:00:00,1.305641,1.541354
2019-01-30 05:30:00,1.596482,1.0252298
2019-01-30 06:00:00,1.7038586,1.2465981
2019-01-30 06:30:00,2.1142929,1.1952933
2019-01-30 07:00:00,0.79466397,1.0379621
2019-01-30 07:30:00,1.3008305,0.7868385
2019-01-30 08:00:00,1.0303288,0.5092978
2019-01-30 08:30:00,2.4095337,0.6283799
2019-01-30 09:00:00,-6.74839,0.4121149
2019-01-30 09:30:00,-15.906318,0.005158704
2019-01-30 10:00:00,-15.534401,-0.45381454
2019-01-30 10:30:00,-15.162483,-0.98559844
2019-01-30 11:00:00,-14.790566,-1.0998656
2019-01-30 11:30:00,-14.418648,-1.031328
2019-01-30 12:00:00,-14.046732,-1.7050413
2019-01-30 12:30:00,-13.674815,-1.5565405
2019-01-30 13:00:00,-13.302897,-0.7145638
2019-01-30 13:30:00,-12.930983,-0.35355997
2019-01-30 14:00:00,-12.559065,-0.06399051
2019-01-30 14:30:00,-12.187146,1.2373701
2019-01-30 15:00:00,-11.8152275,1.3702244
2019-01-30 15:30:00,-11.443314,1.0965112
2019-01-30 16:00:00,-11.071395,1.0751758
2019-01-30 16:30:00,-10.699477,0.7777065
2019-01-30 17:00:00,-10.327562,0.51916814
2019-01-30 17:30:00,-9.955645,0.39209455
2019-01-30 18:00:00,-9.583726,0.2827955
2019-01-30 18:30:00,-9.211812,0.3805595
2019-01-30 19:00:00,-8.839894,0.871276
2019-01-30 19:30:00,-8.467976,0.8981955
2019-01-30 20:00:00,-8.096062,1.7817639
2019-01-30 20:30:00,-7.724143,2.7184813
2019-01-30 21:00:00,-7.3522243,3.2700496
2019-01-30 21:30:00,-6.9803104,3.1093757
2019-01-30 22:00:00,-6.608392,3.1777866
2019-01-30 22:30:00,-6.2364736,2.8316166
2019-01-30 23:00:00,-5.8645597,2.6752946
2019-01-30 23:30:00,-5.492641,0.3414102
2019-01-31 00:00:00,-5.120723,0.86774117
2019-01-31 00:30:00,-4.7488084,1.5371944
2019-01-31 01:00:00,-4.3768897,1.521727
2019-01-31 01:30:00,-4.0049715,1.5787992
2019-01-31 02:00:00,-3.6330528,2.46249
2019-01-31 02:30:00,-3.261139,2.158445
2019-01-31 03:00:00,-2.8892205,2.187772
2019-01-31 03:30:00,-2.517302,1.7300179
2019-01-31 04:00:00,-2.1453881,1.9180263
2019-01-31 04:30:00,-1.7734696,2.4590778
2019-01-31 05:00:00,-1.4015511,1.27998
2019-01-31 05:30:00,-1.0296371,1.7489545
2019-01-31 06:00:00,-0.65771866,2.1489198
2019-01-31 06:30:00,-0.2858002,1.8972632
2019-01-31 07:00:00,0.08611388,1.6925726
2019-01-31 07:30:00,0.4580323,2.412741
2019-01-31 08:00:00,0.82995075,1.729026
2019-01-31 08:30:00,1.2018648,1.4039862
2019-01-31 09:00:00,1.5737833,0.19099122
2019-01-31 09:30:00,1.277555,-1.1354669
2019-01-31 10:00:00,0.91448444,-2.6634958
2019-01-31 10:30:00,-0.00017626316,-3.4525685
2019-01-31 11:00:00,-0.3266754,-4.7582026
2019-01-31 11:30:00,-0.6531745,-5.3078613
2019-01-31 12:00:00,-0.9796736,-5.373751
2019-01-31 12:30:00,-1.010093,-5.760757
2019-01-31 13:00:00,-1.0405123,-6.049011
2019-01-31 13:30:00,-0.87675816,-5.1326423
2019-01-31 14:00:00,-1.4260981,-4.4256473
2019-01-31 14:30:00,-1.6758147,-3.785447
2019-01-31 15:00:00,-1.2108818,-3.5201797
2019-01-31 15:30:00,-1.0425922,-3.9040613
2019-01-31 16:00:00,-1.2083869,-4.5360823
2019-01-31 16:30:00,-1.0035958,-4.450692
2019-01-31 17:00:00,-0.48660645,-4.1160617
2019-01-31 17:30:00,-0.21600868,-3.6898937
2019-01-31 18:00:00,0.37979922,-2.8938475
2019-01-31 18:30:00,0.75086564,-2.452308
2019-01-31 19:00:00,0.31593254,-1.3047178
2019-01-31 19:30:00,0.39938262,-1.1644968
2019-01-31 20:00:00,0.2250284,-0.22445025
2019-01-31 20:30:00,0.28248525,-0.43340534
2019-01-31 21:00:00,0.65223646,0.37258106
2019-01-31 21:30:00,0.72321206,-0.40373313
2019-01-31 22:00:00,0.3285949,-0.42953408
2019-01-31 22:30:00,0.43816492,0.20677765
2019-01-31 23:00:00,0.22088626,0.33837786
2019-01-31 23:30:00,0.30981547,0.42616233
2019-02-01 00:00:00,0.3439619,0.69925934
2019-02-01 00:30:00,0.4642062,1.755963
2019-02-01 01:00:00,0.24596629,0.7950004
2019-02-01 01:30:00,0.32788706,1.4558023
2019-02-01 02:00:00,0.13059379,1.8426114
2019-02-01 02:30:00,0.29552335,1.6985717
2019-02-01 03:00:00,0.36247915,1.9081472
2019-02-01 03:30:00,0.5605677,1.895664
2019-02-01 04:00:00,0.37223154,2.0908468
2019-02-01 04:30:00,0.28688517,2.426526
2019-02-01 05:00:00,0.39579976,2.8007078
2019-02-01 05:30:00,0.68125767,2.7709746
2019-02-01 06:00:00,0.32565433,2.5534425
2019-02-01 06:30:00,0.3374297,2.5668695
2019-02-01 07:00:00,0.4124426,3.0305746
2019-02-01 07:30:00,0.2471897,2.711394
2019-02-01 08:00:00,-0.036232077,2.0252326
2019-02-01 08:30:00,-0.3196495,1.4827262
2019-02-01 09:00:00,-0.8079585,0.9623331
2019-02-01 09:30:00,-0.9685056,-0.62126523
2019-02-01 10:00:00,-1.3389821,-0.53770155
2019-02-01 10:30:00,-2.2077603,-1.690522
2019-02-01 11:00:00,-2.6222055,-2.0636594
2019-02-01 11:30:00,-3.1948733,-2.699582
2019-02-01 12:00:00,-2.7599185,-2.4239945
2019-02-01 12:30:00,-3.4229486,-2.4429095
2019-02-01 13:00:00,-4.325161,-2.339649
2019-02-01 13:30:00,-4.183494,-2.0092523
2019-02-01 14:00:00,-5.875116,-2.4244184
2019-02-01 14:30:00,-3.8262696,-2.4257467
2019-02-01 15:00:00,-3.0692766,-2.4670064
2019-02-01 15:30:00,-4.9243817,-2.418546
2019-02-01 16:00:00,-2.8225923,-2.1493685
2019-02-01 16:30:00,-2.2549405,-2.053597
2019-02-01 17:00:00,-1.1306344,-1.6144605
2019-02-01 17:30:00,-0.6634119,-1.1150315
2019-02-01 18:00:00,0.23988853,-0.8611465
2019-02-01 18:30:00,0.43790713,-0.455287
2019-02-01 19:00:00,0.09408793,0.3132148
2019-02-01 19:30:00,-0.3134188,0.71213144
2019-02-01 20:00:00,0.20038967,1.360271
2019-02-01 20:30:00,0.7142025,1.8334882
2019-02-01 21:00:00,0.69428706,0.48450616
2019-02-01 21:30:00,0.7549291,0.3313738
2019-02-01 22:00:00,1.0951699,-0.07574405
2019-02-01 22:30:00,1.0408939,-0.52342254
2019-02-01 23:00:00,0.49591452,-0.5893603
2019-02-01 23:30:00,0.5426009,0.46134865
2019-02-02 00:00:00,1.0360177,0.6889608
2019-02-02 00:30:00,0.5398264,0.61031264
2019-02-02 01:00:00,0.8384142,0.61140937
2019-02-02 01:30:00,0.8656308,0.724501
2019-02-02 02:00:00,0.68067217,0.69252616
2019-02-02 02:30:00,0.91365427,0.87275285
2019-02-02 03:00:00,0.92478734,0.8076147
2019-02-02 03:30:00,1.7022856,1.0373853
2019-02-02 04:00:00,1.2509893,1.0828658
2019-02-02 04:30:00,0.6837875,1.0005124
2019-02-02 05:00:00,0.98099893,1.0502924
2019-02-02 05:30:00,0.7564366,1.3521091
2019-02-02 06:00:00,1.2888322,1.3581387
2019-02-02 06:30:00,0.81381476,1.3073101
2019-02-02 07:00:00,0.91895425,1.2545154
2019-02-02 07:30:00,0.9319094,0.8846156
2019-02-02 08:00:00,0.7546539,0.29227257
2019-02-02 08:30:00,0.79051304,-0.811384
2019-02-02 09:00:00,-0.0010195463,-1.5961967
2019-02-02 09:30:00,-0.6296281,-1.6642185
2019-02-02 10:00:00,-0.75621235,-1.7874864
2019-02-02 10:30:00,-0.94546604,-1.9732884
2019-02-02 11:00:00,-1.2354244,-2.1678028
2019-02-02 11:30:00,-2.0024538,-2.2994509
2019-02-02 12:00:00,-4.206586,-2.3555052
2019-02-02 12:30:00,-5.8615055,-2.4594998
2019-02-02 13:00:00,-7.516424,-2.667791
2019-02-02 13:30:00,-9.171348,-2.7332742
2019-02-02 14:00:00,-10.826266,-2.9373224
2019-02-02 14:30:00,-5.074355,-2.7685218
2019-02-02 15:00:00,9.088786,-2.5439987
2019-02-02 15:30:00,4.9888525,-2.6232193
2019-02-02 16:00:00,0.88892376,-2.3130963
2019-02-02 16:30:00,1.9744782,-2.063345
2019-02-02 17:00:00,3.0600328,-1.6012388
2019-02-02 17:30:00,6.71497,-1.307488
2019-02-02 18:00:00,10.369908,-1.0841752
2019-02-02 18:30:00,9.884479,-0.67856914
2019-02-02 19:00:00,9.399049,-0.5381035
2019-02-02 19:30:00,8.913619,-0.5345206
2019-02-02 20:00:00,8.428189,-0.23431621
2019-02-02 20:30:00,7.9427595,-0.015840355
2019-02-02 21:00:00,7.45733,0.13722208
2019-02-02 21:30:00,6.9719005,0.17125927
2019-02-02 22:00:00,6.4864707,0.33638108
2019-02-02 22:30:00,6.0010414,0.45578647
2019-02-02 23:00:00,5.5156116,0.4665831
2019-02-02 23:30:00,5.0301824,0.47131512
2019-02-03 00:00:00,4.5447526,0.6418418
2019-02-03 00:30:00,4.0593233,0.7042448
2019-02-03 01:00:00,1.5559301,0.84286654
2019-02-03 01:30:00,1.298921,0.9886627
2019-02-03 02:00:00,1.5436566,1.0591271
2019-02-03 02:30:00,1.5107031,1.2443873
2019-02-03 03:00:00,1.6028088,1.3188409
2019-02-03 03:30:00,2.1771195,1.5301161
2019-02-03 04:00:00,2.412719,1.7111554
2019-02-03 04:30:00,1.6815007,1.6806049
2019-02-03 05:00:00,0.9502868,1.769141
2019-02-03 05:30:00,7.2566943,1.7840841
2019-02-03 06:00:00,-16.152262,1.8550553
2019-02-03 06:30:00,7.2706413,1.8320638
2019-02-03 07:00:00,-12.073351,1.676157
2019-02-03 07:30:00,13.642515,1.60519
2019-02-03 08:00:00,1.5852528,1.5195422
2019-02-03 08:30:00,0.018502677,1.2948532
2019-02-03 09:00:00,-1.5482475,1.0045278
2019-02-03 09:30:00,-3.0641644,0.6261515
2019-02-03 10:00:00,-2.5413072,0.27740806
2019-02-03 10:30:00,-2.0184455,0.04578922
2019-02-03 11:00:00,-1.9885199,-0.2738937
2019-02-03 11:30:00,-1.9585943,-0.53664416
2019-02-03 12:00:00,-1.9286686,-1.0764502
2019-02-03 12:30:00,-1.898743,-1.6327811
2019-02-03 13:00:00,-1.1571739,-2.172395
2019-02-03 13:30:00,-0.5935898,-2.6879685
2019-02-03 14:00:00,-0.57911855,-3.2248645
2019-02-03 14:30:00,-1.4638361,-2.6538308
2019-02-03 15:00:00,-2.679575,-0.19701514
2019-02-03 15:30:00,-1.5711166,0.47676805
2019-02-03 16:00:00,-1.7438061,0.17445762
2019-02-03 16:30:00,-1.4882694,0.24702804
2019-02-03 17:00:00,-1.0076593,1.0203011
2019-02-03 17:30:00,-0.17665838,1.5444038
2019-02-03 18:00:00,0.44657588,1.9284166
2019-02-03 18:30:00,1.1603605,2.6030345
2019-02-03 19:00:00,0.65333754,3.1982918
2019-02-03 19:30:00,3.4711006,3.208918
2019-02-03 20:00:00,3.1376455,2.9947066
2019-02-03 20:30:00,2.8041902,3.1723118
2019-02-03 21:00:00,2.470735,2.8129332
2019-02-03 21:30:00,2.13728,2.5560071
2019-02-03 22:00:00,1.8038248,2.702153
2019-02-03 22:30:00,1.4703697,2.7402143
2019-02-03 23:00:00,1.1369145,2.5697925
2019-02-03 23:30:00,0.8034594,2.2598662
2019-02-04 00:00:00,0.47000432,2.0883431
2019-02-04 00:30:00,0.1365492,1.844866
2019-02-04 01:00:00,-0.19690591,1.4693953
2019-02-04 01:30:00,-0.53035665,1.6396248
2019-02-04 02:00:00,-0.8638118,1.6834013
2019-02-04 02:30:00,-1.1972669,1.8876593
2019-02-04 03:00:00,-1.530722,1.8729521
2019-02-04 03:30:00,-1.8641771,1.9211897
2019-02-04 04:00:00,-2.1976323,2.3476813
2019-02-04 04:30:00,-2.5310872,2.2466402
2019-02-04 05:00:00,-2.8645422,1.9025588
2019-02-04 05:30:00,-3.1979976,2.2547977
2019-02-04 06:00:00,-3.5314527,-0.24484196
2019-02-04 06:30:00,-3.8649077,1.3227689
2019-02-04 07:00:00,-4.1983585,-0.6859315
2019-02-04 07:30:00,-4.5318136,1.6424519
2019-02-04 08:00:00,-4.865269,0.6467049
2019-02-04 08:30:00,-5.1987243,0.50964296
2019-02-04 09:00:00,-5.5321794,-0.4668439
2019-02-04 09:30:00,-5.8656344,-0.4227922
2019-02-04 10:00:00,-6.1990895,-2.2482991
2019-02-04 10:30:00,-6.5325446,-1.5032957
2019-02-04 11:00:00,-6.4653745,-2.9467864
2019-02-04 11:30:00,-4.833574,-1.8180412
2019-02-04 12:00:00,-6.3007336,-2.8534923
2019-02-04 12:30:00,-8.857808,-2.6379483
2019-02-04 13:00:00,-5.9827065,-2.3239672
2019-02-04 13:30:00,-6.292266,-2.227759
2019-02-04 14:00:00,-7.3361936,-1.5590004
2019-02-04 14:30:00,-7.135496,-1.1006608
2019-02-04 15:00:00,-6.014996,-0.64716667
2019-02-04 15:30:00,-2.8164928,-0.05155099
2019-02-04 16:00:00,-3.708271,0.16636561
2019-02-04 16:30:00,-1.2548898,0.45330906
2019-02-04 17:00:00,-0.4961884,1.1142159
2019-02-04 17:30:00,0.6346892,1.4981238
2019-02-04 18:00:00,0.9930758,1.9156144
2019-02-04 18:30:00,1.1724198,2.742281
2019-02-04 19:00:00,1.0744067,2.2231593
2019-02-04 19:30:00,1.7325476,3.4041884
2019-02-04 20:00:00,1.1965123,3.4761515
2019-02-04 20:30:00,1.3805491,3.0346644
2019-02-04 21:00:00,1.158735,3.2074282
2019-02-04 21:30:00,1.4564053,2.5055718
2019-02-04 22:00:00,0.9799765,2.721186
2019-02-04 22:30:00,0.11891016,2.867205
2019-02-04 23:00:00,-0.7421562,2.5361443
2019-02-04 23:30:00,-0.5445745,2.7475462
2019-02-05 00:00:00,-0.08229806,1.9649793
2019-02-05 00:30:00,0.379974,1.1795156
2019-02-05 01:00:00,0.84225047,1.967531
2019-02-05 01:30:00,1.748037,1.6919216
2019-02-05 02:00:00,10.779338,1.5341227
2019-02-05 02:30:00,1.6367323,1.9954947
2019-02-05 03:00:00,-7.5058722,1.094615
2019-02-05 03:30:00,-3.751213,1.9588141
2019-02-05 04:00:00,0.0034502912,0.9522355
2019-02-05 04:30:00,3.7581096,1.538929
2019-02-05 05:00:00,4.7024508,-0.13033025
2019-02-05 05:30:00,5.6467924,1.0425979
2019-02-05 06:00:00,6.591134,-0.12125512
2019-02-05 06:30:00,7.5354757,0.7867729
2019-02-05 07:00:00,5.7070937,0.48777443
2019-02-05 07:30:00,3.8787165,-0.3025741
2019-02-05 08:00:00,2.0503387,0.27058315
2019-02-05 08:30:00,0.97442305,-1.7069333
2019-02-05 09:00:00,-0.101492584,-0.20633058
2019-02-05 09:30:00,-1.1774082,-1.8521352
2019-02-05 10:00:00,-2.4839027,-0.9045865
2019-02-05 10:30:00,-3.586113,-2.0757625
2019-02-05 11:00:00,-3.6691873,-2.2462018
2019-02-05 11:30:00,-5.642942,-1.8284883
2019-02-05 12:00:00,-1.4036266,-2.8797781
2019-02-05 12:30:00,-5.558976,-1.9971538
2019-02-05 13:00:00,-5.3472204,-2.9102368
2019-02-05 13:30:00,-6.064461,-1.9876766
2019-02-05 14:00:00,-4.4459953,-1.8759787
2019-02-05 14:30:00,-5.5775156,-1.5011504
2019-02-05 15:00:00,-4.6023655,-1.391069
2019-02-05 15:30:00,-3.7235115,-0.31566903
2019-02-05 16:00:00,-4.3523865,-0.65507954
2019-02-05 16:30:00,-2.4670458,0.6256665
2019-02-05 17:00:00,-1.5109726,0.4366007
2019-02-05 17:30:00,-0.58419573,2.0344825
2019-02-05 18:00:00,1.9462173,1.7785045
2019-02-05 18:30:00,4.47663,2.8650553
2019-02-05 19:00:00,2.6149104,2.571798
2019-02-05 19:30:00,1.1631306,3.6315253
2019-02-05 20:00:00,1.5398772,2.9239714
2019-02-05 20:30:00,1.9166193,3.6058161
2019-02-05 21:00:00,1.5992041,3.2262251
2019-02-05 21:30:00,1.7327574,2.8819952
2019-02-05 22:00:00,1.8663064,3.0797908
2019-02-05 22:30:00,1.9998597,2.4884615
2019-02-05 23:00:00,2.1334085,2.9185317
2019-02-05 23:30:00,2.266962,2.1890304
2019-02-06 00:00:00,2.400511,2.4206624
2019-02-06 00:30:00,2.53406,2.2527878
2019-02-06 01:00:00,2.6676133,1.7419287
2019-02-06 01:30:00,2.8011622,2.2065427
2019-02-06 02:00:00,2.9347157,3.1439896
2019-02-06 02:30:00,3.0682645,2.9082637
2019-02-06 03:00:00,3.201818,1.4494318
2019-02-06 03:30:00,3.335367,0.9285974
2019-02-06 04:00:00,3.468916,1.1881276
2019-02-06 04:30:00,3.6024692,2.0270588
2019-02-06 05:00:00,3.7360182,2.0278933
2019-02-06 05:30:00,3.8695714,1.1635282
2019-02-06 06:00:00,4.0031204,2.9586465
2019-02-06 06:30:00,4.136674,1.7742356
2019-02-06 07:00:00,0.77645254,2.3142734
2019-02-06 07:30:00,-2.5837684,1.2941978
2019-02-06 08:00:00,-4.314697,0.4085058
2019-02-06 08:30:00,-3.8674638,0.008212875
2019-02-06 09:00:00,-3.4202309,-0.5367971
2019-02-06 09:30:00,-3.9312475,-0.85529596
2019-02-06 10:00:00,-5.8443074,-1.3539034
2019-02-06 10:30:00,-6.1996183,-2.0392523
2019-02-06 11:00:00,-5.6790285,-2.230931
2019-02-06 11:30:00,-7.289446,-2.7173524
2019-02-06 12:00:00,-6.0878854,-2.3560557
2019-02-06 12:30:00,-6.2812943,-2.7320638
2019-02-06 13:00:00,-6.925344,-3.0703123
2019-02-06 13:30:00,-4.1965365,-3.005458
2019-02-06 14:00:00,-7.382469,-2.737779
2019-02-06 14:30:00,-4.4224534,-2.6366594
2019-02-06 15:00:00,-5.130689,-2.2099187
2019-02-06 15:30:00,-3.7785783,-1.6615838
2019-02-06 16:00:00,-2.2567277,-1.3202683
2019-02-06 16:30:00,-1.2239374,-1.0238433
2019-02-06 17:00:00,-1.2981507,-0.21913712
2019-02-06 17:30:00,0.7827138,0.3915615
2019-02-06 18:00:00,1.7532802,1.2399131
2019-02-06 18:30:00,1.9033234,1.5391911
2019-02-06 19:00:00,1.6658016,2.161661
2019-02-06 19:30:00,1.469024,2.1579425
2019-02-06 20:00:00,3.1173105,1.9871581
2019-02-06 20:30:00,4.765601,2.0618474
2019-02-06 21:00:00,6.4138875,1.6381174
2019-02-06 21:30:00,8.062179,1.4977741
2019-02-06 22:00:00,9.710465,1.8082815
2019-02-06 22:30:00,-2.1023674,1.8215337
2019-02-06 23:00:00,-10.157792,1.7351257
2019-02-06 23:30:00,-18.213217,1.6537641
2019-02-07 00:00:00,-12.478835,1.9743034
2019-02-07 00:30:00,-6.7444534,1.9055911
2019-02-07 01:00:00,-1.0100712,2.065815
2019-02-07 01:30:00,4.724315,1.8908926
2019-02-07 02:00:00,10.458697,1.7540929
2019-02-07 02:30:00,16.193079,2.119794
2019-02-07 03:00:00,21.92746,1.9561619
2019-02-07 03:30:00,30.69473,2.4254382
2019-02-07 04:00:00,-14.099039,2.624252
2019-02-07 04:30:00,2.3867695,3.155752
2019-02-07 05:00:00,3.0430665,2.9392729
2019-02-07 05:30:00,3.6993637,3.1003313
2019-02-07 06:00:00,4.3556566,2.7928212
2019-02-07 06:30:00,5.0119534,2.6758409
2019-02-07 07:00:00,5.6682506,2.2825868
2019-02-07 07:30:00,6.3245473,0.70221305
2019-02-07 08:00:00,4.1650352,0.048956994
2019-02-07 08:30:00,2.0055268,-0.4816254
2019-02-07 09:00:00,-0.15398586,-0.83545476
2019-02-07 09:30:00,-2.3134983,-1.5384732
2019-02-07 10:00:00,-4.087329,-2.138432
2019-02-07 10:30:00,-2.4589844,-2.9431686
2019-02-07 11:00:00,-5.0552044,-2.9764762
2019-02-07 11:30:00,-6.605386,-3.9700646
2019-02-07 12:00:00,-4.1537957,-3.839229
2019-02-07 12:30:00,-3.5827136,-3.6956089
2019-02-07 13:00:00,-4.847621,-4.0616026
2019-02-07 13:30:00,-6.5955634,-3.5611467
2019-02-07 14:00:00,-4.6835,-3.9424505
2019-02-07 14:30:00,-4.4932194,-3.275763
2019-02-07 15:00:00,-2.5830257,-3.0857491
2019-02-07 15:30:00,-1.1067604,-2.4195685
2019-02-07 16:00:00,-1.150812,-1.9396838
2019-02-07 16:30:00,-0.49254438,-1.0170578
2019-02-07 17:00:00,-0.14954661,-0.12327375
2019-02-07 17:30:00,0.70940495,0.86242807
2019-02-07 18:00:00,1.0948029,1.0516862
2019-02-07 18:30:00,1.3442093,1.2321357
2019-02-07 19:00:00,1.4553522,1.4829141
2019-02-07 19:30:00,1.4658998,1.6552235
2019-02-07 20:00:00,1.3539267,2.189463
2019-02-07 20:30:00,1.2971427,2.3850524
2019-02-07 21:00:00,1.5338038,2.8756902
2019-02-07 21:30:00,1.0392116,3.1483545
2019-02-07 22:00:00,1.1500531,3.5911264
2019-02-07 22:30:00,0.8696768,2.4921143
2019-02-07 23:00:00,2.1150181,1.2256821
2019-02-07 23:30:00,0.23098817,-0.4134287
2019-02-08 00:00:00,0.5645088,-0.28434083
2019-02-08 00:30:00,0.5292919,0.008405126
2019-02-08 01:00:00,0.49407503,1.1302164
2019-02-08 01:30:00,0.4588581,2.7905579
2019-02-08 02:00:00,0.4236412,3.7602723
2019-02-08 02:30:00,0.7283941,4.1442065
2019-02-08 03:00:00,0.90301925,4.9123106
2019-02-08 03:30:00,0.677535,5.7484145
2019-02-08 04:00:00,0.790867,4.38016
2019-02-08 04:30:00,0.7417381,4.550953
2019-02-08 05:00:00,0.6691415,4.324311
2019-02-08 05:30:00,0.70764846,5.372227
2019-02-08 06:00:00,0.68023086,3.2477572
2019-02-08 06:30:00,0.7543349,2.6759543
2019-02-08 07:00:00,0.72047687,2.480671
2019-02-08 07:30:00,0.59686816,1.9731063
2019-02-08 08:00:00,0.009479985,0.5976153
2019-02-08 08:30:00,-0.56150573,0.92851
2019-02-08 09:00:00,-0.9732638,-1.1733447
2019-02-08 09:30:00,-1.852026,-1.9975994
2019-02-08 10:00:00,-2.554485,-2.7893765
2019-02-08 10:30:00,-2.294601,-3.3416047
2019-02-08 11:00:00,-1.7622185,-3.0471635
2019-02-08 11:30:00,-1.4921145,-3.882481
2019-02-08 12:00:00,-2.6278987,-4.163565
2019-02-08 12:30:00,-2.9239697,-3.2621875
2019-02-08 13:00:00,-3.6759162,-3.990015
2019-02-08 13:30:00,-3.9002383,-3.9065826
2019-02-08 14:00:00,-5.023867,-3.5307055
2019-02-08 14:30:00,-2.842486,-3.326194
2019-02-08 15:00:00,-2.7909234,-2.4683173
2019-02-08 15:30:00,-1.3597715,-1.7600164
2019-02-08 16:00:00,-1.275618,-1.4763542
2019-02-08 16:30:00,-0.5892598,-0.14346448
2019-02-08 17:00:00,-0.2804084,-0.1480086
2019-02-08 17:30:00,-0.057349112,-0.22535907
2019-02-08 18:00:00,-1.3207576,1.1876776
2019-02-08 18:30:00,-0.15924217,1.0838577
2019-02-08 19:00:00,0.22696838,1.6059984
2019-02-08 19:30:00,0.252848,0.87330335
2019-02-08 20:00:00,0.20422159,1.7379569
2019-02-08 20:30:00,1.4453465,2.1685905
2019-02-08 21:00:00,-0.7597777,2.1338499
2019-02-08 21:30:00,-1.0004673,1.4362975
2019-02-08 22:00:00,0.36971915,1.0772686
2019-02-08 22:30:00,0.5425747,0.13444754
2019-02-08 23:00:00,0.48359734,0.58925676
2019-02-08 23:30:00,0.36890647,1.3444408
2019-02-09 00:00:00,0.40518948,2.229945
2019-02-09 00:30:00,0.18438914,3.25962
2019-02-09 01:00:00,0.7098506,3.5179965
2019-02-09 01:30:00,0.28973398,4.047858
2019-02-09 02:00:00,0.67836076,3.3402386
2019-02-09 02:30:00,0.41400683,4.3725615
2019-02-09 03:00:00,0.307089,3.1397471
2019-02-09 03:30:00,0.5665144,3.1291995
2019-02-09 04:00:00,0.5062786,3.6533108
2019-02-09 04:30:00,0.50403273,3.4739013
2019-02-09 05:00:00,0.37583187,4.9435906
2019-02-09 05:30:00,0.65772873,3.4952366
2019-02-09 06:00:00,0.93962127,3.8357878
2019-02-09 06:30:00,0.55650854,2.3744655
2019-02-09 07:00:00,0.6582574,2.4132652
2019-02-09 07:30:00,0.5533845,0.7142855
2019-02-09 08:00:00,0.33398232,0.7739882
2019-02-09 08:30:00,0.3959527,0.7928769
2019-02-09 09:00:00,0.20069553,-0.1573721
2019-02-09 09:30:00,0.0054383418,-0.73626196
2019-02-09 10:00:00,-0.8618456,-1.513782
2019-02-09 10:30:00,-1.1178585,-1.5975729
2019-02-09 11:00:00,-0.85222864,-1.9814984
2019-02-09 11:30:00,-1.3357052,-2.6586328
2019-02-09 12:00:00,-1.7370162,-2.7006745
2019-02-09 12:30:00,-1.0394244,-2.8368976
2019-02-09 13:00:00,-1.2826875,-2.595758
2019-02-09 13:30:00,-1.2876861,-1.4200466
2019-02-09 14:00:00,-1.6217355,-2.0327027
2019-02-09 14:30:00,-0.92687887,-1.3559746
2019-02-09 15:00:00,-0.9762262,-1.0602356
2019-02-09 15:30:00,-0.65663505,-0.59234893
2019-02-09 16:00:00,-1.1331336,-0.9213429
2019-02-09 16:30:00,0.022714723,0.23385447
2019-02-09 17:00:00,0.05770442,0.043399192
2019-02-09 17:30:00,0.47058105,0.78478485
2019-02-09 18:00:00,0.7203239,1.0775614
2019-02-09 18:30:00,0.74853677,1.6367935
2019-02-09 19:00:00,0.5768522,2.4559975
2019-02-09 19:30:00,1.0434238,1.6539345
2019-02-09 20:00:00,0.74390966,2.765469
2019-02-09 20:30:00,0.7212939,2.7161918
2019-02-09 21:00:00,0.76985043,2.8830264
2019-02-09 21:30:00,0.8113286,1.7578243
2019-02-09 22:00:00,0.7027417,0.3186197
2019-02-09 22:30:00,0.53320247,0.80114365
2019-02-09 23:00:00,0.9235421,0.4055303
2019-02-09 23:30:00,0.737845,0.6847619
2019-02-10 00:00:00,0.72324264,1.3480849
2019-02-10 00:30:00,0.52170235,2.3298326
2019-02-10 01:00:00,0.4299986,2.5499644
2019-02-10 01:30:00,0.60768664,3.189706
2019-02-10 02:00:00,1.2392358,3.481919
2019-02-10 02:30:00,0.73440194,3.6297994
2019-02-10 03:00:00,1.1386535,3.8039176
2019-02-10 03:30:00,0.8848078,1.0973239
2019-02-10 04:00:00,0.82019836,2.2473218
2019-02-10 04:30:00,0.7854796,2.196266
2019-02-10 05:00:00,0.71537346,2.1424925
2019-02-10 05:30:00,0.5758516,2.135069
2019-02-10 06:00:00,0.5870459,2.152896
2019-02-10 06:30:00,0.2916128,1.9989028
2019-02-10 07:00:00,0.7591587,1.8031213
2019-02-10 07:30:00,0.91637635,1.3870026
2019-02-10 08:00:00,0.4925108,0.9302053
2019-02-10 08:30:00,0.16863766,0.45557237
2019-02-10 09:00:00,0.13999224,0.1514443
2019-02-10 09:30:00,-0.15873533,-0.17240264
2019-02-10 10:00:00,-0.45746294,-0.27814072
2019-02-10 10:30:00,-0.7561949,-0.6239961
2019-02-10 11:00:00,-0.97857696,-0.831719
2019-02-10 11:30:00,-1.1514456,-0.78432035
2019-02-10 12:00:00,-1.5401292,-1.004155
2019-02-10 12:30:00,-1.3700395,-1.0753797
2019-02-10 13:00:00,-0.4622954,-1.1728292
2019-02-10 13:30:00,-1.051379,-0.81591505
2019-02-10 14:00:00,-1.6404624,-0.8097412
2019-02-10 14:30:00,-1.1747998,-0.45513844
2019-02-10 15:00:00,-1.0254207,-0.17060684
2019-02-10 15:30:00,-1.214434,0.00664865
2019-02-10 16:00:00,-1.229753,0.15322262
2019-02-10 16:30:00,-0.85363996,0.50013965
2019-02-10 17:00:00,-0.6700751,0.70479965
2019-02-10 17:30:00,-0.18871775,0.9117623
2019-02-10 18:00:00,0.29264396,1.033016
2019-02-10 18:30:00,0.21746069,1.17713
2019-02-10 19:00:00,0.8168253,1.2899027
2019-02-10 19:30:00,0.3246057,1.4140838
2019-02-10 20:00:00,0.62739676,1.2820073
2019-02-10 20:30:00,0.37921375,1.3759394
2019-02-10 21:00:00,0.32597768,1.3404691
2019-02-10 21:30:00,0.27274162,1.3054881
2019-02-10 22:00:00,0.21950991,1.3721775
2019-02-10 22:30:00,0.50937647,1.3791815
2019-02-10 23:00:00,1.0899746,1.3315294
2019-02-10 23:30:00,3.1323104,1.3652083
2019-02-11 00:00:00,5.174646,1.3469532
2019-02-11 00:30:00,4.0993247,1.3799243
2019-02-11 01:00:00,3.0240076,1.2877312
2019-02-11 01:30:00,1.948686,1.377307
2019-02-11 02:00:00,1.6673046,1.4007616
2019-02-11 02:30:00,1.3859278,1.5681293
2019-02-11 03:00:00,1.1045464,1.5984088
2019-02-11 03:30:00,0.8231695,1.6319654
2019-02-11 04:00:00,0.5417882,1.6179836
2019-02-11 04:30:00,0.26041132,1.6021228
2019-02-11 05:00:00,33.863804,1.5217968
2019-02-11 05:30:00,11.754194,1.4037634
2019-02-11 06:00:00,10.135275,1.4210572
2019-02-11 06:30:00,8.51635,1.311981
2019-02-11 07:00:00,6.8974295,1.255599
2019-02-11 07:30:00,5.278509,1.0351219
2019-02-11 08:00:00,3.6595895,0.91867465
2019-02-11 08:30:00,2.0406694,0.6916654
2019-02-11 09:00:00,0.4217493,0.43033943
2019-02-11 09:30:00,-1.1971751,0.31667098
2019-02-11 10:00:00,-1.4746284,0.20079602
2019-02-11 10:30:00,-2.9753838,0.02101068
2019-02-11 11:00:00,-3.4462416,-0.038097788
2019-02-11 11:30:00,-5.5430193,-0.24426521
2019-02-11 12:00:00,-4.932238,-0.40029445
2019-02-11 12:30:00,-5.5911655,-0.50094223
2019-02-11 13:00:00,-7.276128,-0.4000891
2019-02-11 13:30:00,-5.431562,-0.3460141
2019-02-11 14:00:00,-5.8442855,-0.27319464
2019-02-11 14:30:00,-5.865005,-0.15004471
2019-02-11 15:00:00,-4.996065,0.039204624
2019-02-11 15:30:00,-3.712776,0.15307406
2019-02-11 16:00:00,-2.863734,0.19282635
2019-02-11 16:30:00,-3.887152,0.3234522
2019-02-11 17:00:00,-1.0488884,0.53403264
2019-02-11 17:30:00,-0.40429676,0.6504101
2019-02-11 18:00:00,0.2690233,0.8523305
2019-02-11 18:30:00,0.6480638,0.9733744
2019-02-11 19:00:00,0.81355697,1.1246061
2019-02-11 19:30:00,0.878918,1.1149673
2019-02-11 20:00:00,0.7889008,1.2330095
2019-02-11 20:30:00,0.7860301,1.1033623
2019-02-11 21:00:00,0.80027854,1.1353809
2019-02-11 21:30:00,2.3143563,1.2250398
2019-02-11 22:00:00,1.2916461,1.1860565
2019-02-11 22:30:00,0.26893592,1.2199888
2019-02-11 23:00:00,0.39366317,1.3607166
2019-02-11 23:30:00,0.5999966,1.6174111
2019-02-12 00:00:00,0.5914589,2.0491414
2019-02-12 00:30:00,0.7552743,2.189013
2019-02-12 01:00:00,1.0629547,2.0860844
2019-02-12 01:30:00,1.3255434,1.972394
2019-02-12 02:00:00,1.2637085,1.9208139
2019-02-12 02:30:00,1.0515944,1.8737211
2019-02-12 03:00:00,0.90232015,1.718994
2019-02-12 03:30:00,0.8642807,1.6907506
2019-02-12 04:00:00,1.2114381,1.6966928
2019-02-12 04:30:00,1.1353241,1.5976224
2019-02-12 05:00:00,1.1958395,4.703814
2019-02-12 05:30:00,1.1140105,4.2288055
2019-02-12 06:00:00,1.0321771,3.9258661
2019-02-12 06:30:00,1.6226063,3.0998025
2019-02-12 07:00:00,0.87897915,3.609342
2019-02-12 07:30:00,0.56852424,3.155765
2019-02-12 08:00:00,0.06358555,2.1464818
2019-02-12 08:30:00,-1.09741,1.5646819
2019-02-12 09:00:00,-1.8757122,1.4796633
2019-02-12 09:30:00,-0.946104,0.47559705
2019-02-12 10:00:00,36.76638,0.2340205
2019-02-12 10:30:00,15.085272,-0.2902613
2019-02-12 11:00:00,13.274459,-1.2507477
2019-02-12 11:30:00,11.463651,-1.5434805
2019-02-12 12:00:00,9.652838,-1.5011984
2019-02-12 12:30:00,7.8420243,-1.6223865
2019-02-12 13:00:00,-44.944344,-2.1763885
2019-02-12 13:30:00,-4.0930047,-1.9867678
2019-02-12 14:00:00,36.75833,-1.9621772
2019-02-12 14:30:00,39.638557,-2.1430068
2019-02-12 15:00:00,-7.564212,-2.4419134
2019-02-12 15:30:00,-5.435595,-1.8507894
2019-02-12 16:00:00,-3.3069732,-1.4771277
2019-02-12 16:30:00,-1.1783564,-1.8147424
2019-02-12 17:00:00,0.9502606,-0.87798154
2019-02-12 17:30:00,3.078882,-0.57427293
2019-02-12 18:00:00,5.207499,-0.036127213
2019-02-12 18:30:00,2.4301353,0.01748025
2019-02-12 19:00:00,3.1004536,-0.22358075
2019-02-12 19:30:00,2.0022016,0.2945053
2019-02-12 20:00:00,0.9039499,0.17414303
2019-02-12 20:30:00,1.3066024,0.55325776
2019-02-12 21:00:00,2.7793941,0.35231608
2019-02-12 21:30:00,7.6820455,0.5117665
2019-02-12 22:00:00,3.2589996,1.0523459
2019-02-12 22:30:00,2.0679777,1.3701457
2019-02-12 23:00:00,9.052979,1.1277432
2019-02-12 23:30:00,-0.7551069,1.6764978
2019-02-13 00:00:00,1.116903,1.3406264
2019-02-13 00:30:00,5.494617,1.2178478
2019-02-13 01:00:00,9.872328,1.9644287
2019-02-13 01:30:00,10.080413,1.8818874
2019-02-13 02:00:00,10.288499,2.7508755
2019-02-13 02:30:00,9.080593,2.3525138
2019-02-13 03:00:00,3.688436,3.1855552
2019-02-13 03:30:00,-1.7037174,3.1158555
2019-02-13 04:00:00,-5.0244,4.1279483
2019-02-13 04:30:00,-8.345083,3.8077233
2019-02-13 05:00:00,18.043129,3.9346879
2019-02-13 05:30:00,-4.4510508,3.7132363
2019-02-13 06:00:00,-0.25964528,2.948619
2019-02-13 06:30:00,3.931756,3.8777597
2019-02-13 07:00:00,1.8680673,2.8143926
2019-02-13 07:30:00,1.9888664,3.437107
2019-02-13 08:00:00,2.1096656,2.12758
2019-02-13 08:30:00,-0.27073905,2.058422
2019-02-13 09:00:00,-2.6511436,0.6172992
2019-02-13 09:30:00,-5.031544,0.5014068
2019-02-13 10:00:00,2.957056,4.2763705
2019-02-13 10:30:00,0.47819683,2.582573
2019-02-13 11:00:00,-2.0006623,2.5131745
2019-02-13 11:30:00,-2.5419233,1.4320767
2019-02-13 12:00:00,-2.8280234,2.086351
2019-02-13 12:30:00,-2.799614,1.7112952
2019-02-13 13:00:00,-3.4636536,-3.8411908
2019-02-13 13:30:00,-2.711078,-3.123225
2019-02-13 14:00:00,-1.6763828,1.4408984
2019-02-13 14:30:00,-4.14299,4.7924156
2019-02-13 15:00:00,-6.6095934,0.61139184
2019-02-13 15:30:00,-9.076197,-1.1518651
2019-02-13 16:00:00,-11.542804,-0.6688386
2019-02-13 16:30:00,-14.009409,0.52937055
2019-02-13 17:00:00,-16.476015,-0.11887819
2019-02-13 17:30:00,-18.94262,0.11987579
2019-02-13 18:00:00,-21.409224,1.7181332
2019-02-13 18:30:00,-23.87583,2.4225457
2019-02-13 19:00:00,-26.342434,1.1933664
2019-02-13 19:30:00,-28.80904,1.345022
2019-02-13 20:00:00,-31.275644,0.6136858
2019-02-13 20:30:00,-33.74225,0.85480356
2019-02-13 21:00:00,-36.208855,0.8115995
2019-02-13 21:30:00,-38.675457,1.8356423
2019-02-13 22:00:00,-41.142063,1.9033016
2019-02-13 22:30:00,-38.95355,0.73290765
2019-02-13 23:00:00,-36.765038,2.6058047
2019-02-13 23:30:00,-34.576527,0.84260875
2019-02-14 00:00:00,-32.388016,0.2465474
2019-02-14 00:30:00,-30.199503,-0.27000064
2019-02-14 01:00:00,-28.01099,1.5191053
2019-02-14 01:30:00,-25.822477,2.0347927
2019-02-14 02:00:00,-23.633966,1.1579704
2019-02-14 02:30:00,-21.445454,1.1863755
2019-02-14 03:00:00,-19.25694,2.577867
2019-02-14 03:30:00,-17.068428,1.030154
2019-02-14 04:00:00,-14.879915,0.35913223
2019-02-14 04:30:00,-12.691403,-0.7647326
2019-02-14 05:00:00,-10.502892,2.0031366
2019-02-14 05:30:00,-8.31438,1.1899801
2019-02-14 06:00:00,-6.125868,0.42698377
2019-02-14 06:30:00,-3.9373558,-0.8658829
2019-02-14 07:00:00,-1.7488396,1.4355285
2019-02-14 07:30:00,0.43967232,-0.6193427
2019-02-14 08:00:00,2.6281843,0.6553518
2019-02-14 08:30:00,4.816696,1.0376693
2019-02-14 09:00:00,7.005208,1.0659957
2019-02-14 09:30:00,8.252188,0.12240564
2019-02-14 10:00:00,5.389775,1.4438914
2019-02-14 10:30:00,2.5273619,2.8017566
2019-02-14 11:00:00,-0.33505142,0.6696177
2019-02-14 11:30:00,-3.19746,0.91584766
2019-02-14 12:00:00,-1.4822879,-0.7304682
2019-02-14 12:30:00,-1.6480695,1.8096273
2019-02-14 13:00:00,-1.6885777,-0.21583827
2019-02-14 13:30:00,-2.2473161,1.066258
2019-02-14 14:00:00,-1.9209785,1.7141964
2019-02-14 14:30:00,-2.2602494,1.2469608
2019-02-14 15:00:00,-1.788605,0.33070529
2019-02-14 15:30:00,-1.7440027,-2.6574793
2019-02-14 16:00:00,-0.6642945,-0.8288483
2019-02-14 16:30:00,-2.5243146,-2.4296005
2019-02-14 17:00:00,-4.384335,-2.7118163
2019-02-14 17:30:00,15.100184,-4.1303105
2019-02-14 18:00:00,34.5847,-5.1228375
2019-02-14 18:30:00,34.200138,-5.378243
2019-02-14 19:00:00,33.815586,-5.890461
2019-02-14 19:30:00,4.5428915,-6.9115586
2019-02-14 20:00:00,4.2602825,-9.2322645
2019-02-14 20:30:00,5.2836347,-9.356249
2019-02-14 21:00:00,6.3069873,-10.209197
2019-02-14 21:30:00,9.004794,-11.96202
2019-02-14 22:00:00,3.7337155,-11.501412
2019-02-14 22:30:00,4.0630417,-10.978167
2019-02-14 23:00:00,10.10382,-12.55646
2019-02-14 23:30:00,5.4427094,-13.000613
2019-02-15 00:00:00,0.7815996,-12.254792
2019-02-15 00:30:00,0.9750741,-10.317749
2019-02-15 01:00:00,0.85590464,-9.443505
2019-02-15 01:30:00,1.6969244,-8.02748
2019-02-15 02:00:00,0.93605584,-8.38158
2019-02-15 02:30:00,0.70892435,-8.108191
2019-02-15 03:00:00,2.1193218,-6.0287595
2019-02-15 03:30:00,2.3103497,-5.194512
2019-02-15 04:00:00,3.6084945,-3.089782
2019-02-15 04:30:00,10.055018,-2.8878484
2019-02-15 05:00:00,16.501537,-0.6345699
2019-02-15 05:30:00,11.811372,0.85741204
2019-02-15 06:00:00,7.1212053,0.73757845
2019-02-15 06:30:00,4.4733753,0.9196927
2019-02-15 07:00:00,1.8255448,0.565505
2019-02-15 07:30:00,1.0690018,1.1422495
2019-02-15 08:00:00,0.48477706,1.1355469
2019-02-15 08:30:00,0.9458956,3.6372273
2019-02-15 09:00:00,0.6616087,5.324606
2019-02-15 09:30:00,-0.57462245,7.3358316
2019-02-15 10:00:00,-1.810858,6.7274795
2019-02-15 10:30:00,-1.9349169,6.0643926
2019-02-15 11:00:00,-1.9446298,4.685585
2019-02-15 11:30:00,-1.2674603,4.3487005
2019-02-15 12:00:00,-1.3702404,5.408187
2019-02-15 12:30:00,-3.1649435,3.9599643
2019-02-15 13:00:00,-4.959651,7.2063203
2019-02-15 13:30:00,-2.4041228,8.78717
2019-02-15 14:00:00,-2.7129261,7.906319
2019-02-15 14:30:00,-1.8750918,3.7540941
2019-02-15 15:00:00,-2.290861,4.6635637
2019-02-15 15:30:00,-1.1568593,3.8767896
2019-02-15 16:00:00,-0.36563683,4.133519
2019-02-15 16:30:00,-0.70662034,3.603448
2019-02-15 17:00:00,-0.15048164,2.780928
2019-02-15 17:30:00,0.405657,3.4558427
2019-02-15 18:00:00,0.58629,4.0493217
2019-02-15 18:30:00,0.69655037,3.4439495
2019-02-15 19:00:00,0.80681074,1.6912924
2019-02-15 19:30:00,0.59363925,-1.2094005
2019-02-15 20:00:00,0.60542333,-2.281244
2019-02-15 20:30:00,0.7581843,-3.6749067
2019-02-15 21:00:00,0.7155832,-5.4187512
2019-02-15 21:30:00,0.6002282,-6.5945716
2019-02-15 22:00:00,0.65303606,-8.387007
2019-02-15 22:30:00,0.7406283,-8.111721
2019-02-15 23:00:00,0.6359432,-7.949518
2019-02-15 23:30:00,0.70885,-8.408111
2019-02-16 00:00:00,0.6280784,-7.5401454
2019-02-16 00:30:00,0.54730237,-6.1329813
2019-02-16 01:00:00,0.9530526,-5.6648893
2019-02-16 01:30:00,0.6619976,-4.4109664
2019-02-16 02:00:00,0.6423312,-4.128392
2019-02-16 02:30:00,0.6058472,-2.9744925
2019-02-16 03:00:00,0.65507656,-1.9010413
2019-02-16 03:30:00,0.4801368,-0.9729274
2019-02-16 04:00:00,0.92763615,0.4983395
2019-02-16 04:30:00,0.74070257,3.8148673
2019-02-16 05:00:00,0.6176051,4.3474593
2019-02-16 05:30:00,0.28954172,5.412469
2019-02-16 06:00:00,1.1802235,4.997801
2019-02-16 06:30:00,1.215235,5.2810216
2019-02-16 07:00:00,0.31176856,5.474081
2019-02-16 07:30:00,0.40252417,4.2323446
2019-02-16 08:00:00,-1.2490655,3.5275698
2019-02-16 08:30:00,-1.9795715,3.3028197
2019-02-16 09:00:00,-2.347741,2.8186135
2019-02-16 09:30:00,-2.7159061,2.4818509
2019-02-16 10:00:00,-2.18587,0.6420035
2019-02-16 10:30:00,-4.620271,-0.6289858
2019-02-16 11:00:00,-6.00319,-1.5904335
2019-02-16 11:30:00,-6.8374243,-1.3526801
2019-02-16 12:00:00,-5.736197,-1.3475112
2019-02-16 12:30:00,-7.0080166,-1.5011634
2019-02-16 13:00:00,-5.4245796,-2.6751008
2019-02-16 13:30:00,-2.4261007,-2.659782
2019-02-16 14:00:00,-3.871973,-3.077137
2019-02-16 14:30:00,-3.6233225,-2.870891
2019-02-16 15:00:00,-2.4249165,-2.6490989
2019-02-16 15:30:00,-1.3700001,-1.966459
2019-02-16 16:00:00,-1.0921056,-1.5429823
2019-02-16 16:30:00,-0.814211,-1.8845907
2019-02-16 17:00:00,-0.63043207,-2.3242207
2019-02-16 17:30:00,-1.1590483,-2.5577884
2019-02-16 18:00:00,1.1496205,-3.3337922
2019-02-16 18:30:00,1.2044908,-5.3768883
2019-02-16 19:00:00,1.1349746,-6.150585
2019-02-16 19:30:00,0.51593924,-6.006091
2019-02-16 20:00:00,1.0287733,-6.708306
2019-02-16 20:30:00,0.87215424,-5.001112
2019-02-16 21:00:00,0.7541732,-5.9695983
2019-02-16 21:30:00,0.70772713,-5.804525
2019-02-16 22:00:00,0.6751799,-6.047753
2019-02-16 22:30:00,0.6427506,-4.993942
2019-02-16 23:00:00,0.6103214,-4.6735992
2019-02-16 23:30:00,0.54088813,-4.318961
2019-02-17 00:00:00,0.540342,-3.909226
2019-02-17 00:30:00,0.50346476,-3.0164993
2019-02-17 01:00:00,0.535977,-1.8443447
2019-02-17 01:30:00,0.5420111,-1.5029724
2019-02-17 02:00:00,0.7655117,-0.53400505
2019-02-17 02:30:00,0.30714142,0.53860736
2019-02-17 03:00:00,0.41340822,0.4995323
2019-02-17 03:30:00,0.46658748,0.7268124
2019-02-17 04:00:00,0.5151571,1.4556406
2019-02-17 04:30:00,0.46202588,1.6684363
2019-02-17 05:00:00,0.6683987,2.6632178
2019-02-17 05:30:00,0.8747758,2.4686553
2019-02-17 06:00:00,1.0419993,2.5377302
2019-02-17 06:30:00,0.88617545,3.1184335
2019-02-17 07:00:00,0.94583446,2.8988783
2019-02-17 07:30:00,0.91449755,2.29417
2019-02-17 08:00:00,-0.51554024,1.6385632
2019-02-17 08:30:00,-1.9455736,1.0166658
2019-02-17 09:00:00,-3.3016558,1.0379839
2019-02-17 09:30:00,-4.582651,0.81705683
2019-02-17 10:00:00,-7.237547,0.7962631
2019-02-17 10:30:00,-7.7542214,-0.036599103
2019-02-17 11:00:00,-6.3646746,-1.3879582
2019-02-17 11:30:00,-7.3085265,-1.6906575
2019-02-17 12:00:00,-6.520022,-1.782536
2019-02-17 12:30:00,-5.6347847,-1.6154872
2019-02-17 13:00:00,-3.9685528,-2.373035
2019-02-17 13:30:00,-5.0602727,-2.1192288
2019-02-17 14:00:00,-4.906909,-1.4079304
2019-02-17 14:30:00,-4.949462,-1.4191028
2019-02-17 15:00:00,-4.233947,-1.0069077
2019-02-17 15:30:00,-2.6933427,-0.45030594
2019-02-17 16:00:00,-1.7421327,0.33250985
2019-02-17 16:30:00,-1.9483132,1.1312956
2019-02-17 17:00:00,-1.6555542,2.7280457
2019-02-17 17:30:00,-0.33483297,3.5049586
2019-02-17 18:00:00,0.6484439,3.6186357
2019-02-17 18:30:00,0.75876105,3.5836854
2019-02-17 19:00:00,1.2252146,1.7467917
2019-02-17 19:30:00,1.2205175,1.8921248
2019-02-17 20:00:00,1.2158161,2.0748987
2019-02-17 20:30:00,1.38567,2.4675236
2019-02-17 21:00:00,1.3948237,2.6021607
2019-02-17 21:30:00,1.2047573,2.1074023
2019-02-17 22:00:00,0.99509007,2.1603806
2019-02-17 22:30:00,1.1730796,2.3749373
2019-02-17 23:00:00,0.9980175,2.0079212
2019-02-17 23:30:00,1.0828614,1.7060957
2019-02-18 00:00:00,1.2712281,1.8709772
2019-02-18 00:30:00,1.1703575,1.8676914
2019-02-18 01:00:00,1.1914746,1.9809972
2019-02-18 01:30:00,1.0175397,2.0063133
2019-02-18 02:00:00,0.81467116,2.1793742
2019-02-18 02:30:00,0.9642818,2.4453712
2019-02-18 03:00:00,1.6250925,2.6718867
2019-02-18 03:30:00,2.2858987,2.9355109
2019-02-18 04:00:00,2.9467094,3.161336
2019-02-18 04:30:00,3.60752,3.264317
2019-02-18 05:00:00,7.8887806,2.8654485
2019-02-18 05:30:00,13.63001,2.3888493
2019-02-18 06:00:00,-9.17725,2.046319
2019-02-18 06:30:00,1.5117124,1.7248008
2019-02-18 07:00:00,12.200676,1.4862741
2019-02-18 07:30:00,22.889637,1.1325364
2019-02-18 08:00:00,41.220985,0.72616136
2019-02-18 08:30:00,8.883694,0.05139946
2019-02-18 09:00:00,23.505816,-0.49789682
2019-02-18 09:30:00,38.127945,-1.1521971
2019-02-18 10:00:00,52.750065,-1.8910967
2019-02-18 10:30:00,44.300873,-2.6321676
2019-02-18 11:00:00,35.85168,-2.808982
2019-02-18 11:30:00,27.40249,-3.0292885
2019-02-18 12:00:00,34.868317,-3.1981068
2019-02-18 12:30:00,27.957695,-2.9980388
2019-02-18 13:00:00,21.047073,-2.6034129
2019-02-18 13:30:00,14.136452,-2.3424408
2019-02-18 14:00:00,7.225825,-2.2502742
2019-02-18 14:30:00,0.31520286,-2.0855193
2019-02-18 15:00:00,-6.5954194,-1.4928792
2019-02-18 15:30:00,-13.506041,-1.1987743
2019-02-18 16:00:00,-16.37545,-0.62194246
2019-02-18 16:30:00,-19.244856,-0.3512879
2019-02-18 17:00:00,-22.114265,0.20400749
2019-02-18 17:30:00,0.11627545,0.48912892
2019-02-18 18:00:00,22.346813,1.0510001
2019-02-18 18:30:00,44.57736,1.3316474
2019-02-18 19:00:00,40.50687,1.3479232
2019-02-18 19:30:00,36.436386,1.509768
2019-02-18 20:00:00,32.3659,1.5971942
2019-02-18 20:30:00,28.29541,1.7375418
2019-02-18 21:00:00,24.22493,1.6633548
2019-02-18 21:30:00,20.154448,1.7311801
2019-02-18 22:00:00,16.08396,1.7085862
2019-02-18 22:30:00,12.013475,1.6191458
2019-02-18 23:00:00,7.9429913,1.7639458
2019-02-18 23:30:00,3.8725076,1.8343927
2019-02-19 00:00:00,-0.1979764,1.9458416
2019-02-19 00:30:00,-4.2684646,2.002988
2019-02-19 01:00:00,4.441807,2.2124805
2019-02-19 01:30:00,11.768705,2.237744
2019-02-19 02:00:00,8.211815,2.1834114
2019-02-19 02:30:00,4.65493,2.3120363
2019-02-19 03:00:00,12.799184,2.3268178
2019-02-19 03:30:00,10.531482,2.416516
2019-02-19 04:00:00,7.8392763,2.5365636
2019-02-19 04:30:00,4.455269,2.7512774
2019-02-19 05:00:00,3.838051,3.3042703
2019-02-19 05:30:00,9.369731,4.077159
2019-02-19 06:00:00,-2.8308153,1.936596
2019-02-19 06:30:00,4.346061,1.5479954
2019-02-19 07:00:00,0.42574286,2.521332
2019-02-19 07:30:00,0.24654303,4.1381464
2019-02-19 08:00:00,-0.057593793,4.6953287
2019-02-19 08:30:00,-0.23888218,3.104836
2019-02-19 09:00:00,-0.8241906,3.4796994
2019-02-19 09:30:00,-1.5982983,4.1614084
2019-02-19 10:00:00,-2.2075462,6.629838
2019-02-19 10:30:00,-1.6358484,5.642786
2019-02-19 11:00:00,-1.7068677,7.376615
2019-02-19 11:30:00,-1.1926354,6.053063
2019-02-19 12:00:00,-1.3224791,8.104014
2019-02-19 12:30:00,-1.9550071,7.0411067
2019-02-19 13:00:00,-1.803155,5.8636475
2019-02-19 13:30:00,-1.9312903,3.0801404
2019-02-19 14:00:00,-3.1554751,2.0015507
2019-02-19 14:30:00,-2.2701895,-0.05648398
2019-02-19 15:00:00,-2.2921193,-1.0636611
2019-02-19 15:30:00,-1.9094042,-3.8970356
2019-02-19 16:00:00,-1.0073316,-3.9973338
2019-02-19 16:30:00,-0.5725995,-4.8386683
2019-02-19 17:00:00,-0.97983533,-5.1285176
2019-02-19 17:30:00,-0.106342554,-3.51519
2019-02-19 18:00:00,0.1692581,1.207676
2019-02-19 18:30:00,0.44485873,5.510194
2019-02-19 19:00:00,1.0091943,6.591545
2019-02-19 19:30:00,0.93993586,6.4872923
2019-02-19 20:00:00,1.181023,9.053447
2019-02-19 20:30:00,0.8298721,9.829696
2019-02-19 21:00:00,0.9536993,9.740334
2019-02-19 21:30:00,1.061255,8.141657
2019-02-19 22:00:00,1.1688151,5.858382
2019-02-19 22:30:00,0.36566442,3.923926
2019-02-19 23:00:00,0.6373982,3.6067598
2019-02-19 23:30:00,0.6401509,0.9817985
2019-02-20 00:00:00,1.1364863,-0.4241598
2019-02-20 00:30:00,1.4300363,-1.4936613
2019-02-20 01:00:00,1.7235862,-0.5168161
2019-02-20 01:30:00,0.69578135,0.36486918
2019-02-20 02:00:00,0.83516777,-1.357128
2019-02-20 02:30:00,1.014123,-2.1330884
2019-02-20 03:00:00,0.42051715,-0.27277517
2019-02-20 03:30:00,1.4352969,1.2252713
2019-02-20 04:00:00,1.0302764,1.4583496
2019-02-20 04:30:00,0.88482094,1.8997056
2019-02-20 05:00:00,0.8966182,2.2104576
2019-02-20 05:30:00,1.1980635,4.1320424
2019-02-20 06:00:00,0.7540509,2.318717
2019-02-20 06:30:00,1.0224901,2.5362446
2019-02-20 07:00:00,1.0891707,4.326985
2019-02-20 07:30:00,0.64882404,2.2761114
2019-02-20 08:00:00,-0.6128892,2.34059
2019-02-20 08:30:00,-1.8347191,2.8136587
2019-02-20 09:00:00,-2.0898056,2.431328
2019-02-20 09:30:00,-2.311637,2.7524397
2019-02-20 10:00:00,-2.58057,0.91448003
2019-02-20 10:30:00,13.226231,1.7433923
2019-02-20 11:00:00,29.033033,0.83839667
2019-02-20 11:30:00,36.55213,1.5802761
2019-02-20 12:00:00,28.235262,1.787182
2019-02-20 12:30:00,19.918385,2.6009023
2019-02-20 13:00:00,-14.936499,0.15799394
2019-02-20 13:30:00,-0.5639569,-2.487892
2019-02-20 14:00:00,13.808585,-1.749696
2019-02-20 14:30:00,28.181126,-0.38725197
2019-02-20 15:00:00,13.4355,0.20308556
2019-02-20 15:30:00,-1.3101226,0.65474886
2019-02-20 16:00:00,2.499114,1.4427073
2019-02-20 16:30:00,6.30835,3.0003955
2019-02-20 17:00:00,4.3400884,3.5882776
2019-02-20 17:30:00,2.3718264,3.2800553
2019-02-20 18:00:00,0.96853316,3.0232778
2019-02-20 18:30:00,1.3708447,2.5476575
2019-02-20 19:00:00,1.7731564,1.4626272
2019-02-20 19:30:00,2.175468,1.5093573
2019-02-20 20:00:00,2.5777798,2.7228506
2019-02-20 20:30:00,2.9800913,3.0660536
2019-02-20 21:00:00,3.382403,5.0843225
2019-02-20 21:30:00,0.29288426,3.9170094
2019-02-20 22:00:00,0.27320477,3.2777965
2019-02-20 22:30:00,0.59652734,2.4981658
2019-02-20 23:00:00,0.91985434,2.7410927
2019-02-20 23:30:00,1.0598394,2.5502834
2019-02-21 00:00:00,1.1998243,1.1310116
2019-02-21 00:30:00,1.1999947,2.6167543
2019-02-21 01:00:00,0.4435261,4.696443
2019-02-21 01:30:00,0.87343884,5.139337
2019-02-21 02:00:00,0.82041687,3.5147152
2019-02-21 02:30:00,1.0998975,3.7356117
2019-02-21 03:00:00,1.207829,3.023741
2019-02-21 03:30:00,0.7815603,3.136671
2019-02-21 04:00:00,1.0463425,2.0417137
2019-02-21 04:30:00,1.1999379,2.5097535
2019-02-21 05:00:00,1.0948553,2.2950833
2019-02-21 05:30:00,0.7446918,1.66079
2019-02-21 06:00:00,0.49317494,1.8908097
2019-02-21 06:30:00,0.9420768,2.1929235
2019-02-21 07:00:00,1.7309791,2.6702569
2019-02-21 07:30:00,1.0586246,2.5553255
2019-02-21 08:00:00,0.09189452,1.2041457
2019-02-21 08:30:00,-0.7456866,1.0987396
2019-02-21 09:00:00,-1.1308792,2.3093972
2019-02-21 09:30:00,-1.0813308,2.4715521
2019-02-21 10:00:00,-1.3274864,2.6277475
2019-02-21 10:30:00,-2.3418992,4.166892
2019-02-21 11:00:00,-2.4299326,5.5159655
2019-02-21 11:30:00,-2.9813435,7.188113
2019-02-21 12:00:00,-4.749311,7.2838717
2019-02-21 12:30:00,-4.1171894,6.863921
2019-02-21 13:00:00,-3.3671086,3.7609582
2019-02-21 13:30:00,-2.6405568,1.9768726
2019-02-21 14:00:00,-2.5875084,1.1474577
2019-02-21 14:30:00,-2.0674477,3.535924
2019-02-21 15:00:00,-1.6747093,1.1783272
2019-02-21 15:30:00,-0.44123083,-1.203397
2019-02-21 16:00:00,-1.7142956,-1.5444592
2019-02-21 16:30:00,-1.8807107,0.3179337
2019-02-21 17:00:00,-1.3001868,1.2472711
2019-02-21 17:30:00,0.45627147,2.813685
2019-02-21 18:00:00,0.39346653,3.0499876
2019-02-21 18:30:00,10.6304655,4.0244384
2019-02-21 19:00:00,20.867466,3.5076063
2019-02-21 19:30:00,31.10447,3.7342224
2019-02-21 20:00:00,18.113873,3.7498426
2019-02-21 20:30:00,5.1232796,3.5462968
2019-02-21 21:00:00,10.109976,3.1066754
2019-02-21 21:30:00,11.907375,2.621578
2019-02-21 22:00:00,13.704774,2.3915234
2019-02-21 22:30:00,15.502172,1.256049
2019-02-21 23:00:00,22.63244,1.0574799
2019-02-21 23:30:00,29.762705,1.1635107
2019-02-22 00:00:00,27.913643,0.89282995
2019-02-22 00:30:00,26.06458,1.458284
2019-02-22 01:00:00,24.215519,1.077474
2019-02-22 01:30:00,22.36646,1.0612638
2019-02-22 02:00:00,20.517399,0.6390017
2019-02-22 02:30:00,18.668337,1.0134413
2019-02-22 03:00:00,16.819277,0.7720308
2019-02-22 03:30:00,14.970219,0.14738518
2019-02-22 04:00:00,13.121157,-0.061906334
2019-02-22 04:30:00,11.272095,-0.26539534
2019-02-22 05:00:00,9.423033,0.5186613
2019-02-22 05:30:00,7.57397,0.37100813
2019-02-22 06:00:00,5.7249074,0.17304632
2019-02-22 06:30:00,3.8758502,-1.0410848
2019-02-22 07:00:00,4.976225,-0.43503073
2019-02-22 07:30:00,6.076605,-0.4117028
2019-02-22 08:00:00,7.1769843,-0.22328363
2019-02-22 08:30:00,1.4100246,0.8846724
2019-02-22 09:00:00,0.72773874,1.5167502
2019-02-22 09:30:00,0.04545278,1.9180526
2019-02-22 10:00:00,-0.6368332,1.8052797
2019-02-22 10:30:00,-1.3191191,2.357355
2019-02-22 11:00:00,-6.576841,2.6614745
2019-02-22 11:30:00,-11.834558,1.3888988
2019-02-22 12:00:00,4.779797,0.41225472
2019-02-22 12:30:00,-2.5069118,0.87980497
2019-02-22 13:00:00,0.11509136,1.4198339
2019-02-22 13:30:00,-1.5277466,2.5181513
2019-02-22 14:00:00,-3.1705842,3.1275566
2019-02-22 14:30:00,-2.9428935,2.2840154
2019-02-22 15:00:00,-5.465874,2.219537
2019-02-22 15:30:00,-5.907903,1.5685837
2019-02-22 16:00:00,-3.6969328,2.0422118
2019-02-22 16:30:00,-3.364404,1.7206544
2019-02-22 17:00:00,-2.4257205,1.6070253
2019-02-22 17:30:00,-2.0628948,1.9161955
2019-02-22 18:00:00,-0.05415949,1.627465
2019-02-22 18:30:00,0.6748347,3.335048
2019-02-22 19:00:00,1.4038333,4.7886844
2019-02-22 19:30:00,1.546606,6.3412995
2019-02-22 20:00:00,0.9475647,4.8092203
2019-02-22 20:30:00,1.0830798,3.002755
2019-02-22 21:00:00,0.42985004,3.3224337
2019-02-22 21:30:00,0.78316385,4.146898
2019-02-22 22:00:00,0.9010006,4.240074
2019-02-22 22:30:00,1.0188375,4.8437247
2019-02-22 23:00:00,1.1366786,5.3224607
2019-02-22 23:30:00,1.2545154,6.585917
2019-02-23 00:00:00,5.19242,6.796279
2019-02-23 00:30:00,2.9992027,7.1316743
2019-02-23 01:00:00,1.4331123,7.2248373
2019-02-23 01:30:00,0.45571655,8.446567
2019-02-23 02:00:00,-0.5216835,8.43051
2019-02-23 02:30:00,-1.4990792,8.458661
2019-02-23 03:00:00,-2.4764748,9.911844
2019-02-23 03:30:00,-3.4538748,7.8159266
2019-02-23 04:00:00,-4.4312706,6.0360527
2019-02-23 04:30:00,3.6482031,5.2038503
2019-02-23 05:00:00,2.2206514,5.177997
2019-02-23 05:30:00,2.1207943,5.1016035
2019-02-23 06:00:00,2.0209332,4.4764776
2019-02-23 06:30:00,3.8081384,2.7487695
2019-02-23 07:00:00,3.3111913,3.1231172
2019-02-23 07:30:00,2.814244,2.8781588
2019-02-23 08:00:00,9.057038,2.096016
2019-02-23 08:30:00,-1.0097872,1.4730263
2019-02-23 09:00:00,-3.2328823,1.1208572
2019-02-23 09:30:00,-4.1363573,1.4021031
2019-02-23 10:00:00,-1.8232058,1.6430199
2019-02-23 10:30:00,-2.825249,1.5968883
2019-02-23 11:00:00,-2.825948,-0.00076612446
2019-02-23 11:30:00,-4.3120837,-1.7787434
2019-02-23 12:00:00,-4.1432,-0.18925956
2019-02-23 12:30:00,-7.3206124,-1.7701533
2019-02-23 13:00:00,-9.280624,-0.3107841
2019-02-23 13:30:00,-7.5870504,-0.10550364
2019-02-23 14:00:00,-11.667854,0.13089964
2019-02-23 14:30:00,-5.3955717,-0.8393216
2019-02-23 15:00:00,-8.465,-2.2273088
2019-02-23 15:30:00,-1.8066329,-2.8758152
2019-02-23 16:00:00,-2.2040813,-2.0825613
2019-02-23 16:30:00,-1.3050935,-1.9866979
2019-02-23 17:00:00,-0.40610567,-1.1414747
2019-02-23 17:30:00,-0.22243598,-0.5417388
2019-02-23 18:00:00,-0.45976993,0.41769016
2019-02-23 18:30:00,-0.6971039,1.2584128
2019-02-23 19:00:00,2.536367,1.7866052
2019-02-23 19:30:00,0.8609556,1.0562477
2019-02-23 20:00:00,-0.8144557,2.0171056
2019-02-23 20:30:00,-1.4228779,2.3719225
2019-02-23 21:00:00,-2.0313,2.9053535
2019-02-23 21:30:00,-2.6397266,3.1423423
2019-02-23 22:00:00,-3.2481487,3.9419496
2019-02-23 22:30:00,-3.8565753,4.8321548
2019-02-23 23:00:00,-4.464998,4.833706
2019-02-23 23:30:00,-5.0734243,4.5251517
2019-02-24 00:00:00,-5.6818466,5.182353
2019-02-24 00:30:00,-6.290269,5.166121
2019-02-24 01:00:00,-6.8986955,4.635635
2019-02-24 01:30:00,-7.5071177,4.6315145
2019-02-24 02:00:00,-8.115544,4.925646
2019-02-24 02:30:00,-8.723967,4.741941
2019-02-24 03:00:00,-9.332393,4.069679
2019-02-24 03:30:00,-9.940815,3.5692883
2019-02-24 04:00:00,-10.549237,3.2672925
2019-02-24 04:30:00,-11.157663,3.3920853
2019-02-24 05:00:00,-11.766086,3.4245932
2019-02-24 05:30:00,-12.374513,3.7547932
2019-02-24 06:00:00,-12.982935,3.5095508
2019-02-24 06:30:00,-13.591359,3.774381
2019-02-24 07:00:00,-14.199783,3.4897664
2019-02-24 07:30:00,-14.8082075,3.1362078
2019-02-24 08:00:00,-15.416632,3.5168037
2019-02-24 08:30:00,-16.025057,1.7183124
2019-02-24 09:00:00,-16.63348,0.48618835
2019-02-24 09:30:00,-17.241903,-0.7886154
2019-02-24 10:00:00,-17.850328,-0.59489626
2019-02-24 10:30:00,-15.712133,-1.1710509
2019-02-24 11:00:00,-8.674239,-0.70117176
2019-02-24 11:30:00,-9.729618,-1.339004
2019-02-24 12:00:00,-11.541567,-1.110435
2019-02-24 12:30:00,-5.858958,-1.7917204
2019-02-24 13:00:00,-10.293228,-2.5427752
2019-02-24 13:30:00,-9.300597,-2.4967923
2019-02-24 14:00:00,-4.266717,-3.7867315
2019-02-24 14:30:00,-6.1964984,-2.9064925
2019-02-24 15:00:00,-5.8822904,-2.7233253
2019-02-24 15:30:00,-7.7625713,-1.4872863
2019-02-24 16:00:00,-6.708843,-1.3611304
2019-02-24 16:30:00,-6.0762453,-0.701281
2019-02-24 17:00:00,-4.076991,0.28889942
2019-02-24 17:30:00,-1.5016702,0.5548176
2019-02-24 18:00:00,0.095722064,1.7848356
2019-02-24 18:30:00,0.16512033,2.3509495
2019-02-24 19:00:00,-0.2696773,2.9889524
2019-02-24 19:30:00,-0.7044706,2.4935825
2019-02-24 20:00:00,-1.1392639,1.7117671
2019-02-24 20:30:00,-0.62476504,2.141422
2019-02-24 21:00:00,-0.11026622,2.388919
2019-02-24 21:30:00,0.4042326,1.8405578
2019-02-24 22:00:00,1.1147357,2.2396405
2019-02-24 22:30:00,1.8252432,2.2234871
2019-02-24 23:00:00,2.5357466,2.8022416
2019-02-24 23:30:00,3.2462497,2.561198
2019-02-25 00:00:00,3.956753,2.3786469
2019-02-25 00:30:00,4.66726,1.653882
2019-02-25 01:00:00,5.3777633,1.548878
2019-02-25 01:30:00,6.0882664,1.307013
2019-02-25 02:00:00,6.7987742,0.44713518
2019-02-25 02:30:00,7.5092773,0.46021697
2019-02-25 03:00:00,8.21978,-0.27365342
2019-02-25 03:30:00,8.930284,0.04380554
2019-02-25 04:00:00,9.640792,-0.28716344
2019-02-25 04:30:00,10.3512945,-0.33819735
2019-02-25 05:00:00,11.061798,-0.4278781
2019-02-25 05:30:00,4.5421443,-1.0221087
2019-02-25 06:00:00,0.57792705,-1.1166044
2019-02-25 06:30:00,4.4377565,-1.8012018
2019-02-25 07:00:00,2.6276515,-1.5205021
2019-02-25 07:30:00,0.8175462,-2.4094622
2019-02-25 08:00:00,-2.5383315,-3.2386017
2019-02-25 08:30:00,-3.834711,-4.0150776
2019-02-25 09:00:00,-5.1310954,-4.7835493
2019-02-25 09:30:00,-6.427475,-5.2081575
2019-02-25 10:00:00,-5.4425464,-5.794781
2019-02-25 10:30:00,-4.8023243,-5.8270445
2019-02-25 11:00:00,-7.40027,-5.6428676
2019-02-25 11:30:00,-9.956461,-4.1512046
2019-02-25 12:00:00,-7.44783,-5.489032
2019-02-25 12:30:00,-7.6971445,-4.2468886
2019-02-25 13:00:00,-9.704416,-4.7042193
2019-02-25 13:30:00,-7.242121,-4.338706
2019-02-25 14:00:00,-7.6817994,-4.156548
2019-02-25 14:30:00,-7.5466166,-3.163768
2019-02-25 15:00:00,-7.7983603,-2.1842184
2019-02-25 15:30:00,-6.2638564,-2.1498098
2019-02-25 16:00:00,-5.732789,-0.9328037
2019-02-25 16:30:00,-3.2427263,-0.435389
2019-02-25 17:00:00,-1.3324369,0.028342437
2019-02-25 17:30:00,-0.94321585,0.53829277
2019-02-25 18:00:00,0.2914118,1.8944536
2019-02-25 18:30:00,0.37117416,2.066715
2019-02-25 19:00:00,-2.270006,2.2734811
2019-02-25 19:30:00,-4.911186,2.4442089
2019-02-25 20:00:00,-0.069377914,2.4709842
2019-02-25 20:30:00,2.5242596,2.3717782
2019-02-25 21:00:00,-31.331291,2.3199098
2019-02-25 21:30:00,-0.9408783,2.5315783
2019-02-25 22:00:00,-1.8963224,2.6703224
2019-02-25 22:30:00,-0.080331855,2.6925187
2019-02-25 23:00:00,1.735663,3.1030097
2019-02-25 23:30:00,0.8547074,3.288615
2019-02-26 00:00:00,1.6505133,2.8228385
2019-02-26 00:30:00,6.557525,2.8505971
2019-02-26 01:00:00,0.754431,2.1429644
2019-02-26 01:30:00,-0.098547645,2.2705536
2019-02-26 02:00:00,-0.9515307,2.171164
2019-02-26 02:30:00,1.2569753,2.1812136
2019-02-26 03:00:00,2.1027534,2.125937
2019-02-26 03:30:00,2.412601,2.0181978
2019-02-26 04:00:00,5.1147375,2.1947587
2019-02-26 04:30:00,1.9180655,1.9862754
2019-02-26 05:00:00,2.0734046,1.6617993
2019-02-26 05:30:00,1.7190988,0.93616074
2019-02-26 06:00:00,1.3605856,-0.23999636
2019-02-26 06:30:00,1.5324973,-0.89052594
2019-02-26 07:00:00,0.8321747,-1.107075
2019-02-26 07:30:00,0.6135372,-2.1057713
2019-02-26 08:00:00,-0.64627534,-3.6643069
2019-02-26 08:30:00,-2.0869918,-4.337273
2019-02-26 09:00:00,-2.0629823,-4.9806414
2019-02-26 09:30:00,-2.908485,-5.215332
2019-02-26 10:00:00,-4.9413786,-5.210386
2019-02-26 10:30:00,-7.045763,-4.791261
2019-02-26 11:00:00,-7.7840333,-5.082539
2019-02-26 11:30:00,-7.8679466,-5.1148763
2019-02-26 12:00:00,-9.261976,-5.272649
2019-02-26 12:30:00,-5.9197006,-4.8877974
2019-02-26 13:00:00,-3.3311443,-4.7514434
2019-02-26 13:30:00,-3.9797559,-4.812273
2019-02-26 14:00:00,-2.153952,-3.8864267
2019-02-26 14:30:00,-27.78792,-3.6141775
2019-02-26 15:00:00,13.965392,-3.420821
2019-02-26 15:30:00,15.294341,-3.14387
2019-02-26 16:00:00,16.623285,-2.2838001
2019-02-26 16:30:00,17.952234,-1.8110067
2019-02-26 17:00:00,19.281178,-1.2640698
2019-02-26 17:30:00,20.61012,-0.4389675
2019-02-26 18:00:00,21.93907,-0.50073254
2019-02-26 18:30:00,23.268015,0.18587472
2019-02-26 19:00:00,24.596962,-0.1178514
2019-02-26 19:30:00,25.925907,-0.44231007
2019-02-26 20:00:00,27.25485,-0.044433333
2019-02-26 20:30:00,28.583796,0.48650733
2019-02-26 21:00:00,29.91274,-2.3346722
2019-02-26 21:30:00,31.241693,-1.7210069
2019-02-26 22:00:00,32.570637,-0.49490383
2019-02-26 22:30:00,14.986197,1.1306882
2019-02-26 23:00:00,8.441625,0.58629435
2019-02-26 23:30:00,10.144611,0.8601298
2019-02-27 00:00:00,4.80548,2.0088692
2019-02-27 00:30:00,8.034192,2.4470577
2019-02-27 01:00:00,11.262906,1.067359
2019-02-27 01:30:00,14.491614,2.112366
2019-02-27 02:00:00,2.1490772,1.6410187
2019-02-27 02:30:00,1.033632,2.1509254
2019-02-27 03:00:00,0.91126424,1.8379799
2019-02-27 03:30:00,1.0762463,1.9407774
2019-02-27 04:00:00,1.1347561,2.3127615
2019-02-27 04:30:00,0.94923383,1.1522509
2019-02-27 05:00:00,1.2658057,0.9106044
2019-02-27 05:30:00,1.5017984,0.77623844
2019-02-27 06:00:00,1.4066472,0.2929236
2019-02-27 06:30:00,1.4402212,-0.02778614
2019-02-27 07:00:00,1.3016956,-0.8062938
2019-02-27 07:30:00,1.0788242,-1.9380146
2019-02-27 08:00:00,0.5651424,-2.0999687
2019-02-27 08:30:00,-0.035716496,-3.2533832
2019-02-27 09:00:00,-1.1854304,-3.0599742
2019-02-27 09:30:00,2.1141267,-2.9852018
2019-02-27 10:00:00,5.413684,-3.6998208
2019-02-27 10:30:00,8.713237,-3.9333098
2019-02-27 11:00:00,12.0127945,-4.480867
2019-02-27 11:30:00,15.312351,-4.9051785
2019-02-27 12:00:00,18.611902,-4.8111634
2019-02-27 12:30:00,21.91146,-5.2453146
2019-02-27 13:00:00,18.904915,-4.5472503
2019-02-27 13:30:00,5.389272,-3.3700752
2019-02-27 14:00:00,-8.126368,-3.7692235
2019-02-27 14:30:00,-13.685205,-6.6466455
2019-02-27 15:00:00,-6.289784,-2.1683576
2019-02-27 15:30:00,-2.2001927,-1.2152293
2019-02-27 16:00:00,-0.2623674,2.1478188
2019-02-27 16:30:00,-1.2168634,1.3953743
2019-02-27 17:00:00,-0.6445232,2.7829204
2019-02-27 17:30:00,0.88112015,3.9365754
2019-02-27 18:00:00,0.93172145,3.7066123
2019-02-27 18:30:00,0.9129333,3.4239378
2019-02-27 19:00:00,1.2301345,4.3765593
2019-02-27 19:30:00,0.96869045,5.253652
2019-02-27 20:00:00,0.70724213,4.1978445
2019-02-27 20:30:00,7.622963,6.8790913
2019-02-27 21:00:00,1.4096751,5.9074545
2019-02-27 21:30:00,1.226639,7.074912
2019-02-27 22:00:00,1.0436072,8.747615
2019-02-27 22:30:00,0.8605711,9.185021
2019-02-27 23:00:00,0.46379983,6.8309107
2019-02-27 23:30:00,0.42301202,5.1532316
2019-02-28 00:00:00,0.7267556,4.6030397
2019-02-28 00:30:00,0.8708085,3.6421995
2019-02-28 01:00:00,1.0148658,3.9090047
2019-02-28 01:30:00,1.2681828,5.941841
2019-02-28 02:00:00,1.521504,3.950968
2019-02-28 02:30:00,1.774821,4.755167
2019-02-28 03:00:00,0.49040475,3.952554
2019-02-28 03:30:00,1.2351242,3.6337273
2019-02-28 04:00:00,0.7785192,2.7466853
2019-02-28 04:30:00,0.32190982,2.9221668
2019-02-28 05:00:00,1.6286316,2.529516
2019-02-28 05:30:00,0.20968327,2.622373
2019-02-28 06:00:00,4.772404,1.6542315
2019-02-28 06:30:00,1.8723142,1.6583388
2019-02-28 07:00:00,2.1592402,0.11315574
2019-02-28 07:30:00,1.3068732,-1.171029
2019-02-28 08:00:00,0.40526813,-2.055598
2019-02-28 08:30:00,-0.49633697,-2.6690972
2019-02-28 09:00:00,-2.1107392,-3.087606
2019-02-28 09:30:00,-3.2648702,-1.8562686
2019-02-28 10:00:00,-4.6026583,-2.7128212
2019-02-28 10:30:00,-5.266073,-2.3830059
2019-02-28 11:00:00,-5.378942,-2.2110987
2019-02-28 11:30:00,-7.1565084,-1.3866298
2019-02-28 12:00:00,-8.100313,-1.5828221
2019-02-28 12:30:00,-9.044449,-1.7950672
2019-02-28 13:00:00,-7.0393357,0.18376432
2019-02-28 13:30:00,-7.1233454,-1.604813
2019-02-28 14:00:00,-5.8376923,-1.706291
2019-02-28 14:30:00,-4.813204,-3.5048127
2019-02-28 15:00:00,-7.0802283,-2.2753935
2019-02-28 15:30:00,-6.868783,-0.34429696
2019-02-28 16:00:00,-6.4911757,-0.3760446
2019-02-28 16:30:00,-4.9486666,1.1455396
2019-02-28 17:00:00,-4.287904,1.1079983
2019-02-28 17:30:00,-1.9463819,2.79477
2019-02-28 18:00:00,-0.16230072,2.2972941
2019-02-28 18:30:00,0.6154641,3.5733607
2019-02-28 19:00:00,3.0485675,2.2849681
2019-02-28 19:30:00,1.7767174,3.0840816
2019-02-28 20:00:00,1.0698582,4.9941087
2019-02-28 20:30:00,5.167755,3.3005302
2019-02-28 21:00:00,0.8618251,5.3245144
2019-02-28 21:30:00,4.2588844,4.7074976
2019-02-28 22:00:00,3.8154309,3.469973
2019-02-28 22:30:00,1.586096,4.3899865
2019-02-28 23:00:00,2.3245544,3.452688
2019-02-28 23:30:00,1.7660955,3.418769
2019-03-01 00:00:00,1.5369104,3.5682921
2019-03-01 00:30:00,1.3077296,2.4352212
2019-03-01 01:00:00,0.4901863,2.9880784
2019-03-01 01:30:00,1.5139889,2.8069518
2019-03-01 02:00:00,2.5377915,2.1956236
2019-03-01 02:30:00,2.883494,1.3076466
2019-03-01 03:00:00,1.4735156,2.2756176
2019-03-01 03:30:00,1.9573328,0.6002632
2019-03-01 04:00:00,1.2929132,1.7473379
2019-03-01 04:30:00,1.8834997,0.9148514
2019-03-01 05:00:00,1.8361186,1.1966653
2019-03-01 05:30:00,1.6011091,0.7916622
2019-03-01 06:00:00,1.8603554,0.052474316
2019-03-01 06:30:00,1.7649114,0.54646343
2019-03-01 07:00:00,1.5262011,0.33093688
2019-03-01 07:30:00,1.1276821,0.11835526
2019-03-01 08:00:00,0.13707352,0.43841833
2019-03-01 08:30:00,-0.8951793,0.761671
2019-03-01 09:00:00,-2.2735627,0.57570744
2019-03-01 09:30:00,-2.502315,1.1856458
2019-03-01 10:00:00,-3.2000117,1.1327156
2019-03-01 10:30:00,-4.1036835,-0.05562759
2019-03-01 11:00:00,-5.5208015,0.32062086
2019-03-01 11:30:00,-5.5576744,0.1635998
2019-03-01 12:00:00,-6.635661,0.010563581
2019-03-01 12:30:00,-3.5337508,-0.7407012
2019-03-01 13:00:00,-3.99102,-1.229954
2019-03-01 13:30:00,-4.4093103,-1.239986
2019-03-01 14:00:00,-4.162862,-2.439012
2019-03-01 14:30:00,-3.9164093,-0.30721873
2019-03-01 15:00:00,-3.6699607,-0.35182098
2019-03-01 15:30:00,-8.2726965,-0.53227043
2019-03-01 16:00:00,-12.875431,-0.66475326
2019-03-01 16:30:00,-17.478165,-0.24271409
2019-03-01 17:00:00,-22.080898,0.49853176
2019-03-01 17:30:00,2.0962648,1.3716924
2019-03-01 18:00:00,1.9801759,1.69692
2019-03-01 18:30:00,1.7145197,2.3179786
2019-03-01 19:00:00,1.9039701,3.0204072
2019-03-01 19:30:00,1.3093463,3.5792155
2019-03-01 20:00:00,1.4919935,3.7726507
2019-03-01 20:30:00,1.6542666,4.5871964
2019-03-01 21:00:00,1.7603586,4.615715
2019-03-01 21:30:00,1.4859289,4.4529924
2019-03-01 22:00:00,1.3144759,3.4968884
2019-03-01 22:30:00,1.5527012,3.0103576
2019-03-01 23:00:00,1.575081,3.3865187
2019-03-01 23:30:00,1.683043,3.190034
2019-03-02 00:00:00,1.5865461,3.5675538
2019-03-02 00:30:00,1.6463013,3.3008273
2019-03-02 01:00:00,1.250098,2.9711952
2019-03-02 01:30:00,2.052519,2.0890205
2019-03-02 02:00:00,1.9419179,1.8122095
2019-03-02 02:30:00,1.633119,2.2231767
2019-03-02 03:00:00,1.491845,2.4735184
2019-03-02 03:30:00,1.1467849,2.5958164
2019-03-02 04:00:00,1.2182717,2.994344
2019-03-02 04:30:00,5.2807117,3.1244762
2019-03-02 05:00:00,5.552904,3.4294956
2019-03-02 05:30:00,5.8250966,3.0433507
2019-03-02 06:00:00,6.0972934,2.5024521
2019-03-02 06:30:00,6.3694863,2.5858412
2019-03-02 07:00:00,14.693215,2.179907
2019-03-02 07:30:00,7.333634,1.9183103
2019-03-02 08:00:00,-0.025946645,1.3532188
2019-03-02 08:30:00,-7.3855276,1.3409191
2019-03-02 09:00:00,9.450336,0.57106286
2019-03-02 09:30:00,2.6033535,0.39579976
2019-03-02 10:00:00,-4.243629,0.4024324
2019-03-02 10:30:00,-3.00787,0.037391346
2019-03-02 11:00:00,-4.5105915,-0.24559349
2019-03-02 11:30:00,-3.2233572,-0.8727427
2019-03-02 12:00:00,-2.687418,-1.1341474
2019-03-02 12:30:00,-2.7186894,-1.8647407
2019-03-02 13:00:00,-3.305326,-3.0418677
2019-03-02 13:30:00,-3.8908353,-3.7784383
2019-03-02 14:00:00,-2.2037973,-4.0266824
2019-03-02 14:30:00,-2.604064,-3.165625
2019-03-02 15:00:00,-3.0618837,-2.6498415
2019-03-02 15:30:00,-2.0564194,-3.038324
2019-03-02 16:00:00,-1.1417108,-3.6191103
2019-03-02 16:30:00,-2.4868739,-4.1369734
2019-03-02 17:00:00,-0.86063963,-4.753615
2019-03-02 17:30:00,0.0044945637,-1.9039993
2019-03-02 18:00:00,0.92840075,0.04247289
2019-03-02 18:30:00,1.5757276,0.9795789
2019-03-02 19:00:00,1.669887,1.2039403
2019-03-02 19:30:00,1.7321632,1.7774209
2019-03-02 20:00:00,2.1223543,1.9575776
2019-03-02 20:30:00,1.7292095,1.7032294
2019-03-02 21:00:00,1.6315591,1.5453869
2019-03-02 21:30:00,1.5297097,2.4928396
2019-03-02 22:00:00,1.756212,2.307335
2019-03-02 22:30:00,1.3193127,2.3250613
2019-03-02 23:00:00,1.6138327,2.5167444
2019-03-02 23:30:00,1.3138642,2.015882
2019-03-03 00:00:00,0.9448907,1.838076
2019-03-03 00:30:00,0.56048465,1.9487078
2019-03-03 01:00:00,0.81849873,2.3342805
2019-03-03 01:30:00,0.9013152,2.6896348
2019-03-03 02:00:00,0.9826593,2.3914883
2019-03-03 02:30:00,0.9128022,2.4056275
2019-03-03 03:00:00,1.0470678,2.2212675
2019-03-03 03:30:00,0.78280556,1.8767098
2019-03-03 04:00:00,0.5185477,2.3378153
2019-03-03 04:30:00,0.86960256,2.6978493
2019-03-03 05:00:00,0.7368663,3.2608128
2019-03-03 05:30:00,0.74908733,3.937008
2019-03-03 06:00:00,0.5771362,3.6008437
2019-03-03 06:30:00,0.67974585,4.0107927
2019-03-03 07:00:00,0.7823555,4.5552263
2019-03-03 07:30:00,0.12926988,3.5504565
2019-03-03 08:00:00,-0.52381575,2.0360684
2019-03-03 08:30:00,-0.6523662,0.0004179674
2019-03-03 09:00:00,-1.6297008,1.1838719
2019-03-03 09:30:00,-1.8833498,0.9638143
2019-03-03 10:00:00,-1.9609057,-1.5419949
2019-03-03 10:30:00,-2.8620517,-2.1891513
2019-03-03 11:00:00,-2.129086,-2.2064714
2019-03-03 11:30:00,-2.214664,-2.7619896
2019-03-03 12:00:00,-3.0668952,-2.6134536
2019-03-03 12:30:00,-5.744219,-3.1347337
2019-03-03 13:00:00,-3.9515824,-2.7528794
2019-03-03 13:30:00,-4.3608327,-3.1372943
2019-03-03 14:00:00,-3.2595484,-3.0724356
2019-03-03 14:30:00,-3.8979137,-3.0461934
2019-03-03 15:00:00,-3.769656,-3.4531233
2019-03-03 15:30:00,-2.499829,-2.993097
2019-03-03 16:00:00,-2.6900265,-3.1139708
2019-03-03 16:30:00,-1.1866013,-1.868293
2019-03-03 17:00:00,-1.2138529,-1.3693403
2019-03-03 17:30:00,-0.309517,-0.28171486
2019-03-03 18:00:00,0.27181968,0.8290113
2019-03-03 18:30:00,0.17936876,0.67363316
2019-03-03 19:00:00,0.08691784,1.2116128
2019-03-03 19:30:00,-0.10648237,1.3588772
2019-03-03 20:00:00,-0.2998826,2.1667643
2019-03-03 20:30:00,0.60811925,1.4279346
2019-03-03 21:00:00,1.9329126,1.9728878
2019-03-03 21:30:00,-0.18457562,1.463536
2019-03-03 22:00:00,-2.3020682,1.6983969
2019-03-03 22:30:00,2.002468,2.5650167
2019-03-03 23:00:00,3.0273807,1.7671267
2019-03-03 23:30:00,4.052293,2.1169713
2019-03-04 00:00:00,1.6202118,1.52226
2019-03-04 00:30:00,5.513458,1.8474613
2019-03-04 01:00:00,3.2793212,1.8069882
2019-03-04 01:30:00,4.381916,1.8608841
2019-03-04 02:00:00,-5.21053,2.2820888
2019-03-04 02:30:00,7.4797187,2.325555
2019-03-04 03:00:00,6.407071,1.7313505
2019-03-04 03:30:00,5.3344193,2.5571346
2019-03-04 04:00:00,4.261768,2.6669536
2019-03-04 04:30:00,3.1891205,2.2334273
2019-03-04 05:00:00,2.1164687,3.090225
2019-03-04 05:30:00,1.0438169,3.24261
2019-03-04 06:00:00,-0.02883478,3.2307255
2019-03-04 06:30:00,-1.1014822,3.1740246
2019-03-04 07:00:00,-2.174134,2.8527336
2019-03-04 07:30:00,-3.2467856,2.158056
2019-03-04 08:00:00,-4.3194327,1.4003465
2019-03-04 08:30:00,-5.392085,0.5771013
2019-03-04 09:00:00,-12.727476,0.6643221
2019-03-04 09:30:00,-4.6570873,0.26535743
2019-03-04 10:00:00,-9.373255,-0.9025067
2019-03-04 10:30:00,-8.353673,-1.1821927
2019-03-04 11:00:00,-9.117308,-1.611013
2019-03-04 11:30:00,-8.589015,-1.4800639
2019-03-04 12:00:00,-8.364784,-1.5915171
2019-03-04 12:30:00,-9.553477,-1.9939597
2019-03-04 13:00:00,-10.167623,-2.0159812
2019-03-04 13:30:00,-5.696755,-2.1099658
2019-03-04 14:00:00,-7.6667166,-1.7283517
2019-03-04 14:30:00,-7.682975,-2.6013768
2019-03-04 15:00:00,-6.5025663,-2.773398
2019-03-04 15:30:00,-7.3323,-2.3025312
2019-03-04 16:00:00,-6.357098,-2.0185373
2019-03-04 16:30:00,-3.4299004,-1.6651448
2019-03-04 17:00:00,-4.011818,0.292609
2019-03-04 17:30:00,-1.4003758,0.9423477
2019-03-04 18:00:00,1.2466506,1.2721981
2019-03-04 18:30:00,2.6859603,0.8269709
2019-03-04 19:00:00,2.4777129,1.4735811
2019-03-04 19:30:00,2.5634787,1.4325006
2019-03-04 20:00:00,2.3462307,1.4566936
2019-03-04 20:30:00,1.9250216,1.5709825
2019-03-04 21:00:00,1.3798718,1.8301544
2019-03-04 21:30:00,1.7761756,1.4693428
2019-03-04 22:00:00,2.3795907,1.4888214
2019-03-04 22:30:00,2.965738,1.9489132
2019-03-04 23:00:00,2.0093849,2.1060479
2019-03-04 23:30:00,2.4072006,2.303232
2019-03-05 00:00:00,2.8483906,2.03301
2019-03-05 00:30:00,2.950467,2.8940108
2019-03-05 01:00:00,2.717179,2.7800672
2019-03-05 01:30:00,2.8283002,2.834885
2019-03-05 02:00:00,3.7956116,1.6263158
2019-03-05 02:30:00,1.8031213,2.7959497
2019-03-05 03:00:00,1.9463396,3.4005094
2019-03-05 03:30:00,1.9651278,3.3594375
2019-03-05 04:00:00,2.8718715,3.3363893
2019-03-05 04:30:00,1.2778302,3.672444
2019-03-05 05:00:00,3.2134273,3.454414
2019-03-05 05:30:00,3.6101635,3.1512296
2019-03-05 06:00:00,2.6600676,2.4283395
2019-03-05 06:30:00,2.2719343,2.5644577
2019-03-05 07:00:00,2.560962,1.5640833
2019-03-05 07:30:00,2.282932,0.7527751
2019-03-05 08:00:00,1.0048468,-0.19313517
2019-03-05 08:30:00,0.62184334,-0.06066544
2019-03-05 09:00:00,-7.027604,-1.9999195
2019-03-05 09:30:00,-14.677049,-2.2914507
2019-03-05 10:00:00,-3.9032006,-2.736455
2019-03-05 10:30:00,-12.384602,-3.1438832
2019-03-05 11:00:00,-6.8084335,-3.4539404
2019-03-05 11:30:00,-19.965218,-3.5615094
2019-03-05 12:00:00,15.143262,-3.495576
2019-03-05 12:30:00,-3.8703825,-3.9553182
2019-03-05 13:00:00,26.95307,-4.5839796
2019-03-05 13:30:00,22.771757,-3.3162405
2019-03-05 14:00:00,18.590437,-3.8598218
2019-03-05 14:30:00,14.409121,-3.2270799
2019-03-05 15:00:00,10.227799,-3.46198
2019-03-05 15:30:00,6.0464826,-2.8340793
2019-03-05 16:00:00,1.865166,-2.576961
2019-03-05 16:30:00,-2.316155,-2.0133116
2019-03-05 17:00:00,0.2139827,-1.4776826
2019-03-05 17:30:00,2.766579,-0.83760446
2019-03-05 18:00:00,2.3878837,0.05695726
2019-03-05 18:30:00,2.0091927,0.8294701
2019-03-05 19:00:00,1.6305017,1.118441
2019-03-05 19:30:00,2.521092,1.285813
2019-03-05 20:00:00,2.6851082,1.6837246
2019-03-05 20:30:00,1.5470648,1.7375811
2019-03-05 21:00:00,2.2997365,1.7517029
2019-03-05 21:30:00,3.0524082,2.4223053
2019-03-05 22:00:00,2.099861,2.135899
2019-03-05 22:30:00,1.9402182,2.9668522
2019-03-05 23:00:00,1.7805755,2.900045
2019-03-05 23:30:00,1.6209284,3.1527896
2019-03-06 00:00:00,-0.7516245,3.290013
2019-03-06 00:30:00,0.7898096,3.314617
2019-03-06 01:00:00,2.3312483,3.4864893
2019-03-06 01:30:00,3.8726823,3.8051717
2019-03-06 02:00:00,2.3979464,3.8054163
2019-03-06 02:30:00,0.92321,3.681576
2019-03-06 03:00:00,-0.5515261,4.146033
2019-03-06 03:30:00,-2.0262623,3.3640165
2019-03-06 04:00:00,-3.5009983,3.9619875
2019-03-06 04:30:00,-4.975739,3.2220566
2019-03-06 05:00:00,-6.450475,3.3750448
2019-03-06 05:30:00,-7.9252114,3.3611941
2019-03-06 06:00:00,-9.399947,2.6451812
2019-03-06 06:30:00,-10.874683,2.2465878
2019-03-06 07:00:00,-8.7245035,1.229632
2019-03-06 07:30:00,-6.574324,1.3292836
2019-03-06 08:00:00,4.4005556,-0.030053828
2019-03-06 08:30:00,-11.277895,-0.38194758
2019-03-06 09:00:00,-2.0745828,-2.2209952
2019-03-06 09:30:00,-2.1435049,-3.7274656
2019-03-06 10:00:00,-8.307262,-3.610529
2019-03-06 10:30:00,-8.499561,-4.906463
2019-03-06 11:00:00,-7.716636,-4.807991
2019-03-06 11:30:00,-6.385385,-6.7543497
2019-03-06 12:00:00,-11.204454,-2.5638006
2019-03-06 12:30:00,-10.111839,-3.1105626
2019-03-06 13:00:00,-9.922149,0.05662519
2019-03-06 13:30:00,-13.409046,-1.3174369
2019-03-06 14:00:00,-6.870863,1.2331188
2019-03-06 14:30:00,-7.561542,0.602675
2019-03-06 15:00:00,-8.378307,0.6540192
2019-03-06 15:30:00,-2.828657,1.3989658
2019-03-06 16:00:00,-6.0273438,1.2280633
2019-03-06 16:30:00,-2.64289,0.08428313
2019-03-06 17:00:00,-2.0379546,0.37063235
2019-03-06 17:30:00,0.3263884,-0.04571355
2019-03-06 18:00:00,0.51715386,0.6681627
2019-03-06 18:30:00,2.034194,1.0703126
2019-03-06 19:00:00,1.5254933,0.5994417
2019-03-06 19:30:00,2.0985107,1.2430633
2019-03-06 20:00:00,2.6715283,1.241403
2019-03-06 20:30:00,2.252517,1.3249055
2019-03-06 21:00:00,2.2627368,1.3281432
2019-03-06 21:30:00,2.5760844,1.9529985
2019-03-06 22:00:00,2.5450532,2.0809896
2019-03-06 22:30:00,1.2640362,2.927611
2019-03-06 23:00:00,4.0750923,2.5206025
2019-03-06 23:30:00,3.0063992,2.5136683
2019-03-07 00:00:00,2.7795427,2.9872658
2019-03-07 00:30:00,5.12262,1.8421395
2019-03-07 01:00:00,2.706684,3.204623
2019-03-07 01:30:00,2.8489847,2.5088751
2019-03-07 02:00:00,3.237227,3.0657609
2019-03-07 02:30:00,2.947614,2.2625053
2019-03-07 03:00:00,2.9387267,1.5487338
2019-03-07 03:30:00,2.6376615,1.1636811
2019-03-07 04:00:00,1.7951342,0.48868325
2019-03-07 04:30:00,0.2875187,-0.30956942
2019-03-07 05:00:00,1.9178646,-0.59801596
2019-03-07 05:30:00,2.6330125,-1.7265646
2019-03-07 06:00:00,1.7576102,-2.0837498
2019-03-07 06:30:00,2.225676,-2.646687
2019-03-07 07:00:00,1.0473737,-3.482778
2019-03-07 07:30:00,1.4940734,-3.9256022
2019-03-07 08:00:00,-0.8027459,-2.372738
2019-03-07 08:30:00,-4.440608,-5.623411
2019-03-07 09:00:00,-7.3497167,-3.1609979
2019-03-07 09:30:00,-8.247944,-4.7563543
2019-03-07 10:00:00,-10.257155,-3.144578
2019-03-07 10:30:00,-9.760308,-4.198603
2019-03-07 11:00:00,-10.620724,-2.6953483
2019-03-07 11:30:00,-9.331645,-1.9303552
2019-03-07 12:00:00,-9.622451,-1.4310836
2019-03-07 12:30:00,-11.539321,-1.938504
2019-03-07 13:00:00,-8.511979,-1.6747268
2019-03-07 13:30:00,-11.911986,-1.3761697
2019-03-07 14:00:00,-10.250885,-2.8143256
2019-03-07 14:30:00,-9.349543,-0.7573571
2019-03-07 15:00:00,-9.400921,-1.5427464
2019-03-07 15:30:00,-8.610722,0.34382206
2019-03-07 16:00:00,-6.712273,-0.34946153
2019-03-07 16:30:00,-4.058832,0.28791195
2019-03-07 17:00:00,-4.585277,1.2807664
2019-03-07 17:30:00,-2.795782,0.46631658
2019-03-07 18:00:00,0.67080617,2.1295373
2019-03-07 18:30:00,1.9052285,1.5983696
2019-03-07 19:00:00,2.449736,2.466156
2019-03-07 19:30:00,2.7264028,2.4970298
2019-03-07 20:00:00,2.3724031,3.0971153
2019-03-07 20:30:00,2.3859,2.8292265
2019-03-07 21:00:00,1.9450725,3.0051231
2019-03-07 21:30:00,4.466965,2.5861294
2019-03-07 22:00:00,1.3949112,3.4147272
2019-03-07 22:30:00,0.28171626,2.166441
2019-03-07 23:00:00,0.37369525,2.8930802
2019-03-07 23:30:00,6.1446967,3.265086
2019-03-08 00:00:00,3.3314693,4.02744
2019-03-08 00:30:00,2.3179655,3.1773322
2019-03-08 01:00:00,3.0737832,4.5476456
2019-03-08 01:30:00,1.5771171,3.3588302
2019-03-08 02:00:00,2.4176302,3.7983336
2019-03-08 02:30:00,3.9765766,2.7584956
2019-03-08 03:00:00,3.4487338,2.072701
2019-03-08 03:30:00,3.120264,2.284081
2019-03-08 04:00:00,2.4934776,1.7700105
2019-03-08 04:30:00,2.501871,1.5362943
2019-03-08 05:00:00,1.4887296,1.3698398
2019-03-08 05:30:00,2.6697543,1.218844
2019-03-08 06:00:00,2.357438,1.7355975
2019-03-08 06:30:00,2.0175862,0.8219592
2019-03-08 07:00:00,1.567522,1.4068394
2019-03-08 07:30:00,-0.1256201,0.65412843
2019-03-08 08:00:00,-3.2147102,0.25424618
2019-03-08 08:30:00,-4.354331,-1.6957958
2019-03-08 09:00:00,-6.7403984,-3.2389252
2019-03-08 09:30:00,-7.6979795,-2.6030197
2019-03-08 10:00:00,-7.6944356,-4.3599935
2019-03-08 10:30:00,-8.85648,-4.2288523
2019-03-08 11:00:00,-8.56827,-5.097242
2019-03-08 11:30:00,-8.069177,-2.7858593
2019-03-08 12:00:00,-10.061976,-4.0306764
2019-03-08 12:30:00,-9.477232,-3.0822842
2019-03-08 13:00:00,-8.2547035,-2.6358597
2019-03-08 13:30:00,-6.523627,-3.9506822
2019-03-08 14:00:00,-10.986507,-3.9001377
2019-03-08 14:30:00,-9.309908,-4.118714
2019-03-08 15:00:00,-9.327495,-4.0827675
2019-03-08 15:30:00,-4.1632814,-3.9067967
2019-03-08 16:00:00,-2.0990644,-3.5149932
2019-03-08 16:30:00,-1.8833586,-2.1061513
2019-03-08 17:00:00,-1.4735404,-1.6491967
2019-03-08 17:30:00,-0.5311781,-1.1648158
2019-03-08 18:00:00,0.41118422,0.33423135
2019-03-08 18:30:00,1.4061666,0.5973575
2019-03-08 19:00:00,2.190577,2.0926077
2019-03-08 19:30:00,1.2463622,2.1445374
2019-03-08 20:00:00,0.36146548,2.7563024
2019-03-08 20:30:00,5.492349,2.772329
2019-03-08 21:00:00,5.929799,3.0908978
2019-03-08 21:30:00,2.8900478,2.9070358
2019-03-08 22:00:00,1.2832307,2.6036549
2019-03-08 22:30:00,1.5039743,2.7439282
2019-03-08 23:00:00,6.700783,2.6108031
2019-03-08 23:30:00,11.897588,3.495311
2019-03-09 00:00:00,3.5151129,3.206742
2019-03-09 00:30:00,2.8908825,3.5750997
2019-03-09 01:00:00,5.919016,3.3472166
2019-03-09 01:30:00,2.939902,3.2211566
2019-03-09 02:00:00,1.3648676,3.2977424
2019-03-09 02:30:00,0.15691034,3.1435833
2019-03-09 03:00:00,1.3449346,3.299831
2019-03-09 03:30:00,2.0338051,3.2094076
2019-03-09 04:00:00,0.47661948,2.6427517
2019-03-09 04:30:00,0.32405952,2.6025975
2019-03-09 05:00:00,0.930616,2.262986
2019-03-09 05:30:00,1.5371726,2.2504547
2019-03-09 06:00:00,2.2908492,1.8709729
2019-03-09 06:30:00,3.0445259,1.9553972
2019-03-09 07:00:00,-3.4297867,1.4633918
2019-03-09 07:30:00,-1.9072894,1.3478969
2019-03-09 08:00:00,-0.38478765,-0.7879032
2019-03-09 08:30:00,-3.441894,-1.5998625
2019-03-09 09:00:00,-7.1997256,-2.936204
2019-03-09 09:30:00,-7.71017,-4.3069234
2019-03-09 10:00:00,-11.618411,-4.897965
2019-03-09 10:30:00,-9.322776,-5.696777
2019-03-09 11:00:00,-7.217749,-5.94229
2019-03-09 11:30:00,-9.751167,-6.745869
2019-03-09 12:00:00,-8.552181,-6.952045
2019-03-09 12:30:00,-7.5211477,-7.0491276
2019-03-09 13:00:00,-7.1542144,-7.1430554
2019-03-09 13:30:00,-8.296593,-6.2444124
2019-03-09 14:00:00,-6.828327,-6.719456
2019-03-09 14:30:00,-8.25643,-6.2617154
2019-03-09 15:00:00,-4.7079554,-5.5655
2019-03-09 15:30:00,-3.6239996,-4.1684895
2019-03-09 16:00:00,-5.347697,-3.2411098
2019-03-09 16:30:00,-2.6214497,-1.9279739
2019-03-09 17:00:00,-0.5963687,-1.1114749
2019-03-09 17:30:00,-0.9860092,-0.21920267
2019-03-09 18:00:00,0.03849679,0.7603777
2019-03-09 18:30:00,1.0629984,1.4087313
2019-03-09 19:00:00,2.0874999,1.9238287
2019-03-09 19:30:00,1.5952542,2.4294317
2019-03-09 20:00:00,1.9336073,2.3484678
2019-03-09 20:30:00,1.9946208,3.2600176
2019-03-09 21:00:00,2.4682403,3.451185
2019-03-09 21:30:00,2.2232206,3.4271536
2019-03-09 22:00:00,1.710133,2.9631774
2019-03-09 22:30:00,2.0218506,3.1114993
2019-03-09 23:00:00,1.7316345,4.165616
2019-03-09 23:30:00,1.5532736,4.8684773
2019-03-10 00:00:00,2.3452914,4.580686
2019-03-10 00:30:00,4.5896215,3.857394
2019-03-10 01:00:00,3.0448537,4.4807115
2019-03-10 01:30:00,1.1670586,4.2540693
2019-03-10 02:00:00,1.0433233,3.9953387
2019-03-10 02:30:00,0.9195878,3.5268228
2019-03-10 03:00:00,0.7958524,3.6610096
2019-03-10 03:30:00,0.672117,3.647657
2019-03-10 04:00:00,4.700017,3.134731
2019-03-10 04:30:00,8.727918,3.3893502
2019-03-10 05:00:00,7.559197,3.071157
2019-03-10 05:30:00,6.390476,2.94144
2019-03-10 06:00:00,5.221756,2.5441227
2019-03-10 06:30:00,4.0530357,2.0332022
2019-03-10 07:00:00,2.8843153,0.9456291
2019-03-10 07:30:00,1.7155946,-0.1273722
2019-03-10 08:00:00,0.54687417,-1.2396626
2019-03-10 08:30:00,-0.6218463,-2.3540196
2019-03-10 09:00:00,-1.7905668,-3.9765356
2019-03-10 09:30:00,-6.420506,-4.6525345
2019-03-10 10:00:00,-8.784215,-5.6340723
2019-03-10 10:30:00,-3.8281834,-6.1174526
2019-03-10 11:00:00,-11.034881,-6.355123
2019-03-10 11:30:00,-7.3667088,-6.4544296
2019-03-10 12:00:00,-8.132593,-7.0347743
2019-03-10 12:30:00,-8.8031435,-6.409036
2019-03-10 13:00:00,-9.522127,-6.6929693
2019-03-10 13:30:00,-9.08064,-6.4348025
2019-03-10 14:00:00,-9.432442,-6.147068
2019-03-10 14:30:00,-6.9897003,-5.604164
2019-03-10 15:00:00,-7.5752926,-4.234545
2019-03-10 15:30:00,-8.517498,-3.6722853
2019-03-10 16:00:00,-7.556054,-2.7772167
2019-03-10 16:30:00,-5.461942,-1.8550845
2019-03-10 17:00:00,-2.842735,-0.6594008
2019-03-10 17:30:00,-1.4426186,0.20222917
2019-03-10 18:00:00,0.30126902,0.979474
2019-03-10 18:30:00,0.03762292,1.5593557
2019-03-10 19:00:00,-0.22601883,2.1464381
2019-03-10 19:30:00,-0.48966497,2.7201679
2019-03-10 20:00:00,-1.0447463,2.6763608
2019-03-10 20:30:00,-0.17470092,3.0218709
2019-03-10 21:00:00,-1.6288924,3.3533728
2019-03-10 21:30:00,-3.0830882,3.369072
2019-03-10 22:00:00,-1.218432,3.4545145
2019-03-10 22:30:00,0.6462199,3.5664265
2019-03-10 23:00:00,1.0777886,4.011737
2019-03-10 23:30:00,0.42279357,3.9004846
2019-03-11 00:00:00,2.8650377,3.8915622
2019-03-11 00:30:00,5.307277,3.9637308
2019-03-11 01:00:00,5.066684,4.010382
2019-03-11 01:30:00,2.3361988,3.7245486
2019-03-11 02:00:00,1.1561484,3.4831512
2019-03-11 02:30:00,3.7088494,3.5764148
2019-03-11 03:00:00,2.093875,3.265038
2019-03-11 03:30:00,0.47890466,2.921599
2019-03-11 04:00:00,1.431369,3.393501
2019-03-11 04:30:00,2.3838289,4.3864164
2019-03-11 05:00:00,3.3362932,4.21797
2019-03-11 05:30:00,4.6495295,3.8209014
2019-03-11 06:00:00,4.6933713,2.971571
2019-03-11 06:30:00,1.804135,2.4555342
2019-03-11 07:00:00,1.4779898,1.7418369
2019-03-11 07:30:00,0.30108115,0.48967946
2019-03-11 08:00:00,-0.8801094,-0.123951
2019-03-11 08:30:00,-3.504913,-1.3550788
2019-03-11 09:00:00,-5.146825,-2.5415125
2019-03-11 09:30:00,-6.5227833,-3.3501205
2019-03-11 10:00:00,-6.625607,-4.4785337
2019-03-11 10:30:00,-6.208785,-4.6890883
2019-03-11 11:00:00,-7.060387,-5.433266
2019-03-11 11:30:00,-7.7130537,-5.7232943
2019-03-11 12:00:00,-6.5357823,-5.812857
2019-03-11 12:30:00,-6.5821757,-5.710955
2019-03-11 13:00:00,-6.9896955,-5.8348393
2019-03-11 13:30:00,-5.454488,-6.2007146
2019-03-11 14:00:00,-5.6332684,-5.805049
2019-03-11 14:30:00,-4.884822,-4.5578637
2019-03-11 15:00:00,-5.593822,-4.5003104
2019-03-11 15:30:00,-4.524473,-3.6756716
2019-03-11 16:00:00,-3.9353502,-3.3050115
2019-03-11 16:30:00,-2.9506578,-2.2724354
2019-03-11 17:00:00,-1.9986699,-1.4161098
2019-03-11 17:30:00,-0.60375726,-0.5597667
2019-03-11 18:00:00,0.791151,0.19647911
2019-03-11 18:30:00,0.42901987,0.9416268
2019-03-11 19:00:00,1.3079175,1.2560577
2019-03-11 19:30:00,2.3107648,1.3403249
2019-03-11 20:00:00,1.9717255,1.6017339
2019-03-11 20:30:00,1.8718204,1.690235
2019-03-11 21:00:00,1.7719198,1.6547822
2019-03-11 21:30:00,1.6720148,1.4889088
2019-03-11 22:00:00,-0.24525268,1.5814734
2019-03-11 22:30:00,-2.1625247,2.424075
2019-03-11 23:00:00,-1.8807107,2.9213498
2019-03-11 23:30:00,-1.5989013,2.346187
2019-03-12 00:00:00,-2.163713,2.7691786
2019-03-12 00:30:00,-0.06439249,3.399583
2019-03-12 01:00:00,-6.3637524,3.5616376
2019-03-12 01:30:00,1.3971832,3.0883198
2019-03-12 02:00:00,0.6750445,3.1015196
2019-03-12 02:30:00,3.5862238,3.5342374
2019-03-12 03:00:00,2.2382991,3.8271146
2019-03-12 03:30:00,2.9210353,3.630848
2019-03-12 04:00:00,2.1497805,3.6389618
2019-03-12 04:30:00,2.6517396,3.934845
2019-03-12 05:00:00,3.124345,4.136586
2019-03-12 05:30:00,2.6541471,3.9029531
2019-03-12 06:00:00,2.8290825,3.7823462
2019-03-12 06:30:00,2.3947434,3.0229895
2019-03-12 07:00:00,2.1734536,2.2251298
2019-03-12 07:30:00,0.04133249,1.6030666
2019-03-12 08:00:00,-2.0907843,0.3654241
2019-03-12 08:30:00,-3.5181437,-0.7361746
2019-03-12 09:00:00,-5.1381125,-1.9666644
2019-03-12 09:30:00,-5.549272,-2.9318652
2019-03-12 10:00:00,-4.2205896,-3.835074
2019-03-12 10:30:00,-8.970219,-3.6526845
2019-03-12 11:00:00,-6.6315365,-4.4711847
2019-03-12 11:30:00,-6.851166,-4.893993
2019-03-12 12:00:00,-6.651832,-4.8389482
2019-03-12 12:30:00,-6.585173,-4.988755
2019-03-12 13:00:00,-8.269083,-5.0140495
2019-03-12 13:30:00,-7.6818695,-5.1093884
2019-03-12 14:00:00,-9.115363,-4.6538453
2019-03-12 14:30:00,-8.284122,-4.3318377
2019-03-12 15:00:00,-6.5275025,-4.009389
2019-03-12 15:30:00,-6.028327,-3.4931815
2019-03-12 16:00:00,-5.3349166,-2.6186314
2019-03-12 16:30:00,-4.3746657,-1.6319859
2019-03-12 17:00:00,-2.879927,-1.2916316
2019-03-12 17:30:00,-2.099108,-0.34331822
2019-03-12 18:00:00,0.4679682,0.15705891
2019-03-12 18:30:00,2.8868015,0.60045105
2019-03-12 19:00:00,3.1309733,0.9494217
2019-03-12 19:30:00,4.224873,1.3713167
2019-03-12 20:00:00,3.3611155,1.457585
2019-03-12 20:30:00,9.677726,1.8314172
2019-03-12 21:00:00,2.53995,1.756483
2019-03-12 21:30:00,0.70839566,1.8814899
2019-03-12 22:00:00,5.498523,1.8985871
2019-03-12 22:30:00,1.9113368,1.8472866
2019-03-12 23:00:00,1.238043,1.8668569
2019-03-12 23:30:00,1.4063369,2.288101
2019-03-13 00:00:00,-1.4924597,2.270807
2019-03-13 00:30:00,-0.5851701,2.400664
2019-03-13 01:00:00,0.32212391,1.5328819
2019-03-13 01:30:00,0.36756945,2.485001
2019-03-13 02:00:00,0.4130106,2.617318
2019-03-13 02:30:00,0.45845613,3.199572
2019-03-13 03:00:00,5.063446,3.3207033
2019-03-13 03:30:00,-0.41703779,3.7709117
2019-03-13 04:00:00,4.799446,4.1942573
2019-03-13 04:30:00,2.2031083,4.0450444
2019-03-13 05:00:00,2.458964,3.7485974
2019-03-13 05:30:00,4.097817,3.7912552
2019-03-13 06:00:00,3.357288,3.350192
2019-03-13 06:30:00,3.64535,2.7922008
2019-03-13 07:00:00,2.837419,2.141186
2019-03-13 07:30:00,-0.28103322,1.3302972
2019-03-13 08:00:00,-3.054696,-0.10406175
2019-03-13 08:30:00,-5.7197943,-1.1265972
2019-03-13 09:00:00,-9.155553,-2.4618418
2019-03-13 09:30:00,-9.215661,-3.1829188
2019-03-13 10:00:00,-11.861766,-3.293201
2019-03-13 10:30:00,-12.099537,-4.609903
2019-03-13 11:00:00,-12.607289,-4.46917
2019-03-13 11:30:00,-15.671845,-4.8008738
2019-03-13 12:00:00,-11.385498,-4.7529855
2019-03-13 12:30:00,-10.082491,-4.6665554
2019-03-13 13:00:00,-9.846717,-4.959446
2019-03-13 13:30:00,-12.821303,-4.719477
2019-03-13 14:00:00,-9.941505,-4.601059
2019-03-13 14:30:00,-8.850507,-4.6288834
2019-03-13 15:00:00,-5.0598707,-4.0317073
2019-03-13 15:30:00,-3.052861,-3.4118986
2019-03-13 16:00:00,-1.0891432,-2.3566806
2019-03-13 16:30:00,-0.614886,-1.9850463
2019-03-13 17:00:00,0.12422766,-1.1309097
2019-03-13 17:30:00,1.0435941,-0.3674195
2019-03-13 18:00:00,1.6577752,0.3711523
2019-03-13 18:30:00,0.550007,0.9799721
2019-03-13 19:00:00,1.3493651,1.5203637
2019-03-13 19:30:00,5.7325497,1.658815
2019-03-13 20:00:00,5.400903,1.9702705
2019-03-13 20:30:00,2.3638785,2.6785803
2019-03-13 21:00:00,2.3386455,2.0925903
2019-03-13 21:30:00,4.6795907,1.930492
2019-03-13 22:00:00,3.0254931,2.0547342
2019-03-13 22:30:00,0.553734,2.437502
2019-03-13 23:00:00,-4.9278207,1.9674305
2019-03-13 23:30:00,3.6976597,2.1314862
2019-03-14 00:00:00,6.11897,1.7551154
2019-03-14 00:30:00,1.5432241,2.2141454
2019-03-14 01:00:00,1.854649,1.6874561
2019-03-14 01:30:00,2.1660695,2.1899917
2019-03-14 02:00:00,7.9417286,2.4989219
2019-03-14 02:30:00,3.129846,2.315431
2019-03-14 03:00:00,1.639035,3.2649724
2019-03-14 03:30:00,0.2901141,2.8145106
2019-03-14 04:00:00,-0.63893044,3.778025
2019-03-14 04:30:00,-1.567975,3.5202687
2019-03-14 05:00:00,-2.9684715,3.7758708
2019-03-14 05:30:00,1.5081863,3.6587813
2019-03-14 06:00:00,5.9848485,3.246311
2019-03-14 06:30:00,2.196952,2.9488766
2019-03-14 07:00:00,1.8330818,2.4523883
2019-03-14 07:30:00,-0.78635645,1.0848101
2019-03-14 08:00:00,-3.4057903,0.028761894
2019-03-14 08:30:00,-4.6209483,-1.3415295
2019-03-14 09:00:00,-6.926489,-2.778095
2019-03-14 09:30:00,-7.9070525,-3.8179328
2019-03-14 10:00:00,-8.069256,-4.824988
2019-03-14 10:30:00,-7.170189,-5.722228
2019-03-14 11:00:00,-7.6250944,-6.547527
2019-03-14 11:30:00,-8.616254,-7.1002097
2019-03-14 12:00:00,-7.656204,-7.132049
2019-03-14 12:30:00,-8.078191,-6.761354
2019-03-14 13:00:00,-8.906815,-6.8427854
2019-03-14 13:30:00,-7.282328,-6.637068
2019-03-14 14:00:00,-5.390582,-6.5293508
2019-03-14 14:30:00,-4.369331,-5.8639565
2019-03-14 15:00:00,-4.9036493,-4.5019755
2019-03-14 15:30:00,-5.3175354,-4.1630673
2019-03-14 16:00:00,-4.0546637,-2.5675101
2019-03-14 16:30:00,-2.6357636,-1.7291076
2019-03-14 17:00:00,-2.4901857,-0.54230684
2019-03-14 17:30:00,-1.2686313,0.1968942
2019-03-14 18:00:00,-0.29197407,0.98583144
2019-03-14 18:30:00,0.5232841,1.7055757
2019-03-14 19:00:00,1.1566727,1.8733891
2019-03-14 19:30:00,1.7900614,2.7131724
2019-03-14 20:00:00,2.4234502,3.2070742
2019-03-14 20:30:00,3.0568388,2.7070553
2019-03-14 21:00:00,3.6902275,2.7118704
2019-03-14 21:30:00,2.3917594,2.6664903
2019-03-14 22:00:00,3.2064888,2.5725365
2019-03-14 22:30:00,4.0212183,2.138075
2019-03-14 23:00:00,1.5743731,1.3665017
2019-03-14 23:30:00,1.1877126,1.9892116
2019-03-15 00:00:00,1.7926699,3.1025727
2019-03-15 00:30:00,2.7337258,2.423568
2019-03-15 01:00:00,6.5395103,2.9534209
2019-03-15 01:30:00,2.927917,3.508537
2019-03-15 02:00:00,2.7998908,4.2773533
2019-03-15 02:30:00,1.6514702,4.07095
2019-03-15 03:00:00,2.849924,3.9045656
2019-03-15 03:30:00,3.7273843,3.6363752
2019-03-15 04:00:00,2.1425667,3.84315
2019-03-15 04:30:00,0.04737966,3.4796731
2019-03-15 05:00:00,1.3559191,2.5684206
2019-03-15 05:30:00,0.60835516,3.070978
2019-03-15 06:00:00,2.837406,3.2315557
2019-03-15 06:30:00,1.9663949,2.8860893
2019-03-15 07:00:00,1.0034399,1.5436959
2019-03-15 07:30:00,-1.0434704,0.28065887
2019-03-15 08:00:00,-2.4105678,-0.9117828
2019-03-15 08:30:00,-5.745482,-2.5824008
2019-03-15 09:00:00,-5.9553804,-3.7807236
2019-03-15 09:30:00,-7.50679,-4.881283
2019-03-15 10:00:00,-8.670416,-5.637039
2019-03-15 10:30:00,-8.987232,-6.2103143
2019-03-15 11:00:00,-8.301556,-6.1686873
2019-03-15 11:30:00,-4.3588095,-6.8719335
2019-03-15 12:00:00,-7.9209557,-6.9174576
2019-03-15 12:30:00,-7.8080516,-7.076305
2019-03-15 13:00:00,-7.6605296,-6.4654574
2019-03-15 13:30:00,-8.447605,-6.4819474
2019-03-15 14:00:00,-6.1573405,-5.1673174
2019-03-15 14:30:00,-7.0801587,-3.920324
2019-03-15 15:00:00,-6.4827294,-3.4230928
2019-03-15 15:30:00,-5.3274884,-2.697887
2019-03-15 16:00:00,-2.6045446,-1.975805
2019-03-15 16:30:00,-3.9104013,-1.1383463
2019-03-15 17:00:00,-2.2993329,-0.25647753
2019-03-15 17:30:00,-1.408494,0.6388532
2019-03-15 18:00:00,-0.32443392,1.6169524
2019-03-15 18:30:00,0.7596218,2.3571672
2019-03-15 19:00:00,1.8436819,2.5936885
2019-03-15 19:30:00,2.3230557,3.0202456
2019-03-15 20:00:00,2.8024294,3.355444
2019-03-15 20:30:00,0.38243395,3.2268412
2019-03-15 21:00:00,1.5138097,3.097089
2019-03-15 21:30:00,2.64519,3.0589886
2019-03-15 22:00:00,0.10915779,2.8853028
2019-03-15 22:30:00,-2.4268696,3.0898447
2019-03-15 23:00:00,6.973609,3.1935163
2019-03-15 23:30:00,-2.416025,2.5438473
2019-03-16 00:00:00,3.5000167,3.3745117
2019-03-16 00:30:00,-1.0852894,3.490767
2019-03-16 01:00:00,-5.6705956,4.0296774
2019-03-16 01:30:00,-1.8656802,3.6378434
2019-03-16 02:00:00,-6.00984,3.9688735
2019-03-16 02:30:00,1.5299544,3.7148616
2019-03-16 03:00:00,-1.6892111,3.260957
2019-03-16 03:30:00,1.4779155,3.5184686
2019-03-16 04:00:00,-3.469596,3.2127414
2019-03-16 04:30:00,6.7318316,3.249933
2019-03-16 05:00:00,-0.74873203,2.762664
2019-03-16 05:30:00,0.49630338,2.4685986
2019-03-16 06:00:00,0.465919,2.387285
2019-03-16 06:30:00,0.35987502,1.7526991
2019-03-16 07:00:00,0.41360047,0.74443835
2019-03-16 07:30:00,0.4673259,-0.579053
2019-03-16 08:00:00,-3.5697236,-1.5455166
2019-03-16 08:30:00,-5.6045094,-2.631298
2019-03-16 09:00:00,-8.929343,-3.834711
2019-03-16 09:30:00,-13.333854,-5.0010858
2019-03-16 10:00:00,-11.935546,-5.561537
2019-03-16 10:30:00,-5.96962,-5.818847
2019-03-16 11:00:00,-9.987501,-5.88652
2019-03-16 11:30:00,-11.300537,-5.408933
2019-03-16 12:00:00,-8.855383,-5.48728
2019-03-16 12:30:00,-11.74884,-5.7764034
2019-03-16 13:00:00,-9.445196,-5.386003
2019-03-16 13:30:00,-6.4538703,-5.132013
2019-03-16 14:00:00,-5.025882,-4.478451
2019-03-16 14:30:00,-5.886537,-4.0987244
2019-03-16 15:00:00,-6.1415277,-3.5205991
2019-03-16 15:30:00,-6.1298966,-2.7338421
2019-03-16 16:00:00,-5.380511,-2.1593394
2019-03-16 16:30:00,-4.3540688,-1.6936111
2019-03-16 17:00:00,-4.064399,-0.7677649
2019-03-16 17:30:00,-2.0279357,-0.05238554
2019-03-16 18:00:00,-0.9138626,0.652455
2019-03-16 18:30:00,0.20020616,1.3354532
2019-03-16 19:00:00,1.4774611,2.2250993
2019-03-16 19:30:00,1.0687485,2.6396933
2019-03-16 20:00:00,0.6600357,2.4421246
2019-03-16 20:30:00,0.7673381,2.1627882
2019-03-16 21:00:00,-0.4438393,2.742504
2019-03-16 21:30:00,-1.6550167,2.8300436
2019-03-16 22:00:00,1.3778445,2.737431
2019-03-16 22:30:00,-2.6217904,1.955323
2019-03-16 23:00:00,-1.7125173,3.4372163
2019-03-16 23:30:00,-1.0396603,3.3038247
2019-03-17 00:00:00,-0.36680782,3.4929123
2019-03-17 00:30:00,-2.7699723,2.9633043
2019-03-17 01:00:00,8.528064,2.7369242
2019-03-17 01:30:00,-0.5661809,2.7545195
2019-03-17 02:00:00,-1.2406458,1.8526871
2019-03-17 02:30:00,-1.9151149,2.3440285
2019-03-17 03:00:00,-5.722783,2.3262105
2019-03-17 03:30:00,-9.530451,2.3770478
2019-03-17 04:00:00,-13.338119,1.9227102
2019-03-17 04:30:00,-17.145784,2.7336428
2019-03-17 05:00:00,-7.855284,2.5992725
2019-03-17 05:30:00,1.4352139,2.6753953
2019-03-17 06:00:00,0.18476054,1.871602
2019-03-17 06:30:00,-1.0656929,1.6512386
2019-03-17 07:00:00,-2.3161504,0.6441794
2019-03-17 07:30:00,-3.566604,0.087730534
2019-03-17 08:00:00,-3.048413,-1.2767845
2019-03-17 08:30:00,-9.100053,-1.9082594
2019-03-17 09:00:00,-12.124359,-3.8083858
2019-03-17 09:30:00,-11.078574,-4.4703283
2019-03-17 10:00:00,-10.577472,-5.6220345
2019-03-17 10:30:00,-5.9949365,-5.1579757
2019-03-17 11:00:00,-8.399704,-5.6777353
2019-03-17 11:30:00,-9.49325,-6.2584424
2019-03-17 12:00:00,-10.767835,-5.8318377
2019-03-17 12:30:00,-11.771067,-6.3455453
2019-03-17 13:00:00,-11.234879,-5.79569
2019-03-17 13:30:00,-9.713954,-5.379877
2019-03-17 14:00:00,-9.561905,-4.563334
2019-03-17 14:30:00,-9.313932,-3.953531
2019-03-17 15:00:00,-6.8403864,-3.7421422
2019-03-17 15:30:00,-8.584623,-3.343527
2019-03-17 16:00:00,-6.077115,-2.1496174
2019-03-17 16:30:00,-4.518111,-1.5847096
2019-03-17 17:00:00,-3.1257198,-1.4587327
2019-03-17 17:30:00,-0.88359183,0.043019056
2019-03-17 18:00:00,1.3585364,0.5869585
2019-03-17 18:30:00,2.8892045,1.277935
2019-03-17 19:00:00,0.98471725,1.9981338
2019-03-17 19:30:00,-5.492523,1.893191
2019-03-17 20:00:00,-2.628327,2.5811703
2019-03-17 20:30:00,-0.9543664,2.06339
2019-03-17 21:00:00,0.71959865,2.0674186
2019-03-17 21:30:00,2.3935595,1.8842993
2019-03-17 22:00:00,3.4040267,2.3783062
2019-03-17 22:30:00,4.4144983,1.8308579
2019-03-17 23:00:00,10.43821,1.917266
2019-03-17 23:30:00,6.8756437,2.1709719
2019-03-18 00:00:00,3.974086,1.6613142
2019-03-18 00:30:00,3.8533087,2.4838214
2019-03-18 01:00:00,5.7875857,2.4526985
2019-03-18 01:30:00,1.6132952,2.7953556
2019-03-18 02:00:00,2.3354733,2.1423352
2019-03-18 02:30:00,4.301778,2.3520114
2019-03-18 03:00:00,3.6771586,1.5914966
2019-03-18 03:30:00,4.2635813,1.0435941
2019-03-18 04:00:00,4.0810127,-0.12138183
2019-03-18 04:30:00,2.3917594,-1.7313972
2019-03-18 05:00:00,2.2297745,0.15816872
2019-03-18 05:30:00,2.0677898,0.29550588
2019-03-18 06:00:00,0.4035903,1.5284731
2019-03-18 06:30:00,19.99764,0.37939724
2019-03-18 07:00:00,15.269519,-0.12638035
2019-03-18 07:30:00,10.541396,-0.88604736
2019-03-18 08:00:00,5.8132734,-2.0855718
2019-03-18 08:30:00,1.085151,-4.0229907
2019-03-18 09:00:00,-3.6429713,-4.9035096
2019-03-18 09:30:00,1.8045894,-5.2938313
2019-03-18 10:00:00,-1.6104014,-5.593219
2019-03-18 10:30:00,-8.190409,-5.0827007
2019-03-18 11:00:00,-14.770415,-5.1554503
2019-03-18 11:30:00,-10.455921,-6.0076466
2019-03-18 12:00:00,-14.356993,-6.2970634
2019-03-18 12:30:00,-14.367456,-6.54425
2019-03-18 13:00:00,-15.038518,-6.3513827
2019-03-18 13:30:00,-14.015509,-5.8929954
2019-03-18 14:00:00,-11.702171,-5.820757
2019-03-18 14:30:00,-8.127852,-4.515053
2019-03-18 15:00:00,-6.0693984,-4.6307883
2019-03-18 15:30:00,-3.6542356,-3.0429556
2019-03-18 16:00:00,-4.9669914,-3.1911638
2019-03-18 16:30:00,-8.209761,-1.87985
2019-03-18 17:00:00,-5.6845818,-1.2831551
2019-03-18 17:30:00,-4.5428376,-0.31853095
2019-03-18 18:00:00,0.54992396,1.231655
2019-03-18 18:30:00,1.4751322,2.144345
2019-03-18 19:00:00,2.654833,2.574057
2019-03-18 19:30:00,1.4306173,1.4274627
2019-03-18 20:00:00,1.8277862,1.2105074
2019-03-18 20:30:00,2.9969876,1.2383533
2019-03-18 21:00:00,2.0168958,2.381924
2019-03-18 21:30:00,1.8703873,1.7187362
2019-03-18 22:00:00,2.3882637,2.392467
2019-03-18 22:30:00,2.0622234,3.2523713
2019-03-18 23:00:00,2.4313543,3.43972
2019-03-18 23:30:00,2.3485072,3.8725033
2019-03-19 00:00:00,2.534484,3.782508
2019-03-19 00:30:00,1.9054644,2.52235
2019-03-19 01:00:00,1.2764407,3.3436818
2019-03-19 01:30:00,1.4577991,3.0150242
2019-03-19 02:00:00,0.86177266,2.5010498
2019-03-19 02:30:00,0.26575068,2.4360032
2019-03-19 03:00:00,-0.33027574,2.1025436
2019-03-19 03:30:00,-0.92630213,1.6850573
2019-03-19 04:00:00,-1.5223242,2.2120392
2019-03-19 04:30:00,-2.1183505,1.9326636
2019-03-19 05:00:00,8.484773,1.7291833
2019-03-19 05:30:00,8.99013,1.9138011
2019-03-19 06:00:00,9.495489,1.7335134
2019-03-19 06:30:00,10.000847,2.7668366
2019-03-19 07:00:00,10.506206,2.8104472
2019-03-19 07:30:00,6.519359,1.4495105
2019-03-19 08:00:00,2.5325134,0.31043154
2019-03-19 08:30:00,-1.4543328,-0.99434155
2019-03-19 09:00:00,-2.8948917,-2.615149
2019-03-19 09:30:00,-6.840723,-2.470314
2019-03-19 10:00:00,-10.4270525,-2.7597394
2019-03-19 10:30:00,-14.231002,-4.361348
2019-03-19 11:00:00,-10.045828,-6.1243258
2019-03-19 11:30:00,-15.455547,-6.124614
2019-03-19 12:00:00,-14.874191,-6.993353
2019-03-19 12:30:00,-14.815703,-8.234395
2019-03-19 13:00:00,-13.4217,-8.053802
2019-03-19 13:30:00,-11.883394,-8.141769
2019-03-19 14:00:00,-12.58179,-7.4998426
2019-03-19 14:30:00,-11.481987,-6.872864
2019-03-19 15:00:00,-10.952803,-6.2975965
2019-03-19 15:30:00,-10.033851,-4.447529
2019-03-19 16:00:00,-8.925197,-4.1869326
2019-03-19 16:30:00,-7.4396334,-3.673548
2019-03-19 17:00:00,-4.182795,-3.2999299
2019-03-19 17:30:00,0.1895406,-2.4857814
2019-03-19 18:00:00,4.5030036,-1.4397348
2019-03-19 18:30:00,3.977267,-0.10227469
2019-03-19 19:00:00,3.9825976,0.63282347
2019-03-19 19:30:00,4.3152795,0.606839
2019-03-19 20:00:00,3.9794648,0.91347945
2019-03-19 20:30:00,4.1612773,1.1364033
2019-03-19 21:00:00,4.4654713,1.7662354
2019-03-19 21:30:00,4.485382,1.9054862
2019-03-19 22:00:00,4.0884447,2.2364771
2019-03-19 22:30:00,2.783803,2.5201175
2019-03-19 23:00:00,3.714486,2.5550373
2019-03-19 23:30:00,3.7572925,2.7255726
2019-03-20 00:00:00,3.779541,2.7935946
2019-03-20 00:30:00,4.052175,3.1245418
2019-03-20 01:00:00,3.2245822,2.8394072
2019-03-20 01:30:00,3.5008907,2.5933433
2019-03-20 02:00:00,3.5401492,2.3877525
2019-03-20 02:30:00,3.106033,1.9780217
2019-03-20 03:00:00,3.7964067,1.60578
2019-03-20 03:30:00,3.0426822,1.7235731
2019-03-20 04:00:00,4.0630064,1.6384277
2019-03-20 04:30:00,3.888128,2.2512324
2019-03-20 05:00:00,4.232,4.051454
2019-03-20 05:30:00,4.3334427,4.8180766
2019-03-20 06:00:00,3.6186488,4.9648476
2019-03-20 06:30:00,4.55551,4.5937414
2019-03-20 07:00:00,2.7537374,3.8750856
2019-03-20 07:30:00,0.9519646,3.115139
2019-03-20 08:00:00,-0.84980804,1.6352599
2019-03-20 08:30:00,-0.12914616,-0.08385792
2019-03-20 09:00:00,0.5915201,0.07174748
2019-03-20 09:30:00,1.3121864,-1.5476139
2019-03-20 10:00:00,2.0328481,-2.9922845
2019-03-20 10:30:00,2.7535145,-5.9531655
2019-03-20 11:00:00,-2.8712537,-7.0496564
2019-03-20 11:30:00,-0.7652176,-7.940819
2019-03-20 12:00:00,-5.9372215,-8.872174
2019-03-20 12:30:00,-8.034279,-9.549182
2019-03-20 13:00:00,-5.123628,-9.264051
2019-03-20 13:30:00,-3.252505,-8.887454
2019-03-20 14:00:00,-0.9986672,-8.206924
2019-03-20 14:30:00,-2.1302264,-7.893363
2019-03-20 15:00:00,-2.6081407,-6.867533
2019-03-20 15:30:00,-2.988505,-6.458628
2019-03-20 16:00:00,-7.63922,-6.100679
2019-03-20 16:30:00,-3.875805,-5.0208745
2019-03-20 17:00:00,-2.3783832,-3.6742733
2019-03-20 17:30:00,-0.6372133,-1.6383433
2019-03-20 18:00:00,1.3413386,-0.06718887
2019-03-20 18:30:00,2.0297723,1.1637117
2019-03-20 19:00:00,2.7182105,0.93100053
2019-03-20 19:30:00,4.227661,2.0205355
2019-03-20 20:00:00,5.737111,2.2621295
2019-03-20 20:30:00,7.2465615,2.793529
2019-03-20 21:00:00,8.756012,2.5857842
2019-03-20 21:30:00,10.265464,3.3954496
2019-03-20 22:00:00,11.774914,3.7863486
2019-03-20 22:30:00,13.284365,3.869742
2019-03-20 23:00:00,14.793815,3.8575602
2019-03-20 23:30:00,16.303267,3.3273184
2019-03-21 00:00:00,17.812716,2.9123054
2019-03-21 00:30:00,19.322166,3.0032225
2019-03-21 01:00:00,20.831615,2.9769278
2019-03-21 01:30:00,11.403227,3.4601989
2019-03-21 02:00:00,6.430897,3.5952685
2019-03-21 02:30:00,-7.924604,3.4865854
2019-03-21 03:00:00,-10.749768,4.1040435
2019-03-21 03:30:00,-13.574932,4.1068006
2019-03-21 04:00:00,6.5100656,4.6477466
2019-03-21 04:30:00,4.6570797,4.7146587
2019-03-21 05:00:00,2.804094,5.502294
2019-03-21 05:30:00,0.95110387,5.476882
2019-03-21 06:00:00,-4.304778,5.6672716
2019-03-21 06:30:00,6.28639,5.281568
2019-03-21 07:00:00,16.87756,4.520647
2019-03-21 07:30:00,11.648824,3.116323
2019-03-21 08:00:00,6.420083,1.6117442
2019-03-21 08:30:00,1.1913478,0.33687043
2019-03-21 09:00:00,2.7468295,-0.32856733
2019-03-21 09:30:00,0.96536976,-1.6737612
2019-03-21 10:00:00,-0.81608546,-3.0534947
2019-03-21 10:30:00,-2.7554529,-4.4381394
2019-03-21 11:00:00,-7.7898884,-5.203465
2019-03-21 11:30:00,-14.141621,-5.888145
2019-03-21 12:00:00,-12.004293,-6.800604
2019-03-21 12:30:00,-15.617834,-7.2693553
2019-03-21 13:00:00,-11.044022,-7.1057105
2019-03-21 13:30:00,-5.2799635,-5.9943943
2019-03-21 14:00:00,-3.4630854,-5.200874
2019-03-21 14:30:00,-1.6462038,-4.903658
2019-03-21 15:00:00,-2.1256998,-4.357372
2019-03-21 15:30:00,-1.4659728,-3.660261
2019-03-21 16:00:00,9.1168585,-3.6944902
2019-03-21 16:30:00,19.69969,-2.7862656
2019-03-21 17:00:00,30.282526,-1.0482855
2019-03-21 17:30:00,5.844715,0.29545343
2019-03-21 18:00:00,2.4154017,1.5794547
2019-03-21 18:30:00,19.16344,1.9873853
2019-03-21 19:00:00,18.891113,2.4130118
2019-03-21 19:30:00,18.618784,3.1937914
2019-03-21 20:00:00,18.346457,3.26866
2019-03-21 20:30:00,18.07413,3.832065
2019-03-21 21:00:00,17.801805,4.3051033
2019-03-21 21:30:00,17.529478,4.597495
2019-03-21 22:00:00,17.25715,5.0600467
2019-03-21 22:30:00,16.984821,5.2206464
2019-03-21 23:00:00,16.712494,5.3325186
2019-03-21 23:30:00,0.55227464,5.1912665
2019-03-22 00:00:00,4.4347196,5.495539
2019-03-22 00:30:00,1.7910838,5.9521613
2019-03-22 01:00:00,1.7864785,6.338451
2019-03-22 01:30:00,1.7818732,5.4720407
2019-03-22 02:00:00,6.5119224,4.4480944
2019-03-22 02:30:00,3.5379472,2.2488554
2019-03-22 03:00:00,3.017541,0.75153416
2019-03-22 03:30:00,1.1769989,-0.5891025
2019-03-22 04:00:00,3.640395,1.3273262
2019-03-22 04:30:00,4.053123,2.8237343
2019-03-22 05:00:00,3.6073978,2.62676
2019-03-22 05:30:00,3.507305,2.3973782
2019-03-22 06:00:00,3.8217227,1.610726
2019-03-22 06:30:00,3.1266913,2.576945
2019-03-22 07:00:00,2.8390226,2.8696082
2019-03-22 07:30:00,1.9784019,2.493635
2019-03-22 08:00:00,0.3811319,1.8967563
2019-03-22 08:30:00,-0.9327294,0.7095579
2019-03-22 09:00:00,-2.805849,0.20645869
2019-03-22 09:30:00,-4.9678526,-0.77793235
2019-03-22 10:00:00,-5.190466,-3.119511
2019-03-22 10:30:00,-7.587767,-3.2832477
2019-03-22 11:00:00,-10.701898,-4.968875
2019-03-22 11:30:00,-8.11613,-5.9621572
2019-03-22 12:00:00,-11.746686,-6.0368953
2019-03-22 12:30:00,-13.172265,-7.000947
2019-03-22 13:00:00,-16.551117,-7.091357
2019-03-22 13:30:00,-18.484877,-6.657311
2019-03-22 14:00:00,-18.750153,-5.885187
2019-03-22 14:30:00,-18.80062,-4.7907763
2019-03-22 15:00:00,-16.183035,-4.368715
2019-03-22 15:30:00,-10.870519,-3.3635476
2019-03-22 16:00:00,-5.753084,-2.1068156
2019-03-22 16:30:00,-4.3040442,-0.52763456
2019-03-22 17:00:00,-2.1971648,1.3263736
2019-03-22 17:30:00,-1.0425485,2.6983123
2019-03-22 18:00:00,1.1139842,1.9701002
2019-03-22 18:30:00,1.2765675,3.3794055
2019-03-22 19:00:00,2.727303,4.8651958
2019-03-22 19:30:00,1.3758957,5.5018353
2019-03-22 20:00:00,1.9914443,5.0976534
2019-03-22 20:30:00,3.0414848,5.2853823
2019-03-22 21:00:00,2.199307,5.564793
2019-03-22 21:30:00,4.7856255,6.438373
2019-03-22 22:00:00,-0.88144207,6.327357
2019-03-22 22:30:00,3.7693868,8.099304
2019-03-22 23:00:00,7.040818,6.9599895
2019-03-22 23:30:00,2.5013947,4.2544885
2019-03-23 00:00:00,1.5189611,4.9393916
2019-03-23 00:30:00,0.5365276,4.018789
2019-03-23 01:00:00,0.9228998,3.0246322
2019-03-23 01:30:00,4.859105,2.2894247
2019-03-23 02:00:00,1.6503428,3.0595303
2019-03-23 02:30:00,0.81031054,3.4263191
2019-03-23 03:00:00,1.1773047,3.2027748
2019-03-23 03:30:00,-0.3467438,2.8767476
2019-03-23 04:00:00,-1.870788,3.1918776
2019-03-23 04:30:00,1.6193424,3.2869327
2019-03-23 05:00:00,3.6379132,3.2263954
2019-03-23 05:30:00,1.9035113,3.4667137
2019-03-23 06:00:00,0.16910955,3.1593218
2019-03-23 06:30:00,-1.5652922,3.6785917
2019-03-23 07:00:00,2.3392792,2.1544034
2019-03-23 07:30:00,-1.2390771,0.75065154
2019-03-23 08:00:00,-4.817429,1.1226399
2019-03-23 08:30:00,-6.1974335,-0.15026754
2019-03-23 09:00:00,-10.5430765,-0.61293286
2019-03-23 09:30:00,-10.55999,-1.8152623
2019-03-23 10:00:00,-8.447815,-2.3368218
2019-03-23 10:30:00,-7.546241,-4.403521
2019-03-23 11:00:00,-12.660744,-6.1822543
2019-03-23 11:30:00,-14.670036,-7.2769055
2019-03-23 12:00:00,-11.09197,-7.4703145
2019-03-23 12:30:00,-11.790043,-7.247841
2019-03-23 13:00:00,-13.0160675,-7.7061324
2019-03-23 13:30:00,-16.095789,-8.286211
2019-03-23 14:00:00,-13.394586,-7.7099905
2019-03-23 14:30:00,-9.662173,-8.10733
2019-03-23 15:00:00,-9.937197,-7.34436
2019-03-23 15:30:00,-8.569785,-5.0196247
2019-03-23 16:00:00,-6.5957866,-2.7045326
2019-03-23 16:30:00,-5.357008,-1.6769857
2019-03-23 17:00:00,-4.3921432,-0.9356569
2019-03-23 17:30:00,-1.2225741,1.1366392
2019-03-23 18:00:00,0.3031129,1.4626578
2019-03-23 18:30:00,-0.3035266,2.7636778
2019-03-23 19:00:00,-0.53440267,2.8885274
2019-03-23 19:30:00,-0.76527876,4.0285807
2019-03-23 20:00:00,-0.9961548,5.0117874
2019-03-23 20:30:00,-1.2270353,4.9597354
2019-03-23 21:00:00,3.208398,4.66449
2019-03-23 21:30:00,8.398478,5.228393
2019-03-23 22:00:00,13.588563,5.5781894
2019-03-23 22:30:00,-13.970537,4.7030973
2019-03-23 23:00:00,8.390289,5.8130636
2019-03-23 23:30:00,6.900409,5.7431498
2019-03-24 00:00:00,-34.717358,5.066452
2019-03-24 00:30:00,-9.928209,4.6087418
2019-03-24 01:00:00,14.860937,3.538834
2019-03-24 01:30:00,9.294543,3.573649
2019-03-24 02:00:00,3.728149,2.5746775
2019-03-24 02:30:00,-1.8382494,2.9863875
2019-03-24 03:00:00,0.4704194,3.6683893
2019-03-24 03:30:00,-1.0896543,4.606723
2019-03-24 04:00:00,-2.649728,3.6047063
2019-03-24 04:30:00,-4.2098017,3.9082706
2019-03-24 05:00:00,-4.6394877,4.534485
2019-03-24 05:30:00,-5.0691776,3.9146018
2019-03-24 06:00:00,-5.4988627,3.8443997
2019-03-24 06:30:00,-5.9285526,3.0733156
2019-03-24 07:00:00,-6.358238,2.9597912
2019-03-24 07:30:00,-6.787928,2.0667586
2019-03-24 08:00:00,-7.2176137,0.42901552
2019-03-24 08:30:00,-8.460115,-0.31862706
2019-03-24 09:00:00,-9.702616,-1.8312105
2019-03-24 09:30:00,-11.347039,-3.3720765
2019-03-24 10:00:00,-10.926084,-4.30577
2019-03-24 10:30:00,-11.965411,-5.1271453
2019-03-24 11:00:00,-12.243178,-6.9139314
2019-03-24 11:30:00,-13.1418085,-8.542888
2019-03-24 12:00:00,-14.0370035,-8.271604
2019-03-24 12:30:00,-14.982643,-8.531353
2019-03-24 13:00:00,-12.120033,-8.849952
2019-03-24 13:30:00,-12.486385,-9.475095
2019-03-24 14:00:00,-11.944547,-8.300992
2019-03-24 14:30:00,-11.9389715,-6.9294424
2019-03-24 15:00:00,-10.886061,-6.046735
2019-03-24 15:30:00,-8.102925,-4.985535
2019-03-24 16:00:00,-6.491783,-2.871044
2019-03-24 16:30:00,-6.56843,-1.4130163
2019-03-24 17:00:00,-3.4250197,-2.031204
2019-03-24 17:30:00,-0.88938993,-0.33675548
2019-03-24 18:00:00,0.8520815,1.6355745
2019-03-24 18:30:00,-2.0513337,2.688547
2019-03-24 19:00:00,-6.0709496,2.896462
2019-03-24 19:30:00,-2.6022508,3.5029705
2019-03-24 20:00:00,0.86644787,4.2001343
2019-03-24 20:30:00,1.9189439,4.5413666
2019-03-24 21:00:00,0.44877803,4.6453
2019-03-24 21:30:00,1.254983,5.6137295
2019-03-24 22:00:00,0.43508014,6.2846074
2019-03-24 22:30:00,2.728701,3.6682277
2019-03-24 23:00:00,3.591358,3.6716795
2019-03-24 23:30:00,3.2516503,4.2483716
2019-03-25 00:00:00,3.071371,0.89844894
2019-03-25 00:30:00,1.4089892,0.25639153
2019-03-25 01:00:00,1.370268,3.3498511
2019-03-25 01:30:00,1.7995603,5.498239
2019-03-25 02:00:00,2.0915284,4.3924813
2019-03-25 02:30:00,1.2381915,2.129511
2019-03-25 03:00:00,0.38485894,3.563075
2019-03-25 03:30:00,0.078174785,4.083394
2019-03-25 04:00:00,-0.22850937,3.285613
2019-03-25 04:30:00,4.0365896,2.9848537
2019-03-25 05:00:00,2.543725,2.217169
2019-03-25 05:30:00,1.7219652,2.7054474
2019-03-25 06:00:00,1.2698649,1.4243168
2019-03-25 06:30:00,0.81776905,0.58256733
2019-03-25 07:00:00,0.36567315,-0.98408234
2019-03-25 07:30:00,-2.0747619,-1.4899822
2019-03-25 08:00:00,-5.4704447,-3.4082634
2019-03-25 08:30:00,-9.591425,-4.7742863
2019-03-25 09:00:00,-11.402622,-5.987775
2019-03-25 09:30:00,-11.692961,-6.648367
2019-03-25 10:00:00,-12.16557,-7.2819347
2019-03-25 10:30:00,-14.715575,-8.546134
2019-03-25 11:00:00,-12.836055,-9.295813
2019-03-25 11:30:00,-13.61303,-9.97549
2019-03-25 12:00:00,-14.1115465,-10.5123205
2019-03-25 12:30:00,-13.034436,-10.6928835
2019-03-25 13:00:00,-13.438113,-10.583427
2019-03-25 13:30:00,-11.663179,-10.745918
2019-03-25 14:00:00,-12.597856,-9.583612
2019-03-25 14:30:00,-12.465923,-8.296798
2019-03-25 15:00:00,-11.998116,-7.0150466
2019-03-25 15:30:00,-10.582881,-6.332826
2019-03-25 16:00:00,-8.711566,-5.266536
2019-03-25 16:30:00,-7.281546,-2.6735847
2019-03-25 17:00:00,-4.263746,-2.162494
2019-03-25 17:30:00,-3.5262005,-1.6509532
2019-03-25 18:00:00,-0.8649609,0.5229039
2019-03-25 18:30:00,2.6468065,0.2911715
2019-03-25 19:00:00,6.1585693,0.8868964
2019-03-25 19:30:00,-6.04469,1.580416
2019-03-25 20:00:00,-1.662947,2.2993696
2019-03-25 20:30:00,-6.4171896,3.668481
2019-03-25 21:00:00,-3.5403836,3.6826727
2019-03-25 21:30:00,-0.6635779,3.2186182
2019-03-25 22:00:00,2.2132323,3.8728004
2019-03-25 22:30:00,1.704195,3.4225266
2019-03-25 23:00:00,3.1136882,2.4849093
2019-03-25 23:30:00,2.5024652,4.194148
2019-03-26 00:00:00,2.4528732,3.7572312
2019-03-26 00:30:00,1.9745656,3.8280714
2019-03-26 01:00:00,2.420623,4.523815
2019-03-26 01:30:00,-4.054026,5.3576384
2019-03-26 02:00:00,19.59888,4.3979692
2019-03-26 02:30:00,14.47383,3.6798458
2019-03-26 03:00:00,9.34878,3.4724593
2019-03-26 03:30:00,4.223724,3.284818
2019-03-26 04:00:00,-0.90132695,3.327926
2019-03-26 04:30:00,-6.026378,3.0858161
2019-03-26 05:00:00,-3.0130563,1.6880503
2019-03-26 05:30:00,0.0002694098,2.271729
2019-03-26 06:00:00,3.0135953,1.4635623
2019-03-26 06:30:00,6.026921,1.1414281
2019-03-26 07:00:00,9.040247,-0.96009463
2019-03-26 07:30:00,21.225351,-2.048629
2019-03-26 08:00:00,-9.104536,-2.8906448
2019-03-26 08:30:00,-8.967496,-5.913942
2019-03-26 09:00:00,-11.861001,-6.241188
2019-03-26 09:30:00,-10.638306,-5.861999
2019-03-26 10:00:00,-8.961269,-7.91836
2019-03-26 10:30:00,-9.7867775,-9.802556
2019-03-26 11:00:00,-17.5452,-9.216216
2019-03-26 11:30:00,-15.055154,-10.11935
2019-03-26 12:00:00,-16.071985,-10.724797
2019-03-26 12:30:00,-13.104179,-9.811054
2019-03-26 13:00:00,-14.088948,-9.946154
2019-03-26 13:30:00,-12.761693,-9.436969
2019-03-26 14:00:00,-11.886208,-8.620509
2019-03-26 14:30:00,-13.65263,-7.903732
2019-03-26 15:00:00,-10.388096,-7.415558
2019-03-26 15:30:00,-7.0685406,-7.494595
2019-03-26 16:00:00,-8.274182,-6.046359
2019-03-26 16:30:00,-6.175792,-4.283517
2019-03-26 17:00:00,-2.263404,-2.4269965
2019-03-26 17:30:00,-3.3073273,-1.5333699
2019-03-26 18:00:00,0.4892862,-0.898618
2019-03-26 18:30:00,3.3419952,0.5262246
2019-03-26 19:00:00,3.6720815,1.5496776
2019-03-26 19:30:00,4.266714,0.6943613
2019-03-26 20:00:00,2.9013689,1.7334652
2019-03-26 20:30:00,2.8610616,1.8246709
2019-03-26 21:00:00,2.8207588,2.1299
2019-03-26 21:30:00,2.780456,3.0218709
2019-03-26 22:00:00,3.2985246,1.6165416
2019-03-26 22:30:00,4.625131,2.8684764
2019-03-26 23:00:00,2.533182,3.502918
2019-03-26 23:30:00,2.548658,0.88633275
2019-03-27 00:00:00,3.050739,3.342017
2019-03-27 00:30:00,1.9785417,4.3124785
2019-03-27 01:00:00,1.1132109,4.1534915
2019-03-27 01:30:00,0.24788006,3.1241398
2019-03-27 02:00:00,-2.8704584,4.8822317
2019-03-27 02:30:00,-0.79639286,5.55986
2019-03-27 03:00:00,-2.4002428,5.204803
2019-03-27 03:30:00,-4.0040975,4.1726856
2019-03-27 04:00:00,-3.3927171,3.4016411
2019-03-27 04:30:00,-2.781337,2.7635467
2019-03-27 05:00:00,-2.1699612,1.7852333
2019-03-27 05:30:00,-1.558581,1.3403031
2019-03-27 06:00:00,-5.2047143,1.647031
2019-03-27 06:30:00,-1.5488155,1.4374074
2019-03-27 07:00:00,6.7131786,1.6384408
2019-03-27 07:30:00,4.5753555,2.0422685
2019-03-27 08:00:00,2.437537,-1.4745847
2019-03-27 08:30:00,-2.8925498,-3.9757755
2019-03-27 09:00:00,-0.611089,-5.6466866
2019-03-27 09:30:00,-2.8008156,-5.791845
2019-03-27 10:00:00,-9.684566,-7.010424
2019-03-27 10:30:00,-10.540472,-7.9795923
2019-03-27 11:00:00,-10.045723,-9.472242
2019-03-27 11:30:00,-4.284723,-9.049321
2019-03-27 12:00:00,-0.90425,-10.337874
2019-03-27 12:30:00,-5.4557986,-9.117089
2019-03-27 13:00:00,-1.3353688,-10.486913
2019-03-27 13:30:00,-3.3789668,-10.318553
2019-03-27 14:00:00,-0.1818011,-9.676644
2019-03-27 14:30:00,0.5748904,-9.182708
2019-03-27 15:00:00,0.27673957,-8.102074
2019-03-27 15:30:00,-1.3169214,-6.4506454
2019-03-27 16:00:00,-0.6420764,-5.422478
2019-03-27 16:30:00,-1.7064046,-4.718367
2019-03-27 17:00:00,0.045098864,-3.829385
2019-03-27 17:30:00,0.40348545,-2.7977614
2019-03-27 18:00:00,0.7618764,-1.2155308
2019-03-27 18:30:00,1.1257291,-1.5232854
2019-03-27 19:00:00,2.4349241,0.16178653
2019-03-27 19:30:00,-1.6787161,1.3107052
2019-03-27 20:00:00,-14.415237,0.8362382
2019-03-27 20:30:00,-9.888269,2.204664
2019-03-27 21:00:00,1.867521,2.2130966
2019-03-27 21:30:00,-2.7550247,2.076865
2019-03-27 22:00:00,-2.3224905,2.8452446
2019-03-27 22:30:00,-1.8899606,3.2132525
2019-03-27 23:00:00,-3.1959176,3.5872114
2019-03-27 23:30:00,12.019331,3.365891
2019-03-28 00:00:00,27.234577,3.6578856
2019-03-28 00:30:00,20.064486,3.3888214
2019-03-28 01:00:00,12.894392,4.2355914
2019-03-28 01:30:00,5.7243004,3.8576343
2019-03-28 02:00:00,-1.4457908,4.181433
2019-03-28 02:30:00,7.868721,3.7176056
2019-03-28 03:00:00,16.386667,2.9598
2019-03-28 03:30:00,24.904608,3.5874429
2019-03-28 04:00:00,18.376492,2.7715468
2019-03-28 04:30:00,11.848375,3.3511534
2019-03-28 05:00:00,5.320254,2.7062383
2019-03-28 05:30:00,5.400921,3.3119516
2019-03-28 06:00:00,10.283478,1.6967366
2019-03-28 06:30:00,19.216433,1.8528445
2019-03-28 07:00:00,27.724215,1.6547209
2019-03-28 07:30:00,12.826418,0.6428599
2019-03-28 08:00:00,-2.0713801,-1.0679606
2019-03-28 08:30:00,-4.6341524,-3.0961306
2019-03-28 09:00:00,-7.0774627,-2.9241097
2019-03-28 09:30:00,-6.730052,-3.8635225
2019-03-28 10:00:00,-9.780691,-5.4040437
2019-03-28 10:30:00,-7.1754932,-7.0577087
2019-03-28 11:00:00,-4.302873,-7.3611817
2019-03-28 11:30:00,-8.7055235,-8.111765
2019-03-28 12:00:00,-12.150234,-6.631755
2019-03-28 12:30:00,-18.365963,-6.7858353
2019-03-28 13:00:00,-18.285414,-6.6349096
2019-03-28 13:30:00,-15.228823,-6.3917904
2019-03-28 14:00:00,-17.43263,-5.313223
2019-03-28 14:30:00,-14.770961,-4.906625
2019-03-28 15:00:00,-15.318173,-3.776376
2019-03-28 15:30:00,-13.554914,-2.9084368
2019-03-28 16:00:00,-14.093726,-1.9974552
2019-03-28 16:30:00,-10.193061,-2.0308895
2019-03-28 17:00:00,-6.4027705,-0.44323197
2019-03-28 17:30:00,-1.440836,1.7901706
2019-03-28 18:00:00,0.61149675,1.8735901
2019-03-28 18:30:00,2.6638339,3.1351504
2019-03-28 19:00:00,3.6225986,2.549095
2019-03-28 19:30:00,3.1975403,2.4010136
2019-03-28 20:00:00,3.905719,0.42179298
2019-03-28 20:30:00,3.5326777,0.17751616
2019-03-28 21:00:00,3.4034586,1.7946666
2019-03-28 21:30:00,1.3820302,2.1468618
2019-03-28 22:00:00,2.8118672,1.6541137
2019-03-28 22:30:00,3.2576232,2.465706
2019-03-28 23:00:00,2.9883492,2.569548
2019-03-28 23:30:00,4.0330286,3.5878189
2019-03-29 00:00:00,3.71231,4.7980127
2019-03-29 00:30:00,2.8718538,4.6377935
2019-03-29 01:00:00,1.4904512,5.370598
2019-03-29 01:30:00,2.7309775,5.5016823
2019-03-29 02:00:00,1.5118741,4.126183
2019-03-29 02:30:00,3.9792726,3.9978423
2019-03-29 03:00:00,3.2599869,3.609932
2019-03-29 03:30:00,2.0020707,4.257508
2019-03-29 04:00:00,3.161432,3.8375835
2019-03-29 04:30:00,2.3281853,3.3549023
2019-03-29 05:00:00,3.2758565,3.248133
2019-03-29 05:30:00,3.1871326,3.1387682
2019-03-29 06:00:00,3.6272783,3.4062288
2019-03-29 06:30:00,2.8180673,4.4744806
2019-03-29 07:00:00,0.55754846,6.190605
2019-03-29 07:30:00,-2.352569,3.7297525
2019-03-29 08:00:00,-7.216836,-0.31582195
2019-03-29 08:30:00,-10.822312,-2.3186061
2019-03-29 09:00:00,-12.538359,-3.8218129
2019-03-29 09:30:00,-15.492709,-4.91511
2019-03-29 10:00:00,-16.205416,-5.651056
2019-03-29 10:30:00,-13.893813,-5.1434608
2019-03-29 11:00:00,-17.306662,-4.465142
2019-03-29 11:30:00,-20.048807,-4.840945
2019-03-29 12:00:00,-17.761272,-5.705642
2019-03-29 12:30:00,-16.79588,-7.192446
2019-03-29 13:00:00,-16.20712,-7.274341
2019-03-29 13:30:00,-17.7599,-7.190607
2019-03-29 14:00:00,-8.921959,-7.6580696
2019-03-29 14:30:00,-10.2479925,-7.375172
2019-03-29 15:00:00,-10.756881,-7.429317
2019-03-29 15:30:00,-6.649857,-6.1259947
2019-03-29 16:00:00,-5.2873473,-6.7772975
2019-03-29 16:30:00,-4.6968746,-6.3663783
2019-03-29 17:00:00,-6.692694,-4.893936
2019-03-29 17:30:00,-2.5672655,-3.3924987
2019-03-29 18:00:00,-0.3395606,-2.5077944
2019-03-29 18:30:00,0.16443436,-2.0068188
2019-03-29 19:00:00,0.7819098,-1.5172907
2019-03-29 19:30:00,-2.3919456,-1.2475187
2019-03-29 20:00:00,-5.565801,-0.86268014
2019-03-29 20:30:00,-1.1481512,-0.9360283
2019-03-29 21:00:00,-1.459729,0.21208203
2019-03-29 21:30:00,-1.7713112,0.8672649
2019-03-29 22:00:00,-8.168344,1.9361721
2019-03-29 22:30:00,3.602443,2.3811026
2019-03-29 23:00:00,1.9653331,2.4566395
2019-03-29 23:30:00,2.4238913,3.1561844
2019-03-30 00:00:00,-3.3178267,3.476999
2019-03-30 00:30:00,-32.89583,3.1636212
2019-03-30 01:00:00,-26.537458,2.943782
2019-03-30 01:30:00,-20.179083,3.704974
2019-03-30 02:00:00,-13.82071,4.342828
2019-03-30 02:30:00,-7.462336,4.7367373
2019-03-30 03:00:00,-1.103964,5.840787
2019-03-30 03:30:00,5.2544127,6.031002
2019-03-30 04:00:00,4.4582224,5.197126
2019-03-30 04:30:00,3.6620321,4.869613
2019-03-30 05:00:00,5.098641,5.288393
2019-03-30 05:30:00,3.9226458,5.9700103
2019-03-30 06:00:00,3.2276452,5.9144278
2019-03-30 06:30:00,2.5326443,5.8266697
2019-03-30 07:00:00,1.8376435,5.070843
2019-03-30 07:30:00,-1.530639,3.5768998
2019-03-30 08:00:00,-4.8989215,0.76680064
2019-03-30 08:30:00,-7.244577,-0.59721196
2019-03-30 09:00:00,-11.902759,-3.040002
2019-03-30 09:30:00,-13.515188,-4.9262385
2019-03-30 10:00:00,-15.496338,-5.779943
2019-03-30 10:30:00,-11.323012,-6.2419047
2019-03-30 11:00:00,-17.241055,-7.312765
2019-03-30 11:30:00,-18.226791,-9.285313
2019-03-30 12:00:00,-18.179066,-10.3068695
2019-03-30 12:30:00,-13.919505,-10.473586
2019-03-30 13:00:00,-18.652313,-11.127943
2019-03-30 13:30:00,-17.243046,-11.534825
2019-03-30 14:00:00,-15.236786,-10.585506
2019-03-30 14:30:00,-13.278951,-9.336985
2019-03-30 15:00:00,-10.125577,-9.313919
2019-03-30 15:30:00,-6.4783382,-8.05554
2019-03-30 16:00:00,-5.2003584,-6.2198615
2019-03-30 16:30:00,-7.200538,-5.0429525
2019-03-30 17:00:00,-2.203295,-4.3101916
2019-03-30 17:30:00,-3.364762,-2.9003098
2019-03-30 18:00:00,0.27521902,-0.0074861734
2019-03-30 18:30:00,2.0126357,0.6793002
2019-03-30 19:00:00,3.738229,1.1653633
2019-03-30 19:30:00,2.3710399,1.297619
2019-03-30 20:00:00,3.1012094,1.4526082
2019-03-30 20:30:00,2.3727875,1.7780675
2019-03-30 21:00:00,2.9744024,1.3469357
2019-03-30 21:30:00,4.8514934,2.4381616
2019-03-30 22:00:00,3.8950186,2.582455
2019-03-30 22:30:00,3.8602996,4.5818353
2019-03-30 23:00:00,3.9249747,5.236511
2019-03-30 23:30:00,1.9635592,6.4388933
2019-03-31 00:00:00,3.5206575,3.8984396
2019-03-31 00:30:00,3.2929668,0.44075155
2019-03-31 01:00:00,2.956191,-0.93312705
2019-03-31 01:30:00,2.9355283,-1.2488557
2019-03-31 02:00:00,2.6639607,0.3911901
2019-03-31 02:30:00,1.6635339,1.6794515
2019-03-31 03:00:00,2.3557515,3.5833838
2019-03-31 03:30:00,3.1469345,5.224085
2019-03-31 04:00:00,2.2738655,5.0291815
2019-03-31 04:30:00,2.2253134,3.537366
2019-03-31 05:00:00,0.31268612,3.8658314
2019-03-31 05:30:00,-3.6609468,4.824146
2019-03-31 06:00:00,2.4999049,5.307998
2019-03-31 06:30:00,1.7974849,4.140418
2019-03-31 07:00:00,1.095065,2.2349784
2019-03-31 07:30:00,-1.2932526,-0.23733981
2019-03-31 08:00:00,-6.742972,-2.748484
2019-03-31 08:30:00,-10.242649,-4.716637
2019-03-31 09:00:00,-12.198349,-6.353004
2019-03-31 09:30:00,-14.388814,-7.6583233
2019-03-31 10:00:00,-15.949746,-9.223875
2019-03-31 10:30:00,-16.156174,-9.69656
2019-03-31 11:00:00,-19.302378,-12.200228
2019-03-31 11:30:00,-17.395481,-13.291906
2019-03-31 12:00:00,-15.97556,-13.055841
2019-03-31 12:30:00,-16.815865,-12.527112
2019-03-31 13:00:00,-17.54477,-11.967176
2019-03-31 13:30:00,-14.895494,-12.103486
2019-03-31 14:00:00,-17.739817,-10.63835
2019-03-31 14:30:00,-13.5288315,-8.505058
2019-03-31 15:00:00,-13.02384,-7.6752195
2019-03-31 15:30:00,-9.723501,-5.380471
2019-03-31 16:00:00,-9.111418,-4.0548735
2019-03-31 16:30:00,-11.486919,-3.6029305
2019-03-31 17:00:00,-6.905966,-2.0638518
2019-03-31 17:30:00,-3.1862178,-0.42983994
2019-03-31 18:00:00,-1.5479022,0.5552589
2019-03-31 18:30:00,0.09041331,0.9438333
2019-03-31 19:00:00,-3.2776856,2.077634
2019-03-31 19:30:00,-1.6454872,2.580187
2019-03-31 20:00:00,-1.364486,2.6546407
2019-03-31 20:30:00,11.563119,2.4971914
2019-03-31 21:00:00,1.405083,2.4182289
2019-03-31 21:30:00,0.8591336,3.0340831
2019-03-31 22:00:00,-3.611844,2.454136
2019-03-31 22:30:00,-8.082818,1.9387282
2019-03-31 23:00:00,-1.4499198,2.2227006
2019-03-31 23:30:00,2.3409743,0.6344751
2019-04-01 00:00:00,-0.48755458,0.89606327
2019-04-01 00:30:00,-1.0903404,-0.19077572
2019-04-01 01:00:00,0.5856215,1.0956373
2019-04-01 01:30:00,-34.04468,2.5807683
2019-04-01 02:00:00,0.60172254,3.7960048
2019-04-01 02:30:00,-1.3785815,3.5115912
2019-04-01 03:00:00,-2.0045948,3.0649307
2019-04-01 03:30:00,-1.4202082,4.6337166
2019-04-01 04:00:00,-8.862824,3.7376435
2019-04-01 04:30:00,15.355682,3.8667183
2019-04-01 05:00:00,-3.0946844,3.5661774
2019-04-01 05:30:00,-4.910168,2.9937062
2019-04-01 06:00:00,-6.725652,3.2470844
2019-04-01 06:30:00,1.3026612,2.2232947
2019-04-01 07:00:00,0.60995436,1.4661402
2019-04-01 07:30:00,-2.3489294,-0.43385538
2019-04-01 08:00:00,-5.3078136,-3.40995
2019-04-01 08:30:00,-9.976259,-5.107562
2019-04-01 09:00:00,-14.681877,-8.070326
2019-04-01 09:30:00,-17.38002,-8.959683
2019-04-01 10:00:00,-16.15918,-9.760466
2019-04-01 10:30:00,-20.438482,-10.637039
2019-04-01 11:00:00,-19.711538,-12.911539
2019-04-01 11:30:00,-16.824198,-13.23974
2019-04-01 12:00:00,-13.847807,-12.609972
2019-04-01 12:30:00,-13.099548,-13.546197
2019-04-01 13:00:00,-13.945636,-13.242345
2019-04-01 13:30:00,-15.154465,-12.346099
2019-04-01 14:00:00,-12.112964,-11.524592
2019-04-01 14:30:00,-12.310248,-10.190562
2019-04-01 15:00:00,-11.709708,-8.604129
2019-04-01 15:30:00,-13.064803,-6.902995
2019-04-01 16:00:00,-10.85,-6.304325
2019-04-01 16:30:00,-9.818364,-6.3925157
2019-04-01 17:00:00,-9.010792,-4.93548
2019-04-01 17:30:00,-5.195849,-1.9183701
2019-04-01 18:00:00,-1.1011108,-1.6099644
2019-04-01 18:30:00,-0.8756571,-0.25263688
2019-04-01 19:00:00,-0.65020335,0.31752735
2019-04-01 19:30:00,1.3468046,0.86429375
2019-04-01 20:00:00,-5.615507,0.78331673
2019-04-01 20:30:00,0.9117754,3.396577
2019-04-01 21:00:00,-5.5134916,3.2772765
2019-04-01 21:30:00,-4.7704062,3.0933578
2019-04-01 22:00:00,-7.1584616,3.2162106
2019-04-01 22:30:00,-0.08595957,2.0524883
2019-04-01 23:00:00,-1.0719761,1.2959149
2019-04-01 23:30:00,-2.0579925,1.3072358
2019-04-02 00:00:00,-3.0440087,-0.6290383
2019-04-02 00:30:00,-11.187231,0.21937446
2019-04-02 01:00:00,-8.056095,1.0440267
2019-04-02 01:30:00,-6.2018685,-1.0807234
2019-04-02 02:00:00,-4.3476458,1.1301988
2019-04-02 02:30:00,-9.510972,2.2565017
2019-04-02 03:00:00,1.3653874,3.421028
2019-04-02 03:30:00,1.4412174,2.9232767
2019-04-02 04:00:00,1.9665872,2.5333521
2019-04-02 04:30:00,2.4919615,5.019534
2019-04-02 05:00:00,3.0173311,4.2780523
2019-04-02 05:30:00,3.542701,1.8516297
2019-04-02 06:00:00,4.0591702,1.2832438
2019-04-02 06:30:00,2.8426623,1.7170103
2019-04-02 07:00:00,0.9725224,0.6559024
2019-04-02 07:30:00,1.412607,-1.2814467
2019-04-02 08:00:00,-1.2246889,-3.9485195
2019-04-02 08:30:00,-3.9039958,-4.745304
2019-04-02 09:00:00,-4.172693,-7.6422176
2019-04-02 09:30:00,-6.635399,-8.868264
2019-04-02 10:00:00,-10.743301,-10.397599
2019-04-02 10:30:00,-8.320947,-12.796879
2019-04-02 11:00:00,-6.2442946,-13.794446
2019-04-02 11:30:00,-9.183446,-12.989934
2019-04-02 12:00:00,-14.467353,-13.062679
2019-04-02 12:30:00,-15.718689,-12.8924675
2019-04-02 13:00:00,-15.073036,-12.360539
2019-04-02 13:30:00,-12.210897,-12.064123
2019-04-02 14:00:00,-7.498541,-10.244772
2019-04-02 14:30:00,-11.04545,-10.038129
2019-04-02 15:00:00,-7.7483187,-8.112407
2019-04-02 15:30:00,-4.1271906,-7.6553693
2019-04-02 16:00:00,-1.2645198,-6.8447647
2019-04-02 16:30:00,-0.22815545,-4.3649573
2019-04-02 17:00:00,0.8082089,-4.5784783
2019-04-02 17:30:00,0.7775929,-2.2344177
2019-04-02 18:00:00,1.1084658,-0.051616535
2019-04-02 18:30:00,1.3319969,0.38015753
2019-04-02 19:00:00,3.8032668,0.43857563
2019-04-02 19:30:00,4.1456265,2.467301
2019-04-02 20:00:00,1.8344495,1.6511818
2019-04-02 20:30:00,2.5422,3.1550484
2019-04-02 21:00:00,2.9224334,1.8868204
2019-04-02 21:30:00,2.8905897,1.1599104
2019-04-02 22:00:00,1.8216473,2.1192956
2019-04-02 22:30:00,2.8596458,1.5864019
2019-04-02 23:00:00,3.1493204,2.7856817
2019-04-02 23:30:00,1.4089848,1.6634334
2019-04-03 00:00:00,1.8538406,1.6611875
2019-04-03 00:30:00,1.5576866,0.13630451
2019-04-03 01:00:00,2.0967805,0.88202894
2019-04-03 01:30:00,2.3844364,1.1641749
2019-04-03 02:00:00,2.168228,0.10551813
2019-04-03 02:30:00,1.9520241,1.732137
2019-04-03 03:00:00,1.7358203,1.8904995
2019-04-03 03:30:00,1.018903,3.5554245
2019-04-03 04:00:00,0.80068487,2.4003844
2019-04-03 04:30:00,-1.4759218,3.994941
2019-04-03 05:00:00,-3.7525325,2.6972024
2019-04-03 05:30:00,-2.6868412,3.1235585
2019-04-03 06:00:00,-1.6211543,3.2332246
2019-04-03 06:30:00,-0.5554629,0.8891553
2019-04-03 07:00:00,0.5102241,2.5226474
2019-04-03 07:30:00,-2.0655427,-1.1020284
2019-04-03 08:00:00,-4.641314,-1.4551848
2019-04-03 08:30:00,-9.756219,-4.792454
2019-04-03 09:00:00,-14.63774,-6.117483
2019-04-03 09:30:00,-10.902852,-6.748106
2019-04-03 10:00:00,-13.837823,-9.439005
2019-04-03 10:30:00,-17.820393,-9.203707
2019-04-03 11:00:00,-18.74165,-8.367844
2019-04-03 11:30:00,-18.814123,-9.446476
2019-04-03 12:00:00,-21.354136,-9.633873
2019-04-03 12:30:00,-18.936749,-10.575593
2019-04-03 13:00:00,-22.243906,-10.269621
2019-04-03 13:30:00,-23.668644,-10.68469
2019-04-03 14:00:00,-17.264957,-8.410025
2019-04-03 14:30:00,-17.05485,-8.134555
2019-04-03 15:00:00,-15.932833,-6.69449
2019-04-03 15:30:00,-13.969427,-4.794289
2019-04-03 16:00:00,-14.039656,-3.5010858
2019-04-03 16:30:00,-12.499846,-1.6734291
2019-04-03 17:00:00,-8.19206,-2.342065
2019-04-03 17:30:00,-4.1315775,-0.25281602
2019-04-03 18:00:00,-1.0365493,-0.021210277
2019-04-03 18:30:00,-0.163629,1.2869184
2019-04-03 19:00:00,0.70929134,0.8713284
2019-04-03 19:30:00,-2.8505473,2.2443986
2019-04-03 20:00:00,1.1483229,2.9898872
2019-04-03 20:30:00,5.1471977,1.0810875
2019-04-03 21:00:00,5.253862,1.6566085
2019-04-03 21:30:00,2.652054,1.043013
2019-04-03 22:00:00,4.8104653,1.4113923
2019-04-03 22:30:00,2.1375465,1.1439972
2019-04-03 23:00:00,3.220108,2.2691162
2019-04-03 23:30:00,2.8044,0.09448991
2019-04-04 00:00:00,3.5758467,0.5272514
2019-04-04 00:30:00,3.008505,0.18226127
2019-04-04 01:00:00,1.1558819,-1.416988
2019-04-04 01:30:00,-0.2746933,1.5438052
2019-04-04 02:00:00,-1.7052641,1.8463603
2019-04-04 02:30:00,1.6940407,2.1880429
2019-04-04 03:00:00,0.7234961,2.6192186
2019-04-04 03:30:00,-0.30102298,3.2299826
2019-04-04 04:00:00,-1.4680525,3.604278
2019-04-04 04:30:00,-0.11883014,2.201116
2019-04-04 05:00:00,0.09783682,1.5282459
2019-04-04 05:30:00,1.5114983,1.6770308
2019-04-04 06:00:00,0.14257452,1.5471215
2019-04-04 06:30:00,-1.2263492,1.3379611
2019-04-04 07:00:00,1.1240556,0.58658713
2019-04-04 07:30:00,1.0837003,-0.84837055
2019-04-04 08:00:00,-2.186783,-2.519172
2019-04-04 08:30:00,-6.1691113,-4.867034
2019-04-04 09:00:00,-8.561671,-6.9722447
2019-04-04 09:30:00,-8.035052,-7.220908
2019-04-04 10:00:00,-13.93641,-8.274138
2019-04-04 10:30:00,-20.848278,-9.526159
2019-04-04 11:00:00,-12.417306,-10.418043
2019-04-04 11:30:00,-16.34964,-10.944068
2019-04-04 12:00:00,-22.343075,-11.2619295
2019-04-04 12:30:00,-11.532728,-12.378978
2019-04-04 13:00:00,-17.460245,-12.305061
2019-04-04 13:30:00,-18.279957,-12.440791
2019-04-04 14:00:00,-11.628592,-11.150109
2019-04-04 14:30:00,-12.325886,-10.253791
2019-04-04 15:00:00,-11.332162,-9.306518
2019-04-04 15:30:00,-11.111964,-8.210442
2019-04-04 16:00:00,-9.717393,-7.0748763
2019-04-04 16:30:00,-12.396805,-5.8489
2019-04-04 17:00:00,-6.7677026,-5.0964026
2019-04-04 17:30:00,-5.124266,-3.0615647
2019-04-04 18:00:00,-1.160678,-1.7240087
2019-04-04 18:30:00,0.82438856,-0.48564517
2019-04-04 19:00:00,1.0138433,0.29436547
2019-04-04 19:30:00,1.7344178,0.27833873
2019-04-04 20:00:00,-5.9540086,0.85231304
2019-04-04 20:30:00,-4.7390647,0.92096853
2019-04-04 21:00:00,-3.524125,1.94942
2019-04-04 21:30:00,-2.3091815,2.1362574
2019-04-04 22:00:00,-0.2876266,2.694367
2019-04-04 22:30:00,-19.128231,2.7136137
2019-04-04 23:00:00,2.6972156,2.6994615
2019-04-04 23:30:00,3.5205526,2.1028101
2019-04-05 00:00:00,4.3438897,2.1635177
2019-04-05 00:30:00,1.8361797,2.6530898
2019-04-05 01:00:00,2.3721497,2.7500541
2019-04-05 01:30:00,2.433255,2.967027
2019-04-05 02:00:00,1.9402356,2.8591173
2019-04-05 02:30:00,1.4472165,3.876357
2019-04-05 03:00:00,1.4319413,4.5035543
2019-04-05 03:30:00,1.2214831,4.167036
2019-04-05 04:00:00,1.7187493,4.0827384
2019-04-05 04:30:00,2.8116925,4.0791078
2019-04-05 05:00:00,3.8595963,3.7197073
2019-04-05 05:30:00,1.6677154,3.693806
2019-04-05 06:00:00,2.139823,3.2170277
2019-04-05 06:30:00,1.9204164,2.2263184
2019-04-05 07:00:00,-1.9191041,1.5399034
2019-04-05 07:30:00,-5.7586203,0.619414
2019-04-05 08:00:00,-10.122112,-0.93388295
2019-04-05 08:30:00,-15.243851,-2.326222
2019-04-05 09:00:00,-17.349844,-4.535868
2019-04-05 09:30:00,-18.1655,-5.67749
2019-04-05 10:00:00,-22.408484,-7.651638
2019-04-05 10:30:00,-20.334667,-10.11332
2019-04-05 11:00:00,-19.879244,-10.964315
2019-04-05 11:30:00,-18.542664,-12.032996
2019-04-05 12:00:00,-19.799261,-13.174873
2019-04-05 12:30:00,-15.224165,-13.0001545
2019-04-05 13:00:00,-14.582149,-12.946389
2019-04-05 13:30:00,-14.816455,-12.847677
2019-04-05 14:00:00,-11.94664,-12.066989
2019-04-05 14:30:00,-14.769813,-10.712742
2019-04-05 15:00:00,-12.096416,-8.89344
2019-04-05 15:30:00,-11.890843,-8.364999
2019-04-05 16:00:00,-7.849368,-7.2195015
2019-04-05 16:30:00,-5.40601,-5.7314563
2019-04-05 17:00:00,-3.2772791,-4.770188
2019-04-05 17:30:00,-1.1485487,-2.9481018
2019-04-05 18:00:00,0.096700795,-0.53325355
2019-04-05 18:30:00,-3.2752824,0.6695653
2019-04-05 19:00:00,-0.97675055,1.8429916
2019-04-05 19:30:00,-18.30077,2.685034
2019-04-05 20:00:00,-10.538978,2.4120154
2019-04-05 20:30:00,-2.7771816,2.4590778
2019-04-05 21:00:00,-2.9299033,2.6102045
2019-04-05 21:30:00,-3.0826206,2.9712172
2019-04-05 22:00:00,-3.2353423,3.0849817
2019-04-05 22:30:00,0.55559534,1.083259
2019-04-05 23:00:00,-0.20397988,2.7995458
2019-04-05 23:30:00,-0.9635595,3.329962
2019-04-06 00:00:00,2.5483608,3.69925
2019-04-06 00:30:00,1.7389138,3.368386
2019-04-06 01:00:00,0.92947125,3.4061632
2019-04-06 01:30:00,4.123151,4.3003798
2019-04-06 02:00:00,2.27976,4.2282987
2019-04-06 02:30:00,0.16926685,3.1228683
2019-04-06 03:00:00,-4.131263,4.179607
2019-04-06 03:30:00,-1.5761894,3.3752635
2019-04-06 04:00:00,-0.43708432,3.8117344
2019-04-06 04:30:00,0.7020251,3.5688515
2019-04-06 05:00:00,1.8411303,3.5628567
2019-04-06 05:30:00,4.779417,2.9251642
2019-04-06 06:00:00,3.8860352,2.8010488
2019-04-06 06:30:00,2.9926531,1.8191131
2019-04-06 07:00:00,-4.492651,0.68697274
2019-04-06 07:30:00,-8.08776,-1.2414715
2019-04-06 08:00:00,-11.682867,-3.6242836
2019-04-06 08:30:00,-14.185994,-6.0556965
2019-04-06 09:00:00,-14.945232,-8.423867
2019-04-06 09:30:00,-18.039068,-9.913838
2019-04-06 10:00:00,-23.620144,-12.311856
2019-04-06 10:30:00,-18.097458,-13.299146
2019-04-06 11:00:00,-19.51232,-14.00213
2019-04-06 11:30:00,-18.893091,-14.192056
2019-04-06 12:00:00,-20.115772,-14.527403
2019-04-06 12:30:00,-21.177753,-13.726834
2019-04-06 13:00:00,-17.73975,-13.002138
2019-04-06 13:30:00,-14.61665,-12.199848
2019-04-06 14:00:00,-17.035828,-12.036422
2019-04-06 14:30:00,-13.932187,-11.20518
2019-04-06 15:00:00,-14.012552,-9.655811
2019-04-06 15:30:00,-13.083836,-9.349197
2019-04-06 16:00:00,-10.90665,-7.1370344
2019-04-06 16:30:00,-8.4886465,-5.087721
2019-04-06 17:00:00,-5.361622,-3.887672
2019-04-06 17:30:00,-5.071087,-1.51338
2019-04-06 18:00:00,0.25533852,-0.7818254
2019-04-06 18:30:00,1.3652258,-0.44980347
2019-04-06 19:00:00,2.4751177,-0.027126368
2019-04-06 19:30:00,1.2387159,-0.7553647
2019-04-06 20:00:00,1.5920951,-0.2930533
2019-04-06 20:30:00,1.9454789,-0.42412484
2019-04-06 21:00:00,2.2988584,1.5447664
2019-04-06 21:30:00,2.6522377,0.5006902
2019-04-06 22:00:00,3.005617,1.0806724
2019-04-06 22:30:00,3.3589964,1.8964417
2019-04-06 23:00:00,3.7123756,2.7349625
2019-04-06 23:30:00,1.0158881,2.6879745
2019-04-07 00:00:00,2.3093796,3.2760706
2019-04-07 00:30:00,3.6028712,4.366593
2019-04-07 01:00:00,1.5399208,3.5629659
2019-04-07 01:30:00,0.84646684,4.487593
2019-04-07 02:00:00,3.646237,4.6087546
2019-04-07 02:30:00,0.9026697,4.9897656
2019-04-07 03:00:00,1.5352894,3.7442062
2019-04-07 03:30:00,2.167909,2.8828297
2019-04-07 04:00:00,5.470498,4.2385316
2019-04-07 04:30:00,5.462935,3.6836603
2019-04-07 05:00:00,3.0149019,3.809681
2019-04-07 05:30:00,1.8488508,3.3793442
2019-04-07 06:00:00,2.1282966,3.0565155
2019-04-07 06:30:00,1.8257632,2.6302292
2019-04-07 07:00:00,0.11146917,-0.14919706
2019-04-07 07:30:00,-3.632358,-2.5309954
2019-04-07 08:00:00,-8.09694,-4.4604273
2019-04-07 08:30:00,-11.861998,-7.4441686
2019-04-07 09:00:00,-18.410221,-9.247854
2019-04-07 09:30:00,-17.777699,-10.6071615
2019-04-07 10:00:00,-14.523082,-12.943505
2019-04-07 10:30:00,-18.385958,-12.267411
2019-04-07 11:00:00,-16.358667,-12.883738
2019-04-07 11:30:00,-18.914228,-14.080568
2019-04-07 12:00:00,-20.605955,-12.936999
2019-04-07 12:30:00,-17.50991,-13.890886
2019-04-07 13:00:00,-19.716475,-12.912448
2019-04-07 13:30:00,-14.894155,-11.97525
2019-04-07 14:00:00,-13.600008,-12.422986
2019-04-07 14:30:00,-16.608932,-10.359415
2019-04-07 15:00:00,-14.85087,-9.365573
2019-04-07 15:30:00,-16.183807,-7.96021
2019-04-07 16:00:00,-10.093536,-7.250537
2019-04-07 16:30:00,-8.815377,-5.486965
2019-04-07 17:00:00,-9.46668,-3.7920315
2019-04-07 17:30:00,-4.9151406,-2.6726408
2019-04-07 18:00:00,-0.3636007,-1.6761338
2019-04-07 18:30:00,0.7946202,-1.1167443
2019-04-07 19:00:00,3.2022243,-0.15992816
2019-04-07 19:30:00,3.2484825,-0.056990825
2019-04-07 20:00:00,3.2947452,0.10265184
2019-04-07 20:30:00,3.3410077,0.97892785
2019-04-07 21:00:00,3.3872702,1.6961205
2019-04-07 21:30:00,7.855945,2.2639558
2019-04-07 22:00:00,3.7344756,1.2813475
2019-04-07 22:30:00,4.0357027,3.5780053
2019-04-07 23:00:00,5.4597454,3.476903
2019-04-07 23:30:00,5.456875,3.5255556
2019-04-08 00:00:00,4.10223,4.092482
2019-04-08 00:30:00,4.5559034,3.98355
2019-04-08 01:00:00,5.4360986,4.3238125
2019-04-08 01:30:00,5.05015,3.8365347
2019-04-08 02:00:00,5.2404566,4.4402514
2019-04-08 02:30:00,4.4028015,4.710473
2019-04-08 03:00:00,4.0677953,4.3496265
2019-04-08 03:30:00,3.5905495,4.286612
2019-04-08 04:00:00,4.4144855,4.8404436
2019-04-08 04:30:00,7.533715,4.9200964
2019-04-08 05:00:00,6.7680445,5.02476
2019-04-08 05:30:00,0.90210605,3.6606076
2019-04-08 06:00:00,4.3985457,2.5452106
2019-04-08 06:30:00,2.023747,1.5000025
2019-04-08 07:00:00,1.3188889,-0.6026125
2019-04-08 07:30:00,-5.3197503,-2.8637428
2019-04-08 08:00:00,-10.459797,-5.091457
2019-04-08 08:30:00,-13.893117,-7.4733644
2019-04-08 09:00:00,-16.95409,-10.196011
2019-04-08 09:30:00,-22.265015,-11.645488
2019-04-08 10:00:00,-18.222548,-12.296331
2019-04-08 10:30:00,-24.38215,-13.401686
2019-04-08 11:00:00,-19.243053,-14.217839
2019-04-08 11:30:00,-19.705688,-14.3689575
2019-04-08 12:00:00,-14.919713,-14.329795
2019-04-08 12:30:00,-17.690166,-13.951449
2019-04-08 13:00:00,-14.145407,-14.532821
2019-04-08 13:30:00,-12.661084,-13.451452
2019-04-08 14:00:00,-13.231767,-12.431847
2019-04-08 14:30:00,-9.951175,-12.379642
2019-04-08 15:00:00,-11.95246,-11.210686
2019-04-08 15:30:00,-10.428508,-9.980746
2019-04-08 16:00:00,-11.152359,-7.5208635
2019-04-08 16:30:00,-7.387913,-5.9208364
2019-04-08 17:00:00,-4.7386236,-4.672262
2019-04-08 17:30:00,-1.8746592,-3.1924222
2019-04-08 18:00:00,1.7450178,-1.8146331
2019-04-08 18:30:00,9.559762,-0.56840056
2019-04-08 19:00:00,8.684141,-0.33500338
2019-04-08 19:30:00,7.3278666,1.348548
2019-04-08 20:00:00,8.291416,2.2042882
2019-04-08 20:30:00,5.0655212,2.9899616
2019-04-08 21:00:00,6.1372776,3.252581
2019-04-08 21:30:00,7.340931,4.249892
2019-04-08 22:00:00,6.7831492,4.37406
2019-04-08 22:30:00,6.0812974,3.8485506
2019-04-08 23:00:00,5.9509907,4.235185
2019-04-08 23:30:00,6.053565,4.614334
2019-04-09 00:00:00,6.2085547,4.531422
2019-04-09 00:30:00,5.245324,4.388077
2019-04-09 01:00:00,4.438084,4.602594
2019-04-09 01:30:00,4.7097173,4.8931904
2019-04-09 02:00:00,5.0915627,4.5696406
2019-04-09 02:30:00,5.255151,4.664761
2019-04-09 03:00:00,5.5129857,5.2674503
2019-04-09 03:30:00,5.7708163,5.0492105
2019-04-09 04:00:00,12.382069,5.238412
2019-04-09 04:30:00,10.7318735,5.541137
2019-04-09 05:00:00,4.422464,5.411936
2019-04-09 05:30:00,4.5223513,4.605635
2019-04-09 06:00:00,3.4073825,3.6302888
2019-04-09 06:30:00,2.2924135,1.8084476
2019-04-09 07:00:00,3.3812625,0.56993556
2019-04-09 07:30:00,2.0395508,-2.4804246
2019-04-09 08:00:00,1.388156,-5.2163324
2019-04-09 08:30:00,0.7367614,-7.8814087
2019-04-09 09:00:00,0.08536672,-10.039348
2019-04-09 09:30:00,-0.566028,-12.444916
2019-04-09 10:00:00,-1.2174227,-13.01442
2019-04-09 10:30:00,-1.8688173,-15.184246
2019-04-09 11:00:00,-2.5202162,-15.800531
2019-04-09 11:30:00,-3.171611,-16.341356
2019-04-09 12:00:00,-3.8230057,-15.228036
2019-04-09 12:30:00,-4.4744005,-14.99965
2019-04-09 13:00:00,-5.1257954,-14.23644
2019-04-09 13:30:00,-5.77719,-13.902142
2019-04-09 14:00:00,-6.4285846,-12.570731
2019-04-09 14:30:00,-7.0799794,-12.244502
2019-04-09 15:00:00,0.9423608,-10.863231
2019-04-09 15:30:00,3.7730308,-9.635608
2019-04-09 16:00:00,6.6037,-7.6938286
2019-04-09 16:30:00,9.434371,-5.9840827
2019-04-09 17:00:00,7.325293,-3.9700735
2019-04-09 17:30:00,5.2162113,-2.0286436
2019-04-09 18:00:00,3.1071343,-0.58620125
2019-04-09 18:30:00,1.6963739,1.9836626
2019-04-09 19:00:00,3.2143579,2.775982
2019-04-09 19:30:00,4.3137937,3.910285
2019-04-09 20:00:00,3.3196547,4.392407
2019-04-09 20:30:00,3.73403,4.853905
2019-04-09 21:00:00,3.8846805,5.081155
2019-04-09 21:30:00,3.3912158,5.4853277
2019-04-09 22:00:00,4.051205,5.621752
2019-04-09 22:30:00,2.9039292,5.3756576
2019-04-09 23:00:00,3.0798478,5.4014363
2019-04-09 23:30:00,3.3889568,5.388018
2019-04-10 00:00:00,3.1405466,5.754213
2019-04-10 00:30:00,3.205121,5.2170544
2019-04-10 01:00:00,3.0385618,5.371821
2019-04-10 01:30:00,2.9634223,5.3879614
2019-04-10 02:00:00,3.2000527,5.6519656
2019-04-10 02:30:00,2.986357,5.787638
2019-04-10 03:00:00,2.5476182,5.853755
2019-04-10 03:30:00,3.1089387,6.138479
2019-04-10 04:00:00,2.6550384,6.7171855
2019-04-10 04:30:00,2.8259146,6.12198
2019-04-10 05:00:00,3.3510878,5.8212037
2019-04-10 05:30:00,2.7655914,4.9173875
2019-04-10 06:00:00,2.4849355,4.053088
2019-04-10 06:30:00,2.46838,2.5676384
2019-04-10 07:00:00,1.7492735,0.27094582
2019-04-10 07:30:00,-0.30326447,-1.6902118
2019-04-10 08:00:00,-3.090647,-3.5032659
2019-04-10 08:30:00,-6.0454545,-5.8243747
2019-04-10 09:00:00,-10.749362,-6.7736754
2019-04-10 09:30:00,-11.1713705,-7.790426
2019-04-10 10:00:00,-9.295708,-8.995652
2019-04-10 10:30:00,-9.426381,-9.602444
2019-04-10 11:00:00,-10.197832,-10.247796
2019-04-10 11:30:00,-7.152943,-10.089539
2019-04-10 12:00:00,-7.3895125,-9.521358
2019-04-10 12:30:00,-7.484895,-9.126733
2019-04-10 13:00:00,-5.814382,-8.643571
2019-04-10 13:30:00,-6.4701633,-8.2248
2019-04-10 14:00:00,-6.3399,-8.574194
2019-04-10 14:30:00,-4.085944,-7.379218
2019-04-10 15:00:00,-2.9483726,-5.5376887
2019-04-10 15:30:00,-1.5575454,-3.5385003
2019-04-10 16:00:00,-0.6087252,-0.91721827
2019-04-10 16:30:00,-0.5731456,0.41282272
2019-04-10 17:00:00,-1.1855832,2.4708574
2019-04-10 17:30:00,-2.089941,2.7952287
2019-04-10 18:00:00,0.06692373,3.4958572
2019-04-10 18:30:00,2.2686834,3.5635426
2019-04-10 19:00:00,2.6984608,4.378106
2019-04-10 19:30:00,3.074316,4.580817
2019-04-10 20:00:00,3.0425858,5.115218
2019-04-10 20:30:00,2.6346467,4.760375
2019-04-10 21:00:00,2.7053514,4.8588076
2019-04-10 21:30:00,3.8949661,4.5795546
2019-04-10 22:00:00,3.6639283,4.5807433
2019-04-10 22:30:00,4.04213,4.131771
2019-04-10 23:00:00,3.0269437,4.0963316
2019-04-10 23:30:00,2.7288933,4.0173907
2019-04-11 00:00:00,2.941912,4.010417
2019-04-11 00:30:00,3.154926,3.8169863
2019-04-11 01:00:00,1.8453423,3.857206
2019-04-11 01:30:00,2.9298482,3.9848652
2019-04-11 02:00:00,2.6467278,4.069893
2019-04-11 02:30:00,4.3107395,4.256324
2019-04-11 03:00:00,2.4134836,4.1517653
2019-04-11 03:30:00,2.48286,4.2045383
2019-04-11 04:00:00,3.2438335,3.791181
2019-04-11 04:30:00,7.398619,3.7742062
2019-04-11 05:00:00,2.2752461,2.9630246
2019-04-11 05:30:00,2.278248,2.9249895
2019-04-11 06:00:00,2.34471,2.244556
2019-04-11 06:30:00,2.2154431,1.1971066
2019-04-11 07:00:00,0.5222267,-0.11403696
2019-04-11 07:30:00,-0.08867293,-1.75722
2019-04-11 08:00:00,-1.8441874,-3.1613824
2019-04-11 08:30:00,-2.90017,-4.4721766
2019-04-11 09:00:00,-3.2809713,-5.8899803
2019-04-11 09:30:00,-7.819639,-6.573625
2019-04-11 10:00:00,-7.7785892,-6.8213143
2019-04-11 10:30:00,-16.126387,-6.7068157
2019-04-11 11:00:00,-26.285217,-6.8055935
2019-04-11 11:30:00,-24.532831,-6.3766375
2019-04-11 12:00:00,-19.83026,-6.2308984
2019-04-11 12:30:00,-13.10605,-5.4195986
2019-04-11 13:00:00,-10.4223385,-5.073079
2019-04-11 13:30:00,-13.645069,-4.922267
2019-04-11 14:00:00,-8.370526,-3.777237
2019-04-11 14:30:00,-7.4497876,-3.004606
2019-04-11 15:00:00,-12.431908,-1.9220141
2019-04-11 15:30:00,-13.026069,-0.5264461
2019-04-11 16:00:00,-12.855887,0.27115119
2019-04-11 16:30:00,-6.968369,0.9679564
2019-04-11 17:00:00,-2.4344897,1.487847
2019-04-11 17:30:00,-0.5894302,1.7843856
2019-04-11 18:00:00,1.255634,2.4229782
2019-04-11 18:30:00,2.6077971,2.877971
2019-04-11 19:00:00,2.3818889,3.2110722
2019-04-11 19:30:00,1.0283582,3.5558877
2019-04-11 20:00:00,-8.910966,3.631333
2019-04-11 20:30:00,-13.851147,3.590672
2019-04-11 21:00:00,-18.791332,3.6140828
2019-04-11 21:30:00,-23.731514,3.5481102
2019-04-11 22:00:00,-23.702961,3.6371267
2019-04-11 22:30:00,-23.674404,3.7718947
2019-04-11 23:00:00,-23.645851,3.7663152
2019-04-11 23:30:00,-23.617294,4.0610404
2019-04-12 00:00:00,-23.588741,4.003802
2019-04-12 00:30:00,-23.560186,3.8778644
2019-04-12 01:00:00,-23.531631,3.805071
2019-04-12 01:30:00,-23.503078,3.980828
2019-04-12 02:00:00,-23.474522,4.1191354
2019-04-12 02:30:00,-23.445969,4.4941077
2019-04-12 03:00:00,-23.417414,4.5611687
2019-04-12 03:30:00,-23.388859,4.7113905
2019-04-12 04:00:00,-23.360306,4.5742545
2019-04-12 04:30:00,-23.331749,4.5718164
2019-04-12 05:00:00,-23.303196,3.8573854
2019-04-12 05:30:00,-23.274641,3.1032455
2019-04-12 06:00:00,-23.246086,2.5718198
2019-04-12 06:30:00,-23.217531,2.5322862
2019-04-12 07:00:00,-23.188976,1.4430176
2019-04-12 07:30:00,-23.160423,0.5874435
2019-04-12 08:00:00,-23.131868,-0.3453718
2019-04-12 08:30:00,-15.299353,-1.070036
2019-04-12 09:00:00,-7.466837,-2.0994225
2019-04-12 09:30:00,-18.35406,-3.1621208
2019-04-12 10:00:00,-23.195084,-3.7410893
2019-04-12 10:30:00,-22.191856,-5.305288
2019-04-12 11:00:00,-18.980278,-7.5038404
2019-04-12 11:30:00,-20.996708,-8.786811
2019-04-12 12:00:00,-21.76918,-8.666807
2019-04-12 12:30:00,-22.12352,-7.9496446
2019-04-12 13:00:00,-22.69159,-6.9705887
2019-04-12 13:30:00,-25.416105,-6.84369
2019-04-12 14:00:00,-19.62976,-5.344695
2019-04-12 14:30:00,-22.355574,-4.014278
2019-04-12 15:00:00,-16.672562,-4.022252
2019-04-12 15:30:00,-18.496803,-4.0044513
2019-04-12 16:00:00,-15.609375,-3.827515
2019-04-12 16:30:00,-13.756955,-2.5385544
2019-04-12 17:00:00,-10.068596,-1.7242008
2019-04-12 17:30:00,-6.141196,-0.6069032
2019-04-12 18:00:00,-2.3600974,0.5398046
2019-04-12 18:30:00,1.5834745,1.3373668
2019-04-12 19:00:00,4.0430083,1.3830527
2019-04-12 19:30:00,2.0385895,1.6765852
2019-04-12 20:00:00,1.5093354,1.0781687
2019-04-12 20:30:00,0.67985946,0.244354
2019-04-12 21:00:00,0.8509236,-0.9641756
2019-04-12 21:30:00,4.6759334,-1.5624173
2019-04-12 22:00:00,0.91883194,-2.4726603
2019-04-12 22:30:00,4.1381984,-3.4954667
2019-04-12 23:00:00,7.357565,-4.094853
2019-04-12 23:30:00,8.993211,-4.350888
2019-04-13 00:00:00,15.344444,-5.2638884
2019-04-13 00:30:00,-1.7194296,-4.9859896
2019-04-13 01:00:00,-0.37178013,-5.033388
2019-04-13 01:30:00,0.97586495,-4.8773675
2019-04-13 02:00:00,2.3235102,-4.6550903
2019-04-13 02:30:00,3.6711552,-4.666381
2019-04-13 03:00:00,6.1073737,-4.884813
2019-04-13 03:30:00,1.7548444,-4.4536724
2019-04-13 04:00:00,4.230641,-4.531691
2019-04-13 04:30:00,4.221063,-4.53558
2019-04-13 05:00:00,3.0639434,-4.509827
2019-04-13 05:30:00,3.0610378,-4.813505
2019-04-13 06:00:00,3.0628247,-4.3056784
2019-04-13 06:30:00,3.1585746,-5.2066674
2019-04-13 07:00:00,2.3597407,-5.540363
2019-04-13 07:30:00,-2.270609,-6.093915
2019-04-13 08:00:00,-8.012266,-6.464173
2019-04-13 08:30:00,-8.000006,-6.783144
2019-04-13 09:00:00,-15.008942,-6.3118315
2019-04-13 09:30:00,-19.179153,-7.8713284
2019-04-13 10:00:00,-21.107853,-8.253043
2019-04-13 10:30:00,-20.499435,-8.194022
2019-04-13 11:00:00,-20.380398,-7.575996
2019-04-13 11:30:00,-24.11129,-7.974716
2019-04-13 12:00:00,-24.976326,-7.4919777
2019-04-13 12:30:00,-19.478647,-6.5734153
2019-04-13 13:00:00,-25.537779,-7.121746
2019-04-13 13:30:00,-19.258944,-7.0132422
2019-04-13 14:00:00,-19.178858,-6.2141857
2019-04-13 14:30:00,-19.728472,-5.9998603
2019-04-13 15:00:00,-17.995523,-5.36316
2019-04-13 15:30:00,-18.975384,-4.9128337
2019-04-13 16:00:00,-14.0345,-3.5488164
2019-04-13 16:30:00,-13.263339,-2.1148856
2019-04-13 17:00:00,-9.862359,-0.5316631
2019-04-13 17:30:00,-3.7707353,1.2877748
2019-04-13 18:00:00,-2.983996,2.3798528
2019-04-13 18:30:00,-2.1972566,2.8837166
2019-04-13 19:00:00,-1.4105171,3.488709
2019-04-13 19:30:00,-0.62377757,3.5792198
2019-04-13 20:00:00,-0.8868732,2.7546856
2019-04-13 20:30:00,-1.1499645,2.5123355
2019-04-13 21:00:00,-1.4130557,2.6237714
2019-04-13 21:30:00,1.5148453,1.688378
2019-04-13 22:00:00,9.7104,0.71760184
2019-04-13 22:30:00,-6.7505484,-0.40153098
2019-04-13 23:00:00,-2.808772,-0.923414
2019-04-13 23:30:00,27.09633,-0.5455096
2019-04-14 00:00:00,-8.828311,0.28806925
2019-04-14 00:30:00,-2.9609869,-0.4947203
2019-04-14 01:00:00,2.9063368,-1.7288935
2019-04-14 01:30:00,-1.2042403,-1.5843339
2019-04-14 02:00:00,3.8606884,-0.32778522
2019-04-14 02:30:00,-1.1983724,-0.2467601
2019-04-14 03:00:00,8.003214,0.3471777
2019-04-14 03:30:00,1.3526465,0.08853886
2019-04-14 04:00:00,-5.2979255,1.1626413
2019-04-14 04:30:00,0.012538524,0.50720054
2019-04-14 05:00:00,5.3230023,0.31657922
2019-04-14 05:30:00,3.784177,0.45121178
2019-04-14 06:00:00,2.241917,0.08617068
2019-04-14 06:30:00,0.69965696,-0.14318047
2019-04-14 07:00:00,2.2884066,0.13981746
2019-04-14 07:30:00,-0.9400044,-1.1007569
2019-04-14 08:00:00,-4.1684155,-1.9048077
2019-04-14 08:30:00,-6.468167,-3.15409
2019-04-14 09:00:00,-9.566427,-5.8466277
2019-04-14 09:30:00,-14.245443,-8.110122
2019-04-14 10:00:00,-16.830936,-11.029969
2019-04-14 10:30:00,-22.30079,-11.984706
2019-04-14 11:00:00,-22.799278,-12.752308
2019-04-14 11:30:00,-23.537508,-14.159478
2019-04-14 12:00:00,-22.82541,-14.656884
2019-04-14 12:30:00,-22.356169,-14.453395
2019-04-14 13:00:00,-23.616383,-15.374977
2019-04-14 13:30:00,-18.71112,-14.518324
2019-04-14 14:00:00,-19.661314,-14.94804
2019-04-14 14:30:00,-23.151966,-14.314406
2019-04-14 15:00:00,-19.545345,-13.870114
2019-04-14 15:30:00,-17.182648,-13.411499
2019-04-14 16:00:00,-14.838625,-11.368087
2019-04-14 16:30:00,-13.178655,-9.21944
2019-04-14 17:00:00,-10.435341,-6.918707
2019-04-14 17:30:00,-8.123807,-4.3489566
2019-04-14 18:00:00,-2.9010134,-3.6573334
2019-04-14 18:30:00,-0.049995508,-2.6357024
2019-04-14 19:00:00,1.9726212,-2.3038332
2019-04-14 19:30:00,1.659335,-2.3266895
2019-04-14 20:00:00,-2.7751894,-2.3016748
2019-04-14 20:30:00,-7.209718,-2.4557686
2019-04-14 21:00:00,-8.693359,-2.1123688
2019-04-14 21:30:00,-3.9531336,-2.0785677
2019-04-14 22:00:00,0.78709185,-0.42891365
2019-04-14 22:30:00,5.5273128,-1.7000122
2019-04-14 23:00:00,1.0811399,-1.1508689
2019-04-14 23:30:00,-3.3650374,0.5482636
2019-04-15 00:00:00,-7.8112106,0.3092562
2019-04-15 00:30:00,-4.4421415,-0.5964867
2019-04-15 01:00:00,-1.0730684,-2.075011
2019-04-15 01:30:00,-2.3645105,0.30214727
2019-04-15 02:00:00,-3.6559482,0.294916
2019-04-15 02:30:00,-4.9473906,0.31113064
2019-04-15 03:00:00,-6.238833,2.1997702
2019-04-15 03:30:00,-11.515093,2.0456066
2019-04-15 04:00:00,-16.791353,0.5739903
2019-04-15 04:30:00,-22.067617,1.5593338
2019-04-15 05:00:00,-27.34388,1.8952576
2019-04-15 05:30:00,-32.62014,1.9014621
2019-04-15 06:00:00,3.5584612,0.48691803
2019-04-15 06:30:00,0.8490535,-0.36792636
2019-04-15 07:00:00,-2.306162,0.10562299
2019-04-15 07:30:00,-8.310661,-1.4442396
2019-04-15 08:00:00,-12.620523,-3.5381289
2019-04-15 08:30:00,-17.835672,-5.8071723
2019-04-15 09:00:00,-22.136845,-8.891177
2019-04-15 09:30:00,-20.8845,-11.863347
2019-04-15 10:00:00,-22.627043,-12.532268
2019-04-15 10:30:00,-20.92927,-15.020684
2019-04-15 11:00:00,-24.042236,-16.92488
2019-04-15 11:30:00,-20.620264,-17.659073
2019-04-15 12:00:00,-20.592075,-18.988733
2019-04-15 12:30:00,-22.293205,-18.714947
2019-04-15 13:00:00,-18.796381,-18.46828
2019-04-15 13:30:00,-17.737295,-18.392889
2019-04-15 14:00:00,-24.526741,-17.371803
2019-04-15 14:30:00,-19.540777,-17.339884
2019-04-15 15:00:00,-18.922386,-15.047976
2019-04-15 15:30:00,-17.606169,-13.574231
2019-04-15 16:00:00,-9.709205,-12.175353
2019-04-15 16:30:00,-7.2448173,-9.426892
2019-04-15 17:00:00,-4.936485,-7.545585
2019-04-15 17:30:00,-1.6135342,-4.9819436
2019-04-15 18:00:00,-0.06347056,-2.7505813
2019-04-15 18:30:00,1.4865974,-1.7366536
2019-04-15 19:00:00,1.4406931,0.20256998
2019-04-15 19:30:00,3.8516529,1.2762223
2019-04-15 20:00:00,-1.8223712,1.6182938
2019-04-15 20:30:00,-3.2871408,2.816468
2019-04-15 21:00:00,-0.77364606,2.2175927
2019-04-15 21:30:00,1.3955622,2.8544638
2019-04-15 22:00:00,-2.6141398,3.9365273
2019-04-15 22:30:00,-6.623842,5.6821885
2019-04-15 23:00:00,1.9491142,4.2421627
2019-04-15 23:30:00,2.585518,4.384022
2019-04-16 00:00:00,3.2219257,2.5922377
2019-04-16 00:30:00,1.3335394,2.2749667
2019-04-16 01:00:00,-1.8132175,3.2055056
2019-04-16 01:30:00,3.6953132,3.8820808
2019-04-16 02:00:00,-3.0327926,4.3271246
2019-04-16 02:30:00,0.79750836,3.4925234
2019-04-16 03:00:00,0.6058297,4.3886538
2019-04-16 03:30:00,0.41414663,2.6184015
2019-04-16 04:00:00,0.88361067,1.9224218
2019-04-16 04:30:00,1.3530791,0.6591706
2019-04-16 05:00:00,1.822543,-2.00345
2019-04-16 05:30:00,2.0399833,-2.4903867
2019-04-16 06:00:00,2.2574193,0.25493217
2019-04-16 06:30:00,2.4748554,0.9985462
2019-04-16 07:00:00,13.362086,0.0081080105
2019-04-16 07:30:00,2.0088737,-3.2950885
2019-04-16 08:00:00,-4.098611,-4.275298
2019-04-16 08:30:00,-9.811359,-8.1849165
2019-04-16 09:00:00,-10.2410145,-10.941049
2019-04-16 09:30:00,-21.433218,-12.136671
2019-04-16 10:00:00,-24.100965,-13.7221985
2019-04-16 10:30:00,-21.231874,-14.186927
2019-04-16 11:00:00,-16.836384,-15.273207
2019-04-16 11:30:00,-16.943256,-15.578912
2019-04-16 12:00:00,-17.987011,-16.229874
2019-04-16 12:30:00,-17.351624,-15.819014
2019-04-16 13:00:00,-14.471381,-15.946863
2019-04-16 13:30:00,-18.724707,-16.19111
2019-04-16 14:00:00,-16.46785,-16.321323
2019-04-16 14:30:00,-14.558944,-15.5446825
2019-04-16 15:00:00,-13.239679,-13.038346
2019-04-16 15:30:00,-12.332571,-11.598858
2019-04-16 16:00:00,-10.774057,-8.859595
2019-04-16 16:30:00,-9.087277,-5.9637785
2019-04-16 17:00:00,-8.154602,-3.3096998
2019-04-16 17:30:00,-5.488132,-2.3348732
2019-04-16 18:00:00,-1.8421032,-1.1068958
2019-04-16 18:30:00,-4.561442,1.2009124
2019-04-16 19:00:00,-7.280777,2.0653737
2019-04-16 19:30:00,-10.000111,2.3024588
2019-04-16 20:00:00,4.6765494,2.1594675
2019-04-16 20:30:00,4.4777927,2.6370542
2019-04-16 21:00:00,4.2790356,2.9932823
2019-04-16 21:30:00,-8.85115,5.2935224
2019-04-16 22:00:00,-3.1949782,3.8592904
2019-04-16 22:30:00,-20.62817,2.257074
2019-04-16 23:00:00,-38.061363,4.1870785
2019-04-16 23:30:00,-23.77513,2.7507007
2019-04-17 00:00:00,-9.48889,3.5183244
2019-04-17 00:30:00,5.7826486,3.6030154
2019-04-17 01:00:00,5.628734,3.4044375
2019-04-17 01:30:00,5.4748197,4.100941
2019-04-17 02:00:00,14.813853,2.6039958
2019-04-17 02:30:00,24.15289,3.163809
2019-04-17 03:00:00,20.472338,3.3531282
2019-04-17 03:30:00,16.791788,2.301952
2019-04-17 04:00:00,13.1112385,2.9467008
2019-04-17 04:30:00,9.430687,2.3769908
2019-04-17 05:00:00,5.7501316,3.2476435
2019-04-17 05:30:00,2.0695813,2.168228
2019-04-17 06:00:00,-1.6109694,1.283187
2019-04-17 06:30:00,-5.29152,1.845967
2019-04-17 07:00:00,-8.972071,0.50062466
2019-04-17 07:30:00,-12.652621,-0.8464262
2019-04-17 08:00:00,-16.333172,-4.360706
2019-04-17 08:30:00,-16.278362,-6.0465994
2019-04-17 09:00:00,-20.989925,-8.45655
2019-04-17 09:30:00,-23.544725,-11.23182
2019-04-17 10:00:00,-23.407072,-14.708526
2019-04-17 10:30:00,-23.894135,-15.4724655
2019-04-17 11:00:00,-22.642345,-14.514068
2019-04-17 11:30:00,-20.800888,-15.854888
2019-04-17 12:00:00,-20.788132,-15.130311
2019-04-17 12:30:00,-19.380302,-15.7515335
2019-04-17 13:00:00,-18.677721,-14.131374
2019-04-17 13:30:00,-19.064493,-15.257463
2019-04-17 14:00:00,-16.531033,-14.156472
2019-04-17 14:30:00,-16.338264,-12.434446
2019-04-17 15:00:00,-11.988638,-10.526595
2019-04-17 15:30:00,-7.580278,-10.415697
2019-04-17 16:00:00,-12.769606,-7.940705
2019-04-17 16:30:00,-10.200336,-6.350885
2019-04-17 17:00:00,-10.499925,-4.343744
2019-04-17 17:30:00,-5.9973392,-2.826197
2019-04-17 18:00:00,-2.022662,-0.44930974
2019-04-17 18:30:00,2.4732957,-0.771623
2019-04-17 19:00:00,3.9079561,-0.44779795
2019-04-17 19:30:00,4.8171153,-1.1424098
2019-04-17 20:00:00,4.2985053,0.6088926
2019-04-17 20:30:00,5.417166,0.4185116
2019-04-17 21:00:00,5.0490885,2.2016928
2019-04-17 21:30:00,2.1240845,1.9357308
2019-04-17 22:00:00,4.861945,2.06242
2019-04-17 22:30:00,4.942511,0.44155553
2019-04-17 23:00:00,2.4318218,-1.9436948
2019-04-17 23:30:00,1.5451728,-2.5856996
2019-04-18 00:00:00,0.9977029,-1.7623845
2019-04-18 00:30:00,-0.12829413,1.9218407
2019-04-18 01:00:00,-1.2542956,3.0967002
2019-04-18 01:30:00,-2.3802924,3.0497298
2019-04-18 02:00:00,10.85695,3.1480007
2019-04-18 02:30:00,-2.1609516,4.708603
2019-04-18 03:00:00,-26.952639,3.6052
2019-04-18 03:30:00,-27.11496,3.1260622
2019-04-18 04:00:00,-27.277279,3.9447985
2019-04-18 04:30:00,-27.4396,4.0619755
2019-04-18 05:00:00,-27.601921,3.9964702
2019-04-18 05:30:00,-27.764242,3.6235511
2019-04-18 06:00:00,-27.926561,1.7929101
2019-04-18 06:30:00,-28.088882,-0.9202156
2019-04-18 07:00:00,-28.251204,-3.1646376
2019-04-18 07:30:00,-28.413525,-4.9699454
2019-04-18 08:00:00,-11.077254,-9.026967
2019-04-18 08:30:00,-15.962472,-11.128175
2019-04-18 09:00:00,-17.26037,-13.291797
2019-04-18 09:30:00,-19.828419,-15.232939
2019-04-18 10:00:00,-21.916616,-16.01417
2019-04-18 10:30:00,-18.697754,-16.048409
2019-04-18 11:00:00,-18.591787,-15.843851
2019-04-18 11:30:00,-17.375929,-15.291916
2019-04-18 12:00:00,-14.257362,-15.996636
2019-04-18 12:30:00,-13.414761,-15.308973
2019-04-18 13:00:00,-14.3301735,-14.206265
2019-04-18 13:30:00,-14.013826,-14.135311
2019-04-18 14:00:00,-14.270746,-13.672637
2019-04-18 14:30:00,-11.992348,-12.824856
2019-04-18 15:00:00,-10.013739,-11.284597
2019-04-18 15:30:00,-11.714615,-8.427144
2019-04-18 16:00:00,-11.212944,-7.698967
2019-04-18 16:30:00,-8.796467,-6.5672765
2019-04-18 17:00:00,-7.057534,-5.2373753
2019-04-18 17:30:00,-3.1250296,-3.8020022
2019-04-18 18:00:00,-1.1098276,-1.8612977
2019-04-18 18:30:00,0.9706348,-1.18571
2019-04-18 19:00:00,2.6492796,0.7440451
2019-04-18 19:30:00,2.135934,1.0315217
2019-04-18 20:00:00,1.6225932,1.699533
2019-04-18 20:30:00,2.662641,1.6756719
2019-04-18 21:00:00,2.148234,1.4297173
2019-04-18 21:30:00,6.2345304,0.68785536
2019-04-18 22:00:00,5.243179,0.1339276
2019-04-18 22:30:00,5.655575,2.5469713
2019-04-18 23:00:00,3.4428833,2.1907518
2019-04-18 23:30:00,5.9521704,4.022315
2019-04-19 00:00:00,5.4805217,4.0187407
2019-04-19 00:30:00,7.840954,4.603813
2019-04-19 01:00:00,6.149302,4.765758
2019-04-19 01:30:00,7.60937,3.732623
2019-04-19 02:00:00,9.788401,6.4397407
2019-04-19 02:30:00,5.593801,5.03238
2019-04-19 03:00:00,5.981423,2.029095
2019-04-19 03:30:00,5.4902344,0.40009046
2019-04-19 04:00:00,5.0973654,-0.11184792
2019-04-19 04:30:00,3.1295402,-0.39013135
2019-04-19 05:00:00,6.056475,-2.2241104
2019-04-19 05:30:00,6.098517,-3.535053
2019-04-19 06:00:00,5.9005113,-5.5260663
2019-04-19 06:30:00,2.9791389,-8.012913
2019-04-19 07:00:00,0.74460876,-11.029043
2019-04-19 07:30:00,-1.9014782,-13.6243515
2019-04-19 08:00:00,-5.7414618,-13.734586
2019-04-19 08:30:00,-8.76076,-14.020096
2019-04-19 09:00:00,-10.328344,-16.441246
2019-04-19 09:30:00,-15.973123,-18.10667
2019-04-19 10:00:00,-19.66175,-16.869291
2019-04-19 10:30:00,-24.726028,-16.548626
2019-04-19 11:00:00,-29.330309,-16.665764
2019-04-19 11:30:00,-25.418617,-16.14158
2019-04-19 12:00:00,-27.677603,-15.494295
2019-04-19 12:30:00,-24.801199,-13.532172
2019-04-19 13:00:00,-23.862307,-12.631474
2019-04-19 13:30:00,-24.568579,-11.432106
2019-04-19 14:00:00,-24.730198,-9.704534
2019-04-19 14:30:00,-19.731638,-9.404285
2019-04-19 15:00:00,-21.015554,-9.055692
2019-04-19 15:30:00,-17.78455,-6.8404436
2019-04-19 16:00:00,-18.221256,-5.657654
2019-04-19 16:30:00,-14.169679,-4.508927
2019-04-19 17:00:00,-10.930903,-2.190982
2019-04-19 17:30:00,-7.505405,0.3933442
2019-04-19 18:00:00,-2.4009638,2.15952
2019-04-19 18:30:00,2.0241096,3.1766331
2019-04-19 19:00:00,5.0759816,4.8612065
2019-04-19 19:30:00,5.7282066,5.801646
2019-04-19 20:00:00,4.6213164,6.7523413
2019-04-19 20:30:00,5.14001,6.600139
2019-04-19 21:00:00,6.910262,5.0655084
2019-04-19 21:30:00,6.040322,5.0108695
2019-04-19 22:00:00,4.9860387,4.292974
2019-04-19 22:30:00,4.225188,4.135485
2019-04-19 23:00:00,4.4259152,4.5707026
2019-04-19 23:30:00,4.425863,5.282883
2019-04-20 00:00:00,3.7590446,6.6933765
2019-04-20 00:30:00,4.464676,6.667917
2019-04-20 01:00:00,4.571585,6.5116296
2019-04-20 01:30:00,4.971358,6.355976
2019-04-20 02:00:00,4.29778,6.418222
2019-04-20 02:30:00,3.4136393,4.996604
2019-04-20 03:00:00,7.4472237,1.2780575
2019-04-20 03:30:00,5.1271596,0.48590434
2019-04-20 04:00:00,2.9773605,-0.018431377
2019-04-20 04:30:00,4.6195602,-0.9244146
2019-04-20 05:00:00,3.385208,-3.0845737
2019-04-20 05:30:00,4.784289,-4.214241
2019-04-20 06:00:00,4.7182765,-4.299351
2019-04-20 06:30:00,3.6275797,-5.336297
2019-04-20 07:00:00,3.2977338,-6.085377
2019-04-20 07:30:00,1.6900734,-8.35529
2019-04-20 08:00:00,1.3124923,-8.778203
2019-04-20 08:30:00,-0.3185921,-10.286854
2019-04-20 09:00:00,-2.868916,-11.646011
2019-04-20 09:30:00,-6.4524198,-11.827156
2019-04-20 10:00:00,-4.592312,-12.863145
2019-04-20 10:30:00,-5.391954,-12.97815
2019-04-20 11:00:00,-10.204683,-14.242741
2019-04-20 11:30:00,-11.174241,-15.272638
2019-04-20 12:00:00,-16.093277,-15.3916855
2019-04-20 12:30:00,-10.20603,-15.099429
2019-04-20 13:00:00,-8.107256,-13.939962
2019-04-20 13:30:00,-14.805492,-13.812339
2019-04-20 14:00:00,-15.995127,-12.770296
2019-04-20 14:30:00,-7.182755,-12.496723
2019-04-20 15:00:00,-7.5972266,-11.832478
2019-04-20 15:30:00,-7.6724973,-10.997605
2019-04-20 16:00:00,-7.879779,-10.19227
2019-04-20 16:30:00,-4.6525826,-8.430945
2019-04-20 17:00:00,-1.9669877,-6.267081
2019-04-20 17:30:00,-0.6014983,-4.338706
2019-04-20 18:00:00,2.3961897,-2.814356
2019-04-20 18:30:00,3.2419024,-1.8614987
2019-04-20 19:00:00,3.5612051,-0.99351573
2019-04-20 19:30:00,3.1661642,-0.49111125
2019-04-20 20:00:00,2.3347132,1.5066876
2019-04-20 20:30:00,3.2393768,1.6508235
2019-04-20 21:00:00,4.0289564,3.152794
2019-04-20 21:30:00,3.0102746,3.8767197
2019-04-20 22:00:00,4.4830184,3.5293744
2019-04-20 22:30:00,2.6867118,2.6285427
2019-04-20 23:00:00,0.57099295,2.7114117
2019-04-20 23:30:00,-1.5447258,3.2238088
2019-04-21 00:00:00,3.9185169,3.5457988
2019-04-21 00:30:00,-0.7923512,3.9435837
2019-04-21 01:00:00,1.8238363,4.002539
2019-04-21 01:30:00,4.4400196,3.6488192
2019-04-21 02:00:00,1.7643085,2.7001474
2019-04-21 02:30:00,2.1953878,0.3071021
2019-04-21 03:00:00,2.6264715,0.9951687
2019-04-21 03:30:00,2.0239828,1.7898691
2019-04-21 04:00:00,1.0234777,1.570432
2019-04-21 04:30:00,3.1452131,2.323178
2019-04-21 05:00:00,4.153557,1.8070363
2019-04-21 05:30:00,3.0538938,1.4592453
2019-04-21 06:00:00,4.7200594,1.5635502
2019-04-21 06:30:00,4.4210176,1.4029857
2019-04-21 07:00:00,4.1219754,0.5170141
2019-04-21 07:30:00,3.822933,0.25871167
2019-04-21 08:00:00,3.523891,-1.4955051
2019-04-21 08:30:00,3.2248487,-3.2655125
2019-04-21 09:00:00,2.9258065,-5.7320724
2019-04-21 09:30:00,2.6267688,-8.215388
2019-04-21 10:00:00,2.3277266,-9.630766
2019-04-21 10:30:00,2.0286841,-10.59858
2019-04-21 11:00:00,1.729642,-12.398526
2019-04-21 11:30:00,1.4305999,-13.322824
2019-04-21 12:00:00,1.1315577,-14.277643
2019-04-21 12:30:00,0.83251995,-13.916621
2019-04-21 13:00:00,0.5334777,-13.444357
2019-04-21 13:30:00,0.23443559,-14.183916
2019-04-21 14:00:00,9.433789,-14.075329
2019-04-21 14:30:00,3.5086899,-12.548775
2019-04-21 15:00:00,-2.4164095,-10.786684
2019-04-21 15:30:00,1.6117965,-9.857798
2019-04-21 16:00:00,0.4053992,-8.515396
2019-04-21 16:30:00,-0.8010025,-5.62065
2019-04-21 17:00:00,-2.0073998,-2.8705676
2019-04-21 17:30:00,1.4713135,-1.1856881
2019-04-21 18:00:00,3.3474743,0.64977217
2019-04-21 18:30:00,5.2236347,2.6501317
2019-04-21 19:00:00,5.338741,3.3784442
2019-04-21 19:30:00,5.782194,3.8544621
2019-04-21 20:00:00,5.6050086,4.8598433
2019-04-21 20:30:00,4.589866,5.5993896
2019-04-21 21:00:00,5.0184197,5.9100456
2019-04-21 21:30:00,3.9393454,5.93007
2019-04-21 22:00:00,3.7614214,5.8191366
2019-04-21 22:30:00,4.8469844,5.311262
2019-04-21 23:00:00,5.7433333,5.0904484
2019-04-21 23:30:00,3.23007,4.485382
2019-04-22 00:00:00,4.8581963,4.5576773
2019-04-22 00:30:00,5.0674963,4.292144
2019-04-22 01:00:00,5.3866243,4.2037563
2019-04-22 01:30:00,5.7057524,4.6982474
2019-04-22 02:00:00,4.062644,4.8560553
2019-04-22 02:30:00,5.005976,4.8741093
2019-04-22 03:00:00,5.8846946,4.423237
2019-04-22 03:30:00,5.4718003,4.6504292
2019-04-22 04:00:00,4.565962,4.585619
2019-04-22 04:30:00,4.4483128,4.760598
2019-04-22 05:00:00,6.184117,4.5888743
2019-04-22 05:30:00,5.0123377,3.820709
2019-04-22 06:00:00,6.839208,3.6189022
2019-04-22 06:30:00,5.1376157,2.7038002
2019-04-22 07:00:00,2.8562467,1.8752023
2019-04-22 07:30:00,1.3767041,0.2692942
2019-04-22 08:00:00,1.1293075,-0.83276325
2019-04-22 08:30:00,-0.5744827,-2.179198
2019-04-22 09:00:00,-1.4919354,-3.9488864
2019-04-22 09:30:00,-2.8283556,-5.396039
2019-04-22 10:00:00,-4.719464,-6.744982
2019-04-22 10:30:00,-4.9609313,-7.102949
2019-04-22 11:00:00,-4.208714,-7.4503775
2019-04-22 11:30:00,-5.959955,-7.6248846
2019-04-22 12:00:00,-9.455586,-7.382679
2019-04-22 12:30:00,-3.9025016,-6.884906
2019-04-22 13:00:00,-3.8930025,-6.293878
2019-04-22 13:30:00,-4.458409,-5.9402537
2019-04-22 14:00:00,-2.21431,-4.286947
2019-04-22 14:30:00,-1.9286424,-3.6196914
2019-04-22 15:00:00,-8.061618,-3.203835
2019-04-22 15:30:00,-4.847643,-2.891414
2019-04-22 16:00:00,0.1190762,-1.610113
2019-04-22 16:30:00,-0.45616522,-0.6710539
2019-04-22 17:00:00,0.78363574,-0.10826069
2019-04-22 17:30:00,2.023441,0.9917912
2019-04-22 18:00:00,2.2080808,2.490585
2019-04-22 18:30:00,5.7905917,3.3705707
2019-04-22 19:00:00,5.322653,3.6514494
2019-04-22 19:30:00,12.691925,3.8968492
2019-04-22 20:00:00,13.252708,4.1230063
2019-04-22 20:30:00,13.813488,3.9763277
2019-04-22 21:00:00,14.374267,3.8162348
2019-04-22 21:30:00,13.004232,3.720402
2019-04-22 22:00:00,6.4701996,3.4356825
2019-04-22 22:30:00,1.8564929,3.2076902
2019-04-22 23:00:00,46.589184,3.5740597
2019-04-22 23:30:00,4.226481,3.1795866
2019-04-23 00:00:00,4.251841,2.8183818
2019-04-23 00:30:00,4.068958,3.4314399
2019-04-23 01:00:00,9.053464,3.0046382
2019-04-23 01:30:00,14.037975,3.2112558
2019-04-23 02:00:00,9.669952,3.1923625
2019-04-23 02:30:00,5.301929,3.4380507
2019-04-23 03:00:00,24.879038,3.2679784
2019-04-23 03:30:00,3.5500326,3.2451181
2019-04-23 04:00:00,2.8395164,3.183873
2019-04-23 04:30:00,4.352519,3.2617567
2019-04-23 05:00:00,4.1149974,3.5959413
2019-04-23 05:30:00,3.938192,3.1349757
2019-04-23 06:00:00,3.7321424,3.4092262
2019-04-23 06:30:00,2.9137297,2.9755034
2019-04-23 07:00:00,2.173825,2.5520267
2019-04-23 07:30:00,0.9802081,1.7601925
2019-04-23 08:00:00,-0.8970188,1.0665419
2019-04-23 08:30:00,-1.2982336,0.5359639
2019-04-23 09:00:00,-1.6981945,-0.40417442
2019-04-23 09:30:00,-2.1484685,-1.1272482
2019-04-23 10:00:00,-2.2959685,-1.4416224
2019-04-23 10:30:00,-5.4713974,-2.522427
2019-04-23 11:00:00,-3.1904166,-2.4415812
2019-04-23 11:30:00,-6.9736733,-3.2402751
2019-04-23 12:00:00,-4.264427,-3.3520255
2019-04-23 12:30:00,-4.217212,-2.7889528
2019-04-23 13:00:00,-6.5377965,-2.3757746
2019-04-23 13:30:00,-10.634264,-2.331063
2019-04-23 14:00:00,-11.74409,-1.888226
2019-04-23 14:30:00,-10.071266,-1.281285
2019-04-23 15:00:00,-5.6822224,-2.3086264
2019-04-23 15:30:00,-4.876756,-2.0052195
2019-04-23 16:00:00,-8.064703,-1.1469802
2019-04-23 16:30:00,-4.7900987,0.2246002
2019-04-23 17:00:00,-2.2560897,0.5192861
2019-04-23 17:30:00,-1.7342416,1.1963725
2019-04-23 18:00:00,0.9680613,2.1279209
2019-04-23 18:30:00,2.251499,2.6332178
2019-04-23 19:00:00,3.534941,2.9965417
2019-04-23 19:30:00,11.460361,3.2840228
2019-04-23 20:00:00,19.385784,4.3200464
2019-04-23 20:30:00,4.395356,4.580075
2019-04-23 21:00:00,9.414887,4.5412135
2019-04-23 21:30:00,14.434423,4.9728
2019-04-23 22:00:00,-0.65526307,4.3858833
2019-04-23 22:30:00,17.54115,3.379956
2019-04-23 23:00:00,-32.734936,6.834113
2019-04-23 23:30:00,-33.87075,5.6628675
2019-04-24 00:00:00,-35.006565,4.253536
2019-04-24 00:30:00,-36.14238,3.61535
2019-04-24 01:00:00,-37.278194,5.279549
2019-04-24 01:30:00,-1.7822214,5.292985
2019-04-24 02:00:00,-11.7118845,5.097505
2019-04-24 02:30:00,-4.535488,4.1108685
2019-04-24 03:00:00,-14.128635,8.23935
2019-04-24 03:30:00,-23.721786,5.226379
2019-04-24 04:00:00,-33.314934,4.112127
2019-04-24 04:30:00,-28.492624,3.5865386
2019-04-24 05:00:00,-23.670317,3.9535108
2019-04-24 05:30:00,-18.84801,4.349382
2019-04-24 06:00:00,-14.0257,3.795393
2019-04-24 06:30:00,-10.815055,3.2497234
2019-04-24 07:00:00,-12.845497,3.752259
2019-04-24 07:30:00,-14.875939,1.9659754
2019-04-24 08:00:00,-16.906382,1.1878742
2019-04-24 08:30:00,-18.936825,-0.46176672
2019-04-24 09:00:00,-10.926429,-0.96442467
2019-04-24 09:30:00,-14.442053,-1.1975858
2019-04-24 10:00:00,-28.257614,-1.7692794
2019-04-24 10:30:00,-23.47779,-2.8197827
2019-04-24 11:00:00,-20.423908,-1.7398738
2019-04-24 11:30:00,-17.502794,-3.7080657
2019-04-24 12:00:00,-20.028536,-3.34853
2019-04-24 12:30:00,-14.782212,-3.8998625
2019-04-24 13:00:00,-15.109393,-4.2216034
2019-04-24 13:30:00,-15.400478,-4.41011
2019-04-24 14:00:00,-5.5181713,-4.8726573
2019-04-24 14:30:00,-19.974113,-5.2270813
2019-04-24 15:00:00,-17.101519,-3.8868942
2019-04-24 15:30:00,-17.954618,-4.772329
2019-04-24 16:00:00,-11.631785,-3.297697
2019-04-24 16:30:00,-11.338096,-2.5412984
2019-04-24 17:00:00,-8.669756,-1.4645702
2019-04-24 17:30:00,-5.692005,0.1312754
2019-04-24 18:00:00,-2.39815,0.56444764
2019-04-24 18:30:00,-0.6447286,1.6527548
2019-04-24 19:00:00,-2.799911,2.9212842
2019-04-24 19:30:00,12.500627,3.8286176
2019-04-24 20:00:00,2.9066164,5.589445
2019-04-24 20:30:00,-12.503102,4.7274523
2019-04-24 21:00:00,-8.12233,5.607901
2019-04-24 21:30:00,1.8912203,5.984224
2019-04-24 22:00:00,8.865193,6.8480473
2019-04-24 22:30:00,6.584759,6.55084
2019-04-24 23:00:00,5.453095,2.4762099
2019-04-24 23:30:00,6.0956244,1.0258328
