时间,真实值,预测值
2018-07-25 23:30:00,42.391376,14.003742
2018-07-26 00:00:00,7.7510285,12.782375
2018-07-26 00:30:00,7.4822836,11.597436
2018-07-26 01:00:00,3.355278,10.82463
2018-07-26 01:30:00,4.7732563,10.432289
2018-07-26 02:00:00,4.843734,9.476797
2018-07-26 02:30:00,4.9142065,9.279154
2018-07-26 03:00:00,5.619554,9.444787
2018-07-26 03:30:00,4.443017,8.967209
2018-07-26 04:00:00,-2.9978292,8.895543
2018-07-26 04:30:00,10.351522,8.614774
2018-07-26 05:00:00,8.137016,7.95703
2018-07-26 05:30:00,17.288946,6.4158144
2018-07-26 06:00:00,7.157698,2.653793
2018-07-26 06:30:00,13.257681,0.53955114
2018-07-26 07:00:00,1.7393246,-2.2073715
2018-07-26 07:30:00,-9.779031,-5.791137
2018-07-26 08:00:00,-7.134819,-9.045708
2018-07-26 08:30:00,-8.1670065,-12.733554
2018-07-26 09:00:00,-9.319551,-16.190931
2018-07-26 09:30:00,-12.254601,-20.091253
2018-07-26 10:00:00,-17.388987,-22.85294
2018-07-26 10:30:00,-24.315876,-24.814795
2018-07-26 11:00:00,-19.384172,-25.351973
2018-07-26 11:30:00,-31.685522,-25.431797
2018-07-26 12:00:00,-16.390364,-24.35873
2018-07-26 12:30:00,-15.588437,-23.974533
2018-07-26 13:00:00,-23.952736,-23.700386
2018-07-26 13:30:00,-18.220188,-22.881313
2018-07-26 14:00:00,-17.177326,-22.851612
2018-07-26 14:30:00,-24.131285,-20.597645
2018-07-26 15:00:00,-17.948454,-19.416506
2018-07-26 15:30:00,-22.859354,-18.377245
2018-07-26 16:00:00,-19.44365,-15.563643
2018-07-26 16:30:00,-12.525674,-11.822791
2018-07-26 17:00:00,-17.620943,-8.310815
2018-07-26 17:30:00,-4.0231433,-4.8931146
2018-07-26 18:00:00,-1.9767619,-1.3209848
2018-07-26 18:30:00,2.1956367,2.0217195
2018-07-26 19:00:00,6.368031,4.937216
2018-07-26 19:30:00,16.040987,7.192657
2018-07-26 20:00:00,25.713942,8.781018
2018-07-26 20:30:00,15.029607,9.809173
2018-07-26 21:00:00,17.568579,10.4437065
2018-07-26 21:30:00,17.224018,10.792861
2018-07-26 22:00:00,16.879456,10.965921
2018-07-26 22:30:00,16.534893,10.980558
2018-07-26 23:00:00,16.190336,10.899739
2018-07-26 23:30:00,15.845774,11.50855
2018-07-27 00:00:00,15.501212,10.884219
2018-07-27 00:30:00,15.15665,10.889833
2018-07-27 01:00:00,14.812088,10.608946
2018-07-27 01:30:00,14.4675255,10.325271
2018-07-27 02:00:00,14.122968,9.953296
2018-07-27 02:30:00,13.778406,9.594629
2018-07-27 03:00:00,13.433845,9.353852
2018-07-27 03:30:00,13.089282,9.208458
2018-07-27 04:00:00,12.74472,8.762951
2018-07-27 04:30:00,12.400158,9.091997
2018-07-27 05:00:00,12.0556,8.791203
2018-07-27 05:30:00,11.711039,8.569468
2018-07-27 06:00:00,11.366477,6.9976273
2018-07-27 06:30:00,2.2563095,5.311109
2018-07-27 07:00:00,0.56336844,2.4787965
2018-07-27 07:30:00,-1.1295683,-1.160997
2018-07-27 08:00:00,-2.8225093,-4.563845
2018-07-27 08:30:00,-4.5154505,-8.073476
2018-07-27 09:00:00,-6.2083874,-11.718342
2018-07-27 09:30:00,-7.9013286,-15.411271
2018-07-27 10:00:00,-9.594269,-19.123583
2018-07-27 10:30:00,-11.287206,-23.439331
2018-07-27 11:00:00,-12.980146,-25.797676
2018-07-27 11:30:00,-14.673086,-29.04402
2018-07-27 12:00:00,-16.366024,-28.491138
2018-07-27 12:30:00,-18.058964,-26.884384
2018-07-27 13:00:00,-24.650272,-27.081709
2018-07-27 13:30:00,-23.832281,-26.110304
2018-07-27 14:00:00,-14.167013,-24.694717
2018-07-27 14:30:00,-21.019697,-24.118622
2018-07-27 15:00:00,-22.745687,-22.236444
2018-07-27 15:30:00,-14.631099,-21.694242
2018-07-27 16:00:00,-13.521618,-19.658688
2018-07-27 16:30:00,-14.239326,-16.05349
2018-07-27 17:00:00,-11.147906,-13.11228
2018-07-27 17:30:00,-4.386371,-8.170034
2018-07-27 18:00:00,-3.8519351,-3.5308628
2018-07-27 18:30:00,-0.7601273,0.9921757
2018-07-27 19:00:00,2.3316808,5.1404643
2018-07-27 19:30:00,11.0862665,8.621449
2018-07-27 20:00:00,-27.292652,11.120614
2018-07-27 20:30:00,-24.57848,12.34669
2018-07-27 21:00:00,-21.864311,13.277872
2018-07-27 21:30:00,-19.15014,13.833202
2018-07-27 22:00:00,-16.435966,13.94944
2018-07-27 22:30:00,-13.721797,13.950747
2018-07-27 23:00:00,-11.007625,13.876419
2018-07-27 23:30:00,-8.293455,13.828296
2018-07-28 00:00:00,-5.579285,13.869437
2018-07-28 00:30:00,-2.8651147,14.078021
2018-07-28 01:00:00,-0.1509448,14.394833
2018-07-28 01:30:00,2.5632255,14.779912
2018-07-28 02:00:00,5.2773995,15.442828
2018-07-28 02:30:00,7.9915695,16.216421
2018-07-28 03:00:00,7.1563435,17.075922
2018-07-28 03:30:00,6.3211217,18.276403
2018-07-28 04:00:00,5.4859004,19.402615
2018-07-28 04:30:00,4.6506743,20.233715
2018-07-28 05:00:00,3.8154528,20.88476
2018-07-28 05:30:00,5.0560136,21.333649
2018-07-28 06:00:00,7.026395,22.429625
2018-07-28 06:30:00,4.5030866,21.068108
2018-07-28 07:00:00,-6.083057,19.222015
2018-07-28 07:30:00,-4.4361296,17.21533
2018-07-28 08:00:00,-4.6948647,14.774633
2018-07-28 08:30:00,-2.858766,12.643355
2018-07-28 09:00:00,-8.621086,10.798069
2018-07-28 09:30:00,-13.9625,9.248922
2018-07-28 10:00:00,-25.69164,7.7561145
2018-07-28 10:30:00,-18.475042,5.961888
2018-07-28 11:00:00,-17.14543,3.8201237
2018-07-28 11:30:00,-24.660486,0.57512194
2018-07-28 12:00:00,-25.684952,-3.5018635
2018-07-28 12:30:00,-28.317654,-9.248907
2018-07-28 13:00:00,-27.179781,-16.297256
2018-07-28 13:30:00,-24.388834,-21.509476
2018-07-28 14:00:00,-22.956675,-23.11798
2018-07-28 14:30:00,-19.48677,-23.324142
2018-07-28 15:00:00,-14.403572,-22.591866
2018-07-28 15:30:00,-14.702431,-19.966755
2018-07-28 16:00:00,-19.622494,-16.610498
2018-07-28 16:30:00,-19.665897,-12.119744
2018-07-28 17:00:00,-12.633283,-6.580983
2018-07-28 17:30:00,-11.377035,-1.0357105
2018-07-28 18:00:00,-6.676593,2.9320285
2018-07-28 18:30:00,-3.5327897,5.05888
2018-07-28 19:00:00,0.9774467,6.3193655
2018-07-28 19:30:00,2.4138944,7.9016094
2018-07-28 20:00:00,17.955074,9.470694
2018-07-28 20:30:00,15.900399,11.138868
2018-07-28 21:00:00,-22.039137,12.475512
2018-07-28 21:30:00,17.837612,13.244224
2018-07-28 22:00:00,20.475708,13.311196
2018-07-28 22:30:00,6.0276814,12.762245
2018-07-28 23:00:00,12.873031,11.72402
2018-07-28 23:30:00,19.718378,10.355625
2018-07-29 00:00:00,26.563726,9.101392
2018-07-29 00:30:00,15.260902,8.159296
2018-07-29 01:00:00,3.9580812,7.617615
2018-07-29 01:30:00,2.3923185,7.503243
2018-07-29 02:00:00,3.9359984,7.9397798
2018-07-29 02:30:00,5.479678,8.899886
2018-07-29 03:00:00,7.0233583,9.882259
2018-07-29 03:30:00,14.019747,10.429698
2018-07-29 04:00:00,9.38931,10.195445
2018-07-29 04:30:00,-5.8243265,8.747833
2018-07-29 05:00:00,4.330454,6.4155345
2018-07-29 05:30:00,14.485239,3.073748
2018-07-29 06:00:00,5.1508503,-0.22573483
2018-07-29 06:30:00,-4.183542,-4.0979857
2018-07-29 07:00:00,-13.51793,-7.9356236
2018-07-29 07:30:00,-6.413004,-10.561956
2018-07-29 08:00:00,-5.727926,-13.433584
2018-07-29 08:30:00,-13.963234,-15.948881
2018-07-29 09:00:00,-14.274739,-19.136965
2018-07-29 09:30:00,-17.51702,-22.604242
2018-07-29 10:00:00,-18.040487,-27.05981
2018-07-29 10:30:00,-19.667141,-29.751661
2018-07-29 11:00:00,-22.21754,-31.32099
2018-07-29 11:30:00,-21.040516,-32.77344
2018-07-29 12:00:00,-26.42999,-32.43959
2018-07-29 12:30:00,-20.427803,-31.818012
2018-07-29 13:00:00,-18.281633,-31.381004
2018-07-29 13:30:00,-15.957052,-29.537241
2018-07-29 14:00:00,-14.039068,-27.37392
2018-07-29 14:30:00,-19.526794,-24.768389
2018-07-29 15:00:00,-21.105865,-21.818455
2018-07-29 15:30:00,-16.608442,-18.94459
2018-07-29 16:00:00,-18.312607,-16.006392
2018-07-29 16:30:00,-11.887125,-13.699284
2018-07-29 17:00:00,-7.2395434,-7.8463492
2018-07-29 17:30:00,-5.302059,-7.0786295
2018-07-29 18:00:00,-9.119257,-2.4283378
2018-07-29 18:30:00,-3.3777566,0.21999055
2018-07-29 19:00:00,1.9233962,2.498817
2018-07-29 19:30:00,7.2245445,3.7879083
2018-07-29 20:00:00,8.540316,5.713757
2018-07-29 20:30:00,13.223622,7.3289022
2018-07-29 21:00:00,17.906923,7.557589
2018-07-29 21:30:00,22.590223,8.682271
2018-07-29 22:00:00,27.273525,9.343458
2018-07-29 22:30:00,15.010198,9.394418
2018-07-29 23:00:00,4.310023,9.543989
2018-07-29 23:30:00,18.545725,9.593131
2018-07-30 00:00:00,13.302598,9.685914
2018-07-30 00:30:00,8.059469,9.499045
2018-07-30 01:00:00,17.261284,9.131627
2018-07-30 01:30:00,5.078612,8.692919
2018-07-30 02:00:00,6.6328263,8.249409
2018-07-30 02:30:00,6.3705044,7.962754
2018-07-30 03:00:00,6.1081862,7.86703
2018-07-30 03:30:00,5.8458643,8.238988
2018-07-30 04:00:00,11.182226,8.42036
2018-07-30 04:30:00,15.435213,7.8678255
2018-07-30 05:00:00,5.798505,8.042294
2018-07-30 05:30:00,14.166801,8.494652
2018-07-30 06:00:00,22.535091,7.862919
2018-07-30 06:30:00,30.903393,6.297357
2018-07-30 07:00:00,-10.068308,3.7528358
2018-07-30 07:30:00,-8.541656,1.5222468
2018-07-30 08:00:00,-6.605093,-0.85009205
2018-07-30 08:30:00,-14.874156,-4.15297
2018-07-30 09:00:00,-25.045712,-7.430549
2018-07-30 09:30:00,-23.805569,-11.092844
2018-07-30 10:00:00,-21.427992,-14.790025
2018-07-30 10:30:00,-22.410004,-18.55612
2018-07-30 11:00:00,-22.030146,-22.347122
2018-07-30 11:30:00,-23.283754,-25.555252
2018-07-30 12:00:00,-26.903828,-28.335114
2018-07-30 12:30:00,-21.077774,-29.583292
2018-07-30 13:00:00,-23.652575,-28.603819
2018-07-30 13:30:00,-20.546167,-25.857225
2018-07-30 14:00:00,-8.8564625,-23.946112
2018-07-30 14:30:00,-30.533598,-22.083345
2018-07-30 15:00:00,-23.422832,-20.426819
2018-07-30 15:30:00,-19.925797,-19.052412
2018-07-30 16:00:00,-21.415047,-16.605688
2018-07-30 16:30:00,-15.1754465,-13.71755
2018-07-30 17:00:00,36.191772,-9.71055
2018-07-30 17:30:00,-0.27224648,-5.9784465
2018-07-30 18:00:00,-0.71048284,-2.812796
2018-07-30 18:30:00,-3.0232806,0.44138512
2018-07-30 19:00:00,1.5713015,3.5439856
2018-07-30 19:30:00,6.1658835,6.1099253
2018-07-30 20:00:00,9.739595,8.407706
2018-07-30 20:30:00,6.2009344,9.753656
2018-07-30 21:00:00,6.7271867,10.543446
2018-07-30 21:30:00,11.883471,11.071467
2018-07-30 22:00:00,17.25459,11.479582
2018-07-30 22:30:00,22.625708,11.601525
2018-07-30 23:00:00,5.6632648,11.641553
2018-07-30 23:30:00,27.127573,12.009989
2018-07-31 00:00:00,8.04228,11.969424
2018-07-31 00:30:00,5.302274,11.872442
2018-07-31 01:00:00,2.5622685,12.084954
2018-07-31 01:30:00,17.940868,11.695593
2018-07-31 02:00:00,6.450542,11.478738
2018-07-31 02:30:00,11.606559,11.135339
2018-07-31 03:00:00,16.762571,10.9107275
2018-07-31 03:30:00,30.142332,10.777896
2018-07-31 04:00:00,25.945297,11.000142
2018-07-31 04:30:00,21.748264,11.284984
2018-07-31 05:00:00,17.551233,10.657419
2018-07-31 05:30:00,13.354199,10.054555
2018-07-31 06:00:00,6.421062,8.903644
2018-07-31 06:30:00,6.8559074,7.2855234
2018-07-31 07:00:00,-6.534231,3.1556208
2018-07-31 07:30:00,-6.212875,-0.52508724
2018-07-31 08:00:00,-16.457838,-4.0873947
2018-07-31 08:30:00,-18.107769,-8.187
2018-07-31 09:00:00,-21.004599,-12.989733
2018-07-31 09:30:00,-23.221128,-17.701246
2018-07-31 10:00:00,-30.873781,-21.811455
2018-07-31 10:30:00,-28.654419,-25.56178
2018-07-31 11:00:00,-22.983656,-28.462645
2018-07-31 11:30:00,-25.59316,-30.109888
2018-07-31 12:00:00,-26.0685,-30.77259
2018-07-31 12:30:00,-25.63467,-29.85031
2018-07-31 13:00:00,-27.20523,-29.582655
2018-07-31 13:30:00,-26.098606,-27.443033
2018-07-31 14:00:00,-26.727377,-23.95889
2018-07-31 14:30:00,-21.440096,-24.435726
2018-07-31 15:00:00,-20.669367,-22.014118
2018-07-31 15:30:00,-20.650873,-18.706669
2018-07-31 16:00:00,-16.5043,-16.431286
2018-07-31 16:30:00,-18.329731,-13.348004
2018-07-31 17:00:00,-12.977027,-5.081809
2018-07-31 17:30:00,-9.91989,-1.5620109
2018-07-31 18:00:00,-2.2094252,0.8369679
2018-07-31 18:30:00,-1.9211621,3.1849391
2018-07-31 19:00:00,0.15403968,5.639653
2018-07-31 19:30:00,2.2292414,7.7529073
2018-07-31 20:00:00,5.588667,9.313921
2018-07-31 20:30:00,8.948093,10.285234
2018-07-31 21:00:00,9.080121,10.935467
2018-07-31 21:30:00,9.755941,11.453182
2018-07-31 22:00:00,6.990431,11.817209
2018-07-31 22:30:00,5.47374,12.093492
2018-07-31 23:00:00,14.260598,11.848847
2018-07-31 23:30:00,36.07665,12.310128
2018-08-01 00:00:00,13.5728855,11.8416815
2018-08-01 00:30:00,17.98797,11.63866
2018-08-01 01:00:00,22.159546,11.2309265
2018-08-01 01:30:00,26.33113,11.413696
2018-08-01 02:00:00,24.87183,10.903519
2018-08-01 02:30:00,22.024067,10.904388
2018-08-01 03:00:00,15.59901,11.050403
2018-08-01 03:30:00,9.173958,11.709042
2018-08-01 04:00:00,19.954016,11.667188
2018-08-01 04:30:00,30.73408,11.193551
2018-08-01 05:00:00,41.51414,9.948843
2018-08-01 05:30:00,27.40485,8.110202
2018-08-01 06:00:00,13.295563,5.5881386
2018-08-01 06:30:00,-0.81372166,2.8251805
2018-08-01 07:00:00,-14.923012,-0.877147
2018-08-01 07:30:00,-35.049557,-4.3205996
2018-08-01 08:00:00,-9.939661,-8.367209
2018-08-01 08:30:00,-16.798828,-12.461554
2018-08-01 09:00:00,-17.137207,-16.409275
2018-08-01 09:30:00,-21.265368,-20.061739
2018-08-01 10:00:00,-26.13217,-23.767124
2018-08-01 10:30:00,-22.777262,-26.703964
2018-08-01 11:00:00,-23.039085,-27.796934
2018-08-01 11:30:00,-28.955797,-28.285984
2018-08-01 12:00:00,-30.114344,-28.806734
2018-08-01 12:30:00,-28.585165,-29.08732
2018-08-01 13:00:00,-23.287918,-29.350048
2018-08-01 13:30:00,-11.857999,-29.449047
2018-08-01 14:00:00,-27.894735,-29.778534
2018-08-01 14:30:00,-33.17802,-28.666018
2018-08-01 15:00:00,-27.934544,-26.128515
2018-08-01 15:30:00,-27.578918,-23.163734
2018-08-01 16:00:00,-20.216751,-18.758633
2018-08-01 16:30:00,-12.428356,-13.676753
2018-08-01 17:00:00,-15.75781,-7.842246
2018-08-01 17:30:00,-10.682598,-2.3034837
2018-08-01 18:00:00,-4.0719404,2.6194894
2018-08-01 18:30:00,2.538722,5.5778008
2018-08-01 19:00:00,2.7293828,6.9108434
2018-08-01 19:30:00,6.1297884,7.799183
2018-08-01 20:00:00,7.883769,9.538549
2018-08-01 20:30:00,9.637746,11.804079
2018-08-01 21:00:00,11.391727,13.986168
2018-08-01 21:30:00,23.195076,15.655834
2018-08-01 22:00:00,15.094968,16.682858
2018-08-01 22:30:00,6.9948616,17.043983
2018-08-01 23:00:00,5.1166997,16.964836
2018-08-01 23:30:00,3.2385378,16.835068
2018-08-02 00:00:00,12.27693,15.700725
2018-08-02 00:30:00,21.315315,14.768084
2018-08-02 01:00:00,30.353703,13.503469
2018-08-02 01:30:00,13.152634,12.299332
2018-08-02 02:00:00,11.590113,11.061959
2018-08-02 02:30:00,10.027596,10.1057205
2018-08-02 03:00:00,8.481373,9.617079
2018-08-02 03:30:00,1.7450178,9.73215
2018-08-02 04:00:00,4.437442,10.914529
2018-08-02 04:30:00,3.6752841,12.09267
2018-08-02 05:00:00,-6.852739,12.598605
2018-08-02 05:30:00,-3.7958415,11.002205
2018-08-02 06:00:00,-0.7389447,8.005206
2018-08-02 06:30:00,2.3179524,3.7747655
2018-08-02 07:00:00,-1.3893694,-0.6013061
2018-08-02 07:30:00,-7.534911,-5.894153
2018-08-02 08:00:00,-11.005492,-9.76459
2018-08-02 08:30:00,-19.157345,-13.923558
2018-08-02 09:00:00,-18.080477,-18.317926
2018-08-02 09:30:00,-29.290564,-22.932981
2018-08-02 10:00:00,-26.63439,-27.077314
2018-08-02 10:30:00,-28.925701,-30.028423
2018-08-02 11:00:00,-26.574846,-31.662216
2018-08-02 11:30:00,-22.44857,-32.47169
2018-08-02 12:00:00,-33.040276,-32.82302
2018-08-02 12:30:00,-27.32369,-32.71438
2018-08-02 13:00:00,-29.89873,-30.601543
2018-08-02 13:30:00,-21.24728,-26.11727
2018-08-02 14:00:00,-23.454506,-25.772928
2018-08-02 14:30:00,-23.745384,-26.268105
2018-08-02 15:00:00,-25.22357,-25.583265
2018-08-02 15:30:00,-24.638023,-23.902086
2018-08-02 16:00:00,-19.42946,-20.760334
2018-08-02 16:30:00,-18.290962,-16.518541
2018-08-02 17:00:00,-12.41755,-12.836798
2018-08-02 17:30:00,-5.326344,-8.233853
2018-08-02 18:00:00,-1.2854402,-2.9778087
2018-08-02 18:30:00,2.7320218,2.034028
2018-08-02 19:00:00,3.2371004,5.8250003
2018-08-02 19:30:00,8.565526,8.33642
2018-08-02 20:00:00,6.9102755,9.711929
2018-08-02 20:30:00,5.328608,10.41268
2018-08-02 21:00:00,6.5611734,10.903536
2018-08-02 21:30:00,5.91372,11.385946
2018-08-02 22:00:00,7.615234,11.606109
2018-08-02 22:30:00,8.415929,11.684871
2018-08-02 23:00:00,9.468793,11.651419
2018-08-02 23:30:00,6.566788,11.404385
2018-08-03 00:00:00,3.6647847,11.235807
2018-08-03 00:30:00,42.187325,11.263146
2018-08-03 01:00:00,7.903396,11.664999
2018-08-03 01:30:00,-47.063297,11.345976
2018-08-03 02:00:00,-25.337866,10.998028
2018-08-03 02:30:00,-3.6124296,10.387285
2018-08-03 03:00:00,18.112999,9.978939
2018-08-03 03:30:00,12.649123,9.702093
2018-08-03 04:00:00,7.185247,9.957603
2018-08-03 04:30:00,1.7213665,10.030083
2018-08-03 05:00:00,3.8154266,9.116518
2018-08-03 05:30:00,5.9094863,7.682753
2018-08-03 06:00:00,8.003546,5.5630803
2018-08-03 06:30:00,-0.7397094,2.9180248
2018-08-03 07:00:00,-9.48296,-0.1861311
2018-08-03 07:30:00,-11.313348,-3.7922893
2018-08-03 08:00:00,-13.545254,-7.405124
2018-08-03 08:30:00,-18.024336,-11.526261
2018-08-03 09:00:00,-21.095913,-15.578013
2018-08-03 09:30:00,-15.17012,-20.227432
2018-08-03 10:00:00,-21.497509,-24.490284
2018-08-03 10:30:00,-19.045546,-28.26278
2018-08-03 11:00:00,-24.063637,-30.785301
2018-08-03 11:30:00,-26.764723,-31.69511
2018-08-03 12:00:00,-24.815437,-32.712677
2018-08-03 12:30:00,-22.155897,-32.662636
2018-08-03 13:00:00,-16.84306,-32.366226
2018-08-03 13:30:00,-20.262878,-30.523447
2018-08-03 14:00:00,-21.503706,-28.854769
2018-08-03 14:30:00,-24.144508,-27.225376
2018-08-03 15:00:00,-19.259926,-26.011646
2018-08-03 15:30:00,-20.196257,-24.15648
2018-08-03 16:00:00,-16.74019,-21.185453
2018-08-03 16:30:00,-14.75805,-17.313726
2018-08-03 17:00:00,-17.640282,-12.798539
2018-08-03 17:30:00,-10.438299,-7.419761
2018-08-03 18:00:00,-4.4112196,-2.1846771
2018-08-03 18:30:00,2.539963,2.690867
2018-08-03 19:00:00,6.5829287,6.4282317
2018-08-03 19:30:00,5.019084,8.795961
2018-08-03 20:00:00,6.2626643,9.713497
2018-08-03 20:30:00,7.5062494,9.889219
2018-08-03 21:00:00,-6.287031,9.926014
2018-08-03 21:30:00,22.14478,9.951058
2018-08-03 22:00:00,16.13855,9.912232
2018-08-03 22:30:00,10.13232,9.681042
2018-08-03 23:00:00,4.1260867,9.290881
2018-08-03 23:30:00,15.758256,8.764733
2018-08-04 00:00:00,22.575237,8.206428
2018-08-04 00:30:00,29.39222,8.742577
2018-08-04 01:00:00,8.772979,8.056467
2018-08-04 01:30:00,7.1555877,6.3019276
2018-08-04 02:00:00,5.5382013,5.0387855
2018-08-04 02:30:00,3.920815,4.3076897
2018-08-04 03:00:00,4.045516,4.8131614
2018-08-04 03:30:00,3.1837814,5.45746
2018-08-04 04:00:00,3.1063478,6.4025097
2018-08-04 04:30:00,3.0289142,7.08068
2018-08-04 05:00:00,2.9514809,7.366915
2018-08-04 05:30:00,2.8740473,6.7617965
2018-08-04 06:00:00,7.394573,5.261932
2018-08-04 06:30:00,5.3645463,2.5527565
2018-08-04 07:00:00,3.3345237,-0.87362534
2018-08-04 07:30:00,6.373908,-4.3834176
2018-08-04 08:00:00,9.413289,-8.097237
2018-08-04 08:30:00,12.452673,-12.040694
2018-08-04 09:00:00,15.492058,-16.064653
2018-08-04 09:30:00,-8.471476,-18.952559
2018-08-04 10:00:00,-12.625378,-22.34865
2018-08-04 10:30:00,-14.960942,-24.715649
2018-08-04 11:00:00,-22.078356,-27.055775
2018-08-04 11:30:00,-21.301382,-28.862831
2018-08-04 12:00:00,-21.45697,-29.106295
2018-08-04 12:30:00,-11.242547,-28.125887
2018-08-04 13:00:00,-22.15224,-26.463467
2018-08-04 13:30:00,-21.243128,-26.00131
2018-08-04 14:00:00,-19.542082,-24.93688
2018-08-04 14:30:00,-22.00341,-24.276798
2018-08-04 15:00:00,-10.439973,-22.59502
2018-08-04 15:30:00,-13.314701,-20.953497
2018-08-04 16:00:00,-5.6054487,-18.864573
2018-08-04 16:30:00,-10.984878,-15.600507
2018-08-04 17:00:00,-19.657978,-12.776898
2018-08-04 17:30:00,-9.484349,-9.07739
2018-08-04 18:00:00,-5.5072784,-5.003209
2018-08-04 18:30:00,1.8183835,-0.9832128
2018-08-04 19:00:00,2.977413,2.6462123
2018-08-04 19:30:00,4.1364465,5.4046874
2018-08-04 20:00:00,3.3763425,7.402674
2018-08-04 20:30:00,5.297354,8.765315
2018-08-04 21:00:00,7.218362,9.373737
2018-08-04 21:30:00,35.33831,10.321063
2018-08-04 22:00:00,12.166425,10.635372
2018-08-04 22:30:00,9.935683,10.780574
2018-08-04 23:00:00,7.704945,10.88906
2018-08-04 23:30:00,8.938419,11.251196
2018-08-05 00:00:00,6.2671647,11.555281
2018-08-05 00:30:00,3.595915,11.988203
2018-08-05 01:00:00,4.6047697,11.7913475
2018-08-05 01:30:00,5.2235603,11.942221
2018-08-05 02:00:00,4.5394177,11.952126
2018-08-05 02:30:00,2.9877725,11.935461
2018-08-05 03:00:00,9.445211,11.958242
2018-08-05 03:30:00,38.303654,11.970398
2018-08-05 04:00:00,2.5300708,12.009329
2018-08-05 04:30:00,19.93029,11.97212
2018-08-05 05:00:00,18.245771,11.644694
2018-08-05 05:30:00,8.580242,10.848954
2018-08-05 06:00:00,-6.178702,9.753809
2018-08-05 06:30:00,-20.937647,7.9126067
2018-08-05 07:00:00,-35.69659,5.5527205
2018-08-05 07:30:00,-11.998334,3.0728173
2018-08-05 08:00:00,-9.651651,0.6070269
2018-08-05 08:30:00,-19.195698,-1.9813716
2018-08-05 09:00:00,-20.95489,-4.597887
2018-08-05 09:30:00,-29.565746,-8.937701
2018-08-05 10:00:00,-25.604,-13.67756
2018-08-05 10:30:00,-23.43656,-19.14835
2018-08-05 11:00:00,-24.314451,-25.341215
2018-08-05 11:30:00,-18.998413,-28.573421
2018-08-05 12:00:00,-20.006077,-31.214203
2018-08-05 12:30:00,-21.240356,-30.251287
2018-08-05 13:00:00,-24.736992,-31.253384
2018-08-05 13:30:00,-19.118069,-31.386292
2018-08-05 14:00:00,-19.349142,-30.082064
2018-08-05 14:30:00,-14.505615,-29.599712
2018-08-05 15:00:00,-22.964634,-25.929749
2018-08-05 15:30:00,-21.577297,-23.128548
2018-08-05 16:00:00,-18.624796,-19.060307
2018-08-05 16:30:00,-11.738511,-15.776915
2018-08-05 17:00:00,-8.61631,-13.036284
2018-08-05 17:30:00,-6.8677998,-8.679709
2018-08-05 18:00:00,-3.825007,-3.6089778
2018-08-05 18:30:00,1.40351,1.3774731
2018-08-05 19:00:00,16.206127,5.4999914
2018-08-05 19:30:00,31.008738,8.304178
2018-08-05 20:00:00,45.811356,9.883059
2018-08-05 20:30:00,60.61397,10.739231
2018-08-05 21:00:00,21.976156,11.184336
2018-08-05 21:30:00,29.95452,11.674494
2018-08-05 22:00:00,37.932888,11.550072
2018-08-05 22:30:00,45.911255,11.643987
2018-08-05 23:00:00,74.86222,11.550308
2018-08-05 23:30:00,59.06703,11.304703
2018-08-06 00:00:00,43.27183,10.8645525
2018-08-06 00:30:00,27.476639,10.242262
2018-08-06 01:00:00,16.12065,9.671552
2018-08-06 01:30:00,16.353342,9.151219
2018-08-06 02:00:00,16.58604,8.465018
2018-08-06 02:30:00,16.818739,7.65191
2018-08-06 03:00:00,17.051432,7.2304564
2018-08-06 03:30:00,17.28413,8.447244
2018-08-06 04:00:00,17.516829,8.131101
2018-08-06 04:30:00,17.749523,9.489101
2018-08-06 05:00:00,17.98222,9.748076
2018-08-06 05:30:00,18.214918,8.751447
2018-08-06 06:00:00,18.44761,6.229265
2018-08-06 06:30:00,18.68031,2.6056254
2018-08-06 07:00:00,18.913008,-1.8273349
2018-08-06 07:30:00,-6.326482,-5.2343736
2018-08-06 08:00:00,-12.144239,-8.430722
2018-08-06 08:30:00,-18.3859,-12.323562
2018-08-06 09:00:00,-17.406424,-16.317896
2018-08-06 09:30:00,-25.478193,-20.739807
2018-08-06 10:00:00,-28.600029,-24.07752
2018-08-06 10:30:00,-32.028366,-25.812244
2018-08-06 11:00:00,-41.21951,-26.894083
2018-08-06 11:30:00,-31.00951,-26.389986
2018-08-06 12:00:00,-30.590155,-25.7794
2018-08-06 12:30:00,-30.93413,-25.053263
2018-08-06 13:00:00,-33.516537,-24.836552
2018-08-06 13:30:00,-28.074633,-24.525524
2018-08-06 14:00:00,-29.473354,-23.016472
2018-08-06 14:30:00,-24.412333,-22.291355
2018-08-06 15:00:00,-25.76268,-21.910828
2018-08-06 15:30:00,-17.03627,-21.15157
2018-08-06 16:00:00,-16.651995,-19.141336
2018-08-06 16:30:00,-12.591035,-15.334714
2018-08-06 17:00:00,-11.798143,-10.83635
2018-08-06 17:30:00,-5.173067,-6.3918734
2018-08-06 18:00:00,-2.9119978,-1.7291819
2018-08-06 18:30:00,2.2919285,2.5142713
2018-08-06 19:00:00,-0.53995174,6.373161
2018-08-06 19:30:00,6.729166,9.187669
2018-08-06 20:00:00,13.998284,10.741975
2018-08-06 20:30:00,12.040897,11.816886
2018-08-06 21:00:00,16.214962,12.627495
2018-08-06 21:30:00,11.026765,14.004336
2018-08-06 22:00:00,6.1379066,15.164112
2018-08-06 22:30:00,8.023186,16.150417
2018-08-06 23:00:00,7.684387,17.359886
2018-08-06 23:30:00,5.229892,18.145752
2018-08-07 00:00:00,6.528146,19.143581
2018-08-07 00:30:00,10.883813,19.759441
2018-08-07 01:00:00,15.239479,19.860775
2018-08-07 01:30:00,34.50352,19.77551
2018-08-07 02:00:00,53.767563,19.557848
2018-08-07 02:30:00,41.234695,19.343422
2018-08-07 03:00:00,28.70183,19.2018
2018-08-07 03:30:00,16.168964,19.107006
2018-08-07 04:00:00,3.6361043,19.160282
2018-08-07 04:30:00,10.447412,19.140371
2018-08-07 05:00:00,17.258722,19.026388
2018-08-07 05:30:00,17.427309,18.47942
2018-08-07 06:00:00,17.595896,17.198872
2018-08-07 06:30:00,43.042984,15.059707
2018-08-07 07:00:00,18.399225,12.198828
2018-08-07 07:30:00,-6.2445307,7.753921
2018-08-07 08:00:00,-11.085417,3.3610017
2018-08-07 08:30:00,-19.287329,-1.3822867
2018-08-07 09:00:00,-19.073349,-6.2144694
2018-08-07 09:30:00,-22.15861,-11.395854
2018-08-07 10:00:00,-26.00751,-16.771301
2018-08-07 10:30:00,-34.30101,-22.321182
2018-08-07 11:00:00,-23.040089,-28.120108
2018-08-07 11:30:00,-14.664883,-30.747734
2018-08-07 12:00:00,-7.779437,-32.7398
2018-08-07 12:30:00,-13.788154,-32.22737
2018-08-07 13:00:00,-24.07815,-33.40006
2018-08-07 13:30:00,-26.16485,-32.497852
2018-08-07 14:00:00,-24.771645,-32.27781
2018-08-07 14:30:00,-13.916658,-31.096386
2018-08-07 15:00:00,-20.624968,-30.116512
2018-08-07 15:30:00,-18.460758,-28.07246
2018-08-07 16:00:00,-12.837934,-26.047663
2018-08-07 16:30:00,-4.241235,-21.809685
2018-08-07 17:00:00,-19.084732,-16.090921
2018-08-07 17:30:00,-3.1517043,-9.868218
2018-08-07 18:00:00,0.6775699,-3.6757064
2018-08-07 18:30:00,4.5068445,1.8762816
2018-08-07 19:00:00,4.9230065,6.0378795
2018-08-07 19:30:00,5.339169,9.007367
2018-08-07 20:00:00,15.068328,10.648973
2018-08-07 20:30:00,12.554182,11.294972
2018-08-07 21:00:00,12.569278,11.747549
2018-08-07 21:30:00,12.584374,12.066935
2018-08-07 22:00:00,12.59947,12.236801
2018-08-07 22:30:00,7.732415,12.290033
2018-08-07 23:00:00,7.167844,12.173302
2018-08-07 23:30:00,6.1140065,11.916498
2018-08-08 00:00:00,6.7777095,11.657877
2018-08-08 00:30:00,7.4414124,11.497487
2018-08-08 01:00:00,-6.9796114,11.515078
2018-08-08 01:30:00,-1.7905537,12.2956085
2018-08-08 02:00:00,3.3985038,13.737737
2018-08-08 02:30:00,-31.335903,14.405634
2018-08-08 03:00:00,-15.573511,14.47571
2018-08-08 03:30:00,0.18888083,13.80356
2018-08-08 04:00:00,15.951271,13.26562
2018-08-08 04:30:00,6.57291,13.049652
2018-08-08 05:00:00,-2.8054514,12.449374
2018-08-08 05:30:00,50.380962,11.063733
2018-08-08 06:00:00,34.579784,9.2780485
2018-08-08 06:30:00,18.77861,8.728477
2018-08-08 07:00:00,2.9774346,6.1434164
2018-08-08 07:30:00,-12.823737,1.9764619
2018-08-08 08:00:00,-12.62381,-2.0479648
2018-08-08 08:30:00,-16.332268,-6.1172385
2018-08-08 09:00:00,-21.239197,-10.409405
2018-08-08 09:30:00,-26.362072,-15.7167015
2018-08-08 10:00:00,-29.252916,-21.308268
2018-08-08 10:30:00,-27.80683,-26.889036
2018-08-08 11:00:00,-22.823364,-30.542747
2018-08-08 11:30:00,-27.37335,-31.408636
2018-08-08 12:00:00,-24.938673,-30.460335
2018-08-08 12:30:00,-25.13921,-29.60094
2018-08-08 13:00:00,-31.500006,-29.624483
2018-08-08 13:30:00,-29.632988,-29.076466
2018-08-08 14:00:00,-24.23509,-28.16464
2018-08-08 14:30:00,-27.290142,-25.051708
2018-08-08 15:00:00,-24.421438,-21.780066
2018-08-08 15:30:00,45.92723,-18.314611
2018-08-08 16:00:00,-12.270487,-13.722046
2018-08-08 16:30:00,-17.666542,-8.726234
2018-08-08 17:00:00,-2.9285314,-4.7926197
2018-08-08 17:30:00,2.8758912,-0.05403715
2018-08-08 18:00:00,5.134697,4.047491
2018-08-08 18:30:00,4.187891,7.314164
2018-08-08 19:00:00,4.4750967,9.576103
2018-08-08 19:30:00,4.7622976,10.948925
2018-08-08 20:00:00,5.0495033,11.890291
2018-08-08 20:30:00,-3.9850864,12.360873
2018-08-08 21:00:00,-13.019676,12.717521
2018-08-08 21:30:00,21.213856,12.885968
2018-08-08 22:00:00,14.424195,12.931199
2018-08-08 22:30:00,3.0934887,12.790935
2018-08-08 23:00:00,0.6148655,12.580831
2018-08-08 23:30:00,-1.863762,12.197303
2018-08-09 00:00:00,-4.3423896,11.811294
2018-08-09 00:30:00,-6.8210173,11.437916
2018-08-09 01:00:00,-9.299644,10.562456
2018-08-09 01:30:00,-3.3040457,9.977563
2018-08-09 02:00:00,2.6915529,9.488122
2018-08-09 02:30:00,8.687152,7.7641582
2018-08-09 03:00:00,14.682751,7.304665
2018-08-09 03:30:00,15.420523,7.5942607
2018-08-09 04:00:00,16.15829,8.603352
2018-08-09 04:30:00,6.5552096,8.486861
2018-08-09 05:00:00,-3.047871,7.4448423
2018-08-09 05:30:00,20.17054,8.283372
2018-08-09 06:00:00,43.388958,6.248438
2018-08-09 06:30:00,19.02218,3.0310771
2018-08-09 07:00:00,8.708605,-1.1327317
2018-08-09 07:30:00,-3.2199404,-5.5311785
2018-08-09 08:00:00,-10.033152,-9.692972
2018-08-09 08:30:00,-15.281776,-13.896123
2018-08-09 09:00:00,-18.68046,-18.274534
2018-08-09 09:30:00,-19.63323,-22.615662
2018-08-09 10:00:00,-25.289366,-26.812231
2018-08-09 10:30:00,-27.37774,-30.64403
2018-08-09 11:00:00,-27.38216,-32.434242
2018-08-09 11:30:00,-28.741486,-33.32621
2018-08-09 12:00:00,-32.030674,-32.76526
2018-08-09 12:30:00,-30.207924,-31.802689
2018-08-09 13:00:00,-23.718828,-31.487804
2018-08-09 13:30:00,-24.440655,-30.966276
2018-08-09 14:00:00,-23.431313,-29.478592
2018-08-09 14:30:00,-27.135685,-27.672104
2018-08-09 15:00:00,-23.950245,-24.673546
2018-08-09 15:30:00,-17.057457,-13.784034
2018-08-09 16:00:00,-14.624123,-9.914245
2018-08-09 16:30:00,-10.195897,-6.839954
2018-08-09 17:00:00,-8.307577,-2.3025968
2018-08-09 17:30:00,-2.8873723,2.3786511
2018-08-09 18:00:00,1.029468,6.3334436
2018-08-09 18:30:00,-10.270149,9.155234
2018-08-09 19:00:00,-21.569765,10.851038
2018-08-09 19:30:00,-32.869377,11.811096
2018-08-09 20:00:00,-17.807102,12.370114
2018-08-09 20:30:00,-2.7448268,12.586367
2018-08-09 21:00:00,12.317451,12.55568
2018-08-09 21:30:00,20.79502,12.88498
2018-08-09 22:00:00,-44.94743,12.617162
2018-08-09 22:30:00,-36.108875,12.13116
2018-08-09 23:00:00,-27.270323,11.608153
2018-08-09 23:30:00,-18.431768,10.9104395
2018-08-10 00:00:00,-31.40267,10.142086
2018-08-10 00:30:00,-20.207983,9.283874
2018-08-10 01:00:00,-9.013291,8.286845
2018-08-10 01:30:00,2.1813972,7.625825
2018-08-10 02:00:00,-18.580723,7.4187794
2018-08-10 02:30:00,-21.930685,7.760934
2018-08-10 03:00:00,-25.280647,8.461479
2018-08-10 03:30:00,28.746939,8.748746
2018-08-10 04:00:00,66.23847,8.388083
2018-08-10 04:30:00,42.974308,6.7113433
2018-08-10 05:00:00,19.710136,4.148733
2018-08-10 05:30:00,54.037064,2.4991753
2018-08-10 06:00:00,28.442963,1.3282655
2018-08-10 06:30:00,2.8488755,-1.4535725
2018-08-10 07:00:00,-3.4250896,-4.994383
2018-08-10 07:30:00,-9.699055,-8.998881
2018-08-10 08:00:00,-21.237516,-13.207724
2018-08-10 08:30:00,-19.91111,-17.675732
2018-08-10 09:00:00,-21.390558,-21.875223
2018-08-10 09:30:00,-30.421795,-25.32435
2018-08-10 10:00:00,-27.426207,-28.320072
2018-08-10 10:30:00,-26.340343,-30.378408
2018-08-10 11:00:00,-35.070286,-31.721529
2018-08-10 11:30:00,-30.134295,-32.392124
2018-08-10 12:00:00,-29.947266,-32.768223
2018-08-10 12:30:00,-27.227182,-32.173916
2018-08-10 13:00:00,-25.674442,-29.9843
2018-08-10 13:30:00,-24.121702,-27.788898
2018-08-10 14:00:00,-26.515327,-24.995672
2018-08-10 14:30:00,-28.432457,-22.686382
2018-08-10 15:00:00,-27.429016,-19.11935
2018-08-10 15:30:00,-27.211296,-14.470993
2018-08-10 16:00:00,-18.938633,-9.525557
2018-08-10 16:30:00,-15.490616,-4.2465653
2018-08-10 17:00:00,-11.01046,1.2040539
2018-08-10 17:30:00,-6.7173457,5.31668
2018-08-10 18:00:00,-5.141193,8.254049
2018-08-10 18:30:00,-0.18176614,9.641941
2018-08-10 19:00:00,-1.743946,10.047009
2018-08-10 19:30:00,-7.9608126,10.386913
2018-08-10 20:00:00,-9.663397,11.131555
2018-08-10 20:30:00,-9.814908,12.068001
2018-08-10 21:00:00,-21.9174,12.880091
2018-08-10 21:30:00,-22.08394,13.31131
2018-08-10 22:00:00,-17.185244,12.186877
2018-08-10 22:30:00,-12.286549,10.910737
2018-08-10 23:00:00,1.2873597,8.9802685
2018-08-10 23:30:00,14.861269,7.105489
2018-08-11 00:00:00,3.0580666,5.0591555
2018-08-11 00:30:00,-40.48611,3.5940013
2018-08-11 01:00:00,7.945403,2.7625854
2018-08-11 01:30:00,9.813289,2.775156
2018-08-11 02:00:00,10.960888,2.6449409
2018-08-11 02:30:00,9.968352,3.3411038
2018-08-11 03:00:00,8.975812,4.168251
2018-08-11 03:30:00,7.9832764,7.2264233
2018-08-11 04:00:00,1.8546315,10.173358
2018-08-11 04:30:00,2.459248,9.727929
2018-08-11 05:00:00,3.063869,7.1215158
2018-08-11 05:30:00,3.66849,5.509473
2018-08-11 06:00:00,4.2731066,1.6709006
2018-08-11 06:30:00,2.4001703,-3.0326092
2018-08-11 07:00:00,-3.0618007,-7.484061
2018-08-11 07:30:00,-8.523776,-11.910256
2018-08-11 08:00:00,-12.285706,-16.723198
2018-08-11 08:30:00,-17.158663,-21.266075
2018-08-11 09:00:00,-21.930433,-25.422173
2018-08-11 09:30:00,-29.00601,-29.771658
2018-08-11 10:00:00,-28.305737,-32.88046
2018-08-11 10:30:00,-31.887476,-34.52451
2018-08-11 11:00:00,-41.822994,-35.786568
2018-08-11 11:30:00,-30.071758,-35.566517
2018-08-11 12:00:00,-30.93898,-34.54505
2018-08-11 12:30:00,-33.568832,-32.16692
2018-08-11 13:00:00,-37.57136,-29.541122
2018-08-11 13:30:00,-30.850643,-26.76913
2018-08-11 14:00:00,-27.168463,-24.12295
2018-08-11 14:30:00,-28.386118,-21.731735
2018-08-11 15:00:00,-28.001635,-18.33043
2018-08-11 15:30:00,-23.744303,-15.936025
2018-08-11 16:00:00,-23.875122,-10.886712
2018-08-11 16:30:00,-13.497916,-5.639276
2018-08-11 17:00:00,-3.3994722,-0.9333936
2018-08-11 17:30:00,-1.3641889,3.325112
2018-08-11 18:00:00,-0.42925882,6.8537316
2018-08-11 18:30:00,1.5822423,9.341172
2018-08-11 19:00:00,3.314748,10.568788
2018-08-11 19:30:00,5.7949615,11.018179
2018-08-11 20:00:00,3.4459026,11.632792
2018-08-11 20:30:00,5.906528,12.540419
2018-08-11 21:00:00,6.2266173,13.229381
2018-08-11 21:30:00,6.481931,13.539914
2018-08-11 22:00:00,6.6120853,13.290927
2018-08-11 22:30:00,5.6220403,12.4539795
2018-08-11 23:00:00,5.723335,11.268603
2018-08-11 23:30:00,4.970558,10.04344
2018-08-12 00:00:00,4.875608,8.519766
2018-08-12 00:30:00,4.570322,6.1088853
2018-08-12 01:00:00,5.376426,5.180916
2018-08-12 01:30:00,6.147471,4.3026605
2018-08-12 02:00:00,5.408528,4.241857
2018-08-12 02:30:00,4.7781672,4.8125014
2018-08-12 03:00:00,6.1164837,5.895487
2018-08-12 03:30:00,6.2872815,7.032997
2018-08-12 04:00:00,4.633284,7.4144187
2018-08-12 04:30:00,6.434218,6.997514
2018-08-12 05:00:00,4.9636893,5.5521436
2018-08-12 05:30:00,4.6189265,3.2865527
2018-08-12 06:00:00,3.8784194,0.4147234
2018-08-12 06:30:00,0.8402231,-2.7311857
2018-08-12 07:00:00,-4.387905,-6.2580233
2018-08-12 07:30:00,-11.820703,-10.144198
2018-08-12 08:00:00,-15.37558,-13.995388
2018-08-12 08:30:00,-19.596361,-17.992538
2018-08-12 09:00:00,-22.652807,-22.12473
2018-08-12 09:30:00,-28.66331,-26.130625
2018-08-12 10:00:00,-30.208765,-29.25361
2018-08-12 10:30:00,-41.76521,-31.356459
2018-08-12 11:00:00,-42.881683,-33.158054
2018-08-12 11:30:00,-39.45473,-32.51721
2018-08-12 12:00:00,-40.528393,-30.361835
2018-08-12 12:30:00,-34.823006,-30.538769
2018-08-12 13:00:00,-36.998295,-31.611856
2018-08-12 13:30:00,-34.34223,-31.721695
2018-08-12 14:00:00,-30.364449,-31.270792
2018-08-12 14:30:00,-23.581697,-30.138561
2018-08-12 15:00:00,-27.964685,-28.145535
2018-08-12 15:30:00,-19.809193,-24.947138
2018-08-12 16:00:00,-18.848675,-21.16121
2018-08-12 16:30:00,-16.93314,-15.005156
2018-08-12 17:00:00,-12.403106,-7.662129
2018-08-12 17:30:00,-5.5001564,-1.7931229
2018-08-12 18:00:00,-1.8109105,2.7908506
2018-08-12 18:30:00,0.42423543,6.2541575
2018-08-12 19:00:00,2.801241,8.315631
2018-08-12 19:30:00,6.9621873,9.329537
2018-08-12 20:00:00,2.0510335,9.856476
2018-08-12 20:30:00,8.528047,10.283771
2018-08-12 21:00:00,6.953833,10.584697
2018-08-12 21:30:00,2.570828,10.779106
2018-08-12 22:00:00,6.008823,10.620306
2018-08-12 22:30:00,5.2238708,10.266918
2018-08-12 23:00:00,5.1383452,9.75934
2018-08-12 23:30:00,5.1903625,9.172096
2018-08-13 00:00:00,5.2874227,8.61559
2018-08-13 00:30:00,5.3844876,8.063218
2018-08-13 01:00:00,6.9182973,7.492866
2018-08-13 01:30:00,19.911503,6.9331355
2018-08-13 02:00:00,74.678024,6.4233165
2018-08-13 02:30:00,5.085485,6.221505
2018-08-13 03:00:00,5.238399,6.5157804
2018-08-13 03:30:00,4.9007535,7.170793
2018-08-13 04:00:00,5.265375,7.682421
2018-08-13 04:30:00,6.4581447,7.741285
2018-08-13 05:00:00,4.8655105,6.7532105
2018-08-13 05:30:00,11.48645,4.7711678
2018-08-13 06:00:00,18.10739,2.0878496
2018-08-13 06:30:00,24.728323,-0.9466327
2018-08-13 07:00:00,66.89654,-4.3565416
2018-08-13 07:30:00,49.56041,-8.162602
2018-08-13 08:00:00,32.22427,-12.118857
2018-08-13 08:30:00,14.888141,-16.298391
2018-08-13 09:00:00,-11.395906,-20.396776
2018-08-13 09:30:00,41.80089,-24.46926
2018-08-13 10:00:00,-21.440733,-27.592302
2018-08-13 10:30:00,-29.88246,-30.858612
2018-08-13 11:00:00,-30.055012,-33.836647
2018-08-13 11:30:00,-30.227564,-34.82898
2018-08-13 12:00:00,-30.400116,-34.8444
2018-08-13 12:30:00,-30.572668,-34.36036
2018-08-13 13:00:00,-30.74522,-33.54312
2018-08-13 13:30:00,-39.051888,-32.55231
2018-08-13 14:00:00,-26.292572,-30.746948
2018-08-13 14:30:00,-22.753,-28.245071
2018-08-13 15:00:00,-19.213427,-25.718658
2018-08-13 15:30:00,-15.673851,-22.271378
2018-08-13 16:00:00,-12.134277,-17.983788
2018-08-13 16:30:00,-8.594704,-13.510463
2018-08-13 17:00:00,-5.05513,-8.283952
2018-08-13 17:30:00,-1.5155604,-2.7454777
2018-08-13 18:00:00,2.0240135,2.2539544
2018-08-13 18:30:00,5.563587,5.968796
2018-08-13 19:00:00,9.103161,8.2574835
2018-08-13 19:30:00,8.876929,9.433995
2018-08-13 20:00:00,11.27001,9.966797
2018-08-13 20:30:00,13.663091,10.411937
2018-08-13 21:00:00,6.2627387,10.702153
2018-08-13 21:30:00,5.063188,10.794556
2018-08-13 22:00:00,3.863638,10.707212
2018-08-13 22:30:00,3.299263,10.362519
2018-08-13 23:00:00,4.29778,9.905002
2018-08-13 23:30:00,3.8934455,9.461802
2018-08-14 00:00:00,3.4350884,9.056343
2018-08-14 00:30:00,3.551776,8.62332
2018-08-14 01:00:00,1.9791054,8.257606
2018-08-14 01:30:00,2.7185686,8.4503765
2018-08-14 02:00:00,3.9746323,11.217211
2018-08-14 02:30:00,3.4025543,10.259801
2018-08-14 03:00:00,1.738005,10.754227
2018-08-14 03:30:00,1.7700585,10.5484
2018-08-14 04:00:00,1.8021164,9.799456
2018-08-14 04:30:00,1.8341743,8.250047
2018-08-14 05:00:00,16.84932,5.920663
2018-08-14 05:30:00,1.6539301,3.4362724
2018-08-14 06:00:00,4.384822,0.99948126
2018-08-14 06:30:00,0.45037723,-1.7377108
2018-08-14 07:00:00,-3.484067,-3.0739343
2018-08-14 07:30:00,-7.4185076,-6.0841713
2018-08-14 08:00:00,-21.20256,-9.599385
2018-08-14 08:30:00,-21.740898,-13.171013
2018-08-14 09:00:00,-27.338879,-17.576248
2018-08-14 09:30:00,-27.082533,-18.943537
2018-08-14 10:00:00,-32.83424,-23.72337
2018-08-14 10:30:00,-19.822493,-27.466976
2018-08-14 11:00:00,-30.804653,-28.61489
2018-08-14 11:30:00,-30.52428,-28.088493
2018-08-14 12:00:00,-28.987833,-27.294964
2018-08-14 12:30:00,-39.876446,-26.21785
2018-08-14 13:00:00,-38.46491,-24.054798
2018-08-14 13:30:00,-34.114223,-23.388596
2018-08-14 14:00:00,-37.04624,-19.672487
2018-08-14 14:30:00,-27.416338,-14.489868
2018-08-14 15:00:00,-20.774061,-10.042563
2018-08-14 15:30:00,-23.528175,-6.2960362
2018-08-14 16:00:00,-19.929705,-3.3879983
2018-08-14 16:30:00,-17.432411,-1.2365954
2018-08-14 17:00:00,-14.408081,0.66066056
2018-08-14 17:30:00,-14.247525,2.3296535
2018-08-14 18:00:00,-7.614752,3.654696
2018-08-14 18:30:00,-1.8695427,4.6950974
2018-08-14 19:00:00,2.4214578,5.5818815
2018-08-14 19:30:00,6.7124577,6.2427754
2018-08-14 20:00:00,4.583653,6.858123
2018-08-14 20:30:00,2.5589173,7.353781
2018-08-14 21:00:00,3.5221126,7.7340317
2018-08-14 21:30:00,4.4853077,8.274987
2018-08-14 22:00:00,10.965991,8.819367
2018-08-14 22:30:00,3.401615,9.319098
2018-08-14 23:00:00,-0.3539838,9.807478
2018-08-14 23:30:00,-4.1095777,10.402949
2018-08-15 00:00:00,10.501106,11.056983
2018-08-15 00:30:00,7.065601,11.733855
2018-08-15 01:00:00,5.007339,12.397274
2018-08-15 01:30:00,4.751414,12.995241
2018-08-15 02:00:00,6.075495,13.288136
2018-08-15 02:30:00,3.9622102,12.911415
2018-08-15 03:00:00,4.665399,11.861375
2018-08-15 03:30:00,5.3685923,10.172833
2018-08-15 04:00:00,4.4841456,7.859078
2018-08-15 04:30:00,5.4242053,5.0532217
2018-08-15 05:00:00,3.2028708,2.7719226
2018-08-15 05:30:00,4.6757803,-0.8191964
2018-08-15 06:00:00,5.2105794,-4.352085
2018-08-15 06:30:00,3.310007,-8.176681
2018-08-15 07:00:00,-7.936672,-12.079752
2018-08-15 07:30:00,-9.872793,-16.274338
2018-08-15 08:00:00,-13.673109,-21.867037
2018-08-15 08:30:00,-19.059048,-26.77668
2018-08-15 09:00:00,-23.251286,-31.116957
2018-08-15 09:30:00,-24.334026,-34.1182
2018-08-15 10:00:00,-32.356087,-36.58742
2018-08-15 10:30:00,-30.567368,-35.10697
2018-08-15 11:00:00,-31.882307,-36.119755
2018-08-15 11:30:00,-41.191685,-35.654156
2018-08-15 12:00:00,-46.60778,-35.169106
2018-08-15 12:30:00,-42.55106,-35.928127
2018-08-15 13:00:00,-40.561066,-35.83167
2018-08-15 13:30:00,-37.18537,-33.35922
2018-08-15 14:00:00,-36.7215,-30.686537
2018-08-15 14:30:00,-37.273167,-26.538048
2018-08-15 15:00:00,-36.61671,-22.535301
2018-08-15 15:30:00,-12.435556,-18.008627
2018-08-15 16:00:00,-9.609946,-13.353001
2018-08-15 16:30:00,2.2334142,-7.7175145
2018-08-15 17:00:00,0.9025605,-2.3504717
2018-08-15 17:30:00,-0.4282932,1.7317787
2018-08-15 18:00:00,-1.7591469,4.29463
2018-08-15 18:30:00,-3.089996,5.4968934
2018-08-15 19:00:00,-4.42085,6.5341973
2018-08-15 19:30:00,-5.7517037,8.330652
2018-08-15 20:00:00,-7.082557,10.654142
2018-08-15 20:30:00,-4.5815716,12.890053
2018-08-15 21:00:00,-2.0805862,14.60648
2018-08-15 21:30:00,0.42039916,15.682124
2018-08-15 22:00:00,2.9213848,16.129929
2018-08-15 22:30:00,3.6039023,15.732699
2018-08-15 23:00:00,1.7076949,14.807578
2018-08-15 23:30:00,3.8334675,13.312914
2018-08-16 00:00:00,4.2587314,12.018758
2018-08-16 00:30:00,5.7413015,10.536144
2018-08-16 01:00:00,4.089454,9.116636
2018-08-16 01:30:00,4.913324,7.772648
2018-08-16 02:00:00,3.4138708,6.9365306
2018-08-16 02:30:00,4.7332196,7.169019
2018-08-16 03:00:00,5.439432,8.289712
2018-08-16 03:30:00,30.205189,9.612317
2018-08-16 04:00:00,25.286882,10.297176
2018-08-16 04:30:00,20.36858,9.899653
2018-08-16 05:00:00,15.4502735,8.1874695
2018-08-16 05:30:00,10.531972,5.68114
2018-08-16 06:00:00,5.613664,2.7563853
2018-08-16 06:30:00,3.0591283,-0.5083352
2018-08-16 07:00:00,-2.5889592,-4.498139
2018-08-16 07:30:00,-14.158814,-8.515243
2018-08-16 08:00:00,-20.747736,-12.802506
2018-08-16 08:30:00,-11.012387,-17.34883
2018-08-16 09:00:00,-13.836857,-21.803087
2018-08-16 09:30:00,-22.815866,-26.00191
2018-08-16 10:00:00,-37.05699,-29.928608
2018-08-16 10:30:00,-24.51754,-32.397484
2018-08-16 11:00:00,-27.262573,-33.82815
2018-08-16 11:30:00,-12.900245,-35.300686
2018-08-16 12:00:00,-13.765206,-36.99763
2018-08-16 12:30:00,-17.196041,-37.217075
2018-08-16 13:00:00,-10.123265,-36.337296
2018-08-16 13:30:00,-29.0656,-34.502556
2018-08-16 14:00:00,-20.96729,-33.014206
2018-08-16 14:30:00,-11.057951,-31.752329
2018-08-16 15:00:00,-46.252167,-29.439333
2018-08-16 15:30:00,-24.216394,-24.448883
2018-08-16 16:00:00,-25.076338,-19.094881
2018-08-16 16:30:00,-22.62024,-12.884511
2018-08-16 17:00:00,-17.118265,-7.05846
2018-08-16 17:30:00,-4.717218,-2.2105217
2018-08-16 18:00:00,38.329014,1.354084
2018-08-16 18:30:00,-1.9673941,4.0576367
2018-08-16 19:00:00,-0.8007622,6.1861005
2018-08-16 19:30:00,3.3850725,7.8593225
2018-08-16 20:00:00,5.4029613,9.189434
2018-08-16 20:30:00,4.6845407,10.23667
2018-08-16 21:00:00,4.5805945,10.950882
2018-08-16 21:30:00,4.030005,11.390018
2018-08-16 22:00:00,5.282582,11.610522
2018-08-16 22:30:00,4.5362983,11.533932
2018-08-16 23:00:00,4.6361637,11.215215
2018-08-16 23:30:00,4.7744226,10.755966
2018-08-17 00:00:00,5.710751,10.271567
2018-08-17 00:30:00,5.5708666,9.911511
2018-08-17 01:00:00,5.345583,9.509261
2018-08-17 01:30:00,5.581047,9.168606
2018-08-17 02:00:00,5.1485696,8.921327
2018-08-17 02:30:00,-9.056893,9.127411
2018-08-17 03:00:00,26.294897,9.721235
2018-08-17 03:30:00,21.822815,11.601464
2018-08-17 04:00:00,26.569878,12.0439
2018-08-17 04:30:00,22.933195,11.235427
2018-08-17 05:00:00,19.296513,9.060285
2018-08-17 05:30:00,15.659836,5.965619
2018-08-17 06:00:00,12.023154,2.3939178
2018-08-17 06:30:00,8.386476,-1.2670279
2018-08-17 07:00:00,4.749797,-5.0954022
2018-08-17 07:30:00,1.1131147,-9.567573
2018-08-17 08:00:00,-2.5235631,-14.108429
2018-08-17 08:30:00,-6.1225343,-17.353363
2018-08-17 09:00:00,-6.0990577,-20.84749
2018-08-17 09:30:00,-6.075581,-24.987911
2018-08-17 10:00:00,-6.052105,-29.70506
2018-08-17 10:30:00,-6.0286283,-30.883118
2018-08-17 11:00:00,-6.005156,-32.2416
2018-08-17 11:30:00,-5.98168,-30.67326
2018-08-17 12:00:00,-5.9582033,-29.772
2018-08-17 12:30:00,-5.9347267,-29.639988
2018-08-17 13:00:00,-5.91125,-28.462183
2018-08-17 13:30:00,-5.887774,-29.903542
2018-08-17 14:00:00,-5.8642974,-29.080603
2018-08-17 14:30:00,-5.840821,-26.223808
2018-08-17 15:00:00,-5.817344,-26.224823
2018-08-17 15:30:00,-5.793868,-23.091246
2018-08-17 16:00:00,-5.7703958,-17.966246
2018-08-17 16:30:00,-5.746919,-13.029525
2018-08-17 17:00:00,-5.723443,-7.7854447
2018-08-17 17:30:00,-5.6999664,-2.1223092
2018-08-17 18:00:00,-5.67649,4.0189285
2018-08-17 18:30:00,-5.653013,6.8435206
2018-08-17 19:00:00,-5.629537,8.6360035
2018-08-17 19:30:00,-5.6060605,9.571328
2018-08-17 20:00:00,-5.582584,10.076931
2018-08-17 20:30:00,-5.5591073,10.461446
2018-08-17 21:00:00,-5.5356355,10.913882
2018-08-17 21:30:00,-5.512159,11.355942
2018-08-17 22:00:00,-5.4886823,11.743687
2018-08-17 22:30:00,-5.465206,12.033457
2018-08-17 23:00:00,-5.4417295,12.276838
2018-08-17 23:30:00,-5.418253,12.502134
2018-08-18 00:00:00,-5.3947763,12.705688
2018-08-18 00:30:00,-5.3713,12.979232
2018-08-18 01:00:00,-5.3478236,13.28488
2018-08-18 01:30:00,-5.324347,13.678816
2018-08-18 02:00:00,-5.3008704,14.138479
2018-08-18 02:30:00,-5.2773986,14.137501
2018-08-18 03:00:00,-5.253922,16.176136
2018-08-18 03:30:00,-5.2304454,16.945951
2018-08-18 04:00:00,-5.2069693,17.543394
2018-08-18 04:30:00,-5.1834927,16.66925
2018-08-18 05:00:00,-5.160016,14.669275
2018-08-18 05:30:00,-5.1365395,11.743262
2018-08-18 06:00:00,-5.1130633,8.126565
2018-08-18 06:30:00,-5.0895867,4.288006
2018-08-18 07:00:00,-5.06611,0.8181142
2018-08-18 07:30:00,-5.042638,-2.477563
2018-08-18 08:00:00,-5.0191617,-5.664308
2018-08-18 08:30:00,-4.995685,-8.503376
2018-08-18 09:00:00,-4.9722085,-10.824623
2018-08-18 09:30:00,-4.9487324,-13.206363
2018-08-18 10:00:00,-4.925256,-16.11266
2018-08-18 10:30:00,-4.901779,-19.127796
2018-08-18 11:00:00,-4.8783026,-22.0157
2018-08-18 11:30:00,-4.8548265,-24.105528
2018-08-18 12:00:00,-4.8548265,-26.293543
2018-08-18 12:30:00,-4.8548265,-27.905638
2018-08-18 13:00:00,-4.8548265,-28.022194
2018-08-18 13:30:00,-4.760925,-25.434563
2018-08-18 14:00:00,18.01118,-20.936619
2018-08-18 14:30:00,-3.844577,-14.62756
2018-08-18 15:00:00,-3.4966552,-9.780779
2018-08-18 15:30:00,0.021845223,-6.697164
2018-08-18 16:00:00,-3.0822623,-2.8676271
2018-08-18 16:30:00,-4.2375035,-0.1720662
2018-08-18 17:00:00,-1.5936493,2.912729
2018-08-18 17:30:00,0.9670782,5.446939
2018-08-18 18:00:00,7.628945,7.2542343
2018-08-18 18:30:00,3.8182755,8.46677
2018-08-18 19:00:00,4.1373205,9.303964
2018-08-18 19:30:00,3.768395,10.013763
2018-08-18 20:00:00,3.3441186,10.656406
2018-08-18 20:30:00,4.519441,11.34241
2018-08-18 21:00:00,14.882753,11.753749
2018-08-18 21:30:00,28.66073,11.989829
2018-08-18 22:00:00,26.4367,12.252352
2018-08-18 22:30:00,-36.387455,12.401194
2018-08-18 23:00:00,-12.127252,12.59008
2018-08-18 23:30:00,12.132956,12.731272
2018-08-19 00:00:00,3.8053858,12.827069
2018-08-19 00:30:00,3.9247956,12.762294
2018-08-19 01:00:00,-33.191032,12.588901
2018-08-19 01:30:00,3.8821857,12.290269
2018-08-19 02:00:00,4.236216,11.785173
2018-08-19 02:30:00,3.0755308,10.981193
2018-08-19 03:00:00,4.010216,10.115403
2018-08-19 03:30:00,3.010633,9.012091
2018-08-19 04:00:00,4.2733293,7.8103685
2018-08-19 04:30:00,3.4411442,6.5704103
2018-08-19 05:00:00,4.8796844,5.3307753
2018-08-19 05:30:00,3.4156842,4.2053556
2018-08-19 06:00:00,3.4686668,3.5275044
2018-08-19 06:30:00,1.4459931,3.124354
2018-08-19 07:00:00,-3.813415,3.3267593
2018-08-19 07:30:00,-15.718724,4.772609
2018-08-19 08:00:00,-13.1415415,7.451772
2018-08-19 08:30:00,-19.178885,10.266669
2018-08-19 09:00:00,-26.343737,13.786087
2018-08-19 09:30:00,-27.510899,15.237827
2018-08-19 10:00:00,-28.933239,3.1147807
2018-08-19 10:30:00,-42.90288,-2.8149023
2018-08-19 11:00:00,-36.065903,-3.3781323
2018-08-19 11:30:00,-11.894103,-4.8305197
2018-08-19 12:00:00,-27.860077,-4.7347393
2018-08-19 12:30:00,-2.5582514,-4.4849873
2018-08-19 13:00:00,-17.720083,-4.5092545
2018-08-19 13:30:00,-12.134958,-1.1927315
2018-08-19 14:00:00,-13.4538555,1.2387508
2018-08-19 14:30:00,-14.772751,0.9366064
2018-08-19 15:00:00,-18.640816,-2.7247148
2018-08-19 15:30:00,-25.749678,-2.9528117
2018-08-19 16:00:00,-20.785585,-3.08796
2018-08-19 16:30:00,-7.684404,-3.3677726
2018-08-19 17:00:00,-6.5818524,-3.2090607
2018-08-19 17:30:00,-3.409207,-2.9034646
2018-08-19 18:00:00,-1.7098039,-2.1297896
2018-08-19 18:30:00,0.5162975,-1.8262032
2018-08-19 19:00:00,4.5003037,-1.5265318
2018-08-19 19:30:00,4.7846513,-1.2898489
2018-08-19 20:00:00,3.6988306,-1.1561645
2018-08-19 20:30:00,3.881325,-1.0680829
2018-08-19 21:00:00,3.7918496,-0.18575098
2018-08-19 21:30:00,3.900515,1.6558002
2018-08-19 22:00:00,3.5081613,2.728002
2018-08-19 22:30:00,4.3625207,-1.3911259
2018-08-19 23:00:00,4.013965,-3.74015
2018-08-19 23:30:00,3.9005544,-3.377892
2018-08-20 00:00:00,3.2203002,-3.6077282
2018-08-20 00:30:00,3.7600188,-3.6904268
2018-08-20 01:00:00,2.8598382,-6.2348833
2018-08-20 01:30:00,3.3876898,-5.257627
2018-08-20 02:00:00,2.587095,-3.7903273
2018-08-20 02:30:00,3.185507,-2.4536188
2018-08-20 03:00:00,2.8867533,-1.6782528
2018-08-20 03:30:00,3.5799932,-1.1249368
2018-08-20 04:00:00,2.8929842,-0.56547743
2018-08-20 04:30:00,3.119233,0.24808104
2018-08-20 05:00:00,3.5246818,0.984324
2018-08-20 05:30:00,2.920406,1.1092697
2018-08-20 06:00:00,0.09088957,1.0363585
2018-08-20 06:30:00,4.521058,0.7622784
2018-08-20 07:00:00,-42.395603,0.06908656
2018-08-20 07:30:00,-44.023106,-1.5210832
2018-08-20 08:00:00,-45.650604,-2.2526684
2018-08-20 08:30:00,-13.4188,-3.5890756
2018-08-20 09:00:00,-1.7387071,-5.7452984
2018-08-20 09:30:00,-5.546559,-8.049227
2018-08-20 10:00:00,-9.180125,-9.864976
2018-08-20 10:30:00,-12.813688,-13.172874
2018-08-20 11:00:00,-21.368553,-15.206201
2018-08-20 11:30:00,-7.7775583,-13.653714
2018-08-20 12:00:00,-10.744324,-15.124913
2018-08-20 12:30:00,-25.806595,-13.042615
2018-08-20 13:00:00,-10.360796,-13.845854
2018-08-20 13:30:00,-21.733604,-14.242037
2018-08-20 14:00:00,-22.9812,-13.942381
2018-08-20 14:30:00,-17.276709,-15.436004
2018-08-20 15:00:00,-21.91189,-16.609692
2018-08-20 15:30:00,-11.700616,-18.152706
2018-08-20 16:00:00,-9.164229,-17.9106
2018-08-20 16:30:00,-11.95398,-14.722614
2018-08-20 17:00:00,-7.1998787,-11.43049
2018-08-20 17:30:00,-5.2076726,-7.499956
2018-08-20 18:00:00,-1.9557935,-3.7233672
2018-08-20 18:30:00,0.7470206,-0.30519572
2018-08-20 19:00:00,1.5801756,2.4051514
2018-08-20 19:30:00,1.8225081,3.9832923
2018-08-20 20:00:00,4.9888134,4.5698023
2018-08-20 20:30:00,2.8415961,4.645365
2018-08-20 21:00:00,2.9336014,4.479584
2018-08-20 21:30:00,3.007404,4.3184996
2018-08-20 22:00:00,4.75906,4.362333
2018-08-20 22:30:00,2.4133832,4.7269845
2018-08-20 23:00:00,2.3639266,5.2925262
2018-08-20 23:30:00,4.5091906,5.9990053
2018-08-21 00:00:00,3.3893108,6.713052
2018-08-21 00:30:00,4.2314577,7.431197
2018-08-21 01:00:00,5.0736003,8.013871
2018-08-21 01:30:00,-10.780847,8.4951105
2018-08-21 02:00:00,-26.6353,8.576227
2018-08-21 02:30:00,-42.48975,8.3857765
2018-08-21 03:00:00,2.9211576,7.6587524
2018-08-21 03:30:00,3.6918135,6.6691966
2018-08-21 04:00:00,2.609689,5.23091
2018-08-21 04:30:00,2.895326,3.4581978
2018-08-21 05:00:00,3.0251305,1.4280483
2018-08-21 05:30:00,3.154935,-0.81618595
2018-08-21 06:00:00,3.2847393,-3.4138212
2018-08-21 06:30:00,1.9315581,-5.8433986
2018-08-21 07:00:00,-4.264847,-10.659287
2018-08-21 07:30:00,-10.433371,-15.605261
2018-08-21 08:00:00,-18.642538,-20.51036
2018-08-21 08:30:00,-21.12874,-22.81571
2018-08-21 09:00:00,-26.327677,-23.34966
2018-08-21 09:30:00,-32.283733,-24.222916
2018-08-21 10:00:00,-33.902992,-24.617348
2018-08-21 10:30:00,-38.816,-24.858187
2018-08-21 11:00:00,-44.16625,-25.77758
2018-08-21 11:30:00,-47.239807,-24.514538
2018-08-21 12:00:00,-41.11785,-22.987883
2018-08-21 12:30:00,-41.838226,-24.065226
2018-08-21 13:00:00,-34.856342,-22.98271
2018-08-21 13:30:00,-33.882774,-23.19382
2018-08-21 14:00:00,-30.189219,-22.89253
2018-08-21 14:30:00,-22.406452,-21.006317
2018-08-21 15:00:00,-31.885061,-19.126638
2018-08-21 15:30:00,-27.241766,-15.064345
2018-08-21 16:00:00,-23.137314,-10.262731
2018-08-21 16:30:00,-12.254582,-5.2349415
2018-08-21 17:00:00,-16.731007,-0.41372582
2018-08-21 17:30:00,-10.897067,3.8889408
2018-08-21 18:00:00,-6.2436914,7.088326
2018-08-21 18:30:00,-1.1835821,9.123885
2018-08-21 19:00:00,3.916153,10.088007
2018-08-21 19:30:00,6.0925,10.491288
2018-08-21 20:00:00,6.269634,10.64966
2018-08-21 20:30:00,4.7335563,10.543751
2018-08-21 21:00:00,5.957737,10.267666
2018-08-21 21:30:00,4.7795916,9.748278
2018-08-21 22:00:00,4.8404827,9.179416
2018-08-21 22:30:00,3.370409,8.456122
2018-08-21 23:00:00,5.4588847,7.7837725
2018-08-21 23:30:00,-17.676765,7.197009
2018-08-22 00:00:00,-4.5861335,6.618368
2018-08-22 00:30:00,8.504496,6.104608
2018-08-22 01:00:00,5.7799044,5.7057524
2018-08-22 01:30:00,3.0553138,4.8528566
2018-08-22 02:00:00,3.708216,4.0065417
2018-08-22 02:30:00,-7.8538294,3.244467
2018-08-22 03:00:00,3.2486877,4.517873
2018-08-22 03:30:00,3.189789,5.526898
2018-08-22 04:00:00,3.1308904,6.0381675
2018-08-22 04:30:00,3.0719917,5.778139
2018-08-22 05:00:00,3.013093,4.6383615
2018-08-22 05:30:00,8.849626,2.800472
2018-08-22 06:00:00,4.829109,0.45701426
2018-08-22 06:30:00,1.5137922,-2.3187327
2018-08-22 07:00:00,-0.8326671,-5.6984153
2018-08-22 07:30:00,-3.3129637,-9.318704
2018-08-22 08:00:00,-9.523949,-13.360889
2018-08-22 08:30:00,-22.118273,-17.35486
2018-08-22 09:00:00,-29.752794,-21.184336
2018-08-22 09:30:00,-17.789787,-24.929474
2018-08-22 10:00:00,-26.802557,-28.09318
2018-08-22 10:30:00,-20.342121,-30.944132
2018-08-22 11:00:00,-20.34446,-32.631824
2018-08-22 11:30:00,-17.390646,-33.702538
2018-08-22 12:00:00,-37.66498,-33.251987
2018-08-22 12:30:00,-35.007534,-32.94329
2018-08-22 13:00:00,-45.95699,-30.796968
2018-08-22 13:30:00,-39.81807,-29.162598
2018-08-22 14:00:00,-45.2076,-27.511868
2018-08-22 14:30:00,-33.159874,-23.513182
2018-08-22 15:00:00,-40.771915,-21.20035
2018-08-22 15:30:00,-27.611938,-16.952011
2018-08-22 16:00:00,-28.961706,-12.414645
2018-08-22 16:30:00,-24.723724,-7.6338415
2018-08-22 17:00:00,-16.767876,-2.441734
2018-08-22 17:30:00,-11.18405,1.8755082
2018-08-22 18:00:00,-4.0490975,5.1697564
2018-08-22 18:30:00,0.16355611,7.170365
2018-08-22 19:00:00,4.376214,8.134146
2018-08-22 19:30:00,4.0102644,8.59737
2018-08-22 20:00:00,5.369859,9.002618
2018-08-22 20:30:00,-7.856027,9.347307
2018-08-22 21:00:00,-21.081919,9.511717
2018-08-22 21:30:00,9.90761,9.36495
2018-08-22 22:00:00,8.702204,8.974278
2018-08-22 22:30:00,7.496794,8.359342
2018-08-22 23:00:00,6.2913885,7.7278056
2018-08-22 23:30:00,6.178109,6.555017
2018-08-23 00:00:00,6.0648336,5.8777514
2018-08-23 00:30:00,1.8189689,5.368837
2018-08-23 01:00:00,2.687,4.8467093
2018-08-23 01:30:00,3.5550313,4.4805365
2018-08-23 02:00:00,4.371198,4.578969
2018-08-23 02:30:00,5.1873693,4.7993846
2018-08-23 03:00:00,6.6896014,6.126686
2018-08-23 03:30:00,8.191834,7.2680154
2018-08-23 04:00:00,9.694067,7.81223
2018-08-23 04:30:00,3.6167088,7.2935233
2018-08-23 05:00:00,-9.188025,5.7294693
2018-08-23 05:30:00,-2.2516024,3.6408014
2018-08-23 06:00:00,4.684825,0.8586486
2018-08-23 06:30:00,2.4759564,-2.480604
2018-08-23 07:00:00,-4.3560305,-4.80852
2018-08-23 07:30:00,-11.188013,-7.45694
2018-08-23 08:00:00,-16.877636,-10.811546
2018-08-23 08:30:00,-25.277466,-15.524201
2018-08-23 09:00:00,-33.445755,-20.570412
2018-08-23 09:30:00,-37.100937,-23.5563
2018-08-23 10:00:00,-25.354124,-26.527454
2018-08-23 10:30:00,-23.993877,-27.976416
2018-08-23 11:00:00,-21.148733,-28.835936
2018-08-23 11:30:00,-19.448685,-28.277666
2018-08-23 12:00:00,-38.486683,-30.121292
2018-08-23 12:30:00,-38.723614,-30.793867
2018-08-23 13:00:00,-36.746853,-32.28401
2018-08-23 13:30:00,-35.47831,-31.756088
2018-08-23 14:00:00,-39.93651,-30.621893
2018-08-23 14:30:00,-34.331787,-27.771484
2018-08-23 15:00:00,-24.917942,-25.041527
2018-08-23 15:30:00,-24.105175,-21.221449
2018-08-23 16:00:00,-20.46311,-17.657076
2018-08-23 16:30:00,-15.584612,-13.582181
2018-08-23 17:00:00,-10.535203,-8.966111
2018-08-23 17:30:00,-8.705799,-4.200342
2018-08-23 18:00:00,-2.9475467,0.2607303
2018-08-23 18:30:00,0.8334506,3.783504
2018-08-23 19:00:00,-35.44693,6.1126127
2018-08-23 19:30:00,-29.66188,7.326534
2018-08-23 20:00:00,-23.876831,7.9588914
2018-08-23 20:30:00,-31.578205,8.389446
2018-08-23 21:00:00,-39.279575,8.840004
2018-08-23 21:30:00,-21.348225,9.262237
2018-08-23 22:00:00,-3.4168708,9.125558
2018-08-23 22:30:00,31.066002,8.84918
2018-08-23 23:00:00,25.318962,8.410599
2018-08-23 23:30:00,19.571917,7.8757734
2018-08-24 00:00:00,13.824879,7.309725
2018-08-24 00:30:00,8.077838,6.668515
2018-08-24 01:00:00,2.3307981,6.0521016
2018-08-24 01:30:00,-1.4356626,5.416157
2018-08-24 02:00:00,-5.2021236,4.956799
2018-08-24 02:30:00,-8.968589,4.90147
2018-08-24 03:00:00,4.6291595,5.4383397
2018-08-24 03:30:00,2.049408,6.5347433
2018-08-24 04:00:00,4.250521,7.738187
2018-08-24 04:30:00,4.602345,7.9521976
2018-08-24 05:00:00,4.954173,6.7130346
2018-08-24 05:30:00,7.258931,4.971808
2018-08-24 06:00:00,3.8550782,2.6651227
2018-08-24 06:30:00,1.438775,-0.13442431
2018-08-24 07:00:00,-3.3107264,-3.5035193
2018-08-24 07:30:00,-10.7065115,-7.2275715
2018-08-24 08:00:00,-16.265474,-11.03908
2018-08-24 08:30:00,-19.326565,-15.366636
2018-08-24 09:00:00,-24.409513,-20.151667
2018-08-24 09:30:00,-30.091942,-24.569998
2018-08-24 10:00:00,-28.040344,-26.64122
2018-08-24 10:30:00,-31.711481,-27.803541
2018-08-24 11:00:00,-32.932163,-28.327543
2018-08-24 11:30:00,-35.515896,-28.041977
2018-08-24 12:00:00,-34.607918,-29.999008
2018-08-24 12:30:00,-34.99531,-31.862339
2018-08-24 13:00:00,-35.74224,-32.0749
2018-08-24 13:30:00,-30.25068,-31.124434
2018-08-24 14:00:00,-30.428066,-30.394073
2018-08-24 14:30:00,-31.140135,-28.558867
2018-08-24 15:00:00,-28.405176,-25.175072
2018-08-24 15:30:00,-23.112162,-21.519255
2018-08-24 16:00:00,-19.50366,-17.418634
2018-08-24 16:30:00,-13.734462,-13.246288
2018-08-24 17:00:00,-12.421124,-8.307948
2018-08-24 17:30:00,-6.8417935,-3.2782316
2018-08-24 18:00:00,-3.8012333,1.3905418
2018-08-24 18:30:00,-0.5732418,4.953286
2018-08-24 19:00:00,-19.763424,6.417772
2018-08-24 19:30:00,-38.953606,7.047486
2018-08-24 20:00:00,-8.54176,7.2985873
2018-08-24 20:30:00,21.870083,7.2084785
2018-08-24 21:00:00,10.376042,6.81955
2018-08-24 21:30:00,-1.1179982,6.3142447
2018-08-24 22:00:00,0.85791457,5.6008706
2018-08-24 22:30:00,-46.71977,4.9370365
2018-08-24 23:00:00,-15.046762,3.7612205
2018-08-24 23:30:00,4.722458,2.8732433
2018-08-25 00:00:00,-1.93628,2.215491
2018-08-25 00:30:00,-7.788355,1.6825668
2018-08-25 01:00:00,5.073255,1.1779121
2018-08-25 01:30:00,-21.993488,0.7114935
2018-08-25 02:00:00,-15.998561,0.40864125
2018-08-25 02:30:00,5.6332912,0.39874908
2018-08-25 03:00:00,11.365996,1.4963934
2018-08-25 03:30:00,17.098705,2.5958643
2018-08-25 04:00:00,22.831411,3.7362454
2018-08-25 04:30:00,2.0775423,4.2638783
2018-08-25 05:00:00,5.7176065,3.9485297
2018-08-25 05:30:00,9.357672,2.8323593
2018-08-25 06:00:00,12.997736,0.8945908
2018-08-25 06:30:00,16.6378,-1.5233334
2018-08-25 07:00:00,-13.979217,-4.428483
2018-08-25 07:30:00,-14.3510065,-7.8849916
2018-08-25 08:00:00,-15.014808,-11.557969
2018-08-25 08:30:00,-17.982796,-15.111255
2018-08-25 09:00:00,-25.33055,-18.560041
2018-08-25 09:30:00,-30.925615,-22.01316
2018-08-25 10:00:00,-31.337831,-24.701084
2018-08-25 10:30:00,-34.784554,-26.824535
2018-08-25 11:00:00,-35.45946,-28.320578
2018-08-25 11:30:00,-38.63022,-29.498632
2018-08-25 12:00:00,-38.917576,-30.089737
2018-08-25 12:30:00,-43.003586,-30.195618
2018-08-25 13:00:00,-43.595345,-29.874428
2018-08-25 13:30:00,-38.439148,-28.91629
2018-08-25 14:00:00,-34.477386,-27.65104
2018-08-25 14:30:00,-27.681816,-26.14201
2018-08-25 15:00:00,-26.728302,-23.770376
2018-08-25 15:30:00,-27.509914,-20.299871
2018-08-25 16:00:00,-18.31922,-15.810646
2018-08-25 16:30:00,-16.745247,-10.966684
2018-08-25 17:00:00,-13.5458,-6.124352
2018-08-25 17:30:00,-9.653203,-1.3592777
2018-08-25 18:00:00,-3.7691753,2.7502463
2018-08-25 18:30:00,0.6003156,5.732707
2018-08-25 19:00:00,2.7503338,7.0251803
2018-08-25 19:30:00,3.2283223,7.122197
2018-08-25 20:00:00,6.5542307,7.2429876
2018-08-25 20:30:00,5.0709176,7.4302053
2018-08-25 21:00:00,4.2814517,7.109329
2018-08-25 21:30:00,3.491986,6.680046
2018-08-25 22:00:00,4.0040207,6.236553
2018-08-25 22:30:00,5.845174,5.012626
2018-08-25 23:00:00,6.8557763,4.1938553
2018-08-25 23:30:00,3.9048364,3.299643
2018-08-26 00:00:00,8.009663,2.2604125
2018-08-26 00:30:00,3.8385534,1.399512
2018-08-26 01:00:00,3.6424792,1.0979137
2018-08-26 01:30:00,4.0606604,0.048100602
2018-08-26 02:00:00,6.9513516,-0.24095762
2018-08-26 02:30:00,7.251744,0.52282965
2018-08-26 03:00:00,6.411056,1.8833294
2018-08-26 03:30:00,3.5012927,3.683774
2018-08-26 04:00:00,5.322596,5.2646413
2018-08-26 04:30:00,5.362925,4.939824
2018-08-26 05:00:00,5.4032497,4.213622
2018-08-26 05:30:00,38.84367,2.7286181
2018-08-26 06:00:00,-26.367235,0.8707167
2018-08-26 06:30:00,-7.7885776,-1.3033283
2018-08-26 07:00:00,10.790082,-5.320257
2018-08-26 07:30:00,-6.6027336,-9.243061
2018-08-26 08:00:00,-23.995548,-12.812561
2018-08-26 08:30:00,-41.388363,-16.318407
2018-08-26 09:00:00,-21.8902,-19.76414
2018-08-26 09:30:00,-26.017351,-22.984684
2018-08-26 10:00:00,-24.996157,-25.588533
2018-08-26 10:30:00,-33.994152,-27.76806
2018-08-26 11:00:00,-32.76444,-29.048117
2018-08-26 11:30:00,-30.221622,-30.00035
2018-08-26 12:00:00,-29.364403,-30.392052
2018-08-26 12:30:00,-29.39856,-30.840242
2018-08-26 13:00:00,-32.68689,-31.029547
2018-08-26 13:30:00,-29.145685,-30.284538
2018-08-26 14:00:00,-17.278067,-28.750257
2018-08-26 14:30:00,-26.851252,-26.352377
2018-08-26 15:00:00,-16.097015,-23.779507
2018-08-26 15:30:00,-15.502976,-21.135874
2018-08-26 16:00:00,-20.696405,-17.373508
2018-08-26 16:30:00,-13.497368,-13.413904
2018-08-26 17:00:00,-3.0749087,-9.024677
2018-08-26 17:30:00,1.0486189,-4.3494024
2018-08-26 18:00:00,3.7324483,0.18553391
2018-08-26 18:30:00,3.9030974,3.7776318
2018-08-26 19:00:00,4.3779445,6.4149885
2018-08-26 19:30:00,4.8527956,7.571086
2018-08-26 20:00:00,4.1359878,8.000426
2018-08-26 20:30:00,4.2179437,8.141259
2018-08-26 21:00:00,4.9310503,8.13148
2018-08-26 21:30:00,4.3160396,7.976535
2018-08-26 22:00:00,4.882284,7.641791
2018-08-26 22:30:00,5.4485335,7.133916
2018-08-26 23:00:00,6.014783,6.508169
2018-08-26 23:30:00,4.8351655,5.835299
2018-08-27 00:00:00,5.1478047,5.361719
2018-08-27 00:30:00,4.474992,4.803671
2018-08-27 01:00:00,2.9315085,4.2870445
2018-08-27 01:30:00,5.593779,3.7622867
2018-08-27 02:00:00,4.2776723,3.5636694
2018-08-27 02:30:00,4.193095,3.8362682
2018-08-27 03:00:00,4.632266,4.5778246
2018-08-27 03:30:00,4.373562,5.4478607
2018-08-27 04:00:00,4.114862,6.183339
2018-08-27 04:30:00,4.2671027,6.165678
2018-08-27 05:00:00,4.9660707,5.152773
2018-08-27 05:30:00,4.8203006,4.82644
2018-08-27 06:00:00,4.379902,0.34043583
2018-08-27 06:30:00,3.065691,-2.7245092
2018-08-27 07:00:00,-0.90006423,-4.8512344
2018-08-27 07:30:00,-4.8658195,-8.077129
2018-08-27 08:00:00,-7.4594088,-12.222848
2018-08-27 08:30:00,-3.5590756,-17.25876
2018-08-27 09:00:00,-8.921741,-20.805937
2018-08-27 09:30:00,-11.346873,-23.691355
2018-08-27 10:00:00,-10.447579,-25.786776
2018-08-27 10:30:00,-11.368174,-28.036568
2018-08-27 11:00:00,-14.660753,-29.289484
2018-08-27 11:30:00,-14.20537,-29.58275
2018-08-27 12:00:00,-19.45011,-29.44117
2018-08-27 12:30:00,-27.130684,-28.938942
2018-08-27 13:00:00,-28.311039,-29.180895
2018-08-27 13:30:00,-25.169825,-28.81909
2018-08-27 14:00:00,-15.42721,-26.991951
2018-08-27 14:30:00,-11.272608,-26.64978
2018-08-27 15:00:00,-3.158136,-24.491491
2018-08-27 15:30:00,-1.8730949,-22.084925
2018-08-27 16:00:00,1.1796554,-20.110554
2018-08-27 16:30:00,1.0211444,-16.365946
2018-08-27 17:00:00,-2.0878918,-11.417552
2018-08-27 17:30:00,-3.3965971,-6.5285773
2018-08-27 18:00:00,0.28709927,-1.7745619
2018-08-27 18:30:00,1.9094712,2.312919
2018-08-27 19:00:00,4.0186925,5.751823
2018-08-27 19:30:00,3.5999043,7.9966774
2018-08-27 20:00:00,4.5744205,9.044433
2018-08-27 20:30:00,5.163836,9.499409
2018-08-27 21:00:00,4.9189563,9.668179
2018-08-27 21:30:00,3.4885516,9.622501
2018-08-27 22:00:00,1.3606905,9.411947
2018-08-27 22:30:00,-3.0135064,9.004226
2018-08-27 23:00:00,1.1247853,8.475051
2018-08-27 23:30:00,5.263077,7.8857
2018-08-28 00:00:00,4.6634893,7.375488
2018-08-28 00:30:00,4.13985,6.9273243
2018-08-28 01:00:00,4.937504,6.478833
2018-08-28 01:30:00,3.1308422,6.161759
2018-08-28 02:00:00,3.5752044,5.911068
2018-08-28 02:30:00,2.979117,5.980916
2018-08-28 03:00:00,2.3830292,6.440894
2018-08-28 03:30:00,9.051519,7.045681
2018-08-28 04:00:00,20.87564,7.233397
2018-08-28 04:30:00,10.450789,6.5891023
2018-08-28 05:00:00,3.9248393,5.130354
2018-08-28 05:30:00,4.493072,2.902081
2018-08-28 06:00:00,2.0398,0.12294744
2018-08-28 06:30:00,2.4924815,-3.0605335
2018-08-28 07:00:00,2.9451628,-6.095252
2018-08-28 07:30:00,0.5971653,-9.447713
2018-08-28 08:00:00,-1.7508321,-12.854773
2018-08-28 08:30:00,-4.2822323,-15.594696
2018-08-28 09:00:00,-11.888773,-18.570707
2018-08-28 09:30:00,-17.372879,-21.223133
2018-08-28 10:00:00,-24.217964,-23.020298
2018-08-28 10:30:00,-18.483356,-24.517565
2018-08-28 11:00:00,-21.019762,-25.828564
2018-08-28 11:30:00,-22.704473,-26.46668
2018-08-28 12:00:00,-30.219765,-27.09681
2018-08-28 12:30:00,-41.751858,-28.471237
2018-08-28 13:00:00,-37.9766,-29.461502
2018-08-28 13:30:00,-32.632164,-28.393883
2018-08-28 14:00:00,-25.675201,-25.568161
2018-08-28 14:30:00,-27.675476,-22.467548
2018-08-28 15:00:00,-28.044268,-18.279295
2018-08-28 15:30:00,-28.083092,-13.884978
2018-08-28 16:00:00,-19.561518,-9.65433
2018-08-28 16:30:00,-15.788081,-5.028765
2018-08-28 17:00:00,-13.293428,-0.9223566
2018-08-28 17:30:00,-1.0461663,2.5970528
2018-08-28 18:00:00,1.2629614,5.455765
2018-08-28 18:30:00,2.1683023,7.495409
2018-08-28 19:00:00,3.073639,8.774551
2018-08-28 19:30:00,5.126002,9.499142
2018-08-28 20:00:00,3.4319775,9.927289
2018-08-28 20:30:00,1.7379526,10.161316
2018-08-28 21:00:00,0.043927882,10.246999
2018-08-28 21:30:00,-1.6500968,10.174105
2018-08-28 22:00:00,-3.3441215,9.925214
2018-08-28 22:30:00,14.242622,9.471969
2018-08-28 23:00:00,31.829361,9.006367
2018-08-28 23:30:00,6.82558,8.509123
2018-08-29 00:00:00,-18.178204,7.949532
2018-08-29 00:30:00,-20.304888,7.3735743
2018-08-29 01:00:00,-6.6787558,6.7834334
2018-08-29 01:30:00,6.9473796,6.3869634
2018-08-29 02:00:00,5.224338,6.4919634
2018-08-29 02:30:00,5.5365014,7.0150914
2018-08-29 03:00:00,6.308757,7.572593
2018-08-29 03:30:00,0.98584455,8.003468
2018-08-29 04:00:00,4.532912,7.959774
2018-08-29 04:30:00,8.780861,6.071366
2018-08-29 05:00:00,13.028815,3.432305
2018-08-29 05:30:00,5.355152,-0.6585444
2018-08-29 06:00:00,-7.483829,-2.9176998
2018-08-29 06:30:00,-7.3060665,-5.8128743
2018-08-29 07:00:00,-7.1283045,-9.423497
2018-08-29 07:30:00,-6.9505377,-12.563019
2018-08-29 08:00:00,-12.92501,-14.994938
2018-08-29 08:30:00,-17.686495,-16.90664
2018-08-29 09:00:00,-16.755476,-20.15889
2018-08-29 09:30:00,-23.290451,-23.263151
2018-08-29 10:00:00,-28.650175,-26.437622
2018-08-29 10:30:00,-29.215202,-27.383467
2018-08-29 11:00:00,-40.149834,-28.19073
2018-08-29 11:30:00,-31.906546,-28.849209
2018-08-29 12:00:00,-30.854515,-29.706867
2018-08-29 12:30:00,-33.046577,-32.289375
2018-08-29 13:00:00,-31.694767,-32.48763
2018-08-29 13:30:00,-33.60543,-31.77786
2018-08-29 14:00:00,-34.74039,-30.471136
2018-08-29 14:30:00,-28.812714,-28.221365
2018-08-29 15:00:00,-24.032309,-25.981756
2018-08-29 15:30:00,-22.52245,-22.869514
2018-08-29 16:00:00,-21.708834,-17.424423
2018-08-29 16:30:00,-13.471088,-11.9444685
2018-08-29 17:00:00,-12.428867,-6.59732
2018-08-29 17:30:00,-7.3413796,-0.7873439
2018-08-29 18:00:00,-3.105599,3.7549112
2018-08-29 18:30:00,2.5385823,6.629899
2018-08-29 19:00:00,3.8872585,8.211789
2018-08-29 19:30:00,7.9159365,9.360109
2018-08-29 20:00:00,5.960839,10.41389
2018-08-29 20:30:00,5.7166057,11.422238
2018-08-29 21:00:00,5.066889,12.236041
2018-08-29 21:30:00,7.7930965,12.697925
2018-08-29 22:00:00,7.4994726,12.677537
2018-08-29 22:30:00,8.681611,12.418151
2018-08-29 23:00:00,5.900088,12.087213
2018-08-29 23:30:00,6.65054,11.120059
2018-08-30 00:00:00,6.2231526,9.883932
2018-08-30 00:30:00,7.276186,8.448913
2018-08-30 01:00:00,7.1475744,7.174367
2018-08-30 01:30:00,4.0644484,6.3929496
2018-08-30 02:00:00,4.972061,5.789539
2018-08-30 02:30:00,6.2091184,5.7728176
2018-08-30 03:00:00,2.180108,6.438753
2018-08-30 03:30:00,4.5365953,7.470246
2018-08-30 04:00:00,4.886339,8.70296
2018-08-30 04:30:00,5.236083,9.316434
2018-08-30 05:00:00,5.585827,8.991869
2018-08-30 05:30:00,5.186657,7.067554
2018-08-30 06:00:00,3.9332852,3.9239
2018-08-30 06:30:00,2.6799088,0.4909728
2018-08-30 07:00:00,-2.22581,-3.1364028
2018-08-30 07:30:00,-5.415159,-6.6436043
2018-08-30 08:00:00,-12.494743,-10.430998
2018-08-30 08:30:00,-17.89331,-14.655578
2018-08-30 09:00:00,-21.157715,-18.741583
2018-08-30 09:30:00,-24.716469,-22.882416
2018-08-30 10:00:00,-33.836033,-27.027914
2018-08-30 10:30:00,-34.90751,-30.01559
2018-08-30 11:00:00,-31.780329,-32.77759
2018-08-30 11:30:00,-35.478313,-33.824867
2018-08-30 12:00:00,-39.604164,-33.691586
2018-08-30 12:30:00,-40.93831,-33.18659
2018-08-30 13:00:00,-42.17654,-32.27151
2018-08-30 13:30:00,-34.539566,-31.599161
2018-08-30 14:00:00,-30.832336,-31.024998
2018-08-30 14:30:00,-28.927013,-29.074852
2018-08-30 15:00:00,-33.348045,-27.111485
2018-08-30 15:30:00,-17.068829,-24.32536
2018-08-30 16:00:00,-19.413252,-21.242493
2018-08-30 16:30:00,-13.283602,-17.183544
2018-08-30 17:00:00,-8.067455,-12.498365
2018-08-30 17:30:00,-2.8513076,-7.126574
2018-08-30 18:00:00,-2.3202665,-1.6375612
2018-08-30 18:30:00,2.1697528,3.3080673
2018-08-30 19:00:00,7.3466763,6.8567595
2018-08-30 19:30:00,7.8368206,8.95324
2018-08-30 20:00:00,4.5000763,9.890714
2018-08-30 20:30:00,4.7636786,10.351937
2018-08-30 21:00:00,7.0020666,10.641559
2018-08-30 21:30:00,4.122727,10.85411
2018-08-30 22:00:00,13.1903715,10.877635
2018-08-30 22:30:00,22.25801,10.742648
2018-08-30 23:00:00,31.325655,10.415009
2018-08-30 23:30:00,4.6968975,10.030166
2018-08-31 00:00:00,-4.761012,9.652183
2018-08-31 00:30:00,3.5786912,9.359681
2018-08-31 01:00:00,9.644724,9.073803
2018-08-31 01:30:00,-3.4066422,8.644943
2018-08-31 02:00:00,-11.269693,8.243449
2018-08-31 02:30:00,-4.408607,8.008999
2018-08-31 03:00:00,2.4524844,7.9706883
2018-08-31 03:30:00,9.313576,8.48437
2018-08-31 04:00:00,6.144596,9.022171
2018-08-31 04:30:00,7.954111,9.105778
2018-08-31 05:00:00,3.137156,8.335118
2018-08-31 05:30:00,-1.6797953,6.560719
2018-08-31 06:00:00,3.7429655,4.037887
2018-08-31 06:30:00,9.165726,1.0360526
2018-08-31 07:00:00,14.5884905,-2.4777026
2018-08-31 07:30:00,-9.485307,-6.156392
2018-08-31 08:00:00,-3.451214,-10.304969
2018-08-31 08:30:00,-3.9370413,-14.829078
2018-08-31 09:00:00,-5.3045974,-19.294317
2018-08-31 09:30:00,-7.3087497,-23.477713
2018-08-31 10:00:00,-20.879025,-28.12224
2018-08-31 10:30:00,-32.27398,-31.4297
2018-08-31 11:00:00,-15.640646,-33.300278
2018-08-31 11:30:00,-25.131308,-34.760094
2018-08-31 12:00:00,-33.36959,-35.716705
2018-08-31 12:30:00,-37.76835,-36.409855
2018-08-31 13:00:00,-39.817036,-36.508343
2018-08-31 13:30:00,-34.708157,-35.656292
2018-08-31 14:00:00,-34.24029,-33.36238
2018-08-31 14:30:00,-33.025185,-30.91416
2018-08-31 15:00:00,-26.597536,-28.539106
2018-08-31 15:30:00,-23.501154,-22.792286
2018-08-31 16:00:00,-2.638621,-17.937336
2018-08-31 16:30:00,0.6022512,-13.678743
2018-08-31 17:00:00,1.301027,-8.440767
2018-08-31 17:30:00,1.493466,-3.4042654
2018-08-31 18:00:00,4.1670012,1.2018299
2018-08-31 18:30:00,5.252105,5.0031667
2018-08-31 19:00:00,6.3372097,7.516347
2018-08-31 19:30:00,5.9016867,8.853986
2018-08-31 20:00:00,5.141159,9.651226
2018-08-31 20:30:00,4.9973946,10.263567
2018-08-31 21:00:00,5.698858,10.792633
2018-08-31 21:30:00,6.063453,11.133232
2018-08-31 22:00:00,6.253187,11.409226
2018-08-31 22:30:00,4.6573505,11.447563
2018-08-31 23:00:00,6.314861,11.484986
2018-08-31 23:30:00,3.552947,10.937573
2018-09-01 00:00:00,5.308623,10.457233
2018-09-01 00:30:00,4.035637,9.951334
2018-09-01 01:00:00,4.3108487,9.416854
2018-09-01 01:30:00,5.5499244,8.354736
2018-09-01 02:00:00,7.2088413,7.216064
2018-09-01 02:30:00,4.3991094,6.637397
2018-09-01 03:00:00,5.5136676,6.885239
2018-09-01 03:30:00,5.0375795,8.010886
2018-09-01 04:00:00,5.519072,9.02169
2018-09-01 04:30:00,5.0217757,9.595853
2018-09-01 05:00:00,6.5743513,8.761653
2018-09-01 05:30:00,4.9419785,6.720576
2018-09-01 06:00:00,5.171408,4.305684
2018-09-01 06:30:00,4.9407244,1.6604055
2018-09-01 07:00:00,3.265322,-1.128607
2018-09-01 07:30:00,-1.0535418,-5.2111287
2018-09-01 08:00:00,-3.6582685,-8.677848
2018-09-01 08:30:00,-8.877414,-11.90428
2018-09-01 09:00:00,-11.195602,-15.353748
2018-09-01 09:30:00,-6.697859,-18.738981
2018-09-01 10:00:00,-7.90634,-22.950193
2018-09-01 10:30:00,-8.592502,-27.292107
2018-09-01 11:00:00,-7.991088,-28.799646
2018-09-01 11:30:00,-6.196398,-30.967066
2018-09-01 12:00:00,-6.56902,-33.300343
2018-09-01 12:30:00,-13.674099,-35.07793
2018-09-01 13:00:00,-17.805996,-35.59996
2018-09-01 13:30:00,-11.954676,-34.640793
2018-09-01 14:00:00,-18.48849,-32.548946
2018-09-01 14:30:00,-19.273712,-30.974636
2018-09-01 15:00:00,-29.883286,-28.047543
2018-09-01 15:30:00,-22.629385,-25.292765
2018-09-01 16:00:00,-9.744592,-19.52258
2018-09-01 16:30:00,-9.477468,-14.768604
2018-09-01 17:00:00,-1.3194817,-10.51378
2018-09-01 17:30:00,-6.163173,-6.301057
2018-09-01 18:00:00,-1.8064319,-1.9331996
2018-09-01 18:30:00,2.7689078,2.012876
2018-09-01 19:00:00,5.1997433,5.0818367
2018-09-01 19:30:00,5.0797653,7.103671
2018-09-01 20:00:00,6.0692554,8.403585
2018-09-01 20:30:00,5.761868,9.320288
2018-09-01 21:00:00,5.4225492,10.044427
2018-09-01 21:30:00,5.717209,10.631387
2018-09-01 22:00:00,8.19058,11.082015
2018-09-01 22:30:00,3.3170943,11.361273
2018-09-01 23:00:00,6.057126,11.507974
2018-09-01 23:30:00,33.50386,11.449642
2018-09-02 00:00:00,19.408512,11.341864
2018-09-02 00:30:00,5.313167,11.137362
2018-09-02 01:00:00,3.3658168,10.867148
2018-09-02 01:30:00,8.8825445,10.517007
2018-09-02 02:00:00,3.917595,10.186387
2018-09-02 02:30:00,4.937316,9.810667
2018-09-02 03:00:00,3.251716,9.7952175
2018-09-02 03:30:00,5.962687,10.097829
2018-09-02 04:00:00,4.449877,10.572711
2018-09-02 04:30:00,3.5320396,10.693314
2018-09-02 05:00:00,4.92409,10.036318
2018-09-02 05:30:00,4.3912883,8.342699
2018-09-02 06:00:00,3.700845,5.8995633
2018-09-02 06:30:00,2.9625397,2.9510396
2018-09-02 07:00:00,0.49995178,-0.33167392
2018-09-02 07:30:00,-3.5817657,-3.9497342
2018-09-02 08:00:00,-6.4342957,-7.6349998
2018-09-02 08:30:00,-12.25858,-11.534895
2018-09-02 09:00:00,-8.2474985,-15.380261
2018-09-02 09:30:00,-16.46262,-18.450607
2018-09-02 10:00:00,-18.133827,-21.456406
2018-09-02 10:30:00,-10.365541,-23.73217
2018-09-02 11:00:00,-11.652732,-25.380629
2018-09-02 11:30:00,-16.125526,-26.024473
2018-09-02 12:00:00,-27.481188,-26.189878
2018-09-02 12:30:00,-29.435926,-26.847675
2018-09-02 13:00:00,-25.637638,-27.33675
2018-09-02 13:30:00,-24.16175,-26.40667
2018-09-02 14:00:00,-35.15294,-25.881254
2018-09-02 14:30:00,-29.483469,-24.62774
2018-09-02 15:00:00,-14.539802,-23.37003
2018-09-02 15:30:00,-24.116781,-21.010464
2018-09-02 16:00:00,-18.771317,-16.399817
2018-09-02 16:30:00,-20.52578,-12.358459
2018-09-02 17:00:00,-11.749093,-8.074206
2018-09-02 17:30:00,-9.697044,-4.1921887
2018-09-02 18:00:00,-2.2048242,-0.21771272
2018-09-02 18:30:00,13.341581,3.3226347
2018-09-02 19:00:00,0.0470607,6.0456696
2018-09-02 19:30:00,-13.247457,7.7803383
2018-09-02 20:00:00,-26.541975,8.746361
2018-09-02 20:30:00,-15.443292,9.35525
2018-09-02 21:00:00,-4.3446093,9.837806
2018-09-02 21:30:00,6.7540755,10.260221
2018-09-02 22:00:00,-4.9156036,10.630775
2018-09-02 22:30:00,-16.585285,10.890795
2018-09-02 23:00:00,18.55442,11.073031
2018-09-02 23:30:00,11.658297,11.558404
2018-09-03 00:00:00,4.7621713,11.440869
2018-09-03 00:30:00,-2.1339536,11.395908
2018-09-03 01:00:00,-9.030078,11.198493
2018-09-03 01:30:00,-15.926203,10.9783125
2018-09-03 02:00:00,-22.822329,10.44008
2018-09-03 02:30:00,-29.718452,10.009175
2018-09-03 03:00:00,15.357971,9.577677
2018-09-03 03:30:00,60.43439,9.542224
2018-09-03 04:00:00,1.014219,9.693683
2018-09-03 04:30:00,-7.7300897,9.858516
2018-09-03 05:00:00,4.8540144,9.526599
2018-09-03 05:30:00,17.43812,8.281842
2018-09-03 06:00:00,-6.4979787,6.115553
2018-09-03 06:30:00,-30.434076,3.1266608
2018-09-03 07:00:00,-18.105137,-0.6270284
2018-09-03 07:30:00,-5.7761984,-3.994817
2018-09-03 08:00:00,-17.149939,-7.6168146
2018-09-03 08:30:00,-12.485332,-11.519187
2018-09-03 09:00:00,-11.752934,-15.195958
2018-09-03 09:30:00,-16.211952,-19.437708
2018-09-03 10:00:00,-19.45981,-23.07121
2018-09-03 10:30:00,-23.125614,-24.7801
2018-09-03 11:00:00,-24.587427,-26.261137
2018-09-03 11:30:00,-23.667267,-27.684378
2018-09-03 12:00:00,-27.511992,-30.129938
2018-09-03 12:30:00,-24.115288,-31.307129
2018-09-03 13:00:00,-22.945179,-31.39778
2018-09-03 13:30:00,-22.212303,-30.759922
2018-09-03 14:00:00,-24.548553,-32.001915
2018-09-03 14:30:00,-17.293688,-30.815813
2018-09-03 15:00:00,-16.614687,-25.80205
2018-09-03 15:30:00,-16.661993,-21.83668
2018-09-03 16:00:00,-11.887081,-19.97017
2018-09-03 16:30:00,-9.124565,-16.99401
2018-09-03 17:00:00,-6.772417,-12.077668
2018-09-03 17:30:00,-3.1006136,-6.8694906
2018-09-03 18:00:00,-0.6553679,-1.5925525
2018-09-03 18:30:00,3.1550047,3.4899237
2018-09-03 19:00:00,4.365767,6.5214124
2018-09-03 19:30:00,3.6187537,8.061514
2018-09-03 20:00:00,1.4620067,9.062696
2018-09-03 20:30:00,4.2015586,10.161639
2018-09-03 21:00:00,4.513189,11.235212
2018-09-03 21:30:00,3.6595328,12.046648
2018-09-03 22:00:00,2.7392137,12.254406
2018-09-03 22:30:00,2.8420944,11.957347
2018-09-03 23:00:00,-1.1979704,11.666257
2018-09-03 23:30:00,4.4278994,10.676601
2018-09-04 00:00:00,10.053769,9.687199
2018-09-04 00:30:00,1.4530146,8.604968
2018-09-04 01:00:00,6.6476603,7.370013
2018-09-04 01:30:00,4.108505,6.0252037
2018-09-04 02:00:00,1.569344,4.65441
2018-09-04 02:30:00,-0.96981204,3.3976955
2018-09-04 03:00:00,-3.5089679,4.1621075
2018-09-04 03:30:00,-6.0481286,7.2400603
2018-09-04 04:00:00,-8.587285,7.168648
2018-09-04 04:30:00,-11.12644,7.6194196
2018-09-04 05:00:00,-13.665599,7.8569283
2018-09-04 05:30:00,-16.204754,7.6013308
2018-09-04 06:00:00,-18.743914,5.0371337
2018-09-04 06:30:00,-21.28307,1.1928159
2018-09-04 07:00:00,-23.822227,-2.29918
2018-09-04 07:30:00,-26.361387,-5.117013
2018-09-04 08:00:00,-9.623583,-8.6826935
2018-09-04 08:30:00,-9.910335,-12.108118
2018-09-04 09:00:00,-17.87755,-15.220062
2018-09-04 09:30:00,-19.276863,-18.521128
2018-09-04 10:00:00,-23.388859,-21.603521
2018-09-04 10:30:00,-28.638193,-24.29362
2018-09-04 11:00:00,-29.635399,-26.226934
2018-09-04 11:30:00,-27.879913,-27.047827
2018-09-04 12:00:00,-26.17606,-27.323027
2018-09-04 12:30:00,-32.54735,-26.64923
2018-09-04 13:00:00,-31.17905,-25.821783
2018-09-04 13:30:00,-29.826353,-24.685137
2018-09-04 14:00:00,-26.112122,-23.714039
2018-09-04 14:30:00,-34.51381,-21.953508
2018-09-04 15:00:00,-20.768124,-19.609537
2018-09-04 15:30:00,-14.716231,-17.360369
2018-09-04 16:00:00,-14.683609,-14.695695
2018-09-04 16:30:00,-9.210925,-11.105791
2018-09-04 17:00:00,-5.214751,-7.7313566
2018-09-04 17:30:00,-2.883348,-3.71053
2018-09-04 18:00:00,0.95892936,-0.09685671
2018-09-04 18:30:00,-5.57835,3.0999815
2018-09-04 19:00:00,-14.602066,5.5653653
2018-09-04 19:30:00,-23.625788,7.212778
2018-09-04 20:00:00,-21.291094,8.103779
2018-09-04 20:30:00,-18.956402,8.564989
2018-09-04 21:00:00,-16.621708,8.677954
2018-09-04 21:30:00,-36.646156,8.564561
2018-09-04 22:00:00,-27.847692,8.306341
2018-09-04 22:30:00,-19.049227,7.9602284
2018-09-04 23:00:00,-10.250758,7.4678035
2018-09-04 23:30:00,-1.4522923,7.097248
2018-09-05 00:00:00,7.3461742,6.832051
2018-09-05 00:30:00,6.4609365,6.307765
2018-09-05 01:00:00,5.575699,6.0818872
2018-09-05 01:30:00,4.690461,5.7117124
2018-09-05 02:00:00,3.8052285,5.3352494
2018-09-05 02:30:00,2.919991,5.000654
2018-09-05 03:00:00,3.726458,4.747285
2018-09-05 03:30:00,-1.3314013,4.531221
2018-09-05 04:00:00,-6.389261,4.2730017
2018-09-05 04:30:00,-11.44712,3.8992655
2018-09-05 05:00:00,-16.504976,3.2015383
2018-09-05 05:30:00,-15.356097,2.0702062
2018-09-05 06:00:00,-14.207218,0.49560866
2018-09-05 06:30:00,-13.058341,-1.533016
2018-09-05 07:00:00,-11.909461,-4.2409945
2018-09-05 07:30:00,-10.760582,-7.340606
2018-09-05 08:00:00,-9.611698,-9.437978
2018-09-05 08:30:00,-9.335093,-11.4085245
2018-09-05 09:00:00,-15.165087,-14.059604
2018-09-05 09:30:00,-17.216484,-16.728636
2018-09-05 10:00:00,-23.194616,-19.373135
2018-09-05 10:30:00,-23.421059,-22.128185
2018-09-05 11:00:00,-28.991373,-24.428852
2018-09-05 11:30:00,-34.761955,-26.113287
2018-09-05 12:00:00,-24.309021,-27.337332
2018-09-05 12:30:00,-27.197348,-28.427002
2018-09-05 13:00:00,-30.724707,-28.776127
2018-09-05 13:30:00,-27.622036,-28.455372
2018-09-05 14:00:00,-30.30503,-26.944548
2018-09-05 14:30:00,-15.456669,-26.387709
2018-09-05 15:00:00,-26.206541,-23.417444
2018-09-05 15:30:00,-21.767378,-18.808289
2018-09-05 16:00:00,-5.7638636,-14.154467
2018-09-05 16:30:00,-3.039268,-9.054848
2018-09-05 17:00:00,-0.31466845,-4.4243846
2018-09-05 17:30:00,2.409927,-0.096581444
2018-09-05 18:00:00,2.795705,3.5708964
2018-09-05 18:30:00,2.087452,5.904173
2018-09-05 19:00:00,1.3792033,6.985323
2018-09-05 19:30:00,16.61022,7.011325
2018-09-05 20:00:00,-6.038446,6.5855894
2018-09-05 20:30:00,-32.644394,6.098067
2018-09-05 21:00:00,8.596544,5.504579
2018-09-05 21:30:00,57.797607,4.5015006
2018-09-05 22:00:00,20.134872,3.457831
2018-09-05 22:30:00,-22.560333,2.3304791
2018-09-05 23:00:00,-10.105836,1.229313
2018-09-05 23:30:00,2.3486557,0.2862691
2018-09-06 00:00:00,3.111045,-0.3310229
2018-09-06 00:30:00,3.8734338,-0.753499
2018-09-06 01:00:00,4.6358185,-0.85091347
2018-09-06 01:30:00,-29.245697,-0.7129777
2018-09-06 02:00:00,-17.66012,-0.30277508
2018-09-06 02:30:00,-6.074546,0.35483718
2018-09-06 03:00:00,5.5110326,1.2436007
2018-09-06 03:30:00,4.4180155,1.9362988
2018-09-06 04:00:00,3.3250027,2.1358118
2018-09-06 04:30:00,3.7459671,1.5777156
2018-09-06 05:00:00,15.446743,0.31641755
2018-09-06 05:30:00,27.147514,-1.4263428
2018-09-06 06:00:00,10.02577,-3.3165596
2018-09-06 06:30:00,1.1068491,-5.437115
2018-09-06 07:00:00,4.6351414,-8.171437
2018-09-06 07:30:00,1.3477135,-11.195912
2018-09-06 08:00:00,0.8605624,-13.9293995
2018-09-06 08:30:00,-0.5987718,-16.277239
2018-09-06 09:00:00,7.3446097,-19.265087
2018-09-06 09:30:00,60.56049,-21.513653
2018-09-06 10:00:00,45.363586,-23.522001
2018-09-06 10:30:00,16.12213,-24.767828
2018-09-06 11:00:00,-13.119328,-25.928219
2018-09-06 11:30:00,-8.193843,-27.051125
2018-09-06 12:00:00,-1.8314813,-26.685781
2018-09-06 12:30:00,4.53088,-25.773792
2018-09-06 13:00:00,10.893247,-25.102793
2018-09-06 13:30:00,-37.649773,-23.590471
2018-09-06 14:00:00,-31.505653,-21.865711
2018-09-06 14:30:00,-25.361536,-18.44429
2018-09-06 15:00:00,-19.217417,-16.707869
2018-09-06 15:30:00,-16.318274,-14.285368
2018-09-06 16:00:00,-10.67431,-9.444982
2018-09-06 16:30:00,-5.8106723,-4.6440144
2018-09-06 17:00:00,-2.6934958,-0.21101889
2018-09-06 17:30:00,0.42368054,3.2668905
2018-09-06 18:00:00,3.048314,5.6274843
2018-09-06 18:30:00,2.8231838,6.8515687
2018-09-06 19:00:00,2.5980535,7.1708455
2018-09-06 19:30:00,2.9124975,7.1705394
2018-09-06 20:00:00,2.6978886,6.588757
2018-09-06 20:30:00,2.6597836,5.8814173
2018-09-06 21:00:00,1.8979884,5.7221375
2018-09-06 21:30:00,-7.74065,5.925814
2018-09-06 22:00:00,-17.379286,5.028679
2018-09-06 22:30:00,-27.017923,4.233013
2018-09-06 23:00:00,-36.65656,3.9853065
2018-09-06 23:30:00,-16.045195,3.6563475
2018-09-07 00:00:00,4.566171,3.2779975
2018-09-07 00:30:00,4.0621676,3.0321956
2018-09-07 01:00:00,3.5581684,2.876717
2018-09-07 01:30:00,3.0541646,1.7469491
2018-09-07 02:00:00,12.67697,1.6856865
2018-09-07 02:30:00,8.196186,2.2540462
2018-09-07 03:00:00,3.7154036,3.453824
2018-09-07 03:30:00,4.539728,4.156401
2018-09-07 04:00:00,3.7292762,4.235412
2018-09-07 04:30:00,5.7664557,3.5881946
2018-09-07 05:00:00,6.1019206,2.811426
2018-09-07 05:30:00,4.3800983,1.7953308
2018-09-07 06:00:00,4.1565847,-0.6512564
2018-09-07 06:30:00,2.8795395,-3.5611422
2018-09-07 07:00:00,1.7968382,-6.208169
2018-09-07 07:30:00,-1.7986108,-8.9734955
2018-09-07 08:00:00,-4.086796,-11.741072
2018-09-07 08:30:00,-4.0671034,-14.466086
2018-09-07 09:00:00,-9.688524,-16.176744
2018-09-07 09:30:00,-18.443466,-14.575984
2018-09-07 10:00:00,-16.873852,-14.440562
2018-09-07 10:30:00,-15.5656395,-15.86626
2018-09-07 11:00:00,-27.748947,-18.364906
2018-09-07 11:30:00,-34.71548,-19.496008
2018-09-07 12:00:00,-31.322554,-19.308992
2018-09-07 12:30:00,-21.510105,-18.147282
2018-09-07 13:00:00,-23.71182,-16.449171
2018-09-07 13:30:00,-21.960396,-17.046156
2018-09-07 14:00:00,-24.272568,-16.152313
2018-09-07 14:30:00,-29.37377,-14.105971
2018-09-07 15:00:00,-27.93697,-11.888655
2018-09-07 15:30:00,-15.4528055,-9.836829
2018-09-07 16:00:00,-22.360142,-7.533159
2018-09-07 16:30:00,-9.979313,-5.1075315
2018-09-07 17:00:00,-9.924679,-2.7087796
2018-09-07 17:30:00,-5.495905,-0.58304656
2018-09-07 18:00:00,-1.0671304,1.2877486
2018-09-07 18:30:00,3.3616486,2.8233542
2018-09-07 19:00:00,7.7904224,4.0973277
2018-09-07 19:30:00,-1.5566192,5.1226463
2018-09-07 20:00:00,0.36523184,5.761204
2018-09-07 20:30:00,2.287083,6.0879126
2018-09-07 21:00:00,4.2089295,6.1631265
2018-09-07 21:30:00,1.5475017,5.8719535
2018-09-07 22:00:00,6.3822403,5.3165665
2018-09-07 22:30:00,5.638731,4.48886
2018-09-07 23:00:00,3.328057,3.3651657
2018-09-07 23:30:00,0.9302053,2.8077512
2018-09-08 00:00:00,1.6122947,2.8876271
2018-09-08 00:30:00,2.0663261,2.860179
2018-09-08 01:00:00,-6.9647427,2.9524376
2018-09-08 01:30:00,19.159788,3.105937
2018-09-08 02:00:00,15.220674,3.840594
2018-09-08 02:30:00,11.281554,4.1720304
2018-09-08 03:00:00,7.342438,4.1593814
2018-09-08 03:30:00,3.403319,3.95182
2018-09-08 04:00:00,-0.5357965,3.2241235
2018-09-08 04:30:00,-4.4749117,2.1694076
2018-09-08 05:00:00,-8.414032,0.71824414
2018-09-08 05:30:00,-12.353147,-1.0970647
2018-09-08 06:00:00,-16.292263,-3.0895066
2018-09-08 06:30:00,-20.231382,-5.030605
2018-09-08 07:00:00,-24.1705,-6.9891453
2018-09-08 07:30:00,-28.109617,-9.100822
2018-09-08 08:00:00,-8.7713175,-11.131937
2018-09-08 08:30:00,-13.126852,-12.757446
2018-09-08 09:00:00,-16.75075,-14.435168
2018-09-08 09:30:00,-20.14629,-16.37663
2018-09-08 10:00:00,-24.928358,-17.48617
2018-09-08 10:30:00,-15.707095,-17.705896
2018-09-08 11:00:00,-24.361376,-19.764986
2018-09-08 11:30:00,-30.395844,-21.906387
2018-09-08 12:00:00,-20.992565,-22.060352
2018-09-08 12:30:00,-30.825796,-20.727877
2018-09-08 13:00:00,-32.84758,-19.970585
2018-09-08 13:30:00,-27.467735,-19.159943
2018-09-08 14:00:00,-24.850885,-18.209375
2018-09-08 14:30:00,-23.41984,-19.009884
2018-09-08 15:00:00,-13.878226,-18.48444
2018-09-08 15:30:00,-16.636093,-16.132015
2018-09-08 16:00:00,-16.416225,-14.884942
2018-09-08 16:30:00,-11.271799,-11.295521
2018-09-08 17:00:00,-7.660097,-8.10477
2018-09-08 17:30:00,-3.261095,-4.5531316
2018-09-08 18:00:00,-5.1613708,-0.8715062
2018-09-08 18:30:00,-7.0616455,2.459768
2018-09-08 19:00:00,-2.0957348,4.9664335
2018-09-08 19:30:00,2.870176,6.0455127
2018-09-08 20:00:00,-15.360794,6.5290413
2018-09-08 20:30:00,12.654869,6.599082
2018-09-08 21:00:00,46.45563,6.288706
2018-09-08 21:30:00,16.357038,5.6135464
2018-09-08 22:00:00,-8.332932,4.962012
2018-09-08 22:30:00,-9.805405,4.277668
2018-09-08 23:00:00,-11.277877,3.5373616
2018-09-08 23:30:00,-6.48626,2.7710006
2018-09-09 00:00:00,-4.547731,2.1050384
2018-09-09 00:30:00,-2.6092024,1.4925528
2018-09-09 01:00:00,-11.62507,0.8563634
2018-09-09 01:30:00,-11.526375,1.1441939
2018-09-09 02:00:00,-11.42768,1.1270398
2018-09-09 02:30:00,-11.328985,1.3021936
2018-09-09 03:00:00,-11.230295,1.5315186
2018-09-09 03:30:00,-11.1316,1.8433411
2018-09-09 04:00:00,-11.032906,1.9853972
2018-09-09 04:30:00,-10.934211,1.9614401
2018-09-09 05:00:00,-10.835516,1.6152483
2018-09-09 05:30:00,-10.736826,0.5538607
2018-09-09 06:00:00,-10.638131,-0.82965225
2018-09-09 06:30:00,-10.539436,-2.6946623
2018-09-09 07:00:00,-10.440742,-5.159361
2018-09-09 07:30:00,-10.3420515,-7.904042
2018-09-09 08:00:00,-10.243357,-9.595531
2018-09-09 08:30:00,-9.328407,-11.210017
2018-09-09 09:00:00,-16.629354,-12.894424
2018-09-09 09:30:00,-18.483486,-14.638265
2018-09-09 10:00:00,-24.191614,-16.779121
2018-09-09 10:30:00,-29.5177,-17.860645
2018-09-09 11:00:00,-25.695652,-19.222006
2018-09-09 11:30:00,-29.342117,-20.65007
2018-09-09 12:00:00,-26.231512,-20.529655
2018-09-09 12:30:00,-28.709269,-21.13757
2018-09-09 13:00:00,-30.85283,-22.131832
2018-09-09 13:30:00,-29.76879,-22.374254
2018-09-09 14:00:00,-25.573437,-21.595154
2018-09-09 14:30:00,-26.65287,-20.266214
2018-09-09 15:00:00,-23.216227,-16.990454
2018-09-09 15:30:00,-17.507757,-15.137309
2018-09-09 16:00:00,-19.468441,-12.746435
2018-09-09 16:30:00,-9.368291,-9.574734
2018-09-09 17:00:00,-9.397146,-6.079151
2018-09-09 17:30:00,-7.1937613,-2.5783112
2018-09-09 18:00:00,-3.0806718,0.45993298
2018-09-09 18:30:00,1.0324173,2.9604511
2018-09-09 19:00:00,2.8683803,4.703578
2018-09-09 19:30:00,4.704343,5.5279026
2018-09-09 20:00:00,4.5169597,5.1639147
2018-09-09 20:30:00,3.2604852,4.9413447
2018-09-09 21:00:00,25.139242,4.7664747
2018-09-09 21:30:00,47.018,3.6814058
2018-09-09 22:00:00,37.055603,2.929184
2018-09-09 22:30:00,27.093203,2.482021
2018-09-09 23:00:00,17.130796,1.8780687
2018-09-09 23:30:00,7.1683984,1.3116839
2018-09-10 00:00:00,-2.3194363,0.7620206
2018-09-10 00:30:00,1.0099895,0.29902318
2018-09-10 01:00:00,4.33942,-0.30531806
2018-09-10 01:30:00,3.6383502,-0.64573354
2018-09-10 02:00:00,3.4113193,-0.90020406
2018-09-10 02:30:00,3.1842926,-0.9038175
2018-09-10 03:00:00,4.3227377,-0.64152586
2018-09-10 03:30:00,3.7764783,-0.07211313
2018-09-10 04:00:00,5.034027,0.5076462
2018-09-10 04:30:00,6.2915764,0.9786307
2018-09-10 05:00:00,3.7388625,1.0710336
2018-09-10 05:30:00,3.4441636,0.6231148
2018-09-10 06:00:00,4.3473635,-0.3065065
2018-09-10 06:30:00,4.274889,-1.8298254
2018-09-10 07:00:00,-2.962442,-3.8144417
2018-09-10 07:30:00,-5.222878,-6.4509645
2018-09-10 08:00:00,-11.257101,-9.122608
2018-09-10 08:30:00,-5.732461,-11.680787
2018-09-10 09:00:00,-13.86599,-14.149287
2018-09-10 09:30:00,-20.078234,-16.487595
2018-09-10 10:00:00,-20.055426,-18.859793
2018-09-10 10:30:00,-8.314139,-20.898413
2018-09-10 11:00:00,-20.927576,-22.43353
2018-09-10 11:30:00,-21.376194,-23.863136
2018-09-10 12:00:00,-8.167479,-23.976652
2018-09-10 12:30:00,-16.766808,-24.137165
2018-09-10 13:00:00,-12.69271,-24.28375
2018-09-10 13:30:00,-15.485391,-24.128178
2018-09-10 14:00:00,-15.247851,-23.340746
2018-09-10 14:30:00,-13.125812,-21.530338
2018-09-10 15:00:00,-13.961298,-19.324482
2018-09-10 15:30:00,-9.10753,-16.542236
2018-09-10 16:00:00,-10.154952,-13.709851
2018-09-10 16:30:00,-3.1729,-9.825705
2018-09-10 17:00:00,-0.9561185,-6.2496123
2018-09-10 17:30:00,0.5169704,-2.746251
2018-09-10 18:00:00,1.9900548,0.66166115
2018-09-10 18:30:00,3.4631395,3.4590805
2018-09-10 19:00:00,3.3324482,5.1884747
2018-09-10 19:30:00,5.610977,5.8685718
2018-09-10 20:00:00,7.8895106,5.7467895
2018-09-10 20:30:00,3.1761394,5.2425365
2018-09-10 21:00:00,-25.295567,4.845446
2018-09-10 21:30:00,9.136818,4.363648
2018-09-10 22:00:00,1.4077046,3.7102652
2018-09-10 22:30:00,0.72243434,3.3652968
2018-09-10 23:00:00,8.131445,3.1724298
2018-09-10 23:30:00,15.540453,2.9931817
2018-09-11 00:00:00,1.6130811,2.7546244
2018-09-11 00:30:00,2.4912448,2.6075785
2018-09-11 01:00:00,13.518482,2.399515
2018-09-11 01:30:00,7.3113985,2.1067512
2018-09-11 02:00:00,8.813675,1.8292282
2018-09-11 02:30:00,10.315947,1.6682441
2018-09-11 03:00:00,11.818218,1.8710865
2018-09-11 03:30:00,2.6046205,2.2977355
2018-09-11 04:00:00,4.064077,2.9569774
2018-09-11 04:30:00,4.98499,3.546463
2018-09-11 05:00:00,4.063072,3.5266743
2018-09-11 05:30:00,2.581865,2.9372673
2018-09-11 06:00:00,5.999674,1.8734852
2018-09-11 06:30:00,1.7915732,0.39356703
2018-09-11 07:00:00,-4.915809,-1.9166093
2018-09-11 07:30:00,-17.39398,-4.3385925
2018-09-11 08:00:00,-9.964532,-7.131909
2018-09-11 08:30:00,-13.994134,-9.294069
2018-09-11 09:00:00,-18.660158,-12.172985
2018-09-11 09:30:00,-26.800356,-15.060079
2018-09-11 10:00:00,-28.765049,-17.319283
2018-09-11 10:30:00,-30.559101,-17.723228
2018-09-11 11:00:00,-29.186947,-19.351221
2018-09-11 11:30:00,-33.601494,-20.647293
2018-09-11 12:00:00,-30.241533,-19.17937
2018-09-11 12:30:00,-29.792513,-19.072596
2018-09-11 13:00:00,-28.06138,-18.268637
2018-09-11 13:30:00,-28.377012,-17.691923
2018-09-11 14:00:00,-33.88688,-16.958162
2018-09-11 14:30:00,-31.526667,-15.776757
2018-09-11 15:00:00,-21.161425,-15.013926
2018-09-11 15:30:00,-10.873849,-13.429497
2018-09-11 16:00:00,-22.36544,-11.926467
2018-09-11 16:30:00,-13.758851,-9.380342
2018-09-11 17:00:00,-7.505654,-6.880882
2018-09-11 17:30:00,-4.0312443,-4.4752655
2018-09-11 18:00:00,-1.7363782,-2.128282
2018-09-11 18:30:00,0.5584835,0.11161773
2018-09-11 19:00:00,2.8533454,2.0414472
2018-09-11 19:30:00,5.1482067,3.6332076
2018-09-11 20:00:00,3.2338932,4.8301625
2018-09-11 20:30:00,7.7121983,5.4119663
2018-09-11 21:00:00,-11.770385,5.0410094
2018-09-11 21:30:00,-31.252966,5.5705647
2018-09-11 22:00:00,-12.943864,5.49723
2018-09-11 22:30:00,5.3652363,5.2895203
2018-09-11 23:00:00,2.386337,5.2092423
2018-09-11 23:30:00,2.2806249,5.1606684
2018-09-12 00:00:00,-6.3439813,4.6026335
2018-09-12 00:30:00,5.539215,4.3245163
2018-09-12 01:00:00,5.559104,4.4190555
2018-09-12 01:30:00,2.2033532,4.160386
2018-09-12 02:00:00,0.7473964,4.1694264
2018-09-12 02:30:00,-0.7085647,4.3135405
2018-09-12 03:00:00,-2.1645257,4.569435
2018-09-12 03:30:00,3.0194678,4.443904
2018-09-12 04:00:00,8.203465,4.4481945
2018-09-12 04:30:00,-13.910795,4.215934
2018-09-12 05:00:00,-11.060101,3.62051
2018-09-12 05:30:00,-37.254337,2.5711164
2018-09-12 06:00:00,-15.744525,1.3895893
2018-09-12 06:30:00,5.7652845,-0.3339285
2018-09-12 07:00:00,-0.2560406,-2.6847088
2018-09-12 07:30:00,-6.2773705,-6.0817113
2018-09-12 08:00:00,-8.577694,-8.478353
2018-09-12 08:30:00,-9.0335,-10.908226
2018-09-12 09:00:00,-11.998469,-13.503111
2018-09-12 09:30:00,-12.096386,-16.148273
2018-09-12 10:00:00,-13.797592,-18.526098
2018-09-12 10:30:00,-30.437769,-20.649214
2018-09-12 11:00:00,-34.93518,-22.31754
2018-09-12 11:30:00,-28.82203,-23.904146
2018-09-12 12:00:00,-15.040244,-25.20349
2018-09-12 12:30:00,-25.141302,-25.478025
2018-09-12 13:00:00,-14.375588,-25.492958
2018-09-12 13:30:00,-5.690839,-25.00927
2018-09-12 14:00:00,-2.732265,-25.108572
2018-09-12 14:30:00,-1.0311445,-24.337555
2018-09-12 15:00:00,-5.607022,-21.439148
2018-09-12 15:30:00,-13.708213,-16.234219
2018-09-12 16:00:00,-7.151108,-12.883161
2018-09-12 16:30:00,-1.516596,-8.649023
2018-09-12 17:00:00,1.3859278,-3.8536086
2018-09-12 17:30:00,4.2884517,0.60539275
2018-09-12 18:00:00,2.6147268,4.0718546
2018-09-12 18:30:00,8.058359,6.3099976
2018-09-12 19:00:00,13.501993,7.380862
2018-09-12 19:30:00,13.556155,7.7346478
2018-09-12 20:00:00,13.610317,7.7742777
2018-09-12 20:30:00,13.66448,7.699584
2018-09-12 21:00:00,13.718642,7.3118134
2018-09-12 21:30:00,13.772804,6.6844153
2018-09-12 22:00:00,13.826967,6.074525
2018-09-12 22:30:00,13.881125,5.3786764
2018-09-12 23:00:00,13.935287,4.438145
2018-09-12 23:30:00,13.9894495,3.6689968
2018-09-13 00:00:00,14.0436125,2.8529346
2018-09-13 00:30:00,14.0977745,2.5204802
2018-09-13 01:00:00,14.151937,2.1136374
2018-09-13 01:30:00,14.2060995,1.8704529
2018-09-13 02:00:00,15.703058,1.983348
2018-09-13 02:30:00,17.200022,2.5185838
2018-09-13 03:00:00,19.074808,3.291337
2018-09-13 03:30:00,20.949602,4.195472
2018-09-13 04:00:00,22.82439,4.6792145
2018-09-13 04:30:00,24.699179,3.1281202
2018-09-13 05:00:00,26.573967,1.3801602
2018-09-13 05:30:00,28.448765,-2.0215085
2018-09-13 06:00:00,30.323555,-4.508529
2018-09-13 06:30:00,32.19834,-6.063382
2018-09-13 07:00:00,34.07313,-8.282759
2018-09-13 07:30:00,35.94792,-11.187812
2018-09-13 08:00:00,37.822712,-14.071508
2018-09-13 08:30:00,39.69751,-16.441942
2018-09-13 09:00:00,41.572296,-18.578356
2018-09-13 09:30:00,43.447086,-20.322338
2018-09-13 10:00:00,45.321877,-21.68943
2018-09-13 10:30:00,47.196663,-24.372396
2018-09-13 11:00:00,49.071453,-26.288694
2018-09-13 11:30:00,50.94625,-26.431297
2018-09-13 12:00:00,52.821037,-24.227343
2018-09-13 12:30:00,54.695827,-23.526966
2018-09-13 13:00:00,56.570618,-21.596226
2018-09-13 13:30:00,58.445404,-19.087812
2018-09-13 14:00:00,45.450623,-16.885828
2018-09-13 14:30:00,32.45583,-14.951826
2018-09-13 15:00:00,19.46104,-13.774185
2018-09-13 15:30:00,6.4662538,-13.242773
2018-09-13 16:00:00,-6.5285335,-10.978996
2018-09-13 16:30:00,-7.008978,-7.7849073
2018-09-13 17:00:00,1.0329068,-4.346169
2018-09-13 17:30:00,-22.21473,-0.9800101
2018-09-13 18:00:00,25.78026,1.8480163
2018-09-13 18:30:00,4.081952,4.2871757
2018-09-13 19:00:00,4.9068356,6.1122103
2018-09-13 19:30:00,2.8474512,7.108587
2018-09-13 20:00:00,4.662725,7.593623
2018-09-13 20:30:00,6.3306603,7.830756
2018-09-13 21:00:00,2.2779422,7.9481425
2018-09-13 21:30:00,2.3807704,8.003397
2018-09-13 22:00:00,2.4835985,8.060946
2018-09-13 22:30:00,2.5864265,8.146105
2018-09-13 23:00:00,2.6892548,8.226199
2018-09-13 23:30:00,2.7920828,8.278583
2018-09-14 00:00:00,1.9123286,8.309418
2018-09-14 00:30:00,2.48113,8.328315
2018-09-14 01:00:00,1.5168071,8.323032
2018-09-14 01:30:00,4.140506,8.309181
2018-09-14 02:00:00,2.334674,8.3678665
2018-09-14 02:30:00,-4.7877307,8.491108
2018-09-14 03:00:00,-11.910134,8.663941
2018-09-14 03:30:00,2.5316482,8.726838
2018-09-14 04:00:00,4.6535187,8.506894
2018-09-14 04:30:00,5.2712083,7.8566575
2018-09-14 05:00:00,4.941515,6.6991005
2018-09-14 05:30:00,4.611822,5.115131
2018-09-14 06:00:00,-12.530812,2.9310584
2018-09-14 06:30:00,-9.102671,0.5766163
2018-09-14 07:00:00,-5.674528,-1.9164083
2018-09-14 07:30:00,-2.2463853,-4.644831
2018-09-14 08:00:00,-4.347628,-7.5986423
2018-09-14 08:30:00,-9.272497,-10.229798
2018-09-14 09:00:00,-12.5393505,-12.466028
2018-09-14 09:30:00,-15.806201,-14.193426
2018-09-14 10:00:00,-17.43165,-15.488724
2018-09-14 10:30:00,-8.128656,-16.307009
2018-09-14 11:00:00,-11.733193,-16.765135
2018-09-14 11:30:00,-22.675137,-16.8911
2018-09-14 12:00:00,-17.68321,-16.853725
2018-09-14 12:30:00,-24.10699,-16.594969
2018-09-14 13:00:00,-21.801245,-15.815824
2018-09-14 13:30:00,-24.407295,-14.665208
2018-09-14 14:00:00,-13.7011385,-13.465603
2018-09-14 14:30:00,-15.358369,-11.917282
2018-09-14 15:00:00,-12.058311,-9.690674
2018-09-14 15:30:00,-13.260538,-7.0240827
2018-09-14 16:00:00,-15.539182,-3.3992932
2018-09-14 16:30:00,-11.275846,0.10889563
2018-09-14 17:00:00,-7.5935607,2.9431047
2018-09-14 17:30:00,-4.282595,4.6323752
2018-09-14 18:00:00,-1.9701817,6.456279
2018-09-14 18:30:00,2.8698745,6.398931
2018-09-14 19:00:00,2.6967175,6.379221
2018-09-14 19:30:00,13.64023,6.0834513
2018-09-14 20:00:00,-4.9208603,5.6621814
2018-09-14 20:30:00,-0.8669009,5.15248
2018-09-14 21:00:00,-11.675055,4.6127048
2018-09-14 21:30:00,-9.929633,4.229876
2018-09-14 22:00:00,-7.7426906,3.906003
2018-09-14 22:30:00,-5.5557475,3.650816
2018-09-14 23:00:00,2.5465477,3.5119407
2018-09-14 23:30:00,-6.368345,3.4339828
2018-09-15 00:00:00,-15.283238,3.384002
2018-09-15 00:30:00,-24.198133,3.4282765
2018-09-15 01:00:00,-25.617043,3.4632182
2018-09-15 01:30:00,-9.692767,3.6576495
2018-09-15 02:00:00,6.2315025,3.7610238
2018-09-15 02:30:00,-26.260326,3.5738194
2018-09-15 03:00:00,-15.316417,3.1323628
2018-09-15 03:30:00,14.465922,3.430256
2018-09-15 04:00:00,-25.618986,3.3673592
2018-09-15 04:30:00,-5.845981,3.0936854
2018-09-15 05:00:00,13.92703,2.4864647
2018-09-15 05:30:00,7.0207543,2.0085678
2018-09-15 06:00:00,0.37922683,0.22422443
2018-09-15 06:30:00,-6.2623053,-1.547177
2018-09-15 07:00:00,7.913717,-3.1472344
2018-09-15 07:30:00,-10.386444,-4.465657
2018-09-15 08:00:00,-8.259173,-5.9082313
2018-09-15 08:30:00,-11.486115,-7.5743794
2018-09-15 09:00:00,-20.976906,-9.736998
2018-09-15 09:30:00,-21.814157,-11.374007
2018-09-15 10:00:00,-24.185465,-12.576302
2018-09-15 10:30:00,-31.803652,-12.187972
2018-09-15 11:00:00,-31.756128,-12.172767
2018-09-15 11:30:00,-31.671175,-13.993139
2018-09-15 12:00:00,-11.74281,-14.518201
2018-09-15 12:30:00,-25.983524,-17.0632
2018-09-15 13:00:00,-37.269836,-17.63775
2018-09-15 13:30:00,-25.92093,-19.066254
2018-09-15 14:00:00,-19.033085,-18.155344
2018-09-15 14:30:00,-20.53378,-17.767544
2018-09-15 15:00:00,-21.522205,-16.337511
2018-09-15 15:30:00,-13.416297,-15.082113
2018-09-15 16:00:00,-11.893316,-13.811943
2018-09-15 16:30:00,-8.716928,-11.609113
2018-09-15 17:00:00,-7.4587536,-8.500606
2018-09-15 17:30:00,-3.3032637,-4.9987173
2018-09-15 18:00:00,0.8522213,-1.3843098
2018-09-15 18:30:00,3.4365566,1.9218407
2018-09-15 19:00:00,4.240323,4.528761
2018-09-15 19:30:00,1.3694903,6.602368
2018-09-15 20:00:00,2.2877643,7.2894554
2018-09-15 20:30:00,3.7081068,7.659504
2018-09-15 21:00:00,-29.148098,7.466012
2018-09-15 21:30:00,4.3989,7.1401463
2018-09-15 22:00:00,3.716675,6.6045613
2018-09-15 22:30:00,2.9063804,5.883685
2018-09-15 23:00:00,2.2904253,5.202085
2018-09-15 23:30:00,6.885252,4.215099
2018-09-16 00:00:00,11.48008,3.1135046
2018-09-16 00:30:00,16.074905,1.8865145
2018-09-16 01:00:00,6.2136927,0.70393455
2018-09-16 01:30:00,4.970864,0.22354282
2018-09-16 02:00:00,4.810736,0.5317082
2018-09-16 02:30:00,2.9645538,-0.23328505
2018-09-16 03:00:00,4.4586287,0.12717259
2018-09-16 03:30:00,3.228414,1.8428823
2018-09-16 04:00:00,2.9449356,1.1386099
2018-09-16 04:30:00,2.80828,1.617647
2018-09-16 05:00:00,3.3974116,2.4034212
2018-09-16 05:30:00,4.8450313,1.9257076
2018-09-16 06:00:00,5.04963,0.80591935
2018-09-16 06:30:00,4.082804,-0.89638525
2018-09-16 07:00:00,2.6552875,-2.267096
2018-09-16 07:30:00,2.3299243,-5.3210874
2018-09-16 08:00:00,-0.734169,-8.356606
2018-09-16 08:30:00,-1.7017686,-11.632375
2018-09-16 09:00:00,-5.906326,-15.335403
2018-09-16 09:30:00,-3.7482069,-18.502047
2018-09-16 10:00:00,-9.521415,-21.502623
2018-09-16 10:30:00,-10.013769,-24.06932
2018-09-16 11:00:00,-8.716455,-26.042967
2018-09-16 11:30:00,-16.039217,-26.661419
2018-09-16 12:00:00,-7.670815,-23.677368
2018-09-16 12:30:00,-10.681681,-23.737703
2018-09-16 13:00:00,-9.774557,-25.038578
2018-09-16 13:30:00,-4.3230944,-24.029758
2018-09-16 14:00:00,-4.9214544,-22.358883
2018-09-16 14:30:00,-3.7217069,-21.18554
2018-09-16 15:00:00,-3.5432236,-20.45097
2018-09-16 15:30:00,-3.147916,-17.808002
2018-09-16 16:00:00,-2.0752995,-14.844036
2018-09-16 16:30:00,-1.3450162,-11.361178
2018-09-16 17:00:00,-1.8732042,-8.023124
2018-09-16 17:30:00,-0.01056219,-4.1147075
2018-09-16 18:00:00,1.0416279,-0.55967057
2018-09-16 18:30:00,3.3282492,2.660535
2018-09-16 19:00:00,3.8898628,4.9871573
2018-09-16 19:30:00,4.5425463,6.35193
2018-09-16 20:00:00,4.0876365,7.048281
2018-09-16 20:30:00,3.0626326,7.3035774
2018-09-16 21:00:00,4.406485,6.78685
2018-09-16 21:30:00,3.1129236,6.7725534
2018-09-16 22:00:00,4.2076797,6.319226
2018-09-16 22:30:00,4.426322,5.7111135
2018-09-16 23:00:00,3.8815653,5.0411053
2018-09-16 23:30:00,3.3886423,4.528403
2018-09-17 00:00:00,3.6491687,4.203424
2018-09-17 00:30:00,3.2114522,4.116317
2018-09-17 01:00:00,3.7866545,3.7581532
2018-09-17 01:30:00,3.313376,3.6139867
2018-09-17 02:00:00,2.5060875,3.6257272
2018-09-17 02:30:00,3.0457711,3.7961664
2018-09-17 03:00:00,2.7487915,4.221321
2018-09-17 03:30:00,-18.3069,4.591509
2018-09-17 04:00:00,-39.36259,4.778032
2018-09-17 04:30:00,40.938698,4.4143453
2018-09-17 05:00:00,12.640131,3.3834472
2018-09-17 05:30:00,13.443724,1.7836384
2018-09-17 06:00:00,14.247311,-0.10130033
2018-09-17 06:30:00,15.050899,-2.3440838
2018-09-17 07:00:00,15.854486,-4.7776155
2018-09-17 07:30:00,16.658077,-7.3409557
2018-09-17 08:00:00,17.461666,-10.041489
2018-09-17 08:30:00,54.002483,-12.565309
2018-09-17 09:00:00,7.264096,-15.2429905
2018-09-17 09:30:00,-39.47429,-17.186546
2018-09-17 10:00:00,-16.425962,-19.194641
2018-09-17 10:30:00,55.01298,-20.51508
2018-09-17 11:00:00,-20.474878,-21.460901
2018-09-17 11:30:00,-16.988775,-22.810242
2018-09-17 12:00:00,-21.966621,-22.397661
2018-09-17 12:30:00,-23.021513,-22.127388
2018-09-17 13:00:00,-14.05182,-21.573927
2018-09-17 13:30:00,-15.322132,-19.633604
2018-09-17 14:00:00,-11.547151,-18.192883
2018-09-17 14:30:00,-9.504593,-16.12521
2018-09-17 15:00:00,-7.2935615,-14.361715
2018-09-17 15:30:00,-7.2085166,-11.789125
2018-09-17 16:00:00,-5.847519,-8.708892
2018-09-17 16:30:00,-3.1520758,-5.4768896
2018-09-17 17:00:00,0.9279551,-2.2401416
2018-09-17 17:30:00,1.2260666,0.8378068
2018-09-17 18:00:00,2.5091155,3.4639218
2018-09-17 18:30:00,4.2681518,5.5030584
2018-09-17 19:00:00,3.2995558,6.924397
2018-09-17 19:30:00,3.720057,7.8508463
2018-09-17 20:00:00,3.8488827,8.493961
2018-09-17 20:30:00,2.8987691,8.946166
2018-09-17 21:00:00,4.3916903,9.322485
2018-09-17 21:30:00,4.214592,9.583912
2018-09-17 22:00:00,3.8344724,9.803663
2018-09-17 22:30:00,2.6586475,9.899103
2018-09-17 23:00:00,3.938524,9.963288
2018-09-17 23:30:00,3.2450876,9.998445
2018-09-18 00:00:00,3.808536,10.044318
2018-09-18 00:30:00,3.5428581,10.082562
2018-09-18 01:00:00,4.9641266,10.138591
2018-09-18 01:30:00,4.891923,10.164737
2018-09-18 02:00:00,2.5707102,10.22381
2018-09-18 02:30:00,4.4974985,10.318385
2018-09-18 03:00:00,3.920837,10.380937
2018-09-18 03:30:00,3.1359282,9.375922
2018-09-18 04:00:00,4.0048985,7.6016493
2018-09-18 04:30:00,3.3756871,9.664198
2018-09-18 05:00:00,3.0935063,8.042328
2018-09-18 05:30:00,4.4073195,6.295762
2018-09-18 06:00:00,4.167041,4.003116
2018-09-18 06:30:00,3.315329,1.4829577
2018-09-18 07:00:00,1.6620003,-1.6272757
2018-09-18 07:30:00,-0.6306156,-4.167227
2018-09-18 08:00:00,-2.923227,-6.7926474
2018-09-18 08:30:00,-10.930226,-7.5148034
2018-09-18 09:00:00,-9.210453,-10.726047
2018-09-18 09:30:00,-11.599662,-15.559099
2018-09-18 10:00:00,-7.640614,-18.282066
2018-09-18 10:30:00,-4.299286,-15.791229
2018-09-18 11:00:00,-4.785769,-19.695671
2018-09-18 11:30:00,-8.308359,-21.777527
2018-09-18 12:00:00,-18.37727,-23.814419
2018-09-18 12:30:00,-21.628714,-24.25201
2018-09-18 13:00:00,-17.618237,-21.38312
2018-09-18 13:30:00,-13.987182,-19.791801
2018-09-18 14:00:00,-16.42195,-17.31893
2018-09-18 14:30:00,-17.550365,-14.194484
2018-09-18 15:00:00,-9.324357,-9.89879
2018-09-18 15:30:00,-9.556042,-7.7216263
2018-09-18 16:00:00,-9.010766,-5.051141
2018-09-18 16:30:00,-12.821745,-2.679754
2018-09-18 17:00:00,-2.4547112,-0.088930726
2018-09-18 17:30:00,-0.1450156,1.7739384
2018-09-18 18:00:00,1.4146256,3.230861
2018-09-18 18:30:00,2.154032,4.468984
2018-09-18 19:00:00,2.8288465,5.4083576
2018-09-18 19:30:00,3.5036652,6.1689596
2018-09-18 20:00:00,2.6407988,6.697379
2018-09-18 20:30:00,2.4601746,7.0914984
2018-09-18 21:00:00,-6.761686,7.318407
2018-09-18 21:30:00,5.3647556,7.416931
2018-09-18 22:00:00,1.8281446,7.4374366
2018-09-18 22:30:00,-6.087894,7.376082
2018-09-18 23:00:00,-14.00393,7.3129888
2018-09-18 23:30:00,-21.91997,7.17632
2018-09-19 00:00:00,48.44938,7.0357323
2018-09-19 00:30:00,38.43981,6.923274
2018-09-19 01:00:00,23.799015,6.989168
2018-09-19 01:30:00,9.158223,7.0657277
2018-09-19 02:00:00,-5.4825654,7.079854
2018-09-19 02:30:00,3.2142968,7.208623
2018-09-19 03:00:00,10.626541,7.178033
2018-09-19 03:30:00,18.03879,6.95178
2018-09-19 04:00:00,25.451038,6.5156713
2018-09-19 04:30:00,16.164394,5.7003083
2018-09-19 05:00:00,10.414126,4.7024727
2018-09-19 05:30:00,6.3877892,3.4603257
2018-09-19 06:00:00,2.3614535,1.9283555
2018-09-19 06:30:00,2.1347413,0.21585715
2018-09-19 07:00:00,1.9624931,-1.4721553
2018-09-19 07:30:00,-2.0444694,-3.1537623
2018-09-19 08:00:00,-6.0514317,-4.7761254
2018-09-19 08:30:00,-7.4319606,-6.943704
2018-09-19 09:00:00,-2.6446989,-7.9435973
2018-09-19 09:30:00,-6.5964503,-9.484921
2018-09-19 10:00:00,-14.891382,-9.201168
2018-09-19 10:30:00,-20.1435,-8.489652
2018-09-19 11:00:00,-21.534616,-8.025483
2018-09-19 11:30:00,-23.994886,-7.299832
2018-09-19 12:00:00,-23.753712,-9.00544
2018-09-19 12:30:00,-17.869402,-10.852714
2018-09-19 13:00:00,-14.043387,-11.663301
2018-09-19 13:30:00,-23.558203,-12.191127
2018-09-19 14:00:00,-18.533405,-13.272163
2018-09-19 14:30:00,-23.777437,-14.533922
2018-09-19 15:00:00,-18.416286,-14.233521
2018-09-19 15:30:00,-7.416904,-13.889839
2018-09-19 16:00:00,-12.430235,-12.993547
2018-09-19 16:30:00,-1.7134042,-12.178735
2018-09-19 17:00:00,5.391256,-8.959849
2018-09-19 17:30:00,2.5854654,-5.3739696
2018-09-19 18:00:00,22.332823,-1.6839374
2018-09-19 18:30:00,42.08019,1.5971767
2018-09-19 19:00:00,61.82755,4.3521523
2018-09-19 19:30:00,47.385124,6.576676
2018-09-19 20:00:00,32.942696,7.865204
2018-09-19 20:30:00,18.50027,8.488442
2018-09-19 21:00:00,4.0578465,8.491611
2018-09-19 21:30:00,5.273847,8.529073
2018-09-19 22:00:00,6.489853,8.107982
2018-09-19 22:30:00,7.705854,7.464483
2018-09-19 23:00:00,5.6501393,6.633259
2018-09-19 23:30:00,3.594421,5.5588593
2018-09-20 00:00:00,1.5387018,6.556328
2018-09-20 00:30:00,-0.5170127,6.7364106
2018-09-20 01:00:00,-2.5727315,6.9348745
2018-09-20 01:30:00,-4.628446,6.654101
2018-09-20 02:00:00,-6.684165,5.8569665
2018-09-20 02:30:00,-8.739884,5.7029734
2018-09-20 03:00:00,-10.795598,5.977508
2018-09-20 03:30:00,-12.851316,6.668703
2018-09-20 04:00:00,-14.907034,7.333752
2018-09-20 04:30:00,-10.193088,7.108202
2018-09-20 05:00:00,-5.479144,6.4521627
2018-09-20 05:30:00,-0.7651957,5.4104285
2018-09-20 06:00:00,3.9487484,3.8609376
2018-09-20 06:30:00,-3.505123,2.0046966
2018-09-20 07:00:00,46.747925,-0.036066044
2018-09-20 07:30:00,37.417255,-2.3744943
2018-09-20 08:00:00,28.086582,-4.964147
2018-09-20 08:30:00,18.755907,-9.28831
2018-09-20 09:00:00,9.425239,-12.107576
2018-09-20 09:30:00,0.094572924,-12.163739
2018-09-20 10:00:00,-9.236096,-14.165043
2018-09-20 10:30:00,-5.961738,-20.85465
2018-09-20 11:00:00,-8.12049,-21.818306
2018-09-20 11:30:00,-12.392641,-22.423729
2018-09-20 12:00:00,-9.7192545,-22.505058
2018-09-20 12:30:00,-8.351445,-21.01226
2018-09-20 13:00:00,-15.275487,-19.819471
2018-09-20 13:30:00,-11.8484125,-20.630383
2018-09-20 14:00:00,-9.923242,-19.948233
2018-09-20 14:30:00,-3.1844044,-21.263222
2018-09-20 15:00:00,-2.6061394,-21.141312
2018-09-20 15:30:00,-40.024334,-18.079996
2018-09-20 16:00:00,-28.424145,-16.094404
2018-09-20 16:30:00,-16.823952,-11.986388
2018-09-20 17:00:00,-5.2237606,-7.684316
2018-09-20 17:30:00,6.3764334,-3.4345362
2018-09-20 18:00:00,17.976624,1.5759592
2018-09-20 18:30:00,10.529193,6.217398
2018-09-20 19:00:00,3.0817616,9.480415
2018-09-20 19:30:00,2.3231387,10.540299
2018-09-20 20:00:00,2.1163507,11.008488
2018-09-20 20:30:00,26.489159,11.509092
2018-09-20 21:00:00,-31.2065,11.989069
2018-09-20 21:30:00,-20.057098,12.551499
2018-09-20 22:00:00,-8.907693,12.96687
2018-09-20 22:30:00,2.241707,13.238229
2018-09-20 23:00:00,3.073617,13.384842
2018-09-20 23:30:00,6.5356436,13.47271
2018-09-21 00:00:00,-8.284385,13.488247
2018-09-21 00:30:00,-2.2564435,13.432669
2018-09-21 01:00:00,-4.2222414,13.305093
2018-09-21 01:30:00,-6.188035,13.044173
2018-09-21 02:00:00,-8.153832,12.703317
2018-09-21 02:30:00,-10.11963,12.281915
2018-09-21 03:00:00,-3.2615016,11.916659
2018-09-21 03:30:00,60.08334,11.518285
2018-09-21 04:00:00,13.628131,11.062851
2018-09-21 04:30:00,4.783052,10.87784
2018-09-21 05:00:00,13.076864,10.861756
2018-09-21 05:30:00,1.3051561,10.862958
2018-09-21 06:00:00,2.4598904,10.759785
2018-09-21 06:30:00,2.4703245,9.626692
2018-09-21 07:00:00,0.8025724,11.017362
2018-09-21 07:30:00,-1.1299834,10.141619
2018-09-21 08:00:00,-4.9296336,7.9677305
2018-09-21 08:30:00,-6.842475,5.0132422
2018-09-21 09:00:00,-9.238745,1.5702747
2018-09-21 09:30:00,-12.364852,-2.2429729
2018-09-21 10:00:00,-9.1108675,-6.571235
2018-09-21 10:30:00,-15.86245,-10.484863
2018-09-21 11:00:00,-13.453513,-14.640172
2018-09-21 11:30:00,-14.208835,-19.030493
2018-09-21 12:00:00,-18.932917,-22.242132
2018-09-21 12:30:00,-18.046679,-24.356697
2018-09-21 13:00:00,-5.857778,-26.399763
2018-09-21 13:30:00,-12.230953,-26.656546
2018-09-21 14:00:00,-13.105914,-25.29755
2018-09-21 14:30:00,-17.393131,-22.200039
2018-09-21 15:00:00,-7.7705717,-19.10756
2018-09-21 15:30:00,-10.488297,-18.460596
2018-09-21 16:00:00,-10.897102,-16.023743
2018-09-21 16:30:00,-9.639946,-11.569728
2018-09-21 17:00:00,-3.631681,-7.537598
2018-09-21 17:30:00,-1.3261538,-3.448754
2018-09-21 18:00:00,-1.2655292,-0.08407638
2018-09-21 18:30:00,-10.038762,1.8897436
2018-09-21 19:00:00,-7.981934,3.2009003
2018-09-21 19:30:00,-5.4420485,4.4420075
2018-09-21 20:00:00,-2.9021623,5.5462627
2018-09-21 20:30:00,-47.892197,6.7008743
2018-09-21 21:00:00,3.9192946,6.53179
2018-09-21 21:30:00,5.438261,7.003172
2018-09-21 22:00:00,7.4528775,7.2419653
2018-09-21 22:30:00,6.3310795,7.249996
2018-09-21 23:00:00,5.2092857,6.990173
2018-09-21 23:30:00,4.0874925,6.7822623
2018-09-22 00:00:00,2.9656942,6.07345
2018-09-22 00:30:00,1.8439004,5.7477508
2018-09-22 01:00:00,0.7221023,5.2515244
2018-09-22 01:30:00,-0.3996915,4.729908
2018-09-22 02:00:00,-1.5214852,4.2014537
2018-09-22 02:30:00,-2.6432831,3.7814941
2018-09-22 03:00:00,-3.7650769,3.90838
2018-09-22 03:30:00,-4.886871,7.0135927
2018-09-22 04:00:00,-6.008669,6.432099
2018-09-22 04:30:00,-7.1304626,6.1472135
2018-09-22 05:00:00,5.2941036,5.6670184
2018-09-22 05:30:00,-6.522766,3.7579653
2018-09-22 06:00:00,5.4783587,1.6197836
2018-09-22 06:30:00,-11.180834,-0.8593944
2018-09-22 07:00:00,-7.776872,-3.5942924
2018-09-22 07:30:00,-4.372914,-6.5291758
2018-09-22 08:00:00,-0.9689513,-9.758382
2018-09-22 08:30:00,-6.223182,-13.0997095
2018-09-22 09:00:00,-10.995963,-16.291452
2018-09-22 09:30:00,-13.121299,-19.260326
2018-09-22 10:00:00,-22.255127,-20.940504
2018-09-22 10:30:00,-20.813519,-22.362682
2018-09-22 11:00:00,-22.163282,-22.259338
2018-09-22 11:30:00,-21.62673,-21.718864
2018-09-22 12:00:00,-20.85918,-21.266815
2018-09-22 12:30:00,-19.110579,-20.297567
2018-09-22 13:00:00,-24.810286,-17.637058
2018-09-22 13:30:00,-24.979818,-15.361456
2018-09-22 14:00:00,-22.64404,-14.109688
2018-09-22 14:30:00,-27.988968,-11.684733
2018-09-22 15:00:00,-23.22778,-8.841318
2018-09-22 15:30:00,-15.627525,-7.577503
2018-09-22 16:00:00,-11.013217,-5.373983
2018-09-22 16:30:00,-9.850378,-4.189401
2018-09-22 17:00:00,-3.2072124,-2.0464923
2018-09-22 17:30:00,-4.593535,-0.029691173
2018-09-22 18:00:00,2.17341,1.6253633
2018-09-22 18:30:00,4.5359836,2.500534
2018-09-22 19:00:00,6.8985567,2.9011679
2018-09-22 19:30:00,9.26113,3.195181
2018-09-22 20:00:00,-26.758867,3.4107294
2018-09-22 20:30:00,-20.528172,1.906465
2018-09-22 21:00:00,-18.449167,2.3409002
2018-09-22 21:30:00,-16.370157,2.7309601
2018-09-22 22:00:00,-14.291153,2.8153234
2018-09-22 22:30:00,-12.212148,2.6180127
2018-09-22 23:00:00,-10.13314,2.3275692
2018-09-22 23:30:00,-8.054137,1.9796865
2018-09-23 00:00:00,-5.97513,1.654686
2018-09-23 00:30:00,-3.8961222,1.3570726
2018-09-23 01:00:00,-1.8171194,1.0723356
2018-09-23 01:30:00,0.26188818,0.8522082
2018-09-23 02:00:00,2.3408957,0.770401
2018-09-23 02:30:00,4.419899,0.75114965
2018-09-23 03:00:00,6.498906,0.77895176
2018-09-23 03:30:00,8.577913,0.8144833
2018-09-23 04:00:00,10.656918,0.7935716
2018-09-23 04:30:00,12.735925,0.7409429
2018-09-23 05:00:00,14.814932,1.26453
2018-09-23 05:30:00,16.893936,0.78350025
2018-09-23 06:00:00,18.972942,0.9452315
2018-09-23 06:30:00,21.051949,-0.2213087
2018-09-23 07:00:00,23.130953,-1.3026379
2018-09-23 07:30:00,-10.864826,-2.4494112
2018-09-23 08:00:00,-9.93939,-3.7203174
2018-09-23 08:30:00,-20.628693,-5.805958
2018-09-23 09:00:00,-13.451219,-8.375695
2018-09-23 09:30:00,-19.433678,-10.677499
2018-09-23 10:00:00,-18.68742,-13.069478
2018-09-23 10:30:00,-19.487068,-14.896523
2018-09-23 11:00:00,-22.770102,-16.32504
2018-09-23 11:30:00,-24.855576,-16.41679
2018-09-23 12:00:00,-25.685072,-16.595642
2018-09-23 12:30:00,-23.996834,-16.56889
2018-09-23 13:00:00,-24.867008,-17.572592
2018-09-23 13:30:00,-26.192513,-18.890879
2018-09-23 14:00:00,-21.767864,-19.731874
2018-09-23 14:30:00,-20.515343,-20.33079
2018-09-23 15:00:00,-18.39268,-19.930855
2018-09-23 15:30:00,-15.582173,-18.462725
2018-09-23 16:00:00,-13.986317,-16.015892
2018-09-23 16:30:00,-9.806706,-13.26226
2018-09-23 17:00:00,-5.6214843,-9.713605
2018-09-23 17:30:00,-4.989258,-5.611841
2018-09-23 18:00:00,-4.3570356,-1.3121893
2018-09-23 18:30:00,-3.7248092,2.1555655
2018-09-23 19:00:00,-3.0925827,4.6306844
2018-09-23 19:30:00,-12.040599,6.0302067
2018-09-23 20:00:00,-10.076085,5.7126646
2018-09-23 20:30:00,-24.586487,5.0824046
2018-09-23 21:00:00,23.449614,4.7217765
2018-09-23 21:30:00,10.955588,4.0525813
2018-09-23 22:00:00,-1.5384339,3.2395997
2018-09-23 22:30:00,-7.7369885,2.3589325
2018-09-23 23:00:00,12.207265,1.4660047
2018-09-23 23:30:00,-27.37057,0.63344395
2018-09-24 00:00:00,-16.54307,-0.08888703
2018-09-24 00:30:00,-5.715574,-0.65136564
2018-09-24 01:00:00,-4.8831744,-1.0455371
2018-09-24 01:30:00,-5.503368,-1.1914644
2018-09-24 02:00:00,-6.123561,-1.1136202
2018-09-24 02:30:00,-6.7437544,-0.790953
2018-09-24 03:00:00,3.8746617,-0.22094166
2018-09-24 03:30:00,0.005289784,0.6316438
2018-09-24 04:00:00,-3.8640776,1.4439394
2018-09-24 04:30:00,-7.733445,1.9942626
2018-09-24 05:00:00,-11.602817,2.139635
2018-09-24 05:30:00,-15.472186,1.8100817
2018-09-24 06:00:00,-19.341555,1.0574231
2018-09-24 06:30:00,-23.210924,-0.12036377
2018-09-24 07:00:00,-27.080294,-1.7461786
2018-09-24 07:30:00,-30.949663,-5.0826263
2018-09-24 08:00:00,-34.81903,-7.8341675
2018-09-24 08:30:00,-12.748585,-11.490022
2018-09-24 09:00:00,-14.757522,-14.18846
2018-09-24 09:30:00,-17.206244,-16.655056
2018-09-24 10:00:00,-21.094666,-18.452377
2018-09-24 10:30:00,-23.204947,-19.64817
2018-09-24 11:00:00,-24.182528,-20.336697
2018-09-24 11:30:00,-32.334095,-20.8012
2018-09-24 12:00:00,-23.665861,-20.886368
2018-09-24 12:30:00,-28.536266,-20.511261
2018-09-24 13:00:00,-25.090643,-20.132864
2018-09-24 13:30:00,-25.33348,-19.774002
2018-09-24 14:00:00,-22.143677,-18.737997
2018-09-24 14:30:00,-18.358171,-17.288034
2018-09-24 15:00:00,-10.174125,-15.71884
2018-09-24 15:30:00,-8.628658,-13.745629
2018-09-24 16:00:00,-17.08607,-10.953196
2018-09-24 16:30:00,-8.282689,-7.5026827
2018-09-24 17:00:00,-2.8563848,-3.791861
2018-09-24 17:30:00,-1.1086391,-0.3463156
2018-09-24 18:00:00,4.388658,2.6486373
2018-09-24 18:30:00,-2.711681,5.02701
2018-09-24 19:00:00,-3.6849039,6.4022517
2018-09-24 19:30:00,-1.8194656,6.620173
2018-09-24 20:00:00,6.493619,6.341767
2018-09-24 20:30:00,0.8924848,5.4690256
2018-09-24 21:00:00,3.2280734,5.404093
2018-09-24 21:30:00,5.563657,4.65053
2018-09-24 22:00:00,3.1315022,3.7635057
2018-09-24 22:30:00,4.0104127,2.9739437
2018-09-24 23:00:00,2.9678135,2.7040973
2018-09-24 23:30:00,4.3946877,1.3162454
2018-09-25 00:00:00,4.009906,0.72873056
2018-09-25 00:30:00,3.6345053,0.32557133
2018-09-25 01:00:00,4.1903553,-0.02118843
2018-09-25 01:30:00,3.4774666,-0.23653585
2018-09-25 02:00:00,3.5948534,-0.26964673
2018-09-25 02:30:00,3.3678792,-0.12500839
2018-09-25 03:00:00,3.8333933,0.6802134
2018-09-25 03:30:00,3.582331,1.2475637
2018-09-25 04:00:00,3.963001,1.4528092
2018-09-25 04:30:00,3.7357385,1.3011451
2018-09-25 05:00:00,3.7973986,0.6576326
2018-09-25 05:30:00,3.617941,-0.5364213
2018-09-25 06:00:00,3.339592,-2.2634258
2018-09-25 06:30:00,2.7365572,-4.268801
2018-09-25 07:00:00,-1.6101654,-6.7035956
2018-09-25 07:30:00,-8.313554,-9.694113
2018-09-25 08:00:00,-7.4850307,-12.97483
2018-09-25 08:30:00,-8.050275,-14.446107
2018-09-25 09:00:00,-8.822015,-15.473215
2018-09-25 09:30:00,-16.513016,-16.547142
2018-09-25 10:00:00,-18.846697,-17.665535
2018-09-25 10:30:00,-24.214672,-18.675196
2018-09-25 11:00:00,-20.08634,-19.5642
2018-09-25 11:30:00,-15.192031,-20.904556
2018-09-25 12:00:00,-15.442125,-21.390333
2018-09-25 12:30:00,-14.181052,-21.912395
2018-09-25 13:00:00,-9.414987,-22.131138
2018-09-25 13:30:00,-6.636063,-21.94309
2018-09-25 14:00:00,-7.014745,-20.805252
2018-09-25 14:30:00,-6.3995156,-19.230923
2018-09-25 15:00:00,-5.784286,-16.293186
2018-09-25 15:30:00,-25.58264,-13.469524
2018-09-25 16:00:00,-8.402921,-11.977374
2018-09-25 16:30:00,8.776797,-9.074269
2018-09-25 17:00:00,11.646316,-5.3298087
2018-09-25 17:30:00,14.515833,-1.8967768
2018-09-25 18:00:00,14.53182,1.1851434
2018-09-25 18:30:00,14.547808,3.2466123
2018-09-25 19:00:00,12.299484,4.487038
2018-09-25 19:30:00,10.051165,5.0843225
2018-09-25 20:00:00,27.856369,5.3730884
2018-09-25 20:30:00,45.661575,5.048813
2018-09-25 21:00:00,10.789186,4.5651097
2018-09-25 21:30:00,-24.083206,4.0181947
2018-09-25 22:00:00,3.1697338,3.374538
2018-09-25 22:30:00,3.8638957,2.7960982
2018-09-25 23:00:00,4.558062,2.2307882
2018-09-25 23:30:00,5.252228,1.8009497
2018-09-26 00:00:00,5.946394,1.4716935
2018-09-26 00:30:00,6.64056,1.2472404
2018-09-26 01:00:00,5.539189,1.1994748
2018-09-26 01:30:00,4.4378133,1.2748373
2018-09-26 02:00:00,3.3364418,1.5326983
2018-09-26 02:30:00,-8.764348,1.914924
2018-09-26 03:00:00,2.3938565,2.3893125
2018-09-26 03:30:00,3.8204818,2.6897616
2018-09-26 04:00:00,3.3616922,2.6308453
2018-09-26 04:30:00,3.5412896,2.1548533
2018-09-26 05:00:00,2.1997964,1.2024153
2018-09-26 05:30:00,2.4999268,-0.04460811
2018-09-26 06:00:00,3.6899564,-1.5803883
2018-09-26 06:30:00,2.856312,-3.3434224
2018-09-26 07:00:00,2.3104415,-5.580299
2018-09-26 07:30:00,-0.62402666,-8.131545
2018-09-26 08:00:00,-3.5584943,-10.154235
2018-09-26 08:30:00,-8.065541,-12.023706
2018-09-26 09:00:00,-8.704361,-13.566056
2018-09-26 09:30:00,-13.501545,-15.5692835
2018-09-26 10:00:00,-21.621326,-16.960941
2018-09-26 10:30:00,-28.22736,-18.181072
2018-09-26 11:00:00,-29.535593,-18.631098
2018-09-26 11:30:00,-34.14289,-18.045391
2018-09-26 12:00:00,-30.858126,-17.627445
2018-09-26 12:30:00,-28.772469,-17.094637
2018-09-26 13:00:00,-21.360325,-15.994609
2018-09-26 13:30:00,-19.289267,-14.524587
2018-09-26 14:00:00,-11.974691,-13.172487
2018-09-26 14:30:00,-6.717481,-11.510899
2018-09-26 15:00:00,-2.6176484,-9.58844
2018-09-26 15:30:00,-13.006188,-8.954825
2018-09-26 16:00:00,-10.934521,-6.818977
2018-09-26 16:30:00,-9.2368965,-3.3164766
2018-09-26 17:00:00,-2.502158,-0.2947093
2018-09-26 17:30:00,-2.4855194,2.1422653
2018-09-26 18:00:00,0.48448867,3.878345
2018-09-26 18:30:00,2.1346583,5.025778
2018-09-26 19:00:00,2.7254329,5.7057524
2018-09-26 19:30:00,3.573566,6.0493836
2018-09-26 20:00:00,4.0778494,6.5338387
2018-09-26 20:30:00,3.988719,6.8826437
2018-09-26 21:00:00,3.3513544,6.229794
2018-09-26 21:30:00,0.6781074,5.6167884
2018-09-26 22:00:00,1.0405531,5.902906
2018-09-26 22:30:00,2.7550178,5.7033405
2018-09-26 23:00:00,6.9029655,5.4508495
2018-09-26 23:30:00,3.523074,5.3352494
2018-09-27 00:00:00,3.3803275,5.2371144
2018-09-27 00:30:00,2.1638062,5.1689653
2018-09-27 01:00:00,2.958603,5.0912
2018-09-27 01:30:00,2.5444329,5.085214
2018-09-27 02:00:00,2.7176292,5.1210337
2018-09-27 02:30:00,2.071482,4.6668715
2018-09-27 03:00:00,-3.7308562,4.895637
2018-09-27 03:30:00,-7.7951536,4.6824174
2018-09-27 04:00:00,-1.4643561,4.0879774
2018-09-27 04:30:00,-9.30774,3.1076412
2018-09-27 05:00:00,11.315853,1.7252028
2018-09-27 05:30:00,20.82068,0.17841189
2018-09-27 06:00:00,-6.4511,-1.4264739
2018-09-27 06:30:00,-2.766468,-3.1411479
2018-09-27 07:00:00,0.918159,-4.78462
2018-09-27 07:30:00,-5.1840825,-6.4987955
2018-09-27 08:00:00,-9.463687,-8.270158
2018-09-27 08:30:00,-9.844864,-10.552562
2018-09-27 09:00:00,-16.924047,-12.246945
2018-09-27 09:30:00,-17.151838,-14.042371
2018-09-27 10:00:00,-20.486599,-16.028889
2018-09-27 10:30:00,-22.39096,-18.582203
2018-09-27 11:00:00,-20.874298,-20.247913
2018-09-27 11:30:00,-23.074474,-22.41537
2018-09-27 12:00:00,-21.106466,-23.340479
2018-09-27 12:30:00,-19.094564,-23.052837
2018-09-27 13:00:00,-17.094164,-21.884357
2018-09-27 13:30:00,-20.321703,-20.527819
2018-09-27 14:00:00,-19.032648,-17.853827
2018-09-27 14:30:00,-22.595242,-14.7666855
2018-09-27 15:00:00,-9.944891,-11.698108
2018-09-27 15:30:00,-22.840158,-9.697552
2018-09-27 16:00:00,-8.072555,-6.0153847
2018-09-27 16:30:00,-9.969193,-2.5551362
2018-09-27 17:00:00,-6.303368,0.7242957
2018-09-27 17:30:00,-3.0744717,3.3034182
2018-09-27 18:00:00,0.15442856,5.073447
2018-09-27 18:30:00,3.3833249,6.117681
2018-09-27 19:00:00,3.9445624,6.532681
2018-09-27 19:30:00,4.5058002,6.5659184
2018-09-27 20:00:00,3.550024,6.3519692
2018-09-27 20:30:00,2.7002044,5.9963794
2018-09-27 21:00:00,-7.9899344,5.5305767
2018-09-27 21:30:00,-7.740611,4.956113
2018-09-27 22:00:00,-5.094231,4.362678
2018-09-27 22:30:00,-1.8638232,3.802336
2018-09-27 23:00:00,1.3665847,3.3614562
2018-09-27 23:30:00,4.5969925,2.8627396
2018-09-28 00:00:00,7.8274,2.4783292
2018-09-28 00:30:00,11.057809,2.1468313
2018-09-28 01:00:00,9.428581,1.9830246
2018-09-28 01:30:00,7.7993536,1.9367926
2018-09-28 02:00:00,-15.911593,2.1838353
2018-09-28 02:30:00,-14.733915,2.4754364
2018-09-28 03:00:00,-5.660179,2.5237966
2018-09-28 03:30:00,-2.2028098,2.2490914
2018-09-28 04:00:00,1.2545635,1.9036642
2018-09-28 04:30:00,4.00042,0.7189957
2018-09-28 05:00:00,3.0024493,0.25487536
2018-09-28 05:30:00,-4.43304,-0.47223568
2018-09-28 06:00:00,-4.206459,-2.9420588
2018-09-28 06:30:00,-3.979874,-5.0599933
2018-09-28 07:00:00,-3.7532928,-7.0018163
2018-09-28 07:30:00,-3.526712,-9.372586
2018-09-28 08:00:00,-7.739951,-11.646261
2018-09-28 08:30:00,-5.695038,-13.477322
2018-09-28 09:00:00,-18.697874,-15.363962
2018-09-28 09:30:00,-13.794977,-16.491493
2018-09-28 10:00:00,-18.584581,-17.121931
2018-09-28 10:30:00,-17.803524,-17.28232
2018-09-28 11:00:00,-19.436964,-17.16005
2018-09-28 11:30:00,-22.50214,-17.161144
2018-09-28 12:00:00,-21.576042,-17.071173
2018-09-28 12:30:00,-25.587265,-16.571198
2018-09-28 13:00:00,-21.076563,-15.875682
2018-09-28 13:30:00,-18.466064,-16.27894
2018-09-28 14:00:00,-21.665693,-15.470862
2018-09-28 14:30:00,-18.390034,-15.870034
2018-09-28 15:00:00,-14.212365,-13.639926
2018-09-28 15:30:00,-12.796875,-13.526708
2018-09-28 16:00:00,-10.503992,-10.63135
2018-09-28 16:30:00,-7.851824,-8.736095
2018-09-28 17:00:00,-2.3313034,-6.0563254
2018-09-28 17:30:00,-3.272604,-2.9860582
2018-09-28 18:00:00,-4.213909,-0.015534502
2018-09-28 18:30:00,-5.15521,2.4690485
2018-09-28 19:00:00,-6.0965104,4.1827574
2018-09-28 19:30:00,-4.3399687,5.1142306
2018-09-28 20:00:00,-33.409824,5.400882
2018-09-28 20:30:00,-19.522102,5.240011
2018-09-28 21:00:00,-5.634378,4.6024714
2018-09-28 21:30:00,-30.016665,3.932717
2018-09-28 22:00:00,-2.7101166,3.280348
2018-09-28 22:30:00,13.806663,2.6741893
2018-09-28 23:00:00,30.32344,2.1406794
2018-09-28 23:30:00,-6.713711,1.7002058
2018-09-29 00:00:00,-25.445415,1.3906074
2018-09-29 00:30:00,-44.177116,1.2667015
2018-09-29 01:00:00,18.165321,1.1720135
2018-09-29 01:30:00,16.195347,1.202376
2018-09-29 02:00:00,14.225372,0.4923535
2018-09-29 02:30:00,12.255402,0.35567608
2018-09-29 03:00:00,10.285427,0.73125166
2018-09-29 03:30:00,8.315452,1.2306107
2018-09-29 04:00:00,6.345481,1.7366985
2018-09-29 04:30:00,4.3755064,2.018648
2018-09-29 05:00:00,2.4055314,1.7729335
2018-09-29 05:30:00,0.4355608,0.7309065
2018-09-29 06:00:00,-1.5344142,-0.51833224
2018-09-29 06:30:00,-3.5043888,-2.1177826
2018-09-29 07:00:00,-5.4743595,-4.0000076
2018-09-29 07:30:00,-7.4443345,-6.039023
2018-09-29 08:00:00,-9.414309,-8.615213
2018-09-29 08:30:00,-11.384279,-11.334552
2018-09-29 09:00:00,-15.303999,-14.038581
2018-09-29 09:30:00,-10.085763,-15.783436
2018-09-29 10:00:00,-15.115272,-17.336695
2018-09-29 10:30:00,-21.683052,-18.275568
2018-09-29 11:00:00,-21.738514,-18.946373
2018-09-29 11:30:00,-21.844196,-19.2747
2018-09-29 12:00:00,-21.591444,-19.426285
2018-09-29 12:30:00,-21.979593,-19.60567
2018-09-29 13:00:00,-21.801054,-18.7916
2018-09-29 13:30:00,-19.810661,-17.695257
2018-09-29 14:00:00,-23.223833,-17.79023
2018-09-29 14:30:00,-15.712819,-16.880335
2018-09-29 15:00:00,-14.124347,-15.289633
2018-09-29 15:30:00,-9.9117365,-13.3261175
2018-09-29 16:00:00,-9.277099,-10.860942
2018-09-29 16:30:00,-5.1735525,-8.163546
2018-09-29 17:00:00,-2.1997864,-5.202543
2018-09-29 17:30:00,-6.961776,-2.2031157
2018-09-29 18:00:00,-1.2878653,0.49000278
2018-09-29 18:30:00,4.370333,2.5410073
2018-09-29 19:00:00,-8.003274,3.936619
2018-09-29 19:30:00,3.1778433,4.8203883
2018-09-29 20:00:00,14.358961,4.431089
2018-09-29 20:30:00,16.855663,4.2094846
2018-09-29 21:00:00,19.352371,4.178759
2018-09-29 21:30:00,-23.612871,3.2607517
2018-09-29 22:00:00,-8.441715,2.9859898
2018-09-29 22:30:00,6.729437,2.8522923
2018-09-29 23:00:00,-23.631363,2.835798
2018-09-29 23:30:00,5.0441203,1.5620166
2018-09-30 00:00:00,6.4463296,0.4233834
2018-09-30 00:30:00,7.8485394,-1.0090094
2018-09-30 01:00:00,9.25075,-0.31496558
2018-09-30 01:30:00,10.652959,0.003611957
2018-09-30 02:00:00,12.055168,0.40422386
2018-09-30 02:30:00,13.457377,0.9845381
2018-09-30 03:00:00,14.859587,1.5662811
2018-09-30 03:30:00,16.261797,1.9054251
2018-09-30 04:00:00,17.664005,2.0058894
2018-09-30 04:30:00,19.066214,1.7066419
2018-09-30 05:00:00,20.468424,0.87772954
2018-09-30 05:30:00,21.870632,-0.3499203
2018-09-30 06:00:00,23.272842,-1.8764069
2018-09-30 06:30:00,24.67505,-3.6844714
2018-09-30 07:00:00,26.077261,-5.7979403
2018-09-30 07:30:00,27.479471,-8.404519
2018-09-30 08:00:00,28.88168,-10.810969
2018-09-30 08:30:00,-9.603134,-12.864682
2018-09-30 09:00:00,-7.553341,-14.885348
2018-09-30 09:30:00,-11.693315,-15.996828
2018-09-30 10:00:00,-16.41146,-16.712837
2018-09-30 10:30:00,-14.727631,-17.620192
2018-09-30 11:00:00,-16.035616,-17.9149
2018-09-30 11:30:00,-19.794134,-17.832535
2018-09-30 12:00:00,-19.551182,-17.630087
2018-09-30 12:30:00,-17.670946,-17.421314
2018-09-30 13:00:00,-18.229124,-17.085817
2018-09-30 13:30:00,-20.075586,-16.327232
2018-09-30 14:00:00,-18.732529,-15.724242
2018-09-30 14:30:00,-15.323473,-14.186754
2018-09-30 15:00:00,-14.22766,-12.653298
2018-09-30 15:30:00,-11.259853,-10.551042
2018-09-30 16:00:00,-7.4287143,-8.310246
2018-09-30 16:30:00,-5.3416324,-5.6534195
2018-09-30 17:00:00,-2.7465396,-3.0677867
2018-09-30 17:30:00,0.7527751,-0.908934
2018-09-30 18:00:00,1.846321,1.5703664
2018-09-30 18:30:00,1.2397295,3.6958551
2018-09-30 19:00:00,1.3083588,4.5688543
2018-09-30 19:30:00,1.3769925,5.240959
2018-09-30 20:00:00,3.883208,5.7181525
2018-09-30 20:30:00,1.2942983,5.736858
2018-09-30 21:00:00,-1.2946115,5.525683
2018-09-30 21:30:00,11.528942,4.392468
2018-09-30 22:00:00,16.920784,4.0586677
2018-09-30 22:30:00,9.264669,3.8670373
2018-09-30 23:00:00,1.6085545,2.758072
2018-09-30 23:30:00,-0.7725887,2.7397249
2018-10-01 00:00:00,-2.6496537,2.3849869
2018-10-01 00:30:00,-4.5267234,2.1213055
2018-10-01 01:00:00,-6.4037933,2.0717878
2018-10-01 01:30:00,-14.76536,2.1251245
2018-10-01 02:00:00,-1.1533988,2.28066
2018-10-01 02:30:00,-4.683513,2.641594
2018-10-01 03:00:00,5.804766,2.9588082
2018-10-01 03:30:00,5.8398256,3.2159746
2018-10-01 04:00:00,8.374757,3.3492482
2018-10-01 04:30:00,10.909693,3.1344295
2018-10-01 05:00:00,4.4980445,2.5023603
2018-10-01 05:30:00,-1.9136032,1.6860273
2018-10-01 06:00:00,-0.9135174,0.47294924
2018-10-01 06:30:00,0.08657266,-0.8610635
2018-10-01 07:00:00,1.0866628,-2.4035287
2018-10-01 07:30:00,-5.3779545,-3.9455657
2018-10-01 08:00:00,-11.8425665,-5.6068206
2018-10-01 08:30:00,-6.1053886,-8.561952
2018-10-01 09:00:00,-8.504167,-10.611972
2018-10-01 09:30:00,-10.907383,-12.659481
2018-10-01 10:00:00,-9.474676,-14.339445
2018-10-01 10:30:00,-19.042543,-15.201123
2018-10-01 11:00:00,-17.632582,-15.79639
2018-10-01 11:30:00,-18.336723,-16.429914
2018-10-01 12:00:00,-20.951242,-16.740002
2018-10-01 12:30:00,-19.843307,-16.6972
2018-10-01 13:00:00,-16.995197,-16.428915
2018-10-01 13:30:00,-14.149682,-16.220284
2018-10-01 14:00:00,-9.990018,-15.692533
2018-10-01 14:30:00,-15.759053,-14.673936
2018-10-01 15:00:00,-9.509867,-13.301171
2018-10-01 15:30:00,-7.161101,-11.537315
2018-10-01 16:00:00,-6.160626,-9.367937
2018-10-01 16:30:00,-4.378533,-6.898796
2018-10-01 17:00:00,-1.1707013,-4.2163076
2018-10-01 17:30:00,-3.7352693,-1.5158532
2018-10-01 18:00:00,-6.2998376,0.8628956
2018-10-01 18:30:00,-4.7932143,2.6864803
2018-10-01 19:00:00,-3.2865858,3.9869668
2018-10-01 19:30:00,-4.7513604,4.7699704
2018-10-01 20:00:00,-4.5202346,5.172933
2018-10-01 20:30:00,-4.2891054,5.0512686
2018-10-01 21:00:00,-4.05798,4.6292686
2018-10-01 21:30:00,-9.328945,4.35019
2018-10-01 22:00:00,-14.599908,4.0097136
2018-10-01 22:30:00,5.884891,3.414854
2018-10-01 23:00:00,-7.639006,2.8394465
2018-10-01 23:30:00,-5.482128,2.37471
2018-10-02 00:00:00,-3.3252501,1.9219193
2018-10-02 00:30:00,-1.1683724,1.4906172
2018-10-02 01:00:00,0.9885054,1.1184235
2018-10-02 01:30:00,6.122684,0.60050786
2018-10-02 02:00:00,2.3113983,0.7661059
2018-10-02 02:30:00,-14.975496,0.73483455
2018-10-02 03:00:00,-32.262394,1.2524356
2018-10-02 03:30:00,-49.54929,1.6033287
2018-10-02 04:00:00,-45.659004,2.0040019
2018-10-02 04:30:00,-41.768723,2.2563663
2018-10-02 05:00:00,-37.878437,2.0221171
2018-10-02 05:30:00,-33.988155,1.282252
2018-10-02 06:00:00,-30.097874,0.3781083
2018-10-02 06:30:00,-26.20759,-0.6318303
2018-10-02 07:00:00,-22.317307,-1.8941509
2018-10-02 07:30:00,-18.427025,-3.5689285
2018-10-02 08:00:00,-14.53674,-5.506732
2018-10-02 08:30:00,-10.646455,-7.1548657
2018-10-02 09:00:00,-6.7561717,-8.673496
2018-10-02 09:30:00,-10.720358,-10.217136
2018-10-02 10:00:00,-13.774493,-10.969384
2018-10-02 10:30:00,-18.581858,-11.839604
2018-10-02 11:00:00,-19.236893,-12.548635
2018-10-02 11:30:00,-19.049952,-12.856485
2018-10-02 12:00:00,-16.854473,-13.213798
2018-10-02 12:30:00,-14.38815,-13.449047
2018-10-02 13:00:00,-16.255667,-13.248315
2018-10-02 13:30:00,-13.584534,-13.055889
2018-10-02 14:00:00,-14.287013,-11.914897
2018-10-02 14:30:00,-10.405787,-11.157926
2018-10-02 15:00:00,-6.978781,-9.767802
2018-10-02 15:30:00,-9.171666,-8.052954
2018-10-02 16:00:00,-5.098867,-6.687372
2018-10-02 16:30:00,-1.8728634,-4.859344
2018-10-02 17:00:00,-1.7112327,-2.8067927
2018-10-02 17:30:00,-0.46389022,-1.0179185
2018-10-02 18:00:00,-2.0382648,0.62008685
2018-10-02 18:30:00,2.2704093,2.13766
2018-10-02 19:00:00,-0.830797,3.1948225
2018-10-02 19:30:00,-3.9320033,3.681576
2018-10-02 20:00:00,-9.147867,3.887643
2018-10-02 20:30:00,-14.363726,3.8397157
2018-10-02 21:00:00,-12.781726,3.6428506
2018-10-02 21:30:00,-10.158762,3.1843624
2018-10-02 22:00:00,-7.535798,2.6252394
2018-10-02 22:30:00,-16.605392,2.6584246
2018-10-02 23:00:00,35.711277,2.0112243
2018-10-02 23:30:00,-2.6515281,1.6398478
2018-10-03 00:00:00,-12.455516,1.2811728
2018-10-03 00:30:00,-12.11541,1.083128
2018-10-03 01:00:00,-11.775301,0.968022
2018-10-03 01:30:00,-11.435195,1.0898043
2018-10-03 02:00:00,-11.095086,1.1311208
2018-10-03 02:30:00,-10.754976,0.5992276
2018-10-03 03:00:00,-10.414871,-0.20088638
2018-10-03 03:30:00,-10.074761,-1.4976155
2018-10-03 04:00:00,-9.734652,-2.4495902
2018-10-03 04:30:00,-9.3945465,-3.1257896
2018-10-03 05:00:00,-9.054438,-3.6162004
2018-10-03 05:30:00,-8.714328,-3.9338865
2018-10-03 06:00:00,-8.374223,-4.2333307
2018-10-03 06:30:00,-8.034113,-4.383872
2018-10-03 07:00:00,-7.6940074,-4.591639
2018-10-03 07:30:00,-7.353898,-5.1416035
2018-10-03 08:00:00,-7.013788,-5.782757
2018-10-03 08:30:00,-6.673683,-6.3845854
2018-10-03 09:00:00,-8.595731,-6.4924994
2018-10-03 09:30:00,-10.517782,-7.2252426
2018-10-03 10:00:00,-12.43983,-8.223371
2018-10-03 10:30:00,-17.690321,-9.447031
2018-10-03 11:00:00,-17.921917,-10.745311
2018-10-03 11:30:00,-22.060139,-11.564703
2018-10-03 12:00:00,-16.802261,-12.273794
2018-10-03 12:30:00,-17.174349,-12.372577
2018-10-03 13:00:00,-18.49497,-12.046449
2018-10-03 13:30:00,-17.526854,-11.55807
2018-10-03 14:00:00,-19.066362,-11.381505
2018-10-03 14:30:00,-11.092626,-10.544872
2018-10-03 15:00:00,-8.233788,-9.117609
2018-10-03 15:30:00,-6.728435,-8.025715
2018-10-03 16:00:00,-7.260302,-6.286966
2018-10-03 16:30:00,-4.2922077,-4.354624
2018-10-03 17:00:00,-3.56185,-2.6576278
2018-10-03 17:30:00,-2.831497,-1.0310091
2018-10-03 18:00:00,-2.1011398,0.3775927
2018-10-03 18:30:00,-1.1624433,1.5828147
2018-10-03 19:00:00,-7.97209,2.0762532
2018-10-03 19:30:00,-9.953106,2.098502
2018-10-03 20:00:00,3.7422445,1.7830747
2018-10-03 20:30:00,17.4376,1.286853
2018-10-03 21:00:00,-9.429492,0.8324937
2018-10-03 21:30:00,6.5365653,0.49415368
2018-10-03 22:00:00,5.7606096,0.15627679
2018-10-03 22:30:00,4.984658,-0.39529157
2018-10-03 23:00:00,2.1116886,0.6437818
2018-10-03 23:30:00,-23.70452,-0.28272852
2018-10-04 00:00:00,3.729189,-0.73699164
2018-10-04 00:30:00,-17.534729,-1.0010791
2018-10-04 01:00:00,-10.5388775,-1.2165183
2018-10-04 01:30:00,-3.543027,-1.2812195
2018-10-04 02:00:00,-3.0381494,-1.228062
2018-10-04 02:30:00,-2.5332675,-1.0114694
2018-10-04 03:00:00,-3.5393786,-0.8494716
2018-10-04 03:30:00,-4.54549,-0.5610382
2018-10-04 04:00:00,-15.441828,-0.3821748
2018-10-04 04:30:00,-2.8533132,-0.24573769
2018-10-04 05:00:00,20.995293,-0.38100818
2018-10-04 05:30:00,24.276148,-0.6042379
2018-10-04 06:00:00,-10.314713,-1.1056156
2018-10-04 06:30:00,24.419436,-1.8247875
2018-10-04 07:00:00,-20.18976,-2.7587693
2018-10-04 07:30:00,1.6835237,-4.0720234
2018-10-04 08:00:00,23.556807,-5.525708
2018-10-04 08:30:00,-5.742235,-6.9604735
2018-10-04 09:00:00,-8.797437,-8.291769
2018-10-04 09:30:00,-9.982647,-9.461126
2018-10-04 10:00:00,-14.9566145,-10.651431
2018-10-04 10:30:00,-14.680263,-11.356923
2018-10-04 11:00:00,-17.0034,-12.014256
2018-10-04 11:30:00,-16.97232,-12.748611
2018-10-04 12:00:00,-16.133144,-12.821474
2018-10-04 12:30:00,-16.651806,-12.601906
2018-10-04 13:00:00,-17.279106,-12.435718
2018-10-04 13:30:00,-15.025687,-12.162883
2018-10-04 14:00:00,-15.536686,-11.909234
2018-10-04 14:30:00,-15.553091,-10.616145
2018-10-04 15:00:00,-10.945759,-8.992589
2018-10-04 15:30:00,-8.913692,-7.313246
2018-10-04 16:00:00,-6.16829,-5.84339
2018-10-04 16:30:00,-2.89494,-4.2032
2018-10-04 17:00:00,-1.2003342,-2.151374
2018-10-04 17:30:00,1.8217347,-0.24444436
2018-10-04 18:00:00,1.2114686,1.2334945
2018-10-04 18:30:00,3.2201211,2.3380601
2018-10-04 19:00:00,5.228773,2.7219112
2018-10-04 19:30:00,8.432432,2.702284
2018-10-04 20:00:00,-6.6977406,2.8917606
2018-10-04 20:30:00,-7.7155704,3.1372347
2018-10-04 21:00:00,-8.733404,2.3151865
2018-10-04 21:30:00,-9.751233,2.1694646
2018-10-04 22:00:00,-22.742016,1.8189689
2018-10-04 22:30:00,-35.73279,1.452499
2018-10-04 23:00:00,-22.843428,1.0536742
2018-10-04 23:30:00,-9.954059,0.047515113
2018-10-05 00:00:00,2.93531,0.17093593
2018-10-05 00:30:00,-1.0345613,-0.5381778
2018-10-05 01:00:00,-23.94946,-0.6697824
2018-10-05 01:30:00,22.793447,-0.5849997
2018-10-05 02:00:00,-0.81006014,-0.37248358
2018-10-05 02:30:00,-1.0862725,-0.09521384
2018-10-05 03:00:00,-1.3624805,0.25094298
2018-10-05 03:30:00,-1.6386929,0.45788813
2018-10-05 04:00:00,-1.9149008,0.19943279
2018-10-05 04:30:00,-2.191109,0.56920147
2018-10-05 05:00:00,-2.4673212,1.654935
2018-10-05 05:30:00,-2.743529,1.978948
2018-10-05 06:00:00,-3.0197413,0.2698229
2018-10-05 06:30:00,-3.2959495,0.63312495
2018-10-05 07:00:00,-3.5721617,-1.9901191
2018-10-05 07:30:00,-3.8483698,-3.4092815
2018-10-05 08:00:00,-4.1245775,-3.6397643
2018-10-05 08:30:00,-5.5889587,-5.544335
2018-10-05 09:00:00,-9.738483,-7.283997
2018-10-05 09:30:00,-10.453273,-8.633674
2018-10-05 10:00:00,-12.65834,-9.888522
2018-10-05 10:30:00,-15.453003,-10.796468
2018-10-05 11:00:00,-17.524971,-11.495632
2018-10-05 11:30:00,-15.509883,-11.747053
2018-10-05 12:00:00,-17.989727,-11.847294
2018-10-05 12:30:00,-15.653588,-11.80766
2018-10-05 13:00:00,-15.535611,-11.762381
2018-10-05 13:30:00,-15.358144,-11.420392
2018-10-05 14:00:00,-14.491075,-10.968978
2018-10-05 14:30:00,-11.785918,-10.499623
2018-10-05 15:00:00,-8.925227,-9.639579
2018-10-05 15:30:00,-7.3986487,-8.232843
2018-10-05 16:00:00,-4.745095,-6.610861
2018-10-05 16:30:00,-1.8242457,-4.670475
2018-10-05 17:00:00,-3.983754,-2.6332119
2018-10-05 17:30:00,-6.143258,-0.6417356
2018-10-05 18:00:00,-8.302766,1.017885
2018-10-05 18:30:00,1.51114,2.429069
2018-10-05 19:00:00,-6.902169,3.495311
2018-10-05 19:30:00,-4.726809,4.1862745
2018-10-05 20:00:00,-1.5990891,4.0352654
2018-10-05 20:30:00,1.5286348,3.779397
2018-10-05 21:00:00,4.6563544,3.4336202
2018-10-05 21:30:00,14.043363,3.0239944
2018-10-05 22:00:00,23.43037,2.244167
2018-10-05 22:30:00,-7.6835256,1.2606499
2018-10-05 23:00:00,-14.843127,0.75827605
2018-10-05 23:30:00,1.1033754,0.6793832
2018-10-06 00:00:00,-1.6272146,0.8547861
2018-10-06 00:30:00,0.7487334,0.73681384
2018-10-06 01:00:00,1.1151421,-0.06805837
2018-10-06 01:30:00,1.4815464,1.1936374
2018-10-06 02:00:00,-10.762548,0.8844364
2018-10-06 02:30:00,-4.062402,0.83687615
2018-10-06 03:00:00,-1.7034771,0.97694856
2018-10-06 03:30:00,3.403332,1.0905296
2018-10-06 04:00:00,2.2333136,1.153387
2018-10-06 04:30:00,3.6649377,1.0574318
2018-10-06 05:00:00,-7.6500387,0.78560627
2018-10-06 05:30:00,-10.336883,0.21699755
2018-10-06 06:00:00,-9.363323,-0.3508335
2018-10-06 06:30:00,-8.38976,-1.1678962
2018-10-06 07:00:00,-7.4162,-2.1709225
2018-10-06 07:30:00,-6.4426365,-3.4812794
2018-10-06 08:00:00,-5.469077,-4.9284453
2018-10-06 08:30:00,-4.495513,-6.2155223
2018-10-06 09:00:00,-6.664442,-7.531503
2018-10-06 09:30:00,-11.254505,-8.579
2018-10-06 10:00:00,-9.013064,-9.542833
2018-10-06 10:30:00,-21.067085,-10.421499
2018-10-06 11:00:00,-15.730914,-11.098686
2018-10-06 11:30:00,-18.624702,-11.341691
2018-10-06 12:00:00,-17.610588,-11.520708
2018-10-06 12:30:00,-16.119476,-11.332949
2018-10-06 13:00:00,-15.81329,-11.061673
2018-10-06 13:30:00,-13.883397,-10.58742
2018-10-06 14:00:00,-14.562168,-9.8629265
2018-10-06 14:30:00,-9.721959,-8.982715
2018-10-06 15:00:00,-8.2005415,-7.8389344
2018-10-06 15:30:00,-8.799604,-6.4860897
2018-10-06 16:00:00,-5.9849305,-4.856456
2018-10-06 16:30:00,-5.6016297,-2.9106781
2018-10-06 17:00:00,-0.50736517,-1.2383649
2018-10-06 17:30:00,1.9289584,0.14583842
2018-10-06 18:00:00,-7.7009244,1.272019
2018-10-06 18:30:00,-35.50773,2.766745
2018-10-06 19:00:00,-36.747166,3.4265857
2018-10-06 19:30:00,32.683907,3.8022923
2018-10-06 20:00:00,2.9160454,4.0864043
2018-10-06 20:30:00,1.0642437,4.241372
2018-10-06 21:00:00,-0.7875624,4.260667
2018-10-06 21:30:00,-21.680174,4.3581076
2018-10-06 22:00:00,-42.57278,4.4485617
2018-10-06 22:30:00,-11.3637085,3.4390078
2018-10-06 23:00:00,-6.3024726,2.7014058
2018-10-06 23:30:00,-1.2412312,2.5804582
2018-10-07 00:00:00,3.8200057,2.2183049
2018-10-07 00:30:00,6.711807,2.0423121
2018-10-07 01:00:00,9.603608,1.9114941
2018-10-07 01:30:00,5.3808613,1.847374
2018-10-07 02:00:00,1.158119,1.378915
2018-10-07 02:30:00,-1.4927087,1.4631296
2018-10-07 03:00:00,-4.143541,1.5597446
2018-10-07 03:30:00,-6.7943687,1.7349727
2018-10-07 04:00:00,-9.445196,1.8304516
2018-10-07 04:30:00,-12.096024,1.8400204
2018-10-07 05:00:00,-14.746854,1.0367604
2018-10-07 05:30:00,-17.397684,0.1936871
2018-10-07 06:00:00,-20.048512,-0.7499817
2018-10-07 06:30:00,-22.699343,-1.6080637
2018-10-07 07:00:00,-25.35017,-2.6633823
2018-10-07 07:30:00,-28.001,-3.8172119
2018-10-07 08:00:00,-30.651827,-5.461614
2018-10-07 08:30:00,-33.302654,-6.5445385
2018-10-07 09:00:00,-8.256193,-7.660219
2018-10-07 09:30:00,-11.47265,-8.785518
2018-10-07 10:00:00,-11.084481,-9.483283
2018-10-07 10:30:00,-13.467141,-10.760455
2018-10-07 11:00:00,-12.9467125,-11.458637
2018-10-07 11:30:00,-14.812354,-11.943595
2018-10-07 12:00:00,-13.595453,-12.294112
2018-10-07 12:30:00,-17.189245,-12.3660965
2018-10-07 13:00:00,-15.308712,-12.235043
2018-10-07 13:30:00,-14.936252,-11.721828
2018-10-07 14:00:00,-12.980544,-11.063181
2018-10-07 14:30:00,-10.356898,-10.080848
2018-10-07 15:00:00,-5.9159036,-8.782708
2018-10-07 15:30:00,-5.712751,-7.3356605
2018-10-07 16:00:00,-5.6933208,-5.568681
2018-10-07 16:30:00,-1.290347,-3.8045497
2018-10-07 17:00:00,-0.37669125,-1.7794731
2018-10-07 17:30:00,4.106263,0.32438287
2018-10-07 18:00:00,8.589212,1.8226173
2018-10-07 18:30:00,3.4758236,1.525537
2018-10-07 19:00:00,7.081698,0.89667934
2018-10-07 19:30:00,10.6875725,3.0492535
2018-10-07 20:00:00,-22.218697,3.4110265
2018-10-07 20:30:00,-3.5564802,3.2698004
2018-10-07 21:00:00,15.105738,2.9958427
2018-10-07 21:30:00,8.154493,2.1311367
2018-10-07 22:00:00,1.2032499,0.9355359
2018-10-07 22:30:00,-5.747994,0.7809617
2018-10-07 23:00:00,-8.497486,0.6512097
2018-10-07 23:30:00,-9.725756,0.59903973
2018-10-08 00:00:00,-5.133538,0.6071449
2018-10-08 00:30:00,-4.985675,0.6480725
2018-10-08 01:00:00,-4.837812,0.81359196
2018-10-08 01:30:00,6.601756,0.76138705
2018-10-08 02:00:00,5.671938,0.77274734
2018-10-08 02:30:00,4.913822,0.738247
2018-10-08 03:00:00,4.155711,0.7857461
2018-10-08 03:30:00,3.3975995,0.7067003
2018-10-08 04:00:00,7.855561,0.49363807
2018-10-08 04:30:00,5.9081883,0.14819787
2018-10-08 05:00:00,4.863653,-0.5072123
2018-10-08 05:30:00,4.393316,-1.3937781
2018-10-08 06:00:00,5.753959,-2.4542873
2018-10-08 06:30:00,14.4353895,-3.5808568
2018-10-08 07:00:00,4.5084696,-4.9299965
2018-10-08 07:30:00,1.6121811,-6.449243
2018-10-08 08:00:00,-2.597737,-8.53882
2018-10-08 08:30:00,-6.1948514,-10.875745
2018-10-08 09:00:00,-5.0695357,-10.807111
2018-10-08 09:30:00,-8.090054,-11.259635
2018-10-08 10:00:00,-8.018169,-11.422455
2018-10-08 10:30:00,-10.824628,-12.0212555
2018-10-08 11:00:00,-14.640575,-12.301969
2018-10-08 11:30:00,-17.86704,-12.75579
2018-10-08 12:00:00,-19.35253,-12.919662
2018-10-08 12:30:00,-18.330317,-13.201546
2018-10-08 13:00:00,-14.439354,-13.3549385
2018-10-08 13:30:00,-12.434302,-13.16831
2018-10-08 14:00:00,-10.015722,-12.580968
2018-10-08 14:30:00,-8.952487,-11.444703
2018-10-08 15:00:00,-6.7520866,-9.377192
2018-10-08 15:30:00,-2.5180054,-7.8514743
2018-10-08 16:00:00,-1.6869216,-6.312203
2018-10-08 16:30:00,-2.1173499,-4.3417473
2018-10-08 17:00:00,0.98420167,-2.427809
2018-10-08 17:30:00,1.05166,-0.5148368
2018-10-08 18:00:00,-4.885215,1.3605725
2018-10-08 18:30:00,-10.822084,2.4304366
2018-10-08 19:00:00,-7.0233965,3.1778738
2018-10-08 19:30:00,-34.15468,3.569437
2018-10-08 20:00:00,-18.792519,2.7710838
2018-10-08 20:30:00,-3.4303591,2.6822462
2018-10-08 21:00:00,13.359797,3.0135124
2018-10-08 21:30:00,4.8633084,2.8312235
2018-10-08 22:00:00,3.8937252,2.518387
2018-10-08 22:30:00,2.3963776,2.1352308
2018-10-08 23:00:00,2.047599,1.7837913
2018-10-08 23:30:00,5.836378,1.451398
2018-10-09 00:00:00,5.2264442,1.2951721
2018-10-09 00:30:00,4.616506,1.1381117
2018-10-09 01:00:00,2.0593657,1.0181602
2018-10-09 01:30:00,2.7205305,1.3624731
2018-10-09 02:00:00,3.381695,1.5854275
2018-10-09 02:30:00,11.243405,1.889831
2018-10-09 03:00:00,-2.130091,2.140299
2018-10-09 03:30:00,0.55032593,2.3979595
2018-10-09 04:00:00,3.2307472,2.711202
2018-10-09 04:30:00,5.911168,2.5997138
2018-10-09 05:00:00,8.59159,2.1173775
2018-10-09 05:30:00,11.272012,1.3483733
2018-10-09 06:00:00,0.89463013,0.39971906
2018-10-09 06:30:00,3.588793,-0.3745197
2018-10-09 07:00:00,2.8522618,-2.027547
2018-10-09 07:30:00,2.997844,-3.8701422
2018-10-09 08:00:00,3.143426,-5.905627
2018-10-09 08:30:00,-1.4719107,-7.973733
2018-10-09 09:00:00,-4.5631723,-9.365945
2018-10-09 09:30:00,-5.9639664,-10.854103
2018-10-09 10:00:00,-8.786278,-11.785219
2018-10-09 10:30:00,-8.793544,-12.8048315
2018-10-09 11:00:00,-7.6540847,-13.8191
2018-10-09 11:30:00,-11.810837,-14.791445
2018-10-09 12:00:00,-14.290338,-15.523323
2018-10-09 12:30:00,-15.513018,-15.729545
2018-10-09 13:00:00,-14.085853,-14.983334
2018-10-09 13:30:00,-11.629238,-14.103994
2018-10-09 14:00:00,-10.833349,-12.837781
2018-10-09 14:30:00,-11.626765,-11.520258
2018-10-09 15:00:00,-8.351606,-10.092758
2018-10-09 15:30:00,-5.505356,-7.956081
2018-10-09 16:00:00,-3.7849443,-5.949845
2018-10-09 16:30:00,-1.3118923,-4.1549706
2018-10-09 17:00:00,1.1680155,-2.083033
2018-10-09 17:30:00,1.7714436,-0.23360838
2018-10-09 18:00:00,2.4788928,1.0765827
2018-10-09 18:30:00,5.168533,2.167201
2018-10-09 19:00:00,5.491764,3.135417
2018-10-09 19:30:00,5.9478927,2.6317892
2018-10-09 20:00:00,5.8331275,2.6387014
2018-10-09 20:30:00,6.1551,3.1504388
2018-10-09 21:00:00,5.541273,3.9952033
2018-10-09 21:30:00,7.151118,4.0628886
2018-10-09 22:00:00,7.098061,3.955193
2018-10-09 22:30:00,4.706418,3.7065163
2018-10-09 23:00:00,4.7877536,3.4148364
2018-10-09 23:30:00,4.4492564,3.2634387
2018-10-10 00:00:00,4.014092,3.084641
2018-10-10 00:30:00,4.3553376,2.9328413
2018-10-10 01:00:00,3.494944,2.8308737
2018-10-10 01:30:00,2.11355,2.8290212
2018-10-10 02:00:00,2.8490503,2.9260993
2018-10-10 02:30:00,2.0894444,3.4448407
2018-10-10 03:00:00,0.87800044,3.013237
2018-10-10 03:30:00,-0.33344787,2.903807
2018-10-10 04:00:00,-1.5448961,2.6928244
2018-10-10 04:30:00,7.557541,2.3117871
2018-10-10 05:00:00,7.6320643,1.7508771
2018-10-10 05:30:00,7.706588,0.95445955
2018-10-10 06:00:00,30.846014,-0.48092192
2018-10-10 06:30:00,6.741182,-1.6669145
2018-10-10 07:00:00,9.1897135,-2.940132
2018-10-10 07:30:00,5.1488667,-4.2336016
2018-10-10 08:00:00,1.1080201,-5.401256
2018-10-10 08:30:00,-2.9328265,-6.756312
2018-10-10 09:00:00,-6.9736733,-8.509029
2018-10-10 09:30:00,-8.98074,-9.656873
2018-10-10 10:00:00,-13.46671,-10.934014
2018-10-10 10:30:00,-12.534823,-11.59593
2018-10-10 11:00:00,-16.668697,-11.858117
2018-10-10 11:30:00,-16.8296,-12.29087
2018-10-10 12:00:00,-19.24539,-12.733261
2018-10-10 12:30:00,-11.79221,-12.562049
2018-10-10 13:00:00,-11.069587,-12.033184
2018-10-10 13:30:00,-15.235584,-11.222107
2018-10-10 14:00:00,-14.91516,-10.388944
2018-10-10 14:30:00,-13.81413,-9.7292385
2018-10-10 15:00:00,-13.6383705,-8.474189
2018-10-10 15:30:00,-8.611053,-6.76949
2018-10-10 16:00:00,-7.2919583,-4.917142
2018-10-10 16:30:00,-4.298124,-3.022245
2018-10-10 17:00:00,-1.8880424,-0.99779767
2018-10-10 17:30:00,-9.077534,0.77113503
2018-10-10 18:00:00,-7.6959434,2.1307564
2018-10-10 18:30:00,17.560015,3.1609035
2018-10-10 19:00:00,26.847881,3.800007
2018-10-10 19:30:00,36.13575,4.279451
2018-10-10 20:00:00,3.5378072,4.435961
2018-10-10 20:30:00,-5.9362955,4.381047
2018-10-10 21:00:00,2.0246427,4.1823726
2018-10-10 21:30:00,5.001458,3.9482808
2018-10-10 22:00:00,7.978274,3.6304548
2018-10-10 22:30:00,1.8801835,3.219693
2018-10-10 23:00:00,5.5241756,2.8571248
2018-10-10 23:30:00,3.4193676,2.5089102
2018-10-11 00:00:00,3.2963443,2.2039516
2018-10-11 00:30:00,3.7057123,1.9545321
2018-10-11 01:00:00,2.42889,1.7457563
2018-10-11 01:30:00,1.1520718,1.5632488
2018-10-11 02:00:00,-2.303663,1.4748307
2018-10-11 02:30:00,1.8648077,1.4404047
2018-10-11 03:00:00,6.033274,1.3679086
2018-10-11 03:30:00,3.7107108,1.3684809
2018-10-11 04:00:00,1.3881518,1.1927766
2018-10-11 04:30:00,-0.93441164,1.4719558
2018-10-11 05:00:00,0.4856815,1.5130974
2018-10-11 05:30:00,1.9057746,1.4772688
2018-10-11 06:00:00,3.325868,2.2580528
2018-10-11 06:30:00,1.3602448,1.2894309
2018-10-11 07:00:00,-0.6053739,0.7390378
2018-10-11 07:30:00,-2.5709968,-0.08251653
2018-10-11 08:00:00,-4.5366197,-1.0288899
2018-10-11 08:30:00,-6.5022388,-1.8661389
2018-10-11 09:00:00,-6.5153995,-2.8187647
2018-10-11 09:30:00,-7.7250605,-3.6758025
2018-10-11 10:00:00,-10.537641,-4.623631
2018-10-11 10:30:00,-11.038643,-5.1412716
2018-10-11 11:00:00,-13.110086,-6.0596857
2018-10-11 11:30:00,-13.408249,-6.7352295
2018-10-11 12:00:00,-13.228758,-7.4044776
2018-10-11 12:30:00,-12.574025,-6.961212
2018-10-11 13:00:00,-14.138518,-6.8897953
2018-10-11 13:30:00,-14.06704,-7.7490525
2018-10-11 14:00:00,-12.721337,-8.19736
2018-10-11 14:30:00,-11.864134,-8.138518
2018-10-11 15:00:00,-9.2506075,-8.251846
2018-10-11 15:30:00,-6.9045024,-7.6137953
2018-10-11 16:00:00,-4.450771,-6.5874453
2018-10-11 16:30:00,-3.2744565,-5.241644
2018-10-11 17:00:00,-1.4608213,-3.6025374
2018-10-11 17:30:00,-1.0891999,-2.652874
2018-10-11 18:00:00,-1.0468785,-1.2524167
2018-10-11 18:30:00,-1.004557,1.1186594
2018-10-11 19:00:00,-0.9622356,2.9389188
2018-10-11 19:30:00,-4.518557,4.08765
2018-10-11 20:00:00,-8.074883,3.4440455
2018-10-11 20:30:00,-11.631204,2.8776345
2018-10-11 21:00:00,-15.18753,2.6965952
2018-10-11 21:30:00,-4.735386,2.447368
2018-10-11 22:00:00,5.7167587,2.1680837
2018-10-11 22:30:00,-9.6871395,1.6457682
2018-10-11 23:00:00,6.739469,1.3277282
2018-10-11 23:30:00,5.00768,0.9747551
2018-10-12 00:00:00,1.3754238,0.6998536
2018-10-12 00:30:00,-3.7336833,0.5458648
2018-10-12 01:00:00,6.56151,0.43060157
2018-10-12 01:30:00,2.0942376,0.32883084
2018-10-12 02:00:00,1.80656,0.29679483
2018-10-12 02:30:00,1.5188825,0.5000916
2018-10-12 03:00:00,2.7598503,0.8246551
2018-10-12 03:30:00,3.679942,0.92983395
2018-10-12 04:00:00,4.600029,1.0474741
2018-10-12 04:30:00,5.520121,0.8941888
2018-10-12 05:00:00,3.8166413,0.8724732
2018-10-12 05:30:00,2.8857527,0.76878434
2018-10-12 06:00:00,1.6188705,0.50410265
2018-10-12 06:30:00,0.15879354,0.03136602
2018-10-12 07:00:00,-1.3012791,-0.6817981
2018-10-12 07:30:00,-1.6901724,-1.7420278
2018-10-12 08:00:00,-2.7028985,-2.909468
2018-10-12 08:30:00,-3.7156248,-3.8281178
2018-10-12 09:00:00,-6.4475217,-4.5768967
2018-10-12 09:30:00,-7.61487,-5.226793
2018-10-12 10:00:00,-9.17639,-5.99706
2018-10-12 10:30:00,-11.389195,-6.5756264
2018-10-12 11:00:00,-11.654602,-7.050491
2018-10-12 11:30:00,-14.424896,-7.3767233
2018-10-12 12:00:00,-13.988589,-7.618007
2018-10-12 12:30:00,-14.48171,-7.724567
2018-10-12 13:00:00,-12.844313,-7.950287
2018-10-12 13:30:00,-13.898834,-8.097381
2018-10-12 14:00:00,-12.460812,-8.07082
2018-10-12 14:30:00,-10.235133,-7.8281593
2018-10-12 15:00:00,-6.855767,-7.15958
2018-10-12 15:30:00,-8.190727,-6.362053
2018-10-12 16:00:00,-4.7173185,-5.206296
2018-10-12 16:30:00,-2.9528599,-4.0615454
2018-10-12 17:00:00,-0.9995804,-2.6784477
2018-10-12 17:30:00,0.7257376,-1.3508886
2018-10-12 18:00:00,-0.445622,0.04627422
2018-10-12 18:30:00,-1.6169816,1.0087836
2018-10-12 19:00:00,-1.7128494,1.5939827
2018-10-12 19:30:00,-1.8087171,1.8905606
2018-10-12 20:00:00,0.82278067,1.8102608
2018-10-12 20:30:00,3.4542742,1.5738794
2018-10-12 21:00:00,2.500451,1.2132556
2018-10-12 21:30:00,0.44610837,1.1748929
2018-10-12 22:00:00,-1.6082342,1.350051
2018-10-12 22:30:00,-3.6572373,0.8477908
2018-10-12 23:00:00,-5.7062407,0.98679703
2018-10-12 23:30:00,-6.684449,0.84957784
2018-10-13 00:00:00,-2.5511818,0.6288911
2018-10-13 00:30:00,1.5820894,0.40628618
2018-10-13 01:00:00,-0.9912131,0.4822035
2018-10-13 01:30:00,-3.564511,0.47240746
2018-10-13 02:00:00,-6.1378136,0.5976197
2018-10-13 02:30:00,-8.711112,0.7442024
2018-10-13 03:00:00,-5.0189824,0.84277916
2018-10-13 03:30:00,-1.3268529,1.0015304
2018-10-13 04:00:00,-1.2278742,1.1931567
2018-10-13 04:30:00,-1.1288911,1.2101316
2018-10-13 05:00:00,-1.0299124,0.95591015
2018-10-13 05:30:00,-1.1617354,0.55553854
2018-10-13 06:00:00,-1.2935629,0.12525009
2018-10-13 06:30:00,1.258474,-0.3555655
2018-10-13 07:00:00,0.51440555,-1.0453186
2018-10-13 07:30:00,-0.2296585,-2.0183144
2018-10-13 08:00:00,-0.973727,-2.9850402
2018-10-13 08:30:00,-3.7723563,-3.7008214
2018-10-13 09:00:00,-5.719742,-4.5040727
2018-10-13 09:30:00,-6.8807592,-5.220064
2018-10-13 10:00:00,-8.39499,-5.8022223
2018-10-13 10:30:00,-11.422887,-6.3260975
2018-10-13 11:00:00,-10.29564,-6.606819
2018-10-13 11:30:00,-12.808034,-7.0200057
2018-10-13 12:00:00,-12.281598,-7.23458
2018-10-13 12:30:00,-13.27671,-7.5120854
2018-10-13 13:00:00,-13.3313875,-7.579181
2018-10-13 13:30:00,-7.646871,-7.6419425
2018-10-13 14:00:00,-7.654242,-7.5691843
2018-10-13 14:30:00,-5.748501,-7.2423487
2018-10-13 15:00:00,-5.4371986,-6.531461
2018-10-13 15:30:00,-5.624237,-5.817602
2018-10-13 16:00:00,-3.3146589,-4.725699
2018-10-13 16:30:00,-1.9258242,-3.4590394
2018-10-13 17:00:00,-0.2551405,-2.0430012
2018-10-13 17:30:00,1.4155432,-0.6007861
2018-10-13 18:00:00,3.163809,0.56691635
2018-10-13 18:30:00,0.58839166,1.5089203
2018-10-13 19:00:00,3.1947308,2.0717704
2018-10-13 19:30:00,5.126762,2.296643
2018-10-13 20:00:00,2.7224312,2.4322674
2018-10-13 20:30:00,3.154144,2.517308
2018-10-13 21:00:00,2.8243723,2.3908854
2018-10-13 21:30:00,3.5713987,2.1205716
2018-10-13 22:00:00,4.6353116,1.7701459
2018-10-13 22:30:00,3.4967222,1.33104
2018-10-13 23:00:00,3.4218667,0.92928773
2018-10-13 23:30:00,3.7545047,0.5533277
2018-10-14 00:00:00,2.8812742,0.4105288
2018-10-14 00:30:00,3.2276452,0.331518
2018-10-14 01:00:00,3.0121055,0.21246654
2018-10-14 01:30:00,3.6136808,0.13948102
2018-10-14 02:00:00,2.6788251,0.032799166
2018-10-14 02:30:00,3.5438368,-0.01767548
2018-10-14 03:00:00,2.878102,0.1295801
2018-10-14 03:30:00,2.5801697,0.4578488
2018-10-14 04:00:00,2.2794976,0.6002719
2018-10-14 04:30:00,1.9430189,0.6963144
2018-10-14 05:00:00,2.420361,0.6067604
2018-10-14 05:30:00,0.16165982,0.48724574
2018-10-14 06:00:00,3.2362702,0.28513306
2018-10-14 06:30:00,3.6421165,0.03210881
2018-10-14 07:00:00,3.3326797,-0.44270766
2018-10-14 07:30:00,-2.5482063,-1.2241035
2018-10-14 08:00:00,-8.429089,-2.254377
2018-10-14 08:30:00,-14.309969,-2.9718666
2018-10-14 09:00:00,-20.190855,-3.8321812
2018-10-14 09:30:00,-26.071735,-4.622753
2018-10-14 10:00:00,-32.115868,-5.3640423
2018-10-14 10:30:00,-4.0455627,-6.0981665
2018-10-14 11:00:00,-5.090159,-6.32691
2018-10-14 11:30:00,-3.1967566,-6.7318606
2018-10-14 12:00:00,-4.108079,-6.8363233
2018-10-14 12:30:00,-3.5750804,-7.3019814
2018-10-14 13:00:00,-3.5947206,-7.4559
2018-10-14 13:30:00,-3.9804637,-6.5598354
2018-10-14 14:00:00,-2.0882545,-6.2388153
2018-10-14 14:30:00,-0.57354325,-5.559313
2018-10-14 15:00:00,-3.2131023,-5.005988
2018-10-14 15:30:00,-0.86732036,-4.4084496
2018-10-14 16:00:00,0.13440822,-3.488987
2018-10-14 16:30:00,0.52573526,-2.561856
2018-10-14 17:00:00,6.2049675,-1.5201701
2018-10-14 17:30:00,11.884195,-0.38227966
2018-10-14 18:00:00,8.181885,0.6168492
2018-10-14 18:30:00,4.47958,1.2681259
2018-10-14 19:00:00,0.7772696,1.8149972
2018-10-14 19:30:00,2.534794,2.340118
2018-10-14 20:00:00,2.8654964,2.593518
2018-10-14 20:30:00,3.8440063,2.7737665
2018-10-14 21:00:00,6.2841005,2.8111463
2018-10-14 21:30:00,4.5987096,2.770979
2018-10-14 22:00:00,3.2050512,2.7087376
2018-10-14 22:30:00,3.3830233,2.5458703
2018-10-14 23:00:00,3.920968,2.3850086
2018-10-14 23:30:00,4.1892896,2.2426858
2018-10-15 00:00:00,3.862493,2.091109
2018-10-15 00:30:00,4.065078,2.0058937
2018-10-15 01:00:00,3.4846716,1.9202416
2018-10-15 01:30:00,3.6134887,1.9013573
2018-10-15 02:00:00,2.387001,1.8760587
2018-10-15 02:30:00,2.9568639,1.9380685
2018-10-15 03:00:00,3.5267222,1.8966253
2018-10-15 03:30:00,4.096585,1.8840022
2018-10-15 04:00:00,3.8784935,1.7960124
2018-10-15 04:30:00,3.8472092,1.68289
2018-10-15 05:00:00,3.5431945,1.514535
2018-10-15 05:30:00,3.4874244,1.1498477
2018-10-15 06:00:00,3.410537,0.9223711
2018-10-15 06:30:00,3.9276443,0.6058428
2018-10-15 07:00:00,2.8448164,0.16670641
2018-10-15 07:30:00,0.6991894,-0.5916323
2018-10-15 08:00:00,-1.8214624,-1.5176096
2018-10-15 08:30:00,-2.9718273,-2.584144
2018-10-15 09:00:00,-4.99468,-3.8661442
2018-10-15 09:30:00,-8.360358,-5.293578
2018-10-15 10:00:00,-7.7670064,-6.7735224
2018-10-15 10:30:00,-9.183883,-6.101181
2018-10-15 11:00:00,-9.315536,-5.627518
2018-10-15 11:30:00,-9.01978,-5.09029
2018-10-15 12:00:00,-9.100984,-4.919759
2018-10-15 12:30:00,-8.812271,-4.6776886
2018-10-15 13:00:00,-12.071953,-4.5041423
2018-10-15 13:30:00,-12.189715,-4.3629603
2018-10-15 14:00:00,-9.381394,-3.9619508
2018-10-15 14:30:00,-7.4594917,-3.4401815
2018-10-15 15:00:00,-4.735958,-3.2385712
2018-10-15 15:30:00,-4.520759,-2.872499
2018-10-15 16:00:00,-0.7546176,-2.3543735
2018-10-15 16:30:00,0.6190382,-1.8174689
2018-10-15 17:00:00,15.513734,-0.92565984
2018-10-15 17:30:00,16.571749,0.20654608
2018-10-15 18:00:00,11.886044,0.9139164
2018-10-15 18:30:00,7.2003384,1.2731856
2018-10-15 19:00:00,2.5146296,1.4236745
2018-10-15 19:30:00,5.0630703,1.7197411
2018-10-15 20:00:00,7.611511,1.9965521
2018-10-15 20:30:00,10.159952,2.290019
2018-10-15 21:00:00,12.708389,2.6163917
2018-10-15 21:30:00,6.613977,2.7403498
2018-10-15 22:00:00,7.5173516,2.7668805
2018-10-15 22:30:00,-7.2978787,2.8028183
2018-10-15 23:00:00,6.61548,2.8568845
2018-10-15 23:30:00,5.9103074,2.8806844
2018-10-16 00:00:00,5.205135,2.8758476
2018-10-16 00:30:00,4.499963,2.8890035
2018-10-16 01:00:00,6.5816875,2.8580337
2018-10-16 01:30:00,4.730476,2.800979
2018-10-16 02:00:00,3.7778416,2.6853223
2018-10-16 02:30:00,2.8252025,2.6217964
2018-10-16 03:00:00,3.3687968,2.5114837
2018-10-16 03:30:00,1.9289234,2.352278
2018-10-16 04:00:00,1.2733297,2.0840657
2018-10-16 04:30:00,0.61773616,1.7630981
2018-10-16 05:00:00,9.842909,1.3806714
2018-10-16 05:30:00,19.470995,0.95438963
2018-10-16 06:00:00,3.3559728,0.4520638
2018-10-16 06:30:00,2.686196,-0.09581244
2018-10-16 07:00:00,2.0164194,-0.76932913
2018-10-16 07:30:00,0.2591879,-1.6291852
2018-10-16 08:00:00,-1.4980437,-2.553834
2018-10-16 08:30:00,-3.3272688,-3.3081136
2018-10-16 09:00:00,-6.675741,-4.1116705
2018-10-16 09:30:00,-12.202893,-4.9631333
2018-10-16 10:00:00,-9.742538,-5.4210668
2018-10-16 10:30:00,-14.212015,-5.853164
2018-10-16 11:00:00,-22.140491,-6.0649943
2018-10-16 11:30:00,-23.997442,-6.2297797
2018-10-16 12:00:00,-11.10528,-6.184474
2018-10-16 12:30:00,-14.077062,-6.0842323
2018-10-16 13:00:00,-15.879725,-6.5119824
2018-10-16 13:30:00,-14.191632,-6.7818503
2018-10-16 14:00:00,-11.071797,-6.3733826
2018-10-16 14:30:00,-7.1831307,-5.6803784
2018-10-16 15:00:00,-5.2811694,-4.7442994
2018-10-16 15:30:00,-7.6022296,-3.8955717
2018-10-16 16:00:00,-2.610972,-2.7175272
2018-10-16 16:30:00,-1.4759742,-1.5342393
2018-10-16 17:00:00,0.28133175,0.34955463
2018-10-16 17:30:00,2.0386376,1.8441669
2018-10-16 18:00:00,2.7394323,2.601881
2018-10-16 18:30:00,-0.8433283,2.9660614
2018-10-16 19:00:00,1.4297304,3.0595915
2018-10-16 19:30:00,-1.1365374,3.2637358
2018-10-16 20:00:00,4.3185477,3.4668841
2018-10-16 20:30:00,9.773628,3.5928216
2018-10-16 21:00:00,15.228713,3.6635263
2018-10-16 21:30:00,4.539125,3.4222338
2018-10-16 22:00:00,-5.7027144,3.299359
2018-10-16 22:30:00,-19.341448,2.6536272
2018-10-16 23:00:00,-32.98018,2.800769
2018-10-16 23:30:00,-32.353584,2.7186036
2018-10-17 00:00:00,-31.726988,2.641026
2018-10-17 00:30:00,-31.100393,2.5688925
2018-10-17 01:00:00,-30.473797,2.6416464
2018-10-17 01:30:00,-29.8472,2.6154566
2018-10-17 02:00:00,-29.220604,2.6014397
2018-10-17 02:30:00,-28.59401,2.5638285
2018-10-17 03:00:00,-27.967413,2.514931
2018-10-17 03:30:00,-27.340816,2.300086
2018-10-17 04:00:00,-26.71422,2.0128672
2018-10-17 04:30:00,-26.087624,1.5662593
2018-10-17 05:00:00,-25.46103,1.4647244
2018-10-17 05:30:00,-24.834433,1.4149752
2018-10-17 06:00:00,-24.207836,0.061850924
2018-10-17 06:30:00,-23.58124,-1.0366237
2018-10-17 07:00:00,-22.954643,-2.1079383
2018-10-17 07:30:00,-22.328049,-3.1777937
2018-10-17 08:00:00,-5.347295,-4.2076435
2018-10-17 08:30:00,-3.3917472,-5.053352
2018-10-17 09:00:00,-6.9059834,-5.9335732
2018-10-17 09:30:00,-5.125673,-7.312826
2018-10-17 10:00:00,-9.808433,-7.2612066
2018-10-17 10:30:00,-11.074991,-8.134502
2018-10-17 11:00:00,-14.5434675,-9.741997
2018-10-17 11:30:00,-15.816842,-11.063457
2018-10-17 12:00:00,-21.243637,-10.543779
2018-10-17 12:30:00,-14.340075,-10.879048
2018-10-17 13:00:00,-14.074733,-11.163663
2018-10-17 13:30:00,-17.82883,-11.108312
2018-10-17 14:00:00,-10.725282,-10.120618
2018-10-17 14:30:00,-9.148016,-8.997937
2018-10-17 15:00:00,-4.599565,-7.5989876
2018-10-17 15:30:00,-8.966993,-6.837992
2018-10-17 16:00:00,-6.783642,-5.2861066
2018-10-17 16:30:00,-3.926891,-3.7014506
2018-10-17 17:00:00,-0.15807119,-2.0456185
2018-10-17 17:30:00,1.3299084,-0.43054342
2018-10-17 18:00:00,2.8178883,0.88017637
2018-10-17 18:30:00,0.5965667,1.7492429
2018-10-17 19:00:00,1.3115091,2.5140703
2018-10-17 19:30:00,2.0264516,2.8497932
2018-10-17 20:00:00,2.4649327,3.2359295
2018-10-17 20:30:00,2.9034138,3.517162
2018-10-17 21:00:00,2.248873,3.6723
2018-10-17 21:30:00,4.0455685,3.2879288
2018-10-17 22:00:00,3.953642,2.7135134
2018-10-17 22:30:00,4.0261335,1.9103887
2018-10-17 23:00:00,4.832373,0.9007909
2018-10-17 23:30:00,4.1962714,0.09867574
2018-10-18 00:00:00,3.7328198,-0.62684923
2018-10-18 00:30:00,2.251027,-1.2124635
2018-10-18 01:00:00,3.2757385,-1.6977183
2018-10-18 01:30:00,4.40988,-2.0868475
2018-10-18 02:00:00,4.0851984,-2.3558416
2018-10-18 02:30:00,3.214109,-2.405779
2018-10-18 03:00:00,3.1712937,-2.583869
2018-10-18 03:30:00,2.586479,-2.5475159
2018-10-18 04:00:00,2.4862158,-2.5651026
2018-10-18 04:30:00,3.4039524,-2.5255644
2018-10-18 05:00:00,2.9251947,-2.6896331
2018-10-18 05:30:00,3.4185328,-2.8103318
2018-10-18 06:00:00,2.0412767,-2.9267836
2018-10-18 06:30:00,2.8006992,-3.0539708
2018-10-18 07:00:00,2.0568097,-3.374816
2018-10-18 07:30:00,1.1289055,-4.024349
2018-10-18 08:00:00,-1.7104594,-4.025752
2018-10-18 08:30:00,-5.2139425,-4.1210737
2018-10-18 09:00:00,-7.123782,-4.594221
2018-10-18 09:30:00,-8.773257,-5.1104064
2018-10-18 10:00:00,-10.886284,-5.910743
2018-10-18 10:30:00,-12.998743,-6.625795
2018-10-18 11:00:00,-12.597248,-7.3249555
2018-10-18 11:30:00,-13.149153,-7.9675198
2018-10-18 12:00:00,-12.133687,-8.72387
2018-10-18 12:30:00,-15.940014,-8.967628
2018-10-18 13:00:00,-14.515409,-8.994787
2018-10-18 13:30:00,-13.396373,-9.004658
2018-10-18 14:00:00,-11.58024,-8.563087
2018-10-18 14:30:00,-10.551111,-8.222375
2018-10-18 15:00:00,-9.055066,-7.173475
2018-10-18 15:30:00,-7.2388225,-6.988542
2018-10-18 16:00:00,-4.002564,-6.337405
2018-10-18 16:30:00,-1.2956164,-5.233596
2018-10-18 17:00:00,0.3948822,-3.7842977
2018-10-18 17:30:00,0.8533311,-2.322237
2018-10-18 18:00:00,1.6371387,-0.91104877
2018-10-18 18:30:00,1.6462488,0.07086488
2018-10-18 19:00:00,3.3359742,0.9054224
2018-10-18 19:30:00,3.9179313,1.5663204
2018-10-18 20:00:00,4.1333137,2.059331
2018-10-18 20:30:00,5.1924334,2.3485944
2018-10-18 21:00:00,3.273047,2.431315
2018-10-18 21:30:00,2.6543393,2.4627829
2018-10-18 22:00:00,3.1914933,2.371066
2018-10-18 22:30:00,2.958083,2.3206744
2018-10-18 23:00:00,3.3286207,2.260347
2018-10-18 23:30:00,2.2704444,2.1919317
2018-10-19 00:00:00,2.809866,2.1350515
2018-10-19 00:30:00,3.317317,2.0310917
2018-10-19 01:00:00,3.0609198,2.0112026
2018-10-19 01:30:00,3.809895,2.0173328
2018-10-19 02:00:00,2.1318052,2.0385458
2018-10-19 02:30:00,2.258634,2.029545
2018-10-19 03:00:00,2.6426163,2.0641153
2018-10-19 03:30:00,2.519248,2.046048
2018-10-19 04:00:00,3.150098,2.0327783
2018-10-19 04:30:00,3.1311743,2.0138285
2018-10-19 05:00:00,2.7322054,1.8484051
2018-10-19 05:30:00,2.5259635,1.5929996
2018-10-19 06:00:00,1.2698954,1.1403707
2018-10-19 06:30:00,0.49503627,0.6628933
2018-10-19 07:00:00,2.809368,-0.032400165
2018-10-19 07:30:00,1.0486844,-0.91901845
2018-10-19 08:00:00,-0.71200335,-1.9594026
2018-10-19 08:30:00,-2.4726865,-3.177881
2018-10-19 09:00:00,-5.961572,-4.299225
2018-10-19 09:30:00,-8.188315,-5.3131614
2018-10-19 10:00:00,-7.5835943,-6.207273
2018-10-19 10:30:00,-7.181082,-7.036483
2018-10-19 11:00:00,-7.271457,-7.6116805
2018-10-19 11:30:00,-7.251725,-8.058629
2018-10-19 12:00:00,-13.3282585,-8.233918
2018-10-19 12:30:00,-11.759514,-8.817121
2018-10-19 13:00:00,-9.548666,-8.966741
2018-10-19 13:30:00,-9.320359,-8.933004
2018-10-19 14:00:00,-10.997177,-8.599514
2018-10-19 14:30:00,-9.493005,-8.074447
2018-10-19 15:00:00,-6.9502406,-7.4824133
2018-10-19 15:30:00,-9.030118,-6.536088
2018-10-19 16:00:00,-4.3650184,-5.3044577
2018-10-19 16:30:00,-1.5822672,-3.7323768
2018-10-19 17:00:00,0.55124784,-2.150902
2018-10-19 17:30:00,1.6986897,-0.576545
2018-10-19 18:00:00,2.0108442,0.62666273
2018-10-19 18:30:00,2.8560894,1.4551076
2018-10-19 19:00:00,-6.1322737,2.165934
2018-10-19 19:30:00,-1.9058388,2.7274995
2018-10-19 20:00:00,2.3205957,3.0218797
2018-10-19 20:30:00,4.509479,3.1316462
2018-10-19 21:00:00,6.6983624,2.9967647
2018-10-19 21:30:00,3.5425174,2.7586005
2018-10-19 22:00:00,0.3866722,2.4981747
2018-10-19 22:30:00,2.6484625,2.1821225
2018-10-19 23:00:00,4.8468666,1.8905956
2018-10-19 23:30:00,3.4768593,1.5676618
2018-10-20 00:00:00,2.1068518,1.3315294
2018-10-20 00:30:00,0.73684007,1.1562532
2018-10-20 01:00:00,0.6003637,1.1038998
2018-10-20 01:30:00,0.4638872,1.1417034
2018-10-20 02:00:00,1.5976006,1.1493366
2018-10-20 02:30:00,2.731314,1.2559661
2018-10-20 03:00:00,5.351884,1.3326961
2018-10-20 03:30:00,2.5948682,1.3708754
2018-10-20 04:00:00,3.5090263,1.3832581
2018-10-20 04:30:00,3.2178228,1.3642907
2018-10-20 05:00:00,2.5013816,1.2310565
2018-10-20 05:30:00,2.6731799,0.9778967
2018-10-20 06:00:00,2.6794891,0.6359956
2018-10-20 06:30:00,2.8884573,0.24423166
2018-10-20 07:00:00,2.2948778,-0.1023883
2018-10-20 07:30:00,1.9142599,-0.7279995
2018-10-20 08:00:00,1.2598242,-1.5507249
2018-10-20 08:30:00,0.36759564,-2.284355
2018-10-20 09:00:00,-1.0549662,-3.325543
2018-10-20 09:30:00,-3.3327699,-4.288817
2018-10-20 10:00:00,-4.5851502,-4.741957
2018-10-20 10:30:00,-5.49476,-5.129881
2018-10-20 11:00:00,-6.300703,-5.2294188
2018-10-20 11:30:00,-5.934731,-5.3645625
2018-10-20 12:00:00,-8.977043,-6.538653
2018-10-20 12:30:00,-5.860837,-6.2940526
2018-10-20 13:00:00,-10.005499,-6.0770535
2018-10-20 13:30:00,-8.2422285,-5.9314976
2018-10-20 14:00:00,-5.768054,-6.2701526
2018-10-20 14:30:00,-6.2050185,-5.9986806
2018-10-20 15:00:00,-3.64305,-5.5550747
2018-10-20 15:30:00,-1.5690193,-5.5350018
2018-10-20 16:00:00,-1.9357164,-4.6736383
2018-10-20 16:30:00,-0.52068293,-3.5279965
2018-10-20 17:00:00,0.8943549,-2.3997579
2018-10-20 17:30:00,2.1192782,-1.3857603
2018-10-20 18:00:00,1.6448375,-0.4687402
2018-10-20 18:30:00,2.2608712,0.3405232
2018-10-20 19:00:00,1.5124159,0.626287
2018-10-20 19:30:00,2.8333383,1.1216263
2018-10-20 20:00:00,2.563518,1.59026
2018-10-20 20:30:00,2.3892686,1.9868784
2018-10-20 21:00:00,2.595423,2.2175927
2018-10-20 21:30:00,2.8015773,2.1950252
2018-10-20 22:00:00,4.0954795,2.0320618
2018-10-20 22:30:00,4.408329,1.9572061
2018-10-20 23:00:00,3.3857322,1.887371
2018-10-20 23:30:00,3.719537,1.7506586
2018-10-21 00:00:00,3.1638176,1.563594
2018-10-21 00:30:00,3.1377547,1.3998703
2018-10-21 01:00:00,2.7091746,1.2952245
2018-10-21 01:30:00,3.389918,1.2194864
2018-10-21 02:00:00,3.1682396,1.2857605
2018-10-21 02:30:00,2.836436,1.3577411
2018-10-21 03:00:00,2.33993,1.5494242
2018-10-21 03:30:00,2.9838402,1.4893981
2018-10-21 04:00:00,3.4179125,1.5027333
2018-10-21 04:30:00,3.106942,1.4120958
2018-10-21 05:00:00,2.9782386,1.2491106
2018-10-21 05:30:00,2.3451996,1.034152
2018-10-21 06:00:00,3.3856144,0.7281625
2018-10-21 06:30:00,3.1121764,0.3607183
2018-10-21 07:00:00,2.6770294,-0.119503014
2018-10-21 07:30:00,2.053323,-0.6684104
2018-10-21 08:00:00,0.4908286,-1.2454652
2018-10-21 08:30:00,-2.1090658,-1.866991
2018-10-21 09:00:00,-2.6653047,-2.5291822
2018-10-21 09:30:00,-3.6098692,-3.1835873
2018-10-21 10:00:00,-5.606139,-3.8692422
2018-10-21 10:30:00,-4.2880654,-4.3688326
2018-10-21 11:00:00,-5.709155,-4.9213715
2018-10-21 11:30:00,-4.9195538,-5.188714
2018-10-21 12:00:00,-5.676988,-5.748103
2018-10-21 12:30:00,-4.032463,-6.0074325
2018-10-21 13:00:00,-1.9770547,-6.258294
2018-10-21 13:30:00,-0.78839254,-6.3840046
2018-10-21 14:00:00,0.51800156,-5.892641
2018-10-21 14:30:00,1.8244001,-5.700932
2018-10-21 15:00:00,-1.3372868,-5.111377
2018-10-21 15:30:00,0.15438487,-4.326092
2018-10-21 16:00:00,1.062225,-3.740626
2018-10-21 16:30:00,10.1350565,-2.9482458
2018-10-21 17:00:00,19.207886,-2.1344123
2018-10-21 17:30:00,28.280712,-1.190809
2018-10-21 18:00:00,23.532022,-0.37401286
2018-10-21 18:30:00,18.783335,0.28016514
2018-10-21 19:00:00,14.034642,0.80764526
2018-10-21 19:30:00,9.285953,1.2878273
2018-10-21 20:00:00,4.5372596,1.716285
2018-10-21 20:30:00,3.3642569,2.033626
2018-10-21 21:00:00,2.19125,2.267508
2018-10-21 21:30:00,2.6346247,2.4259408
2018-10-21 22:00:00,3.0779996,2.4881165
2018-10-21 22:30:00,3.5213785,2.5054147
2018-10-21 23:00:00,2.8972003,2.4372137
2018-10-21 23:30:00,2.9337676,2.3769124
2018-10-22 00:00:00,3.200057,2.292383
2018-10-22 00:30:00,4.606561,2.2211537
2018-10-22 01:00:00,-24.000635,2.161805
2018-10-22 01:30:00,-11.018504,2.1567366
2018-10-22 02:00:00,1.9636247,2.147386
2018-10-22 02:30:00,2.6609194,2.132976
2018-10-22 03:00:00,2.650031,2.0995376
2018-10-22 03:30:00,2.6391428,2.0910697
2018-10-22 04:00:00,2.6282544,2.0583389
2018-10-22 04:30:00,2.6173615,1.9198003
2018-10-22 05:00:00,3.4478686,1.7246785
2018-10-22 05:30:00,3.8168423,1.4621596
2018-10-22 06:00:00,4.185816,1.1689812
2018-10-22 06:30:00,4.554785,0.7808131
2018-10-22 07:00:00,4.923758,0.3067788
2018-10-22 07:30:00,25.575329,-0.22526294
2018-10-22 08:00:00,19.156437,-0.8674602
2018-10-22 08:30:00,6.391621,-1.6343935
2018-10-22 09:00:00,-0.7872478,-2.3073595
2018-10-22 09:30:00,-3.4913638,-2.9240835
2018-10-22 10:00:00,-6.1954846,-3.6366096
2018-10-22 10:30:00,-6.3959413,-3.8940206
2018-10-22 11:00:00,-4.480767,-4.2916393
2018-10-22 11:30:00,-7.3191876,-4.3846498
2018-10-22 12:00:00,-7.1485605,-4.614023
2018-10-22 12:30:00,-7.2509255,-4.463136
2018-10-22 13:00:00,-6.369284,-4.0232
2018-10-22 13:30:00,-7.149614,-3.607619
2018-10-22 14:00:00,-2.2092679,-3.1503892
2018-10-22 14:30:00,-4.232723,-2.6146379
2018-10-22 15:00:00,-4.5545387,-2.29426
2018-10-22 15:30:00,-5.3309536,-1.8586237
2018-10-22 16:00:00,-4.1873565,-1.4373448
2018-10-22 16:30:00,-0.60967773,-0.438583
2018-10-22 17:00:00,0.43456456,0.7947251
2018-10-22 17:30:00,-0.7162766,1.9038478
2018-10-22 18:00:00,3.5605452,2.299824
2018-10-22 18:30:00,-10.911245,2.3513734
2018-10-22 19:00:00,-4.512663,2.2996361
2018-10-22 19:30:00,1.8859247,2.24834
2018-10-22 20:00:00,1.6766726,2.2136648
2018-10-22 20:30:00,6.6900125,2.3247335
2018-10-22 21:00:00,11.703348,2.4818463
2018-10-22 21:30:00,2.1851025,2.709179
2018-10-22 22:00:00,3.7413313,2.9088883
2018-10-22 22:30:00,3.5708308,3.0528889
2018-10-22 23:00:00,2.596262,3.096058
2018-10-22 23:30:00,4.68351,3.1041586
2018-10-23 00:00:00,4.480043,3.0979323
2018-10-23 00:30:00,4.27658,3.1330183
2018-10-23 01:00:00,4.0731173,1.9247289
2018-10-23 01:30:00,3.8696501,1.8280877
2018-10-23 02:00:00,3.6661873,2.250826
2018-10-23 02:30:00,3.4627202,2.414078
2018-10-23 03:00:00,3.2592573,2.4633815
2018-10-23 03:30:00,3.0557902,2.4512303
2018-10-23 04:00:00,2.8523273,2.3649795
2018-10-23 04:30:00,2.6488645,2.1958203
2018-10-23 05:00:00,2.4453974,1.9793588
2018-10-23 05:30:00,2.2419343,1.6854506
2018-10-23 06:00:00,3.5986547,1.3088875
2018-10-23 06:30:00,4.588778,0.87984425
2018-10-23 07:00:00,5.5788975,0.37619016
2018-10-23 07:30:00,2.269164,0.866946
2018-10-23 08:00:00,0.12904267,0.46947998
2018-10-23 08:30:00,-2.0110788,-0.6638226
2018-10-23 09:00:00,-2.808877,-1.9963672
2018-10-23 09:30:00,-5.272483,-3.2573943
2018-10-23 10:00:00,-6.584068,-4.2993603
2018-10-23 10:30:00,-8.963918,-4.9040165
2018-10-23 11:00:00,-4.6818175,-5.167496
2018-10-23 11:30:00,-10.792164,-5.7422657
2018-10-23 12:00:00,-12.713792,-5.845129
2018-10-23 12:30:00,-10.248539,-5.828001
2018-10-23 13:00:00,-9.910168,-5.589055
2018-10-23 13:30:00,-9.914345,-5.558037
2018-10-23 14:00:00,-8.141311,-4.598337
2018-10-23 14:30:00,-6.858139,-4.1746593
2018-10-23 15:00:00,-5.1203074,-3.888371
2018-10-23 15:30:00,-3.5434728,-3.6934242
2018-10-23 16:00:00,-1.8650947,-2.9930754
2018-10-23 16:30:00,-0.22720292,-2.0367837
2018-10-23 17:00:00,0.33084074,-1.1200563
2018-10-23 17:30:00,0.8888844,-0.25125617
2018-10-23 18:00:00,-3.3279111,0.754667
2018-10-23 18:30:00,-14.108608,0.7293335
2018-10-23 19:00:00,9.516383,1.0431004
2018-10-23 19:30:00,-10.152182,1.503214
2018-10-23 20:00:00,14.124366,1.816308
2018-10-23 20:30:00,7.532662,2.2012253
2018-10-23 21:00:00,0.9409539,2.4897375
2018-10-23 21:30:00,-10.435987,2.331056
2018-10-23 22:00:00,1.0034661,2.342154
2018-10-23 22:30:00,-3.6295006,2.389011
2018-10-23 23:00:00,-8.262467,2.3570623
2018-10-23 23:30:00,-12.895434,2.4267664
2018-10-24 00:00:00,-6.419348,2.4867444
2018-10-24 00:30:00,0.056738794,2.5556533
2018-10-24 01:00:00,6.5328255,2.5424361
2018-10-24 01:30:00,5.1735883,2.5152237
2018-10-24 02:00:00,6.9149857,2.4744053
2018-10-24 02:30:00,3.8762128,2.410718
2018-10-24 03:00:00,0.8374398,2.1395388
2018-10-24 03:30:00,-2.201333,1.834266
2018-10-24 04:00:00,9.718343,1.8001589
2018-10-24 04:30:00,8.359079,1.530671
2018-10-24 05:00:00,-2.456118,0.86605024
2018-10-24 05:30:00,-1.7717568,0.54358405
2018-10-24 06:00:00,-1.0873998,0.18278997
2018-10-24 06:30:00,-0.4030384,-0.20271714
2018-10-24 07:00:00,0.28132302,-0.71147466
2018-10-24 07:30:00,0.96568435,-1.3633937
2018-10-24 08:00:00,1.6500458,-2.3383818
2018-10-24 08:30:00,-0.5999341,-3.2359889
2018-10-24 09:00:00,-2.8499138,-3.927293
2018-10-24 09:30:00,-7.252293,-4.6937504
2018-10-24 10:00:00,-8.065773,-5.2798276
2018-10-24 10:30:00,-13.303478,-6.063845
2018-10-24 11:00:00,-14.410176,-5.965334
2018-10-24 11:30:00,-7.1237864,-6.356307
2018-10-24 12:00:00,-10.801536,-6.584391
2018-10-24 12:30:00,-8.947406,-6.798904
2018-10-24 13:00:00,-10.052796,-6.779172
2018-10-24 13:30:00,-8.686268,-6.8452716
2018-10-24 14:00:00,-6.8041296,-6.6305795
2018-10-24 14:30:00,-6.409373,-5.9189577
2018-10-24 15:00:00,-5.1131988,-5.188159
2018-10-24 15:30:00,-2.9695158,-4.3687367
2018-10-24 16:00:00,-1.4350902,-3.3637528
2018-10-24 16:30:00,-0.13475639,-2.1979337
2018-10-24 17:00:00,0.9353655,-1.1479458
2018-10-24 17:30:00,1.0309886,0.0064957226
2018-10-24 18:00:00,2.1214323,0.8104853
2018-10-24 18:30:00,2.946714,0.9547217
2018-10-24 19:00:00,4.2363076,2.146001
2018-10-24 19:30:00,5.5259013,2.010818
2018-10-24 20:00:00,1.1582675,2.7799318
2018-10-24 20:30:00,2.4315553,2.8200552
2018-10-24 21:00:00,3.7048428,2.5964935
2018-10-24 21:30:00,3.979386,2.1443844
2018-10-24 22:00:00,3.900642,2.2522504
2018-10-24 22:30:00,2.7991,2.0284963
2018-10-24 23:00:00,3.186949,1.7670349
2018-10-24 23:30:00,4.3460526,1.3948019
2018-10-25 00:00:00,4.867424,1.3840358
2018-10-25 00:30:00,3.8242831,1.5230508
2018-10-25 01:00:00,3.3510485,1.8836614
2018-10-25 01:30:00,2.557213,2.089309
2018-10-25 02:00:00,2.3831124,2.324336
2018-10-25 02:30:00,2.348516,2.3673303
2018-10-25 03:00:00,2.440071,2.2764084
2018-10-25 03:30:00,2.760309,2.028527
2018-10-25 04:00:00,4.162868,2.396548
2018-10-25 04:30:00,2.6043584,2.3137708
2018-10-25 05:00:00,1.0458487,1.5890454
2018-10-25 05:30:00,2.6759632,0.9884705
2018-10-25 06:00:00,1.7811741,0.5015772
2018-10-25 06:30:00,1.4224336,-0.07470414
2018-10-25 07:00:00,3.2214582,-0.6935429
2018-10-25 07:30:00,5.020478,-1.4786001
2018-10-25 08:00:00,6.8195024,-2.1839561
2018-10-25 08:30:00,8.618526,-2.9050767
2018-10-25 09:00:00,10.417551,-4.00699
2018-10-25 09:30:00,12.216576,-5.205728
2018-10-25 10:00:00,14.0156,-5.915991
2018-10-25 10:30:00,15.81462,-6.7588983
2018-10-25 11:00:00,17.613646,-7.548386
2018-10-25 11:30:00,19.412668,-7.091047
2018-10-25 12:00:00,21.211693,-7.8074617
2018-10-25 12:30:00,-5.6980567,-7.7155046
2018-10-25 13:00:00,-32.60781,-7.6242814
2018-10-25 13:30:00,-15.778473,-7.3218446
2018-10-25 14:00:00,1.0508647,-6.6666965
2018-10-25 14:30:00,3.270408,-5.860509
2018-10-25 15:00:00,5.588986,-4.874663
2018-10-25 15:30:00,5.734734,-3.6434608
2018-10-25 16:00:00,1.6857827,-2.383941
2018-10-25 16:30:00,1.9594345,-1.070119
2018-10-25 17:00:00,1.9988548,0.22795148
2018-10-25 17:30:00,2.3083572,1.3921453
2018-10-25 18:00:00,2.6942751,2.2822065
2018-10-25 18:30:00,3.0801928,2.907853
2018-10-25 19:00:00,1.7566926,3.38994
2018-10-25 19:30:00,2.3455186,3.5329485
2018-10-25 20:00:00,3.6685686,3.3536
2018-10-25 20:30:00,10.220398,3.2122037
2018-10-25 21:00:00,16.772226,3.0114543
2018-10-25 21:30:00,3.221008,2.8152227
2018-10-25 22:00:00,1.2417438,2.6058002
2018-10-25 22:30:00,2.5683112,2.405112
2018-10-25 23:00:00,2.5166352,2.2525737
2018-10-25 23:30:00,2.4924421,2.1675594
2018-10-26 00:00:00,2.6439228,2.1210566
2018-10-26 00:30:00,2.9184356,2.0477476
2018-10-26 01:00:00,3.1382265,2.0171404
2018-10-26 01:30:00,3.2902403,2.0413465
2018-10-26 02:00:00,7.089733,2.1035223
2018-10-26 02:30:00,10.889226,2.1690538
2018-10-26 03:00:00,-19.240252,2.2070365
2018-10-26 03:30:00,3.1584477,2.168359
2018-10-26 04:00:00,10.494766,2.144332
2018-10-26 04:30:00,2.7963736,1.9217446
2018-10-26 05:00:00,2.2809658,1.5543265
2018-10-26 05:30:00,2.3577397,1.2209806
2018-10-26 06:00:00,2.3033412,0.7511977
2018-10-26 06:30:00,2.9326708,0.1887978
2018-10-26 07:00:00,2.2733018,-0.32532963
2018-10-26 07:30:00,1.441733,-0.8147091
2018-10-26 08:00:00,0.4761913,-1.2212284
2018-10-26 08:30:00,-1.4795439,-1.5404395
2018-10-26 09:00:00,-2.3515685,-1.8149346
2018-10-26 09:30:00,-3.2688682,-1.9826082
2018-10-26 10:00:00,-3.8771725,-2.18736
2018-10-26 10:30:00,-6.562881,-2.2473948
2018-10-26 11:00:00,-6.5212717,-2.3063807
2018-10-26 11:30:00,-5.103516,-2.4100432
2018-10-26 12:00:00,-7.718607,-2.4368317
2018-10-26 12:30:00,-7.898261,-3.8631206
2018-10-26 13:00:00,-7.907188,-5.994355
2018-10-26 13:30:00,-7.7227316,-6.2607145
2018-10-26 14:00:00,-7.3317146,-5.177651
2018-10-26 14:30:00,-6.474297,-4.191394
2018-10-26 15:00:00,-5.738591,-3.1627412
2018-10-26 15:30:00,-3.6863675,-2.1721022
2018-10-26 16:00:00,-2.459028,-1.5050085
2018-10-26 16:30:00,-0.55735487,-0.79204094
2018-10-26 17:00:00,0.2655497,-0.107286334
2018-10-26 17:30:00,0.25060654,0.53418124
2018-10-26 18:00:00,0.235659,1.1345026
2018-10-26 18:30:00,-9.522241,1.6703064
2018-10-26 19:00:00,-4.118806,2.0097213
2018-10-26 19:30:00,1.2846246,2.3633893
2018-10-26 20:00:00,-0.6156419,2.6571138
2018-10-26 20:30:00,-2.5159125,3.1951852
2018-10-26 21:00:00,-2.2972226,3.8220417
2018-10-26 21:30:00,-0.23274325,3.5568357
2018-10-26 22:00:00,1.8317361,3.39853
2018-10-26 22:30:00,4.0546656,3.3815246
2018-10-26 23:00:00,0.64520186,3.3438172
2018-10-26 23:30:00,9.947419,3.2897508
2018-10-27 00:00:00,1.4352314,3.2317348
2018-10-27 00:30:00,4.9810357,3.2232845
2018-10-27 01:00:00,5.7844224,3.1917903
2018-10-27 01:30:00,6.587809,3.1204302
2018-10-27 02:00:00,7.8260283,3.2157474
2018-10-27 02:30:00,-2.762125,3.3485012
2018-10-27 03:00:00,0.42748624,1.8410603
2018-10-27 03:30:00,-0.888586,2.0384278
2018-10-27 04:00:00,7.868245,2.2952142
2018-10-27 04:30:00,16.625076,1.7868062
2018-10-27 05:00:00,5.281625,1.2562807
2018-10-27 05:30:00,-2.5715735,0.7827619
2018-10-27 06:00:00,-6.684825,0.21778403
2018-10-27 06:30:00,-10.7980795,-0.30041566
2018-10-27 07:00:00,-9.249501,-0.89616674
2018-10-27 07:30:00,-7.7009244,-1.6593947
2018-10-27 08:00:00,-6.1523504,-2.478856
2018-10-27 08:30:00,-4.6037726,-3.349937
2018-10-27 09:00:00,-3.0551941,-4.043461
2018-10-27 09:30:00,-3.9762473,-4.515634
2018-10-27 10:00:00,-4.2490296,-4.950978
2018-10-27 10:30:00,-7.520261,-5.267515
2018-10-27 11:00:00,-6.6464705,-5.2835374
2018-10-27 11:30:00,-7.2973676,-5.3051305
2018-10-27 12:00:00,-7.9204183,-5.3039336
2018-10-27 12:30:00,-8.328383,-5.287216
2018-10-27 13:00:00,-8.613592,-5.2308693
2018-10-27 13:30:00,-8.016521,-5.0467887
2018-10-27 14:00:00,-6.868036,-4.7699475
2018-10-27 14:30:00,-6.1640606,-4.3003955
2018-10-27 15:00:00,-4.3878393,-3.7557747
2018-10-27 15:30:00,-2.6073759,-3.0342696
2018-10-27 16:00:00,-1.2181567,-2.220471
2018-10-27 16:30:00,-0.6479269,-1.3496914
2018-10-27 17:00:00,0.47737977,-0.4281228
2018-10-27 17:30:00,1.0635052,0.3622607
2018-10-27 18:00:00,1.219045,1.1656736
2018-10-27 18:30:00,-1.0489714,1.3281738
2018-10-27 19:00:00,-3.3169878,1.5759374
2018-10-27 19:30:00,-2.8986537,1.792849
2018-10-27 20:00:00,-2.4803154,1.7803483
2018-10-27 20:30:00,-2.0619774,1.523514
2018-10-27 21:00:00,-1.643639,1.4170288
2018-10-27 21:30:00,-1.2253006,1.2943944
2018-10-27 22:00:00,-11.724345,1.223432
2018-10-27 22:30:00,-6.0703993,1.1476107
2018-10-27 23:00:00,-0.4164523,0.91918147
2018-10-27 23:30:00,5.2374945,1.2113681
2018-10-28 00:00:00,1.3485261,0.97607905
2018-10-28 00:30:00,-2.540442,0.8839296
2018-10-28 01:00:00,0.18226127,0.8491016
2018-10-28 01:30:00,2.9049647,0.8885087
2018-10-28 02:00:00,3.4179213,1.0653665
2018-10-28 02:30:00,3.9308734,0.8412499
2018-10-28 03:00:00,3.8713148,0.7987973
2018-10-28 03:30:00,2.734486,0.70043033
2018-10-28 04:00:00,2.6816127,0.92727786
2018-10-28 04:30:00,2.1807067,1.1646774
2018-10-28 05:00:00,2.6489563,0.8460824
2018-10-28 05:30:00,3.1242883,0.37043574
2018-10-28 06:00:00,2.9897125,-0.24366662
2018-10-28 06:30:00,3.2568324,-0.9398864
2018-10-28 07:00:00,3.065844,-1.4129901
2018-10-28 07:30:00,1.4574014,-2.012206
2018-10-28 08:00:00,-0.024836833,-2.612912
2018-10-28 08:30:00,-1.5070752,-2.845243
2018-10-28 09:00:00,-1.8588028,-3.0485616
2018-10-28 09:30:00,-3.9242783,-3.3111284
2018-10-28 10:00:00,-4.597996,-3.6220202
2018-10-28 10:30:00,-4.907245,-3.9975567
2018-10-28 11:00:00,-6.0278373,-4.239076
2018-10-28 11:30:00,-5.6133614,-4.436409
2018-10-28 12:00:00,-3.6229904,-4.6869297
2018-10-28 12:30:00,-4.586719,-4.8306375
2018-10-28 13:00:00,-3.753188,-4.830585
2018-10-28 13:30:00,-4.7522473,-4.819841
2018-10-28 14:00:00,-4.6012907,-4.5989795
2018-10-28 14:30:00,-3.1915395,-4.265629
2018-10-28 15:00:00,-2.919395,-3.7218816
2018-10-28 15:30:00,2.8883612,-2.9856038
2018-10-28 16:00:00,0.7290277,-2.150618
2018-10-28 16:30:00,0.14960043,-1.3219286
2018-10-28 17:00:00,1.5603694,-0.36590773
2018-10-28 17:30:00,1.3520916,0.536864
2018-10-28 18:00:00,2.7675533,1.186393
2018-10-28 18:30:00,2.1391807,1.688828
2018-10-28 19:00:00,0.5086249,1.9213995
2018-10-28 19:30:00,-1.2227095,1.9942319
2018-10-28 20:00:00,-0.31503984,1.831841
2018-10-28 20:30:00,-1.0159261,1.5829545
2018-10-28 21:00:00,-1.7168167,1.3454108
2018-10-28 21:30:00,0.0037561452,1.0486145
2018-10-28 22:00:00,1.724329,0.4954339
2018-10-28 22:30:00,2.6968923,0.30561218
2018-10-28 23:00:00,1.809955,0.3272841
2018-10-28 23:30:00,-0.17235458,0.40698966
2018-10-29 00:00:00,4.5689588,0.33608833
2018-10-29 00:30:00,4.2537937,0.16961202
2018-10-29 01:00:00,1.9367008,0.23551482
2018-10-29 01:30:00,-0.38038772,0.35186604
2018-10-29 02:00:00,1.079746,0.6509082
2018-10-29 02:30:00,2.4511387,0.45000145
2018-10-29 03:00:00,2.713321,0.7390378
2018-10-29 03:30:00,2.6519012,0.8303746
2018-10-29 04:00:00,2.7399871,0.85695326
2018-10-29 04:30:00,1.7164073,0.7340961
2018-10-29 05:00:00,1.8159934,0.57173574
2018-10-29 05:30:00,2.031533,0.3739312
2018-10-29 06:00:00,2.6941178,0.11285862
2018-10-29 06:30:00,2.0819814,-0.2132691
2018-10-29 07:00:00,1.6823046,-0.69086885
2018-10-29 07:30:00,0.51406914,-1.3433034
2018-10-29 08:00:00,-0.18549319,-2.0387847
2018-10-29 08:30:00,-1.7183722,-2.6914203
2018-10-29 09:00:00,-2.8174758,-3.416185
2018-10-29 09:30:00,-3.917733,-4.023733
2018-10-29 10:00:00,-4.218899,-4.4594007
2018-10-29 10:30:00,-5.1234884,-4.748564
2018-10-29 11:00:00,-5.453985,-4.867462
2018-10-29 11:30:00,-6.1850986,-4.8467383
2018-10-29 12:00:00,-5.7782083,-4.5786047
2018-10-29 12:30:00,-5.727987,-4.2654543
2018-10-29 13:00:00,-4.5576406,-3.7876315
2018-10-29 13:30:00,-3.9390335,-3.399612
2018-10-29 14:00:00,-2.9596717,-2.9480798
2018-10-29 14:30:00,-3.6435611,-2.327559
2018-10-29 15:00:00,-3.3231223,-1.6808482
2018-10-29 15:30:00,2.9478543,-0.7402599
2018-10-29 16:00:00,9.218831,-0.02617822
2018-10-29 16:30:00,1.5584949,0.6392246
2018-10-29 17:00:00,0.88257074,1.4417155
2018-10-29 17:30:00,0.15006796,2.1359603
2018-10-29 18:00:00,1.1200533,2.6868122
2018-10-29 18:30:00,-0.3588993,2.9015348
2018-10-29 19:00:00,-0.7715138,2.839643
2018-10-29 19:30:00,-1.0123432,2.6148098
2018-10-29 20:00:00,-1.2531726,2.2799609
2018-10-29 20:30:00,19.686491,1.8158011
2018-10-29 21:00:00,-5.6070175,1.4297566
2018-10-29 21:30:00,1.7252771,1.1656648
2018-10-29 22:00:00,2.0102456,0.8187871
2018-10-29 22:30:00,2.29521,0.60827655
2018-10-29 23:00:00,2.5801785,0.4367099
2018-10-29 23:30:00,-4.9855003,0.38116246
2018-10-30 00:00:00,-4.3530245,0.44069475
2018-10-30 00:30:00,-3.720549,0.43251535
2018-10-30 01:00:00,-3.0880735,0.42228234
2018-10-30 01:30:00,1.6463231,0.45992422
2018-10-30 02:00:00,6.380724,0.43645212
2018-10-30 02:30:00,9.746049,0.56231105
2018-10-30 03:00:00,13.111378,0.5955093
2018-10-30 03:30:00,6.96314,0.5498497
2018-10-30 04:00:00,0.8149071,0.50383174
2018-10-30 04:30:00,-5.3333306,0.32212827
2018-10-30 05:00:00,1.9461955,0.21530661
2018-10-30 05:30:00,9.225721,0.14438781
2018-10-30 06:00:00,-3.7635214,0.027241362
2018-10-30 06:30:00,1.9634413,-0.14321543
2018-10-30 07:00:00,1.9835052,-0.36140293
2018-10-30 07:30:00,2.0035648,-0.59444183
2018-10-30 08:00:00,3.3814023,-0.99392647
2018-10-30 08:30:00,4.759239,-1.4294537
2018-10-30 09:00:00,-0.8908143,-1.907639
2018-10-30 09:30:00,-1.6623921,-2.2394338
2018-10-30 10:00:00,-2.53294,-2.571364
2018-10-30 10:30:00,-2.7227178,-2.8779955
2018-10-30 11:00:00,-2.2037187,-3.1007009
2018-10-30 11:30:00,-2.4768593,-3.3460832
2018-10-30 12:00:00,-3.0319755,-3.5651622
2018-10-30 12:30:00,-3.406437,-3.7187881
2018-10-30 13:00:00,-3.772151,-3.6449726
2018-10-30 13:30:00,-1.1663494,-3.4742885
2018-10-30 14:00:00,-1.2097938,-3.075538
2018-10-30 14:30:00,-1.1486886,-2.608451
2018-10-30 15:00:00,-2.7752156,-2.044408
2018-10-30 15:30:00,-2.6969912,-1.0891345
2018-10-30 16:00:00,-0.6391402,0.1955266
2018-10-30 16:30:00,1.418711,0.8407867
2018-10-30 17:00:00,1.6802554,1.4424714
2018-10-30 17:30:00,1.9417999,2.1241064
2018-10-30 18:00:00,3.0347517,2.7331579
2018-10-30 18:30:00,1.1724329,2.7935684
2018-10-30 19:00:00,-0.68988574,2.5912635
2018-10-30 19:30:00,-2.5522044,2.3587663
2018-10-30 20:00:00,-0.25552937,2.009481
2018-10-30 20:30:00,2.04115,2.3100657
2018-10-30 21:00:00,4.3378253,1.4158883
2018-10-30 21:30:00,2.3150947,1.1678451
2018-10-30 22:00:00,2.4069297,0.915
2018-10-30 22:30:00,2.2899272,0.64487416
2018-10-30 23:00:00,1.9519149,0.56205326
2018-10-30 23:30:00,1.613907,0.16612966
2018-10-31 00:00:00,1.2758946,-0.05124077
2018-10-31 00:30:00,-4.2766047,0.015046527
2018-10-31 01:00:00,4.3202124,0.04432549
2018-10-31 01:30:00,13.272493,0.25570554
2018-10-31 02:00:00,8.214746,0.60056466
2018-10-31 02:30:00,3.1569972,0.94406927
2018-10-31 03:00:00,-1.9007485,0.995846
2018-10-31 03:30:00,-0.7662138,1.0353535
2018-10-31 04:00:00,-5.1114335,0.6807858
2018-10-31 04:30:00,-1.1476749,0.066714
2018-10-31 05:00:00,2.8160837,0.1655529
2018-10-31 05:30:00,4.1650524,0.07567115
2018-10-31 06:00:00,11.363501,-0.43953553
2018-10-31 06:30:00,8.964238,-0.57661927
2018-10-31 07:00:00,6.564975,-0.7610274
2018-10-31 07:30:00,4.1657124,-1.1428686
2018-10-31 08:00:00,1.766445,-1.7039183
2018-10-31 08:30:00,1.7740695,-1.8914636
2018-10-31 09:00:00,1.0484484,-2.288283
2018-10-31 09:30:00,4.8319187,-2.5802467
2018-10-31 10:00:00,16.176117,-2.9234192
2018-10-31 10:30:00,1.9545933,-3.0948985
2018-10-31 11:00:00,8.240041,-3.0716405
2018-10-31 11:30:00,-2.4890149,-3.0505366
2018-10-31 12:00:00,3.6290915,-3.0524633
2018-10-31 12:30:00,-7.3099904,-3.0493045
2018-10-31 13:00:00,9.510227,-3.0268023
2018-10-31 13:30:00,-5.7321773,-2.6178799
2018-10-31 14:00:00,-4.7522736,-2.338089
2018-10-31 14:30:00,-1.4032902,-2.12213
2018-10-31 15:00:00,-0.7824546,-1.818299
2018-10-31 15:30:00,-0.6413249,-1.4282042
2018-10-31 16:00:00,-2.262539,-0.74091095
2018-10-31 16:30:00,12.461988,-0.037066624
2018-10-31 17:00:00,29.906597,0.55438507
2018-10-31 17:30:00,4.385923,1.0975468
2018-10-31 18:00:00,4.365011,1.5059798
2018-10-31 18:30:00,4.3440995,1.7656978
2018-10-31 19:00:00,4.3231835,1.8501267
2018-10-31 19:30:00,7.227376,1.5856198
2018-10-31 20:00:00,18.73754,1.380086
2018-10-31 20:30:00,30.74724,1.3083588
2018-10-31 21:00:00,15.469075,1.3645879
2018-10-31 21:30:00,9.568531,1.2266608
2018-10-31 22:00:00,25.338808,1.1707944
2018-10-31 22:30:00,22.515482,1.1921562
2018-10-31 23:00:00,15.038472,1.1816566
2018-10-31 23:30:00,6.77223,1.1821984
2018-11-01 00:00:00,4.2844186,1.2128363
2018-11-01 00:30:00,-9.374128,0.9663791
2018-11-01 01:00:00,-6.038708,1.1935062
2018-11-01 01:30:00,-4.9317703,1.6346831
2018-11-01 02:00:00,0.20209809,1.6231961
2018-11-01 02:30:00,0.58023846,1.389078
2018-11-01 03:00:00,0.95837885,1.1171389
2018-11-01 03:30:00,1.4785928,0.97110236
2018-11-01 04:00:00,1.9988067,0.6170327
2018-11-01 04:30:00,-0.69418955,0.5127146
2018-11-01 05:00:00,-1.622583,0.5585403
2018-11-01 05:30:00,0.3790914,0.39682218
2018-11-01 06:00:00,-0.305755,0.5983581
2018-11-01 06:30:00,1.3001008,0.51119846
2018-11-01 07:00:00,1.3666633,0.17915905
2018-11-01 07:30:00,10.193186,-0.22744325
2018-11-01 08:00:00,22.613474,-0.9446097
2018-11-01 08:30:00,-3.6715207,-1.3144702
2018-11-01 09:00:00,5.1443224,-1.6553181
2018-11-01 09:30:00,14.291092,-1.7568792
2018-11-01 10:00:00,23.437859,-1.3360896
2018-11-01 10:30:00,-6.6592946,-2.0053463
2018-11-01 11:00:00,-36.756443,-2.0325017
2018-11-01 11:30:00,-3.9952278,-2.6327662
2018-11-01 12:00:00,-2.0555108,-2.6965718
2018-11-01 12:30:00,-1.7415996,-3.3064358
2018-11-01 13:00:00,-1.8995514,-2.6390667
2018-11-01 13:30:00,-1.640423,-3.0807855
2018-11-01 14:00:00,-1.9620723,-3.144119
2018-11-01 14:30:00,-0.93726045,-2.911325
2018-11-01 15:00:00,-0.6295014,-2.5508192
2018-11-01 15:30:00,0.30547673,-2.1766157
2018-11-01 16:00:00,1.2262982,-1.8461361
2018-11-01 16:30:00,1.355421,-0.7099891
2018-11-01 17:00:00,1.0968432,0.85336167
2018-11-01 17:30:00,2.0846643,0.82337487
2018-11-01 18:00:00,1.299489,1.1810405
2018-11-01 18:30:00,0.95499694,1.4260689
2018-11-01 19:00:00,1.8248413,1.6302919
2018-11-01 19:30:00,2.6719608,1.7161058
2018-11-01 20:00:00,1.9833043,2.076026
2018-11-01 20:30:00,2.0078511,2.4011009
2018-11-01 21:00:00,2.0319045,1.8301282
2018-11-01 21:30:00,1.1689374,1.4412392
2018-11-01 22:00:00,0.27575645,1.7951998
2018-11-01 22:30:00,1.6663346,1.7376729
2018-11-01 23:00:00,4.5750194,1.5223911
2018-11-01 23:30:00,1.8472517,1.2582774
2018-11-02 00:00:00,2.65184,1.1617498
2018-11-02 00:30:00,2.362371,0.658122
2018-11-02 01:00:00,2.225095,0.57496905
2018-11-02 01:30:00,2.9948466,0.52375597
2018-11-02 02:00:00,2.0524883,0.656383
2018-11-02 02:30:00,1.5804858,0.739785
2018-11-02 03:00:00,1.690838,0.715439
2018-11-02 03:30:00,0.94648546,0.7745213
2018-11-02 04:00:00,1.2101666,0.8541307
2018-11-02 04:30:00,1.2315981,0.720857
2018-11-02 05:00:00,3.1999784,0.5971085
2018-11-02 05:30:00,3.266362,0.523721
2018-11-02 06:00:00,2.193426,0.38701302
2018-11-02 06:30:00,-1.8019708,0.34917888
2018-11-02 07:00:00,2.4202912,0.15583986
2018-11-02 07:30:00,0.91733325,0.21031682
2018-11-02 08:00:00,1.4135114,0.7858466
2018-11-02 08:30:00,0.31301382,-0.44975105
2018-11-02 09:00:00,-0.7874794,-0.7276412
2018-11-02 09:30:00,-0.2445536,-0.6206185
2018-11-02 10:00:00,0.8201503,-0.33596462
2018-11-02 10:30:00,-1.3627601,-1.9306523
2018-11-02 11:00:00,-0.60553557,-4.2689757
2018-11-02 11:30:00,-0.6187703,-3.9482179
2018-11-02 12:00:00,-0.9401005,-3.6929567
2018-11-02 12:30:00,-2.4090865,-3.7182071
2018-11-02 13:00:00,-0.2904754,-3.7787094
2018-11-02 13:30:00,-1.8743752,-3.6873944
2018-11-02 14:00:00,-1.4427847,-3.5572362
2018-11-02 14:30:00,-1.3855331,-3.2502723
2018-11-02 15:00:00,-0.8526787,-2.8310382
2018-11-02 15:30:00,-0.011335564,-2.297974
2018-11-02 16:00:00,1.3685902,-1.6495113
2018-11-02 16:30:00,3.6223016,-1.0246167
2018-11-02 17:00:00,1.8255754,-0.34803274
2018-11-02 17:30:00,1.3694422,0.3888569
2018-11-02 18:00:00,2.9965987,0.89063215
2018-11-02 18:30:00,2.5189202,1.1741632
2018-11-02 19:00:00,0.80297005,1.345638
2018-11-02 19:30:00,4.0517206,1.4313339
2018-11-02 20:00:00,2.7256339,1.4085479
2018-11-02 20:30:00,0.56706923,1.3497976
2018-11-02 21:00:00,1.1472349,1.2853411
2018-11-02 21:30:00,2.9083424,1.1754259
2018-11-02 22:00:00,3.4416642,1.0561341
2018-11-02 22:30:00,1.1695842,1.00725
2018-11-02 23:00:00,1.2897717,0.9759043
2018-11-02 23:30:00,5.356965,0.83136207
2018-11-03 00:00:00,2.9233773,0.814575
2018-11-03 00:30:00,3.7288785,0.81712234
2018-11-03 01:00:00,2.4456594,0.83801657
2018-11-03 01:30:00,2.264406,0.88976705
2018-11-03 02:00:00,1.2117308,0.88034236
2018-11-03 02:30:00,3.073556,0.8851705
2018-11-03 03:00:00,2.8436453,0.9245339
2018-11-03 03:30:00,3.5558746,0.889033
2018-11-03 04:00:00,3.0767019,0.844789
2018-11-03 04:30:00,3.1584697,0.8001518
2018-11-03 05:00:00,2.6385877,0.753295
2018-11-03 05:30:00,4.132942,0.6747517
2018-11-03 06:00:00,1.912984,0.46565244
2018-11-03 06:30:00,3.5016553,0.11531857
2018-11-03 07:00:00,2.7963386,0.019424608
2018-11-03 07:30:00,3.06757,-0.41413215
2018-11-03 08:00:00,3.1365225,-0.9239995
2018-11-03 08:30:00,2.1716797,-1.2754694
2018-11-03 09:00:00,1.2068415,-1.7099918
2018-11-03 09:30:00,0.62298375,-2.073154
2018-11-03 10:00:00,0.52696306,-2.4031484
2018-11-03 10:30:00,-1.0749778,-2.8381777
2018-11-03 11:00:00,-0.67087036,-3.0764248
2018-11-03 11:30:00,-1.5803927,-3.2125473
2018-11-03 12:00:00,-1.815389,-3.3353171
2018-11-03 12:30:00,-1.7406908,-3.4865096
2018-11-03 13:00:00,-1.6985266,-3.393438
2018-11-03 13:30:00,-1.3250177,-3.3843849
2018-11-03 14:00:00,-0.89612746,-3.2842789
2018-11-03 14:30:00,0.6195407,-3.1099334
2018-11-03 15:00:00,1.8179595,-2.8213513
2018-11-03 15:30:00,2.1623816,-2.4505165
2018-11-03 16:00:00,3.133818,-1.9456042
2018-11-03 16:30:00,4.2962947,-1.3441643
2018-11-03 17:00:00,5.4587665,-0.8031522
2018-11-03 17:30:00,3.466373,-0.23593724
2018-11-03 18:00:00,4.50026,0.29495534
2018-11-03 18:30:00,4.567373,0.6644619
2018-11-03 19:00:00,5.1685896,0.9276187
2018-11-03 19:30:00,5.5619617,1.2262938
2018-11-03 20:00:00,4.1291714,1.3244991
2018-11-03 20:30:00,4.5502625,1.3986993
2018-11-03 21:00:00,3.9421332,1.3470318
2018-11-03 21:30:00,1.9396589,1.3549185
2018-11-03 22:00:00,3.4714632,1.3463371
2018-11-03 22:30:00,0.39951807,1.2463316
2018-11-03 23:00:00,4.616969,1.1788515
2018-11-03 23:30:00,2.8077075,1.3042735
2018-11-04 00:00:00,2.339668,1.2463971
2018-11-04 00:30:00,3.5033026,1.2256035
2018-11-04 01:00:00,3.0070808,1.2467074
2018-11-04 01:30:00,2.1662705,1.2505786
2018-11-04 02:00:00,19.798166,1.2102103
2018-11-04 02:30:00,18.987387,1.3194307
2018-11-04 03:00:00,18.176603,1.251588
2018-11-04 03:30:00,17.365824,1.3113213
2018-11-04 04:00:00,16.55504,1.2568005
2018-11-04 04:30:00,15.744261,1.1405237
2018-11-04 05:00:00,14.933476,0.9932549
2018-11-04 05:30:00,14.122697,0.9322589
2018-11-04 06:00:00,13.311917,0.6560116
2018-11-04 06:30:00,12.501134,0.48589125
2018-11-04 07:00:00,11.690354,0.16209675
2018-11-04 07:30:00,10.87957,-0.12622742
2018-11-04 08:00:00,16.857094,-0.43604442
2018-11-04 08:30:00,7.440836,-1.2525216
2018-11-04 09:00:00,3.1580982,-1.6575596
2018-11-04 09:30:00,4.3777523,-2.1709924
2018-11-04 10:00:00,4.460442,-2.3238842
2018-11-04 10:30:00,4.136049,-3.0988834
2018-11-04 11:00:00,4.4411035,-3.4289565
2018-11-04 11:30:00,4.1488466,-3.5649087
2018-11-04 12:00:00,2.5519133,-3.7349372
2018-11-04 12:30:00,2.1256793,-3.8584018
2018-11-04 13:00:00,5.3180823,-3.887825
2018-11-04 13:30:00,7.3010254,-3.8136554
2018-11-04 14:00:00,7.0027614,-3.590408
2018-11-04 14:30:00,6.704501,-3.2406423
2018-11-04 15:00:00,4.0947585,-2.7493446
2018-11-04 15:30:00,3.804499,-2.2443273
2018-11-04 16:00:00,4.523758,-1.636211
2018-11-04 16:30:00,4.1684346,-0.9958664
2018-11-04 17:00:00,2.071967,-0.27381507
2018-11-04 17:30:00,2.7221253,0.313761
2018-11-04 18:00:00,3.3722835,0.8314538
2018-11-04 18:30:00,4.022446,1.233075
2018-11-04 19:00:00,4.672604,1.6030972
2018-11-04 19:30:00,3.1613972,1.7869897
2018-11-04 20:00:00,4.2690606,1.8859247
2018-11-04 20:30:00,3.8903039,2.0116525
2018-11-04 21:00:00,3.511543,2.0656707
2018-11-04 21:30:00,4.7977333,2.101272
2018-11-04 22:00:00,3.8256595,2.1707273
2018-11-04 22:30:00,4.206631,2.1049511
2018-11-04 23:00:00,4.6827188,2.2004125
2018-11-04 23:30:00,4.4062667,2.1397574
2018-11-05 00:00:00,2.3230338,2.0830564
2018-11-05 00:30:00,2.9050958,2.120187
2018-11-05 01:00:00,1.6941411,2.082746
2018-11-05 01:30:00,4.514102,2.0421636
2018-11-05 02:00:00,7.3340664,2.7837768
2018-11-05 02:30:00,6.3374763,3.0130491
2018-11-05 03:00:00,5.0566955,3.1356442
2018-11-05 03:30:00,5.7258515,3.122523
2018-11-05 04:00:00,7.3266563,3.0003037
2018-11-05 04:30:00,5.919326,2.7729537
2018-11-05 05:00:00,4.993908,2.4900346
2018-11-05 05:30:00,6.4636235,2.1132135
2018-11-05 06:00:00,5.1296544,1.6169654
2018-11-05 06:30:00,3.8606143,1.0312071
2018-11-05 07:00:00,4.5521197,0.46996936
2018-11-05 07:30:00,5.2814455,-0.108050965
2018-11-05 08:00:00,5.3312693,-0.3546654
2018-11-05 08:30:00,16.093962,-1.1460233
2018-11-05 09:00:00,26.856655,-1.885989
2018-11-05 09:30:00,37.619354,-2.3245485
2018-11-05 10:00:00,32.648247,-2.6893098
2018-11-05 10:30:00,27.67714,-3.0108848
2018-11-05 11:00:00,22.706038,-3.2435958
2018-11-05 11:30:00,17.734934,-3.4315476
2018-11-05 12:00:00,12.763832,-3.660606
2018-11-05 12:30:00,7.792725,-3.698842
2018-11-05 13:00:00,2.821624,-3.228714
2018-11-05 13:30:00,-2.149482,-3.1784797
2018-11-05 14:00:00,14.480206,-2.9087164
2018-11-05 14:30:00,31.109888,-2.6095345
2018-11-05 15:00:00,47.73957,-2.4506433
2018-11-05 15:30:00,8.441,-1.9776534
2018-11-05 16:00:00,6.238222,-1.4976592
2018-11-05 16:30:00,4.438639,-0.96189916
2018-11-05 17:00:00,5.9810734,-0.48559713
2018-11-05 17:30:00,5.696996,0.1320444
2018-11-05 18:00:00,4.5913253,0.7252875
2018-11-05 18:30:00,7.9308662,1.2133169
2018-11-05 19:00:00,11.270404,1.6103503
2018-11-05 19:30:00,14.609941,1.8779113
2018-11-05 20:00:00,17.949476,2.1192913
2018-11-05 20:30:00,3.8392525,2.2623873
2018-11-05 21:00:00,28.142605,2.3285785
2018-11-05 21:30:00,18.566387,2.4672222
2018-11-05 22:00:00,8.990166,2.5107145
2018-11-05 22:30:00,23.938433,2.553368
2018-11-05 23:00:00,11.860767,2.6055207
2018-11-05 23:30:00,20.14078,2.6144602
2018-11-06 00:00:00,12.992973,2.5550199
2018-11-06 00:30:00,5.8451605,2.5329459
2018-11-06 01:00:00,4.3591914,2.4202998
2018-11-06 01:30:00,5.8710623,2.5920281
2018-11-06 02:00:00,7.382933,2.7608376
2018-11-06 02:30:00,8.894809,2.738934
2018-11-06 03:00:00,10.40668,2.6556282
2018-11-06 03:30:00,11.918551,2.6664512
2018-11-06 04:00:00,13.599211,2.7370028
2018-11-06 04:30:00,14.179564,2.6466362
2018-11-06 05:00:00,14.759918,2.4929488
2018-11-06 05:30:00,15.340271,2.3337038
2018-11-06 06:00:00,15.9206295,2.0061078
2018-11-06 06:30:00,16.500982,1.5969365
2018-11-06 07:00:00,17.081337,1.2126309
2018-11-06 07:30:00,17.66169,0.8144396
2018-11-06 08:00:00,18.242043,0.36978906
2018-11-06 08:30:00,18.822395,0.5605677
2018-11-06 09:00:00,19.40275,0.9055579
2018-11-06 09:30:00,19.983107,1.3471498
2018-11-06 10:00:00,20.563461,0.9330585
2018-11-06 10:30:00,21.143814,0.13372661
2018-11-06 11:00:00,21.724169,-0.8667043
2018-11-06 11:30:00,22.304522,-2.0943716
2018-11-06 12:00:00,22.884874,-3.217476
2018-11-06 12:30:00,23.465233,-4.2050743
2018-11-06 13:00:00,24.045588,-4.9227214
2018-11-06 13:30:00,24.62594,-5.308325
2018-11-06 14:00:00,25.206293,-4.4265604
2018-11-06 14:30:00,25.786648,-3.0171766
2018-11-06 15:00:00,26.367,-1.730414
2018-11-06 15:30:00,26.947355,-2.595832
2018-11-06 16:00:00,27.527708,-2.6238658
2018-11-06 16:30:00,28.10806,-2.2964535
2018-11-06 17:00:00,28.688416,-1.625445
2018-11-06 17:30:00,29.268768,-1.0114038
2018-11-06 18:00:00,29.84913,-0.38760588
2018-11-06 18:30:00,30.429485,0.4664302
2018-11-06 19:00:00,31.009838,1.2657577
2018-11-06 19:30:00,31.59019,1.9438971
2018-11-06 20:00:00,32.170544,2.4683015
2018-11-06 20:30:00,32.7509,2.293698
2018-11-06 21:00:00,32.729794,3.284298
2018-11-06 21:30:00,32.70869,3.20603
2018-11-06 22:00:00,32.687588,2.8936875
2018-11-06 22:30:00,32.666485,3.4179256
2018-11-06 23:00:00,32.64538,3.085445
2018-11-06 23:30:00,32.624275,3.3957906
2018-11-07 00:00:00,32.603172,3.2205405
2018-11-07 00:30:00,32.582066,3.00085
2018-11-07 01:00:00,32.560963,3.0014443
2018-11-07 01:30:00,32.53986,3.1260405
2018-11-07 02:00:00,32.518757,3.2130077
2018-11-07 02:30:00,32.49765,3.2231228
2018-11-07 03:00:00,32.476547,3.138078
2018-11-07 03:30:00,32.455444,3.056227
2018-11-07 04:00:00,32.43434,2.8728545
2018-11-07 04:30:00,32.413235,2.526169
2018-11-07 05:00:00,32.39213,2.049408
2018-11-07 05:30:00,32.37103,1.4271743
2018-11-07 06:00:00,32.349926,0.6955498
2018-11-07 06:30:00,32.32882,-0.29957673
2018-11-07 07:00:00,32.307716,-1.7290683
2018-11-07 07:30:00,32.286613,-3.1673772
2018-11-07 08:00:00,32.265507,-4.802429
2018-11-07 08:30:00,32.244404,-6.5365033
2018-11-07 09:00:00,32.2233,-8.204521
2018-11-07 09:30:00,32.202198,-9.853118
2018-11-07 10:00:00,32.18109,-11.405537
2018-11-07 10:30:00,32.15999,-12.978089
2018-11-07 11:00:00,32.138885,-14.601697
2018-11-07 11:30:00,32.117783,-15.954444
2018-11-07 12:00:00,32.096676,-17.040197
2018-11-07 12:30:00,32.075573,-17.854511
2018-11-07 13:00:00,32.05447,-18.535355
2018-11-07 13:30:00,32.033367,-19.002186
2018-11-07 14:00:00,32.01227,-19.383717
2018-11-07 14:30:00,31.991167,-19.652689
2018-11-07 15:00:00,31.970062,-19.734518
2018-11-07 15:30:00,31.948957,-19.99504
2018-11-07 16:00:00,31.927855,-19.656857
2018-11-07 16:30:00,31.90675,-19.05119
2018-11-07 17:00:00,31.885647,-18.18997
2018-11-07 17:30:00,31.864542,-17.46159
2018-11-07 18:00:00,31.84344,-16.816128
2018-11-07 18:30:00,31.822334,-16.481703
2018-11-07 19:00:00,31.801231,-15.811533
2018-11-07 19:30:00,31.780127,-16.055285
2018-11-07 20:00:00,31.759024,-16.113182
2018-11-07 20:30:00,31.737919,-16.287807
2018-11-07 21:00:00,31.716816,-15.663085
2018-11-07 21:30:00,31.695711,-16.4767
2018-11-07 22:00:00,31.674608,-18.340826
2018-11-07 22:30:00,31.653503,-20.301697
2018-11-07 23:00:00,31.632399,-22.338362
2018-11-07 23:30:00,31.611296,-24.027683
2018-11-08 00:00:00,31.611296,-25.647894
2018-11-08 00:30:00,31.611296,-26.42765
2018-11-08 01:00:00,31.611296,-26.46206
2018-11-08 01:30:00,31.611296,-27.474934
2018-11-08 02:00:00,31.611296,-28.122662
2018-11-08 02:30:00,31.611296,-28.346487
2018-11-08 03:00:00,31.611296,-28.47396
2018-11-08 03:30:00,31.611296,-28.60441
2018-11-08 04:00:00,31.611296,-28.895813
2018-11-08 04:30:00,31.611296,-29.222656
2018-11-08 05:00:00,31.611296,-29.45072
2018-11-08 05:30:00,31.611296,-29.582497
2018-11-08 06:00:00,31.611296,-29.674883
2018-11-08 06:30:00,31.611296,-29.855782
2018-11-08 07:00:00,31.611296,-30.017307
2018-11-08 07:30:00,31.273632,-30.3479
2018-11-08 08:00:00,21.169485,-30.495602
2018-11-08 08:30:00,11.065337,-30.608229
2018-11-08 09:00:00,0.9611883,-30.745766
2018-11-08 09:30:00,0.875239,-30.894957
2018-11-08 10:00:00,0.70731205,-30.92086
2018-11-08 10:30:00,0.51088387,-30.983393
2018-11-08 11:00:00,0.31446007,-31.116436
2018-11-08 11:30:00,0.43526804,-31.182652
2018-11-08 12:00:00,-0.0033309285,-31.421728
2018-11-08 12:30:00,-0.15193227,-31.542747
2018-11-08 13:00:00,0.6721432,-31.558134
2018-11-08 13:30:00,1.3358856,-31.589237
2018-11-08 14:00:00,1.9996281,-31.633007
2018-11-08 14:30:00,2.6633706,-31.650923
2018-11-08 15:00:00,1.3652345,-31.688057
2018-11-08 15:30:00,1.5378104,-31.730434
2018-11-08 16:00:00,1.4600711,-31.685259
2018-11-08 16:30:00,1.563122,-31.649654
2018-11-08 17:00:00,1.2317075,-31.55542
2018-11-08 17:30:00,1.4425107,-31.451443
2018-11-08 18:00:00,1.6066407,-31.42116
2018-11-08 18:30:00,1.331477,-31.184896
2018-11-08 19:00:00,1.9702836,-31.055075
2018-11-08 19:30:00,1.5116162,-30.902447
2018-11-08 20:00:00,0.964828,-30.683815
2018-11-08 20:30:00,0.94042087,-30.383053
2018-11-08 21:00:00,1.4237444,-30.116634
2018-11-08 21:30:00,2.4252021,-29.901361
2018-11-08 22:00:00,2.135803,-29.945599
2018-11-08 22:30:00,2.5518126,-29.939602
2018-11-08 23:00:00,1.296378,-29.79999
2018-11-08 23:30:00,0.55243194,-29.60876
2018-11-09 00:00:00,0.82049984,-29.452389
2018-11-09 00:30:00,3.6508596,-29.441826
2018-11-09 01:00:00,6.481219,-29.45007
2018-11-09 01:30:00,9.311579,-29.449043
2018-11-09 02:00:00,12.141934,-29.47218
2018-11-09 02:30:00,14.972294,-29.475128
2018-11-09 03:00:00,17.802654,-29.43005
2018-11-09 03:30:00,20.633007,-29.40904
2018-11-09 04:00:00,23.463367,-29.550547
2018-11-09 04:30:00,26.293728,-29.612608
2018-11-09 05:00:00,29.124083,-29.817698
2018-11-09 05:30:00,31.954447,-30.136787
2018-11-09 06:00:00,34.7848,-30.375727
2018-11-09 06:30:00,37.615158,-30.388083
2018-11-09 07:00:00,40.445522,-30.379948
2018-11-09 07:30:00,43.27588,-30.092089
2018-11-09 08:00:00,46.10623,-29.035923
2018-11-09 08:30:00,48.936596,-26.310669
2018-11-09 09:00:00,33.40902,-14.815976
2018-11-09 09:30:00,1.7177488,-5.389538
2018-11-09 10:00:00,0.66987115,-1.9765217
2018-11-09 10:30:00,0.9486964,-0.17523398
2018-11-09 11:00:00,0.72824556,0.86289996
2018-11-09 11:30:00,0.08030702,1.2959149
2018-11-09 12:00:00,0.3507868,1.4274015
2018-11-09 12:30:00,0.86385685,1.4660178
2018-11-09 13:00:00,1.8224906,1.3733222
2018-11-09 13:30:00,0.8195692,1.2678725
2018-11-09 14:00:00,1.9391346,1.2515923
2018-11-09 14:30:00,2.3643634,1.2120935
2018-11-09 15:00:00,2.5478802,1.1123501
2018-11-09 15:30:00,1.8205069,1.1321782
2018-11-09 16:00:00,2.833714,1.1735646
2018-11-09 16:30:00,2.3738232,1.2500019
2018-11-09 17:00:00,2.646256,1.2849915
2018-11-09 17:30:00,2.485888,1.1670674
2018-11-09 18:00:00,8.971967,0.76947033
2018-11-09 18:30:00,3.3940732,2.464286
2018-11-09 19:00:00,-2.183825,3.7817652
2018-11-09 19:30:00,-3.3303843,4.1770945
2018-11-09 20:00:00,-4.476939,3.993521
2018-11-09 20:30:00,-5.6234984,3.536492
2018-11-09 21:00:00,3.4739144,2.9286072
2018-11-09 21:30:00,9.182889,2.2644932
2018-11-09 22:00:00,-9.988393,1.580298
2018-11-09 22:30:00,1.2631011,0.98143584
2018-11-09 23:00:00,12.514591,0.42628467
2018-11-09 23:30:00,23.766079,0.010034891
2018-11-10 00:00:00,35.017574,-0.22484349
2018-11-10 00:30:00,46.26907,-0.24617898
2018-11-10 01:00:00,24.456402,-0.19733411
2018-11-10 01:30:00,2.643735,-0.06537996
2018-11-10 02:00:00,3.676866,0.04252969
2018-11-10 02:30:00,2.6945198,0.22006482
2018-11-10 03:00:00,0.09540747,0.3302902
2018-11-10 03:30:00,3.8898408,0.3260869
2018-11-10 04:00:00,7.684278,0.3794453
2018-11-10 04:30:00,12.717818,0.4080514
2018-11-10 05:00:00,17.751358,0.29229003
2018-11-10 05:30:00,4.6247597,0.12113853
2018-11-10 06:00:00,3.698044,-0.2091357
2018-11-10 06:30:00,2.7713242,-0.45101815
2018-11-10 07:00:00,4.120848,-0.8885947
2018-11-10 07:30:00,3.2265353,-1.353034
2018-11-10 08:00:00,2.265389,-1.7974442
2018-11-10 08:30:00,2.6666784,-2.0737133
2018-11-10 09:00:00,1.5375658,-2.953489
2018-11-10 09:30:00,1.854046,-4.6764436
2018-11-10 10:00:00,1.2449335,-5.1880455
2018-11-10 10:30:00,1.766681,-5.35696
2018-11-10 11:00:00,0.6140484,-5.3841414
2018-11-10 11:30:00,1.42374,-5.36115
2018-11-10 12:00:00,2.0113554,-4.930783
2018-11-10 12:30:00,2.148308,-4.370034
2018-11-10 13:00:00,2.2852564,-3.8416104
2018-11-10 13:30:00,2.422205,-3.4780023
2018-11-10 14:00:00,2.559153,-3.079575
2018-11-10 14:30:00,2.6961014,-2.6653352
2018-11-10 15:00:00,2.980917,-2.2664974
2018-11-10 15:30:00,2.700095,-1.856876
2018-11-10 16:00:00,2.3569007,-1.4380876
2018-11-10 16:30:00,3.6052306,-1.0982314
2018-11-10 17:00:00,4.139824,-0.68007654
2018-11-10 17:30:00,3.9512432,-0.2529995
2018-11-10 18:00:00,3.2901354,0.30825126
2018-11-10 18:30:00,3.1961377,0.31398383
2018-11-10 19:00:00,1.540266,0.0064913533
2018-11-10 19:30:00,12.034222,-0.014162528
2018-11-10 20:00:00,11.526089,-0.16021217
2018-11-10 20:30:00,11.017952,-0.4254575
2018-11-10 21:00:00,10.509819,-0.15892321
2018-11-10 21:30:00,10.001686,0.18005912
2018-11-10 22:00:00,9.493553,-0.44952384
2018-11-10 22:30:00,8.98542,-0.17350371
2018-11-10 23:00:00,8.4772835,0.39798445
2018-11-10 23:30:00,7.9691505,1.0592102
2018-11-11 00:00:00,7.4610176,1.7068952
2018-11-11 00:30:00,6.952885,2.3706074
2018-11-11 01:00:00,6.444752,1.9049183
2018-11-11 01:30:00,5.9366155,0.9875005
2018-11-11 02:00:00,5.4284825,0.7245098
2018-11-11 02:30:00,4.92035,0.49938813
2018-11-11 03:00:00,2.9021335,0.25385296
2018-11-11 03:30:00,2.2419388,0.2649904
2018-11-11 04:00:00,2.581734,0.34839678
2018-11-11 04:30:00,3.3000712,0.5027875
2018-11-11 05:00:00,4.018409,0.8192808
2018-11-11 05:30:00,3.0631568,0.38251695
2018-11-11 06:00:00,2.4759872,0.1257045
2018-11-11 06:30:00,1.8129698,0.03777148
2018-11-11 07:00:00,2.8766732,0.03794625
2018-11-11 07:30:00,1.6949757,-0.09950453
2018-11-11 08:00:00,2.2737868,-0.36272684
2018-11-11 08:30:00,3.5099483,-0.5707556
2018-11-11 09:00:00,3.6988657,-0.5733903
2018-11-11 09:30:00,2.0908468,-0.59351987
2018-11-11 10:00:00,0.48282397,-0.8806119
2018-11-11 10:30:00,-1.1251945,-1.2899145
2018-11-11 11:00:00,4.1391554,-1.458274
2018-11-11 11:30:00,-8.079689,-1.1850765
2018-11-11 12:00:00,-3.0545127,-1.264629
2018-11-11 12:30:00,1.9706638,-1.4993151
2018-11-11 13:00:00,-0.004392679,-1.6337205
2018-11-11 13:30:00,1.7298692,-1.5053842
2018-11-11 14:00:00,2.3589761,-1.6561309
2018-11-11 14:30:00,2.1904724,-1.5028675
2018-11-11 15:00:00,-1.0511518,-1.3903394
2018-11-11 15:30:00,2.6476412,-1.330261
2018-11-11 16:00:00,3.0251522,-1.1444677
2018-11-11 16:30:00,1.857677,-0.9099914
2018-11-11 17:00:00,2.3013139,-0.696951
2018-11-11 17:30:00,1.682663,-0.5141202
2018-11-11 18:00:00,3.1258874,-0.32558307
2018-11-11 18:30:00,3.0979936,-0.21688254
2018-11-11 19:00:00,2.0902526,-0.075945035
2018-11-11 19:30:00,5.531787,0.60859984
2018-11-11 20:00:00,1.6120456,1.0288302
2018-11-11 20:30:00,-0.23077269,1.3404516
2018-11-11 21:00:00,20.14251,1.5627245
2018-11-11 21:30:00,18.544584,1.7483166
2018-11-11 22:00:00,16.946655,1.8669443
2018-11-11 22:30:00,15.348726,1.931095
2018-11-11 23:00:00,13.750796,1.9791665
2018-11-11 23:30:00,12.152866,2.0111065
2018-11-12 00:00:00,10.554936,2.008013
2018-11-12 00:30:00,8.957006,2.0268185
2018-11-12 01:00:00,7.3590765,2.030611
2018-11-12 01:30:00,5.7611513,2.041019
2018-11-12 02:00:00,4.163222,2.0651858
2018-11-12 02:30:00,2.5652921,2.0703416
2018-11-12 03:00:00,0.9673622,1.9961457
2018-11-12 03:30:00,-0.63056755,1.9150552
2018-11-12 04:00:00,-2.2284973,1.8598092
2018-11-12 04:30:00,-3.826427,1.817929
2018-11-12 05:00:00,1.1714149,1.7661785
2018-11-12 05:30:00,-8.770216,1.6143001
2018-11-12 06:00:00,-18.711851,1.426235
2018-11-12 06:30:00,-7.9074893,1.192781
2018-11-12 07:00:00,2.8968728,1.0070403
2018-11-12 07:30:00,6.4741755,0.6771942
2018-11-12 08:00:00,2.2795675,0.32514748
2018-11-12 08:30:00,1.7354839,-0.0931384
2018-11-12 09:00:00,1.7379657,-0.6517414
2018-11-12 09:30:00,1.7404431,-1.1321418
2018-11-12 10:00:00,1.7429249,-1.671428
2018-11-12 10:30:00,1.7454023,-2.3114753
2018-11-12 11:00:00,0.8727572,-2.5198843
2018-11-12 11:30:00,-0.30012292,-3.605124
2018-11-12 12:00:00,1.2578448,-3.9234133
2018-11-12 12:30:00,0.6230187,-3.620915
2018-11-12 13:00:00,1.5110657,-3.7405605
2018-11-12 13:30:00,1.2301694,-3.6846724
2018-11-12 14:00:00,1.4501483,-3.5606747
2018-11-12 14:30:00,1.5110439,-3.5464263
2018-11-12 15:00:00,1.5719393,-3.4922202
2018-11-12 15:30:00,1.2107389,-3.0891397
2018-11-12 16:00:00,2.313937,-2.786825
2018-11-12 16:30:00,3.4182663,-2.4354248
2018-11-12 17:00:00,2.3015454,-2.088744
2018-11-12 17:30:00,2.8324249,-1.694249
2018-11-12 18:00:00,1.9159771,-1.1996481
2018-11-12 18:30:00,2.7948225,-0.7567367
2018-11-12 19:00:00,2.0174768,-0.26778102
2018-11-12 19:30:00,1.67676,0.37302676
2018-11-12 20:00:00,0.53892195,0.7508438
2018-11-12 20:30:00,-0.8356295,1.0789334
2018-11-12 21:00:00,-2.2101767,2.1747863
2018-11-12 21:30:00,-13.683327,2.5718112
2018-11-12 22:00:00,0.29735848,2.724323
2018-11-12 22:30:00,2.7900074,2.7585874
2018-11-12 23:00:00,2.1120644,2.7080603
2018-11-12 23:30:00,3.262766,2.6406326
2018-11-13 00:00:00,4.4134674,2.5266366
2018-11-13 00:30:00,5.5641685,2.3547466
2018-11-13 01:00:00,6.7148695,2.1819565
2018-11-13 01:30:00,7.865571,2.0449164
2018-11-13 02:00:00,9.016273,1.8782259
2018-11-13 02:30:00,10.166974,1.7277371
2018-11-13 03:00:00,11.317676,1.6143744
2018-11-13 03:30:00,12.468372,1.4648075
2018-11-13 04:00:00,13.619074,1.3590082
2018-11-13 04:30:00,3.5415912,1.2400879
2018-11-13 05:00:00,4.38577,1.298235
2018-11-13 05:30:00,5.229944,0.7969884
2018-11-13 06:00:00,6.074123,0.08457587
2018-11-13 06:30:00,6.9183016,-0.09455843
2018-11-13 07:00:00,-1.6366873,0.03504501
2018-11-13 07:30:00,1.6458731,0.049546856
2018-11-13 08:00:00,4.928429,-0.45026663
2018-11-13 08:30:00,8.210989,-0.9994668
2018-11-13 09:00:00,8.652166,-1.5674114
2018-11-13 09:30:00,1.2370467,-1.9300581
2018-11-13 10:00:00,0.69019735,-2.3500524
2018-11-13 10:30:00,0.44452667,-2.780533
2018-11-13 11:00:00,1.0962491,-3.0955365
2018-11-13 11:30:00,-0.5858342,-3.238121
2018-11-13 12:00:00,0.25610316,-2.8109698
2018-11-13 12:30:00,-0.03954404,-3.044271
2018-11-13 13:00:00,-5.1459904,-3.2225008
2018-11-13 13:30:00,-0.20020913,-3.281443
2018-11-13 14:00:00,-1.192028,-3.0460317
2018-11-13 14:30:00,-0.5958444,-3.0000706
2018-11-13 15:00:00,1.2064177,-2.9963086
2018-11-13 15:30:00,1.970419,-3.0548446
2018-11-13 16:00:00,2.2146566,-2.7784839
2018-11-13 16:30:00,3.2122388,-2.6824763
2018-11-13 17:00:00,3.2363138,-2.3380148
2018-11-13 17:30:00,3.2836382,-1.9594288
2018-11-13 18:00:00,3.6510081,-1.5691242
2018-11-13 18:30:00,3.9631627,-1.0856695
2018-11-13 19:00:00,3.8402836,-0.6482852
2018-11-13 19:30:00,4.3733873,-0.21461922
2018-11-13 20:00:00,4.0156035,0.2107756
2018-11-13 20:30:00,3.9984496,0.51080525
2018-11-13 21:00:00,3.891606,0.7184058
2018-11-13 21:30:00,3.0120966,0.4761039
2018-11-13 22:00:00,2.489886,0.8957618
2018-11-13 22:30:00,2.735076,1.1475801
2018-11-13 23:00:00,3.5060859,1.2283868
2018-11-13 23:30:00,2.7187696,1.332932
2018-11-14 00:00:00,2.6554492,1.3800248
2018-11-14 00:30:00,3.0954201,1.4889568
2018-11-14 01:00:00,2.9331908,1.5994575
2018-11-14 01:30:00,2.608269,1.677328
2018-11-14 02:00:00,3.6240406,1.7322112
2018-11-14 02:30:00,2.2279305,1.8651966
2018-11-14 03:00:00,2.763892,2.006641
2018-11-14 03:30:00,4.0316305,2.0537949
2018-11-14 04:00:00,2.5116935,2.099153
2018-11-14 04:30:00,2.4550405,1.6806879
2018-11-14 05:00:00,4.317442,1.5019819
2018-11-14 05:30:00,3.6210082,1.3539704
2018-11-14 06:00:00,3.3600974,1.1690466
2018-11-14 06:30:00,3.3027322,0.9481502
2018-11-14 07:00:00,2.9377873,0.274
2018-11-14 07:30:00,2.7089212,-0.008744544
2018-11-14 08:00:00,3.3118904,-0.42634884
2018-11-14 08:30:00,2.1053095,-0.7789067
2018-11-14 09:00:00,2.341752,-1.0341855
2018-11-14 09:30:00,2.0167692,-1.7194645
2018-11-14 10:00:00,1.691786,-2.2773466
2018-11-14 10:30:00,2.4171758,-2.7116635
2018-11-14 11:00:00,1.2045913,-2.9834802
2018-11-14 11:30:00,-0.007988648,-3.2551267
2018-11-14 12:00:00,-1.3157285,-3.4109242
2018-11-14 12:30:00,1.2741163,-3.4782689
2018-11-14 13:00:00,0.9800595,-3.8478498
2018-11-14 13:30:00,0.68600273,-3.6583865
2018-11-14 14:00:00,1.5590149,-3.5247018
2018-11-14 14:30:00,2.2470727,-3.61305
2018-11-14 15:00:00,2.2730398,-3.3624332
2018-11-14 15:30:00,2.0230696,-2.9980958
2018-11-14 16:00:00,2.7924936,-2.6764379
2018-11-14 16:30:00,3.1319652,-2.3323784
2018-11-14 17:00:00,2.420221,-1.9668654
2018-11-14 17:30:00,2.3808446,-1.5698626
2018-11-14 18:00:00,2.2367916,-1.1942171
2018-11-14 18:30:00,2.522726,-0.83343613
2018-11-14 19:00:00,2.5037413,-0.4348778
2018-11-14 19:30:00,4.080991,-0.01102534
2018-11-14 20:00:00,-5.9789095,0.33946583
2018-11-14 20:30:00,-16.03881,0.67870593
2018-11-14 21:00:00,26.736185,0.91732013
2018-11-14 21:30:00,-20.485401,1.0831542
2018-11-14 22:00:00,-19.213675,1.2026426
2018-11-14 22:30:00,-17.94195,1.3024777
2018-11-14 23:00:00,-16.670225,1.3838916
2018-11-14 23:30:00,-15.398501,1.3378824
2018-11-15 00:00:00,10.819876,1.3678517
2018-11-15 00:30:00,37.03825,1.3880818
2018-11-15 01:00:00,4.85131,1.3669604
2018-11-15 01:30:00,4.5562134,1.3638538
2018-11-15 02:00:00,30.865055,1.380099
2018-11-15 02:30:00,3.1082265,1.376442
2018-11-15 03:00:00,17.181087,1.356238
2018-11-15 03:30:00,31.253954,1.366104
2018-11-15 04:00:00,45.326813,1.2557607
2018-11-15 04:30:00,5.7563014,1.2227808
2018-11-15 05:00:00,9.1628895,1.2309865
2018-11-15 05:30:00,6.2100487,1.1673251
2018-11-15 06:00:00,3.2572124,1.0912724
2018-11-15 06:30:00,3.2443883,0.9297028
2018-11-15 07:00:00,3.0612605,0.7151769
2018-11-15 07:30:00,3.4069104,0.3741628
2018-11-15 08:00:00,15.154417,-0.010841828
2018-11-15 08:30:00,26.901922,-0.37230882
2018-11-15 09:00:00,38.649426,-0.6712898
2018-11-15 09:30:00,33.288967,-1.2506603
2018-11-15 10:00:00,17.72619,-1.8526158
2018-11-15 10:30:00,2.163413,-1.9458663
2018-11-15 11:00:00,2.5773647,-2.3420694
2018-11-15 11:30:00,2.559791,-3.1418514
2018-11-15 12:00:00,2.2192137,-3.5357652
2018-11-15 12:30:00,2.162526,-3.3901656
2018-11-15 13:00:00,2.1529572,-3.5530198
2018-11-15 13:30:00,2.1096394,-3.5697892
2018-11-15 14:00:00,2.8053832,-3.1118166
2018-11-15 14:30:00,2.3537505,-2.9729939
2018-11-15 15:00:00,2.8863645,-2.8542614
2018-11-15 15:30:00,2.208426,-2.7531111
2018-11-15 16:00:00,2.005754,-2.392544
2018-11-15 16:30:00,2.8230526,-2.0722365
2018-11-15 17:00:00,3.6403558,-1.7826539
2018-11-15 17:30:00,7.007458,-1.4838914
2018-11-15 18:00:00,10.374561,-1.132819
2018-11-15 18:30:00,13.741664,-0.75809115
2018-11-15 19:00:00,17.108767,-0.3206894
2018-11-15 19:30:00,20.475868,0.17069125
2018-11-15 20:00:00,23.842972,0.20780882
2018-11-15 20:30:00,27.210073,-0.057899646
2018-11-15 21:00:00,22.984095,1.6866696
2018-11-15 21:30:00,18.758118,0.6758353
2018-11-15 22:00:00,14.53214,0.2897864
2018-11-15 22:30:00,10.306164,0.11255714
2018-11-15 23:00:00,6.080183,0.025406238
2018-11-15 23:30:00,1.8542076,-0.057248615
2018-11-16 00:00:00,-2.3717723,1.0447302
2018-11-16 00:30:00,9.428293,2.740992
2018-11-16 01:00:00,2.2182832,2.1569333
2018-11-16 01:30:00,2.2387972,2.0617995
2018-11-16 02:00:00,2.259307,3.209473
2018-11-16 02:30:00,2.279821,2.435763
2018-11-16 03:00:00,2.3003309,2.8017783
2018-11-16 03:30:00,2.320845,3.4511502
2018-11-16 04:00:00,2.3413546,4.078924
2018-11-16 04:30:00,3.0021172,2.4469485
2018-11-16 05:00:00,9.194865,1.9601468
2018-11-16 05:30:00,6.1984787,1.3662614
2018-11-16 06:00:00,-7.604528,0.7183796
2018-11-16 06:30:00,2.068952,0.17477658
2018-11-16 07:00:00,2.0601523,-0.2993102
2018-11-16 07:30:00,2.1185224,-0.71016383
2018-11-16 08:00:00,2.1367686,-0.58128136
2018-11-16 08:30:00,1.3246565,-0.23882101
2018-11-16 09:00:00,1.2138892,0.07836703
2018-11-16 09:30:00,0.75890523,-0.30785227
2018-11-16 10:00:00,0.38917583,-1.3971468
2018-11-16 10:30:00,0.083789386,-2.739033
2018-11-16 11:00:00,0.41987485,-3.4356415
2018-11-16 11:30:00,-1.1484264,-3.861954
2018-11-16 12:00:00,0.3226788,-4.1149387
2018-11-16 12:30:00,0.7540727,-4.1236644
2018-11-16 13:00:00,-0.058004513,-3.895161
2018-11-16 13:30:00,0.39604008,-3.5871048
2018-11-16 14:00:00,0.7353807,-3.1282146
2018-11-16 14:30:00,1.0747213,-2.6626961
2018-11-16 15:00:00,2.0158253,-2.257418
2018-11-16 15:30:00,30.392101,-1.9698279
2018-11-16 16:00:00,16.311886,-1.6897224
2018-11-16 16:30:00,2.2316751,-1.3454838
2018-11-16 17:00:00,1.2586925,-0.94902706
2018-11-16 17:30:00,2.0506752,-0.42131537
2018-11-16 18:00:00,3.625583,0.18698016
2018-11-16 18:30:00,1.9209582,0.79034704
2018-11-16 19:00:00,3.2029846,1.3376771
2018-11-16 19:30:00,2.5365767,1.789725
2018-11-16 20:00:00,2.5258238,2.140828
2018-11-16 20:30:00,1.3171281,2.3910122
2018-11-16 21:00:00,0.52284276,2.3198967
2018-11-16 21:30:00,3.340042,2.216955
2018-11-16 22:00:00,4.3670735,2.10094
2018-11-16 22:30:00,2.9052837,1.9769119
2018-11-16 23:00:00,3.1519244,1.8437475
2018-11-16 23:30:00,3.7425022,1.7523977
2018-11-17 00:00:00,2.5297432,1.6069422
2018-11-17 00:30:00,2.8382711,2.0675495
2018-11-17 01:00:00,2.7801633,1.8858417
2018-11-17 01:30:00,1.6298857,1.8334489
2018-11-17 02:00:00,2.6090379,1.8166095
2018-11-17 02:30:00,1.9810759,1.7578593
2018-11-17 03:00:00,2.654335,1.697073
2018-11-17 03:30:00,2.2810445,1.6469216
2018-11-17 04:00:00,2.5006783,1.5977796
2018-11-17 04:30:00,2.0922756,1.5255588
2018-11-17 05:00:00,1.8613865,1.7305073
2018-11-17 05:30:00,2.0973704,1.5621389
2018-11-17 06:00:00,2.2480297,0.70497006
2018-11-17 06:30:00,1.7258669,0.6646498
2018-11-17 07:00:00,2.1628318,0.38074738
2018-11-17 07:30:00,2.2504852,0.07908361
2018-11-17 08:00:00,1.8118206,-0.20318902
2018-11-17 08:30:00,1.2845241,-0.55268836
2018-11-17 09:00:00,1.5099996,-0.97321576
2018-11-17 09:30:00,-0.89793634,-1.2895999
2018-11-17 10:00:00,-1.0884528,-1.6550953
2018-11-17 10:30:00,-1.2789649,-1.9697317
2018-11-17 11:00:00,-1.4694813,-2.3956637
2018-11-17 11:30:00,-1.6599934,-2.5265694
2018-11-17 12:00:00,-0.7581305,-2.5157683
2018-11-17 12:30:00,0.058997743,-2.375862
2018-11-17 13:00:00,0.44625694,-2.6936748
2018-11-17 13:30:00,0.33640292,-2.3879433
2018-11-17 14:00:00,0.19805644,-2.51839
2018-11-17 14:30:00,0.059705578,-2.5122292
2018-11-17 15:00:00,20.933432,-2.2599173
2018-11-17 15:30:00,20.541456,-0.61395967
2018-11-17 16:00:00,20.149483,-0.7796539
2018-11-17 16:30:00,19.75751,-1.5680406
2018-11-17 17:00:00,19.365536,-1.8788407
2018-11-17 17:30:00,18.973562,-1.9114535
2018-11-17 18:00:00,18.581589,-1.8930192
2018-11-17 18:30:00,18.189615,-1.935677
2018-11-17 19:00:00,17.797646,-1.7827239
2018-11-17 19:30:00,17.405672,-1.5395262
2018-11-17 20:00:00,17.013699,-1.0585927
2018-11-17 20:30:00,16.621725,-0.47309208
2018-11-17 21:00:00,16.229752,-0.277446
2018-11-17 21:30:00,15.837778,0.38833255
2018-11-17 22:00:00,15.445804,0.9400844
2018-11-17 22:30:00,15.05383,1.1730665
2018-11-17 23:00:00,14.661857,1.3796664
2018-11-17 23:30:00,14.269883,1.5547723
2018-11-18 00:00:00,13.877909,1.5970893
2018-11-18 00:30:00,13.48594,1.6307551
2018-11-18 01:00:00,13.0939665,1.6440117
2018-11-18 01:30:00,12.701992,1.6065402
2018-11-18 02:00:00,12.310019,1.6081787
2018-11-18 02:30:00,11.918045,1.5614136
2018-11-18 03:00:00,11.526072,1.5825568
2018-11-18 03:30:00,11.134097,1.5717515
2018-11-18 04:00:00,10.742124,1.5058793
2018-11-18 04:30:00,10.35015,1.396484
2018-11-18 05:00:00,9.958177,1.2567394
2018-11-18 05:30:00,9.566202,1.1149455
2018-11-18 06:00:00,9.174233,0.9375939
2018-11-18 06:30:00,8.782259,0.67779714
2018-11-18 07:00:00,8.3902855,0.40368643
2018-11-18 07:30:00,7.9983115,0.075548805
2018-11-18 08:00:00,7.606338,-0.24159554
2018-11-18 08:30:00,7.214364,-0.5214432
2018-11-18 09:00:00,6.8223906,-0.8067001
2018-11-18 09:30:00,6.4304166,-1.2693261
2018-11-18 10:00:00,6.038443,-1.717542
2018-11-18 10:30:00,5.646469,-2.2668908
2018-11-18 11:00:00,5.2544956,-2.5811992
2018-11-18 11:30:00,4.862526,-2.9484336
2018-11-18 12:00:00,4.4705524,-3.0286942
2018-11-18 12:30:00,4.078579,-3.0824416
2018-11-18 13:00:00,3.6866052,-3.0492914
2018-11-18 13:30:00,3.2946315,-2.980212
2018-11-18 14:00:00,2.9026577,-2.8352897
2018-11-18 14:30:00,1.8918802,-2.718213
2018-11-18 15:00:00,0.8811026,-1.5184529
2018-11-18 15:30:00,-0.12967922,-0.9837808
2018-11-18 16:00:00,-1.2926409,-0.76566327
2018-11-18 16:30:00,0.9806756,-0.6370691
2018-11-18 17:00:00,1.7365413,-0.5401527
2018-11-18 17:30:00,1.2025508,-0.46168372
2018-11-18 18:00:00,0.6670005,-0.41309226
2018-11-18 18:30:00,0.97298557,-0.3657679
2018-11-18 19:00:00,1.2774676,-0.2949627
2018-11-18 19:30:00,1.6408963,-0.19317012
2018-11-18 20:00:00,2.0043252,-0.13734742
2018-11-18 20:30:00,2.3677497,-0.0640779
2018-11-18 21:00:00,0.7656908,0.01966929
2018-11-18 21:30:00,1.2770699,0.13030541
2018-11-18 22:00:00,1.1525917,0.18905997
2018-11-18 22:30:00,1.66325,0.21307825
2018-11-18 23:00:00,-1.1794007,0.22156788
2018-11-18 23:30:00,-0.90891653,0.21271122
2018-11-19 00:00:00,-0.6384324,0.2427286
2018-11-19 00:30:00,-0.3679482,0.21686646
2018-11-19 01:00:00,-0.09746405,0.23009683
2018-11-19 01:30:00,0.17302011,0.26864755
2018-11-19 02:00:00,0.44350863,0.2750661
2018-11-19 02:30:00,1.2531915,0.25222754
2018-11-19 03:00:00,2.0628743,0.19439493
2018-11-19 03:30:00,2.8725574,0.088434
2018-11-19 04:00:00,5.732663,-0.060180444
2018-11-19 04:30:00,3.7396533,-0.26371753
2018-11-19 05:00:00,1.7466432,-0.40968418
2018-11-19 05:30:00,9.788816,-0.51588976
2018-11-19 06:00:00,1.287954,-0.6124741
2018-11-19 06:30:00,2.3287227,-0.76145995
2018-11-19 07:00:00,-2.3488202,-0.97963434
2018-11-19 07:30:00,3.3763993,-1.2629775
2018-11-19 08:00:00,23.576206,-1.5946368
2018-11-19 08:30:00,19.422136,-1.8945965
2018-11-19 09:00:00,10.807227,-2.1544588
2018-11-19 09:30:00,2.1923206,-2.4213338
2018-11-19 10:00:00,-6.4225903,-2.646875
2018-11-19 10:30:00,-4.2247844,-2.8280628
2018-11-19 11:00:00,-5.384242,-2.9445145
2018-11-19 11:30:00,-2.5578845,-3.081524
2018-11-19 12:00:00,0.5637223,-3.0912108
2018-11-19 12:30:00,-1.3584082,-3.0780065
2018-11-19 13:00:00,-1.2077882,-2.9030669
2018-11-19 13:30:00,-0.89085364,-2.8681514
2018-11-19 14:00:00,-1.364001,-2.747409
2018-11-19 14:30:00,-0.9359103,-2.6403995
2018-11-19 15:00:00,-0.3582133,-2.5491893
2018-11-19 15:30:00,0.4085801,-2.5918822
2018-11-19 16:00:00,0.89173764,-2.5701404
2018-11-19 16:30:00,1.3748908,-2.2056544
2018-11-19 17:00:00,1.746215,-1.8205668
2018-11-19 17:30:00,2.1175392,-1.4704514
2018-11-19 18:00:00,5.069777,-1.1234075
2018-11-19 18:30:00,1.3570857,-0.73641926
2018-11-19 19:00:00,2.6112008,-0.34341
2018-11-19 19:30:00,3.8653114,0.008156073
2018-11-19 20:00:00,2.4242148,0.28233233
2018-11-19 20:30:00,2.2987883,0.42133856
2018-11-19 21:00:00,-10.745608,0.47174332
2018-11-19 21:30:00,1.366471,0.60777843
2018-11-19 22:00:00,2.161355,0.68707764
2018-11-19 22:30:00,1.7140653,0.79121214
2018-11-19 23:00:00,0.56341213,0.7532819
2018-11-19 23:30:00,1.9650098,0.7858248
2018-11-20 00:00:00,3.3666034,0.8235584
2018-11-20 00:30:00,1.9185026,0.8533311
2018-11-20 01:00:00,2.1666987,0.8963167
2018-11-20 01:30:00,1.3105085,1.0041827
2018-11-20 02:00:00,3.1743915,1.0418289
2018-11-20 02:30:00,2.8681006,0.96560574
2018-11-20 03:00:00,-11.4445505,0.95463866
2018-11-20 03:30:00,-10.0520935,0.90232456
2018-11-20 04:00:00,-8.6596365,0.9953304
2018-11-20 04:30:00,-7.2671795,0.8506876
2018-11-20 05:00:00,-5.874718,0.6814281
2018-11-20 05:30:00,-4.4822607,0.8890374
2018-11-20 06:00:00,-3.0898037,0.4965262
2018-11-20 06:30:00,-1.6973469,0.28655747
2018-11-20 07:00:00,-0.30488986,-0.11502444
2018-11-20 07:30:00,1.0875672,-0.16471696
2018-11-20 08:00:00,11.489932,0.50980467
2018-11-20 08:30:00,7.4817767,0.35457066
2018-11-20 09:00:00,3.4736216,-0.19075824
2018-11-20 09:30:00,-0.53453374,-0.8725374
2018-11-20 10:00:00,-0.70835495,-1.6218446
2018-11-20 10:30:00,-0.93109965,-1.8019184
2018-11-20 11:00:00,-1.2092869,-2.08018
2018-11-20 11:30:00,-1.0917648,-2.060365
2018-11-20 12:00:00,0.30343187,-1.9206597
2018-11-20 12:30:00,-1.9388928,-2.159667
2018-11-20 13:00:00,-1.3826057,-1.8947451
2018-11-20 13:30:00,-0.79453146,-2.132813
2018-11-20 14:00:00,-1.9986523,-1.9882971
2018-11-20 14:30:00,-0.32739198,-1.8145764
2018-11-20 15:00:00,0.9716398,-1.7087072
2018-11-20 15:30:00,0.26412964,-1.4878412
2018-11-20 16:00:00,1.765475,-1.2685833
2018-11-20 16:30:00,5.161057,-1.2143424
2018-11-20 17:00:00,2.0397518,-1.1242814
2018-11-20 17:30:00,2.8135102,-0.9027383
2018-11-20 18:00:00,3.5737233,-0.57964283
2018-11-20 18:30:00,3.167641,-0.5966352
2018-11-20 19:00:00,1.667025,-0.55576
2018-11-20 19:30:00,3.3573053,-0.41725188
2018-11-20 20:00:00,2.3954775,-0.39849427
2018-11-20 20:30:00,2.4056625,-0.28068805
2018-11-20 21:00:00,2.2165005,-0.6952382
2018-11-20 21:30:00,2.1383286,-0.27842036
2018-11-20 22:00:00,2.5926354,-0.029525137
2018-11-20 22:30:00,1.9200013,0.19446048
2018-11-20 23:00:00,1.7847046,0.33016786
2018-11-20 23:30:00,1.2661816,0.5401279
2018-11-21 00:00:00,1.6306459,0.7452642
2018-11-21 00:30:00,1.4729345,0.73303
2018-11-21 01:00:00,1.7564917,0.7741324
2018-11-21 01:30:00,3.4437222,0.8543798
2018-11-21 02:00:00,1.5586172,0.92839205
2018-11-21 02:30:00,1.2897235,0.94996786
2018-11-21 03:00:00,1.3739339,0.4030616
2018-11-21 03:30:00,1.021057,0.25588906
2018-11-21 04:00:00,1.5720443,0.1548786
2018-11-21 04:30:00,1.6860011,0.07467931
2018-11-21 05:00:00,2.2522154,0.13212305
2018-11-21 05:30:00,2.9893892,0.07261698
2018-11-21 06:00:00,1.3816763,0.06362925
2018-11-21 06:30:00,2.0664005,0.1192466
2018-11-21 07:00:00,2.3309512,0.051705312
2018-11-21 07:30:00,1.3944699,-0.124274336
2018-11-21 08:00:00,0.68474,0.10382719
2018-11-21 08:30:00,0.8920566,-0.27805334
2018-11-21 09:00:00,-0.27103618,-0.67257005
2018-11-21 09:30:00,-1.434129,-1.1769058
2018-11-21 10:00:00,-1.3040318,-1.5349385
2018-11-21 10:30:00,-1.173939,-1.8130559
2018-11-21 11:00:00,-1.8392806,-2.1329834
2018-11-21 11:30:00,-1.2997979,-2.2152627
2018-11-21 12:00:00,-3.3364575,-2.2982974
2018-11-21 12:30:00,-8.313043,-2.5333898
2018-11-21 13:00:00,0.041384924,-2.6313636
2018-11-21 13:30:00,-3.856309,-2.7589529
2018-11-21 14:00:00,-3.5690813,-2.8332796
2018-11-21 14:30:00,-0.80534124,-2.6009836
2018-11-21 15:00:00,0.41651043,-2.511198
2018-11-21 15:30:00,0.59172547,-2.407234
2018-11-21 16:00:00,1.01584,-2.1006765
2018-11-21 16:30:00,1.439959,-1.8910486
2018-11-21 17:00:00,2.5952964,-1.8690839
2018-11-21 17:30:00,2.030917,-1.7274168
2018-11-21 18:00:00,1.7031201,-1.3980906
2018-11-21 18:30:00,1.5730623,-1.2580183
2018-11-21 19:00:00,2.4756289,-1.0933596
2018-11-21 19:30:00,2.0454187,-0.7927357
2018-11-21 20:00:00,1.6163406,-0.5793807
2018-11-21 20:30:00,0.7841163,-0.2696642
2018-11-21 21:00:00,0.62546116,0.0833743
2018-11-21 21:30:00,1.6976192,0.46017328
2018-11-21 22:00:00,1.9463571,0.8056747
2018-11-21 22:30:00,1.9431456,1.0669439
2018-11-21 23:00:00,2.0564165,1.263075
2018-11-21 23:30:00,1.846037,1.4204761
2018-11-22 00:00:00,1.4788942,1.5643586
2018-11-22 00:30:00,1.8560603,1.6295186
2018-11-22 01:00:00,1.5576603,1.6756719
2018-11-22 01:30:00,1.4368131,1.7632467
2018-11-22 02:00:00,1.3159702,1.7147514
2018-11-22 02:30:00,1.1951272,1.6963564
2018-11-22 03:00:00,1.07428,1.7042824
2018-11-22 03:30:00,0.9534371,1.6676412
2018-11-22 04:00:00,0.8325898,1.6639796
2018-11-22 04:30:00,0.71174693,1.5810888
2018-11-22 05:00:00,0.590904,1.479921
2018-11-22 05:30:00,0.47005674,1.3175213
2018-11-22 06:00:00,0.34921384,1.047177
2018-11-22 06:30:00,0.22837095,0.81614363
2018-11-22 07:00:00,0.10752366,0.54816747
2018-11-22 07:30:00,-0.013319246,0.1456418
2018-11-22 08:00:00,-0.13416216,-0.32598943
2018-11-22 08:30:00,-0.2550094,-0.6849964
2018-11-22 09:00:00,-0.37585235,-1.2650136
2018-11-22 09:30:00,-0.49669963,-1.7383226
2018-11-22 10:00:00,-1.505039,-2.1277359
2018-11-22 10:30:00,-1.1738997,-2.7265935
2018-11-22 11:00:00,-1.1070924,-3.5952842
2018-11-22 11:30:00,-2.1722026,-4.0234013
2018-11-22 12:00:00,-1.600601,-4.528829
2018-11-22 12:30:00,-1.1998622,-4.879015
2018-11-22 13:00:00,-0.37322637,-4.7482142
2018-11-22 13:30:00,-1.0484821,-4.919178
2018-11-22 14:00:00,-0.7966812,-4.9419904
2018-11-22 14:30:00,-0.62681866,-4.5539093
2018-11-22 15:00:00,-0.116042495,-4.209898
2018-11-22 15:30:00,0.5267402,-3.9321868
2018-11-22 16:00:00,1.0676124,-3.5209618
2018-11-22 16:30:00,2.5454946,-3.0851462
2018-11-22 17:00:00,1.8270959,-2.5831175
2018-11-22 17:30:00,0.3744031,-2.1388645
2018-11-22 18:00:00,-1.4307908,-1.7055962
2018-11-22 18:30:00,-2.1456852,-1.2334888
2018-11-22 19:00:00,-0.42312425,-0.6896367
2018-11-22 19:30:00,-9.149833,-0.21946919
2018-11-22 20:00:00,8.654311,0.24703677
2018-11-22 20:30:00,2.2154825,0.6397926
2018-11-22 21:00:00,-0.41468707,0.98930067
2018-11-22 21:30:00,-3.0448608,1.2963257
2018-11-22 22:00:00,-1.2451899,1.4988708
2018-11-22 22:30:00,0.55448556,1.5942099
2018-11-22 23:00:00,-0.16365959,1.6130986
2018-11-22 23:30:00,-0.88180035,1.6080258
2018-11-23 00:00:00,-1.5999455,1.5570225
2018-11-23 00:30:00,-2.3180904,1.5063993
2018-11-23 01:00:00,-2.1606371,1.4429651
2018-11-23 01:30:00,-14.907687,1.3749913
2018-11-23 02:00:00,-10.424597,1.3408449
2018-11-23 02:30:00,-9.749678,1.2564948
2018-11-23 03:00:00,-9.074755,1.2411059
2018-11-23 03:30:00,-8.399836,1.1582762
2018-11-23 04:00:00,-7.7249117,1.0998669
2018-11-23 04:30:00,-7.0499883,1.0209129
2018-11-23 05:00:00,-6.375069,0.87998843
2018-11-23 05:30:00,-5.7001452,0.75035006
2018-11-23 06:00:00,-5.025226,0.50812244
2018-11-23 06:30:00,-4.350302,0.1831395
2018-11-23 07:00:00,-3.675383,-0.13856645
2018-11-23 07:30:00,-3.0004594,-0.4048604
2018-11-23 08:00:00,-2.3255358,-0.9723856
2018-11-23 08:30:00,-1.6506168,-1.5551859
2018-11-23 09:00:00,-0.97569317,-2.0116074
2018-11-23 09:30:00,-0.30077395,-2.3718684
2018-11-23 10:00:00,-0.21700488,-2.748995
2018-11-23 10:30:00,-0.4618148,-2.925901
2018-11-23 11:00:00,-0.62476504,-3.0931857
2018-11-23 11:30:00,1.7360344,-3.2298281
2018-11-23 12:00:00,-2.1772406,-3.2686672
2018-11-23 12:30:00,-2.2166214,-3.231969
2018-11-23 13:00:00,-0.5981907,-2.722779
2018-11-23 13:30:00,-1.3078812,-2.77127
2018-11-23 14:00:00,-1.2562268,-2.7023523
2018-11-23 14:30:00,-0.21711849,-2.4579968
2018-11-23 15:00:00,0.31300947,-2.2163854
2018-11-23 15:30:00,1.1032094,-2.0159943
2018-11-23 16:00:00,1.9077802,-1.786783
2018-11-23 16:30:00,0.85473806,-1.3645297
2018-11-23 17:00:00,0.7612647,-0.97690785
2018-11-23 17:30:00,1.1937335,-0.81142336
2018-11-23 18:00:00,1.6262022,-0.65938336
2018-11-23 18:30:00,1.4412348,-0.51915365
2018-11-23 19:00:00,0.7481042,-0.27841163
2018-11-23 19:30:00,1.5999119,-0.41477445
2018-11-23 20:00:00,1.7234944,0.25325435
2018-11-23 20:30:00,2.0109098,0.27078852
2018-11-23 21:00:00,2.2419782,0.28560495
2018-11-23 21:30:00,1.7711464,0.24153577
2018-11-23 22:00:00,1.8808432,0.29416013
2018-11-23 22:30:00,1.9905399,0.3185017
2018-11-23 23:00:00,-3.4583447,0.36104602
2018-11-23 23:30:00,-6.174337,0.2897733
2018-11-24 00:00:00,25.02072,0.29946014
2018-11-24 00:30:00,22.666538,0.35176116
2018-11-24 01:00:00,1.2667277,0.36413515
2018-11-24 01:30:00,1.3447948,-0.104616664
2018-11-24 02:00:00,1.4228618,-0.14268237
2018-11-24 02:30:00,1.5009289,-0.15974465
2018-11-24 03:00:00,1.5789915,-0.15251338
2018-11-24 03:30:00,1.6570586,-0.18865658
2018-11-24 04:00:00,1.7351257,-0.14958155
2018-11-24 04:30:00,1.8131926,-0.14256003
2018-11-24 05:00:00,1.8912597,-0.24791798
2018-11-24 05:30:00,1.9693267,-0.29979083
2018-11-24 06:00:00,2.0473895,-0.3674763
2018-11-24 06:30:00,3.7726245,-0.31503546
2018-11-24 07:00:00,1.2153311,-0.39844623
2018-11-24 07:30:00,-1.3419664,-0.53553
2018-11-24 08:00:00,4.8550806,-0.8030823
2018-11-24 08:30:00,11.052129,-1.1804363
2018-11-24 09:00:00,6.0291057,-1.5103871
2018-11-24 09:30:00,1.1133857,-1.6745564
2018-11-24 10:00:00,0.7628551,-1.8696344
2018-11-24 10:30:00,0.4123246,-2.1405642
2018-11-24 11:00:00,-0.25895494,-2.4604044
2018-11-24 11:30:00,-0.8434725,-2.5278234
2018-11-24 12:00:00,-0.7919798,-2.8038478
2018-11-24 12:30:00,-1.2577255,-2.8993878
2018-11-24 13:00:00,-2.3593676,-2.9505746
2018-11-24 13:30:00,-3.1720042,-2.9602964
2018-11-24 14:00:00,-0.14879945,-2.9687905
2018-11-24 14:30:00,-1.1022118,-2.8523257
2018-11-24 15:00:00,0.28735268,-2.671483
2018-11-24 15:30:00,1.301381,-2.3634531
2018-11-24 16:00:00,0.73525834,-1.9948118
2018-11-24 16:30:00,0.8732422,-1.6321039
2018-11-24 17:00:00,1.0112216,-1.0854118
2018-11-24 17:30:00,0.3415369,-0.5933757
2018-11-24 18:00:00,2.3967142,-0.16329256
2018-11-24 18:30:00,1.9412581,-0.02318959
2018-11-24 19:00:00,0.6460495,0.19263846
2018-11-24 19:30:00,-0.6491635,0.2515809
2018-11-24 20:00:00,-1.9443765,0.21135673
2018-11-24 20:30:00,-0.5834922,0.31999603
2018-11-24 21:00:00,-0.8098766,0.41988358
2018-11-24 21:30:00,-1.0362654,0.50616497
2018-11-24 22:00:00,-0.7886372,0.6044053
2018-11-24 22:30:00,-0.5410135,0.69501233
2018-11-24 23:00:00,0.31027424,0.56719595
2018-11-24 23:30:00,0.36673054,0.39345342
2018-11-25 00:00:00,0.42319116,1.4661882
2018-11-25 00:30:00,0.47964746,1.6580766
2018-11-25 01:00:00,0.5361081,1.0064547
2018-11-25 01:30:00,0.59256434,0.8339225
2018-11-25 02:00:00,0.649025,0.8385715
2018-11-25 02:30:00,0.7054813,0.8042241
2018-11-25 03:00:00,0.7619419,0.71517247
2018-11-25 03:30:00,0.81839824,0.74946743
2018-11-25 04:00:00,0.87485886,0.6953313
2018-11-25 04:30:00,0.9313151,0.5686466
2018-11-25 05:00:00,0.98777574,0.5807147
2018-11-25 05:30:00,1.044232,0.44604284
2018-11-25 06:00:00,2.7185774,0.31494507
2018-11-25 06:30:00,4.392918,0.24280725
2018-11-25 07:00:00,3.004197,0.037168507
2018-11-25 07:30:00,1.7676598,-0.2897326
2018-11-25 08:00:00,-2.4979284,-0.3703295
2018-11-25 08:30:00,-1.7449465,-0.41199556
2018-11-25 09:00:00,-0.9919602,-0.73808396
2018-11-25 09:30:00,-0.23897831,-1.33148
2018-11-25 10:00:00,0.5140036,-1.6987451
2018-11-25 10:30:00,1.2075056,-1.6786461
2018-11-25 11:00:00,-2.623394,-2.086664
2018-11-25 11:30:00,-2.5947835,-2.5660944
2018-11-25 12:00:00,-6.315279,-2.7557502
2018-11-25 12:30:00,-2.7431226,-2.877327
2018-11-25 13:00:00,0.669692,-2.8649793
2018-11-25 13:30:00,-1.0267751,-3.0962443
2018-11-25 14:00:00,-2.7418032,-2.8775935
2018-11-25 14:30:00,-0.22895941,-2.7506292
2018-11-25 15:00:00,0.60969657,-2.5221477
2018-11-25 15:30:00,0.5090182,-2.2348328
2018-11-25 16:00:00,0.8289327,-2.0006535
2018-11-25 16:30:00,1.1655992,-1.6993524
2018-11-25 17:00:00,1.5022658,-1.3922925
2018-11-25 17:30:00,2.8997433,-1.022502
2018-11-25 18:00:00,4.297225,-0.65075827
2018-11-25 18:30:00,1.1057743,-0.39100087
2018-11-25 19:00:00,-2.0856721,-0.1854495
2018-11-25 19:30:00,-0.94793475,0.0025502066
2018-11-25 20:00:00,-15.625339,0.101035185
2018-11-25 20:30:00,-13.872703,0.34668398
2018-11-25 21:00:00,-12.120068,0.5052693
2018-11-25 21:30:00,-10.367437,0.6295989
2018-11-25 22:00:00,-8.614802,0.7532076
2018-11-25 22:30:00,-6.862168,0.80619025
2018-11-25 23:00:00,-5.109533,0.91692686
2018-11-25 23:30:00,-3.3569016,0.9617476
2018-11-26 00:00:00,-1.6042668,1.0264313
2018-11-26 00:30:00,0.14836828,1.0700985
2018-11-26 01:00:00,1.9010034,1.0769148
2018-11-26 01:30:00,3.6536386,1.0925876
2018-11-26 02:00:00,5.138957,1.0935445
2018-11-26 02:30:00,6.6242757,1.1164966
2018-11-26 03:00:00,4.2719746,1.1232953
2018-11-26 03:30:00,6.6985326,1.0536785
2018-11-26 04:00:00,7.9777102,1.009369
2018-11-26 04:30:00,9.256884,0.99238545
2018-11-26 05:00:00,1.1712488,0.787472
2018-11-26 05:30:00,0.76670015,0.68806946
2018-11-26 06:00:00,1.3683892,0.51756024
2018-11-26 06:30:00,1.9700782,0.3276686
2018-11-26 07:00:00,2.5717676,-0.045905802
2018-11-26 07:30:00,5.86789,-0.44411895
2018-11-26 08:00:00,6.1607537,-0.9764622
2018-11-26 08:30:00,-3.2017071,-1.3236632
2018-11-26 09:00:00,-9.173012,-1.7310171
2018-11-26 09:30:00,-15.14432,-1.9679446
2018-11-26 10:00:00,-12.264916,-2.1744485
2018-11-26 10:30:00,10.216575,-2.4558034
2018-11-26 11:00:00,-1.3463707,-2.836373
2018-11-26 11:30:00,-0.37347105,-3.2315366
2018-11-26 12:00:00,-4.479897,-3.4942694
2018-11-26 12:30:00,-2.3546226,-3.2639308
2018-11-26 13:00:00,-1.5158356,-2.8378894
2018-11-26 13:30:00,-2.373948,-2.6093378
2018-11-26 14:00:00,-1.0262028,-2.6245432
2018-11-26 14:30:00,0.23186205,-2.217373
2018-11-26 15:00:00,-0.0833336,-1.8595064
2018-11-26 15:30:00,0.87095267,-1.5559506
2018-11-26 16:00:00,2.02383,-1.3590374
2018-11-26 16:30:00,1.7455683,-1.1378963
2018-11-26 17:00:00,2.277007,-0.8534302
2018-11-26 17:30:00,-1.6347604,-0.5505518
2018-11-26 18:00:00,-0.9676361,-0.2676106
2018-11-26 18:30:00,-0.30051616,-0.1946688
2018-11-26 19:00:00,13.436191,-0.16595349
2018-11-26 19:30:00,-1.2501272,-0.006599197
2018-11-26 20:00:00,-2.631368,-0.46014133
2018-11-26 20:30:00,-4.0126047,-0.5812901
2018-11-26 21:00:00,-5.7775354,-0.43915975
2018-11-26 21:30:00,-7.5424614,-0.36911482
2018-11-26 22:00:00,-0.4030122,-0.08169072
2018-11-26 22:30:00,6.295111,0.081110984
2018-11-26 23:00:00,5.762838,0.16031843
2018-11-26 23:30:00,4.4886723,0.39731592
2018-11-27 00:00:00,3.2145064,0.48053005
2018-11-27 00:30:00,1.9403405,0.5372354
2018-11-27 01:00:00,0.6661747,0.7292898
2018-11-27 01:30:00,-3.1937418,0.8258086
2018-11-27 02:00:00,-3.389567,0.9814577
2018-11-27 02:30:00,26.73622,1.0618579
2018-11-27 03:00:00,3.1949232,0.9565918
2018-11-27 03:30:00,2.8988652,0.9915203
2018-11-27 04:00:00,2.602803,0.98843557
2018-11-27 04:30:00,2.306745,1.0330422
2018-11-27 05:00:00,2.0106826,0.60847753
2018-11-27 05:30:00,1.7146246,0.24694502
2018-11-27 06:00:00,1.4185624,0.0996938
2018-11-27 06:30:00,1.1225045,-0.1418522
2018-11-27 07:00:00,0.82644653,-0.4290316
2018-11-27 07:30:00,0.53038424,-0.6363831
2018-11-27 08:00:00,0.23432636,-0.8525738
2018-11-27 08:30:00,-0.06173593,-1.5350739
2018-11-27 09:00:00,-0.35779387,-2.1599686
2018-11-27 09:30:00,-0.65385616,-2.7776186
2018-11-27 10:00:00,-0.94991404,-3.1810882
2018-11-27 10:30:00,-1.1109549,-2.48174
2018-11-27 11:00:00,0.7596786,-2.8173928
2018-11-27 11:30:00,0.31703362,-3.0513537
2018-11-27 12:00:00,-1.1863348,-3.185986
2018-11-27 12:30:00,0.14658558,-2.9311748
2018-11-27 13:00:00,0.5031982,-2.6628273
2018-11-27 13:30:00,-0.6249442,-2.4253404
2018-11-27 14:00:00,-0.44151482,-2.0982473
2018-11-27 14:30:00,0.35522604,-1.7558349
2018-11-27 15:00:00,0.100580774,-1.4564694
2018-11-27 15:30:00,0.7993304,-1.1904333
2018-11-27 16:00:00,1.49808,-0.68414444
2018-11-27 16:30:00,1.4349431,-0.27666825
2018-11-27 17:00:00,1.4369223,0.1673924
2018-11-27 17:30:00,-0.049938705,0.58056617
2018-11-27 18:00:00,0.23835926,0.7550733
2018-11-27 18:30:00,0.5266616,0.72003996
2018-11-27 19:00:00,0.8149639,1.3236778
2018-11-27 19:30:00,1.1032662,0.9356714
2018-11-27 20:00:00,1.3915685,0.6374113
2018-11-27 20:30:00,-1.1025702,0.40944085
2018-11-27 21:00:00,0.3135469,0.16401927
2018-11-27 21:30:00,-0.8389852,-0.03489069
2018-11-27 22:00:00,-0.8913474,0.12651283
2018-11-27 22:30:00,-0.9437096,0.42677402
2018-11-27 23:00:00,0.11767801,0.5475077
2018-11-27 23:30:00,1.1790612,0.56089973
2018-11-28 00:00:00,0.34774137,0.5825149
2018-11-28 00:30:00,-0.4835785,0.43592343
2018-11-28 01:00:00,1.0762374,0.50548774
2018-11-28 01:30:00,2.2554705,0.51640236
2018-11-28 02:00:00,3.8173404,0.51001
2018-11-28 02:30:00,5.3792095,1.7818557
2018-11-28 03:00:00,7.925658,1.205085
2018-11-28 03:30:00,5.471918,1.0136597
2018-11-28 04:00:00,3.0181787,0.8604488
2018-11-28 04:30:00,0.5644345,0.7709734
2018-11-28 05:00:00,1.1947297,0.5236773
2018-11-28 05:30:00,1.8250204,0.33953574
2018-11-28 06:00:00,2.4553158,-0.03037279
2018-11-28 06:30:00,3.0856066,-0.21109754
2018-11-28 07:00:00,3.7159016,-0.48038888
2018-11-28 07:30:00,-4.700134,-0.6709097
2018-11-28 08:00:00,0.7256152,-0.9615321
2018-11-28 08:30:00,0.9502562,-1.4920403
2018-11-28 09:00:00,4.110353,-1.8280252
2018-11-28 09:30:00,2.0232575,-2.0539508
2018-11-28 10:00:00,-0.063833214,-2.1982396
2018-11-28 10:30:00,-2.1389127,-2.3658388
2018-11-28 11:00:00,-4.422016,-2.3949692
2018-11-28 11:30:00,-1.9242381,-2.3837967
2018-11-28 12:00:00,-1.3651458,-2.3595643
2018-11-28 12:30:00,-1.5351613,-2.1741776
2018-11-28 13:00:00,-0.48194,-2.03622
2018-11-28 13:30:00,-0.5956172,-1.9620198
2018-11-28 14:00:00,-1.5620939,-1.8629187
2018-11-28 14:30:00,-0.24250437,-1.6780213
2018-11-28 15:00:00,0.46788955,-1.4559582
2018-11-28 15:30:00,0.89137495,-1.123827
2018-11-28 16:00:00,1.3904938,-0.73249555
2018-11-28 16:30:00,0.7625012,-0.34952706
2018-11-28 17:00:00,0.59563166,0.007203556
2018-11-28 17:30:00,-0.5920955,0.22007357
2018-11-28 18:00:00,-0.3310972,0.41382766
2018-11-28 18:30:00,-0.07010322,0.6247402
2018-11-28 19:00:00,-6.311172,0.5901263
2018-11-28 19:30:00,-3.770189,0.6235168
2018-11-28 20:00:00,-4.408052,0.73509234
2018-11-28 20:30:00,-0.36478043,0.60446644
2018-11-28 21:00:00,-0.06413907,0.56776834
2018-11-28 21:30:00,0.23650666,0.47074708
2018-11-28 22:00:00,0.53715235,0.46889013
2018-11-28 22:30:00,1.170943,0.43047488
2018-11-28 23:00:00,-0.33363575,0.38076484
2018-11-28 23:30:00,-2.3868203,0.41324654
2018-11-29 00:00:00,-25.508587,0.36657324
2018-11-29 00:30:00,-13.158597,0.35537022
2018-11-29 01:00:00,-0.8086095,0.40705082
2018-11-29 01:30:00,18.957352,0.5717182
2018-11-29 02:00:00,16.451168,0.7518881
2018-11-29 02:30:00,13.944983,0.88488215
2018-11-29 03:00:00,11.438798,1.0499384
2018-11-29 03:30:00,8.932612,0.97742915
2018-11-29 04:00:00,6.4264274,0.93526065
2018-11-29 04:30:00,2.5837789,0.81390214
2018-11-29 05:00:00,-1.2588747,0.68893456
2018-11-29 05:30:00,-5.101524,0.52819955
2018-11-29 06:00:00,-8.944177,0.3370365
2018-11-29 06:30:00,-12.786825,0.13710847
2018-11-29 07:00:00,-16.629477,-0.059171125
2018-11-29 07:30:00,-20.472126,-0.57833207
2018-11-29 08:00:00,-24.314777,-0.70239514
2018-11-29 08:30:00,-28.157429,-0.92889315
2018-11-29 09:00:00,-32.000076,-1.0905501
2018-11-29 09:30:00,-0.0975995,-1.3837636
2018-11-29 10:00:00,-0.007276445,-1.5234646
2018-11-29 10:30:00,-0.68400896,-1.8785872
2018-11-29 11:00:00,-0.76074773,-2.4757888
2018-11-29 11:30:00,-1.3285264,-2.5962691
2018-11-29 12:00:00,-1.9296824,-2.5619829
2018-11-29 12:30:00,-2.3733277,-2.6390667
2018-11-29 13:00:00,-4.0318384,-2.5344517
2018-11-29 13:30:00,-3.0229003,-2.4398117
2018-11-29 14:00:00,-2.141862,-2.414557
2018-11-29 14:30:00,-1.6582806,-2.1803603
2018-11-29 15:00:00,-7.0510325,-1.798021
2018-11-29 15:30:00,-3.9202936,-1.4152752
2018-11-29 16:00:00,-2.6778927,-1.0667459
2018-11-29 16:30:00,-1.4354966,-0.6836638
2018-11-29 17:00:00,-0.19310021,-0.21941239
2018-11-29 17:30:00,3.2603757,0.120085515
2018-11-29 18:00:00,4.480353,0.3771121
2018-11-29 18:30:00,2.402202,0.4875778
2018-11-29 19:00:00,2.191486,0.40861067
2018-11-29 19:30:00,1.9807744,0.5653565
2018-11-29 20:00:00,0.7652102,0.4931793
2018-11-29 20:30:00,3.0568738,0.52282095
2018-11-29 21:00:00,4.3381834,0.6563786
2018-11-29 21:30:00,2.4958065,0.6959867
2018-11-29 22:00:00,2.4292789,0.6942564
2018-11-29 22:30:00,1.7447512,0.73949665
2018-11-29 23:00:00,1.4578778,0.7084218
2018-11-29 23:30:00,1.9274509,0.59407616
2018-11-30 00:00:00,1.6675625,-0.3055802
2018-11-30 00:30:00,1.9218888,-0.32735264
2018-11-30 01:00:00,2.2111742,0.15661323
2018-11-30 01:30:00,2.03377,1.2327429
2018-11-30 02:00:00,2.0801115,1.5544401
2018-11-30 02:30:00,2.220293,1.6978158
2018-11-30 03:00:00,2.3604705,1.7288076
2018-11-30 03:30:00,2.482528,1.6229689
2018-11-30 04:00:00,2.5331862,1.370788
2018-11-30 04:30:00,2.4370825,0.92894256
2018-11-30 05:00:00,3.2886586,0.48081842
2018-11-30 05:30:00,2.1586154,0.011987987
2018-11-30 06:00:00,2.844458,-0.59435004
2018-11-30 06:30:00,1.5350009,-1.0461532
2018-11-30 07:00:00,1.677931,-1.6895782
2018-11-30 07:30:00,1.7957852,-2.426009
2018-11-30 08:00:00,1.9995233,-3.1201007
2018-11-30 08:30:00,1.252606,-3.951993
2018-11-30 09:00:00,1.2306763,-5.1156716
2018-11-30 09:30:00,0.92915666,-4.199193
2018-11-30 10:00:00,0.41912332,-3.426016
2018-11-30 10:30:00,0.41654977,-3.1076744
2018-11-30 11:00:00,0.4953596,-2.8946953
2018-11-30 11:30:00,0.11281056,-2.5944865
2018-11-30 12:00:00,0.15049177,-2.471402
2018-11-30 12:30:00,0.0651323,-2.5073092
2018-11-30 13:00:00,0.28902614,-2.7486236
2018-11-30 13:30:00,-0.34419647,-2.9234848
2018-11-30 14:00:00,-0.55411714,-3.107989
2018-11-30 14:30:00,0.19083393,-2.9766903
2018-11-30 15:00:00,0.6798726,-3.166997
2018-11-30 15:30:00,0.37328455,-3.105092
2018-11-30 16:00:00,0.699421,-2.9978771
2018-11-30 16:30:00,1.0255575,-2.714661
2018-11-30 17:00:00,0.9718408,-2.3388624
2018-11-30 17:30:00,1.1514164,-1.819872
2018-11-30 18:00:00,1.0746689,-1.3992223
2018-11-30 18:30:00,1.3802738,-1.1030158
2018-11-30 19:00:00,1.6858788,-0.7518037
2018-11-30 19:30:00,3.0875204,-0.40335736
2018-11-30 20:00:00,0.08381124,-0.062094215
2018-11-30 20:30:00,2.8199198,0.38428655
2018-11-30 21:00:00,2.0293264,0.7362021
2018-11-30 21:30:00,4.511686,0.9630234
2018-11-30 22:00:00,6.9940486,1.1533433
2018-11-30 22:30:00,5.3004346,1.2918645
2018-11-30 23:00:00,4.370407,1.4066646
2018-11-30 23:30:00,3.2857094,1.5220371
2018-12-01 00:00:00,2.2010067,1.5723807
2018-12-01 00:30:00,2.9465172,1.6137671
2018-12-01 01:00:00,1.2491629,1.6522917
2018-12-01 01:30:00,0.3551037,1.6669551
2018-12-01 02:00:00,3.0566204,1.6805831
2018-12-01 02:30:00,0.6224812,1.6865778
2018-12-01 03:00:00,0.48383328,1.6777518
2018-12-01 03:30:00,7.917518,1.634338
2018-12-01 04:00:00,3.0629253,1.5507001
2018-12-01 04:30:00,2.5467443,1.4131488
2018-12-01 05:00:00,2.0305674,1.2728317
2018-12-01 05:30:00,1.3897465,1.0066601
2018-12-01 06:00:00,1.1793059,0.7532819
2018-12-01 06:30:00,1.5252573,0.3751415
2018-12-01 07:00:00,0.92035246,-0.028126948
2018-12-01 07:30:00,1.468871,-0.42761594
2018-12-01 08:00:00,1.7157476,-0.8770203
2018-12-01 08:30:00,1.1072074,-1.3669372
2018-12-01 09:00:00,1.5482838,-1.8384417
2018-12-01 09:30:00,0.91579086,-2.2898471
2018-12-01 10:00:00,0.01888281,-2.6784477
2018-12-01 10:30:00,-0.35456055,-2.9487526
2018-12-01 11:00:00,0.41501176,-3.0868633
2018-12-01 11:30:00,0.49850115,-3.1816998
2018-12-01 12:00:00,-0.939314,-3.247786
2018-12-01 12:30:00,-4.008611,-3.1725986
2018-12-01 13:00:00,0.27009818,-3.059568
2018-12-01 13:30:00,0.24840875,-3.012851
2018-12-01 14:00:00,-0.15982766,-2.8825746
2018-12-01 14:30:00,1.1878567,-2.5363917
2018-12-01 15:00:00,0.09850097,-2.1818633
2018-12-01 15:30:00,1.5162696,-1.9155257
2018-12-01 16:00:00,1.3039064,-1.5902456
2018-12-01 16:30:00,1.3486879,-1.2298622
2018-12-01 17:00:00,1.8560952,-0.9008245
2018-12-01 17:30:00,3.0296745,-0.5571976
2018-12-01 18:00:00,1.9698379,-0.2562416
2018-12-01 18:30:00,-21.283884,0.071555234
2018-12-01 19:00:00,-16.250732,0.3454256
2018-12-01 19:30:00,-11.21758,0.6283362
2018-12-01 20:00:00,-6.18443,0.7792183
2018-12-01 20:30:00,-1.1512796,1.0445292
2018-12-01 21:00:00,3.8818712,1.1900545
2018-12-01 21:30:00,8.915026,1.430897
2018-12-01 22:00:00,13.948177,1.6329136
2018-12-01 22:30:00,18.981327,1.6694763
2018-12-01 23:00:00,24.014477,1.6588368
2018-12-01 23:30:00,29.047628,1.6117703
2018-12-02 00:00:00,4.4426193,1.5619904
2018-12-02 00:30:00,6.767922,1.5652237
2018-12-02 01:00:00,3.087944,1.5377362
2018-12-02 01:30:00,7.8780365,1.5294738
2018-12-02 02:00:00,12.668135,1.6369815
2018-12-02 02:30:00,9.564765,1.540065
2018-12-02 03:00:00,6.4613996,1.4366077
2018-12-02 03:30:00,6.3562603,1.6541137
2018-12-02 04:00:00,6.251125,1.3564303
2018-12-02 04:30:00,6.14599,1.1108208
2018-12-02 05:00:00,6.040855,0.8414902
2018-12-02 05:30:00,5.045977,0.5255474
2018-12-02 06:00:00,2.8414214,0.24240965
2018-12-02 06:30:00,4.422927,-0.10256307
2018-12-02 07:00:00,6.0044274,-0.40681788
2018-12-02 07:30:00,3.8771653,-0.5662071
2018-12-02 08:00:00,1.436398,-0.6830652
2018-12-02 08:30:00,1.7752318,-0.7778624
2018-12-02 09:00:00,1.6195652,-0.741042
2018-12-02 09:30:00,1.4638987,-0.9281591
2018-12-02 10:00:00,1.3082278,-1.1633782
2018-12-02 10:30:00,1.1525612,-1.3093929
2018-12-02 11:00:00,1.2610781,-1.3579539
2018-12-02 11:30:00,1.3695952,-1.2866069
2018-12-02 12:00:00,-4.5462937,-1.5768099
2018-12-02 12:30:00,-10.462182,-1.7616637
2018-12-02 13:00:00,-7.4927077,-1.3207883
2018-12-02 13:30:00,-4.523232,-1.3160737
2018-12-02 14:00:00,-1.5537572,-1.2762734
2018-12-02 14:30:00,1.415718,-1.085473
2018-12-02 15:00:00,4.3851976,-1.064417
2018-12-02 15:30:00,7.3546724,-0.93790275
2018-12-02 16:00:00,10.324148,-0.8252786
2018-12-02 16:30:00,5.763419,-0.6297723
2018-12-02 17:00:00,1.202695,-0.4533033
2018-12-02 17:30:00,1.5580754,-0.13139199
2018-12-02 18:00:00,1.307782,0.098356776
2018-12-02 18:30:00,1.0574843,-0.950268
2018-12-02 19:00:00,3.3097756,-1.3184025
2018-12-02 19:30:00,2.7059238,-1.1551901
2018-12-02 20:00:00,2.1020718,-0.80528444
2018-12-02 20:30:00,1.1015359,-0.38367784
2018-12-02 21:00:00,1.6908292,0.27096328
2018-12-02 21:30:00,3.3113618,0.8614275
2018-12-02 22:00:00,2.2152553,1.4657032
2018-12-02 22:30:00,2.2893417,2.0521345
2018-12-02 23:00:00,1.9390166,2.4957933
2018-12-02 23:30:00,1.6207799,2.945285
2018-12-03 00:00:00,1.4625354,2.1655538
2018-12-03 00:30:00,2.086163,2.1201696
2018-12-03 01:00:00,1.640455,1.9421407
2018-12-03 01:30:00,2.8657193,2.0697649
2018-12-03 02:00:00,3.2567232,2.3008158
2018-12-03 02:30:00,4.259103,2.2304168
2018-12-03 03:00:00,5.2614865,2.0755718
2018-12-03 03:30:00,3.6950424,1.9963773
2018-12-03 04:00:00,2.1286023,1.9305532
2018-12-03 04:30:00,2.3394582,1.8412744
2018-12-03 05:00:00,2.5503182,1.7167263
2018-12-03 05:30:00,2.7611742,1.5435212
2018-12-03 06:00:00,2.9720342,1.2949493
2018-12-03 06:30:00,3.18289,1.1617149
2018-12-03 07:00:00,3.39375,1.0461589
2018-12-03 07:30:00,3.9088955,0.7948474
2018-12-03 08:00:00,7.885189,0.4095195
2018-12-03 08:30:00,3.0142245,0.15781917
2018-12-03 09:00:00,0.74516803,-0.062308315
2018-12-03 09:30:00,-1.5238883,-0.23920114
2018-12-03 10:00:00,-3.7929447,-0.42848983
2018-12-03 10:30:00,-6.062001,-0.59550357
2018-12-03 11:00:00,-8.331058,-0.7644005
2018-12-03 11:30:00,-10.600114,-0.89840823
2018-12-03 12:00:00,-12.86917,-1.2883371
2018-12-03 12:30:00,-15.1382265,-1.8877629
2018-12-03 13:00:00,-17.407282,-2.0590587
2018-12-03 13:30:00,-19.67634,-1.9595424
2018-12-03 14:00:00,-21.945398,-1.7060026
2018-12-03 14:30:00,1.3508419,-1.3632627
2018-12-03 15:00:00,24.64708,-1.0237079
2018-12-03 15:30:00,23.291267,-0.5256684
2018-12-03 16:00:00,21.935457,-0.0030294438
2018-12-03 16:30:00,20.579649,0.09265041
2018-12-03 17:00:00,19.223839,-0.011339933
2018-12-03 17:30:00,17.868032,0.008863906
2018-12-03 18:00:00,16.51222,0.08452344
2018-12-03 18:30:00,15.156414,0.17986687
2018-12-03 19:00:00,13.800602,0.43379992
2018-12-03 19:30:00,12.444796,0.6209607
2018-12-03 20:00:00,11.088984,0.7592111
2018-12-03 20:30:00,9.733177,0.85420495
2018-12-03 21:00:00,8.37737,1.0054978
2018-12-03 21:30:00,7.0215583,1.1990291
2018-12-03 22:00:00,5.665751,1.2780706
2018-12-03 22:30:00,4.30994,1.3503045
2018-12-03 23:00:00,2.954133,1.3919094
2018-12-03 23:30:00,1.5983214,1.4391158
2018-12-04 00:00:00,0.2425145,1.5086975
2018-12-04 00:30:00,-1.1132969,1.6126486
2018-12-04 01:00:00,-2.4691038,1.6654171
2018-12-04 01:30:00,-3.8249152,1.7489852
2018-12-04 02:00:00,-5.180722,1.7864654
2018-12-04 02:30:00,-6.536534,1.8308797
2018-12-04 03:00:00,-7.8923407,1.8855402
2018-12-04 03:30:00,-9.248152,1.803401
2018-12-04 04:00:00,-10.603958,1.6770177
2018-12-04 04:30:00,-11.95977,1.5901377
2018-12-04 05:00:00,-13.315579,1.492981
2018-12-04 05:30:00,-14.671389,1.363679
2018-12-04 06:00:00,-16.027195,1.2377197
2018-12-04 06:30:00,-17.383005,1.133489
2018-12-04 07:00:00,-18.738815,0.9692847
2018-12-04 07:30:00,-20.094624,0.8435569
2018-12-04 08:00:00,-21.450434,0.8740942
2018-12-04 08:30:00,-20.287485,0.5367504
2018-12-04 09:00:00,-19.124537,0.1389436
2018-12-04 09:30:00,-17.961586,-0.27551475
2018-12-04 10:00:00,-16.798637,-0.66950274
2018-12-04 10:30:00,-15.635687,-1.0407221
2018-12-04 11:00:00,8.223529,-1.401809
2018-12-04 11:30:00,32.08274,-1.809036
2018-12-04 12:00:00,15.684619,-2.068776
2018-12-04 12:30:00,-0.71351075,-2.3505635
2018-12-04 13:00:00,-0.94573694,-2.8609989
2018-12-04 13:30:00,-0.9351806,-3.2284343
2018-12-04 14:00:00,-1.5049735,-3.693459
2018-12-04 14:30:00,-0.8087406,-2.6133358
2018-12-04 15:00:00,-0.49176228,-0.34154427
2018-12-04 15:30:00,-0.09460213,0.8592472
2018-12-04 16:00:00,0.19517268,1.466529
2018-12-04 16:30:00,0.48494747,1.7702682
2018-12-04 17:00:00,1.2231959,1.9191492
2018-12-04 17:30:00,0.6350475,1.9425776
2018-12-04 18:00:00,1.4978397,1.8666471
2018-12-04 18:30:00,1.3327703,1.7372142
2018-12-04 19:00:00,3.3695045,1.513211
2018-12-04 19:30:00,1.4768144,1.2787958
2018-12-04 20:00:00,1.2455102,1.0724143
2018-12-04 20:30:00,1.5107424,0.9193606
2018-12-04 21:00:00,1.3989178,0.74106085
2018-12-04 21:30:00,1.1154523,0.60081804
2018-12-04 22:00:00,1.2375231,0.46358573
2018-12-04 22:30:00,1.1595565,0.34673643
2018-12-04 23:00:00,1.4316616,0.33254042
2018-12-04 23:30:00,1.1175584,0.23964384
2018-12-05 00:00:00,1.7785612,0.16348621
2018-12-05 00:30:00,1.4110907,0.119242236
2018-12-05 01:00:00,1.2330314,0.08655082
2018-12-05 01:30:00,1.2024547,0.014015362
2018-12-05 02:00:00,1.2399567,-0.13163668
2018-12-05 02:30:00,1.4036934,-0.35175544
2018-12-05 03:00:00,1.206457,-0.4845179
2018-12-05 03:30:00,1.2115473,-0.56643
2018-12-05 04:00:00,1.1307013,-0.6746236
2018-12-05 04:30:00,1.2196393,-0.89675665
2018-12-05 05:00:00,1.1845448,-1.0986072
2018-12-05 05:30:00,1.1291152,-1.4212482
2018-12-05 06:00:00,1.3734052,-1.7723248
2018-12-05 06:30:00,1.1963638,-2.1205397
2018-12-05 07:00:00,1.1940699,-2.5026822
2018-12-05 07:30:00,1.1304392,-2.911539
2018-12-05 08:00:00,1.0289525,-3.2820811
2018-12-05 08:30:00,0.662251,-3.53698
2018-12-05 09:00:00,-0.458079,-3.6646214
2018-12-05 09:30:00,-0.4191045,-3.7330322
2018-12-05 10:00:00,0.052810755,-3.6894305
2018-12-05 10:30:00,-0.066450454,-3.7411942
2018-12-05 11:00:00,0.33747777,-2.4690819
2018-12-05 11:30:00,1.1289536,-0.6307729
2018-12-05 12:00:00,-0.12340484,-0.62074965
2018-12-05 12:30:00,-1.3757677,-1.2783968
2018-12-05 13:00:00,-2.628126,-1.3725518
2018-12-05 13:30:00,-1.5814894,-1.2038428
2018-12-05 14:00:00,-0.53485274,-0.99295646
2018-12-05 14:30:00,0.5117883,-0.78897804
2018-12-05 15:00:00,-4.6119475,-0.5799924
2018-12-05 15:30:00,-3.3405952,-0.34524947
2018-12-05 16:00:00,-2.0692391,-0.15930335
2018-12-05 16:30:00,-0.79788715,0.048756003
2018-12-05 17:00:00,0.4734692,0.20936431
2018-12-05 17:30:00,1.7448212,0.32798758
2018-12-05 18:00:00,3.0161777,0.4672429
2018-12-05 18:30:00,4.2875295,0.58171964
2018-12-05 19:00:00,5.5588856,0.74990875
2018-12-05 19:30:00,6.830238,0.7618458
2018-12-05 20:00:00,8.101589,0.774849
2018-12-05 20:30:00,9.372947,0.78698266
2018-12-05 21:00:00,10.644299,0.7769681
2018-12-05 21:30:00,11.915655,0.76110303
2018-12-05 22:00:00,13.187007,0.76078844
2018-12-05 22:30:00,14.458364,0.7236009
2018-12-05 23:00:00,15.729715,0.6732443
2018-12-05 23:30:00,17.001072,0.58501416
2018-12-06 00:00:00,18.272423,0.4770783
2018-12-06 00:30:00,19.54378,0.32256523
2018-12-06 01:00:00,20.81513,0.14200214
2018-12-06 01:30:00,23.159286,-0.02790411
2018-12-06 02:00:00,25.503445,-0.19692339
2018-12-06 02:30:00,18.845179,-0.3712995
2018-12-06 03:00:00,12.455356,-0.5982999
2018-12-06 03:30:00,6.0655327,-0.7924473
2018-12-06 04:00:00,-0.32428536,-0.97167337
2018-12-06 04:30:00,3.674253,-1.1235342
2018-12-06 05:00:00,7.672791,-1.2775754
2018-12-06 05:30:00,11.67133,-1.4208374
2018-12-06 06:00:00,15.669868,-1.5748392
2018-12-06 06:30:00,19.66841,-1.7146757
2018-12-06 07:00:00,23.666948,-1.8316168
2018-12-06 07:30:00,27.665482,-1.9345192
2018-12-06 08:00:00,18.595675,-2.039768
2018-12-06 08:30:00,9.525861,-2.1391923
2018-12-06 09:00:00,0.45604864,-2.301627
2018-12-06 09:30:00,0.51395553,-2.3860033
2018-12-06 10:00:00,-1.2216172,-2.3486323
2018-12-06 10:30:00,-2.9571943,-2.3081503
2018-12-06 11:00:00,-0.704357,-2.1494122
2018-12-06 11:30:00,-0.5155796,-1.9383904
2018-12-06 12:00:00,0.06678391,-1.7870669
2018-12-06 12:30:00,-0.4908578,-1.693882
2018-12-06 13:00:00,-1.3897452,-1.7629045
2018-12-06 13:30:00,-2.288628,-1.7127358
2018-12-06 14:00:00,-0.5775237,-1.5947635
2018-12-06 14:30:00,-0.90383494,-1.4425312
2018-12-06 15:00:00,-0.3109283,-1.5129781
2018-12-06 15:30:00,0.97357976,-1.3207096
2018-12-06 16:00:00,3.9723165,-1.0400187
2018-12-06 16:30:00,19.591694,-0.80219096
2018-12-06 17:00:00,1.0598481,-0.60385776
2018-12-06 17:30:00,1.286333,-0.54858994
2018-12-06 18:00:00,1.0477057,-0.47048357
2018-12-06 18:30:00,2.0005589,-0.27998894
2018-12-06 19:00:00,1.5834483,-0.10878502
2018-12-06 19:30:00,1.1663377,-0.0055374466
2018-12-06 20:00:00,0.74922717,0.0883335
2018-12-06 20:30:00,0.7279921,0.11136431
2018-12-06 21:00:00,0.7067571,0.10733141
2018-12-06 21:30:00,0.79010236,0.018231777
2018-12-06 22:00:00,0.6605994,-0.123195104
2018-12-06 22:30:00,0.80788994,-0.28396505
2018-12-06 23:00:00,0.89742213,-0.39653683
2018-12-06 23:30:00,1.0637237,-0.4161508
2018-12-07 00:00:00,0.79473823,-0.45423836
2018-12-07 00:30:00,0.8684578,-0.57245094
2018-12-07 01:00:00,0.6475351,-0.78812164
2018-12-07 01:30:00,0.9456684,-1.005361
2018-12-07 02:00:00,1.1586783,-1.2416725
2018-12-07 02:30:00,1.5533173,-1.8079568
2018-12-07 03:00:00,0.5797141,-2.3666995
2018-12-07 03:30:00,0.9546562,-2.884069
2018-12-07 04:00:00,1.2862412,-3.3288462
2018-12-07 04:30:00,1.6178218,-3.2379463
2018-12-07 05:00:00,1.9494069,-3.0223455
2018-12-07 05:30:00,0.80432457,-2.819726
2018-12-07 06:00:00,0.24074492,-2.569887
2018-12-07 06:30:00,0.5896369,-2.2793477
2018-12-07 07:00:00,1.7248882,-2.0969627
2018-12-07 07:30:00,0.6435284,-1.9509523
2018-12-07 08:00:00,0.33989403,-2.390674
2018-12-07 08:30:00,0.036264054,-3.0069087
2018-12-07 09:00:00,-0.6138592,-3.4556663
2018-12-07 09:30:00,-1.2639824,-3.4506066
2018-12-07 10:00:00,-1.8762453,-3.4286375
2018-12-07 10:30:00,-1.8980483,-3.4525816
2018-12-07 11:00:00,-2.3809698,-3.3120286
2018-12-07 11:30:00,-1.6293555,-3.2541087
2018-12-07 12:00:00,-2.7478242,-3.2449155
2018-12-07 12:30:00,-2.9180799,-3.2341626
2018-12-07 13:00:00,-1.4912319,-3.2059584
2018-12-07 13:30:00,-1.5221057,-3.059306
2018-12-07 14:00:00,-2.2726843,-2.7924352
2018-12-07 14:30:00,-1.4645877,-2.6233327
2018-12-07 15:00:00,-1.6472743,-2.3932214
2018-12-07 15:30:00,-1.2928157,-2.0791314
2018-12-07 16:00:00,-1.7747629,-1.7024198
2018-12-07 16:30:00,-1.0641506,-0.8856585
2018-12-07 17:00:00,-0.35353813,-1.4265788
2018-12-07 17:30:00,0.60970527,-1.516963
2018-12-07 18:00:00,0.46824345,-1.500176
2018-12-07 18:30:00,0.2750705,-1.4244334
2018-12-07 19:00:00,0.5283875,-1.3886092
2018-12-07 19:30:00,1.4962667,-1.3900554
2018-12-07 20:00:00,0.8373218,-1.3874688
2018-12-07 20:30:00,0.5377772,-1.3273772
2018-12-07 21:00:00,0.7073601,-1.2130402
2018-12-07 21:30:00,0.5919658,-1.0843631
2018-12-07 22:00:00,0.7522813,-0.9783279
2018-12-07 22:30:00,0.8319694,-0.8742152
2018-12-07 23:00:00,0.6135853,-0.7907083
2018-12-07 23:30:00,0.6637191,-0.7296686
2018-12-08 00:00:00,0.62996596,-0.7311848
2018-12-08 00:30:00,0.6098801,-0.7327621
2018-12-08 01:00:00,0.6698624,-0.7493656
2018-12-08 01:30:00,0.571242,-0.74694496
2018-12-08 02:00:00,0.7667395,-0.721795
2018-12-08 02:30:00,0.17141657,-0.6853591
2018-12-08 03:00:00,0.35312003,-0.7670177
2018-12-08 03:30:00,0.91719776,-0.8295168
2018-12-08 04:00:00,0.9682929,-0.8483487
2018-12-08 04:30:00,0.8083007,-0.8323307
2018-12-08 05:00:00,0.65212286,-0.8652406
2018-12-08 05:30:00,0.68568814,-0.95749485
2018-12-08 06:00:00,0.76193756,-1.0498191
2018-12-08 06:30:00,0.4291466,-1.0771099
2018-12-08 07:00:00,0.51349676,-1.030594
2018-12-08 07:30:00,1.4430001,-1.0495045
2018-12-08 08:00:00,0.13921013,-1.0978119
2018-12-08 08:30:00,-0.89343596,-1.1447823
2018-12-08 09:00:00,-1.4591129,-1.1804537
2018-12-08 09:30:00,-1.8602185,-1.2570351
2018-12-08 10:00:00,-3.497529,-1.3260533
2018-12-08 10:30:00,-5.7231503,-1.4187489
2018-12-08 11:00:00,-4.5513487,-1.4387255
2018-12-08 11:30:00,-3.5747309,-1.3920304
2018-12-08 12:00:00,-1.9752371,-1.4489979
2018-12-08 12:30:00,-1.8051953,-1.4604149
2018-12-08 13:00:00,-4.12262,-1.3093406
2018-12-08 13:30:00,-3.462854,-1.2143073
2018-12-08 14:00:00,-3.6486602,-1.1791866
2018-12-08 14:30:00,-3.2060328,-1.1329764
2018-12-08 15:00:00,-1.5401336,-1.0699749
2018-12-08 15:30:00,-1.1674068,-0.98799723
2018-12-08 16:00:00,-0.65716374,-0.9181009
2018-12-08 16:30:00,-0.077413134,-0.77617586
2018-12-08 17:00:00,0.50233305,-0.62746096
2018-12-08 17:30:00,0.37316656,-0.4385393
2018-12-08 18:00:00,0.67069256,-0.33653262
2018-12-08 18:30:00,0.88385093,-0.2604711
2018-12-08 19:00:00,0.6975859,-0.17215358
2018-12-08 19:30:00,0.46598887,-0.045355264
2018-12-08 20:00:00,0.7301943,0.0070025665
2018-12-08 20:30:00,0.6350693,0.036792744
2018-12-08 21:00:00,0.59449124,0.053881243
2018-12-08 21:30:00,0.64937896,0.039292008
2018-12-08 22:00:00,0.6052005,0.021150498
2018-12-08 22:30:00,0.68750143,0.0063777505
2018-12-08 23:00:00,2.0946088,-0.015176216
2018-12-08 23:30:00,1.021009,-0.032277822
2018-12-09 00:00:00,1.0802616,-0.028445909
2018-12-09 00:30:00,0.74131864,-0.04214817
2018-12-09 01:00:00,0.40535113,-0.05184374
2018-12-09 01:30:00,1.2773365,-0.051253878
2018-12-09 02:00:00,2.1493175,-0.065061
2018-12-09 02:30:00,0.6739215,-0.13251929
2018-12-09 03:00:00,0.7466405,-0.14886935
2018-12-09 03:30:00,1.0049647,-0.15588215
2018-12-09 04:00:00,0.347536,-0.1640572
2018-12-09 04:30:00,0.858819,-0.23641351
2018-12-09 05:00:00,0.71761495,-0.3041689
2018-12-09 05:30:00,0.61530244,-0.32633895
2018-12-09 06:00:00,0.4940051,-0.3885278
2018-12-09 06:30:00,1.0005168,-0.4466532
2018-12-09 07:00:00,0.669692,-0.46199393
2018-12-09 07:30:00,0.33064413,-0.48894405
2018-12-09 08:00:00,0.36786655,-0.60952044
2018-12-09 08:30:00,-0.5833437,-0.83352786
2018-12-09 09:00:00,-1.4037533,-1.0190065
2018-12-09 09:30:00,-1.8391058,-1.2050618
2018-12-09 10:00:00,-2.4751465,-1.6036638
2018-12-09 10:30:00,-1.9310237,-1.8872691
2018-12-09 11:00:00,-2.8452692,-1.9912463
2018-12-09 11:30:00,-2.2197716,-1.8124616
2018-12-09 12:00:00,-2.1597762,-1.7247602
2018-12-09 12:30:00,-2.254674,-1.6612998
2018-12-09 13:00:00,-1.5310279,-1.8244117
2018-12-09 13:30:00,-0.87295246,-1.716052
2018-12-09 14:00:00,-1.4916252,-1.6492754
2018-12-09 14:30:00,-0.8184449,-1.590132
2018-12-09 15:00:00,-1.3169956,-1.400166
2018-12-09 15:30:00,-0.88242954,-1.2707986
2018-12-09 16:00:00,-0.17888238,-1.1331512
2018-12-09 16:30:00,0.5691578,-0.98065674
2018-12-09 17:00:00,0.47747588,-0.8534783
2018-12-09 17:30:00,0.73577833,-0.7359823
2018-12-09 18:00:00,0.7882934,-0.61343974
2018-12-09 18:30:00,2.2041876,-0.50595826
2018-12-09 19:00:00,0.6537046,-0.4441102
2018-12-09 19:30:00,0.7348826,-0.40458077
2018-12-09 20:00:00,0.66210246,-0.3623467
2018-12-09 20:30:00,0.8263985,-0.32884696
2018-12-09 21:00:00,0.8971032,-0.29122254
2018-12-09 21:30:00,0.69646734,-0.2585049
2018-12-09 22:00:00,0.69343066,-0.2380389
2018-12-09 22:30:00,0.65600723,-0.21465418
2018-12-09 23:00:00,0.4867345,-0.14140216
2018-12-09 23:30:00,0.71934086,-0.14876013
2018-12-10 00:00:00,0.41419032,-0.11430349
2018-12-10 00:30:00,0.57094485,-0.104127295
2018-12-10 01:00:00,0.94484264,-0.10942731
2018-12-10 01:30:00,0.41770765,-0.07554743
2018-12-10 02:00:00,0.44292748,-0.047924437
2018-12-10 02:30:00,0.3158845,-0.11409814
2018-12-10 03:00:00,1.5901902,-0.14585888
2018-12-10 03:30:00,0.24821213,-0.1504161
2018-12-10 04:00:00,0.8782626,-0.21196704
2018-12-10 04:30:00,-1.4912844,-0.23213592
2018-12-10 05:00:00,0.84235966,-0.24655475
2018-12-10 05:30:00,3.176004,-0.2873251
2018-12-10 06:00:00,1.9690121,-0.3501912
2018-12-10 06:30:00,-3.6565688,-0.37890214
2018-12-10 07:00:00,12.03101,-0.45295814
2018-12-10 07:30:00,-16.179457,-0.5520985
2018-12-10 08:00:00,-9.1165695,-0.6692755
2018-12-10 08:30:00,-2.0536842,-0.8443988
2018-12-10 09:00:00,5.009205,-1.0523183
2018-12-10 09:30:00,8.827014,-1.2355423
2018-12-10 10:00:00,12.644824,-1.4095514
2018-12-10 10:30:00,16.462637,-1.4314855
2018-12-10 11:00:00,16.400515,-1.4799634
2018-12-10 11:30:00,16.338396,-1.4718014
2018-12-10 12:00:00,16.276272,-1.4043869
2018-12-10 12:30:00,16.214153,-1.3394103
2018-12-10 13:00:00,16.152035,-1.2115371
2018-12-10 13:30:00,16.08991,-1.0984716
2018-12-10 14:00:00,16.027792,-1.0892917
2018-12-10 14:30:00,15.965669,-1.0214795
2018-12-10 15:00:00,15.903549,-0.9798091
2018-12-10 15:30:00,15.841431,-0.9034286
2018-12-10 16:00:00,15.779307,-0.80485624
2018-12-10 16:30:00,15.717188,-0.68904245
2018-12-10 17:00:00,15.655065,-0.6235242
2018-12-10 17:30:00,15.592946,-0.5602037
2018-12-10 18:00:00,15.5308275,-0.5282594
2018-12-10 18:30:00,15.468704,-0.44130072
2018-12-10 19:00:00,15.406585,-0.4553744
2018-12-10 19:30:00,15.344466,-0.41877678
2018-12-10 20:00:00,15.282343,-0.3747775
2018-12-10 20:30:00,15.220223,-0.30865186
2018-12-10 21:00:00,15.1581,-0.23687229
2018-12-10 21:30:00,15.095982,-0.18234725
2018-12-10 22:00:00,15.033862,-0.12790526
2018-12-10 22:30:00,14.971739,-0.09333939
2018-12-10 23:00:00,14.90962,-0.0651178
2018-12-10 23:30:00,14.847497,-0.02452661
2018-12-11 00:00:00,14.7853775,-0.004025654
2018-12-11 00:30:00,14.723259,0.012743883
2018-12-11 01:00:00,14.661136,0.02260112
2018-12-11 01:30:00,14.599017,0.003498354
2018-12-11 02:00:00,14.536894,-0.006122939
2018-12-11 02:30:00,14.474774,-0.022617206
2018-12-11 03:00:00,14.412656,-0.010955431
2018-12-11 03:30:00,14.350533,-0.122867405
2018-12-11 04:00:00,14.288413,-0.15128997
2018-12-11 04:30:00,14.22629,-0.30144244
2018-12-11 05:00:00,14.164171,-0.2909473
2018-12-11 05:30:00,14.102052,-0.25535896
2018-12-11 06:00:00,14.039928,-0.32901737
2018-12-11 06:30:00,13.97781,-0.58622307
2018-12-11 07:00:00,13.915687,-0.03853472
2018-12-11 07:30:00,13.853567,-1.0465814
2018-12-11 08:00:00,13.791449,-1.0834892
2018-12-11 08:30:00,13.729325,-0.8749405
2018-12-11 09:00:00,13.667207,-0.53990805
2018-12-11 09:30:00,13.605083,-0.3176134
2018-12-11 10:00:00,13.542964,-0.12787467
2018-12-11 10:30:00,13.480845,0.04141551
2018-12-11 11:00:00,13.418722,0.0032405627
2018-12-11 11:30:00,13.356603,-0.065694556
2018-12-11 12:00:00,13.294484,-0.17549177
2018-12-11 12:30:00,13.232361,-0.3132091
2018-12-11 13:00:00,13.170241,-0.4668876
2018-12-11 13:30:00,13.108118,-0.67939496
2018-12-11 14:00:00,-1.4884442,-0.9575997
2018-12-11 14:30:00,-0.74575216,-1.226961
2018-12-11 15:00:00,-0.42810532,-1.5355895
2018-12-11 15:30:00,-0.60080796,-1.8384504
2018-12-11 16:00:00,-0.6719059,-2.11884
2018-12-11 16:30:00,-0.3058511,-2.3939948
2018-12-11 17:00:00,0.10451755,-2.6732788
2018-12-11 17:30:00,0.51488185,-2.9462883
2018-12-11 18:00:00,0.9252461,-3.1647556
2018-12-11 18:30:00,0.38251695,-3.3309827
2018-12-11 19:00:00,0.6510174,-3.4719377
2018-12-11 19:30:00,0.33855262,-3.6808841
2018-12-11 20:00:00,0.5271116,-3.9463565
2018-12-11 20:30:00,0.52612853,-4.3034062
2018-12-11 21:00:00,0.5332636,-4.857649
2018-12-11 21:30:00,0.54623187,-5.556927
2018-12-11 22:00:00,0.25630414,-6.38019
2018-12-11 22:30:00,0.5961298,-7.24227
2018-12-11 23:00:00,0.5770226,-8.142752
2018-12-11 23:30:00,0.6074813,-9.11462
2018-12-12 00:00:00,0.59132785,-10.024435
2018-12-12 00:30:00,0.5080875,-11.165148
2018-12-12 01:00:00,0.8105552,-12.384937
2018-12-12 01:30:00,0.4392092,-13.660808
2018-12-12 02:00:00,0.43043554,-14.964663
2018-12-12 02:30:00,0.35704368,-16.235653
2018-12-12 03:00:00,0.15528932,-17.504557
2018-12-12 03:30:00,0.69037646,-18.829775
2018-12-12 04:00:00,0.7903951,-20.128124
2018-12-12 04:30:00,0.5803739,-21.183447
2018-12-12 05:00:00,0.6179109,-22.089155
2018-12-12 05:30:00,0.60885763,-23.017084
2018-12-12 06:00:00,0.74278235,-23.62409
2018-12-12 06:30:00,0.27081037,-23.998775
2018-12-12 07:00:00,0.2490729,-24.092236
2018-12-12 07:30:00,0.1640848,-23.90688
2018-12-12 08:00:00,0.079092346,-23.641394
2018-12-12 08:30:00,0.43705073,-23.3914
2018-12-12 09:00:00,0.068120934,-23.168161
2018-12-12 09:30:00,-0.4232597,-22.64512
2018-12-12 10:00:00,-0.75490594,-21.749678
2018-12-12 10:30:00,-0.78499323,-20.428104
2018-12-12 11:00:00,-1.11615,-18.802662
2018-12-12 11:30:00,-1.3602477,-17.310678
2018-12-12 12:00:00,-3.5216696,-15.448461
2018-12-12 12:30:00,-3.3744316,-12.95168
2018-12-12 13:00:00,-4.0899506,-10.447645
2018-12-12 13:30:00,-3.2703843,-8.225918
2018-12-12 14:00:00,-4.7858214,-5.890142
2018-12-12 14:30:00,-4.583962,-3.328523
2018-12-12 15:00:00,-2.9383667,-0.97662824
2018-12-12 15:30:00,-1.7088077,0.9546911
2018-12-12 16:00:00,-1.0071175,2.4618392
2018-12-12 16:30:00,-0.2256387,3.5384102
2018-12-12 17:00:00,0.05668199,4.1885204
2018-12-12 17:30:00,0.33900267,4.480174
2018-12-12 18:00:00,-0.5043722,4.4218082
2018-12-12 18:30:00,-1.3477471,4.090918
2018-12-12 19:00:00,-3.96258,3.527312
2018-12-12 19:30:00,-6.5774136,2.8180804
2018-12-12 20:00:00,-10.906741,2.030563
2018-12-12 20:30:00,-10.583221,1.2529031
2018-12-12 21:00:00,-10.259698,0.58371645
2018-12-12 21:30:00,-9.936179,0.12252798
2018-12-12 22:00:00,-9.612656,-0.1440325
2018-12-12 22:30:00,-9.289136,-0.21607858
2018-12-12 23:00:00,-8.965617,-0.2282341
2018-12-12 23:30:00,-8.642094,-0.21852541
2018-12-13 00:00:00,-8.318575,-0.22655627
2018-12-13 00:30:00,-7.995051,-0.24230775
2018-12-13 01:00:00,-7.6715317,-0.24683002
2018-12-13 01:30:00,-7.348008,-0.2605847
2018-12-13 02:00:00,-7.024489,-0.24527016
2018-12-13 02:30:00,-6.7009654,-0.21387206
2018-12-13 03:00:00,-6.377446,-0.17759341
2018-12-13 03:30:00,-6.053927,-0.11220184
2018-12-13 04:00:00,-5.730403,-0.057567578
2018-12-13 04:30:00,-5.4068837,-0.024268817
2018-12-13 05:00:00,-5.08336,0.019123124
2018-12-13 05:30:00,-4.759841,0.045509584
2018-12-13 06:00:00,-4.4363174,0.060776066
2018-12-13 06:30:00,-4.112798,0.059583236
2018-12-13 07:00:00,-3.7892787,0.07496769
2018-12-13 07:30:00,-3.4657552,0.061584394
2018-12-13 08:00:00,-3.142236,-0.029721757
2018-12-13 08:30:00,-2.8187122,-0.13961072
2018-12-13 09:00:00,-2.495193,-0.25599688
2018-12-13 09:30:00,-2.1716697,-0.39569354
2018-12-13 10:00:00,-1.8481504,-0.5676184
2018-12-13 10:30:00,-1.5246267,-0.758716
2018-12-13 11:00:00,-1.6672727,-0.8611465
2018-12-13 11:30:00,-3.2981865,-0.91746294
2018-12-13 12:00:00,-4.9693294,-1.0413513
2018-12-13 12:30:00,-6.6404715,-1.0923109
2018-12-13 13:00:00,-3.786264,-1.1331162
2018-12-13 13:30:00,-3.2267828,-1.1456387
2018-12-13 14:00:00,-3.154601,-1.0993718
2018-12-13 14:30:00,-4.795517,-1.2299627
2018-12-13 15:00:00,-3.6282642,-1.0333991
2018-12-13 15:30:00,-1.5163512,-0.79912806
2018-12-13 16:00:00,-1.1218127,-0.7368605
2018-12-13 16:30:00,-0.553654,-0.5500231
2018-12-13 17:00:00,-0.25853112,-0.3562034
2018-12-13 17:30:00,0.036596123,-0.28673086
2018-12-13 18:00:00,-0.5863848,-0.39610425
2018-12-13 18:30:00,-0.86452836,-0.45590308
2018-12-13 19:00:00,-1.1426677,-0.63402367
2018-12-13 19:30:00,-2.5127623,-0.89152217
2018-12-13 20:00:00,-0.098538905,-1.179973
2018-12-13 20:30:00,0.5515624,-1.2282106
2018-12-13 21:00:00,1.2016639,-1.2925011
2018-12-13 21:30:00,0.015614541,-1.2720876
2018-12-13 22:00:00,1.6317557,-1.1732093
2018-12-13 22:30:00,-0.5726606,-1.0799063
2018-12-13 23:00:00,0.8198576,-0.97669375
2018-12-13 23:30:00,1.3775954,-0.86552894
2018-12-14 00:00:00,1.9353377,-0.71131736
2018-12-14 00:30:00,0.035119288,-0.62002
2018-12-14 01:00:00,-0.34299925,-0.54390603
2018-12-14 01:30:00,-0.7211178,-0.4551428
2018-12-14 02:00:00,-0.086339705,-0.37743843
2018-12-14 02:30:00,0.5484384,-0.38793796
2018-12-14 03:00:00,1.1832165,-0.37653834
2018-12-14 03:30:00,-6.535564,-0.3624079
2018-12-14 04:00:00,0.7179514,-0.3514627
2018-12-14 04:30:00,7.971466,-0.36659372
2018-12-14 05:00:00,15.224982,-0.37733355
2018-12-14 05:30:00,2.8863907,-0.4481606
2018-12-14 06:00:00,-9.4522,-0.49687004
2018-12-14 06:30:00,-13.266915,-0.57605124
2018-12-14 07:00:00,-10.470934,-0.66242003
2018-12-14 07:30:00,-7.6749573,-0.7235865
2018-12-14 08:00:00,-4.8789754,-0.85223305
2018-12-14 08:30:00,-2.0829937,-1.1440526
2018-12-14 09:00:00,0.71298784,-1.2946028
2018-12-14 09:30:00,-0.37428376,-1.3526713
2018-12-14 10:00:00,-1.3890505,-1.4810513
2018-12-14 10:30:00,-2.991922,-1.487234
2018-12-14 11:00:00,-2.5104334,-1.5880346
2018-12-14 11:30:00,-2.0289495,-1.7105598
2018-12-14 12:00:00,-1.547461,-1.8246957
2018-12-14 12:30:00,-2.8062685,-1.9412524
2018-12-14 13:00:00,-2.2207286,-1.7188834
2018-12-14 13:30:00,-2.4603562,-1.512764
2018-12-14 14:00:00,-2.4524128,-1.4178488
2018-12-14 14:30:00,-2.033109,-1.3911346
2018-12-14 15:00:00,-1.581437,-1.3345953
2018-12-14 15:30:00,-1.1347286,-1.1462854
2018-12-14 16:00:00,-0.49091026,-1.0082054
2018-12-14 16:30:00,-0.25064445,-0.856515
2018-12-14 17:00:00,-0.010378677,-0.5966134
2018-12-14 17:30:00,0.2298871,-0.3768879
2018-12-14 18:00:00,0.4701485,-0.2441822
2018-12-14 18:30:00,2.3889847,-0.16000244
2018-12-14 19:00:00,3.135417,-0.11668915
2018-12-14 19:30:00,1.5245495,-0.08709997
2018-12-14 20:00:00,1.7224283,-0.002662419
2018-12-14 20:30:00,1.1204464,-0.02651466
2018-12-14 21:00:00,1.3186966,-0.032487553
2018-12-14 21:30:00,1.1139711,-0.04433284
2018-12-14 22:00:00,1.5625846,0.02759091
2018-12-14 22:30:00,1.4527044,-0.019099886
2018-12-14 23:00:00,0.9010312,0.016195664
2018-12-14 23:30:00,1.1096411,-0.03967075
2018-12-15 00:00:00,1.1584467,0.054829393
2018-12-15 00:30:00,1.0698626,0.016899128
2018-12-15 01:00:00,1.5673385,-0.061700977
2018-12-15 01:30:00,0.7588397,-0.057449605
2018-12-15 02:00:00,1.262804,-0.02870807
2018-12-15 02:30:00,0.64936584,0.027551586
2018-12-15 03:00:00,1.3003018,0.013591535
2018-12-15 03:30:00,1.2101185,-0.32529905
2018-12-15 04:00:00,1.029302,-0.13166289
2018-12-15 04:30:00,0.9833234,0.06622901
2018-12-15 05:00:00,0.86572254,0.35784328
2018-12-15 05:30:00,1.1496643,-0.1440456
2018-12-15 06:00:00,1.1421971,-0.7431437
2018-12-15 06:30:00,1.2150952,-1.21027
2018-12-15 07:00:00,1.3284447,-1.3536893
2018-12-15 07:30:00,1.2087946,-1.4086251
2018-12-15 08:00:00,0.75666374,-1.4093068
2018-12-15 08:30:00,0.5203785,-1.5173562
2018-12-15 09:00:00,-0.47681475,-1.5066688
2018-12-15 09:30:00,-0.92939126,-1.5489422
2018-12-15 10:00:00,-0.72784656,-1.6745739
2018-12-15 10:30:00,-0.7220528,-1.8812569
2018-12-15 11:00:00,-0.98930365,-2.011813
2018-12-15 11:30:00,-0.42633137,-2.059028
2018-12-15 12:00:00,-1.1043835,-2.1539476
2018-12-15 12:30:00,-0.78266,-2.244144
2018-12-15 13:00:00,-0.2651332,-2.2318485
2018-12-15 13:30:00,0.11781783,-2.2294192
2018-12-15 14:00:00,0.25427678,-2.2307606
2018-12-15 14:30:00,0.35054213,-2.2042387
2018-12-15 15:00:00,0.4519502,-2.1542666
2018-12-15 15:30:00,0.45880568,-2.0695667
2018-12-15 16:00:00,0.61509705,-1.8931895
2018-12-15 16:30:00,0.41196197,-1.5292233
2018-12-15 17:00:00,0.9255782,-1.381793
2018-12-15 17:30:00,0.8262281,-1.2115633
2018-12-15 18:00:00,0.72688234,-1.0202124
2018-12-15 18:30:00,1.4753158,-0.68932647
2018-12-15 19:00:00,0.47877795,-0.47624674
2018-12-15 19:30:00,0.94664276,-0.37556398
2018-12-15 20:00:00,0.3562135,-0.2779135
2018-12-15 20:30:00,0.42787948,-0.21768214
2018-12-15 21:00:00,1.1891719,-0.13196
2018-12-15 21:30:00,1.1203941,-0.02438242
2018-12-15 22:00:00,0.41465786,0.107619785
2018-12-15 22:30:00,0.49142718,0.19408908
2018-12-15 23:00:00,0.3344105,0.25467002
2018-12-15 23:30:00,0.51481193,0.34166798
2018-12-16 00:00:00,0.3665208,0.40493605
2018-12-16 00:30:00,0.41682068,0.43980342
2018-12-16 01:00:00,0.7532163,0.4860966
2018-12-16 01:30:00,1.5975394,0.5047712
2018-12-16 02:00:00,1.6407216,0.5501075
2018-12-16 02:30:00,1.889158,0.52578336
2018-12-16 03:00:00,1.3332422,0.57010156
2018-12-16 03:30:00,0.80700296,0.5822833
2018-12-16 04:00:00,0.5335564,0.5622368
2018-12-16 04:30:00,0.34386575,0.51826805
2018-12-16 05:00:00,0.982301,0.45330906
2018-12-16 05:30:00,1.1027507,0.39407387
2018-12-16 06:00:00,0.86100805,0.29462764
2018-12-16 06:30:00,0.528453,0.18709376
2018-12-16 07:00:00,0.56662357,0.077488795
2018-12-16 07:30:00,0.83474827,-0.0662582
2018-12-16 08:00:00,0.6259505,-0.25482592
2018-12-16 08:30:00,0.6608135,-0.4879129
2018-12-16 09:00:00,-0.022556035,-0.8047077
2018-12-16 09:30:00,-0.2549133,-1.0968288
2018-12-16 10:00:00,-0.4872662,-1.2905786
2018-12-16 10:30:00,-1.4713296,-1.4557397
2018-12-16 11:00:00,-0.52741176,-1.6327767
2018-12-16 11:30:00,-1.0796704,-1.6368228
2018-12-16 12:00:00,0.053488,-1.7681215
2018-12-16 12:30:00,-1.2775449,-1.7679031
2018-12-16 13:00:00,-0.8413577,-1.6738573
2018-12-16 13:30:00,-1.2148798,-1.5824769
2018-12-16 14:00:00,-0.74905103,-1.4807323
2018-12-16 14:30:00,-1.1395916,-1.3659497
2018-12-16 15:00:00,-0.42218924,-1.2404535
2018-12-16 15:30:00,-0.38207868,-1.1029764
2018-12-16 16:00:00,-0.036708336,-0.96639085
2018-12-16 16:30:00,0.3442328,-0.85296273
2018-12-16 17:00:00,0.7320207,-0.71168
2018-12-16 17:30:00,1.119813,-0.6091446
2018-12-16 18:00:00,1.5076052,-0.5147669
2018-12-16 18:30:00,-0.32976452,-0.37898517
2018-12-16 19:00:00,-0.85847247,-0.31345814
2018-12-16 19:30:00,0.19061546,-0.20394929
2018-12-16 20:00:00,1.2397033,-0.12913741
2018-12-16 20:30:00,1.9959841,-0.03775698
2018-12-16 21:00:00,1.4612858,0.0737399
2018-12-16 21:30:00,1.2643552,0.13706915
2018-12-16 22:00:00,1.3206804,0.15491793
2018-12-16 22:30:00,1.3905723,0.16632628
2018-12-16 23:00:00,1.373545,0.1790498
2018-12-16 23:30:00,1.0413264,0.22218396
2018-12-17 00:00:00,0.7763782,0.25394908
2018-12-17 00:30:00,0.85187614,0.28839257
2018-12-17 01:00:00,0.8204212,0.33410466
2018-12-17 01:30:00,0.87775135,0.39116827
2018-12-17 02:00:00,0.80484015,0.37078965
2018-12-17 02:30:00,-0.17368285,0.35169563
2018-12-17 03:00:00,-0.88602114,0.2654492
2018-12-17 03:30:00,-1.5983638,0.19027902
2018-12-17 04:00:00,-0.9094146,0.103036344
2018-12-17 04:30:00,-0.22046977,-0.0021162513
2018-12-17 05:00:00,-3.4658382,-0.07612855
2018-12-17 05:30:00,-6.711207,-0.17480141
2018-12-17 06:00:00,-9.956575,-0.29467434
2018-12-17 06:30:00,2.3252666,-0.38735682
2018-12-17 07:00:00,2.0130332,-0.4701078
2018-12-17 07:30:00,1.0231324,-0.5737093
2018-12-17 08:00:00,0.73847854,-0.7483694
2018-12-17 08:30:00,0.6556227,-0.86291605
2018-12-17 09:00:00,0.48567277,-1.1247009
2018-12-17 09:30:00,0.019695507,-1.2231684
2018-12-17 10:00:00,-0.4462774,-1.424062
2018-12-17 10:30:00,-0.069565795,-1.6298056
2018-12-17 11:00:00,-1.47389,-1.8471279
2018-12-17 11:30:00,-0.23493667,-2.0045116
2018-12-17 12:00:00,-1.8435495,-2.0177507
2018-12-17 12:30:00,-1.4458869,-2.075199
2018-12-17 13:00:00,-1.5557759,-2.0703096
2018-12-17 13:30:00,-0.80304736,-2.1229253
2018-12-17 14:00:00,-1.22378,-2.0493543
2018-12-17 14:30:00,-0.7919711,-2.0296574
2018-12-17 15:00:00,-0.9134912,-1.9344536
2018-12-17 15:30:00,-0.26136246,-1.8242675
2018-12-17 16:00:00,-0.17746234,-1.6420485
2018-12-17 16:30:00,-0.16088505,-1.4125794
2018-12-17 17:00:00,0.42385095,-1.0763322
2018-12-17 17:30:00,-0.12019337,-0.7049119
2018-12-17 18:00:00,-0.6642421,-0.38452113
2018-12-17 18:30:00,0.5419805,-0.27928987
2018-12-17 19:00:00,0.09753971,-0.20416775
2018-12-17 19:30:00,-14.51367,-0.10822574
2018-12-17 20:00:00,-6.958988,-0.008866886
2018-12-17 20:30:00,0.5956928,0.033655558
2018-12-17 21:00:00,-2.8279884,0.15836097
2018-12-17 21:30:00,0.38724023,0.20993231
2018-12-17 22:00:00,3.6024647,0.248601
2018-12-17 22:30:00,6.817689,0.2684378
2018-12-17 23:00:00,6.1130233,0.32012275
2018-12-17 23:30:00,5.4083576,0.35589018
2018-12-18 00:00:00,4.703687,0.347051
2018-12-18 00:30:00,3.999022,0.37094256
2018-12-18 01:00:00,3.294356,0.4105026
2018-12-18 01:30:00,3.0990028,0.4177732
2018-12-18 02:00:00,2.9036539,0.43761873
2018-12-18 02:30:00,2.7083051,0.4185859
2018-12-18 03:00:00,2.5129519,0.43110842
2018-12-18 03:30:00,2.3176029,0.37238446
2018-12-18 04:00:00,2.1222494,0.2721605
2018-12-18 04:30:00,1.9269004,0.18812056
2018-12-18 05:00:00,1.7315515,0.022985622
2018-12-18 05:30:00,1.5361981,-0.20109174
2018-12-18 06:00:00,1.3408493,-0.6623152
2018-12-18 06:30:00,1.1454959,-0.4284942
2018-12-18 07:00:00,0.950147,-0.24378896
2018-12-18 07:30:00,0.7547937,-0.41742665
2018-12-18 08:00:00,0.5594447,-0.5318073
2018-12-18 08:30:00,0.3640958,-0.6972918
2018-12-18 09:00:00,0.16874252,-0.92271924
2018-12-18 09:30:00,-0.026606416,-1.1496673
2018-12-18 10:00:00,-0.6305457,-1.356477
2018-12-18 10:30:00,-3.2731328,-1.5613468
2018-12-18 11:00:00,-0.69859385,-1.7435265
2018-12-18 11:30:00,-1.4876971,-1.8281388
2018-12-18 12:00:00,-1.3071603,-2.0104454
2018-12-18 12:30:00,-1.8057153,-2.154179
2018-12-18 13:00:00,-1.191377,-2.182558
2018-12-18 13:30:00,-1.5642698,-2.1680124
2018-12-18 14:00:00,-1.2421532,-2.1590378
2018-12-18 14:30:00,-1.0649195,-2.0669715
2018-12-18 15:00:00,-0.74768776,-1.9699371
2018-12-18 15:30:00,0.23372339,-1.8459744
2018-12-18 16:00:00,0.33150488,-1.6469597
2018-12-18 16:30:00,0.6366117,-1.3989121
2018-12-18 17:00:00,0.9417185,-1.0475208
2018-12-18 17:30:00,-0.02165158,-0.6426226
2018-12-18 18:00:00,-0.9850217,-0.40292042
2018-12-18 18:30:00,2.7756279,-0.17261237
2018-12-18 19:00:00,0.92581415,-0.025400478
2018-12-18 19:30:00,0.4587008,-0.5419092
2018-12-18 20:00:00,-0.008412474,-0.5007151
2018-12-18 20:30:00,-0.4755258,-0.20006058
2018-12-18 21:00:00,-1.9899268,-0.18239969
2018-12-18 21:30:00,1.8222153,0.043110814
2018-12-18 22:00:00,-1.3419621,0.15467325
2018-12-18 22:30:00,-1.1060438,0.39340973
2018-12-18 23:00:00,-0.8701255,0.40616822
2018-12-18 23:30:00,-0.6342072,0.49785012
2018-12-19 00:00:00,-0.39828894,0.46797258
2018-12-19 00:30:00,-0.16237499,0.34352058
2018-12-19 01:00:00,2.014178,0.41056815
2018-12-19 01:30:00,-0.42775577,0.43539473
2018-12-19 02:00:00,-2.8696938,0.345229
2018-12-19 02:30:00,-1.1326225,0.34941483
2018-12-19 03:00:00,0.6044446,0.35863414
2018-12-19 03:30:00,0.8415645,0.31265554
2018-12-19 04:00:00,2.6062284,0.3428302
2018-12-19 04:30:00,4.370897,0.28344214
2018-12-19 05:00:00,6.1355605,0.08771743
2018-12-19 05:30:00,5.8247385,-0.052809365
2018-12-19 06:00:00,5.513921,-0.07604116
2018-12-19 06:30:00,5.203099,-0.31204683
2018-12-19 07:00:00,4.892277,-0.5464009
2018-12-19 07:30:00,7.138626,-0.6598203
2018-12-19 08:00:00,4.031744,-0.88449186
2018-12-19 08:30:00,0.92485726,-1.1102952
2018-12-19 09:00:00,3.1390085,-1.6039959
2018-12-19 09:30:00,0.7276557,-1.7247033
2018-12-19 10:00:00,-1.4002403,-1.8885624
2018-12-19 10:30:00,0.85499585,-2.2086997
2018-12-19 11:00:00,0.37392685,-2.213519
2018-12-19 11:30:00,-0.10714214,-2.2876713
2018-12-19 12:00:00,-0.5882111,-2.18937
2018-12-19 12:30:00,-1.0692844,-2.0670283
2018-12-19 13:00:00,-0.4029117,-1.9826518
2018-12-19 13:30:00,-0.01953682,-1.9230279
2018-12-19 14:00:00,0.038531743,-1.8177528
2018-12-19 14:30:00,0.06864962,-1.7228158
2018-12-19 15:00:00,0.18904686,-1.6350226
2018-12-19 15:30:00,2.2510924,-1.319626
2018-12-19 16:00:00,4.3131385,-1.091389
2018-12-19 16:30:00,0.3086838,-0.8697541
2018-12-19 17:00:00,1.8308797,-0.4291627
2018-12-19 17:30:00,0.79121655,0.050425094
2018-12-19 18:00:00,1.0570211,0.26435247
2018-12-19 18:30:00,5.4540257,0.57357955
2018-12-19 19:00:00,9.851031,0.33780986
2018-12-19 19:30:00,14.248036,0.438663
2018-12-19 20:00:00,2.52398,0.44752842
2018-12-19 20:30:00,2.2634928,0.40258536
2018-12-19 21:00:00,2.0030012,0.3415937
2018-12-19 21:30:00,1.7425098,0.44483688
2018-12-19 22:00:00,36.099075,0.29346976
2018-12-19 22:30:00,16.004595,0.20707476
2018-12-19 23:00:00,-4.089885,0.23691738
2018-12-19 23:30:00,16.093765,0.23243444
2018-12-20 00:00:00,8.047969,0.21622416
2018-12-20 00:30:00,10.637107,0.23309857
2018-12-20 01:00:00,13.226244,0.43849698
2018-12-20 01:30:00,7.77991,0.38305876
2018-12-20 02:00:00,2.3335726,0.31017375
2018-12-20 02:30:00,2.272498,0.39470306
2018-12-20 03:00:00,2.09647,0.5116223
2018-12-20 03:30:00,1.9204382,0.57793146
2018-12-20 04:00:00,0.9407966,0.69021046
2018-12-20 04:30:00,1.1495594,0.77066314
2018-12-20 05:00:00,0.7256371,0.9126187
2018-12-20 05:30:00,0.7367964,0.83791167
2018-12-20 06:00:00,0.74796003,0.68034446
2018-12-20 06:30:00,0.75911933,0.5365319
2018-12-20 07:00:00,0.85322624,0.33049121
2018-12-20 07:30:00,-0.3631856,0.19576691
2018-12-20 08:00:00,0.983721,-0.17172101
2018-12-20 08:30:00,2.3306234,-0.62074965
2018-12-20 09:00:00,1.1234657,-0.87149745
2018-12-20 09:30:00,-0.08369188,-1.2072508
2018-12-20 10:00:00,-1.2908494,-1.5322775
2018-12-20 10:30:00,0.22339426,-1.5909709
2018-12-20 11:00:00,0.19817005,-1.666661
2018-12-20 11:30:00,0.17294583,-1.6841865
2018-12-20 12:00:00,0.67962354,-1.7172537
2018-12-20 12:30:00,0.21069695,-1.7616417
2018-12-20 13:00:00,-0.1905791,-1.5679575
2018-12-20 13:30:00,-0.5918508,-1.3850526
2018-12-20 14:00:00,-1.1355194,-1.2454695
2018-12-20 14:30:00,-0.4159236,-1.1089625
2018-12-20 15:00:00,-1.8495748,-0.94476694
2018-12-20 15:30:00,-0.6151219,-0.667755
2018-12-20 16:00:00,0.73830813,-0.419087
2018-12-20 16:30:00,0.91158754,-0.41903892
2018-12-20 17:00:00,1.0848713,-0.2982135
2018-12-20 17:30:00,1.8758185,-0.2555687
2018-12-20 18:00:00,2.9833465,-0.12854755
2018-12-20 18:30:00,2.720478,0.1663088
2018-12-20 19:00:00,2.457614,0.5105955
2018-12-20 19:30:00,2.1947455,0.93595976
2018-12-20 20:00:00,1.9318771,0.69267476
2018-12-20 20:30:00,1.669013,0.66605234
2018-12-20 21:00:00,0.89962864,0.65957695
2018-12-20 21:30:00,2.465553,0.6725583
2018-12-20 22:00:00,1.516025,2.1741703
2018-12-20 22:30:00,2.387604,1.8129785
2018-12-20 23:00:00,3.259183,0.95924395
2018-12-20 23:30:00,4.58589,1.6359808
2018-12-21 00:00:00,4.469696,1.5066265
2018-12-21 00:30:00,4.3535023,1.5916146
2018-12-21 01:00:00,4.2373085,1.7256223
2018-12-21 01:30:00,4.1211143,1.5107948
2018-12-21 02:00:00,4.0049205,1.1623528
2018-12-21 02:30:00,3.8887267,1.0017358
2018-12-21 03:00:00,3.7725327,0.8648531
2018-12-21 03:30:00,3.6563387,0.7516827
2018-12-21 04:00:00,1.2847775,0.63069564
2018-12-21 04:30:00,0.828688,0.52458614
2018-12-21 05:00:00,0.37259856,0.42938253
2018-12-21 05:30:00,0.72750276,0.34547368
2018-12-21 06:00:00,1.082407,0.25666243
2018-12-21 06:30:00,1.4373112,0.17437024
2018-12-21 07:00:00,1.89874,0.088285446
2018-12-21 07:30:00,4.944119,-0.063710876
2018-12-21 08:00:00,7.989503,-0.12550212
2018-12-21 08:30:00,2.5417063,-0.24890982
2018-12-21 09:00:00,1.0437907,-0.4259119
2018-12-21 09:30:00,-0.45412475,-0.6684279
2018-12-21 10:00:00,-1.5088316,-0.8581797
2018-12-21 10:30:00,-1.7541746,-0.9013357
2018-12-21 11:00:00,-1.659067,-0.977004
2018-12-21 11:30:00,-2.2207766,-1.02068
2018-12-21 12:00:00,-0.6824185,-1.0579679
2018-12-21 12:30:00,-1.7375623,-0.99080235
2018-12-21 13:00:00,-2.116262,-0.99526346
2018-12-21 13:30:00,-1.22042,-0.9511287
2018-12-21 14:00:00,-1.7518982,-1.2191224
2018-12-21 14:30:00,-0.3175697,-1.1077391
2018-12-21 15:00:00,-0.7036623,-1.3746098
2018-12-21 15:30:00,1.0063936,-1.1696963
2018-12-21 16:00:00,1.7187668,-0.8927412
2018-12-21 16:30:00,1.111118,-0.82589465
2018-12-21 17:00:00,1.5172484,-0.73191005
2018-12-21 17:30:00,1.6388909,-0.53791124
2018-12-21 18:00:00,2.0365229,-0.38766268
2018-12-21 18:30:00,3.6316345,-0.34493488
2018-12-21 19:00:00,2.2517872,-0.18092722
2018-12-21 19:30:00,3.2011406,-0.13037394
2018-12-21 20:00:00,3.172421,-0.0527045
2018-12-21 20:30:00,2.2060227,0.052531116
2018-12-21 21:00:00,3.2546957,0.20145142
2018-12-21 21:30:00,1.5801537,0.46064517
2018-12-21 22:00:00,1.9502239,0.60115886
2018-12-21 22:30:00,1.7817203,0.8034813
2018-12-21 23:00:00,2.1981666,1.0290661
2018-12-21 23:30:00,1.4958167,1.2559005
2018-12-22 00:00:00,1.1151159,1.4336716
2018-12-22 00:30:00,1.1340613,1.4561737
2018-12-22 01:00:00,1.3744713,1.428992
2018-12-22 01:30:00,5.192551,1.4031779
2018-12-22 02:00:00,9.010632,1.3588946
2018-12-22 02:30:00,4.7031546,1.2862718
2018-12-22 03:00:00,49.56255,1.2850615
2018-12-22 03:30:00,-2.308395,1.2842051
2018-12-22 04:00:00,0.9042689,1.1586739
2018-12-22 04:30:00,4.1169286,1.0630901
2018-12-22 05:00:00,9.39135,0.990961
2018-12-22 05:30:00,8.900516,0.9054923
2018-12-22 06:00:00,8.409685,0.8370728
2018-12-22 06:30:00,0.82029015,0.7363245
2018-12-22 07:00:00,1.661275,0.61263275
2018-12-22 07:30:00,2.50226,0.5963089
2018-12-22 08:00:00,4.893094,0.590253
2018-12-22 08:30:00,1.5012915,0.14705747
2018-12-22 09:00:00,0.73031664,-0.32566172
2018-12-22 09:30:00,0.65349483,-0.71701497
2018-12-22 10:00:00,-0.3680924,-1.0881907
2018-12-22 10:30:00,0.58414465,-1.5179417
2018-12-22 11:00:00,2.0758426,-1.629089
2018-12-22 11:30:00,3.5675406,-1.8211697
2018-12-22 12:00:00,-10.072957,-1.8318353
2018-12-22 12:30:00,-13.625516,-1.8243462
2018-12-22 13:00:00,14.263499,-2.0610292
2018-12-22 13:30:00,-28.531399,-2.115812
2018-12-22 14:00:00,-16.726778,-2.0976093
2018-12-22 14:30:00,-4.922158,-2.0217006
2018-12-22 15:00:00,6.8824644,-2.0425992
2018-12-22 15:30:00,-31.836369,-1.9493706
2018-12-22 16:00:00,16.781464,-1.8394947
2018-12-22 16:30:00,-6.3937654,-1.7600732
2018-12-22 17:00:00,0.38987494,-1.5958427
2018-12-22 17:30:00,6.7113695,-1.4178182
2018-12-22 18:00:00,13.032861,-1.20788
2018-12-22 18:30:00,-6.158555,-0.875006
2018-12-22 19:00:00,-6.286795,-0.6413642
2018-12-22 19:30:00,3.275035,-0.2992534
2018-12-22 20:00:00,-9.525325,0.06270295
2018-12-22 20:30:00,-7.64026,0.34089896
2018-12-22 21:00:00,-7.644481,0.6505193
2018-12-22 21:30:00,-7.6487017,0.79228264
2018-12-22 22:00:00,-3.187664,0.98498374
2018-12-22 22:30:00,1.2733691,1.1613479
2018-12-22 23:00:00,1.9423984,1.3267537
2018-12-22 23:30:00,1.2563069,1.3928794
2018-12-23 00:00:00,0.7246059,1.4597216
2018-12-23 00:30:00,1.7401067,1.5291417
2018-12-23 01:00:00,2.4450521,1.5821286
2018-12-23 01:30:00,3.1499932,1.7908959
2018-12-23 02:00:00,3.4867995,2.0445974
2018-12-23 02:30:00,3.823606,1.9192628
2018-12-23 03:00:00,1.8916748,3.7795062
2018-12-23 03:30:00,0.5262902,2.0360203
2018-12-23 04:00:00,-0.8390944,1.5943542
2018-12-23 04:30:00,-2.204479,1.4140052
2018-12-23 05:00:00,-3.5698636,1.3848747
2018-12-23 05:30:00,-4.9352484,1.1063117
2018-12-23 06:00:00,-6.300633,0.77286094
2018-12-23 06:30:00,-7.6660132,0.1111939
2018-12-23 07:00:00,-9.031398,-0.2581466
2018-12-23 07:30:00,-10.396782,-0.51163405
2018-12-23 08:00:00,-11.762166,-0.66733557
2018-12-23 08:30:00,-13.127551,-1.0261897
2018-12-23 09:00:00,-14.492935,-1.3317028
2018-12-23 09:30:00,-15.858318,-1.562072
2018-12-23 10:00:00,-9.135917,-1.8049463
2018-12-23 10:30:00,-2.4135127,-1.9059874
2018-12-23 11:00:00,-2.8973167,-1.8556744
2018-12-23 11:30:00,-3.3220737,-1.8568454
2018-12-23 12:00:00,-4.338352,-2.470799
2018-12-23 12:30:00,-7.5993066,-3.0767002
2018-12-23 13:00:00,-3.6927993,-1.7786604
2018-12-23 13:30:00,-4.409699,-3.458065
2018-12-23 14:00:00,-11.098988,-3.6435132
2018-12-23 14:30:00,-0.39650622,-3.032369
2018-12-23 15:00:00,-2.9357977,-1.9059918
2018-12-23 15:30:00,-0.6596237,-3.3842494
2018-12-23 16:00:00,-0.87875056,-1.5259464
2018-12-23 16:30:00,-0.54963857,-1.6302075
2018-12-23 17:00:00,-0.22052658,-1.2891192
2018-12-23 17:30:00,0.10858541,-0.7082501
2018-12-23 18:00:00,0.41773388,-0.04823903
2018-12-23 18:30:00,0.34380022,-0.6212259
2018-12-23 19:00:00,0.2698666,-0.77775323
2018-12-23 19:30:00,2.456749,-0.29571423
2018-12-23 20:00:00,4.643631,-0.6178134
2018-12-23 20:30:00,2.8753712,-0.5702488
2018-12-23 21:00:00,2.03197,-0.46874896
2018-12-23 21:30:00,1.1885645,-0.3877151
2018-12-23 22:00:00,2.2135773,-0.08896131
2018-12-23 22:30:00,2.653129,0.2800559
2018-12-23 23:00:00,3.0926847,0.48144326
2018-12-23 23:30:00,2.4876008,0.59426403
2018-12-24 00:00:00,1.8825166,0.6656635
2018-12-24 00:30:00,1.2774326,0.7929337
2018-12-24 01:00:00,1.5385882,0.9078692
2018-12-24 01:30:00,2.2024007,0.9727321
2018-12-24 02:00:00,0.70076674,0.9783511
2018-12-24 02:30:00,2.0948668,0.9927918
2018-12-24 03:00:00,2.081029,0.8901996
2018-12-24 03:30:00,2.247348,0.7732935
2018-12-24 04:00:00,1.9772309,0.6007918
2018-12-24 04:30:00,1.87941,0.45071805
2018-12-24 05:00:00,1.723857,0.30162296
2018-12-24 05:30:00,2.1410813,0.05936477
2018-12-24 06:00:00,1.4082856,-0.25140908
2018-12-24 06:30:00,1.3710939,-0.49328718
2018-12-24 07:00:00,0.75381494,-0.77384704
2018-12-24 07:30:00,1.8752285,-1.0018393
2018-12-24 08:00:00,0.88504815,-1.283557
2018-12-24 08:30:00,-0.363876,-1.6289405
2018-12-24 09:00:00,-1.6128001,-1.9790341
2018-12-24 09:30:00,-2.8554542,-2.3883715
2018-12-24 10:00:00,-3.5433764,-2.2303238
2018-12-24 10:30:00,-2.405875,-1.8366678
2018-12-24 11:00:00,-3.0958946,-1.774741
2018-12-24 11:30:00,-2.5007858,-1.8479974
2018-12-24 12:00:00,-1.5379664,-1.9615217
2018-12-24 12:30:00,-2.5900645,-2.2005816
2018-12-24 13:00:00,-1.7719578,-2.0937512
2018-12-24 13:30:00,-3.508531,-2.054794
2018-12-24 14:00:00,-2.3748963,-2.4635854
2018-12-24 14:30:00,-1.9133017,-2.0841649
2018-12-24 15:00:00,-0.9230732,-2.0155573
2018-12-24 15:30:00,-0.043341,-1.8161536
2018-12-24 16:00:00,-1.1490031,-1.6899846
2018-12-24 16:30:00,0.45631078,-1.5051788
2018-12-24 17:00:00,0.5924333,-1.2560171
2018-12-24 17:30:00,1.3922458,-1.0133089
2018-12-24 18:00:00,2.2117248,-0.7574751
2018-12-24 18:30:00,1.7274356,-0.52790546
2018-12-24 19:00:00,1.5911733,-0.41895592
2018-12-24 19:30:00,1.9138186,-0.20074219
2018-12-24 20:00:00,1.70035,0.11666869
2018-12-24 20:30:00,1.4748439,0.12750903
2018-12-24 21:00:00,1.3319926,0.21649507
2018-12-24 21:30:00,1.085282,0.30009806
2018-12-24 22:00:00,0.91373724,0.43787217
2018-12-24 22:30:00,1.5022833,0.5442656
2018-12-24 23:00:00,1.2997643,0.6462286
2018-12-24 23:30:00,2.5904682,0.66698736
2018-12-25 00:00:00,1.3570813,0.6525904
2018-12-25 00:30:00,1.6276135,0.6277813
2018-12-25 01:00:00,1.4522413,0.6659912
2018-12-25 01:30:00,2.5324302,0.67436284
2018-12-25 02:00:00,3.6126149,0.63802737
2018-12-25 02:30:00,1.0627319,0.69351804
2018-12-25 03:00:00,-1.4871509,0.7259779
2018-12-25 03:30:00,3.5702584,0.7478333
2018-12-25 04:00:00,11.654211,0.7020382
2018-12-25 04:30:00,2.887234,0.6920281
2018-12-25 05:00:00,1.8163997,0.63333035
2018-12-25 05:30:00,2.075895,0.56742316
2018-12-25 06:00:00,2.2194586,0.43872854
2018-12-25 06:30:00,1.808146,0.35200584
2018-12-25 07:00:00,1.3968337,0.13384458
2018-12-25 07:30:00,0.9855212,0.016103908
2018-12-25 08:00:00,0.57420874,-0.24464534
2018-12-25 08:30:00,0.6314996,-0.67586017
2018-12-25 09:00:00,0.03674905,-1.1091985
2018-12-25 09:30:00,-0.55800587,-1.4985986
2018-12-25 10:00:00,-1.1527565,-1.8603758
2018-12-25 10:30:00,-0.6860975,-1.9776272
2018-12-25 11:00:00,-0.6840745,-2.2817595
2018-12-25 11:30:00,-0.56855786,-2.378038
2018-12-25 12:00:00,-0.32216188,-2.3235173
2018-12-25 12:30:00,-2.729464,-2.3434021
2018-12-25 13:00:00,18.760845,-2.2935524
2018-12-25 13:30:00,15.308921,-2.510761
2018-12-25 14:00:00,11.857,-2.4220023
2018-12-25 14:30:00,8.405075,-2.3323345
2018-12-25 15:00:00,4.9531507,-2.208892
2018-12-25 15:30:00,1.501226,-2.0431104
2018-12-25 16:00:00,-0.0895468,-2.0949135
2018-12-25 16:30:00,-1.6803195,-1.870871
2018-12-25 17:00:00,1.7050908,-1.7084144
2018-12-25 17:30:00,14.478987,-1.4403509
2018-12-25 18:00:00,-14.808478,-1.2417774
2018-12-25 18:30:00,-8.799058,-1.0572513
2018-12-25 19:00:00,-2.7896388,-0.84513724
2018-12-25 19:30:00,2.4846122,-0.6184557
2018-12-25 20:00:00,-4.5596724,-0.39969584
2018-12-25 20:30:00,5.596873,-0.18295023
2018-12-25 21:00:00,1.4046941,0.031514578
2018-12-25 21:30:00,1.2604009,0.23665522
2018-12-25 22:00:00,1.1161034,0.40539047
2018-12-25 22:30:00,-36.25519,0.5835941
2018-12-25 23:00:00,-26.697916,0.7047385
2018-12-25 23:30:00,-17.140635,0.8550788
2018-12-26 00:00:00,4.8624125,0.8840039
2018-12-26 00:30:00,-12.439244,0.92180306
2018-12-26 01:00:00,-29.7409,0.95758796
2018-12-26 01:30:00,-47.042557,1.0079534
2018-12-26 02:00:00,-38.98403,1.0791737
2018-12-26 02:30:00,-21.10812,1.0077131
2018-12-26 03:00:00,-3.2322052,0.8913488
2018-12-26 03:30:00,4.3276577,1.0411036
2018-12-26 04:00:00,4.221688,1.41657
2018-12-26 04:30:00,4.115714,1.1580971
2018-12-26 05:00:00,10.64436,0.97707963
2018-12-26 05:30:00,17.17301,0.8425301
2018-12-26 06:00:00,23.701649,0.7229543
2018-12-26 06:30:00,30.230295,0.5468348
2018-12-26 07:00:00,36.75894,0.3533516
2018-12-26 07:30:00,43.287586,0.14540587
2018-12-26 08:00:00,49.816235,-0.093833126
2018-12-26 08:30:00,29.623035,-0.30824113
2018-12-26 09:00:00,9.429835,-0.52695733
2018-12-26 09:30:00,-10.763361,-0.7299395
2018-12-26 10:00:00,-30.956562,-0.9559481
2018-12-26 10:30:00,-21.871746,-1.1028367
2018-12-26 11:00:00,-12.78693,-1.2255191
2018-12-26 11:30:00,-3.7021103,-1.2881186
2018-12-26 12:00:00,5.382705,-1.2843566
2018-12-26 12:30:00,14.467522,-1.3948311
2018-12-26 13:00:00,17.19985,-0.4012557
2018-12-26 13:30:00,19.932178,-0.19212148
2018-12-26 14:00:00,22.664507,-0.2607682
2018-12-26 14:30:00,25.396832,-0.50819534
2018-12-26 15:00:00,28.129166,-0.7992897
2018-12-26 15:30:00,30.86149,-1.1178585
2018-12-26 16:00:00,33.593822,-1.3547686
2018-12-26 16:30:00,36.32615,-1.5779678
2018-12-26 17:00:00,39.058475,-1.4966105
2018-12-26 17:30:00,41.79081,-0.8568427
2018-12-26 18:00:00,44.523132,-1.908845
2018-12-26 18:30:00,47.255466,-1.9404266
2018-12-26 19:00:00,46.604767,-1.5739436
2018-12-26 19:30:00,45.954067,-1.1018448
2018-12-26 20:00:00,45.303375,-1.154124
2018-12-26 20:30:00,44.652676,-0.612142
2018-12-26 21:00:00,44.001976,-0.509847
2018-12-26 21:30:00,27.505861,-0.38916573
2018-12-26 22:00:00,15.010093,-0.29747507
2018-12-26 22:30:00,2.5143194,-1.9084954
2018-12-26 23:00:00,-9.981449,-2.2022986
2018-12-26 23:30:00,-22.477224,-1.9113791
2018-12-27 00:00:00,-34.972992,-0.7012242
2018-12-27 00:30:00,-37.49982,-0.9963689
2018-12-27 01:00:00,-22.007843,-1.8684154
2018-12-27 01:30:00,-26.199823,-3.085465
2018-12-27 02:00:00,-4.7902517,-3.6221251
2018-12-27 02:30:00,-3.2768247,-3.1983209
2018-12-27 03:00:00,-1.7633939,-2.0157235
2018-12-27 03:30:00,-0.2499672,-0.9673346
2018-12-27 04:00:00,1.2634594,-0.45317224
2018-12-27 04:30:00,1.088594,-0.19518438
2018-12-27 05:00:00,0.98188156,0.26975736
2018-12-27 05:30:00,-11.640773,0.7814685
2018-12-27 06:00:00,-24.263424,1.2651985
2018-12-27 06:30:00,-22.16609,1.6983576
2018-12-27 07:00:00,-20.068758,1.9710613
2018-12-27 07:30:00,-17.971424,2.2261655
2018-12-27 08:00:00,-28.249767,2.434334
2018-12-27 08:30:00,-0.21423909,1.4784005
2018-12-27 09:00:00,-1.1484438,0.15961933
2018-12-27 09:30:00,3.2120378,-1.3397206
2018-12-27 10:00:00,-0.9765889,-2.5991442
2018-12-27 10:30:00,-0.826668,-2.5977983
2018-12-27 11:00:00,-1.2590581,-2.1477082
2018-12-27 11:30:00,-1.8220742,-1.7585527
2018-12-27 12:00:00,-2.8296707,-1.4463981
2018-12-27 12:30:00,-2.8293517,-1.2381072
2018-12-27 13:00:00,-2.8871975,-1.4588157
2018-12-27 13:30:00,-3.552631,-1.6777023
2018-12-27 14:00:00,-3.5764656,-1.8691757
2018-12-27 14:30:00,-2.9503126,-2.0618548
2018-12-27 15:00:00,-1.8230093,-2.2464247
2018-12-27 15:30:00,-1.0460789,-2.532031
2018-12-27 16:00:00,-0.52687865,-3.0013945
2018-12-27 16:30:00,0.04332928,-3.4959123
2018-12-27 17:00:00,0.6135372,-3.9725945
2018-12-27 17:30:00,0.6792259,-4.4525404
2018-12-27 18:00:00,0.83763206,-5.0306573
2018-12-27 18:30:00,0.61563015,-5.6869197
2018-12-27 19:00:00,0.55717707,-6.6034894
2018-12-27 19:30:00,1.306445,-7.7604957
2018-12-27 20:00:00,1.306113,-9.172946
2018-12-27 20:30:00,0.8492545,-10.790744
2018-12-27 21:00:00,0.39239603,-12.537804
2018-12-27 21:30:00,0.039287638,-14.46969
2018-12-27 22:00:00,-0.31382078,-15.933735
2018-12-27 22:30:00,-0.9671293,-16.875963
2018-12-27 23:00:00,-0.39431283,-16.902378
2018-12-27 23:30:00,0.17849927,-15.269289
2018-12-28 00:00:00,0.58323145,-11.60203
2018-12-28 00:30:00,-0.17912269,-6.5539412
2018-12-28 01:00:00,-0.9414725,-1.307654
2018-12-28 01:30:00,-1.7038267,2.283417
2018-12-28 02:00:00,0.43435922,5.0655694
2018-12-28 02:30:00,0.47734916,6.0172124
2018-12-28 03:00:00,0.5203435,5.867549
2018-12-28 03:30:00,0.255758,5.067243
2018-12-28 04:00:00,0.23160426,3.9875524
2018-12-28 04:30:00,0.5005504,2.8842149
2018-12-28 05:00:00,0.5472281,1.9549472
2018-12-28 05:30:00,0.5939101,0.98440266
2018-12-28 06:00:00,0.54577744,0.25678915
2018-12-28 06:30:00,2.1229877,-0.009028551
2018-12-28 07:00:00,1.0766569,-0.1677318
2018-12-28 07:30:00,0.030326117,-0.25220868
2018-12-28 08:00:00,-0.0421438,-0.6933725
2018-12-28 08:30:00,-0.114618085,0.09630755
2018-12-28 09:00:00,-0.187088,0.29569376
2018-12-28 09:30:00,-0.25956228,0.48547179
2018-12-28 10:00:00,-1.1494576,0.29203662
2018-12-28 10:30:00,-0.8042227,0.16083838
2018-12-28 11:00:00,-0.1714108,-0.026488444
2018-12-28 11:30:00,-4.7945776,-0.30382374
2018-12-28 12:00:00,-1.9773737,-0.6468346
2018-12-28 12:30:00,-1.2409822,-0.9777162
2018-12-28 13:00:00,-5.7857933,-1.2867161
2018-12-28 13:30:00,-4.697565,-1.5975729
2018-12-28 14:00:00,-3.0869944,-1.9071453
2018-12-28 14:30:00,-4.139534,-2.0185678
2018-12-28 15:00:00,-3.798948,-2.1010523
2018-12-28 15:30:00,-3.0929105,-2.138847
2018-12-28 16:00:00,-2.4023402,-2.1286752
2018-12-28 16:30:00,-1.4168613,-2.0807042
2018-12-28 17:00:00,-0.3209035,-2.0603082
2018-12-28 17:30:00,0.77505,-2.1181016
2018-12-28 18:00:00,0.74942374,-2.0895915
2018-12-28 18:30:00,0.76789737,-2.067063
2018-12-28 19:00:00,0.60853434,-2.0450242
2018-12-28 19:30:00,0.78422123,-1.9786364
2018-12-28 20:00:00,0.5575659,-1.8631372
2018-12-28 20:30:00,0.39902872,-1.8437461
2018-12-28 21:00:00,0.25048855,-1.809036
2018-12-28 21:30:00,0.49469984,-1.771582
2018-12-28 22:00:00,0.07485408,-1.7363913
2018-12-28 22:30:00,0.55232275,-1.6566159
2018-12-28 23:00:00,0.3795065,-1.547094
2018-12-28 23:30:00,0.46192104,-1.4444231
2018-12-29 00:00:00,0.24992055,-1.3502201
2018-12-29 00:30:00,0.23310295,-1.2500616
2018-12-29 01:00:00,0.3476103,-1.1788502
2018-12-29 01:30:00,0.46211764,-0.90393543
2018-12-29 02:00:00,0.31248513,-0.56104696
2018-12-29 02:30:00,0.16285264,-0.49205065
2018-12-29 03:00:00,0.24667412,-0.5061549
2018-12-29 03:30:00,0.32031062,-0.52095383
2018-12-29 04:00:00,0.378318,-0.5140809
2018-12-29 04:30:00,0.31971204,-0.45218477
2018-12-29 05:00:00,0.2611017,-0.33544904
2018-12-29 05:30:00,0.2024957,-0.19929157
2018-12-29 06:00:00,0.47989213,-0.09664698
2018-12-29 06:30:00,0.6550154,0.010340745
2018-12-29 07:00:00,0.8301343,-0.08182617
2018-12-29 07:30:00,0.87360924,-0.26150227
2018-12-29 08:00:00,0.2539884,-0.46582147
2018-12-29 08:30:00,0.035918877,-0.6384979
2018-12-29 09:00:00,-1.2323396,-0.76317275
2018-12-29 09:30:00,-1.5904728,-0.8539764
2018-12-29 10:00:00,-5.7513146,-1.0919002
2018-12-29 10:30:00,-3.8949208,-1.2094399
2018-12-29 11:00:00,-2.092982,-1.4340459
2018-12-29 11:30:00,-2.2001665,-1.829537
2018-12-29 12:00:00,-2.4400694,-1.9453114
2018-12-29 12:30:00,-1.9364285,-2.037308
2018-12-29 13:00:00,-2.1740859,-2.3561563
2018-12-29 13:30:00,-3.2011826,-2.4595873
2018-12-29 14:00:00,-3.2044203,-2.4506564
2018-12-29 14:30:00,-2.36084,-2.5632455
2018-12-29 15:00:00,-2.1850312,-2.5961905
2018-12-29 15:30:00,-0.6520472,-2.517245
2018-12-29 16:00:00,-0.65152293,-2.3578167
2018-12-29 16:30:00,-0.5326375,-2.1172276
2018-12-29 17:00:00,-0.41375202,-1.8127675
2018-12-29 17:30:00,1.0563395,-1.5050565
2018-12-29 18:00:00,2.287393,-1.2983735
2018-12-29 18:30:00,1.8390766,-1.0748204
2018-12-29 19:00:00,1.3907602,-0.86065274
2018-12-29 19:30:00,0.64793706,-0.6467516
2018-12-29 20:00:00,0.46926588,-0.54646206
2018-12-29 20:30:00,0.6075075,-0.44474378
2018-12-29 21:00:00,0.97786176,-0.35752732
2018-12-29 21:30:00,0.44508594,-0.2893787
2018-12-29 22:00:00,0.67656934,-0.25853112
2018-12-29 22:30:00,0.4082524,-0.20139322
2018-12-29 23:00:00,0.742695,-0.17736621
2018-12-29 23:30:00,0.52315736,-0.15711431
2018-12-30 00:00:00,0.4718438,-0.15936889
2018-12-30 00:30:00,0.42053023,-0.15451892
2018-12-30 01:00:00,0.5251192,-0.14873828
2018-12-30 01:30:00,0.3529933,-0.1450724
2018-12-30 02:00:00,0.900153,-0.16566074
2018-12-30 02:30:00,0.8174457,-0.1504598
2018-12-30 03:00:00,0.73474276,-0.15137298
2018-12-30 03:30:00,0.95612425,-0.15362757
2018-12-30 04:00:00,1.1362461,-0.17202687
2018-12-30 04:30:00,0.50233746,-0.18877019
2018-12-30 05:00:00,0.42222992,-0.2365708
2018-12-30 05:30:00,0.34212238,-0.30031952
2018-12-30 06:00:00,0.79286814,-0.34298617
2018-12-30 06:30:00,0.3316447,-0.3945444
2018-12-30 07:00:00,0.9067507,-0.4180471
2018-12-30 07:30:00,0.7617366,-0.50576603
2018-12-30 08:00:00,0.5044828,-0.6324638
2018-12-30 08:30:00,0.25777224,-0.7666245
2018-12-30 09:00:00,0.055270694,-0.97273076
2018-12-30 09:30:00,-0.900322,-1.1872349
2018-12-30 10:00:00,-2.508122,-1.542244
2018-12-30 10:30:00,-1.7331057,-1.6457057
2018-12-30 11:00:00,-1.8149608,-1.6859211
2018-12-30 11:30:00,-2.0461953,-1.6856021
2018-12-30 12:00:00,-1.8102157,-1.6390817
2018-12-30 12:30:00,-2.168882,-1.6418082
2018-12-30 13:00:00,-1.7834667,-1.3346565
2018-12-30 13:30:00,-0.9995367,-1.2260215
2018-12-30 14:00:00,-1.8542893,-1.1122919
2018-12-30 14:30:00,-1.0806841,-0.9839818
2018-12-30 15:00:00,-0.71468174,-0.8652537
2018-12-30 15:30:00,-0.59351116,-0.6845901
2018-12-30 16:00:00,-0.44847083,-0.5370287
2018-12-30 16:30:00,-0.34149185,-0.45973063
2018-12-30 17:00:00,-0.056186866,-0.34972367
2018-12-30 17:30:00,0.15866682,-0.17886053
2018-12-30 18:00:00,0.41277903,-0.07598436
2018-12-30 18:30:00,0.3016317,-0.044708602
2018-12-30 19:00:00,0.3409514,-0.07189465
2018-12-30 19:30:00,0.3747308,-0.06363659
2018-12-30 20:00:00,0.2857011,-0.06307295
2018-12-30 20:30:00,0.11893201,-0.06105431
2018-12-30 21:00:00,1.2973568,-0.051865585
2018-12-30 21:30:00,2.4757862,-0.056658756
2018-12-30 22:00:00,3.6542108,-0.07956285
2018-12-30 22:30:00,4.8326354,-0.07064502
2018-12-30 23:00:00,4.518978,-0.06428326
2018-12-30 23:30:00,4.205316,-0.08111834
2018-12-31 00:00:00,3.8916585,-0.09794468
2018-12-31 00:30:00,3.5779965,-0.101003215
2018-12-31 01:00:00,3.2643387,-0.09938656
2018-12-31 01:30:00,2.9506812,-0.091229
2018-12-31 02:00:00,2.6370192,-0.057650596
2018-12-31 02:30:00,2.3233616,-0.06638491
2018-12-31 03:00:00,2.0096993,-0.063308895
2018-12-31 03:30:00,1.6960418,-0.052874904
2018-12-31 04:00:00,1.3823842,-0.07803358
2018-12-31 04:30:00,1.0687222,-0.15965727
2018-12-31 05:00:00,0.7550646,-0.21724083
2018-12-31 05:30:00,0.44140258,-0.26454332
2018-12-31 06:00:00,0.12774497,-0.3042301
2018-12-31 06:30:00,-0.18591264,-0.36981392
2018-12-31 07:00:00,-0.49957466,-0.3939589
2018-12-31 07:30:00,-0.8132323,-0.4531067
2018-12-31 08:00:00,-1.12689,-0.54958177
2018-12-31 08:30:00,-1.4405519,-0.63984805
2018-12-31 09:00:00,-1.7542095,-0.73234266
2018-12-31 09:30:00,-2.0678716,-0.8804546
2018-12-31 10:00:00,-2.381529,-0.9880409
2018-12-31 10:30:00,-2.6951866,-1.0517852
2018-12-31 11:00:00,-2.2928357,-1.1258237
2018-12-31 11:30:00,-2.8026855,-1.1568068
2018-12-31 12:00:00,-2.924127,-1.229351
2018-12-31 12:30:00,-4.143244,-1.3186079
2018-12-31 13:00:00,-3.7851498,-1.2162037
2018-12-31 13:30:00,-3.2929606,-1.1752892
2018-12-31 14:00:00,-2.9670734,-1.2282019
2018-12-31 14:30:00,-3.0815501,-1.0725921
2018-12-31 15:00:00,-1.9992641,-0.9674657
2018-12-31 15:30:00,-1.2510797,-0.8959833
2018-12-31 16:00:00,-1.1290964,-0.87476575
2018-12-31 16:30:00,-0.49947417,-0.8481389
2018-12-31 17:00:00,-0.095773116,-0.76768625
2018-12-31 17:30:00,-0.0038814656,-0.69569695
2018-12-31 18:00:00,-0.226565,-0.6130727
2018-12-31 18:30:00,-0.44924855,-0.5339002
2018-12-31 19:00:00,0.37579253,-0.45566276
2018-12-31 19:30:00,0.5969293,-0.39537895
2018-12-31 20:00:00,0.19680682,-0.3454898
2018-12-31 20:30:00,1.510773,-0.29508504
2018-12-31 21:00:00,0.32118887,-0.21149078
2018-12-31 21:30:00,0.3697279,-0.12429618
2018-12-31 22:00:00,0.4182713,-0.053255036
2018-12-31 22:30:00,-1.76207,-0.023102203
2018-12-31 23:00:00,-0.7962574,-0.065471716
2018-12-31 23:30:00,-1.3323233,-0.10426711
2019-01-01 00:00:00,0.44286194,-0.15209393
2019-01-01 00:30:00,2.2180429,-0.21214618
2019-01-01 01:00:00,0.4471745,-0.26219264
2019-01-01 01:30:00,0.5180845,-0.31567776
2019-01-01 02:00:00,0.5889946,-0.35021305
2019-01-01 02:30:00,0.48897162,-0.3948284
2019-01-01 03:00:00,0.37165478,-0.44227073
2019-01-01 03:30:00,0.25433794,-0.47903436
2019-01-01 04:00:00,0.68527305,-0.5240954
2019-01-01 04:30:00,0.6034834,-0.5705328
2019-01-01 05:00:00,0.5831397,-0.68162334
2019-01-01 05:30:00,0.16967319,-0.73351365
2019-01-01 06:00:00,-0.6039539,-0.68412256
2019-01-01 06:30:00,4.2355433,-0.6708835
2019-01-01 07:00:00,9.075045,-0.70429146
2019-01-01 07:30:00,13.914546,-0.71998614
2019-01-01 08:00:00,11.194858,-0.81098646
2019-01-01 08:30:00,8.475168,-0.9534838
2019-01-01 09:00:00,5.177311,-1.1341168
2019-01-01 09:30:00,1.8794494,-1.2271138
2019-01-01 10:00:00,-1.418408,-1.3713415
2019-01-01 10:30:00,0.042481627,-1.5351001
2019-01-01 11:00:00,-3.152648,-1.651246
2019-01-01 11:30:00,-2.752141,-1.7366273
2019-01-01 12:00:00,-0.546331,-1.797051
2019-01-01 12:30:00,-2.4361415,-1.8524935
2019-01-01 13:00:00,-0.102091186,-1.846359
2019-01-01 13:30:00,-3.3169746,-1.646951
2019-01-01 14:00:00,-3.093544,-1.772906
2019-01-01 14:30:00,-3.7362087,-1.6346818
2019-01-01 15:00:00,-2.416864,-1.4834108
2019-01-01 15:30:00,-2.443731,-1.3474412
2019-01-01 16:00:00,0.027748205,-1.2929031
2019-01-01 16:30:00,-0.96934015,-1.0935081
2019-01-01 17:00:00,0.35448763,-0.8529015
2019-01-01 17:30:00,0.64059216,-0.6915024
2019-01-01 18:00:00,0.7815821,-0.5436482
2019-01-01 18:30:00,1.4777801,-0.4540636
2019-01-01 19:00:00,0.5512828,-0.35089466
2019-01-01 19:30:00,0.94704914,-0.27382383
2019-01-01 20:00:00,1.3428154,-0.2359154
2019-01-01 20:30:00,1.4015831,-0.19963674
2019-01-01 21:00:00,1.4603463,-0.1628862
2019-01-01 21:30:00,0.586054,-0.1442728
2019-01-01 22:00:00,2.9257367,-0.13258919
2019-01-01 22:30:00,0.8157023,-0.18086605
2019-01-01 23:00:00,-1.029576,-0.1589669
2019-01-01 23:30:00,0.2989489,-0.1797606
2019-01-02 00:00:00,1.6274781,-0.13858393
2019-01-02 00:30:00,2.2062936,-0.054862954
2019-01-02 01:00:00,1.5218711,-0.18178798
2019-01-02 01:30:00,0.5284967,-0.19108157
2019-01-02 02:00:00,1.2559223,-0.15336104
2019-01-02 02:30:00,0.8668455,-0.115845874
2019-01-02 03:00:00,0.47776425,-0.103209734
2019-01-02 03:30:00,0.69975746,-0.09655959
2019-01-02 04:00:00,1.558543,-0.10017741
2019-01-02 04:30:00,1.1732106,-0.08685092
2019-01-02 05:00:00,0.254587,-0.076766476
2019-01-02 05:30:00,0.83089453,-0.08399337
2019-01-02 06:00:00,0.9035086,-0.14318047
2019-01-02 06:30:00,1.0940338,-0.011851146
2019-01-02 07:00:00,1.3549229,0.13901788
2019-01-02 07:30:00,0.8565295,0.27260616
2019-01-02 08:00:00,0.61780167,0.015929135
2019-01-02 08:30:00,0.64400464,-0.37792343
2019-01-02 09:00:00,0.09621143,-0.66119224
2019-01-02 09:30:00,-0.8402086,-1.0725135
2019-01-02 10:00:00,-1.360641,-1.4770796
2019-01-02 10:30:00,-3.495008,-1.6402352
2019-01-02 11:00:00,-2.0685093,-1.9654629
2019-01-02 11:30:00,-2.6191163,-2.058438
2019-01-02 12:00:00,-3.325556,-2.0621476
2019-01-02 12:30:00,-2.4562972,-2.085279
2019-01-02 13:00:00,-2.124826,-1.9390982
2019-01-02 13:30:00,-3.2062511,-2.0611033
2019-01-02 14:00:00,-2.8601556,-2.06861
2019-01-02 14:30:00,-1.7563854,-2.0539026
2019-01-02 15:00:00,-0.9397641,-1.9466616
2019-01-02 15:30:00,0.93655396,-1.8443841
2019-01-02 16:00:00,0.25137118,-1.6408207
2019-01-02 16:30:00,-0.0005651347,-1.5041565
2019-01-02 17:00:00,1.808299,-1.1937627
2019-01-02 17:30:00,1.1988719,-0.8858595
2019-01-02 18:00:00,0.58944464,-0.68385607
2019-01-02 18:30:00,0.75760317,-0.54525614
2019-01-02 19:00:00,0.76146567,-0.42473218
2019-01-02 19:30:00,0.7378101,-0.29155025
2019-01-02 20:00:00,0.8934111,-0.098547645
2019-01-02 20:30:00,0.6650561,-0.054404173
2019-01-02 21:00:00,1.244715,-0.0482434
2019-01-02 21:30:00,1.533843,-0.09459776
2019-01-02 22:00:00,1.3061348,0.0096984515
2019-01-02 22:30:00,1.0784309,-0.060110535
2019-01-02 23:00:00,0.8173102,-0.15567242
2019-01-02 23:30:00,0.8403847,-0.058703605
2019-01-03 00:00:00,0.70719844,-0.01854498
2019-01-03 00:30:00,0.6968344,-0.03102819
2019-01-03 01:00:00,0.7469857,-0.016377784
2019-01-03 01:30:00,0.9321322,-0.034401324
2019-01-03 02:00:00,1.1469421,0.010380069
2019-01-03 02:30:00,0.7000677,0.013705138
2019-01-03 03:00:00,1.1317936,0.013530365
2019-01-03 03:30:00,1.2086504,0.04067709
2019-01-03 04:00:00,0.79329634,0.06733882
2019-01-03 04:30:00,1.3725837,0.046549488
2019-01-03 05:00:00,1.2279717,-0.025667008
2019-01-03 05:30:00,0.96180004,-0.070081376
2019-01-03 06:00:00,1.0448176,-0.12537977
2019-01-03 06:30:00,0.791151,-0.19020334
2019-01-03 07:00:00,0.7878434,-0.27185762
2019-01-03 07:30:00,0.81335163,-0.38227966
2019-01-03 08:00:00,0.4005274,-0.4909889
2019-01-03 08:30:00,0.18730786,-0.6222745
2019-01-03 09:00:00,-1.0317256,-0.86369383
2019-01-03 09:30:00,-1.1012725,-1.063613
2019-01-03 10:00:00,-1.3264859,-1.1740395
2019-01-03 10:30:00,-2.4404016,-1.6086055
2019-01-03 11:00:00,-2.29918,-1.5791606
2019-01-03 11:30:00,-2.570289,-1.6099294
2019-01-03 12:00:00,-4.155373,-1.7305976
2019-01-03 12:30:00,-2.9759867,-1.6962371
2019-01-03 13:00:00,-3.0375247,-1.5461764
2019-01-03 13:30:00,-3.4942694,-1.5586115
2019-01-03 14:00:00,-2.0368316,-1.5614079
2019-01-03 14:30:00,-2.0664253,-1.3861405
2019-01-03 15:00:00,-1.1680317,-1.1894851
2019-01-03 15:30:00,-0.26789463,-1.0257308
2019-01-03 16:00:00,-0.6131601,-0.91499865
2019-01-03 16:30:00,-0.37303412,-0.81799924
2019-01-03 17:00:00,0.2196541,-0.6522089
2019-01-03 17:30:00,0.90716577,-0.559841
2019-01-03 18:00:00,0.7294253,-0.49964893
2019-01-03 18:30:00,0.5516848,-0.4049216
2019-01-03 19:00:00,0.16209675,-0.3195621
2019-01-03 19:30:00,1.534564,-0.21833317
2019-01-03 20:00:00,2.0734262,-0.11334661
2019-01-03 20:30:00,2.7595968,-0.05316765
2019-01-03 21:00:00,0.9459874,0.017510835
2019-01-03 21:30:00,0.9765247,0.10332035
2019-01-03 22:00:00,0.6120516,0.12680994
2019-01-03 22:30:00,1.6537117,0.12442427
2019-01-03 23:00:00,1.5213337,0.1448029
2019-01-03 23:30:00,1.3889557,0.14586902
2019-01-04 00:00:00,0.64609754,0.15417077
2019-01-04 00:30:00,0.95493144,0.17339587
2019-01-04 01:00:00,0.6330769,0.18815988
2019-01-04 01:30:00,0.9957935,0.20558046
2019-01-04 02:00:00,0.8849433,0.2202964
2019-01-04 02:30:00,0.75099236,0.18907307
2019-01-04 03:00:00,0.65207046,0.19561398
2019-01-04 03:30:00,1.1607449,0.1928176
2019-01-04 04:00:00,0.961953,0.15356342
2019-01-04 04:30:00,-4.9806285,0.13425092
2019-01-04 05:00:00,-2.7728386,0.09568274
2019-01-04 05:30:00,-0.56504923,0.028622074
2019-01-04 06:00:00,1.6427402,-0.042821046
2019-01-04 06:30:00,3.85053,-0.1314925
2019-01-04 07:00:00,2.4431908,-0.21358806
2019-01-04 07:30:00,1.6167252,-0.29093856
2019-01-04 08:00:00,0.79025966,-0.4156527
2019-01-04 08:30:00,-0.03620586,-0.55749905
2019-01-04 09:00:00,-0.8626714,-0.74835193
2019-01-04 09:30:00,0.7678668,-0.9017246
2019-01-04 10:00:00,-0.8196377,-1.0590689
2019-01-04 10:30:00,-0.47369066,-1.2556151
2019-01-04 11:00:00,3.706595,-1.3825707
2019-01-04 11:30:00,4.606688,-1.4970082
2019-01-04 12:00:00,-0.9956523,-1.6262403
2019-01-04 12:30:00,5.294763,-1.6392171
2019-01-04 13:00:00,-1.3388991,-1.7017555
2019-01-04 13:30:00,-7.972562,-1.6719698
2019-01-04 14:00:00,2.459969,-1.6185938
2019-01-04 14:30:00,3.48593,-1.5095044
2019-01-04 15:00:00,12.306615,-1.3845326
2019-01-04 15:30:00,5.6175485,-1.226192
2019-01-04 16:00:00,-1.0715172,-1.1240455
2019-01-04 16:30:00,-0.98347497,-1.0173986
2019-01-04 17:00:00,-0.8954327,-0.8836967
2019-01-04 17:30:00,-0.80739045,-0.71877146
2019-01-04 18:00:00,-0.7193482,-0.6008997
2019-01-04 18:30:00,-0.631306,-0.4796985
2019-01-04 19:00:00,-0.54326373,-0.3438906
2019-01-04 19:30:00,-3.257556,-0.15909362
2019-01-04 20:00:00,-5.9718485,-0.0008010792
2019-01-04 20:30:00,0.16197442,0.08465889
2019-01-04 21:00:00,6.2958016,0.07387972
2019-01-04 21:30:00,17.057598,0.15825173
2019-01-04 22:00:00,11.259873,0.19190441
2019-01-04 22:30:00,5.462153,0.2847442
2019-01-04 23:00:00,-0.33557138,0.3507562
2019-01-04 23:30:00,-6.133296,0.38481525
2019-01-05 00:00:00,-11.931015,0.36925602
2019-01-05 00:30:00,-12.399636,0.41987485
2019-01-05 01:00:00,-14.620123,0.42737263
2019-01-05 01:30:00,-16.840612,0.4539732
2019-01-05 02:00:00,-19.061104,0.4525881
2019-01-05 02:30:00,-21.281593,0.42537585
2019-01-05 03:00:00,-18.262993,0.41198817
2019-01-05 03:30:00,-15.244392,0.38385835
2019-01-05 04:00:00,-12.225793,0.3228667
2019-01-05 04:30:00,-9.207193,0.012446768
2019-01-05 05:00:00,-6.1885943,-0.033142954
2019-01-05 05:30:00,-3.1699944,-0.02226329
2019-01-05 06:00:00,6.0127773,-0.015656844
2019-01-05 06:30:00,15.19555,-0.012432269
2019-01-05 07:00:00,3.160331,-0.16279007
2019-01-05 07:30:00,0.5521567,-0.29569677
2019-01-05 08:00:00,0.33146992,-0.4108639
2019-01-05 08:30:00,0.110787556,-0.53820837
2019-01-05 09:00:00,-0.26567063,-0.67681706
2019-01-05 09:30:00,-0.23994394,-0.7037147
2019-01-05 10:00:00,-0.3541979,-0.8951181
2019-01-05 10:30:00,-1.0093983,-1.05061
2019-01-05 11:00:00,-0.54294914,-1.0293574
2019-01-05 11:30:00,-0.07649557,-1.120681
2019-01-05 12:00:00,-5.4077663,-1.4642818
2019-01-05 12:30:00,-3.0216072,-1.4216851
2019-01-05 13:00:00,-0.63545245,-1.7013667
2019-01-05 13:30:00,-0.41457346,-2.1472626
2019-01-05 14:00:00,-1.4742308,-1.805427
2019-01-05 14:30:00,-2.3288085,-1.655292
2019-01-05 15:00:00,-9.162802,-1.2668312
2019-01-05 15:30:00,-12.074854,-1.4396256
2019-01-05 16:00:00,-14.986907,-1.7232659
2019-01-05 16:30:00,-17.898962,-1.7193859
2019-01-05 17:00:00,23.207834,-1.5952791
2019-01-05 17:30:00,20.163307,-1.4915072
2019-01-05 18:00:00,-9.228826,-1.4341115
2019-01-05 18:30:00,-5.8812327,-1.3735218
2019-01-05 19:00:00,-2.5336347,-1.2836051
2019-01-05 19:30:00,0.81395894,-1.2922914
2019-01-05 20:00:00,0.68889964,-1.3185118
2019-01-05 20:30:00,0.9098529,-0.972757
2019-01-05 21:00:00,0.8821251,-0.5213908
2019-01-05 21:30:00,0.8543928,0.12322271
2019-01-05 22:00:00,0.82666063,0.08610077
2019-01-05 22:30:00,0.7989328,-0.12600023
2019-01-05 23:00:00,0.7712006,-0.3931331
2019-01-05 23:30:00,0.26769066,-0.688103
2019-01-06 00:00:00,0.70617163,-0.98883617
2019-01-06 00:30:00,0.57331306,-1.0602618
2019-01-06 01:00:00,0.44045445,-1.1532807
2019-01-06 01:30:00,0.30759147,-1.2673687
2019-01-06 02:00:00,1.08107,-1.3764623
2019-01-06 02:30:00,0.40392673,-1.501111
2019-01-06 03:00:00,0.547582,-1.4241538
2019-01-06 03:30:00,0.940884,-1.2547805
2019-01-06 04:00:00,1.3341904,-1.0523401
2019-01-06 04:30:00,0.52175045,-0.81946295
2019-01-06 05:00:00,-0.7773119,-0.5641317
2019-01-06 05:30:00,-0.19321382,-0.31207305
2019-01-06 06:00:00,0.39087987,0.2199119
2019-01-06 06:30:00,1.7656367,0.822702
2019-01-06 07:00:00,0.41903156,0.45087534
2019-01-06 07:30:00,0.5483859,0.17852986
2019-01-06 08:00:00,0.083815604,0.020018838
2019-01-06 08:30:00,-0.38075474,-0.12967047
2019-01-06 09:00:00,-0.8453251,-0.27731928
2019-01-06 09:30:00,-1.0148993,-0.38744858
2019-01-06 10:00:00,-2.846685,-0.51101357
2019-01-06 10:30:00,-3.8985603,-0.6508194
2019-01-06 11:00:00,-1.887409,-0.70409924
2019-01-06 11:30:00,-3.2430978,-0.7164033
2019-01-06 12:00:00,-4.673437,-0.9924889
2019-01-06 12:30:00,-5.899383,-0.97335994
2019-01-06 13:00:00,-3.3435097,-0.8769679
2019-01-06 13:30:00,-2.7460413,-0.8303164
2019-01-06 14:00:00,-1.3007679,-0.8412005
2019-01-06 14:30:00,-1.3203294,-0.8367088
2019-01-06 15:00:00,-1.2593465,-1.1093732
2019-01-06 15:30:00,-0.08588092,-1.3090783
2019-01-06 16:00:00,-0.40001482,-1.4882563
2019-01-06 16:30:00,0.09067547,-1.6883548
2019-01-06 17:00:00,0.3846623,0.051202837
2019-01-06 17:30:00,0.6786448,0.5084108
2019-01-06 18:00:00,1.6314979,-0.5542395
2019-01-06 18:30:00,0.89562196,-0.67776084
2019-01-06 19:00:00,0.6177536,-0.57112265
2019-01-06 19:30:00,0.5187793,-0.41366902
2019-01-06 20:00:00,0.732178,-0.3842983
2019-01-06 20:30:00,0.9820082,-0.3677385
2019-01-06 21:00:00,0.9617607,-0.358659
2019-01-06 21:30:00,0.9613675,-0.37737724
2019-01-06 22:00:00,0.5799588,-0.39892685
2019-01-06 22:30:00,0.7098812,-0.39556682
2019-01-06 23:00:00,0.5742961,-0.39118874
2019-01-06 23:30:00,0.32547083,-0.41177708
2019-01-07 00:00:00,0.59922326,-0.39480218
2019-01-07 00:30:00,0.87298006,-0.41747907
2019-01-07 01:00:00,0.7605612,-0.44118714
2019-01-07 01:30:00,1.1295041,-0.46465924
2019-01-07 02:00:00,0.55687124,-0.41870686
2019-01-07 02:30:00,0.79728115,-0.40444097
2019-01-07 03:00:00,0.65291375,-0.35587135
2019-01-07 03:30:00,0.6906954,-0.29160705
2019-01-07 04:00:00,0.4412191,-0.23169461
2019-01-07 04:30:00,0.52480894,-0.2714731
2019-01-07 05:00:00,0.5831353,-0.33136806
2019-01-07 05:30:00,0.39338788,-0.32466987
2019-01-07 06:00:00,0.65734863,-0.29753187
2019-01-07 06:30:00,0.82862246,-0.23351225
2019-01-07 07:00:00,0.7109648,-0.26048857
2019-01-07 07:30:00,0.665646,-0.264906
2019-01-07 08:00:00,0.62180835,-0.30245176
2019-01-07 08:30:00,0.53010464,-0.3658116
2019-01-07 09:00:00,0.29593408,-0.46300763
2019-01-07 09:30:00,-0.7238443,-0.5352154
2019-01-07 10:00:00,-0.2277491,-0.70153004
2019-01-07 10:30:00,-0.120800704,-0.8641832
2019-01-07 11:00:00,13.858732,-0.8409514
2019-01-07 11:30:00,-0.9343854,-0.90930974
2019-01-07 12:00:00,-15.727502,-1.1257757
2019-01-07 12:30:00,-8.552186,-1.13063
2019-01-07 13:00:00,-8.795506,-1.0640063
2019-01-07 13:30:00,-9.03883,-0.9757325
2019-01-07 14:00:00,-9.282149,-0.8648473
2019-01-07 14:30:00,16.019032,-0.8168457
2019-01-07 15:00:00,12.989001,-0.76464957
2019-01-07 15:30:00,9.958967,-0.63662344
2019-01-07 16:00:00,6.928937,-0.54755443
2019-01-07 16:30:00,3.898903,-0.4652797
2019-01-07 17:00:00,0.86886847,-0.4059178
2019-01-07 17:30:00,0.6152325,-0.37242243
2019-01-07 18:00:00,0.36159217,-0.35168552
2019-01-07 18:30:00,0.39829466,-0.40775293
2019-01-07 19:00:00,0.4860136,-0.4278082
2019-01-07 19:30:00,0.5737325,-0.39671597
2019-01-07 20:00:00,0.6614514,-0.35051015
2019-01-07 20:30:00,0.74917036,-0.31365475
2019-01-07 21:00:00,-0.26318446,-0.29612496
2019-01-07 21:30:00,-1.2755393,-0.30481994
2019-01-07 22:00:00,-2.2878897,-0.32642198
2019-01-07 22:30:00,2.2240987,-0.30516076
2019-01-07 23:00:00,6.7360916,-0.27987972
2019-01-07 23:30:00,6.6507187,-0.2302134
2019-01-08 00:00:00,6.5653462,-0.13250181
2019-01-08 00:30:00,6.4799695,-0.032050617
2019-01-08 01:00:00,1.0834382,-0.0009933303
2019-01-08 01:30:00,3.427713,0.025620336
2019-01-08 02:00:00,-2.6879816,0.008453188
2019-01-08 02:30:00,-5.4801755,0.003690605
2019-01-08 03:00:00,-8.272365,-0.025994709
2019-01-08 03:30:00,-22.062712,-0.049523618
2019-01-08 04:00:00,-18.23434,-0.09405159
2019-01-08 04:30:00,-24.353899,-0.14498064
2019-01-08 05:00:00,-3.9933534,-0.19653888
2019-01-08 05:30:00,-10.084116,-0.24991477
2019-01-08 06:00:00,-16.174877,-0.26620367
2019-01-08 06:30:00,-5.153466,-0.2801812
2019-01-08 07:00:00,-3.1465833,-0.30134633
2019-01-08 07:30:00,-1.1396965,-0.33307213
2019-01-08 08:00:00,0.8671863,-0.36768606
2019-01-08 08:30:00,0.94030726,-0.40486914
2019-01-08 09:00:00,1.0134325,-0.45775568
2019-01-08 09:30:00,1.2871194,-0.5503639
2019-01-08 10:00:00,-1.6431016,-0.594503
2019-01-08 10:30:00,4.0407624,-0.6496616
2019-01-08 11:00:00,-4.54618,-0.08122757
2019-01-08 11:30:00,-13.133118,-0.62307847
2019-01-08 12:00:00,-4.2963367,-1.4681574
2019-01-08 12:30:00,4.540445,-1.4761883
2019-01-08 13:00:00,9.993127,-1.5222586
2019-01-08 13:30:00,6.408806,-1.5497199
2019-01-08 14:00:00,2.8244858,-1.5891227
2019-01-08 14:30:00,-0.7598345,-0.3877326
2019-01-08 15:00:00,-0.71064013,-0.10462103
2019-01-08 15:30:00,-0.1610904,-0.16463394
2019-01-08 16:00:00,-0.35645247,-0.31415287
2019-01-08 16:30:00,-0.5518145,-0.47609818
2019-01-08 17:00:00,0.38351318,-0.6444533
2019-01-08 17:30:00,0.6450577,-0.7341996
2019-01-08 18:00:00,0.9815844,-0.7745068
2019-01-08 18:30:00,1.3181112,-0.7709152
2019-01-08 19:00:00,1.6546379,-0.7515328
2019-01-08 19:30:00,1.9911647,-0.72931033
2019-01-08 20:00:00,1.4081677,-0.679727
2019-01-08 20:30:00,0.82517505,-0.6246733
2019-01-08 21:00:00,0.82792336,-0.6167561
2019-01-08 21:30:00,2.5878205,-0.61213326
2019-01-08 22:00:00,2.1106138,-0.59409225
2019-01-08 22:30:00,1.7938932,-0.34963194
2019-01-08 23:00:00,1.2514787,-0.07062754
2019-01-08 23:30:00,1.1605659,0.011293261
2019-01-09 00:00:00,1.3895106,0.054366242
2019-01-09 00:30:00,0.7419915,0.09546864
2019-01-09 01:00:00,0.8973129,-0.08895257
2019-01-09 01:30:00,1.0034748,-0.026973441
2019-01-09 02:00:00,1.0973763,-0.28525838
2019-01-09 02:30:00,0.8992791,-0.50373864
2019-01-09 03:00:00,1.0043662,-0.7143191
2019-01-09 03:30:00,0.7746174,-1.37246
2019-01-09 04:00:00,0.2912108,-1.49315
2019-01-09 04:30:00,0.46507132,-1.8215148
2019-01-09 05:00:00,1.2987113,-1.1070968
2019-01-09 05:30:00,1.0037938,-1.0576969
2019-01-09 06:00:00,0.70887625,-1.290618
2019-01-09 06:30:00,0.41395876,-0.8807692
2019-01-09 07:00:00,-0.35802543,-0.6113206
2019-01-09 07:30:00,0.48329586,-0.40576488
2019-01-09 08:00:00,-0.16808572,-0.23398414
2019-01-09 08:30:00,-0.8194717,-0.16129139
2019-01-09 09:00:00,-1.0300565,-0.122731954
2019-01-09 09:30:00,-3.3245292,-0.097079545
2019-01-09 10:00:00,-2.853501,-0.25689697
2019-01-09 10:30:00,-2.3824685,-0.10990794
2019-01-09 11:00:00,-4.3243613,-0.51813126
2019-01-09 11:30:00,-2.2131696,-1.097978
2019-01-09 12:00:00,-3.013253,-0.982304
2019-01-09 12:30:00,-3.2668233,-0.6195437
2019-01-09 13:00:00,7.5680537,-0.31309986
2019-01-09 13:30:00,15.122866,-0.3801212
2019-01-09 14:00:00,22.677681,-0.48924989
2019-01-09 14:30:00,5.1647143,-0.6505835
2019-01-09 15:00:00,-12.3482485,-0.7067383
2019-01-09 15:30:00,-2.6946974,-0.70128536
2019-01-09 16:00:00,-12.738159,-0.72183
2019-01-09 16:30:00,-3.021275,-0.68727726
2019-01-09 17:00:00,6.6956096,-0.63259494
2019-01-09 17:30:00,16.412495,-0.5742686
2019-01-09 18:00:00,7.5038114,-0.49364108
2019-01-09 18:30:00,-1.4048675,-0.40631104
2019-01-09 19:00:00,-10.31355,-0.30078268
2019-01-09 19:30:00,-11.429117,-0.21491633
2019-01-09 20:00:00,-12.544681,-0.18192343
2019-01-09 20:30:00,23.713114,-0.1708821
2019-01-09 21:00:00,7.517697,-0.16480435
2019-01-09 21:30:00,8.977376,-0.08840203
2019-01-09 22:00:00,5.123612,-0.07472162
2019-01-09 22:30:00,1.2698431,-0.06958764
2019-01-09 23:00:00,-2.5839214,-0.06394245
2019-01-09 23:30:00,-6.437686,-0.10423653
2019-01-10 00:00:00,6.2763276,-0.11269995
2019-01-10 00:30:00,6.061788,-0.13120848
2019-01-10 01:00:00,5.8472447,-0.13253677
2019-01-10 01:30:00,5.6327014,-0.1526532
2019-01-10 02:00:00,2.0192988,-0.1668492
2019-01-10 02:30:00,2.2278345,-0.20168597
2019-01-10 03:00:00,1.6861453,-0.2308994
2019-01-10 03:30:00,1.144456,-0.27712703
2019-01-10 04:00:00,0.6027668,-0.32107827
2019-01-10 04:30:00,0.5688913,-0.39593822
2019-01-10 05:00:00,0.53501576,-0.46050838
2019-01-10 05:30:00,0.50114024,-0.52105874
2019-01-10 06:00:00,0.44387126,-0.6275964
2019-01-10 06:30:00,0.20314236,-0.71700627
2019-01-10 07:00:00,0.17124179,-0.8140319
2019-01-10 07:30:00,0.21129118,-0.86087996
2019-01-10 08:00:00,0.25133622,-0.9928603
2019-01-10 08:30:00,-0.097284906,-1.1310889
2019-01-10 09:00:00,-0.70620084,-1.1979398
2019-01-10 09:30:00,-1.2776147,-1.344671
2019-01-10 10:00:00,-3.5122013,-1.3811157
2019-01-10 10:30:00,-3.0433664,-1.3769125
2019-01-10 11:00:00,-2.3904424,-1.4842978
2019-01-10 11:30:00,-0.29520738,-1.4413996
2019-01-10 12:00:00,-0.77282023,-1.4602052
2019-01-10 12:30:00,-1.9344536,-1.4816718
2019-01-10 13:00:00,-1.9725761,-0.97964746
2019-01-10 13:30:00,-1.1630462,-0.52472895
2019-01-10 14:00:00,-1.6032138,-0.09855202
2019-01-10 14:30:00,-1.0079346,-0.7775304
2019-01-10 15:00:00,-0.3718675,-1.7088645
2019-01-10 15:30:00,-2.0941837,-1.5393995
2019-01-10 16:00:00,-0.8590492,-1.9346023
2019-01-10 16:30:00,0.05378075,-1.6356736
2019-01-10 17:00:00,0.3131886,-1.0932853
2019-01-10 17:30:00,0.008562421,-0.48250362
2019-01-10 18:00:00,1.0471683,-0.66185206
2019-01-10 18:30:00,0.69814515,-1.0202692
2019-01-10 19:00:00,0.4561797,-1.3961506
2019-01-10 19:30:00,0.568817,-1.4767737
2019-01-10 20:00:00,0.7538586,-1.5000668
2019-01-10 20:30:00,0.41340384,0.05688298
2019-01-10 21:00:00,0.4966835,-0.17331582
2019-01-10 21:30:00,0.56554437,-0.12758192
2019-01-10 22:00:00,0.3235527,-0.21166992
2019-01-10 22:30:00,0.636284,-0.33660254
2019-01-10 23:00:00,0.94901097,-0.47300467
2019-01-10 23:30:00,-9.864976,-0.6196704
2019-01-11 00:00:00,-8.397157,-0.12447532
2019-01-11 00:30:00,-6.9293375,0.02259675
2019-01-11 01:00:00,-5.4615226,0.08883598
2019-01-11 01:30:00,-3.993703,0.12942716
2019-01-11 02:00:00,-2.5258834,0.011887492
2019-01-11 02:30:00,18.69409,-0.012519656
2019-01-11 03:00:00,12.558757,-0.05389296
2019-01-11 03:30:00,6.1763306,-0.08356517
2019-01-11 04:00:00,6.113521,-0.118436895
2019-01-11 04:30:00,6.0507164,-0.14432961
2019-01-11 05:00:00,5.987907,-0.18527472
2019-01-11 05:30:00,5.925102,-0.22199905
2019-01-11 06:00:00,3.230874,-0.25768346
2019-01-11 06:30:00,0.53664553,-0.3152452
2019-01-11 07:00:00,-0.31175846,-0.360966
2019-01-11 07:30:00,-0.24903217,-0.39630523
2019-01-11 08:00:00,0.36375064,-0.41691107
2019-01-11 08:30:00,0.9765335,-0.46696624
2019-01-11 09:00:00,1.5893207,-0.5326724
2019-01-11 09:30:00,2.2021034,-0.6374973
2019-01-11 10:00:00,2.8148863,-0.8106937
2019-01-11 10:30:00,4.066087,-0.9211638
2019-01-11 11:00:00,0.32608253,-0.97152483
2019-01-11 11:30:00,-6.020204,-0.85861665
2019-01-11 12:00:00,-18.184822,-0.9723856
2019-01-11 12:30:00,-14.494319,-0.9315104
2019-01-11 13:00:00,-10.803817,-0.93732595
2019-01-11 13:30:00,-7.2625217,-0.8868863
2019-01-11 14:00:00,-3.7212262,-0.93634725
2019-01-11 14:30:00,-0.17993538,-0.9010779
2019-01-11 15:00:00,-0.59022975,-0.8311772
2019-01-11 15:30:00,-0.5597536,-0.9021746
2019-01-11 16:00:00,-0.2782893,-0.7951301
2019-01-11 16:30:00,0.1785648,-0.71275926
2019-01-11 17:00:00,0.6354145,-0.64070004
2019-01-11 17:30:00,10.961871,-0.59746104
2019-01-11 18:00:00,-4.852799,-0.5227715
2019-01-11 18:30:00,-0.34870562,-0.52374583
2019-01-11 19:00:00,0.11958304,-0.5173797
2019-01-11 19:30:00,0.5878717,-0.47317946
2019-01-11 20:00:00,0.45488638,-0.4237447
2019-01-11 20:30:00,0.32190108,-0.37981972
2019-01-11 21:00:00,0.35225928,-0.3148607
2019-01-11 21:30:00,0.269919,-0.24010997
2019-01-11 22:00:00,0.29705262,-0.18039854
2019-01-11 22:30:00,0.26426947,-0.100789115
2019-01-11 23:00:00,0.5198891,-0.024194539
2019-01-11 23:30:00,0.16059807,-0.41582745
2019-01-12 00:00:00,-0.19869296,-0.4856321
2019-01-12 00:30:00,-0.55798405,-0.45180464
2019-01-12 01:00:00,-0.9172751,-0.38188642
2019-01-12 01:30:00,-1.2765661,-0.29717797
2019-01-12 02:00:00,-1.6358571,-0.18681273
2019-01-12 02:30:00,-1.9951482,0.7818574
2019-01-12 03:00:00,-2.354439,0.8665615
2019-01-12 03:30:00,-2.71373,0.66482455
2019-01-12 04:00:00,-3.0730212,0.59854597
2019-01-12 04:30:00,-3.4323123,0.52407056
2019-01-12 05:00:00,-3.7916033,0.4205652
2019-01-12 05:30:00,-4.150894,0.3096407
2019-01-12 06:00:00,-4.5101852,0.08758198
2019-01-12 06:30:00,-4.869481,-0.16910379
2019-01-12 07:00:00,-5.228772,-0.35855412
2019-01-12 07:30:00,-5.5880632,-0.48624817
2019-01-12 08:00:00,-5.9473543,-0.55378944
2019-01-12 08:30:00,-6.3066454,-0.58309025
2019-01-12 09:00:00,-6.665936,-0.58292425
2019-01-12 09:30:00,-7.025227,-0.5603085
2019-01-12 10:00:00,-7.384518,-0.5423112
2019-01-12 10:30:00,-1.7696944,-0.4913734
2019-01-12 11:00:00,-2.5238864,-0.6026955
2019-01-12 11:30:00,-2.1240656,-0.93144923
2019-01-12 12:00:00,-2.3478153,-1.5433844
2019-01-12 12:30:00,-1.211961,-1.6707027
2019-01-12 13:00:00,-1.8411201,-1.6236886
2019-01-12 13:30:00,-1.8809904,-1.4633774
2019-01-12 14:00:00,-1.9747171,-1.2388892
2019-01-12 14:30:00,-3.0729382,-0.90449476
2019-01-12 15:00:00,-2.672571,-0.7581786
2019-01-12 15:30:00,-3.2131371,-0.6274391
2019-01-12 16:00:00,-1.8795135,-0.50108206
2019-01-12 16:30:00,-1.3107387,-0.3936006
2019-01-12 17:00:00,-0.4027369,-0.29592833
2019-01-12 17:30:00,0.13332899,0.2186273
2019-01-12 18:00:00,0.6693949,-0.28117743
2019-01-12 18:30:00,0.8485467,-0.24263544
2019-01-12 19:00:00,0.6456999,-0.20644855
2019-01-12 19:30:00,1.238126,-0.19048297
2019-01-12 20:00:00,-1.3339268,-0.2006548
2019-01-12 20:30:00,-4.4817147,-0.21784817
2019-01-12 21:00:00,-4.0117917,-0.21880943
2019-01-12 21:30:00,-3.5418735,-0.21796614
2019-01-12 22:00:00,-3.0719507,-0.2057582
2019-01-12 22:30:00,-2.6020322,-0.18428725
2019-01-12 23:00:00,-2.1321096,-0.13623323
2019-01-12 23:30:00,-1.6621869,-0.09837287
2019-01-13 00:00:00,-1.1922684,-0.10171979
2019-01-13 00:30:00,-0.7223456,-0.111965895
2019-01-13 01:00:00,-0.25242278,-0.124112666
2019-01-13 01:30:00,0.21749565,-0.14224544
2019-01-13 02:00:00,0.6874184,-0.13602349
2019-01-13 02:30:00,1.1573368,-0.2267791
2019-01-13 03:00:00,0.49982506,-0.30533552
2019-01-13 03:30:00,-0.1576867,-0.38685435
2019-01-13 04:00:00,-0.81520283,-0.4669007
2019-01-13 04:30:00,-1.4727147,-0.54544836
2019-01-13 05:00:00,-2.1302307,-0.6006201
2019-01-13 05:30:00,-2.7877424,-0.6556825
2019-01-13 06:00:00,-3.4452586,-0.7231714
2019-01-13 06:30:00,-4.1027703,-0.77717644
2019-01-13 07:00:00,-4.760287,-0.8294906
2019-01-13 07:30:00,-5.4177985,-0.87483567
2019-01-13 08:00:00,-6.07531,-0.925804
2019-01-13 08:30:00,-6.732826,-0.96930957
2019-01-13 09:00:00,-7.3903384,-1.000865
2019-01-13 09:30:00,-8.047854,-1.0207804
2019-01-13 10:00:00,-8.705366,-1.0813614
2019-01-13 10:30:00,-9.362882,-0.84138834
2019-01-13 11:00:00,-4.9221315,-0.7460274
2019-01-13 11:30:00,-3.8447912,-0.78626907
2019-01-13 12:00:00,-2.8670328,-0.7342914
2019-01-13 12:30:00,-3.2334635,-0.6486916
2019-01-13 13:00:00,-5.303798,-0.7142273
2019-01-13 13:30:00,-3.0911846,-0.7788193
2019-01-13 14:00:00,-4.802901,-0.7996917
2019-01-13 14:30:00,-3.011706,-0.8847453
2019-01-13 15:00:00,-6.3374534,-0.8904429
2019-01-13 15:30:00,-0.26472685,-0.9898062
2019-01-13 16:00:00,-1.4696343,-0.7872085
2019-01-13 16:30:00,-0.8167496,-0.6634643
2019-01-13 17:00:00,0.30384257,-0.5985621
2019-01-13 17:30:00,0.34540814,-0.48587677
2019-01-13 18:00:00,1.3751005,-0.39728835
2019-01-13 18:30:00,1.0191957,-0.36951244
2019-01-13 19:00:00,0.9131867,-0.34077963
2019-01-13 19:30:00,0.8071734,-0.26033127
2019-01-13 20:00:00,0.70116,-0.34134766
2019-01-13 20:30:00,0.595151,-0.45529136
2019-01-13 21:00:00,0.48913765,-0.40287673
2019-01-13 21:30:00,0.38312867,-0.3725972
2019-01-13 22:00:00,0.27711532,-0.31060496
2019-01-13 22:30:00,-3.2215264,-0.32507622
2019-01-13 23:00:00,-0.94391495,-0.28308246
2019-01-13 23:30:00,-1.6284249,-0.25851363
2019-01-14 00:00:00,-1.8532975,-0.1947125
2019-01-14 00:30:00,0.2967686,-0.11401949
2019-01-14 01:00:00,-0.27314657,-0.06305547
2019-01-14 01:30:00,-0.8430618,0.018201193
2019-01-14 02:00:00,-1.4129726,0.11080066
2019-01-14 02:30:00,0.80918765,0.1507889
2019-01-14 03:00:00,1.0583931,0.13398877
2019-01-14 03:30:00,0.40464768,0.11222507
2019-01-14 04:00:00,0.2805671,0.11311641
2019-01-14 04:30:00,0.15648653,0.08576433
2019-01-14 05:00:00,-0.79418194,-0.07939245
2019-01-14 05:30:00,-0.7902408,-0.22376862
2019-01-14 06:00:00,-2.2508247,-0.37667817
2019-01-14 06:30:00,-0.67982316,-0.54635286
2019-01-14 07:00:00,0.89117837,-0.6283523
2019-01-14 07:30:00,0.940849,-0.74422723
2019-01-14 08:00:00,0.9905197,-0.92164004
2019-01-14 08:30:00,1.0401905,-1.078316
2019-01-14 09:00:00,-0.5520723,-1.2281232
2019-01-14 09:30:00,-0.74954474,-1.3464187
2019-01-14 10:00:00,-1.3625023,-1.514621
2019-01-14 10:30:00,-1.8378868,-1.7871369
2019-01-14 11:00:00,-2.8315363,-1.6473616
2019-01-14 11:30:00,-2.9764063,-1.5675687
2019-01-14 12:00:00,-3.8135548,-1.498
2019-01-14 12:30:00,-3.0167527,-1.439062
2019-01-14 13:00:00,-3.4421082,-1.3994364
2019-01-14 13:30:00,-3.1078448,-1.3610036
2019-01-14 14:00:00,-4.002835,-1.4815494
2019-01-14 14:30:00,-2.1652904,-1.4097961
2019-01-14 15:00:00,-1.7021575,-1.523281
2019-01-14 15:30:00,-1.3703191,-1.234769
2019-01-14 16:00:00,-0.15826344,-0.9876127
2019-01-14 16:30:00,0.35332975,-0.88603866
2019-01-14 17:00:00,0.27939612,-0.64736766
2019-01-14 17:30:00,0.34118736,-0.5279098
2019-01-14 18:00:00,0.6058865,-0.5063253
2019-01-14 18:30:00,0.85472494,-0.59048754
2019-01-14 19:00:00,0.7890668,-0.642474
2019-01-14 19:30:00,0.90903586,-0.7076646
2019-01-14 20:00:00,1.2205744,-0.76198864
2019-01-14 20:30:00,0.57228625,-0.7220048
2019-01-14 21:00:00,0.61498785,-0.6742042
2019-01-14 21:30:00,0.58153176,-0.6142349
2019-01-14 22:00:00,0.7171911,-0.55641544
2019-01-14 22:30:00,0.36460704,-0.60595065
2019-01-14 23:00:00,0.61861,-0.4520974
2019-01-14 23:30:00,0.61473006,-0.3748736
2019-01-15 00:00:00,0.38202322,-0.2913318
2019-01-15 00:30:00,0.1493208,-0.11104397
2019-01-15 01:00:00,0.31115687,0.015675712
2019-01-15 01:30:00,0.6843555,0.11165705
2019-01-15 02:00:00,0.3115807,0.18285114
2019-01-15 02:30:00,0.26022345,0.32360512
2019-01-15 03:00:00,0.20887056,0.3983733
2019-01-15 03:30:00,0.038099177,0.40506715
2019-01-15 04:00:00,0.44331637,0.38062504
2019-01-15 04:30:00,0.28857172,0.30899402
2019-01-15 05:00:00,0.28015202,0.17077863
2019-01-15 05:30:00,0.89754885,0.047571912
2019-01-15 06:00:00,0.6593454,-0.1320605
2019-01-15 06:30:00,0.42113757,-0.20526446
2019-01-15 07:00:00,0.2802962,-0.25810292
2019-01-15 07:30:00,0.59343386,-0.38287824
2019-01-15 08:00:00,-0.5915362,-0.49919888
2019-01-15 08:30:00,-1.7765063,-0.60572785
2019-01-15 09:00:00,-1.1308748,-0.77126914
2019-01-15 09:30:00,-0.4852432,-0.89990693
2019-01-15 10:00:00,-2.0111094,-1.0540836
2019-01-15 10:30:00,-1.327268,-1.2157929
2019-01-15 11:00:00,-2.2837389,-1.3992136
2019-01-15 11:30:00,-3.2824087,-1.5841067
2019-01-15 12:00:00,-2.986591,-1.6542389
2019-01-15 12:30:00,-3.5678186,-1.6731888
2019-01-15 13:00:00,-2.6201344,-1.7207141
2019-01-15 13:30:00,-3.696225,-1.7316375
2019-01-15 14:00:00,-2.112819,-1.8042035
2019-01-15 14:30:00,-4.2659917,-1.6007364
2019-01-15 15:00:00,-0.45932865,-1.4920272
2019-01-15 15:30:00,-0.063291416,-1.3920172
2019-01-15 16:00:00,1.5245321,-1.2246277
2019-01-15 16:30:00,3.1123557,-1.0532141
2019-01-15 17:00:00,2.8814883,-0.92442334
2019-01-15 17:30:00,1.9710395,-0.8042358
2019-01-15 18:00:00,1.004672,-0.67564607
2019-01-15 18:30:00,0.16335076,-0.551347
2019-01-15 19:00:00,1.0414226,-0.45060742
2019-01-15 19:30:00,0.746505,-0.3584143
2019-01-15 20:00:00,0.3041965,-0.2539171
2019-01-15 20:30:00,0.41216296,-0.19406584
2019-01-15 21:00:00,0.34394878,-0.12553707
2019-01-15 21:30:00,0.5896893,-0.059835266
2019-01-15 22:00:00,0.47851142,0.013464824
2019-01-15 22:30:00,0.91025054,0.08394668
2019-01-15 23:00:00,1.341994,0.17533149
2019-01-15 23:30:00,0.71848446,0.24565606
2019-01-16 00:00:00,0.75394166,0.29382804
2019-01-16 00:30:00,0.44758958,0.3222069
2019-01-16 01:00:00,0.34022173,0.36145237
2019-01-16 01:30:00,1.3394248,0.3942268
2019-01-16 02:00:00,0.3247499,0.38357872
2019-01-16 02:30:00,0.5726882,0.35131985
2019-01-16 03:00:00,0.3598357,0.29713127
2019-01-16 03:30:00,0.74660116,0.22627366
2019-01-16 04:00:00,0.70788443,0.1748596
2019-01-16 04:30:00,0.7062896,0.10223238
2019-01-16 05:00:00,0.3406674,0.042127714
2019-01-16 05:30:00,0.2923381,0.008872645
2019-01-16 06:00:00,0.12801588,-0.086545065
2019-01-16 06:30:00,0.46049225,-0.21275789
2019-01-16 07:00:00,0.6329415,-0.36474985
2019-01-16 07:30:00,0.31724337,-0.5307936
2019-01-16 08:00:00,0.69901466,-0.7431087
2019-01-16 08:30:00,0.33497414,-0.9890852
2019-01-16 09:00:00,2.403587,-1.1623646
2019-01-16 09:30:00,4.4721956,-1.2364249
2019-01-16 10:00:00,-0.24918072,-1.4318613
2019-01-16 10:30:00,-2.5945039,-1.5598612
2019-01-16 11:00:00,-0.07781948,-1.7210375
2019-01-16 11:30:00,-2.6828215,-1.8645966
2019-01-16 12:00:00,-3.191085,-2.0070066
2019-01-16 12:30:00,-2.7707937,-2.1788135
2019-01-16 13:00:00,-3.2339747,-2.338373
2019-01-16 13:30:00,-3.259474,-2.38994
2019-01-16 14:00:00,-3.472532,-2.3110034
2019-01-16 14:30:00,-2.9692712,-2.4034543
2019-01-16 15:00:00,-2.9018435,-2.1164455
2019-01-16 15:30:00,-1.635914,-1.9611765
2019-01-16 16:00:00,-1.8414696,-1.7591993
2019-01-16 16:30:00,-1.4028882,-1.5320984
2019-01-16 17:00:00,-0.46359748,-1.3751079
2019-01-16 17:30:00,-0.3195053,-1.2791572
2019-01-16 18:00:00,-0.6604364,-1.2156706
2019-01-16 18:30:00,-1.001363,-1.1837132
2019-01-16 19:00:00,-0.58950007,-1.0646836
2019-01-16 19:30:00,-0.17764148,-1.0139292
2019-01-16 20:00:00,0.23422149,-1.0016252
2019-01-16 20:30:00,0.6460844,-0.95092773
2019-01-16 21:00:00,0.46788517,-0.8652318
2019-01-16 21:30:00,0.30645543,-0.7566056
2019-01-16 22:00:00,-0.10479143,-0.6249092
2019-01-16 22:30:00,0.14123313,-0.5262626
2019-01-16 23:00:00,0.3872577,-0.4163474
2019-01-16 23:30:00,-0.37270206,-0.35162434
2019-01-17 00:00:00,0.14890571,-0.30071276
2019-01-17 00:30:00,0.6705178,-0.25513178
2019-01-17 01:00:00,3.9130857,-0.20047566
2019-01-17 01:30:00,7.155653,-0.107596554
2019-01-17 02:00:00,10.398222,-0.08433417
2019-01-17 02:30:00,13.640794,-0.0528181
2019-01-17 03:00:00,-0.2306984,-0.04724719
2019-01-17 03:30:00,-4.466802,-0.053521566
2019-01-17 04:00:00,6.7348504,-0.083927825
2019-01-17 04:30:00,-1.1211792,-0.12327375
2019-01-17 05:00:00,13.866557,-0.17914017
2019-01-17 05:30:00,-5.5177517,-0.19720303
2019-01-17 06:00:00,-2.3091202,-0.23442546
2019-01-17 06:30:00,0.8995107,-0.2655439
2019-01-17 07:00:00,0.79010236,-0.31185895
2019-01-17 07:30:00,0.6013336,-0.37081012
2019-01-17 08:00:00,0.56885195,-0.45750663
2019-01-17 08:30:00,0.30064422,-0.649063
2019-01-17 09:00:00,-0.44360337,-0.69752336
2019-01-17 09:30:00,-1.187851,-0.7110989
2019-01-17 10:00:00,-1.9320986,-1.0141784
2019-01-17 10:30:00,-2.720319,-1.2972287
2019-01-17 11:00:00,-2.9573953,-1.3307328
2019-01-17 11:30:00,-2.455681,-1.5236131
2019-01-17 12:00:00,-2.7908971,-1.575853
2019-01-17 12:30:00,-2.6503353,-1.5436946
2019-01-17 13:00:00,-2.0645902,-1.4419194
2019-01-17 13:30:00,-3.1587696,-1.4416224
2019-01-17 14:00:00,-2.1334903,-1.5298525
2019-01-17 14:30:00,-3.029236,-1.4407486
2019-01-17 15:00:00,-1.7132514,-1.3398473
2019-01-17 15:30:00,-1.8401939,-1.1927927
2019-01-17 16:00:00,-1.2595825,-1.1180595
2019-01-17 16:30:00,-0.6256957,-0.9052856
2019-01-17 17:00:00,-0.27226833,-0.60572785
2019-01-17 17:30:00,-0.24343504,-0.28894612
2019-01-17 18:00:00,-0.21460174,-0.03260989
2019-01-17 18:30:00,0.055336233,0.019009521
2019-01-17 19:00:00,0.5586976,0.09250186
2019-01-17 19:30:00,1.0620633,0.13070738
2019-01-17 20:00:00,1.5654247,0.14914602
2019-01-17 20:30:00,0.9675457,0.087892205
2019-01-17 21:00:00,-1.5450666,-0.015075721
2019-01-17 21:30:00,-7.1900954,-0.056374747
2019-01-17 22:00:00,-12.835119,-0.13417964
2019-01-17 22:30:00,-12.319004,-0.1228106
2019-01-17 23:00:00,-11.802884,-0.2204654
2019-01-17 23:30:00,-11.286769,-0.25525847
2019-01-18 00:00:00,-10.770654,-0.27315092
2019-01-18 00:30:00,-10.254534,-0.25993803
2019-01-18 01:00:00,-9.738418,-0.12060409
2019-01-18 01:30:00,-9.222302,-0.014979595
2019-01-18 02:00:00,-8.706183,0.16578011
2019-01-18 02:30:00,-8.190067,0.30313912
2019-01-18 03:00:00,-7.673948,-0.2377243
2019-01-18 03:30:00,-7.1578326,-0.4499258
2019-01-18 04:00:00,-6.641717,-0.13812952
2019-01-18 04:30:00,-6.125597,-0.44990835
2019-01-18 05:00:00,-5.609482,-0.029765451
2019-01-18 05:30:00,-5.093362,-0.7331335
2019-01-18 06:00:00,-4.577246,-0.856716
2019-01-18 06:30:00,-4.0611305,-0.7468008
2019-01-18 07:00:00,-3.5450106,-0.75550455
2019-01-18 07:30:00,-3.0288951,-0.777041
2019-01-18 08:00:00,-2.5127797,-0.74117744
2019-01-18 08:30:00,-1.99666,-0.87395304
2019-01-18 09:00:00,-1.4805444,-1.0698482
2019-01-18 09:30:00,-0.96442467,-1.0902092
2019-01-18 10:00:00,-1.9301717,-1.3095896
2019-01-18 10:30:00,-3.1227355,-1.5564967
2019-01-18 11:00:00,-3.680268,-1.6830984
2019-01-18 11:30:00,-4.1004286,-1.7880981
2019-01-18 12:00:00,-4.466339,-1.8404429
2019-01-18 12:30:00,-4.447459,-1.8412642
2019-01-18 13:00:00,-3.6512818,-1.7665092
2019-01-18 13:30:00,-4.1290345,-1.7929918
2019-01-18 14:00:00,-0.50491834,-1.7585177
2019-01-18 14:30:00,3.1192024,-1.7892342
2019-01-18 15:00:00,1.9300901,-1.6747531
2019-01-18 15:30:00,1.6204741,-1.5768273
2019-01-18 16:00:00,-2.914471,-1.4482987
2019-01-18 16:30:00,3.75568,-1.2365211
2019-01-18 17:00:00,-4.5740256,-0.95246136
2019-01-18 17:30:00,-0.12721927,-0.61494714
2019-01-18 18:00:00,2.1308963,-0.27244747
2019-01-18 18:30:00,2.4288986,-0.015473331
2019-01-18 19:00:00,2.929525,0.1327872
2019-01-18 19:30:00,2.0763626,0.23514342
2019-01-18 20:00:00,2.3589194,0.21521923
2019-01-18 20:30:00,2.170548,0.1431775
2019-01-18 21:00:00,2.028776,0.0038085773
2019-01-18 21:30:00,1.9408474,-0.26774606
2019-01-18 22:00:00,1.1701216,-0.5406334
2019-01-18 22:30:00,1.3702986,-0.66570145
2019-01-18 23:00:00,1.2889327,-0.7364935
2019-01-18 23:30:00,0.5377029,-0.79553646
2019-01-19 00:00:00,0.69506913,-0.75937575
2019-01-19 00:30:00,0.40438116,-0.72269076
2019-01-19 01:00:00,1.0620109,-0.7626135
2019-01-19 01:30:00,0.9119983,-0.6195131
2019-01-19 02:00:00,1.0292845,-0.56191206
2019-01-19 02:30:00,1.5949833,-0.6113905
2019-01-19 03:00:00,1.1874373,-0.4915045
2019-01-19 03:30:00,1.0168056,-0.42107067
2019-01-19 04:00:00,1.260462,-0.33976158
2019-01-19 04:30:00,0.5359202,-0.22763112
2019-01-19 05:00:00,0.7530372,-0.27039826
2019-01-19 05:30:00,0.9510427,-0.3034742
2019-01-19 06:00:00,1.0204716,-0.35213992
2019-01-19 06:30:00,0.9680001,-0.42406803
2019-01-19 07:00:00,1.1376879,-0.57197464
2019-01-19 07:30:00,0.5917036,-0.5853143
2019-01-19 08:00:00,0.8604269,-0.7467265
2019-01-19 08:30:00,0.92715114,-0.96710306
2019-01-19 09:00:00,0.0392221,-1.1886593
2019-01-19 09:30:00,-0.12503897,-1.3419446
2019-01-19 10:00:00,-0.28930005,-1.5505545
2019-01-19 10:30:00,-0.30028895,-1.8078039
2019-01-19 11:00:00,0.6285634,-2.0297272
2019-01-19 11:30:00,-0.45794356,-2.352001
2019-01-19 12:00:00,-0.7885018,-2.3622732
2019-01-19 12:30:00,-0.7330461,-2.424104
2019-01-19 13:00:00,-0.30207163,-2.4941838
2019-01-19 13:30:00,-0.33880907,-2.5728014
2019-01-19 14:00:00,-0.9523303,-2.3895423
2019-01-19 14:30:00,-0.19926098,-2.139258
2019-01-19 15:00:00,-0.17106561,-2.0890148
2019-01-19 15:30:00,-0.023421165,-2.0429313
2019-01-19 16:00:00,0.12421892,-2.1378028
2019-01-19 16:30:00,0.67405695,-1.7084713
2019-01-19 17:00:00,0.8971469,-1.7516447
2019-01-19 17:30:00,0.4979943,-1.3481796
2019-01-19 18:00:00,0.5378995,-0.8849332
2019-01-19 18:30:00,0.75064284,-0.51248604
2019-01-19 19:00:00,0.5292438,-0.35196078
2019-01-19 19:30:00,0.61663944,-0.22468182
2019-01-19 20:00:00,0.801017,-0.030071305
2019-01-19 20:30:00,0.70749557,0.1429634
2019-01-19 21:00:00,1.0384514,0.16854154
2019-01-19 21:30:00,1.5860698,0.19567515
2019-01-19 22:00:00,1.3599651,0.28146282
2019-01-19 22:30:00,1.0063936,0.43816054
2019-01-19 23:00:00,0.7619201,0.48054755
2019-01-19 23:30:00,0.58968496,0.561258
2019-01-20 00:00:00,0.73914707,0.664108
2019-01-20 00:30:00,0.57711434,0.7129834
2019-01-20 01:00:00,0.59711725,0.76739925
2019-01-20 01:30:00,0.77394015,0.7977618
2019-01-20 02:00:00,0.80651796,0.80686754
2019-01-20 02:30:00,0.7657957,0.841748
2019-01-20 03:00:00,1.088393,0.8130108
2019-01-20 03:30:00,1.1499046,0.79734236
2019-01-20 04:00:00,1.1502279,0.7843086
2019-01-20 04:30:00,1.1121885,0.71526426
2019-01-20 05:00:00,1.3662089,0.65635675
2019-01-20 05:30:00,0.24718097,0.56068563
2019-01-20 06:00:00,0.94103694,0.43779352
2019-01-20 06:30:00,1.0558108,0.25889516
2019-01-20 07:00:00,0.89720803,0.054287594
2019-01-20 07:30:00,0.30852214,-0.16661325
2019-01-20 08:00:00,0.56526035,-0.3776394
2019-01-20 08:30:00,0.2561687,-0.607895
2019-01-20 09:00:00,-0.052922968,-0.88561046
2019-01-20 09:30:00,-0.36201465,-1.140649
2019-01-20 10:00:00,-1.8487053,-1.3649666
2019-01-20 10:30:00,-2.2799027,-1.5291097
2019-01-20 11:00:00,-2.5872684,-1.6044635
2019-01-20 11:30:00,-2.930183,-1.7332454
2019-01-20 12:00:00,-5.314896,-1.8339456
2019-01-20 12:30:00,-2.9522743,-1.9099329
2019-01-20 13:00:00,-2.72253,-1.9079973
2019-01-20 13:30:00,-3.5877428,-1.9079492
2019-01-20 14:00:00,-6.503257,-1.9259204
2019-01-20 14:30:00,-1.7750994,-1.8531663
2019-01-20 15:00:00,-5.528439,-1.7421327
2019-01-20 15:30:00,-1.4327482,-1.6479559
2019-01-20 16:00:00,-1.0658327,-1.5500913
2019-01-20 16:30:00,-1.0220693,-1.4303277
2019-01-20 17:00:00,0.49591887,-1.3032322
2019-01-20 17:30:00,0.477974,-1.1834642
2019-01-20 18:00:00,1.0008051,-1.0314329
2019-01-20 18:30:00,1.473568,-0.8313257
2019-01-20 19:00:00,1.0159361,-0.6515491
2019-01-20 19:30:00,0.47530434,-0.4792135
2019-01-20 20:00:00,0.79670006,-0.32701182
2019-01-20 20:30:00,0.8570713,-0.1870312
2019-01-20 21:00:00,0.9174381,-0.045224186
2019-01-20 21:30:00,1.0025835,0.026800059
2019-01-20 22:00:00,0.9201646,0.09630319
2019-01-20 22:30:00,0.9672923,0.060780436
2019-01-20 23:00:00,1.0304948,0.06949727
2019-01-20 23:30:00,-0.035498027,0.14961354
2019-01-21 00:00:00,-0.15266195,0.22082072
2019-01-21 00:30:00,-0.05849825,0.2709939
2019-01-21 01:00:00,0.035661086,0.32241228
2019-01-21 01:30:00,0.12982479,0.36199853
2019-01-21 02:00:00,0.18131313,0.34868515
2019-01-21 02:30:00,0.23279709,0.34286517
2019-01-21 03:00:00,0.06280344,0.36232623
2019-01-21 03:30:00,0.2762371,0.3139139
2019-01-21 04:00:00,0.48967072,0.17573348
2019-01-21 04:30:00,-2.9399092,0.0590895
2019-01-21 05:00:00,2.8482113,0.008269676
2019-01-21 05:30:00,5.10873,-0.194328
2019-01-21 06:00:00,-10.696344,-0.2763056
2019-01-21 06:30:00,-9.838559,-0.33371878
2019-01-21 07:00:00,-5.7625484,-0.42862526
2019-01-21 07:30:00,-1.7062341,-0.5238332
2019-01-21 08:00:00,2.35008,-0.6161269
2019-01-21 08:30:00,6.406394,-0.7496365
2019-01-21 09:00:00,10.462708,-0.9157589
2019-01-21 09:30:00,14.519023,-1.084267
2019-01-21 10:00:00,-0.8915353,-1.3353207
2019-01-21 10:30:00,-2.6103296,-1.5796893
2019-01-21 11:00:00,-3.3752136,-1.7760999
2019-01-21 11:30:00,-4.1400976,-1.914547
2019-01-21 12:00:00,-2.917503,-2.0989857
2019-01-21 12:30:00,-2.2364233,-2.0616977
2019-01-21 13:00:00,-3.3344607,-2.0328817
2019-01-21 13:30:00,-3.824002,-1.9958692
2019-01-21 14:00:00,-3.1555755,-2.1173193
2019-01-21 14:30:00,-3.2423506,-1.8948543
2019-01-21 15:00:00,-1.915696,-1.9360921
2019-01-21 15:30:00,-1.43388,-1.7376978
2019-01-21 16:00:00,-1.3256164,-1.4511038
2019-01-21 16:30:00,-0.69156796,-1.2783619
2019-01-21 17:00:00,0.15813376,-1.0195614
2019-01-21 17:30:00,-0.15066078,-0.8506557
2019-01-21 18:00:00,-0.45945534,-0.5880975
2019-01-21 18:30:00,-0.7682455,-0.43850872
2019-01-21 19:00:00,0.5717226,-0.31382516
2019-01-21 19:30:00,1.8562481,-0.22041734
2019-01-21 20:00:00,3.1407783,-0.11865536
2019-01-21 20:30:00,7.113878,-0.013546451
2019-01-21 21:00:00,0.05934729,0.0408606
2019-01-21 21:30:00,1.8612336,0.103739806
2019-01-21 22:00:00,-0.44930974,0.16225842
2019-01-21 22:30:00,1.3055668,0.19207482
2019-01-21 23:00:00,-0.79723173,0.16800848
2019-01-21 23:30:00,-0.99001586,0.21542022
2019-01-22 00:00:00,-0.15543647,0.15292987
2019-01-22 00:30:00,0.6791429,0.18595336
2019-01-22 01:00:00,1.2706513,0.16907023
2019-01-22 01:30:00,0.9862552,0.15306532
2019-01-22 02:00:00,0.98246264,0.10833636
2019-01-22 02:30:00,0.762925,0.0977975
2019-01-22 03:00:00,0.54338306,0.01096993
2019-01-22 03:30:00,0.9990705,0.014299369
2019-01-22 04:00:00,1.2320045,-0.024631472
2019-01-22 04:30:00,0.7835745,-0.24913703
2019-01-22 05:00:00,0.33514455,-0.10164114
2019-01-22 05:30:00,-0.11328544,0.047899615
2019-01-22 06:00:00,-4.704359,-0.64182734
2019-01-22 06:30:00,-3.5748138,-0.7848272
2019-01-22 07:00:00,-2.4452689,-0.8455523
2019-01-22 07:30:00,-1.3157197,-0.6856475
2019-01-22 08:00:00,-0.1861748,-0.5921261
2019-01-22 08:30:00,0.9433745,-0.6197272
2019-01-22 09:00:00,0.16937608,-0.43265817
2019-01-22 09:30:00,-0.5619863,-0.18478099
2019-01-22 10:00:00,-1.7237508,-0.98880994
2019-01-22 10:30:00,-2.2966983,-1.4120812
2019-01-22 11:00:00,-2.923061,-1.6859298
2019-01-22 11:30:00,-3.2610602,-1.9219092
2019-01-22 12:00:00,-3.3723998,-1.9788811
2019-01-22 12:30:00,-2.6784956,-2.0730405
2019-01-22 13:00:00,-3.8154206,-2.33635
2019-01-22 13:30:00,-2.653656,-2.3913906
2019-01-22 14:00:00,-2.5945783,-2.382639
2019-01-22 14:30:00,-2.8690252,-2.3649735
2019-01-22 15:00:00,-2.532529,-2.2641468
2019-01-22 15:30:00,-2.4118698,-2.1255774
2019-01-22 16:00:00,-1.424215,-1.9895161
2019-01-22 16:30:00,-0.7369217,-1.7827282
2019-01-22 17:00:00,0.12421018,-1.4709363
2019-01-22 17:30:00,-0.023727018,-1.1440308
2019-01-22 18:00:00,-0.17166422,-0.8316403
2019-01-22 18:30:00,-1.3488481,-0.5438099
2019-01-22 19:00:00,-0.5978805,-0.31059185
2019-01-22 19:30:00,0.15309153,-0.08832775
2019-01-22 20:00:00,-0.087113075,0.030579539
2019-01-22 20:30:00,-0.23676743,0.24431467
2019-01-22 21:00:00,-0.3864218,0.018826008
2019-01-22 21:30:00,0.017759888,0.13868581
2019-01-22 22:00:00,0.42194155,0.039261423
2019-01-22 22:30:00,0.7885731,0.09996469
2019-01-22 23:00:00,1.410549,0.0010733688
2019-01-22 23:30:00,0.23649792,-0.12999381
2019-01-23 00:00:00,-0.74965835,-0.08206212
2019-01-23 00:30:00,-1.7621617,0.008964402
2019-01-23 01:00:00,-0.7177403,0.09023854
2019-01-23 01:30:00,-3.3243458,0.12624629
2019-01-23 02:00:00,-0.8728301,0.18086745
2019-01-23 02:30:00,-2.2131479,0.22528619
2019-01-23 03:00:00,-1.1002369,0.2479893
2019-01-23 03:30:00,0.012669604,0.28735268
2019-01-23 04:00:00,1.0336058,0.28048846
2019-01-23 04:30:00,2.0545375,0.3328419
2019-01-23 05:00:00,2.1412604,0.29827604
2019-01-23 05:30:00,2.2279787,0.16744483
2019-01-23 06:00:00,2.3147016,-0.07894678
2019-01-23 06:30:00,2.4014199,-0.26366073
2019-01-23 07:00:00,2.4881425,-0.35251132
2019-01-23 07:30:00,2.5748653,-0.55637175
2019-01-23 08:00:00,2.6615837,-0.9474847
2019-01-23 08:30:00,2.7483063,-1.0647535
2019-01-23 09:00:00,2.8350246,-1.20788
2019-01-23 09:30:00,-1.595716,-1.4633511
2019-01-23 10:00:00,-2.1777256,-1.7278755
2019-01-23 10:30:00,-3.835314,-1.9174919
2019-01-23 11:00:00,-3.8543906,-2.043329
2019-01-23 11:30:00,-3.374117,-2.1908205
2019-01-23 12:00:00,-2.8253844,-2.278749
2019-01-23 12:30:00,-2.7614214,-2.2930324
2019-01-23 13:00:00,-1.9890922,-2.3894856
2019-01-23 13:30:00,-3.133576,-2.4508967
2019-01-23 14:00:00,-2.9159172,-2.4627726
2019-01-23 14:30:00,-3.0608394,-2.505793
2019-01-23 15:00:00,-5.6072226,-2.4652631
2019-01-23 15:30:00,-1.5622861,-2.4130232
2019-01-23 16:00:00,-1.8541276,-2.262539
2019-01-23 16:30:00,-1.3807793,-2.0556986
2019-01-23 17:00:00,-0.9074353,-1.7181144
2019-01-23 17:30:00,0.057735004,-1.276885
2019-01-23 18:00:00,1.0229096,-0.8145999
2019-01-23 18:30:00,1.1828845,-0.42944235
2019-01-23 19:00:00,1.3428591,-0.07924826
2019-01-23 19:30:00,0.113037765,0.19119221
2019-01-23 20:00:00,0.7962063,0.3123322
2019-01-23 20:30:00,-9.115258,0.28476167
2019-01-23 21:00:00,-1.1425409,0.199175
2019-01-23 21:30:00,-1.5798684,0.1315463
2019-01-23 22:00:00,-2.017196,0.18813367
2019-01-23 22:30:00,-2.4545233,0.11578172
2019-01-23 23:00:00,-0.988941,0.08432682
2019-01-23 23:30:00,-1.9395264,0.033725467
2019-01-24 00:00:00,-2.8901074,0.0141901355
2019-01-24 00:30:00,-3.8406928,0.011935554
2019-01-24 01:00:00,-3.673727,0.055598397
2019-01-24 01:30:00,-3.5067616,-0.053595845
2019-01-24 02:00:00,-3.3397958,-0.0059394264
2019-01-24 02:30:00,-3.17283,-0.08720046
2019-01-24 03:00:00,-3.0058687,0.04758939
2019-01-24 03:30:00,-2.838903,-0.034916904
2019-01-24 04:00:00,-2.6719375,0.0108388495
2019-01-24 04:30:00,-2.5049717,0.1219687
2019-01-24 05:00:00,-2.338006,0.18287735
2019-01-24 05:30:00,-2.1710405,0.15627243
2019-01-24 06:00:00,-2.0040748,0.034083754
2019-01-24 06:30:00,-1.8371134,-0.14117932
2019-01-24 07:00:00,-1.6701478,-0.22789328
2019-01-24 07:30:00,-1.503182,-0.3253384
2019-01-24 08:00:00,-1.3362163,-0.5496997
2019-01-24 08:30:00,-1.1692507,-0.9692702
2019-01-24 09:00:00,-1.002285,-1.3181055
2019-01-24 09:30:00,-0.8353237,-1.6184541
2019-01-24 10:00:00,-2.9134178,-1.8980439
2019-01-24 10:30:00,-4.3622394,-2.2164772
2019-01-24 11:00:00,-4.427823,-2.2697308
2019-01-24 11:30:00,-4.978308,-2.3081152
2019-01-24 12:00:00,-5.193271,-2.2529044
2019-01-24 12:30:00,-4.631155,-2.1443832
2019-01-24 13:00:00,-5.963857,-1.9978528
2019-01-24 13:30:00,-6.977501,-1.926082
2019-01-24 14:00:00,-5.4658046,-1.876455
2019-01-24 14:30:00,-4.703219,-1.8667856
2019-01-24 15:00:00,-3.2457893,-1.9526476
2019-01-24 15:30:00,-2.991402,-1.6311951
2019-01-24 16:00:00,-1.728391,-1.3412149
2019-01-24 16:30:00,-1.5108984,-0.9576041
2019-01-24 17:00:00,-0.7651914,-0.52430075
2019-01-24 17:30:00,-0.040649485,-0.07660918
2019-01-24 18:00:00,0.9085902,0.2984377
2019-01-24 18:30:00,1.6894222,0.52533764
2019-01-24 19:00:00,1.5716554,0.6611062
2019-01-24 19:30:00,0.6185139,0.6045582
2019-01-24 20:00:00,0.20364483,0.62931925
2019-01-24 20:30:00,0.34332395,0.19883856
2019-01-24 21:00:00,1.1567863,0.23764706
2019-01-24 21:30:00,1.9702443,0.20181409
2019-01-24 22:00:00,1.2613184,0.14853868
2019-01-24 22:30:00,0.55238825,0.06055323
2019-01-24 23:00:00,0.52763593,0.035403293
2019-01-24 23:30:00,0.50287926,-0.033335205
2019-01-25 00:00:00,0.4781269,-0.04870655
2019-01-25 00:30:00,0.4533746,-0.15936014
2019-01-25 01:00:00,1.077841,-0.19381678
2019-01-25 01:30:00,3.1090305,-0.07864966
2019-01-25 02:00:00,1.7526249,-0.09707518
2019-01-25 02:30:00,0.40944523,-0.082887925
2019-01-25 03:00:00,2.0401757,-0.05238554
2019-01-25 03:30:00,1.610796,-0.08411134
2019-01-25 04:00:00,1.1625626,-0.07586202
2019-01-25 04:30:00,0.33757827,-0.20619513
2019-01-25 05:00:00,2.2460022,-0.16595785
2019-01-25 05:30:00,3.1464932,-0.15524423
2019-01-25 06:00:00,0.98949295,-0.29950246
2019-01-25 06:30:00,1.0150536,-0.35553053
2019-01-25 07:00:00,1.0406142,-0.5667271
2019-01-25 07:30:00,0.9996866,-0.70949095
2019-01-25 08:00:00,1.1126516,-1.0202211
2019-01-25 08:30:00,0.09527202,-1.1994385
2019-01-25 09:00:00,0.8661813,-1.5505239
2019-01-25 09:30:00,-1.4962174,-1.7418268
2019-01-25 10:00:00,-3.0402641,-1.9820926
2019-01-25 10:30:00,-3.5901241,-2.2780151
2019-01-25 11:00:00,-3.754621,-2.4567952
2019-01-25 11:30:00,-6.2904043,-2.680807
2019-01-25 12:00:00,-3.9135778,-2.793003
2019-01-25 12:30:00,-3.2888405,-2.8012438
2019-01-25 13:00:00,-3.5370672,-2.8351147
2019-01-25 13:30:00,-5.3503666,-2.9422424
2019-01-25 14:00:00,-2.6001709,-2.899541
2019-01-25 14:30:00,-2.6807983,-2.7854223
2019-01-25 15:00:00,-1.3554939,-2.5578802
2019-01-25 15:30:00,-0.57851994,-2.340051
2019-01-25 16:00:00,0.22115716,-2.0463655
2019-01-25 16:30:00,1.0208342,-1.6558906
2019-01-25 17:00:00,1.8205113,-1.1786928
2019-01-25 17:30:00,-0.09478564,-0.57681155
2019-01-25 18:00:00,3.6883442,-0.0820796
2019-01-25 18:30:00,1.6744004,0.201967
2019-01-25 19:00:00,0.32812738,0.46347213
2019-01-25 19:30:00,0.6514194,0.4703189
2019-01-25 20:00:00,0.6504407,0.57686096
2019-01-25 20:30:00,2.289477,0.6129779
2019-01-25 21:00:00,1.6633198,0.6736725
2019-01-25 21:30:00,1.4070098,0.7067528
2019-01-25 22:00:00,0.6737599,0.6930942
2019-01-25 22:30:00,0.90418154,0.49320552
2019-01-25 23:00:00,1.8897654,0.4810194
2019-01-25 23:30:00,0.8732859,0.37807333
2019-01-26 00:00:00,0.9194218,0.14999804
2019-01-26 00:30:00,0.96556205,0.21988568
2019-01-26 01:00:00,-0.63657975,0.24770965
2019-01-26 01:30:00,2.5493484,0.34581012
2019-01-26 02:00:00,4.408355,0.4233834
2019-01-26 02:30:00,2.1034262,0.40326697
2019-01-26 03:00:00,1.8481692,0.54846895
2019-01-26 03:30:00,1.2053385,0.6306869
2019-01-26 04:00:00,1.4173477,0.65199614
2019-01-26 04:30:00,1.3369911,0.61273324
2019-01-26 05:00:00,-0.031478234,0.66278845
2019-01-26 05:30:00,1.882106,0.6252252
2019-01-26 06:00:00,1.4446867,0.41538754
2019-01-26 06:30:00,1.5130231,0.20736751
2019-01-26 07:00:00,0.6915562,-0.011977857
2019-01-26 07:30:00,0.50625676,-0.19827788
2019-01-26 08:00:00,4.521202,-0.47645646
2019-01-26 08:30:00,2.0136144,-0.8084784
2019-01-26 09:00:00,0.058569547,-1.1220837
2019-01-26 09:30:00,-1.8964797,-1.481379
2019-01-26 10:00:00,-4.4483724,-2.0200317
2019-01-26 10:30:00,-5.483356,-2.4205778
2019-01-26 11:00:00,-6.2214956,-2.7109206
2019-01-26 11:30:00,-6.611206,-3.0801344
2019-01-26 12:00:00,-6.1132627,-3.0817337
2019-01-26 12:30:00,-6.469753,-2.915502
2019-01-26 13:00:00,-5.517909,-2.9962125
2019-01-26 13:30:00,-7.0577397,-3.3076942
2019-01-26 14:00:00,-7.762541,-3.078898
2019-01-26 14:30:00,-7.8424034,-2.8876038
2019-01-26 15:00:00,-5.7291183,-2.6696742
2019-01-26 15:30:00,-4.54604,-2.580321
2019-01-26 16:00:00,-3.5775142,-2.389643
2019-01-26 16:30:00,-3.6512861,-2.1962864
2019-01-26 17:00:00,-2.0721273,-1.9114535
2019-01-26 17:30:00,-0.19506204,-1.8764681
2019-01-26 18:00:00,0.61511016,-1.5784527
2019-01-26 18:30:00,2.0849133,-1.4470623
2019-01-26 19:00:00,1.2390654,-1.3350017
2019-01-26 19:30:00,0.073171884,-1.0520998
2019-01-26 20:00:00,0.97039014,-0.7471285
2019-01-26 20:30:00,1.8676084,-0.35692874
2019-01-26 21:00:00,1.7619358,-0.15541463
2019-01-26 21:30:00,3.5382354,-0.021769553
2019-01-26 22:00:00,5.314539,0.17533587
2019-01-26 22:30:00,7.0908384,0.31213996
2019-01-26 23:00:00,5.627987,0.4060983
2019-01-26 23:30:00,2.7230296,0.4436528
2019-01-27 00:00:00,0.8621703,0.5244026
2019-01-27 00:30:00,1.2359544,0.4986541
2019-01-27 01:00:00,1.4365641,0.44676378
2019-01-27 01:30:00,1.2915281,0.49006832
2019-01-27 02:00:00,1.2142519,0.5738898
2019-01-27 02:30:00,1.5789566,0.4638479
2019-01-27 03:00:00,0.81971335,0.4211769
2019-01-27 03:30:00,0.060470212,0.34007317
2019-01-27 04:00:00,-0.69877297,0.30326146
2019-01-27 04:30:00,1.137854,0.27789307
2019-01-27 05:00:00,0.91766965,0.173007
2019-01-27 05:30:00,0.69748104,0.1388169
2019-01-27 06:00:00,-0.17197444,-0.011414212
2019-01-27 06:30:00,1.2839823,-0.14595938
2019-01-27 07:00:00,1.5954771,-0.30963933
2019-01-27 07:30:00,1.9069718,-0.4348341
2019-01-27 08:00:00,1.8953581,-0.6001307
2019-01-27 08:30:00,0.9463937,-1.0525542
2019-01-27 09:00:00,0.12458594,-1.3561624
2019-01-27 09:30:00,-1.3215616,-1.6952146
2019-01-27 10:00:00,-2.5468214,-2.1027038
2019-01-27 10:30:00,-4.45781,-2.47398
2019-01-27 11:00:00,-4.94012,-2.7002726
2019-01-27 11:30:00,-5.745058,-2.902027
2019-01-27 12:00:00,-5.2568583,-2.9809635
2019-01-27 12:30:00,-5.3127117,-2.8792276
2019-01-27 13:00:00,-5.825668,-2.7466967
2019-01-27 13:30:00,-5.3260336,-2.8413105
2019-01-27 14:00:00,-3.2129538,-2.760884
2019-01-27 14:30:00,-4.8140426,-2.8439279
2019-01-27 15:00:00,-1.7407782,-2.6297033
2019-01-27 15:30:00,-1.3667712,-2.5060859
2019-01-27 16:00:00,-0.45491123,-2.1767774
2019-01-27 16:30:00,-0.99703306,-1.942869
2019-01-27 17:00:00,0.43988642,-1.5727026
2019-01-27 17:30:00,0.5793908,-1.118243
2019-01-27 18:00:00,0.9097393,-0.65816
2019-01-27 18:30:00,0.9977903,-0.3030198
2019-01-27 19:00:00,0.33541107,-0.18059078
2019-01-27 19:30:00,0.42538896,-0.023779452
2019-01-27 20:00:00,0.5153712,0.104639895
2019-01-27 20:30:00,0.64640343,0.22288741
2019-01-27 21:00:00,0.68654895,0.27111185
2019-01-27 21:30:00,0.56221056,0.28747502
2019-01-27 22:00:00,0.41523898,0.38372728
2019-01-27 22:30:00,0.45849982,0.40549535
2019-01-27 23:00:00,0.7447879,0.32503825
2019-01-27 23:30:00,0.39041236,0.15872799
2019-01-28 00:00:00,0.8237157,0.032860335
2019-01-28 00:30:00,0.51272774,-0.008185268
2019-01-28 01:00:00,0.2017398,-0.023766343
2019-01-28 01:30:00,0.949828,-0.050930545
2019-01-28 02:00:00,3.8817182,-0.032120526
2019-01-28 02:30:00,2.375855,0.0166894
2019-01-28 03:00:00,0.8699958,-0.032269083
2019-01-28 03:30:00,0.695978,-0.012698798
2019-01-28 04:00:00,0.31595004,-0.036708336
2019-01-28 04:30:00,0.7194763,-0.06094945
2019-01-28 05:00:00,0.5749166,-0.10686251
2019-01-28 05:30:00,0.97247434,-0.11978702
2019-01-28 06:00:00,3.4546106,-0.2123996
2019-01-28 06:30:00,0.5049765,-0.24285391
2019-01-28 07:00:00,0.6611062,-0.31952715
2019-01-28 07:30:00,0.61113846,-0.42582014
2019-01-28 08:00:00,0.56117064,-0.7209824
2019-01-28 08:30:00,0.51119846,-1.0799675
2019-01-28 09:00:00,1.56958,-1.279498
2019-01-28 09:30:00,0.46540338,-1.569251
2019-01-28 10:00:00,0.26958695,-1.8287505
2019-01-28 10:30:00,0.5345963,-2.1067674
2019-01-28 11:00:00,1.1357566,-2.2692282
2019-01-28 11:30:00,-0.46827707,-2.3989146
2019-01-28 12:00:00,-2.2593143,-2.461772
2019-01-28 12:30:00,-1.2502103,-2.371462
2019-01-28 13:00:00,-7.662771,-2.364209
2019-01-28 13:30:00,-14.0753355,-2.2295065
2019-01-28 14:00:00,-5.426948,-1.9907176
2019-01-28 14:30:00,2.0069947,-2.143317
2019-01-28 15:00:00,9.440942,-1.6699424
2019-01-28 15:30:00,16.874886,-1.5887687
2019-01-28 16:00:00,9.619321,-1.3410445
2019-01-28 16:30:00,6.709181,-1.1753285
2019-01-28 17:00:00,3.7990458,-0.8884767
2019-01-28 17:30:00,0.8889063,-0.677337
2019-01-28 18:00:00,0.99339473,-0.4209964
2019-01-28 18:30:00,3.907401,-0.18113695
2019-01-28 19:00:00,-5.7330904,-0.041969024
2019-01-28 19:30:00,-0.24580759,0.11434857
2019-01-28 20:00:00,5.2414746,0.23079155
2019-01-28 20:30:00,1.6692578,0.33267587
2019-01-28 21:00:00,1.2016681,0.4348049
2019-01-28 21:30:00,3.1222172,0.47047183
2019-01-28 22:00:00,-3.14304,0.5122384
2019-01-28 22:30:00,0.36182377,0.53085613
2019-01-28 23:00:00,3.8666878,0.555626
2019-01-28 23:30:00,7.3715467,0.55442876
2019-01-29 00:00:00,1.1859866,0.5674319
2019-01-29 00:30:00,0.5712114,0.5359508
2019-01-29 01:00:00,2.4130597,0.52608484
2019-01-29 01:30:00,1.773519,0.5452706
2019-01-29 02:00:00,1.8056948,0.66387206
2019-01-29 02:30:00,1.2732292,0.65221024
2019-01-29 03:00:00,1.2420802,0.5788228
2019-01-29 03:30:00,0.987435,0.51875746
2019-01-29 04:00:00,0.95013386,0.46413627
2019-01-29 04:30:00,1.5821549,0.43526366
2019-01-29 05:00:00,1.2535192,0.37385255
2019-01-29 05:30:00,1.297584,0.30502668
2019-01-29 06:00:00,1.6312488,0.29015344
2019-01-29 06:30:00,1.6039667,0.09734746
2019-01-29 07:00:00,1.5844926,-0.036328204
2019-01-29 07:30:00,1.3755418,-0.17143264
2019-01-29 08:00:00,1.066804,-0.31954464
2019-01-29 08:30:00,0.6919232,-0.4497991
2019-01-29 09:00:00,0.011468035,-0.57269126
2019-01-29 09:30:00,-0.66898715,-0.74828637
2019-01-29 10:00:00,-1.9887078,-0.86344475
2019-01-29 10:30:00,-1.772552,-0.9371774
2019-01-29 11:00:00,-1.8164726,-0.95747304
2019-01-29 11:30:00,-2.5901127,-1.0754234
2019-01-29 12:00:00,-4.713692,-1.2219625
2019-01-29 12:30:00,-3.131767,-1.2163959
2019-01-29 13:00:00,-1.9227962,-1.5252167
2019-01-29 13:30:00,-2.8311956,-1.9802269
2019-01-29 14:00:00,-2.1373484,-1.7306806
2019-01-29 14:30:00,-1.1552906,-1.245583
2019-01-29 15:00:00,-0.7083244,-0.6494256
2019-01-29 15:30:00,-2.030824,-0.037643377
2019-01-29 16:00:00,-0.7317834,-0.10470842
2019-01-29 16:30:00,-3.7794871,-0.1787207
2019-01-29 17:00:00,-6.8271956,-0.30298045
2019-01-29 17:30:00,-5.3405924,-0.41558278
2019-01-29 18:00:00,-3.8539886,-0.40830347
2019-01-29 18:30:00,-2.3673854,-0.2594312
2019-01-29 19:00:00,-0.88078666,-0.5832869
2019-01-29 19:30:00,0.6058166,-0.41849715
2019-01-29 20:00:00,2.0924199,-0.08183054
2019-01-29 20:30:00,9.346862,-0.066271305
2019-01-29 21:00:00,21.15168,-0.026811775
2019-01-29 21:30:00,4.905752,0.12085889
2019-01-29 22:00:00,9.485256,-0.031583097
2019-01-29 22:30:00,2.4102373,0.108812615
2019-01-29 23:00:00,-4.6647816,0.32665056
2019-01-29 23:30:00,-11.7397995,0.56085604
2019-01-30 00:00:00,1.7643871,0.39928213
2019-01-30 00:30:00,1.0083947,0.36031634
2019-01-30 01:00:00,1.4800216,0.43211773
2019-01-30 01:30:00,1.9516528,0.39915106
2019-01-30 02:00:00,1.8587037,0.37429386
2019-01-30 02:30:00,1.7911886,0.32810992
2019-01-30 03:00:00,2.3264508,0.28567925
2019-01-30 03:30:00,0.7588572,0.22306219
2019-01-30 04:00:00,0.7891804,0.1626735
2019-01-30 04:30:00,0.819508,0.13986553
2019-01-30 05:00:00,1.305641,0.09390879
2019-01-30 05:30:00,1.596482,0.03876332
2019-01-30 06:00:00,1.7038586,-0.00451939
2019-01-30 06:30:00,2.1142929,-0.0747959
2019-01-30 07:00:00,0.79466397,-0.16893774
2019-01-30 07:30:00,1.3008305,-0.29447335
2019-01-30 08:00:00,1.0303288,-0.4420479
2019-01-30 08:30:00,2.4095337,-0.61217695
2019-01-30 09:00:00,-6.74839,-0.7792912
2019-01-30 09:30:00,-15.906318,-0.9537547
2019-01-30 10:00:00,-15.534401,-1.1905206
2019-01-30 10:30:00,-15.162483,-1.2707679
2019-01-30 11:00:00,-14.790566,-1.3778605
2019-01-30 11:30:00,-14.418648,-1.513603
2019-01-30 12:00:00,-14.046732,-1.7846376
2019-01-30 12:30:00,-13.674815,-1.7327255
2019-01-30 13:00:00,-13.302897,-1.6021651
2019-01-30 13:30:00,-12.930983,-1.653234
2019-01-30 14:00:00,-12.559065,-1.5746951
2019-01-30 14:30:00,-12.187146,-1.3892558
2019-01-30 15:00:00,-11.8152275,-1.2133242
2019-01-30 15:30:00,-11.443314,-1.1618927
2019-01-30 16:00:00,-11.071395,-1.0057149
2019-01-30 16:30:00,-10.699477,-1.0389569
2019-01-30 17:00:00,-10.327562,-1.1485313
2019-01-30 17:30:00,-9.955645,-1.0403551
2019-01-30 18:00:00,-9.583726,-0.88244706
2019-01-30 18:30:00,-9.211812,-0.6837774
2019-01-30 19:00:00,-8.839894,-0.47165018
2019-01-30 19:30:00,-8.467976,-0.26454332
2019-01-30 20:00:00,-8.096062,-0.046950076
2019-01-30 20:30:00,-7.724143,0.42429224
2019-01-30 21:00:00,-7.3522243,1.1723193
2019-01-30 21:30:00,-6.9803104,0.8098692
2019-01-30 22:00:00,-6.608392,0.9522355
2019-01-30 22:30:00,-6.2364736,0.7555321
2019-01-30 23:00:00,-5.8645597,0.41933742
2019-01-30 23:30:00,-5.492641,-0.0017754425
2019-01-31 00:00:00,-5.120723,0.36048236
2019-01-31 00:30:00,-4.7488084,0.43588847
2019-01-31 01:00:00,-4.3768897,0.4867389
2019-01-31 01:30:00,-4.0049715,0.5363222
2019-01-31 02:00:00,-3.6330528,0.55572647
2019-01-31 02:30:00,-3.261139,0.5656842
2019-01-31 03:00:00,-2.8892205,0.5883698
2019-01-31 03:30:00,-2.517302,0.5093328
2019-01-31 04:00:00,-2.1453881,0.45354936
2019-01-31 04:30:00,-1.7734696,0.39315194
2019-01-31 05:00:00,-1.4015511,0.33992898
2019-01-31 05:30:00,-1.0296371,0.2784436
2019-01-31 06:00:00,-0.65771866,0.19958572
2019-01-31 06:30:00,-0.2858002,0.11935147
2019-01-31 07:00:00,0.08611388,-0.051079106
2019-01-31 07:30:00,0.4580323,-0.174146
2019-01-31 08:00:00,0.82995075,-0.31815517
2019-01-31 08:30:00,1.2018648,-0.39880452
2019-01-31 09:00:00,1.5737833,-0.9206351
2019-01-31 09:30:00,1.277555,-1.6125424
2019-01-31 10:00:00,0.91448444,-2.0008938
2019-01-31 10:30:00,-0.00017626316,-2.2459178
2019-01-31 11:00:00,-0.3266754,-2.4133248
2019-01-31 11:30:00,-0.6531745,-2.5130289
2019-01-31 12:00:00,-0.9796736,-2.5436316
2019-01-31 12:30:00,-1.010093,-2.5550182
2019-01-31 13:00:00,-1.0405123,-2.493358
2019-01-31 13:30:00,-0.87675816,-2.409956
2019-01-31 14:00:00,-1.4260981,-2.3349168
2019-01-31 14:30:00,-1.6758147,-2.251917
2019-01-31 15:00:00,-1.2108818,-2.1709793
2019-01-31 15:30:00,-1.0425922,-2.0856416
2019-01-31 16:00:00,-1.2083869,-2.004385
2019-01-31 16:30:00,-1.0035958,-1.9058563
2019-01-31 17:00:00,-0.48660645,-1.8236645
2019-01-31 17:30:00,-0.21600868,-1.7373351
2019-01-31 18:00:00,0.37979922,-1.6299978
2019-01-31 18:30:00,0.75086564,-1.5040209
2019-01-31 19:00:00,0.31593254,-1.3958973
2019-01-31 19:30:00,0.39938262,-1.3090303
2019-01-31 20:00:00,0.2250284,-1.2055424
2019-01-31 20:30:00,0.28248525,-1.0595453
2019-01-31 21:00:00,0.65223646,-0.9526012
2019-01-31 21:30:00,0.72321206,-0.8474879
2019-01-31 22:00:00,0.3285949,-0.8530239
2019-01-31 22:30:00,0.43816492,-0.8464262
2019-01-31 23:00:00,0.22088626,-0.8703352
2019-01-31 23:30:00,0.30981547,-0.86994636
2019-02-01 00:00:00,0.3439619,-0.8213025
2019-02-01 00:30:00,0.4642062,-0.81131417
2019-02-01 01:00:00,0.24596629,-0.80876243
2019-02-01 01:30:00,0.32788706,-0.7573353
2019-02-01 02:00:00,0.13059379,-0.676568
2019-02-01 02:30:00,0.29552335,-0.57951176
2019-02-01 03:00:00,0.36247915,-0.49922073
2019-02-01 03:30:00,0.5605677,-0.44144055
2019-02-01 04:00:00,0.37223154,-0.40678293
2019-02-01 04:30:00,0.28688517,-0.39447448
2019-02-01 05:00:00,0.39579976,-0.39831513
2019-02-01 05:30:00,0.68125767,-0.42059442
2019-02-01 06:00:00,0.32565433,-0.47071952
2019-02-01 06:30:00,0.3374297,-0.5361067
2019-02-01 07:00:00,0.4124426,-0.5462436
2019-02-01 07:30:00,0.2471897,-0.55239564
2019-02-01 08:00:00,-0.036232077,-0.590575
2019-02-01 08:30:00,-0.3196495,-0.68627226
2019-02-01 09:00:00,-0.8079585,-0.8751109
2019-02-01 09:30:00,-0.9685056,-1.0124437
2019-02-01 10:00:00,-1.3389821,-1.1640031
2019-02-01 10:30:00,-2.2077603,-1.2806121
2019-02-01 11:00:00,-2.6222055,-1.363634
2019-02-01 11:30:00,-3.1948733,-1.3863546
2019-02-01 12:00:00,-2.7599185,-1.386525
2019-02-01 12:30:00,-3.4229486,-1.4270768
2019-02-01 13:00:00,-4.325161,-1.5059654
2019-02-01 13:30:00,-4.183494,-1.3272898
2019-02-01 14:00:00,-5.875116,-1.2746742
2019-02-01 14:30:00,-3.8262696,-1.3336341
2019-02-01 15:00:00,-3.0692766,-1.3393798
2019-02-01 15:30:00,-4.9243817,-1.1982456
2019-02-01 16:00:00,-2.8225923,-1.0383933
2019-02-01 16:30:00,-2.2549405,-0.94963443
2019-02-01 17:00:00,-1.1306344,-0.80039954
2019-02-01 17:30:00,-0.6634119,-0.66765887
2019-02-01 18:00:00,0.23988853,-0.5064651
2019-02-01 18:30:00,0.43790713,-0.3662966
2019-02-01 19:00:00,0.09408793,-0.26520747
2019-02-01 19:30:00,-0.3134188,-0.18863037
2019-02-01 20:00:00,0.20038967,-0.12281934
2019-02-01 20:30:00,0.7142025,-0.081419826
2019-02-01 21:00:00,0.69428706,-0.046036884
2019-02-01 21:30:00,0.7549291,-0.022132209
2019-02-01 22:00:00,1.0951699,-0.036957387
2019-02-01 22:30:00,1.0408939,-0.051773828
2019-02-01 23:00:00,0.49591452,-0.053683233
2019-02-01 23:30:00,0.5426009,-0.035471812
2019-02-02 00:00:00,1.0360177,-0.025741287
2019-02-02 00:30:00,0.5398264,-0.008495492
2019-02-02 01:00:00,0.8384142,0.0065437853
2019-02-02 01:30:00,0.8656308,0.032685563
2019-02-02 02:00:00,0.68067217,0.045286745
2019-02-02 02:30:00,0.91365427,0.058796752
2019-02-02 03:00:00,0.92478734,0.05258355
2019-02-02 03:30:00,1.7022856,0.037168507
2019-02-02 04:00:00,1.2509893,-0.017990073
2019-02-02 04:30:00,0.6837875,-0.09181012
2019-02-02 05:00:00,0.98099893,-0.16143559
2019-02-02 05:30:00,0.7564366,-0.23378316
2019-02-02 06:00:00,1.2888322,-0.3393902
2019-02-02 06:30:00,0.81381476,-0.4325402
2019-02-02 07:00:00,0.91895425,-0.5198178
2019-02-02 07:30:00,0.9319094,-0.60888684
2019-02-02 08:00:00,0.7546539,-0.7465823
2019-02-02 08:30:00,0.79051304,-0.909336
2019-02-02 09:00:00,-0.0010195463,-1.053332
2019-02-02 09:30:00,-0.6296281,-1.1810348
2019-02-02 10:00:00,-0.75621235,-1.3238729
2019-02-02 10:30:00,-0.94546604,-1.4815975
2019-02-02 11:00:00,-1.2354244,-1.6189522
2019-02-02 11:30:00,-2.0024538,-1.7815965
2019-02-02 12:00:00,-4.206586,-1.8072184
2019-02-02 12:30:00,-5.8615055,-1.9662625
2019-02-02 13:00:00,-7.516424,-2.0971375
2019-02-02 13:30:00,-9.171348,-2.2679393
2019-02-02 14:00:00,-10.826266,-2.303366
2019-02-02 14:30:00,-5.074355,-2.0759068
2019-02-02 15:00:00,9.088786,-1.963287
2019-02-02 15:30:00,4.9888525,-2.0657785
2019-02-02 16:00:00,0.88892376,-1.7674049
2019-02-02 16:30:00,1.9744782,-1.5421566
2019-02-02 17:00:00,3.0600328,-1.2415546
2019-02-02 17:30:00,6.71497,-0.95463294
2019-02-02 18:00:00,10.369908,-0.64000535
2019-02-02 18:30:00,9.884479,-0.5036906
2019-02-02 19:00:00,9.399049,-0.35912213
2019-02-02 19:30:00,8.913619,-0.24516092
2019-02-02 20:00:00,8.428189,-0.23585859
2019-02-02 20:30:00,7.9427595,-0.16402224
2019-02-02 21:00:00,7.45733,-0.055885382
2019-02-02 21:30:00,6.9719005,-0.019694116
2019-02-02 22:00:00,6.4864707,0.043425407
2019-02-02 22:30:00,6.0010414,0.10750181
2019-02-02 23:00:00,5.5156116,0.14170066
2019-02-02 23:30:00,5.0301824,0.20137277
2019-02-03 00:00:00,4.5447526,0.2371708
2019-02-03 00:30:00,4.0593233,0.2837305
2019-02-03 01:00:00,1.5559301,0.31980377
2019-02-03 01:30:00,1.298921,0.30236137
2019-02-03 02:00:00,1.5436566,0.3174793
2019-02-03 02:30:00,1.5107031,0.368487
2019-02-03 03:00:00,1.6028088,0.38616973
2019-02-03 03:30:00,2.1771195,0.44938102
2019-02-03 04:00:00,2.412719,0.43989953
2019-02-03 04:30:00,1.6815007,0.37814763
2019-02-03 05:00:00,0.9502868,0.32322934
2019-02-03 05:30:00,7.2566943,0.24788442
2019-02-03 06:00:00,-16.152262,0.17145589
2019-02-03 06:30:00,7.2706413,0.0052985228
2019-02-03 07:00:00,-12.073351,-0.12991078
2019-02-03 07:30:00,13.642515,-0.21758601
2019-02-03 08:00:00,1.5852528,-0.33185744
2019-02-03 08:30:00,0.018502677,-0.44532928
2019-02-03 09:00:00,-1.5482475,-0.6115653
2019-02-03 09:30:00,-3.0641644,-0.7574751
2019-02-03 10:00:00,-2.5413072,-0.90092933
2019-02-03 10:30:00,-2.0184455,-1.0694985
2019-02-03 11:00:00,-1.9885199,-1.1911848
2019-02-03 11:30:00,-1.9585943,-1.2857023
2019-02-03 12:00:00,-1.9286686,-1.4720374
2019-02-03 12:30:00,-1.898743,-1.6245362
2019-02-03 13:00:00,-1.1571739,-1.7751955
2019-02-03 13:30:00,-0.5935898,-1.9760629
2019-02-03 14:00:00,-0.57911855,-2.1904404
2019-02-03 14:30:00,-1.4638361,-1.97054
2019-02-03 15:00:00,-2.679575,-1.0937135
2019-02-03 15:30:00,-1.5711166,-0.82976586
2019-02-03 16:00:00,-1.7438061,-0.84318846
2019-02-03 16:30:00,-1.4882694,-0.6892609
2019-02-03 17:00:00,-1.0076593,-0.4801835
2019-02-03 17:30:00,-0.17665838,-0.12615316
2019-02-03 18:00:00,0.44657588,0.26364028
2019-02-03 18:30:00,1.1603605,0.47571504
2019-02-03 19:00:00,0.65333754,0.60441405
2019-02-03 19:30:00,3.4711006,0.67993814
2019-02-03 20:00:00,3.1376455,0.7555933
2019-02-03 20:30:00,2.8041902,0.8225578
2019-02-03 21:00:00,2.470735,0.8788524
2019-02-03 21:30:00,2.13728,0.92115206
2019-02-03 22:00:00,1.8038248,0.93601215
2019-02-03 22:30:00,1.4703697,0.9328182
2019-02-03 23:00:00,1.1369145,0.91883194
2019-02-03 23:30:00,0.8034594,0.89515007
2019-02-04 00:00:00,0.47000432,0.8656439
2019-02-04 00:30:00,0.1365492,0.8294614
2019-02-04 01:00:00,-0.19690591,0.7128698
2019-02-04 01:30:00,-0.53035665,0.6621855
2019-02-04 02:00:00,-0.8638118,0.6365899
2019-02-04 02:30:00,-1.1972669,0.5985635
2019-02-04 03:00:00,-1.530722,0.5667328
2019-02-04 03:30:00,-1.8641771,0.55384326
2019-02-04 04:00:00,-2.1976323,0.50668055
2019-02-04 04:30:00,-2.5310872,0.39103281
2019-02-04 05:00:00,-2.8645422,0.23764269
2019-02-04 05:30:00,-3.1979976,0.3712965
2019-02-04 06:00:00,-3.5314527,-0.71542454
2019-02-04 06:30:00,-3.8649077,-0.12855192
2019-02-04 07:00:00,-4.1983585,-0.8887214
2019-02-04 07:30:00,-4.5318136,-0.07009448
2019-02-04 08:00:00,-4.865269,-0.43323493
2019-02-04 08:30:00,-5.1987243,-0.7108717
2019-02-04 09:00:00,-5.5321794,-0.96983826
2019-02-04 09:30:00,-5.8656344,-1.2394748
2019-02-04 10:00:00,-6.1990895,-1.3804778
2019-02-04 10:30:00,-6.5325446,-1.4943779
2019-02-04 11:00:00,-6.4653745,-1.6169116
2019-02-04 11:30:00,-4.833574,-1.6945505
2019-02-04 12:00:00,-6.3007336,-1.7785337
2019-02-04 12:30:00,-8.857808,-1.8182204
2019-02-04 13:00:00,-5.9827065,-1.7975928
2019-02-04 13:30:00,-6.292266,-1.7090043
2019-02-04 14:00:00,-7.3361936,-1.6856502
2019-02-04 14:30:00,-7.135496,-1.7710621
2019-02-04 15:00:00,-6.014996,-1.791716
2019-02-04 15:30:00,-2.8164928,-1.7284435
2019-02-04 16:00:00,-3.708271,-1.6136783
2019-02-04 16:30:00,-1.2548898,-1.5676692
2019-02-04 17:00:00,-0.4961884,-1.3410183
2019-02-04 17:30:00,0.6346892,-1.0081311
2019-02-04 18:00:00,0.9930758,-0.7029675
2019-02-04 18:30:00,1.1724198,-0.4401953
2019-02-04 19:00:00,1.0744067,-0.21879631
2019-02-04 19:30:00,1.7325476,0.08285435
2019-02-04 20:00:00,1.1965123,0.22696401
2019-02-04 20:30:00,1.3805491,0.30850467
2019-02-04 21:00:00,1.158735,0.3465354
2019-02-04 21:30:00,1.4564053,0.33684424
2019-02-04 22:00:00,0.9799765,0.34510666
2019-02-04 22:30:00,0.11891016,0.3586822
2019-02-04 23:00:00,-0.7421562,0.37952396
2019-02-04 23:30:00,-0.5445745,0.3426729
2019-02-05 00:00:00,-0.08229806,0.26395923
2019-02-05 00:30:00,0.379974,0.12707646
2019-02-05 01:00:00,0.84225047,0.10059825
2019-02-05 01:30:00,1.748037,0.022793371
2019-02-05 02:00:00,10.779338,-0.048855107
2019-02-05 02:30:00,1.6367323,-0.11014388
2019-02-05 03:00:00,-7.5058722,-0.1435912
2019-02-05 03:30:00,-3.751213,-0.19985521
2019-02-05 04:00:00,0.0034502912,-0.256862
2019-02-05 04:30:00,3.7581096,-0.3426104
2019-02-05 05:00:00,4.7024508,-0.41671008
2019-02-05 05:30:00,5.6467924,-0.47661814
2019-02-05 06:00:00,6.591134,-0.54083
2019-02-05 06:30:00,7.5354757,-0.6090529
2019-02-05 07:00:00,5.7070937,-0.6918039
2019-02-05 07:30:00,3.8787165,-0.7402511
2019-02-05 08:00:00,2.0503387,-0.8291542
2019-02-05 08:30:00,0.97442305,-0.9526012
2019-02-05 09:00:00,-0.101492584,-1.0508852
2019-02-05 09:30:00,-1.1774082,-1.1833986
2019-02-05 10:00:00,-2.4839027,-1.3278579
2019-02-05 10:30:00,-3.586113,-1.5818565
2019-02-05 11:00:00,-3.6691873,-1.6499308
2019-02-05 11:30:00,-5.642942,-1.6462431
2019-02-05 12:00:00,-1.4036266,-1.8156862
2019-02-05 12:30:00,-5.558976,-2.1582077
2019-02-05 13:00:00,-5.3472204,-2.0404713
2019-02-05 13:30:00,-6.064461,-2.2495356
2019-02-05 14:00:00,-4.4459953,-2.3862436
2019-02-05 14:30:00,-5.5775156,-2.4673953
2019-02-05 15:00:00,-4.6023655,-2.2314947
2019-02-05 15:30:00,-3.7235115,-1.650962
2019-02-05 16:00:00,-4.3523865,-1.5629591
2019-02-05 16:30:00,-2.4670458,-1.2480212
2019-02-05 17:00:00,-1.5109726,-0.9705985
2019-02-05 17:30:00,-0.58419573,-0.6755019
2019-02-05 18:00:00,1.9462173,-0.46926454
2019-02-05 18:30:00,4.47663,-0.3340159
2019-02-05 19:00:00,2.6149104,-0.24819325
2019-02-05 19:30:00,1.1631306,-0.12823732
2019-02-05 20:00:00,1.5398772,-0.14048897
2019-02-05 20:30:00,1.9166193,-0.04120876
2019-02-05 21:00:00,1.5992041,0.10804361
2019-02-05 21:30:00,1.7327574,0.22103481
2019-02-05 22:00:00,1.8663064,0.2846306
2019-02-05 22:30:00,1.9998597,0.3808173
2019-02-05 23:00:00,2.1334085,0.46360323
2019-02-05 23:30:00,2.266962,0.42583463
2019-02-06 00:00:00,2.400511,0.52015126
2019-02-06 00:30:00,2.53406,0.4550524
2019-02-06 01:00:00,2.6676133,0.42812416
2019-02-06 01:30:00,2.8011622,0.42256197
2019-02-06 02:00:00,2.9347157,0.7467148
2019-02-06 02:30:00,3.0682645,0.4725866
2019-02-06 03:00:00,3.201818,0.07121006
2019-02-06 03:30:00,3.335367,0.09607161
2019-02-06 04:00:00,3.468916,0.17755985
2019-02-06 04:30:00,3.6024692,0.39655128
2019-02-06 05:00:00,3.7360182,0.46090296
2019-02-06 05:30:00,3.8695714,0.52632076
2019-02-06 06:00:00,4.0031204,0.59575397
2019-02-06 06:30:00,4.136674,0.6051175
2019-02-06 07:00:00,0.77645254,0.4343461
2019-02-06 07:30:00,-2.5837684,0.20635383
2019-02-06 08:00:00,-4.314697,-0.053591475
2019-02-06 08:30:00,-3.8674638,-0.42112312
2019-02-06 09:00:00,-3.4202309,-0.7552511
2019-02-06 09:30:00,-3.9312475,-1.1372845
2019-02-06 10:00:00,-5.8443074,-1.5382023
2019-02-06 10:30:00,-6.1996183,-1.8705913
2019-02-06 11:00:00,-5.6790285,-2.0870354
2019-02-06 11:30:00,-7.289446,-2.3430264
2019-02-06 12:00:00,-6.0878854,-2.2959642
2019-02-06 12:30:00,-6.2812943,-2.4613044
2019-02-06 13:00:00,-6.925344,-2.445033
2019-02-06 13:30:00,-4.1965365,-2.730111
2019-02-06 14:00:00,-7.382469,-2.6204054
2019-02-06 14:30:00,-4.4224534,-2.525713
2019-02-06 15:00:00,-5.130689,-2.4243922
2019-02-06 15:30:00,-3.7785783,-2.467168
2019-02-06 16:00:00,-2.2567277,-2.4160163
2019-02-06 16:30:00,-1.2239374,-2.2132351
2019-02-06 17:00:00,-1.2981507,-1.9015875
2019-02-06 17:30:00,0.7827138,-1.5061663
2019-02-06 18:00:00,1.7532802,-0.9783279
2019-02-06 18:30:00,1.9033234,-0.4979405
2019-02-06 19:00:00,1.6658016,-0.24295004
2019-02-06 19:30:00,1.469024,-0.10453364
2019-02-06 20:00:00,3.1173105,0.027971042
2019-02-06 20:30:00,4.765601,0.061129984
2019-02-06 21:00:00,6.4138875,0.3439881
2019-02-06 21:30:00,8.062179,0.46137923
2019-02-06 22:00:00,9.710465,0.61189437
2019-02-06 22:30:00,-2.1023674,0.7066523
2019-02-06 23:00:00,-10.157792,0.80925757
2019-02-06 23:30:00,-18.213217,0.7960141
2019-02-07 00:00:00,-12.478835,0.7822812
2019-02-07 00:30:00,-6.7444534,0.76476455
2019-02-07 01:00:00,-1.0100712,0.7535397
2019-02-07 01:30:00,4.724315,0.7376091
2019-02-07 02:00:00,10.458697,0.757708
2019-02-07 02:30:00,16.193079,0.73032975
2019-02-07 03:00:00,21.92746,0.70585704
2019-02-07 03:30:00,30.69473,0.7389898
2019-02-07 04:00:00,-14.099039,0.7596917
2019-02-07 04:30:00,2.3867695,0.7623177
2019-02-07 05:00:00,3.0430665,0.6728554
2019-02-07 05:30:00,3.6993637,0.53815293
2019-02-07 06:00:00,4.3556566,0.37785923
2019-02-07 06:30:00,5.0119534,0.29895765
2019-02-07 07:00:00,5.6682506,0.0137619395
2019-02-07 07:30:00,6.3245473,-0.3476832
2019-02-07 08:00:00,4.1650352,-0.67214185
2019-02-07 08:30:00,2.0055268,-0.9468118
2019-02-07 09:00:00,-0.15398586,-1.2524254
2019-02-07 09:30:00,-2.3134983,-1.5785663
2019-02-07 10:00:00,-4.087329,-1.9217825
2019-02-07 10:30:00,-2.4589844,-2.203177
2019-02-07 11:00:00,-5.0552044,-2.3590531
2019-02-07 11:30:00,-6.605386,-2.590257
2019-02-07 12:00:00,-4.1537957,-2.6989224
2019-02-07 12:30:00,-3.5827136,-2.812285
2019-02-07 13:00:00,-4.847621,-3.0653312
2019-02-07 13:30:00,-6.5955634,-2.9441562
2019-02-07 14:00:00,-4.6835,-3.0392811
2019-02-07 14:30:00,-4.4932194,-2.8102095
2019-02-07 15:00:00,-2.5830257,-2.8583553
2019-02-07 15:30:00,-1.1067604,-2.7428694
2019-02-07 16:00:00,-1.150812,-2.5416522
2019-02-07 16:30:00,-0.49254438,-2.3252518
2019-02-07 17:00:00,-0.14954661,-2.2057724
2019-02-07 17:30:00,0.70940495,-1.9484137
2019-02-07 18:00:00,1.0948029,-1.6638821
2019-02-07 18:30:00,1.3442093,-1.4764547
2019-02-07 19:00:00,1.4553522,-1.2799174
2019-02-07 19:30:00,1.4658998,-1.0919439
2019-02-07 20:00:00,1.3539267,-0.80103743
2019-02-07 20:30:00,1.2971427,-0.444569
2019-02-07 21:00:00,1.5338038,-0.13360725
2019-02-07 21:30:00,1.0392116,0.15504901
2019-02-07 22:00:00,1.1500531,0.44461843
2019-02-07 22:30:00,0.8696768,0.124944225
2019-02-07 23:00:00,2.1150181,-0.2322539
2019-02-07 23:30:00,0.23098817,-0.6021624
2019-02-08 00:00:00,0.5645088,-0.36155587
2019-02-08 00:30:00,0.5292919,-0.13089825
2019-02-08 01:00:00,0.49407503,0.16100004
2019-02-08 01:30:00,0.4588581,0.38682076
2019-02-08 02:00:00,0.4236412,0.56063324
2019-02-08 02:30:00,0.7283941,0.6885108
2019-02-08 03:00:00,0.90301925,0.77189964
2019-02-08 03:30:00,0.677535,0.9569544
2019-02-08 04:00:00,0.790867,-0.84763646
2019-02-08 04:30:00,0.7417381,-0.5020477
2019-02-08 05:00:00,0.6691415,-0.4173611
2019-02-08 05:30:00,0.70764846,-0.43987632
2019-02-08 06:00:00,0.68023086,-0.47912613
2019-02-08 06:30:00,0.7543349,-0.5691477
2019-02-08 07:00:00,0.72047687,-0.66273904
2019-02-08 07:30:00,0.59686816,-0.7871604
2019-02-08 08:00:00,0.009479985,-1.1222978
2019-02-08 08:30:00,-0.56150573,-1.5144463
2019-02-08 09:00:00,-0.9732638,-1.8926128
2019-02-08 09:30:00,-1.852026,-2.287409
2019-02-08 10:00:00,-2.554485,-2.481622
2019-02-08 10:30:00,-2.294601,-2.5427272
2019-02-08 11:00:00,-1.7622185,-2.8341143
2019-02-08 11:30:00,-1.4921145,-3.039587
2019-02-08 12:00:00,-2.6278987,-2.9165595
2019-02-08 12:30:00,-2.9239697,-2.8798
2019-02-08 13:00:00,-3.6759162,-3.0096483
2019-02-08 13:30:00,-3.9002383,-3.0280955
2019-02-08 14:00:00,-5.023867,-2.8776155
2019-02-08 14:30:00,-2.842486,-2.756471
2019-02-08 15:00:00,-2.7909234,-2.4580493
2019-02-08 15:30:00,-1.3597715,-2.1827633
2019-02-08 16:00:00,-1.275618,-1.98554
2019-02-08 16:30:00,-0.5892598,-1.7949055
2019-02-08 17:00:00,-0.2804084,-1.6102397
2019-02-08 17:30:00,-0.057349112,-1.4256
2019-02-08 18:00:00,-1.3207576,-1.2592024
2019-02-08 18:30:00,-0.15924217,-1.1094431
2019-02-08 19:00:00,0.22696838,-0.9839381
2019-02-08 19:30:00,0.252848,-0.8763431
2019-02-08 20:00:00,0.20422159,-0.78990436
2019-02-08 20:30:00,1.4453465,-0.68717676
2019-02-08 21:00:00,-0.7597777,-0.6012405
2019-02-08 21:30:00,-1.0004673,-0.57707804
2019-02-08 22:00:00,0.36971915,-0.5955429
2019-02-08 22:30:00,0.5425747,-0.65405715
2019-02-08 23:00:00,0.48359734,-0.65367264
2019-02-08 23:30:00,0.36890647,-0.7790291
2019-02-09 00:00:00,0.40518948,-0.7325917
2019-02-09 00:30:00,0.18438914,-0.6827681
2019-02-09 01:00:00,0.7098506,-0.62417954
2019-02-09 01:30:00,0.28973398,-0.5554192
2019-02-09 02:00:00,0.67836076,-0.5724465
2019-02-09 02:30:00,0.41400683,-0.5380904
2019-02-09 03:00:00,0.307089,-0.4651093
2019-02-09 03:30:00,0.5665144,-0.4201269
2019-02-09 04:00:00,0.5062786,-0.39195338
2019-02-09 04:30:00,0.50403273,-0.38458666
2019-02-09 05:00:00,0.37583187,-0.39419922
2019-02-09 05:30:00,0.65772873,-0.41885978
2019-02-09 06:00:00,0.93962127,-0.47072825
2019-02-09 06:30:00,0.55650854,-0.5105548
2019-02-09 07:00:00,0.6582574,-0.53190345
2019-02-09 07:30:00,0.5533845,-0.602228
2019-02-09 08:00:00,0.33398232,-0.7214674
2019-02-09 08:30:00,0.3959527,-0.8493536
2019-02-09 09:00:00,0.20069553,-0.9561841
2019-02-09 09:30:00,0.0054383418,-1.0780888
2019-02-09 10:00:00,-0.8618456,-1.2226222
2019-02-09 10:30:00,-1.1178585,-1.291033
2019-02-09 11:00:00,-0.85222864,-1.2989328
2019-02-09 11:30:00,-1.3357052,-1.304875
2019-02-09 12:00:00,-1.7370162,-1.4253117
2019-02-09 12:30:00,-1.0394244,-1.5164868
2019-02-09 13:00:00,-1.2826875,-1.6330826
2019-02-09 13:30:00,-1.2876861,-1.6827751
2019-02-09 14:00:00,-1.6217355,-1.7519375
2019-02-09 14:30:00,-0.92687887,-1.5606258
2019-02-09 15:00:00,-0.9762262,-1.4912931
2019-02-09 15:30:00,-0.65663505,-1.3338263
2019-02-09 16:00:00,-1.1331336,-1.2338427
2019-02-09 16:30:00,0.022714723,-1.070119
2019-02-09 17:00:00,0.05770442,-0.9294612
2019-02-09 17:30:00,0.47058105,-0.7917919
2019-02-09 18:00:00,0.7203239,-0.7084467
2019-02-09 18:30:00,0.74853677,-0.60342956
2019-02-09 19:00:00,0.5768522,-0.56675327
2019-02-09 19:30:00,1.0434238,-0.52954835
2019-02-09 20:00:00,0.74390966,-0.5252489
2019-02-09 20:30:00,0.7212939,-0.48227644
2019-02-09 21:00:00,0.76985043,-0.57760674
2019-02-09 21:30:00,0.8113286,-0.6270153
2019-02-09 22:00:00,0.7027417,-0.6216759
2019-02-09 22:30:00,0.53320247,-0.60287905
2019-02-09 23:00:00,0.9235421,-0.5424597
2019-02-09 23:30:00,0.737845,-0.48509902
2019-02-10 00:00:00,0.72324264,-0.43988508
2019-02-10 00:30:00,0.52170235,-0.41540363
2019-02-10 01:00:00,0.4299986,-0.37617132
2019-02-10 01:30:00,0.60768664,-0.3735497
2019-02-10 02:00:00,1.2392358,-0.34914255
2019-02-10 02:30:00,0.73440194,-0.368975
2019-02-10 03:00:00,1.1386535,-0.3901095
2019-02-10 03:30:00,0.8848078,-0.4015834
2019-02-10 04:00:00,0.82019836,-0.44018218
2019-02-10 04:30:00,0.7854796,-0.50975084
2019-02-10 05:00:00,0.71537346,-0.583868
2019-02-10 05:30:00,0.5758516,-0.6214837
2019-02-10 06:00:00,0.5870459,-0.6364967
2019-02-10 06:30:00,0.2916128,-0.67896676
2019-02-10 07:00:00,0.7591587,-0.7110159
2019-02-10 07:30:00,0.91637635,-0.72997445
2019-02-10 08:00:00,0.4925108,-0.77454615
2019-02-10 08:30:00,0.16863766,-0.81984746
2019-02-10 09:00:00,0.13999224,-0.86870545
2019-02-10 09:30:00,-0.15873533,-0.96174186
2019-02-10 10:00:00,-0.45746294,-1.0946093
2019-02-10 10:30:00,-0.7561949,-1.189341
2019-02-10 11:00:00,-0.97857696,-1.1979617
2019-02-10 11:30:00,-1.1514456,-1.3951283
2019-02-10 12:00:00,-1.5401292,-1.3802112
2019-02-10 12:30:00,-1.3700395,-1.3767115
2019-02-10 13:00:00,-0.4622954,-1.4027396
2019-02-10 13:30:00,-1.051379,-1.3763663
2019-02-10 14:00:00,-1.6404624,-1.3138235
2019-02-10 14:30:00,-1.1747998,-1.2418561
2019-02-10 15:00:00,-1.0254207,-1.1986432
2019-02-10 15:30:00,-1.214434,-1.1252776
2019-02-10 16:00:00,-1.229753,-1.1017225
2019-02-10 16:30:00,-0.85363996,-1.0161445
2019-02-10 17:00:00,-0.6700751,-0.94689924
2019-02-10 17:30:00,-0.18871775,-0.88978314
2019-02-10 18:00:00,0.29264396,-0.8389677
2019-02-10 18:30:00,0.21746069,-0.7977211
2019-02-10 19:00:00,0.8168253,-0.75684154
2019-02-10 19:30:00,0.3246057,-0.68468183
2019-02-10 20:00:00,0.62739676,-0.6404335
2019-02-10 20:30:00,0.37921375,-0.5874902
2019-02-10 21:00:00,0.32597768,-0.5291507
2019-02-10 21:30:00,0.27274162,-0.47120014
2019-02-10 22:00:00,0.21950991,-0.41486183
2019-02-10 22:30:00,0.50937647,-0.36106214
2019-02-10 23:00:00,1.0899746,-0.29446024
2019-02-10 23:30:00,3.1323104,-0.26784217
2019-02-11 00:00:00,5.174646,-0.23877732
2019-02-11 00:30:00,4.0993247,-0.21840307
2019-02-11 01:00:00,3.0240076,-0.22904243
2019-02-11 01:30:00,1.948686,-0.22756559
2019-02-11 02:00:00,1.6673046,-0.21467166
2019-02-11 02:30:00,1.3859278,-0.24249563
2019-02-11 03:00:00,1.1045464,-0.26663625
2019-02-11 03:30:00,0.8231695,-0.323512
2019-02-11 04:00:00,0.5417882,-0.36627913
2019-02-11 04:30:00,0.26041132,-0.39191842
2019-02-11 05:00:00,33.863804,-0.41172466
2019-02-11 05:30:00,11.754194,-0.4306133
2019-02-11 06:00:00,10.135275,-0.4659613
2019-02-11 06:30:00,8.51635,-0.5045339
2019-02-11 07:00:00,6.8974295,-0.52735054
2019-02-11 07:30:00,5.278509,-0.57502884
2019-02-11 08:00:00,3.6595895,-0.6600737
2019-02-11 08:30:00,2.0406694,-0.73728
2019-02-11 09:00:00,0.4217493,-0.78035295
2019-02-11 09:30:00,-1.1971751,-0.8380283
2019-02-11 10:00:00,-1.4746284,-0.91135895
2019-02-11 10:30:00,-2.9753838,-1.0261285
2019-02-11 11:00:00,-3.4462416,-1.1464515
2019-02-11 11:30:00,-5.5430193,-1.2431188
2019-02-11 12:00:00,-4.932238,-1.3559003
2019-02-11 12:30:00,-5.5911655,-1.3751079
2019-02-11 13:00:00,-7.276128,-1.3678242
2019-02-11 13:30:00,-5.431562,-1.3917376
2019-02-11 14:00:00,-5.8442855,-1.4046665
2019-02-11 14:30:00,-5.865005,-1.3709395
2019-02-11 15:00:00,-4.996065,-1.3300862
2019-02-11 15:30:00,-3.712776,-1.3277967
2019-02-11 16:00:00,-2.863734,-1.2920991
2019-02-11 16:30:00,-3.887152,-1.2370367
2019-02-11 17:00:00,-1.0488884,-1.1529181
2019-02-11 17:30:00,-0.40429676,-1.010932
2019-02-11 18:00:00,0.2690233,-0.8611203
2019-02-11 18:30:00,0.6480638,-0.75061524
2019-02-11 19:00:00,0.81355697,-0.6370342
2019-02-11 19:30:00,0.878918,-0.5703973
2019-02-11 20:00:00,0.7889008,-0.5091479
2019-02-11 20:30:00,0.7860301,-0.46304694
2019-02-11 21:00:00,0.80027854,-0.44291738
2019-02-11 21:30:00,2.3143563,-0.4191438
2019-02-11 22:00:00,1.2916461,-0.40527114
2019-02-11 22:30:00,0.26893592,-0.37357154
2019-02-11 23:00:00,0.39366317,-0.29340285
2019-02-11 23:30:00,0.5999966,-0.13513215
2019-02-12 00:00:00,0.5914589,0.013818742
2019-02-12 00:30:00,0.7552743,0.06826075
2019-02-12 01:00:00,1.0629547,0.04644462
2019-02-12 01:30:00,1.3255434,0.010991776
2019-02-12 02:00:00,1.2637085,-0.03502614
2019-02-12 02:30:00,1.0515944,-0.055732455
2019-02-12 03:00:00,0.90232015,-0.06607032
2019-02-12 03:30:00,0.8642807,-0.10538567
2019-02-12 04:00:00,1.2114381,-0.14235467
2019-02-12 04:30:00,1.1353241,-0.17827503
2019-02-12 05:00:00,1.1958395,1.080467
2019-02-12 05:30:00,1.1140105,0.49186411
2019-02-12 06:00:00,1.0321771,0.23492496
2019-02-12 06:30:00,1.6226063,0.06719463
2019-02-12 07:00:00,0.87897915,-0.06861764
2019-02-12 07:30:00,0.56852424,-0.27427384
2019-02-12 08:00:00,0.06358555,-0.4929245
2019-02-12 08:30:00,-1.09741,-0.73804903
2019-02-12 09:00:00,-1.8757122,-0.928063
2019-02-12 09:30:00,-0.946104,-1.1511354
2019-02-12 10:00:00,36.76638,-1.3940359
2019-02-12 10:30:00,15.085272,-1.6420048
2019-02-12 11:00:00,13.274459,-1.7524225
2019-02-12 11:30:00,11.463651,-2.0089247
2019-02-12 12:00:00,9.652838,-2.028556
2019-02-12 12:30:00,7.8420243,-1.9671538
2019-02-12 13:00:00,-44.944344,-2.2445633
2019-02-12 13:30:00,-4.0930047,-1.8618482
2019-02-12 14:00:00,36.75833,-2.0334194
2019-02-12 14:30:00,39.638557,-1.9283584
2019-02-12 15:00:00,-7.564212,-1.718678
2019-02-12 15:30:00,-5.435595,-1.5507511
2019-02-12 16:00:00,-3.3069732,-1.5167007
2019-02-12 16:30:00,-1.1783564,-1.6091604
2019-02-12 17:00:00,0.9502606,-1.1305208
2019-02-12 17:30:00,3.078882,-1.040744
2019-02-12 18:00:00,5.207499,-0.89696634
2019-02-12 18:30:00,2.4301353,-0.74332714
2019-02-12 19:00:00,3.1004536,-0.6221478
2019-02-12 19:30:00,2.0022016,-0.5297362
2019-02-12 20:00:00,0.9039499,-0.50523293
2019-02-12 20:30:00,1.3066024,-0.4494845
2019-02-12 21:00:00,2.7793941,-0.38407108
2019-02-12 21:30:00,7.6820455,-0.2766901
2019-02-12 22:00:00,3.2589996,-0.26239797
2019-02-12 22:30:00,2.0679777,-0.26122263
2019-02-12 23:00:00,9.052979,-0.20988722
2019-02-12 23:30:00,-0.7551069,-0.13777997
2019-02-13 00:00:00,1.116903,-0.0699503
2019-02-13 00:30:00,5.494617,0.009104221
2019-02-13 01:00:00,9.872328,0.08392921
2019-02-13 01:30:00,10.080413,0.17197147
2019-02-13 02:00:00,10.288499,0.21571296
2019-02-13 02:30:00,9.080593,0.21082367
2019-02-13 03:00:00,3.688436,0.1780973
2019-02-13 03:30:00,-1.7037174,0.16105685
2019-02-13 04:00:00,-5.0244,0.19990031
2019-02-13 04:30:00,-8.345083,0.17932071
2019-02-13 05:00:00,18.043129,0.17649373
2019-02-13 05:30:00,-4.4510508,0.12140506
2019-02-13 06:00:00,-0.25964528,0.066119775
2019-02-13 06:30:00,3.931756,-0.035900008
2019-02-13 07:00:00,1.8680673,-0.22478232
2019-02-13 07:30:00,1.9888664,-0.34048253
2019-02-13 08:00:00,2.1096656,-0.48536992
2019-02-13 08:30:00,-0.27073905,-0.6401233
2019-02-13 09:00:00,-2.6511436,-0.7749481
2019-02-13 09:30:00,-5.031544,-0.78631276
2019-02-13 10:00:00,2.957056,0.7259211
2019-02-13 10:30:00,0.47819683,0.1461268
2019-02-13 11:00:00,-2.0006623,-0.15094042
2019-02-13 11:30:00,-2.5419233,-0.37791905
2019-02-13 12:00:00,-2.8280234,-0.617761
2019-02-13 12:30:00,-2.799614,-0.9330615
2019-02-13 13:00:00,-3.4636536,-3.2366748
2019-02-13 13:30:00,-2.711078,-2.5174506
2019-02-13 14:00:00,-1.6763828,-0.47804254
2019-02-13 14:30:00,-4.14299,-0.022560405
2019-02-13 15:00:00,-6.6095934,-1.7678638
2019-02-13 15:30:00,-9.076197,-2.005167
2019-02-13 16:00:00,-11.542804,-1.8268629
2019-02-13 16:30:00,-14.009409,-1.595397
2019-02-13 17:00:00,-16.476015,-1.3818192
2019-02-13 17:30:00,-18.94262,-1.1926354
2019-02-13 18:00:00,-21.409224,-0.9675444
2019-02-13 18:30:00,-23.87583,-0.9189354
2019-02-13 19:00:00,-26.342434,-0.7686519
2019-02-13 19:30:00,-28.80904,-0.65411395
2019-02-13 20:00:00,-31.275644,-0.54246414
2019-02-13 20:30:00,-33.74225,-0.39300203
2019-02-13 21:00:00,-36.208855,-0.22485222
2019-02-13 21:30:00,-38.675457,0.048083127
2019-02-13 22:00:00,-41.142063,-0.026095202
2019-02-13 22:30:00,-38.95355,-0.05069897
2019-02-13 23:00:00,-36.765038,0.2474606
2019-02-13 23:30:00,-34.576527,-0.07581396
2019-02-14 00:00:00,-32.388016,-0.09971426
2019-02-14 00:30:00,-30.199503,0.059998322
2019-02-14 01:00:00,-28.01099,0.25765866
2019-02-14 01:30:00,-25.822477,0.28125748
2019-02-14 02:00:00,-23.633966,0.2731174
2019-02-14 02:30:00,-21.445454,0.20337394
2019-02-14 03:00:00,-19.25694,-0.056269884
2019-02-14 03:30:00,-17.068428,-0.3728069
2019-02-14 04:00:00,-14.879915,-0.63889116
2019-02-14 04:30:00,-12.691403,-0.9077936
2019-02-14 05:00:00,-10.502892,0.053457417
2019-02-14 05:30:00,-8.31438,-0.6945522
2019-02-14 06:00:00,-6.125868,-0.76017535
2019-02-14 06:30:00,-3.9373558,-0.63961643
2019-02-14 07:00:00,-1.7488396,-0.73180956
2019-02-14 07:30:00,0.43967232,-0.77928686
2019-02-14 08:00:00,2.6281843,-0.8105058
2019-02-14 08:30:00,4.816696,-0.9410399
2019-02-14 09:00:00,7.005208,-1.1160015
2019-02-14 09:30:00,8.252188,-1.3249391
2019-02-14 10:00:00,5.389775,-1.055958
2019-02-14 10:30:00,2.5273619,-1.1215899
2019-02-14 11:00:00,-0.33505142,-1.2635149
2019-02-14 11:30:00,-3.19746,-1.2961059
2019-02-14 12:00:00,-1.4822879,-1.3353381
2019-02-14 12:30:00,-1.6480695,-1.3146012
2019-02-14 13:00:00,-1.6885777,-1.3225709
2019-02-14 13:30:00,-2.2473161,-1.250219
2019-02-14 14:00:00,-1.9209785,-1.1439434
2019-02-14 14:30:00,-2.2602494,-1.1956677
2019-02-14 15:00:00,-1.788605,-1.3349624
2019-02-14 15:30:00,-1.7440027,-1.4849576
2019-02-14 16:00:00,-0.6642945,-1.6383083
2019-02-14 16:30:00,-2.5243146,-1.8348763
2019-02-14 17:00:00,-4.384335,-2.0519059
2019-02-14 17:30:00,15.100184,-2.2479365
2019-02-14 18:00:00,34.5847,-2.4701042
2019-02-14 18:30:00,34.200138,-2.7064989
2019-02-14 19:00:00,33.815586,-2.962123
2019-02-14 19:30:00,4.5428915,-3.2455053
2019-02-14 20:00:00,4.2602825,-3.546269
2019-02-14 20:30:00,5.2836347,-3.8956153
2019-02-14 21:00:00,6.3069873,-4.2314825
2019-02-14 21:30:00,9.004794,-4.500245
2019-02-14 22:00:00,3.7337155,-4.6802144
2019-02-14 22:30:00,4.0630417,-4.6249638
2019-02-14 23:00:00,10.10382,-4.3025937
2019-02-14 23:30:00,5.4427094,-3.7911706
2019-02-15 00:00:00,0.7815996,-3.2668757
2019-02-15 00:30:00,0.9750741,-2.68536
2019-02-15 01:00:00,0.85590464,-2.0970936
2019-02-15 01:30:00,1.6969244,-1.6138488
2019-02-15 02:00:00,0.93605584,-1.2207084
2019-02-15 02:30:00,0.70892435,-0.91616523
2019-02-15 03:00:00,2.1193218,-0.7350822
2019-02-15 03:30:00,2.3103497,-0.6579589
2019-02-15 04:00:00,3.6084945,-0.63141954
2019-02-15 04:30:00,10.055018,-0.6581512
2019-02-15 05:00:00,16.501537,-0.7392462
2019-02-15 05:30:00,11.811372,-0.79886585
2019-02-15 06:00:00,7.1212053,-0.9226406
2019-02-15 06:30:00,4.4733753,-0.93910867
2019-02-15 07:00:00,1.8255448,-0.8798123
2019-02-15 07:30:00,1.0690018,-0.7890436
2019-02-15 08:00:00,0.48477706,-0.6748727
2019-02-15 08:30:00,0.9458956,-0.5599459
2019-02-15 09:00:00,0.6616087,-0.3888031
2019-02-15 09:30:00,-0.57462245,-0.19526303
2019-02-15 10:00:00,-1.810858,-0.12406461
2019-02-15 10:30:00,-1.9349169,-0.17401493
2019-02-15 11:00:00,-1.9446298,-0.3038412
2019-02-15 11:30:00,-1.2674603,-0.26010844
2019-02-15 12:00:00,-1.3702404,-0.20797782
2019-02-15 12:30:00,-3.1649435,-0.112970844
2019-02-15 13:00:00,-4.959651,-0.011051556
2019-02-15 13:30:00,-2.4041228,0.04155096
2019-02-15 14:00:00,-2.7129261,0.077383935
2019-02-15 14:30:00,-1.8750918,0.058849186
2019-02-15 15:00:00,-2.290861,0.03422794
2019-02-15 15:30:00,-1.1568593,-0.011156421
2019-02-15 16:00:00,-0.36563683,-0.0058695166
2019-02-15 16:30:00,-0.70662034,-0.105184674
2019-02-15 17:00:00,-0.15048164,-0.22795008
2019-02-15 17:30:00,0.405657,0.5618654
2019-02-15 18:00:00,0.58629,1.5826836
2019-02-15 18:30:00,0.69655037,1.7898254
2019-02-15 19:00:00,0.80681074,1.7911886
2019-02-15 19:30:00,0.59363925,0.61123455
2019-02-15 20:00:00,0.60542333,0.26768628
2019-02-15 20:30:00,0.7581843,0.11261394
2019-02-15 21:00:00,0.7155832,-0.018361466
2019-02-15 21:30:00,0.6002282,-0.07068434
2019-02-15 22:00:00,0.65303606,-0.37643346
2019-02-15 22:30:00,0.7406283,-0.46628025
2019-02-15 23:00:00,0.6359432,-0.27279264
2019-02-15 23:30:00,0.70885,-0.40520123
2019-02-16 00:00:00,0.6280784,-0.5787078
2019-02-16 00:30:00,0.54730237,-0.5648002
2019-02-16 01:00:00,0.9530526,-0.5020084
2019-02-16 01:30:00,0.6619976,-0.39026245
2019-02-16 02:00:00,0.6423312,-0.33902317
2019-02-16 02:30:00,0.6058472,-0.30012292
2019-02-16 03:00:00,0.65507656,-0.22400457
2019-02-16 03:30:00,0.4801368,-0.200113
2019-02-16 04:00:00,0.92763615,-0.16327071
2019-02-16 04:30:00,0.74070257,0.081893094
2019-02-16 05:00:00,0.6176051,0.38337773
2019-02-16 05:30:00,0.28954172,0.21296027
2019-02-16 06:00:00,1.1802235,-0.098709315
2019-02-16 06:30:00,1.215235,-0.32585832
2019-02-16 07:00:00,0.31176856,-0.5278661
2019-02-16 07:30:00,0.40252417,-0.6481279
2019-02-16 08:00:00,-1.2490655,-0.7561643
2019-02-16 08:30:00,-1.9795715,-0.82170004
2019-02-16 09:00:00,-2.347741,-0.92091036
2019-02-16 09:30:00,-2.7159061,-1.0683888
2019-02-16 10:00:00,-2.18587,-1.2436912
2019-02-16 10:30:00,-4.620271,-1.4053481
2019-02-16 11:00:00,-6.00319,-1.4949415
2019-02-16 11:30:00,-6.8374243,-1.519707
2019-02-16 12:00:00,-5.736197,-1.5513016
2019-02-16 12:30:00,-7.0080166,-1.6710916
2019-02-16 13:00:00,-5.4245796,-1.777804
2019-02-16 13:30:00,-2.4261007,-1.6748142
2019-02-16 14:00:00,-3.871973,-1.6582981
2019-02-16 14:30:00,-3.6233225,-1.5365157
2019-02-16 15:00:00,-2.4249165,-1.4996386
2019-02-16 15:30:00,-1.3700001,-1.3524529
2019-02-16 16:00:00,-1.0921056,-1.2088064
2019-02-16 16:30:00,-0.814211,-1.1429865
2019-02-16 17:00:00,-0.63043207,-1.0464765
2019-02-16 17:30:00,-1.1590483,-0.93483984
2019-02-16 18:00:00,1.1496205,-0.8434288
2019-02-16 18:30:00,1.2044908,-0.74001956
2019-02-16 19:00:00,1.1349746,-0.6263599
2019-02-16 19:30:00,0.51593924,-0.53265494
2019-02-16 20:00:00,1.0287733,-0.4392952
2019-02-16 20:30:00,0.87215424,-0.35431585
2019-02-16 21:00:00,0.7541732,-0.30096617
2019-02-16 21:30:00,0.70772713,-0.27544922
2019-02-16 22:00:00,0.6751799,-0.24305053
2019-02-16 22:30:00,0.6427506,-0.20983042
2019-02-16 23:00:00,0.6103214,-0.18479408
2019-02-16 23:30:00,0.54088813,-0.13813826
2019-02-17 00:00:00,0.540342,-0.060311526
2019-02-17 00:30:00,0.50346476,0.02976684
2019-02-17 01:00:00,0.535977,0.14435722
2019-02-17 01:30:00,0.5420111,0.19079022
2019-02-17 02:00:00,0.7655117,0.21726844
2019-02-17 02:30:00,0.30714142,0.2245303
2019-02-17 03:00:00,0.41340822,0.2206372
2019-02-17 03:30:00,0.46658748,0.1996731
2019-02-17 04:00:00,0.5151571,0.16304053
2019-02-17 04:30:00,0.46202588,0.071590185
2019-02-17 05:00:00,0.6683987,-0.008727067
2019-02-17 05:30:00,0.8747758,-0.10935303
2019-02-17 06:00:00,1.0419993,-0.17685936
2019-02-17 06:30:00,0.88617545,-0.2721984
2019-02-17 07:00:00,0.94583446,-0.4139836
2019-02-17 07:30:00,0.91449755,-0.5383176
2019-02-17 08:00:00,-0.51554024,-0.77428836
2019-02-17 08:30:00,-1.9455736,-0.9900246
2019-02-17 09:00:00,-3.3016558,-1.1448436
2019-02-17 09:30:00,-4.582651,-1.2738878
2019-02-17 10:00:00,-7.237547,-1.3178695
2019-02-17 10:30:00,-7.7542214,-1.604494
2019-02-17 11:00:00,-6.3646746,-1.8980045
2019-02-17 11:30:00,-7.3085265,-2.0941355
2019-02-17 12:00:00,-6.520022,-2.1358323
2019-02-17 12:30:00,-5.6347847,-2.1185951
2019-02-17 13:00:00,-3.9685528,-2.0033581
2019-02-17 13:30:00,-5.0602727,-1.7772665
2019-02-17 14:00:00,-4.906909,-1.7044034
2019-02-17 14:30:00,-4.949462,-1.5823108
2019-02-17 15:00:00,-4.233947,-1.4342731
2019-02-17 15:30:00,-2.6933427,-1.2453166
2019-02-17 16:00:00,-1.7421327,-1.121555
2019-02-17 16:30:00,-1.9483132,-1.0228864
2019-02-17 17:00:00,-1.6555542,-0.92313874
2019-02-17 17:30:00,-0.33483297,-0.81748366
2019-02-17 18:00:00,0.6484439,-0.572381
2019-02-17 18:30:00,0.75876105,-0.43481225
2019-02-17 19:00:00,1.2252146,-0.32196525
2019-02-17 19:30:00,1.2205175,-0.24372779
2019-02-17 20:00:00,1.2158161,-0.117217846
2019-02-17 20:30:00,1.38567,-0.05083442
2019-02-17 21:00:00,1.3948237,0.0013573761
2019-02-17 21:30:00,1.2047573,0.015334903
2019-02-17 22:00:00,0.99509007,0.0019384987
2019-02-17 22:30:00,1.1730796,0.0028779074
2019-02-17 23:00:00,0.9980175,0.0315539
2019-02-17 23:30:00,1.0828614,0.059591975
2019-02-18 00:00:00,1.2712281,0.096761964
2019-02-18 00:30:00,1.1703575,0.12764011
2019-02-18 01:00:00,1.1914746,0.16164671
2019-02-18 01:30:00,1.0175397,0.19144563
2019-02-18 02:00:00,0.81467116,0.21012457
2019-02-18 02:30:00,0.9642818,0.22020902
2019-02-18 03:00:00,1.6250925,0.18997316
2019-02-18 03:30:00,2.2858987,0.1768564
2019-02-18 04:00:00,2.9467094,0.156788
2019-02-18 04:30:00,3.60752,0.13134968
2019-02-18 05:00:00,7.8887806,0.10649249
2019-02-18 05:30:00,13.63001,0.0646342
2019-02-18 06:00:00,-9.17725,0.010747094
2019-02-18 06:30:00,1.5117124,-0.06464591
2019-02-18 07:00:00,12.200676,-0.12277128
2019-02-18 07:30:00,22.889637,-0.23100425
2019-02-18 08:00:00,41.220985,-0.42680326
2019-02-18 08:30:00,8.883694,-0.63492817
2019-02-18 09:00:00,23.505816,-0.89927775
2019-02-18 09:30:00,38.127945,-1.3567654
2019-02-18 10:00:00,52.750065,-1.4517723
2019-02-18 10:30:00,44.300873,-1.7103107
2019-02-18 11:00:00,35.85168,-1.8155551
2019-02-18 11:30:00,27.40249,-1.8936265
2019-02-18 12:00:00,34.868317,-1.9138696
2019-02-18 12:30:00,27.957695,-1.8323377
2019-02-18 13:00:00,21.047073,-1.5829226
2019-02-18 13:30:00,14.136452,-1.652465
2019-02-18 14:00:00,7.225825,-1.538731
2019-02-18 14:30:00,0.31520286,-1.4265088
2019-02-18 15:00:00,-6.5954194,-1.3326379
2019-02-18 15:30:00,-13.506041,-1.1374812
2019-02-18 16:00:00,-16.37545,-0.9825181
2019-02-18 16:30:00,-19.244856,-0.8795633
2019-02-18 17:00:00,-22.114265,-0.7768269
2019-02-18 17:30:00,0.11627545,-0.5641798
2019-02-18 18:00:00,22.346813,-0.3546829
2019-02-18 18:30:00,44.57736,-0.17908773
2019-02-18 19:00:00,40.50687,-0.057812262
2019-02-18 19:30:00,36.436386,0.037369497
2019-02-18 20:00:00,32.3659,0.12495734
2019-02-18 20:30:00,28.29541,0.19296616
2019-02-18 21:00:00,24.22493,0.20713595
2019-02-18 21:30:00,20.154448,0.2256707
2019-02-18 22:00:00,16.08396,0.24630709
2019-02-18 22:30:00,12.013475,0.26573318
2019-02-18 23:00:00,7.9429913,0.26589486
2019-02-18 23:30:00,3.8725076,0.2935091
2019-02-19 00:00:00,-0.1979764,0.29598212
2019-02-19 00:30:00,-4.2684646,0.29736722
2019-02-19 01:00:00,4.441807,0.2854695
2019-02-19 01:30:00,11.768705,0.2796146
2019-02-19 02:00:00,8.211815,0.26132452
2019-02-19 02:30:00,4.65493,0.24915154
2019-02-19 03:00:00,12.799184,0.24443701
2019-02-19 03:30:00,10.531482,0.122453704
2019-02-19 04:00:00,7.8392763,0.015094589
2019-02-19 04:30:00,4.455269,-0.052520987
2019-02-19 05:00:00,3.838051,0.023073008
2019-02-19 05:30:00,9.369731,0.17552811
2019-02-19 06:00:00,-2.8308153,-0.75813925
2019-02-19 06:30:00,4.346061,-0.6062609
2019-02-19 07:00:00,0.42574286,-0.211884
2019-02-19 07:30:00,0.24654303,0.20879193
2019-02-19 08:00:00,-0.057593793,0.84925014
2019-02-19 08:30:00,-0.23888218,-0.4678707
2019-02-19 09:00:00,-0.8241906,-0.34513152
2019-02-19 09:30:00,-1.5982983,-0.046543725
2019-02-19 10:00:00,-2.2075462,0.14570735
2019-02-19 10:30:00,-1.6358484,-0.45375335
2019-02-19 11:00:00,-1.7068677,-1.2134247
2019-02-19 11:30:00,-1.1926354,-2.1164281
2019-02-19 12:00:00,-1.3224791,-2.6315951
2019-02-19 12:30:00,-1.9550071,-3.6429975
2019-02-19 13:00:00,-1.803155,-4.681936
2019-02-19 13:30:00,-1.9312903,-5.5892954
2019-02-19 14:00:00,-3.1554751,-6.3675365
2019-02-19 14:30:00,-2.2701895,-7.0047264
2019-02-19 15:00:00,-2.2921193,-7.3554096
2019-02-19 15:30:00,-1.9094042,-7.4239297
2019-02-19 16:00:00,-1.0073316,-7.1205487
2019-02-19 16:30:00,-0.5725995,-6.6884646
2019-02-19 17:00:00,-0.97983533,-6.1501093
2019-02-19 17:30:00,-0.106342554,-4.700003
2019-02-19 18:00:00,0.1692581,-3.7523708
2019-02-19 18:30:00,0.44485873,-3.9665997
2019-02-19 19:00:00,1.0091943,-5.45385
2019-02-19 19:30:00,0.93993586,-7.0545235
2019-02-19 20:00:00,1.181023,-8.262415
2019-02-19 20:30:00,0.8298721,-9.282198
2019-02-19 21:00:00,0.9536993,-10.244917
2019-02-19 21:30:00,1.061255,-11.377092
2019-02-19 22:00:00,1.1688151,-12.511272
2019-02-19 22:30:00,0.36566442,-13.488063
2019-02-19 23:00:00,0.6373982,-14.4995
2019-02-19 23:30:00,0.6401509,-15.245738
2019-02-20 00:00:00,1.1364863,-15.658751
2019-02-20 00:30:00,1.4300363,-15.727498
2019-02-20 01:00:00,1.7235862,-15.382988
2019-02-20 01:30:00,0.69578135,-15.375338
2019-02-20 02:00:00,0.83516777,-16.026392
2019-02-20 02:30:00,1.014123,-16.662336
2019-02-20 03:00:00,0.42051715,-17.020191
2019-02-20 03:30:00,1.4352969,-17.458162
2019-02-20 04:00:00,1.0302764,-17.654531
2019-02-20 04:30:00,0.88482094,-17.340923
2019-02-20 05:00:00,0.8966182,-16.565292
2019-02-20 05:30:00,1.1980635,-15.663889
2019-02-20 06:00:00,0.7540509,-14.6844225
2019-02-20 06:30:00,1.0224901,-13.376031
2019-02-20 07:00:00,1.0891707,-12.163032
2019-02-20 07:30:00,0.64882404,-10.709448
2019-02-20 08:00:00,-0.6128892,-9.156702
2019-02-20 08:30:00,-1.8347191,-7.6538315
2019-02-20 09:00:00,-2.0898056,-6.219992
2019-02-20 09:30:00,-2.311637,-4.9072976
2019-02-20 10:00:00,-2.58057,-3.7283833
2019-02-20 10:30:00,13.226231,-2.7250774
2019-02-20 11:00:00,29.033033,-2.038645
2019-02-20 11:30:00,36.55213,-1.5699849
2019-02-20 12:00:00,28.235262,-1.2750586
2019-02-20 12:30:00,19.918385,-1.0755283
2019-02-20 13:00:00,-14.936499,-0.8684302
2019-02-20 13:30:00,-0.5639569,-0.7214455
2019-02-20 14:00:00,13.808585,-0.6312404
2019-02-20 14:30:00,28.181126,-0.50802934
2019-02-20 15:00:00,13.4355,-0.39849865
2019-02-20 15:30:00,-1.3101226,-0.26530358
2019-02-20 16:00:00,2.499114,-0.080393024
2019-02-20 16:30:00,6.30835,0.07062457
2019-02-20 17:00:00,4.3400884,0.1685459
2019-02-20 17:30:00,2.3718264,0.3042839
2019-02-20 18:00:00,0.96853316,0.39054343
2019-02-20 18:30:00,1.3708447,0.4399869
2019-02-20 19:00:00,1.7731564,0.4640052
2019-02-20 19:30:00,2.175468,0.42848682
2019-02-20 20:00:00,2.5777798,0.36703637
2019-02-20 20:30:00,2.9800913,0.2361309
2019-02-20 21:00:00,3.382403,0.0951322
2019-02-20 21:30:00,0.29288426,-0.06415655
2019-02-20 22:00:00,0.27320477,-0.2366713
2019-02-20 22:30:00,0.59652734,-0.44788095
2019-02-20 23:00:00,0.91985434,-0.60589385
2019-02-20 23:30:00,1.0598394,-0.77057874
2019-02-21 00:00:00,1.1998243,-0.8717946
2019-02-21 00:30:00,1.1999947,-0.9703932
2019-02-21 01:00:00,0.4435261,-1.0552152
2019-02-21 01:30:00,0.87343884,-1.1862212
2019-02-21 02:00:00,0.82041687,-1.2473614
2019-02-21 02:30:00,1.0998975,-1.2543174
2019-02-21 03:00:00,1.207829,-1.2493539
2019-02-21 03:30:00,0.7815603,-1.1735021
2019-02-21 04:00:00,1.0463425,-1.1170982
2019-02-21 04:30:00,1.1999379,-1.0489539
2019-02-21 05:00:00,1.0948553,-0.9650669
2019-02-21 05:30:00,0.7446918,-0.84018236
2019-02-21 06:00:00,0.49317494,-0.74021184
2019-02-21 06:30:00,0.9420768,-0.5855502
2019-02-21 07:00:00,1.7309791,-0.4272358
2019-02-21 07:30:00,1.0586246,-0.3823583
2019-02-21 08:00:00,0.09189452,-0.5587443
2019-02-21 08:30:00,-0.7456866,-0.70305496
2019-02-21 09:00:00,-1.1308792,-0.8028595
2019-02-21 09:30:00,-1.0813308,-0.8391993
2019-02-21 10:00:00,-1.3274864,-0.82956487
2019-02-21 10:30:00,-2.3418992,-0.0720738
2019-02-21 11:00:00,-2.4299326,0.736473
2019-02-21 11:30:00,-2.9813435,1.0745509
2019-02-21 12:00:00,-4.749311,0.6308573
2019-02-21 12:30:00,-4.1171894,0.09992537
2019-02-21 13:00:00,-3.3671086,-1.7412107
2019-02-21 13:30:00,-2.6405568,-1.8309264
2019-02-21 14:00:00,-2.5875084,-1.481615
2019-02-21 14:30:00,-2.0674477,-1.1169409
2019-02-21 15:00:00,-1.6747093,-1.8345355
2019-02-21 15:30:00,-0.44123083,-2.6352348
2019-02-21 16:00:00,-1.7142956,-2.6307433
2019-02-21 16:30:00,-1.8807107,-2.3570738
2019-02-21 17:00:00,-1.3001868,-2.2279818
2019-02-21 17:30:00,0.45627147,-2.077458
2019-02-21 18:00:00,0.39346653,-1.8297205
2019-02-21 18:30:00,10.6304655,-1.4330978
2019-02-21 19:00:00,20.867466,-1.038
2019-02-21 19:30:00,31.10447,-0.70300686
2019-02-21 20:00:00,18.113873,-0.40493906
2019-02-21 20:30:00,5.1232796,-0.14661041
2019-02-21 21:00:00,10.109976,0.0672558
2019-02-21 21:30:00,11.907375,0.100589514
2019-02-21 22:00:00,13.704774,0.19582808
2019-02-21 22:30:00,15.502172,0.27715904
2019-02-21 23:00:00,22.63244,0.35825837
2019-02-21 23:30:00,29.762705,0.39330924
2019-02-22 00:00:00,27.913643,0.3871004
2019-02-22 00:30:00,26.06458,0.36922106
2019-02-22 01:00:00,24.215519,0.31490576
2019-02-22 01:30:00,22.36646,0.287794
2019-02-22 02:00:00,20.517399,0.25017396
2019-02-22 02:30:00,18.668337,0.21715485
2019-02-22 03:00:00,16.819277,0.18675733
2019-02-22 03:30:00,14.970219,0.12314843
2019-02-22 04:00:00,13.121157,0.074919626
2019-02-22 04:30:00,11.272095,0.0057398262
2019-02-22 05:00:00,9.423033,-0.10785872
2019-02-22 05:30:00,7.57397,-0.26738778
2019-02-22 06:00:00,5.7249074,-0.42611727
2019-02-22 06:30:00,3.8758502,-0.57071626
2019-02-22 07:00:00,4.976225,-0.6625642
2019-02-22 07:30:00,6.076605,-0.8235002
2019-02-22 08:00:00,7.1769843,-0.96854496
2019-02-22 08:30:00,1.4100246,-1.1488633
2019-02-22 09:00:00,0.72773874,-1.2962937
2019-02-22 09:30:00,0.04545278,-1.3927732
2019-02-22 10:00:00,-0.6368332,-1.5079839
2019-02-22 10:30:00,-1.3191191,-1.615946
2019-02-22 11:00:00,-6.576841,-1.6698812
2019-02-22 11:30:00,-11.834558,-1.6838893
2019-02-22 12:00:00,4.779797,-1.8295457
2019-02-22 12:30:00,-2.5069118,-1.8273873
2019-02-22 13:00:00,0.11509136,-1.7566825
2019-02-22 13:30:00,-1.5277466,-1.646763
2019-02-22 14:00:00,-3.1705842,-1.5468624
2019-02-22 14:30:00,-2.9428935,-1.3937563
2019-02-22 15:00:00,-5.465874,-1.2268474
2019-02-22 15:30:00,-5.907903,-1.0081705
2019-02-22 16:00:00,-3.6969328,-0.9541567
2019-02-22 16:30:00,-3.364404,-0.8557941
2019-02-22 17:00:00,-2.4257205,-0.65995574
2019-02-22 17:30:00,-2.0628948,-0.44109973
2019-02-22 18:00:00,-0.05415949,-0.29385728
2019-02-22 18:30:00,0.6748347,0.25721735
2019-02-22 19:00:00,1.4038333,0.96462697
2019-02-22 19:30:00,1.546606,1.4385346
2019-02-22 20:00:00,0.9475647,0.91818523
2019-02-22 20:30:00,1.0830798,0.1713248
2019-02-22 21:00:00,0.42985004,0.20145142
2019-02-22 21:30:00,0.78316385,0.2841019
2019-02-22 22:00:00,0.9010006,0.36612755
2019-02-22 22:30:00,1.0188375,0.45886248
2019-02-22 23:00:00,1.1366786,0.76226526
2019-02-22 23:30:00,1.2545154,1.0447651
2019-02-23 00:00:00,5.19242,1.0458837
2019-02-23 00:30:00,2.9992027,0.9765684
2019-02-23 01:00:00,1.4331123,0.802721
2019-02-23 01:30:00,0.45571655,0.2355454
2019-02-23 02:00:00,-0.5216835,-0.72284806
2019-02-23 02:30:00,-1.4990792,-1.6419262
2019-02-23 03:00:00,-2.4764748,-2.501839
2019-02-23 03:30:00,-3.4538748,-3.4019146
2019-02-23 04:00:00,-4.4312706,-4.3937554
2019-02-23 04:30:00,3.6482031,-5.1833353
2019-02-23 05:00:00,2.2206514,-5.387056
2019-02-23 05:30:00,2.1207943,-5.5585613
2019-02-23 06:00:00,2.0209332,-5.4517307
2019-02-23 06:30:00,3.8081384,-5.1491537
2019-02-23 07:00:00,3.3111913,-4.6730266
2019-02-23 07:30:00,2.814244,-4.184486
2019-02-23 08:00:00,9.057038,-3.8016396
2019-02-23 08:30:00,-1.0097872,-3.6594875
2019-02-23 09:00:00,-3.2328823,-3.3717487
2019-02-23 09:30:00,-4.1363573,-3.1019855
2019-02-23 10:00:00,-1.8232058,-2.9210815
2019-02-23 10:30:00,-2.825249,-2.5453532
2019-02-23 11:00:00,-2.825948,-2.5655003
2019-02-23 11:30:00,-4.3120837,-2.6481333
2019-02-23 12:00:00,-4.1432,-1.9577947
2019-02-23 12:30:00,-7.3206124,-1.9960876
2019-02-23 13:00:00,-9.280624,-1.7219375
2019-02-23 13:30:00,-7.5870504,-1.7039359
2019-02-23 14:00:00,-11.667854,-1.6752206
2019-02-23 14:30:00,-5.3955717,-1.5252821
2019-02-23 15:00:00,-8.465,-1.5779809
2019-02-23 15:30:00,-1.8066329,-1.4857222
2019-02-23 16:00:00,-2.2040813,-1.2719564
2019-02-23 16:30:00,-1.3050935,-1.0239875
2019-02-23 17:00:00,-0.40610567,-0.8558727
2019-02-23 17:30:00,-0.22243598,-0.6153972
2019-02-23 18:00:00,-0.45976993,-0.3254782
2019-02-23 18:30:00,-0.6971039,-0.097140715
2019-02-23 19:00:00,2.536367,0.05648974
2019-02-23 19:30:00,0.8609556,0.053645298
2019-02-23 20:00:00,-0.8144557,-0.034305196
2019-02-23 20:30:00,-1.4228779,-0.08725289
2019-02-23 21:00:00,-2.0313,-0.12241736
2019-02-23 21:30:00,-2.6397266,-0.11394958
2019-02-23 22:00:00,-3.2481487,-0.13680997
2019-02-23 22:30:00,-3.8565753,-0.108719476
2019-02-23 23:00:00,-4.464998,-0.10510166
2019-02-23 23:30:00,-5.0734243,-0.16142684
2019-02-24 00:00:00,-5.6818466,0.0064170747
2019-02-24 00:30:00,-6.290269,-0.048811413
2019-02-24 01:00:00,-6.8986955,-0.10627701
2019-02-24 01:30:00,-7.5071177,-0.13348928
2019-02-24 02:00:00,-8.115544,-0.16949265
2019-02-24 02:30:00,-8.723967,-0.22511001
2019-02-24 03:00:00,-9.332393,-0.31620646
2019-02-24 03:30:00,-9.940815,-0.4097759
2019-02-24 04:00:00,-10.549237,-0.5097902
2019-02-24 04:30:00,-11.157663,-0.20186949
2019-02-24 05:00:00,-11.766086,-0.180416
2019-02-24 05:30:00,-12.374513,-0.1478644
2019-02-24 06:00:00,-12.982935,-0.16516264
2019-02-24 06:30:00,-13.591359,-0.16787599
2019-02-24 07:00:00,-14.199783,-0.21833317
2019-02-24 07:30:00,-14.8082075,-0.25523663
2019-02-24 08:00:00,-15.416632,-0.08338603
2019-02-24 08:30:00,-16.025057,-0.55242187
2019-02-24 09:00:00,-16.63348,-0.8541206
2019-02-24 09:30:00,-17.241903,-1.0689393
2019-02-24 10:00:00,-17.850328,-1.0620314
2019-02-24 10:30:00,-15.712133,-1.3255072
2019-02-24 11:00:00,-8.674239,-1.2712181
2019-02-24 11:30:00,-9.729618,-1.4547784
2019-02-24 12:00:00,-11.541567,-1.3991917
2019-02-24 12:30:00,-5.858958,-1.7579497
2019-02-24 13:00:00,-10.293228,-1.9319195
2019-02-24 13:30:00,-9.300597,-2.153585
2019-02-24 14:00:00,-4.266717,-2.3666906
2019-02-24 14:30:00,-6.1964984,-2.087704
2019-02-24 15:00:00,-5.8822904,-1.9653012
2019-02-24 15:30:00,-7.7625713,-1.6673295
2019-02-24 16:00:00,-6.708843,-1.4357369
2019-02-24 16:30:00,-6.0762453,-1.1790249
2019-02-24 17:00:00,-4.076991,-0.97536546
2019-02-24 17:30:00,-1.5016702,-0.77124727
2019-02-24 18:00:00,0.095722064,-0.5683699
2019-02-24 18:30:00,0.16512033,-0.39531776
2019-02-24 19:00:00,-0.2696773,-0.064750776
2019-02-24 19:30:00,-0.7044706,0.06663972
2019-02-24 20:00:00,-1.1392639,0.091807134
2019-02-24 20:30:00,-0.62476504,0.11344412
2019-02-24 21:00:00,-0.11026622,0.09589247
2019-02-24 21:30:00,0.4042326,0.103490755
2019-02-24 22:00:00,1.1147357,0.060854714
2019-02-24 22:30:00,1.8252432,0.0712756
2019-02-24 23:00:00,2.5357466,0.08271453
2019-02-24 23:30:00,3.2462497,-0.012454116
2019-02-25 00:00:00,3.956753,-0.047605477
2019-02-25 00:30:00,4.66726,-0.028878475
2019-02-25 01:00:00,5.3777633,-0.08637903
2019-02-25 01:30:00,6.0882664,-0.0994521
2019-02-25 02:00:00,6.7987742,-0.19940518
2019-02-25 02:30:00,7.5092773,-0.27272275
2019-02-25 03:00:00,8.21978,-0.37825987
2019-02-25 03:30:00,8.930284,-0.36889637
2019-02-25 04:00:00,9.640792,-0.45207554
2019-02-25 04:30:00,10.3512945,-0.5250698
2019-02-25 05:00:00,11.061798,-0.60988307
2019-02-25 05:30:00,4.5421443,-0.68806374
2019-02-25 06:00:00,0.57792705,-0.8043931
2019-02-25 06:30:00,4.4377565,-0.9331096
2019-02-25 07:00:00,2.6276515,-1.0412639
2019-02-25 07:30:00,0.8175462,-1.2447486
2019-02-25 08:00:00,-2.5383315,-1.4522443
2019-02-25 08:30:00,-3.834711,-1.6879703
2019-02-25 09:00:00,-5.1310954,-1.8935828
2019-02-25 09:30:00,-6.427475,-2.2142096
2019-02-25 10:00:00,-5.4425464,-2.7366953
2019-02-25 10:30:00,-4.8023243,-3.1141803
2019-02-25 11:00:00,-7.40027,-3.1925533
2019-02-25 11:30:00,-9.956461,-3.079492
2019-02-25 12:00:00,-7.44783,-3.441737
2019-02-25 12:30:00,-7.6971445,-3.218551
2019-02-25 13:00:00,-9.704416,-3.3649151
2019-02-25 13:30:00,-7.242121,-3.2707384
2019-02-25 14:00:00,-7.6817994,-2.9093106
2019-02-25 14:30:00,-7.5466166,-2.7786934
2019-02-25 15:00:00,-7.7983603,-2.7263227
2019-02-25 15:30:00,-6.2638564,-2.9462883
2019-02-25 16:00:00,-5.732789,-2.7023873
2019-02-25 16:30:00,-3.2427263,-2.4066396
2019-02-25 17:00:00,-1.3324369,-2.1217892
2019-02-25 17:30:00,-0.94321585,-1.6264281
2019-02-25 18:00:00,0.2914118,-1.0768784
2019-02-25 18:30:00,0.37117416,-0.5557382
2019-02-25 19:00:00,-2.270006,-0.21039844
2019-02-25 19:30:00,-4.911186,0.08343984
2019-02-25 20:00:00,-0.069377914,0.37622073
2019-02-25 20:30:00,2.5242596,0.5464154
2019-02-25 21:00:00,-31.331291,0.7214469
2019-02-25 21:30:00,-0.9408783,0.7732935
2019-02-25 22:00:00,-1.8963224,0.8768687
2019-02-25 22:30:00,-0.080331855,0.83016485
2019-02-25 23:00:00,1.735663,0.7820715
2019-02-25 23:30:00,0.8547074,0.7665079
2019-02-26 00:00:00,1.6505133,0.7505467
2019-02-26 00:30:00,6.557525,0.759565
2019-02-26 01:00:00,0.754431,0.7108075
2019-02-26 01:30:00,-0.098547645,0.7403705
2019-02-26 02:00:00,-0.9515307,0.8067408
2019-02-26 02:30:00,1.2569753,0.88579094
2019-02-26 03:00:00,2.1027534,0.9746546
2019-02-26 03:30:00,2.412601,1.012231
2019-02-26 04:00:00,5.1147375,1.0544301
2019-02-26 04:30:00,1.9180655,1.0761151
2019-02-26 05:00:00,2.0734046,1.0069747
2019-02-26 05:30:00,1.7190988,0.57752943
2019-02-26 06:00:00,1.3605856,0.09892042
2019-02-26 06:30:00,1.5324973,-0.05986585
2019-02-26 07:00:00,0.8321747,-0.43101966
2019-02-26 07:30:00,0.6135372,-0.85529596
2019-02-26 08:00:00,-0.64627534,-1.504187
2019-02-26 08:30:00,-2.0869918,-1.9918144
2019-02-26 09:00:00,-2.0629823,-2.6644046
2019-02-26 09:30:00,-2.908485,-3.1011074
2019-02-26 10:00:00,-4.9413786,-3.468346
2019-02-26 10:30:00,-7.045763,-3.6045036
2019-02-26 11:00:00,-7.7840333,-3.8010411
2019-02-26 11:30:00,-7.8679466,-4.221376
2019-02-26 12:00:00,-9.261976,-4.205655
2019-02-26 12:30:00,-5.9197006,-4.1572213
2019-02-26 13:00:00,-3.3311443,-4.264659
2019-02-26 13:30:00,-3.9797559,-4.206267
2019-02-26 14:00:00,-2.153952,-4.172588
2019-02-26 14:30:00,-27.78792,-4.059422
2019-02-26 15:00:00,13.965392,-4.005063
2019-02-26 15:30:00,15.294341,-3.7850842
2019-02-26 16:00:00,16.623285,-3.4272394
2019-02-26 16:30:00,17.952234,-2.8278267
2019-02-26 17:00:00,19.281178,-2.1433911
2019-02-26 17:30:00,20.61012,-1.5731527
2019-02-26 18:00:00,21.93907,-0.86751264
2019-02-26 18:30:00,23.268015,-0.22893755
2019-02-26 19:00:00,24.596962,0.24940495
2019-02-26 19:30:00,25.925907,0.3875985
2019-02-26 20:00:00,27.25485,0.7571575
2019-02-26 20:30:00,28.583796,1.1148231
2019-02-26 21:00:00,29.91274,0.120264664
2019-02-26 21:30:00,31.241693,0.58829117
2019-02-26 22:00:00,32.570637,0.7874283
2019-02-26 22:30:00,14.986197,0.8595836
2019-02-26 23:00:00,8.441625,0.8451648
2019-02-26 23:30:00,10.144611,0.82695335
2019-02-27 00:00:00,4.80548,0.815462
2019-02-27 00:30:00,8.034192,0.960061
2019-02-27 01:00:00,11.262906,0.80581886
2019-02-27 01:30:00,14.491614,0.6619015
2019-02-27 02:00:00,2.1490772,0.6553169
2019-02-27 02:30:00,1.033632,0.7215386
2019-02-27 03:00:00,0.91126424,0.7960534
2019-02-27 03:30:00,1.0762463,0.8372694
2019-02-27 04:00:00,1.1347561,0.9703989
2019-02-27 04:30:00,0.94923383,0.82495224
2019-02-27 05:00:00,1.2658057,0.6434803
2019-02-27 05:30:00,1.5017984,0.4530163
2019-02-27 06:00:00,1.4066472,0.17648937
2019-02-27 06:30:00,1.4402212,-0.13223091
2019-02-27 07:00:00,1.3016956,-0.4887911
2019-02-27 07:30:00,1.0788242,-0.88963026
2019-02-27 08:00:00,0.5651424,-1.3359455
2019-02-27 08:30:00,-0.035716496,-1.7632453
2019-02-27 09:00:00,-1.1854304,-2.0504773
2019-02-27 09:30:00,2.1141267,-2.343022
2019-02-27 10:00:00,5.413684,-2.7766793
2019-02-27 10:30:00,8.713237,-3.223086
2019-02-27 11:00:00,12.0127945,-3.4117806
2019-02-27 11:30:00,15.312351,-3.7073317
2019-02-27 12:00:00,18.611902,-3.9049134
2019-02-27 12:30:00,21.91146,-3.671219
2019-02-27 13:00:00,18.904915,-3.4970264
2019-02-27 13:30:00,5.389272,-3.553863
2019-02-27 14:00:00,-8.126368,-3.4341693
2019-02-27 14:30:00,-13.685205,-4.5782466
2019-02-27 15:00:00,-6.289784,-2.89629
2019-02-27 15:30:00,-2.2001927,-1.8481154
2019-02-27 16:00:00,-0.2623674,-1.2890143
2019-02-27 16:30:00,-1.2168634,-0.9463574
2019-02-27 17:00:00,-0.6445232,-0.7346977
2019-02-27 17:30:00,0.88112015,-0.672203
2019-02-27 18:00:00,0.93172145,-0.6791765
2019-02-27 18:30:00,0.9129333,-0.72053665
2019-02-27 19:00:00,1.2301345,-0.7034482
2019-02-27 19:30:00,0.96869045,-0.6642858
2019-02-27 20:00:00,0.70724213,-0.6087733
2019-02-27 20:30:00,7.622963,-0.513408
2019-02-27 21:00:00,1.4096751,-0.4513502
2019-02-27 21:30:00,1.226639,-0.40745142
2019-02-27 22:00:00,1.0436072,-0.31081468
2019-02-27 22:30:00,0.8605711,-0.70419097
2019-02-27 23:00:00,0.46379983,-0.68752193
2019-02-27 23:30:00,0.42301202,-0.3044005
2019-02-28 00:00:00,0.7267556,-0.11107892
2019-02-28 00:30:00,0.8708085,0.37702033
2019-02-28 01:00:00,1.0148658,0.8492545
2019-02-28 01:30:00,1.2681828,1.1800487
2019-02-28 02:00:00,1.521504,0.91813284
2019-02-28 02:30:00,1.774821,0.93167776
2019-02-28 03:00:00,0.49040475,0.98829573
2019-02-28 03:30:00,1.2351242,1.0638329
2019-02-28 04:00:00,0.7785192,1.1103927
2019-02-28 04:30:00,0.32190982,1.120783
2019-02-28 05:00:00,1.6286316,1.1389812
2019-02-28 05:30:00,0.20968327,1.1399206
2019-02-28 06:00:00,4.772404,1.0610977
2019-02-28 06:30:00,1.8723142,0.9408534
2019-02-28 07:00:00,2.1592402,0.7551607
2019-02-28 07:30:00,1.3068732,0.49401823
2019-02-28 08:00:00,0.40526813,0.13239832
2019-02-28 08:30:00,-0.49633697,-0.29657063
2019-02-28 09:00:00,-2.1107392,-0.8092256
2019-02-28 09:30:00,-3.2648702,-1.0817939
2019-02-28 10:00:00,-4.6026583,-1.2848984
2019-02-28 10:30:00,-5.266073,-1.4819951
2019-02-28 11:00:00,-5.378942,-1.6540117
2019-02-28 11:30:00,-7.1565084,-1.9084123
2019-02-28 12:00:00,-8.100313,-2.1503341
2019-02-28 12:30:00,-9.044449,-2.4223342
2019-02-28 13:00:00,-7.0393357,-3.0018184
2019-02-28 13:30:00,-7.1233454,-4.1784344
2019-02-28 14:00:00,-5.8376923,-5.5095634
2019-02-28 14:30:00,-4.813204,-6.4513054
2019-02-28 15:00:00,-7.0802283,-6.310678
2019-02-28 15:30:00,-6.868783,-5.96006
2019-02-28 16:00:00,-6.4911757,-5.6347537
2019-02-28 16:30:00,-4.9486666,-5.309146
2019-02-28 17:00:00,-4.287904,-4.8074536
2019-02-28 17:30:00,-1.9463819,-4.1215544
2019-02-28 18:00:00,-0.16230072,-3.4656897
2019-02-28 18:30:00,0.6154641,-2.839576
2019-02-28 19:00:00,3.0485675,-2.2271428
2019-02-28 19:30:00,1.7767174,-1.6183317
2019-02-28 20:00:00,1.0698582,-1.0986028
2019-02-28 20:30:00,5.167755,-0.31241387
2019-02-28 21:00:00,0.8618251,0.06496627
2019-02-28 21:30:00,4.2588844,0.3954808
2019-02-28 22:00:00,3.8154309,0.7039826
2019-02-28 22:30:00,1.586096,0.91132104
2019-02-28 23:00:00,2.3245544,1.0600666
2019-02-28 23:30:00,1.7660955,1.1512197
2019-03-01 00:00:00,1.5369104,1.2064177
2019-03-01 00:30:00,1.3077296,1.2335382
2019-03-01 01:00:00,0.4901863,1.2506311
2019-03-01 01:30:00,1.5139889,1.2654169
2019-03-01 02:00:00,2.5377915,1.26789
2019-03-01 02:30:00,2.883494,1.2839954
2019-03-01 03:00:00,1.4735156,1.2457461
2019-03-01 03:30:00,1.9573328,1.2596799
2019-03-01 04:00:00,1.2929132,1.2222652
2019-03-01 04:30:00,1.8834997,1.174989
2019-03-01 05:00:00,1.8361186,1.1549119
2019-03-01 05:30:00,1.6011091,1.0186452
2019-03-01 06:00:00,1.8603554,1.0564138
2019-03-01 06:30:00,1.7649114,0.82877976
2019-03-01 07:00:00,1.5262011,0.59841055
2019-03-01 07:30:00,1.1276821,0.3102393
2019-03-01 08:00:00,0.13707352,0.0025633147
2019-03-01 08:30:00,-0.8951793,-0.36759865
2019-03-01 09:00:00,-2.2735627,-0.79597336
2019-03-01 09:30:00,-2.502315,-1.172248
2019-03-01 10:00:00,-3.2000117,-1.4969733
2019-03-01 10:30:00,-4.1036835,-1.7804911
2019-03-01 11:00:00,-5.5208015,-2.0941355
2019-03-01 11:30:00,-5.5576744,-2.4715593
2019-03-01 12:00:00,-6.635661,-2.6368384
2019-03-01 12:30:00,-3.5337508,-3.0164557
2019-03-01 13:00:00,-3.99102,-3.0412385
2019-03-01 13:30:00,-4.4093103,-3.0692418
2019-03-01 14:00:00,-4.162862,-2.9975538
2019-03-01 14:30:00,-3.9164093,-2.989676
2019-03-01 15:00:00,-3.6699607,-3.0931726
2019-03-01 15:30:00,-8.2726965,-3.15686
2019-03-01 16:00:00,-12.875431,-3.063968
2019-03-01 16:30:00,-17.478165,-2.8604484
2019-03-01 17:00:00,-22.080898,-2.5877664
2019-03-01 17:30:00,2.0962648,-2.1482105
2019-03-01 18:00:00,1.9801759,-1.606753
2019-03-01 18:30:00,1.7145197,-1.1111516
2019-03-01 19:00:00,1.9039701,-0.620352
2019-03-01 19:30:00,1.3093463,-0.22762239
2019-03-01 20:00:00,1.4919935,0.057337392
2019-03-01 20:30:00,1.6542666,0.46022573
2019-03-01 21:00:00,1.7603586,0.54279757
2019-03-01 21:30:00,1.4859289,0.75632733
2019-03-01 22:00:00,1.3144759,0.8800278
2019-03-01 22:30:00,1.5527012,0.87500304
2019-03-01 23:00:00,1.575081,0.9338013
2019-03-01 23:30:00,1.683043,0.9697435
2019-03-02 00:00:00,1.5865461,0.97383755
2019-03-02 00:30:00,1.6463013,0.9564869
2019-03-02 01:00:00,1.250098,0.9376725
2019-03-02 01:30:00,2.052519,0.99679846
2019-03-02 02:00:00,1.9419179,1.0016878
2019-03-02 02:30:00,1.633119,1.0456259
2019-03-02 03:00:00,1.491845,0.93658894
2019-03-02 03:30:00,1.1467849,0.9498892
2019-03-02 04:00:00,1.2182717,0.88680464
2019-03-02 04:30:00,5.2807117,0.87955153
2019-03-02 05:00:00,5.552904,0.7738571
2019-03-02 05:30:00,5.8250966,0.6813756
2019-03-02 06:00:00,6.0972934,0.53995746
2019-03-02 06:30:00,6.3694863,0.35674658
2019-03-02 07:00:00,14.693215,0.15277258
2019-03-02 07:30:00,7.333634,-0.085076965
2019-03-02 08:00:00,-0.025946645,-0.38221848
2019-03-02 08:30:00,-7.3855276,-0.6909519
2019-03-02 09:00:00,9.450336,-1.0690703
2019-03-02 09:30:00,2.6033535,-1.3634286
2019-03-02 10:00:00,-4.243629,-1.6642753
2019-03-02 10:30:00,-3.00787,-2.0311558
2019-03-02 11:00:00,-4.5105915,-2.3581486
2019-03-02 11:30:00,-3.2233572,-2.611872
2019-03-02 12:00:00,-2.687418,-2.8641229
2019-03-02 12:30:00,-2.7186894,-2.7596955
2019-03-02 13:00:00,-3.305326,-2.780083
2019-03-02 13:30:00,-3.8908353,-2.8117082
2019-03-02 14:00:00,-2.2037973,-2.7203236
2019-03-02 14:30:00,-2.604064,-2.5844107
2019-03-02 15:00:00,-3.0618837,-2.4715767
2019-03-02 15:30:00,-2.0564194,-2.5872552
2019-03-02 16:00:00,-1.1417108,-2.8042803
2019-03-02 16:30:00,-2.4868739,-3.137657
2019-03-02 17:00:00,-0.86063963,-3.5395534
2019-03-02 17:30:00,0.0044945637,-2.4403055
2019-03-02 18:00:00,0.92840075,-1.81701
2019-03-02 18:30:00,1.5757276,-1.4434794
2019-03-02 19:00:00,1.669887,-1.0959157
2019-03-02 19:30:00,1.7321632,-0.77834743
2019-03-02 20:00:00,2.1223543,-0.47043988
2019-03-02 20:30:00,1.7292095,-0.19784969
2019-03-02 21:00:00,1.6315591,0.041380554
2019-03-02 21:30:00,1.5297097,0.21506193
2019-03-02 22:00:00,1.756212,0.35328606
2019-03-02 22:30:00,1.3193127,0.5146983
2019-03-02 23:00:00,1.6138327,0.6430084
2019-03-02 23:30:00,1.3138642,0.71563566
2019-03-03 00:00:00,0.9448907,0.7778332
2019-03-03 00:30:00,0.56048465,0.83137953
2019-03-03 01:00:00,0.81849873,0.85007596
2019-03-03 01:30:00,0.9013152,0.9160749
2019-03-03 02:00:00,0.9826593,0.94427025
2019-03-03 02:30:00,0.9128022,0.9535507
2019-03-03 03:00:00,1.0470678,0.97287196
2019-03-03 03:30:00,0.78280556,0.96040183
2019-03-03 04:00:00,0.5185477,0.92351586
2019-03-03 04:30:00,0.86960256,1.070317
2019-03-03 05:00:00,0.7368663,1.0672803
2019-03-03 05:30:00,0.74908733,0.97190195
2019-03-03 06:00:00,0.5771362,0.82206845
2019-03-03 06:30:00,0.67974585,0.62732685
2019-03-03 07:00:00,0.7823555,0.7420221
2019-03-03 07:30:00,0.12926988,0.24031235
2019-03-03 08:00:00,-0.52381575,-0.44265085
2019-03-03 08:30:00,-0.6523662,-1.2347908
2019-03-03 09:00:00,-1.6297008,-0.9218585
2019-03-03 09:30:00,-1.8833498,-1.3564246
2019-03-03 10:00:00,-1.9609057,-2.0433638
2019-03-03 10:30:00,-2.8620517,-2.3060575
2019-03-03 11:00:00,-2.129086,-2.5871415
2019-03-03 11:30:00,-2.214664,-2.603566
2019-03-03 12:00:00,-3.0668952,-2.5311396
2019-03-03 12:30:00,-5.744219,-2.4479692
2019-03-03 13:00:00,-3.9515824,-2.3918538
2019-03-03 13:30:00,-4.3608327,-2.3535652
2019-03-03 14:00:00,-3.2595484,-2.1557565
2019-03-03 14:30:00,-3.8979137,-2.1036434
2019-03-03 15:00:00,-3.769656,-2.0083961
2019-03-03 15:30:00,-2.499829,-1.7883646
2019-03-03 16:00:00,-2.6900265,-1.5403259
2019-03-03 16:30:00,-1.1866013,-1.3756279
2019-03-03 17:00:00,-1.2138529,-1.1462374
2019-03-03 17:30:00,-0.309517,-0.9150336
2019-03-03 18:00:00,0.27181968,-0.6851494
2019-03-03 18:30:00,0.17936876,-0.4310415
2019-03-03 19:00:00,0.08691784,-0.21207626
2019-03-03 19:30:00,-0.10648237,-0.024771292
2019-03-03 20:00:00,-0.2998826,0.15374695
2019-03-03 20:30:00,0.60811925,0.28809983
2019-03-03 21:00:00,1.9329126,0.39836892
2019-03-03 21:30:00,-0.18457562,0.4641625
2019-03-03 22:00:00,-2.3020682,0.5770532
2019-03-03 22:30:00,2.002468,0.62217104
2019-03-03 23:00:00,3.0273807,0.67503136
2019-03-03 23:30:00,4.052293,0.6755775
2019-03-04 00:00:00,1.6202118,0.6828612
2019-03-04 00:30:00,5.513458,0.6924301
2019-03-04 01:00:00,3.2793212,0.6961265
2019-03-04 01:30:00,4.381916,0.69258296
2019-03-04 02:00:00,-5.21053,0.68912685
2019-03-04 02:30:00,7.4797187,0.6523064
2019-03-04 03:00:00,6.407071,0.6185052
2019-03-04 03:30:00,5.3344193,0.5611007
2019-03-04 04:00:00,4.261768,0.49413183
2019-03-04 04:30:00,3.1891205,0.44019666
2019-03-04 05:00:00,2.1164687,0.38297138
2019-03-04 05:30:00,1.0438169,0.30933484
2019-03-04 06:00:00,-0.02883478,0.21909483
2019-03-04 06:30:00,-1.1014822,0.12507094
2019-03-04 07:00:00,-2.174134,0.006128698
2019-03-04 07:30:00,-3.2467856,-0.14013505
2019-03-04 08:00:00,-4.3194327,-0.32635206
2019-03-04 08:30:00,-5.392085,-0.47372127
2019-03-04 09:00:00,-12.727476,-0.6804567
2019-03-04 09:30:00,-4.6570873,-0.827472
2019-03-04 10:00:00,-9.373255,-0.92494327
2019-03-04 10:30:00,-8.353673,-1.0908253
2019-03-04 11:00:00,-9.117308,-1.1461762
2019-03-04 11:30:00,-8.589015,-1.20743
2019-03-04 12:00:00,-8.364784,-1.2905917
2019-03-04 12:30:00,-9.553477,-1.6010379
2019-03-04 13:00:00,-10.167623,-1.5417546
2019-03-04 13:30:00,-5.696755,-1.5602545
2019-03-04 14:00:00,-7.6667166,-1.5408764
2019-03-04 14:30:00,-7.682975,-1.5862869
2019-03-04 15:00:00,-6.5025663,-1.5867064
2019-03-04 15:30:00,-7.3323,-1.397575
2019-03-04 16:00:00,-6.357098,-1.2931085
2019-03-04 16:30:00,-3.4299004,-1.0414912
2019-03-04 17:00:00,-4.011818,-0.88077796
2019-03-04 17:30:00,-1.4003758,-0.68024695
2019-03-04 18:00:00,1.2466506,-0.44267708
2019-03-04 18:30:00,2.6859603,-0.23363023
2019-03-04 19:00:00,2.4777129,-0.090923145
2019-03-04 19:30:00,2.5634787,0.041127134
2019-03-04 20:00:00,2.3462307,0.14805369
2019-03-04 20:30:00,1.9250216,0.28592828
2019-03-04 21:00:00,1.3798718,0.42741194
2019-03-04 21:30:00,1.7761756,0.40536425
2019-03-04 22:00:00,2.3795907,0.30250993
2019-03-04 22:30:00,2.965738,0.44550103
2019-03-04 23:00:00,2.0093849,0.49708548
2019-03-04 23:30:00,2.4072006,0.5832271
2019-03-05 00:00:00,2.8483906,0.52854913
2019-03-05 00:30:00,2.950467,0.64931774
2019-03-05 01:00:00,2.717179,0.65989155
2019-03-05 01:30:00,2.8283002,0.65687674
2019-03-05 02:00:00,3.7956116,0.30555537
2019-03-05 02:30:00,1.8031213,0.6460014
2019-03-05 03:00:00,1.9463396,0.70774025
2019-03-05 03:30:00,1.9651278,0.67474294
2019-03-05 04:00:00,2.8718715,0.50546587
2019-03-05 04:30:00,1.2778302,0.3740448
2019-03-05 05:00:00,3.2134273,0.21980266
2019-03-05 05:30:00,3.6101635,0.06552554
2019-03-05 06:00:00,2.6600676,-0.17356488
2019-03-05 06:30:00,2.2719343,-0.40990263
2019-03-05 07:00:00,2.560962,-0.5915886
2019-03-05 07:30:00,2.282932,-0.8449712
2019-03-05 08:00:00,1.0048468,-1.1495231
2019-03-05 08:30:00,0.62184334,-1.6026413
2019-03-05 09:00:00,-7.027604,-2.2806017
2019-03-05 09:30:00,-14.677049,-2.359643
2019-03-05 10:00:00,-3.9032006,-2.6804008
2019-03-05 10:30:00,-12.384602,-2.8163571
2019-03-05 11:00:00,-6.8084335,-2.9285576
2019-03-05 11:30:00,-19.965218,-3.0461016
2019-03-05 12:00:00,15.143262,-3.0913155
2019-03-05 12:30:00,-3.8703825,-3.3466513
2019-03-05 13:00:00,26.95307,-3.5027199
2019-03-05 13:30:00,22.771757,-3.0895853
2019-03-05 14:00:00,18.590437,-3.420847
2019-03-05 14:30:00,14.409121,-3.5370934
2019-03-05 15:00:00,10.227799,-3.4805892
2019-03-05 15:30:00,6.0464826,-3.6580718
2019-03-05 16:00:00,1.865166,-3.5039694
2019-03-05 16:30:00,-2.316155,-2.9039407
2019-03-05 17:00:00,0.2139827,-2.7297568
2019-03-05 17:30:00,2.766579,-2.1710668
2019-03-05 18:00:00,2.3878837,-1.3775417
2019-03-05 18:30:00,2.0091927,-0.6995551
2019-03-05 19:00:00,1.6305017,-0.21797487
2019-03-05 19:30:00,2.521092,0.33757827
2019-03-05 20:00:00,2.6851082,0.7291413
2019-03-05 20:30:00,1.5470648,0.96661067
2019-03-05 21:00:00,2.2997365,1.2573599
2019-03-05 21:30:00,3.0524082,1.4541812
2019-03-05 22:00:00,2.099861,1.5925758
2019-03-05 22:30:00,1.9402182,1.7244382
2019-03-05 23:00:00,1.7805755,1.6890945
2019-03-05 23:30:00,1.6209284,1.6353341
2019-03-06 00:00:00,-0.7516245,1.626045
2019-03-06 00:30:00,0.7898096,1.5408034
2019-03-06 01:00:00,2.3312483,1.4811664
2019-03-06 01:30:00,3.8726823,1.4366252
2019-03-06 02:00:00,2.3979464,1.4465917
2019-03-06 02:30:00,0.92321,1.3972837
2019-03-06 03:00:00,-0.5515261,1.4391289
2019-03-06 03:30:00,-2.0262623,1.4487939
2019-03-06 04:00:00,-3.5009983,1.4988708
2019-03-06 04:30:00,-4.975739,1.368564
2019-03-06 05:00:00,-6.450475,1.410147
2019-03-06 05:30:00,-7.9252114,1.2564117
2019-03-06 06:00:00,-9.399947,1.0211619
2019-03-06 06:30:00,-10.874683,0.7696538
2019-03-06 07:00:00,-8.7245035,0.4866777
2019-03-06 07:30:00,-6.574324,0.10565795
2019-03-06 08:00:00,4.4005556,-0.3739648
2019-03-06 08:30:00,-11.277895,-0.874307
2019-03-06 09:00:00,-2.0745828,-1.6998025
2019-03-06 09:30:00,-2.1435049,-2.6198025
2019-03-06 10:00:00,-8.307262,-2.7303205
2019-03-06 10:30:00,-8.499561,-3.4634132
2019-03-06 11:00:00,-7.716636,-3.636247
2019-03-06 11:30:00,-6.385385,-4.4253807
2019-03-06 12:00:00,-11.204454,-2.9989345
2019-03-06 12:30:00,-10.111839,-3.307161
2019-03-06 13:00:00,-9.922149,-1.7904314
2019-03-06 13:30:00,-13.409046,-1.1932122
2019-03-06 14:00:00,-6.870863,-1.085722
2019-03-06 14:30:00,-7.561542,-1.1362053
2019-03-06 15:00:00,-8.378307,-1.2435296
2019-03-06 15:30:00,-2.828657,-1.5184442
2019-03-06 16:00:00,-6.0273438,-1.7542139
2019-03-06 16:30:00,-2.64289,-2.1872463
2019-03-06 17:00:00,-2.0379546,-2.0460553
2019-03-06 17:30:00,0.3263884,-1.8068208
2019-03-06 18:00:00,0.51715386,-1.5326052
2019-03-06 18:30:00,2.034194,-1.1366466
2019-03-06 19:00:00,1.5254933,-0.63840616
2019-03-06 19:30:00,2.0985107,-0.07230974
2019-03-06 20:00:00,2.6715283,0.46532473
2019-03-06 20:30:00,2.252517,0.84620905
2019-03-06 21:00:00,2.2627368,1.1828974
2019-03-06 21:30:00,2.5760844,1.3816894
2019-03-06 22:00:00,2.5450532,1.4235259
2019-03-06 22:30:00,1.2640362,1.5087893
2019-03-06 23:00:00,4.0750923,1.5321391
2019-03-06 23:30:00,3.0063992,1.4831325
2019-03-07 00:00:00,2.7795427,1.4066428
2019-03-07 00:30:00,5.12262,1.4500785
2019-03-07 01:00:00,2.706684,1.5046166
2019-03-07 01:30:00,2.8489847,1.5281717
2019-03-07 02:00:00,3.237227,1.4579914
2019-03-07 02:30:00,2.947614,1.3670173
2019-03-07 03:00:00,2.9387267,1.2100923
2019-03-07 03:30:00,2.6376615,1.025741
2019-03-07 04:00:00,1.7951342,0.8111582
2019-03-07 04:30:00,0.2875187,0.57776976
2019-03-07 05:00:00,1.9178646,0.30212542
2019-03-07 05:30:00,2.6330125,0.0030920052
2019-03-07 06:00:00,1.7576102,-0.34361097
2019-03-07 06:30:00,2.225676,-0.7037103
2019-03-07 07:00:00,1.0473737,-0.8543172
2019-03-07 07:30:00,1.4940734,-1.0621319
2019-03-07 08:00:00,-0.8027459,-0.87825245
2019-03-07 08:30:00,-4.440608,-1.7165414
2019-03-07 09:00:00,-7.3497167,-1.8470405
2019-03-07 09:30:00,-8.247944,-2.1527112
2019-03-07 10:00:00,-10.257155,-2.7880833
2019-03-07 10:30:00,-9.760308,-3.3535986
2019-03-07 11:00:00,-10.620724,-3.6305318
2019-03-07 11:30:00,-9.331645,-3.9081774
2019-03-07 12:00:00,-9.622451,-4.024074
2019-03-07 12:30:00,-11.539321,-4.146726
2019-03-07 13:00:00,-8.511979,-4.207962
2019-03-07 13:30:00,-11.911986,-4.64685
2019-03-07 14:00:00,-10.250885,-4.4172626
2019-03-07 14:30:00,-9.349543,-4.5902143
2019-03-07 15:00:00,-9.400921,-4.521585
2019-03-07 15:30:00,-8.610722,-3.8642392
2019-03-07 16:00:00,-6.712273,-3.5241601
2019-03-07 16:30:00,-4.058832,-2.837741
2019-03-07 17:00:00,-4.585277,-2.132398
2019-03-07 17:30:00,-2.795782,-1.2877778
2019-03-07 18:00:00,0.67080617,-0.5507571
2019-03-07 18:30:00,1.9052285,0.17720594
2019-03-07 19:00:00,2.449736,0.72065604
2019-03-07 19:30:00,2.7264028,1.162497
2019-03-07 20:00:00,2.3724031,1.5129751
2019-03-07 20:30:00,2.3859,1.7610795
2019-03-07 21:00:00,1.9450725,1.8671322
2019-03-07 21:30:00,4.466965,1.9133248
2019-03-07 22:00:00,1.3949112,1.8388932
2019-03-07 22:30:00,0.28171626,1.7161932
2019-03-07 23:00:00,0.37369525,1.6581029
2019-03-07 23:30:00,6.1446967,1.5073081
2019-03-08 00:00:00,3.3314693,1.2943813
2019-03-08 00:30:00,2.3179655,1.2378377
2019-03-08 01:00:00,3.0737832,1.049414
2019-03-08 01:30:00,1.5771171,0.91063505
2019-03-08 02:00:00,2.4176302,0.9018439
2019-03-08 02:30:00,3.9765766,0.85357577
2019-03-08 03:00:00,3.4487338,0.83751845
2019-03-08 03:30:00,3.120264,0.8365747
2019-03-08 04:00:00,2.4934776,0.78966105
2019-03-08 04:30:00,2.501871,0.6726457
2019-03-08 05:00:00,1.4887296,0.6655062
2019-03-08 05:30:00,2.6697543,0.6083027
2019-03-08 06:00:00,2.357438,0.4815918
2019-03-08 06:30:00,2.0175862,0.27412233
2019-03-08 07:00:00,1.567522,-0.031220442
2019-03-08 07:30:00,-0.1256201,-0.28605798
2019-03-08 08:00:00,-3.2147102,-0.88519096
2019-03-08 08:30:00,-4.354331,-1.4893706
2019-03-08 09:00:00,-6.7403984,-2.1019568
2019-03-08 09:30:00,-7.6979795,-2.6445985
2019-03-08 10:00:00,-7.6944356,-3.1985917
2019-03-08 10:30:00,-8.85648,-3.6186166
2019-03-08 11:00:00,-8.56827,-3.98191
2019-03-08 11:30:00,-8.069177,-4.260097
2019-03-08 12:00:00,-10.061976,-4.538988
2019-03-08 12:30:00,-9.477232,-4.856574
2019-03-08 13:00:00,-8.2547035,-4.938145
2019-03-08 13:30:00,-6.523627,-5.254538
2019-03-08 14:00:00,-10.986507,-5.3302455
2019-03-08 14:30:00,-9.309908,-5.3801436
2019-03-08 15:00:00,-9.327495,-5.338032
2019-03-08 15:30:00,-4.1632814,-5.1106906
2019-03-08 16:00:00,-2.0990644,-4.6639733
2019-03-08 16:30:00,-1.8833586,-3.8994212
2019-03-08 17:00:00,-1.4735404,-3.373562
2019-03-08 17:30:00,-0.5311781,-2.600184
2019-03-08 18:00:00,0.41118422,-1.5876065
2019-03-08 18:30:00,1.4061666,-0.6645654
2019-03-08 19:00:00,2.190577,0.102813505
2019-03-08 19:30:00,1.2463622,0.67369866
2019-03-08 20:00:00,0.36146548,1.1006839
2019-03-08 20:30:00,5.492349,1.3753889
2019-03-08 21:00:00,5.929799,1.5130844
2019-03-08 21:30:00,2.8900478,1.5848814
2019-03-08 22:00:00,1.2832307,1.4808692
2019-03-08 22:30:00,1.5039743,1.3104604
2019-03-08 23:00:00,6.700783,1.0968957
2019-03-08 23:30:00,11.897588,1.075853
2019-03-09 00:00:00,3.5151129,0.85467684
2019-03-09 00:30:00,2.8908825,0.67202085
2019-03-09 01:00:00,5.919016,0.591424
2019-03-09 01:30:00,2.939902,0.50893515
2019-03-09 02:00:00,1.3648676,0.5166514
2019-03-09 02:30:00,0.15691034,0.60250026
2019-03-09 03:00:00,1.3449346,0.65642667
2019-03-09 03:30:00,2.0338051,0.72304165
2019-03-09 04:00:00,0.47661948,0.7468109
2019-03-09 04:30:00,0.32405952,0.72315526
2019-03-09 05:00:00,0.930616,0.641252
2019-03-09 05:30:00,1.5371726,0.5188361
2019-03-09 06:00:00,2.2908492,0.3552348
2019-03-09 06:30:00,3.0445259,0.10138473
2019-03-09 07:00:00,-3.4297867,-0.20012175
2019-03-09 07:30:00,-1.9072894,-0.6933725
2019-03-09 08:00:00,-0.38478765,-1.348586
2019-03-09 08:30:00,-3.441894,-1.9147173
2019-03-09 09:00:00,-7.1997256,-2.6033475
2019-03-09 09:30:00,-7.71017,-3.033588
2019-03-09 10:00:00,-11.618411,-3.4261208
2019-03-09 10:30:00,-9.322776,-4.0408173
2019-03-09 11:00:00,-7.217749,-4.336469
2019-03-09 11:30:00,-9.751167,-4.1910706
2019-03-09 12:00:00,-8.552181,-4.6174355
2019-03-09 12:30:00,-7.5211477,-4.5122695
2019-03-09 13:00:00,-7.1542144,-4.4944777
2019-03-09 13:30:00,-8.296593,-4.332078
2019-03-09 14:00:00,-6.828327,-4.9476485
2019-03-09 14:30:00,-8.25643,-4.903741
2019-03-09 15:00:00,-4.7079554,-4.7603307
2019-03-09 15:30:00,-3.6239996,-4.131866
2019-03-09 16:00:00,-5.347697,-3.552373
2019-03-09 16:30:00,-2.6214497,-3.071256
2019-03-09 17:00:00,-0.5963687,-2.4781702
2019-03-09 17:30:00,-0.9860092,-1.8602666
2019-03-09 18:00:00,0.03849679,-1.2055774
2019-03-09 18:30:00,1.0629984,-0.55317336
2019-03-09 19:00:00,2.0874999,0.03139224
2019-03-09 19:30:00,1.5952542,0.45107195
2019-03-09 20:00:00,1.9336073,0.7704359
2019-03-09 20:30:00,1.9946208,1.2370992
2019-03-09 21:00:00,2.4682403,1.4908139
2019-03-09 21:30:00,2.2232206,1.4575543
2019-03-09 22:00:00,1.710133,1.4179682
2019-03-09 22:30:00,2.0218506,1.3548661
2019-03-09 23:00:00,1.7316345,1.4634355
2019-03-09 23:30:00,1.5532736,1.5899541
2019-03-10 00:00:00,2.3452914,1.3398355
2019-03-10 00:30:00,4.5896215,1.1771038
2019-03-10 01:00:00,3.0448537,1.2569622
2019-03-10 01:30:00,1.1670586,1.1857725
2019-03-10 02:00:00,1.0433233,1.0943004
2019-03-10 02:30:00,0.9195878,1.0695218
2019-03-10 03:00:00,0.7958524,1.1316102
2019-03-10 03:30:00,0.672117,1.147082
2019-03-10 04:00:00,4.700017,1.0902238
2019-03-10 04:30:00,8.727918,1.0503229
2019-03-10 05:00:00,7.559197,0.9813572
2019-03-10 05:30:00,6.390476,0.90979177
2019-03-10 06:00:00,5.221756,0.74590206
2019-03-10 06:30:00,4.0530357,0.6141577
2019-03-10 07:00:00,2.8843153,0.007417654
2019-03-10 07:30:00,1.7155946,-0.42346507
2019-03-10 08:00:00,0.54687417,-0.88676393
2019-03-10 08:30:00,-0.6218463,-1.692829
2019-03-10 09:00:00,-1.7905668,-2.3736162
2019-03-10 09:30:00,-6.420506,-2.9959285
2019-03-10 10:00:00,-8.784215,-3.683108
2019-03-10 10:30:00,-3.8281834,-4.089046
2019-03-10 11:00:00,-11.034881,-4.136375
2019-03-10 11:30:00,-7.3667088,-4.5566707
2019-03-10 12:00:00,-8.132593,-4.8641415
2019-03-10 12:30:00,-8.8031435,-5.011773
2019-03-10 13:00:00,-9.522127,-5.0143857
2019-03-10 13:30:00,-9.08064,-5.1274514
2019-03-10 14:00:00,-9.432442,-4.7885957
2019-03-10 14:30:00,-6.9897003,-4.8653564
2019-03-10 15:00:00,-7.5752926,-4.2228093
2019-03-10 15:30:00,-8.517498,-3.9191313
2019-03-10 16:00:00,-7.556054,-3.8192437
2019-03-10 16:30:00,-5.461942,-3.0263698
2019-03-10 17:00:00,-2.842735,-2.2244732
2019-03-10 17:30:00,-1.4426186,-1.6723019
2019-03-10 18:00:00,0.30126902,-0.87687176
2019-03-10 18:30:00,0.03762292,-0.10930934
2019-03-10 19:00:00,-0.22601883,0.5183205
2019-03-10 19:30:00,-0.48966497,0.96577615
2019-03-10 20:00:00,-1.0447463,1.3845689
2019-03-10 20:30:00,-0.17470092,1.6037264
2019-03-10 21:00:00,-1.6288924,1.7665106
2019-03-10 21:30:00,-3.0830882,1.8490474
2019-03-10 22:00:00,-1.218432,1.8164521
2019-03-10 22:30:00,0.6462199,1.7421471
2019-03-10 23:00:00,1.0777886,1.6268752
2019-03-10 23:30:00,0.42279357,1.5241562
2019-03-11 00:00:00,2.8650377,1.4312422
2019-03-11 00:30:00,5.307277,1.4194013
2019-03-11 01:00:00,5.066684,1.3073801
2019-03-11 01:30:00,2.3361988,1.2161832
2019-03-11 02:00:00,1.1561484,1.1734685
2019-03-11 02:30:00,3.7088494,1.1645331
2019-03-11 03:00:00,2.093875,1.1468505
2019-03-11 03:30:00,0.47890466,1.1329908
2019-03-11 04:00:00,1.431369,1.3031243
2019-03-11 04:30:00,2.3838289,1.4489555
2019-03-11 05:00:00,3.3362932,1.4003727
2019-03-11 05:30:00,4.6495295,1.2246159
2019-03-11 06:00:00,4.6933713,0.92390907
2019-03-11 06:30:00,1.804135,0.63102335
2019-03-11 07:00:00,1.4779898,0.15708512
2019-03-11 07:30:00,0.30108115,-0.34915128
2019-03-11 08:00:00,-0.8801094,-1.0248002
2019-03-11 08:30:00,-3.504913,-1.7768776
2019-03-11 09:00:00,-5.146825,-2.2602494
2019-03-11 09:30:00,-6.5227833,-2.97198
2019-03-11 10:00:00,-6.625607,-3.6351283
2019-03-11 10:30:00,-6.208785,-3.7808459
2019-03-11 11:00:00,-7.060387,-4.375675
2019-03-11 11:30:00,-7.7130537,-4.6008277
2019-03-11 12:00:00,-6.5357823,-4.723759
2019-03-11 12:30:00,-6.5821757,-4.760571
2019-03-11 13:00:00,-6.9896955,-4.9643655
2019-03-11 13:30:00,-5.454488,-5.125699
2019-03-11 14:00:00,-5.6332684,-5.028123
2019-03-11 14:30:00,-4.884822,-4.955653
2019-03-11 15:00:00,-5.593822,-4.8161836
2019-03-11 15:30:00,-4.524473,-4.527261
2019-03-11 16:00:00,-3.9353502,-4.3675003
2019-03-11 16:30:00,-2.9506578,-3.7611752
2019-03-11 17:00:00,-1.9986699,-2.9603271
2019-03-11 17:30:00,-0.60375726,-2.1073792
2019-03-11 18:00:00,0.791151,-1.2547543
2019-03-11 18:30:00,0.42901987,-0.46941307
2019-03-11 19:00:00,1.3079175,0.27480394
2019-03-11 19:30:00,2.3107648,0.7983167
2019-03-11 20:00:00,1.9717255,1.1443686
2019-03-11 20:30:00,1.8718204,1.4661183
2019-03-11 21:00:00,1.7719198,1.5103928
2019-03-11 21:30:00,1.6720148,1.5572059
2019-03-11 22:00:00,-0.24525268,1.5393747
2019-03-11 22:30:00,-2.1625247,1.5496994
2019-03-11 23:00:00,-1.8807107,1.4864358
2019-03-11 23:30:00,-1.5989013,1.2997949
2019-03-12 00:00:00,-2.163713,1.2803688
2019-03-12 00:30:00,-0.06439249,1.2918994
2019-03-12 01:00:00,-6.3637524,1.2510068
2019-03-12 01:30:00,1.3971832,1.2128799
2019-03-12 02:00:00,0.6750445,1.1583506
2019-03-12 02:30:00,3.5862238,1.2511729
2019-03-12 03:00:00,2.2382991,1.2762573
2019-03-12 03:30:00,2.9210353,1.4025531
2019-03-12 04:00:00,2.1497805,1.3287331
2019-03-12 04:30:00,2.6517396,1.3482684
2019-03-12 05:00:00,3.124345,1.1830286
2019-03-12 05:30:00,2.6541471,1.0268902
2019-03-12 06:00:00,2.8290825,0.78956056
2019-03-12 06:30:00,2.3947434,0.28528163
2019-03-12 07:00:00,2.1734536,-0.17977808
2019-03-12 07:30:00,0.04133249,-0.7086783
2019-03-12 08:00:00,-2.0907843,-1.3930833
2019-03-12 08:30:00,-3.5181437,-2.1617556
2019-03-12 09:00:00,-5.1381125,-2.9224231
2019-03-12 09:30:00,-5.549272,-3.5882323
2019-03-12 10:00:00,-4.2205896,-4.1834764
2019-03-12 10:30:00,-8.970219,-4.677326
2019-03-12 11:00:00,-6.6315365,-5.134394
2019-03-12 11:30:00,-6.851166,-5.451338
2019-03-12 12:00:00,-6.651832,-5.620606
2019-03-12 12:30:00,-6.585173,-5.7291665
2019-03-12 13:00:00,-8.269083,-5.7342615
2019-03-12 13:30:00,-7.6818695,-5.6115613
2019-03-12 14:00:00,-9.115363,-5.352879
2019-03-12 14:30:00,-8.284122,-5.122676
2019-03-12 15:00:00,-6.5275025,-4.838463
2019-03-12 15:30:00,-6.028327,-4.2943616
2019-03-12 16:00:00,-5.3349166,-3.593694
2019-03-12 16:30:00,-4.3746657,-2.886188
2019-03-12 17:00:00,-2.879927,-2.0062332
2019-03-12 17:30:00,-2.099108,-1.1186843
2019-03-12 18:00:00,0.4679682,-0.1889974
2019-03-12 18:30:00,2.8868015,0.59177786
2019-03-12 19:00:00,3.1309733,1.2833574
2019-03-12 19:30:00,4.224873,1.8362715
2019-03-12 20:00:00,3.3611155,2.144983
2019-03-12 20:30:00,9.677726,2.3136137
2019-03-12 21:00:00,2.53995,2.3204079
2019-03-12 21:30:00,0.70839566,2.1633823
2019-03-12 22:00:00,5.498523,1.9127132
2019-03-12 22:30:00,1.9113368,1.662931
2019-03-12 23:00:00,1.238043,1.3554254
2019-03-12 23:30:00,1.4063369,1.1246192
2019-03-13 00:00:00,-1.4924597,0.8478913
2019-03-13 00:30:00,-0.5851701,0.70421857
2019-03-13 01:00:00,0.32212391,0.3424195
2019-03-13 01:30:00,0.36756945,0.36092368
2019-03-13 02:00:00,0.4130106,0.50593776
2019-03-13 02:30:00,0.45845613,0.7289403
2019-03-13 03:00:00,5.063446,0.83213544
2019-03-13 03:30:00,-0.41703779,0.9618962
2019-03-13 04:00:00,4.799446,1.0588431
2019-03-13 04:30:00,2.2031083,1.0900533
2019-03-13 05:00:00,2.458964,1.0311328
2019-03-13 05:30:00,4.097817,0.8871629
2019-03-13 06:00:00,3.357288,0.6335838
2019-03-13 06:30:00,3.64535,0.26747656
2019-03-13 07:00:00,2.837419,-0.16852702
2019-03-13 07:30:00,-0.28103322,-0.81162876
2019-03-13 08:00:00,-3.054696,-1.5993164
2019-03-13 08:30:00,-5.7197943,-2.3505678
2019-03-13 09:00:00,-9.155553,-3.2053597
2019-03-13 09:30:00,-9.215661,-3.8441226
2019-03-13 10:00:00,-11.861766,-4.213284
2019-03-13 10:30:00,-12.099537,-4.690819
2019-03-13 11:00:00,-12.607289,-4.751089
2019-03-13 11:30:00,-15.671845,-5.0499
2019-03-13 12:00:00,-11.385498,-5.1275473
2019-03-13 12:30:00,-10.082491,-5.2429285
2019-03-13 13:00:00,-9.846717,-5.327502
2019-03-13 13:30:00,-12.821303,-5.363426
2019-03-13 14:00:00,-9.941505,-5.416348
2019-03-13 14:30:00,-8.850507,-5.3146996
2019-03-13 15:00:00,-5.0598707,-5.0069666
2019-03-13 15:30:00,-3.052861,-4.6391993
2019-03-13 16:00:00,-1.0891432,-4.0991874
2019-03-13 16:30:00,-0.614886,-3.442471
2019-03-13 17:00:00,0.12422766,-2.5895097
2019-03-13 17:30:00,1.0435941,-1.63265
2019-03-13 18:00:00,1.6577752,-0.6150345
2019-03-13 18:30:00,0.550007,0.4522473
2019-03-13 19:00:00,1.3493651,1.3321325
2019-03-13 19:30:00,5.7325497,1.9110353
2019-03-13 20:00:00,5.400903,2.2589092
2019-03-13 20:30:00,2.3638785,2.6566377
2019-03-13 21:00:00,2.3386455,2.4766774
2019-03-13 21:30:00,4.6795907,2.3008769
2019-03-13 22:00:00,3.0254931,2.2397149
2019-03-13 22:30:00,0.553734,1.9164271
2019-03-13 23:00:00,-4.9278207,1.6243409
2019-03-13 23:30:00,3.6976597,1.3875793
2019-03-14 00:00:00,6.11897,1.0529577
2019-03-14 00:30:00,1.5432241,0.8151693
2019-03-14 01:00:00,1.854649,0.7296656
2019-03-14 01:30:00,2.1660695,0.623661
2019-03-14 02:00:00,7.9417286,0.5652385
2019-03-14 02:30:00,3.129846,0.53588086
2019-03-14 03:00:00,1.639035,0.75183564
2019-03-14 03:30:00,0.2901141,0.6829748
2019-03-14 04:00:00,-0.63893044,0.83069354
2019-03-14 04:30:00,-1.567975,0.8185424
2019-03-14 05:00:00,-2.9684715,0.76422274
2019-03-14 05:30:00,1.5081863,0.7860738
2019-03-14 06:00:00,5.9848485,0.5908472
2019-03-14 06:30:00,2.196952,0.3268166
2019-03-14 07:00:00,1.8330818,-0.114246696
2019-03-14 07:30:00,-0.78635645,-0.81955475
2019-03-14 08:00:00,-3.4057903,-1.5676298
2019-03-14 08:30:00,-4.6209483,-2.3221934
2019-03-14 09:00:00,-6.926489,-3.149428
2019-03-14 09:30:00,-7.9070525,-3.8048947
2019-03-14 10:00:00,-8.069256,-4.4412503
2019-03-14 10:30:00,-7.170189,-4.89048
2019-03-14 11:00:00,-7.6250944,-5.243645
2019-03-14 11:30:00,-8.616254,-5.5982175
2019-03-14 12:00:00,-7.656204,-5.714835
2019-03-14 12:30:00,-8.078191,-5.8962154
2019-03-14 13:00:00,-8.906815,-6.01147
2019-03-14 13:30:00,-7.282328,-6.470714
2019-03-14 14:00:00,-5.390582,-5.9795127
2019-03-14 14:30:00,-4.369331,-5.553056
2019-03-14 15:00:00,-4.9036493,-4.8342247
2019-03-14 15:30:00,-5.3175354,-3.9413538
2019-03-14 16:00:00,-4.0546637,-3.058126
2019-03-14 16:30:00,-2.6357636,-2.143116
2019-03-14 17:00:00,-2.4901857,-1.2930254
2019-03-14 17:30:00,-1.2686313,-0.4761943
2019-03-14 18:00:00,-0.29197407,0.25692898
2019-03-14 18:30:00,0.5232841,0.867431
2019-03-14 19:00:00,1.1566727,1.384866
2019-03-14 19:30:00,1.7900614,1.9142905
2019-03-14 20:00:00,2.4234502,2.2261872
2019-03-14 20:30:00,3.0568388,2.2369316
2019-03-14 21:00:00,3.6902275,2.218449
2019-03-14 21:30:00,2.3917594,2.2078054
2019-03-14 22:00:00,3.2064888,2.0463145
2019-03-14 22:30:00,4.0212183,1.7677559
2019-03-14 23:00:00,1.5743731,1.4051485
2019-03-14 23:30:00,1.1877126,1.4155082
2019-03-15 00:00:00,1.7926699,1.3678648
2019-03-15 00:30:00,2.7337258,1.1473485
2019-03-15 01:00:00,6.5395103,1.0724187
2019-03-15 01:30:00,2.927917,1.0038899
2019-03-15 02:00:00,2.7998908,1.2314191
2019-03-15 02:30:00,1.6514702,1.1710129
2019-03-15 03:00:00,2.849924,1.1342274
2019-03-15 03:30:00,3.7273843,1.1001596
2019-03-15 04:00:00,2.1425667,1.0956068
2019-03-15 04:30:00,0.04737966,0.98494005
2019-03-15 05:00:00,1.3559191,0.7860869
2019-03-15 05:30:00,0.60835516,0.8297716
2019-03-15 06:00:00,2.837406,0.7656602
2019-03-15 06:30:00,1.9663949,0.38703924
2019-03-15 07:00:00,1.0034399,-0.20206173
2019-03-15 07:30:00,-1.0434704,-0.6252894
2019-03-15 08:00:00,-2.4105678,-1.4422472
2019-03-15 08:30:00,-5.745482,-2.1287975
2019-03-15 09:00:00,-5.9553804,-2.7597961
2019-03-15 09:30:00,-7.50679,-3.4431133
2019-03-15 10:00:00,-8.670416,-3.9850297
2019-03-15 10:30:00,-8.987232,-4.365604
2019-03-15 11:00:00,-8.301556,-4.628424
2019-03-15 11:30:00,-4.3588095,-5.072769
2019-03-15 12:00:00,-7.9209557,-5.1719136
2019-03-15 12:30:00,-7.8080516,-5.343415
2019-03-15 13:00:00,-7.6605296,-5.5114336
2019-03-15 13:30:00,-8.447605,-5.50093
2019-03-15 14:00:00,-6.1573405,-5.32585
2019-03-15 14:30:00,-7.0801587,-5.026812
2019-03-15 15:00:00,-6.4827294,-4.5961175
2019-03-15 15:30:00,-5.3274884,-4.0934114
2019-03-15 16:00:00,-2.6045446,-3.4434147
2019-03-15 16:30:00,-3.9104013,-2.6163461
2019-03-15 17:00:00,-2.2993329,-1.6800792
2019-03-15 17:30:00,-1.408494,-0.64346147
2019-03-15 18:00:00,-0.32443392,0.28460875
2019-03-15 18:30:00,0.7596218,1.2009604
2019-03-15 19:00:00,1.8436819,1.919359
2019-03-15 19:30:00,2.3230557,2.4707875
2019-03-15 20:00:00,2.8024294,2.7665746
2019-03-15 20:30:00,0.38243395,2.7843404
2019-03-15 21:00:00,1.5138097,2.5530143
2019-03-15 21:30:00,2.64519,2.3281765
2019-03-15 22:00:00,0.10915779,2.1268373
2019-03-15 22:30:00,-2.4268696,1.8056163
2019-03-15 23:00:00,6.973609,1.4626752
2019-03-15 23:30:00,-2.416025,1.2390348
2019-03-16 00:00:00,3.5000167,1.0516075
2019-03-16 00:30:00,-1.0852894,0.9645265
2019-03-16 01:00:00,-5.6705956,1.0450186
2019-03-16 01:30:00,-1.8656802,0.9217069
2019-03-16 02:00:00,-6.00984,0.9762844
2019-03-16 02:30:00,1.5299544,0.9669646
2019-03-16 03:00:00,-1.6892111,1.0629678
2019-03-16 03:30:00,1.4779155,1.13459
2019-03-16 04:00:00,-3.469596,1.1155878
2019-03-16 04:30:00,6.7318316,0.914917
2019-03-16 05:00:00,-0.74873203,0.7690159
2019-03-16 05:30:00,0.49630338,0.64067084
2019-03-16 06:00:00,0.465919,0.5443312
2019-03-16 06:30:00,0.35987502,0.23522207
2019-03-16 07:00:00,0.41360047,-0.10715962
2019-03-16 07:30:00,0.4673259,-0.6800285
2019-03-16 08:00:00,-3.5697236,-1.3354561
2019-03-16 08:30:00,-5.6045094,-1.9907745
2019-03-16 09:00:00,-8.929343,-2.6148694
2019-03-16 09:30:00,-13.333854,-3.2667491
2019-03-16 10:00:00,-11.935546,-3.7584093
2019-03-16 10:30:00,-5.96962,-4.305263
2019-03-16 11:00:00,-9.987501,-4.6675997
2019-03-16 11:30:00,-11.300537,-4.7820463
2019-03-16 12:00:00,-8.855383,-4.877232
2019-03-16 12:30:00,-11.74884,-4.619358
2019-03-16 13:00:00,-9.445196,-4.4238076
2019-03-16 13:30:00,-6.4538703,-4.3678236
2019-03-16 14:00:00,-5.025882,-4.022641
2019-03-16 14:30:00,-5.886537,-3.9043148
2019-03-16 15:00:00,-6.1415277,-3.630877
2019-03-16 15:30:00,-6.1298966,-3.137198
2019-03-16 16:00:00,-5.380511,-2.5096207
2019-03-16 16:30:00,-4.3540688,-2.0632443
2019-03-16 17:00:00,-4.064399,-1.3098211
2019-03-16 17:30:00,-2.0279357,-0.4938683
2019-03-16 18:00:00,-0.9138626,0.38148144
2019-03-16 18:30:00,0.20020616,1.1804769
2019-03-16 19:00:00,1.4774611,1.8562045
2019-03-16 19:30:00,1.0687485,2.2507167
2019-03-16 20:00:00,0.6600357,2.438616
2019-03-16 20:30:00,0.7673381,2.300191
2019-03-16 21:00:00,-0.4438393,2.0955265
2019-03-16 21:30:00,-1.6550167,1.8521978
2019-03-16 22:00:00,1.3778445,1.4222413
2019-03-16 22:30:00,-2.6217904,1.0687178
2019-03-16 23:00:00,-1.7125173,1.0374639
2019-03-16 23:30:00,-1.0396603,0.6315651
2019-03-17 00:00:00,-0.36680782,0.61558205
2019-03-17 00:30:00,-2.7699723,0.41464037
2019-03-17 01:00:00,8.528064,0.25130126
2019-03-17 01:30:00,-0.5661809,0.3094834
2019-03-17 02:00:00,-1.2406458,0.19773312
2019-03-17 02:30:00,-1.9151149,0.51768255
2019-03-17 03:00:00,-5.722783,0.5034997
2019-03-17 03:30:00,-9.530451,0.69689554
2019-03-17 04:00:00,-13.338119,0.37713394
2019-03-17 04:30:00,-17.145784,0.84887874
2019-03-17 05:00:00,-7.855284,0.48910707
2019-03-17 05:30:00,1.4352139,0.36206844
2019-03-17 06:00:00,0.18476054,0.063297175
2019-03-17 06:30:00,-1.0656929,-0.057357848
2019-03-17 07:00:00,-2.3161504,-0.3735672
2019-03-17 07:30:00,-3.566604,-0.7630766
2019-03-17 08:00:00,-3.048413,-1.6943933
2019-03-17 08:30:00,-9.100053,-2.364812
2019-03-17 09:00:00,-12.124359,-3.2318947
2019-03-17 09:30:00,-11.078574,-4.175288
2019-03-17 10:00:00,-10.577472,-4.8764153
2019-03-17 10:30:00,-5.9949365,-4.900735
2019-03-17 11:00:00,-8.399704,-5.2599735
2019-03-17 11:30:00,-9.49325,-5.798032
2019-03-17 12:00:00,-10.767835,-5.7670836
2019-03-17 12:30:00,-11.771067,-6.1124587
2019-03-17 13:00:00,-11.234879,-6.0427017
2019-03-17 13:30:00,-9.713954,-5.7683463
2019-03-17 14:00:00,-9.561905,-5.085283
2019-03-17 14:30:00,-9.313932,-4.3769684
2019-03-17 15:00:00,-6.8403864,-3.6994057
2019-03-17 15:30:00,-8.584623,-2.9149208
2019-03-17 16:00:00,-6.077115,-2.2167919
2019-03-17 16:30:00,-4.518111,-1.1938064
2019-03-17 17:00:00,-3.1257198,-0.41367775
2019-03-17 17:30:00,-0.88359183,0.5062174
2019-03-17 18:00:00,1.3585364,1.4686743
2019-03-17 18:30:00,2.8892045,2.3033369
2019-03-17 19:00:00,0.98471725,2.9728906
2019-03-17 19:30:00,-5.492523,3.2462366
2019-03-17 20:00:00,-2.628327,3.1660156
2019-03-17 20:30:00,-0.9543664,2.8707833
2019-03-17 21:00:00,0.71959865,2.4378603
2019-03-17 21:30:00,2.3935595,1.9447099
2019-03-17 22:00:00,3.4040267,1.5307671
2019-03-17 22:30:00,4.4144983,1.091635
2019-03-17 23:00:00,10.43821,0.778126
2019-03-17 23:30:00,6.8756437,0.58344555
2019-03-18 00:00:00,3.974086,0.3630297
2019-03-18 00:30:00,3.8533087,0.2873483
2019-03-18 01:00:00,5.7875857,0.5801948
2019-03-18 01:30:00,1.6132952,0.42306882
2019-03-18 02:00:00,2.3354733,0.45094523
2019-03-18 02:30:00,4.301778,0.401694
2019-03-18 03:00:00,3.6771586,0.38334277
2019-03-18 03:30:00,4.2635813,0.13166428
2019-03-18 04:00:00,4.0810127,-0.15169632
2019-03-18 04:30:00,2.3917594,-0.5203203
2019-03-18 05:00:00,2.2297745,-0.43006277
2019-03-18 05:30:00,2.0677898,-0.051135905
2019-03-18 06:00:00,0.4035903,-0.13706776
2019-03-18 06:30:00,19.99764,-0.35510233
2019-03-18 07:00:00,15.269519,-0.6633376
2019-03-18 07:30:00,10.541396,-1.2958829
2019-03-18 08:00:00,5.8132734,-1.9768668
2019-03-18 08:30:00,1.085151,-2.8573592
2019-03-18 09:00:00,-3.6429713,-3.7352693
2019-03-18 09:30:00,1.8045894,-4.2407627
2019-03-18 10:00:00,-1.6104014,-4.8269234
2019-03-18 10:30:00,-8.190409,-4.840779
2019-03-18 11:00:00,-14.770415,-4.687511
2019-03-18 11:30:00,-10.455921,-4.9267325
2019-03-18 12:00:00,-14.356993,-5.2499633
2019-03-18 12:30:00,-14.367456,-5.406853
2019-03-18 13:00:00,-15.038518,-5.5951066
2019-03-18 13:30:00,-14.015509,-5.893655
2019-03-18 14:00:00,-11.702171,-5.8601246
2019-03-18 14:30:00,-8.127852,-5.7287908
2019-03-18 15:00:00,-6.0693984,-5.187779
2019-03-18 15:30:00,-3.6542356,-4.6751194
2019-03-18 16:00:00,-4.9669914,-3.756277
2019-03-18 16:30:00,-8.209761,-2.817371
2019-03-18 17:00:00,-5.6845818,-1.7188222
2019-03-18 17:30:00,-4.5428376,-0.5276477
2019-03-18 18:00:00,0.54992396,0.656466
2019-03-18 18:30:00,1.4751322,1.6637698
2019-03-18 19:00:00,2.654833,2.3610253
2019-03-18 19:30:00,1.4306173,2.624807
2019-03-18 20:00:00,1.8277862,2.8158696
2019-03-18 20:30:00,2.9969876,2.8207107
2019-03-18 21:00:00,2.0168958,2.7120452
2019-03-18 21:30:00,1.8703873,2.54615
2019-03-18 22:00:00,2.3882637,2.2983253
2019-03-18 22:30:00,2.0622234,2.0600517
2019-03-18 23:00:00,2.4313543,1.9938257
2019-03-18 23:30:00,2.3485072,1.7373147
2019-03-19 00:00:00,2.534484,1.4807338
2019-03-19 00:30:00,1.9054644,1.3845994
2019-03-19 01:00:00,1.2764407,1.3678868
2019-03-19 01:30:00,1.4577991,1.2543538
2019-03-19 02:00:00,0.86177266,1.2735177
2019-03-19 02:30:00,0.26575068,1.427974
2019-03-19 03:00:00,-0.33027574,1.4448876
2019-03-19 03:30:00,-0.92630213,1.5922481
2019-03-19 04:00:00,-1.5223242,1.5839988
2019-03-19 04:30:00,-2.1183505,1.4250989
2019-03-19 05:00:00,8.484773,1.3426538
2019-03-19 05:30:00,8.99013,1.0839275
2019-03-19 06:00:00,9.495489,0.7241952
2019-03-19 06:30:00,10.000847,1.2257171
2019-03-19 07:00:00,10.506206,1.019506
2019-03-19 07:30:00,6.519359,0.5051775
2019-03-19 08:00:00,2.5325134,-0.18215501
2019-03-19 08:30:00,-1.4543328,-0.9745615
2019-03-19 09:00:00,-2.8948917,-1.7415733
2019-03-19 09:30:00,-6.840723,-1.9719296
2019-03-19 10:00:00,-10.4270525,-2.4779823
2019-03-19 10:30:00,-14.231002,-3.295993
2019-03-19 11:00:00,-10.045828,-4.8070827
2019-03-19 11:30:00,-15.455547,-4.8268538
2019-03-19 12:00:00,-14.874191,-5.63315
2019-03-19 12:30:00,-14.815703,-6.2508135
2019-03-19 13:00:00,-13.4217,-6.866935
2019-03-19 13:30:00,-11.883394,-7.182043
2019-03-19 14:00:00,-12.58179,-7.24975
2019-03-19 14:30:00,-11.481987,-6.5925183
2019-03-19 15:00:00,-10.952803,-5.86996
2019-03-19 15:30:00,-10.033851,-5.1650934
2019-03-19 16:00:00,-8.925197,-4.6949215
2019-03-19 16:30:00,-7.4396334,-4.6843824
2019-03-19 17:00:00,-4.182795,-3.8810742
2019-03-19 17:30:00,0.1895406,-2.962953
2019-03-19 18:00:00,4.5030036,-1.6674125
2019-03-19 18:30:00,3.977267,-0.40161836
2019-03-19 19:00:00,3.9825976,0.6155908
2019-03-19 19:30:00,4.3152795,1.3081709
2019-03-19 20:00:00,3.9794648,1.7830136
2019-03-19 20:30:00,4.1612773,2.14102
2019-03-19 21:00:00,4.4654713,2.3776944
2019-03-19 21:30:00,4.485382,2.4785912
2019-03-19 22:00:00,4.0884447,2.4837952
2019-03-19 22:30:00,2.783803,2.4419675
2019-03-19 23:00:00,3.714486,2.3025155
2019-03-19 23:30:00,3.7572925,2.1830268
2019-03-20 00:00:00,3.779541,2.042251
2019-03-20 00:30:00,4.052175,1.8960179
2019-03-20 01:00:00,3.2245822,1.7849405
2019-03-20 01:30:00,3.5008907,1.7509601
2019-03-20 02:00:00,3.5401492,1.696872
2019-03-20 02:30:00,3.106033,1.6722071
2019-03-20 03:00:00,3.7964067,1.6445229
2019-03-20 03:30:00,3.0426822,1.6792198
2019-03-20 04:00:00,4.0630064,1.5842959
2019-03-20 04:30:00,3.888128,1.387977
2019-03-20 05:00:00,4.232,1.6308337
2019-03-20 05:30:00,4.3334427,1.5520632
2019-03-20 06:00:00,3.6186488,1.1647866
2019-03-20 06:30:00,4.55551,0.9029712
2019-03-20 07:00:00,2.7537374,0.58274645
2019-03-20 07:30:00,0.9519646,-0.12822422
2019-03-20 08:00:00,-0.84980804,-1.0522223
2019-03-20 08:30:00,-0.12914616,-2.0532124
2019-03-20 09:00:00,0.5915201,-2.968821
2019-03-20 09:30:00,1.3121864,-3.9023967
2019-03-20 10:00:00,2.0328481,-4.959472
2019-03-20 10:30:00,2.7535145,-6.4240627
2019-03-20 11:00:00,-2.8712537,-7.2373543
2019-03-20 11:30:00,-0.7652176,-8.154553
2019-03-20 12:00:00,-5.9372215,-8.771684
2019-03-20 12:30:00,-8.034279,-8.954659
2019-03-20 13:00:00,-5.123628,-8.877248
2019-03-20 13:30:00,-3.252505,-8.574989
2019-03-20 14:00:00,-0.9986672,-8.338101
2019-03-20 14:30:00,-2.1302264,-7.796364
2019-03-20 15:00:00,-2.6081407,-6.950739
2019-03-20 15:30:00,-2.988505,-6.050121
2019-03-20 16:00:00,-7.63922,-4.930665
2019-03-20 16:30:00,-3.875805,-3.4957027
2019-03-20 17:00:00,-2.3783832,-1.5991765
2019-03-20 17:30:00,-0.6372133,0.5793864
2019-03-20 18:00:00,1.3413386,2.7467115
2019-03-20 18:30:00,2.0297723,4.4459534
2019-03-20 19:00:00,2.7182105,5.8171487
2019-03-20 19:30:00,4.227661,6.7752934
2019-03-20 20:00:00,5.737111,7.3452215
2019-03-20 20:30:00,7.2465615,7.653846
2019-03-20 21:00:00,8.756012,7.778315
2019-03-20 21:30:00,10.265464,7.766378
2019-03-20 22:00:00,11.774914,7.6173573
2019-03-20 22:30:00,13.284365,7.3733206
2019-03-20 23:00:00,14.793815,7.204319
2019-03-20 23:30:00,16.303267,6.9599547
2019-03-21 00:00:00,17.812716,6.586682
2019-03-21 00:30:00,19.322166,6.117589
2019-03-21 01:00:00,20.831615,5.5427585
2019-03-21 01:30:00,11.403227,4.976745
2019-03-21 02:00:00,6.430897,4.409526
2019-03-21 02:30:00,-7.924604,3.9298246
2019-03-21 03:00:00,-10.749768,3.5404725
2019-03-21 03:30:00,-13.574932,3.2171805
2019-03-21 04:00:00,6.5100656,2.9671273
2019-03-21 04:30:00,4.6570797,2.7758245
2019-03-21 05:00:00,2.804094,2.6045637
2019-03-21 05:30:00,0.95110387,2.3773537
2019-03-21 06:00:00,-4.304778,2.0991356
2019-03-21 06:30:00,6.28639,1.7283269
2019-03-21 07:00:00,16.87756,1.2492853
2019-03-21 07:30:00,11.648824,0.51799715
2019-03-21 08:00:00,6.420083,-0.4796286
2019-03-21 08:30:00,1.1913478,-1.0897286
2019-03-21 09:00:00,2.7468295,-1.4364403
2019-03-21 09:30:00,0.96536976,-2.3390634
2019-03-21 10:00:00,-0.81608546,-3.1311421
2019-03-21 10:30:00,-2.7554529,-3.6258261
2019-03-21 11:00:00,-7.7898884,-4.537673
2019-03-21 11:30:00,-14.141621,-5.0504594
2019-03-21 12:00:00,-12.004293,-6.652592
2019-03-21 12:30:00,-15.617834,-8.146086
2019-03-21 13:00:00,-11.044022,-7.9236517
2019-03-21 13:30:00,-5.2799635,-7.501311
2019-03-21 14:00:00,-3.4630854,-6.979664
2019-03-21 14:30:00,-1.6462038,-6.731166
2019-03-21 15:00:00,-2.1256998,-6.580358
2019-03-21 15:30:00,-1.4659728,-6.2287617
2019-03-21 16:00:00,9.1168585,-6.5202403
2019-03-21 16:30:00,19.69969,-5.328594
2019-03-21 17:00:00,30.282526,-4.2422266
2019-03-21 17:30:00,5.844715,-3.0016043
2019-03-21 18:00:00,2.4154017,-1.5431921
2019-03-21 18:30:00,19.16344,-0.06443618
2019-03-21 19:00:00,18.891113,1.3042604
2019-03-21 19:30:00,18.618784,2.5366335
2019-03-21 20:00:00,18.346457,3.5350416
2019-03-21 20:30:00,18.07413,4.267518
2019-03-21 21:00:00,17.801805,4.669353
2019-03-21 21:30:00,17.529478,4.840343
2019-03-21 22:00:00,17.25715,4.814363
2019-03-21 22:30:00,16.984821,4.652466
2019-03-21 23:00:00,16.712494,4.4549017
2019-03-21 23:30:00,0.55227464,4.288408
2019-03-22 00:00:00,4.4347196,4.1231155
2019-03-22 00:30:00,1.7910838,4.0019975
2019-03-22 01:00:00,1.7864785,3.9383667
2019-03-22 01:30:00,1.7818732,3.5871677
2019-03-22 02:00:00,6.5119224,3.3487108
2019-03-22 02:30:00,3.5379472,2.6695402
2019-03-22 03:00:00,3.017541,2.256384
2019-03-22 03:30:00,1.1769989,1.9184719
2019-03-22 04:00:00,3.640395,2.4530263
2019-03-22 04:30:00,4.053123,2.3894305
2019-03-22 05:00:00,3.6073978,2.159035
2019-03-22 05:30:00,3.507305,1.6936212
2019-03-22 06:00:00,3.8217227,0.8930266
2019-03-22 06:30:00,3.1266913,0.6725102
2019-03-22 07:00:00,2.8390226,0.50765055
2019-03-22 07:30:00,1.9784019,-0.35655734
2019-03-22 08:00:00,0.3811319,-1.630531
2019-03-22 08:30:00,-0.9327294,-2.9000475
2019-03-22 09:00:00,-2.805849,-3.834108
2019-03-22 09:30:00,-4.9678526,-4.804815
2019-03-22 10:00:00,-5.190466,-5.662167
2019-03-22 10:30:00,-7.587767,-6.258316
2019-03-22 11:00:00,-10.701898,-7.360395
2019-03-22 11:30:00,-8.11613,-8.65134
2019-03-22 12:00:00,-11.746686,-8.740457
2019-03-22 12:30:00,-13.172265,-9.331672
2019-03-22 13:00:00,-16.551117,-9.123582
2019-03-22 13:30:00,-18.484877,-8.681497
2019-03-22 14:00:00,-18.750153,-8.083229
2019-03-22 14:30:00,-18.80062,-7.6607614
2019-03-22 15:00:00,-16.183035,-7.1686335
2019-03-22 15:30:00,-10.870519,-6.480667
2019-03-22 16:00:00,-5.753084,-5.0905914
2019-03-22 16:30:00,-4.3040442,-3.3078208
2019-03-22 17:00:00,-2.1971648,-1.4445717
2019-03-22 17:30:00,-1.0425485,-1.3588758
2019-03-22 18:00:00,1.1139842,-0.9276173
2019-03-22 18:30:00,1.2765675,0.6515549
2019-03-22 19:00:00,2.727303,1.7407839
2019-03-22 19:30:00,1.3758957,2.4841404
2019-03-22 20:00:00,1.9914443,3.043377
2019-03-22 20:30:00,3.0414848,3.466329
2019-03-22 21:00:00,2.199307,3.7326143
2019-03-22 21:30:00,4.7856255,3.8571274
2019-03-22 22:00:00,-0.88144207,3.875444
2019-03-22 22:30:00,3.7693868,3.8473227
2019-03-22 23:00:00,7.040818,3.7732012
2019-03-22 23:30:00,2.5013947,3.2264216
2019-03-23 00:00:00,1.5189611,3.083304
2019-03-23 00:30:00,0.5365276,2.750207
2019-03-23 01:00:00,0.9228998,2.4460177
2019-03-23 01:30:00,4.859105,2.1505058
2019-03-23 02:00:00,1.6503428,2.107127
2019-03-23 02:30:00,0.81031054,1.9236846
2019-03-23 03:00:00,1.1773047,1.8204108
2019-03-23 03:30:00,-0.3467438,1.7180765
2019-03-23 04:00:00,-1.870788,1.7890477
2019-03-23 04:30:00,1.6193424,1.8112701
2019-03-23 05:00:00,3.6379132,1.7865179
2019-03-23 05:30:00,1.9035113,1.6922449
2019-03-23 06:00:00,0.16910955,1.525301
2019-03-23 06:30:00,-1.5652922,1.2351286
2019-03-23 07:00:00,2.3392792,0.8300425
2019-03-23 07:30:00,-1.2390771,0.29177883
2019-03-23 08:00:00,-4.817429,-0.33343914
2019-03-23 08:30:00,-6.1974335,-1.0492073
2019-03-23 09:00:00,-10.5430765,-1.8499637
2019-03-23 09:30:00,-10.55999,-2.6979525
2019-03-23 10:00:00,-8.447815,-3.4049382
2019-03-23 10:30:00,-7.546241,-4.156509
2019-03-23 11:00:00,-12.660744,-4.9534073
2019-03-23 11:30:00,-14.670036,-5.271443
2019-03-23 12:00:00,-11.09197,-5.8263144
2019-03-23 12:30:00,-11.790043,-6.7366323
2019-03-23 13:00:00,-13.0160675,-7.702864
2019-03-23 13:30:00,-16.095789,-8.033969
2019-03-23 14:00:00,-13.394586,-8.392548
2019-03-23 14:30:00,-9.662173,-8.828621
2019-03-23 15:00:00,-9.937197,-8.9101925
2019-03-23 15:30:00,-8.569785,-8.214461
2019-03-23 16:00:00,-6.5957866,-6.919026
2019-03-23 16:30:00,-5.357008,-5.883492
2019-03-23 17:00:00,-4.3921432,-4.7153482
2019-03-23 17:30:00,-1.2225741,-3.521285
2019-03-23 18:00:00,0.3031129,-2.2314248
2019-03-23 18:30:00,-0.3035266,-1.0817939
2019-03-23 19:00:00,-0.53440267,-0.06610964
2019-03-23 19:30:00,-0.76527876,0.6246091
2019-03-23 20:00:00,-0.9961548,1.216703
2019-03-23 20:30:00,-1.2270353,1.5586653
2019-03-23 21:00:00,3.208398,1.6867045
2019-03-23 21:30:00,8.398478,1.7805406
2019-03-23 22:00:00,13.588563,1.5381513
2019-03-23 22:30:00,-13.970537,1.4703217
2019-03-23 23:00:00,8.390289,1.3720726
2019-03-23 23:30:00,6.900409,1.0687877
2019-03-24 00:00:00,-34.717358,0.85305583
2019-03-24 00:30:00,-9.928209,0.6320676
2019-03-24 01:00:00,14.860937,0.55237514
2019-03-24 01:30:00,9.294543,0.608897
2019-03-24 02:00:00,3.728149,0.54638916
2019-03-24 02:30:00,-1.8382494,0.6126633
2019-03-24 03:00:00,0.4704194,0.70378596
2019-03-24 03:30:00,-1.0896543,0.7706282
2019-03-24 04:00:00,-2.649728,0.8537025
2019-03-24 04:30:00,-4.2098017,0.85784465
2019-03-24 05:00:00,-4.6394877,1.0455778
2019-03-24 05:30:00,-5.0691776,0.864805
2019-03-24 06:00:00,-5.4988627,0.528453
2019-03-24 06:30:00,-5.9285526,0.026839383
2019-03-24 07:00:00,-6.358238,-0.34629375
2019-03-24 07:30:00,-6.787928,-1.2220454
2019-03-24 08:00:00,-7.2176137,-2.1096556
2019-03-24 08:30:00,-8.460115,-2.7639208
2019-03-24 09:00:00,-9.702616,-3.9581146
2019-03-24 09:30:00,-11.347039,-4.6825867
2019-03-24 10:00:00,-10.926084,-4.689901
2019-03-24 10:30:00,-11.965411,-4.9221535
2019-03-24 11:00:00,-12.243178,-5.698721
2019-03-24 11:30:00,-13.1418085,-5.9493947
2019-03-24 12:00:00,-14.0370035,-6.056806
2019-03-24 12:30:00,-14.982643,-6.328387
2019-03-24 13:00:00,-12.120033,-6.6394973
2019-03-24 13:30:00,-12.486385,-7.126063
2019-03-24 14:00:00,-11.944547,-7.0842223
2019-03-24 14:30:00,-11.9389715,-7.2187147
2019-03-24 15:00:00,-10.886061,-7.070157
2019-03-24 15:30:00,-8.102925,-6.575377
2019-03-24 16:00:00,-6.491783,-5.611675
2019-03-24 16:30:00,-6.56843,-4.6735682
2019-03-24 17:00:00,-3.4250197,-3.897857
2019-03-24 17:30:00,-0.88938993,-2.9349675
2019-03-24 18:00:00,0.8520815,-1.6945592
2019-03-24 18:30:00,-2.0513337,-0.6786478
2019-03-24 19:00:00,-6.0709496,0.2757914
2019-03-24 19:30:00,-2.6022508,0.9281037
2019-03-24 20:00:00,0.86644787,1.3676333
2019-03-24 20:30:00,1.9189439,1.7142882
2019-03-24 21:00:00,0.44877803,1.9398817
2019-03-24 21:30:00,1.254983,2.096431
2019-03-24 22:00:00,0.43508014,2.2322912
2019-03-24 22:30:00,2.728701,1.2771268
2019-03-24 23:00:00,3.591358,1.5237062
2019-03-24 23:30:00,3.2516503,1.3496884
2019-03-25 00:00:00,3.071371,-0.009487332
2019-03-25 00:30:00,1.4089892,0.016969038
2019-03-25 01:00:00,1.370268,0.7213114
2019-03-25 01:30:00,1.7995603,0.75150794
2019-03-25 02:00:00,2.0915284,0.6832981
2019-03-25 02:30:00,1.2381915,0.5771799
2019-03-25 03:00:00,0.38485894,0.6699891
2019-03-25 03:30:00,0.078174785,0.75871736
2019-03-25 04:00:00,-0.22850937,0.75015783
2019-03-25 04:30:00,4.0365896,0.61390424
2019-03-25 05:00:00,2.543725,0.57648957
2019-03-25 05:30:00,1.7219652,0.32478485
2019-03-25 06:00:00,1.2698649,-0.095052175
2019-03-25 06:30:00,0.81776905,-0.5626068
2019-03-25 07:00:00,0.36567315,-1.0718187
2019-03-25 07:30:00,-2.0747619,-1.8532407
2019-03-25 08:00:00,-5.4704447,-2.8814778
2019-03-25 08:30:00,-9.591425,-3.693966
2019-03-25 09:00:00,-11.402622,-4.4940405
2019-03-25 09:30:00,-11.692961,-4.9633303
2019-03-25 10:00:00,-12.16557,-5.3594766
2019-03-25 10:30:00,-14.715575,-6.0932684
2019-03-25 11:00:00,-12.836055,-6.3611965
2019-03-25 11:30:00,-13.61303,-6.514438
2019-03-25 12:00:00,-14.1115465,-6.832194
2019-03-25 12:30:00,-13.034436,-7.297717
2019-03-25 13:00:00,-13.438113,-7.5360994
2019-03-25 13:30:00,-11.663179,-7.3691907
2019-03-25 14:00:00,-12.597856,-7.3560038
2019-03-25 14:30:00,-12.465923,-7.02126
2019-03-25 15:00:00,-11.998116,-6.8039637
2019-03-25 15:30:00,-10.582881,-6.0644526
2019-03-25 16:00:00,-8.711566,-5.2675366
2019-03-25 16:30:00,-7.281546,-4.588454
2019-03-25 17:00:00,-4.263746,-3.5282936
2019-03-25 17:30:00,-3.5262005,-2.331679
2019-03-25 18:00:00,-0.8649609,-1.1311544
2019-03-25 18:30:00,2.6468065,-0.2310829
2019-03-25 19:00:00,6.1585693,0.3441454
2019-03-25 19:30:00,-6.04469,1.0249064
2019-03-25 20:00:00,-1.662947,1.7183954
2019-03-25 20:30:00,-6.4171896,2.1342912
2019-03-25 21:00:00,-3.5403836,2.2177763
2019-03-25 21:30:00,-0.6635779,2.2059004
2019-03-25 22:00:00,2.2132323,2.0263116
2019-03-25 22:30:00,1.704195,1.8765831
2019-03-25 23:00:00,3.1136882,1.6934946
2019-03-25 23:30:00,2.5024652,1.4924392
2019-03-26 00:00:00,2.4528732,1.330472
2019-03-26 00:30:00,1.9745656,1.150643
2019-03-26 01:00:00,2.420623,1.0115974
2019-03-26 01:30:00,-4.054026,0.9951512
2019-03-26 02:00:00,19.59888,1.0608312
2019-03-26 02:30:00,14.47383,1.0499165
2019-03-26 03:00:00,9.34878,1.0493791
2019-03-26 03:30:00,4.223724,1.195621
2019-03-26 04:00:00,-0.90132695,1.1714455
2019-03-26 04:30:00,-6.026378,1.2542707
2019-03-26 05:00:00,-3.0130563,1.1278176
2019-03-26 05:30:00,0.0002694098,0.9511126
2019-03-26 06:00:00,3.0135953,0.72277075
2019-03-26 06:30:00,6.026921,0.3624573
2019-03-26 07:00:00,9.040247,-0.11125369
2019-03-26 07:30:00,21.225351,-0.93057096
2019-03-26 08:00:00,-9.104536,-1.8643388
2019-03-26 08:30:00,-8.967496,-2.8586786
2019-03-26 09:00:00,-11.861001,-3.7440124
2019-03-26 09:30:00,-10.638306,-4.559926
2019-03-26 10:00:00,-8.961269,-5.2079916
2019-03-26 10:30:00,-9.7867775,-5.931852
2019-03-26 11:00:00,-17.5452,-6.429782
2019-03-26 11:30:00,-15.055154,-6.8822536
2019-03-26 12:00:00,-16.071985,-7.3180914
2019-03-26 12:30:00,-13.104179,-7.6478934
2019-03-26 13:00:00,-14.088948,-7.926304
2019-03-26 13:30:00,-12.761693,-7.911977
2019-03-26 14:00:00,-11.886208,-7.9417014
2019-03-26 14:30:00,-13.65263,-7.841949
2019-03-26 15:00:00,-10.388096,-7.5842977
2019-03-26 15:30:00,-7.0685406,-7.123424
2019-03-26 16:00:00,-8.274182,-6.261851
2019-03-26 16:30:00,-6.175792,-5.1948266
2019-03-26 17:00:00,-2.263404,-3.7559712
2019-03-26 17:30:00,-3.3073273,-2.3627365
2019-03-26 18:00:00,0.4892862,-0.81076795
2019-03-26 18:30:00,3.3419952,0.7478683
2019-03-26 19:00:00,3.6720815,2.1321852
2019-03-26 19:30:00,4.266714,2.6571357
2019-03-26 20:00:00,2.9013689,3.2066286
2019-03-26 20:30:00,2.8610616,3.2647846
2019-03-26 21:00:00,2.8207588,3.3182566
2019-03-26 21:30:00,2.780456,3.2203658
2019-03-26 22:00:00,3.2985246,3.071144
2019-03-26 22:30:00,4.625131,2.85591
2019-03-26 23:00:00,2.533182,2.6193714
2019-03-26 23:30:00,2.548658,2.3538246
2019-03-27 00:00:00,3.050739,2.0984933
2019-03-27 00:30:00,1.9785417,1.8837575
2019-03-27 01:00:00,1.1132109,1.7697177
2019-03-27 01:30:00,0.24788006,1.4990238
2019-03-27 02:00:00,-2.8704584,2.1093335
2019-03-27 02:30:00,-0.79639286,2.0489712
2019-03-27 03:00:00,-2.4002428,2.0250971
2019-03-27 03:30:00,-4.0040975,1.7754153
2019-03-27 04:00:00,-3.3927171,1.6114776
2019-03-27 04:30:00,-2.781337,1.1995273
2019-03-27 05:00:00,-2.1699612,0.91974074
2019-03-27 05:30:00,-1.558581,0.7991469
2019-03-27 06:00:00,-5.2047143,0.5261678
2019-03-27 06:30:00,-1.5488155,0.31911343
2019-03-27 07:00:00,6.7131786,-0.13435441
2019-03-27 07:30:00,4.5753555,-0.32577533
2019-03-27 08:00:00,2.437537,-2.2408276
2019-03-27 08:30:00,-2.8925498,-3.4218652
2019-03-27 09:00:00,-0.611089,-4.442408
2019-03-27 09:30:00,-2.8008156,-5.1496124
2019-03-27 10:00:00,-9.684566,-5.4958873
2019-03-27 10:30:00,-10.540472,-6.0347495
2019-03-27 11:00:00,-10.045723,-7.3547454
2019-03-27 11:30:00,-4.284723,-8.21884
2019-03-27 12:00:00,-0.90425,-9.018831
2019-03-27 12:30:00,-5.4557986,-9.011115
2019-03-27 13:00:00,-1.3353688,-9.21297
2019-03-27 13:30:00,-3.3789668,-8.839911
2019-03-27 14:00:00,-0.1818011,-8.708394
2019-03-27 14:30:00,0.5748904,-8.500011
2019-03-27 15:00:00,0.27673957,-7.464971
2019-03-27 15:30:00,-1.3169214,-6.053713
2019-03-27 16:00:00,-0.6420764,-5.0001593
2019-03-27 16:30:00,-1.7064046,-3.5767715
2019-03-27 17:00:00,0.045098864,-1.6969755
2019-03-27 17:30:00,0.40348545,-0.2915852
2019-03-27 18:00:00,0.7618764,1.3020713
2019-03-27 18:30:00,1.1257291,2.7894175
2019-03-27 19:00:00,2.4349241,3.9007423
2019-03-27 19:30:00,-1.6787161,4.437424
2019-03-27 20:00:00,-14.415237,4.7642465
2019-03-27 20:30:00,-9.888269,4.907972
2019-03-27 21:00:00,1.867521,4.8569508
2019-03-27 21:30:00,-2.7550247,4.537303
2019-03-27 22:00:00,-2.3224905,4.1968875
2019-03-27 22:30:00,-1.8899606,3.783906
2019-03-27 23:00:00,-3.1959176,3.2411726
2019-03-27 23:30:00,12.019331,2.7773275
2019-03-28 00:00:00,27.234577,2.3161566
2019-03-28 00:30:00,20.064486,1.9411838
2019-03-28 01:00:00,12.894392,1.6194079
2019-03-28 01:30:00,5.7243004,1.3967681
2019-03-28 02:00:00,-1.4457908,1.1005834
2019-03-28 02:30:00,7.868721,1.0187194
2019-03-28 03:00:00,16.386667,1.0275499
2019-03-28 03:30:00,24.904608,0.85728973
2019-03-28 04:00:00,18.376492,0.8707517
2019-03-28 04:30:00,11.848375,0.82441044
2019-03-28 05:00:00,5.320254,0.8246114
2019-03-28 05:30:00,5.400921,0.6826602
2019-03-28 06:00:00,10.283478,0.35657617
2019-03-28 06:30:00,19.216433,0.18770984
2019-03-28 07:00:00,27.724215,0.18543342
2019-03-28 07:30:00,12.826418,-0.14989614
2019-03-28 08:00:00,-2.0713801,-0.74730325
2019-03-28 08:30:00,-4.6341524,-1.5635839
2019-03-28 09:00:00,-7.0774627,-1.9172734
2019-03-28 09:30:00,-6.730052,-2.4514647
2019-03-28 10:00:00,-9.780691,-3.794369
2019-03-28 10:30:00,-7.1754932,-4.8510513
2019-03-28 11:00:00,-4.302873,-5.615564
2019-03-28 11:30:00,-8.7055235,-4.9886985
2019-03-28 12:00:00,-12.150234,-4.5285583
2019-03-28 12:30:00,-18.365963,-4.5631113
2019-03-28 13:00:00,-18.285414,-4.1268106
2019-03-28 13:30:00,-15.228823,-3.9816523
2019-03-28 14:00:00,-17.43263,-3.4689798
2019-03-28 14:30:00,-14.770961,-3.004003
2019-03-28 15:00:00,-15.318173,-2.691075
2019-03-28 15:30:00,-13.554914,-2.6095257
2019-03-28 16:00:00,-14.093726,-2.3601062
2019-03-28 16:30:00,-10.193061,-2.0025978
2019-03-28 17:00:00,-6.4027705,-1.3855419
2019-03-28 17:30:00,-1.440836,-0.80796725
2019-03-28 18:00:00,0.61149675,-0.26345536
2019-03-28 18:30:00,2.6638339,0.2544472
2019-03-28 19:00:00,3.6225986,0.76403046
2019-03-28 19:30:00,3.1975403,0.9996167
2019-03-28 20:00:00,3.905719,0.6189858
2019-03-28 20:30:00,3.5326777,0.60394216
2019-03-28 21:00:00,3.4034586,1.07182
2019-03-28 21:30:00,1.3820302,1.1647953
2019-03-28 22:00:00,2.8118672,1.2749027
2019-03-28 22:30:00,3.2576232,1.3128024
2019-03-28 23:00:00,2.9883492,1.3146813
2019-03-28 23:30:00,4.0330286,1.9444739
2019-03-29 00:00:00,3.71231,2.9120212
2019-03-29 00:30:00,2.8718538,3.054545
2019-03-29 01:00:00,1.4904512,2.9767356
2019-03-29 01:30:00,2.7309775,2.7172098
2019-03-29 02:00:00,1.5118741,2.3367798
2019-03-29 02:30:00,3.9792726,2.5120647
2019-03-29 03:00:00,3.2599869,2.854206
2019-03-29 03:30:00,2.0020707,3.1872637
2019-03-29 04:00:00,3.161432,2.9208474
2019-03-29 04:30:00,2.3281853,2.435763
2019-03-29 05:00:00,3.2758565,1.7724005
2019-03-29 05:30:00,3.1871326,1.2500762
2019-03-29 06:00:00,3.6272783,1.013699
2019-03-29 06:30:00,2.8180673,1.0403608
2019-03-29 07:00:00,0.55754846,1.2422812
2019-03-29 07:30:00,-2.352569,0.27867955
2019-03-29 08:00:00,-7.216836,-1.0570678
2019-03-29 08:30:00,-10.822312,-1.9412043
2019-03-29 09:00:00,-12.538359,-2.6409369
2019-03-29 09:30:00,-15.492709,-3.0956151
2019-03-29 10:00:00,-16.205416,-3.847203
2019-03-29 10:30:00,-13.893813,-3.9280403
2019-03-29 11:00:00,-17.306662,-3.7918568
2019-03-29 11:30:00,-20.048807,-4.2415495
2019-03-29 12:00:00,-17.761272,-4.865492
2019-03-29 12:30:00,-16.79588,-5.9985366
2019-03-29 13:00:00,-16.20712,-7.0406685
2019-03-29 13:30:00,-17.7599,-7.3839326
2019-03-29 14:00:00,-8.921959,-8.1350355
2019-03-29 14:30:00,-10.2479925,-8.428529
2019-03-29 15:00:00,-10.756881,-8.6182375
2019-03-29 15:30:00,-6.649857,-8.756938
2019-03-29 16:00:00,-5.2873473,-8.686967
2019-03-29 16:30:00,-4.6968746,-8.157647
2019-03-29 17:00:00,-6.692694,-7.0839686
2019-03-29 17:30:00,-2.5672655,-5.6294146
2019-03-29 18:00:00,-0.3395606,-4.0353866
2019-03-29 18:30:00,0.16443436,-2.321254
2019-03-29 19:00:00,0.7819098,-0.6784337
2019-03-29 19:30:00,-2.3919456,0.5803215
2019-03-29 20:00:00,-5.565801,1.5929122
2019-03-29 20:30:00,-1.1481512,2.3562496
2019-03-29 21:00:00,-1.459729,2.8678954
2019-03-29 21:30:00,-1.7713112,3.148665
2019-03-29 22:00:00,-8.168344,3.3057427
2019-03-29 22:30:00,3.602443,3.2988784
2019-03-29 23:00:00,1.9653331,3.1972344
2019-03-29 23:30:00,2.4238913,3.0197256
2019-03-30 00:00:00,-3.3178267,2.8359334
2019-03-30 00:30:00,-32.89583,2.5930724
2019-03-30 01:00:00,-26.537458,2.38576
2019-03-30 01:30:00,-20.179083,2.219996
2019-03-30 02:00:00,-13.82071,2.0884438
2019-03-30 02:30:00,-7.462336,2.1004813
2019-03-30 03:00:00,-1.103964,2.051763
2019-03-30 03:30:00,5.2544127,2.0532444
2019-03-30 04:00:00,4.4582224,2.0995986
2019-03-30 04:30:00,3.6620321,2.0703983
2019-03-30 05:00:00,5.098641,1.9975003
2019-03-30 05:30:00,3.9226458,1.8359307
2019-03-30 06:00:00,3.2276452,1.4636321
2019-03-30 06:30:00,2.5326443,0.98535514
2019-03-30 07:00:00,1.8376435,0.17787445
2019-03-30 07:30:00,-1.530639,-0.88166493
2019-03-30 08:00:00,-4.8989215,-2.24334
2019-03-30 08:30:00,-7.244577,-3.6425169
2019-03-30 09:00:00,-11.902759,-5.0536575
2019-03-30 09:30:00,-13.515188,-6.511803
2019-03-30 10:00:00,-15.496338,-7.7384963
2019-03-30 10:30:00,-11.323012,-8.688273
2019-03-30 11:00:00,-17.241055,-9.634196
2019-03-30 11:30:00,-18.226791,-10.577808
2019-03-30 12:00:00,-18.179066,-11.176172
2019-03-30 12:30:00,-13.919505,-11.566074
2019-03-30 13:00:00,-18.652313,-11.94577
2019-03-30 13:30:00,-17.243046,-12.315242
2019-03-30 14:00:00,-15.236786,-11.809666
2019-03-30 14:30:00,-13.278951,-11.079636
2019-03-30 15:00:00,-10.125577,-10.494021
2019-03-30 15:30:00,-6.4783382,-9.331672
2019-03-30 16:00:00,-5.2003584,-7.9748645
2019-03-30 16:30:00,-7.200538,-6.820716
2019-03-30 17:00:00,-2.203295,-5.6350555
2019-03-30 17:30:00,-3.364762,-3.9152863
2019-03-30 18:00:00,0.27521902,-2.1305628
2019-03-30 18:30:00,2.0126357,-0.5060282
2019-03-30 19:00:00,3.738229,0.8934766
2019-03-30 19:30:00,2.3710399,1.8610108
2019-03-30 20:00:00,3.1012094,2.583875
2019-03-30 20:30:00,2.3727875,3.1919913
2019-03-30 21:00:00,2.9744024,3.4787424
2019-03-30 21:30:00,4.8514934,3.499178
2019-03-30 22:00:00,3.8950186,3.1460826
2019-03-30 22:30:00,3.8602996,3.1475375
2019-03-30 23:00:00,3.9249747,2.9401772
2019-03-30 23:30:00,1.9635592,2.6571488
2019-03-31 00:00:00,3.5206575,2.2273407
2019-03-31 00:30:00,3.2929668,0.97556347
2019-03-31 01:00:00,2.956191,0.29971355
2019-03-31 01:30:00,2.9355283,-0.031198595
2019-03-31 02:00:00,2.6639607,-0.09001869
2019-03-31 02:30:00,1.6635339,-0.04365559
2019-03-31 03:00:00,2.3557515,0.17285408
2019-03-31 03:30:00,3.1469345,0.6473122
2019-03-31 04:00:00,2.2738655,1.0142889
2019-03-31 04:30:00,2.2253134,1.2243495
2019-03-31 05:00:00,0.31268612,1.3902708
2019-03-31 05:30:00,-3.6609468,1.1756488
2019-03-31 06:00:00,2.4999049,0.67641205
2019-03-31 06:30:00,1.7974849,-0.046364583
2019-03-31 07:00:00,1.095065,-1.0866613
2019-03-31 07:30:00,-1.2932526,-2.4942274
2019-03-31 08:00:00,-6.742972,-4.05057
2019-03-31 08:30:00,-10.242649,-5.7082114
2019-03-31 09:00:00,-12.198349,-7.3809876
2019-03-31 09:30:00,-14.388814,-8.624573
2019-03-31 10:00:00,-15.949746,-9.786769
2019-03-31 10:30:00,-16.156174,-10.018982
2019-03-31 11:00:00,-19.302378,-10.714192
2019-03-31 11:30:00,-17.395481,-11.243674
2019-03-31 12:00:00,-15.97556,-11.497135
2019-03-31 12:30:00,-16.815865,-11.318997
2019-03-31 13:00:00,-17.54477,-11.314812
2019-03-31 13:30:00,-14.895494,-11.245531
2019-03-31 14:00:00,-17.739817,-10.772436
2019-03-31 14:30:00,-13.5288315,-9.917137
2019-03-31 15:00:00,-13.02384,-8.731355
2019-03-31 15:30:00,-9.723501,-7.2943525
2019-03-31 16:00:00,-9.111418,-5.920723
2019-03-31 16:30:00,-11.486919,-4.8230176
2019-03-31 17:00:00,-6.905966,-3.0048244
2019-03-31 17:30:00,-3.1862178,-1.6514907
2019-03-31 18:00:00,-1.5479022,-0.121263854
2019-03-31 18:30:00,0.09041331,1.20415
2019-03-31 19:00:00,-3.2776856,2.1748126
2019-03-31 19:30:00,-1.6454872,2.7843099
2019-03-31 20:00:00,-1.364486,3.14842
2019-03-31 20:30:00,11.563119,3.2405522
2019-03-31 21:00:00,1.405083,3.1549437
2019-03-31 21:30:00,0.8591336,2.9593325
2019-03-31 22:00:00,-3.611844,2.5969787
2019-03-31 22:30:00,-8.082818,2.2011292
2019-03-31 23:00:00,-1.4499198,1.8216168
2019-03-31 23:30:00,2.3409743,1.4207164
2019-04-01 00:00:00,-0.48755458,1.1402614
2019-04-01 00:30:00,-1.0903404,0.89650893
2019-04-01 01:00:00,0.5856215,0.7064076
2019-04-01 01:30:00,-34.04468,0.587911
2019-04-01 02:00:00,0.60172254,0.54019344
2019-04-01 02:30:00,-1.3785815,0.5384107
2019-04-01 03:00:00,-2.0045948,0.6293717
2019-04-01 03:30:00,-1.4202082,0.7886954
2019-04-01 04:00:00,-8.862824,0.8487389
2019-04-01 04:30:00,15.355682,0.9168963
2019-04-01 05:00:00,-3.0946844,0.8825227
2019-04-01 05:30:00,-4.910168,0.6689317
2019-04-01 06:00:00,-6.725652,0.508638
2019-04-01 06:30:00,1.3026612,0.2815677
2019-04-01 07:00:00,0.60995436,-0.1060935
2019-04-01 07:30:00,-2.3489294,-0.81769335
2019-04-01 08:00:00,-5.3078136,-1.734565
2019-04-01 08:30:00,-9.976259,-2.6082585
2019-04-01 09:00:00,-14.681877,-3.4628932
2019-04-01 09:30:00,-17.38002,-4.2762465
2019-04-01 10:00:00,-16.15918,-4.989485
2019-04-01 10:30:00,-20.438482,-5.6006994
2019-04-01 11:00:00,-19.711538,-6.341032
2019-04-01 11:30:00,-16.824198,-6.8339286
2019-04-01 12:00:00,-13.847807,-7.17053
2019-04-01 12:30:00,-13.099548,-7.645678
2019-04-01 13:00:00,-13.945636,-8.091705
2019-04-01 13:30:00,-15.154465,-8.295692
2019-04-01 14:00:00,-12.112964,-8.551841
2019-04-01 14:30:00,-12.310248,-8.526022
2019-04-01 15:00:00,-11.709708,-8.211355
2019-04-01 15:30:00,-13.064803,-7.5971828
2019-04-01 16:00:00,-10.85,-6.6786075
2019-04-01 16:30:00,-9.818364,-5.8120837
2019-04-01 17:00:00,-9.010792,-4.486119
2019-04-01 17:30:00,-5.195849,-2.9181716
2019-04-01 18:00:00,-1.1011108,-1.2272143
2019-04-01 18:30:00,-0.8756571,0.2631072
2019-04-01 19:00:00,-0.65020335,1.2921835
2019-04-01 19:30:00,1.3468046,1.95233
2019-04-01 20:00:00,-5.615507,2.354917
2019-04-01 20:30:00,0.9117754,2.8095033
2019-04-01 21:00:00,-5.5134916,2.4935956
2019-04-01 21:30:00,-4.7704062,2.0816102
2019-04-01 22:00:00,-7.1584616,1.4910891
2019-04-01 22:30:00,-0.08595957,0.8499973
2019-04-01 23:00:00,-1.0719761,0.48715836
2019-04-01 23:30:00,-2.0579925,0.18688841
2019-04-02 00:00:00,-3.0440087,-0.2456765
2019-04-02 00:30:00,-11.187231,-0.5491667
2019-04-02 01:00:00,-8.056095,-0.7015213
2019-04-02 01:30:00,-6.2018685,-1.6849293
2019-04-02 02:00:00,-4.3476458,-1.053948
2019-04-02 02:30:00,-9.510972,-0.85281855
2019-04-02 03:00:00,1.3653874,-0.61659
2019-04-02 03:30:00,1.4412174,-0.27744162
2019-04-02 04:00:00,1.9665872,-0.22264133
2019-04-02 04:30:00,2.4919615,0.78302836
2019-04-02 05:00:00,3.0173311,0.49206075
2019-04-02 05:30:00,3.542701,0.27176288
2019-04-02 06:00:00,4.0591702,-0.13605845
2019-04-02 06:30:00,2.8426623,-0.22504447
2019-04-02 07:00:00,0.9725224,-0.56801605
2019-04-02 07:30:00,1.412607,-1.3707342
2019-04-02 08:00:00,-1.2246889,-2.3184314
2019-04-02 08:30:00,-3.9039958,-3.4311106
2019-04-02 09:00:00,-4.172693,-4.5585804
2019-04-02 09:30:00,-6.635399,-5.667585
2019-04-02 10:00:00,-10.743301,-6.4845386
2019-04-02 10:30:00,-8.320947,-7.3542824
2019-04-02 11:00:00,-6.2442946,-8.002929
2019-04-02 11:30:00,-9.183446,-8.4232855
2019-04-02 12:00:00,-14.467353,-8.68008
2019-04-02 12:30:00,-15.718689,-8.782424
2019-04-02 13:00:00,-15.073036,-8.977642
2019-04-02 13:30:00,-12.210897,-9.237394
2019-04-02 14:00:00,-7.498541,-8.993367
2019-04-02 14:30:00,-11.04545,-8.770959
2019-04-02 15:00:00,-7.7483187,-8.192165
2019-04-02 15:30:00,-4.1271906,-7.526535
2019-04-02 16:00:00,-1.2645198,-6.58575
2019-04-02 16:30:00,-0.22815545,-5.300779
2019-04-02 17:00:00,0.8082089,-3.9386315
2019-04-02 17:30:00,0.7775929,-2.4383786
2019-04-02 18:00:00,1.1084658,-0.6776428
2019-04-02 18:30:00,1.3319969,0.8586835
2019-04-02 19:00:00,3.8032668,2.1603456
2019-04-02 19:30:00,4.1456265,2.9690936
2019-04-02 20:00:00,1.8344495,3.099785
2019-04-02 20:30:00,2.5422,3.1551533
2019-04-02 21:00:00,2.9224334,2.7172928
2019-04-02 21:30:00,2.8905897,2.2520757
2019-04-02 22:00:00,1.8216473,1.6703981
2019-04-02 22:30:00,2.8596458,1.3112382
2019-04-02 23:00:00,3.1493204,0.87303686
2019-04-02 23:30:00,1.4089848,0.44310227
2019-04-03 00:00:00,1.8538406,0.06942736
2019-04-03 00:30:00,1.5576866,-0.44601524
2019-04-03 01:00:00,2.0967805,-0.7047109
2019-04-03 01:30:00,2.3844364,-0.7949116
2019-04-03 02:00:00,2.168228,-0.7777445
2019-04-03 02:30:00,1.9520241,-0.89404327
2019-04-03 03:00:00,1.7358203,-0.51476246
2019-04-03 03:30:00,1.018903,-0.080991626
2019-04-03 04:00:00,0.80068487,0.31861532
2019-04-03 04:30:00,-1.4759218,0.7302773
2019-04-03 05:00:00,-3.7525325,0.9613631
2019-04-03 05:30:00,-2.6868412,0.9718626
2019-04-03 06:00:00,-1.6211543,0.86842716
2019-04-03 06:30:00,-0.5554629,0.46710745
2019-04-03 07:00:00,0.5102241,-0.11723095
2019-04-03 07:30:00,-2.0655427,-0.7810739
2019-04-03 08:00:00,-4.641314,-1.6481307
2019-04-03 08:30:00,-9.756219,-2.6614685
2019-04-03 09:00:00,-14.63774,-3.3450477
2019-04-03 09:30:00,-10.902852,-4.1682363
2019-04-03 10:00:00,-13.837823,-4.9803224
2019-04-03 10:30:00,-17.820393,-5.335537
2019-04-03 11:00:00,-18.74165,-5.3938107
2019-04-03 11:30:00,-18.814123,-5.692224
2019-04-03 12:00:00,-21.354136,-6.3384495
2019-04-03 12:30:00,-18.936749,-6.572865
2019-04-03 13:00:00,-22.243906,-6.771692
2019-04-03 13:30:00,-23.668644,-6.646554
2019-04-03 14:00:00,-17.264957,-5.938257
2019-04-03 14:30:00,-17.05485,-5.8606315
2019-04-03 15:00:00,-15.932833,-5.332037
2019-04-03 15:30:00,-13.969427,-4.4686284
2019-04-03 16:00:00,-14.039656,-3.4987218
2019-04-03 16:30:00,-12.499846,-2.5720935
2019-04-03 17:00:00,-8.19206,-1.5060309
2019-04-03 17:30:00,-4.1315775,-0.7037322
2019-04-03 18:00:00,-1.0365493,-0.05349535
2019-04-03 18:30:00,-0.163629,0.525176
2019-04-03 19:00:00,0.70929134,1.096236
2019-04-03 19:30:00,-2.8505473,1.5281717
2019-04-03 20:00:00,1.1483229,1.7193173
2019-04-03 20:30:00,5.1471977,1.8802533
2019-04-03 21:00:00,5.253862,1.957914
2019-04-03 21:30:00,2.652054,1.985537
2019-04-03 22:00:00,4.8104653,1.9157804
2019-04-03 22:30:00,2.1375465,1.8938987
2019-04-03 23:00:00,3.220108,1.8499476
2019-04-03 23:30:00,2.8044,1.71871
2019-04-04 00:00:00,3.5758467,1.6540525
2019-04-04 00:30:00,3.008505,1.5805601
2019-04-04 01:00:00,1.1558819,1.5415419
2019-04-04 01:30:00,-0.2746933,1.5248247
2019-04-04 02:00:00,-1.7052641,1.5365171
2019-04-04 02:30:00,1.6940407,1.5484848
2019-04-04 03:00:00,0.7234961,1.521373
2019-04-04 03:30:00,-0.30102298,1.5425731
2019-04-04 04:00:00,-1.4680525,1.4917183
2019-04-04 04:30:00,-0.11883014,1.346512
2019-04-04 05:00:00,0.09783682,1.0979444
2019-04-04 05:30:00,1.5114983,0.917307
2019-04-04 06:00:00,0.14257452,0.66230345
2019-04-04 06:30:00,-1.2263492,0.35511243
2019-04-04 07:00:00,1.1240556,0.068042286
2019-04-04 07:30:00,1.0837003,-0.6170619
2019-04-04 08:00:00,-2.186783,-1.3030356
2019-04-04 08:30:00,-6.1691113,-2.171888
2019-04-04 09:00:00,-8.561671,-3.0873744
2019-04-04 09:30:00,-8.035052,-3.4038022
2019-04-04 10:00:00,-13.93641,-4.343753
2019-04-04 10:30:00,-20.848278,-5.226876
2019-04-04 11:00:00,-12.417306,-6.018688
2019-04-04 11:30:00,-16.34964,-6.8924255
2019-04-04 12:00:00,-22.343075,-8.0537
2019-04-04 12:30:00,-11.532728,-8.932598
2019-04-04 13:00:00,-17.460245,-10.081206
2019-04-04 13:30:00,-18.279957,-11.309564
2019-04-04 14:00:00,-11.628592,-11.644373
2019-04-04 14:30:00,-12.325886,-11.886483
2019-04-04 15:00:00,-11.332162,-11.622378
2019-04-04 15:30:00,-11.111964,-11.061407
2019-04-04 16:00:00,-9.717393,-10.316346
2019-04-04 16:30:00,-12.396805,-9.092678
2019-04-04 17:00:00,-6.7677026,-7.339462
2019-04-04 17:30:00,-5.124266,-5.113736
2019-04-04 18:00:00,-1.160678,-2.70559
2019-04-04 18:30:00,0.82438856,-0.49764776
2019-04-04 19:00:00,1.0138433,1.4356028
2019-04-04 19:30:00,1.7344178,2.6838193
2019-04-04 20:00:00,-5.9540086,3.589514
2019-04-04 20:30:00,-4.7390647,4.04414
2019-04-04 21:00:00,-3.524125,4.0591836
2019-04-04 21:30:00,-2.3091815,3.701723
2019-04-04 22:00:00,-0.2876266,3.2647495
2019-04-04 22:30:00,-19.128231,2.6919549
2019-04-04 23:00:00,2.6972156,2.1625216
2019-04-04 23:30:00,3.5205526,1.6420411
2019-04-05 00:00:00,4.3438897,1.2077547
2019-04-05 00:30:00,1.8361797,0.80404055
2019-04-05 01:00:00,2.3721497,0.46163264
2019-04-05 01:30:00,2.433255,0.18026885
2019-04-05 02:00:00,1.9402356,0.024274578
2019-04-05 02:30:00,1.4472165,0.087350406
2019-04-05 03:00:00,1.4319413,0.11954372
2019-04-05 03:30:00,1.2214831,0.2876367
2019-04-05 04:00:00,1.7187493,0.4472488
2019-04-05 04:30:00,2.8116925,0.6813057
2019-04-05 05:00:00,3.8595963,0.8921571
2019-04-05 05:30:00,1.6677154,1.1025628
2019-04-05 06:00:00,2.139823,0.96165144
2019-04-05 06:30:00,1.9204164,0.4994799
2019-04-05 07:00:00,-1.9191041,0.0754221
2019-04-05 07:30:00,-5.7586203,-0.65388674
2019-04-05 08:00:00,-10.122112,-1.662899
2019-04-05 08:30:00,-15.243851,-2.8932753
2019-04-05 09:00:00,-17.349844,-4.102176
2019-04-05 09:30:00,-18.1655,-5.10803
2019-04-05 10:00:00,-22.408484,-6.479837
2019-04-05 10:30:00,-20.334667,-8.107207
2019-04-05 11:00:00,-19.879244,-8.238056
2019-04-05 11:30:00,-18.542664,-8.929203
2019-04-05 12:00:00,-19.799261,-10.26159
2019-04-05 12:30:00,-15.224165,-9.5911665
2019-04-05 13:00:00,-14.582149,-9.881361
2019-04-05 13:30:00,-14.816455,-10.357777
2019-04-05 14:00:00,-11.94664,-9.810411
2019-04-05 14:30:00,-14.769813,-9.455582
2019-04-05 15:00:00,-12.096416,-9.149702
2019-04-05 15:30:00,-11.890843,-8.553755
2019-04-05 16:00:00,-7.849368,-7.835985
2019-04-05 16:30:00,-5.40601,-7.3130884
2019-04-05 17:00:00,-3.2772791,-6.0930324
2019-04-05 17:30:00,-1.1485487,-4.757748
2019-04-05 18:00:00,0.096700795,-3.1860037
2019-04-05 18:30:00,-3.2752824,-1.5782168
2019-04-05 19:00:00,-0.97675055,-0.19825166
2019-04-05 19:30:00,-18.30077,0.9160749
2019-04-05 20:00:00,-10.538978,1.4654192
2019-04-05 20:30:00,-2.7771816,1.8722444
2019-04-05 21:00:00,-2.9299033,2.1236782
2019-04-05 21:30:00,-3.0826206,2.1679745
2019-04-05 22:00:00,-3.2353423,2.1083548
2019-04-05 22:30:00,0.55559534,1.3448297
2019-04-05 23:00:00,-0.20397988,1.3965496
2019-04-05 23:30:00,-0.9635595,1.2558305
2019-04-06 00:00:00,2.5483608,1.1407945
2019-04-06 00:30:00,1.7389138,0.9827554
2019-04-06 01:00:00,0.92947125,0.876091
2019-04-06 01:30:00,4.123151,0.83833987
2019-04-06 02:00:00,2.27976,0.89487916
2019-04-06 02:30:00,0.16926685,0.8651196
2019-04-06 03:00:00,-4.131263,1.0029855
2019-04-06 03:30:00,-1.5761894,1.1267471
2019-04-06 04:00:00,-0.43708432,1.2465763
2019-04-06 04:30:00,0.7020251,1.4115452
2019-04-06 05:00:00,1.8411303,1.5228848
2019-04-06 05:30:00,4.779417,1.3734183
2019-04-06 06:00:00,3.8860352,1.1747793
2019-04-06 06:30:00,2.9926531,0.80037904
2019-04-06 07:00:00,-4.492651,0.2024258
2019-04-06 07:30:00,-8.08776,-0.8505945
2019-04-06 08:00:00,-11.682867,-2.0533566
2019-04-06 08:30:00,-14.185994,-3.4363582
2019-04-06 09:00:00,-14.945232,-4.7481794
2019-04-06 09:30:00,-18.039068,-5.915554
2019-04-06 10:00:00,-23.620144,-7.2975817
2019-04-06 10:30:00,-18.097458,-8.441812
2019-04-06 11:00:00,-19.51232,-9.568158
2019-04-06 11:30:00,-18.893091,-10.421232
2019-04-06 12:00:00,-20.115772,-11.181494
2019-04-06 12:30:00,-21.177753,-11.44569
2019-04-06 13:00:00,-17.73975,-11.366819
2019-04-06 13:30:00,-14.61665,-11.147094
2019-04-06 14:00:00,-17.035828,-10.757502
2019-04-06 14:30:00,-13.932187,-10.075054
2019-04-06 15:00:00,-14.012552,-9.026063
2019-04-06 15:30:00,-13.083836,-7.870372
2019-04-06 16:00:00,-10.90665,-6.1866717
2019-04-06 16:30:00,-8.4886465,-4.232684
2019-04-06 17:00:00,-5.361622,-2.3677306
2019-04-06 17:30:00,-5.071087,-0.49850416
2019-04-06 18:00:00,0.25533852,1.1616493
2019-04-06 18:30:00,1.3652258,2.353143
2019-04-06 19:00:00,2.4751177,3.383115
2019-04-06 19:30:00,1.2387159,3.369107
2019-04-06 20:00:00,1.5920951,3.5431378
2019-04-06 20:30:00,1.9454789,3.689856
2019-04-06 21:00:00,2.2988584,3.6483428
2019-04-06 21:30:00,2.6522377,3.4643717
2019-04-06 22:00:00,3.005617,3.1377501
2019-04-06 22:30:00,3.3589964,2.843641
2019-04-06 23:00:00,3.7123756,2.4530919
2019-04-06 23:30:00,1.0158881,2.0953386
2019-04-07 00:00:00,2.3093796,1.8917054
2019-04-07 00:30:00,3.6028712,1.6330097
2019-04-07 01:00:00,1.5399208,1.3796228
2019-04-07 01:30:00,0.84646684,1.4365772
2019-04-07 02:00:00,3.646237,1.376669
2019-04-07 02:30:00,0.9026697,1.3808724
2019-04-07 03:00:00,1.5352894,1.2891119
2019-04-07 03:30:00,2.167909,1.4605081
2019-04-07 04:00:00,5.470498,1.5702703
2019-04-07 04:30:00,5.462935,1.5732982
2019-04-07 05:00:00,3.0149019,1.3668861
2019-04-07 05:30:00,1.8488508,1.276266
2019-04-07 06:00:00,2.1282966,0.8404983
2019-04-07 06:30:00,1.8257632,0.3141848
2019-04-07 07:00:00,0.11146917,-0.920705
2019-04-07 07:30:00,-3.632358,-2.4002953
2019-04-07 08:00:00,-8.09694,-4.0401926
2019-04-07 08:30:00,-11.861998,-5.5684447
2019-04-07 09:00:00,-18.410221,-7.046532
2019-04-07 09:30:00,-17.777699,-8.448776
2019-04-07 10:00:00,-14.523082,-10.00632
2019-04-07 10:30:00,-18.385958,-10.902948
2019-04-07 11:00:00,-16.358667,-11.744195
2019-04-07 11:30:00,-18.914228,-12.6070795
2019-04-07 12:00:00,-20.605955,-13.333955
2019-04-07 12:30:00,-17.50991,-13.93444
2019-04-07 13:00:00,-19.716475,-13.849082
2019-04-07 13:30:00,-14.894155,-13.154936
2019-04-07 14:00:00,-13.600008,-12.334756
2019-04-07 14:30:00,-16.608932,-11.072772
2019-04-07 15:00:00,-14.85087,-9.585124
2019-04-07 15:30:00,-16.183807,-7.803665
2019-04-07 16:00:00,-10.093536,-5.8531423
2019-04-07 16:30:00,-8.815377,-3.4530885
2019-04-07 17:00:00,-9.46668,-1.062866
2019-04-07 17:30:00,-4.9151406,1.2712107
2019-04-07 18:00:00,-0.3636007,3.5790188
2019-04-07 18:30:00,0.7946202,5.687576
2019-04-07 19:00:00,3.2022243,7.2906613
2019-04-07 19:30:00,3.2484825,8.101568
2019-04-07 20:00:00,3.2947452,8.30781
2019-04-07 20:30:00,3.3410077,8.093991
2019-04-07 21:00:00,3.3872702,7.592111
2019-04-07 21:30:00,7.855945,6.880398
2019-04-07 22:00:00,3.7344756,5.9744844
2019-04-07 22:30:00,4.0357027,5.057342
2019-04-07 23:00:00,5.4597454,4.197307
2019-04-07 23:30:00,5.456875,3.3319762
2019-04-08 00:00:00,4.10223,2.6163304
2019-04-08 00:30:00,4.5559034,2.0414646
2019-04-08 01:00:00,5.4360986,1.5976486
2019-04-08 01:30:00,5.05015,1.3497889
2019-04-08 02:00:00,5.2404566,1.373296
2019-04-08 02:30:00,4.4028015,1.3585844
2019-04-08 03:00:00,4.0677953,1.5316715
2019-04-08 03:30:00,3.5905495,1.8151544
2019-04-08 04:00:00,4.4144855,2.171981
2019-04-08 04:30:00,7.533715,2.223085
2019-04-08 05:00:00,6.7680445,1.9926983
2019-04-08 05:30:00,0.90210605,1.6612138
2019-04-08 06:00:00,4.3985457,1.1610595
2019-04-08 06:30:00,2.023747,0.52941424
2019-04-08 07:00:00,1.3188889,-0.38499302
2019-04-08 07:30:00,-5.3197503,-1.6558644
2019-04-08 08:00:00,-10.459797,-3.155558
2019-04-08 08:30:00,-13.893117,-4.8357277
2019-04-08 09:00:00,-16.95409,-6.7136145
2019-04-08 09:30:00,-22.265015,-8.392609
2019-04-08 10:00:00,-18.222548,-9.807283
2019-04-08 10:30:00,-24.38215,-10.993875
2019-04-08 11:00:00,-19.243053,-12.025603
2019-04-08 11:30:00,-19.705688,-13.173783
2019-04-08 12:00:00,-14.919713,-14.282855
2019-04-08 12:30:00,-17.690166,-14.751182
2019-04-08 13:00:00,-14.145407,-15.161842
2019-04-08 13:30:00,-12.661084,-15.0585165
2019-04-08 14:00:00,-13.231767,-14.606888
2019-04-08 14:30:00,-9.951175,-14.293899
2019-04-08 15:00:00,-11.95246,-13.6423645
2019-04-08 15:30:00,-10.428508,-12.987007
2019-04-08 16:00:00,-11.152359,-11.513328
2019-04-08 16:30:00,-7.387913,-9.322815
2019-04-08 17:00:00,-4.7386236,-7.3262224
2019-04-08 17:30:00,-1.8746592,-4.7674656
2019-04-08 18:00:00,1.7450178,-2.0258298
2019-04-08 18:30:00,9.559762,0.42322177
2019-04-08 19:00:00,8.684141,2.5996876
2019-04-08 19:30:00,7.3278666,4.102108
2019-04-08 20:00:00,8.291416,4.9310594
2019-04-08 20:30:00,5.0655212,5.2803006
2019-04-08 21:00:00,6.1372776,5.245005
2019-04-08 21:30:00,7.340931,5.0815086
2019-04-08 22:00:00,6.7831492,4.6375704
2019-04-08 22:30:00,6.0812974,4.209174
2019-04-08 23:00:00,5.9509907,3.8515348
2019-04-08 23:30:00,6.053565,3.5114338
2019-04-09 00:00:00,6.2085547,3.1886575
2019-04-09 00:30:00,5.245324,2.9624653
2019-04-09 01:00:00,4.438084,2.8258579
2019-04-09 01:30:00,4.7097173,2.7393274
2019-04-09 02:00:00,5.0915627,2.776161
2019-04-09 02:30:00,5.255151,2.8470578
2019-04-09 03:00:00,5.5129857,2.961124
2019-04-09 03:30:00,5.7708163,3.0774357
2019-04-09 04:00:00,12.382069,3.2055624
2019-04-09 04:30:00,10.7318735,3.4046297
2019-04-09 05:00:00,4.422464,3.2564085
2019-04-09 05:30:00,4.5223513,2.7951937
2019-04-09 06:00:00,3.4073825,2.3168905
2019-04-09 06:30:00,2.2924135,1.451765
2019-04-09 07:00:00,3.3812625,0.28495392
2019-04-09 07:30:00,2.0395508,-1.3254896
2019-04-09 08:00:00,1.388156,-3.1814814
2019-04-09 08:30:00,0.7367614,-5.1449857
2019-04-09 09:00:00,0.08536672,-7.164854
2019-04-09 09:30:00,-0.566028,-9.431599
2019-04-09 10:00:00,-1.2174227,-11.00624
2019-04-09 10:30:00,-1.8688173,-12.987439
2019-04-09 11:00:00,-2.5202162,-14.267346
2019-04-09 11:30:00,-3.171611,-15.240967
2019-04-09 12:00:00,-3.8230057,-15.300412
2019-04-09 12:30:00,-4.4744005,-15.132699
2019-04-09 13:00:00,-5.1257954,-14.032446
2019-04-09 13:30:00,-5.77719,-12.386628
2019-04-09 14:00:00,-6.4285846,-10.507859
2019-04-09 14:30:00,-7.0799794,-8.028088
2019-04-09 15:00:00,0.9423608,-5.7268553
2019-04-09 15:30:00,3.7730308,-3.4012768
2019-04-09 16:00:00,6.6037,-1.367396
2019-04-09 16:30:00,9.434371,0.8741335
2019-04-09 17:00:00,7.325293,3.3226259
2019-04-09 17:30:00,5.2162113,5.6287427
2019-04-09 18:00:00,3.1071343,7.6630473
2019-04-09 18:30:00,1.6963739,9.558897
2019-04-09 19:00:00,3.2143579,10.985299
2019-04-09 19:30:00,4.3137937,11.777143
2019-04-09 20:00:00,3.3196547,12.155016
2019-04-09 20:30:00,3.73403,12.0988655
2019-04-09 21:00:00,3.8846805,11.77117
2019-04-09 21:30:00,3.3912158,11.15964
2019-04-09 22:00:00,4.051205,10.257651
2019-04-09 22:30:00,2.9039292,9.259789
2019-04-09 23:00:00,3.0798478,8.277499
2019-04-09 23:30:00,3.3889568,7.336378
2019-04-10 00:00:00,3.1405466,6.5020475
2019-04-10 00:30:00,3.205121,5.7986884
2019-04-10 01:00:00,3.0385618,5.2241898
2019-04-10 01:30:00,2.9634223,4.798126
2019-04-10 02:00:00,3.2000527,4.4943175
2019-04-10 02:30:00,2.986357,4.2475677
2019-04-10 03:00:00,2.5476182,4.00101
2019-04-10 03:30:00,3.1089387,3.7054415
2019-04-10 04:00:00,2.6550384,3.5742388
2019-04-10 04:30:00,2.8259146,3.0694356
2019-04-10 05:00:00,3.3510878,1.9614445
2019-04-10 05:30:00,2.7655914,0.82206845
2019-04-10 06:00:00,2.4849355,-0.36257392
2019-04-10 06:30:00,2.46838,-1.7675011
2019-04-10 07:00:00,1.7492735,-2.9878888
2019-04-10 07:30:00,-0.30326447,-4.1337094
2019-04-10 08:00:00,-3.090647,-5.485628
2019-04-10 08:30:00,-6.0454545,-6.571864
2019-04-10 09:00:00,-10.749362,-7.5617085
2019-04-10 09:30:00,-11.1713705,-8.24922
2019-04-10 10:00:00,-9.295708,-8.564525
2019-04-10 10:30:00,-9.426381,-9.056871
2019-04-10 11:00:00,-10.197832,-9.908119
2019-04-10 11:30:00,-7.152943,-10.562087
2019-04-10 12:00:00,-7.3895125,-11.07538
2019-04-10 12:30:00,-7.484895,-11.4440565
2019-04-10 13:00:00,-5.814382,-11.633598
2019-04-10 13:30:00,-6.4701633,-11.669759
2019-04-10 14:00:00,-6.3399,-11.397558
2019-04-10 14:30:00,-4.085944,-10.985153
2019-04-10 15:00:00,-2.9483726,-9.768933
2019-04-10 15:30:00,-1.5575454,-8.548869
2019-04-10 16:00:00,-0.6087252,-7.1633945
2019-04-10 16:30:00,-0.5731456,-5.6188188
2019-04-10 17:00:00,-1.1855832,-4.504204
2019-04-10 17:30:00,-2.089941,-3.5031786
2019-04-10 18:00:00,0.06692373,-2.3585768
2019-04-10 18:30:00,2.2686834,-1.1238663
2019-04-10 19:00:00,2.6984608,0.061330974
2019-04-10 19:30:00,3.074316,0.9018133
2019-04-10 20:00:00,3.0425858,1.3564959
2019-04-10 20:30:00,2.6346467,1.6003488
2019-04-10 21:00:00,2.7053514,1.6569712
2019-04-10 21:30:00,3.8949661,1.567723
2019-04-10 22:00:00,3.6639283,1.4824553
2019-04-10 22:30:00,4.04213,1.332661
2019-04-10 23:00:00,3.0269437,1.2934506
2019-04-10 23:30:00,2.7288933,1.2986982
2019-04-11 00:00:00,2.941912,1.3460269
2019-04-11 00:30:00,3.154926,1.4484749
2019-04-11 01:00:00,1.8453423,1.5246937
2019-04-11 01:30:00,2.9298482,1.5611995
2019-04-11 02:00:00,2.6467278,1.5834875
2019-04-11 02:30:00,4.3107395,1.5803984
2019-04-11 03:00:00,2.4134836,1.5499747
2019-04-11 03:30:00,2.48286,1.5009943
2019-04-11 04:00:00,3.2438335,1.3482246
2019-04-11 04:30:00,7.398619,1.1780651
2019-04-11 05:00:00,2.2752461,0.924665
2019-04-11 05:30:00,2.278248,0.54957443
2019-04-11 06:00:00,2.34471,0.103010125
2019-04-11 06:30:00,2.2154431,-0.44704643
2019-04-11 07:00:00,0.5222267,-1.1271739
2019-04-11 07:30:00,-0.08867293,-2.0002646
2019-04-11 08:00:00,-1.8441874,-2.965356
2019-04-11 08:30:00,-2.90017,-3.8711777
2019-04-11 09:00:00,-3.2809713,-4.7819543
2019-04-11 09:30:00,-7.819639,-5.115842
2019-04-11 10:00:00,-7.7785892,-5.027302
2019-04-11 10:30:00,-16.126387,-4.878591
2019-04-11 11:00:00,-26.285217,-4.6075563
2019-04-11 11:30:00,-24.532831,-3.9989853
2019-04-11 12:00:00,-19.83026,-3.6781402
2019-04-11 12:30:00,-13.10605,-3.3126054
2019-04-11 13:00:00,-10.4223385,-2.9560232
2019-04-11 13:30:00,-13.645069,-2.7478023
2019-04-11 14:00:00,-8.370526,-2.5447109
2019-04-11 14:30:00,-7.4497876,-2.1232266
2019-04-11 15:00:00,-12.431908,-1.7400572
2019-04-11 15:30:00,-13.026069,-1.3579539
2019-04-11 16:00:00,-12.855887,-0.9921132
2019-04-11 16:30:00,-6.968369,-0.7640553
2019-04-11 17:00:00,-2.4344897,-0.6019396
2019-04-11 17:30:00,-0.5894302,-0.55469394
2019-04-11 18:00:00,1.255634,-0.33782595
2019-04-11 18:30:00,2.6077971,-0.088056855
2019-04-11 19:00:00,2.3818889,0.09363352
2019-04-11 19:30:00,1.0283582,0.2807288
2019-04-11 20:00:00,-8.910966,0.46005094
2019-04-11 20:30:00,-13.851147,0.62798226
2019-04-11 21:00:00,-18.791332,0.77945423
2019-04-11 21:30:00,-23.731514,0.9716398
2019-04-11 22:00:00,-23.702961,1.0642217
2019-04-11 22:30:00,-23.674404,1.1253183
2019-04-11 23:00:00,-23.645851,1.1385137
2019-04-11 23:30:00,-23.617294,1.1643584
2019-04-12 00:00:00,-23.588741,1.2131509
2019-04-12 00:30:00,-23.560186,1.2507883
2019-04-12 01:00:00,-23.531631,1.2045388
2019-04-12 01:30:00,-23.503078,1.217874
2019-04-12 02:00:00,-23.474522,1.1735734
2019-04-12 02:30:00,-23.445969,1.153802
2019-04-12 03:00:00,-23.417414,0.9845512
2019-04-12 03:30:00,-23.388859,0.8512644
2019-04-12 04:00:00,-23.360306,0.7507258
2019-04-12 04:30:00,-23.331749,0.8093056
2019-04-12 05:00:00,-23.303196,0.51396865
2019-04-12 05:30:00,-23.274641,0.3329555
2019-04-12 06:00:00,-23.246086,0.17633644
2019-04-12 06:30:00,-23.217531,-0.03057378
2019-04-12 07:00:00,-23.188976,-0.33654138
2019-04-12 07:30:00,-23.160423,-0.6626735
2019-04-12 08:00:00,-23.131868,-1.0465333
2019-04-12 08:30:00,-15.299353,-1.3506309
2019-04-12 09:00:00,-7.466837,-1.6407989
2019-04-12 09:30:00,-18.35406,-2.118936
2019-04-12 10:00:00,-23.195084,-2.4877346
2019-04-12 10:30:00,-22.191856,-3.4848142
2019-04-12 11:00:00,-18.980278,-4.99066
2019-04-12 11:30:00,-20.996708,-5.770846
2019-04-12 12:00:00,-21.76918,-5.9448023
2019-04-12 12:30:00,-22.12352,-5.5535626
2019-04-12 13:00:00,-22.69159,-5.2971783
2019-04-12 13:30:00,-25.416105,-5.486039
2019-04-12 14:00:00,-19.62976,-5.2104163
2019-04-12 14:30:00,-22.355574,-4.979348
2019-04-12 15:00:00,-16.672562,-5.3707147
2019-04-12 15:30:00,-18.496803,-5.5717044
2019-04-12 16:00:00,-15.609375,-5.5130634
2019-04-12 16:30:00,-13.756955,-4.742084
2019-04-12 17:00:00,-10.068596,-3.7190678
2019-04-12 17:30:00,-6.141196,-2.6791773
2019-04-12 18:00:00,-2.3600974,-1.6900413
2019-04-12 18:30:00,1.5834745,-0.7263654
2019-04-12 19:00:00,4.0430083,0.04753259
2019-04-12 19:30:00,2.0385895,0.6227041
2019-04-12 20:00:00,1.5093354,0.69549733
2019-04-12 20:30:00,0.67985946,0.5849268
2019-04-12 21:00:00,0.8509236,0.26170903
2019-04-12 21:30:00,4.6759334,-0.18438774
2019-04-12 22:00:00,0.91883194,-0.5786292
2019-04-12 22:30:00,4.1381984,-0.86317384
2019-04-12 23:00:00,7.357565,-1.2144778
2019-04-12 23:30:00,8.993211,-1.4188144
2019-04-13 00:00:00,15.344444,-1.7416651
2019-04-13 00:30:00,-1.7194296,-1.999299
2019-04-13 01:00:00,-0.37178013,-2.2011802
2019-04-13 01:30:00,0.97586495,-2.2886894
2019-04-13 02:00:00,2.3235102,-2.4410002
2019-04-13 02:30:00,3.6711552,-2.5191283
2019-04-13 03:00:00,6.1073737,-2.446418
2019-04-13 03:30:00,1.7548444,-2.4530594
2019-04-13 04:00:00,4.230641,-2.465914
2019-04-13 04:30:00,4.221063,-2.4176853
2019-04-13 05:00:00,3.0639434,-2.4130714
2019-04-13 05:30:00,3.0610378,-2.428447
2019-04-13 06:00:00,3.0628247,-2.4450986
2019-04-13 06:30:00,3.1585746,-2.5591996
2019-04-13 07:00:00,2.3597407,-2.8705676
2019-04-13 07:30:00,-2.270609,-3.27814
2019-04-13 08:00:00,-8.012266,-3.680172
2019-04-13 08:30:00,-8.000006,-3.7891302
2019-04-13 09:00:00,-15.008942,-3.7868626
2019-04-13 09:30:00,-19.179153,-4.418451
2019-04-13 10:00:00,-21.107853,-5.405813
2019-04-13 10:30:00,-20.499435,-6.0359993
2019-04-13 11:00:00,-20.380398,-6.4836736
2019-04-13 11:30:00,-24.11129,-7.0984573
2019-04-13 12:00:00,-24.976326,-7.7440367
2019-04-13 12:30:00,-19.478647,-8.569038
2019-04-13 13:00:00,-25.537779,-9.302231
2019-04-13 13:30:00,-19.258944,-10.056135
2019-04-13 14:00:00,-19.178858,-10.459242
2019-04-13 14:30:00,-19.728472,-10.954262
2019-04-13 15:00:00,-17.995523,-10.806386
2019-04-13 15:30:00,-18.975384,-10.693731
2019-04-13 16:00:00,-14.0345,-10.188539
2019-04-13 16:30:00,-13.263339,-9.416393
2019-04-13 17:00:00,-9.862359,-8.291414
2019-04-13 17:30:00,-3.7707353,-6.62621
2019-04-13 18:00:00,-2.983996,-4.673625
2019-04-13 18:30:00,-2.1972566,-2.6162982
2019-04-13 19:00:00,-1.4105171,-0.6828904
2019-04-13 19:30:00,-0.62377757,0.76278085
2019-04-13 20:00:00,-0.8868732,1.8404573
2019-04-13 20:30:00,-1.1499645,2.569762
2019-04-13 21:00:00,-1.4130557,2.9320154
2019-04-13 21:30:00,1.5148453,3.0882761
2019-04-13 22:00:00,9.7104,2.8591173
2019-04-13 22:30:00,-6.7505484,2.6200442
2019-04-13 23:00:00,-2.808772,2.32268
2019-04-13 23:30:00,27.09633,1.9799442
2019-04-14 00:00:00,-8.828311,1.814167
2019-04-14 00:30:00,-2.9609869,1.1639695
2019-04-14 01:00:00,2.9063368,0.93534803
2019-04-14 01:30:00,-1.2042403,0.719118
2019-04-14 02:00:00,3.8606884,0.65670633
2019-04-14 02:30:00,-1.1983724,0.6277288
2019-04-14 03:00:00,8.003214,0.8182278
2019-04-14 03:30:00,1.3526465,0.91298574
2019-04-14 04:00:00,-5.2979255,1.2326163
2019-04-14 04:30:00,0.012538524,1.517576
2019-04-14 05:00:00,5.3230023,1.6692622
2019-04-14 05:30:00,3.784177,1.6513784
2019-04-14 06:00:00,2.241917,1.435782
2019-04-14 06:30:00,0.69965696,0.93078643
2019-04-14 07:00:00,2.2884066,0.14397709
2019-04-14 07:30:00,-0.9400044,-1.1496192
2019-04-14 08:00:00,-4.1684155,-2.7853131
2019-04-14 08:30:00,-6.468167,-4.224138
2019-04-14 09:00:00,-9.566427,-6.185431
2019-04-14 09:30:00,-14.245443,-8.205614
2019-04-14 10:00:00,-16.830936,-9.9087305
2019-04-14 10:30:00,-22.30079,-11.534602
2019-04-14 11:00:00,-22.799278,-11.97765
2019-04-14 11:30:00,-23.537508,-13.397471
2019-04-14 12:00:00,-22.82541,-14.400214
2019-04-14 12:30:00,-22.356169,-14.52495
2019-04-14 13:00:00,-23.616383,-15.626221
2019-04-14 13:30:00,-18.71112,-15.860334
2019-04-14 14:00:00,-19.661314,-15.8371
2019-04-14 14:30:00,-23.151966,-15.702942
2019-04-14 15:00:00,-19.545345,-15.171455
2019-04-14 15:30:00,-17.182648,-14.404273
2019-04-14 16:00:00,-14.838625,-12.849857
2019-04-14 16:30:00,-13.178655,-11.013305
2019-04-14 17:00:00,-10.435341,-8.83521
2019-04-14 17:30:00,-8.123807,-5.7633348
2019-04-14 18:00:00,-2.9010134,-2.8441463
2019-04-14 18:30:00,-0.049995508,-0.07598436
2019-04-14 19:00:00,1.9726212,2.2694569
2019-04-14 19:30:00,1.659335,3.9143922
2019-04-14 20:00:00,-2.7751894,4.809845
2019-04-14 20:30:00,-7.209718,5.003018
2019-04-14 21:00:00,-8.693359,4.652339
2019-04-14 21:30:00,-3.9531336,4.0670395
2019-04-14 22:00:00,0.78709185,3.4416206
2019-04-14 22:30:00,5.5273128,2.363223
2019-04-14 23:00:00,1.0811399,1.5837498
2019-04-14 23:30:00,-3.3650374,1.4936975
2019-04-15 00:00:00,-7.8112106,0.32419935
2019-04-15 00:30:00,-4.4421415,-0.043209918
2019-04-15 01:00:00,-1.0730684,-0.27444425
2019-04-15 01:30:00,-2.3645105,-0.6178222
2019-04-15 02:00:00,-3.6559482,-0.5636511
2019-04-15 02:30:00,-4.9473906,-0.6458078
2019-04-15 03:00:00,-6.238833,-0.14699054
2019-04-15 03:30:00,-11.515093,0.06361614
2019-04-15 04:00:00,-16.791353,0.22713006
2019-04-15 04:30:00,-22.067617,0.68637854
2019-04-15 05:00:00,-27.34388,1.189137
2019-04-15 05:30:00,-32.62014,1.2753528
2019-04-15 06:00:00,3.5584612,0.96156406
2019-04-15 06:30:00,0.8490535,0.37670135
2019-04-15 07:00:00,-2.306162,-0.37030327
2019-04-15 07:30:00,-8.310661,-1.5754073
2019-04-15 08:00:00,-12.620523,-2.98303
2019-04-15 08:30:00,-17.835672,-4.429986
2019-04-15 09:00:00,-22.136845,-6.0178666
2019-04-15 09:30:00,-20.8845,-7.738291
2019-04-15 10:00:00,-22.627043,-9.24674
2019-04-15 10:30:00,-20.92927,-10.979587
2019-04-15 11:00:00,-24.042236,-12.405207
2019-04-15 11:30:00,-20.620264,-13.236933
2019-04-15 12:00:00,-20.592075,-13.878018
2019-04-15 12:30:00,-22.293205,-14.437187
2019-04-15 13:00:00,-18.796381,-14.883162
2019-04-15 13:30:00,-17.737295,-14.582743
2019-04-15 14:00:00,-24.526741,-14.8073845
2019-04-15 14:30:00,-19.540777,-15.511438
2019-04-15 15:00:00,-18.922386,-15.059679
2019-04-15 15:30:00,-17.606169,-14.252652
2019-04-15 16:00:00,-9.709205,-12.810009
2019-04-15 16:30:00,-7.2448173,-11.089628
2019-04-15 17:00:00,-4.936485,-9.035116
2019-04-15 17:30:00,-1.6135342,-6.62725
2019-04-15 18:00:00,-0.06347056,-3.8628716
2019-04-15 18:30:00,1.4865974,-1.1507858
2019-04-15 19:00:00,1.4406931,1.1730272
2019-04-15 19:30:00,3.8516529,2.8762581
2019-04-15 20:00:00,-1.8223712,3.7830367
2019-04-15 20:30:00,-3.2871408,4.0410857
2019-04-15 21:00:00,-0.77364606,3.8690865
2019-04-15 21:30:00,1.3955622,3.5288982
2019-04-15 22:00:00,-2.6141398,3.0474184
2019-04-15 22:30:00,-6.623842,2.4852457
2019-04-15 23:00:00,1.9491142,1.7230356
2019-04-15 23:30:00,2.585518,0.9935695
2019-04-16 00:00:00,3.2219257,0.27894172
2019-04-16 00:30:00,1.3335394,-0.2296585
2019-04-16 01:00:00,-1.8132175,-0.6412375
2019-04-16 01:30:00,3.6953132,-0.99543387
2019-04-16 02:00:00,-3.0327926,-1.2312866
2019-04-16 02:30:00,0.79750836,-1.353436
2019-04-16 03:00:00,0.6058297,-1.3180792
2019-04-16 03:30:00,0.41414663,-1.3311436
2019-04-16 04:00:00,0.88361067,-1.3025069
2019-04-16 04:30:00,1.3530791,-1.3855375
2019-04-16 05:00:00,1.822543,-1.503265
2019-04-16 05:30:00,2.0399833,-1.8569765
2019-04-16 06:00:00,2.2574193,-0.716932
2019-04-16 06:30:00,2.4748554,-0.2171447
2019-04-16 07:00:00,13.362086,-0.4865409
2019-04-16 07:30:00,2.0088737,-1.3428097
2019-04-16 08:00:00,-4.098611,-2.5172276
2019-04-16 08:30:00,-9.811359,-4.0912833
2019-04-16 09:00:00,-10.2410145,-5.8657084
2019-04-16 09:30:00,-21.433218,-7.448118
2019-04-16 10:00:00,-24.100965,-8.915444
2019-04-16 10:30:00,-21.231874,-10.201652
2019-04-16 11:00:00,-16.836384,-11.404855
2019-04-16 11:30:00,-16.943256,-11.405921
2019-04-16 12:00:00,-17.987011,-12.228148
2019-04-16 12:30:00,-17.351624,-12.728696
2019-04-16 13:00:00,-14.471381,-12.679231
2019-04-16 13:30:00,-18.724707,-12.280803
2019-04-16 14:00:00,-16.46785,-13.205035
2019-04-16 14:30:00,-14.558944,-13.1567955
2019-04-16 15:00:00,-13.239679,-12.696214
2019-04-16 15:30:00,-12.332571,-11.411488
2019-04-16 16:00:00,-10.774057,-9.497681
2019-04-16 16:30:00,-9.087277,-7.4721675
2019-04-16 17:00:00,-8.154602,-5.3880086
2019-04-16 17:30:00,-5.488132,-3.1672635
2019-04-16 18:00:00,-1.8421032,-1.0139292
2019-04-16 18:30:00,-4.561442,0.8597715
2019-04-16 19:00:00,-7.280777,2.2542691
2019-04-16 19:30:00,-10.000111,3.189824
2019-04-16 20:00:00,4.6765494,3.42756
2019-04-16 20:30:00,4.4777927,3.2681053
2019-04-16 21:00:00,4.2790356,2.9218786
2019-04-16 21:30:00,-8.85115,2.4471319
2019-04-16 22:00:00,-3.1949782,1.794955
2019-04-16 22:30:00,-20.62817,1.1126865
2019-04-16 23:00:00,-38.061363,0.68606395
2019-04-16 23:30:00,-23.77513,0.2259241
2019-04-17 00:00:00,-9.48889,-0.14968643
2019-04-17 00:30:00,5.7826486,-0.48094377
2019-04-17 01:00:00,5.628734,-0.783228
2019-04-17 01:30:00,5.4748197,-0.7258236
2019-04-17 02:00:00,14.813853,-0.86348844
2019-04-17 02:30:00,24.15289,-0.63915765
2019-04-17 03:00:00,20.472338,-0.4033967
2019-04-17 03:30:00,16.791788,-0.09298547
2019-04-17 04:00:00,13.1112385,0.31369108
2019-04-17 04:30:00,9.430687,0.7743727
2019-04-17 05:00:00,5.7501316,0.98882
2019-04-17 05:30:00,2.0695813,0.98593193
2019-04-17 06:00:00,-1.6109694,0.7403268
2019-04-17 06:30:00,-5.29152,0.18417068
2019-04-17 07:00:00,-8.972071,-0.047876377
2019-04-17 07:30:00,-12.652621,-1.2316144
2019-04-17 08:00:00,-16.333172,-2.7156396
2019-04-17 08:30:00,-16.278362,-4.4207053
2019-04-17 09:00:00,-20.989925,-5.9709835
2019-04-17 09:30:00,-23.544725,-8.233918
2019-04-17 10:00:00,-23.407072,-10.043281
2019-04-17 10:30:00,-23.894135,-11.245282
2019-04-17 11:00:00,-22.642345,-11.163851
2019-04-17 11:30:00,-20.800888,-11.753908
2019-04-17 12:00:00,-20.788132,-12.417756
2019-04-17 12:30:00,-19.380302,-12.697473
2019-04-17 13:00:00,-18.677721,-12.003577
2019-04-17 13:30:00,-19.064493,-12.392562
2019-04-17 14:00:00,-16.531033,-12.1282
2019-04-17 14:30:00,-16.338264,-11.448958
2019-04-17 15:00:00,-11.988638,-10.641391
2019-04-17 15:30:00,-7.580278,-9.712329
2019-04-17 16:00:00,-12.769606,-8.326007
2019-04-17 16:30:00,-10.200336,-6.900535
2019-04-17 17:00:00,-10.499925,-5.183772
2019-04-17 17:30:00,-5.9973392,-3.1628199
2019-04-17 18:00:00,-2.022662,-1.0423169
2019-04-17 18:30:00,2.4732957,0.6278424
2019-04-17 19:00:00,3.9079561,1.8516691
2019-04-17 19:30:00,4.8171153,2.8159394
2019-04-17 20:00:00,4.2985053,3.9829383
2019-04-17 20:30:00,5.417166,4.6380424
2019-04-17 21:00:00,5.0490885,4.8020415
2019-04-17 21:30:00,2.1240845,4.3307033
2019-04-17 22:00:00,4.861945,4.021808
2019-04-17 22:30:00,4.942511,3.1409793
2019-04-17 23:00:00,2.4318218,1.9618158
2019-04-17 23:30:00,1.5451728,1.3036968
2019-04-18 00:00:00,0.9977029,1.0823109
2019-04-18 00:30:00,-0.12829413,1.2847731
2019-04-18 01:00:00,-1.2542956,1.2842662
2019-04-18 01:30:00,-2.3802924,1.2189665
2019-04-18 02:00:00,10.85695,1.5226532
2019-04-18 02:30:00,-2.1609516,2.170299
2019-04-18 03:00:00,-26.952639,2.4209027
2019-04-18 03:30:00,-27.11496,2.6815646
2019-04-18 04:00:00,-27.277279,2.6140234
2019-04-18 04:30:00,-27.4396,2.3171659
2019-04-18 05:00:00,-27.601921,1.8576026
2019-04-18 05:30:00,-27.764242,1.1768023
2019-04-18 06:00:00,-27.926561,0.18532418
2019-04-18 06:30:00,-28.088882,-1.0949762
2019-04-18 07:00:00,-28.251204,-2.6388965
2019-04-18 07:30:00,-28.413525,-4.5573263
2019-04-18 08:00:00,-11.077254,-6.336221
2019-04-18 08:30:00,-15.962472,-7.804836
2019-04-18 09:00:00,-17.26037,-9.45757
2019-04-18 09:30:00,-19.828419,-11.014318
2019-04-18 10:00:00,-21.916616,-12.338784
2019-04-18 10:30:00,-18.697754,-13.395669
2019-04-18 11:00:00,-18.591787,-14.23842
2019-04-18 11:30:00,-17.375929,-14.724483
2019-04-18 12:00:00,-14.257362,-15.122311
2019-04-18 12:30:00,-13.414761,-15.257763
2019-04-18 13:00:00,-14.3301735,-15.061294
2019-04-18 13:30:00,-14.013826,-14.717802
2019-04-18 14:00:00,-14.270746,-13.877721
2019-04-18 14:30:00,-11.992348,-12.541932
2019-04-18 15:00:00,-10.013739,-10.489364
2019-04-18 15:30:00,-11.714615,-7.6849847
2019-04-18 16:00:00,-11.212944,-5.0500135
2019-04-18 16:30:00,-8.796467,-2.624412
2019-04-18 17:00:00,-7.057534,-0.19763996
2019-04-18 17:30:00,-3.1250296,2.33581
2019-04-18 18:00:00,-1.1098276,4.733443
2019-04-18 18:30:00,0.9706348,6.8318586
2019-04-18 19:00:00,2.6492796,8.302592
2019-04-18 19:30:00,2.135934,9.105337
2019-04-18 20:00:00,1.6225932,9.322918
2019-04-18 20:30:00,2.662641,9.224607
2019-04-18 21:00:00,2.148234,8.844623
2019-04-18 21:30:00,6.2345304,8.14873
2019-04-18 22:00:00,5.243179,7.361576
2019-04-18 22:30:00,5.655575,6.4235744
2019-04-18 23:00:00,3.4428833,5.3896565
2019-04-18 23:30:00,5.9521704,4.3892174
2019-04-19 00:00:00,5.4805217,3.4718432
2019-04-19 00:30:00,7.840954,2.6560085
2019-04-19 01:00:00,6.149302,2.0093455
2019-04-19 01:30:00,7.60937,1.4898001
2019-04-19 02:00:00,9.788401,1.6299118
2019-04-19 02:30:00,5.593801,1.2871937
2019-04-19 03:00:00,5.981423,0.5023287
2019-04-19 03:30:00,5.4902344,0.027529739
2019-04-19 04:00:00,5.0973654,-0.36962605
2019-04-19 04:30:00,3.1295402,-0.58334804
2019-04-19 05:00:00,6.056475,-0.86275005
2019-04-19 05:30:00,6.098517,-1.4978864
2019-04-19 06:00:00,5.9005113,-2.0925584
2019-04-19 06:30:00,2.9791389,-2.909918
2019-04-19 07:00:00,0.74460876,-4.106624
2019-04-19 07:30:00,-1.9014782,-5.3556404
2019-04-19 08:00:00,-5.7414618,-6.126681
2019-04-19 08:30:00,-8.76076,-7.155014
2019-04-19 09:00:00,-10.328344,-8.129386
2019-04-19 09:30:00,-15.973123,-9.742621
2019-04-19 10:00:00,-19.66175,-11.193055
2019-04-19 10:30:00,-24.726028,-12.577639
2019-04-19 11:00:00,-29.330309,-14.177128
2019-04-19 11:30:00,-25.418617,-15.242527
2019-04-19 12:00:00,-27.677603,-15.897632
2019-04-19 12:30:00,-24.801199,-16.153036
2019-04-19 13:00:00,-23.862307,-16.230328
2019-04-19 13:30:00,-24.568579,-15.179979
2019-04-19 14:00:00,-24.730198,-14.588244
2019-04-19 14:30:00,-19.731638,-13.397196
2019-04-19 15:00:00,-21.015554,-10.84363
2019-04-19 15:30:00,-17.78455,-8.983453
2019-04-19 16:00:00,-18.221256,-6.8314033
2019-04-19 16:30:00,-14.169679,-5.196347
2019-04-19 17:00:00,-10.930903,-3.05616
2019-04-19 17:30:00,-7.505405,-0.68594897
2019-04-19 18:00:00,-2.4009638,1.2893347
2019-04-19 18:30:00,2.0241096,2.9058342
2019-04-19 19:00:00,5.0759816,4.11245
2019-04-19 19:30:00,5.7282066,4.7685986
2019-04-19 20:00:00,4.6213164,4.941524
2019-04-19 20:30:00,5.14001,4.8408804
2019-04-19 21:00:00,6.910262,4.540676
2019-04-19 21:30:00,6.040322,4.2556205
2019-04-19 22:00:00,4.9860387,3.920636
2019-04-19 22:30:00,4.225188,3.6384945
2019-04-19 23:00:00,4.4259152,3.3343575
2019-04-19 23:30:00,4.425863,3.1188397
2019-04-20 00:00:00,3.7590446,2.8835812
2019-04-20 00:30:00,4.464676,2.7852404
2019-04-20 01:00:00,4.571585,2.6830022
2019-04-20 01:30:00,4.971358,2.7416694
2019-04-20 02:00:00,4.29778,2.901063
2019-04-20 02:30:00,3.4136393,2.9064066
2019-04-20 03:00:00,7.4472237,3.031903
2019-04-20 03:30:00,5.1271596,3.136824
2019-04-20 04:00:00,2.9773605,3.1854024
2019-04-20 04:30:00,4.6195602,3.0845928
2019-04-20 05:00:00,3.385208,3.0358267
2019-04-20 05:30:00,4.784289,2.7561493
2019-04-20 06:00:00,4.7182765,2.3162613
2019-04-20 06:30:00,3.6275797,1.5632532
2019-04-20 07:00:00,3.2977338,0.67574793
2019-04-20 07:30:00,1.6900734,-0.35401002
2019-04-20 08:00:00,1.3124923,-1.622168
2019-04-20 08:30:00,-0.3185921,-2.932359
2019-04-20 09:00:00,-2.868916,-4.201618
2019-04-20 09:30:00,-6.4524198,-5.897238
2019-04-20 10:00:00,-4.592312,-7.8651676
2019-04-20 10:30:00,-5.391954,-10.126831
2019-04-20 11:00:00,-10.204683,-12.555172
2019-04-20 11:30:00,-11.174241,-13.879065
2019-04-20 12:00:00,-16.093277,-15.651904
2019-04-20 12:30:00,-10.20603,-17.143993
2019-04-20 13:00:00,-8.107256,-18.203838
2019-04-20 13:30:00,-14.805492,-18.880314
2019-04-20 14:00:00,-15.995127,-19.355495
2019-04-20 14:30:00,-7.182755,-18.956417
2019-04-20 15:00:00,-7.5972266,-18.350502
2019-04-20 15:30:00,-7.6724973,-17.00108
2019-04-20 16:00:00,-7.879779,-14.991263
2019-04-20 16:30:00,-4.6525826,-12.490981
2019-04-20 17:00:00,-1.9669877,-9.237718
2019-04-20 17:30:00,-0.6014983,-5.8714104
2019-04-20 18:00:00,2.3961897,-2.5035298
2019-04-20 18:30:00,3.2419024,0.5441521
2019-04-20 19:00:00,3.5612051,3.050984
2019-04-20 19:30:00,3.1661642,4.856291
2019-04-20 20:00:00,2.3347132,6.0190735
2019-04-20 20:30:00,3.2393768,6.725033
2019-04-20 21:00:00,4.0289564,7.090751
2019-04-20 21:30:00,3.0102746,7.1592927
2019-04-20 22:00:00,4.4830184,7.069232
2019-04-20 22:30:00,2.6867118,6.882185
2019-04-20 23:00:00,0.57099295,6.626246
2019-04-20 23:30:00,-1.5447258,6.309141
2019-04-21 00:00:00,3.9185169,5.950488
2019-04-21 00:30:00,-0.7923512,5.580894
2019-04-21 01:00:00,1.8238363,5.219803
2019-04-21 01:30:00,4.4400196,4.913206
2019-04-21 02:00:00,1.7643085,4.5904517
2019-04-21 02:30:00,2.1953878,4.3376327
2019-04-21 03:00:00,2.6264715,4.2769384
2019-04-21 03:30:00,2.0239828,4.0978084
2019-04-21 04:00:00,1.0234777,4.105302
2019-04-21 04:30:00,3.1452131,4.137779
2019-04-21 05:00:00,4.153557,3.9477959
2019-04-21 05:30:00,3.0538938,3.672444
2019-04-21 06:00:00,4.7200594,3.114405
2019-04-21 06:30:00,4.4210176,2.1618006
2019-04-21 07:00:00,4.1219754,0.8794554
2019-04-21 07:30:00,3.822933,-0.8464961
2019-04-21 08:00:00,3.523891,-2.755252
2019-04-21 08:30:00,3.2248487,-4.9654098
2019-04-21 09:00:00,2.9258065,-7.3407636
2019-04-21 09:30:00,2.6267688,-9.820287
2019-04-21 10:00:00,2.3277266,-11.67578
2019-04-21 10:30:00,2.0286841,-13.236096
2019-04-21 11:00:00,1.729642,-15.054399
2019-04-21 11:30:00,1.4305999,-16.299465
2019-04-21 12:00:00,1.1315577,-17.89758
2019-04-21 12:30:00,0.83251995,-17.806473
2019-04-21 13:00:00,0.5334777,-17.247593
2019-04-21 13:30:00,0.23443559,-17.68049
2019-04-21 14:00:00,9.433789,-17.760185
2019-04-21 14:30:00,3.5086899,-16.143026
2019-04-21 15:00:00,-2.4164095,-14.897115
2019-04-21 15:30:00,1.6117965,-13.899491
2019-04-21 16:00:00,0.4053992,-12.934951
2019-04-21 16:30:00,-0.8010025,-11.400669
2019-04-21 17:00:00,-2.0073998,-9.630945
2019-04-21 17:30:00,1.4713135,-7.7680507
2019-04-21 18:00:00,3.3474743,-5.5834446
2019-04-21 18:30:00,5.2236347,-3.3489146
2019-04-21 19:00:00,5.338741,-1.1421345
2019-04-21 19:30:00,5.782194,0.9604368
2019-04-21 20:00:00,5.6050086,2.8346708
2019-04-21 20:30:00,4.589866,4.3503695
2019-04-21 21:00:00,5.0184197,5.4175243
2019-04-21 21:30:00,3.9393454,6.036835
2019-04-21 22:00:00,3.7614214,6.3635526
2019-04-21 22:30:00,4.8469844,6.401819
2019-04-21 23:00:00,5.7433333,6.2379513
2019-04-21 23:30:00,3.23007,5.9321938
2019-04-22 00:00:00,4.8581963,5.672261
2019-04-22 00:30:00,5.0674963,5.1646004
2019-04-22 01:00:00,5.3866243,4.796689
2019-04-22 01:30:00,5.7057524,4.467918
2019-04-22 02:00:00,4.062644,4.0838614
2019-04-22 02:30:00,5.005976,3.8203683
2019-04-22 03:00:00,5.8846946,3.6368732
2019-04-22 03:30:00,5.4718003,3.5569057
2019-04-22 04:00:00,4.565962,3.5915852
2019-04-22 04:30:00,4.4483128,3.737578
2019-04-22 05:00:00,6.184117,3.8804598
2019-04-22 05:30:00,5.0123377,3.7357035
2019-04-22 06:00:00,6.839208,3.3333178
2019-04-22 06:30:00,5.1376157,2.46502
2019-04-22 07:00:00,2.8562467,1.2543275
2019-04-22 07:30:00,1.3767041,-0.22334044
2019-04-22 08:00:00,1.1293075,-1.872326
2019-04-22 08:30:00,-0.5744827,-3.5882585
2019-04-22 09:00:00,-1.4919354,-5.2830043
2019-04-22 09:30:00,-2.8283556,-6.876836
2019-04-22 10:00:00,-4.719464,-8.2223835
2019-04-22 10:30:00,-4.9609313,-9.302091
2019-04-22 11:00:00,-4.208714,-10.056703
2019-04-22 11:30:00,-5.959955,-10.684604
2019-04-22 12:00:00,-9.455586,-11.210725
2019-04-22 12:30:00,-3.9025016,-11.446861
2019-04-22 13:00:00,-3.8930025,-11.443624
2019-04-22 13:30:00,-4.458409,-11.229203
2019-04-22 14:00:00,-2.21431,-10.049682
2019-04-22 14:30:00,-1.9286424,-9.344526
2019-04-22 15:00:00,-8.061618,-8.83694
2019-04-22 15:30:00,-4.847643,-7.7213554
2019-04-22 16:00:00,0.1190762,-6.7873516
2019-04-22 16:30:00,-0.45616522,-5.785955
2019-04-22 17:00:00,0.78363574,-4.740856
2019-04-22 17:30:00,2.023441,-3.3937528
2019-04-22 18:00:00,2.2080808,-2.0368972
2019-04-22 18:30:00,5.7905917,-0.7428815
2019-04-22 19:00:00,5.322653,0.36816806
2019-04-22 19:30:00,12.691925,1.4153945
2019-04-22 20:00:00,13.252708,2.3516006
2019-04-22 20:30:00,13.813488,3.1323235
2019-04-22 21:00:00,14.374267,3.817786
2019-04-22 21:30:00,13.004232,4.241656
2019-04-22 22:00:00,6.4701996,4.4860682
2019-04-22 22:30:00,1.8564929,4.631152
2019-04-22 23:00:00,46.589184,4.679739
2019-04-22 23:30:00,4.226481,4.566071
2019-04-23 00:00:00,4.251841,4.510493
2019-04-23 00:30:00,4.068958,4.4270034
2019-04-23 01:00:00,9.053464,4.3475165
2019-04-23 01:30:00,14.037975,4.3026695
2019-04-23 02:00:00,9.669952,4.220722
2019-04-23 02:30:00,5.301929,4.2422237
2019-04-23 03:00:00,24.879038,4.292672
2019-04-23 03:30:00,3.5500326,4.27762
2019-04-23 04:00:00,2.8395164,4.1952972
2019-04-23 04:30:00,4.352519,4.0488105
2019-04-23 05:00:00,4.1149974,3.8717473
2019-04-23 05:30:00,3.938192,3.4556417
2019-04-23 06:00:00,3.7321424,2.9874623
2019-04-23 06:30:00,2.9137297,2.2265236
2019-04-23 07:00:00,2.173825,1.2479045
2019-04-23 07:30:00,0.9802081,0.13835374
2019-04-23 08:00:00,-0.8970188,-0.9754834
2019-04-23 08:30:00,-1.2982336,-2.1645913
2019-04-23 09:00:00,-1.6981945,-3.2537415
2019-04-23 09:30:00,-2.1484685,-4.1136107
2019-04-23 10:00:00,-2.2959685,-5.1824484
2019-04-23 10:30:00,-5.4713974,-5.9756894
2019-04-23 11:00:00,-3.1904166,-6.034422
2019-04-23 11:30:00,-6.9736733,-6.4299045
2019-04-23 12:00:00,-4.264427,-6.6958575
2019-04-23 12:30:00,-4.217212,-6.583028
2019-04-23 13:00:00,-6.5377965,-6.4196277
2019-04-23 13:30:00,-10.634264,-5.889408
2019-04-23 14:00:00,-11.74409,-5.1231346
2019-04-23 14:30:00,-10.071266,-4.8704333
2019-04-23 15:00:00,-5.6822224,-5.251807
2019-04-23 15:30:00,-4.876756,-4.8817587
2019-04-23 16:00:00,-8.064703,-3.8663888
2019-04-23 16:30:00,-4.7900987,-3.178379
2019-04-23 17:00:00,-2.2560897,-2.4452734
2019-04-23 17:30:00,-1.7342416,-1.616868
2019-04-23 18:00:00,0.9680613,-0.88583326
2019-04-23 18:30:00,2.251499,0.17092283
2019-04-23 19:00:00,3.534941,1.0288345
2019-04-23 19:30:00,11.460361,2.198455
2019-04-23 20:00:00,19.385784,3.0931218
2019-04-23 20:30:00,4.395356,3.7468584
2019-04-23 21:00:00,9.414887,4.286363
2019-04-23 21:30:00,14.434423,4.6635594
2019-04-23 22:00:00,-0.65526307,4.7226415
2019-04-23 22:30:00,17.54115,4.6198134
2019-04-23 23:00:00,-32.734936,6.371199
2019-04-23 23:30:00,-33.87075,5.3851914
2019-04-24 00:00:00,-35.006565,5.122384
2019-04-24 00:30:00,-36.14238,4.906128
2019-04-24 01:00:00,-37.278194,4.9260693
2019-04-24 01:30:00,-1.7822214,5.0526886
2019-04-24 02:00:00,-11.7118845,4.882791
2019-04-24 02:30:00,-4.535488,4.610909
2019-04-24 03:00:00,-14.128635,5.313691
2019-04-24 03:30:00,-23.721786,4.6214824
2019-04-24 04:00:00,-33.314934,4.3365755
2019-04-24 04:30:00,-28.492624,4.1755652
2019-04-24 05:00:00,-23.670317,3.9790277
2019-04-24 05:30:00,-18.84801,3.7335625
2019-04-24 06:00:00,-14.0257,3.4303215
2019-04-24 06:30:00,-10.815055,3.0267384
2019-04-24 07:00:00,-12.845497,2.5666685
2019-04-24 07:30:00,-14.875939,2.0131338
2019-04-24 08:00:00,-16.906382,1.3089399
2019-04-24 08:30:00,-18.936825,0.6158355
2019-04-24 09:00:00,-10.926429,-0.089730315
2019-04-24 09:30:00,-14.442053,-0.7882746
2019-04-24 10:00:00,-28.257614,-1.545923
2019-04-24 10:30:00,-23.47779,-2.384216
2019-04-24 11:00:00,-20.423908,-2.9466817
2019-04-24 11:30:00,-17.502794,-3.7957149
2019-04-24 12:00:00,-20.028536,-4.0135307
2019-04-24 12:30:00,-14.782212,-4.129432
2019-04-24 13:00:00,-15.109393,-4.491642
2019-04-24 13:30:00,-15.400478,-5.2278023
2019-04-24 14:00:00,-5.5181713,-6.088641
2019-04-24 14:30:00,-19.974113,-6.450982
2019-04-24 15:00:00,-17.101519,-6.0765295
2019-04-24 15:30:00,-17.954618,-5.7528133
2019-04-24 16:00:00,-11.631785,-5.768176
2019-04-24 16:30:00,-11.338096,-5.2450347
2019-04-24 17:00:00,-8.669756,-4.3413496
2019-04-24 17:30:00,-5.692005,-3.448435
2019-04-24 18:00:00,-2.39815,-2.2934823
2019-04-24 18:30:00,-0.6447286,-1.0725746
2019-04-24 19:00:00,-2.799911,0.16214482
2019-04-24 19:30:00,12.500627,1.6976717
2019-04-24 20:00:00,2.9066164,3.3262131
2019-04-24 20:30:00,-12.503102,3.7169547
2019-04-24 21:00:00,-8.12233,4.3252063
2019-04-24 21:30:00,1.8912203,4.992763
2019-04-24 22:00:00,8.865193,4.765282
2019-04-24 22:30:00,6.584759,5.34661
2019-04-24 23:00:00,5.453095,3.7028985
2019-04-24 23:30:00,6.0956244,2.5454247
