时间,真实值,预测值
2018-07-25 23:30:00,0.88892376,-1.2996712
2018-07-26 00:00:00,-11.057951,-22.766588
2018-07-26 00:30:00,1.3748908,2.916998
2018-07-26 01:00:00,0.28133175,3.9734352
2018-07-26 01:30:00,-12.5393505,5.187885
2018-07-26 02:00:00,7.113878,2.2893286
2018-07-26 02:30:00,0.49040475,4.636762
2018-07-26 03:00:00,-1.0267751,1.2393538
2018-07-26 03:30:00,15.357971,7.6016583
2018-07-26 04:00:00,2.2899272,3.5670512
2018-07-26 04:30:00,-1.9395264,2.3245676
2018-07-26 05:00:00,0.4123246,0.5689568
2018-07-26 05:30:00,-2.0721273,1.6188049
2018-07-26 06:00:00,-9.077534,-1.0122908
2018-07-26 06:30:00,-2.2799027,0.7870307
2018-07-26 07:00:00,-32.98018,4.6717257
2018-07-26 07:30:00,1.5789915,0.12194686
2018-07-26 08:00:00,3.7413313,3.9188619
2018-07-26 08:30:00,-13.86599,-11.066725
2018-07-26 09:00:00,-6.5153995,-2.506383
2018-07-26 09:30:00,9.884479,0.08627555
2018-07-26 10:00:00,-14.677049,-1.6413844
2018-07-26 10:30:00,-41.11785,-9.586583
2018-07-26 11:00:00,-12.325886,-8.645956
2018-07-26 11:30:00,4.6933713,3.9219248
2018-07-26 12:00:00,0.9097393,1.5021173
2018-07-26 12:30:00,3.6661873,2.3262758
2018-07-26 13:00:00,-28.772469,-13.857227
2018-07-26 13:30:00,-0.052922968,1.5468069
2018-07-26 14:00:00,2.0874999,2.9565842
2018-07-26 14:30:00,0.52170235,3.3464563
2018-07-26 15:00:00,-2.6022508,3.6350381
2018-07-26 15:30:00,2.1628318,4.751414
2018-07-26 16:00:00,1.4904512,6.2327347
2018-07-26 16:30:00,-2.983996,0.7837406
2018-07-26 17:00:00,-12.127252,1.2730327
2018-07-26 17:30:00,2.0663261,2.294502
2018-07-26 18:00:00,1.0515944,2.7987373
2018-07-26 18:30:00,-2.316155,-1.1689929
2018-07-26 19:00:00,-2.204479,3.6073453
2018-07-26 19:30:00,38.84367,3.1165807
2018-07-26 20:00:00,-7.644481,4.117047
2018-07-26 20:30:00,32.687588,5.748148
2018-07-26 21:00:00,3.7273843,4.9124064
2018-07-26 21:30:00,2.5259635,-2.3023915
2018-07-26 22:00:00,1.4155432,1.0791562
2018-07-26 22:30:00,-4.282595,1.3404211
2018-07-26 23:00:00,3.0448537,5.920593
2018-07-26 23:30:00,-1.1738997,0.90771633
2018-07-27 00:00:00,42.391376,8.01835
2018-07-27 00:30:00,-1.103964,6.180416
2018-07-27 01:00:00,-12.559065,0.43875042
2018-07-27 01:30:00,-17.460245,-10.663011
2018-07-27 02:00:00,-3.252505,-7.850976
2018-07-27 02:30:00,-10.052796,-4.4645696
2018-07-27 03:00:00,-1.5798684,2.153075
2018-07-27 03:30:00,2.1683023,3.322154
2018-07-27 04:00:00,0.8231695,2.6303384
2018-07-27 04:30:00,-1.3890505,2.3483717
2018-07-27 05:00:00,-8.504167,-7.282245
2018-07-27 05:30:00,-3.9952278,0.4354996
2018-07-27 06:00:00,-1.9767619,-1.3697467
2018-07-27 06:30:00,3.688436,4.462679
2018-07-27 07:00:00,3.9332852,5.1045485
2018-07-27 07:30:00,18.07413,5.348231
2018-07-27 08:00:00,4.4492564,2.9921243
2018-07-27 08:30:00,1.7234944,3.1590507
2018-07-27 09:00:00,2.2419782,2.7562847
2018-07-27 09:30:00,-6.4171896,3.643375
2018-07-27 10:00:00,2.2279305,3.0862489
2018-07-27 10:30:00,-0.03620586,1.518511
2018-07-27 11:00:00,4.4830184,4.3836026
2018-07-27 11:30:00,6.6956096,3.2206936
2018-07-27 12:00:00,-4.985675,5.9817505
2018-07-27 12:30:00,-6.8417935,-5.6596985
2018-07-27 13:00:00,-13.416297,-3.760782
2018-07-27 13:30:00,0.48477706,3.4060934
2018-07-27 14:00:00,19.911503,7.2393436
2018-07-27 14:30:00,1.9189439,4.7364354
2018-07-27 15:00:00,-3.389567,2.3820636
2018-07-27 15:30:00,-5.6133614,-3.2837765
2018-07-27 16:00:00,-10.015722,-4.7704325
2018-07-27 16:30:00,-25.675201,-19.276463
2018-07-27 17:00:00,1.9353377,0.32077816
2018-07-27 17:30:00,0.017759888,2.2378578
2018-07-27 18:00:00,3.135417,1.3775998
2018-07-27 18:30:00,1.6276135,3.802148
2018-07-27 19:00:00,0.39041236,3.918744
2018-07-27 19:30:00,-9.9117365,-8.95219
2018-07-27 20:00:00,-18.938633,-8.250491
2018-07-27 20:30:00,0.28688517,2.3766937
2018-07-27 21:00:00,2.3335726,1.8265454
2018-07-27 21:30:00,-0.8626714,1.0150317
2018-07-27 22:00:00,2.1410813,2.907962
2018-07-27 22:30:00,11.768705,3.432716
2018-07-27 23:00:00,-27.748947,-9.78631
2018-07-27 23:30:00,-1.2421532,0.9830307
2018-07-28 00:00:00,3.4714632,3.5149512
2018-07-28 00:30:00,-27.270323,7.835073
2018-07-28 01:00:00,-0.30488986,1.3363925
2018-07-28 01:30:00,-33.191032,2.752204
2018-07-28 02:00:00,-9.261976,-3.9791791
2018-07-28 02:30:00,0.23279709,1.0996834
2018-07-28 03:00:00,0.36523184,-0.5718829
2018-07-28 03:30:00,-2.9596717,-1.8123873
2018-07-28 04:00:00,0.7320207,1.5766933
2018-07-28 04:30:00,-0.6256957,1.4393997
2018-07-28 05:00:00,-5.961738,-12.465605
2018-07-28 05:30:00,2.34471,1.6917686
2018-07-28 06:00:00,1.438775,0.32527858
2018-07-28 06:30:00,2.6468065,2.243538
2018-07-28 07:00:00,-6.902169,0.6145203
2018-07-28 07:30:00,-1.8223712,4.385604
2018-07-28 08:00:00,1.0687485,3.2259192
2018-07-28 08:30:00,-3.2824087,-0.7616697
2018-07-28 09:00:00,-2.4855194,2.342661
2018-07-28 09:30:00,0.7419915,2.8328357
2018-07-28 10:00:00,1.6306459,2.616728
2018-07-28 10:30:00,-3.7212262,2.190918
2018-07-28 11:00:00,3.1308422,7.455993
2018-07-28 11:30:00,2.6666784,14.042401
2018-07-28 12:00:00,-3.039268,-5.8885036
2018-07-28 12:30:00,8.652166,1.2310607
2018-07-28 13:00:00,-13.333854,-5.2448163
2018-07-28 13:30:00,-2.416025,4.142328
2018-07-28 14:00:00,-0.3310972,0.37616393
2018-07-28 14:30:00,-11.01046,-2.4763436
2018-07-28 15:00:00,4.5559034,5.15882
2018-07-28 15:30:00,0.059705578,1.1172613
2018-07-28 16:00:00,1.2375231,4.9182878
2018-07-28 16:30:00,4.7335563,7.2344065
2018-07-28 17:00:00,2.1240845,3.3178065
2018-07-28 17:30:00,0.5292919,1.5047739
2018-07-28 18:00:00,-4.9473906,2.7265558
2018-07-28 18:30:00,11.67133,-4.039188
2018-07-28 19:00:00,-1.5982983,5.6011634
2018-07-28 19:30:00,1.4185624,2.9317663
2018-07-28 20:00:00,0.9475647,4.709385
2018-07-28 20:30:00,3.6361043,12.192138
2018-07-28 21:00:00,1.5719393,1.432885
2018-07-28 21:30:00,31.716816,20.515451
2018-07-28 22:00:00,3.111045,3.6456687
2018-07-28 22:30:00,-3.6927993,0.6203665
2018-07-28 23:00:00,-12.460812,-8.458039
2018-07-28 23:30:00,-13.46671,-7.227567
2018-07-29 00:00:00,-38.675457,4.1662498
2018-07-29 00:30:00,-9.838559,1.5083305
2018-07-29 01:00:00,-2.0313,3.3072326
2018-07-29 01:30:00,-0.12967922,5.365726
2018-07-29 02:00:00,-0.0005651347,0.7895824
2018-07-29 02:30:00,4.784289,-1.9054674
2018-07-29 03:00:00,4.1612773,2.6801271
2018-07-29 03:30:00,1.3493651,2.3786337
2018-07-29 04:00:00,0.5770226,7.039713
2018-07-29 04:30:00,-11.759514,-7.010105
2018-07-29 05:00:00,-20.499435,-7.577779
2018-07-29 05:30:00,0.9353655,0.91011506
2018-07-29 06:00:00,-11.032906,9.05824
2018-07-29 06:30:00,-0.16808572,-0.67638445
2018-07-29 07:00:00,5.0566955,5.901617
2018-07-29 07:30:00,3.1550047,0.3418646
2018-07-29 08:00:00,0.84646684,5.2409506
2018-07-29 08:30:00,-5.3713,3.289065
2018-07-29 09:00:00,2.595423,5.206332
2018-07-29 09:30:00,0.26188818,1.9781921
2018-07-29 10:00:00,-13.119328,-17.129784
2018-07-29 10:30:00,15.344466,2.2481694
2018-07-29 11:00:00,-14.986907,2.0747154
2018-07-29 11:30:00,-8.054137,5.7085752
2018-07-29 12:00:00,-4.1400976,0.43252409
2018-07-29 12:30:00,1.9300901,-0.20729621
2018-07-29 13:00:00,-8.947406,-4.3952365
2018-07-29 13:30:00,-10.105836,-0.3829132
2018-07-29 14:00:00,2.2292414,7.008406
2018-07-29 14:30:00,2.4072006,3.161821
2018-07-29 15:00:00,-3.712776,0.8963953
2018-07-29 15:30:00,-16.873852,-4.735456
2018-07-29 16:00:00,-26.728302,-16.014406
2018-07-29 16:30:00,0.6661747,1.360201
2018-07-29 17:00:00,-5.676988,-6.9701996
2018-07-29 17:30:00,-0.9765889,1.4734151
2018-07-29 18:00:00,0.92840075,0.13412859
2018-07-29 18:30:00,5.4902344,1.4281006
2018-07-29 19:00:00,0.900153,2.1986735
2018-07-29 19:30:00,-24.587427,-14.511024
2018-07-29 20:00:00,1.044232,0.674258
2018-07-29 20:30:00,-0.19310021,1.8937021
2018-07-29 21:00:00,-32.353584,5.097308
2018-07-29 21:30:00,-20.747736,-5.67361
2018-07-29 22:00:00,4.1892896,3.289978
2018-07-29 22:30:00,0.05378075,0.7047822
2018-07-29 23:00:00,5.005976,5.8577747
2018-07-29 23:30:00,0.6786448,4.570606
2018-07-30 00:00:00,4.3625207,0.1966102
2018-07-30 00:30:00,9.559762,0.97621447
2018-07-30 01:00:00,31.991167,13.787018
2018-07-30 01:30:00,2.0734046,2.2218616
2018-07-30 02:00:00,3.5558746,1.8248632
2018-07-30 02:30:00,-6.3439813,7.1738033
2018-07-30 03:00:00,-1.4759218,3.873386
2018-07-30 03:30:00,15.033862,2.654479
2018-07-30 04:00:00,1.865166,-1.5468537
2018-07-30 04:30:00,27.67714,1.3710982
2018-07-30 05:00:00,-1.7440027,-0.19157094
2018-07-30 05:30:00,12.649123,11.007552
2018-07-30 06:00:00,2.402202,0.73782754
2018-07-30 06:30:00,50.94625,-19.435059
2018-07-30 07:00:00,-22.50214,-16.376917
2018-07-30 07:30:00,31.109888,2.627184
2018-07-30 08:00:00,-6.8403864,-3.356679
2018-07-30 08:30:00,-1.7021575,0.7604651
2018-07-30 09:00:00,2.4862158,-5.9092402
2018-07-30 09:30:00,-3.6559482,2.84486
2018-07-30 10:00:00,2.6489563,3.8072603
2018-07-30 10:30:00,11.606559,7.852983
2018-07-30 11:00:00,7.151118,0.46046603
2018-07-30 11:30:00,-23.204947,-12.6503315
2018-07-30 12:00:00,-9.953106,3.4734206
2018-07-30 12:30:00,4.206631,3.1940143
2018-07-30 13:00:00,0.9417185,1.5631046
2018-07-30 13:30:00,13.1903715,8.156115
2018-07-30 14:00:00,0.7073601,2.7603047
2018-07-30 14:30:00,1.5338038,3.956552
2018-07-30 15:00:00,-0.49633697,-0.89652944
2018-07-30 15:30:00,2.837406,3.4716597
2018-07-30 16:00:00,-17.206244,-10.225027
2018-07-30 16:30:00,-26.362072,-19.085129
2018-07-30 17:00:00,20.475708,4.0018444
2018-07-30 17:30:00,1.9665872,3.119115
2018-07-30 18:00:00,-6.123561,4.5077443
2018-07-30 18:30:00,-6.3007336,-2.1366012
2018-07-30 19:00:00,1.0940338,2.144865
2018-07-30 19:30:00,-20.546167,-16.17958
2018-07-30 20:00:00,3.898903,1.30499
2018-07-30 20:30:00,-1.4884442,4.4989142
2018-07-30 21:00:00,-0.26136246,1.3494656
2018-07-30 21:30:00,1.1832165,0.95459497
2018-07-30 22:00:00,-13.554914,-2.2482204
2018-07-30 22:30:00,-4.4822607,3.206196
2018-07-30 23:00:00,0.8149071,4.050226
2018-07-30 23:30:00,-1.0004673,2.0703635
2018-07-31 00:00:00,3.2201211,0.7581144
2018-07-31 00:30:00,-2.4268696,4.2284255
2018-07-31 01:00:00,-16.204754,8.897981
2018-07-31 01:30:00,-3.7929447,1.7267408
2018-07-31 02:00:00,0.59363925,-0.24599984
2018-07-31 02:30:00,16.152035,-0.26734844
2018-07-31 03:00:00,-4.3523865,0.6772422
2018-07-31 03:30:00,-19.478647,-7.031183
2018-07-31 04:00:00,5.957737,4.8309097
2018-07-31 04:30:00,4.9230065,4.276458
2018-07-31 05:00:00,-1.8242457,-1.6599759
2018-07-31 05:30:00,27.210073,-0.10028665
2018-07-31 06:00:00,1.9911647,2.4246955
2018-07-31 06:30:00,-11.435195,4.662323
2018-07-31 07:00:00,1.0401905,-0.8703658
2018-07-31 07:30:00,2.734486,3.7267683
2018-07-31 08:00:00,12.67697,3.6117322
2018-07-31 08:30:00,-4.631155,-0.7429995
2018-07-31 09:00:00,0.7835745,2.2773347
2018-07-31 09:30:00,2.9298482,4.716778
2018-07-31 10:00:00,9.372947,6.2006288
2018-07-31 10:30:00,3.617941,1.9505867
2018-07-31 11:00:00,3.3857322,5.2398624
2018-07-31 11:30:00,2.3361988,5.061541
2018-07-31 12:00:00,-2.919395,-2.024593
2018-07-31 12:30:00,-0.17764148,2.198302
2018-07-31 13:00:00,2.947614,3.2277763
2018-07-31 13:30:00,15.122866,2.7966838
2018-07-31 14:00:00,7.9915695,10.453144
2018-07-31 14:30:00,6.026921,0.6610014
2018-07-31 15:00:00,1.7951342,0.3870174
2018-07-31 15:30:00,-6.635661,-0.3459573
2018-07-31 16:00:00,-1.6500968,5.4674006
2018-07-31 16:30:00,0.26041132,2.5113919
2018-07-31 17:00:00,-9.010766,-3.77867
2018-07-31 17:30:00,-26.597536,-22.347918
2018-07-31 18:00:00,2.161355,3.739256
2018-07-31 18:30:00,2.0849133,2.1161847
2018-07-31 19:00:00,13.5728855,11.028359
2018-07-31 19:30:00,-22.212303,-17.352818
2018-07-31 20:00:00,2.6759632,2.8385682
2018-07-31 20:30:00,-14.418648,-0.40040806
2018-07-31 21:00:00,4.3227377,2.4310133
2018-07-31 21:30:00,4.759239,0.17942557
2018-07-31 22:00:00,3.838051,3.9501815
2018-07-31 22:30:00,-13.591359,3.1848955
2018-07-31 23:00:00,8.596544,2.3480396
2018-07-31 23:30:00,40.445522,24.499876
2018-08-01 00:00:00,-8.921959,-6.145499
2018-08-01 00:30:00,3.6595895,1.5984176
2018-08-01 01:00:00,0.8174457,2.3720274
2018-08-01 01:30:00,-0.163629,2.748455
2018-08-01 02:00:00,1.0048468,0.8709002
2018-08-01 02:30:00,2.5493484,2.0201116
2018-08-01 03:00:00,-4.2205896,-3.3342204
2018-08-01 03:30:00,-18.677721,-12.619895
2018-08-01 04:00:00,15.269519,0.18126944
2018-08-01 04:30:00,-0.5863848,1.5325192
2018-08-01 05:00:00,3.7288785,2.421864
2018-08-01 05:30:00,2.3557515,3.3451586
2018-08-01 06:00:00,0.540342,-3.1395226
2018-08-01 06:30:00,1.5369104,2.4699442
2018-08-01 07:00:00,2.6439228,4.3454757
2018-08-01 07:30:00,1.7752318,1.0745509
2018-08-01 08:00:00,2.8231838,-2.0539944
2018-08-01 08:30:00,0.8509236,1.2699043
2018-08-01 09:00:00,3.5550313,4.766226
2018-08-01 09:30:00,5.761868,8.997882
2018-08-01 10:00:00,-1.5158356,0.513689
2018-08-01 10:30:00,-1.9747171,-0.83963186
2018-08-01 11:00:00,0.4979943,2.739524
2018-08-01 11:30:00,29.95452,9.998929
2018-08-01 12:00:00,-2.5069118,2.005658
2018-08-01 12:30:00,-7.7775583,-8.789847
2018-08-01 13:00:00,0.008562421,3.7387009
2018-08-01 13:30:00,-0.9327294,0.73889804
2018-08-01 14:00:00,-19.124537,2.703809
2018-08-01 14:30:00,3.2836382,2.8693721
2018-08-01 15:00:00,-7.564212,-1.3730587
2018-08-01 15:30:00,1.2317075,22.736898
2018-08-01 16:00:00,-7.6835256,-3.0465343
2018-08-01 16:30:00,10.531482,3.5883474
2018-08-01 17:00:00,3.2011406,3.5729673
2018-08-01 17:30:00,3.4182663,1.5049573
2018-08-01 18:00:00,0.51406914,1.1185458
2018-08-01 18:30:00,14.4675255,8.710187
2018-08-01 19:00:00,-9.010792,-3.0189462
2018-08-01 19:30:00,2.42889,4.9161553
2018-08-01 20:00:00,0.34118736,2.2920072
2018-08-01 20:30:00,2.1660695,3.8194332
2018-08-01 21:00:00,-18.178204,5.2437687
2018-08-01 21:30:00,-1.1179982,1.6373266
2018-08-01 22:00:00,0.79051304,0.52954537
2018-08-01 22:30:00,-23.993877,-18.779835
2018-08-01 23:00:00,0.44625694,1.2509413
2018-08-01 23:30:00,20.475868,2.2898443
2018-08-02 00:00:00,-11.9389715,-6.8125362
2018-08-02 00:30:00,0.9611883,23.68086
2018-08-02 01:00:00,-2.679575,0.27251005
2018-08-02 01:30:00,-4.2822323,-9.540028
2018-08-02 02:00:00,-13.3282585,-6.7650156
2018-08-02 02:30:00,-0.4164523,3.9873734
2018-08-02 03:00:00,3.2886586,3.0927985
2018-08-02 03:30:00,32.570637,1.511992
2018-08-02 04:00:00,-12.633283,-8.343122
2018-08-02 04:30:00,-0.4961884,1.3931328
2018-08-02 05:00:00,31.737919,18.893608
2018-08-02 05:30:00,16.12065,5.0037
2018-08-02 06:00:00,7.040818,6.9545674
2018-08-02 06:30:00,-23.588741,4.7533627
2018-08-02 07:00:00,2.6945198,5.3837013
2018-08-02 07:30:00,0.67080617,2.224173
2018-08-02 08:00:00,-0.15924217,1.9621304
2018-08-02 08:30:00,-1.4458869,0.7414366
2018-08-02 09:00:00,4.205316,2.5125978
2018-08-02 09:30:00,45.303375,0.7716157
2018-08-02 10:00:00,-23.70452,2.7252538
2018-08-02 10:30:00,1.2045913,1.8662059
2018-08-02 11:00:00,-44.16625,-13.006984
2018-08-02 11:30:00,0.7885731,2.5173516
2018-08-02 12:00:00,-0.8241906,4.855684
2018-08-02 12:30:00,2.030917,2.7274952
2018-08-02 13:00:00,-5.9372215,-8.71362
2018-08-02 13:30:00,-13.394586,-6.8658466
2018-08-02 14:00:00,1.1558819,2.3588145
2018-08-02 14:30:00,-3.2744565,-2.979111
2018-08-02 15:00:00,4.8404827,2.8552592
2018-08-02 15:30:00,1.3599651,0.84960407
2018-08-02 16:00:00,7.606338,2.4814358
2018-08-02 16:30:00,-21.62673,-8.963087
2018-08-02 17:00:00,2.2806249,7.925077
2018-08-02 17:30:00,2.1391807,1.3231229
2018-08-02 18:00:00,1.9010034,0.89954126
2018-08-02 18:30:00,5.5156116,1.242124
2018-08-02 19:00:00,1.6570586,-0.4816691
2018-08-02 19:30:00,2.1120644,7.712858
2018-08-02 20:00:00,4.5365953,8.579447
2018-08-02 20:30:00,0.1692581,1.8008798
2018-08-02 21:00:00,2.5634787,2.0675015
2018-08-02 21:30:00,0.71174693,1.9289846
2018-08-02 22:00:00,3.2385378,12.853298
2018-08-02 22:30:00,-14.415237,2.4164722
2018-08-02 23:00:00,-11.888773,-12.022286
2018-08-02 23:30:00,0.36566442,6.184969
2018-08-03 00:00:00,-8.465,-1.392878
2018-08-03 00:30:00,1.8252432,2.497209
2018-08-03 01:00:00,1.4748439,2.5581088
2018-08-03 01:30:00,-33.159874,-15.533114
2018-08-03 02:00:00,-7.5071177,5.041866
2018-08-03 02:30:00,1.3413386,0.20486388
2018-08-03 03:00:00,1.9454789,2.068419
2018-08-03 03:30:00,5.8458643,10.35943
2018-08-03 04:00:00,2.9720342,2.1020718
2018-08-03 04:30:00,1.5117124,2.4218378
2018-08-03 05:00:00,33.50386,9.590225
2018-08-03 05:30:00,0.875239,23.515087
2018-08-03 06:00:00,-9.639946,-4.6772256
2018-08-03 06:30:00,36.191772,-6.2511806
2018-08-03 07:00:00,-23.188976,1.4864314
2018-08-03 07:30:00,-4.338352,-1.2606617
2018-08-03 08:00:00,1.2397295,2.3652375
2018-08-03 08:30:00,-0.33027574,3.7345195
2018-08-03 09:00:00,2.0412767,-5.9820557
2018-08-03 09:30:00,3.1319652,1.5810801
2018-08-03 10:00:00,-1.8220742,-1.273997
2018-08-03 10:30:00,-10.085763,-11.403915
2018-08-03 11:00:00,-1.3261538,0.39135614
2018-08-03 11:30:00,-18.697754,-17.436771
2018-08-03 12:00:00,1.2455102,4.7540703
2018-08-03 12:30:00,-8.128656,4.832037
2018-08-03 13:00:00,-21.945398,-0.36436534
2018-08-03 13:30:00,-2.9573953,0.1616205
2018-08-03 14:00:00,4.7332196,7.814454
2018-08-03 14:30:00,1.3026612,1.9677669
2018-08-03 15:00:00,-35.15294,-16.765234
2018-08-03 15:30:00,0.86644787,4.0615125
2018-08-03 16:00:00,-7.382469,-1.9856405
2018-08-03 16:30:00,1.2610781,0.5430248
2018-08-03 17:00:00,-6.926489,-1.8922851
2018-08-03 17:30:00,2.7595968,1.7395167
2018-08-03 18:00:00,-1.0891999,-1.7644557
2018-08-03 18:30:00,-14.424896,-10.618495
2018-08-03 19:00:00,1.3171281,4.1385436
2018-08-03 19:30:00,-3.708271,1.2189839
2018-08-03 20:00:00,3.2178228,2.5737073
2018-08-03 20:30:00,-2.4249165,0.39776596
2018-08-03 21:00:00,1.4173477,2.9566453
2018-08-03 21:30:00,-28.765049,-17.404903
2018-08-03 22:00:00,1.0138433,1.1636418
2018-08-03 22:30:00,2.6149104,3.2335305
2018-08-03 23:00:00,0.58414465,0.6984379
2018-08-03 23:30:00,-3.4250896,2.835396
2018-08-04 00:00:00,0.058569547,1.2959892
2018-08-04 00:30:00,-26.800356,-14.904961
2018-08-04 01:00:00,6.77223,2.8642426
2018-08-04 01:30:00,-6.5818524,1.809553
2018-08-04 02:00:00,0.5831353,0.45070493
2018-08-04 02:30:00,54.002483,-3.1877296
2018-08-04 03:00:00,-8.247944,-2.768631
2018-08-04 03:30:00,52.750065,-1.2800921
2018-08-04 04:00:00,0.6874184,2.2208567
2018-08-04 04:30:00,16.623285,-1.2384567
2018-08-04 05:00:00,2.0130332,1.3164333
2018-08-04 05:30:00,-19.213427,-20.192198
2018-08-04 06:00:00,-7.907188,-4.154691
2018-08-04 06:30:00,4.9973946,9.032487
2018-08-04 07:00:00,5.3685923,8.1402235
2018-08-04 07:30:00,-27.292652,7.8155203
2018-08-04 08:00:00,-3.5314527,0.5622805
2018-08-04 08:30:00,-1.5904728,-0.7913506
2018-08-04 09:00:00,0.7194763,3.4434776
2018-08-04 09:30:00,-26.087624,4.063784
2018-08-04 10:00:00,-0.88359183,1.0974288
2018-08-04 10:30:00,1.2846246,5.0237637
2018-08-04 11:00:00,1.3246565,4.6450815
2018-08-04 11:30:00,1.0150536,1.7891089
2018-08-04 12:00:00,0.62298375,2.9491913
2018-08-04 12:30:00,4.115714,2.5275629
2018-08-04 13:00:00,2.7537374,4.0648503
2018-08-04 13:30:00,-17.898962,2.1544864
2018-08-04 14:00:00,-1.3627601,1.4610106
2018-08-04 14:30:00,3.0240076,2.4113777
2018-08-04 15:00:00,-3.2423506,0.3697847
2018-08-04 15:30:00,-5.5775156,-0.049672175
2018-08-04 16:00:00,-2.22581,1.5942668
2018-08-04 16:30:00,0.56048465,3.4202502
2018-08-04 17:00:00,-26.71422,4.667033
2018-08-04 17:30:00,-6.2812943,-2.2747512
2018-08-04 18:00:00,2.3462307,2.505585
2018-08-04 18:30:00,-10.453273,-8.151045
2018-08-04 19:00:00,1.4373112,2.820029
2018-08-04 19:30:00,-0.74873203,2.9769847
2018-08-04 20:00:00,1.1315577,-15.02893
2018-08-04 20:30:00,0.42222992,-0.19949692
2018-08-04 21:00:00,2.190577,2.4652734
2018-08-04 21:30:00,-6.2050185,-6.0385556
2018-08-04 22:00:00,-1.6297008,1.5068362
2018-08-04 22:30:00,-14.975496,6.8397455
2018-08-04 23:00:00,-6.3374534,0.60104525
2018-08-04 23:30:00,-0.45794356,-0.27122405
2018-08-05 00:00:00,-4.287904,1.2114861
2018-08-05 00:30:00,1.418711,1.3923944
2018-08-05 01:00:00,3.5999043,5.630552
2018-08-05 01:30:00,3.594421,0.21310009
2018-08-05 02:00:00,17.568579,7.3702884
2018-08-05 02:30:00,-3.5764656,9.70735
2018-08-05 03:00:00,1.2016681,3.176607
2018-08-05 03:30:00,1.7213665,9.968161
2018-08-05 04:00:00,-15.573511,20.347383
2018-08-05 04:30:00,-0.17197444,2.4764023
2018-08-05 05:00:00,16.193079,3.9020312
2018-08-05 05:30:00,-11.890843,-6.820506
2018-08-05 06:00:00,7.342438,5.5854206
2018-08-05 06:30:00,-14.515409,-5.1417
2018-08-05 07:00:00,5.236083,8.221965
2018-08-05 07:30:00,74.678024,7.6923394
2018-08-05 08:00:00,0.42368054,-2.1881857
2018-08-05 08:30:00,2.3205957,2.2752507
2018-08-05 09:00:00,1.3948237,2.913747
2018-08-05 09:30:00,-17.068428,1.912381
2018-08-05 10:00:00,8.009663,5.6417327
2018-08-05 10:30:00,1.1304392,-5.9473147
2018-08-05 11:00:00,3.270408,-3.7598119
2018-08-05 11:30:00,6.345481,3.3762028
2018-08-05 12:00:00,3.154144,2.5286508
2018-08-05 12:30:00,6.6896014,5.6437383
2018-08-05 13:00:00,-8.968589,5.621101
2018-08-05 13:30:00,-29.792513,-18.922516
2018-08-05 14:00:00,-1.4912844,2.8549576
2018-08-05 14:30:00,-0.114618085,2.1517425
2018-08-05 15:00:00,-22.163282,-8.935692
2018-08-05 15:30:00,2.5467443,2.7736835
2018-08-05 16:00:00,-5.0734243,4.8490553
2018-08-05 16:30:00,1.8453423,5.14635
2018-08-05 17:00:00,7.917518,3.8403537
2018-08-05 17:30:00,5.6220403,0.39358887
2018-08-05 18:00:00,-4.5815716,9.1032
2018-08-05 18:30:00,-7.6715317,1.1784713
2018-08-05 19:00:00,-4.4744005,-15.496932
2018-08-05 19:30:00,3.679942,5.7636595
2018-08-05 20:00:00,-24.315876,-12.4499445
2018-08-05 20:30:00,1.8376435,4.6981297
2018-08-05 21:00:00,-12.982935,3.014714
2018-08-05 21:30:00,3.5438368,2.8258274
2018-08-05 22:00:00,11.860767,3.2632246
2018-08-05 22:30:00,-9.1165695,1.3426275
2018-08-05 23:00:00,-1.2981507,0.90142006
2018-08-05 23:30:00,31.611296,22.910322
2018-08-06 00:00:00,-7.7009244,-0.77977186
2018-08-06 00:30:00,5.400921,2.7031317
2018-08-06 01:00:00,-18.936825,0.3346552
2018-08-06 01:30:00,3.063869,5.9888115
2018-08-06 02:00:00,3.0580666,-3.390515
2018-08-06 02:30:00,2.2737868,5.559611
2018-08-06 03:00:00,-1.7622185,-3.876718
2018-08-06 03:30:00,-18.365963,-6.595026
2018-08-06 04:00:00,-6.651832,-4.9452496
2018-08-06 04:30:00,-7.027604,-1.8227952
2018-08-06 05:00:00,14.859587,6.048077
2018-08-06 05:30:00,-11.204454,-2.5832572
2018-08-06 06:00:00,2.7399871,4.263472
2018-08-06 06:30:00,4.274889,-4.811854
2018-08-06 07:00:00,-10.386444,-2.8395584
2018-08-06 07:30:00,4.0365896,4.6285477
2018-08-06 08:00:00,-19.178858,-6.408879
2018-08-06 08:30:00,-5.3127117,-2.585455
2018-08-06 09:00:00,4.539125,4.8474474
2018-08-06 09:30:00,13.284365,4.4465213
2018-08-06 10:00:00,0.45631078,0.26334754
2018-08-06 10:30:00,3.9421332,4.336108
2018-08-06 11:00:00,2.0108442,0.64872354
2018-08-06 11:30:00,-4.847643,-1.5962534
2018-08-06 12:00:00,-0.50736517,-0.34150058
2018-08-06 12:30:00,-7.3667088,-6.856929
2018-08-06 13:00:00,1.2306763,-7.5163193
2018-08-06 13:30:00,2.3179655,4.0360303
2018-08-06 14:00:00,-10.000111,3.5679426
2018-08-06 14:30:00,0.75086564,-0.8498517
2018-08-06 15:00:00,-5.5576744,-0.0050393417
2018-08-06 15:30:00,2.6267688,-7.795582
2018-08-06 16:00:00,8.415929,11.116236
2018-08-06 16:30:00,-1.8371134,2.2904253
2018-08-06 17:00:00,0.09408793,1.4731617
2018-08-06 17:30:00,0.8168253,1.9066792
2018-08-06 18:00:00,2.251499,2.515888
2018-08-06 18:30:00,-2.0564194,-2.0638168
2018-08-06 19:00:00,-42.881683,-23.199457
2018-08-06 19:30:00,5.0490885,3.3419602
2018-08-06 20:00:00,-23.251286,-12.930437
2018-08-06 20:30:00,-1.1998622,-0.38588873
2018-08-06 21:00:00,2.081029,3.71477
2018-08-06 21:30:00,-11.071395,1.9955646
2018-08-06 22:00:00,-15.962472,-10.283603
2018-08-06 22:30:00,-15.535611,-8.010758
2018-08-06 23:00:00,4.6495295,4.3519077
2018-08-06 23:30:00,0.31027424,2.3238554
2018-08-07 00:00:00,14.122968,8.5195
2018-08-07 00:30:00,2.2893417,4.628766
2018-08-07 01:00:00,-9.171666,-8.2536545
2018-08-07 01:30:00,-4.915809,-1.188266
2018-08-07 02:00:00,-31.252966,7.879618
2018-08-07 02:30:00,-0.65020335,2.1210783
2018-08-07 03:00:00,31.611296,19.692917
2018-08-07 03:30:00,-2.0024538,-0.8374078
2018-08-07 04:00:00,-2.6191163,-0.20315844
2018-08-07 04:30:00,-17.388987,-11.727754
2018-08-07 05:00:00,0.9765247,2.2881882
2018-08-07 05:30:00,2.8972003,4.6226406
2018-08-07 06:00:00,-16.152262,2.8013327
2018-08-07 06:30:00,1.0563395,1.3336005
2018-08-07 07:00:00,-0.88242954,1.3961782
2018-08-07 07:30:00,-13.970537,5.920073
2018-08-07 08:00:00,-10.158762,2.7791016
2018-08-07 08:30:00,1.299489,3.6706526
2018-08-07 09:00:00,1.4459931,-0.07250636
2018-08-07 09:30:00,-1.218432,4.7470617
2018-08-07 10:00:00,0.50233305,1.1938995
2018-08-07 10:30:00,0.54338306,2.7187872
2018-08-07 11:00:00,-14.558944,-13.10826
2018-08-07 11:30:00,1.7224283,0.51849526
2018-08-07 12:00:00,-7.252293,-1.1213365
2018-08-07 12:30:00,1.2351242,2.8847392
2018-08-07 13:00:00,-21.354136,-9.573654
2018-08-07 13:30:00,-9.414987,-13.830207
2018-08-07 14:00:00,-1.6454872,4.1601806
2018-08-07 14:30:00,3.9247956,2.845961
2018-08-07 15:00:00,3.8533087,3.221847
2018-08-07 15:30:00,-33.87075,5.998472
2018-08-07 16:00:00,-5.715574,1.9497652
2018-08-07 16:30:00,5.2374945,3.5818458
2018-08-07 17:00:00,4.772404,1.8099113
2018-08-07 17:30:00,-1.0425922,-3.099648
2018-08-07 18:00:00,-21.522205,-4.199477
2018-08-07 18:30:00,3.3027322,1.9630305
2018-08-07 19:00:00,4.5753555,2.470591
2018-08-07 19:30:00,2.005754,1.8532465
2018-08-07 20:00:00,2.6967175,7.857623
2018-08-07 20:30:00,0.24718097,1.5057701
2018-08-07 21:00:00,-9.309908,-2.79687
2018-08-07 21:30:00,-12.78693,-0.54666746
2018-08-07 22:00:00,-8.797437,-7.0046387
2018-08-07 22:30:00,-8.065773,-1.6534612
2018-08-07 23:00:00,3.172421,3.739247
2018-08-07 23:30:00,-34.74039,-16.564407
2018-08-08 00:00:00,-24.979818,-9.870871
2018-08-08 00:30:00,0.6480638,1.7498329
2018-08-08 01:00:00,4.6506743,9.773004
2018-08-08 01:30:00,-6.574324,1.7729728
2018-08-08 02:00:00,-3.7916033,2.6643975
2018-08-08 02:30:00,-21.177753,-13.931161
2018-08-08 03:00:00,0.528453,1.454142
2018-08-08 03:30:00,3.6918135,3.0661497
2018-08-08 04:00:00,-1.1218127,1.2945604
2018-08-08 04:30:00,2.6867118,4.4543686
2018-08-08 05:00:00,1.9491142,5.328062
2018-08-08 05:30:00,2.251027,-2.8480437
2018-08-08 06:00:00,-4.5576406,-2.649457
2018-08-08 06:30:00,-10.886061,-6.0700846
2018-08-08 07:00:00,-3.9685528,-1.8463197
2018-08-08 07:30:00,2.4301353,0.5289817
2018-08-08 08:00:00,1.2997643,4.1630645
2018-08-08 08:30:00,0.33084074,2.8558621
2018-08-08 09:00:00,2.0962648,0.8279365
2018-08-08 09:30:00,-2.7771816,4.016866
2018-08-08 10:00:00,-0.22243598,0.4762219
2018-08-08 10:30:00,6.8824644,0.89138806
2018-08-08 11:00:00,2.3264508,2.7590506
2018-08-08 11:30:00,-1.8807107,0.7808874
2018-08-08 12:00:00,-1.8995514,1.3701019
2018-08-08 12:30:00,4.035637,9.993166
2018-08-08 13:00:00,-0.9912131,6.5285215
2018-08-08 13:30:00,-8.065541,-7.9503264
2018-08-08 14:00:00,-0.47681475,0.98351127
2018-08-08 14:30:00,4.66726,2.0869713
2018-08-08 15:00:00,1.2064177,1.8793533
2018-08-08 15:30:00,0.5180845,3.0940087
2018-08-08 16:00:00,-5.0602727,-1.2966388
2018-08-08 16:30:00,8.780861,6.4819794
2018-08-08 17:00:00,-3.259474,-0.44414955
2018-08-08 17:30:00,5.174646,2.5012288
2018-08-08 18:00:00,0.4704194,5.3993087
2018-08-08 18:30:00,-1.2531726,0.9451179
2018-08-08 19:00:00,-21.445454,2.6793406
2018-08-08 19:30:00,3.6720815,2.5698624
2018-08-08 20:00:00,1.9905399,2.8284664
2018-08-08 20:30:00,-2.8499138,0.19441678
2018-08-08 21:00:00,2.538722,3.149814
2018-08-08 21:30:00,-1.0813308,0.44699097
2018-08-08 22:00:00,-14.015509,-4.9163337
2018-08-08 22:30:00,4.5030036,-0.18832015
2018-08-08 23:00:00,-14.009409,-0.18889691
2018-08-08 23:30:00,-3.4250197,-1.0194609
2018-08-09 00:00:00,2.0601523,3.4975786
2018-08-09 00:30:00,-19.728472,-6.504834
2018-08-09 01:00:00,-11.271799,-7.6353316
2018-08-09 01:30:00,4.4841456,8.402528
2018-08-09 02:00:00,-5.426948,-2.2771673
2018-08-09 02:30:00,3.9179313,4.840356
2018-08-09 03:00:00,-10.701898,-4.1645923
2018-08-09 03:30:00,-5.120723,1.9825003
2018-08-09 04:00:00,0.12801588,1.1017282
2018-08-09 04:30:00,1.7767174,2.9061096
2018-08-09 05:00:00,3.427713,0.33085385
2018-08-09 05:30:00,6.839208,3.6960518
2018-08-09 06:00:00,1.3039064,2.9919715
2018-08-09 06:30:00,-25.354124,-14.751412
2018-08-09 07:00:00,-1.3477471,1.8026844
2018-08-09 07:30:00,-1.7375623,0.7955684
2018-08-09 08:00:00,-3.158136,-17.912151
2018-08-09 08:30:00,-8.592502,-23.727722
2018-08-09 09:00:00,-2.9813435,8.593293
2018-08-09 09:30:00,-7.6818695,-4.605577
2018-08-09 10:00:00,0.7203239,1.4736642
2018-08-09 10:30:00,31.611296,19.582186
2018-08-09 11:00:00,0.8325898,1.4340385
2018-08-09 11:30:00,1.8361186,0.118617415
2018-08-09 12:00:00,7.840954,5.4612875
2018-08-09 12:30:00,1.7076949,9.856012
2018-08-09 13:00:00,-9.055066,-1.1253737
2018-08-09 13:30:00,-3.093544,-0.38883367
2018-08-09 14:00:00,2.341752,2.5764995
2018-08-09 14:30:00,-10.638131,0.7178334
2018-08-09 15:00:00,-5.6234984,0.9911839
2018-08-09 15:30:00,3.1452131,3.3785055
2018-08-09 16:00:00,-2.9718273,-3.3476694
2018-08-09 16:30:00,-14.894155,-10.904705
2018-08-09 17:00:00,5.4597454,5.388822
2018-08-09 17:30:00,-7.670815,-9.679794
2018-08-09 18:00:00,-3.3069732,-0.9985885
2018-08-09 18:30:00,-9.922149,-0.88038033
2018-08-09 19:00:00,22.36646,2.1879642
2018-08-09 19:30:00,0.47005674,1.6689825
2018-08-09 20:00:00,0.80068487,2.528074
2018-08-09 20:30:00,0.6593454,-0.050589737
2018-08-09 21:00:00,59.06703,10.432093
2018-08-09 21:30:00,-11.8484125,-13.0368395
2018-08-09 22:00:00,-1.3107387,1.627146
2018-08-09 22:30:00,0.41465786,1.3816894
2018-08-09 23:00:00,5.282582,7.3172226
2018-08-09 23:30:00,1.3508419,-0.031648636
2018-08-10 00:00:00,2.0293264,4.0407667
2018-08-10 00:30:00,-9.149833,2.6149714
2018-08-10 01:00:00,-1.2562268,0.63167435
2018-08-10 01:30:00,-9.349543,-0.7542025
2018-08-10 02:00:00,-10.774057,-8.116729
2018-08-10 02:30:00,-1.3702404,3.8178952
2018-08-10 03:00:00,-20.989925,-7.2851987
2018-08-10 03:30:00,-14.919713,-13.096389
2018-08-10 04:00:00,-7.271457,-6.8239493
2018-08-10 04:30:00,0.7860301,1.9761124
2018-08-10 05:00:00,-23.131868,-0.28897235
2018-08-10 05:30:00,16.818739,7.6129837
2018-08-10 06:00:00,7.4817767,4.717674
2018-08-10 06:30:00,-0.23897831,2.061367
2018-08-10 07:00:00,-7.924604,5.5832973
2018-08-10 07:30:00,-7.1233454,0.53772473
2018-08-10 08:00:00,-15.400478,-3.835821
2018-08-10 08:30:00,-12.836055,-9.073465
2018-08-10 09:00:00,-21.427992,-11.891373
2018-08-10 09:30:00,28.29541,2.7914405
2018-08-10 10:00:00,-21.91997,3.414605
2018-08-10 10:30:00,-1.9349169,5.2344446
2018-08-10 11:00:00,-11.234879,-5.312126
2018-08-10 11:30:00,-6.7561717,-7.1830215
2018-08-10 12:00:00,-20.423908,-2.3998234
2018-08-10 12:30:00,0.08691784,2.418469
2018-08-10 13:00:00,13.750796,3.5485165
2018-08-10 13:30:00,-12.285706,-6.6852355
2018-08-10 14:00:00,-13.27671,-9.108683
2018-08-10 14:30:00,-17.05485,-7.2500386
2018-08-10 15:00:00,-1.0796704,-0.10183339
2018-08-10 15:30:00,-0.6384324,6.5063076
2018-08-10 16:00:00,1.6976192,2.3323798
2018-08-10 16:30:00,16.874886,-1.0591651
2018-08-10 17:00:00,5.1647143,2.2745035
2018-08-10 17:30:00,-14.013826,-13.31646
2018-08-10 18:00:00,-5.1131988,-3.2101574
2018-08-10 18:30:00,0.28709927,-5.6202607
2018-08-10 19:00:00,2.0035648,1.2663388
2018-08-10 19:30:00,3.4319775,6.787152
2018-08-10 20:00:00,0.590904,1.8404704
2018-08-10 20:30:00,9.773628,4.9669795
2018-08-10 21:00:00,-16.791353,3.2883308
2018-08-10 21:30:00,-11.910134,7.595104
2018-08-10 22:00:00,-0.3636007,0.84454
2018-08-10 22:30:00,-6.437686,2.8642557
2018-08-10 23:00:00,-4.183494,-1.283592
2018-08-10 23:30:00,-16.74019,-15.142087
2018-08-11 00:00:00,-0.42633137,0.24524972
2018-08-11 00:30:00,4.2314577,5.426477
2018-08-11 01:00:00,2.979117,8.889531
2018-08-11 01:30:00,0.59449124,3.0323443
2018-08-11 02:00:00,-5.495905,-2.7511928
2018-08-11 02:30:00,-6.125868,2.0836768
2018-08-11 03:00:00,5.3652363,6.850053
2018-08-11 03:30:00,0.5398264,1.5656737
2018-08-11 04:00:00,3.1743915,3.283909
2018-08-11 04:30:00,2.8657193,4.6584077
2018-08-11 05:00:00,-17.94195,2.199045
2018-08-11 05:30:00,-1.7508321,-6.704828
2018-08-11 06:00:00,-2.2993329,1.2959892
2018-08-11 06:30:00,1.6163406,2.780102
2018-08-11 07:00:00,-1.1663494,-1.7028872
2018-08-11 07:30:00,2.8426623,1.0957772
2018-08-11 08:00:00,3.729189,0.67294717
2018-08-11 08:30:00,0.5737325,0.9345135
2018-08-11 09:00:00,-29.342117,-15.930759
2018-08-11 09:30:00,-12.786825,2.748918
2018-08-11 10:00:00,1.2150952,0.8189793
2018-08-11 10:30:00,-21.510105,-8.534197
2018-08-11 11:00:00,-10.195897,-9.412832
2018-08-11 11:30:00,-1.8347191,1.8302418
2018-08-11 12:00:00,-20.342121,-14.573196
2018-08-11 12:30:00,5.1296544,5.3770776
2018-08-11 13:00:00,-1.0917648,1.0485533
2018-08-11 13:30:00,0.636284,2.4581995
2018-08-11 14:00:00,-2.2508247,-0.06437065
2018-08-11 14:30:00,4.139824,2.1604636
2018-08-11 15:00:00,-23.731514,4.612958
2018-08-11 15:30:00,33.593822,1.711068
2018-08-11 16:00:00,7.557541,0.18781033
2018-08-11 16:30:00,4.419899,2.4481938
2018-08-11 17:00:00,1.3665847,7.721959
2018-08-11 17:30:00,-3.8565753,4.0231757
2018-08-11 18:00:00,-7.0577397,-1.306247
2018-08-11 18:30:00,1.5352894,4.225913
2018-08-11 19:00:00,2.3738232,1.52226
2018-08-11 19:30:00,1.0360177,1.663949
2018-08-11 20:00:00,-27.290142,-24.85664
2018-08-11 20:30:00,16.093962,3.4818883
2018-08-11 21:00:00,0.6737599,1.7536603
2018-08-11 21:30:00,0.82438856,0.50001734
2018-08-11 22:00:00,-2.930183,0.8376845
2018-08-11 22:30:00,-0.97675055,2.932295
2018-08-11 23:00:00,7.792725,1.0803534
2018-08-11 23:30:00,-1.5990891,1.5141068
2018-08-12 00:00:00,-0.5216835,7.815695
2018-08-12 00:30:00,1.7492735,0.633208
2018-08-12 01:00:00,-22.140491,-6.378093
2018-08-12 01:30:00,-4.492651,0.8544584
2018-08-12 02:00:00,0.8334506,-0.36525232
2018-08-12 02:30:00,1.9663949,2.6747835
2018-08-12 03:00:00,0.035119288,0.5946005
2018-08-12 03:30:00,5.273847,4.106722
2018-08-12 04:00:00,-2.8901074,2.6897004
2018-08-12 04:30:00,0.16165982,3.0094619
2018-08-12 05:00:00,-0.9689513,-2.5910826
2018-08-12 05:30:00,5.376426,3.3572528
2018-08-12 06:00:00,2.2146566,1.9894825
2018-08-12 06:30:00,0.07485408,-1.9730043
2018-08-12 07:00:00,2.8288465,2.910693
2018-08-12 07:30:00,3.900642,3.911574
2018-08-12 08:00:00,32.3659,2.6695578
2018-08-12 08:30:00,10.135275,2.2743375
2018-08-12 09:00:00,0.9131867,2.4411328
2018-08-12 09:30:00,0.90418154,1.7148169
2018-08-12 10:00:00,8.930284,0.7309895
2018-08-12 10:30:00,1.8244001,-4.1848264
2018-08-12 11:00:00,-19.448685,-17.587252
2018-08-12 11:30:00,-1.3169214,-5.927487
2018-08-12 12:00:00,2.950467,3.9893744
2018-08-12 12:30:00,-20.380398,-7.023235
2018-08-12 13:00:00,4.706418,1.4251207
2018-08-12 13:30:00,2.5189202,2.129712
2018-08-12 14:00:00,0.27575645,7.0075936
2018-08-12 14:30:00,-0.2296585,-0.83844775
2018-08-12 15:00:00,15.684619,-3.1728387
2018-08-12 15:30:00,0.61149675,1.5434687
2018-08-12 16:00:00,9.428581,7.240768
2018-08-12 16:30:00,-3.813415,-0.31732064
2018-08-12 17:00:00,-3.6715207,1.8571352
2018-08-12 17:30:00,3.3666034,2.9489684
2018-08-12 18:00:00,1.5532736,5.845095
2018-08-12 18:30:00,2.3409743,3.0994093
2018-08-12 19:00:00,7.8368206,5.9734664
2018-08-12 19:30:00,-18.48849,-28.155714
2018-08-12 20:00:00,0.38312867,2.7793112
2018-08-12 20:30:00,3.160331,2.1151273
2018-08-12 21:00:00,25.396832,2.4416003
2018-08-12 21:30:00,-6.7943687,3.164399
2018-08-12 22:00:00,4.893094,1.8751718
2018-08-12 22:30:00,0.5516848,1.9012524
2018-08-12 23:00:00,9.851031,1.6803603
2018-08-12 23:30:00,3.6028712,5.573335
2018-08-13 00:00:00,1.7325476,3.8444958
2018-08-13 00:30:00,0.24821213,2.914149
2018-08-13 01:00:00,-3.8262696,-1.621482
2018-08-13 01:30:00,3.065844,1.6221607
2018-08-13 02:00:00,-8.913692,-2.1623454
2018-08-13 02:30:00,4.3556566,3.4315405
2018-08-13 03:00:00,-15.81329,-9.295432
2018-08-13 03:30:00,7.225825,-1.4569151
2018-08-13 04:00:00,-0.097284906,1.3594582
2018-08-13 04:30:00,1.5350009,0.7508831
2018-08-13 05:00:00,-5.5134916,5.1572294
2018-08-13 05:30:00,20.14251,4.4459534
2018-08-13 06:00:00,6.0507164,0.60347027
2018-08-13 06:30:00,5.7606096,0.6596513
2018-08-13 07:00:00,1.0762374,2.818548
2018-08-13 07:30:00,3.507305,2.197935
2018-08-13 08:00:00,2.965738,2.607561
2018-08-13 08:30:00,3.494944,3.7530193
2018-08-13 09:00:00,-2.597737,-12.5235815
2018-08-13 09:30:00,23.268015,1.7479147
2018-08-13 10:00:00,0.8889063,1.1599716
2018-08-13 10:30:00,-25.685072,-10.733522
2018-08-13 11:00:00,-5.7761984,-1.1611193
2018-08-13 11:30:00,3.6685686,3.944851
2018-08-13 12:00:00,-5.071087,-0.68896383
2018-08-13 12:30:00,-2.9692712,0.039191514
2018-08-13 13:00:00,3.979386,2.9054322
2018-08-13 13:30:00,-1.3624805,-5.5265384
2018-08-13 14:00:00,0.9302053,-1.1266103
2018-08-13 14:30:00,1.3485261,3.5248435
2018-08-13 15:00:00,4.485382,3.6957545
2018-08-13 15:30:00,-12.486385,-8.792591
2018-08-13 16:00:00,25.139242,7.24065
2018-08-13 16:30:00,0.37369525,3.8343327
2018-08-13 17:00:00,0.042481627,-0.25379038
2018-08-13 17:30:00,-0.2876266,4.138238
2018-08-13 18:00:00,6.4799695,-1.5661836
2018-08-13 18:30:00,1.5789566,3.245887
2018-08-13 19:00:00,1.1525917,7.209641
2018-08-13 19:30:00,-2.808772,0.097233854
2018-08-13 20:00:00,1.2047573,2.9847927
2018-08-13 20:30:00,-17.243046,-11.109225
2018-08-13 21:00:00,4.892277,1.5579838
2018-08-13 21:30:00,13.826967,4.31912
2018-08-13 22:00:00,-0.08369188,1.6183418
2018-08-13 22:30:00,-17.151838,-13.490862
2018-08-13 23:00:00,-1.7125173,5.0678854
2018-08-13 23:30:00,1.2661816,2.3663821
2018-08-14 00:00:00,0.7891804,2.053502
2018-08-14 00:30:00,-8.828311,1.2251446
2018-08-14 01:00:00,-1.1855832,2.1752627
2018-08-14 01:30:00,0.5102241,1.4164257
2018-08-14 02:00:00,-0.17746234,1.656626
2018-08-14 02:30:00,-5.4825654,4.97536
2018-08-14 03:00:00,-11.631204,6.1144958
2018-08-14 03:30:00,-7.182755,-10.90446
2018-08-14 04:00:00,-29.252916,-22.181772
2018-08-14 04:30:00,3.920815,6.8248763
2018-08-14 05:00:00,0.22088626,1.8030382
2018-08-14 05:30:00,-19.128231,4.1016665
2018-08-14 06:00:00,-16.095789,-6.575849
2018-08-14 06:30:00,3.050739,5.4918685
2018-08-14 07:00:00,-7.025227,0.9698702
2018-08-14 07:30:00,4.928429,0.63682145
2018-08-14 08:00:00,-9.17639,-7.199127
2018-08-14 08:30:00,-5.9849305,-2.4907844
2018-08-14 09:00:00,-1.4713296,0.047148086
2018-08-14 09:30:00,0.39604008,2.8992715
2018-08-14 10:00:00,-1.3389821,-0.33866924
2018-08-14 10:30:00,11.654211,3.3054237
2018-08-14 11:00:00,-3.3231223,-1.1166744
2018-08-14 11:30:00,25.02072,2.7908812
2018-08-14 12:00:00,-3.374117,-0.4721046
2018-08-14 12:30:00,-0.5915362,-0.5146751
2018-08-14 13:00:00,-14.494319,0.5106174
2018-08-14 13:30:00,-1.3169956,0.7434858
2018-08-14 14:00:00,-29.39856,-23.733011
2018-08-14 14:30:00,1.5533173,5.6214547
2018-08-14 15:00:00,-24.723724,-4.6983075
2018-08-14 15:30:00,-14.149682,-16.67793
2018-08-14 16:00:00,-12.943864,7.6427126
2018-08-14 16:30:00,-10.074761,-2.519906
2018-08-14 17:00:00,-16.551117,-8.008888
2018-08-14 17:30:00,0.9534371,1.4080541
2018-08-14 18:00:00,1.4406931,2.1207726
2018-08-14 18:30:00,13.272493,3.6332076
2018-08-14 19:00:00,0.69506913,-0.45646235
2018-08-14 19:30:00,4.0874925,4.6772137
2018-08-14 20:00:00,-0.7369217,1.0447958
2018-08-14 20:30:00,7.855561,1.8467361
2018-08-14 21:00:00,2.6033535,0.69368404
2018-08-14 21:30:00,-20.057098,7.6431932
2018-08-14 22:00:00,16.762571,9.00635
2018-08-14 22:30:00,-4.518111,-0.72740966
2018-08-14 23:00:00,4.5058002,5.6349998
2018-08-14 23:30:00,0.022714723,0.5764109
2018-08-15 00:00:00,-1.2083869,-3.0971313
2018-08-15 00:30:00,0.96853316,1.6579106
2018-08-15 01:00:00,6.2763276,2.1394558
2018-08-15 01:30:00,0.8403847,1.9019209
2018-08-15 02:00:00,-0.32216188,-1.2327547
2018-08-15 02:30:00,-8.862824,4.4739347
2018-08-15 03:00:00,1.0034399,2.3104327
2018-08-15 03:30:00,-1.1070924,0.7845664
2018-08-15 04:00:00,-1.0100712,3.0807958
2018-08-15 04:30:00,30.392101,0.80402744
2018-08-15 05:00:00,0.72750276,2.7877529
2018-08-15 05:30:00,-8.85648,-3.219027
2018-08-15 06:00:00,1.1940699,-4.7927423
2018-08-15 06:30:00,-13.283602,-10.437517
2018-08-15 07:00:00,5.494617,3.4137836
2018-08-15 07:30:00,7.3546724,1.3370435
2018-08-15 08:00:00,1.2107389,0.8401925
2018-08-15 08:30:00,1.5299544,4.810391
2018-08-15 09:00:00,0.34022173,2.2118907
2018-08-15 09:30:00,0.94648546,2.2006702
2018-08-15 10:00:00,9.568531,2.851707
2018-08-15 10:30:00,-3.2731328,1.1135211
2018-08-15 11:00:00,-2.29918,0.09916074
2018-08-15 11:30:00,5.4540257,1.6562415
2018-08-15 12:00:00,1.2449335,4.6371293
2018-08-15 12:30:00,-16.836384,-15.275231
2018-08-15 13:00:00,1.7818732,6.5977583
2018-08-15 13:30:00,0.30645543,2.091926
2018-08-15 14:00:00,-0.2499672,-1.8796577
2018-08-15 14:30:00,-19.384172,-14.040643
2018-08-15 15:00:00,1.6121811,-8.513744
2018-08-15 15:30:00,19.983107,7.225318
2018-08-15 16:00:00,-1.4805444,1.5429969
2018-08-15 16:30:00,3.3975995,2.986925
2018-08-15 17:00:00,0.6637191,3.914724
2018-08-15 17:30:00,0.2698666,0.50283116
2018-08-15 18:00:00,-5.2237606,-3.3643339
2018-08-15 18:30:00,0.964828,24.576576
2018-08-15 19:00:00,1.889158,2.2132585
2018-08-15 19:30:00,4.0876365,5.516704
2018-08-15 20:00:00,1.558543,2.8744667
2018-08-15 20:30:00,0.52763593,1.6349541
2018-08-15 21:00:00,-11.954676,-27.11357
2018-08-15 21:30:00,17.837612,4.85363
2018-08-15 22:00:00,1.085151,-2.5699177
2018-08-15 22:30:00,-8.812271,-5.7402954
2018-08-15 23:00:00,-15.443292,6.174771
2018-08-15 23:30:00,3.2995558,2.3464448
2018-08-16 00:00:00,2.5060875,2.9374726
2018-08-16 00:30:00,1.9653331,3.0072467
2018-08-16 01:00:00,-20.179083,4.7277493
2018-08-16 01:30:00,-3.469596,4.050047
2018-08-16 02:00:00,-2.116262,-0.22774036
2018-08-16 02:30:00,1.286333,4.8385167
2018-08-16 03:00:00,-12.374513,3.7003818
2018-08-16 03:30:00,0.950147,1.3306905
2018-08-16 04:00:00,2.4788928,0.51046443
2018-08-16 04:30:00,1.9463396,4.247821
2018-08-16 05:00:00,-0.9138626,1.4079056
2018-08-16 05:30:00,-24.421438,-24.123234
2018-08-16 06:00:00,0.9990705,2.7614667
2018-08-16 06:30:00,-8.61631,-7.0447407
2018-08-16 07:00:00,1.4788942,1.8318192
2018-08-16 07:30:00,-2.2516024,4.0549846
2018-08-16 08:00:00,-27.135685,-21.45437
2018-08-16 08:30:00,0.23443559,-14.2404
2018-08-16 09:00:00,6.1081862,8.584913
2018-08-16 09:30:00,0.16197442,2.585828
2018-08-16 10:00:00,8.359079,4.467966
2018-08-16 10:30:00,1.2916461,2.0798492
2018-08-16 11:00:00,-17.0034,-8.293831
2018-08-16 11:30:00,1.8752285,-0.24658096
2018-08-16 12:00:00,11.194858,0.9459612
2018-08-16 12:30:00,-11.111964,-6.6881633
2018-08-16 13:00:00,0.8374398,4.1054025
2018-08-16 13:30:00,17.734934,1.0688752
2018-08-16 14:00:00,-3.552631,6.173906
2018-08-16 14:30:00,3.3658168,7.9874406
2018-08-16 15:00:00,0.5939101,3.205545
2018-08-16 15:30:00,0.8811026,3.2600744
2018-08-16 16:00:00,3.0173311,3.1012661
2018-08-16 16:30:00,0.41360047,1.1381248
2018-08-16 17:00:00,-1.7822214,6.828704
2018-08-16 17:30:00,-3.543027,0.98843116
2018-08-16 18:00:00,-10.754976,3.0433593
2018-08-16 18:30:00,13.152634,11.131043
2018-08-16 19:00:00,2.5166352,5.057163
2018-08-16 19:30:00,2.2182832,4.3089786
2018-08-16 20:00:00,-4.975739,4.2096767
2018-08-16 20:30:00,-6.491783,-2.949526
2018-08-16 21:00:00,-3.2595484,-2.089421
2018-08-16 21:30:00,0.961953,3.0228758
2018-08-16 22:00:00,0.89117837,-0.97523004
2018-08-16 22:30:00,7.615234,10.389168
2018-08-16 23:00:00,-18.792519,3.60804
2018-08-16 23:30:00,-0.25552937,1.3468266
2018-08-17 00:00:00,1.9200013,2.2522898
2018-08-17 00:30:00,-8.447815,-2.9070735
2018-08-17 01:00:00,-2.0513337,2.3606322
2018-08-17 01:30:00,2.6330125,-0.34095004
2018-08-17 02:00:00,2.071967,2.8508985
2018-08-17 02:30:00,2.0664005,2.2584856
2018-08-17 03:00:00,-0.52741176,0.12993401
2018-08-17 03:30:00,-36.998295,-20.610273
2018-08-17 04:00:00,-6.9293375,1.9542307
2018-08-17 04:30:00,-0.63545245,0.6653926
2018-08-17 05:00:00,1.2138892,7.6671195
2018-08-17 05:30:00,4.862526,1.157044
2018-08-17 06:00:00,-5.431562,0.49666604
2018-08-17 06:30:00,-25.33348,-14.413276
2018-08-17 07:00:00,-9.207193,2.1274052
2018-08-17 07:30:00,-3.7794871,3.0946949
2018-08-17 08:00:00,-21.409224,1.1573718
2018-08-17 08:30:00,-0.3185921,-8.321227
2018-08-17 09:00:00,1.1131147,-5.4777155
2018-08-17 09:30:00,-6.0273438,1.8352622
2018-08-17 10:00:00,-18.71112,-13.092941
2018-08-17 10:30:00,13.948177,3.5095158
2018-08-17 11:00:00,1.3907602,2.07101
2018-08-17 11:30:00,-0.9359103,3.1346
2018-08-17 12:00:00,-31.882307,-24.964428
2018-08-17 12:30:00,-1.0715172,1.0874579
2018-08-17 13:00:00,-5.1365395,6.5583553
2018-08-17 13:30:00,-6.00319,1.2245417
2018-08-17 14:00:00,-17.550365,-6.69837
2018-08-17 14:30:00,0.36890647,3.5921576
2018-08-17 15:00:00,-22.136845,-7.757944
2018-08-17 15:30:00,-0.54963857,-0.40317383
2018-08-17 16:00:00,3.0566204,5.164094
2018-08-17 16:30:00,5.919326,6.376949
2018-08-17 17:00:00,0.66987115,8.512229
2018-08-17 17:30:00,-5.4245796,-0.52174467
2018-08-17 18:00:00,-2.4726865,-1.3751734
2018-08-17 18:30:00,0.98949295,1.9220374
2018-08-17 19:00:00,0.39239603,14.53072
2018-08-17 19:30:00,0.015614541,-0.43866163
2018-08-17 20:00:00,0.8321747,-0.5591812
2018-08-17 20:30:00,22.984095,3.8585038
2018-08-17 21:00:00,21.211693,-6.169841
2018-08-17 21:30:00,3.7459671,0.11888832
2018-08-17 22:00:00,1.6407216,2.4671085
2018-08-17 22:30:00,-0.90425,-9.986256
2018-08-17 23:00:00,-6.9505377,-4.1853642
2018-08-17 23:30:00,15.703058,8.859574
2018-08-18 00:00:00,23.938433,2.929136
2018-08-18 00:30:00,2.9326708,2.088164
2018-08-18 01:00:00,0.669692,0.94422215
2018-08-18 01:30:00,8.223529,-1.7762222
2018-08-18 02:00:00,-3.9390335,-2.6002584
2018-08-18 02:30:00,-1.1692507,2.5687876
2018-08-18 03:00:00,41.220985,1.270529
2018-08-18 03:30:00,-0.9094146,2.9608836
2018-08-18 04:00:00,0.24596629,2.686524
2018-08-18 04:30:00,9.433789,-14.331287
2018-08-18 05:00:00,-3.4323123,3.7023785
2018-08-18 05:30:00,-4.785769,-6.6184545
2018-08-18 06:00:00,-8.711566,-3.2849824
2018-08-18 06:30:00,3.314748,3.3095222
2018-08-18 07:00:00,3.3441186,1.6664876
2018-08-18 07:30:00,4.0212183,3.3972237
2018-08-18 08:00:00,1.9624931,4.420934
2018-08-18 08:30:00,4.7636786,7.575914
2018-08-18 09:00:00,32.648247,1.4061928
2018-08-18 09:30:00,0.54992396,1.4552517
2018-08-18 10:00:00,-9.623583,-2.9456375
2018-08-18 10:30:00,-1.9007485,4.96334
2018-08-18 11:00:00,-14.167013,-16.918655
2018-08-18 11:30:00,-4.9151406,-1.9969352
2018-08-18 12:00:00,1.219045,1.3889688
2018-08-18 12:30:00,1.2698649,2.2813284
2018-08-18 13:00:00,5.2712083,7.7047706
2018-08-18 13:30:00,-11.152359,-6.0295897
2018-08-18 14:00:00,-21.433218,-11.823612
2018-08-18 14:30:00,0.19817005,0.9202694
2018-08-18 15:00:00,-2.842735,0.3590099
2018-08-18 15:30:00,1.1293075,-0.34244436
2018-08-18 16:00:00,-22.983656,-20.924583
2018-08-18 16:30:00,-16.995197,-14.552927
2018-08-18 17:00:00,-5.5356355,4.08938
2018-08-18 17:30:00,-4.263746,-0.77253187
2018-08-18 18:00:00,5.962687,10.000865
2018-08-18 18:30:00,-1.8588028,0.72965246
2018-08-18 19:00:00,2.3231387,9.35782
2018-08-18 19:30:00,5.7826486,5.3949175
2018-08-18 20:00:00,-12.977027,-4.575166
2018-08-18 20:30:00,-21.106466,-19.231087
2018-08-18 21:00:00,-23.670317,5.1808543
2018-08-18 21:30:00,-9.779031,-1.0132084
2018-08-18 22:00:00,4.422927,-0.41548228
2018-08-18 22:30:00,-1.4912319,-1.8034214
2018-08-18 23:00:00,1.2392358,4.1772213
2018-08-18 23:30:00,-11.034881,-6.283405
2018-08-19 00:00:00,0.61530244,2.8760834
2018-08-19 00:30:00,4.2731066,9.264875
2018-08-19 01:00:00,6.2009344,3.9341285
2018-08-19 01:30:00,-24.198133,3.099112
2018-08-19 02:00:00,0.665646,3.3899531
2018-08-19 02:30:00,-6.469753,-0.9637037
2018-08-19 03:00:00,2.3727875,3.4424987
2018-08-19 03:30:00,0.2914118,2.0328438
2018-08-19 04:00:00,-5.21053,3.2183864
2018-08-19 04:30:00,-1.8487053,1.1938426
2018-08-19 05:00:00,3.4768593,0.7697543
2018-08-19 05:30:00,-16.097015,-16.473345
2018-08-19 06:00:00,5.2264442,2.8418977
2018-08-19 06:30:00,-7.6979795,-1.8991493
2018-08-19 07:00:00,15.220674,5.1685724
2018-08-19 07:30:00,2.3844364,1.7683151
2018-08-19 08:00:00,3.4774666,3.1528637
2018-08-19 08:30:00,-4.94012,-2.1441166
2018-08-19 09:00:00,0.61498785,2.2271311
2018-08-19 09:30:00,-0.6413249,0.05662082
2018-08-19 10:00:00,32.05447,12.752603
2018-08-19 10:30:00,47.255466,0.6525205
2018-08-19 11:00:00,-0.79723173,2.411015
2018-08-19 11:30:00,3.963001,6.033475
2018-08-19 12:00:00,2.339668,1.5579575
2018-08-19 12:30:00,-0.8194717,-0.5511504
2018-08-19 13:00:00,-1.9609057,-0.75960296
2018-08-19 13:30:00,18.973562,1.9055693
2018-08-19 14:00:00,-17.278067,-21.314339
2018-08-19 14:30:00,-0.35456055,-0.044699863
2018-08-19 15:00:00,-0.57462245,6.4331737
2018-08-19 15:30:00,-14.471381,-15.240718
2018-08-19 16:00:00,-9.684566,-6.4625826
2018-08-19 16:30:00,1.5172484,1.5783448
2018-08-19 17:00:00,-22.12352,-7.100384
2018-08-19 17:30:00,-1.595716,1.7521836
2018-08-19 18:00:00,0.33514455,2.7535758
2018-08-19 18:30:00,0.18131313,0.9695425
2018-08-19 19:00:00,-5.9362955,3.462069
2018-08-19 19:30:00,0.5419805,2.1083636
2018-08-19 20:00:00,0.3041965,2.1341777
2018-08-19 20:30:00,-9.10753,-11.349172
2018-08-19 21:00:00,1.2205744,2.3681648
2018-08-19 21:30:00,0.46598887,2.600863
2018-08-19 22:00:00,3.403332,2.1230884
2018-08-19 22:30:00,2.2795675,2.551629
2018-08-19 23:00:00,0.55238825,1.2078946
2018-08-19 23:30:00,10.462708,1.3151487
2018-08-20 00:00:00,0.5594447,1.4317621
2018-08-20 00:30:00,-12.62381,-7.3202233
2018-08-20 01:00:00,15.228713,5.2837567
2018-08-20 01:30:00,0.15442856,2.9649122
2018-08-20 02:00:00,-29.565746,-8.033462
2018-08-20 02:30:00,5.782194,5.0623755
2018-08-20 03:00:00,-14.3510065,-4.6234956
2018-08-20 03:30:00,-5.5177517,2.080841
2018-08-20 04:00:00,8.589212,0.9532929
2018-08-20 04:30:00,-3.2871408,4.4921546
2018-08-20 05:00:00,-15.1382265,-0.79403776
2018-08-20 05:30:00,0.8971032,2.2468455
2018-08-20 06:00:00,-5.5181713,-5.342777
2018-08-20 06:30:00,-6.311172,-0.15411256
2018-08-20 07:00:00,1.5118741,4.631423
2018-08-20 07:30:00,5.400903,2.9924564
2018-08-20 08:00:00,-31.17905,-19.078207
2018-08-20 08:30:00,4.018409,5.6407933
2018-08-20 09:00:00,-1.2956164,4.4178495
2018-08-20 09:30:00,5.255151,5.7394533
2018-08-20 10:00:00,-46.60778,-25.819933
2018-08-20 10:30:00,0.8920566,4.134463
2018-08-20 11:00:00,0.4761913,1.5957217
2018-08-20 11:30:00,2.409927,-1.46277
2018-08-20 12:00:00,1.2025508,6.552186
2018-08-20 12:30:00,-1.8532975,2.094788
2018-08-20 13:00:00,-2.3717723,0.88923836
2018-08-20 13:30:00,-0.6391402,1.4292454
2018-08-20 14:00:00,-3.2688682,-0.6110759
2018-08-20 14:30:00,1.0830798,5.0042324
2018-08-20 15:00:00,0.7678668,0.5417183
2018-08-20 15:30:00,-7.4185076,7.6547894
2018-08-20 16:00:00,11.017952,0.2440263
2018-08-20 16:30:00,4.1962714,-0.6403374
2018-08-20 17:00:00,0.69814515,2.0794735
2018-08-20 17:30:00,-18.975384,-5.347063
2018-08-20 18:00:00,4.5447526,1.5829327
2018-08-20 18:30:00,-17.14543,-15.396398
2018-08-20 19:00:00,-7.673948,3.5138981
2018-08-20 19:30:00,-17.395481,-13.438161
2018-08-20 20:00:00,-0.8701255,3.1362298
2018-08-20 20:30:00,4.2179437,4.894003
2018-08-20 21:00:00,0.6600357,3.553384
2018-08-20 21:30:00,17.751358,9.220841
2018-08-20 22:00:00,-2.5127623,0.6950735
2018-08-20 22:30:00,9.158223,2.1905596
2018-08-20 23:00:00,2.8857527,3.4690993
2018-08-20 23:30:00,13.63001,2.9938765
2018-08-21 00:00:00,-3.152648,-0.38433325
2018-08-21 00:30:00,16.451168,3.0049353
2018-08-21 01:00:00,-6.855767,-6.5368834
2018-08-21 01:30:00,-4.3768897,2.3954034
2018-08-21 02:00:00,2.1497805,4.5571747
2018-08-21 02:30:00,-6.1523504,1.1146047
2018-08-21 03:00:00,0.08536672,-9.053791
2018-08-21 03:30:00,60.61397,5.6614995
2018-08-21 04:00:00,-6.978781,-9.48289
2018-08-21 04:30:00,9.958967,1.189587
2018-08-21 05:00:00,2.0398,3.7265453
2018-08-21 05:30:00,3.2283223,-0.18704867
2018-08-21 06:00:00,8.023186,16.249199
2018-08-21 06:30:00,1.3949112,2.8221614
2018-08-21 07:00:00,-1.3078812,0.315867
2018-08-21 07:30:00,1.3751005,1.5575643
2018-08-21 08:00:00,-1.4327482,2.4938533
2018-08-21 08:30:00,3.8950186,3.6220133
2018-08-21 09:00:00,6.8756437,3.1555204
2018-08-21 09:30:00,24.22493,2.8438158
2018-08-21 10:00:00,-2.4901857,0.3336284
2018-08-21 10:30:00,-9.939661,-6.797169
2018-08-21 11:00:00,0.24667412,-0.028017715
2018-08-21 11:30:00,3.8472092,3.446344
2018-08-21 12:00:00,-36.7215,-26.623453
2018-08-21 12:30:00,-26.851252,-19.115536
2018-08-21 13:00:00,-23.667267,-15.823707
2018-08-21 13:30:00,4.875608,2.4492335
2018-08-21 14:00:00,0.73830813,2.1421387
2018-08-21 14:30:00,-1.1490031,1.4377438
2018-08-21 15:00:00,1.5804858,1.985122
2018-08-21 15:30:00,2.6282544,4.661816
2018-08-21 16:00:00,5.3647556,3.9464107
2018-08-21 16:30:00,4.193095,8.240438
2018-08-21 17:00:00,1.533843,2.3569355
2018-08-21 17:30:00,1.56958,0.86046624
2018-08-21 18:00:00,-12.86917,-0.13375144
2018-08-21 18:30:00,-0.5445745,2.4716222
2018-08-21 19:00:00,-0.8356295,3.3273492
2018-08-21 19:30:00,1.3570813,4.623427
2018-08-21 20:00:00,-20.696405,-11.353314
2018-08-21 20:30:00,-7.4587536,-1.5595466
2018-08-21 21:00:00,-5.4988627,2.7992966
2018-08-21 21:30:00,1.4779898,1.7293363
2018-08-21 22:00:00,1.661275,1.9992305
2018-08-21 22:30:00,-1.3323233,3.3351178
2018-08-21 23:00:00,-7.2085166,-5.6206365
2018-08-21 23:30:00,7.0027614,0.69620955
2018-08-22 00:00:00,1.1057743,1.9067141
2018-08-22 00:30:00,3.6771586,2.856238
2018-08-22 01:00:00,0.5044828,1.8391247
2018-08-22 01:30:00,8.131445,6.906085
2018-08-22 02:00:00,8.441,2.6739838
2018-08-22 02:30:00,1.1045464,2.6587348
2018-08-22 03:00:00,-7.8080516,-6.772806
2018-08-22 03:30:00,-16.318274,-8.300354
2018-08-22 04:00:00,-30.208765,-18.620415
2018-08-22 04:30:00,8.687152,5.4592166
2018-08-22 05:00:00,17.057598,2.6821196
2018-08-22 05:30:00,-18.37727,-13.370109
2018-08-22 06:00:00,-0.1509448,9.576694
2018-08-22 06:30:00,-2.2040813,-0.83507025
2018-08-22 07:00:00,2.053323,1.2905756
2018-08-22 07:30:00,0.6991894,0.74459565
2018-08-22 08:00:00,-2.5582514,-5.5426087
2018-08-22 08:30:00,13.718642,6.3553033
2018-08-22 09:00:00,-21.966621,-13.79752
2018-08-22 09:30:00,-6.358238,2.9540062
2018-08-22 10:00:00,6.2627387,7.346436
2018-08-22 10:30:00,-2.8225093,-2.550343
2018-08-22 11:00:00,6.7987742,1.2850177
2018-08-22 11:30:00,-6.676593,-1.7680821
2018-08-22 12:00:00,-10.897102,-8.014683
2018-08-22 12:30:00,32.01227,13.206726
2018-08-22 13:00:00,1.4865974,0.36698833
2018-08-22 13:30:00,2.8180673,4.407398
2018-08-22 14:00:00,1.262804,0.581357
2018-08-22 14:30:00,4.4980445,7.714562
2018-08-22 15:00:00,2.9877725,8.586272
2018-08-22 15:30:00,-34.823006,-17.148487
2018-08-22 16:00:00,-2.1389127,0.8777033
2018-08-22 16:30:00,10.501106,10.158445
2018-08-22 17:00:00,3.9631627,4.6032753
2018-08-22 17:30:00,11.848375,3.8168116
2018-08-22 18:00:00,22.677681,2.3818934
2018-08-22 18:30:00,3.0934887,13.411617
2018-08-22 19:00:00,13.605083,0.87108374
2018-08-22 19:30:00,-11.195602,-11.880641
2018-08-22 20:00:00,21.169485,22.597826
2018-08-22 20:30:00,-3.3441215,7.1627316
2018-08-22 21:00:00,-5.074355,-1.5573838
2018-08-22 21:30:00,0.68023086,3.9643118
2018-08-22 22:00:00,4.665399,11.326668
2018-08-22 22:30:00,0.39087987,-0.8753643
2018-08-22 23:00:00,2.6476412,-1.1927097
2018-08-22 23:30:00,1.3758957,5.091589
2018-08-23 00:00:00,2.3639266,3.1386547
2018-08-23 00:30:00,0.791151,2.9283144
2018-08-23 01:00:00,6.308757,5.480635
2018-08-23 01:30:00,3.0801928,2.000336
2018-08-23 02:00:00,3.9746323,14.7195015
2018-08-23 02:30:00,-1.8746592,-1.5964893
2018-08-23 03:00:00,-14.467353,-12.772119
2018-08-23 03:30:00,-0.90891653,6.173023
2018-08-23 04:00:00,-0.49669963,0.62694675
2018-08-23 04:30:00,-18.697874,-10.1017685
2018-08-23 05:00:00,-2.6278987,-4.604686
2018-08-23 05:30:00,-1.3314013,7.245325
2018-08-23 06:00:00,-17.43263,-4.5598474
2018-08-23 06:30:00,0.8727572,0.9709713
2018-08-23 07:00:00,0.41912332,-1.8347147
2018-08-23 07:30:00,2.3818889,3.5180447
2018-08-23 08:00:00,-3.7958415,13.436749
2018-08-23 08:30:00,-19.157345,-9.354182
2018-08-23 09:00:00,0.3442328,1.6267747
2018-08-23 09:30:00,-2.8533132,-3.934035
2018-08-23 10:00:00,1.4978397,2.3386543
2018-08-23 10:30:00,-0.6039539,2.1448562
2018-08-23 11:00:00,-0.36680782,4.40638
2018-08-23 11:30:00,0.44140258,2.5439696
2018-08-23 12:00:00,-2.9670734,-0.058043838
2018-08-23 12:30:00,-6.635399,-8.888101
2018-08-23 13:00:00,-6.1225343,-11.457466
2018-08-23 13:30:00,0.23098817,1.4927844
2018-08-23 14:00:00,-27.677603,-12.331405
2018-08-23 14:30:00,1.691786,2.1005075
2018-08-23 15:00:00,1.1655992,1.6154755
2018-08-23 15:30:00,-8.705799,-7.4217057
2018-08-23 16:00:00,2.4835985,7.092861
2018-08-23 16:30:00,-2.9684715,4.2484064
2018-08-23 17:00:00,1.7425098,2.5130522
2018-08-23 17:30:00,-16.605392,3.8768463
2018-08-23 18:00:00,4.0104127,2.4420416
2018-08-23 18:30:00,-8.471476,-17.375723
2018-08-23 19:00:00,8.702204,6.2744923
2018-08-23 19:30:00,3.8595963,4.284742
2018-08-23 20:00:00,21.976156,5.3041706
2018-08-23 20:30:00,1.4430001,2.712054
2018-08-23 21:00:00,1.6908292,1.6851404
2018-08-23 21:30:00,-2.4002428,5.9428244
2018-08-23 22:00:00,-0.42925882,1.5360016
2018-08-23 22:30:00,7.496794,5.834368
2018-08-23 23:00:00,1.2889327,-0.591676
2018-08-23 23:30:00,2.0973704,4.9787855
2018-08-24 00:00:00,3.065691,2.001437
2018-08-24 00:30:00,0.77394015,0.8916415
2018-08-24 01:00:00,-28.413525,-4.641886
2018-08-24 01:30:00,-2.0110788,0.436557
2018-08-24 02:00:00,1.9402356,5.448149
2018-08-24 02:30:00,-13.625516,0.42530155
2018-08-24 03:00:00,21.15168,2.4474597
2018-08-24 03:30:00,-0.97857696,-0.30852953
2018-08-24 04:00:00,0.06358555,2.726665
2018-08-24 04:30:00,-13.6383705,-4.399536
2018-08-24 05:00:00,-12.530812,6.3753934
2018-08-24 05:30:00,2.844458,2.0515358
2018-08-24 06:00:00,-26.65287,-16.429632
2018-08-24 06:30:00,-0.36563683,2.7426088
2018-08-24 07:00:00,1.0329068,0.96102667
2018-08-24 07:30:00,-1.1835821,0.46785897
2018-08-24 08:00:00,32.45583,-10.716863
2018-08-24 08:30:00,2.086163,4.508103
2018-08-24 09:00:00,-7.3895125,-9.799925
2018-08-24 09:30:00,0.49850115,0.8709745
2018-08-24 10:00:00,32.349926,5.5471015
2018-08-24 10:30:00,-4.8548265,-10.638708
2018-08-24 11:00:00,-4.54549,-2.525892
2018-08-24 11:30:00,14.485239,5.0656395
2018-08-24 12:00:00,0.6435284,6.195752
2018-08-24 12:30:00,-1.173939,2.4952297
2018-08-24 13:00:00,16.501537,0.33679178
2018-08-24 13:30:00,1.774821,4.8012853
2018-08-24 14:00:00,13.354199,7.714038
2018-08-24 14:30:00,-0.7083244,0.6821621
2018-08-24 15:00:00,-7.484895,-9.43432
2018-08-24 15:30:00,-0.88144207,8.3130045
2018-08-24 16:00:00,20.064486,5.512099
2018-08-24 16:30:00,-2.303663,5.3644104
2018-08-24 17:00:00,-10.013739,-9.635341
2018-08-24 17:30:00,-2.502315,0.07678533
2018-08-24 18:00:00,1.158119,2.175883
2018-08-24 18:30:00,0.3135469,-1.4734662
2018-08-24 19:00:00,-2.6807983,-0.09721062
2018-08-24 19:30:00,3.120264,2.7580283
2018-08-24 20:00:00,-21.733604,-5.8563976
2018-08-24 20:30:00,-5.2047143,2.3971336
2018-08-24 21:00:00,-3.6609468,4.835008
2018-08-24 21:30:00,0.930616,3.2313285
2018-08-24 22:00:00,-16.5043,-14.259381
2018-08-24 22:30:00,-2.0579925,1.7679393
2018-08-24 23:00:00,-1.8411201,-0.92828584
2018-08-24 23:30:00,0.71298784,2.0363612
2018-08-25 00:00:00,-16.824198,-11.643342
2018-08-25 00:30:00,2.0922756,3.8932576
2018-08-25 01:00:00,-6.377446,1.7199903
2018-08-25 01:30:00,1.3061348,2.946788
2018-08-25 02:00:00,0.67962354,0.71603763
2018-08-25 02:30:00,-24.23509,-26.981007
2018-08-25 03:00:00,-1.9986699,-0.58857816
2018-08-25 03:30:00,0.8319694,3.1273425
2018-08-25 04:00:00,-8.977043,-8.958447
2018-08-25 04:30:00,7.885189,2.235813
2018-08-25 05:00:00,0.6556227,1.2856776
2018-08-25 05:30:00,2.0109098,2.8511782
2018-08-25 06:00:00,1.0414226,2.0806663
2018-08-25 06:30:00,-0.3467438,3.933342
2018-08-25 07:00:00,0.22339426,0.7546102
2018-08-25 07:30:00,-14.63774,-3.9190001
2018-08-25 08:00:00,-5.025226,2.3106992
2018-08-25 08:30:00,-1.3207576,1.6548345
2018-08-25 09:00:00,2.48286,4.2434955
2018-08-25 09:30:00,-3.8949208,0.65244186
2018-08-25 10:00:00,0.4901863,1.9978541
2018-08-25 10:30:00,45.450623,-11.606465
2018-08-25 11:00:00,-4.813204,-2.9137368
2018-08-25 11:30:00,-4.143244,-0.47230995
2018-08-25 12:00:00,5.314539,2.1218824
2018-08-25 12:30:00,-12.620523,-2.6983151
2018-08-25 13:00:00,-13.847807,-11.536398
2018-08-25 13:30:00,1.3001008,2.967219
2018-08-25 14:00:00,0.4867345,2.8036222
2018-08-25 14:30:00,10.159952,3.4211938
2018-08-25 15:00:00,1.9450725,3.661167
2018-08-25 15:30:00,18.272423,2.5750096
2018-08-25 16:00:00,-2.5419233,2.778988
2018-08-25 16:30:00,-3.3252501,5.295851
2018-08-25 17:00:00,0.33064413,2.7830427
2018-08-25 17:30:00,0.3285949,2.190302
2018-08-25 18:00:00,-9.844864,-8.439439
2018-08-25 18:30:00,4.469696,4.0479894
2018-08-25 19:00:00,-9.17725,2.6479251
2018-08-25 19:30:00,5.6682506,2.5981495
2018-08-25 20:00:00,2.1034262,2.326464
2018-08-25 20:30:00,-32.000076,1.6515925
2018-08-25 21:00:00,-46.71977,6.4446125
2018-08-25 21:30:00,-5.6818466,5.132744
2018-08-25 22:00:00,3.1871326,3.460212
2018-08-25 22:30:00,3.1359282,0.8953816
2018-08-25 23:00:00,-3.472532,-0.14888246
2018-08-25 23:30:00,-3.926891,0.3175667
2018-08-26 00:00:00,4.5428915,-7.003918
2018-08-26 00:30:00,-8.584623,-1.9259553
2018-08-26 01:00:00,0.3697279,2.4623854
2018-08-26 01:30:00,0.7348826,2.274084
2018-08-26 02:00:00,31.611296,22.785639
2018-08-26 02:30:00,1.4578778,1.9500098
2018-08-26 03:00:00,-0.60375726,0.28719538
2018-08-26 03:30:00,8.291416,4.466266
2018-08-26 04:00:00,0.737845,2.4436495
2018-08-26 04:30:00,3.5320396,7.0044827
2018-08-26 05:00:00,1.8330818,2.6772697
2018-08-26 05:30:00,8.727918,4.247061
2018-08-26 06:00:00,1.0558108,1.3246346
2018-08-26 06:30:00,-15.707095,-12.528344
2018-08-26 07:00:00,1.0063936,0.59358245
2018-08-26 07:30:00,13.778406,6.752791
2018-08-26 08:00:00,-1.9286424,-3.2740765
2018-08-26 08:30:00,-9.327495,-3.1418996
2018-08-26 09:00:00,-5.9473543,0.9936525
2018-08-26 09:30:00,17.906923,0.9704732
2018-08-26 10:00:00,0.36786655,1.6842577
2018-08-26 10:30:00,2.287083,-0.4480208
2018-08-26 11:00:00,-2.290861,2.155876
2018-08-26 11:30:00,12.200676,2.1866055
2018-08-26 12:00:00,4.6361637,6.754635
2018-08-26 12:30:00,-5.3472204,-1.8118368
2018-08-26 13:00:00,0.04545278,1.7395387
2018-08-26 13:30:00,1.0043662,0.31038785
2018-08-26 14:00:00,-1.4746284,0.8639748
2018-08-26 14:30:00,5.0973654,-0.4528183
2018-08-26 15:00:00,3.273047,6.182443
2018-08-26 15:30:00,-18.226791,-9.48767
2018-08-26 16:00:00,31.611296,19.787073
2018-08-26 16:30:00,2.0985107,2.1790946
2018-08-26 17:00:00,-4.906909,-0.58198047
2018-08-26 17:30:00,-3.0815501,0.29328623
2018-08-26 18:00:00,1.8129698,5.169368
2018-08-26 18:30:00,2.6715283,2.9010236
2018-08-26 19:00:00,-0.12914616,0.7028466
2018-08-26 19:30:00,8.428189,0.51366276
2018-08-26 20:00:00,-8.308359,-8.634889
2018-08-26 20:30:00,0.88482094,4.445438
2018-08-26 21:00:00,0.6135372,12.274889
2018-08-26 21:30:00,5.439432,8.673231
2018-08-26 22:00:00,-26.285217,-7.609443
2018-08-26 22:30:00,-1.9463819,2.2029774
2018-08-26 23:00:00,-0.2560406,-1.841509
2018-08-26 23:30:00,1.2114381,2.6180475
2018-08-27 00:00:00,-10.093536,-5.5466723
2018-08-27 00:30:00,-10.193061,-0.068469085
2018-08-27 01:00:00,-4.9221315,-0.7386607
2018-08-27 01:30:00,-18.107769,-5.439016
2018-08-27 02:00:00,-10.414871,0.7004347
2018-08-27 02:30:00,-18.483356,-20.34429
2018-08-27 03:00:00,-7.1937613,-2.2417102
2018-08-27 03:30:00,3.1071343,1.4013385
2018-08-27 04:00:00,-20.262878,-26.927786
2018-08-27 04:30:00,0.7538586,-1.2060536
2018-08-27 05:00:00,-5.06611,2.3305185
2018-08-27 05:30:00,-8.497486,2.4480364
2018-08-27 06:00:00,4.7977333,3.1201985
2018-08-27 06:30:00,0.3811319,2.12737
2018-08-27 07:00:00,0.53715235,1.0649209
2018-08-27 07:30:00,0.88361067,1.5921258
2018-08-27 08:00:00,14.0977745,7.820296
2018-08-27 08:30:00,-1.7037174,3.6591396
2018-08-27 09:00:00,0.1365492,3.282572
2018-08-27 09:30:00,12.023154,5.1566353
2018-08-27 10:00:00,-28.59401,4.1690507
2018-08-27 10:30:00,-4.9036493,-3.9222028
2018-08-27 11:00:00,-2.8670328,-0.8325098
2018-08-27 11:30:00,4.993908,5.4859877
2018-08-27 12:00:00,2.8654964,2.8542018
2018-08-27 12:30:00,1.7995603,6.1702223
2018-08-27 13:00:00,-16.332268,-12.753286
2018-08-27 13:30:00,1.9402182,4.0665984
2018-08-27 14:00:00,-7.505654,-3.7323155
2018-08-27 14:30:00,0.307089,4.8952174
2018-08-27 15:00:00,5.3344193,3.5939052
2018-08-27 15:30:00,-0.06439249,4.3811035
2018-08-27 16:00:00,0.73031664,1.6881421
2018-08-27 16:30:00,6.178109,0.7258861
2018-08-27 17:00:00,1.7140653,3.429845
2018-08-27 17:30:00,4.2588844,5.2283535
2018-08-27 18:00:00,1.018903,4.2708473
2018-08-27 18:30:00,-2.270609,-6.088593
2018-08-27 19:00:00,4.013965,0.76985043
2018-08-27 19:30:00,-0.010378677,2.3178475
2018-08-27 20:00:00,-2.0645902,-0.040439755
2018-08-27 20:30:00,-2.9428935,2.2341526
2018-08-27 21:00:00,0.8966182,4.8658466
2018-08-27 21:30:00,3.4441636,-0.39343897
2018-08-27 22:00:00,-15.37558,-4.7111664
2018-08-27 22:30:00,-6.2638564,-1.158786
2018-08-27 23:00:00,-1.3807793,0.47713944
2018-08-27 23:30:00,-3.2000117,0.61477375
2018-08-28 00:00:00,-9.228826,2.1398883
2018-08-28 00:30:00,-8.7055235,-6.935896
2018-08-28 01:00:00,-14.169679,-1.2080417
2018-08-28 01:30:00,1.4729345,2.4897199
2018-08-28 02:00:00,0.2805671,1.8775312
2018-08-28 02:30:00,6.1297884,6.9710135
2018-08-28 03:00:00,-0.13475639,0.14026314
2018-08-28 03:30:00,1.8897654,1.6237248
2018-08-28 04:00:00,0.10915779,4.5498385
2018-08-28 04:30:00,4.0677953,5.0649667
2018-08-28 05:00:00,1.1937335,2.4731514
2018-08-28 05:30:00,2.225676,-1.714715
2018-08-28 06:00:00,9.90761,8.099278
2018-08-28 06:30:00,2.2948778,0.71880776
2018-08-28 07:00:00,18.758118,1.3638189
2018-08-28 07:30:00,32.202198,9.568208
2018-08-28 08:00:00,-13.126852,-3.4401333
2018-08-28 08:30:00,2.1981666,3.9343994
2018-08-28 09:00:00,2.80828,-0.2215621
2018-08-28 09:30:00,-2.306162,0.6695915
2018-08-28 10:00:00,0.59711725,0.78216326
2018-08-28 10:30:00,8.813675,5.5491204
2018-08-28 11:00:00,2.7998908,5.761759
2018-08-28 11:30:00,0.83474827,0.786017
2018-08-28 12:00:00,-3.675383,2.2172651
2018-08-28 12:30:00,1.5262011,-0.799045
2018-08-28 13:00:00,-9.914345,-2.4463964
2018-08-28 13:30:00,12.500627,4.899534
2018-08-28 14:00:00,22.25801,8.9927435
2018-08-28 14:30:00,-11.157663,3.8352983
2018-08-28 15:00:00,14.519023,0.7285339
2018-08-28 15:30:00,-4.735958,-1.7328172
2018-08-28 16:00:00,4.381916,3.2995558
2018-08-28 16:30:00,1.8038248,3.715574
2018-08-28 17:00:00,-5.696755,-1.7685715
2018-08-28 17:30:00,2.400511,3.4759636
2018-08-28 18:00:00,-3.0327926,5.8228245
2018-08-28 18:30:00,-3.844577,-6.851559
2018-08-28 19:00:00,5.203099,1.5454525
2018-08-28 19:30:00,-9.941505,-3.986135
2018-08-28 20:00:00,-2.0856721,2.0060422
2018-08-28 20:30:00,2.6851082,2.7571588
2018-08-28 21:00:00,0.47661948,3.915384
2018-08-28 21:30:00,2.2924135,2.4039848
2018-08-28 22:00:00,-2.149482,2.2487419
2018-08-28 22:30:00,-20.768124,-13.45954
2018-08-28 23:00:00,10.216575,1.3937751
2018-08-28 23:30:00,0.5797141,3.9259055
2018-08-29 00:00:00,-0.7651914,0.9008171
2018-08-29 00:30:00,2.522726,1.787313
2018-08-29 01:00:00,-12.821745,0.0890894
2018-08-29 01:30:00,2.728701,4.1797204
2018-08-29 02:00:00,-3.2648702,-1.705841
2018-08-29 02:30:00,-15.553091,-4.526059
2018-08-29 03:00:00,31.90675,14.199492
2018-08-29 03:30:00,-1.3250177,-0.061430078
2018-08-29 04:00:00,-19.828419,-14.136025
2018-08-29 04:30:00,-7.1998787,-1.5690149
2018-08-29 05:00:00,-16.726778,-0.6227464
2018-08-29 05:30:00,-0.92687887,-1.3160825
2018-08-29 06:00:00,0.4587008,0.45217302
2018-08-29 06:30:00,-31.836369,0.6962576
2018-08-29 07:00:00,-16.333172,-2.4912477
2018-08-29 07:30:00,-26.697916,3.344005
2018-08-29 08:00:00,0.30547673,0.8399347
2018-08-29 08:30:00,-1.1067604,-1.7517715
2018-08-29 09:00:00,1.8163997,2.2837052
2018-08-29 09:30:00,9.440942,-1.5612812
2018-08-29 10:00:00,0.8173102,1.955524
2018-08-29 10:30:00,-2.0882545,-5.348103
2018-08-29 11:00:00,20.468424,5.322504
2018-08-29 11:30:00,13.457377,7.5027885
2018-08-29 12:00:00,-1.9258242,-1.0288156
2018-08-29 12:30:00,4.5987096,4.112437
2018-08-29 13:00:00,-5.2003584,-5.626343
2018-08-29 13:30:00,-8.301556,-6.0319405
2018-08-29 14:00:00,-9.299644,8.896718
2018-08-29 14:30:00,-27.168463,-13.253294
2018-08-29 15:00:00,-14.145407,-13.313757
2018-08-29 15:30:00,0.81381476,2.3711884
2018-08-29 16:00:00,2.9965987,2.418325
2018-08-29 16:30:00,7.732415,14.203482
2018-08-29 17:00:00,9.935683,9.913871
2018-08-29 17:30:00,2.2253134,4.2225313
2018-08-29 18:00:00,-6.3024726,0.36770052
2018-08-29 18:30:00,5.313167,9.211062
2018-08-29 19:00:00,17.66169,3.4362245
2018-08-29 19:30:00,-1.6892111,4.4289174
2018-08-29 20:00:00,-2.5578845,1.8726726
2018-08-29 20:30:00,13.480845,2.839346
2018-08-29 21:00:00,-2.092982,0.5273694
2018-08-29 21:30:00,-1.3362163,2.5327492
2018-08-29 22:00:00,3.8898628,3.7437563
2018-08-29 22:30:00,1.4620067,1.7552902
2018-08-29 23:00:00,-16.668697,-8.630196
2018-08-29 23:30:00,3.5401492,4.4207377
2018-08-30 00:00:00,-8.552186,1.5570618
2018-08-30 00:30:00,-11.861766,-3.1218967
2018-08-30 01:00:00,1.8801835,3.8270621
2018-08-30 01:30:00,6.1607537,1.2534974
2018-08-30 02:00:00,-6.728435,-1.9535084
2018-08-30 02:30:00,1.1483229,3.1875172
2018-08-30 03:00:00,2.7963386,3.0499396
2018-08-30 03:30:00,0.48359734,4.3338532
2018-08-30 04:00:00,-1.8602185,0.21017264
2018-08-30 04:30:00,1.1121885,0.7024577
2018-08-30 05:00:00,0.5153712,2.2868862
2018-08-30 05:30:00,-6.961776,-1.079098
2018-08-30 06:00:00,3.2203002,2.3103585
2018-08-30 06:30:00,-4.6209483,-0.61513066
2018-08-30 07:00:00,8.957006,3.471284
2018-08-30 07:30:00,26.901922,2.50174
2018-08-30 08:00:00,0.7772696,2.1722915
2018-08-30 08:30:00,-26.112122,-20.811611
2018-08-30 09:00:00,-14.582149,-11.918842
2018-08-30 09:30:00,-26.13217,-20.16045
2018-08-30 10:00:00,0.9996866,1.5213861
2018-08-30 10:30:00,1.8390766,1.7574748
2018-08-30 11:00:00,0.3562135,0.41954276
2018-08-30 11:30:00,2.0241096,4.5976653
2018-08-30 12:00:00,2.727303,4.1771994
2018-08-30 12:30:00,-5.3045974,-13.99279
2018-08-30 13:00:00,-5.6060605,6.2240305
2018-08-30 13:30:00,-12.210897,-10.338944
2018-08-30 14:00:00,-14.602066,2.6150677
2018-08-30 14:30:00,-1.5401336,-1.0153843
2018-08-30 15:00:00,0.405657,1.7779889
2018-08-30 15:30:00,3.2963443,5.026193
2018-08-30 16:00:00,0.65507656,-2.6628535
2018-08-30 16:30:00,2.03197,0.35409
2018-08-30 17:00:00,-0.65771866,2.6336985
2018-08-30 17:30:00,-3.0319755,-2.5945432
2018-08-30 18:00:00,1.669887,1.976724
2018-08-30 18:30:00,-19.48677,-18.644388
2018-08-30 19:00:00,0.079092346,6.6461444
2018-08-30 19:30:00,-1.5310279,-0.027126368
2018-08-30 20:00:00,3.7328198,-1.7077852
2018-08-30 20:30:00,-9.774557,-10.582697
2018-08-30 21:00:00,-0.7773119,-2.8650537
2018-08-30 21:30:00,4.082804,-1.1411296
2018-08-30 22:00:00,16.879456,8.220575
2018-08-30 22:30:00,-2.8026855,-0.5240561
2018-08-30 23:00:00,0.7903951,6.3145022
2018-08-30 23:30:00,4.3381834,0.86188626
2018-08-31 00:00:00,0.5924333,3.5931842
2018-08-31 00:30:00,0.75666374,0.2929673
2018-08-31 01:00:00,-23.744303,-10.411581
2018-08-31 01:30:00,-1.788605,1.0265231
2018-08-31 02:00:00,3.5905495,4.9812236
2018-08-31 02:30:00,2.2316751,1.6923847
2018-08-31 03:00:00,2.93531,3.1869884
2018-08-31 03:30:00,-19.596361,-8.135298
2018-08-31 04:00:00,-5.727926,-4.0739765
2018-08-31 04:30:00,-3.751213,1.7876931
2018-08-31 05:00:00,0.62546116,1.9927334
2018-08-31 05:30:00,0.58968496,0.5633072
2018-08-31 06:00:00,-5.695038,-7.621817
2018-08-31 06:30:00,-12.120068,1.524296
2018-08-31 07:00:00,2.4777129,1.8217784
2018-08-31 07:30:00,2.09647,2.5416539
2018-08-31 08:00:00,-1.9951482,4.07566
2018-08-31 08:30:00,0.70885,-6.5360923
2018-08-31 09:00:00,-3.3789668,-8.446631
2018-08-31 09:30:00,-9.742538,-6.5746255
2018-08-31 10:00:00,2.148308,-0.5379506
2018-08-31 10:30:00,31.008738,4.982967
2018-08-31 11:00:00,-22.822329,7.51518
2018-08-31 11:30:00,-0.9543664,3.1853192
2018-08-31 12:00:00,-8.952487,-3.7544026
2018-08-31 12:30:00,12.0127945,-4.6173744
2018-08-31 13:00:00,0.65600723,2.5827215
2018-08-31 13:30:00,0.57331306,0.3138309
2018-08-31 14:00:00,-14.660753,-25.579979
2018-08-31 14:30:00,-0.4030122,-1.2627153
2018-08-31 15:00:00,-7.2176137,0.60440093
2018-08-31 15:30:00,3.0425858,6.2523966
2018-08-31 16:00:00,13.858732,2.1932862
2018-08-31 16:30:00,1.252606,-6.23099
2018-08-31 17:00:00,-2.3904424,0.89202166
2018-08-31 17:30:00,15.445804,2.1827035
2018-08-31 18:00:00,-1.2077882,2.7557955
2018-08-31 18:30:00,3.8758502,0.40908256
2018-08-31 19:00:00,5.5241756,4.5549464
2018-08-31 19:30:00,0.56662357,1.278206
2018-08-31 20:00:00,-11.667854,-0.7852554
2018-08-31 20:30:00,2.7801633,3.2563996
2018-08-31 21:00:00,-19.066362,-6.5987315
2018-08-31 21:30:00,-20.115772,-14.146385
2018-08-31 22:00:00,2.587095,-0.3747775
2018-08-31 22:30:00,3.2857094,3.6691103
2018-08-31 23:00:00,3.1638176,4.882057
2018-08-31 23:30:00,23.701649,1.2488745
2018-09-01 00:00:00,-8.168344,3.6318486
2018-09-01 00:30:00,-8.313554,-7.624255
2018-09-01 01:00:00,-14.046732,-0.27591673
2018-09-01 01:30:00,-2.9753838,0.6723529
2018-09-01 02:00:00,-22.191856,-5.3767924
2018-09-01 02:30:00,-0.7036623,0.3703265
2018-09-01 03:00:00,0.41523898,3.2553992
2018-09-01 03:30:00,-14.923012,0.44525197
2018-09-01 04:00:00,6.528146,18.063507
2018-09-01 04:30:00,4.58589,4.1461816
2018-09-01 05:00:00,0.44610837,3.8050973
2018-09-01 05:30:00,0.8848078,2.8477395
2018-09-01 06:00:00,-0.9622356,3.369723
2018-09-01 06:30:00,14.971739,2.683177
2018-09-01 07:00:00,4.3131385,1.2530385
2018-09-01 07:30:00,0.8262281,-0.14186531
2018-09-01 08:00:00,1.1595565,4.251793
2018-09-01 08:30:00,-28.927013,-19.386059
2018-09-01 09:00:00,1.9494069,1.4126506
2018-09-01 09:30:00,0.9977903,1.8331736
2018-09-01 10:00:00,-2.3313034,-1.6302295
2018-09-01 10:30:00,-0.18457562,2.5977125
2018-09-01 11:00:00,-24.440655,-23.900734
2018-09-01 11:30:00,-17.08607,-5.3763247
2018-09-01 12:00:00,4.6535187,8.234618
2018-09-01 12:30:00,3.4411442,3.7231417
2018-09-01 13:00:00,-24.263424,2.6474445
2018-09-01 13:30:00,1.0583931,2.3873987
2018-09-01 14:00:00,1.0435941,0.28520298
2018-09-01 14:30:00,-9.805405,4.2371335
2018-09-01 15:00:00,-5.042638,-2.018594
2018-09-01 15:30:00,-3.2615016,6.80303
2018-09-01 16:00:00,0.5262902,4.8808208
2018-09-01 16:30:00,7.3446097,-12.32177
2018-09-01 17:00:00,1.062225,-1.1143106
2018-09-01 17:30:00,-2.2001665,-0.7159008
2018-09-01 18:00:00,-18.484877,-7.271178
2018-09-01 18:30:00,-6.4426365,-0.24139893
2018-09-01 19:00:00,-15.536686,-7.4091263
2018-09-01 19:30:00,1.2774676,6.4123583
2018-09-01 20:00:00,-3.133576,-0.570725
2018-09-01 20:30:00,-24.548553,-17.94928
2018-09-01 21:00:00,1.0034661,3.0287395
2018-09-01 21:30:00,7.5680537,2.0862634
2018-09-01 22:00:00,-4.0312443,-2.2632117
2018-09-01 22:30:00,-16.370157,1.7694206
2018-09-01 23:00:00,-7.2625217,1.1885645
2018-09-01 23:30:00,-15.957052,-18.311262
2018-09-02 00:00:00,-17.158663,-8.907688
2018-09-02 00:30:00,2.2719343,2.9710205
2018-09-02 01:00:00,-0.6596237,-5.560986
2018-09-02 01:30:00,3.1778433,2.8335652
2018-09-02 02:00:00,0.12982479,0.993587
2018-09-02 02:30:00,15.1581,2.5640774
2018-09-02 03:00:00,-4.4421415,2.4997914
2018-09-02 03:30:00,-19.240252,5.229324
2018-09-02 04:00:00,1.6823046,1.8787459
2018-09-02 04:30:00,2.2809658,3.8847024
2018-09-02 05:00:00,9.652838,-0.6123736
2018-09-02 05:30:00,1.9185026,2.9173388
2018-09-02 06:00:00,-15.453003,-10.079328
2018-09-02 06:30:00,-19.042543,-15.602399
2018-09-02 07:00:00,-10.20603,-14.834714
2018-09-02 07:30:00,0.6027668,-0.65060973
2018-09-02 08:00:00,1.3889557,2.3356612
2018-09-02 08:30:00,4.5362983,8.3090725
2018-09-02 09:00:00,6.4701996,4.863889
2018-09-02 09:30:00,-2.0990644,-1.7746319
2018-09-02 10:00:00,-0.49091026,2.0250316
2018-09-02 10:30:00,16.13855,11.342349
2018-09-02 11:00:00,-3.0232806,-1.8122869
2018-09-02 11:30:00,0.9855212,-0.36571547
2018-09-02 12:00:00,2.8199198,2.2480865
2018-09-02 12:30:00,11.886044,3.9911308
2018-09-02 13:00:00,0.75890523,7.042767
2018-09-02 13:30:00,5.960839,3.6162982
2018-09-02 14:00:00,2.272498,2.0974576
2018-09-02 14:30:00,-4.4459953,-0.47492284
2018-09-02 15:00:00,-14.808478,1.6258876
2018-09-02 15:30:00,1.8859247,5.749765
2018-09-02 16:00:00,-4.9487324,-11.366308
2018-09-02 16:30:00,1.4365641,2.259237
2018-09-02 17:00:00,2.5324302,4.178191
2018-09-02 17:30:00,-34.14289,-17.181227
2018-09-02 18:00:00,-33.601494,-20.395447
2018-09-02 18:30:00,2.2686834,5.004626
2018-09-02 19:00:00,-5.817344,-17.012915
2018-09-02 19:30:00,-9.49325,-5.7749968
2018-09-02 20:00:00,-3.1844044,-12.297756
2018-09-02 20:30:00,1.5162696,1.6237466
2018-09-02 21:00:00,-2.1435049,-2.8107207
2018-09-02 21:30:00,44.57736,2.0035517
2018-09-02 22:00:00,-2.5511818,4.4737816
2018-09-02 22:30:00,-1.2593465,2.57944
2018-09-02 23:00:00,-40.528393,-18.953577
2018-09-02 23:30:00,-19.526794,-15.514132
2018-09-03 00:00:00,-8.061618,-3.1138744
2018-09-03 00:30:00,-3.3752136,0.24411368
2018-09-03 01:00:00,0.4801368,-1.331716
2018-09-03 01:30:00,0.3790914,2.779722
2018-09-03 02:00:00,15.406585,2.330427
2018-09-03 02:30:00,-1.1783564,-0.80680937
2018-09-03 03:00:00,4.7031546,3.9204524
2018-09-03 03:30:00,-10.424597,1.8591363
2018-09-03 04:00:00,-5.133538,2.5559766
2018-09-03 04:30:00,2.6276515,-0.28854415
2018-09-03 05:00:00,-22.143677,-12.744137
2018-09-03 05:30:00,1.1147357,2.2959135
2018-09-03 06:00:00,3.8726823,4.91945
2018-09-03 06:30:00,0.055336233,1.7650119
2018-09-03 07:00:00,1.1032094,1.7596594
2018-09-03 07:30:00,-2.6879816,0.7905524
2018-09-03 08:00:00,1.7564917,3.1325464
2018-09-03 08:30:00,2.4934776,2.24969
2018-09-03 09:00:00,0.87298006,-1.7352816
2018-09-03 09:30:00,-7.1900954,2.0551755
2018-09-03 10:00:00,1.5470648,2.6030126
2018-09-03 10:30:00,-20.52578,-6.092246
2018-09-03 11:00:00,0.5914589,2.969133
2018-09-03 11:30:00,3.6126149,5.0773144
2018-09-03 12:00:00,0.7406283,-6.3766465
2018-09-03 12:30:00,-1.6104014,-4.588982
2018-09-03 13:00:00,-4.8548265,-13.046399
2018-09-03 13:30:00,0.39951807,3.8479302
2018-09-03 14:00:00,0.23835926,0.5973575
2018-09-03 14:30:00,-2.8873723,0.9415219
2018-09-03 15:00:00,0.6022512,-11.643596
2018-09-03 15:30:00,20.949602,7.0652165
2018-09-03 16:00:00,-9.591425,-3.7698963
2018-09-03 16:30:00,1.7389138,5.4030795
2018-09-03 17:00:00,0.5969293,2.2062457
2018-09-03 17:30:00,-0.6372133,-1.4661213
2018-09-03 18:00:00,0.12926988,3.3029244
2018-09-03 18:30:00,1.7532802,2.0196834
2018-09-03 19:00:00,-0.18871775,1.854863
2018-09-03 19:30:00,2.241917,0.7271008
2018-09-03 20:00:00,-0.363876,-1.4242674
2018-09-03 20:30:00,-12.980544,-8.785902
2018-09-03 21:00:00,-13.4538555,-0.5759857
2018-09-03 21:30:00,3.905719,1.7687826
2018-09-03 22:00:00,1.3319926,3.123952
2018-09-03 22:30:00,-16.390364,-15.136422
2018-09-03 23:00:00,4.408329,4.9830065
2018-09-03 23:30:00,7.9777102,1.2765107
2018-09-04 00:00:00,0.6619976,-4.1660123
2018-09-04 00:30:00,-7.276128,0.39296407
2018-09-04 01:00:00,1.4369223,1.5017765
2018-09-04 01:30:00,-8.090054,-12.911539
2018-09-04 02:00:00,-7.7785892,-7.078459
2018-09-04 02:30:00,-3.7235115,0.48561597
2018-09-04 03:00:00,3.3889568,7.3786993
2018-09-04 03:30:00,-2.89494,-0.5199358
2018-09-04 04:00:00,1.3394248,2.1827211
2018-09-04 04:30:00,-24.361376,-13.687974
2018-09-04 05:00:00,2.9774346,7.0112376
2018-09-04 05:30:00,-15.14432,1.7067947
2018-09-04 06:00:00,-2.1339536,6.8903294
2018-09-04 06:30:00,-4.206586,-0.9689294
2018-09-04 07:00:00,1.1386535,3.2440913
2018-09-04 07:30:00,5.009205,0.59374845
2018-09-04 08:00:00,-9.612656,2.8093286
2018-09-04 08:30:00,-4.422016,0.1651116
2018-09-04 09:00:00,-17.196041,-30.81191
2018-09-04 09:30:00,2.458964,4.562842
2018-09-04 10:00:00,6.3372097,5.0145707
2018-09-04 10:30:00,36.55213,1.8711388
2018-09-04 11:00:00,-5.653013,3.2310662
2018-09-04 11:30:00,-14.291153,2.6853397
2018-09-04 12:00:00,0.6919232,0.83286947
2018-09-04 12:30:00,13.311917,2.8187575
2018-09-04 13:00:00,-37.57136,-14.38562
2018-09-04 13:30:00,-25.131308,-30.139757
2018-09-04 14:00:00,2.559153,-1.1132838
2018-09-04 14:30:00,-4.3650184,-3.5281887
2018-09-04 15:00:00,3.8860352,3.250676
2018-09-04 15:30:00,-21.20256,5.724925
2018-09-04 16:00:00,-1.9752371,-0.45064676
2018-09-04 16:30:00,2.1141267,-2.7295516
2018-09-04 17:00:00,-37.05699,-22.270557
2018-09-04 17:30:00,-5.607022,-15.831161
2018-09-04 18:00:00,-7.151108,-10.599126
2018-09-04 18:30:00,-4.42085,1.1830155
2018-09-04 19:00:00,-4.464998,3.7501485
2018-09-04 19:30:00,-0.9437096,0.22432056
2018-09-04 20:00:00,2.2634928,1.751432
2018-09-04 20:30:00,-4.408052,0.4843576
2018-09-04 21:00:00,4.3912883,5.3741674
2018-09-04 21:30:00,0.9765335,0.4666268
2018-09-04 22:00:00,-1.0447463,3.7232509
2018-09-04 22:30:00,-8.906815,-6.044196
2018-09-04 23:00:00,36.436386,2.4844723
2018-09-04 23:30:00,-0.553654,1.2407126
2018-09-05 00:00:00,-0.008412474,0.63495135
2018-09-05 00:30:00,14.2060995,8.598707
2018-09-05 01:00:00,4.3473635,-3.3883216
2018-09-05 01:30:00,0.4053992,-7.507419
2018-09-05 02:00:00,9.813289,1.6399876
2018-09-05 02:30:00,-6.1990895,-0.85237724
2018-09-05 03:00:00,0.742695,-1.2175013
2018-09-05 03:30:00,1.7957852,-3.187249
2018-09-05 04:00:00,5.2941036,5.17638
2018-09-05 04:30:00,0.6140484,2.1264265
2018-09-05 05:00:00,1.7164073,4.7149734
2018-09-05 05:30:00,1.7847046,1.7829874
2018-09-05 06:00:00,-0.94546604,-0.3918092
2018-09-05 06:30:00,-1.8382494,4.259011
2018-09-05 07:00:00,3.3687968,4.107198
2018-09-05 07:30:00,-0.40001482,0.68026143
2018-09-05 08:00:00,-2.5945783,-0.71769226
2018-09-05 08:30:00,-25.684952,-18.52442
2018-09-05 09:00:00,2.7322054,-3.3397782
2018-09-05 09:30:00,-9.7867775,-9.018394
2018-09-05 10:00:00,0.2611017,-1.9682418
2018-09-05 10:30:00,8.210989,1.0617443
2018-09-05 11:00:00,6.408806,-1.6769202
2018-09-05 11:30:00,0.58323145,-6.352807
2018-09-05 12:00:00,19.918385,1.6761088
2018-09-05 12:30:00,9.016273,4.1269913
2018-09-05 13:00:00,1.5983214,4.4123707
2018-09-05 13:30:00,-16.84306,-30.095133
2018-09-05 14:00:00,-1.0254207,0.4206351
2018-09-05 14:30:00,-2.4452689,0.6800211
2018-09-05 15:00:00,-3.824002,0.42618853
2018-09-05 15:30:00,-22.293205,-18.18348
2018-09-05 16:00:00,-1.9094042,-2.0300112
2018-09-05 16:30:00,-3.64305,-4.809442
2018-09-05 17:00:00,-13.963234,-3.2530906
2018-09-05 17:30:00,-3.1520758,-3.2607849
2018-09-05 18:00:00,3.542701,2.152424
2018-09-05 18:30:00,-0.23888218,3.3578734
2018-09-05 19:00:00,-9.872793,0.14205894
2018-09-05 19:30:00,2.519248,-2.208027
2018-09-05 20:00:00,1.226639,8.9637575
2018-09-05 20:30:00,-8.050275,-10.241168
2018-09-05 21:00:00,-1.8695427,1.4000539
2018-09-05 21:30:00,-24.334026,-18.782028
2018-09-05 22:00:00,1.5920951,1.8326974
2018-09-05 22:30:00,-23.994886,-1.6678145
2018-09-05 23:00:00,7.1475744,7.396985
2018-09-05 23:30:00,3.4631395,0.8912439
2018-09-06 00:00:00,-13.665599,6.2768693
2018-09-06 00:30:00,2.2041876,1.98368
2018-09-06 01:00:00,-7.8923407,4.8808947
2018-09-06 01:30:00,2.5143194,-1.0466601
2018-09-06 02:00:00,-3.720549,4.0582876
2018-09-06 02:30:00,-0.41468707,2.3787298
2018-09-06 03:00:00,-0.25964528,4.6147103
2018-09-06 03:30:00,-39.279575,4.8170586
2018-09-06 04:00:00,-3.5877428,1.4071277
2018-09-06 04:30:00,-15.441828,-2.5118883
2018-09-06 05:00:00,-1.2246889,-2.3738215
2018-09-06 05:30:00,5.001458,4.336379
2018-09-06 06:00:00,6.2085547,6.2193947
2018-09-06 06:30:00,0.3131886,1.9461824
2018-09-06 07:00:00,4.3440995,2.7438803
2018-09-06 07:30:00,16.229752,1.2949537
2018-09-06 08:00:00,-14.75805,-12.046117
2018-09-06 08:30:00,1.3159702,1.6724693
2018-09-06 09:00:00,-1.7449465,1.8893896
2018-09-06 09:30:00,-44.177116,7.2044935
2018-09-06 10:00:00,-20.334667,-10.06112
2018-09-06 10:30:00,2.0230696,1.709211
2018-09-06 11:00:00,16.58604,7.4231663
2018-09-06 11:30:00,-1.8401939,0.6393906
2018-09-06 12:00:00,-1.4696343,0.44216287
2018-09-06 12:30:00,3.8696501,1.1563188
2018-09-06 13:00:00,13.295563,6.977594
2018-09-06 13:30:00,0.45488638,2.4592395
2018-09-06 14:00:00,2.4134836,4.2106466
2018-09-06 14:30:00,1.1631306,4.0085735
2018-09-06 15:00:00,1.8481692,2.4525368
2018-09-06 15:30:00,0.94923383,2.10444
2018-09-06 16:00:00,-5.347697,-2.3877728
2018-09-06 16:30:00,8.99013,2.5601187
2018-09-06 17:00:00,-0.23077269,3.8478863
2018-09-06 17:30:00,-41.76521,-17.947334
2018-09-06 18:00:00,4.297225,2.1427066
2018-09-06 18:30:00,-11.798143,-6.5452332
2018-09-06 19:00:00,5.2544956,1.0343922
2018-09-06 19:30:00,-0.17368285,2.7477689
2018-09-06 20:00:00,9.182889,1.078693
2018-09-06 20:30:00,-1.2548898,1.0975468
2018-09-06 21:00:00,-4.4510508,4.456632
2018-09-06 21:30:00,3.5786912,9.5454
2018-09-06 22:00:00,-0.32976452,1.9509887
2018-09-06 22:30:00,22.613474,1.7919358
2018-09-06 23:00:00,-5.7586203,1.2934593
2018-09-06 23:30:00,-18.460758,-20.826378
2018-09-07 00:00:00,10.626541,3.9450343
2018-09-07 00:30:00,-2.2131696,-0.802475
2018-09-07 01:00:00,-34.972992,0.27414855
2018-09-07 01:30:00,-13.231767,-11.242464
2018-09-07 02:00:00,-0.9860092,0.6358689
2018-09-07 02:30:00,4.2962947,1.4000932
2018-09-07 03:00:00,0.69428706,1.7003632
2018-09-07 03:30:00,-2.7465396,-2.3371716
2018-09-07 04:00:00,-15.492709,-3.2435565
2018-09-07 04:30:00,-2.36084,-1.2058964
2018-09-07 05:00:00,0.053488,-0.70313793
2018-09-07 05:30:00,-7.466837,-1.8233107
2018-09-07 06:00:00,1.5017984,1.1647516
2018-09-07 06:30:00,47.385124,3.4828541
2018-09-07 07:00:00,13.187007,6.160107
2018-09-07 07:30:00,6.519359,2.6272755
2018-09-07 08:00:00,32.518757,4.290929
2018-09-07 08:30:00,-9.164229,-3.86756
2018-09-07 09:00:00,-26.758867,1.7311757
2018-09-07 09:30:00,1.9035113,3.2961826
2018-09-07 10:00:00,-17.432411,-8.35765
2018-09-07 10:30:00,0.983721,2.585627
2018-09-07 11:00:00,9.423033,1.5958878
2018-09-07 11:30:00,-6.474297,-2.0404844
2018-09-07 12:00:00,9.051519,8.449114
2018-09-07 12:30:00,4.700017,4.394871
2018-09-07 13:00:00,1.1913478,0.30600104
2018-09-07 13:30:00,-11.893316,-1.9855968
2018-09-07 14:00:00,-5.415159,-0.9486644
2018-09-07 14:30:00,2.5980535,-2.337652
2018-09-07 15:00:00,-13.260538,9.320576
2018-09-07 15:30:00,-25.090643,-12.6097975
2018-09-07 16:00:00,-0.5518145,4.1626015
2018-09-07 16:30:00,-0.16237499,2.9386873
2018-09-07 17:00:00,2.4958065,2.1150837
2018-09-07 17:30:00,0.6346892,1.6716915
2018-09-07 18:00:00,-29.88246,-24.348902
2018-09-07 18:30:00,-13.5288315,-8.348775
2018-09-07 19:00:00,3.4113193,3.7255492
2018-09-07 19:30:00,-5.094231,5.5159965
2018-09-07 20:00:00,-1.5557759,0.81280106
2018-09-07 20:30:00,0.9235421,1.7984723
2018-09-07 21:00:00,1.088594,0.58809453
2018-09-07 21:30:00,2.9678135,3.7937589
2018-09-07 22:00:00,-3.2334635,-0.7830838
2018-09-07 22:30:00,3.5267222,3.946686
2018-09-07 23:00:00,-15.281776,-9.022152
2018-09-07 23:30:00,4.1650352,0.76909894
2018-09-08 00:00:00,-4.384335,-2.1893785
2018-09-08 00:30:00,1.6963739,3.3994389
2018-09-08 01:00:00,5.2544127,6.536858
2018-09-08 01:30:00,-14.770415,-4.589476
2018-09-08 02:00:00,2.3277266,-9.404683
2018-09-08 02:30:00,2.3677497,6.812852
2018-09-08 03:00:00,-2.3748963,0.119792774
2018-09-08 03:30:00,3.5713987,2.8221483
2018-09-08 04:00:00,-5.690839,-21.65411
2018-09-08 04:30:00,17.551233,7.290701
2018-09-08 05:00:00,5.987907,-0.013380416
2018-09-08 05:30:00,18.03879,5.584761
2018-09-08 06:00:00,3.9580812,5.813706
2018-09-08 06:30:00,4.2537937,3.8126607
2018-09-08 07:00:00,1.2182717,3.3827612
2018-09-08 07:30:00,7.628945,1.3726275
2018-09-08 08:00:00,-3.0216072,0.8962905
2018-09-08 08:30:00,-25.13921,-26.197191
2018-09-08 09:00:00,0.61861,2.2808127
2018-09-08 09:30:00,3.6379132,3.494896
2018-09-08 10:00:00,3.2985246,4.5425944
2018-09-08 10:30:00,-1.503182,2.6635761
2018-09-08 11:00:00,-2.752141,-0.5127351
2018-09-08 11:30:00,-0.8618456,-1.8153803
2018-09-08 12:00:00,-2.9483726,-4.93825
2018-09-08 12:30:00,0.91895425,2.1498811
2018-09-08 13:00:00,-4.241235,-10.947908
2018-09-08 13:30:00,-1.4307908,2.6925972
2018-09-08 14:00:00,1.5999119,1.4119166
2018-09-08 14:30:00,5.308623,9.1137085
2018-09-08 15:00:00,1.9289584,0.103634946
2018-09-08 15:30:00,5.6332912,7.3103366
2018-09-08 16:00:00,-1.0649195,1.0694869
2018-09-08 16:30:00,1.5009289,-0.36649758
2018-09-08 17:00:00,0.7234961,3.3856013
2018-09-08 17:30:00,-5.753084,-1.2687974
2018-09-08 18:00:00,5.339169,8.246796
2018-09-08 18:30:00,-3.0058687,2.6052103
2018-09-08 19:00:00,-12.074854,2.3173406
2018-09-08 19:30:00,5.610977,2.4994547
2018-09-08 20:00:00,8.191834,5.853222
2018-09-08 20:30:00,0.7612647,2.823197
2018-09-08 21:00:00,-5.1203074,-0.010863675
2018-09-08 21:30:00,0.32812738,2.5132883
2018-09-08 22:00:00,0.5878717,3.6745546
2018-09-08 22:30:00,32.307716,8.954162
2018-09-08 23:00:00,1.2832307,4.312461
2018-09-08 23:30:00,-0.049938705,1.4032828
2018-09-09 00:00:00,-0.0038814656,1.9372864
2018-09-09 00:30:00,-2.4803154,2.129721
2018-09-09 01:00:00,-13.945636,-11.885085
2018-09-09 01:30:00,24.456402,3.0327244
2018-09-09 02:00:00,43.388958,8.2078
2018-09-09 02:30:00,2.0946088,3.570835
2018-09-09 03:00:00,-2.270006,2.8884923
2018-09-09 03:30:00,1.1369145,3.661805
2018-09-09 04:00:00,-5.302059,-3.9670718
2018-09-09 04:30:00,33.40902,14.090316
2018-09-09 05:00:00,-1.8066329,-0.8659091
2018-09-09 05:30:00,-1.7342416,1.3706831
2018-09-09 06:00:00,10.1350565,-0.1303215
2018-09-09 06:30:00,1.9745656,5.3150415
2018-09-09 07:00:00,12.400158,7.133195
2018-09-09 07:30:00,3.0609198,-2.233924
2018-09-09 08:00:00,2.162526,1.0351481
2018-09-09 08:30:00,6.7131786,1.9658837
2018-09-09 09:00:00,18.755907,-2.2068167
2018-09-09 09:30:00,13.226231,2.2874367
2018-09-09 10:00:00,5.7057524,6.030495
2018-09-09 10:30:00,3.7429655,4.57408
2018-09-09 11:00:00,-2.338006,2.0516582
2018-09-09 11:30:00,-27.37335,-29.359135
2018-09-09 12:00:00,9.040247,-0.022538558
2018-09-09 12:30:00,1.9142599,0.8183108
2018-09-09 13:00:00,-14.702431,-15.060055
2018-09-09 13:30:00,-0.8951793,0.8596142
2018-09-09 14:00:00,-28.074633,-20.271732
2018-09-09 14:30:00,-2.8704584,6.010781
2018-09-09 15:00:00,6.704501,0.78693455
2018-09-09 15:30:00,0.9098529,1.8041087
2018-09-09 16:00:00,-19.83026,-6.701341
2018-09-09 16:30:00,2.5422,3.9360204
2018-09-09 17:00:00,11.528942,2.3387067
2018-09-09 17:30:00,-0.37585235,1.2332455
2018-09-09 18:00:00,1.5022833,2.9104702
2018-09-09 18:30:00,4.0591702,2.570046
2018-09-09 19:00:00,1.9417999,1.6226937
2018-09-09 19:30:00,-10.926429,0.17337403
2018-09-09 20:00:00,-0.39431283,-4.194299
2018-09-09 20:30:00,-31.671175,-5.8322525
2018-09-09 21:00:00,0.36182377,3.6960998
2018-09-09 21:30:00,19.798166,1.8203715
2018-09-09 22:00:00,-1.7713112,2.5658033
2018-09-09 22:30:00,-8.000006,-6.5894904
2018-09-09 23:00:00,2.4553158,3.6645312
2018-09-09 23:30:00,-0.54326373,2.1635134
2018-09-10 00:00:00,-4.1315775,0.38034102
2018-09-10 00:30:00,1.6066407,23.542292
2018-09-10 01:00:00,-9.147867,4.128066
2018-09-10 01:30:00,-30.74522,-25.936394
2018-09-10 02:00:00,-5.461942,-0.6166468
2018-09-10 02:30:00,22.664507,2.6827226
2018-09-10 03:00:00,0.59343386,-0.48684675
2018-09-10 03:30:00,3.1961377,1.3086122
2018-09-10 04:00:00,-0.85222864,-2.825511
2018-09-10 04:30:00,-1.0461663,-0.30395046
2018-09-10 05:00:00,-19.413252,-14.080633
2018-09-10 05:30:00,-11.700616,-5.022456
2018-09-10 06:00:00,-0.6719059,4.880615
2018-09-10 06:30:00,-13.3313875,-8.7795925
2018-09-10 07:00:00,-15.322132,-11.1563225
2018-09-10 07:30:00,-18.68742,-4.756577
2018-09-10 08:00:00,2.499114,2.96756
2018-09-10 08:30:00,14.5884905,0.74305326
2018-09-10 09:00:00,-0.65663505,-0.3412559
2018-09-10 09:30:00,-23.501154,-17.241331
2018-09-10 10:00:00,1.6673046,2.7074966
2018-09-10 10:30:00,1.1362461,1.6488311
2018-09-10 11:00:00,-4.1290345,-0.22028627
2018-09-10 11:30:00,-7.024489,1.9075923
2018-09-10 12:00:00,-3.4630854,-4.894089
2018-09-10 12:30:00,-8.353673,-0.9499927
2018-09-10 13:00:00,-4.749311,9.609516
2018-09-10 13:30:00,0.9706348,2.017547
2018-09-10 14:00:00,1.2839823,2.1061397
2018-09-10 14:30:00,2.4601746,4.5715065
2018-09-10 15:00:00,-16.125526,-20.93725
2018-09-10 15:30:00,-22.44857,-23.3198
2018-09-10 16:00:00,0.37579253,2.191617
2018-09-10 16:30:00,-3.2703843,8.37678
2018-09-10 17:00:00,-0.888586,1.510454
2018-09-10 17:30:00,4.1359878,2.811321
2018-09-10 18:00:00,2.420221,1.9860831
2018-09-10 18:30:00,3.2758565,3.6941118
2018-09-10 19:00:00,-19.244856,0.57414323
2018-09-10 19:30:00,-10.428508,-8.121365
2018-09-10 20:00:00,0.7540727,2.4758255
2018-09-10 20:30:00,30.865055,3.9753664
2018-09-10 21:00:00,-1.8732042,-2.1330972
2018-09-10 21:30:00,4.6247597,10.092482
2018-09-10 22:00:00,13.741664,2.33813
2018-09-10 22:30:00,-5.1114335,4.118934
2018-09-10 23:00:00,0.74516803,2.1617918
2018-09-10 23:30:00,-9.522127,-6.464042
2018-09-11 00:00:00,-41.838226,-8.541682
2018-09-11 00:30:00,-0.106342554,-2.460863
2018-09-11 01:00:00,-1.9725761,3.710558
2018-09-11 01:30:00,0.67974585,3.6840098
2018-09-11 02:00:00,0.50114024,0.087472744
2018-09-11 02:30:00,4.0593233,1.656106
2018-09-11 03:00:00,9.428293,5.971365
2018-09-11 03:30:00,-1.9986523,1.5607758
2018-09-11 04:00:00,-2.9978292,7.250669
2018-09-11 04:30:00,-24.771645,-24.283062
2018-09-11 05:00:00,-14.231002,-3.8512666
2018-09-11 05:30:00,8.540316,1.1437962
2018-09-11 06:00:00,-1.364001,2.6439009
2018-09-11 06:30:00,0.9463937,1.2457986
2018-09-11 07:00:00,-23.43656,-15.661398
2018-09-11 07:30:00,-34.856342,-7.810988
2018-09-11 08:00:00,6.96314,4.8365636
2018-09-11 08:30:00,1.8436819,3.3031168
2018-09-11 09:00:00,-37.278194,6.0628633
2018-09-11 09:30:00,-14.043387,-6.948043
2018-09-11 10:00:00,-20.14629,-7.520322
2018-09-11 10:30:00,-2.570289,-0.17862895
2018-09-11 11:00:00,-5.324347,6.422967
2018-09-11 11:30:00,9.004794,-11.340787
2018-09-11 12:00:00,-17.989727,-10.169166
2018-09-11 12:30:00,-1.2003342,-0.80980235
2018-09-11 13:00:00,0.74131864,3.668289
2018-09-11 13:30:00,-28.251204,-2.1267397
2018-09-11 14:00:00,2.1192782,1.4361926
2018-09-11 14:30:00,-10.699477,2.030397
2018-09-11 15:00:00,-1.8149608,-0.2211514
2018-09-11 15:30:00,2.4313543,4.474874
2018-09-11 16:00:00,-1.0300565,0.5629228
2018-09-11 16:30:00,15.294341,-1.5358953
2018-09-11 17:00:00,1.2260666,0.35582027
2018-09-11 17:30:00,-11.384279,-6.01857
2018-09-11 18:00:00,-2.795782,1.4320462
2018-09-11 18:30:00,0.8082089,-3.5539546
2018-09-11 19:00:00,0.54088813,-4.8945394
2018-09-11 19:30:00,0.6154641,2.0466073
2018-09-11 20:00:00,4.632266,10.426658
2018-09-11 20:30:00,0.252848,2.7282424
2018-09-11 21:00:00,1.5654247,1.9316499
2018-09-11 21:30:00,32.582066,4.56088
2018-09-11 22:00:00,0.25048855,3.736669
2018-09-11 22:30:00,-0.9134912,1.3379261
2018-09-11 23:00:00,2.7176292,6.547074
2018-09-11 23:30:00,1.8205069,2.7151692
2018-09-12 00:00:00,-0.71468174,0.08855634
2018-09-12 00:30:00,1.2301345,6.6148815
2018-09-12 01:00:00,-3.3397958,2.3941712
2018-09-12 01:30:00,-2.7448268,7.158135
2018-09-12 02:00:00,-35.50773,0.6257583
2018-09-12 02:30:00,-2.1373484,-2.2309616
2018-09-12 03:00:00,0.60970527,1.0338855
2018-09-12 03:30:00,0.9010312,0.21144848
2018-09-12 04:00:00,-29.473354,-18.553406
2018-09-12 04:30:00,3.2307472,-0.04027809
2018-09-12 05:00:00,2.5904682,3.7356467
2018-09-12 05:30:00,7.8420243,-1.3355871
2018-09-12 06:00:00,-30.400116,-27.313951
2018-09-12 06:30:00,-1.2854402,-2.069641
2018-09-12 07:00:00,6.080183,-0.64004904
2018-09-12 07:30:00,0.9035086,1.8375081
2018-09-12 08:00:00,4.2671027,3.7924483
2018-09-12 08:30:00,2.3347132,2.4773371
2018-09-12 09:00:00,0.7470206,1.9077758
2018-09-12 09:30:00,-49.54929,6.2899466
2018-09-12 10:00:00,3.6536386,1.1840904
2018-09-12 10:30:00,34.200138,-5.3642826
2018-09-12 11:00:00,-24.928358,-11.561386
2018-09-12 11:30:00,-16.840612,2.8929622
2018-09-12 12:00:00,4.8655105,8.221139
2018-09-12 12:30:00,4.365011,2.4473197
2018-09-12 13:00:00,27.40485,8.109241
2018-09-12 13:30:00,3.3722835,3.0893466
2018-09-12 14:00:00,1.2637085,2.920288
2018-09-12 14:30:00,-4.6026583,-2.330862
2018-09-12 15:00:00,-3.0668952,-2.4363992
2018-09-12 15:30:00,-3.441894,-1.205608
2018-09-12 16:00:00,12.034222,0.6472904
2018-09-12 16:30:00,-26.6353,3.4635153
2018-09-12 17:00:00,0.25533852,0.8552798
2018-09-12 17:30:00,2.9506812,2.5797153
2018-09-12 18:00:00,5.9848485,3.7054589
2018-09-12 18:30:00,2.8252025,3.8550084
2018-09-12 19:00:00,-22.36544,-8.014844
2018-09-12 19:30:00,-3.1862178,-0.08051537
2018-09-12 20:00:00,0.95493144,2.6321955
2018-09-12 20:30:00,1.809955,2.875948
2018-09-12 21:00:00,0.49591887,1.9150027
2018-09-12 21:30:00,0.20364483,2.189345
2018-09-12 22:00:00,1.1859866,3.670548
2018-09-12 22:30:00,-9.104536,-2.016453
2018-09-12 23:00:00,0.043927882,6.784163
2018-09-12 23:30:00,-7.4850307,-10.558365
2018-09-13 00:00:00,-0.7397094,2.1920278
2018-09-13 00:30:00,-10.005499,-8.100374
2018-09-13 01:00:00,-1.7406908,0.7404448
2018-09-13 01:30:00,4.1291714,2.9718769
2018-09-13 02:00:00,-2.5235631,-9.617903
2018-09-13 02:30:00,17.664005,3.8137531
2018-09-13 03:00:00,2.068952,3.2470536
2018-09-13 03:30:00,45.811356,5.686606
2018-09-13 04:00:00,-13.837823,-7.3222423
2018-09-13 04:30:00,1.436398,0.22966427
2018-09-13 05:00:00,2.7550178,4.4223194
2018-09-13 05:30:00,1.1999947,5.927929
2018-09-13 06:00:00,2.2180429,3.3198383
2018-09-13 06:30:00,-7.4162,2.1668253
2018-09-13 07:00:00,15.469075,2.8877933
2018-09-13 07:30:00,-7.733445,3.0663857
2018-09-13 08:00:00,-18.68046,-10.906767
2018-09-13 08:30:00,-3.3917472,-3.2928429
2018-09-13 09:00:00,1.9651278,4.1583195
2018-09-13 09:30:00,-19.45981,-12.854271
2018-09-13 10:00:00,-0.22720292,1.8925093
2018-09-13 10:30:00,3.7324483,0.44609964
2018-09-13 11:00:00,-15.303999,-11.363809
2018-09-13 11:30:00,-1.505039,0.31854978
2018-09-13 12:00:00,2.5365767,2.130324
2018-09-13 12:30:00,0.6915562,2.218873
2018-09-13 13:00:00,-1.1251945,1.9023316
2018-09-13 13:30:00,-0.15982766,0.26766008
2018-09-13 14:00:00,-16.20712,-7.5642033
2018-09-13 14:30:00,2.0218506,4.6210938
2018-09-13 15:00:00,12.735925,2.9597301
2018-09-13 15:30:00,-29.145685,-20.943645
2018-09-13 16:00:00,-17.835672,-4.8346877
2018-09-13 16:30:00,-5.1381125,-1.6928072
2018-09-13 17:00:00,2.3889847,1.7836254
2018-09-13 17:30:00,0.038099177,1.6953077
2018-09-13 18:00:00,-2.7478242,-0.2653604
2018-09-13 18:30:00,1.7454023,0.58254546
2018-09-13 19:00:00,-9.445196,-4.9070835
2018-09-13 19:30:00,-2.7431226,0.6907129
2018-09-13 20:00:00,1.373545,2.504104
2018-09-13 20:30:00,5.456875,4.8474693
2018-09-13 21:00:00,-6.292266,-1.2115853
2018-09-13 21:30:00,2.6552875,2.860179
2018-09-13 22:00:00,-27.78792,-2.451858
2018-09-13 22:30:00,1.2578448,-0.21923761
2018-09-13 23:00:00,1.9367008,4.7292395
2018-09-13 23:30:00,2.878102,3.0833302
2018-09-14 00:00:00,2.8650377,5.230071
2018-09-14 00:30:00,0.41501176,0.12595792
2018-09-14 01:00:00,-27.622036,-17.35475
2018-09-14 01:30:00,0.7993304,2.591473
2018-09-14 02:00:00,-4.5545387,-1.0531398
2018-09-14 02:30:00,-1.364486,4.4081845
2018-09-14 03:00:00,-0.3539838,9.078584
2018-09-14 03:30:00,2.6543393,5.343407
2018-09-14 04:00:00,-1.9320986,0.5560891
2018-09-14 04:30:00,2.0328481,-4.0861974
2018-09-14 05:00:00,2.3954775,2.9635751
2018-09-14 05:30:00,0.940884,-5.376421
2018-09-14 06:00:00,3.6024647,2.3366008
2018-09-14 06:30:00,0.16512033,2.2951837
2018-09-14 07:00:00,1.6388909,1.935958
2018-09-14 07:30:00,-37.49982,-0.63856345
2018-09-14 08:00:00,4.108505,6.3687654
2018-09-14 08:30:00,-0.21711849,0.9621758
2018-09-14 09:00:00,0.19517268,4.4369655
2018-09-14 09:30:00,29.047628,1.6207536
2018-09-14 10:00:00,-21.283884,2.9135113
2018-09-14 10:30:00,43.27183,7.02466
2018-09-14 11:00:00,-23.445969,5.193329
2018-09-14 11:30:00,-30.395844,-16.082958
2018-09-14 12:00:00,0.44452667,0.35536587
2018-09-14 12:30:00,2.4001703,7.7306414
2018-09-14 13:00:00,0.91985434,2.7178826
2018-09-14 13:30:00,-2.8280234,2.468013
2018-09-14 14:00:00,43.287586,-0.13850528
2018-09-14 14:30:00,-6.608392,3.755361
2018-09-14 15:00:00,-7.7483187,-6.141047
2018-09-14 15:30:00,-1.1494576,5.328018
2018-09-14 16:00:00,-6.9896955,-5.82129
2018-09-14 16:30:00,-20.048512,-0.082398556
2018-09-14 17:00:00,16.791788,3.075059
2018-09-14 17:30:00,-35.007534,-21.417522
2018-09-14 18:00:00,-3.011706,0.297826
2018-09-14 18:30:00,1.2053385,2.600461
2018-09-14 19:00:00,-28.040344,-21.203863
2018-09-14 19:30:00,-11.766086,3.7118337
2018-09-14 20:00:00,-2.2959685,-1.8639543
2018-09-14 20:30:00,14.536894,2.8027308
2018-09-14 21:00:00,6.2136927,-1.1308616
2018-09-14 21:30:00,2.4130597,3.4758108
2018-09-14 22:00:00,4.136049,-0.5537108
2018-09-14 22:30:00,1.2629614,2.6551695
2018-09-14 23:00:00,-1.7621617,1.9332316
2018-09-14 23:30:00,-1.93628,8.133678
2018-09-15 00:00:00,23.449614,0.47383186
2018-09-15 00:30:00,-3.2131371,1.0579954
2018-09-15 01:00:00,1.297584,2.897738
2018-09-15 01:30:00,0.83516777,1.1747093
2018-09-15 02:00:00,-31.756128,-6.4132266
2018-09-15 02:30:00,0.55124784,-0.47954994
2018-09-15 03:00:00,18.545725,7.128939
2018-09-15 03:30:00,-8.674239,-2.0921125
2018-09-15 04:00:00,0.92478734,1.9316193
2018-09-15 04:30:00,-3.5678186,-0.24661592
2018-09-15 05:00:00,8.913619,0.30749536
2018-09-15 05:30:00,-1.4037533,1.3624862
2018-09-15 06:00:00,-1.1568593,3.0236099
2018-09-15 06:30:00,31.822334,16.43225
2018-09-15 07:00:00,14.515833,-0.81357306
2018-09-15 07:30:00,-3.917733,-2.4876473
2018-09-15 08:00:00,-4.802901,0.38244706
2018-09-15 08:30:00,-1.7168167,2.3386192
2018-09-15 09:00:00,3.325868,6.4367566
2018-09-15 09:30:00,-6.585173,-4.9265404
2018-09-15 10:00:00,1.3083588,1.7597381
2018-09-15 10:30:00,0.38243395,4.428712
2018-09-15 11:00:00,-3.5433764,-3.9348302
2018-09-15 11:30:00,-14.879915,2.2954676
2018-09-15 12:00:00,0.57228625,2.3678327
2018-09-15 12:30:00,5.1383452,5.2646937
2018-09-15 13:00:00,-1.3667712,-1.0882212
2018-09-15 13:30:00,-10.760582,-9.121795
2018-09-15 14:00:00,0.4588581,3.3382113
2018-09-15 14:30:00,10.656918,1.0195496
2018-09-15 15:00:00,0.16059807,2.2291017
2018-09-15 15:30:00,11.883471,6.927198
2018-09-15 16:00:00,2.4849355,4.2083964
2018-09-15 16:30:00,3.1121764,2.3774104
2018-09-15 17:00:00,-8.19206,-0.6357539
2018-09-15 17:30:00,-7.6940074,-7.688026
2018-09-15 18:00:00,1.1496205,-2.1038575
2018-09-15 18:30:00,-4.8989215,1.620391
2018-09-15 19:00:00,3.1464932,1.6944907
2018-09-15 19:30:00,-1.5447258,5.0931706
2018-09-15 20:00:00,2.9465172,3.497867
2018-09-15 20:30:00,-0.78499323,7.6057653
2018-09-15 21:00:00,1.9516528,2.5254786
2018-09-15 21:30:00,-1.0071175,3.3118162
2018-09-15 22:00:00,6.0956244,1.5459505
2018-09-15 22:30:00,-9.548666,-6.973184
2018-09-15 23:00:00,-3.5043888,0.8029438
2018-09-15 23:30:00,9.26113,-0.8275681
2018-09-16 00:00:00,8.782259,1.1780082
2018-09-16 00:30:00,6.4463296,3.2431388
2018-09-16 01:00:00,3.259183,3.4415288
2018-09-16 01:30:00,-3.9850864,8.990393
2018-09-16 02:00:00,0.7625012,1.2978855
2018-09-16 02:30:00,1.756212,3.1182237
2018-09-16 03:00:00,3.6988306,2.6307535
2018-09-16 03:30:00,-29.632988,-26.769394
2018-09-16 04:00:00,0.73847854,1.3661783
2018-09-16 04:30:00,24.419436,-2.734563
2018-09-16 05:00:00,-12.607289,-4.138158
2018-09-16 05:30:00,0.24654303,4.077198
2018-09-16 06:00:00,0.23160426,1.3671876
2018-09-16 06:30:00,12.306615,0.63418233
2018-09-16 07:00:00,0.7605612,-1.9161767
2018-09-16 07:30:00,20.995293,-1.6381817
2018-09-16 08:00:00,3.1308904,1.5442727
2018-09-16 08:30:00,-1.6032138,6.8426337
2018-09-16 09:00:00,15.105738,2.0450168
2018-09-16 09:30:00,-12.332571,-10.725168
2018-09-16 10:00:00,1.6720148,3.0445216
2018-09-16 10:30:00,15.841431,0.5993063
2018-09-16 11:00:00,0.5515624,-0.34275895
2018-09-16 11:30:00,-5.847519,-2.8413935
2018-09-16 12:00:00,-9.477468,-8.753857
2018-09-16 12:30:00,1.1561484,4.847111
2018-09-16 13:00:00,0.4471745,3.2157211
2018-09-16 13:30:00,-3.4303591,7.1008835
2018-09-16 14:00:00,31.611296,21.202578
2018-09-16 14:30:00,25.713942,5.341729
2018-09-16 15:00:00,-21.281593,2.957043
2018-09-16 15:30:00,5.2105794,7.2873583
2018-09-16 16:00:00,-1.9557935,0.5862594
2018-09-16 16:30:00,-1.0362654,3.559868
2018-09-16 17:00:00,2.3485072,4.096825
2018-09-16 17:30:00,-25.076338,-10.7805195
2018-09-16 18:00:00,-10.90665,-5.635204
2018-09-16 18:30:00,1.1204464,0.44528258
2018-09-16 19:00:00,9.566202,1.5945376
2018-09-16 19:30:00,-5.9582033,-22.382639
2018-09-16 20:00:00,-2.1023674,3.1013756
2018-09-16 20:30:00,-1.2501272,1.8192441
2018-09-16 21:00:00,-0.17166422,1.3864172
2018-09-16 21:30:00,-0.5963687,0.12336253
2018-09-16 22:00:00,-11.58024,-3.4662707
2018-09-16 22:30:00,3.0719917,3.3257413
2018-09-16 23:00:00,1.667025,2.4356012
2018-09-16 23:30:00,-6.4701633,-8.881271
2018-09-17 00:00:00,0.31115687,2.1914685
2018-09-17 00:30:00,1.415718,0.5693151
2018-09-17 01:00:00,-1.6582806,0.7921865
2018-09-17 01:30:00,-3.14304,3.5964525
2018-09-17 02:00:00,5.224338,6.293831
2018-09-17 02:30:00,1.7177488,10.720295
2018-09-17 03:00:00,4.7182765,-2.1773016
2018-09-17 03:30:00,-9.374128,2.6627634
2018-09-17 04:00:00,0.021845223,-3.7882826
2018-09-17 04:30:00,15.501212,8.728538
2018-09-17 05:00:00,0.75064284,2.9422526
2018-09-17 05:30:00,1.0698626,0.60248715
2018-09-17 06:00:00,15.143262,-2.9469044
2018-09-17 06:30:00,3.4156842,2.5993729
2018-09-17 07:00:00,19.40275,5.9473205
2018-09-17 07:30:00,-2.3868203,2.9690936
2018-09-17 08:00:00,0.30343187,0.6681671
2018-09-17 08:30:00,-15.759053,-11.297941
2018-09-17 09:00:00,1.0434238,3.1842444
2018-09-17 09:30:00,3.5382354,2.0486872
2018-09-17 10:00:00,0.9905197,-1.2328945
2018-09-17 10:30:00,-21.576042,-14.552536
2018-09-17 11:00:00,-23.560186,4.9691553
2018-09-17 11:30:00,18.904915,-4.060213
2018-09-17 12:00:00,2.8041902,3.758223
2018-09-17 12:30:00,6.0882664,1.6944733
2018-09-17 13:00:00,-0.939314,1.1082648
2018-09-17 13:30:00,-7.779437,-26.66969
2018-09-17 14:00:00,0.35987502,2.1908917
2018-09-17 14:30:00,-4.206459,2.473868
2018-09-17 15:00:00,-17.393131,-7.436129
2018-09-17 15:30:00,13.359797,6.7696915
2018-09-17 16:00:00,5.4427094,-10.284953
2018-09-17 16:30:00,-0.305755,2.6664424
2018-09-17 17:00:00,-21.157715,-9.143577
2018-09-17 17:30:00,3.1499932,3.6721165
2018-09-17 18:00:00,-4.299286,0.28073314
2018-09-17 18:30:00,-2.5715735,1.2508626
2018-09-17 19:00:00,-10.681681,-11.990652
2018-09-17 19:30:00,-9.076197,-0.53847057
2018-09-17 20:00:00,1.215235,4.2413983
2018-09-17 20:30:00,2.193426,1.3207022
2018-09-17 21:00:00,2.585518,5.6160936
2018-09-17 21:30:00,2.2165005,0.5902617
2018-09-17 22:00:00,-37.04624,-24.61534
2018-09-17 22:30:00,1.6663346,7.173183
2018-09-17 23:00:00,2.8683803,4.2095895
2018-09-17 23:30:00,-22.328049,-0.56115615
2018-09-18 00:00:00,-13.133118,0.7712661
2018-09-18 00:30:00,5.925102,0.28485343
2018-09-18 01:00:00,-0.3864218,2.6301637
2018-09-18 01:30:00,-23.360306,4.4718986
2018-09-18 02:00:00,3.6383502,4.135162
2018-09-18 02:30:00,-2.3919456,-0.3875884
2018-09-18 03:00:00,-1.1674068,0.30401298
2018-09-18 03:30:00,8.432432,-1.1544693
2018-09-18 04:00:00,-2.459028,0.1657539
2018-09-18 04:30:00,11.774914,5.2640686
2018-09-18 05:00:00,-1.852026,-0.91485447
2018-09-18 05:30:00,-1.3157285,1.9627159
2018-09-18 06:00:00,-22.030146,-16.361979
2018-09-18 06:30:00,11.272012,-0.19560821
2018-09-18 07:00:00,-34.34223,-20.638693
2018-09-18 07:30:00,-2.924127,-0.53657424
2018-09-18 08:00:00,17.108767,2.060445
2018-09-18 08:30:00,-17.850328,-0.33465382
2018-09-18 09:00:00,1.6500458,2.7830863
2018-09-18 09:30:00,1.4237444,25.016499
2018-09-18 10:00:00,8.003546,5.894006
2018-09-18 10:30:00,-16.292263,2.7483325
2018-09-18 11:00:00,-3.7352693,-2.4240863
2018-09-18 11:30:00,-28.925701,-19.085041
2018-09-18 12:00:00,2.1490772,2.504261
2018-09-18 12:30:00,8.398478,6.219281
2018-09-18 13:00:00,-0.29520738,0.37724754
2018-09-18 13:30:00,-19.44365,-10.10588
2018-09-18 14:00:00,-4.700134,1.9821289
2018-09-18 14:30:00,-3.1078448,0.78622675
2018-09-18 15:00:00,-1.5384339,1.8015615
2018-09-18 15:30:00,-24.532831,-7.394983
2018-09-18 16:00:00,-4.062402,3.5569406
2018-09-18 16:30:00,5.5129857,6.09912
2018-09-18 17:00:00,0.43705073,6.201712
2018-09-18 17:30:00,3.7764783,3.0515344
2018-09-18 18:00:00,0.568817,0.5195002
2018-09-18 18:30:00,0.31301382,1.4630378
2018-09-18 19:00:00,18.760845,-1.4819252
2018-09-18 19:30:00,-5.5591073,4.473323
2018-09-18 20:00:00,16.214153,-0.38958082
2018-09-18 20:30:00,5.588986,-3.2977102
2018-09-18 21:00:00,-20.486599,-14.8785715
2018-09-18 21:30:00,-11.79221,-8.006131
2018-09-18 22:00:00,5.541273,0.8526932
2018-09-18 22:30:00,-23.040089,-25.365824
2018-09-18 23:00:00,-14.757522,-6.6996193
2018-09-18 23:30:00,-10.167623,-1.5560861
2018-09-19 00:00:00,17.949476,2.6630955
2018-09-19 00:30:00,-3.6699607,-0.9955999
2018-09-19 01:00:00,-3.013253,0.44699973
2018-09-19 01:30:00,-12.212148,2.4367023
2018-09-19 02:00:00,2.6859603,1.8608403
2018-09-19 02:30:00,-1.1707013,-3.0738602
2018-09-19 03:00:00,17.72619,2.028776
2018-09-19 03:30:00,5.389775,2.5469453
2018-09-19 04:00:00,-1.2263492,1.6507449
2018-09-19 04:30:00,3.8872585,1.3201123
2018-09-19 05:00:00,-38.061363,3.9289727
2018-09-19 05:30:00,0.7712006,3.2114568
2018-09-19 06:00:00,23.576206,3.5219684
2018-09-19 06:30:00,-6.064461,-1.0011883
2018-09-19 07:00:00,-0.9408783,3.4081557
2018-09-19 07:30:00,-22.815866,-18.76604
2018-09-19 08:00:00,1.6857827,-1.582774
2018-09-19 08:30:00,2.6517396,4.4059477
2018-09-19 09:00:00,14.467522,-0.8133983
2018-09-19 09:30:00,3.370409,3.554153
2018-09-19 10:00:00,0.40518948,4.437468
2018-09-19 10:30:00,-1.3007679,1.5833565
2018-09-19 11:00:00,-6.7009654,1.4754381
2018-09-19 11:30:00,0.70887625,-3.443856
2018-09-19 12:00:00,0.46824345,1.1688938
2018-09-19 12:30:00,-3.5721617,-1.9775747
2018-09-19 13:00:00,-0.37270206,2.4219034
2018-09-19 13:30:00,8.315452,2.962876
2018-09-19 14:00:00,-3.6435611,-1.7278405
2018-09-19 14:30:00,-1.0425485,2.1239884
2018-09-19 15:00:00,-4.989258,-2.202456
2018-09-19 15:30:00,-1.7905537,18.353666
2018-09-19 16:00:00,1.7360344,-0.2721154
2018-09-19 16:30:00,-16.608932,-8.553034
2018-09-19 17:00:00,-0.65526307,4.296723
2018-09-19 17:30:00,-13.910795,5.111369
2018-09-19 18:00:00,-10.328344,-13.027663
2018-09-19 18:30:00,-6.8041296,-3.50826
2018-09-19 19:00:00,3.883208,4.3870373
2018-09-19 19:30:00,-19.66175,-15.694092
2018-09-19 20:00:00,9.746049,4.5509443
2018-09-19 20:30:00,47.018,4.937469
2018-09-19 21:00:00,1.0899746,2.4334123
2018-09-19 21:30:00,0.23186205,1.0010935
2018-09-19 22:00:00,6.700783,4.0238137
2018-09-19 22:30:00,1.4527044,0.22440796
2018-09-19 23:00:00,-17.971424,5.489125
2018-09-19 23:30:00,-3.5947206,-7.1366935
2018-09-20 00:00:00,5.5110326,4.761271
2018-09-20 00:30:00,1.2643552,2.598936
2018-09-20 01:00:00,-23.417414,5.237695
2018-09-20 01:30:00,2.9656942,3.6218996
2018-09-20 02:00:00,3.466373,0.3781651
2018-09-20 02:30:00,4.704343,4.5595474
2018-09-20 03:00:00,2.0677898,1.5228367
2018-09-20 03:30:00,6.9719005,0.8790753
2018-09-20 04:00:00,2.11355,3.2591698
2018-09-20 04:30:00,-0.28103322,1.7520787
2018-09-20 05:00:00,2.8883612,-2.0109828
2018-09-20 05:30:00,13.418722,3.0101612
2018-09-20 06:00:00,0.7276557,1.561654
2018-09-20 06:30:00,0.9252461,5.6726985
2018-09-20 07:00:00,-0.37322637,1.1671897
2018-09-20 07:30:00,0.672117,4.9003997
2018-09-20 08:00:00,-17.118265,-4.615928
2018-09-20 08:30:00,1.8179595,0.2009708
2018-09-20 09:00:00,3.523891,-0.93738276
2018-09-20 09:30:00,0.7367964,3.4502325
2018-09-20 10:00:00,-1.0488884,1.1767848
2018-09-20 10:30:00,5.2162113,-1.0798059
2018-09-20 11:00:00,-7.535798,1.9932489
2018-09-20 11:30:00,1.0620633,1.8386616
2018-09-20 12:00:00,-3.8543906,-0.095567755
2018-09-20 12:30:00,-1.7719578,-1.7347965
2018-09-20 13:00:00,1.5168071,8.953471
2018-09-20 13:30:00,3.176004,2.5200868
2018-09-20 14:00:00,-20.592075,-19.955156
2018-09-20 14:30:00,-3.3777566,-0.71243155
2018-09-20 15:00:00,-23.422832,-13.38141
2018-09-20 15:30:00,9.075045,1.5797648
2018-09-20 16:00:00,-2.381529,-0.02545728
2018-09-20 16:30:00,-2.6719375,2.2708988
2018-09-20 17:00:00,-34.24029,-26.362856
2018-09-20 17:30:00,1.05166,3.3896253
2018-09-20 18:00:00,2.7793941,1.2949055
2018-09-20 18:30:00,1.3181112,2.7194686
2018-09-20 19:00:00,2.5146296,3.4269264
2018-09-20 19:30:00,-16.877636,-0.34582624
2018-09-20 20:00:00,0.47058105,2.221879
2018-09-20 20:30:00,31.801231,19.936241
2018-09-20 21:00:00,1.5821549,3.3361926
2018-09-20 21:30:00,-8.54176,2.8246999
2018-09-20 22:00:00,-27.416338,-21.13116
2018-09-20 22:30:00,0.82029015,2.2799826
2018-09-20 23:00:00,-28.157429,0.13134532
2018-09-20 23:30:00,-2.1699612,2.97674
2018-09-21 00:00:00,-2.4361415,-0.70170045
2018-09-21 00:30:00,-8.7713175,-3.2685144
2018-09-21 01:00:00,-4.1965365,-1.9538797
2018-09-21 01:30:00,1.306445,15.0459
2018-09-21 02:00:00,0.5062786,4.097507
2018-09-21 02:30:00,18.77861,8.21261
2018-09-21 03:00:00,2.1586154,2.2077487
2018-09-21 03:30:00,0.91637635,1.7132964
2018-09-21 04:00:00,-1.662947,4.3611183
2018-09-21 04:30:00,2.1164687,3.7373421
2018-09-21 05:00:00,0.78709185,2.471382
2018-09-21 05:30:00,-8.925197,-3.2270274
2018-09-21 06:00:00,2.8812742,3.3978965
2018-09-21 06:30:00,3.73403,6.5224786
2018-09-21 07:00:00,1.704195,5.1922016
2018-09-21 07:30:00,-21.243128,-24.45214
2018-09-21 08:00:00,2.470735,3.7158275
2018-09-21 08:30:00,5.671938,2.8071003
2018-09-21 09:00:00,4.9419785,4.49399
2018-09-21 09:30:00,0.89173764,2.5987613
2018-09-21 10:00:00,-26.537458,5.0241833
2018-09-21 10:30:00,-1.5246267,3.615647
2018-09-21 11:00:00,1.014219,5.32385
2018-09-21 11:30:00,-6.708843,-1.2781565
2018-09-21 12:00:00,1.3284447,0.30871877
2018-09-21 12:30:00,-23.745384,-21.242933
2018-09-21 13:00:00,3.4546106,2.9981627
2018-09-21 13:30:00,3.48593,0.11295475
2018-09-21 14:00:00,7.8274,6.301333
2018-09-21 14:30:00,-27.511992,-18.506554
2018-09-21 15:00:00,-1.11615,8.9351425
2018-09-21 15:30:00,-19.24539,-8.225083
2018-09-21 16:00:00,2.1623816,1.6729149
2018-09-21 16:30:00,-6.087894,3.3382857
2018-09-21 17:00:00,-1.5108984,1.0020984
2018-09-21 17:30:00,3.4867995,4.042274
2018-09-21 18:00:00,2.8053832,0.70811164
2018-09-21 18:30:00,23.842972,1.0820487
2018-09-21 19:00:00,-8.09694,-4.1049724
2018-09-21 19:30:00,6.5356436,6.3110857
2018-09-21 20:00:00,0.13999224,0.628843
2018-09-21 20:30:00,2.8863645,1.5671986
2018-09-21 21:00:00,-13.979217,-0.8423365
2018-09-21 21:30:00,4.1684346,2.4632504
2018-09-21 22:00:00,2.2738655,4.000036
2018-09-21 22:30:00,0.677535,7.9819746
2018-09-21 23:00:00,32.096676,11.575296
2018-09-21 23:30:00,-6.2018685,0.9644173
2018-09-22 00:00:00,-9.910168,-3.5212982
2018-09-22 00:30:00,-2.3802924,4.63075
2018-09-22 01:00:00,1.4046941,3.2464552
2018-09-22 01:30:00,-3.7707353,0.16322841
2018-09-22 02:00:00,1.3778445,3.9340498
2018-09-22 02:30:00,27.505861,2.51293
2018-09-22 03:00:00,-4.218899,-2.159645
2018-09-22 03:30:00,-5.5557475,5.558449
2018-09-22 04:00:00,0.98246264,2.6560607
2018-09-22 04:30:00,-0.057349112,1.3155464
2018-09-22 05:00:00,5.019084,5.41319
2018-09-22 05:30:00,-0.86732036,-2.1246119
2018-09-22 06:00:00,5.322596,3.01294
2018-09-22 06:30:00,-1.4694813,1.4608183
2018-09-22 07:00:00,2.1207943,4.804274
2018-09-22 07:30:00,-6.8677998,-6.529748
2018-09-22 08:00:00,-21.301382,-24.866083
2018-09-22 08:30:00,-1.6386929,-3.5274851
2018-09-22 09:00:00,-0.069377914,3.2601137
2018-09-22 09:30:00,19.281178,0.1806621
2018-09-22 10:00:00,-4.3530245,4.1273146
2018-09-22 10:30:00,2.0545375,2.3188787
2018-09-22 11:00:00,4.0644484,8.265012
2018-09-22 11:30:00,3.75568,0.39284608
2018-09-22 12:00:00,-28.492624,4.640467
2018-09-22 12:30:00,-12.835119,2.0623107
2018-09-22 13:00:00,-6.840723,-1.9047028
2018-09-22 13:30:00,0.6120516,2.5032737
2018-09-22 14:00:00,31.611296,21.29222
2018-09-22 14:30:00,2.9893892,2.2678316
2018-09-22 15:00:00,3.073617,7.546054
2018-09-22 15:30:00,9.369731,4.4705787
2018-09-22 16:00:00,-0.26472685,1.2839648
2018-09-22 16:30:00,-9.087277,-6.5537796
2018-09-22 17:00:00,-45.659004,5.288074
2018-09-22 17:30:00,-3.2668233,1.8743765
2018-09-22 18:00:00,-0.6520472,-1.1078963
2018-09-22 18:30:00,0.69748104,2.9183438
2018-09-22 19:00:00,7.9427595,0.60839885
2018-09-22 19:30:00,-7.8112106,3.903329
2018-09-22 20:00:00,2.9744024,3.4066615
2018-09-22 20:30:00,0.7619201,0.688703
2018-09-22 21:00:00,-17.351624,-17.516092
2018-09-22 21:30:00,3.1173105,2.8367069
2018-09-22 22:00:00,-3.7248092,-1.2564104
2018-09-22 22:30:00,-8.272365,1.0065465
2018-09-22 23:00:00,1.3989178,5.299539
2018-09-22 23:30:00,10.13232,10.934077
2018-09-23 00:00:00,-7.3855276,1.9208577
2018-09-23 00:30:00,1.6894222,2.0429108
2018-09-23 01:00:00,13.998284,8.477104
2018-09-23 01:30:00,18.987387,3.469274
2018-09-23 02:00:00,0.56554437,3.027372
2018-09-23 02:30:00,6.885252,1.7079133
2018-09-23 03:00:00,-17.82883,-7.328311
2018-09-23 03:30:00,-5.719742,-5.204461
2018-09-23 04:00:00,-27.082533,-2.7664638
2018-09-23 04:30:00,-5.492523,2.7943244
2018-09-23 05:00:00,-6.368345,3.3173695
2018-09-23 05:30:00,-13.471088,-8.528193
2018-09-23 06:00:00,3.8334675,9.992222
2018-09-23 06:30:00,5.3777633,2.1056852
2018-09-23 07:00:00,-21.243637,-8.583015
2018-09-23 07:30:00,44.001976,2.4119325
2018-09-23 08:00:00,3.1569972,4.853202
2018-09-23 08:30:00,-19.326565,-9.379512
2018-09-23 09:00:00,5.900088,9.261909
2018-09-23 09:30:00,-4.347628,5.604296
2018-09-23 10:00:00,-4.6948647,-2.31896
2018-09-23 10:30:00,-0.71064013,2.3309119
2018-09-23 11:00:00,-0.4232597,7.643604
2018-09-23 11:30:00,0.9409539,4.064134
2018-09-23 12:00:00,-22.062712,1.5860786
2018-09-23 12:30:00,4.5913253,2.4876401
2018-09-23 13:00:00,-24.063637,-22.43455
2018-09-23 13:30:00,-10.154952,-7.0681825
2018-09-23 14:00:00,-18.84801,4.596276
2018-09-23 14:30:00,5.453095,3.777256
2018-09-23 15:00:00,-29.215202,-17.08493
2018-09-23 15:30:00,3.716675,1.2563592
2018-09-23 16:00:00,0.035918877,-1.6412314
2018-09-23 16:30:00,-1.2227095,1.3803394
2018-09-23 17:00:00,-18.046679,-14.832422
2018-09-23 17:30:00,5.141159,6.8689895
2018-09-23 18:00:00,3.3833249,4.7652297
2018-09-23 18:30:00,-14.039656,-2.5888324
2018-09-23 19:00:00,-0.101492584,-0.75701195
2018-09-23 19:30:00,-20.628693,-2.4167984
2018-09-23 20:00:00,3.2022243,1.8800043
2018-09-23 20:30:00,-1.635914,0.9224978
2018-09-23 21:00:00,-12.808034,-9.855447
2018-09-23 21:30:00,1.9702836,23.933182
2018-09-23 22:00:00,-10.082491,-4.5706134
2018-09-23 22:30:00,25.945297,7.6773176
2018-09-23 23:00:00,-3.0806718,-0.7677387
2018-09-23 23:30:00,-10.433371,-8.559814
2018-09-24 00:00:00,1.2279717,2.968425
2018-09-24 00:30:00,3.2363138,2.4170227
2018-09-24 01:00:00,-8.190409,-4.324733
2018-09-24 01:30:00,0.20209809,5.2404
2018-09-24 02:00:00,-35.44693,1.7197106
2018-09-24 02:30:00,18.242043,3.2927659
2018-09-24 03:00:00,-0.6860975,-0.8365471
2018-09-24 03:30:00,2.7598503,6.700656
2018-09-24 04:00:00,-4.7522736,-0.20871188
2018-09-24 04:30:00,18.245771,5.297267
2018-09-24 05:00:00,1.158735,4.317914
2018-09-24 05:30:00,5.4284825,4.577549
2018-09-24 06:00:00,1.0438169,3.7459366
2018-09-24 06:30:00,1.0463425,0.8778693
2018-09-24 07:00:00,0.46658748,1.5583507
2018-09-24 07:30:00,2.1223543,3.1159647
2018-09-24 08:00:00,-17.7599,-6.4220133
2018-09-24 08:30:00,-2.2207766,0.43092927
2018-09-24 09:00:00,1.7316345,5.2688446
2018-09-24 09:30:00,6.430897,5.2623734
2018-09-24 10:00:00,-0.7193482,2.0670297
2018-09-24 10:30:00,-7.856027,4.792844
2018-09-24 11:00:00,2.154032,1.7046276
2018-09-24 11:30:00,5.7875857,4.473109
2018-09-24 12:00:00,0.79728115,-2.0971985
2018-09-24 12:30:00,-0.16365959,2.7864332
2018-09-24 13:00:00,4.4654713,3.7787547
2018-09-24 13:30:00,1.2509893,2.179881
2018-09-24 14:00:00,2.1529572,1.0773386
2018-09-24 14:30:00,-5.7027144,4.2797084
2018-09-24 15:00:00,2.8230526,1.9768726
2018-09-24 15:30:00,5.7433333,6.3326087
2018-09-24 16:00:00,2.3354733,3.2778618
2018-09-24 16:30:00,3.214109,-5.0886602
2018-09-24 17:00:00,-0.5744827,-2.2448997
2018-09-24 17:30:00,22.933195,7.210873
2018-09-24 18:00:00,3.7693868,7.8127456
2018-09-24 18:30:00,-14.523082,-11.793324
2018-09-24 19:00:00,3.0457711,6.127534
2018-09-24 19:30:00,-9.936179,2.3314624
2018-09-24 20:00:00,-15.1754465,-10.224101
2018-09-24 20:30:00,8.058359,2.1734493
2018-09-24 21:00:00,0.8605624,-8.862811
2018-09-24 21:30:00,1.0208342,1.0620284
2018-09-24 22:00:00,6.4304166,1.4509043
2018-09-24 22:30:00,-3.586113,-1.5389801
2018-09-24 23:00:00,0.98420167,2.619415
2018-09-24 23:30:00,3.6647847,10.971532
2018-09-25 00:00:00,3.2145064,0.75429994
2018-09-25 00:30:00,-27.611938,-10.819686
2018-09-25 01:00:00,3.7581096,2.3250306
2018-09-25 01:30:00,6.489853,3.7221541
2018-09-25 02:00:00,2.4318218,-1.4622282
2018-09-25 02:30:00,1.077841,1.2277794
2018-09-25 03:00:00,-6.3995156,-11.310197
2018-09-25 03:30:00,-9.320359,-6.7296195
2018-09-25 04:00:00,-17.982796,-12.028684
2018-09-25 04:30:00,1.4774611,2.7261713
2018-09-25 05:00:00,14.136452,-1.6499963
2018-09-25 05:30:00,1.5138097,4.3878365
2018-09-25 06:00:00,3.2142968,6.8123236
2018-09-25 06:30:00,-11.909461,-7.004818
2018-09-25 07:00:00,-11.911986,-1.7832001
2018-09-25 07:30:00,0.69901466,0.5042905
2018-09-25 08:00:00,2.6799088,4.166027
2018-09-25 08:30:00,1.846037,2.5248976
2018-09-25 09:00:00,-23.617294,5.005657
2018-09-25 09:30:00,7.4610176,2.972069
2018-09-25 10:00:00,-2.4890149,-2.3531632
2018-09-25 10:30:00,-8.31438,1.2837594
2018-09-25 11:00:00,-3.2809713,-5.861999
2018-09-25 11:30:00,-0.02165158,1.8079712
2018-09-25 12:00:00,-6.9897003,-4.8300433
2018-09-25 12:30:00,0.40348545,-0.88448316
2018-09-25 13:00:00,-0.026606416,1.1128613
2018-09-25 13:30:00,-29.186947,-18.84422
2018-09-25 14:00:00,-8.929343,-3.7067726
2018-09-25 14:30:00,1.7817203,4.070784
2018-09-25 15:00:00,0.25427678,0.16376148
2018-09-25 15:30:00,-4.5202346,4.438639
2018-09-25 16:00:00,2.6173615,4.2704587
2018-09-25 16:30:00,0.7481042,2.235922
2018-09-25 17:00:00,0.878918,1.9347827
2018-09-25 17:30:00,1.0837003,-0.053967237
2018-09-25 18:00:00,-2.623394,1.3667332
2018-09-25 18:30:00,-25.587265,-15.303536
2018-09-25 19:00:00,-4.386371,-5.097644
2018-09-25 19:30:00,-9.211812,0.55549926
2018-09-25 20:00:00,-1.558581,2.6872318
2018-09-25 20:30:00,0.8025724,4.4095874
2018-09-25 21:00:00,-1.3339268,2.7958143
2018-09-25 21:30:00,9.564765,2.292278
2018-09-25 22:00:00,18.581589,5.0872064
2018-09-25 22:30:00,-15.308712,-10.674144
2018-09-25 23:00:00,2.0775423,5.1699967
2018-09-25 23:30:00,6.5653462,-0.44397476
2018-09-26 00:00:00,-10.367437,1.6543802
2018-09-26 00:30:00,-10.488297,-7.7281804
2018-09-26 01:00:00,3.779541,4.83735
2018-09-26 01:30:00,-18.660158,-11.229998
2018-09-26 02:00:00,0.64609754,2.693777
2018-09-26 02:30:00,-2.3489294,-0.84689367
2018-09-26 03:00:00,3.2443883,3.8725994
2018-09-26 03:30:00,-4.9243817,-1.4762188
2018-09-26 04:00:00,0.7256371,3.1173542
2018-09-26 04:30:00,-0.7682455,2.1100152
2018-09-26 05:00:00,19.75751,1.5888487
2018-09-26 05:30:00,6.5816875,4.1986356
2018-09-26 06:00:00,1.2764407,4.9437523
2018-09-26 06:30:00,-2.9506578,-1.496379
2018-09-26 07:00:00,-17.620943,-5.793479
2018-09-26 07:30:00,13.232361,3.4785721
2018-09-26 08:00:00,-16.767876,-3.4411645
2018-09-26 08:30:00,4.523758,1.9766498
2018-09-26 09:00:00,-17.534729,0.12293433
2018-09-26 09:30:00,-27.34388,3.5534189
2018-09-26 10:00:00,-5.303798,-0.38538626
2018-09-26 10:30:00,2.248873,6.872428
2018-09-26 11:00:00,-2.6176484,-5.1648836
2018-09-26 11:30:00,-8.815377,-3.6534839
2018-09-26 12:00:00,0.55032593,2.1183825
2018-09-26 12:30:00,23.532022,2.360204
2018-09-26 13:00:00,-3.3723998,-0.021559825
2018-09-26 13:30:00,14.269883,4.6494946
2018-09-26 14:00:00,-4.817429,0.69773006
2018-09-26 14:30:00,23.766079,1.113058
2018-09-26 15:00:00,-0.9732638,-0.8738001
2018-09-26 15:30:00,-11.10528,-5.5198445
2018-09-26 16:00:00,-2.129086,-2.2729335
2018-09-26 16:30:00,2.075895,0.79782295
2018-09-26 17:00:00,-0.57851994,0.24984626
2018-09-26 17:30:00,0.25630414,6.6997037
2018-09-26 18:00:00,-26.16485,-26.56502
2018-09-26 18:30:00,0.3374297,3.326082
2018-09-26 19:00:00,0.51119846,1.6858919
2018-09-26 19:30:00,0.9617607,3.887573
2018-09-26 20:00:00,3.071371,2.0800676
2018-09-26 20:30:00,6.3310795,4.9146786
2018-09-26 21:00:00,-11.94664,-10.75336
2018-09-26 21:30:00,3.7292762,1.3433834
2018-09-26 22:00:00,-2.2567277,-0.26594588
2018-09-26 22:30:00,8.154493,0.95480907
2018-09-26 23:00:00,21.93907,1.6098129
2018-09-26 23:30:00,0.4533746,0.997751
2018-09-27 00:00:00,-1.1425409,1.8513894
2018-09-27 00:30:00,-10.29564,-9.2431
2018-09-27 01:00:00,5.408528,5.8888845
2018-09-27 01:30:00,1.287954,4.524619
2018-09-27 02:00:00,0.71761495,2.8689003
2018-09-27 02:30:00,0.95837885,4.6638
2018-09-27 03:00:00,0.5889946,3.2765644
2018-09-27 03:30:00,3.823606,3.938227
2018-09-27 04:00:00,2.1666987,2.8982098
2018-09-27 04:30:00,-19.822493,-20.79429
2018-09-27 05:00:00,4.3137937,5.472941
2018-09-27 05:30:00,11.703348,4.3379083
2018-09-27 06:00:00,3.3314693,3.824257
2018-09-27 06:30:00,0.06864962,0.5032288
2018-09-27 07:00:00,0.9642818,3.5587451
2018-09-27 07:30:00,9.1897135,-2.3445861
2018-09-27 08:00:00,-4.6119475,4.288115
2018-09-27 08:30:00,4.4378133,5.733716
2018-09-27 09:00:00,-16.03881,2.5506897
2018-09-27 09:30:00,3.920968,3.5921268
2018-09-27 10:00:00,-4.143541,3.2904937
2018-09-27 10:30:00,4.3553376,4.2603087
2018-09-27 11:00:00,2.0043252,6.583339
2018-09-27 11:30:00,-1.7052641,3.2057853
2018-09-27 12:00:00,3.64535,3.315211
2018-09-27 12:30:00,4.972061,8.474102
2018-09-27 13:00:00,-3.2339747,-0.5181094
2018-09-27 13:30:00,4.0289564,3.9273996
2018-09-27 14:00:00,4.9068356,5.2557845
2018-09-27 14:30:00,-8.85115,4.3104644
2018-09-27 15:00:00,-29.330309,-15.302173
2018-09-27 15:30:00,-0.15066078,1.831723
2018-09-27 16:00:00,16.946655,3.727581
2018-09-27 16:30:00,-9.08064,-5.866805
2018-09-27 17:00:00,-0.37347105,0.77191275
2018-09-27 17:30:00,-2.7550247,3.829107
2018-09-27 18:00:00,-1.6869216,-0.63776386
2018-09-27 18:30:00,0.7142025,2.0146282
2018-09-27 19:00:00,-2.883348,-2.3776665
2018-09-27 19:30:00,5.134697,-1.588157
2018-09-27 20:00:00,0.15813376,1.502091
2018-09-27 20:30:00,1.2667277,2.326739
2018-09-27 21:00:00,-2.649728,4.1550775
2018-09-27 21:30:00,-4.1632814,-2.6185265
2018-09-27 22:00:00,-4.264847,-5.2597637
2018-09-27 22:30:00,0.42301202,6.354329
2018-09-27 23:00:00,-2.8696938,3.1783633
2018-09-27 23:30:00,1.9634413,1.8609802
2018-09-28 00:00:00,3.2604852,3.424707
2018-09-28 00:30:00,0.3747308,2.2255056
2018-09-28 01:00:00,-9.713954,-4.631697
2018-09-28 01:30:00,2.5854654,-1.2699684
2018-09-28 02:00:00,-2.8008156,-4.964213
2018-09-28 02:30:00,22.706038,0.84749365
2018-09-28 03:00:00,-47.892197,7.8052564
2018-09-28 03:30:00,-4.3588095,-6.8139915
2018-09-28 04:00:00,2.485888,0.46985576
2018-09-28 04:30:00,-28.405176,-19.130629
2018-09-28 05:00:00,5.4805217,5.939228
2018-09-28 05:30:00,6.4264274,4.4822536
2018-09-28 06:00:00,3.3893108,2.860948
2018-09-28 06:30:00,3.5033026,2.863963
2018-09-28 07:00:00,6.0044274,-0.31885865
2018-09-28 07:30:00,-13.683327,6.2026167
2018-09-28 08:00:00,9.057038,1.8444029
2018-09-28 08:30:00,1.1914746,3.4885168
2018-09-28 09:00:00,1.2698954,-1.2606835
2018-09-28 09:30:00,-0.41457346,0.0012044491
2018-09-28 10:00:00,18.822395,4.396881
2018-09-28 10:30:00,3.0524082,3.2627177
2018-09-28 11:00:00,-30.533598,-14.804677
2018-09-28 11:30:00,-1.7986108,0.21524544
2018-09-28 12:00:00,2.53995,2.9990454
2018-09-28 12:30:00,13.704774,2.5677128
2018-09-28 13:00:00,-9.124565,-9.952372
2018-09-28 13:30:00,-0.69877297,3.065927
2018-09-28 14:00:00,-0.7919798,0.34577516
2018-09-28 14:30:00,2.0096993,2.7707953
2018-09-28 15:00:00,7.9832764,-0.9318337
2018-09-28 15:30:00,5.1873693,6.2108965
2018-09-28 16:00:00,-19.178885,-4.282883
2018-09-28 16:30:00,-0.79639286,6.5234094
2018-09-28 17:00:00,0.82049984,25.295725
2018-09-28 17:30:00,3.726458,6.6184425
2018-09-28 18:00:00,1.7146246,3.191148
2018-09-28 18:30:00,-0.098538905,-0.026243761
2018-09-28 19:00:00,3.714486,4.5691776
2018-09-28 19:30:00,-0.15543647,2.436593
2018-09-28 20:00:00,3.0161777,5.097247
2018-09-28 20:30:00,-6.1378136,4.066406
2018-09-28 21:00:00,-6.684825,1.93837
2018-09-28 21:30:00,-2.9609869,-0.20893471
2018-09-28 22:00:00,1.3802738,1.2353078
2018-09-28 22:30:00,4.8514934,3.6078653
2018-09-28 23:00:00,27.724215,1.8268293
2018-09-28 23:30:00,1.7619358,2.1204405
2018-09-29 00:00:00,-2.8452692,-0.19746082
2018-09-29 00:30:00,6.434218,3.8963904
2018-09-29 01:00:00,1.5451728,-0.6830696
2018-09-29 01:30:00,-6.851166,-4.5537214
2018-09-29 02:00:00,0.75394166,2.3356483
2018-09-29 02:30:00,3.6866052,1.1740059
2018-09-29 03:00:00,0.2762371,1.3197148
2018-09-29 03:30:00,-12.485332,-6.036266
2018-09-29 04:00:00,-1.47389,0.5585447
2018-09-29 04:30:00,3.1382265,4.9041224
2018-09-29 05:00:00,13.111378,4.575242
2018-09-29 05:30:00,-28.377012,-17.892319
2018-09-29 06:00:00,-3.406437,-2.5434918
2018-09-29 06:30:00,-1.9357164,-2.3988972
2018-09-29 07:00:00,-15.625339,2.0418577
2018-09-29 07:30:00,-0.17888238,1.2165371
2018-09-29 08:00:00,1.1703575,3.2196841
2018-09-29 08:30:00,2.5483608,5.387083
2018-09-29 09:00:00,1.1496643,2.7035992
2018-09-29 09:30:00,1.3606905,4.7578015
2018-09-29 10:00:00,-23.22778,-5.34168
2018-09-29 10:30:00,3.5086899,-12.128951
2018-09-29 11:00:00,1.1349746,-2.4501276
2018-09-29 11:30:00,-18.443466,-3.2493677
2018-09-29 12:00:00,-23.331749,4.5872707
2018-09-29 12:30:00,-1.9344536,0.99322
2018-09-29 13:00:00,2.3808446,2.3726041
2018-09-29 13:30:00,-5.2069693,6.1749716
2018-09-29 14:00:00,3.403319,5.729587
2018-09-29 14:30:00,1.331477,23.471878
2018-09-29 15:00:00,-15.949746,-9.682487
2018-09-29 15:30:00,-8.795506,0.8942893
2018-09-29 16:00:00,3.7918496,3.8050668
2018-09-29 16:30:00,-6.300633,3.4890673
2018-09-29 17:00:00,0.3235527,1.6416086
2018-09-29 17:30:00,-14.208835,-13.590653
2018-09-29 18:00:00,2.5357466,2.2846491
2018-09-29 18:30:00,22.884874,7.0039673
2018-09-29 19:00:00,0.96180004,2.9618666
2018-09-29 19:30:00,1.3652258,1.6949058
2018-09-29 20:00:00,-28.955797,-22.252548
2018-09-29 20:30:00,-9.210925,-6.224043
2018-09-29 21:00:00,-7.8538294,-3.475254
2018-09-29 21:30:00,0.13440822,-1.6052368
2018-09-29 22:00:00,2.735076,3.7742891
2018-09-29 22:30:00,0.15006796,0.84390205
2018-09-29 23:00:00,-32.356087,-22.780308
2018-09-29 23:30:00,-11.069587,-8.137342
2018-09-30 00:00:00,-6.665936,0.98106885
2018-09-30 00:30:00,15.5308275,2.0844457
2018-09-30 01:00:00,1.6312488,2.7384665
2018-09-30 01:30:00,5.5641685,5.744526
2018-09-30 02:00:00,-17.789787,-11.808884
2018-09-30 02:30:00,-28.812714,-15.250523
2018-09-30 03:00:00,0.31971204,-2.9049063
2018-09-30 03:30:00,-6.174337,2.427387
2018-09-30 04:00:00,16.855663,2.004548
2018-09-30 04:30:00,-2.2037187,-2.7261827
2018-09-30 05:00:00,6.3562603,3.3932388
2018-09-30 05:30:00,2.7365572,-2.2266054
2018-09-30 06:00:00,0.3872577,2.306426
2018-09-30 06:30:00,1.5130231,2.635289
2018-09-30 07:00:00,0.6582574,2.192989
2018-09-30 07:30:00,0.4734692,4.6912174
2018-09-30 08:00:00,-27.510899,-3.7133484
2018-09-30 08:30:00,-5.465206,7.564322
2018-09-30 09:00:00,6.5552096,6.7183695
2018-09-30 09:30:00,-34.51381,-17.791477
2018-09-30 10:00:00,2.8892045,2.1905947
2018-09-30 10:30:00,0.55243194,25.525116
2018-09-30 11:00:00,3.3097756,-0.64509124
2018-09-30 11:30:00,0.8301343,2.543961
2018-09-30 12:00:00,-8.799604,-6.2074084
2018-09-30 12:30:00,0.12422766,-0.069404125
2018-09-30 13:00:00,0.32190108,2.6633227
2018-09-30 13:30:00,-5.125673,-6.3730416
2018-09-30 14:00:00,4.8633084,5.127824
2018-09-30 14:30:00,7.7930965,6.747941
2018-09-30 15:00:00,-24.568579,-8.532558
2018-09-30 15:30:00,0.5090182,1.9405982
2018-09-30 16:00:00,-1.9992641,0.4945032
2018-09-30 16:30:00,-20.874298,-17.301056
2018-09-30 17:00:00,1.7365413,6.3458915
2018-09-30 17:30:00,5.665751,3.5031803
2018-09-30 18:00:00,1.5076052,1.9986756
2018-09-30 18:30:00,-23.160423,0.75059915
2018-09-30 19:00:00,-24.309021,-18.512018
2018-09-30 19:30:00,3.0817616,8.761592
2018-09-30 20:00:00,2.65184,4.5849285
2018-09-30 20:30:00,3.074316,6.1864634
2018-09-30 21:00:00,26.293728,25.040197
2018-09-30 21:30:00,-9.324357,-5.8204293
2018-09-30 22:00:00,-6.6315365,-4.331864
2018-09-30 22:30:00,0.5726882,2.2524295
2018-09-30 23:00:00,1.49808,1.9745306
2018-09-30 23:30:00,-9.46668,-2.1903749
2018-10-01 00:00:00,-27.847692,8.091886
2018-10-01 00:30:00,11.088984,2.4095075
2018-10-01 01:00:00,1.0392116,3.9323895
2018-10-01 01:30:00,17.013699,1.9891068
2018-10-01 02:00:00,9.080593,4.3174157
2018-10-01 02:30:00,18.544584,5.0769863
2018-10-01 03:00:00,1.5852528,2.2993913
2018-10-01 03:30:00,1.5584949,0.6427375
2018-10-01 04:00:00,-5.5001564,-5.931769
2018-10-01 04:30:00,-0.011335564,0.66799235
2018-10-01 05:00:00,-4.54618,2.4587326
2018-10-01 05:30:00,0.2425145,3.587561
2018-10-01 06:00:00,-2.9159172,-0.22634654
2018-10-01 06:30:00,4.7732563,8.519259
2018-10-01 07:00:00,-19.561518,-5.200402
2018-10-01 07:30:00,-0.57354325,-4.0524354
2018-10-01 08:00:00,2.8610616,3.341733
2018-10-01 08:30:00,-22.52245,-11.244771
2018-10-01 09:00:00,1.6167252,2.379783
2018-10-01 09:30:00,-30.30503,-15.481084
2018-10-01 10:00:00,-3.9370413,-9.715379
2018-10-01 10:30:00,-6.623842,6.653231
2018-10-01 11:00:00,-7.1584616,4.3128324
2018-10-01 11:30:00,-23.718828,-23.27542
2018-10-01 12:00:00,-2.5468214,-0.9023232
2018-10-01 12:30:00,-19.665897,-10.144574
2018-10-01 13:00:00,-5.582584,6.6492724
2018-10-01 13:30:00,-4.1095777,8.903303
2018-10-01 14:00:00,1.8021164,9.425746
2018-10-01 14:30:00,-22.060139,-9.558702
2018-10-01 15:00:00,12.74472,5.121279
2018-10-01 15:30:00,-12.004293,-5.992044
2018-10-01 16:00:00,-2.766468,-2.7072546
2018-10-01 16:30:00,0.32118887,2.1657941
2018-10-01 17:00:00,1.639035,4.5773177
2018-10-01 17:30:00,2.8596458,2.8297553
2018-10-01 18:00:00,-21.004599,-10.335493
2018-10-01 18:30:00,0.54623187,6.897823
2018-10-01 19:00:00,-9.969193,-2.5493336
2018-10-01 19:30:00,2.9926531,2.1999276
2018-10-01 20:00:00,-20.08634,-18.030457
2018-10-01 20:30:00,14.609941,2.820772
2018-10-01 21:00:00,-7.9608126,2.867502
2018-10-01 21:30:00,-11.886208,-7.8860006
2018-10-01 22:00:00,-7.516424,-1.3240958
2018-10-01 22:30:00,-6.4979787,2.631741
2018-10-01 23:00:00,-30.850643,-15.70413
2018-10-01 23:30:00,-3.7635214,2.5268593
2018-10-02 00:00:00,-0.48755458,3.72724
2018-10-02 00:30:00,0.7673381,3.786497
2018-10-02 01:00:00,20.517399,1.912783
2018-10-02 01:30:00,-2.443731,0.30256236
2018-10-02 02:00:00,-34.576527,1.8482392
2018-10-02 02:30:00,-12.319004,2.193937
2018-10-02 03:00:00,0.5665144,4.73959
2018-10-02 03:30:00,7.4822836,6.231664
2018-10-02 04:00:00,1.202695,2.045703
2018-10-02 04:30:00,-5.67649,5.3013787
2018-10-02 05:00:00,-3.6969328,1.6232355
2018-10-02 05:30:00,6.2100487,3.3784354
2018-10-02 06:00:00,0.31248513,-1.4496052
2018-10-02 06:30:00,-13.774493,-12.318239
2018-10-02 07:00:00,2.2877643,2.1937013
2018-10-02 07:30:00,-2.405875,-3.3767517
2018-10-02 08:00:00,2.2132323,4.716258
2018-10-02 08:30:00,-3.835314,0.6153374
2018-10-02 09:00:00,-3.5432236,-10.249653
2018-10-02 09:30:00,8.21978,0.9861766
2018-10-02 10:00:00,8.37737,3.0629647
2018-10-02 10:30:00,3.8053858,2.2388933
2018-10-02 11:00:00,3.8713148,3.6458874
2018-10-02 11:30:00,7.7510285,7.0661077
2018-10-02 12:00:00,-5.0895867,3.2951777
2018-10-02 12:30:00,1.2774326,3.711589
2018-10-02 13:00:00,4.096585,3.7379844
2018-10-02 13:30:00,-20.785585,0.10740132
2018-10-02 14:00:00,-19.809193,-15.840347
2018-10-02 14:30:00,-2.2602494,1.328803
2018-10-02 15:00:00,-3.3073273,-0.81092966
2018-10-02 15:30:00,0.52696306,2.401931
2018-10-02 16:00:00,1.0283582,3.5588195
2018-10-02 16:30:00,-9.249501,1.4350654
2018-10-02 17:00:00,4.1260867,9.950469
2018-10-02 17:30:00,-17.03627,-14.340017
2018-10-02 18:00:00,-5.503368,2.350635
2018-10-02 18:30:00,-18.624796,-9.5007
2018-10-02 19:00:00,-3.17283,2.1961482
2018-10-02 19:30:00,-24.638023,-17.683819
2018-10-02 20:00:00,-17.182648,-10.542014
2018-10-02 20:30:00,-15.588437,-15.6276865
2018-10-02 21:00:00,4.779797,2.6231115
2018-10-02 21:30:00,1.1963638,-3.6236806
2018-10-02 22:00:00,3.784177,0.75595593
2018-10-02 22:30:00,-2.4673212,-0.5207747
2018-10-02 23:00:00,-25.695652,-15.9941845
2018-10-02 23:30:00,-5.0244,4.3991923
2018-10-03 00:00:00,1.2634594,0.8826581
2018-10-03 00:30:00,-7.851824,-4.018031
2018-10-03 01:00:00,-0.6491635,3.092567
2018-10-03 01:30:00,2.5013947,6.094943
2018-10-03 02:00:00,-3.495008,0.6535735
2018-10-03 02:30:00,1.2231959,4.5441585
2018-10-03 03:00:00,1.9269004,2.0175076
2018-10-03 03:30:00,3.9192946,4.115653
2018-10-03 04:00:00,3.5500326,4.3355575
2018-10-03 04:30:00,13.9894495,6.1342845
2018-10-03 05:00:00,-5.253922,6.2468123
2018-10-03 05:30:00,-0.3996915,3.8914487
2018-10-03 06:00:00,-18.791332,4.1193275
2018-10-03 06:30:00,-4.577246,2.2924964
2018-10-03 07:00:00,-1.214434,0.7828536
2018-10-03 07:30:00,-10.638306,-6.711251
2018-10-03 08:00:00,0.5417882,2.6140277
2018-10-03 08:30:00,0.52175045,-3.4923995
2018-10-03 09:00:00,0.76670015,1.9119223
2018-10-03 09:30:00,-36.646156,7.451235
2018-10-03 10:00:00,-3.3178267,4.4822536
2018-10-03 10:30:00,2.2060227,2.5342872
2018-10-03 11:00:00,1.9289234,3.836229
2018-10-03 11:30:00,2.9160454,0.8808317
2018-10-03 12:00:00,-3.2353423,4.9722314
2018-10-03 12:30:00,-0.01056219,-1.0986989
2018-10-03 13:00:00,2.3179524,5.130725
2018-10-03 13:30:00,-0.33505142,1.108055
2018-10-03 14:00:00,10.790082,-1.4365453
2018-10-03 14:30:00,17.98222,7.7627997
2018-10-03 15:00:00,-4.8548265,-11.9548855
2018-10-03 15:30:00,28.235262,2.6752641
2018-10-03 16:00:00,2.5652921,3.704869
2018-10-03 16:30:00,-0.78635645,1.6645083
2018-10-03 17:00:00,2.375855,3.9480011
2018-10-03 17:30:00,-14.91516,-6.5013213
2018-10-03 18:00:00,-2.6397266,3.645245
2018-10-03 18:30:00,1.6315591,3.036425
2018-10-03 19:00:00,-8.839894,0.68520755
2018-10-03 19:30:00,-7.64026,3.135037
2018-10-03 20:00:00,2.4288986,0.93615633
2018-10-03 20:30:00,-28.82203,-24.25894
2018-10-03 21:00:00,-2.2593143,-2.7160895
2018-10-03 21:30:00,1.0159361,2.1222057
2018-10-03 22:00:00,0.59922326,-1.4741129
2018-10-03 22:30:00,-1.8057153,0.92184675
2018-10-03 23:00:00,-4.586719,-4.4045825
2018-10-03 23:30:00,6.4613996,2.881816
2018-10-04 00:00:00,-2.8513076,-4.3716946
2018-10-04 00:30:00,-1.4795439,0.47711322
2018-10-04 01:00:00,-12.43983,-9.910452
2018-10-04 01:30:00,5.2874227,4.342435
2018-10-04 02:00:00,1.9123286,7.087369
2018-10-04 02:30:00,-4.458409,-6.210843
2018-10-04 03:00:00,2.252517,3.2348938
2018-10-04 03:30:00,0.81776905,1.2319521
2018-10-04 04:00:00,1.061255,9.477234
2018-10-04 04:30:00,-11.12644,5.1328444
2018-10-04 05:00:00,1.0303288,1.121233
2018-10-04 05:30:00,16.08396,2.9192264
2018-10-04 06:00:00,10.3512945,0.5545904
2018-10-04 06:30:00,0.97786176,4.8431654
2018-10-04 07:00:00,5.322653,4.3404074
2018-10-04 07:30:00,3.8746617,4.5912247
2018-10-04 08:00:00,-5.6054487,-13.126664
2018-10-04 08:30:00,1.3605856,0.54174453
2018-10-04 09:00:00,-25.508587,3.2621586
2018-10-04 09:30:00,-22.080898,0.1676502
2018-10-04 10:00:00,-3.2467856,2.4857962
2018-10-04 10:30:00,-1.8650947,1.3545253
2018-10-04 11:00:00,-11.328985,8.431388
2018-10-04 11:30:00,4.045516,9.857306
2018-10-04 12:00:00,-11.389195,-9.564968
2018-10-04 12:30:00,-18.796381,-18.848639
2018-10-04 13:00:00,1.3904938,0.6961047
2018-10-04 13:30:00,13.518482,5.507878
2018-10-04 14:00:00,-5.228772,1.5487732
2018-10-04 14:30:00,-14.8082075,1.3600525
2018-10-04 15:00:00,-4.6647816,2.6731536
2018-10-04 15:30:00,1.7548444,-3.6441379
2018-10-04 16:00:00,0.09067547,-0.025216965
2018-10-04 16:30:00,-16.731007,-1.6754696
2018-10-04 17:00:00,3.2248487,-2.9524012
2018-10-04 17:30:00,-17.739817,-9.635472
2018-10-04 18:00:00,-5.3349166,-1.9698148
2018-10-04 18:30:00,4.6795907,3.2266095
2018-10-04 19:00:00,3.2245822,4.22486
2018-10-04 19:30:00,3.8204818,5.453995
2018-10-04 20:00:00,4.122727,7.172886
2018-10-04 20:30:00,-19.731638,-8.396908
2018-10-04 21:00:00,-22.16609,2.86336
2018-10-04 21:30:00,3.8402836,5.1859097
2018-10-04 22:00:00,18.618784,3.9654436
2018-10-04 22:30:00,-15.472186,3.3494885
2018-10-04 23:00:00,-0.69859385,0.90418154
2018-10-04 23:30:00,3.150098,-2.8298235
2018-10-05 00:00:00,-21.28307,1.2222652
2018-10-05 00:30:00,0.4718438,0.18542467
2018-10-05 01:00:00,18.55442,6.543115
2018-10-05 01:30:00,-21.979593,-16.5689
2018-10-05 02:00:00,-2.5889592,0.34582323
2018-10-05 02:30:00,-0.5155796,1.9597971
2018-10-05 03:00:00,0.79329634,2.7941756
2018-10-05 03:30:00,-2.0829937,2.2128956
2018-10-05 04:00:00,1.301027,-7.9505577
2018-10-05 04:30:00,2.0168958,3.152169
2018-10-05 05:00:00,-40.561066,-25.80868
2018-10-05 05:30:00,-25.983524,-5.0599933
2018-10-05 06:00:00,15.355682,3.849774
2018-10-05 06:30:00,-12.661084,-11.48141
2018-10-05 07:00:00,-0.42775577,2.9936886
2018-10-05 07:30:00,9.1168585,-2.8094974
2018-10-05 08:00:00,4.50026,2.0698085
2018-10-05 08:30:00,0.82862246,2.264585
2018-10-05 09:00:00,7.138626,1.7413344
2018-10-05 09:30:00,-8.067455,-7.3228974
2018-10-05 10:00:00,0.553734,3.5168083
2018-10-05 10:30:00,0.15309153,2.441277
2018-10-05 11:00:00,0.5971653,-3.7202868
2018-10-05 11:30:00,-6.5357823,-5.6448603
2018-10-05 12:00:00,-10.259698,3.0028205
2018-10-05 12:30:00,-11.287206,-15.384579
2018-10-05 13:00:00,-0.11883014,3.2584534
2018-10-05 13:30:00,-5.08336,2.4058766
2018-10-05 14:00:00,9.346862,2.9559376
2018-10-05 14:30:00,-24.730198,-8.430714
2018-10-05 15:00:00,-12.465923,-7.5493913
2018-10-05 15:30:00,-4.869481,2.8762364
2018-10-05 16:00:00,-7.2509255,-4.368968
2018-10-05 16:30:00,32.942696,1.4044362
2018-10-05 17:00:00,-1.6101654,-3.8773997
2018-10-05 17:30:00,14.793815,4.070059
2018-10-05 18:00:00,-1.2755393,1.8337854
2018-10-05 18:30:00,2.4756289,2.6288617
2018-10-05 19:00:00,12.640131,5.0069942
2018-10-05 19:30:00,26.294897,8.631941
2018-10-05 20:00:00,-1.9014782,-12.686488
2018-10-05 20:30:00,2.7083051,2.4903097
2018-10-05 21:00:00,-15.712133,-1.7902697
2018-10-05 21:30:00,0.30981547,1.6827722
2018-10-05 22:00:00,-7.7155704,1.959133
2018-10-05 22:30:00,-0.8590492,1.2392226
2018-10-05 23:00:00,2.277007,1.9763788
2018-10-05 23:30:00,-4.9486666,1.584877
2018-10-06 00:00:00,-1.4028882,1.8459584
2018-10-06 00:30:00,-19.084732,-8.177672
2018-10-06 01:00:00,-0.31466845,-4.5872784
2018-10-06 01:30:00,-4.369331,-4.9964933
2018-10-06 02:00:00,0.23422149,2.1927006
2018-10-06 02:30:00,2.168228,2.551651
2018-10-06 03:00:00,1.0008051,2.0438108
2018-10-06 03:30:00,1.6274781,3.1644776
2018-10-06 04:00:00,-11.377035,-4.4091225
2018-10-06 04:30:00,-9.704416,-3.365671
2018-10-06 05:00:00,-0.0010195463,0.08452344
2018-10-06 05:30:00,-3.5393786,-2.21819
2018-10-06 06:00:00,0.5361081,2.370533
2018-10-06 06:30:00,2.720478,1.9023403
2018-10-06 07:00:00,-6.664442,-5.1049623
2018-10-06 07:30:00,-4.002835,0.5381879
2018-10-06 08:00:00,0.5584835,1.4227264
2018-10-06 08:30:00,12.558757,-1.6195507
2018-10-06 09:00:00,5.981423,3.95161
2018-10-06 09:30:00,-0.9135174,6.4879956
2018-10-06 10:00:00,15.435213,7.22281
2018-10-06 10:30:00,-2.2735627,0.46405762
2018-10-06 11:00:00,-2.90017,-4.092887
2018-10-06 11:30:00,0.068120934,6.7254696
2018-10-06 12:00:00,-27.20523,-21.476439
2018-10-06 12:30:00,-34.717358,5.3647385
2018-10-06 13:00:00,-4.1873565,0.37862387
2018-10-06 13:30:00,-21.9174,7.4784164
2018-10-06 14:00:00,-28.249767,8.9033375
2018-10-06 14:30:00,-1.3826057,1.2952639
2018-10-06 15:00:00,3.0538938,2.5566058
2018-10-06 15:30:00,-0.973727,-1.89381
2018-10-06 16:00:00,-7.152943,-10.281606
2018-10-06 16:30:00,-2.4839027,-1.5398452
2018-10-06 17:00:00,-38.439148,-25.558147
2018-10-06 17:30:00,0.37259856,3.4027727
2018-10-06 18:00:00,1.0828614,2.7960894
2018-10-06 18:30:00,0.6791429,2.3595834
2018-10-06 19:00:00,1.867521,3.2546346
2018-10-06 19:30:00,-25.295567,8.195291
2018-10-06 20:00:00,-1.2878653,0.61145306
2018-10-06 20:30:00,1.1096411,0.4361288
2018-10-06 21:00:00,-0.3631856,3.144977
2018-10-06 21:30:00,-1.530639,3.1729453
2018-10-06 22:00:00,3.3940732,0.7985963
2018-10-06 22:30:00,-1.43388,0.56089973
2018-10-06 23:00:00,-7.3497167,-2.8171437
2018-10-06 23:30:00,0.9675457,2.1412122
2018-10-07 00:00:00,-4.704359,1.6839781
2018-10-07 00:30:00,13.64023,4.5609283
2018-10-07 01:00:00,4.5091906,3.2558012
2018-10-07 01:30:00,0.31520286,-1.1224943
2018-10-07 02:00:00,1.9888664,3.1641235
2018-10-07 02:30:00,-8.706183,3.7868292
2018-10-07 03:00:00,-9.236096,-6.0601006
2018-10-07 03:30:00,0.6748347,2.7693448
2018-10-07 04:00:00,-24.07815,-27.97742
2018-10-07 04:30:00,1.3082278,0.8070204
2018-10-07 05:00:00,0.34332395,1.0931556
2018-10-07 05:30:00,1.4300363,4.6585956
2018-10-07 06:00:00,3.3814023,0.8796957
2018-10-07 06:30:00,-10.756881,-6.357998
2018-10-07 07:00:00,0.0002694098,2.2678795
2018-10-07 07:30:00,-10.7980795,1.1736826
2018-10-07 08:00:00,7.264096,-5.3379226
2018-10-07 08:30:00,1.7740695,0.10345143
2018-10-07 09:00:00,14.813853,3.1546772
2018-10-07 09:30:00,-0.31175846,0.8629524
2018-10-07 10:00:00,-0.23274325,4.102689
2018-10-07 10:30:00,0.30384257,1.1592288
2018-10-07 11:00:00,-8.360358,-8.536859
2018-10-07 11:30:00,0.0470607,2.5859504
2018-10-07 12:00:00,-9.850378,-4.860087
2018-10-07 12:30:00,-9.738483,-5.302129
2018-10-07 13:00:00,2.1142929,1.5853096
2018-10-07 13:30:00,2.7689078,2.5853868
2018-10-07 14:00:00,-4.583962,3.8711662
2018-10-07 14:30:00,14.263499,0.67909044
2018-10-07 15:00:00,-20.474878,-11.9038515
2018-10-07 15:30:00,-30.219765,-23.295527
2018-10-07 16:00:00,0.20020616,2.4721072
2018-10-07 16:30:00,-10.997177,-6.2781262
2018-10-07 17:00:00,28.448765,-0.6187179
2018-10-07 17:30:00,3.251716,8.899108
2018-10-07 18:00:00,-31.322554,-6.033959
2018-10-07 18:30:00,5.4587665,1.0873182
2018-10-07 19:00:00,0.3795065,-2.7409687
2018-10-07 19:30:00,2.2627368,2.3139281
2018-10-07 20:00:00,2.5326443,6.310579
2018-10-07 20:30:00,4.0517206,3.5019612
2018-10-07 21:00:00,-11.998116,-6.417325
2018-10-07 21:30:00,-4.7390647,2.9223897
2018-10-07 22:00:00,-9.522241,3.3289657
2018-10-07 22:30:00,1.8542076,-1.6405104
2018-10-07 23:00:00,-2.0655427,-0.24849911
2018-10-07 23:30:00,-6.468167,-2.1498535
2018-10-08 00:00:00,-7.995051,1.9150114
2018-10-08 00:30:00,0.09527202,1.323717
2018-10-08 01:00:00,0.8157023,2.9379401
2018-10-08 01:30:00,-2.7418032,0.85398215
2018-10-08 02:00:00,1.6120456,2.5525599
2018-10-08 02:30:00,-6.868783,0.30004126
2018-10-08 03:00:00,-8.069256,-4.0476904
2018-10-08 03:30:00,-38.953606,1.6095681
2018-10-08 04:00:00,-13.497916,-9.669824
2018-10-08 04:30:00,-14.982643,-8.759668
2018-10-08 05:00:00,-18.312607,-8.460006
2018-10-08 05:30:00,-24.105175,-16.86167
2018-10-08 06:00:00,16.303267,4.0651565
2018-10-08 06:30:00,-25.637638,-17.828989
2018-10-08 07:00:00,4.863653,-2.4142423
2018-10-08 07:30:00,5.717209,9.904538
2018-10-08 08:00:00,-1.7541746,-0.2025074
2018-10-08 08:30:00,-7.060387,-6.0525637
2018-10-08 09:00:00,1.9430189,3.5342898
2018-10-08 09:30:00,11.48008,0.5784732
2018-10-08 10:00:00,0.4392092,6.4849415
2018-10-08 10:30:00,-2.8986537,0.71474427
2018-10-08 11:00:00,-38.98403,3.4282634
2018-10-08 11:30:00,1.0158881,4.120717
2018-10-08 12:00:00,13.599211,4.9071546
2018-10-08 12:30:00,-7.242121,-2.8397157
2018-10-08 13:00:00,-2.9010134,-1.7478696
2018-10-08 13:30:00,1.40351,-0.32190406
2018-10-08 14:00:00,-15.316417,-1.1186405
2018-10-08 14:30:00,-12.721337,-8.734322
2018-10-08 15:00:00,-1.0884528,2.9818304
2018-10-08 15:30:00,-10.438299,-4.4829645
2018-10-08 16:00:00,-2.0692391,4.06371
2018-10-08 16:30:00,-4.6341524,-1.4888724
2018-10-08 17:00:00,-0.049995508,-0.7398448
2018-10-08 17:30:00,-5.624237,-3.5721443
2018-10-08 18:00:00,-0.4462774,0.72737604
2018-10-08 18:30:00,-4.7488084,2.250223
2018-10-08 19:00:00,-9.188025,3.134897
2018-10-08 19:30:00,0.36673054,0.4624235
2018-10-08 20:00:00,8.876929,3.7344234
2018-10-08 20:30:00,18.668337,1.9775106
2018-10-08 21:00:00,-0.9995804,0.5502211
2018-10-08 21:30:00,1.4612858,2.295022
2018-10-08 22:00:00,10.080413,3.6621892
2018-10-08 22:30:00,-3.8979137,-2.2552245
2018-10-08 23:00:00,-2.923227,-1.6793233
2018-10-08 23:30:00,-16.8296,-8.636104
2018-10-09 00:00:00,-3.305326,-3.0225291
2018-10-09 00:30:00,1.0304948,0.4256249
2018-10-09 01:00:00,1.6011091,-0.8195853
2018-10-09 01:30:00,-0.0975995,1.7237041
2018-10-09 02:00:00,0.6614514,1.5235752
2018-10-09 02:30:00,-0.15193227,22.859201
2018-10-09 03:00:00,3.6024692,2.3014886
2018-10-09 03:30:00,0.72047687,3.5223005
2018-10-09 04:00:00,-1.2168634,1.7463461
2018-10-09 04:30:00,6.0010414,1.1841909
2018-10-09 05:00:00,1.4577991,4.162964
2018-10-09 05:30:00,2.64519,4.9855757
2018-10-09 06:00:00,-34.607918,-28.970753
2018-10-09 06:30:00,-0.7886372,3.2624993
2018-10-09 07:00:00,2.6407988,3.6551635
2018-10-09 07:30:00,34.7848,24.718737
2018-10-09 08:00:00,-6.196398,-28.025581
2018-10-09 08:30:00,16.6378,2.4856696
2018-10-09 09:00:00,-11.187231,2.549296
2018-10-09 09:30:00,-0.88602114,2.8139253
2018-10-09 10:00:00,0.50287926,1.5944678
2018-10-09 10:30:00,-1.9773737,3.042136
2018-10-09 11:00:00,-0.7561949,-0.26101726
2018-10-09 11:30:00,4.2355433,1.8675342
2018-10-09 12:00:00,-14.439354,-7.7196164
2018-10-09 12:30:00,0.7889008,1.9665085
2018-10-09 13:00:00,0.28954172,4.593632
2018-10-09 13:30:00,-5.732461,-7.2257757
2018-10-09 14:00:00,1.1688151,7.082397
2018-10-09 14:30:00,0.12774497,2.4669468
2018-10-09 15:00:00,-0.81372166,5.840066
2018-10-09 15:30:00,0.8708085,6.3764987
2018-10-09 16:00:00,-1.7747629,-0.2759036
2018-10-09 16:30:00,-7.1754932,-7.2359695
2018-10-09 17:00:00,0.6359432,-6.8381014
2018-10-09 17:30:00,-21.91189,-4.5492387
2018-10-09 18:00:00,-9.397146,-4.018267
2018-10-09 18:30:00,-3.090647,-3.2337255
2018-10-09 19:00:00,-11.775301,3.7722661
2018-10-09 19:30:00,-23.620144,-12.369177
2018-10-09 20:00:00,4.5030866,5.676203
2018-10-09 20:30:00,2.5385823,0.47377068
2018-10-09 21:00:00,7.533715,4.679695
2018-10-09 21:30:00,2.9969876,2.485167
2018-10-09 22:00:00,0.9255782,0.53276116
2018-10-09 22:30:00,-10.902852,-5.7048163
2018-10-09 23:00:00,-1.1392639,2.1097531
2018-10-09 23:30:00,-36.208855,1.2667321
2018-10-10 00:00:00,2.7503338,-0.42418164
2018-10-10 00:30:00,0.5251192,0.7290102
2018-10-10 01:00:00,0.5605677,3.0797036
2018-10-10 01:30:00,-5.3175354,-2.85971
2018-10-10 02:00:00,0.5283875,1.6905758
2018-10-10 02:30:00,-1.7834667,-0.3733356
2018-10-10 03:00:00,5.9081883,-0.5052198
2018-10-10 03:30:00,0.9313151,-0.32145405
2018-10-10 04:00:00,-10.204683,-14.49852
2018-10-10 04:30:00,3.8916585,2.51771
2018-10-10 05:00:00,0.81395894,1.8602723
2018-10-10 05:30:00,1.3725837,3.0387366
2018-10-10 06:00:00,41.572296,-11.555523
2018-10-10 06:30:00,7.705854,3.3709464
2018-10-10 07:00:00,-1.4543328,-0.27704403
2018-10-10 07:30:00,-15.236786,-10.059962
2018-10-10 08:00:00,0.95110387,5.6492
2018-10-10 08:30:00,24.64708,0.5401279
2018-10-10 09:00:00,2.387001,4.0493307
2018-10-10 09:30:00,4.240323,2.826972
2018-10-10 10:00:00,-17.507757,-11.686428
2018-10-10 10:30:00,2.6112008,3.3351877
2018-10-10 11:00:00,-11.147906,-6.9298444
2018-10-10 11:30:00,-21.814157,-7.455306
2018-10-10 12:00:00,-14.20537,-22.76369
2018-10-10 12:30:00,26.736185,2.2415411
2018-10-10 13:00:00,-0.22895941,1.1535966
2018-10-10 13:30:00,1.9408474,1.2885787
2018-10-10 14:00:00,4.5562134,3.6527646
2018-10-10 14:30:00,2.0192988,-0.3473992
2018-10-10 15:00:00,-0.80534124,0.7689154
2018-10-10 15:30:00,14.247311,4.350107
2018-10-10 16:00:00,6.61548,4.0337496
2018-10-10 16:30:00,2.4528732,4.898031
2018-10-10 17:00:00,1.0698582,3.7398806
2018-10-10 17:30:00,5.627987,2.332948
2018-10-10 18:00:00,-4.325161,-1.4032639
2018-10-10 18:30:00,-32.89583,5.22159
2018-10-10 19:00:00,-0.79788715,4.1074734
2018-10-10 19:30:00,-0.7177403,2.0568447
2018-10-10 20:00:00,0.4925108,1.4288784
2018-10-10 20:30:00,-9.30774,3.0828145
2018-10-10 21:00:00,3.163809,2.0664005
2018-10-10 21:30:00,7.1563435,9.498097
2018-10-10 22:00:00,-5.3478236,6.3246655
2018-10-10 22:30:00,0.92321,4.980922
2018-10-10 23:00:00,2.7091746,5.0341363
2018-10-10 23:30:00,3.8173404,2.7967799
2018-10-11 00:00:00,-8.233788,-3.1965032
2018-10-11 00:30:00,1.3653874,3.787572
2018-10-11 01:00:00,0.46379983,7.596118
2018-10-11 01:30:00,-0.7885018,-0.32048404
2018-10-11 02:00:00,-2.0629823,-3.3827858
2018-10-11 02:30:00,1.388156,-4.2244697
2018-10-11 03:00:00,2.7205305,3.2933905
2018-10-11 03:30:00,-2.6103296,0.3361058
2018-10-11 04:00:00,-8.069177,-3.7920358
2018-10-11 04:30:00,5.919016,4.557555
2018-10-11 05:00:00,-0.11026622,2.3020043
2018-10-11 05:30:00,-7.981934,7.794543
2018-10-11 06:00:00,-29.535593,-17.572142
2018-10-11 06:30:00,-1.6272146,-0.5966527
2018-10-11 07:00:00,2.687,5.511994
2018-10-11 07:30:00,0.37316656,1.6948315
2018-10-11 08:00:00,1.1376879,0.92113453
2018-10-11 08:30:00,-6.730052,-3.8296516
2018-10-11 09:00:00,-0.4618148,0.038125396
2018-10-11 09:30:00,-9.4522,1.9380641
2018-10-11 10:00:00,-11.21758,2.8605416
2018-10-11 10:30:00,-25.573437,-18.064083
2018-10-11 11:00:00,4.47958,1.9213033
2018-10-11 11:30:00,-1.4129726,3.077676
2018-10-11 12:00:00,-3.4299004,-0.41156736
2018-10-11 12:30:00,5.2404566,4.849226
2018-10-11 13:00:00,-1.4228779,3.2061698
2018-10-11 13:30:00,5.7282066,6.9839597
2018-10-11 14:00:00,-25.749678,-0.78615546
2018-10-11 14:30:00,3.4218667,3.492449
2018-10-11 15:00:00,0.8415645,2.0352776
2018-10-11 15:30:00,-6.8374243,1.1801841
2018-10-11 16:00:00,16.164394,4.57789
2018-10-11 16:30:00,26.367,11.148769
2018-10-11 17:00:00,1.9094712,0.98809034
2018-10-11 17:30:00,5.0797653,6.736135
2018-10-11 18:00:00,1.9166193,4.32896
2018-10-11 18:30:00,-19.63323,-17.539179
2018-10-11 19:00:00,0.58153176,2.3156452
2018-10-11 19:30:00,-17.805996,-29.05877
2018-10-11 20:00:00,1.4768144,4.2802286
2018-10-11 20:30:00,1.258474,2.5875494
2018-10-11 21:00:00,2.2240987,0.18466441
2018-10-11 21:30:00,0.3263884,1.7376074
2018-10-11 22:00:00,-21.12874,-8.560933
2018-10-11 22:30:00,-14.245443,-6.96926
2018-10-11 23:00:00,0.5420111,-2.2587156
2018-10-11 23:30:00,-19.763424,-1.9189293
2018-10-12 00:00:00,3.2589996,2.0032372
2018-10-12 00:30:00,1.2491629,3.557028
2018-10-12 01:00:00,-28.741486,-23.27845
2018-10-12 01:30:00,0.57420874,-0.116745956
2018-10-12 02:00:00,-29.752794,-8.809103
2018-10-12 02:30:00,4.230641,-4.3223777
2018-10-12 03:00:00,3.6482031,6.142071
2018-10-12 03:30:00,3.0926847,3.139284
2018-10-12 04:00:00,-34.15468,4.0629063
2018-10-12 04:30:00,3.4193676,3.6212835
2018-10-12 05:00:00,-7.44783,-3.9109387
2018-10-12 05:30:00,2.958083,2.9459143
2018-10-12 06:00:00,15.095982,2.4996252
2018-10-12 06:30:00,2.5478802,2.3382173
2018-10-12 07:00:00,0.3409514,2.3200233
2018-10-12 07:30:00,-0.2623674,1.4943923
2018-10-12 08:00:00,4.816696,1.4852735
2018-10-12 08:30:00,-4.3921432,-0.85941625
2018-10-12 09:00:00,-2.2131479,2.7476947
2018-10-12 09:30:00,7.4797187,3.8474844
2018-10-12 10:00:00,-3.2072124,0.31845802
2018-10-12 10:30:00,2.609689,3.084169
2018-10-12 11:00:00,-1.8743752,-1.0981921
2018-10-12 11:30:00,-3.0288951,1.9998903
2018-10-12 12:00:00,3.0251522,-1.0517285
2018-10-12 12:30:00,-10.502892,2.48286
2018-10-12 13:00:00,-27.179781,-19.935211
2018-10-12 13:30:00,1.6635339,1.6040803
2018-10-12 14:00:00,-44.023106,-1.7704417
2018-10-12 14:30:00,1.0287733,-5.0190086
2018-10-12 15:00:00,9.947419,2.8810296
2018-10-12 15:30:00,3.133818,1.8347815
2018-10-12 16:00:00,0.6135372,-1.3083094
2018-10-12 16:30:00,-0.86452836,1.5614966
2018-10-12 17:00:00,-22.317307,1.8169808
2018-10-12 17:30:00,30.142332,6.82184
2018-10-12 18:00:00,2.4703245,1.8618628
2018-10-12 18:30:00,-3.0880735,4.0834203
2018-10-12 19:00:00,-12.428356,-10.028669
2018-10-12 19:30:00,3.6953132,4.604158
2018-10-12 20:00:00,-22.770102,-11.717717
2018-10-12 20:30:00,0.65333754,3.6275055
2018-10-12 21:00:00,3.8784194,5.7217746
2018-10-12 21:30:00,-0.79418194,0.56534773
2018-10-12 22:00:00,-13.61303,-10.623315
2018-10-12 22:30:00,-23.665861,-14.165965
2018-10-12 23:00:00,-12.243178,-7.6737165
2018-10-12 23:30:00,-11.62507,5.136545
2018-10-13 00:00:00,0.6781074,3.4683697
2018-10-13 00:30:00,1.5188825,6.0374727
2018-10-13 01:00:00,2.29521,2.465811
2018-10-13 01:30:00,-6.713711,5.702506
2018-10-13 02:00:00,-13.515188,-3.2593868
2018-10-13 02:30:00,-5.2811694,-2.3162336
2018-10-13 03:00:00,1.5834745,2.205669
2018-10-13 03:30:00,0.72321206,1.4001718
2018-10-13 04:00:00,9.958177,2.077551
2018-10-13 04:30:00,-0.89612746,0.6513626
2018-10-13 05:00:00,-28.654419,-17.37141
2018-10-13 05:30:00,-2.163713,3.9735093
2018-10-13 06:00:00,-5.9827065,-1.4410719
2018-10-13 06:30:00,3.6542108,2.2410254
2018-10-13 07:00:00,-3.9135778,-1.0001833
2018-10-13 07:30:00,-6.2623053,-3.661139
2018-10-13 08:00:00,22.771757,-2.875221
2018-10-13 08:30:00,-11.018504,4.8585587
2018-10-13 09:00:00,1.7327574,3.9636478
2018-10-13 09:30:00,1.0112216,3.2880645
2018-10-13 10:00:00,-4.922158,0.90355235
2018-10-13 10:30:00,-28.06138,-19.322422
2018-10-13 11:00:00,2.1256793,-0.0015875607
2018-10-13 11:30:00,0.7617366,1.5259128
2018-10-13 12:00:00,-6.028327,-2.478336
2018-10-13 12:30:00,-20.62817,4.495436
2018-10-13 13:00:00,-1.229753,0.8556075
2018-10-13 13:30:00,-4.9806285,3.1005714
2018-10-13 14:00:00,-1.1043835,0.57892764
2018-10-13 14:30:00,1.7656367,0.45274103
2018-10-13 15:00:00,-11.709708,-6.6048265
2018-10-13 15:30:00,2.2779422,7.7735524
2018-10-13 16:00:00,-1.3597715,-1.9414665
2018-10-13 16:30:00,32.15999,11.899519
2018-10-13 17:00:00,-9.322776,-5.661254
2018-10-13 17:30:00,1.3955622,5.4384494
2018-10-13 18:00:00,1.0408939,0.8076147
2018-10-13 18:30:00,4.0156035,4.028952
2018-10-13 19:00:00,3.4758236,-1.640777
2018-10-13 19:30:00,-5.098867,-4.3605967
2018-10-13 20:00:00,-1.1922684,2.191796
2018-10-13 20:30:00,0.4005274,2.7691655
2018-10-13 21:00:00,1.9502239,4.064335
2018-10-13 21:30:00,2.7655914,4.9766054
2018-10-13 22:00:00,-13.314701,-15.864984
2018-10-13 22:30:00,-3.1949782,4.189613
2018-10-13 23:00:00,0.03762292,2.7390478
2018-10-13 23:30:00,-7.7130537,-5.6745543
2018-10-14 00:00:00,-1.5690193,-3.939488
2018-10-14 00:30:00,34.5847,-4.768641
2018-10-14 01:00:00,-2.7707937,-0.7977823
2018-10-14 01:30:00,2.6719608,3.1066973
2018-10-14 02:00:00,-0.2550094,1.9220461
2018-10-14 02:30:00,1.7155946,0.31932753
2018-10-14 03:00:00,-6.212875,-1.2097195
2018-10-14 03:30:00,-2.5383315,-1.8920841
2018-10-14 04:00:00,-29.76879,-18.290092
2018-10-14 04:30:00,2.3413546,9.91994
2018-10-14 05:00:00,-30.825796,-12.3473215
2018-10-14 05:30:00,-8.7245035,2.0613363
2018-10-14 06:00:00,-3.2267828,2.0618389
2018-10-14 06:30:00,2.3309512,2.7208319
2018-10-14 07:00:00,0.80484015,2.7189531
2018-10-14 07:30:00,1.1139842,2.4842582
2018-10-14 08:00:00,-3.0911846,-0.35484454
2018-10-14 08:30:00,4.570322,-1.6432501
2018-10-14 09:00:00,1.0508647,-4.8762493
2018-10-14 09:30:00,1.4815464,1.7954488
2018-10-14 10:00:00,-12.431908,-1.6934189
2018-10-14 10:30:00,0.5198891,3.5131335
2018-10-14 11:00:00,-44.94743,11.423344
2018-10-14 11:30:00,-6.4285846,-11.885928
2018-10-14 12:00:00,1.8361797,4.2937865
2018-10-14 12:30:00,5.9016867,6.518061
2018-10-14 13:00:00,-9.074755,1.9357527
2018-10-14 13:30:00,6.4138875,2.865361
2018-10-14 14:00:00,-10.833349,-6.6993484
2018-10-14 14:30:00,3.3286207,2.4054615
2018-10-14 15:00:00,-5.8656344,-0.32467425
2018-10-14 15:30:00,-32.632164,-21.13157
2018-10-14 16:00:00,-1.3157197,0.8984315
2018-10-14 16:30:00,0.41903156,-0.19366823
2018-10-14 17:00:00,-1.1533988,9.885694
2018-10-14 17:30:00,-27.262573,-26.053751
2018-10-14 18:00:00,3.2462497,1.8820055
2018-10-14 18:30:00,1.2370467,0.046042643
2018-10-14 19:00:00,-0.8728301,2.487129
2018-10-14 19:30:00,3.5605452,5.6150055
2018-10-14 20:00:00,-17.618237,-10.399627
2018-10-14 20:30:00,-1.9133017,-1.0286146
2018-10-14 21:00:00,-23.290451,-14.538917
2018-10-14 21:30:00,0.11767801,0.6502965
2018-10-14 22:00:00,2.2608712,3.3951352
2018-10-14 22:30:00,-9.561905,-4.104247
2018-10-14 23:00:00,-0.62476504,1.9247026
2018-10-14 23:30:00,32.265507,8.315469
2018-10-15 00:00:00,-0.6642421,2.197603
2018-10-15 00:30:00,4.5689588,4.241267
2018-10-15 01:00:00,-13.019676,11.227562
2018-10-15 01:30:00,1.9710395,2.414043
2018-10-15 02:00:00,-7.1565084,0.061920833
2018-10-15 02:30:00,-5.1613708,-3.2724292
2018-10-15 03:00:00,-0.5515261,5.0819325
2018-10-15 03:30:00,0.5080875,6.6230173
2018-10-15 04:00:00,7.7121983,8.271972
2018-10-15 04:30:00,2.6586475,5.2615433
2018-10-15 05:00:00,-26.367235,2.1069348
2018-10-15 05:30:00,32.476547,4.1651616
2018-10-15 06:00:00,-14.960942,-22.324715
2018-10-15 06:30:00,-1.3324369,1.0854656
2018-10-15 07:00:00,18.981327,2.947636
2018-10-15 07:30:00,1.7447512,2.223535
2018-10-15 08:00:00,-17.720083,-3.3211343
2018-10-15 08:30:00,-0.42810532,4.312094
2018-10-15 09:00:00,40.938698,5.8225317
2018-10-15 09:30:00,2.313937,2.00748
2018-10-15 10:00:00,2.9377873,1.0008401
2018-10-15 10:30:00,0.86100805,1.5971462
2018-10-15 11:00:00,-0.55800587,-1.264546
2018-10-15 11:30:00,4.2844186,3.3364375
2018-10-15 12:00:00,4.221063,-3.993598
2018-10-15 12:30:00,1.0292845,0.68653584
2018-10-15 13:00:00,49.56041,-3.1242561
2018-10-15 13:30:00,5.0119534,3.485563
2018-10-15 14:00:00,1.021009,3.3798337
2018-10-15 14:30:00,2.5518126,26.151907
2018-10-15 15:00:00,-25.361536,-10.418161
2018-10-15 15:30:00,0.8995107,1.968597
2018-10-15 16:00:00,-25.58264,-6.908072
2018-10-15 16:30:00,-2.7728386,2.938552
2018-10-15 17:00:00,1.5218711,3.3034706
2018-10-15 17:30:00,-1.4876971,1.1985092
2018-10-15 18:00:00,-24.917942,-21.286417
2018-10-15 18:30:00,23.799015,5.9098883
2018-10-15 19:00:00,-3.3303843,1.3289253
2018-10-15 19:30:00,-3.8249152,3.517232
2018-10-15 20:00:00,-4.05798,4.9253745
2018-10-15 20:30:00,0.94664276,0.30895472
2018-10-15 21:00:00,9.194865,3.8861008
2018-10-15 21:30:00,-3.3435097,1.0976298
2018-10-15 22:00:00,-7.170189,-5.4339085
2018-10-15 22:30:00,13.791449,-0.43377236
2018-10-15 23:00:00,1.5952542,3.376089
2018-10-15 23:30:00,5.539215,4.5582323
2018-10-16 00:00:00,-1.1774082,-0.79681665
2018-10-16 00:30:00,1.6539301,6.2934422
2018-10-16 01:00:00,-3.8703825,-3.6037302
2018-10-16 01:30:00,-8.705366,-1.5439174
2018-10-16 02:00:00,0.23650666,0.7629775
2018-10-16 02:30:00,-3.2199404,-1.9018278
2018-10-16 03:00:00,-8.670416,-5.5116696
2018-10-16 03:30:00,2.9800913,3.5629354
2018-10-16 04:00:00,2.1308963,0.75239927
2018-10-16 04:30:00,-8.970219,-3.5908844
2018-10-16 05:00:00,-11.628592,-8.967369
2018-10-16 05:30:00,4.3276577,2.2618499
2018-10-16 06:00:00,0.26022345,2.030052
2018-10-16 06:30:00,0.254587,2.521376
2018-10-16 07:00:00,-1.6787161,2.7623146
2018-10-16 07:30:00,-11.626765,-2.5565517
2018-10-16 08:00:00,-3.4057903,0.80144954
2018-10-16 08:30:00,5.471918,4.8390803
2018-10-16 09:00:00,3.8666878,3.9010088
2018-10-16 09:30:00,2.2997365,3.1760433
2018-10-16 10:00:00,-1.6758147,-3.3304017
2018-10-16 10:30:00,0.3086838,0.9170798
2018-10-16 11:00:00,-12.417306,-9.663113
2018-10-16 11:30:00,1.2087946,0.3190042
2018-10-16 12:00:00,15.655065,1.5510889
2018-10-16 12:30:00,4.0954795,5.2566843
2018-10-16 13:00:00,0.80700296,1.7603455
2018-10-16 13:30:00,-5.738591,-0.777692
2018-10-16 14:00:00,3.8638957,3.2869632
2018-10-16 14:30:00,8.214746,3.6311276
2018-10-16 15:00:00,31.759024,19.599314
2018-10-16 15:30:00,1.3922458,1.2348534
2018-10-16 16:00:00,0.3439619,1.9434253
2018-10-16 16:30:00,5.596873,2.5821927
2018-10-16 17:00:00,0.3551037,4.412283
2018-10-16 17:30:00,-22.843428,2.2418776
2018-10-16 18:00:00,5.5788975,1.4025575
2018-10-16 18:30:00,1.4940734,-2.9709795
2018-10-16 19:00:00,-8.961269,-6.7959943
2018-10-16 19:30:00,0.011468035,0.42543265
2018-10-16 20:00:00,-1.9072894,1.5996672
2018-10-16 20:30:00,-21.095913,-13.048514
2018-10-16 21:00:00,0.7368663,4.093924
2018-10-16 21:30:00,11.438798,4.4475656
2018-10-16 22:00:00,-4.703219,-0.0007486471
2018-10-16 22:30:00,-15.879725,-4.8072224
2018-10-16 23:00:00,1.5713015,-1.1820484
2018-10-16 23:30:00,-1.5803927,1.0976954
2018-10-17 00:00:00,-12.124359,-3.116837
2018-10-17 00:30:00,-3.631681,-2.9149296
2018-10-17 01:00:00,-0.65716374,0.11436605
2018-10-17 01:30:00,-4.076991,-0.14922327
2018-10-17 02:00:00,-33.568832,-15.757089
2018-10-17 02:30:00,10.458697,3.8145657
2018-10-17 03:00:00,-6.862168,1.353682
2018-10-17 03:30:00,0.37392685,0.73850477
2018-10-17 04:00:00,-3.993703,1.5330479
2018-10-17 04:30:00,3.0798478,7.021912
2018-10-17 05:00:00,0.16209675,1.9374698
2018-10-17 05:30:00,-2.6496537,5.333572
2018-10-17 06:00:00,-3.9025016,-7.4352636
2018-10-17 06:30:00,0.83089453,2.263187
2018-10-17 07:00:00,-0.8453251,0.4969588
2018-10-17 07:30:00,2.9387267,1.8684255
2018-10-17 08:00:00,-4.387905,1.8407326
2018-10-17 08:30:00,2.8533454,3.585739
2018-10-17 09:00:00,-5.9718485,2.4650025
2018-10-17 09:30:00,2.1716797,1.9155445
2018-10-17 10:00:00,8.252188,-0.76227266
2018-10-17 10:30:00,-31.275644,1.719597
2018-10-17 11:00:00,-0.069565795,0.47725305
2018-10-17 11:30:00,0.16863766,0.8992354
2018-10-17 12:00:00,3.3850725,7.2576337
2018-10-17 12:30:00,-2.1976323,3.3199825
2018-10-17 13:00:00,0.80681074,3.3823678
2018-10-17 13:30:00,-0.814211,-0.58335245
2018-10-17 14:00:00,-8.499561,-4.654409
2018-10-17 14:30:00,-11.275846,2.9906387
2018-10-17 15:00:00,1.5820894,4.096423
2018-10-17 15:30:00,-0.946104,1.3191292
2018-10-17 16:00:00,-4.582651,0.283062
2018-10-17 16:30:00,0.65303606,-7.301173
2018-10-17 17:00:00,-5.8442855,0.47920614
2018-10-17 17:30:00,3.3985038,20.328783
2018-10-17 18:00:00,-1.1485487,-1.5236787
2018-10-17 18:30:00,-1.6217355,-1.4561723
2018-10-17 19:00:00,0.36971915,3.800527
2018-10-17 19:30:00,-16.15918,-9.602728
2018-10-17 20:00:00,5.734734,-1.1569335
2018-10-17 20:30:00,-6.625607,-4.499454
2018-10-17 21:00:00,3.8256595,3.5446453
2018-10-17 21:30:00,-20.951242,-14.505288
2018-10-17 22:00:00,4.0630064,3.254473
2018-10-17 22:30:00,9.733177,2.6221373
2018-10-17 23:00:00,5.6327014,0.39422244
2018-10-17 23:30:00,4.779417,3.2969997
2018-10-18 00:00:00,22.14478,10.57705
2018-10-18 00:30:00,-24.272568,-12.411259
2018-10-18 01:00:00,1.7603586,3.4069235
2018-10-18 01:30:00,0.81335163,3.1435046
2018-10-18 02:00:00,-1.9455736,1.4765872
2018-10-18 02:30:00,4.38577,1.1942141
2018-10-18 03:00:00,-0.03954404,1.2604665
2018-10-18 03:30:00,0.9117754,5.0552664
2018-10-18 04:00:00,-8.307577,-5.856594
2018-10-18 04:30:00,-10.045723,-8.791775
2018-10-18 05:00:00,2.5632255,9.734589
2018-10-18 05:30:00,1.8118206,3.5022278
2018-10-18 06:00:00,5.763419,1.7681054
2018-10-18 06:30:00,-19.667141,-15.057944
2018-10-18 07:00:00,-8.857808,-0.8031784
2018-10-18 07:30:00,-2.1609516,5.2244782
2018-10-18 08:00:00,-5.2873473,-5.426585
2018-10-18 08:30:00,-1.3050935,-0.6161138
2018-10-18 09:00:00,-9.100984,-6.3671913
2018-10-18 09:30:00,-2.743529,0.63329977
2018-10-18 10:00:00,1.5124159,2.8870418
2018-10-18 10:30:00,-12.25858,-9.836641
2018-10-18 11:00:00,5.3808613,5.3014092
2018-10-18 11:30:00,-4.7877307,6.9372034
2018-10-18 12:00:00,-0.1979764,3.346618
2018-10-18 12:30:00,-22.343075,-10.464223
2018-10-18 13:00:00,-0.47369066,-0.1554758
2018-10-18 13:30:00,-1.9364285,-1.7468734
2018-10-18 14:00:00,-7.4396334,-2.3897564
2018-10-18 14:30:00,0.39338788,-0.067892335
2018-10-18 15:00:00,-3.7892787,1.9977318
2018-10-18 15:30:00,1.0231324,1.4064374
2018-10-18 16:00:00,0.7527751,-0.5654206
2018-10-18 16:30:00,21.870083,3.1017861
2018-10-18 17:00:00,2.8997433,2.3820112
2018-10-18 17:30:00,-1.4871509,3.4145174
2018-10-18 18:00:00,4.5359836,0.6358252
2018-10-18 18:30:00,0.24992055,-2.7774177
2018-10-18 19:00:00,4.1219754,1.5538503
2018-10-18 19:30:00,-25.806595,-8.012615
2018-10-18 20:00:00,4.954173,4.3069425
2018-10-18 20:30:00,-13.105914,-11.9755125
2018-10-18 21:00:00,2.3838289,4.556078
2018-10-18 21:30:00,-4.7522473,-3.0557754
2018-10-18 22:00:00,8.975812,-3.160915
2018-10-18 22:30:00,-7.135496,-0.5405853
2018-10-18 23:00:00,-16.34964,-9.830598
2018-10-18 23:30:00,1.088393,0.56089103
2018-10-19 00:00:00,-0.12340484,0.30852652
2018-10-19 00:30:00,3.5612051,1.0129738
2018-10-19 01:00:00,-14.158814,-0.071816005
2018-10-19 01:30:00,4.6573505,11.714281
2018-10-19 02:00:00,-0.6087252,-0.9172139
2018-10-19 02:30:00,1.1525612,0.644896
2018-10-19 03:00:00,0.97298557,6.7916083
2018-10-19 03:30:00,5.762838,0.6358252
2018-10-19 04:00:00,18.01118,-10.88853
2018-10-19 04:30:00,1.7864785,7.3845673
2018-10-19 05:00:00,-6.9647427,2.3624191
2018-10-19 05:30:00,0.7446918,1.2510024
2018-10-19 06:00:00,16.412495,2.9617925
2018-10-19 06:30:00,-17.686495,-6.83676
2018-10-19 07:00:00,-19.059048,-8.478361
2018-10-19 07:30:00,0.48567277,1.0451802
2018-10-19 08:00:00,2.9883492,3.144702
2018-10-19 08:30:00,3.7159016,1.8576944
2018-10-19 09:00:00,3.7048428,4.2334723
2018-10-19 09:30:00,-0.21423909,6.210617
2018-10-19 10:00:00,0.34540814,2.1187189
2018-10-19 10:30:00,-7.282328,-6.012016
2018-10-19 11:00:00,2.9337676,4.965057
2018-10-19 11:30:00,-1.0484821,0.45233032
2018-10-19 12:00:00,0.7473964,6.9298806
2018-10-19 12:30:00,2.052519,3.4580188
2018-10-19 13:00:00,2.9514809,5.8057666
2018-10-19 13:30:00,1.9274509,2.3915932
2018-10-19 14:00:00,3.491986,8.18168
2018-10-19 14:30:00,6.033274,6.0805807
2018-10-19 15:00:00,2.1347413,4.394395
2018-10-19 15:30:00,-6.858139,-0.013502758
2018-10-19 16:00:00,1.5398772,3.702431
2018-10-19 16:30:00,3.9393454,7.230666
2018-10-19 17:00:00,0.53501576,-0.70434827
2018-10-19 17:30:00,5.328608,9.093989
2018-10-19 18:00:00,-12.761693,-8.625713
2018-10-19 18:30:00,-25.92093,-6.7206273
2018-10-19 19:00:00,39.058475,2.0785646
2018-10-19 19:30:00,12.299484,0.51773065
2018-10-19 20:00:00,-15.243851,-2.0378017
2018-10-19 20:30:00,-0.7546176,0.4772705
2018-10-19 21:00:00,-2.8293517,0.6436857
2018-10-19 21:30:00,-9.780691,-5.284455
2018-10-19 22:00:00,-31.2065,8.513121
2018-10-19 22:30:00,-8.8564625,-14.770697
2018-10-19 23:00:00,0.5151571,2.191652
2018-10-19 23:30:00,-3.0946844,4.78608
2018-10-20 00:00:00,4.9142065,7.989018
2018-10-20 00:30:00,22.346813,1.6906806
2018-10-20 01:00:00,-3.6229904,-4.3747005
2018-10-20 01:30:00,2.7053514,5.941771
2018-10-20 02:00:00,0.45845613,4.666177
2018-10-20 02:30:00,1.0413264,2.5983593
2018-10-20 03:00:00,-0.4159236,0.9164244
2018-10-20 03:30:00,-0.34870562,3.2410808
2018-10-20 04:00:00,-16.636093,-8.473289
2018-10-20 04:30:00,45.661575,-0.33265704
2018-10-20 05:00:00,-1.6358571,0.64840895
2018-10-20 05:30:00,-19.929705,-13.413852
2018-10-20 06:00:00,-3.2752824,1.8590401
2018-10-20 06:30:00,-2.2364233,0.29470628
2018-10-20 07:00:00,2.306745,4.0365634
2018-10-20 07:30:00,5.7070937,-0.6664573
2018-10-20 08:00:00,0.6190382,0.9100539
2018-10-20 08:30:00,-18.956402,5.5202346
2018-10-20 09:00:00,3.1123557,1.6425304
2018-10-20 09:30:00,4.106263,0.21973713
2018-10-20 10:00:00,-2.5839214,2.0750256
2018-10-20 10:30:00,41.79081,3.3083336
2018-10-20 11:00:00,-0.6131601,0.37567458
2018-10-20 11:30:00,5.163836,4.7146983
2018-10-20 12:00:00,-4.378533,-4.594304
2018-10-20 12:30:00,-8.2547035,-3.046036
2018-10-20 13:00:00,6.928937,1.1495376
2018-10-20 13:30:00,30.73408,10.990311
2018-10-20 14:00:00,1.4331123,9.040103
2018-10-20 14:30:00,-23.616383,-13.2323065
2018-10-20 15:00:00,14.151937,6.3491077
2018-10-20 15:30:00,-0.036708336,1.5820326
2018-10-20 16:00:00,-22.777262,-19.240934
2018-10-20 16:30:00,-5.565801,0.75137687
2018-10-20 17:00:00,0.10451755,5.5699224
2018-10-20 17:30:00,4.68351,3.4278526
2018-10-20 18:00:00,11.134097,2.5621724
2018-10-20 18:30:00,3.5758467,1.8647815
2018-10-20 19:00:00,-1.7518982,-0.018059982
2018-10-20 19:30:00,-6.0965104,4.878129
2018-10-20 20:00:00,-2.7599185,-1.4854119
2018-10-20 20:30:00,-0.80304736,0.8827018
2018-10-20 21:00:00,-1.2239374,0.41935927
2018-10-20 21:30:00,-17.610588,-9.563399
2018-10-20 22:00:00,-0.52381575,2.486242
2018-10-20 22:30:00,4.236216,1.9681339
2018-10-20 23:00:00,3.5862238,4.82301
2018-10-20 23:30:00,2.7487915,4.620316
2018-10-21 00:00:00,0.4042326,2.2845793
2018-10-21 00:30:00,-5.814382,-8.99213
2018-10-21 01:00:00,-15.858318,0.723802
2018-10-21 01:30:00,3.9622102,10.867231
2018-10-21 02:00:00,0.8520815,1.8676565
2018-10-21 02:30:00,7.4414124,14.836198
2018-10-21 03:00:00,0.8696768,3.6669168
2018-10-21 03:30:00,-7.4594088,-6.6795554
2018-10-21 04:00:00,0.9502868,2.8957279
2018-10-21 04:30:00,0.5965667,3.5781057
2018-10-21 05:00:00,6.3211217,10.026657
2018-10-21 05:30:00,-15.5656395,-8.740382
2018-10-21 06:00:00,2.5024652,4.6787777
2018-10-21 06:30:00,-0.5834922,3.6774383
2018-10-21 07:00:00,-4.5428376,1.0816205
2018-10-21 07:30:00,2.071482,3.111163
2018-10-21 08:00:00,1.9717255,3.0943758
2018-10-21 08:30:00,-10.603958,3.5795562
2018-10-21 09:00:00,3.804499,1.4267986
2018-10-21 09:30:00,-9.485307,-0.92153955
2018-10-21 10:00:00,-7.149614,-2.9851274
2018-10-21 10:30:00,0.7618764,-0.77998596
2018-10-21 11:00:00,7.440836,2.8581605
2018-10-21 11:30:00,5.9521704,6.5016327
2018-10-21 12:00:00,2.17341,2.7069418
2018-10-21 12:30:00,-24.314451,-18.09729
2018-10-21 13:00:00,-6.761686,1.9180001
2018-10-21 13:30:00,32.413235,5.2328014
2018-10-21 14:00:00,-3.089996,1.4032828
2018-10-21 14:30:00,-3.770189,-0.38823944
2018-10-21 15:00:00,0.71537346,2.8354836
2018-10-21 15:30:00,-5.5880632,0.9359947
2018-10-21 16:00:00,-2.7877424,1.0966161
2018-10-21 16:30:00,-3.2481487,3.9501815
2018-10-21 17:00:00,-9.814908,6.448252
2018-10-21 17:30:00,1.7248882,5.1970954
2018-10-21 18:00:00,1.4306173,2.3957136
2018-10-21 18:30:00,0.7221023,1.088262
2018-10-21 19:00:00,0.80788994,4.9742503
2018-10-21 19:30:00,-22.265015,-10.78287
2018-10-21 20:00:00,1.1520718,5.711887
2018-10-21 20:30:00,0.40535113,3.4974215
2018-10-21 21:00:00,2.883494,1.9386846
2018-10-21 21:30:00,0.6058865,2.4859886
2018-10-21 22:00:00,1.3859278,2.666591
2018-10-21 22:30:00,0.50625676,1.8839716
2018-10-21 23:00:00,-0.37178013,-3.8312113
2018-10-21 23:30:00,18.189615,3.7588785
2018-10-22 00:00:00,17.595896,8.671317
2018-10-22 00:30:00,-0.8526787,0.50095236
2018-10-22 01:00:00,1.9520241,2.4143226
2018-10-22 01:30:00,-39.604164,-24.712639
2018-10-22 02:00:00,0.74278235,6.7560854
2018-10-22 02:30:00,-20.813519,-7.456848
2018-10-22 03:00:00,-1.2926409,5.93804
2018-10-22 03:30:00,-3.9320033,4.6121235
2018-10-22 04:00:00,19.385784,4.554558
2018-10-22 04:30:00,-4.5513487,-0.68055284
2018-10-22 05:00:00,-10.152182,2.9864268
2018-10-22 05:30:00,0.7000677,2.5126722
2018-10-22 06:00:00,-2.112819,-0.23863749
2018-10-22 06:30:00,-6.4225903,1.6620134
2018-10-22 07:00:00,-20.848278,-8.270905
2018-10-22 07:30:00,-0.057593793,5.531608
2018-10-22 08:00:00,-4.0899506,8.532131
2018-10-22 08:30:00,-5.727987,-3.1755216
2018-10-22 09:00:00,-2.0745828,-1.4049767
2018-10-22 09:30:00,-1.1979704,7.7193856
2018-10-22 10:00:00,0.97442305,-0.4478198
2018-10-22 10:30:00,2.763892,3.2820084
2018-10-22 11:00:00,-8.966993,-2.565994
2018-10-22 11:30:00,0.7619419,0.2664891
2018-10-22 12:00:00,-2.1173499,-0.093737
2018-10-22 12:30:00,0.91883194,-1.3016723
2018-10-22 13:00:00,32.666485,6.7228785
2018-10-22 13:30:00,2.6376615,2.4073055
2018-10-22 14:00:00,53.767563,13.074007
2018-10-22 14:30:00,-33.988155,4.863955
2018-10-22 15:00:00,-18.220188,-15.839523
2018-10-22 15:30:00,28.688416,4.886667
2018-10-22 16:00:00,-1.4354966,1.8511142
2018-10-22 16:30:00,1.473568,2.1069305
2018-10-22 17:00:00,-5.961572,-2.8681383
2018-10-22 17:30:00,-0.5732418,1.2552233
2018-10-22 18:00:00,-14.212015,-6.3910913
2018-10-22 18:30:00,-24.083206,2.4928834
2018-10-22 19:00:00,4.4073195,4.1210403
2018-10-22 19:30:00,-9.723501,-4.3225656
2018-10-22 20:00:00,4.4180155,2.8288553
2018-10-22 20:30:00,0.64400464,2.8232713
2018-10-22 21:00:00,1.2196393,-1.3600643
2018-10-22 21:30:00,-1.8638232,5.244389
2018-10-22 22:00:00,5.6632648,9.506509
2018-10-22 22:30:00,0.45604864,-0.19462074
2018-10-22 23:00:00,-0.33483297,2.4496443
2018-10-22 23:30:00,1.9391346,1.237121
2018-10-23 00:00:00,3.720057,3.9964135
2018-10-23 00:30:00,-0.74905103,0.7163609
2018-10-23 01:00:00,-0.41375202,0.5417795
2018-10-23 01:30:00,5.034027,2.7399783
2018-10-23 02:00:00,-25.045712,-5.406447
2018-10-23 02:30:00,-0.34299925,0.5754103
2018-10-23 03:00:00,-0.031478234,2.772836
2018-10-23 03:30:00,0.46788517,2.1761408
2018-10-23 04:00:00,-5.1834927,7.663633
2018-10-23 04:30:00,2.9897125,2.0437322
2018-10-23 05:00:00,4.2790356,3.824305
2018-10-23 05:30:00,-1.5163512,1.0928584
2018-10-23 06:00:00,2.3882637,3.4481833
2018-10-23 06:30:00,-15.635687,-0.057318524
2018-10-23 07:00:00,-0.058004513,2.489353
2018-10-23 07:30:00,-5.8106723,-4.3993483
2018-10-23 08:00:00,-9.300597,-2.560541
2018-10-23 08:30:00,-6.077115,-1.1947109
2018-10-23 09:00:00,6.9029655,4.035235
2018-10-23 09:30:00,1.9636247,4.856086
2018-10-23 10:00:00,4.7097173,6.258448
2018-10-23 10:30:00,-20.006077,-20.166086
2018-10-23 11:00:00,1.3905723,2.6081991
2018-10-23 11:30:00,2.8324249,2.4857175
2018-10-23 12:00:00,4.1670012,0.11839021
2018-10-23 12:30:00,0.42319116,3.6686385
2018-10-23 13:00:00,3.0135953,2.5454116
2018-10-23 13:30:00,-8.078191,-6.256874
2018-10-23 14:00:00,38.303654,9.569226
2018-10-23 14:30:00,13.663091,5.010507
2018-10-23 15:00:00,3.4627202,3.617207
2018-10-23 15:30:00,1.2847775,1.9544841
2018-10-23 16:00:00,0.40526813,-2.4414632
2018-10-23 16:30:00,-1.728391,0.60461503
2018-10-23 17:00:00,-2.9522743,0.9741259
2018-10-23 17:30:00,0.7530372,1.1121709
2018-10-23 18:00:00,3.916153,2.4748685
2018-10-23 18:30:00,-25.277466,-5.8449717
2018-10-23 19:00:00,-22.355574,-4.0811725
2018-10-23 19:30:00,20.933432,0.8102494
2018-10-23 20:00:00,14.288413,2.6224954
2018-10-23 20:30:00,-0.063833214,-0.23743592
2018-10-23 21:00:00,1.3798718,2.6880443
2018-10-23 21:30:00,-1.7088077,3.518381
2018-10-23 22:00:00,3.5326777,1.6160042
2018-10-23 22:30:00,22.63244,2.0353389
2018-10-23 23:00:00,-0.08229806,3.588815
2018-10-23 23:30:00,-11.272608,-20.048683
2018-10-24 00:00:00,-1.5379664,-0.88523465
2018-10-24 00:30:00,4.5421443,0.10782951
2018-10-24 01:00:00,-11.8425665,6.007827
2018-10-24 01:30:00,0.17849927,-6.800031
2018-10-24 02:00:00,-1.7134042,-4.1139297
2018-10-24 02:30:00,-5.9553804,-3.399647
2018-10-24 03:00:00,-28.001,-1.4831617
2018-10-24 03:30:00,-9.954059,-0.39725775
2018-10-24 04:00:00,17.365824,2.1322944
2018-10-24 04:30:00,-6.9796114,14.096171
2018-10-24 05:00:00,1.1200533,1.1566552
2018-10-24 05:30:00,-2.1597762,-0.27169594
2018-10-24 06:00:00,8.98542,-0.93303967
2018-10-24 06:30:00,-3.0929105,2.629565
2018-10-24 07:00:00,-23.388859,5.0640225
2018-10-24 07:30:00,-9.944891,-7.3224254
2018-10-24 08:00:00,-3.8961222,4.266627
2018-10-24 08:30:00,-7.639006,2.6774619
2018-10-24 09:00:00,-1.1290964,1.1059315
2018-10-24 09:30:00,-31.337831,-17.349653
2018-10-24 10:00:00,8.51635,2.0197709
2018-10-24 10:30:00,0.46540338,0.09375149
2018-10-24 11:00:00,1.9959841,2.4554555
2018-10-24 11:30:00,5.126762,1.876098
2018-10-24 12:00:00,-11.602817,4.832124
2018-10-24 12:30:00,6.0648336,2.391991
2018-10-24 13:00:00,4.4483128,4.5423584
2018-10-24 13:30:00,-4.833574,-1.0311227
2018-10-24 14:00:00,-28.424145,-7.3966956
2018-10-24 14:30:00,-0.19506204,1.572219
2018-10-24 15:00:00,1.0336058,2.2092605
2018-10-24 15:30:00,-8.364784,-0.9398121
2018-10-24 16:00:00,20.134872,0.1628876
2018-10-24 16:30:00,1.2315981,2.0487483
2018-10-24 17:00:00,15.224982,1.4448527
2018-10-24 17:30:00,2.8814883,1.9737704
2018-10-24 18:00:00,1.9461955,2.708978
2018-10-24 18:30:00,0.8034594,3.3805065
2018-10-24 19:00:00,4.4777927,4.6889844
2018-10-24 19:30:00,0.39366317,2.2290273
2018-10-24 20:00:00,-1.8964797,0.6848886
2018-10-24 20:30:00,2.9233773,2.3307545
2018-10-24 21:00:00,-20.669367,-16.70954
2018-10-24 21:30:00,-41.768723,6.1898274
2018-10-24 22:00:00,6.008823,2.8109233
2018-10-24 22:30:00,13.121157,1.6397035
2018-10-24 23:00:00,-11.085417,-2.02032
2018-10-24 23:30:00,36.099075,2.1489372
2018-10-25 00:00:00,0.92035246,-0.017789083
2018-10-25 00:30:00,-1.8421032,0.4525925
2018-10-25 01:00:00,1.7974849,3.1565778
2018-10-25 01:30:00,-4.1983585,-0.23034449
2018-10-25 02:00:00,-5.7001452,2.4958544
2018-10-25 02:30:00,-1.4742308,0.72317713
2018-10-25 03:00:00,-4.2375035,-5.4772086
2018-10-25 03:30:00,3.595915,10.804745
2018-10-25 04:00:00,2.8044,2.8360252
2018-10-25 04:30:00,-4.925256,-12.317252
2018-10-25 05:00:00,0.61780167,3.0054858
2018-10-25 05:30:00,1.6209284,4.0563216
2018-10-25 06:00:00,1.1132109,5.041276
2018-10-25 06:30:00,-21.019762,-21.309252
2018-10-25 07:00:00,-1.9312903,4.921263
2018-10-25 07:30:00,3.124345,4.5071855
2018-10-25 08:00:00,-0.024836833,0.3554314
2018-10-25 08:30:00,2.420361,3.440799
2018-10-25 09:00:00,2.9347157,3.9406476
2018-10-25 09:30:00,-8.153832,6.964031
2018-10-25 10:00:00,2.8207588,3.7069488
2018-10-25 10:30:00,3.602443,3.4419875
2018-10-25 11:00:00,-5.98168,-24.784252
2018-10-25 11:30:00,-3.0167527,0.09923939
2018-10-25 12:00:00,5.8398256,9.250535
2018-10-25 12:30:00,2.7611742,2.676789
2018-10-25 13:00:00,-9.2368965,-1.6879703
2018-10-25 13:30:00,-4.0318384,1.0058736
2018-10-25 14:00:00,-2.3194363,5.5799108
2018-10-25 14:30:00,2.220293,5.517866
2018-10-25 15:00:00,4.259103,3.9386683
2018-10-25 15:30:00,-1.4002403,0.9410675
2018-10-25 16:00:00,3.8166413,4.621168
2018-10-25 16:30:00,0.48383328,4.505053
2018-10-25 17:00:00,-10.250758,7.2973247
2018-10-25 17:30:00,0.6837875,2.1397223
2018-10-25 18:00:00,-0.614886,-1.3003572
2018-10-25 18:30:00,-4.9678526,-1.071325
2018-10-25 19:00:00,9.38931,6.1558123
2018-10-25 19:30:00,0.33150488,1.463571
2018-10-25 20:00:00,-1.810858,6.0235567
2018-10-25 20:30:00,-5.392085,1.5573633
2018-10-25 21:00:00,13.92703,-3.2011914
2018-10-25 21:30:00,-18.039068,-9.960608
2018-10-25 22:00:00,9.311579,25.333319
2018-10-25 22:30:00,-2.1302264,-7.471656
2018-10-25 23:00:00,1.677931,-1.3790184
2018-10-25 23:30:00,0.3415369,3.56848
2018-10-26 00:00:00,-17.803524,-14.796578
2018-10-26 00:30:00,4.6353116,3.3450449
2018-10-26 01:00:00,4.53088,-15.744674
2018-10-26 01:30:00,-37.9766,-23.48302
2018-10-26 02:00:00,2.946714,-0.35295263
2018-10-26 02:30:00,-21.094666,-11.287223
2018-10-26 03:00:00,3.9088955,2.61803
2018-10-26 03:30:00,-5.0191617,-3.999986
2018-10-26 04:00:00,-3.7021103,-0.9476988
2018-10-26 04:30:00,5.362925,3.8811283
2018-10-26 05:00:00,-27.764242,4.7816234
2018-10-26 05:30:00,-4.243629,0.21403512
2018-10-26 06:00:00,-6.520022,-2.020687
2018-10-26 06:30:00,2.2024007,2.250258
2018-10-26 07:00:00,3.5221126,8.641893
2018-10-26 07:30:00,-23.77513,4.114102
2018-10-26 08:00:00,13.935287,6.141896
2018-10-26 08:30:00,-12.384602,-2.5447981
2018-10-26 09:00:00,18.043129,4.833077
2018-10-26 09:30:00,1.3683892,2.2998807
2018-10-26 10:00:00,0.33398232,0.51171845
2018-10-26 10:30:00,-23.753712,-8.27399
2018-10-26 11:00:00,-7.6022296,-1.1561557
2018-10-26 11:30:00,-30.25068,-25.085289
2018-10-26 12:00:00,-21.265368,-16.720385
2018-10-26 12:30:00,4.7200594,2.5811615
2018-10-26 13:00:00,6.7680445,4.540995
2018-10-26 13:30:00,1.0766569,1.3805447
2018-10-26 14:00:00,-2.917503,-0.08642709
2018-10-26 14:30:00,-17.987011,-16.425581
2018-10-26 15:00:00,-0.37669125,-0.88244706
2018-10-26 15:30:00,-7.520261,-1.1248363
2018-10-26 16:00:00,4.4411035,0.5840048
2018-10-26 16:30:00,-9.1108675,-6.3848257
2018-10-26 17:00:00,0.77505,1.387658
2018-10-26 17:30:00,45.954067,1.7260112
2018-10-26 18:00:00,-1.4680525,3.901306
2018-10-26 18:30:00,0.6683987,2.85255
2018-10-26 19:00:00,-23.876831,3.9525933
2018-10-26 19:30:00,3.201818,2.4053566
2018-10-26 20:00:00,57.797607,-1.4625254
2018-10-26 20:30:00,-21.930685,6.8450193
2018-10-26 21:00:00,-1.9191041,2.00606
2018-10-26 21:30:00,-1.8481504,3.825122
2018-10-26 22:00:00,16.214962,11.995426
2018-10-26 22:30:00,-4.2222414,6.758292
2018-10-26 23:00:00,0.21746069,1.9629431
2018-10-26 23:30:00,3.511543,3.3694565
2018-10-27 00:00:00,28.280712,2.0275352
2018-10-27 00:30:00,0.01888281,-0.25510117
2018-10-27 01:00:00,-1.2354244,-0.6063177
2018-10-27 01:30:00,3.1390085,1.8021164
2018-10-27 02:00:00,5.4225492,9.704195
2018-10-27 02:30:00,0.35332975,2.0946002
2018-10-27 03:00:00,-28.531399,0.68742716
2018-10-27 03:30:00,-6.1298966,-2.2841713
2018-10-27 04:00:00,2.3287227,4.549306
2018-10-27 04:30:00,2.087452,0.092571765
2018-10-27 05:00:00,-0.25956228,4.485251
2018-10-27 05:30:00,4.92409,5.8703237
2018-10-27 06:00:00,5.063188,8.538034
2018-10-27 06:30:00,-0.28930005,-0.3550106
2018-10-27 07:00:00,0.9800595,1.1963856
2018-10-27 07:30:00,0.33541107,2.0341809
2018-10-27 08:00:00,5.9366155,4.643443
2018-10-27 08:30:00,3.0568388,3.9544635
2018-10-27 09:00:00,1.6960418,2.8134532
2018-10-27 09:30:00,0.2875187,1.3927221
2018-10-27 10:00:00,15.282343,2.2803671
2018-10-27 10:30:00,6.9473796,6.126044
2018-10-27 11:00:00,-8.793544,-10.135412
2018-10-27 11:30:00,-0.94321585,1.8381242
2018-10-27 12:00:00,-2.0678716,0.48827252
2018-10-27 12:30:00,-0.035498027,0.4705767
2018-10-27 13:00:00,1.1670586,5.6267676
2018-10-27 13:30:00,22.575237,8.874649
2018-10-27 14:00:00,0.73914707,0.8153921
2018-10-27 14:30:00,-0.71351075,-3.322148
2018-10-27 15:00:00,1.3335394,5.1361866
2018-10-27 15:30:00,0.5334777,-14.163054
2018-10-27 16:00:00,10.001686,0.5088696
2018-10-27 16:30:00,0.3016317,2.071696
2018-10-27 17:00:00,1.5590149,1.7069259
2018-10-27 17:30:00,-0.31503984,2.7090566
2018-10-27 18:00:00,4.7856255,6.841934
2018-10-27 18:30:00,-6.8210173,9.151971
2018-10-27 19:00:00,4.2875295,5.7675304
2018-10-27 19:30:00,0.36567315,-0.585205
2018-10-27 20:00:00,0.5712114,3.6901226
2018-10-27 20:30:00,-1.1002369,2.6848722
2018-10-27 21:00:00,-0.12503897,-0.1900242
2018-10-27 21:30:00,0.8605711,8.754422
2018-10-27 22:00:00,-24.032309,-13.367548
2018-10-27 22:30:00,2.3252666,1.2030445
2018-10-27 23:00:00,4.937316,9.808404
2018-10-27 23:30:00,-7.217749,-6.35764
2018-10-28 00:00:00,18.73754,2.0242276
2018-10-28 00:30:00,11.754194,2.3236587
2018-10-28 01:00:00,1.2018648,2.2803714
2018-10-28 01:30:00,-5.9789095,2.8199375
2018-10-28 02:00:00,1.5576866,2.3051503
2018-10-28 02:30:00,0.86572254,3.311934
2018-10-28 03:00:00,0.5717226,2.0298772
2018-10-28 03:30:00,-6.175792,-3.1224473
2018-10-28 04:00:00,1.2758946,3.0955293
2018-10-28 04:30:00,-4.886871,6.961069
2018-10-28 05:00:00,-1.3012791,2.0462534
2018-10-28 05:30:00,3.0631568,6.0240636
2018-10-28 06:00:00,-6.053927,1.844132
2018-10-28 06:30:00,-10.033851,-3.9316669
2018-10-28 07:00:00,2.2574193,1.0652791
2018-10-28 07:30:00,2.6633706,23.829777
2018-10-28 08:00:00,-11.300537,-5.3697925
2018-10-28 08:30:00,2.5273619,2.139578
2018-10-28 09:00:00,3.3362932,4.166953
2018-10-28 09:30:00,-26.327677,-6.9207387
2018-10-28 10:00:00,3.8695714,2.2802842
2018-10-28 10:30:00,-4.4749117,1.6359153
2018-10-28 11:00:00,7.883769,7.70176
2018-10-28 11:30:00,4.0407624,0.7431712
2018-10-28 12:00:00,-14.356993,-5.817838
2018-10-28 12:30:00,-5.825668,-2.1256516
2018-10-28 13:00:00,0.33497414,0.16234581
2018-10-28 13:30:00,1.7785612,1.9525528
2018-10-28 14:00:00,1.2741163,1.9933494
2018-10-28 14:30:00,-10.327562,1.0011373
2018-10-28 15:00:00,-9.818364,-3.8125324
2018-10-28 15:30:00,-4.4312706,5.556758
2018-10-28 16:00:00,12.255402,3.595959
2018-10-28 16:30:00,0.60542333,-0.6691052
2018-10-28 17:00:00,-17.961586,1.1774839
2018-10-28 17:30:00,3.2064888,3.4903781
2018-10-28 18:00:00,-21.440733,-20.855097
2018-10-28 18:30:00,-5.5889587,-2.579565
2018-10-28 19:00:00,6.3245473,1.7767786
2018-10-28 19:30:00,1.7404431,2.4025953
2018-10-28 20:00:00,14.759918,4.5253267
2018-10-28 20:30:00,-9.910335,-5.6384635
2018-10-28 21:00:00,2.0846643,2.8692453
2018-10-28 21:30:00,-8.318575,1.3050512
2018-10-28 22:00:00,-33.902992,-7.59772
2018-10-28 22:30:00,2.0924199,3.1308074
2018-10-28 23:00:00,20.472338,2.9258327
2018-10-28 23:30:00,-17.995523,-5.8343105
2018-10-29 00:00:00,-1.4962174,0.822335
2018-10-29 00:30:00,2.2704093,2.8476477
2018-10-29 01:00:00,1.3526465,0.56564486
2018-10-29 01:30:00,-13.51793,1.1438487
2018-10-29 02:00:00,-16.211952,-11.087562
2018-10-29 02:30:00,18.783335,3.0638428
2018-10-29 03:00:00,-12.660744,-5.4562445
2018-10-29 03:30:00,4.2076797,2.4643865
2018-10-29 04:00:00,4.749797,0.50172573
2018-10-29 04:30:00,-3.825007,-4.3792973
2018-10-29 05:00:00,-22.155897,-29.185543
2018-10-29 05:30:00,-8.523776,-3.1587913
2018-10-29 06:00:00,1.3859278,-3.4322772
2018-10-29 06:30:00,2.9021335,4.2985187
2018-10-29 07:00:00,0.56526035,1.7553469
2018-10-29 07:30:00,4.499963,4.2576346
2018-10-29 08:00:00,6.7348504,2.453201
2018-10-29 08:30:00,1.2733297,4.0833764
2018-10-29 09:00:00,-0.0895468,1.4252169
2018-10-29 09:30:00,-7.6724973,-10.270189
2018-10-29 10:00:00,2.3795907,2.450444
2018-10-29 10:30:00,2.6816127,3.1121678
2018-10-29 11:00:00,-17.174349,-9.3662815
2018-10-29 11:30:00,3.3282492,0.87254745
2018-10-29 12:00:00,1.5822423,3.6592357
2018-10-29 12:30:00,-11.790043,-6.821668
2018-10-29 13:00:00,-9.7192545,-13.542455
2018-10-29 13:30:00,-0.51554024,1.9780785
2018-10-29 14:00:00,-2.508122,0.13769834
2018-10-29 14:30:00,2.954133,4.3559494
2018-10-29 15:00:00,29.762705,1.5279226
2018-10-29 15:30:00,-8.079689,2.2511013
2018-10-29 16:00:00,6.7124577,7.132513
2018-10-29 16:30:00,-4.518557,6.701871
2018-10-29 17:00:00,-4.5596724,2.50219
2018-10-29 17:30:00,-4.847621,-3.2664082
2018-10-29 18:00:00,-6.3959413,-3.945592
2018-10-29 18:30:00,9.450336,1.1176457
2018-10-29 19:00:00,-4.8831744,2.7194774
2018-10-29 19:30:00,-6.413004,-1.5830318
2018-10-29 20:00:00,3.0954201,4.1554184
2018-10-29 20:30:00,3.9276443,2.5845258
2018-10-29 21:00:00,4.4210176,2.1874661
2018-10-29 21:30:00,0.9546562,2.663078
2018-10-29 22:00:00,1.1951272,1.7364014
2018-10-29 22:30:00,4.923758,2.346222
2018-10-29 23:00:00,-0.004392679,1.1905264
2018-10-29 23:30:00,-11.42768,8.440113
2018-10-30 00:00:00,1.6207799,6.324504
2018-10-30 00:30:00,-11.395906,-13.420965
2018-10-30 01:00:00,-20.1435,-4.493398
2018-10-30 01:30:00,-1.002285,2.035391
2018-10-30 02:00:00,10.35015,2.3501544
2018-10-30 02:30:00,9.218831,0.882562
2018-10-30 03:00:00,1.5737833,0.561494
2018-10-30 03:30:00,13.48594,3.5300212
2018-10-30 04:00:00,1.6514702,5.0449376
2018-10-30 04:30:00,5.9103074,4.5102787
2018-10-30 05:00:00,19.322166,5.0484853
2018-10-30 05:30:00,-3.3279111,3.9287455
2018-10-30 06:00:00,-6.4911757,0.35635334
2018-10-30 06:30:00,15.592946,1.8965641
2018-10-30 07:00:00,-6.450475,4.3244157
2018-10-30 07:30:00,-10.682598,-3.3513045
2018-10-30 08:00:00,-0.49254438,-0.38134024
2018-10-30 08:30:00,1.4224336,3.0179124
2018-10-30 09:00:00,1.7711464,2.2709205
2018-10-30 09:30:00,3.1089387,6.969074
2018-10-30 10:00:00,3.8937252,3.3700726
2018-10-30 10:30:00,6.9948616,11.000868
2018-10-30 11:00:00,7.684278,7.809652
2018-10-30 11:30:00,1.1161034,3.6218035
2018-10-30 12:00:00,-16.75075,-5.6264043
2018-10-30 12:30:00,-0.67087036,0.85868794
2018-10-30 13:00:00,0.67836076,3.9323413
2018-10-30 13:30:00,-4.2880654,-5.3368826
2018-10-30 14:00:00,4.5969925,7.664529
2018-10-30 14:30:00,-0.10714214,0.7767278
2018-10-30 15:00:00,1.085282,3.0557246
2018-10-30 15:30:00,2.6639607,1.847409
2018-10-30 16:00:00,0.7466405,2.5963626
2018-10-30 16:30:00,-28.650175,-17.163708
2018-10-30 17:00:00,-2.0941837,2.3776724
2018-10-30 17:30:00,1.0175397,3.389324
2018-10-30 18:00:00,0.550007,1.580145
2018-10-30 18:30:00,49.816235,0.024851331
2018-10-30 19:00:00,-1.2092869,0.86586237
2018-10-30 19:30:00,4.6757803,6.1681075
2018-10-30 20:00:00,6.817689,2.4564517
2018-10-30 20:30:00,0.64793706,4.257224
2018-10-30 21:00:00,-24.185465,-8.831102
2018-10-30 21:30:00,1.7911886,2.7910779
2018-10-30 22:00:00,1.5586172,3.2386165
2018-10-30 22:30:00,-1.0749778,2.8302054
2018-10-30 23:00:00,-9.044449,0.7228232
2018-10-30 23:30:00,4.970558,0.4119707
2018-10-31 00:00:00,-4.2659917,0.43889895
2018-10-31 00:30:00,3.7778416,4.0142446
2018-10-31 01:00:00,-13.239679,-12.401388
2018-10-31 01:30:00,2.3392792,2.5952482
2018-10-31 02:00:00,1.029468,2.2822897
2018-10-31 02:30:00,-14.620123,2.7058625
2018-10-31 03:00:00,-16.338264,-11.085722
2018-10-31 03:30:00,-5.357008,-1.9725937
2018-10-31 04:00:00,-3.9164093,-0.9445878
2018-10-31 04:30:00,-3.7525325,3.4781613
2018-10-31 05:00:00,2.821624,1.6005062
2018-10-31 05:30:00,-26.231512,-16.204962
2018-10-31 06:00:00,-16.93314,-9.688673
2018-10-31 06:30:00,-6.5285335,-6.005899
2018-10-31 07:00:00,-24.000635,4.753598
2018-10-31 07:30:00,31.10447,4.123819
2018-10-31 08:00:00,2.9336014,4.399717
2018-10-31 08:30:00,-4.949462,-0.9797304
2018-10-31 09:00:00,3.010633,2.9951525
2018-10-31 09:30:00,1.3408493,0.026336908
2018-10-31 10:00:00,-5.7782083,-4.0822606
2018-10-31 10:30:00,-0.9561185,-3.737668
2018-10-31 11:00:00,-3.0433664,1.9023142
2018-10-31 11:30:00,1.4600711,23.965506
2018-10-31 12:00:00,-5.101524,3.333383
2018-10-31 12:30:00,-1.3450162,-3.3744097
2018-10-31 13:00:00,-1.3757677,-0.048951235
2018-10-31 13:30:00,0.95612425,2.500805
2018-10-31 14:00:00,2.2517872,3.0885732
2018-10-31 14:30:00,-7.5870504,-0.40928656
2018-10-31 15:00:00,4.4144855,5.130629
2018-10-31 15:30:00,-22.477224,-2.7886643
2018-10-31 16:00:00,1.9209582,2.8038845
2018-10-31 16:30:00,-4.7513604,0.022426346
2018-10-31 17:00:00,4.75906,2.251617
2018-10-31 17:30:00,1.610796,1.4711868
2018-10-31 18:00:00,-5.8615055,-1.1394037
2018-10-31 18:30:00,-2.033109,0.9596372
2018-10-31 19:00:00,-3.4538748,7.110352
2018-10-31 19:30:00,0.47819683,3.0377054
2018-10-31 20:00:00,-10.67431,-6.4004416
2018-10-31 20:30:00,-7.788355,10.813623
2018-10-31 21:00:00,-23.287918,-24.263805
2018-10-31 21:30:00,-8.074883,6.2016597
2018-10-31 22:00:00,5.6467924,1.8154559
2018-10-31 22:30:00,2.7089212,1.7277545
2018-10-31 23:00:00,-0.9995367,-0.4689543
2018-10-31 23:30:00,21.92746,3.5890553
2018-11-01 00:00:00,-18.624702,-8.850075
2018-11-01 00:30:00,-15.192031,-19.19809
2018-11-01 01:00:00,1.1225045,2.753589
2018-11-01 01:30:00,0.68568814,3.2402158
2018-11-01 02:00:00,2.8718715,4.3686857
2018-11-01 02:30:00,4.480043,3.4789827
2018-11-01 03:00:00,-19.540777,-16.451931
2018-11-01 03:30:00,6.1658835,-0.037835628
2018-11-01 04:00:00,-22.629385,-18.10196
2018-11-01 04:30:00,-18.080477,-12.661285
2018-11-01 05:00:00,1.1998243,3.983537
2018-11-01 05:30:00,-2.3288085,1.2908552
2018-11-01 06:00:00,0.64936584,0.7291282
2018-11-01 06:30:00,0.41216296,1.9532257
2018-11-01 07:00:00,3.6620321,6.01224
2018-11-01 07:30:00,2.501871,2.931006
2018-11-01 08:00:00,1.305641,1.6978202
2018-11-01 08:30:00,0.6373982,6.670997
2018-11-01 09:00:00,1.7915732,1.2219987
2018-11-01 09:30:00,1.3477135,-8.71185
2018-11-01 10:00:00,7.9308662,2.6557724
2018-11-01 10:30:00,16.004595,2.478141
2018-11-01 11:00:00,0.94901097,1.8205812
2018-11-01 11:30:00,-1.7633939,-4.945031
2018-11-01 12:00:00,3.7154036,5.890947
2018-11-01 12:30:00,4.3779445,-1.0791636
2018-11-01 13:00:00,-25.169825,-23.563553
2018-11-01 13:30:00,-11.861998,-5.7886467
2018-11-01 14:00:00,0.46202588,2.7057228
2018-11-01 14:30:00,17.288946,6.634194
2018-11-01 15:00:00,2.8868015,1.4024613
2018-11-01 15:30:00,-33.302654,-3.441217
2018-11-01 16:00:00,-0.96442467,1.1713843
2018-11-01 16:30:00,3.6403558,2.2960837
2018-11-01 17:00:00,-25.280647,7.8912454
2018-11-01 17:30:00,4.0049205,3.7047992
2018-11-01 18:00:00,15.154417,2.897301
2018-11-01 18:30:00,3.5036652,1.3546345
2018-11-01 19:00:00,-23.645851,5.1640415
2018-11-01 19:30:00,0.4082524,0.35837635
2018-11-01 20:00:00,0.7256152,1.8668351
2018-11-01 20:30:00,-1.1060438,3.2971046
2018-11-01 21:00:00,1.7219652,2.7812994
2018-11-01 21:30:00,0.47851142,2.4661868
2018-11-01 22:00:00,2.3451996,3.5609648
2018-11-01 22:30:00,3.0194678,7.8250017
2018-11-01 23:00:00,11.366477,3.5576134
2018-11-01 23:30:00,3.382403,3.5344954
2018-11-02 00:00:00,-1.530722,3.2949853
2018-11-02 00:30:00,3.2438335,3.89033
2018-11-02 01:00:00,-2.3418992,3.3473432
2018-11-02 01:30:00,1.5012915,1.9903957
2018-11-02 02:00:00,-4.304778,5.4310913
2018-11-02 02:30:00,2.2810445,3.1291864
2018-11-02 03:00:00,-26.00751,-19.615091
2018-11-02 03:30:00,8.977376,3.2338233
2018-11-02 04:00:00,-25.69164,-11.534423
2018-11-02 04:30:00,1.0211444,-10.121552
2018-11-02 05:00:00,-0.34149185,1.0565754
2018-11-02 05:30:00,3.189789,2.3708913
2018-11-02 06:00:00,-5.858958,-2.736774
2018-11-02 06:30:00,-11.894103,-2.8418741
2018-11-02 07:00:00,0.09540747,6.290829
2018-11-02 07:30:00,-0.94793475,2.4104514
2018-11-02 08:00:00,-1.6480695,0.90614337
2018-11-02 08:30:00,17.181087,3.4081733
2018-11-02 09:00:00,-7.5752926,-3.8601408
2018-11-02 09:30:00,0.6510174,5.8687243
2018-11-02 10:00:00,0.4638872,-1.2924268
2018-11-02 10:30:00,1.2871194,0.7130271
2018-11-02 11:00:00,-4.1271906,-5.9772973
2018-11-02 11:30:00,24.62594,2.7754226
2018-11-02 12:00:00,15.854486,2.2996798
2018-11-02 12:30:00,3.339592,0.5804919
2018-11-02 13:00:00,-3.1959176,4.7641196
2018-11-02 13:30:00,18.69409,-1.7420235
2018-11-02 14:00:00,5.04963,-1.0212611
2018-11-02 14:30:00,2.3455186,3.6344178
2018-11-02 15:00:00,-43.003586,-27.848238
2018-11-02 15:30:00,1.0005168,3.3866324
2018-11-02 16:00:00,27.25485,1.7606906
2018-11-02 16:30:00,2.4759564,-0.024841202
2018-11-02 17:00:00,1.4096751,7.582206
2018-11-02 17:30:00,1.1240556,0.9610092
2018-11-02 18:00:00,2.5717676,2.5348902
2018-11-02 18:30:00,-0.9397641,-0.009439269
2018-11-02 19:00:00,3.1309733,1.820223
2018-11-02 19:30:00,-0.93726045,-0.25517547
2018-11-02 20:00:00,-12.625378,-18.739628
2018-11-02 20:30:00,0.2967686,2.0477958
2018-11-02 21:00:00,1.1347561,2.6452773
2018-11-02 21:30:00,-2.8948917,-1.4716704
2018-11-02 22:00:00,-2.9285314,-10.704899
2018-11-02 22:30:00,13.4355,1.3343651
2018-11-02 23:00:00,3.2847393,3.4039917
2018-11-02 23:30:00,-12.738159,2.7929304
2018-11-03 00:00:00,-5.5208015,-0.033527456
2018-11-03 00:30:00,0.48282397,2.3696678
2018-11-03 01:00:00,18.957352,3.815029
2018-11-03 01:30:00,0.6670005,6.4325795
2018-11-03 02:00:00,-1.1395916,0.8153834
2018-11-03 02:30:00,4.583653,5.102565
2018-11-03 03:00:00,2.3299243,-1.060974
2018-11-03 03:30:00,2.3150947,2.466772
2018-11-03 04:00:00,21.748264,10.196061
2018-11-03 04:30:00,0.24840875,0.9713645
2018-11-03 05:00:00,0.5335564,1.8245835
2018-11-03 05:30:00,-4.837812,6.732133
2018-11-03 06:00:00,3.8392525,2.6595912
2018-11-03 06:30:00,-3.2959495,-0.6112813
2018-11-03 07:00:00,5.5273128,0.9628618
2018-11-03 07:30:00,-0.15398586,-0.5782665
2018-11-03 08:00:00,-1.4168613,4.553876
2018-11-03 08:30:00,-15.455547,-5.3780417
2018-11-03 09:00:00,-19.258944,-7.272012
2018-11-03 09:30:00,-11.746686,-6.19905
2018-11-03 10:00:00,1.298921,1.9850695
2018-11-03 10:30:00,1.4135114,4.366877
2018-11-03 11:00:00,-1.2270353,4.980704
2018-11-03 11:30:00,2.3104415,-2.8814955
2018-11-03 12:00:00,0.8533311,4.9429526
2018-11-03 12:30:00,0.50403273,4.027248
2018-11-03 13:00:00,-3.0925827,3.1418705
2018-11-03 13:30:00,2.4846122,1.9819498
2018-11-03 14:00:00,8.577913,2.4073534
2018-11-03 14:30:00,-2.6828215,-0.60187846
2018-11-03 15:00:00,0.8565295,3.0680418
2018-11-03 15:30:00,5.098641,5.755489
2018-11-03 16:00:00,3.2568324,2.5231802
2018-11-03 16:30:00,-2.0289495,2.5122526
2018-11-03 17:00:00,1.6675625,-0.38362977
2018-11-03 17:30:00,-21.148733,-18.544443
2018-11-03 18:00:00,-14.0753355,-2.685679
2018-11-03 18:30:00,1.9233962,-0.56187713
2018-11-03 19:00:00,-1.004557,0.4267784
2018-11-03 19:30:00,4.5003037,2.7608595
2018-11-03 20:00:00,-0.42312425,3.2072797
2018-11-03 20:30:00,-20.976906,-6.7850137
2018-11-03 21:00:00,-13.409046,0.8200105
2018-11-03 21:30:00,-3.2888405,-0.5464577
2018-11-03 22:00:00,-25.418617,-13.930016
2018-11-03 22:30:00,6.113521,-0.15550639
2018-11-03 23:00:00,-11.084481,-8.569615
2018-11-03 23:30:00,0.97357976,3.5675318
2018-11-04 00:00:00,5.492349,3.8139322
2018-11-04 00:30:00,-27.80683,-25.306618
2018-11-04 01:00:00,-0.3679482,7.0712724
2018-11-04 01:30:00,-12.428867,-6.8178625
2018-11-04 02:00:00,17.43812,2.7034507
2018-11-04 02:30:00,4.3438897,3.9198408
2018-11-04 03:00:00,-2.762125,3.2575402
2018-11-04 03:30:00,2.4453974,2.3073435
2018-11-04 04:00:00,6.9102755,7.501102
2018-11-04 04:30:00,-3.979874,-0.05774672
2018-11-04 05:00:00,1.516025,5.7516437
2018-11-04 05:30:00,0.6843555,2.2656293
2018-11-04 06:00:00,4.6759334,-0.09772621
2018-11-04 06:30:00,4.0851984,-4.1276493
2018-11-04 07:00:00,-6.576841,2.580646
2018-11-04 07:30:00,1.7731564,3.2479625
2018-11-04 08:00:00,1.7401067,3.6122913
2018-11-04 08:30:00,5.8250966,3.2688742
2018-11-04 09:00:00,8.565526,4.5223117
2018-11-04 09:30:00,26.4367,1.0320328
2018-11-04 10:00:00,0.49995178,0.6614995
2018-11-04 10:30:00,1.846321,-2.149303
2018-11-04 11:00:00,4.187891,2.653177
2018-11-04 11:30:00,-14.673086,-19.215466
2018-11-04 12:00:00,15.717188,1.4028895
2018-11-04 12:30:00,-2.8315363,-2.477803
2018-11-04 13:00:00,-20.196257,-19.69061
2018-11-04 13:30:00,1.4110907,2.4795568
2018-11-04 14:00:00,-16.250732,2.6776717
2018-11-04 14:30:00,-34.784554,-19.496157
2018-11-04 15:00:00,-16.025057,1.4471554
2018-11-04 15:30:00,-39.876446,-28.695446
2018-11-04 16:00:00,0.1493208,2.1324387
2018-11-04 16:30:00,6.729437,4.406883
2018-11-04 17:00:00,-0.48194,0.65738356
2018-11-04 17:30:00,-14.76536,6.329738
2018-11-04 18:00:00,-0.39650622,-3.2373433
2018-11-04 18:30:00,-8.429089,-0.20993966
2018-11-04 19:00:00,-6.742972,-2.2596638
2018-11-04 19:30:00,-26.764723,-25.586643
2018-11-04 20:00:00,3.1975403,3.2404692
2018-11-04 20:30:00,-2.554485,-2.2414305
2018-11-04 21:00:00,2.5013816,2.1485267
2018-11-04 21:30:00,13.944983,4.018081
2018-11-04 22:00:00,19.470995,2.1218386
2018-11-04 22:30:00,-0.71048284,-3.310604
2018-11-04 23:00:00,1.7714436,1.5035286
2018-11-04 23:30:00,-24.116781,-12.115843
2018-11-05 00:00:00,0.80297005,2.5493395
2018-11-05 00:30:00,11.658297,9.590636
2018-11-05 01:00:00,-10.986507,-3.4891224
2018-11-05 01:30:00,7.706588,1.6662823
2018-11-05 02:00:00,-10.045828,-5.8441195
2018-11-05 02:30:00,-14.442053,-1.717874
2018-11-05 03:00:00,-2.183825,0.96076447
2018-11-05 03:30:00,1.4800216,2.464439
2018-11-05 04:00:00,-13.919505,-9.994147
2018-11-05 04:30:00,-9.248152,4.4814544
2018-11-05 05:00:00,1.0570211,1.2099656
2018-11-05 05:30:00,0.72688234,-0.065043524
2018-11-05 06:00:00,1.9988548,0.9253903
2018-11-05 06:30:00,-0.32443392,2.3551266
2018-11-05 07:00:00,-1.1417108,-2.7218177
2018-11-05 07:30:00,-16.745247,-7.086756
2018-11-05 08:00:00,-2.5727315,6.8993216
2018-11-05 08:30:00,-2.610972,0.22395791
2018-11-05 09:00:00,-15.456669,-16.220543
2018-11-05 09:30:00,7.5173516,4.263699
2018-11-05 10:00:00,-5.391954,-13.740369
2018-11-05 10:30:00,3.0628247,-4.6761856
2018-11-05 11:00:00,-2.7159061,2.9901233
2018-11-05 11:30:00,-29.826353,-18.131138
2018-11-05 12:00:00,27.479471,-5.2104425
2018-11-05 12:30:00,3.230874,0.18107282
2018-11-05 13:00:00,-17.921917,-9.920275
2018-11-05 13:30:00,-1.290347,-2.4922743
2018-11-05 14:00:00,0.9725224,1.0311852
2018-11-05 14:30:00,11.365996,6.2878757
2018-11-05 15:00:00,3.0557902,3.329949
2018-11-05 15:30:00,-0.24343504,1.7955798
2018-11-05 16:00:00,-14.539802,-14.570581
2018-11-05 16:30:00,-11.7397995,3.5309649
2018-11-05 17:00:00,32.729794,6.3161626
2018-11-05 17:30:00,-7.237547,0.05395115
2018-11-05 18:00:00,1.1289536,-0.9446752
2018-11-05 18:30:00,0.31300947,1.1967177
2018-11-05 19:00:00,-3.2776856,3.4046166
2018-11-05 19:30:00,-16.670225,2.7202728
2018-11-05 20:00:00,1.2658057,1.4518349
2018-11-05 20:30:00,-3.2427263,0.69700474
2018-11-05 21:00:00,3.1469345,5.1682663
2018-11-05 21:30:00,-1.9443765,3.753867
2018-11-05 22:00:00,14.124366,2.9326663
2018-11-05 22:30:00,13.588563,5.474994
2018-11-05 23:00:00,0.30759147,-1.403513
2018-11-05 23:30:00,32.075573,11.654045
2018-11-06 00:00:00,44.523132,1.3351473
2018-11-06 00:30:00,-0.98347497,1.3182554
2018-11-06 01:00:00,1.1573368,2.8139863
2018-11-06 01:30:00,-1.6803195,2.2177632
2018-11-06 02:00:00,-5.454488,-5.5907373
2018-11-06 02:30:00,-1.3785815,4.5559297
2018-11-06 03:00:00,-4.3399687,6.808911
2018-11-06 03:30:00,-14.874156,-2.4524696
2018-11-06 04:00:00,0.6103214,-4.5650687
2018-11-06 04:30:00,7.3340664,4.9559603
2018-11-06 05:00:00,-21.993488,9.8914385
2018-11-06 05:30:00,3.4136393,3.6793084
2018-11-06 06:00:00,-3.1649435,3.4992085
2018-11-06 06:30:00,0.98471725,3.0758934
2018-11-06 07:00:00,4.9007535,9.176597
2018-11-06 07:30:00,-0.035716496,-2.6305902
2018-11-06 08:00:00,12.668135,2.250223
2018-11-06 08:30:00,-13.932187,-9.578342
2018-11-06 09:00:00,-7.4594917,-2.2437158
2018-11-06 09:30:00,11.460361,4.0961614
2018-11-06 10:00:00,-2.0382648,-0.23203105
2018-11-06 10:30:00,-5.745482,-2.1515706
2018-11-06 11:00:00,-2.7554529,-4.2206335
2018-11-06 11:30:00,-38.95355,1.294958
2018-11-06 12:00:00,3.674253,-3.0998926
2018-11-06 12:30:00,-12.781726,2.4510949
2018-11-06 13:00:00,-0.21600868,-1.6387758
2018-11-06 13:30:00,-8.307262,-3.1960924
2018-11-06 14:00:00,-19.542082,-22.11016
2018-11-06 14:30:00,41.234695,13.871089
2018-11-06 15:00:00,0.8699958,4.015595
2018-11-06 15:30:00,-0.8801094,0.032021422
2018-11-06 16:00:00,-5.272483,-1.4408447
2018-11-06 16:30:00,0.35448763,1.0713133
2018-11-06 17:00:00,0.3846623,3.7177587
2018-11-06 17:30:00,31.611296,19.923212
2018-11-06 18:00:00,2.3113983,6.0426154
2018-11-06 18:30:00,-3.364404,2.0118973
2018-11-06 19:00:00,1.2068415,2.3268003
2018-11-06 19:30:00,-1.7064046,-3.2098296
2018-11-06 20:00:00,18.68031,1.5661981
2018-11-06 20:30:00,4.27658,4.341395
2018-11-06 21:00:00,1.3327703,4.186043
2018-11-06 21:30:00,-0.26567063,0.8179569
2018-11-06 22:00:00,-12.286549,0.6069876
2018-11-06 22:30:00,1.1072074,0.5774814
2018-11-06 23:00:00,1.7351257,-0.2992141
2018-11-06 23:30:00,-12.9467125,-11.092486
2018-11-07 00:00:00,-5.109533,1.2060506
2018-11-07 00:30:00,-29.435926,-19.653826
2018-11-07 01:00:00,-15.014808,-8.7050295
2018-11-07 01:30:00,0.7989328,4.0353227
2018-11-07 02:00:00,-4.408607,10.142528
2018-11-07 02:30:00,-20.528172,-3.967548
2018-11-07 03:00:00,1.5099996,2.931574
2018-11-07 03:30:00,-16.476015,-0.008394997
2018-11-07 04:00:00,-1.1972669,3.5534146
2018-11-07 04:30:00,-9.013064,-9.883309
2018-11-07 05:00:00,1.7576102,-1.9221627
2018-11-07 05:30:00,6.1073737,-4.05268
2018-11-07 06:00:00,17.812716,4.4911933
2018-11-07 06:30:00,26.563726,3.7130222
2018-11-07 07:00:00,-35.45946,-23.70788
2018-11-07 07:30:00,-1.2577255,0.7000502
2018-11-07 08:00:00,0.100580774,1.894362
2018-11-07 08:30:00,2.6984608,5.756013
2018-11-07 09:00:00,1.7321632,2.821991
2018-11-07 09:30:00,-1.8980483,2.9267898
2018-11-07 10:00:00,2.3235102,-3.4394255
2018-11-07 10:30:00,-2.5901127,-1.305264
2018-11-07 11:00:00,-6.697859,-17.164543
2018-11-07 11:30:00,0.52612853,6.419664
2018-11-07 12:00:00,3.9248393,4.9555845
2018-11-07 12:30:00,5.513921,1.2958581
2018-11-07 13:00:00,-0.8086095,2.6303253
2018-11-07 13:30:00,-7.6487017,3.606419
2018-11-07 14:00:00,-3.029236,0.26974425
2018-11-07 14:30:00,7.382933,4.232808
2018-11-07 15:00:00,-1.5488155,1.9317985
2018-11-07 15:30:00,6.739469,5.503819
2018-11-07 16:00:00,-4.9296336,0.70947486
2018-11-07 16:30:00,10.283478,2.0151436
2018-11-07 17:00:00,0.6058166,2.6723585
2018-11-07 17:30:00,-0.12829413,2.522905
2018-11-07 18:00:00,2.1734536,2.7344294
2018-11-07 18:30:00,-9.463687,-5.324631
2018-11-07 19:00:00,-5.747994,-1.5100987
2018-11-07 19:30:00,1.9988067,2.1334262
2018-11-07 20:00:00,-8.11613,-5.518285
2018-11-07 20:30:00,6.063453,10.53402
2018-11-07 21:00:00,0.37117416,2.70297
2018-11-07 21:30:00,0.8384142,1.8306133
2018-11-07 22:00:00,5.593801,6.5922704
2018-11-07 22:30:00,-2.022662,-0.17433389
2018-11-07 23:00:00,6.040322,3.9942331
2018-11-07 23:30:00,7.865571,4.5876245
2018-11-08 00:00:00,0.85499585,0.9898556
2018-11-08 00:30:00,-4.8783026,-14.6645155
2018-11-08 01:00:00,0.9930758,1.9761035
2018-11-08 01:30:00,3.0935063,2.8756027
2018-11-08 02:00:00,-7.9209557,-6.6865463
2018-11-08 02:30:00,0.9128022,3.5138676
2018-11-08 03:00:00,1.1289055,-7.67965
2018-11-08 03:30:00,0.49469984,3.4095714
2018-11-08 04:00:00,2.804094,5.1790676
2018-11-08 04:30:00,-9.688524,-6.091241
2018-11-08 05:00:00,-0.38207868,1.0241505
2018-11-08 05:30:00,-4.759841,2.6374342
2018-11-08 06:00:00,-25.59316,-20.925102
2018-11-08 06:30:00,4.373562,7.085167
2018-11-08 07:00:00,-3.147916,-8.635841
2018-11-08 07:30:00,-12.187146,0.90945965
2018-11-08 08:00:00,1.7910838,7.0035563
2018-11-08 08:30:00,-12.134958,-4.7221947
2018-11-08 09:00:00,3.5412896,2.275871
2018-11-08 09:30:00,3.8200057,1.1400955
2018-11-08 10:00:00,1.2545635,2.532461
2018-11-08 10:30:00,-28.80904,3.2338016
2018-11-08 11:00:00,1.3816763,2.2776845
2018-11-08 11:30:00,3.6421165,1.8563137
2018-11-08 12:00:00,2.0679777,2.4161534
2018-11-08 12:30:00,-0.5731456,0.8143129
2018-11-08 13:00:00,-8.282689,-5.4647603
2018-11-08 13:30:00,-30.241533,-18.876854
2018-11-08 14:00:00,1.9250216,2.1221533
2018-11-08 14:30:00,1.1366786,5.5460224
2018-11-08 15:00:00,-3.7650769,0.8074443
2018-11-08 15:30:00,-4.3746657,-1.6259475
2018-11-08 16:00:00,0.42423543,0.61074954
2018-11-08 16:30:00,2.3967142,3.8261707
2018-11-08 17:00:00,-0.46827707,-2.673908
2018-11-08 17:30:00,3.4034586,3.3453858
2018-11-08 18:00:00,-3.5262005,-0.25497884
2018-11-08 18:30:00,0.6650561,2.2087405
2018-11-08 19:00:00,-28.709269,-18.31538
2018-11-08 19:30:00,1.4603463,2.5364764
2018-11-08 20:00:00,2.0232575,1.4758663
2018-11-08 20:30:00,2.5864265,7.0120373
2018-11-08 21:00:00,0.53038424,2.969784
2018-11-08 21:30:00,2.4748554,0.1906504
2018-11-08 22:00:00,0.3665208,1.3294497
2018-11-08 22:30:00,-23.996834,-10.250457
2018-11-08 23:00:00,-9.951175,-10.382446
2018-11-08 23:30:00,9.34878,5.0302563
2018-11-09 00:00:00,-10.068596,-0.23608144
2018-11-09 00:30:00,6.057126,9.742339
2018-11-09 01:00:00,-8.921741,-13.139693
2018-11-09 01:30:00,0.34394878,2.171885
2018-11-09 02:00:00,-4.5861335,1.8455651
2018-11-09 02:30:00,3.4885516,4.854871
2018-11-09 03:00:00,31.885647,15.963196
2018-11-09 03:30:00,15.038472,3.6406834
2018-11-09 04:00:00,-5.8443074,-0.9563981
2018-11-09 04:30:00,-8.965617,2.0150607
2018-11-09 05:00:00,-8.577694,-8.249203
2018-11-09 05:30:00,2.4550405,2.834094
2018-11-09 06:00:00,-0.63893044,4.7135925
2018-11-09 06:30:00,-1.1211792,2.327163
2018-11-09 07:00:00,-11.8152275,1.7528477
2018-11-09 07:30:00,10.531972,5.6945715
2018-11-09 08:00:00,3.8344724,4.7462053
2018-11-09 08:30:00,12.132956,2.784904
2018-11-09 09:00:00,8.441625,2.0794516
2018-11-09 09:30:00,0.9806756,6.0683947
2018-11-09 10:00:00,2.8148863,0.13084283
2018-11-09 10:30:00,0.8661813,1.4397318
2018-11-09 11:00:00,-15.627525,-6.9936676
2018-11-09 11:30:00,-15.653588,-10.361504
2018-11-09 12:00:00,25.575329,1.7883267
2018-11-09 12:30:00,14.478987,2.6677182
2018-11-09 13:00:00,-11.526375,6.9524264
2018-11-09 13:30:00,8.990166,2.7661421
2018-11-09 14:00:00,1.1730796,2.942222
2018-11-09 14:30:00,-23.997442,-5.691708
2018-11-09 15:00:00,0.28248525,0.87737125
2018-11-09 15:30:00,0.5345963,-1.4512262
2018-11-09 16:00:00,-5.6705956,5.4026337
2018-11-09 16:30:00,-8.594704,-9.756249
2018-11-09 17:00:00,-24.121702,-18.581919
2018-11-09 17:30:00,0.70940495,0.8266344
2018-11-09 18:00:00,2.7288933,5.579365
2018-11-09 18:30:00,7.5354757,0.7810491
2018-11-09 19:00:00,-15.4528055,-11.519297
2018-11-09 19:30:00,0.81971335,3.19342
2018-11-09 20:00:00,-7.045763,-3.889446
2018-11-09 20:30:00,0.056738794,3.719904
2018-11-09 21:00:00,1.9138186,2.5540628
2018-11-09 21:30:00,20.14078,3.5305586
2018-11-09 22:00:00,-1.5450666,2.195899
2018-11-09 22:30:00,-8.188315,-4.0385456
2018-11-09 23:00:00,-30.651827,-3.1955287
2018-11-09 23:30:00,9.718343,4.0974545
2018-11-10 00:00:00,8.240041,-1.797951
2018-11-10 00:30:00,-1.6747093,2.4739902
2018-11-10 01:00:00,0.29552335,2.7272549
2018-11-10 01:30:00,-23.87583,1.8821278
2018-11-10 02:00:00,4.0261335,2.3368149
2018-11-10 02:30:00,5.066684,5.469847
2018-11-10 03:00:00,13.965392,-1.8446418
2018-11-10 03:30:00,3.2050512,4.1459804
2018-11-10 04:00:00,10.64436,1.616096
2018-11-10 04:30:00,0.50233746,0.71259457
2018-11-10 05:00:00,0.24074492,3.6314073
2018-11-10 05:30:00,0.71848446,2.3146229
2018-11-10 06:00:00,-21.76918,-8.19268
2018-11-10 06:30:00,0.9820082,2.6344457
2018-11-10 07:00:00,-1.1484438,5.3166976
2018-11-10 07:30:00,-0.08595957,3.381153
2018-11-10 08:00:00,-12.574025,-10.216796
2018-11-10 08:30:00,-2.825948,-0.027248709
2018-11-10 09:00:00,11.646316,-4.0812993
2018-11-10 09:30:00,-14.00393,4.3987164
2018-11-10 10:00:00,0.24788006,4.151171
2018-11-10 10:30:00,0.7257376,1.715363
2018-11-10 11:00:00,-4.7079554,-4.840875
2018-11-10 11:30:00,6.6242757,1.2934506
2018-11-10 12:00:00,3.7964067,3.6556485
2018-11-10 12:30:00,-0.226565,2.1034088
2018-11-10 13:00:00,-6.1996183,-1.4574132
2018-11-10 13:30:00,-0.3134188,1.855217
2018-11-10 14:00:00,12.455356,-0.5511722
2018-11-10 14:30:00,-0.7238443,1.62944
2018-11-10 15:00:00,0.76985043,3.6979654
2018-11-10 15:30:00,0.9980175,2.8145106
2018-11-10 16:00:00,-2.2101767,5.279807
2018-11-10 16:30:00,0.94030726,1.694683
2018-11-10 17:00:00,2.0568097,-6.895842
2018-11-10 17:30:00,0.74942374,0.6085168
2018-11-10 18:00:00,-6.357098,-0.66665834
2018-11-10 18:30:00,-22.408484,-7.83377
2018-11-10 19:00:00,2.8753712,0.35176554
2018-11-10 19:30:00,-0.5311781,0.1391577
2018-11-10 20:00:00,3.8815653,3.048113
2018-11-10 20:30:00,-4.761012,9.854745
2018-11-10 21:00:00,-2.923061,0.5655225
2018-11-10 21:30:00,2.3386455,3.4288578
2018-11-10 22:00:00,-16.651806,-8.453701
2018-11-10 22:30:00,-26.071735,-4.742805
2018-11-10 23:00:00,-0.3175697,-0.3586022
2018-11-10 23:30:00,-2.58057,1.8721482
2018-11-11 00:00:00,0.7447879,3.9422903
2018-11-11 00:30:00,1.2016639,-0.7488194
2018-11-11 01:00:00,4.47663,3.2856917
2018-11-11 01:30:00,0.8642807,2.6823993
2018-11-11 02:00:00,-4.3622394,0.09407045
2018-11-11 02:30:00,-6.725652,3.2565045
2018-11-11 03:00:00,-10.583221,2.3204079
2018-11-11 03:30:00,4.132942,2.7079163
2018-11-11 04:00:00,12.317451,8.689153
2018-11-11 04:30:00,2.4912448,5.3598185
2018-11-11 05:00:00,7.9983115,2.1057594
2018-11-11 05:30:00,3.220108,1.8470594
2018-11-11 06:00:00,-1.898743,-0.8039649
2018-11-11 06:30:00,5.4360986,5.2090497
2018-11-11 07:00:00,11.915655,6.781017
2018-11-11 07:30:00,1.5436566,2.129354
2018-11-11 08:00:00,-1.3264859,0.86844903
2018-11-11 08:30:00,6.0127773,2.1599174
2018-11-11 09:00:00,-3.786264,2.2775445
2018-11-11 09:30:00,2.348516,4.76263
2018-11-11 10:00:00,1.0037938,-3.3430684
2018-11-11 10:30:00,-13.315579,3.3445556
2018-11-11 11:00:00,-22.69159,-6.3062344
2018-11-11 11:30:00,0.4580323,1.9611604
2018-11-11 12:00:00,-6.083057,2.6553879
2018-11-11 12:30:00,-1.7542095,0.9594799
2018-11-11 13:00:00,-9.956461,-3.9692302
2018-11-11 13:30:00,-2.3824685,0.53575855
2018-11-11 14:00:00,-0.5894302,2.7024195
2018-11-11 14:30:00,-0.5326375,0.29592097
2018-11-11 15:00:00,3.8734338,4.2328167
2018-11-11 15:30:00,0.5377029,-0.022674007
2018-11-11 16:00:00,-17.094164,-16.154047
2018-11-11 16:30:00,-1.4426186,1.1866245
2018-11-11 17:00:00,17.25715,5.976918
2018-11-11 17:30:00,4.0750923,3.708701
2018-11-11 18:00:00,-9.013291,7.6769333
2018-11-11 18:30:00,-7.0774627,-2.2890215
2018-11-11 19:00:00,-3.6512861,1.2106428
2018-11-11 19:30:00,4.8351655,5.5041075
2018-11-11 20:00:00,6.074123,-1.7929657
2018-11-11 20:30:00,-6.2904043,-0.6829909
2018-11-11 21:00:00,2.895326,3.13221
2018-11-11 21:30:00,4.370897,2.2564013
2018-11-11 22:00:00,-19.810661,-13.506521
2018-11-11 22:30:00,42.08019,0.8342895
2018-11-11 23:00:00,-1.5652922,3.0610552
2018-11-11 23:30:00,1.2024547,2.7868965
2018-11-12 00:00:00,-1.2181567,-0.2413028
2018-11-12 00:30:00,-1.0891432,-1.740918
2018-11-12 01:00:00,0.81467116,3.3952138
2018-11-12 01:30:00,0.8934111,2.0688298
2018-11-12 02:00:00,2.662641,3.28023
2018-11-12 02:30:00,-5.482128,5.464927
2018-11-12 03:00:00,7.60937,4.84757
2018-11-12 03:30:00,-4.876756,-0.7305425
2018-11-12 04:00:00,2.0264516,4.4482646
2018-11-12 04:30:00,0.5748904,-8.188202
2018-11-12 05:00:00,1.1421971,1.6746321
2018-11-12 05:30:00,-3.3994722,-5.31293
2018-11-12 06:00:00,-5.3947763,4.315161
2018-11-12 06:30:00,2.7483063,1.6278276
2018-11-12 07:00:00,0.25433794,2.926462
2018-11-12 07:30:00,27.234577,6.1011167
2018-11-12 08:00:00,9.39135,2.6170514
2018-11-12 08:30:00,10.87957,3.2700014
2018-11-12 09:00:00,35.94792,-4.575424
2018-11-12 09:30:00,-8.047854,-1.0966978
2018-11-12 10:00:00,-5.3503666,-0.69846714
2018-11-12 10:30:00,-15.025687,-6.635932
2018-11-12 11:00:00,-7.505405,1.6524969
2018-11-12 11:30:00,-18.133827,-16.740906
2018-11-12 12:00:00,-7.9204183,-1.4317739
2018-11-12 12:30:00,-0.12019337,2.0700576
2018-11-12 13:00:00,1.5730623,3.181745
2018-11-12 13:30:00,-30.590155,-19.701294
2018-11-12 14:00:00,-0.4191045,-7.1812434
2018-11-12 14:30:00,3.2371004,3.175165
2018-11-12 15:00:00,-3.99102,-1.339808
2018-11-12 15:30:00,4.1211143,4.4785485
2018-11-12 16:00:00,1.5576603,1.4670008
2018-11-12 16:30:00,-12.281598,-8.451281
2018-11-12 17:00:00,-10.934211,7.7454185
2018-11-12 17:30:00,2.279821,6.3301096
2018-11-12 18:00:00,-8.209761,-0.36986634
2018-11-12 18:30:00,32.43434,4.6879535
2018-11-12 19:00:00,1.1885645,0.26536617
2018-11-12 19:30:00,-13.058341,-4.99042
2018-11-12 20:00:00,5.417166,2.4420636
2018-11-12 20:30:00,-18.23434,2.5101771
2018-11-12 21:00:00,4.110353,0.08037693
2018-11-12 21:30:00,6.147471,4.639917
2018-11-12 22:00:00,-19.195698,-4.3926325
2018-11-12 22:30:00,2.9026577,0.81592077
2018-11-12 23:00:00,-2.0619774,3.0210452
2018-11-12 23:30:00,-6.4511,-1.0283263
2018-11-13 00:00:00,-10.911245,5.6652923
2018-11-13 00:30:00,1.5385882,3.2731519
2018-11-13 01:00:00,-1.6042668,1.191457
2018-11-13 01:30:00,-5.6999664,-3.0582833
2018-11-13 02:00:00,-29.635399,-14.216764
2018-11-13 02:30:00,2.920406,3.0882673
2018-11-13 03:00:00,23.195076,8.370999
2018-11-13 03:30:00,3.5205526,3.3077788
2018-11-13 04:00:00,0.20968327,3.5597982
2018-11-13 04:30:00,-6.2998376,0.47505963
2018-11-13 05:00:00,-11.988638,-9.283128
2018-11-13 05:30:00,-1.424215,0.41381893
2018-11-13 06:00:00,0.94103694,1.5289057
2018-11-13 06:30:00,7.1212053,1.9152824
2018-11-13 07:00:00,-13.083836,-6.8562255
2018-11-13 07:30:00,-33.040276,-24.576117
2018-11-13 08:00:00,-2.5709968,2.9138346
2018-11-13 08:30:00,0.34921384,1.9411314
2018-11-13 09:00:00,3.5581684,6.644545
2018-11-13 09:30:00,2.8135102,2.3258784
2018-11-13 10:00:00,2.1116886,4.6470957
2018-11-13 10:30:00,-8.2422285,-7.2630854
2018-11-13 11:00:00,17.461666,-2.5294576
2018-11-13 11:30:00,-2.2837389,-0.7258804
2018-11-13 12:00:00,-17.406424,-9.160363
2018-11-13 12:30:00,-1.001363,2.14684
2018-11-13 13:00:00,21.91146,-5.5258045
2018-11-13 13:30:00,6.9621873,0.29257843
2018-11-13 14:00:00,1.2987113,-2.44166
2018-11-13 14:30:00,-19.433678,-4.511452
2018-11-13 15:00:00,-2.186783,-1.6849424
2018-11-13 15:30:00,-24.834433,5.1888113
2018-11-13 16:00:00,0.92581415,2.058422
2018-11-13 16:30:00,5.732663,5.980348
2018-11-13 17:00:00,1.1495594,2.7640185
2018-11-13 17:30:00,17.749523,9.303867
2018-11-13 18:00:00,44.300873,-1.9850769
2018-11-13 18:30:00,-18.385958,-11.598137
2018-11-13 19:00:00,-8.190067,4.4486623
2018-11-13 19:30:00,2.3710399,1.882451
2018-11-13 20:00:00,-10.13314,5.276045
2018-11-13 20:30:00,2.957056,3.859168
2018-11-13 21:00:00,-4.2766047,2.8168309
2018-11-13 21:30:00,1.9403405,1.0853869
2018-11-13 22:00:00,-26.340343,-18.15596
2018-11-13 22:30:00,45.363586,-15.214909
2018-11-13 23:00:00,-4.183542,3.3190737
2018-11-13 23:30:00,-14.207218,-0.54918414
2018-11-14 00:00:00,-13.497368,-8.325382
2018-11-14 00:30:00,3.3695045,3.9564602
2018-11-14 01:00:00,-0.37428376,2.1504142
2018-11-14 01:30:00,1.1712488,1.4146212
2018-11-14 02:00:00,-1.0076593,1.6038967
2018-11-14 02:30:00,-8.035052,-6.01597
2018-11-14 03:00:00,-6.0454545,-5.2240314
2018-11-14 03:30:00,-2.5522044,1.4500172
2018-11-14 04:00:00,-5.1130633,3.9613757
2018-11-14 04:30:00,-0.4908578,1.7546216
2018-11-14 05:00:00,5.263077,6.0736556
2018-11-14 05:30:00,-2.8164928,0.95901674
2018-11-14 06:00:00,66.23847,2.6889532
2018-11-14 06:30:00,-14.185994,-4.958135
2018-11-14 07:00:00,4.225188,4.608654
2018-11-14 07:30:00,2.783803,3.6867144
2018-11-14 08:00:00,-2.8253844,-0.20980857
2018-11-14 08:30:00,3.8032668,2.4615028
2018-11-14 09:00:00,-20.605955,-12.627589
2018-11-14 09:30:00,-13.9625,-9.466107
2018-11-14 10:00:00,-3.9515824,-2.1698039
2018-11-14 10:30:00,0.005289784,4.2042804
2018-11-14 11:00:00,1.2075056,1.6655045
2018-11-14 11:30:00,1.2770699,7.063574
2018-11-14 12:00:00,-6.905966,-1.0773109
2018-11-14 12:30:00,-36.25519,3.64961
2018-11-14 13:00:00,5.646469,0.8809366
2018-11-14 13:30:00,8.827014,0.2600443
2018-11-14 14:00:00,0.4701485,2.0914192
2018-11-14 14:30:00,1.2390654,2.093534
2018-11-14 15:00:00,10.374561,2.4547303
2018-11-14 15:30:00,3.9765766,3.2905986
2018-11-14 16:00:00,-0.9172751,0.84362245
2018-11-14 16:30:00,1.1878567,1.0826036
2018-11-14 17:00:00,-18.410221,-7.4750247
2018-11-14 17:30:00,-7.3986487,-3.9806647
2018-11-14 18:00:00,-34.114223,-23.283735
2018-11-14 18:30:00,-22.067617,3.0779426
2018-11-14 19:00:00,-2.846685,0.3993433
2018-11-14 19:30:00,1.8205113,1.2698431
2018-11-14 20:00:00,-9.01978,-6.565319
2018-11-14 20:30:00,13.433845,7.2775493
2018-11-14 21:00:00,3.017541,2.6906834
2018-11-14 21:30:00,1.7676598,0.91901106
2018-11-14 22:00:00,0.4519502,0.38125858
2018-11-14 22:30:00,-8.402921,-6.463072
2018-11-14 23:00:00,0.81849873,3.3782606
2018-11-14 23:30:00,-17.137207,-13.637615
2018-11-15 00:00:00,-13.708213,-13.538176
2018-11-15 00:30:00,-12.439244,3.0918198
2018-11-15 01:00:00,0.6550154,2.0378425
2018-11-15 01:30:00,4.10223,5.364559
2018-11-15 02:00:00,4.1381984,-2.4783187
2018-11-15 02:30:00,2.0801115,4.9014
2018-11-15 03:00:00,0.094572924,-2.728341
2018-11-15 03:30:00,-3.4942694,-0.23245052
2018-11-15 04:00:00,-5.906326,-4.8078513
2018-11-15 04:30:00,2.1282966,3.6869373
2018-11-15 05:00:00,-0.6420764,-5.147301
2018-11-15 05:30:00,-1.6169816,3.8716862
2018-11-15 06:00:00,-15.502976,-12.0163965
2018-11-15 06:30:00,23.556807,-5.2107835
2018-11-15 07:00:00,1.1724329,1.4308796
2018-11-15 07:30:00,-1.8171194,3.6427588
2018-11-15 08:00:00,-15.617834,-6.8595157
2018-11-15 08:30:00,-20.53378,-4.808354
2018-11-15 09:00:00,-6.7437544,7.19811
2018-11-15 09:30:00,2.0593657,1.4894986
2018-11-15 10:00:00,2.287393,1.319374
2018-11-15 10:30:00,6.0464826,-1.8397481
2018-11-15 11:00:00,1.4753158,0.29113653
2018-11-15 11:30:00,1.2915281,2.7547817
2018-11-15 12:00:00,-14.367456,-5.5186825
2018-11-15 12:30:00,4.3107395,4.3533754
2018-11-15 13:00:00,-1.2595825,1.1656561
2018-11-15 13:30:00,23.43037,2.0806053
2018-11-15 14:00:00,-3.257556,2.420658
2018-11-15 14:30:00,-2.853501,0.2566668
2018-11-15 15:00:00,0.41395876,-2.798775
2018-11-15 15:30:00,1.4061666,2.1551855
2018-11-15 16:00:00,-30.854515,-19.610764
2018-11-15 16:30:00,22.515482,3.547931
2018-11-15 17:00:00,0.7591587,2.1620584
2018-11-15 17:30:00,-0.88938993,0.31357747
2018-11-15 18:00:00,0.82517505,2.1238484
2018-11-15 18:30:00,0.4124426,3.1180925
2018-11-15 19:00:00,34.868317,-2.644004
2018-11-15 19:30:00,1.3093463,2.028833
2018-11-15 20:00:00,-6.9059834,-4.6569386
2018-11-15 20:30:00,28.181126,1.046421
2018-11-15 21:00:00,-6.2364736,3.494197
2018-11-15 21:30:00,-5.736197,0.8737534
2018-11-15 22:00:00,3.9359984,7.047123
2018-11-15 22:30:00,-9.510972,3.5977108
2018-11-15 23:00:00,-4.089885,2.6428392
2018-11-15 23:30:00,-6.286795,2.902461
2018-11-16 00:00:00,-25.337866,11.218749
2018-11-16 00:30:00,2.3867695,3.7917142
2018-11-16 01:00:00,0.85473806,2.2648604
2018-11-16 01:30:00,1.0777886,5.031043
2018-11-16 02:00:00,0.18476054,2.3453307
2018-11-16 02:30:00,1.6138327,3.847279
2018-11-16 03:00:00,-32.60781,-6.004667
2018-11-16 03:30:00,-0.025946645,2.7459557
2018-11-16 04:00:00,-12.310248,-8.53719
2018-11-16 04:30:00,-10.762548,1.2337173
2018-11-16 05:00:00,-11.4445505,2.8066022
2018-11-16 05:30:00,5.338741,3.8569877
2018-11-16 06:00:00,0.51088387,22.23698
2018-11-16 06:30:00,1.7968382,0.8302304
2018-11-16 07:00:00,1.4146256,0.87994915
2018-11-16 07:30:00,0.70772713,-5.2900476
2018-11-16 08:00:00,-23.388859,-11.922544
2018-11-16 08:30:00,0.99339473,1.6523528
2018-11-16 09:00:00,0.98188156,0.82169706
2018-11-16 09:30:00,0.10858541,0.1308909
2018-11-16 10:00:00,-1.160678,-0.6275352
2018-11-16 10:30:00,1.1126516,1.3995076
2018-11-16 11:00:00,8.883694,0.65806955
2018-11-16 11:30:00,3.3872702,2.560595
2018-11-16 12:00:00,6.613977,3.166483
2018-11-16 12:30:00,-8.723967,4.298016
2018-11-16 13:00:00,-2.2001927,-0.66746664
2018-11-16 13:30:00,3.4459026,1.260366
2018-11-16 14:00:00,4.1456265,3.859203
2018-11-16 14:30:00,-5.390582,-5.525935
2018-11-16 15:00:00,0.045098864,-2.5897763
2018-11-16 15:30:00,0.43043554,6.322236
2018-11-16 16:00:00,-14.039068,-17.372541
2018-11-16 16:30:00,-0.013319246,2.6923046
2018-11-16 17:00:00,3.0063992,3.4550257
2018-11-16 17:30:00,3.7081068,1.276563
2018-11-16 18:00:00,4.438639,2.8006291
2018-11-16 18:30:00,-27.338879,-4.557322
2018-11-16 19:00:00,-14.891382,-5.002794
2018-11-16 19:30:00,0.2916128,2.4435709
2018-11-16 20:00:00,-5.6790285,-1.6764221
2018-11-16 20:30:00,-4.1537957,-3.419239
2018-11-16 21:00:00,0.19083393,0.45916834
2018-11-16 21:30:00,1.9998597,3.3549547
2018-11-16 22:00:00,2.4431908,2.8830044
2018-11-16 22:30:00,-21.569765,6.404397
2018-11-16 23:00:00,-2.4603562,0.85564685
2018-11-16 23:30:00,-2.6446989,-4.699719
2018-11-17 00:00:00,-4.1004286,-0.2840306
2018-11-17 00:30:00,-19.094564,-18.626486
2018-11-17 01:00:00,-30.559101,-17.619904
2018-11-17 01:30:00,14.474774,2.8223493
2018-11-17 02:00:00,-5.7197943,-0.61570305
2018-11-17 02:30:00,0.10752366,3.3828223
2018-11-17 03:00:00,2.795705,0.5893267
2018-11-17 03:30:00,10.506206,2.9419994
2018-11-17 04:00:00,-6.968369,1.6875478
2018-11-17 04:30:00,0.12421892,2.1906557
2018-11-17 05:00:00,0.59652734,1.3169446
2018-11-17 05:30:00,3.9005544,2.2651575
2018-11-17 06:00:00,1.2101185,0.70334905
2018-11-17 06:30:00,2.8395164,3.9980125
2018-11-17 07:00:00,-24.217964,-18.256493
2018-11-17 07:30:00,2.7185686,10.788605
2018-11-17 08:00:00,5.619554,8.29669
2018-11-17 08:30:00,-0.7875624,1.3280559
2018-11-17 09:00:00,3.106033,3.1240437
2018-11-17 09:30:00,-6.977501,-0.2578801
2018-11-17 10:00:00,16.027792,0.044950306
2018-11-17 10:30:00,-0.93109965,1.7047586
2018-11-17 11:00:00,0.21749565,2.3122504
2018-11-17 11:30:00,-5.629537,3.5545986
2018-11-17 12:00:00,-14.403572,-17.314976
2018-11-17 12:30:00,-2.8062685,1.5528367
2018-11-17 13:00:00,0.42385095,1.9736305
2018-11-17 13:30:00,-0.23676743,2.918514
2018-11-17 14:00:00,2.047599,4.1685348
2018-11-17 14:30:00,8.756012,5.039257
2018-11-17 15:00:00,-3.6691873,-2.617727
2018-11-17 15:30:00,13.824879,3.9038184
2018-11-17 16:00:00,-1.9136032,6.2043467
2018-11-17 16:30:00,-22.118273,-5.6317782
2018-11-17 17:00:00,-9.03883,0.8323757
2018-11-17 17:30:00,1.9573328,0.5922454
2018-11-17 18:00:00,19.159788,1.9851089
2018-11-17 18:30:00,1.8411303,4.3028398
2018-11-17 19:00:00,3.9130857,2.421427
2018-11-17 19:30:00,4.162868,4.716704
2018-11-17 20:00:00,0.7020251,4.2296185
2018-11-17 20:30:00,1.4735156,1.265146
2018-11-17 21:00:00,0.7854796,2.8653173
2018-11-17 21:30:00,-14.0257,4.2935944
2018-11-17 22:00:00,4.153557,2.4133875
2018-11-17 22:30:00,0.2196541,1.2425433
2018-11-17 23:00:00,-2.0040748,2.0307379
2018-11-17 23:30:00,0.4673259,-0.1414808
2018-11-18 00:00:00,-8.944177,2.3935552
2018-11-18 00:30:00,-2.8601556,-0.6083975
2018-11-18 01:00:00,-0.26318446,1.8926098
2018-11-18 01:30:00,-2.1972566,1.6804739
2018-11-18 02:00:00,-2.6357636,-0.6808718
2018-11-18 02:30:00,11.811372,0.3919198
2018-11-18 03:00:00,-30.949663,-1.0539175
2018-11-18 03:30:00,17.560015,1.1724898
2018-11-18 04:00:00,-3.3220737,0.67639023
2018-11-18 04:30:00,16.87756,4.2932973
2018-11-18 05:00:00,9.468793,9.374861
2018-11-18 05:30:00,1.0788242,-0.6350505
2018-11-18 06:00:00,1.1276821,0.0025239906
2018-11-18 06:30:00,1.0473737,-3.3108008
2018-11-18 07:00:00,23.291267,1.7414305
2018-11-18 07:30:00,-8.8031435,-6.598696
2018-11-18 08:00:00,-0.5935898,-1.8831488
2018-11-18 08:30:00,6.7148695,5.192866
2018-11-18 09:00:00,2.8283002,3.9979515
2018-11-18 09:30:00,-1.4356626,4.002692
2018-11-18 10:00:00,16.040987,5.123734
2018-11-18 10:30:00,-7.660097,-6.248625
2018-11-18 11:00:00,46.589184,4.5646553
2018-11-18 11:30:00,2.563518,4.4513364
2018-11-18 12:00:00,-15.358369,13.137633
2018-11-18 12:30:00,5.519072,9.13161
2018-11-18 13:00:00,2.4202912,2.2399507
2018-11-18 13:30:00,0.36759564,-1.9586991
2018-11-18 14:00:00,3.809895,-2.1534843
2018-11-18 14:30:00,6.5328255,3.435237
2018-11-18 15:00:00,5.552904,3.429417
2018-11-18 15:30:00,2.9034138,5.159427
2018-11-18 16:00:00,-6.522766,3.522755
2018-11-18 16:30:00,0.2923381,1.2056924
2018-11-18 17:00:00,-1.8809904,-2.0195816
2018-11-18 17:30:00,2.4999268,2.2779815
2018-11-18 18:00:00,4.0048985,-2.1167383
2018-11-18 18:30:00,1.9054644,4.140929
2018-11-18 19:00:00,0.48967072,1.307769
2018-11-18 19:30:00,-1.2826875,-1.924426
2018-11-18 20:00:00,-12.134277,-14.359697
2018-11-18 20:30:00,19.710136,6.198776
2018-11-18 21:00:00,4.532912,7.174236
2018-11-18 21:30:00,1.1032662,-0.085413404
2018-11-18 22:00:00,2.3859,2.9232767
2018-11-18 22:30:00,29.91274,-0.95077044
2018-11-18 23:00:00,2.7256339,3.491326
2018-11-18 23:30:00,0.25777224,1.7780238
2018-11-19 00:00:00,-24.586487,-1.4256481
2018-11-19 00:30:00,-0.6138592,3.8499138
2018-11-19 01:00:00,1.5245321,1.2737056
2018-11-19 01:30:00,0.4642062,2.0411108
2018-11-19 02:00:00,-19.064493,-13.629099
2018-11-19 02:30:00,0.8618251,4.9154563
2018-11-19 03:00:00,-18.848675,-15.851579
2018-11-19 03:30:00,-1.3268529,4.686031
2018-11-19 04:00:00,-19.033085,-5.793885
2018-11-19 04:30:00,-0.631306,2.103553
2018-11-19 05:00:00,4.1373205,-0.120892465
2018-11-19 05:30:00,-7.3191876,-4.521694
2018-11-19 06:00:00,2.2021034,0.1677638
2018-11-19 06:30:00,-0.53485274,1.8547713
2018-11-19 07:00:00,-10.870519,-2.4908674
2018-11-19 07:30:00,-20.287485,3.1249962
2018-11-19 08:00:00,-4.350302,2.391969
2018-11-19 08:30:00,-12.855887,0.6326181
2018-11-19 09:00:00,1.4100246,1.8317623
2018-11-19 09:30:00,-2.2028098,3.907458
2018-11-19 10:00:00,0.38987494,2.6609502
2018-11-19 10:30:00,3.468916,2.237565
2018-11-19 11:00:00,-10.535203,-11.391232
2018-11-19 11:30:00,1.5432241,3.544785
2018-11-19 12:00:00,-23.668644,-8.855322
2018-11-19 12:30:00,-1.3419664,-0.17726572
2018-11-19 13:00:00,1.6193424,3.584913
2018-11-19 13:30:00,-5.692005,0.89594966
2018-11-19 14:00:00,1.766445,0.17561987
2018-11-19 14:30:00,-12.144239,-5.406941
2018-11-19 15:00:00,-19.67634,-1.2549204
2018-11-19 15:30:00,4.730476,3.8492932
2018-11-19 16:00:00,9.493553,-1.0506711
2018-11-19 16:30:00,-0.58419573,2.5107715
2018-11-19 17:00:00,-22.745687,-15.033083
2018-11-19 17:30:00,-4.0126047,-0.6749426
2018-11-19 18:00:00,0.93962127,3.042774
2018-11-19 18:30:00,0.8821251,2.6844702
2018-11-19 19:00:00,-7.244577,-1.1392814
2018-11-19 19:30:00,4.724315,3.3332303
2018-11-19 20:00:00,1.8825166,2.387818
2018-11-19 20:30:00,1.370268,4.513617
2018-11-19 21:00:00,0.5896893,2.081999
2018-11-19 21:30:00,-5.380511,-1.1776311
2018-11-19 22:00:00,16.571749,2.7879276
2018-11-19 22:30:00,1.6835237,-3.5513418
2018-11-19 23:00:00,-5.2076726,-0.4782173
2018-11-19 23:30:00,-0.45491123,-0.32716912
2018-11-20 00:00:00,6.6037,-5.8392696
2018-11-20 00:30:00,18.176603,2.6854577
2018-11-20 01:00:00,1.9635592,6.7515326
2018-11-20 01:30:00,4.843734,7.808516
2018-11-20 02:00:00,0.5140036,1.8096753
2018-11-20 02:30:00,0.6044446,2.2541685
2018-11-20 03:00:00,1.5482838,-1.1376691
2018-11-20 03:30:00,-13.674815,0.1275134
2018-11-20 04:00:00,1.8225081,2.0564513
2018-11-20 04:30:00,3.1405466,7.011111
2018-11-20 05:00:00,-4.450771,-4.2748175
2018-11-20 05:30:00,3.4478686,4.2338915
2018-11-20 06:00:00,-1.1308748,-0.48762888
2018-11-20 06:30:00,3.4736216,4.601244
2018-11-20 07:00:00,0.2912108,-2.5978026
2018-11-20 07:30:00,2.412719,2.8260021
2018-11-20 08:00:00,7.3113985,5.600744
2018-11-20 08:30:00,-1.4405519,1.4285988
2018-11-20 09:00:00,6.6983624,1.6422247
2018-11-20 09:30:00,1.1467849,3.442691
2018-11-20 10:00:00,5.301929,4.116068
2018-11-20 10:30:00,-16.798828,-8.371461
2018-11-20 11:00:00,-7.3413796,-4.1840224
2018-11-20 11:30:00,-1.8109105,-5.524948
2018-11-20 12:00:00,-18.30077,3.6117628
2018-11-20 12:30:00,6.056475,-3.6185772
2018-11-20 13:00:00,-13.4217,-7.6996703
2018-11-20 13:30:00,-12.499846,-2.038195
2018-11-20 14:00:00,3.7726245,-0.57184356
2018-11-20 14:30:00,1.690838,1.6878842
2018-11-20 15:00:00,-23.217531,2.7339838
2018-11-20 15:30:00,-3.3327699,-6.079199
2018-11-20 16:00:00,-6.6787558,5.7708907
2018-11-20 16:30:00,-2.0664253,-0.26294416
2018-11-20 17:00:00,6.238222,2.6519186
2018-11-20 17:30:00,-10.435987,3.4466105
2018-11-20 18:00:00,-12.353147,2.1838572
2018-11-20 18:30:00,-24.850885,-11.822608
2018-11-20 19:00:00,1.9801759,1.4612727
2018-11-20 19:30:00,-18.358171,-11.990046
2018-11-20 20:00:00,2.8436453,1.6554681
2018-11-20 20:30:00,1.0204716,0.8365878
2018-11-20 21:00:00,-9.183883,-8.913264
2018-11-20 21:30:00,0.85187614,2.5753415
2018-11-20 22:00:00,2.4234502,3.8178341
2018-11-20 22:30:00,-6.389261,5.5245337
2018-11-20 23:00:00,0.3476103,-2.7093608
2018-11-20 23:30:00,0.90903586,2.7723465
2018-11-21 00:00:00,0.9319094,1.8959655
2018-11-21 00:30:00,23.465233,5.0317683
2018-11-21 01:00:00,-7.3522243,4.7085986
2018-11-21 01:30:00,-9.509867,-11.370411
2018-11-21 02:00:00,2.8489847,2.962841
2018-11-21 02:30:00,-2.3478153,-0.8780471
2018-11-21 03:00:00,-33.74225,0.99211454
2018-11-21 03:30:00,-17.820393,-8.150687
2018-11-21 04:00:00,-4.535488,5.6769104
2018-11-21 04:30:00,-11.338096,-1.1733054
2018-11-21 05:00:00,0.5267402,1.7190639
2018-11-21 05:30:00,1.4658998,2.6851695
2018-11-21 06:00:00,-21.348225,7.0346746
2018-11-21 06:30:00,1.5844926,2.1391063
2018-11-21 07:00:00,-11.762166,2.9203055
2018-11-21 07:30:00,4.6563544,2.311276
2018-11-21 08:00:00,-28.987833,-26.609272
2018-11-21 08:30:00,9.525861,-1.3386806
2018-11-21 09:00:00,-2.540442,4.7256784
2018-11-21 09:30:00,1.8159934,3.918626
2018-11-21 10:00:00,0.3598357,2.121415
2018-11-21 10:30:00,39.638557,-1.3541044
2018-11-21 11:00:00,42.187325,13.652403
2018-11-21 11:30:00,1.439959,1.9474057
2018-11-21 12:00:00,17.28413,9.325269
2018-11-21 12:30:00,-27.197348,-18.428553
2018-11-21 13:00:00,60.43439,6.976746
2018-11-21 13:30:00,-10.930903,0.4090476
2018-11-21 14:00:00,-4.673437,1.1555148
2018-11-21 14:30:00,-4.5462937,0.42427915
2018-11-21 15:00:00,0.9420768,2.0614412
2018-11-21 15:30:00,3.4073825,3.6925561
2018-11-21 16:00:00,-20.92927,-15.572001
2018-11-21 16:30:00,0.6475351,4.7353783
2018-11-21 17:00:00,1.4319413,5.5060863
2018-11-21 17:30:00,0.41773388,1.9155619
2018-11-21 18:00:00,-1.0903404,3.9485822
2018-11-21 18:30:00,-1.5049735,-5.960611
2018-11-21 19:00:00,-9.734652,-4.3900633
2018-11-21 19:30:00,4.829109,1.337795
2018-11-21 20:00:00,-9.956575,1.0333742
2018-11-21 20:30:00,0.5169704,-2.2782686
2018-11-21 21:00:00,2.2033532,6.83594
2018-11-21 21:30:00,-1.8688173,-15.04282
2018-11-21 22:00:00,22.831411,4.2020826
2018-11-21 22:30:00,-4.901779,-13.326924
2018-11-21 23:00:00,-4.9693294,2.7513738
2018-11-21 23:30:00,0.06692373,4.0158877
2018-11-22 00:00:00,11.818218,5.065766
2018-11-22 00:30:00,-11.887125,-7.5754194
2018-11-22 01:00:00,-10.720358,-9.787215
2018-11-22 01:30:00,46.10623,22.485088
2018-11-22 02:00:00,4.1903553,3.148809
2018-11-22 02:30:00,-32.283733,-8.709089
2018-11-22 03:00:00,-1.1630462,5.6991415
2018-11-22 03:30:00,-16.802261,-9.948137
2018-11-22 04:00:00,-0.76527876,3.8504512
2018-11-22 04:30:00,-0.1818011,-8.298265
2018-11-22 05:00:00,-25.63467,-23.01349
2018-11-22 05:30:00,4.944119,1.8373245
2018-11-22 06:00:00,-2.1716697,3.9367414
2018-11-22 06:30:00,1.8918802,1.5601422
2018-11-22 07:00:00,5.6175485,0.9090402
2018-11-22 07:30:00,-6.427475,-4.1335173
2018-11-22 08:00:00,5.307277,5.337832
2018-11-22 08:30:00,-2.2463853,6.866346
2018-11-22 09:00:00,0.5271116,6.5528545
2018-11-22 09:30:00,2.014178,3.088783
2018-11-22 10:00:00,-23.805569,-7.65121
2018-11-22 10:30:00,-12.202893,-5.356916
2018-11-22 11:00:00,-9.699055,0.4380775
2018-11-22 11:30:00,3.1012094,3.300552
2018-11-22 12:00:00,4.393316,-3.4960434
2018-11-22 12:30:00,13.436191,2.244176
2018-11-22 13:00:00,6.9513516,1.0259682
2018-11-22 13:30:00,-4.466339,-0.1670196
2018-11-22 14:00:00,-9.928209,3.8913963
2018-11-22 14:30:00,2.700095,0.95487463
2018-11-22 15:00:00,-7.2448173,-7.213445
2018-11-22 15:30:00,-4.182795,-2.217006
2018-11-22 16:00:00,-15.940014,-5.3957987
2018-11-22 16:30:00,4.0546656,2.33917
2018-11-22 17:00:00,3.2219257,4.691711
2018-11-22 17:30:00,-13.099548,-11.480977
2018-11-22 18:00:00,0.65291375,-1.6307275
2018-11-22 18:30:00,-23.777437,-6.8631988
2018-11-22 19:00:00,0.51593924,-4.248715
2018-11-22 19:30:00,-35.69659,1.1009461
2018-11-22 20:00:00,1.0406142,1.7703949
2018-11-22 20:30:00,8.971967,0.5028137
2018-11-22 21:00:00,0.7540509,2.5324872
2018-11-22 21:30:00,-11.675055,6.0787153
2018-11-22 22:00:00,18.590437,-2.9261632
2018-11-22 22:30:00,1.9706638,1.3932858
2018-11-22 23:00:00,5.4485335,7.114372
2018-11-22 23:30:00,-4.4093103,-1.6330171
2018-11-23 00:00:00,-0.33363575,2.7437973
2018-11-23 00:30:00,22.666538,2.0795171
2018-11-23 01:00:00,1.2086504,2.5877724
2018-11-23 01:30:00,-9.987501,-5.910717
2018-11-23 02:00:00,3.7396533,5.939001
2018-11-23 02:30:00,-7.3206124,-1.2418692
2018-11-23 03:00:00,-1.9149008,-4.80017
2018-11-23 03:30:00,4.376214,1.5906664
2018-11-23 04:00:00,0.29593408,2.2948122
2018-11-23 04:30:00,10.227799,-2.4352107
2018-11-23 05:00:00,-9.923242,-12.377698
2018-11-23 05:30:00,1.822543,-1.3525403
2018-11-23 06:00:00,-19.289267,-11.757102
2018-11-23 06:30:00,2.7293828,6.1010776
2018-11-23 07:00:00,-0.5981907,0.39087987
2018-11-23 07:30:00,-22.964634,-16.19863
2018-11-23 08:00:00,-18.750153,-5.3389626
2018-11-23 08:30:00,-11.481987,-5.916122
2018-11-23 09:00:00,3.2516503,6.062033
2018-11-23 09:30:00,-8.12049,-13.520189
2018-11-23 10:00:00,2.6968923,2.522149
2018-11-23 10:30:00,8.932612,4.4570165
2018-11-23 11:00:00,2.8243723,3.405674
2018-11-23 11:30:00,-5.8243265,6.665614
2018-11-23 12:00:00,-0.25064445,2.2569737
2018-11-23 12:30:00,0.379974,2.3376844
2018-11-23 13:00:00,-0.120800704,2.732026
2018-11-23 13:30:00,-24.867008,-11.062792
2018-11-23 14:00:00,-3.0822623,-3.1272972
2018-11-23 14:30:00,0.47877795,0.23397681
2018-11-23 15:00:00,2.2382991,4.6447845
2018-11-23 15:30:00,45.326813,3.429535
2018-11-23 16:00:00,1.3944699,2.58907
2018-11-23 16:30:00,-1.1680317,-0.13473454
2018-11-23 17:00:00,-26.192513,-11.681726
2018-11-23 17:30:00,-17.407282,-1.7384187
2018-11-23 18:00:00,0.65734863,1.2733166
2018-11-23 18:30:00,0.0044945637,-1.075537
2018-11-23 19:00:00,9.872328,3.1945035
2018-11-23 19:30:00,-1.659067,0.15326631
2018-11-23 20:00:00,0.91449755,1.9582855
2018-11-23 20:30:00,9.788401,7.2524514
2018-11-23 21:00:00,15.900399,3.7683294
2018-11-23 21:30:00,-3.0004594,2.069756
2018-11-23 22:00:00,-29.718452,6.4257283
2018-11-23 22:30:00,0.62996596,3.9322233
2018-11-23 23:00:00,-8.397157,1.8536047
2018-11-23 23:30:00,6.973609,4.191242
2018-11-24 00:00:00,1.7145197,1.7025216
2018-11-24 00:30:00,31.970062,17.196276
2018-11-24 01:00:00,-28.088882,0.43828726
2018-11-24 01:30:00,-4.2247844,2.3916063
2018-11-24 02:00:00,0.31268612,4.785949
2018-11-24 02:30:00,14.0156,-4.404338
2018-11-24 03:00:00,-24.996157,-20.491816
2018-11-24 03:30:00,0.12904267,2.5657115
2018-11-24 04:00:00,13.0939665,3.7875588
2018-11-24 04:30:00,0.2655497,1.0758966
2018-11-24 05:00:00,-6.020204,0.8902346
2018-11-24 05:30:00,-29.8472,4.7411675
2018-11-24 06:00:00,19.408512,8.808261
2018-11-24 06:30:00,1.1999379,0.81561494
2018-11-24 07:00:00,1.2531915,6.9641275
2018-11-24 07:30:00,0.6698624,4.4065943
2018-11-24 08:00:00,4.2089295,0.42849994
2018-11-24 08:30:00,-1.5344142,1.6091487
2018-11-24 09:00:00,2.3143563,2.0766335
2018-11-24 09:30:00,-2.8279884,2.2750583
2018-11-24 10:00:00,11.065337,21.863026
2018-11-24 10:30:00,-5.857778,-12.960114
2018-11-24 11:00:00,1.1068491,-6.49419
2018-11-24 11:30:00,0.5586976,1.8457749
2018-11-24 12:00:00,-0.3266754,-3.7059903
2018-11-24 12:30:00,0.67069256,1.842524
2018-11-24 13:00:00,1.1965123,3.3326623
2018-11-24 13:30:00,7.2088413,7.826653
2018-11-24 14:00:00,-1.6973469,2.4556391
2018-11-24 14:30:00,6.014783,7.1630898
2018-11-24 15:00:00,-3.6282642,0.8871935
2018-11-24 15:30:00,-12.11541,4.210109
2018-11-24 16:00:00,-4.118806,3.840677
2018-11-24 16:30:00,-12.478835,3.253634
2018-11-24 17:00:00,-0.9956523,-0.64740264
2018-11-24 17:30:00,3.6187537,-0.03362795
2018-11-24 18:00:00,-6.958988,2.1279294
2018-11-24 18:30:00,-15.609375,-2.8574464
2018-11-24 19:00:00,3.1063478,9.632101
2018-11-24 19:30:00,-13.110086,-9.147893
2018-11-24 20:00:00,-0.056186866,1.2124037
2018-11-24 20:30:00,6.1446967,3.179211
2018-11-24 21:00:00,-0.4872662,0.06656981
2018-11-24 21:30:00,-28.961706,-9.164759
2018-11-24 22:00:00,1.6122947,2.556737
2018-11-24 22:30:00,-19.545345,-11.505411
2018-11-24 23:00:00,1.9204164,2.665787
2018-11-24 23:30:00,1.2598242,-0.4085394
2018-11-25 00:00:00,2.0209332,4.2855067
2018-11-25 00:30:00,0.59172547,0.58441556
2018-11-25 01:00:00,3.7730308,-7.7620077
2018-11-25 01:30:00,-36.747166,0.90680313
2018-11-25 02:00:00,1.5107424,5.030235
2018-11-25 02:30:00,-6.16829,-1.572825
2018-11-25 03:00:00,-23.531631,4.7043777
2018-11-25 03:30:00,-2.1740859,-2.5942986
2018-11-25 04:00:00,6.4662538,-6.7995596
2018-11-25 04:30:00,1.1133857,0.1971782
2018-11-25 05:00:00,5.563657,3.6915689
2018-11-25 05:30:00,-4.936485,-5.9025903
2018-11-25 06:00:00,-18.040487,-12.634134
2018-11-25 06:30:00,0.05668199,3.1471663
2018-11-25 07:00:00,19.718378,3.6210606
2018-11-25 07:30:00,-8.589015,-0.7379441
2018-11-25 08:00:00,0.9119983,0.11873976
2018-11-25 08:30:00,1.0973763,1.8186063
2018-11-25 09:00:00,-2.5310872,3.1013231
2018-11-25 09:30:00,-0.8908143,-0.8054723
2018-11-25 10:00:00,1.2262982,-0.16259784
2018-11-25 10:30:00,2.8740473,5.1818376
2018-11-25 11:00:00,3.1842926,4.2204294
2018-11-25 11:30:00,-6.4653745,-2.3880875
2018-11-25 12:00:00,5.575699,7.794958
2018-11-25 12:30:00,3.1613972,3.3430789
2018-11-25 13:00:00,1.1353241,2.536603
2018-11-25 13:30:00,8.04228,10.465723
2018-11-25 14:00:00,-4.45781,-1.5503273
2018-11-25 14:30:00,1.9077802,2.0713072
2018-11-25 15:00:00,60.56049,-14.658158
2018-11-25 15:30:00,-8.167479,-20.211977
2018-11-25 16:00:00,3.1949232,3.0518796
2018-11-25 16:30:00,0.04332928,14.147834
2018-11-25 17:00:00,0.08030702,4.7465024
2018-11-25 17:30:00,0.9039499,0.85307765
2018-11-25 18:00:00,-6.503257,1.578275
2018-11-25 18:30:00,4.6765494,3.1587012
2018-11-25 19:00:00,16.15829,5.8469825
2018-11-25 19:30:00,16.84932,6.027585
2018-11-25 20:00:00,-5.8645597,2.356184
2018-11-25 20:30:00,2.2522154,1.5932094
2018-11-25 21:00:00,8.211815,3.4778292
2018-11-25 21:30:00,1.7274356,2.3108697
2018-11-25 22:00:00,-0.7872478,-1.4122517
2018-11-25 22:30:00,-19.42946,-13.221121
2018-11-25 23:00:00,17.001072,3.5366232
2018-11-25 23:30:00,6.5100656,4.8705306
2018-11-26 00:00:00,0.70764846,5.068165
2018-11-26 00:30:00,-6.9736733,-3.4827344
2018-11-26 01:00:00,5.228773,-0.6667195
2018-11-26 01:30:00,0.88385093,2.1087568
2018-11-26 02:00:00,2.3281853,3.77754
2018-11-26 02:30:00,-1.7905668,-3.2141247
2018-11-26 03:00:00,2.9449356,0.32267007
2018-11-26 03:30:00,-4.9278207,3.4018114
2018-11-26 04:00:00,2.2563095,3.6894279
2018-11-26 04:30:00,-13.600008,-10.196234
2018-11-26 05:00:00,0.59563166,2.7867916
2018-11-26 05:30:00,1.8238363,4.7690835
2018-11-26 06:00:00,-22.859354,-13.150772
2018-11-26 06:30:00,4.3991094,7.8847566
2018-11-26 07:00:00,-0.30326447,-1.1051524
2018-11-26 07:30:00,0.51395553,0.10474913
2018-11-26 08:00:00,-30.221622,-22.765804
2018-11-26 08:30:00,12.997736,2.5123749
2018-11-26 09:00:00,31.611296,21.64454
2018-11-26 09:30:00,2.0503387,-0.4616138
2018-11-26 10:00:00,1.5039743,4.1918674
2018-11-26 10:30:00,6.406394,1.040588
2018-11-26 11:00:00,0.39579976,3.2161667
2018-11-26 11:30:00,-33.88688,-15.724638
2018-11-26 12:00:00,-2.6214497,-1.2891237
2018-11-26 12:30:00,0.8671863,1.6691397
2018-11-26 13:00:00,2.175468,2.4328225
2018-11-26 13:30:00,2.9782386,4.1735597
2018-11-26 14:00:00,-30.091942,-17.399641
2018-11-26 14:30:00,-4.058832,1.0620546
2018-11-26 15:00:00,-7.013788,-10.312895
2018-11-26 15:30:00,0.91025054,2.4062655
2018-11-26 16:00:00,1.2535192,3.0084658
2018-11-26 16:30:00,-1.1308792,0.8792413
2018-11-26 17:00:00,-8.770216,3.9707348
2018-11-26 17:30:00,0.39902872,4.833269
2018-11-26 18:00:00,7.0215583,3.6044135
2018-11-26 18:30:00,0.018502677,2.0673048
2018-11-26 19:00:00,0.48448867,5.1693416
2018-11-26 19:30:00,-1.0658327,2.1653397
2018-11-26 20:00:00,-2.6900265,-1.1881393
2018-11-26 20:30:00,0.09783682,2.8054137
2018-11-26 21:00:00,2.2333136,2.731126
2018-11-26 21:30:00,2.0454187,3.5024242
2018-11-26 22:00:00,3.6902275,3.5140424
2018-11-26 22:30:00,8.181885,2.2280269
2018-11-26 23:00:00,5.167755,4.0901885
2018-11-26 23:30:00,3.862493,3.2977774
2018-11-27 00:00:00,0.7958524,4.9163737
2018-11-27 00:30:00,-28.933239,-4.488155
2018-11-27 01:00:00,3.8784935,3.5533621
2018-11-27 01:30:00,-9.030118,-4.997647
2018-11-27 02:00:00,0.6460495,3.371733
2018-11-27 02:30:00,1.1027507,2.0075366
2018-11-27 03:00:00,2.48113,9.141856
2018-11-27 03:30:00,1.5801537,3.4549644
2018-11-27 04:00:00,3.6752841,11.764131
2018-11-27 04:30:00,-0.7725887,5.2461457
2018-11-27 05:00:00,0.7827138,1.5368624
2018-11-27 05:30:00,-10.736826,4.2185726
2018-11-27 06:00:00,-3.0402641,0.6086829
2018-11-27 06:30:00,-15.358144,-8.102956
2018-11-27 07:00:00,-2.8054514,13.016912
2018-11-27 07:30:00,-4.0719404,1.6242797
2018-11-27 08:00:00,37.03825,3.3240633
2018-11-27 08:30:00,-6.2083874,-7.4859524
2018-11-27 09:00:00,-9.162802,2.7103848
2018-11-27 09:30:00,1.2631011,1.0247754
2018-11-27 10:00:00,30.903393,3.7543125
2018-11-27 10:30:00,1.0627319,3.3206203
2018-11-27 11:00:00,-1.772552,-1.1093165
2018-11-27 11:30:00,-0.6305457,1.0212799
2018-11-27 12:00:00,-0.14954661,0.2317397
2018-11-27 12:30:00,3.1365225,3.9384105
2018-11-27 13:00:00,1.87941,2.7433603
2018-11-27 13:30:00,-1.1098276,1.6285529
2018-11-27 14:00:00,3.23007,6.182417
2018-11-27 14:30:00,-5.180722,4.7316732
2018-11-27 15:00:00,-1.600601,0.2260683
2018-11-27 15:30:00,-0.5833437,1.017614
2018-11-27 16:00:00,4.861945,3.5571241
2018-11-27 16:30:00,2.2062936,3.3987703
2018-11-27 17:00:00,31.611296,22.18086
2018-11-27 17:30:00,38.127945,-0.5769819
2018-11-27 18:00:00,12.763832,0.98599744
2018-11-27 18:30:00,26.06458,2.3754704
2018-11-27 19:00:00,2.5316482,7.4843936
2018-11-27 19:30:00,-22.078356,-24.799526
2018-11-27 20:00:00,1.0091943,11.385772
2018-11-27 20:30:00,-0.2306984,2.592312
2018-11-27 21:00:00,-9.414309,-4.20046
2018-11-27 21:30:00,-3.0608394,-0.10682755
2018-11-27 22:00:00,14.122697,3.468077
2018-11-27 22:30:00,-5.748501,-5.0465226
2018-11-27 23:00:00,-8.034279,-8.98819
2018-11-27 23:30:00,1.2897717,3.4027858
2018-11-28 00:00:00,-3.8674638,0.644494
2018-11-28 00:30:00,1.1732106,2.7660458
2018-11-28 01:00:00,-0.4755258,1.2622317
2018-11-28 01:30:00,-1.7112327,-2.0142248
2018-11-28 02:00:00,-4.995685,-5.7741055
2018-11-28 02:30:00,-7.7542214,-0.9342893
2018-11-28 03:00:00,-2.373948,0.4330353
2018-11-28 03:30:00,-4.717218,-0.99315745
2018-11-28 04:00:00,0.8547074,3.3748264
2018-11-28 04:30:00,-1.2645198,-5.3750753
2018-11-28 05:00:00,-1.0641506,1.4641914
2018-11-28 05:30:00,2.9036539,2.4655924
2018-11-28 06:00:00,0.37328455,0.4524308
2018-11-28 06:30:00,2.4014199,1.5338038
2018-11-28 07:00:00,-6.1322737,1.6913098
2018-11-28 07:30:00,13.877909,3.7289965
2018-11-28 08:00:00,-39.817036,-30.21503
2018-11-28 08:30:00,1.970419,1.6640189
2018-11-28 09:00:00,-0.46359748,2.1939416
2018-11-28 09:30:00,31.948957,17.20495
2018-11-28 10:00:00,-9.115363,-4.2609057
2018-11-28 10:30:00,-1.2390771,1.9744782
2018-11-28 11:00:00,-15.788081,-4.735456
2018-11-28 11:30:00,2.2279787,2.5555005
2018-11-28 12:00:00,-2.2075462,7.0881777
2018-11-28 12:30:00,1.3003018,1.1574767
2018-11-28 13:00:00,-3.3927171,4.394893
2018-11-28 13:30:00,-2.1321096,1.4455693
2018-11-28 14:00:00,-3.5698636,4.723865
2018-11-28 14:30:00,-6.9502406,-5.208105
2018-11-28 15:00:00,32.2233,8.790627
2018-11-28 15:30:00,-17.279106,-9.255863
2018-11-28 16:00:00,-26.098606,-21.235064
2018-11-28 16:30:00,0.6314996,-0.5163704
2018-11-28 17:00:00,-11.771067,-5.8288093
2018-11-28 17:30:00,1.0747213,0.54437923
2018-11-28 18:00:00,-10.55999,-2.337853
2018-11-28 18:30:00,0.40438116,-0.18435279
2018-11-28 19:00:00,4.009906,0.059211843
2018-11-28 19:30:00,-2.4090865,-0.996902
2018-11-28 20:00:00,0.15438487,-1.9081982
2018-11-28 20:30:00,0.5961298,7.4956317
2018-11-28 21:00:00,-0.56855786,-2.2872431
2018-11-28 21:30:00,-6.0762453,-1.0567489
2018-11-28 22:00:00,1.0784309,2.3948965
2018-11-28 22:30:00,-23.528175,-13.14448
2018-11-28 23:00:00,3.39375,2.6288748
2018-11-28 23:30:00,5.4029613,8.125997
2018-11-29 00:00:00,21.143814,8.489779
2018-11-29 00:30:00,-13.064803,-5.8959618
2018-11-29 01:00:00,-10.336883,3.0364733
2018-11-29 01:30:00,1.7429249,1.8028854
2018-11-29 02:00:00,5.0709176,8.527942
2018-11-29 02:30:00,1.9900548,-0.10238393
2018-11-29 03:00:00,2.2908492,2.8659859
2018-11-29 03:30:00,-2.9399092,1.4522631
2018-11-29 04:00:00,4.022446,3.0777023
2018-11-29 04:30:00,-0.9685056,0.30378142
2018-11-29 05:00:00,2.0942376,5.4704633
2018-11-29 05:30:00,1.9698379,2.826854
2018-11-29 06:00:00,10.02577,-5.332378
2018-11-29 06:30:00,4.6195602,-0.05813122
2018-11-29 07:00:00,0.5742961,-0.38081592
2018-11-29 07:30:00,0.8402231,5.588868
2018-11-29 08:00:00,17.130796,6.4975953
2018-11-29 08:30:00,4.3989,-0.5863323
2018-11-29 09:00:00,-4.3608327,-3.4732616
2018-11-29 09:30:00,6.7271867,5.539101
2018-11-29 10:00:00,3.768395,2.6102962
2018-11-29 10:30:00,-3.9312475,-0.13825624
2018-11-29 11:00:00,-10.270149,2.3096156
2018-11-29 11:30:00,1.0802616,2.8388784
2018-11-29 12:00:00,-1.3203294,2.1756253
2018-11-29 12:30:00,-5.793868,-11.184403
2018-11-29 13:00:00,-6.005156,-25.907215
2018-11-29 13:30:00,-2.6969912,0.06435893
2018-11-29 14:00:00,1.8248413,3.3661926
2018-11-29 14:30:00,0.699421,0.57009286
2018-11-29 15:00:00,2.0297723,0.9680001
2018-11-29 15:30:00,4.310023,5.236166
2018-11-29 16:00:00,-5.0552044,-2.695392
2018-11-29 16:30:00,-4.9413786,-4.098357
2018-11-29 17:00:00,34.07313,-1.6582893
2018-11-29 17:30:00,16.276272,-0.6210424
2018-11-29 18:00:00,1.7938932,2.18654
2018-11-29 18:30:00,5.7799044,3.5391355
2018-11-29 19:00:00,5.1997433,3.6765819
2018-11-29 19:30:00,3.8488827,3.49518
2018-11-29 20:00:00,4.426322,3.4507918
2018-11-29 20:30:00,-7.3361936,-1.1877592
2018-11-29 21:00:00,1.6677154,3.8289628
2018-11-29 21:30:00,-6.6095934,1.3999009
2018-11-29 22:00:00,-0.187088,3.8618507
2018-11-29 22:30:00,-21.415047,-13.579354
2018-11-29 23:00:00,-3.4966552,-6.837175
2018-11-29 23:30:00,-6.7444534,2.6761773
2018-11-30 00:00:00,6.953833,2.191582
2018-11-30 00:30:00,-8.096062,1.5872933
2018-11-30 01:00:00,0.88112015,5.0320654
2018-11-30 01:30:00,-1.3274864,0.74720854
2018-11-30 02:00:00,-1.0317256,1.9754832
2018-11-30 02:30:00,2.5748653,1.276668
2018-11-30 03:00:00,32.7509,3.9333026
2018-11-30 03:30:00,-0.68988574,1.254559
2018-11-30 04:00:00,-9.115258,2.7013972
2018-11-30 04:30:00,3.5779965,2.353344
2018-11-30 05:00:00,-10.123265,-29.898169
2018-11-30 05:30:00,31.695711,20.155321
2018-11-30 06:00:00,-1.4608213,-2.6195884
2018-11-30 06:30:00,0.88617545,2.1908524
2018-11-30 07:00:00,2.489886,3.5075407
2018-11-30 07:30:00,-0.7962574,3.1912878
2018-11-30 08:00:00,3.7088494,4.613513
2018-11-30 08:30:00,32.64538,6.7637625
2018-11-30 09:00:00,-1.5711166,0.6939287
2018-11-30 09:30:00,4.4886723,1.0641694
2018-11-30 10:00:00,4.443017,7.6479206
2018-11-30 10:30:00,-3.0375247,-0.20203988
2018-11-30 11:00:00,0.51800156,-4.540316
2018-11-30 11:30:00,-5.6016297,-1.6553181
2018-11-30 12:00:00,0.9433745,1.7484565
2018-11-30 12:30:00,1.6305017,1.9228675
2018-11-30 13:00:00,-21.591444,-15.416119
2018-11-30 13:30:00,4.602345,7.3849826
2018-11-30 14:00:00,2.7991,3.1169827
2018-11-30 14:30:00,-11.3637085,1.3646753
2018-11-30 15:00:00,2.919991,8.489326
2018-11-30 15:30:00,-0.42218924,0.94394255
2018-11-30 16:00:00,-2.0111094,-0.7311192
2018-11-30 16:30:00,6.0692554,9.024421
2018-11-30 17:00:00,-7.483829,2.5949337
2018-11-30 17:30:00,-1.7370162,-2.5832267
2018-11-30 18:00:00,10.051165,-2.0072339
2018-11-30 18:30:00,0.69343066,2.4509988
2018-11-30 19:00:00,-15.75781,-3.8409288
2018-11-30 19:30:00,-4.054026,5.1627436
2018-11-30 20:00:00,4.6968975,10.805462
2018-11-30 20:30:00,1.8794494,0.14651132
2018-11-30 21:00:00,-1.4427847,0.032156873
2018-11-30 21:30:00,4.3851976,1.1410873
2018-11-30 22:00:00,3.1585746,-4.773788
2018-11-30 22:30:00,-5.7231503,-0.86062217
2018-11-30 23:00:00,-2.653656,-0.20300114
2018-11-30 23:30:00,0.40252417,3.8559608
2018-12-01 00:00:00,1.7660955,2.81888
2018-12-01 00:30:00,-15.055154,-9.034072
2018-12-01 01:00:00,16.190336,7.5726457
2018-12-01 01:30:00,-10.886284,-6.404527
2018-12-01 02:00:00,-3.4202309,0.36919484
2018-12-01 02:30:00,2.4524844,10.717917
2018-12-01 03:00:00,2.536367,2.648598
2018-12-01 03:30:00,-0.3195053,2.3050628
2018-12-01 04:00:00,0.6058472,-3.1583893
2018-12-01 04:30:00,-5.6980567,-4.712023
2018-12-01 05:00:00,-1.5936493,-1.034557
2018-12-01 05:30:00,-0.023727018,1.1214951
2018-12-01 06:00:00,-5.784286,-11.1202135
2018-12-01 06:30:00,28.086582,0.96102667
2018-12-01 07:00:00,-1.1514456,-0.348024
2018-12-01 07:30:00,1.1793059,0.37649602
2018-12-01 08:00:00,1.8255754,2.7486515
2018-12-01 08:30:00,4.3946877,2.915827
2018-12-01 09:00:00,23.666948,-4.5142403
2018-12-01 09:30:00,-1.7438061,0.8023452
2018-12-01 10:00:00,3.706595,-0.1656083
2018-12-01 10:30:00,4.810736,3.3854396
2018-12-01 11:00:00,-3.7336833,5.6860466
2018-12-01 11:30:00,8.062179,2.895964
2018-12-01 12:00:00,-4.726809,3.4266381
2018-12-01 12:30:00,1.0063936,1.1424024
2018-12-01 13:00:00,54.695827,-19.643763
2018-12-01 13:30:00,2.9251947,-5.332247
2018-12-01 14:00:00,-26.515327,-18.546528
2018-12-01 14:30:00,12.013475,3.075133
2018-12-01 15:00:00,3.3886423,4.0212007
2018-12-01 15:30:00,0.36146548,3.4727128
2018-12-01 16:00:00,-13.263339,-3.0814016
2018-12-01 16:30:00,12.584374,12.310425
2018-12-01 17:00:00,-1.6797953,6.4907618
2018-12-01 17:30:00,-4.264427,-2.9556081
2018-12-01 18:00:00,-5.314896,1.1038954
2018-12-01 18:30:00,-11.259853,-6.0490766
2018-12-01 19:00:00,2.6391428,4.717892
2018-12-01 19:30:00,1.2330314,2.5115054
2018-12-01 20:00:00,0.535977,-2.1464498
2018-12-01 20:30:00,-1.3897452,2.6313915
2018-12-01 21:00:00,-0.6053739,4.7885094
2018-12-01 21:30:00,29.906597,2.0862854
2018-12-01 22:00:00,-5.2139425,-5.8954463
2018-12-01 22:30:00,-0.45932865,0.3507693
2018-12-01 23:00:00,-14.53674,-2.28089
2018-12-01 23:30:00,-19.705688,-12.693042
2018-12-02 00:00:00,-27.37774,-23.498772
2018-12-02 00:30:00,-7.4927077,0.19695537
2018-12-02 01:00:00,2.6550384,6.9109526
2018-12-02 01:30:00,2.135934,2.4808939
2018-12-02 02:00:00,0.79473823,4.4131527
2018-12-02 02:30:00,-5.384242,1.5897226
2018-12-02 03:00:00,1.1084658,0.61043495
2018-12-02 03:30:00,-20.800888,-15.4629755
2018-12-02 04:00:00,2.4924815,0.8489618
2018-12-02 04:30:00,0.87360924,2.5495887
2018-12-02 05:00:00,-9.429492,0.6802789
2018-12-02 05:30:00,-6.6404715,2.7302873
2018-12-02 06:00:00,0.40392673,-3.7290604
2018-12-02 06:30:00,0.378318,-1.7130415
2018-12-02 07:00:00,-11.618411,-5.136365
2018-12-02 07:30:00,4.00042,1.4013908
2018-12-02 08:00:00,-12.3482485,2.1869986
2018-12-02 08:30:00,-5.2773986,5.4382524
2018-12-02 09:00:00,-3.4657552,2.5845258
2018-12-02 09:30:00,0.5203435,-2.4143429
2018-12-02 10:00:00,0.44508594,3.5058587
2018-12-02 10:30:00,9.7104,0.75012726
2018-12-02 11:00:00,-3.8154206,-0.0820359
2018-12-02 11:30:00,-10.314713,-3.5098505
2018-12-02 12:00:00,3.221008,4.116409
2018-12-02 12:30:00,-0.9230732,0.47817934
2018-12-02 13:00:00,4.6358185,3.7155302
2018-12-02 13:30:00,-2.2966983,1.4184531
2018-12-02 14:00:00,-0.18591264,1.9622178
2018-12-02 14:30:00,-28.638193,-12.366472
2018-12-02 15:00:00,-12.980146,-16.155888
2018-12-02 15:30:00,-15.806201,1.6880285
2018-12-02 16:00:00,-1.8730949,-13.981769
2018-12-02 16:30:00,6.1372776,5.002389
2018-12-02 17:00:00,19.296513,6.41214
2018-12-02 17:30:00,14.882753,1.8658563
2018-12-02 18:00:00,-0.6296281,-0.04292154
2018-12-02 18:30:00,3.6595328,4.595284
2018-12-02 19:00:00,-1.7237508,1.5717734
2018-12-02 19:30:00,-13.987182,-9.902177
2018-12-02 20:00:00,-9.135917,1.4991549
2018-12-02 20:30:00,0.40944523,1.1742549
2018-12-02 21:00:00,-20.992565,-13.119512
2018-12-02 21:30:00,3.7388625,-0.16650839
2018-12-02 22:00:00,5.946394,4.6843095
2018-12-02 22:30:00,-0.734169,-3.6160867
2018-12-02 23:00:00,1.0191957,1.5082082
2018-12-02 23:30:00,-13.883397,-8.35494
2018-12-03 00:00:00,3.087944,2.026364
2018-12-03 00:30:00,3.85053,3.1166244
2018-12-03 01:00:00,2.6522377,2.2955027
2018-12-03 01:30:00,3.1999784,0.903194
2018-12-03 02:00:00,12.040897,13.174432
2018-12-03 02:30:00,2.8766732,6.2659154
2018-12-03 03:00:00,1.683043,3.1628258
2018-12-03 03:30:00,10.450789,7.7759337
2018-12-03 04:00:00,12.310019,3.5953298
2018-12-03 04:30:00,-21.801054,-15.478716
2018-12-03 05:00:00,-1.0535418,-3.1666431
2018-12-03 05:30:00,0.04737966,4.2469997
2018-12-03 06:00:00,-2.4400694,-1.5909578
2018-12-03 06:30:00,3.9825976,1.1755832
2018-12-03 07:00:00,0.32608253,0.9701061
2018-12-03 07:30:00,-2.7751894,0.5975061
2018-12-03 08:00:00,56.570618,-16.41681
2018-12-03 08:30:00,-5.3008704,6.7239056
2018-12-03 09:00:00,1.0635052,1.1447313
2018-12-03 09:30:00,15.59901,10.416721
2018-12-03 10:00:00,-17.86704,-10.007495
2018-12-03 10:30:00,1.7187668,1.1262839
2018-12-03 11:00:00,1.7252771,2.0881336
2018-12-03 11:30:00,0.9750741,-9.048264
2018-12-03 12:00:00,-2.2549405,-1.0047668
2018-12-03 12:30:00,-3.2929606,0.07475359
2018-12-03 13:00:00,2.1771195,2.729431
2018-12-03 13:30:00,6.8974295,1.9782358
2018-12-03 14:00:00,1.1701216,0.10068563
2018-12-03 14:30:00,-0.40610567,0.5767255
2018-12-03 15:00:00,-3.696225,0.15182443
2018-12-03 15:30:00,2.9773605,0.46610248
2018-12-03 16:00:00,32.49765,3.6320233
2018-12-03 16:30:00,-9.272497,3.9923499
2018-12-03 17:00:00,0.7417381,5.18196
2018-12-03 17:30:00,-6.2214956,-0.8409907
2018-12-03 18:00:00,-4.1432,-1.0587718
2018-12-03 18:30:00,-42.48975,2.8973665
2018-12-03 19:00:00,-8.018169,-9.352544
2018-12-03 19:30:00,-7.4287143,-5.757834
2018-12-03 20:00:00,-11.277877,3.3196678
2018-12-03 20:30:00,-5.4077663,0.41431704
2018-12-03 21:00:00,-10.243357,-4.285361
2018-12-03 21:30:00,-8.693359,0.95007706
2018-12-03 22:00:00,14.972294,25.341656
2018-12-03 22:30:00,4.600029,5.5585012
2018-12-03 23:00:00,-20.620264,-18.447083
2018-12-03 23:30:00,-24.1705,-1.1303505
2018-12-04 00:00:00,37.822712,-5.649225
2018-12-04 00:30:00,-6.038446,3.1483808
2018-12-04 01:00:00,1.8131926,-0.106530435
2018-12-04 01:30:00,-3.2233572,-0.7359823
2018-12-04 02:00:00,11.403227,5.478953
2018-12-04 02:30:00,-1.2108818,-3.5618238
2018-12-04 03:00:00,3.3364418,5.852532
2018-12-04 03:30:00,-4.4363174,2.4385724
2018-12-04 04:00:00,0.70116,3.4227493
2018-12-04 04:30:00,-0.70620084,1.2937914
2018-12-04 05:00:00,-2.0907843,0.66476774
2018-12-04 05:30:00,-9.399947,3.2195182
2018-12-04 06:00:00,1.569344,4.295919
2018-12-04 06:30:00,0.76193756,2.999666
2018-12-04 07:00:00,3.2576232,3.7747698
2018-12-04 07:30:00,3.3830233,3.9953341
2018-12-04 08:00:00,2.0395508,-1.6423806
2018-12-04 08:30:00,3.2643387,2.5428336
2018-12-04 09:00:00,13.866557,2.026587
2018-12-04 09:30:00,-3.4636536,-4.2935534
2018-12-04 10:00:00,-5.1735525,-4.913729
2018-12-04 10:30:00,17.868032,0.51308167
2018-12-04 11:00:00,1.6262022,2.335893
2018-12-04 11:30:00,-16.457838,-3.1242123
2018-12-04 12:00:00,0.819508,2.119833
2018-12-04 12:30:00,-7.6817994,-2.6683152
2018-12-04 13:00:00,-7.462336,5.8336473
2018-12-04 13:30:00,14.970219,0.9694158
2018-12-04 14:00:00,-16.672562,-3.8813584
2018-12-04 14:30:00,6.149302,5.153734
2018-12-04 15:00:00,0.3115807,1.9653724
2018-12-04 15:30:00,1.9336073,3.5320485
2018-12-04 16:00:00,-0.6840745,-1.0844985
2018-12-04 16:30:00,-2.499829,-1.2633663
2018-12-04 17:00:00,3.0626326,4.642604
2018-12-04 17:30:00,15.446743,-1.8469226
2018-12-04 18:00:00,1.7235862,4.1872706
2018-12-04 18:30:00,-2.9180799,-1.128808
2018-12-04 19:00:00,-7.6540847,-8.582164
2018-12-04 19:30:00,1.6542666,3.5516362
2018-12-04 20:00:00,-2.3202665,-1.9041348
2018-12-04 20:30:00,3.8440063,3.1320307
2018-12-04 21:00:00,-20.34446,-17.08293
2018-12-04 21:30:00,-1.4921145,-4.27487
2018-12-04 22:00:00,-3.2060328,-0.46047777
2018-12-04 22:30:00,-2.0878918,-5.0443726
2018-12-04 23:00:00,-14.61665,-11.569295
2018-12-04 23:30:00,1.7805755,3.8512332
2018-12-05 00:00:00,32.117783,12.544438
2018-12-05 00:30:00,-14.670036,-6.41656
2018-12-05 01:00:00,-8.2005415,-6.5736074
2018-12-05 01:30:00,-15.416632,2.122835
2018-12-05 02:00:00,-7.289446,-2.2683806
2018-12-05 02:30:00,0.78316385,3.88174
2018-12-05 03:00:00,30.69473,3.5549874
2018-12-05 03:30:00,0.03674905,-1.774007
2018-12-05 04:00:00,-8.460115,-1.006733
2018-12-05 04:30:00,3.1323104,2.40388
2018-12-05 05:00:00,15.029607,5.357564
2018-12-05 05:30:00,0.44877803,5.3718996
2018-12-05 06:00:00,0.11281056,-1.7617598
2018-12-05 06:30:00,7.945403,2.5077128
2018-12-05 07:00:00,1.2397033,2.545167
2018-12-05 07:30:00,-5.40601,-4.1497235
2018-12-05 08:00:00,-3.5697236,-1.2518182
2018-12-05 08:30:00,-1.9301717,1.389681
2018-12-05 09:00:00,4.3334427,4.7337704
2018-12-05 09:30:00,-0.611089,-4.0506573
2018-12-05 10:00:00,-1.9585943,0.07713051
2018-12-05 10:30:00,-0.1576867,2.7567306
2018-12-05 11:00:00,-24.207836,3.5571897
2018-12-05 11:30:00,0.16355611,1.8431795
2018-12-05 12:00:00,-4.3230944,-10.859971
2018-12-05 12:30:00,29.39222,15.042343
2018-12-05 13:00:00,-0.5170127,6.234456
2018-12-05 13:30:00,-19.276863,-7.910954
2018-12-05 14:00:00,-17.640282,-9.176429
2018-12-05 14:30:00,-15.356097,1.3055187
2018-12-05 15:00:00,-10.952803,-5.109869
2018-12-05 15:30:00,-20.438482,-9.811652
2018-12-05 16:00:00,1.723857,3.160615
2018-12-05 16:30:00,1.9412581,3.2821352
2018-12-05 17:00:00,4.1169286,3.3726766
2018-12-05 17:30:00,1.9835052,1.6532835
2018-12-05 18:00:00,-4.6037726,1.3540971
2018-12-05 18:30:00,0.5870459,2.7385366
2018-12-05 19:00:00,-4.5851502,-7.2250853
2018-12-05 19:30:00,-8.328383,-2.271544
2018-12-05 20:00:00,-19.879244,-11.26826
2018-12-05 20:30:00,-4.978308,-0.52773947
2018-12-05 21:00:00,-3.4462416,0.5073884
2018-12-05 21:30:00,1.2101666,1.1477942
2018-12-05 22:00:00,-5.5321794,0.3530108
2018-12-05 22:30:00,5.7949615,-0.18707925
2018-12-05 23:00:00,-5.642942,-1.8933643
2018-12-05 23:30:00,-3.0719507,1.3523363
2018-12-06 00:00:00,2.686196,0.24899861
2018-12-06 00:30:00,-4.302873,-8.417811
2018-12-06 01:00:00,-2.3546226,-0.047941916
2018-12-06 01:30:00,0.41340822,1.1644589
2018-12-06 02:00:00,0.37922683,-2.9830782
2018-12-06 02:30:00,0.3031129,1.11481
2018-12-06 03:00:00,28.142605,2.6840072
2018-12-06 03:30:00,3.073639,5.043308
2018-12-06 04:00:00,22.535091,6.0360265
2018-12-06 04:30:00,3.931756,4.118576
2018-12-06 05:00:00,23.437859,1.4218262
2018-12-06 05:30:00,12.444796,1.9795378
2018-12-06 06:00:00,2.19125,4.143883
2018-12-06 06:30:00,0.8732859,1.6713245
2018-12-06 07:00:00,1.3968337,-0.6370735
2018-12-06 07:30:00,-1.6885777,-0.27146873
2018-12-06 08:00:00,31.927855,15.801346
2018-12-06 08:30:00,-4.3446093,7.5930505
2018-12-06 09:00:00,-8.034113,-6.721042
2018-12-06 09:30:00,3.4039524,-5.652249
2018-12-06 10:00:00,3.2567232,4.349976
2018-12-06 10:30:00,31.59019,6.72876
2018-12-06 11:00:00,-10.200336,-4.4409313
2018-12-06 11:30:00,3.310007,2.2107198
2018-12-06 12:00:00,-30.199503,1.4488201
2018-12-06 12:30:00,-9.609946,-14.566865
2018-12-06 13:00:00,-1.4522923,6.2466025
2018-12-06 13:30:00,4.0630417,-11.717088
2018-12-06 14:00:00,19.16344,2.387001
2018-12-06 14:30:00,-9.594269,-13.7800865
2018-12-06 15:00:00,-18.652313,-10.29685
2018-12-06 15:30:00,3.2484825,1.6604186
2018-12-06 16:00:00,-7.008978,-3.743654
2018-12-06 16:30:00,-0.5554629,2.0369248
2018-12-06 17:00:00,-6.1640606,-0.9691916
2018-12-06 17:30:00,-4.2891054,4.8791385
2018-12-06 18:00:00,-16.416225,-7.444597
2018-12-06 18:30:00,-1.9887078,-0.65771866
2018-12-06 19:00:00,0.27009818,0.13301003
2018-12-06 19:30:00,-29.7409,3.0144167
2018-12-06 20:00:00,-8.910966,3.5657842
2018-12-06 20:30:00,-1.4916252,0.28198716
2018-12-06 21:00:00,1.8663064,3.7219882
2018-12-06 21:30:00,5.638731,0.76443243
2018-12-06 22:00:00,-10.795598,5.5680175
2018-12-06 22:30:00,0.5031982,1.101418
2018-12-06 23:00:00,-0.7317834,2.8110938
2018-12-06 23:30:00,3.3000712,5.5286674
2018-12-07 00:00:00,-17.948454,-13.249615
2018-12-07 00:30:00,-18.184822,2.1545389
2018-12-07 01:00:00,-3.021275,2.9208822
2018-12-07 01:30:00,-2.3091202,1.8873185
2018-12-07 02:00:00,9.313576,9.925266
2018-12-07 02:30:00,-18.1655,-5.634959
2018-12-07 03:00:00,-17.306662,-5.024379
2018-12-07 03:30:00,-2.7101166,5.1465464
2018-12-07 04:00:00,6.481219,25.32133
2018-12-07 04:30:00,3.6950424,3.5229995
2018-12-07 05:00:00,-7.200538,-4.581288
2018-12-07 05:30:00,-7.7898884,-4.9692245
2018-12-07 06:00:00,-1.8132175,5.397211
2018-12-07 06:30:00,3.9030974,0.31808662
2018-12-07 07:00:00,4.2690606,3.4349048
2018-12-07 07:30:00,1.4352139,2.760226
2018-12-07 08:00:00,-1.547461,2.0473938
2018-12-07 08:30:00,0.2539884,-0.88711786
2018-12-07 09:00:00,-8.296593,-5.9360943
2018-12-07 09:30:00,3.6039023,11.105714
2018-12-07 10:00:00,-2.017196,2.3568614
2018-12-07 10:30:00,-3.1554751,2.863596
2018-12-07 11:00:00,0.98777574,0.75322944
2018-12-07 11:30:00,-18.846697,-15.916583
2018-12-07 12:00:00,12.207265,0.351215
2018-12-07 12:30:00,-23.125614,-12.853117
2018-12-07 13:00:00,-18.732529,-13.649517
2018-12-07 13:30:00,-9.955645,0.7714933
2018-12-07 14:00:00,3.2338932,7.707484
2018-12-07 14:30:00,1.1689374,3.9594183
2018-12-07 15:00:00,-23.822227,-0.39379725
2018-12-07 15:30:00,2.5952964,2.6895387
2018-12-07 16:00:00,-9.525325,3.0841079
2018-12-07 16:30:00,10.055018,-0.9569268
2018-12-07 17:00:00,2.1096394,0.9041116
2018-12-07 17:30:00,-1.1011108,-0.25392145
2018-12-07 18:00:00,11.489932,4.255358
2018-12-07 18:30:00,0.65772873,3.0949743
2018-12-07 19:00:00,36.75894,0.49313998
2018-12-07 19:30:00,-0.2549133,0.31616414
2018-12-07 20:00:00,0.1640848,5.883126
2018-12-07 20:30:00,5.177311,0.5077773
2018-12-07 21:00:00,-11.346873,-18.879711
2018-12-07 21:30:00,4.92035,5.6494184
2018-12-07 22:00:00,23.207834,1.9233263
2018-12-07 22:30:00,6.3694863,2.943546
2018-12-07 23:00:00,-14.715575,-8.576509
2018-12-07 23:30:00,-2.5180054,-3.447382
2018-12-08 00:00:00,4.392918,0.37686303
2018-12-08 00:30:00,28.66073,1.9148061
2018-12-08 01:00:00,-7.5835943,-5.55798
2018-12-08 01:30:00,4.6047697,8.898129
2018-12-08 02:00:00,1.2765675,4.349426
2018-12-08 02:30:00,1.2773365,3.1876307
2018-12-08 03:00:00,-5.193271,-0.8573801
2018-12-08 03:30:00,-18.74165,-7.404945
2018-12-08 04:00:00,17.54115,3.8551483
2018-12-08 04:30:00,-7.9013286,-9.020806
2018-12-08 05:00:00,-1.2510797,0.9010312
2018-12-08 05:30:00,0.16937608,2.8321104
2018-12-08 06:00:00,-25.76268,-14.265055
2018-12-08 06:30:00,32.170544,7.434863
2018-12-08 07:00:00,4.3400884,1.0573925
2018-12-08 07:30:00,-0.9919602,2.289604
2018-12-08 08:00:00,-21.360325,-13.460431
2018-12-08 08:30:00,-1.6985266,1.0873269
2018-12-08 09:00:00,-1.4759742,1.3080137
2018-12-08 09:30:00,-0.6295014,0.46140108
2018-12-08 10:00:00,0.9682929,3.7615657
2018-12-08 10:30:00,-5.8812327,1.84664
2018-12-08 11:00:00,-10.31355,2.2624617
2018-12-08 11:30:00,4.2884517,-1.7469608
2018-12-08 12:00:00,2.2752461,2.9832983
2018-12-08 12:30:00,-10.577472,-5.484632
2018-12-08 13:00:00,0.32565433,3.087446
2018-12-08 13:30:00,6.2049675,0.507218
2018-12-08 14:00:00,-16.97232,-10.73271
2018-12-08 14:30:00,-9.566427,-4.130843
2018-12-08 15:00:00,-18.449167,0.21171501
2018-12-08 15:30:00,0.38351318,2.8375895
2018-12-08 16:00:00,0.79121655,0.8690651
2018-12-08 16:30:00,0.5472281,2.5969567
2018-12-08 17:00:00,-3.8135548,-1.0584748
2018-12-08 17:30:00,2.0164194,0.20205876
2018-12-08 18:00:00,11.262906,3.4671419
2018-12-08 18:30:00,-17.670946,-15.770674
2018-12-08 19:00:00,-0.14879945,1.5204773
2018-12-08 19:30:00,14.434423,4.8700457
2018-12-08 20:00:00,14.4353895,-6.625131
2018-12-08 20:30:00,0.87485886,0.06466915
2018-12-08 21:00:00,-0.8913474,-0.16717254
2018-12-08 21:30:00,0.3866722,-0.3550368
2018-12-08 22:00:00,2.258634,-1.9867984
2018-12-08 22:30:00,3.2592573,3.1409616
2018-12-08 23:00:00,4.0455685,5.36341
2018-12-08 23:30:00,5.252228,3.8960714
2018-12-09 00:00:00,-2.7460413,0.91690505
2018-12-09 00:30:00,-3.3146589,-3.2066967
2018-12-09 01:00:00,4.0606604,5.616168
2018-12-09 01:30:00,-1.3353688,-10.352582
2018-12-09 02:00:00,0.75760317,1.9442773
2018-12-09 02:30:00,-2.1625247,3.6032906
2018-12-09 03:00:00,26.573967,2.338235
2018-12-09 03:30:00,1.3188889,0.43757942
2018-12-09 04:00:00,1.2712281,3.122405
2018-12-09 04:30:00,0.8609556,3.612239
2018-12-09 05:00:00,1.1845448,-2.3443635
2018-12-09 05:30:00,-32.028366,-18.604567
2018-12-09 06:00:00,-3.6295006,2.563033
2018-12-09 06:30:00,-4.593535,-0.29771978
2018-12-09 07:00:00,0.9510427,0.5527203
2018-12-09 07:30:00,-31.331291,3.5246687
2018-12-09 08:00:00,0.47530434,1.8812189
2018-12-09 08:30:00,0.7301943,2.4594579
2018-12-09 09:00:00,-41.142063,2.4411066
2018-12-09 09:30:00,-11.652732,-19.655138
2018-12-09 10:00:00,-3.1729,-5.6544204
2018-12-09 10:30:00,2.8843153,1.3576493
2018-12-09 11:00:00,0.09088957,-0.17659283
2018-12-09 11:30:00,15.744261,2.9257278
2018-12-09 12:00:00,-0.43708432,4.261519
2018-12-09 12:30:00,18.891113,3.281069
2018-12-09 13:00:00,-10.725282,-6.0762672
2018-12-09 13:30:00,-13.006188,-6.4270163
2018-12-09 14:00:00,5.1482067,5.41357
2018-12-09 14:30:00,1.854046,7.7008076
2018-12-09 15:00:00,-21.376194,-21.09809
2018-12-09 15:30:00,4.518978,2.5503314
2018-12-09 16:00:00,-17.526854,-8.763871
2018-12-09 16:30:00,12.894392,6.006704
2018-12-09 17:00:00,6.1355605,1.7628622
2018-12-09 17:30:00,-5.8642974,-18.59583
2018-12-09 18:00:00,1.766681,3.1032107
2018-12-09 18:30:00,-1.2776147,1.915776
2018-12-09 19:00:00,0.70719844,2.1588383
2018-12-09 19:30:00,4.2635813,2.0918474
2018-12-09 20:00:00,-0.6971039,1.5192714
2018-12-09 20:30:00,-6.675741,-4.3143296
2018-12-09 21:00:00,-34.539566,-22.45448
2018-12-09 21:30:00,-23.41984,-13.141457
2018-12-09 22:00:00,2.6541471,4.50511
2018-12-09 22:30:00,6.910262,4.870653
2018-12-09 23:00:00,1.857677,-0.5535273
2018-12-09 23:30:00,5.2807117,3.4267778
2018-12-10 00:00:00,25.451038,4.033601
2018-12-10 00:30:00,-21.019697,-17.022072
2018-12-10 01:00:00,-17.632582,-16.303299
2018-12-10 01:30:00,-5.6347847,-1.8771977
2018-12-10 02:00:00,13.302598,8.7929945
2018-12-10 02:30:00,0.55448556,2.604118
2018-12-10 03:00:00,-1.6701478,2.6892679
2018-12-10 03:30:00,2.2987883,3.3600667
2018-12-10 04:00:00,-23.652575,-15.666052
2018-12-10 04:30:00,2.266962,2.6717772
2018-12-10 05:00:00,-2.5947835,2.6241603
2018-12-10 05:30:00,-0.16088505,1.741767
2018-12-10 06:00:00,14.424195,14.222121
2018-12-10 06:30:00,-4.085944,-7.37356
2018-12-10 07:00:00,0.29705262,3.0796685
2018-12-10 07:30:00,2.3013139,0.78031504
2018-12-10 08:00:00,0.44657588,2.4128675
2018-12-10 08:30:00,6.2872815,7.1458745
2018-12-10 09:00:00,35.711277,3.5797703
2018-12-10 09:30:00,-11.486115,-4.0662775
2018-12-10 10:00:00,20.563461,8.162577
2018-12-10 10:30:00,0.36460704,2.111326
2018-12-10 11:00:00,5.462153,2.738318
2018-12-10 11:30:00,1.0690018,3.7711039
2018-12-10 12:00:00,-5.2568583,-2.4018989
2018-12-10 12:30:00,0.36159217,1.9776198
2018-12-10 13:00:00,5.045977,0.7187248
2018-12-10 13:30:00,-15.744525,1.8186238
2018-12-10 14:00:00,14.164171,2.3072736
2018-12-10 14:30:00,-3.3744316,8.309566
2018-12-10 15:00:00,-12.399636,2.7736137
2018-12-10 15:30:00,1.01584,1.2422725
2018-12-10 16:00:00,13.1112385,3.867094
2018-12-10 16:30:00,2.6519012,4.959709
2018-12-10 17:00:00,-2.5049717,2.6649086
2018-12-10 17:30:00,0.58944464,1.7772155
2018-12-10 18:00:00,-14.491075,-8.925127
2018-12-10 18:30:00,0.7179514,1.3036094
2018-12-10 19:00:00,-9.280624,-0.21112812
2018-12-10 19:30:00,-0.5958444,1.9882678
2018-12-10 20:00:00,-3.0545127,1.9234093
2018-12-10 20:30:00,13.66448,8.588146
2018-12-10 21:00:00,2.5707102,4.671005
2018-12-10 21:30:00,0.8204212,2.458147
2018-12-10 22:00:00,-16.093277,-15.192791
2018-12-10 22:30:00,3.154935,2.7627645
2018-12-10 23:00:00,-0.704357,0.34127912
2018-12-10 23:30:00,1.207829,1.0365027
2018-12-11 00:00:00,3.66849,10.318446
2018-12-11 00:30:00,1.2569753,3.0961933
2018-12-11 01:00:00,19.99764,0.7798912
2018-12-11 01:30:00,0.27274162,2.3760471
2018-12-11 02:00:00,2.320845,5.49498
2018-12-11 02:30:00,-0.10479143,2.152686
2018-12-11 03:00:00,-22.799278,-12.869467
2018-12-11 03:30:00,5.5588856,5.841049
2018-12-11 04:00:00,1.3077296,2.6112926
2018-12-11 04:30:00,12.644824,-0.09273642
2018-12-11 05:00:00,5.7844224,2.8946967
2018-12-11 05:30:00,1.8257632,1.849183
2018-12-11 06:00:00,-1.5016702,0.5386554
2018-12-11 06:30:00,-11.230295,8.932573
2018-12-11 07:00:00,1.4305999,-13.4680805
2018-12-11 07:30:00,3.8771653,-0.40316948
2018-12-11 08:00:00,-17.276709,-5.509616
2018-12-11 08:30:00,-0.34419647,0.23111053
2018-12-11 09:00:00,-11.060101,3.270006
2018-12-11 09:30:00,-14.769813,-9.089667
2018-12-11 10:00:00,-3.504913,-0.9478605
2018-12-11 10:30:00,-7.7369885,3.786663
2018-12-11 11:00:00,10.285427,4.535752
2018-12-11 11:30:00,-15.584612,-12.411245
2018-12-11 12:00:00,-1.1499645,1.4707717
2018-12-11 12:30:00,2.5948682,1.5965213
2018-12-11 13:00:00,3.3118904,2.1954358
2018-12-11 13:30:00,-14.664883,-25.466263
2018-12-11 14:00:00,2.0069947,-2.211815
2018-12-11 14:30:00,-12.392641,-13.682986
2018-12-11 15:00:00,-2.8712537,-7.0295486
2018-12-11 15:30:00,0.586054,2.7476902
2018-12-11 16:00:00,0.8071734,2.9207819
2018-12-11 16:30:00,-7.5935607,4.101763
2018-12-11 17:00:00,0.8668455,3.2248182
2018-12-11 17:30:00,2.533182,3.9317603
2018-12-11 18:00:00,3.5428581,4.995022
2018-12-11 18:30:00,5.063446,4.5752683
2018-12-11 19:00:00,1.1500531,4.471444
2018-12-11 19:30:00,1.6202118,3.2669735
2018-12-11 20:00:00,0.49142718,1.3306206
2018-12-11 20:30:00,-14.239326,-10.135207
2018-12-11 21:00:00,1.1625626,1.4953972
2018-12-11 21:30:00,7.903396,13.972855
2018-12-11 22:00:00,-7.849368,-5.1651063
2018-12-11 22:30:00,2.170548,1.8818088
2018-12-11 23:00:00,7.4472237,1.9961414
2018-12-11 23:30:00,-0.24918072,-0.2553983
2018-12-12 00:00:00,6.9183016,-1.5219703
2018-12-12 00:30:00,4.063072,2.4437456
2018-12-12 01:00:00,-15.973123,-15.35998
2018-12-12 01:30:00,-5.0189824,4.407739
2018-12-12 02:00:00,-1.9151149,3.7585464
2018-12-12 02:30:00,-5.160016,7.2736125
2018-12-12 03:00:00,15.729715,5.0068674
2018-12-12 03:30:00,4.5896215,5.790649
2018-12-12 04:00:00,2.3394582,3.6268938
2018-12-12 04:30:00,0.28171626,3.8311563
2018-12-12 05:00:00,-0.4030384,3.125966
2018-12-12 05:30:00,10.351522,7.2243657
2018-12-12 06:00:00,-10.5430765,-1.2700995
2018-12-12 06:30:00,-0.7211178,1.0239801
2018-12-12 07:00:00,3.738229,1.4559902
2018-12-12 07:30:00,-5.465874,2.407218
2018-12-12 08:00:00,2.1020718,-0.100522585
2018-12-12 08:30:00,5.884891,7.168167
2018-12-12 09:00:00,-0.5987718,-9.813947
2018-12-12 09:30:00,-15.318173,-4.105497
2018-12-12 10:00:00,-14.746854,2.4206932
2018-12-12 10:30:00,-8.716928,-3.3121946
2018-12-12 11:00:00,-0.88078666,2.435658
2018-12-12 11:30:00,-2.456118,3.119766
2018-12-12 12:00:00,0.30064422,0.94293755
2018-12-12 12:30:00,-6.684165,3.0327244
2018-12-12 13:00:00,0.8490535,1.9047959
2018-12-12 13:30:00,1.4089848,2.6356385
2018-12-12 14:00:00,-11.95977,4.118803
2018-12-12 14:30:00,2.9838402,4.748084
2018-12-12 15:00:00,-13.756955,-1.6042756
2018-12-12 15:30:00,1.3124923,-7.143641
2018-12-12 16:00:00,-2.4261007,-0.10379522
2018-12-12 16:30:00,13.628131,4.2516484
2018-12-12 17:00:00,-0.8954327,1.6728275
2018-12-12 17:30:00,-22.9812,-6.3065753
2018-12-12 18:00:00,0.60853434,1.4749225
2018-12-12 18:30:00,3.3111913,3.7233908
2018-12-12 19:00:00,4.0330286,4.6391087
2018-12-12 19:30:00,0.60995436,0.34969008
2018-12-12 20:00:00,1.4859289,4.1928983
2018-12-12 20:30:00,3.1266913,2.186968
2018-12-12 21:00:00,-2.6653047,-2.669744
2018-12-12 21:30:00,1.9069718,1.613553
2018-12-12 22:00:00,2.6264715,3.689917
2018-12-12 22:30:00,1.5603694,0.15243177
2018-12-12 23:00:00,2.023747,1.5460466
2018-12-12 23:30:00,-1.1012725,1.5404146
2018-12-13 00:00:00,-4.592312,-12.613371
2018-12-13 00:30:00,8.580242,4.3035607
2018-12-13 01:00:00,-14.199783,2.0800633
2018-12-13 01:30:00,4.346061,2.5499644
2018-12-13 02:00:00,-11.702171,-4.3300023
2018-12-13 02:30:00,-0.17665838,2.0573077
2018-12-13 03:00:00,-2.4257205,1.9838897
2018-12-13 03:30:00,-2.5837684,1.6495477
2018-12-13 04:00:00,-5.840821,-14.303885
2018-12-13 04:30:00,0.17294583,1.089079
2018-12-13 05:00:00,-7.0499883,2.4371219
2018-12-13 05:30:00,4.5502625,2.8293402
2018-12-13 06:00:00,0.6968344,2.5163379
2018-12-13 06:30:00,-0.8087406,-2.6793783
2018-12-13 07:00:00,-12.133687,-5.112351
2018-12-13 07:30:00,-12.845497,3.2050076
2018-12-13 08:00:00,-0.1610904,2.4571683
2018-12-13 08:30:00,6.64056,2.6819012
2018-12-13 09:00:00,-6.5955634,-3.2877045
2018-12-13 09:30:00,2.2480297,4.8575015
2018-12-13 10:00:00,-8.850507,-3.7226725
2018-12-13 10:30:00,3.8818712,2.4125617
2018-12-13 11:00:00,-8.154602,-3.357592
2018-12-13 11:30:00,0.46192104,-3.2806654
2018-12-13 12:00:00,0.9067507,1.1867119
2018-12-13 12:30:00,-5.0598707,-3.211219
2018-12-13 13:00:00,-6.143258,-0.29613808
2018-12-13 13:30:00,3.5986547,1.3418847
2018-12-13 14:00:00,3.2546957,2.9242468
2018-12-13 14:30:00,0.9502606,-0.29491466
2018-12-13 15:00:00,2.6346247,4.195782
2018-12-13 15:30:00,0.18438914,4.3161097
2018-12-13 16:00:00,-19.045546,-22.515234
2018-12-13 16:30:00,-0.7330461,-0.7025481
2018-12-13 17:00:00,-0.30051616,1.7766781
2018-12-13 17:30:00,10.893247,-16.405172
2018-12-13 18:00:00,-14.287013,-12.896719
2018-12-13 18:30:00,-0.45976993,0.88460684
2018-12-13 19:00:00,-26.0685,-23.791727
2018-12-13 19:30:00,0.83251995,-14.350504
2018-12-13 20:00:00,-11.013217,-4.8734965
2018-12-13 20:30:00,-28.432457,-14.612717
2018-12-13 21:00:00,-31.711481,-22.51072
2018-12-13 21:30:00,-32.388016,2.579204
2018-12-13 22:00:00,-7.90634,-20.460367
2018-12-13 22:30:00,3.237227,3.0045946
2018-12-13 23:00:00,3.7956116,3.0924795
2018-12-13 23:30:00,3.6101635,3.50623
2018-12-14 00:00:00,-21.767378,-11.626371
2018-12-14 00:30:00,5.7166057,4.5602946
2018-12-14 01:00:00,1.206457,1.2613097
2018-12-14 01:30:00,-3.3169746,-0.49994168
2018-12-14 02:00:00,1.9390166,6.0611634
2018-12-14 02:30:00,0.15691034,4.4093685
2018-12-14 03:00:00,-12.41755,-8.55385
2018-12-14 03:30:00,0.81839824,-0.04504067
2018-12-14 04:00:00,7.9429913,3.0396454
2018-12-14 04:30:00,-1.7696944,1.1933446
2018-12-14 05:00:00,3.6424792,5.796128
2018-12-14 05:30:00,-6.1691113,-3.2971072
2018-12-14 06:00:00,9.640792,0.05277143
2018-12-14 06:30:00,2.717179,3.501581
2018-12-14 07:00:00,-1.6472743,-1.2617016
2018-12-14 07:30:00,-12.691403,1.5988895
2018-12-14 08:00:00,20.831615,4.6338305
2018-12-14 08:30:00,-2.5159125,2.9229622
2018-12-14 09:00:00,-2.7909234,-2.797176
2018-12-14 09:30:00,-2.4589844,-2.732265
2018-12-14 10:00:00,-1.8762453,3.1320658
2018-12-14 10:30:00,0.7878434,2.9695785
2018-12-14 11:00:00,-27.227182,-20.257103
2018-12-14 11:30:00,1.7187493,4.7139945
2018-12-14 12:00:00,1.3823842,2.847202
2018-12-14 12:30:00,-0.01953682,1.1386973
2018-12-14 13:00:00,-1.9211621,1.2555248
2018-12-14 13:30:00,-0.08588092,1.5632488
2018-12-14 14:00:00,2.2111742,0.7827182
2018-12-14 14:30:00,-20.048807,-4.8494124
2018-12-14 15:00:00,-1.4980437,-2.2124794
2018-12-14 15:30:00,-15.513018,-9.622207
2018-12-14 16:00:00,-16.42195,-7.56977
2018-12-14 16:30:00,0.6460844,2.154211
2018-12-14 17:00:00,23.505816,-0.020432536
2018-12-14 17:30:00,1.1234657,2.444353
2018-12-14 18:00:00,-17.140635,3.4797125
2018-12-14 18:30:00,1.6940407,3.1933196
2018-12-14 19:00:00,-10.4223385,-4.992679
2018-12-14 19:30:00,-3.5216696,8.623324
2018-12-14 20:00:00,1.181023,13.025516
2018-12-14 20:30:00,4.8527956,2.643499
2018-12-14 21:00:00,2.3979464,4.7061996
2018-12-14 21:30:00,2.1923206,2.5682633
2018-12-14 22:00:00,-5.732789,0.010013044
2018-12-14 22:30:00,-3.5450106,2.0525932
2018-12-14 23:00:00,0.5896369,4.3388476
2018-12-14 23:30:00,-12.837934,-16.516169
2018-12-15 00:00:00,-16.46262,-14.518929
2018-12-15 00:30:00,1.6448375,2.2697496
2018-12-15 01:00:00,-13.278951,-8.808316
2018-12-15 01:30:00,0.74908733,4.3709054
2018-12-15 02:00:00,-9.3945465,-5.128819
2018-12-15 02:30:00,2.049408,7.726438
2018-12-15 03:00:00,1.3570857,3.2179234
2018-12-15 03:30:00,-12.538359,-2.9426486
2018-12-15 04:00:00,0.38251695,6.06434
2018-12-15 04:30:00,22.024067,9.633071
2018-12-15 05:00:00,-6.5774136,2.6217616
2018-12-15 05:30:00,-21.497509,-19.833609
2018-12-15 06:00:00,0.73474276,2.2185147
2018-12-15 06:30:00,1.144456,-0.72488415
2018-12-15 07:00:00,-2.174134,3.1953425
2018-12-15 07:30:00,-1.743946,1.1902511
2018-12-15 08:00:00,-0.15807119,1.5596877
2018-12-15 08:30:00,0.7294253,1.7283531
2018-12-15 09:00:00,-9.988393,0.9239659
2018-12-15 09:30:00,6.3705044,7.6080027
2018-12-15 10:00:00,14.812088,8.20572
2018-12-15 10:30:00,-1.4032902,-0.46356252
2018-12-15 11:00:00,4.65493,3.520107
2018-12-15 11:30:00,0.33146992,1.5937948
2018-12-15 12:00:00,0.8263985,2.2494366
2018-12-15 12:30:00,16.857094,2.8475952
2018-12-15 13:00:00,1.0637237,3.9257567
2018-12-15 13:30:00,-9.738418,2.4980478
2018-12-15 14:00:00,3.0021172,5.812281
2018-12-15 14:30:00,2.4154017,1.7251985
2018-12-15 15:00:00,-7.97209,3.2504137
2018-12-15 15:30:00,-0.06413907,0.7931696
2018-12-15 16:00:00,18.112999,11.824348
2018-12-15 16:30:00,0.91766965,2.4460266
2018-12-15 17:00:00,36.13575,1.8612205
2018-12-15 17:30:00,-3.5181437,-0.35456055
2018-12-15 18:00:00,4.722458,9.317294
2018-12-15 18:30:00,2.6942751,1.970323
2018-12-15 19:00:00,2.706684,3.7342224
2018-12-15 19:30:00,0.73684007,-1.2750543
2018-12-15 20:00:00,-10.85,-4.190651
2018-12-15 20:30:00,0.49503627,-1.1940379
2018-12-15 21:00:00,0.29735848,6.7948766
2018-12-15 21:30:00,-20.85918,-9.126327
2018-12-15 22:00:00,0.38485894,6.0585723
2018-12-15 22:30:00,0.51440555,0.548635
2018-12-15 23:00:00,1.4036934,2.5177798
2018-12-15 23:30:00,-21.708834,-10.067556
2018-12-16 00:00:00,-19.341555,4.875031
2018-12-16 00:30:00,-2.6141398,5.1102676
2018-12-16 01:00:00,3.2757385,-3.4274535
2018-12-16 01:30:00,-19.032648,-11.30747
2018-12-16 02:00:00,2.766579,0.10990932
2018-12-16 02:30:00,-9.651651,-4.27903
2018-12-16 03:00:00,10.965991,7.482393
2018-12-16 03:30:00,-7.654242,-7.4179745
2018-12-16 04:00:00,2.2419343,2.293187
2018-12-16 04:30:00,-11.654602,-10.164823
2018-12-16 05:00:00,1.7811741,3.128579
2018-12-16 05:30:00,1.1499046,0.40279946
2018-12-16 06:00:00,-6.783642,-1.2289578
2018-12-16 06:30:00,2.8987691,4.451625
2018-12-16 07:00:00,-12.254601,-10.411987
2018-12-16 07:30:00,5.355152,2.5593498
2018-12-16 08:00:00,0.25137118,0.67447644
2018-12-16 08:30:00,13.642515,2.4967022
2018-12-16 09:00:00,-1.6431016,0.554905
2018-12-16 09:30:00,-12.930983,0.31901294
2018-12-16 10:00:00,1.7643871,2.703276
2018-12-16 10:30:00,5.073255,9.2350855
2018-12-16 11:00:00,0.027748205,0.55418843
2018-12-16 11:30:00,-2.6061394,-11.188131
2018-12-16 12:00:00,2.4456594,2.4511693
2018-12-16 12:30:00,-15.926203,7.2960443
2018-12-16 13:00:00,0.7547937,1.5445698
2018-12-16 13:30:00,0.6462199,5.2274184
2018-12-16 14:00:00,-16.071985,-9.3545885
2018-12-16 14:30:00,0.8621703,2.3702316
2018-12-16 15:00:00,0.113037765,2.2382817
2018-12-16 15:30:00,4.8104653,2.162753
2018-12-16 16:00:00,1.4958167,4.160932
2018-12-16 16:30:00,2.7059238,-0.70908463
2018-12-16 17:00:00,-11.095086,5.070712
2018-12-16 17:30:00,1.4501483,1.4747914
2018-12-16 18:00:00,7.0233583,7.269125
2018-12-16 18:30:00,6.601756,4.8604727
2018-12-16 19:00:00,-7.4319606,2.631776
2018-12-16 19:30:00,1.0486189,-0.058113746
2018-12-16 20:00:00,-16.126387,-7.345985
2018-12-16 20:30:00,15.502172,2.2491045
2018-12-16 21:00:00,-0.59351116,0.3852915
2018-12-16 21:30:00,-11.098988,-3.4079924
2018-12-16 22:00:00,0.70839566,3.1748765
2018-12-16 22:30:00,0.9459874,1.9777814
2018-12-16 23:00:00,9.357672,3.8731587
2018-12-16 23:30:00,31.780127,19.250032
2018-12-17 00:00:00,3.3419952,2.4487617
2018-12-17 00:30:00,-3.0641644,1.348264
2018-12-17 01:00:00,-4.011818,0.50136745
2018-12-17 01:30:00,0.38202322,2.1468139
2018-12-17 02:00:00,5.3230023,0.073049545
2018-12-17 02:30:00,0.746505,2.1648593
2018-12-17 03:00:00,27.476639,5.7350926
2018-12-17 03:30:00,14.661136,2.8465817
2018-12-17 04:00:00,-5.483356,-0.35209623
2018-12-17 04:30:00,14.019747,6.5892115
2018-12-17 05:00:00,6.5395103,4.799022
2018-12-17 05:30:00,-1.1326225,2.5168054
2018-12-17 06:00:00,4.3591914,3.1346612
2018-12-17 06:30:00,61.82755,1.3007692
2018-12-17 07:00:00,17.797646,3.01183
2018-12-17 07:30:00,4.185816,3.2248924
2018-12-17 08:00:00,0.16910955,3.859439
2018-12-17 08:30:00,1.8834997,-0.0039338977
2018-12-17 09:00:00,-3.1006136,-5.5018954
2018-12-17 09:30:00,2.9124975,-1.0398788
2018-12-17 10:00:00,-1.567975,4.478452
2018-12-17 10:30:00,5.1147375,3.114916
2018-12-17 11:00:00,3.5702584,2.817849
2018-12-17 11:30:00,-6.008669,6.047588
2018-12-17 12:00:00,2.731314,-0.6307642
2018-12-17 12:30:00,8.8825445,10.984928
2018-12-17 13:00:00,22.625708,9.308141
2018-12-17 13:30:00,-1.6623921,-1.4310836
2018-12-17 14:00:00,1.8344495,3.2408273
2018-12-17 14:30:00,0.15648653,0.997515
2018-12-17 15:00:00,0.57792705,-0.17288764
2018-12-17 15:30:00,0.37165478,3.0413494
2018-12-17 16:00:00,-16.174877,2.4554555
2018-12-17 16:30:00,4.832373,0.69984484
2018-12-17 17:00:00,0.61113846,2.1684682
2018-12-17 17:30:00,-33.17802,-18.836863
2018-12-17 18:00:00,17.976624,1.4448789
2018-12-17 18:30:00,0.06280344,1.2418705
2018-12-17 19:00:00,23.130953,-0.5436526
2018-12-17 19:30:00,-27.481188,-19.27677
2018-12-17 20:00:00,-1.3463707,1.2940142
2018-12-17 20:30:00,8.993211,-3.022293
2018-12-17 21:00:00,0.86385685,2.609995
2018-12-17 21:30:00,7.978274,4.241136
2018-12-17 22:00:00,-11.242547,-24.105257
2018-12-17 22:30:00,-2.2473161,0.022212248
2018-12-17 23:00:00,4.4278994,8.08157
2018-12-17 23:30:00,-3.9353502,-2.4285083
2018-12-18 00:00:00,4.120848,12.796296
2018-12-18 00:30:00,-0.33344787,1.3087914
2018-12-18 01:00:00,10.324148,1.4766353
2018-12-18 01:30:00,-0.55411714,-0.25462928
2018-12-18 02:00:00,-1.7104594,-6.0127416
2018-12-18 02:30:00,-6.5957866,-3.5069842
2018-12-18 03:00:00,-13.506041,-0.22328363
2018-12-18 03:30:00,5.171408,4.624432
2018-12-18 04:00:00,0.7746174,-1.6586913
2018-12-18 04:30:00,-2.0628948,3.233723
2018-12-18 05:00:00,-14.936499,0.28770223
2018-12-18 05:30:00,3.0755308,1.829416
2018-12-18 06:00:00,-11.18405,-1.1265578
2018-12-18 06:30:00,-3.2610602,0.08954381
2018-12-18 07:00:00,0.6975859,2.4414737
2018-12-18 07:30:00,-14.874191,-6.077128
2018-12-18 08:00:00,-3.96258,2.1319754
2018-12-18 08:30:00,0.56117064,2.091345
2018-12-18 09:00:00,-2.6222055,-0.46462867
2018-12-18 09:30:00,8.938419,10.25028
2018-12-18 10:00:00,0.732178,0.8366227
2018-12-18 10:30:00,-29.148098,1.0280523
2018-12-18 11:00:00,0.42538896,2.1972404
2018-12-18 11:30:00,1.6633198,1.9945073
2018-12-18 12:00:00,-9.331645,-2.7735114
2018-12-18 12:30:00,3.7425022,3.010729
2018-12-18 13:00:00,29.623035,-0.13597544
2018-12-18 13:30:00,-1.8750918,2.5681672
2018-12-18 14:00:00,5.559104,7.689718
2018-12-18 14:30:00,2.8929842,2.1847222
2018-12-18 15:00:00,-0.15873533,0.34215298
2018-12-18 15:30:00,1.5757276,1.1840248
2018-12-18 16:00:00,-4.7858214,5.859763
2018-12-18 16:30:00,2.8488755,4.2971945
2018-12-18 17:00:00,3.0612605,3.4786944
2018-12-18 17:30:00,9.445211,9.7706175
2018-12-18 18:00:00,2.1375465,2.558231
2018-12-18 18:30:00,-10.125577,-8.596736
2018-12-18 19:00:00,7.8895106,4.8203793
2018-12-18 19:30:00,-1.1288911,4.3752313
2018-12-18 20:00:00,1.0470678,3.4965737
2018-12-18 20:30:00,0.858819,2.7362208
2018-12-18 21:00:00,4.9310503,8.351433
2018-12-18 21:30:00,-0.080331855,3.7512977
2018-12-18 22:00:00,-1.9669877,-4.2475224
2018-12-18 22:30:00,1.3299084,2.5696964
2018-12-18 23:00:00,0.65349483,1.1843961
2018-12-18 23:30:00,3.410537,2.895553
2018-12-19 00:00:00,-37.269836,-5.882871
2018-12-19 00:30:00,0.37921375,2.3063736
2018-12-19 01:00:00,5.19242,6.0453815
2018-12-19 01:30:00,-3.526712,-0.17366974
2018-12-19 02:00:00,-8.517498,-2.9983492
2018-12-19 02:30:00,-19.45011,-22.349934
2018-12-19 03:00:00,2.5454946,2.5668738
2018-12-19 03:30:00,-21.577297,-14.491435
2018-12-19 04:00:00,0.6148655,12.093553
2018-12-19 04:30:00,-14.838625,-9.121542
2018-12-19 05:00:00,2.7756279,2.3547335
2018-12-19 05:30:00,5.479678,7.5451803
2018-12-19 06:00:00,5.245324,6.259125
2018-12-19 06:30:00,-3.131767,-1.62593
2018-12-19 07:00:00,-32.27398,-24.400158
2018-12-19 07:30:00,21.225351,0.104211695
2018-12-19 08:00:00,-15.154465,-10.544243
2018-12-19 08:30:00,1.546606,5.050749
2018-12-19 09:00:00,0.43988642,0.5752967
2018-12-19 09:30:00,-6.74839,0.98051393
2018-12-19 10:00:00,1.9594345,-0.08113582
2018-12-19 10:30:00,0.3959527,1.138553
2018-12-19 11:00:00,2.8350246,1.4862348
2018-12-19 11:30:00,7.157698,2.380032
2018-12-19 12:00:00,3.2214582,2.60258
2018-12-19 12:30:00,6.1984787,5.620808
2018-12-19 13:00:00,0.41400683,5.2218347
2018-12-19 13:30:00,2.4876008,1.6206226
2018-12-19 14:00:00,2.199307,6.745062
2018-12-19 14:30:00,1.8250204,3.043377
2018-12-19 15:00:00,14.53214,-0.10185087
2018-12-19 15:30:00,3.317317,-1.2819841
2018-12-19 16:00:00,-3.2981865,3.4634411
2018-12-19 16:30:00,2.0136144,1.4391813
2018-12-19 17:00:00,-14.9566145,-8.862649
2018-12-19 17:30:00,0.9802081,1.8523681
2018-12-19 18:00:00,-10.013769,-8.857227
2018-12-19 18:30:00,-0.30012292,0.029238151
2018-12-19 19:00:00,-19.622494,-12.172334
2018-12-19 19:30:00,-21.534616,-2.264151
2018-12-19 20:00:00,-17.89331,-5.566295
2018-12-19 20:30:00,-32.76444,-21.617338
2018-12-19 21:00:00,22.889637,1.7399406
2018-12-19 21:30:00,-0.5639569,-1.0478747
2018-12-19 22:00:00,0.34386575,2.0935123
2018-12-19 22:30:00,6.407071,3.2071223
2018-12-19 23:00:00,2.939902,4.5461683
2018-12-19 23:30:00,0.92485726,1.6786038
2018-12-20 00:00:00,-27.509914,-14.163706
2018-12-20 00:30:00,-0.6642945,-0.7949422
2018-12-20 01:00:00,-38.816,-9.164916
2018-12-20 01:30:00,-3.8281834,-6.103156
2018-12-20 02:00:00,-12.92501,-6.053267
2018-12-20 02:30:00,-1.0896543,5.186002
2018-12-20 03:00:00,-6.6464705,-1.4232143
2018-12-20 03:30:00,-1.6763828,2.1278422
2018-12-20 04:00:00,2.27976,4.7509985
2018-12-20 04:30:00,-10.293228,-2.655819
2018-12-20 05:00:00,1.8224906,1.1513945
2018-12-20 05:30:00,-14.812354,-11.139596
2018-12-20 06:00:00,-14.640575,-10.941643
2018-12-20 06:30:00,4.8326354,2.3913965
2018-12-20 07:00:00,-23.612871,0.52957153
2018-12-20 07:30:00,4.765601,2.9651043
2018-12-20 08:00:00,1.9180655,2.7421544
2018-12-20 08:30:00,36.07665,10.863727
2018-12-20 09:00:00,2.9948466,1.4493313
2018-12-20 09:30:00,2.2704444,0.69287574
2018-12-20 10:00:00,9.669952,4.0638103
2018-12-20 10:30:00,3.389918,4.9638247
2018-12-20 11:00:00,4.2776723,5.045383
2018-12-20 11:30:00,-1.7563854,-0.47810808
2018-12-20 12:00:00,11.857,-1.1854827
2018-12-20 12:30:00,4.4028015,4.779308
2018-12-20 13:00:00,-4.466802,2.5785487
2018-12-20 13:30:00,2.0365229,2.250979
2018-12-20 14:00:00,1.854649,2.8080702
2018-12-20 14:30:00,1.0484484,-0.72519875
2018-12-20 15:00:00,-0.7662138,5.075243
2018-12-20 15:30:00,-7.161101,-9.434749
2018-12-20 16:00:00,1.6900734,-6.2919774
2018-12-20 16:30:00,-3.3569016,0.8371558
2018-12-20 17:00:00,-0.7601273,-0.3976379
2018-12-20 17:30:00,-10.2479925,-5.9972215
2018-12-20 18:00:00,-12.597856,-8.6716175
2018-12-20 18:30:00,14.861269,2.0610874
2018-12-20 19:00:00,-22.406452,-8.678202
2018-12-20 19:30:00,-6.5821757,-5.7937584
2018-12-20 20:00:00,-5.4743595,-1.4842671
2018-12-20 20:30:00,2.02383,0.61684483
2018-12-20 21:00:00,7.3466763,2.9624348
2018-12-20 21:30:00,-2.5482063,0.2641646
2018-12-20 22:00:00,-0.4852432,-0.7833023
2018-12-20 22:30:00,14.037975,4.716507
2018-12-20 23:00:00,-13.994134,-6.80444
2018-12-20 23:30:00,-12.270487,-14.8215885
2018-12-21 00:00:00,31.674608,19.683977
2018-12-21 00:30:00,9.425239,-5.038448
2018-12-21 01:00:00,2.357438,1.874748
2018-12-21 01:30:00,5.253862,3.415243
2018-12-21 02:00:00,-25.478193,-13.239642
2018-12-21 02:30:00,2.4292789,1.4527525
2018-12-21 03:00:00,1.7038586,1.9724289
2018-12-21 03:30:00,1.4368131,2.6091733
2018-12-21 04:00:00,1.3121864,-1.6484889
2018-12-21 04:30:00,2.1638062,5.8885612
2018-12-21 05:00:00,-23.94946,-0.3339853
2018-12-21 05:30:00,3.185507,0.53949
2018-12-21 06:00:00,2.2031083,4.387771
2018-12-21 06:30:00,0.42787948,0.73791057
2018-12-21 07:00:00,4.8203006,7.28558
2018-12-21 07:30:00,7.081698,-1.6127695
2018-12-21 08:00:00,10.027596,13.2585945
2018-12-21 08:30:00,-30.956562,-0.56490505
2018-12-21 09:00:00,-24.810286,-8.782712
2018-12-21 09:30:00,-0.45746294,0.1263599
2018-12-21 10:00:00,-21.767864,-12.43955
2018-12-21 10:30:00,-0.7966812,0.714386
2018-12-21 11:00:00,2.3917594,3.9031148
2018-12-21 11:30:00,-7.1304626,3.943846
2018-12-21 12:00:00,10.637107,2.7361684
2018-12-21 12:30:00,1.491845,3.2403555
2018-12-21 13:00:00,-0.6447286,3.2644787
2018-12-21 13:30:00,2.0030012,1.3343258
2018-12-21 14:00:00,41.80089,-17.796299
2018-12-21 14:30:00,1.2153311,-0.42388454
2018-12-21 15:00:00,7.3266563,5.955867
2018-12-21 15:30:00,-17.73975,-12.748104
2018-12-21 16:00:00,14.888141,-9.599434
2018-12-21 16:30:00,-12.58179,-7.0699606
2018-12-21 17:00:00,-3.0869944,3.203688
2018-12-21 17:30:00,-18.213217,3.3410602
2018-12-21 18:00:00,1.1317936,2.5548143
2018-12-21 18:30:00,7.9417286,3.491846
2018-12-21 19:00:00,-3.5434728,-0.1728352
2018-12-21 19:30:00,-1.3071603,1.0456609
2018-12-21 20:00:00,14.358961,1.7721776
2018-12-21 20:30:00,3.0979936,-0.049226504
2018-12-21 21:00:00,1.2044908,-2.3537312
2018-12-21 21:30:00,-0.7220528,0.41256493
2018-12-21 22:00:00,0.7588397,0.4464055
2018-12-21 22:30:00,-3.1937418,1.7807109
2018-12-21 23:00:00,-14.875939,2.5155077
2018-12-21 23:30:00,19.352371,2.2149012
2018-12-22 00:00:00,-16.651995,-13.390603
2018-12-22 00:30:00,0.2561687,1.2997993
2018-12-22 01:00:00,-4.087329,-2.3270783
2018-12-22 01:30:00,2.0734262,1.9111664
2018-12-22 02:00:00,1.1828845,1.7477093
2018-12-22 02:30:00,-8.613592,-2.436906
2018-12-22 03:00:00,0.60811925,2.840718
2018-12-22 03:30:00,0.64937896,3.385361
2018-12-22 04:00:00,-9.583726,0.8685364
2018-12-22 04:30:00,-7.1578326,2.7385104
2018-12-22 05:00:00,1.5860698,2.4710193
2018-12-22 05:30:00,-4.4817147,2.0899293
2018-12-22 06:00:00,-6.5325446,-1.2505074
2018-12-22 06:30:00,-6.5227833,-3.432994
2018-12-22 07:00:00,3.640395,2.7524617
2018-12-22 07:30:00,-3.6429713,-3.7872384
2018-12-22 08:00:00,-0.0421438,-1.3948661
2018-12-22 08:30:00,-1.1476749,2.8228562
2018-12-22 09:00:00,-6.04469,3.4004745
2018-12-22 09:30:00,3.728149,4.2566123
2018-12-22 10:00:00,-0.60553557,-2.0513422
2018-12-22 10:30:00,2.8015773,5.170381
2018-12-22 11:00:00,-27.426207,-16.593174
2018-12-22 11:30:00,-1.6555542,2.3563676
2018-12-22 12:00:00,0.9013152,3.6017964
2018-12-22 12:30:00,10.288499,3.7923565
2018-12-22 13:00:00,-1.8064319,-0.6431862
2018-12-22 13:30:00,-0.3588993,1.8652927
2018-12-22 14:00:00,-24.214672,-16.782148
2018-12-22 14:30:00,-1.516596,-7.6783786
2018-12-22 15:00:00,15.094968,10.699518
2018-12-22 15:30:00,-18.329731,-10.779069
2018-12-22 16:00:00,2.9625397,0.70322233
2018-12-22 16:30:00,1.8317361,3.073001
2018-12-22 17:00:00,-3.772151,-2.2387915
2018-12-22 17:30:00,5.804766,7.5689845
2018-12-22 18:00:00,-17.068829,-15.963558
2018-12-22 18:30:00,-31.726988,5.1170926
2018-12-22 19:00:00,-7.3087497,-16.797121
2018-12-22 19:30:00,-10.396782,1.9911253
2018-12-22 20:00:00,3.1295402,-1.6941005
2018-12-22 20:30:00,-12.403106,-8.790756
2018-12-22 21:00:00,5.345583,8.669237
2018-12-22 21:30:00,-12.591035,-9.207691
2018-12-22 22:00:00,6.900409,5.620869
2018-12-22 22:30:00,0.477974,1.9202372
2018-12-22 23:00:00,-21.8902,-13.752873
2018-12-22 23:30:00,-22.62024,-5.546576
2018-12-23 00:00:00,-21.240356,-19.284447
2018-12-23 00:30:00,-14.247525,-1.7616811
2018-12-23 01:00:00,-0.8756571,1.6890291
2018-12-23 01:30:00,0.6052005,3.51198
2018-12-23 02:00:00,-5.6845818,0.10979572
2018-12-23 02:30:00,-0.53440267,2.6561131
2018-12-23 03:00:00,-5.4615226,1.4395264
2018-12-23 03:30:00,0.5917036,1.0818652
2018-12-23 04:00:00,-2.732265,-19.949429
2018-12-23 04:30:00,0.61563015,13.7517
2018-12-23 05:00:00,-7.7951536,4.8072495
2018-12-23 05:30:00,-0.90132695,3.3273492
2018-12-23 06:00:00,2.031533,2.917968
2018-12-23 06:30:00,-3.1250296,-0.86638534
2018-12-23 07:00:00,0.48329586,-0.92562926
2018-12-23 07:30:00,-6.5212717,0.24829951
2018-12-23 08:00:00,2.5450532,3.3517869
2018-12-23 08:30:00,0.7552743,3.0551827
2018-12-23 09:00:00,1.0289525,-6.08082
2018-12-23 09:30:00,48.936596,19.04874
2018-12-23 10:00:00,13.640794,2.5968125
2018-12-23 10:30:00,0.82666063,3.9782763
2018-12-23 11:00:00,7.532662,3.5529382
2018-12-23 11:30:00,0.42574286,3.0309896
2018-12-23 12:00:00,-8.313043,0.22520317
2018-12-23 12:30:00,-5.031544,0.5050945
2018-12-23 13:00:00,0.14658558,1.0973239
2018-12-23 13:30:00,9.495489,2.3955214
2018-12-23 14:00:00,1.38567,3.1209152
2018-12-23 14:30:00,4.04213,5.3399467
2018-12-23 15:00:00,-9.749678,1.3059338
2018-12-23 15:30:00,-31.578205,5.5265393
2018-12-23 16:00:00,-3.4583447,2.3950188
2018-12-23 16:30:00,0.5484384,0.8847729
2018-12-23 17:00:00,4.913324,7.7177777
2018-12-23 17:30:00,-4.885215,1.6676848
2018-12-23 18:00:00,6.2231526,4.731197
2018-12-23 18:30:00,18.165321,6.591597
2018-12-23 19:00:00,-5.963857,-0.45175657
2018-12-23 19:30:00,-1.8164726,-1.1519699
2018-12-23 20:00:00,-2.5332675,-0.98978865
2018-12-23 20:30:00,2.0386376,5.2678876
2018-12-23 21:00:00,-10.874683,2.717179
2018-12-23 21:30:00,-8.115544,4.5307274
2018-12-23 22:00:00,3.2362702,2.655956
2018-12-23 22:30:00,8.475168,0.7198302
2018-12-23 23:00:00,8.894809,4.3306465
2018-12-23 23:30:00,10.789186,1.3609526
2018-12-24 00:00:00,-20.094624,2.8840094
2018-12-24 00:30:00,-0.087113075,2.4601483
2018-12-24 01:00:00,4.8796844,3.03809
2018-12-24 01:30:00,4.616969,1.5568302
2018-12-24 02:00:00,4.2602825,-8.377456
2018-12-24 02:30:00,6.390476,3.2562163
2018-12-24 03:00:00,-1.360641,0.9191596
2018-12-24 03:30:00,3.6508596,25.28732
2018-12-24 04:00:00,2.4056625,2.232488
2018-12-24 04:30:00,0.70929134,2.3998644
2018-12-24 05:00:00,0.23372339,1.2897673
2018-12-24 05:30:00,-1.7017686,-2.2073803
2018-12-24 06:00:00,2.387604,5.113667
2018-12-24 06:30:00,3.71231,5.9094296
2018-12-24 07:00:00,2.9083424,2.6693087
2018-12-24 07:30:00,4.4750967,4.7403507
2018-12-24 08:00:00,1.4349431,1.7316214
2018-12-24 08:30:00,-1.4048675,2.7810328
2018-12-24 09:00:00,3.977267,0.81057274
2018-12-24 09:30:00,-9.2506075,-7.145336
2018-12-24 10:00:00,2.50226,1.6458949
2018-12-24 10:30:00,-0.2998826,2.6964772
2018-12-24 11:00:00,-2.1090658,-1.2707243
2018-12-24 11:30:00,0.6751799,-5.72246
2018-12-24 12:00:00,-12.434302,-7.243118
2018-12-24 12:30:00,9.225721,2.5540717
2018-12-24 13:00:00,-1.2935629,3.521505
2018-12-24 13:30:00,-4.911186,3.1835628
2018-12-24 14:00:00,-10.5388775,1.8416852
2018-12-24 14:30:00,-8.822015,-9.693309
2018-12-24 15:00:00,3.2946315,1.7037755
2018-12-24 15:30:00,2.1953878,2.5381017
2018-12-24 16:00:00,3.4138708,10.399139
2018-12-24 16:30:00,3.5213785,4.897472
2018-12-24 17:00:00,1.4625354,4.629937
2018-12-24 17:30:00,2.927917,4.698562
2018-12-24 18:00:00,3.5584612,2.0358937
2018-12-24 18:30:00,-0.07010322,-0.60775083
2018-12-24 19:00:00,0.7596218,2.8509815
2018-12-24 19:30:00,18.611902,-4.9120994
2018-12-24 20:00:00,-20.427803,-17.565592
2018-12-24 20:30:00,0.42194155,2.0446498
2018-12-24 21:00:00,4.163222,2.7800102
2018-12-24 21:30:00,0.009479985,1.3964055
2018-12-24 22:00:00,-5.7513146,0.35907108
2018-12-24 22:30:00,1.575081,3.2552245
2018-12-24 23:00:00,-0.23493667,0.5372922
2018-12-24 23:30:00,-3.2147102,0.801065
2018-12-25 00:00:00,1.8439004,2.0640671
2018-12-25 00:30:00,11.281554,3.2413125
2018-12-25 01:00:00,26.73622,2.7422416
2018-12-25 01:30:00,2.5519133,0.1664093
2018-12-25 02:00:00,-4.6818175,-3.7113123
2018-12-25 02:30:00,4.867424,1.2755232
2018-12-25 03:00:00,10.447412,11.07242
2018-12-25 03:30:00,2.3107648,3.0089114
2018-12-25 04:00:00,-23.151966,-12.077515
2018-12-25 04:30:00,-7.1485605,-4.6983905
2018-12-25 05:00:00,18.44761,5.5238786
2018-12-25 05:30:00,25.925907,1.5390426
2018-12-25 06:00:00,0.62180835,2.189572
2018-12-25 06:30:00,3.917595,9.094042
2018-12-25 07:00:00,-13.674099,-30.096075
2018-12-25 07:30:00,-13.986317,-7.6357336
2018-12-25 08:00:00,14.291092,1.2826539
2018-12-25 08:30:00,1.8912597,-0.742615
2018-12-25 09:00:00,1.2320045,2.7869751
2018-12-25 09:30:00,1.3008305,1.367476
2018-12-25 10:00:00,-0.4622954,-0.21910217
2018-12-25 10:30:00,-15.998561,5.4138846
2018-12-25 11:00:00,15.9206295,4.511895
2018-12-25 11:30:00,5.798505,6.0327015
2018-12-25 12:00:00,0.42748624,-0.13206924
2018-12-25 12:30:00,-6.178702,5.562792
2018-12-25 13:00:00,-27.879913,-16.273722
2018-12-25 13:30:00,-2.5945039,-0.104874454
2018-12-25 14:00:00,-30.421795,-14.249509
2018-12-25 14:30:00,-0.6700751,1.5241082
2018-12-25 15:00:00,-27.675476,-16.396557
2018-12-25 15:30:00,0.7290277,-0.26779413
2018-12-25 16:00:00,-14.790566,-0.54094356
2018-12-25 16:30:00,2.5444329,5.9717274
2018-12-25 17:00:00,-3.754621,-0.44910002
2018-12-25 17:30:00,11.270404,2.6080766
2018-12-25 18:00:00,-0.53035665,2.9391854
2018-12-25 18:30:00,-20.078234,-14.966402
2018-12-25 19:00:00,5.085485,10.307645
2018-12-25 19:30:00,2.0406694,1.3235947
2018-12-25 20:00:00,5.520121,4.2957964
2018-12-25 20:30:00,1.5189611,6.6017823
2018-12-25 21:00:00,3.6210082,2.1213887
2018-12-25 21:30:00,-0.7824546,0.23018423
2018-12-25 22:00:00,1.5297097,3.6510563
2018-12-25 22:30:00,-28.386118,-11.847766
2018-12-25 23:00:00,-0.6218463,-1.7061293
2018-12-25 23:30:00,-36.61671,-19.470177
2018-12-26 00:00:00,0.56852424,3.8176856
2018-12-26 00:30:00,0.5651424,-1.6607275
2018-12-26 01:00:00,3.999022,2.436615
2018-12-26 01:30:00,-19.716475,-10.963342
2018-12-26 02:00:00,1.5371726,3.5366626
2018-12-26 02:30:00,1.9315581,1.5931438
2018-12-26 03:00:00,-1.192028,0.9706348
2018-12-26 03:30:00,-5.899383,1.115247
2018-12-26 04:00:00,-20.8845,-10.902065
2018-12-26 04:30:00,12.03101,1.9256989
2018-12-26 05:00:00,3.8081384,3.2630236
2018-12-26 05:30:00,-22.21473,1.7843157
2018-12-26 06:00:00,2.5331862,4.2135477
2018-12-26 06:30:00,0.6366117,1.4056903
2018-12-26 07:00:00,-13.034436,-9.466165
2018-12-26 07:30:00,2.0967805,2.4324596
2018-12-26 08:00:00,10.193186,2.6480212
2018-12-26 08:30:00,0.41277903,1.9605268
2018-12-26 09:00:00,-4.620271,1.9331049
2018-12-26 09:30:00,-0.74954474,-1.9666513
2018-12-26 10:00:00,-8.714328,-7.662072
2018-12-26 10:30:00,-0.58950007,2.322584
2018-12-26 11:00:00,0.68600273,2.4770138
2018-12-26 11:30:00,28.10806,3.353303
2018-12-26 12:00:00,-5.579285,10.782387
2018-12-26 12:30:00,5.1232796,3.4831686
2018-12-26 13:00:00,-6.160626,-6.309324
2018-12-26 13:30:00,7.227376,2.3397074
2018-12-26 14:00:00,-1.2674603,4.314925
2018-12-26 14:30:00,5.1478047,6.4350176
2018-12-26 15:00:00,-16.027195,2.8041816
2018-12-26 15:30:00,0.85322624,2.9833682
2018-12-26 16:00:00,1.586096,4.4761543
2018-12-26 16:30:00,3.974086,3.6228871
2018-12-26 17:00:00,2.8483906,3.178726
2018-12-26 17:30:00,-10.995963,-5.425104
2018-12-26 18:00:00,8.684141,1.9162217
2018-12-26 18:30:00,1.3486879,3.1661203
2018-12-26 19:00:00,4.859105,4.541677
2018-12-26 19:30:00,4.5750194,6.945195
2018-12-26 20:00:00,3.2000527,6.549835
2018-12-26 20:30:00,5.3180823,0.057927255
2018-12-26 21:00:00,5.2773995,9.825549
2018-12-26 21:30:00,-8.611053,-2.8943675
2018-12-26 22:00:00,6.098517,-5.478681
2018-12-26 22:30:00,-2.0184455,0.57915485
2018-12-26 23:00:00,0.79286814,0.29479367
2018-12-26 23:30:00,-1.1426677,1.3029364
2018-12-27 00:00:00,0.8522213,0.6319671
2018-12-27 00:30:00,0.9042689,3.1627471
2018-12-27 01:00:00,3.891606,4.1652756
2018-12-27 01:30:00,-13.02384,-6.890127
2018-12-27 02:00:00,2.0915284,4.501828
2018-12-27 02:30:00,-6.1415277,-2.4824522
2018-12-27 03:00:00,-13.673109,-6.853761
2018-12-27 03:30:00,0.754431,2.7325244
2018-12-27 04:00:00,-22.39096,-17.21585
2018-12-27 04:30:00,5.999674,3.2555172
2018-12-27 05:00:00,6.4609365,8.292748
2018-12-27 05:30:00,3.907401,2.0803998
2018-12-27 06:00:00,3.3600974,2.0732079
2018-12-27 06:30:00,3.534941,2.7598414
2018-12-27 07:00:00,-4.7932143,1.0165261
2018-12-27 07:30:00,4.5744205,6.6172543
2018-12-27 08:00:00,31.009838,6.1469426
2018-12-27 08:30:00,13.853567,0.0027118723
2018-12-27 09:00:00,4.064077,2.3882158
2018-12-27 09:30:00,5.906528,3.7529144
2018-12-27 10:00:00,-2.962442,-4.891852
2018-12-27 10:30:00,-2.868916,-9.45078
2018-12-27 11:00:00,7.1683984,7.771477
2018-12-27 11:30:00,-29.0656,-27.494051
2018-12-27 12:00:00,0.6285634,-0.21751173
2018-12-27 12:30:00,0.20314236,-0.074005045
2018-12-27 13:00:00,2.713321,4.703801
2018-12-27 13:30:00,-1.6109694,1.7862775
2018-12-27 14:00:00,2.3307981,2.6229498
2018-12-27 14:30:00,2.8523273,3.7668087
2018-12-27 15:00:00,-2.3733277,0.46244535
2018-12-27 15:30:00,-6.584068,-2.1777081
2018-12-27 16:00:00,1.5901902,3.0274463
2018-12-27 16:30:00,-2.1453881,2.796876
2018-12-27 17:00:00,0.84225047,3.3068132
2018-12-27 17:30:00,-7.2395434,-5.952912
2018-12-27 18:00:00,12.166425,8.277871
2018-12-27 18:30:00,0.53320247,2.2370844
2018-12-27 19:00:00,-6.026378,3.7099812
2018-12-27 19:30:00,7.855945,3.466172
2018-12-27 20:00:00,2.0401757,1.4908444
2018-12-27 20:30:00,0.61509705,0.96326375
2018-12-27 21:00:00,-21.801245,12.33717
2018-12-27 21:30:00,12.055168,7.6281104
2018-12-27 22:00:00,2.9258065,-5.133625
2018-12-27 22:30:00,13.089282,7.2387013
2018-12-27 23:00:00,3.2143579,5.075689
2018-12-27 23:30:00,0.96556205,1.4246794
2018-12-28 00:00:00,-24.191614,-11.631108
2018-12-28 00:30:00,3.9984496,3.8646646
2018-12-28 01:00:00,0.6775699,-0.8071021
2018-12-28 01:30:00,-7.7840333,-4.4701405
2018-12-28 02:00:00,9.174233,1.9689946
2018-12-28 02:30:00,4.2719746,1.5898625
2018-12-28 03:00:00,1.3138642,3.760884
2018-12-28 03:30:00,-5.3274884,-1.9388492
2018-12-28 04:00:00,-4.086796,-3.8097186
2018-12-28 04:30:00,-4.6835,-3.430429
2018-12-28 05:00:00,2.1229877,1.4068438
2018-12-28 05:30:00,-36.65656,2.1955407
2018-12-28 06:00:00,-13.1418085,-8.954388
2018-12-28 06:30:00,2.6385877,2.752999
2018-12-28 07:00:00,8.504496,2.3275561
2018-12-28 07:30:00,-2.8620517,-1.6292332
2018-12-28 08:00:00,3.3876898,0.96282685
2018-12-28 08:30:00,22.793447,-1.8624381
2018-12-28 09:00:00,-6.125597,2.846385
2018-12-28 09:30:00,-13.797592,-19.748444
2018-12-28 10:00:00,2.139823,3.3854527
2018-12-28 10:30:00,3.8903039,3.2747335
2018-12-28 11:00:00,0.28902614,-0.8796113
2018-12-28 11:30:00,0.20038967,2.3965569
2018-12-28 12:00:00,0.92915666,-4.0513606
2018-12-28 12:30:00,-4.7902517,-7.763148
2018-12-28 13:00:00,47.73957,2.646597
2018-12-28 13:30:00,-2.4009638,3.6124575
2018-12-28 14:00:00,-2.0461953,-0.3877457
2018-12-28 14:30:00,3.8725076,3.0161734
2018-12-28 15:00:00,-6.4783382,-7.3254843
2018-12-28 15:30:00,-2.6868412,3.2296157
2018-12-28 16:00:00,0.12458594,0.50329435
2018-12-28 16:30:00,-2.631368,-0.08693393
2018-12-28 17:00:00,4.886339,8.348667
2018-12-28 17:30:00,1.2613184,1.2788614
2018-12-28 18:00:00,3.4179213,4.344086
2018-12-28 18:30:00,1.238043,3.2814798
2018-12-28 19:00:00,1.306113,15.626734
2018-12-28 19:30:00,1.493466,-2.8478646
2018-12-28 20:00:00,-26.903828,-18.05336
2018-12-28 20:30:00,1.6188705,3.9784687
2018-12-28 21:00:00,-26.342434,2.5237834
2018-12-28 21:30:00,1.2252146,2.49748
2018-12-28 22:00:00,29.124083,24.936224
2018-12-28 22:30:00,0.87775135,2.574459
2018-12-28 23:00:00,2.548658,3.7157137
2018-12-28 23:30:00,-1.4499198,3.7263227
2018-12-29 00:00:00,-9.91989,-0.8836923
2018-12-29 00:30:00,-1.6211543,3.256959
2018-12-29 01:00:00,5.3004346,3.8958442
2018-12-29 01:30:00,-19.487068,-8.490674
2018-12-29 02:00:00,-20.321703,-14.5055895
2018-12-29 02:30:00,-2.1606371,2.329033
2018-12-29 03:00:00,3.5378072,3.9729106
2018-12-29 03:30:00,-1.2225741,0.5700404
2018-12-29 04:00:00,-2.0536842,0.94831187
2018-12-29 04:30:00,-8.399836,2.1139913
2018-12-29 05:00:00,-8.595731,-9.191179
2018-12-29 05:30:00,-22.15224,-23.826988
2018-12-29 06:00:00,-23.721786,5.558029
2018-12-29 06:30:00,-15.228823,-5.529278
2018-12-29 07:00:00,-14.124347,-11.097449
2018-12-29 07:30:00,5.593779,3.787467
2018-12-29 08:00:00,3.3559728,1.3393593
2018-12-29 08:30:00,-1.4350902,-1.2137612
2018-12-29 09:00:00,3.1222172,3.1667147
2018-12-29 09:30:00,-1.1854304,-2.4275162
2018-12-29 10:00:00,1.6085545,6.3667336
2018-12-29 10:30:00,1.6860011,1.777316
2018-12-29 11:00:00,7.155653,2.5154116
2018-12-29 11:30:00,3.6290915,-1.5569512
2018-12-29 12:00:00,7.8887806,3.2687168
2018-12-29 12:30:00,-5.512159,7.71395
2018-12-29 13:00:00,1.5361981,0.91335714
2018-12-29 13:30:00,-13.7011385,13.429147
2018-12-29 14:00:00,-8.370526,-3.908317
2018-12-29 14:30:00,0.47989213,-0.33329496
2018-12-29 15:00:00,-9.238745,-0.43667796
2018-12-29 15:30:00,2.2510924,1.226001
2018-12-29 16:00:00,3.822933,0.28696817
2018-12-29 16:30:00,5.0217757,8.423724
2018-12-29 17:00:00,0.33855262,5.922957
2018-12-29 17:30:00,-26.17606,-16.883598
2018-12-29 18:00:00,-5.15521,3.9556694
2018-12-29 18:30:00,2.7002044,8.258318
2018-12-29 19:00:00,3.143426,-5.9155364
2018-12-29 19:30:00,5.0301824,1.376988
2018-12-29 20:00:00,-1.2590581,0.21968469
2018-12-29 20:30:00,-14.733915,5.696022
2018-12-29 21:00:00,3.8168423,3.5247211
2018-12-29 21:30:00,-29.245697,3.7614913
2018-12-29 22:00:00,2.8024294,3.9075367
2018-12-29 22:30:00,-35.73279,1.3184389
2018-12-29 23:00:00,-44.944344,-1.5594505
2018-12-29 23:30:00,1.5093354,3.0582676
2018-12-30 00:00:00,9.414887,4.8279996
2018-12-30 00:30:00,0.78280556,3.2775211
2018-12-30 01:00:00,3.2599869,4.013371
2018-12-30 01:30:00,-4.064399,0.1888284
2018-12-30 02:00:00,-7.7705717,-5.9386196
2018-12-30 02:30:00,-17.666542,-10.424837
2018-12-30 03:00:00,5.7664557,1.04629
2018-12-30 03:30:00,-3.1465833,1.8807645
2018-12-30 04:00:00,-7.416904,-5.5112457
2018-12-30 04:30:00,-3.5817657,-1.6275772
2018-12-30 05:00:00,15.239479,14.035
2018-12-30 05:30:00,-0.9400044,0.60287166
2018-12-30 06:00:00,-6.8986955,5.7219496
2018-12-30 06:30:00,-3.0729382,-0.91639245
2018-12-30 07:00:00,-27.926561,3.361159
2018-12-30 07:30:00,2.1163507,9.267287
2018-12-30 08:00:00,0.8849433,2.8548396
2018-12-30 08:30:00,-1.0159261,2.3811767
2018-12-30 09:00:00,-7.614752,-1.4860761
2018-12-30 09:30:00,-15.165087,-10.778876
2018-12-30 10:00:00,-15.673851,-18.584595
2018-12-30 10:30:00,19.412668,-5.118433
2018-12-30 11:00:00,6.564975,1.3240054
2018-12-30 11:30:00,-2.2284973,3.3869994
2018-12-30 12:00:00,1.3447948,0.59866834
2018-12-30 12:30:00,-27.894735,-22.428164
2018-12-30 13:00:00,-10.763361,-0.011187006
2018-12-30 13:30:00,0.45880568,0.4253234
2018-12-30 14:00:00,6.566788,11.083178
2018-12-30 14:30:00,-0.53453374,3.2420552
2018-12-30 15:00:00,-4.9609313,-7.726979
2018-12-30 15:30:00,3.340042,5.865072
2018-12-30 16:00:00,-11.599662,-7.787503
2018-12-30 16:30:00,-0.05849825,0.73535013
2018-12-30 17:00:00,3.7590446,5.009336
2018-12-30 17:30:00,1.7761756,2.6542869
2018-12-30 18:00:00,-33.994152,-24.04685
2018-12-30 18:30:00,-18.427025,0.35042852
2018-12-30 19:00:00,-5.934731,-8.558211
2018-12-30 19:30:00,-6.074546,7.0315638
2018-12-30 20:00:00,1.3341904,-4.2491784
2018-12-30 20:30:00,-2.6934958,-2.928527
2018-12-30 21:00:00,2.8414214,0.3680457
2018-12-30 21:30:00,0.9670782,-1.2194893
2018-12-30 22:00:00,10.889226,5.1473985
2018-12-30 22:30:00,-3.6512818,-0.35607672
2018-12-30 23:00:00,12.691925,4.9683514
2018-12-30 23:30:00,0.7522813,2.647772
2018-12-31 00:00:00,9.993127,-1.422891
2018-12-31 00:30:00,1.9690121,2.3390038
2018-12-31 01:00:00,-28.305737,-20.025057
2018-12-31 01:30:00,-9.180125,-10.073971
2018-12-31 02:00:00,-13.765206,-31.23014
2018-12-31 02:30:00,3.0289142,8.180928
2018-12-31 03:00:00,-21.231874,-14.716751
2018-12-31 03:30:00,-13.893117,-6.2632313
2018-12-31 04:00:00,24.215519,2.1825638
2018-12-31 04:30:00,3.2486877,1.1814076
2018-12-31 05:00:00,-38.486683,-18.684723
2018-12-31 05:30:00,-18.285414,-5.5894833
2018-12-31 06:00:00,1.9329126,2.4954786
2018-12-31 06:30:00,-14.410176,-2.7630644
2018-12-31 07:00:00,15.845774,10.444746
2018-12-31 07:30:00,-5.1987243,1.2154971
2018-12-31 08:00:00,3.5246818,2.7795472
2018-12-31 08:30:00,-0.35645247,3.6431477
2018-12-31 09:00:00,-4.6023655,-0.62027335
2018-12-31 09:30:00,0.7541732,-4.945516
2018-12-31 10:00:00,2.1106138,1.5209842
2018-12-31 10:30:00,-3.6124296,13.017319
2018-12-31 11:00:00,-18.221256,-3.4469233
2018-12-31 11:30:00,-12.503102,5.9306164
2018-12-31 12:00:00,0.29264396,1.8820884
2018-12-31 12:30:00,0.97247434,3.2780192
2018-12-31 13:00:00,-21.930433,-9.712757
2018-12-31 13:30:00,9.516383,3.1216447
2018-12-31 14:00:00,6.709181,-0.06760833
2018-12-31 14:30:00,1.3144759,3.8989902
2018-12-31 15:00:00,4.140506,8.416244
2018-12-31 15:30:00,3.6167088,3.4675963
2018-12-31 16:00:00,-3.1517043,-4.19506
2018-12-31 16:30:00,2.8244858,-2.46577
2018-12-31 17:00:00,3.1682396,5.033603
2018-12-31 17:30:00,1.8270959,2.974245
2018-12-31 18:00:00,-1.5642698,0.92907804
2018-12-31 18:30:00,-9.368291,-7.5560937
2018-12-31 19:00:00,-7.0393357,2.948099
2018-12-31 19:30:00,4.511686,3.317658
2018-12-31 20:00:00,3.8242831,1.4499474
2018-12-31 20:30:00,-2.628126,1.2866694
2018-12-31 21:00:00,1.3805491,3.528732
2018-12-31 21:30:00,-29.89873,-22.36709
2018-12-31 22:00:00,-17.241903,-0.6641765
2018-12-31 22:30:00,-28.044268,-12.035989
2018-12-31 23:00:00,-2.9134178,0.3944103
2018-12-31 23:30:00,25.78026,3.559667
2019-01-01 00:00:00,33.288967,2.082401
2019-01-01 00:30:00,1.2559223,3.2719634
2019-01-01 01:00:00,1.0458487,3.167003
2019-01-01 01:30:00,4.4400196,5.371336
2019-01-01 02:00:00,-0.8915353,0.5771537
2019-01-01 02:30:00,2.0564165,3.2387125
2019-01-01 03:00:00,-1.4719107,-6.095864
2019-01-01 03:30:00,-0.9850217,2.1944878
2019-01-01 04:00:00,2.2278345,-0.64005774
2019-01-01 04:30:00,0.9826593,3.8181224
2019-01-01 05:00:00,-3.3107264,-0.5289803
2019-01-01 05:30:00,-0.27073905,1.416618
2019-01-01 06:00:00,-7.6250944,-5.7974944
2019-01-01 06:30:00,1.4038333,3.5941849
2019-01-01 07:00:00,-1.6135342,-3.4299266
2019-01-01 07:30:00,-6.536534,4.544709
2019-01-01 08:00:00,-17.189245,-9.706102
2019-01-01 08:30:00,4.3185477,4.674933
2019-01-01 09:00:00,2.1383286,1.2591381
2019-01-01 09:30:00,8.101589,5.8145447
2019-01-01 10:00:00,-3.0448608,2.3866909
2019-01-01 10:30:00,5.9005113,-5.571975
2019-01-01 11:00:00,-6.2445307,4.300603
2019-01-01 11:30:00,1.9996281,25.016062
2019-01-01 12:00:00,4.1391554,1.66699
2019-01-01 12:30:00,0.7657957,0.57876164
2019-01-01 13:00:00,-10.435341,-5.385094
2019-01-01 13:30:00,-0.63056755,3.4782705
2019-01-01 14:00:00,0.86177266,3.8950317
2019-01-01 14:30:00,-22.039137,4.910344
2019-01-01 15:00:00,8.681611,7.3807006
2019-01-01 15:30:00,3.3196547,5.8305364
2019-01-01 16:00:00,3.8154528,8.857722
2019-01-01 16:30:00,-0.3582133,3.5197837
2019-01-01 17:00:00,-33.60543,-18.787588
2019-01-01 17:30:00,-2.8311956,-2.8848686
2019-01-01 18:00:00,-38.46491,-24.850586
2019-01-01 18:30:00,6.830238,5.9180675
2019-01-01 19:00:00,-4.5267234,6.9877872
2019-01-01 19:30:00,24.045588,4.0634
2019-01-01 20:00:00,-20.190855,-3.1736865
2019-01-01 20:30:00,-20.879025,-21.07469
2019-01-01 21:00:00,-1.8656802,4.9945807
2019-01-01 21:30:00,6.075495,10.923333
2019-01-01 22:00:00,5.1376157,2.700899
2019-01-01 22:30:00,-25.618986,-2.4763482
2019-01-01 23:00:00,0.7067571,5.0388904
2019-01-01 23:30:00,7.398619,3.5134132
2019-01-02 00:00:00,1.6427402,2.9577289
2019-01-02 00:30:00,2.0246427,4.3546076
2019-01-02 01:00:00,-14.363726,2.8699663
2019-01-02 01:30:00,2.7224312,2.0376937
2019-01-02 02:00:00,0.41414663,3.712332
2019-01-02 02:30:00,-6.1885943,1.8500218
2019-01-02 03:00:00,2.6615837,1.5108385
2019-01-02 03:30:00,-23.421059,-21.238174
2019-01-02 04:00:00,-1.9388928,0.99139357
2019-01-02 04:30:00,0.5793908,0.9242193
2019-01-02 05:00:00,-3.0744717,2.105777
2019-01-02 05:30:00,-3.2768247,-7.5331807
2019-01-02 06:00:00,0.8175462,-1.8671265
2019-01-02 06:30:00,2.534794,2.6539636
2019-01-02 07:00:00,0.18226127,3.482784
2019-01-02 07:30:00,1.3662089,0.694606
2019-01-02 08:00:00,3.4069104,2.8601353
2019-01-02 08:30:00,2.833714,2.3393972
2019-01-02 09:00:00,4.370333,1.1746176
2019-01-02 09:30:00,2.4450521,3.4525702
2019-01-02 10:00:00,-10.248539,-4.7840166
2019-01-02 10:30:00,-8.621086,-7.011197
2019-01-02 11:00:00,0.83763206,13.280091
2019-01-02 11:30:00,3.6084945,-2.8287005
2019-01-02 12:00:00,-2.2560897,0.79453725
2019-01-02 12:30:00,-2.5007858,-2.3721175
2019-01-02 13:00:00,4.089454,12.20332
2019-01-02 13:30:00,-21.161425,-13.619373
2019-01-02 14:00:00,2.6043584,4.5477066
2019-01-02 14:30:00,2.8290825,4.1179247
2019-01-02 15:00:00,-18.39268,-11.446223
2019-01-02 15:30:00,0.33900267,2.8334386
2019-01-02 16:00:00,0.5533845,2.1733794
2019-01-02 16:30:00,-2.5202162,-15.467767
2019-01-02 17:00:00,3.1580982,2.6647909
2019-01-02 17:30:00,-23.894135,-15.198891
2019-01-02 18:00:00,-27.32369,-24.817781
2019-01-02 18:30:00,2.6062284,1.9133773
2019-01-02 19:00:00,-5.558976,-2.555809
2019-01-02 19:30:00,2.7185774,0.18446779
2019-01-02 20:00:00,1.469024,3.0105937
2019-01-02 20:30:00,-4.440608,-3.7300873
2019-01-02 21:00:00,-16.755476,-10.377019
2019-01-02 21:30:00,-3.7482069,-6.4089007
2019-01-02 22:00:00,0.82792336,1.6748549
2019-01-02 22:30:00,6.061788,1.5374522
2019-01-02 23:00:00,10.166974,4.0419726
2019-01-02 23:30:00,1.5580754,2.1513448
2019-01-03 00:00:00,-11.044022,-6.43835
2019-01-03 00:30:00,5.7413015,10.566144
2019-01-03 01:00:00,-4.032463,-6.3899903
2019-01-03 01:30:00,1.5245495,0.76005435
2019-01-03 02:00:00,-0.41703779,4.7647924
2019-01-03 02:30:00,0.44387126,0.52527213
2019-01-03 03:00:00,-2.311637,1.6778173
2019-01-03 03:30:00,2.500451,3.3711386
2019-01-03 04:00:00,3.2929668,2.0032809
2019-01-03 04:30:00,0.79466397,1.487646
2019-01-03 05:00:00,0.91448444,-2.366612
2019-01-03 05:30:00,-9.031398,2.4575877
2019-01-03 06:00:00,3.6223016,2.8526244
2019-01-03 06:30:00,-1.8232058,1.3023379
2019-01-03 07:00:00,4.8319187,-0.9280105
2019-01-03 07:30:00,-29.37377,-12.895167
2019-01-03 08:00:00,3.0414848,7.0943165
2019-01-03 08:30:00,-0.6479269,0.79996395
2019-01-03 09:00:00,0.15866682,1.7001184
2019-01-03 09:30:00,-12.040599,2.392502
2019-01-03 10:00:00,4.0031204,2.6493845
2019-01-03 10:30:00,-5.488132,-1.9502401
2019-01-03 11:00:00,3.1242883,2.107066
2019-01-03 11:30:00,-3.4297867,2.284885
2019-01-03 12:00:00,4.4733753,2.1794791
2019-01-03 12:30:00,-1.2775449,-0.8841292
2019-01-03 13:00:00,1.5114983,2.8172896
2019-01-03 13:30:00,0.9407966,2.3579843
2019-01-03 14:00:00,2.0088737,-2.3365946
2019-01-03 14:30:00,-9.717393,-5.4494634
2019-01-03 15:00:00,6.2913885,4.6104193
2019-01-03 15:30:00,-8.107256,-14.010692
2019-01-03 16:00:00,4.0186925,2.685851
2019-01-03 16:30:00,0.19680682,2.1892576
2019-01-03 17:00:00,19.216433,2.032267
2019-01-03 17:30:00,2.362371,2.7010126
2019-01-03 18:00:00,-17.057457,-6.5212803
2019-01-03 18:30:00,0.69655037,3.0149891
2019-01-03 19:00:00,5.389272,-3.9403574
2019-01-03 19:30:00,3.708216,0.4681648
2019-01-03 20:00:00,1.2214831,4.8105745
2019-01-03 20:30:00,9.285953,3.3826213
2019-01-03 21:00:00,-0.6604364,2.359151
2019-01-03 21:30:00,1.4713135,-0.9806305
2019-01-03 22:00:00,1.3079175,2.4374363
2019-01-03 22:30:00,-39.45473,-18.044535
2019-01-03 23:00:00,3.8934455,9.251116
2019-01-03 23:30:00,1.0049647,2.6703398
2019-01-04 00:00:00,-12.071953,-5.46199
2019-01-04 00:30:00,24.728323,2.8733351
2019-01-04 01:00:00,-4.99468,-6.0324645
2019-01-04 01:30:00,2.9050958,3.640369
2019-01-04 02:00:00,0.8684578,4.72168
2019-01-04 02:30:00,-5.2979255,1.0684295
2019-01-04 03:00:00,2.6697543,2.616562
2019-01-04 03:30:00,-3.6486602,-0.18718849
2019-01-04 04:00:00,11.182226,9.241788
2019-01-04 04:30:00,1.1139711,0.31380904
2019-01-04 05:00:00,-17.397684,1.8840591
2019-01-04 05:30:00,-7.216836,0.4013226
2019-01-04 06:00:00,1.8488508,3.5397604
2019-01-04 06:30:00,15.308921,-0.7597428
2019-01-04 07:00:00,-5.6822224,-1.4198893
2019-01-04 07:30:00,0.6075075,5.7060013
2019-01-04 08:00:00,4.8468666,0.29408148
2019-01-04 08:30:00,0.5203785,0.39819416
2019-01-04 09:00:00,-1.7098039,2.5659738
2019-01-04 09:30:00,-10.122112,-0.45476705
2019-01-04 10:00:00,0.9977029,-0.029581938
2019-01-04 10:30:00,-0.9351806,-5.164442
2019-01-04 11:00:00,0.096700795,0.56608176
2019-01-04 11:30:00,-0.900322,0.7496247
2019-01-04 12:00:00,4.0884447,3.9728584
2019-01-04 12:30:00,-4.2963367,0.11233868
2019-01-04 13:00:00,2.0763626,1.7389531
2019-01-04 13:30:00,3.582331,4.8515153
2019-01-04 14:00:00,3.1584477,4.0725493
2019-01-04 14:30:00,3.9445624,5.776086
2019-01-04 15:00:00,28.88168,-7.323269
2019-01-04 15:30:00,6.3822403,1.4546444
2019-01-04 16:00:00,-19.50366,-15.225836
2019-01-04 16:30:00,2.0078511,6.730643
2019-01-04 17:00:00,0.41654977,-1.2866592
2019-01-04 17:30:00,2.1367686,2.1409676
2019-01-04 18:00:00,-5.0695357,-12.68744
2019-01-04 18:30:00,2.2794976,3.64237
2019-01-04 19:00:00,-5.744219,-2.187845
2019-01-04 19:30:00,-5.266073,-1.3558216
2019-01-04 20:00:00,-3.0135064,6.453465
2019-01-04 20:30:00,-0.9523303,0.9813878
2019-01-04 21:00:00,-0.81608546,-3.4581788
2019-01-04 21:30:00,0.18888083,18.190725
2019-01-04 22:00:00,-1.1132969,3.7380936
2019-01-04 22:30:00,0.82278067,4.584771
2019-01-04 23:00:00,1.6941411,3.5750952
2019-01-04 23:30:00,16.338396,-0.6744882
2019-01-05 00:00:00,0.94484264,2.8352826
2019-01-05 00:30:00,-27.017923,0.21401766
2019-01-05 01:00:00,2.282932,1.2598722
2019-01-05 01:30:00,-0.32739198,1.4824553
2019-01-05 02:00:00,-12.099537,-4.283906
2019-01-05 02:30:00,-8.610722,-0.007927477
2019-01-05 03:00:00,1.912984,2.1659865
2019-01-05 03:30:00,1.6462488,5.7470775
2019-01-05 04:00:00,0.7246059,3.7335057
2019-01-05 04:30:00,24.276148,-3.7216806
2019-01-05 05:00:00,-4.7704062,5.297267
2019-01-05 05:30:00,-0.8027459,-2.6797628
2019-01-05 06:00:00,-19.287329,-6.6686234
2019-01-05 06:30:00,1.4530146,8.306573
2019-01-05 07:00:00,-3.6098692,-3.8976822
2019-01-05 07:30:00,0.68067217,1.8194277
2019-01-05 08:00:00,-30.832336,-21.030855
2019-01-05 08:30:00,3.8550782,3.451539
2019-01-05 09:00:00,0.90232015,2.6908145
2019-01-05 09:30:00,32.624275,7.628547
2019-01-05 10:00:00,0.5999966,2.5853953
2019-01-05 10:30:00,-4.523232,0.21753061
2019-01-05 11:00:00,-13.303478,-2.2030764
2019-01-05 11:30:00,14.039928,2.3166022
2019-01-05 12:00:00,4.227661,3.091361
2019-01-05 12:30:00,-21.077774,-17.565746
2019-01-05 13:00:00,2.3245544,3.6926787
2019-01-05 13:30:00,1.9995233,-5.0548677
2019-01-05 14:00:00,17.081337,3.7064683
2019-01-05 14:30:00,1.6195652,1.6045303
2019-01-05 15:00:00,-36.14238,4.9764786
2019-01-05 15:30:00,-4.8658195,-0.85094845
2019-01-05 16:00:00,-3.0730212,2.839084
2019-01-05 16:30:00,1.3602448,4.534061
2019-01-05 17:00:00,6.952885,5.311262
2019-01-05 17:30:00,0.44286194,3.3173084
2019-01-05 18:00:00,-8.284122,-3.5215168
2019-01-05 18:30:00,4.352519,3.4835532
2019-01-05 19:00:00,-3.0618837,-1.9107674
2019-01-05 19:30:00,-6.303368,0.30099377
2019-01-05 20:00:00,2.1813972,7.3656178
2019-01-05 20:30:00,0.3507868,3.868833
2019-01-05 21:00:00,4.4347196,6.7733183
2019-01-05 21:30:00,1.4081677,2.0518506
2019-01-05 22:00:00,-7.640614,-8.538746
2019-01-05 22:30:00,14.22629,2.2228796
2019-01-05 23:00:00,-1.5238883,2.159236
2019-01-05 23:30:00,-15.582173,-8.60395
2019-01-06 00:00:00,0.9716398,1.7680224
2019-01-06 00:30:00,-0.7389447,10.363153
2019-01-06 01:00:00,3.06757,2.2983952
2019-01-06 01:30:00,10.315947,4.705387
2019-01-06 02:00:00,-3.0381494,-1.6510187
2019-01-06 02:30:00,-13.574932,4.9970756
2019-01-06 03:00:00,-9.328407,-4.243603
2019-01-06 03:30:00,-2.1107392,-2.3561518
2019-01-06 04:00:00,1.1584467,0.66981435
2019-01-06 04:30:00,-3.834711,-2.9917862
2019-01-06 05:00:00,-7.716636,-4.798243
2019-01-06 05:30:00,-2.9299033,4.79696
2019-01-06 06:00:00,-3.19746,1.505403
2019-01-06 06:30:00,-6.772417,-6.3553195
2019-01-06 07:00:00,0.6230187,-0.5943239
2019-01-06 07:30:00,6.8559074,7.170028
2019-01-06 08:00:00,-5.5911655,0.19962066
2019-01-06 08:30:00,0.4966835,2.017005
2019-01-06 09:00:00,-1.76207,3.0967965
2019-01-06 09:30:00,1.4522413,4.66283
2019-01-06 10:00:00,1.2387159,1.5232255
2019-01-06 10:30:00,-1.0073316,-3.2034721
2019-01-06 11:00:00,-7.5424614,-1.0513964
2019-01-06 11:30:00,-7.561542,1.1940612
2019-01-06 12:00:00,-1.7132514,0.36688346
2019-01-06 12:30:00,-2.354439,4.436533
2019-01-06 13:00:00,-18.105137,0.1518856
2019-01-06 13:30:00,15.068328,10.963264
2019-01-06 14:00:00,-1.2253006,2.219498
2019-01-06 14:30:00,3.8606884,0.08913309
2019-01-06 15:00:00,-2.805849,0.54850394
2019-01-06 15:30:00,-3.3032637,-2.2562208
2019-01-06 16:00:00,0.92715114,0.69807523
2019-01-06 16:30:00,-6.684449,5.1684065
2019-01-06 17:00:00,9.694067,6.5422325
2019-01-06 17:30:00,2.4924421,3.8987718
2019-01-06 18:00:00,-5.4420485,5.4171443
2019-01-06 18:30:00,-2.4299326,6.2822914
2019-01-06 19:00:00,0.27939612,2.339965
2019-01-06 19:30:00,-7.534911,-4.0913663
2019-01-06 20:00:00,-15.490616,-6.6815915
2019-01-06 20:30:00,-1.2655292,5.253294
2019-01-06 21:00:00,0.74796003,3.398054
2019-01-06 21:30:00,31.611296,21.714228
2019-01-06 22:00:00,-10.462182,-0.29448646
2019-01-06 22:30:00,-5.9285526,1.8162118
2019-01-06 23:00:00,-7.7426906,6.2564554
2019-01-06 23:30:00,-1.2097938,-1.2736386
2019-01-07 00:00:00,-40.48611,2.199945
2019-01-07 00:30:00,-15.42721,-20.163504
2019-01-07 01:00:00,13.556155,5.1329665
2019-01-07 01:30:00,3.6649377,2.7502377
2019-01-07 02:00:00,0.2250284,0.9101413
2019-01-07 02:30:00,6.3374763,5.4828506
2019-01-07 03:00:00,-6.712273,0.91056514
2019-01-07 03:30:00,2.3878837,1.5135213
2019-01-07 04:00:00,-4.9317703,4.410361
2019-01-07 04:30:00,-15.115272,-14.715573
2019-01-07 05:00:00,1.1151159,4.0908523
2019-01-07 05:30:00,4.053123,3.1731157
2019-01-07 06:00:00,0.88257074,1.263892
2019-01-07 06:30:00,-22.652807,-13.676602
2019-01-07 07:00:00,-1.1624433,3.6642604
2019-01-07 07:30:00,4.606688,-0.48292747
2019-01-07 08:00:00,-2.1645257,7.821969
2019-01-07 08:30:00,-18.229124,-15.462458
2019-01-07 09:00:00,19.54378,3.1938658
2019-01-07 09:30:00,-11.74281,-6.2886214
2019-01-07 10:00:00,-2.416864,0.023942508
2019-01-07 10:30:00,-15.18753,5.4196525
2019-01-07 11:00:00,1.9519149,3.6505451
2019-01-07 11:30:00,-23.021513,-14.240726
2019-01-07 12:00:00,-11.663179,-8.909965
2019-01-07 12:30:00,22.590223,3.5234714
2019-01-07 13:00:00,-9.6871395,5.329434
2019-01-07 13:30:00,0.06678391,1.9964123
2019-01-07 14:00:00,7.251744,3.729368
2019-01-07 14:30:00,1.8808432,2.5860114
2019-01-07 15:00:00,12.826418,0.8945165
2019-01-07 15:30:00,27.09633,0.75334746
2019-01-07 16:00:00,-7.604528,4.8216553
2019-01-07 16:30:00,2.8178883,3.131288
2019-01-07 17:00:00,14.723259,2.7618864
2019-01-07 17:30:00,-13.172265,-7.8933325
2019-01-07 18:00:00,0.9815844,2.6318676
2019-01-07 18:30:00,-32.62014,3.085908
2019-01-07 19:00:00,-18.097458,-13.445753
2019-01-07 19:30:00,13.813488,4.682448
2019-01-07 20:00:00,-47.063297,11.989799
2019-01-07 20:30:00,-0.9414725,-7.4333544
2019-01-07 21:00:00,13.226244,2.5349252
2019-01-07 21:30:00,0.72243434,8.004346
2019-01-07 22:00:00,0.058997743,-0.55722374
2019-01-07 22:30:00,-0.93441164,4.3152575
2019-01-07 23:00:00,-1.803155,7.4130993
2019-01-07 23:30:00,-6.6977406,0.5303056
2019-01-08 00:00:00,34.50352,15.366662
2019-01-08 00:30:00,-5.347295,-2.1614103
2019-01-08 01:00:00,-20.624968,-24.94824
2019-01-08 01:30:00,-30.071758,-16.144386
2019-01-08 02:00:00,7.218362,7.8004284
2019-01-08 02:30:00,-18.893091,-13.690785
2019-01-08 03:00:00,-0.62377757,2.3165278
2019-01-08 03:30:00,-0.85363996,1.335073
2019-01-08 04:00:00,-15.247851,-16.245256
2019-01-08 04:30:00,5.655575,5.9881473
2019-01-08 05:00:00,8.374757,8.822269
2019-01-08 05:30:00,3.8182755,2.6126907
2019-01-08 06:00:00,-0.6635779,4.655712
2019-01-08 06:30:00,1.082407,2.4288464
2019-01-08 07:00:00,2.1068518,-0.26662314
2019-01-08 07:30:00,2.4370825,4.485854
2019-01-08 08:00:00,2.3721497,4.4443455
2019-01-08 08:30:00,1.5254933,2.4117754
2019-01-08 09:00:00,3.5151129,4.444712
2019-01-08 09:30:00,0.47890466,4.2414856
2019-01-08 10:00:00,27.856369,0.9070128
2019-01-08 10:30:00,0.35704368,6.603425
2019-01-08 11:00:00,-6.787928,1.5592595
2019-01-08 11:30:00,-10.634264,-2.2592313
2019-01-08 12:00:00,-7.74065,6.395134
2019-01-08 12:30:00,4.9888134,4.723035
2019-01-08 13:00:00,0.45849982,3.6935787
2019-01-08 13:30:00,5.207499,0.3345678
2019-01-08 14:00:00,-1.815389,1.5626895
2019-01-08 14:30:00,5.4242053,7.7993054
2019-01-08 15:00:00,3.208398,5.822139
2019-01-08 15:30:00,17.529478,5.684382
2019-01-08 16:00:00,-0.8196377,0.22898266
2019-01-08 16:30:00,0.8591336,4.274771
2019-01-08 17:00:00,-26.541975,5.785637
2019-01-08 17:30:00,2.6281843,2.9299967
2019-01-08 18:00:00,-27.211296,-10.67985
2019-01-08 18:30:00,3.357288,3.568633
2019-01-08 19:00:00,6.557525,3.3134372
2019-01-08 19:30:00,1.8613865,4.8880997
2019-01-08 20:00:00,1.7900614,3.7749097
2019-01-08 20:30:00,3.6316345,2.5175962
2019-01-08 21:00:00,0.91158754,2.0071957
2019-01-08 21:30:00,-10.447579,-21.146708
2019-01-08 22:00:00,15.156414,1.2887317
2019-01-08 22:30:00,-3.2215264,1.7668034
2019-01-08 23:00:00,4.13985,4.815337
2019-01-08 23:30:00,-2.263404,-0.6411588
2019-01-09 00:00:00,1.7450178,-0.88904035
2019-01-09 00:30:00,1.8222153,1.5557379
2019-01-09 01:00:00,13.610317,5.5062876
2019-01-09 01:30:00,-9.756219,-2.7059264
2019-01-09 02:00:00,0.49591452,1.2031668
2019-01-09 02:30:00,7.5092773,1.3911098
2019-01-09 03:00:00,-11.547151,-7.572968
2019-01-09 03:30:00,2.3614535,3.9808543
2019-01-09 04:00:00,-13.338119,3.1912136
2019-01-09 04:30:00,14.847497,2.8503785
2019-01-09 05:00:00,-14.907034,9.26138
2019-01-09 05:30:00,0.23310295,-3.430311
2019-01-09 06:00:00,-10.803817,1.5042146
2019-01-09 06:30:00,-2.1334903,0.08039004
2019-01-09 07:00:00,4.7781672,8.145982
2019-01-09 07:30:00,32.033367,11.680213
2019-01-09 08:00:00,0.8201503,5.0795293
2019-01-09 08:30:00,1.8045894,-3.916986
2019-01-09 09:00:00,-17.185244,3.7984254
2019-01-09 09:30:00,-6.6592946,0.6580477
2019-01-09 10:00:00,8.59159,-1.5183917
2019-01-09 10:30:00,0.8113286,2.4590733
2019-01-09 11:00:00,1.3369911,2.674246
2019-01-09 11:30:00,-17.390646,-19.90563
2019-01-09 12:00:00,-18.640816,-2.0970674
2019-01-09 12:30:00,15.669868,-4.9004245
2019-01-09 13:00:00,-4.3560305,0.7375523
2019-01-09 13:30:00,-0.27224648,-4.409271
2019-01-09 14:00:00,0.90301925,6.6709094
2019-01-09 14:30:00,-3.5337508,-0.95308185
2019-01-09 15:00:00,2.1807067,5.0296884
2019-01-09 15:30:00,-40.93831,-23.905275
2019-01-09 16:00:00,0.71959865,3.930004
2019-01-09 16:30:00,0.08611388,1.8572488
2019-01-09 17:00:00,-13.836857,-11.459008
2019-01-09 17:30:00,2.596262,3.348217
2019-01-09 18:00:00,1.1472349,4.2196693
2019-01-09 18:30:00,2.7254329,4.1941743
2019-01-09 19:00:00,-7.2935615,-6.896677
2019-01-09 19:30:00,-11.038643,-8.18787
2019-01-09 20:00:00,5.126002,5.911483
2019-01-09 20:30:00,0.039287638,13.864705
2019-01-09 21:00:00,66.89654,-0.011999704
2019-01-09 21:30:00,-15.640646,-27.664913
2019-01-09 22:00:00,16.819277,0.9423477
2019-01-09 22:30:00,3.2276452,3.811822
2019-01-09 23:00:00,-0.066450454,-8.362521
2019-01-09 23:30:00,-24.314777,0.44662395
2019-01-10 00:00:00,-30.93413,-18.159048
2019-01-10 00:30:00,4.519441,2.5416758
2019-01-10 01:00:00,-2.3255358,1.5473925
2019-01-10 01:30:00,-2.7896388,1.8706058
2019-01-10 02:00:00,40.50687,2.3536673
2019-01-10 02:30:00,0.70892435,-6.645169
2019-01-10 03:00:00,16.500982,3.6634827
2019-01-10 03:30:00,1.3702986,0.27511853
2019-01-10 04:00:00,-31.00951,-18.773252
2019-01-10 04:30:00,15.312351,-5.0231204
2019-01-10 05:00:00,-1.0489714,0.14124188
2019-01-10 05:30:00,-18.591787,-16.379887
2019-01-10 06:00:00,-11.077254,-7.0720186
2019-01-10 06:30:00,-8.1670065,-5.966055
2019-01-10 07:00:00,-0.92939126,0.9636395
2019-01-10 07:30:00,-3.56185,1.6898942
2019-01-10 08:00:00,-0.86063963,-3.7026172
2019-01-10 08:30:00,0.12421018,1.4052577
2019-01-10 09:00:00,-7.9070525,-3.0582354
2019-01-10 09:30:00,0.7890668,2.5521228
2019-01-10 10:00:00,-10.111839,-3.6142516
2019-01-10 10:30:00,31.611296,19.818686
2019-01-10 11:00:00,1.0229096,1.9031705
2019-01-10 11:30:00,-6.2436914,1.1763303
2019-01-10 12:00:00,2.3604705,5.5933247
2019-01-10 12:30:00,-0.63657975,1.7265617
2019-01-10 13:00:00,4.065078,3.6054053
2019-01-10 13:30:00,0.8604269,1.2060593
2019-01-10 14:00:00,-40.771915,-14.7654295
2019-01-10 14:30:00,-23.431313,-24.46405
2019-01-10 15:00:00,-14.815703,-7.1732955
2019-01-10 15:30:00,1.51114,1.7725184
2019-01-10 16:00:00,0.2901141,4.2481966
2019-01-10 16:30:00,2.0399833,-3.5891454
2019-01-10 17:00:00,-23.283754,-17.455944
2019-01-10 17:30:00,-16.629354,-6.454054
2019-01-10 18:00:00,-2.781337,4.007158
2019-01-10 18:30:00,32.138885,12.164668
2019-01-10 19:00:00,1.4564053,3.3233337
2019-01-10 19:30:00,-4.108079,-7.0148544
2019-01-10 20:00:00,-2.294601,-2.7646067
2019-01-10 20:30:00,0.23649792,1.9831033
2019-01-10 21:00:00,-9.363323,-0.4895951
2019-01-10 21:30:00,-1.2789649,0.36854818
2019-01-10 22:00:00,1.6132952,3.8398032
2019-01-10 22:30:00,-4.354331,-1.1234906
2019-01-10 23:00:00,5.351884,0.8078725
2019-01-10 23:30:00,5.221756,3.2047715
2019-01-11 00:00:00,2.8718538,6.394758
2019-01-11 00:30:00,2.870176,-2.4003959
2019-01-11 01:00:00,1.3648676,4.3036876
2019-01-11 01:30:00,-19.073349,-11.7474985
2019-01-11 02:00:00,-0.22850937,3.8495555
2019-01-11 02:30:00,-30.434076,1.2799275
2019-01-11 03:00:00,-0.6824185,0.25117454
2019-01-11 03:30:00,-4.495513,-2.5618517
2019-01-11 04:00:00,4.514102,3.4216526
2019-01-11 04:30:00,13.800602,2.1796014
2019-01-11 05:00:00,-2.6020322,1.3935959
2019-01-11 05:30:00,5.6050086,5.8944163
2019-01-11 06:00:00,8.618526,-1.5846703
2019-01-11 06:30:00,7.7993536,6.7518473
2019-01-11 07:00:00,9.434371,-3.902541
2019-01-11 07:30:00,3.8385534,4.363416
2019-01-11 08:00:00,-0.7516245,4.3266177
2019-01-11 08:30:00,0.6504407,2.3089776
2019-01-11 09:00:00,11.526072,4.5057344
2019-01-11 09:30:00,-11.385498,-4.356804
2019-01-11 10:00:00,0.3316447,0.49882886
2019-01-11 10:30:00,-3.1979976,3.284617
2019-01-11 11:00:00,3.2028708,8.509372
2019-01-11 11:30:00,-23.952736,-16.908484
2019-01-11 12:00:00,-2.9764063,-2.299167
2019-01-11 12:30:00,1.307782,2.3306584
2019-01-11 13:00:00,-0.44924855,2.18654
2019-01-11 13:30:00,1.7649114,-0.10436761
2019-01-11 14:00:00,0.54577744,3.5426004
2019-01-11 14:30:00,-4.14299,3.9610348
2019-01-11 15:00:00,2.167909,3.789049
2019-01-11 15:30:00,-5.865005,0.64504457
2019-01-11 16:00:00,-0.25853112,1.3807632
2019-01-11 16:30:00,4.0778494,8.112094
2019-01-11 17:00:00,0.94042087,25.001171
2019-01-11 17:30:00,0.70788443,1.551386
2019-01-11 18:00:00,3.007404,2.8970563
2019-01-11 18:30:00,20.17054,11.033777
2019-01-11 19:00:00,0.57094485,2.8424308
2019-01-11 19:30:00,-10.744324,-8.740871
2019-01-11 20:00:00,34.579784,7.510732
2019-01-11 20:30:00,3.881325,2.4854467
2019-01-11 21:00:00,-13.961298,-11.906035
2019-01-11 21:30:00,1.0255575,0.30838668
2019-01-11 22:00:00,7.333634,3.1419842
2019-01-11 22:30:00,4.9531507,0.02445809
2019-01-11 23:00:00,0.70076674,4.8366594
2019-01-11 23:30:00,1.7700585,10.598975
2019-01-12 00:00:00,-11.541567,-1.8323464
2019-01-12 00:30:00,1.4082856,0.2805147
2019-01-12 01:00:00,-8.08776,-0.15671669
2019-01-12 01:30:00,7.1555877,7.541038
2019-01-12 02:00:00,-22.956675,-18.507215
2019-01-12 02:30:00,2.5878205,1.3715875
2019-01-12 03:00:00,4.3800983,2.6859384
2019-01-12 03:30:00,-19.799261,-12.860623
2019-01-12 04:00:00,-0.00017626316,-3.271468
2019-01-12 04:30:00,0.5521567,2.002241
2019-01-12 05:00:00,7.2003384,3.6981096
2019-01-12 05:30:00,-10.3420515,-5.0481043
2019-01-12 06:00:00,7.098061,2.6394486
2019-01-12 06:30:00,-12.421124,-7.82362
2019-01-12 07:00:00,3.299263,10.65465
2019-01-12 07:30:00,-0.458079,-6.3395157
2019-01-12 08:00:00,0.11958304,1.9447186
2019-01-12 08:30:00,3.6883442,1.9675746
2019-01-12 09:00:00,-1.6128001,-3.9733942
2019-01-12 09:30:00,-9.553477,-1.3877397
2019-01-12 10:00:00,-0.6634119,0.49564797
2019-01-12 10:30:00,2.35008,1.3618395
2019-01-12 11:00:00,2.5760844,3.3825078
2019-01-12 11:30:00,-7.251725,-6.9116416
2019-01-12 12:00:00,12.989001,2.1304114
2019-01-12 12:30:00,3.4185328,-5.492606
2019-01-12 13:00:00,2.6370192,2.8455768
2019-01-12 13:30:00,1.2117308,1.9142774
2019-01-12 14:00:00,1.9726212,-0.48060298
2019-01-12 14:30:00,0.28857172,1.3491073
2019-01-12 15:00:00,2.6600676,3.1320744
2019-01-12 15:30:00,2.2919285,0.96578926
2019-01-12 16:00:00,-8.320947,-12.148329
2019-01-12 16:30:00,-14.181052,-14.521076
2019-01-12 17:00:00,14.53182,0.5602094
2019-01-12 17:30:00,-13.414761,-14.583639
2019-01-12 18:00:00,0.68750143,3.407579
2019-01-12 18:30:00,-4.4361296,0.68038815
2019-01-12 19:00:00,-5.77719,-13.675484
2019-01-12 19:30:00,4.5425463,5.0770698
2019-01-12 20:00:00,2.6915529,9.591195
2019-01-12 20:30:00,0.17124179,0.6516772
2019-01-12 21:00:00,-0.7923512,4.4781075
2019-01-12 21:30:00,-15.86245,-7.331658
2019-01-12 22:00:00,-9.332393,2.9674726
2019-01-12 22:30:00,-1.9446298,5.320643
2019-01-12 23:00:00,-23.58124,2.4940894
2019-01-12 23:30:00,-11.515093,2.620752
2019-01-13 00:00:00,-21.040516,-15.594442
2019-01-13 00:30:00,-0.30077395,0.5710104
2019-01-13 01:00:00,-6.287031,9.010422
2019-01-13 01:30:00,17.98797,9.34181
2019-01-13 02:00:00,0.9448907,3.2934911
2019-01-13 02:30:00,1.1080201,-1.2585819
2019-01-13 03:00:00,3.0347517,1.6281466
2019-01-13 03:30:00,-5.3309536,-0.22825594
2019-01-13 04:00:00,4.29778,4.5570917
2019-01-13 04:30:00,-3.171611,-16.153421
2019-01-13 05:00:00,-3.484067,8.138641
2019-01-13 05:30:00,-0.5999341,2.3836236
2019-01-13 06:00:00,-7.0799794,-11.204988
2019-01-13 06:30:00,31.611296,23.720404
2019-01-13 07:00:00,1.510773,2.0995288
2019-01-13 07:30:00,-27.130684,-23.728504
2019-01-13 08:00:00,0.035661086,0.86096436
2019-01-13 08:30:00,0.56221056,2.7306674
2019-01-13 09:00:00,-16.035616,-17.097029
2019-01-13 09:30:00,0.44758958,2.3876433
2019-01-13 10:00:00,0.26575068,3.836098
2019-01-13 10:30:00,-1.4260981,-4.066898
2019-01-13 11:00:00,6.9940486,2.6321692
2019-01-13 11:30:00,1.8341743,8.708098
2019-01-13 12:00:00,4.8581963,6.4004602
2019-01-13 12:30:00,11.563119,5.2148175
2019-01-13 13:00:00,-0.309517,0.05037703
2019-01-13 13:30:00,-17.372879,-13.94693
2019-01-13 14:00:00,35.85168,-2.1097167
2019-01-13 14:30:00,-5.907903,1.7808377
2019-01-13 15:00:00,0.44331637,1.6123383
2019-01-13 15:30:00,2.856312,-1.4732258
2019-01-13 16:00:00,5.1488667,-2.170835
2019-01-13 16:30:00,-2.8225923,-1.3731198
2019-01-13 17:00:00,-0.44151482,0.9742395
2019-01-13 17:30:00,-8.987232,-5.8680024
2019-01-13 18:00:00,-2.986591,-0.6089743
2019-01-13 18:30:00,6.481931,2.1673017
2019-01-13 19:00:00,3.5060859,3.939459
2019-01-13 19:30:00,2.1222494,2.0208368
2019-01-13 20:00:00,-19.25694,1.7134362
2019-01-13 20:30:00,-1.6404624,0.013019152
2019-01-13 21:00:00,1.6815007,2.78022
2019-01-13 21:30:00,14.90962,2.7714596
2019-01-13 22:00:00,2.3718264,0.40496665
2019-01-13 22:30:00,-1.418408,-0.09283692
2019-01-13 23:00:00,19.93029,6.074739
2019-01-13 23:30:00,1.5992041,3.434337
2019-01-14 00:00:00,0.9458956,4.3098483
2019-01-14 00:30:00,0.5086249,1.6681828
2019-01-14 01:00:00,2.52398,1.6140642
2019-01-14 01:30:00,-13.916658,-24.140598
2019-01-14 02:00:00,-0.44930974,2.325756
2019-01-14 02:30:00,-9.493005,-5.6044393
2019-01-14 03:00:00,6.420083,1.6243278
2019-01-14 03:30:00,-3.105599,-1.6512023
2019-01-14 04:00:00,-7.134819,-3.357946
2019-01-14 04:30:00,-1.4638361,-1.8617784
2019-01-14 05:00:00,2.3589194,1.3356715
2019-01-14 05:30:00,-5.634378,5.555744
2019-01-14 06:00:00,0.6013336,1.5139844
2019-01-14 06:30:00,-37.66498,-19.54206
2019-01-14 07:00:00,-0.40429676,1.3903102
2019-01-14 07:30:00,-1.8795135,0.322622
2019-01-14 08:00:00,-1.8019708,2.3319604
2019-01-14 08:30:00,-1.275618,-1.6009461
2019-01-14 09:00:00,12.019331,4.9641657
2019-01-14 09:30:00,4.136674,2.79709
2019-01-14 10:00:00,21.935457,1.9526052
2019-01-14 10:30:00,3.3803275,5.647522
2019-01-14 11:00:00,-14.624123,-6.138701
2019-01-14 11:30:00,-28.991373,-22.383791
2019-01-14 12:00:00,1.6286316,2.9111342
2019-01-14 12:30:00,-28.001635,-10.328266
2019-01-14 13:00:00,-5.9639664,-7.6763163
2019-01-14 13:30:00,-1.1484264,4.84975
2019-01-14 14:00:00,-2.130091,0.84277916
2019-01-14 14:30:00,2.412601,3.000199
2019-01-14 15:00:00,3.4428833,5.5959816
2019-01-14 15:30:00,-5.7703958,-10.131868
2019-01-14 16:00:00,16.08991,-0.021629734
2019-01-14 16:30:00,-39.051888,-25.55487
2019-01-14 17:00:00,-6.5954194,-0.7258061
2019-01-14 17:30:00,-7.057534,-2.2882655
2019-01-14 18:00:00,-22.410004,-12.531874
2019-01-14 18:30:00,2.6941178,2.6152205
2019-01-14 19:00:00,2.1286023,3.264697
2019-01-14 19:30:00,-7.0802283,0.12580062
2019-01-14 20:00:00,-0.6306156,-1.2205162
2019-01-14 20:30:00,-8.056095,3.8719614
2019-01-14 21:00:00,4.1650524,3.4893425
2019-01-14 21:30:00,-1.9058388,2.109928
2019-01-14 22:00:00,-1.3419621,2.5912504
2019-01-14 22:30:00,0.5185477,3.0271273
2019-01-14 23:00:00,-3.505123,2.4397914
2019-01-14 23:30:00,10.40668,4.720304
2019-01-15 00:00:00,1.8281446,5.817114
2019-01-15 00:30:00,-26.727377,-17.173431
2019-01-15 01:00:00,-1.3700001,0.5765813
2019-01-15 01:30:00,-4.6525826,-6.2674828
2019-01-15 02:00:00,1.4446867,2.7031887
2019-01-15 02:30:00,2.7187696,4.081502
2019-01-15 03:00:00,0.57711434,0.2169888
2019-01-15 03:30:00,3.3250027,1.8456175
2019-01-15 04:00:00,-26.017351,-18.740417
2019-01-15 04:30:00,-0.6342072,2.9630728
2019-01-15 05:00:00,-2.1256998,-3.7651906
2019-01-15 05:30:00,-5.1459904,0.46836582
2019-01-15 06:00:00,15.010198,5.670601
2019-01-15 06:30:00,1.4316616,2.8193824
2019-01-15 07:00:00,1.5081863,4.052826
2019-01-15 07:30:00,-16.039217,-14.554421
2019-01-15 08:00:00,3.3642569,3.954411
2019-01-15 08:30:00,0.18730786,2.6196685
2019-01-15 09:00:00,-2.3809698,1.5774972
2019-01-15 09:30:00,2.4252021,26.001575
2019-01-15 10:00:00,12.514591,1.0255182
2019-01-15 10:30:00,2.7394323,5.011652
2019-01-15 11:00:00,-2.8892205,2.2957735
2019-01-15 11:30:00,2.1493175,2.804138
2019-01-15 12:00:00,-6.641717,3.5913537
2019-01-15 12:30:00,-24.660486,-16.501715
2019-01-15 13:00:00,-16.95409,-8.806359
2019-01-15 13:30:00,-1.6901724,-0.04645197
2019-01-15 14:00:00,31.611296,22.347525
2019-01-15 14:30:00,-18.262993,2.912917
2019-01-15 15:00:00,-20.055426,-16.262707
2019-01-15 15:30:00,5.47374,13.165597
2019-01-15 16:00:00,-2.214664,-2.173876
2019-01-15 16:30:00,7.4528775,3.8993835
2019-01-15 17:00:00,-6.711207,0.90249497
2019-01-15 17:30:00,6.314861,10.766758
2019-01-15 18:00:00,0.31703362,1.6670425
2019-01-15 18:30:00,2.0473895,-0.36175248
2019-01-15 19:00:00,-9.426381,-9.982424
2019-01-15 19:30:00,-45.95699,-20.973545
2019-01-15 20:00:00,1.5625846,0.3428477
2019-01-15 20:30:00,0.34774137,2.2354414
2019-01-15 21:00:00,0.7283941,5.67719
2019-01-15 21:30:00,3.0639434,-4.2062626
2019-01-15 22:00:00,-0.9515307,3.2578459
2019-01-15 22:30:00,-24.10699,8.74432
2019-01-15 23:00:00,17.405672,2.3402927
2019-01-15 23:30:00,-0.27314657,2.1689532
2019-01-16 00:00:00,25.503445,2.1202133
2019-01-16 00:30:00,-10.822084,2.861857
2019-01-16 01:00:00,-23.454506,-22.50462
2019-01-16 01:30:00,5.9478927,-1.4202563
2019-01-16 02:00:00,-6.3399,-8.0604515
2019-01-16 02:30:00,5.1471977,2.8362262
2019-01-16 03:00:00,-3.2328823,1.6694763
2019-01-16 03:30:00,13.223622,3.0413363
2019-01-16 04:00:00,-20.485401,1.9707817
2019-01-16 04:30:00,-1.9885199,0.3401955
2019-01-16 05:00:00,0.7815996,-10.848275
2019-01-16 05:30:00,0.43816492,1.5922568
2019-01-16 06:00:00,32.08274,-2.1123688
2019-01-16 06:30:00,-4.1363573,1.316263
2019-01-16 07:00:00,-42.55106,-26.576565
2019-01-16 07:30:00,28.442963,10.947387
2019-01-16 08:00:00,-2.0713801,-0.21937744
2019-01-16 08:30:00,4.882284,8.26617
2019-01-16 09:00:00,1.2032499,-2.6359732
2019-01-16 09:30:00,2.2080808,2.567905
2019-01-16 10:00:00,-8.293455,10.529119
2019-01-16 10:30:00,3.7344756,3.9324157
2019-01-16 11:00:00,2.6892548,7.3809714
2019-01-16 11:30:00,-15.008942,-5.990807
2019-01-16 12:00:00,-34.81903,-1.3802594
2019-01-16 12:30:00,-32.115868,-5.21077
2019-01-16 13:00:00,-3.8012333,-3.2241611
2019-01-16 13:30:00,1.8538406,4.5149803
2019-01-16 14:00:00,8.528064,4.2666793
2019-01-16 14:30:00,-2.6073759,-0.10511914
2019-01-16 15:00:00,33.815586,-6.757688
2019-01-16 15:30:00,2.2135773,0.8499536
2019-01-16 16:00:00,2.837419,2.7048576
2019-01-16 16:30:00,0.65223646,1.3304197
2019-01-16 17:00:00,-2.21431,-4.4417963
2019-01-16 17:30:00,1.1582675,3.5956485
2019-01-16 18:00:00,-26.42999,-16.527716
2019-01-16 18:30:00,2.386337,6.8357735
2019-01-16 19:00:00,-8.669756,-0.84976
2019-01-16 19:30:00,0.7898096,4.7333946
2019-01-16 20:00:00,6.2915764,1.1566203
2019-01-16 20:30:00,-0.116042495,1.7022419
2019-01-16 21:00:00,0.39938262,0.2049906
2019-01-16 21:30:00,1.1773047,4.3310657
2019-01-16 22:00:00,0.68889964,1.3439208
2019-01-16 22:30:00,-8.256193,-6.235997
2019-01-16 23:00:00,-5.4557986,-9.644512
2019-01-16 23:30:00,0.7775929,0.13713469
2019-01-17 00:00:00,-22.742016,2.7462177
2019-01-17 00:30:00,6.076605,1.2392577
2019-01-17 01:00:00,0.982301,2.1899173
2019-01-17 01:30:00,10.376042,-0.3654533
2019-01-17 02:00:00,1.6250925,3.5396466
2019-01-17 02:30:00,0.31595004,3.311576
2019-01-17 03:00:00,4.611822,6.729861
2019-01-17 03:30:00,6.269634,3.4989681
2019-01-17 04:00:00,32.19834,-0.85824525
2019-01-17 04:30:00,-0.44847083,0.7567861
2019-01-17 05:00:00,-1.8414696,1.3249404
2019-01-17 05:30:00,1.80656,4.873467
2019-01-17 06:00:00,-1.4659728,-2.8885257
2019-01-17 06:30:00,-0.6445232,4.0106573
2019-01-17 07:00:00,0.28973398,4.72532
2019-01-17 07:30:00,2.0286841,-10.871551
2019-01-17 08:00:00,3.8762128,2.983316
2019-01-17 08:30:00,-38.63022,-26.67566
2019-01-17 09:00:00,-3.497529,-0.03143891
2019-01-17 09:30:00,8.481373,13.042058
2019-01-17 10:00:00,2.653129,1.7053878
2019-01-17 10:30:00,3.5016553,1.6588631
2019-01-17 11:00:00,0.72324264,2.9233596
2019-01-17 11:30:00,-30.52428,-24.947577
2019-01-17 12:00:00,-22.945179,-18.88303
2019-01-17 12:30:00,1.7315515,1.523326
2019-01-17 13:00:00,-0.57911855,-2.3687267
2019-01-17 13:30:00,0.15879354,3.1198227
2019-01-17 14:00:00,-16.265474,-4.4840436
2019-01-17 14:30:00,-0.7715138,1.2178391
2019-01-17 15:00:00,0.6179109,6.283917
2019-01-17 15:30:00,-0.23994394,0.4737226
2019-01-17 16:00:00,-5.6332684,-4.7953596
2019-01-17 16:30:00,-4.2922077,-0.20995714
2019-01-17 17:00:00,-9.940815,3.1588717
2019-01-17 17:30:00,-15.496338,-5.239787
2019-01-17 18:00:00,-3.753188,-3.321663
2019-01-17 18:30:00,-5.4371986,-4.98481
2019-01-17 19:00:00,-3.5901241,0.11573802
2019-01-17 19:30:00,-2.8554542,-1.9351134
2019-01-17 20:00:00,3.0568738,0.58466023
2019-01-17 20:30:00,-1.2323396,-1.510741
2019-01-17 21:00:00,2.849924,5.3002205
2019-01-17 21:30:00,-1.8087171,5.3894033
2019-01-17 22:00:00,2.002468,2.5352223
2019-01-17 22:30:00,0.9530526,-4.6614175
2019-01-17 23:00:00,17.098705,4.799424
2019-01-17 23:30:00,-4.6968746,-5.172753
2019-01-18 00:00:00,-0.89343596,1.1064602
2019-01-18 00:30:00,-0.36201465,1.2675579
2019-01-18 01:00:00,-13.595453,-10.550439
2019-01-18 01:30:00,0.62184334,0.35000032
2019-01-18 02:00:00,0.9502562,1.6654259
2019-01-18 02:30:00,-15.360794,-0.6387688
2019-01-18 03:00:00,-10.242649,-3.9862924
2019-01-18 03:30:00,3.8653114,3.1993449
2019-01-18 04:00:00,-1.3215616,-0.074210405
2019-01-18 04:30:00,2.956191,0.43327126
2019-01-18 05:00:00,-1.4003758,1.0187719
2019-01-18 05:30:00,-0.4282932,-5.9704113
2019-01-18 06:00:00,-3.7308562,3.7922385
2019-01-18 06:30:00,-0.036232077,2.0585968
2019-01-18 07:00:00,19.46104,-7.7452555
2019-01-18 07:30:00,5.14001,4.054373
2019-01-18 08:00:00,-18.330317,-10.202276
2019-01-18 08:30:00,-10.749768,5.5084896
2019-01-18 09:00:00,32.286613,8.523135
2019-01-18 09:30:00,-8.552181,-6.9378185
2019-01-18 10:00:00,-10.503992,-5.12528
2019-01-18 10:30:00,4.1364465,6.1164007
2019-01-18 11:00:00,-1.7387071,-5.545239
2019-01-18 11:30:00,4.513189,3.9852672
2019-01-18 12:00:00,1.1980635,6.0318756
2019-01-18 12:30:00,-1.1347286,1.7795312
2019-01-18 13:00:00,0.7267556,5.6411953
2019-01-18 13:30:00,5.1735883,3.2696257
2019-01-18 14:00:00,1.3055668,2.3676972
2019-01-18 14:30:00,-15.224165,-11.84881
2019-01-18 15:00:00,-0.56504923,2.9375381
2019-01-18 15:30:00,-2.532529,-0.3949114
2019-01-18 16:00:00,4.4144983,2.7186298
2019-01-18 16:30:00,0.21129118,0.77241963
2019-01-18 17:00:00,4.4974985,4.719203
2019-01-18 17:30:00,-1.7750994,2.0774112
2019-01-18 18:00:00,2.0174768,2.6903515
2019-01-18 18:30:00,-16.119476,-12.371568
2019-01-18 19:00:00,-0.62681866,1.261786
2019-01-18 19:30:00,2.1193218,-4.130232
2019-01-18 20:00:00,-8.616254,-6.9862394
2019-01-18 20:30:00,37.619354,1.6841966
2019-01-18 21:00:00,-1.7062341,1.407591
2019-01-18 21:30:00,2.3312483,4.9698763
2019-01-18 22:00:00,-3.8406928,2.4466033
2019-01-18 22:30:00,2.3638785,3.6711814
2019-01-18 23:00:00,-35.47831,-21.733934
2019-01-18 23:30:00,-1.1866013,-0.22705
2019-01-19 00:00:00,-5.6933208,-4.0953074
2019-01-19 00:30:00,0.0037561452,3.3891928
2019-01-19 01:00:00,-5.730403,2.355022
2019-01-19 01:30:00,19.571917,4.340945
2019-01-19 02:00:00,1.9113368,3.1201332
2019-01-19 02:30:00,-2.720319,0.14121565
2019-01-19 03:00:00,-7.898261,-0.82334733
2019-01-19 03:30:00,2.8884573,1.0741009
2019-01-19 04:00:00,13.914546,1.1804813
2019-01-19 04:30:00,-2.5413072,0.9764854
2019-01-19 05:00:00,2.6467278,4.531313
2019-01-19 05:30:00,-7.209718,0.64827347
2019-01-19 06:00:00,18.346457,4.7716174
2019-01-19 06:30:00,-11.422887,-8.146248
2019-01-19 07:00:00,3.7545047,2.7822213
2019-01-19 07:30:00,-22.30079,-11.360855
2019-01-19 08:00:00,0.8485467,0.83160675
2019-01-19 08:30:00,-0.4835785,2.2437432
2019-01-19 09:00:00,-0.8098766,3.6577063
2019-01-19 09:30:00,4.371198,6.6176996
2019-01-19 10:00:00,1.773519,3.5820556
2019-01-19 10:30:00,-1.8392806,1.7285715
2019-01-19 11:00:00,-6.8807592,-5.1389995
2019-01-19 11:30:00,1.9791054,8.429247
2019-01-19 12:00:00,-1.5622861,0.29018402
2019-01-19 12:30:00,0.4561797,2.2315528
2019-01-19 13:00:00,-0.8638118,3.0953283
2019-01-19 13:30:00,3.0779996,4.502641
2019-01-19 14:00:00,-23.223833,-12.873732
2019-01-19 14:30:00,1.3186966,0.41263047
2019-01-19 15:00:00,-0.27226833,1.7558669
2019-01-19 15:30:00,-3.6239996,-3.724241
2019-01-19 16:00:00,5.5619617,3.110206
2019-01-19 16:30:00,-21.291094,4.02176
2019-01-19 17:00:00,2.5258238,4.0955453
2019-01-19 17:30:00,-25.22357,-17.694323
2019-01-19 18:00:00,-1.5070752,-0.20146313
2019-01-19 18:30:00,1.7190988,1.7567844
2019-01-19 19:00:00,3.4542742,3.6520875
2019-01-19 19:30:00,-1.9209785,0.6020764
2019-01-19 20:00:00,-7.082557,6.5337996
2019-01-19 20:30:00,-2.9475467,-5.452478
2019-01-19 21:00:00,-0.33557138,2.7527194
2019-01-19 21:30:00,2.0397518,2.2804022
2019-01-19 22:00:00,-11.368174,-25.543663
2019-01-19 22:30:00,1.7448212,4.917099
2019-01-19 23:00:00,5.628734,5.1815057
2019-01-19 23:30:00,6.1763306,0.17808855
2019-01-20 00:00:00,-10.197832,-9.781356
2019-01-20 00:30:00,-2.262539,1.0497462
2019-01-20 01:00:00,1.1714149,3.7412481
2019-01-20 01:30:00,1.1695842,2.3034198
2019-01-20 02:00:00,-7.5211477,-7.2258105
2019-01-20 02:30:00,1.6503428,5.35319
2019-01-20 03:00:00,-10.388096,-6.8660564
2019-01-20 03:30:00,0.695978,3.7549329
2019-01-20 04:00:00,-26.199823,-6.6878266
2019-01-20 04:30:00,16.093765,2.4717531
2019-01-20 05:00:00,1.0998975,1.116383
2019-01-20 05:30:00,-4.447459,-0.3433794
2019-01-20 06:00:00,-1.051379,0.0244712
2019-01-20 06:30:00,-2.1997864,-2.5268183
2019-01-20 07:00:00,4.5372596,3.7814724
2019-01-20 07:30:00,18.50027,1.9531646
2019-01-20 08:00:00,-0.18176614,1.618971
2019-01-20 08:30:00,1.1663377,4.107303
2019-01-20 09:00:00,-1.1863348,0.6956066
2019-01-20 09:30:00,2.8562467,1.8441757
2019-01-20 10:00:00,-32.932163,-23.497658
2019-01-20 10:30:00,0.79010236,5.2231193
2019-01-20 11:00:00,2.148234,4.4478846
2019-01-20 11:30:00,-7.6749573,1.8304472
2019-01-20 12:00:00,6.9149857,2.9831586
2019-01-20 12:30:00,1.4070098,1.6590554
2019-01-20 13:00:00,-31.140135,-23.91627
2019-01-20 13:30:00,-9.155553,-1.9078312
2019-01-20 14:00:00,0.41770765,2.9696398
2019-01-20 14:30:00,-1.029576,2.9714837
2019-01-20 15:00:00,0.26769066,2.2166314
2019-01-20 15:30:00,5.413684,-3.4835908
2019-01-20 16:00:00,9.399049,0.18067083
2019-01-20 16:30:00,0.6354145,2.0483813
2019-01-20 17:00:00,-29.290564,-15.617792
2019-01-20 17:30:00,10.7318735,6.0757484
2019-01-20 18:00:00,-14.631099,-14.784257
2019-01-20 18:30:00,-16.854473,-14.457046
2019-01-20 19:00:00,1.808299,1.2985278
2019-01-20 19:30:00,-23.039085,-24.126421
2019-01-20 20:00:00,5.0123377,4.0950775
2019-01-20 20:30:00,-2.0747619,-1.4457558
2019-01-20 21:00:00,-12.769606,-5.6222444
2019-01-20 21:30:00,-2.4764748,8.368277
2019-01-20 22:00:00,0.5915201,-0.39575908
2019-01-20 22:30:00,43.042984,6.7187757
2019-01-20 23:00:00,2.4238913,3.528033
2019-01-20 23:30:00,0.69975746,2.8895497
2019-01-21 00:00:00,-0.22601883,2.9645364
2019-01-21 00:30:00,0.59686816,1.4750055
2019-01-21 01:00:00,2.570828,-0.052879274
2019-01-21 01:30:00,1.033632,3.7540941
2019-01-21 02:00:00,6.82558,5.1800113
2019-01-21 02:30:00,0.078174785,3.9836068
2019-01-21 03:00:00,3.048314,-0.9555418
2019-01-21 03:30:00,-0.9671293,-1.131032
2019-01-21 04:00:00,-8.739884,5.972588
2019-01-21 04:30:00,1.724329,1.4324918
2019-01-21 05:00:00,-7.991088,-24.561945
2019-01-21 05:30:00,8.034192,2.882183
2019-01-21 06:00:00,2.4759872,5.0225053
2019-01-21 06:30:00,18.972942,3.7217784
2019-01-21 07:00:00,-2.8973167,0.07746695
2019-01-21 07:30:00,0.42113757,-0.26166394
2019-01-21 08:00:00,-0.1256201,0.34580573
2019-01-21 08:30:00,0.8973129,2.114083
2019-01-21 09:00:00,4.976225,1.5534483
2019-01-21 09:30:00,4.6634893,6.7597294
2019-01-21 10:00:00,0.87215424,-4.8859053
2019-01-21 10:30:00,-10.696344,1.4545745
2019-01-21 11:00:00,4.6213164,5.6300273
2019-01-21 11:30:00,-21.105865,-13.609802
2019-01-21 12:00:00,25.786648,6.5565333
2019-01-21 12:30:00,-3.7362087,-0.2571941
2019-01-21 13:00:00,-0.45616522,0.17956538
2019-01-21 13:30:00,1.1307013,-0.49742493
2019-01-21 14:00:00,20.163307,2.1225376
2019-01-21 14:30:00,-0.040649485,1.5050273
2019-01-21 15:00:00,-11.1316,7.582363
2019-01-21 15:30:00,21.870632,0.98701113
2019-01-21 16:00:00,3.2280734,3.7221935
2019-01-21 16:30:00,-2.3134983,-1.66265
2019-01-21 17:00:00,-34.708157,-27.757338
2019-01-21 17:30:00,-1.5109726,1.9415683
2019-01-21 18:00:00,0.14836828,0.9422385
2019-01-21 18:30:00,0.09189452,0.509927
2019-01-21 19:00:00,-32.334095,-14.95
2019-01-21 19:30:00,-6.1132627,-1.3108916
2019-01-21 20:00:00,-3.1967566,-7.3631477
2019-01-21 20:30:00,0.7763782,2.7973917
2019-01-21 21:00:00,2.9634223,6.8340654
2019-01-21 21:30:00,-1.8728634,-5.1710224
2019-01-21 22:00:00,1.9178646,-0.6716525
2019-01-21 22:30:00,-3.0692766,-1.556807
2019-01-21 23:00:00,2.2884066,0.85673046
2019-01-21 23:30:00,43.447086,-14.124113
2019-01-22 00:00:00,2.0239828,3.4054992
2019-01-22 00:30:00,-0.72784656,0.792322
2019-01-22 01:00:00,-19.91111,-7.9028273
2019-01-22 01:30:00,4.9641266,5.589231
2019-01-22 02:00:00,-12.69271,-19.56546
2019-01-22 02:30:00,-1.3101226,1.6748112
2019-01-22 03:00:00,1.3710939,-0.10057502
2019-01-22 03:30:00,-23.558203,-5.8517833
2019-01-22 04:00:00,10.220398,3.160353
2019-01-22 04:30:00,0.98099893,2.1709063
2019-01-22 05:00:00,-26.343737,-3.0047414
2019-01-22 05:30:00,0.7819098,-0.1465973
2019-01-22 06:00:00,2.0385895,3.352023
2019-01-22 06:30:00,0.8782626,2.9636319
2019-01-22 07:00:00,9.1628895,3.2292747
2019-01-22 07:30:00,15.81462,-4.6972985
2019-01-22 08:00:00,0.71934086,2.8882608
2019-01-22 08:30:00,2.7230296,2.3723333
2019-01-22 09:00:00,7.258931,3.1595926
2019-01-22 09:30:00,4.455269,3.6290174
2019-01-22 10:00:00,-27.578918,-15.525735
2019-01-22 10:30:00,0.43790713,0.73680073
2019-01-22 11:00:00,-0.99001586,2.3359191
2019-01-22 11:30:00,-1.0671304,-2.065097
2019-01-22 12:00:00,-1.7717568,3.6169012
2019-01-22 12:30:00,-1.3388991,-0.5365917
2019-01-22 13:00:00,3.7422445,2.4992888
2019-01-22 13:30:00,0.5803739,6.0122924
2019-01-22 14:00:00,-13.898834,-10.505745
2019-01-22 14:30:00,-9.982647,-9.5777445
2019-01-22 15:00:00,-0.7581305,1.6851315
2019-01-22 15:30:00,1.095065,2.388823
2019-01-22 16:00:00,0.95892936,-1.6538239
2019-01-22 16:30:00,5.1485696,8.11344
2019-01-22 17:00:00,-10.822312,-1.4150524
2019-01-22 17:30:00,-2.5900645,-2.535081
2019-01-22 18:00:00,0.32547083,-1.2101084
2019-01-22 18:30:00,3.4025543,12.76859
2019-01-22 19:00:00,6.411056,3.6044397
2019-01-22 19:30:00,2.654833,2.8111506
2019-01-22 20:00:00,-26.574846,-24.335455
2019-01-22 20:30:00,-1.9242381,0.8091046
2019-01-22 21:00:00,2.2504852,2.760759
2019-01-22 21:30:00,1.3694422,2.4588811
2019-01-22 22:00:00,0.80651796,0.9266487
2019-01-22 22:30:00,-1.1683724,5.986889
2019-01-22 23:00:00,1.682663,0.18332739
2019-01-22 23:30:00,0.65212286,3.186617
2019-01-23 00:00:00,-13.266915,1.6241792
2019-01-23 00:30:00,1.563122,23.941221
2019-01-23 01:00:00,-3.673727,1.965355
2019-01-23 01:30:00,-18.3859,-5.921212
2019-01-23 02:00:00,3.9792726,4.8007436
2019-01-23 02:30:00,-12.813688,-10.957884
2019-01-23 03:00:00,-24.51754,-23.91259
2019-01-23 03:30:00,2.3589761,1.690235
2019-01-23 04:00:00,-29.364403,-23.574785
2019-01-23 04:30:00,-24.57848,6.462531
2019-01-23 05:00:00,0.60172254,4.2749634
2019-01-23 05:30:00,-17.68321,9.2989645
2019-01-23 06:00:00,1.2929132,1.1911469
2019-01-23 06:30:00,10.306164,-2.021692
2019-01-23 07:00:00,0.038531743,0.72341305
2019-01-23 07:30:00,5.243179,5.3744907
2019-01-23 08:00:00,4.509479,2.1563914
2019-01-23 08:30:00,0.89137495,0.68420696
2019-01-23 09:00:00,-15.816842,-10.178402
2019-01-23 09:30:00,25.206293,4.046045
2019-01-23 10:00:00,3.2902403,5.552917
2019-01-23 10:30:00,3.2276452,6.0664287
2019-01-23 11:00:00,-1.2406458,3.3041742
2019-01-23 11:30:00,4.3202124,2.8121338
2019-01-23 12:00:00,-25.289366,-20.823315
2019-01-23 12:30:00,12.27693,11.168663
2019-01-23 13:00:00,0.6280784,-5.849026
2019-01-23 13:30:00,3.6993637,3.4341838
2019-01-23 14:00:00,0.2490729,7.53063
2019-01-23 14:30:00,0.13332899,1.8344058
2019-01-23 15:00:00,24.596962,1.6070951
2019-01-23 15:30:00,-30.134295,-18.818224
2019-01-23 16:00:00,0.79750836,5.0744786
2019-01-23 16:30:00,-0.077413134,1.3532014
2019-01-23 17:00:00,0.235659,2.049762
2019-01-23 17:30:00,-9.295708,-8.026999
2019-01-23 18:00:00,4.480353,1.8721219
2019-01-23 18:30:00,5.302274,10.835754
2019-01-23 19:00:00,-24.801199,-11.538382
2019-01-23 19:30:00,1.1877126,3.99422
2019-01-23 20:00:00,0.35522604,1.4084954
2019-01-23 20:30:00,-8.351445,-14.763796
2019-01-23 21:00:00,13.170241,3.7814724
2019-01-23 21:30:00,-9.653203,-1.90978
2019-01-23 22:00:00,0.41419032,2.9953358
2019-01-23 22:30:00,-1.7407782,-1.4345003
2019-01-23 23:00:00,-8.925227,-5.722569
2019-01-23 23:30:00,-10.157792,3.011673
2019-01-24 00:00:00,1.8546315,4.738852
2019-01-24 00:30:00,1.8183835,0.95408815
2019-01-24 01:00:00,-1.3651458,0.5035958
2019-01-24 01:30:00,-5.660179,4.946601
2019-01-24 02:00:00,-21.871746,-0.6227202
2019-01-24 02:30:00,-32.734936,8.454597
2019-01-24 03:00:00,5.3844876,5.3053155
2019-01-24 03:30:00,-0.5918508,0.8488744
2019-01-24 04:00:00,-4.5740256,0.32978338
2019-01-24 04:30:00,1.3775954,-0.10011187
2019-01-24 05:00:00,-20.927576,-20.509535
2019-01-24 05:30:00,-5.492641,1.4847797
2019-01-24 06:00:00,-1.1527565,-1.0874522
2019-01-24 06:30:00,0.43508014,6.822858
2019-01-24 07:00:00,-19.049227,6.9037867
2019-01-24 07:30:00,0.20887056,1.939554
2019-01-24 08:00:00,3.900515,4.6193156
2019-01-24 08:30:00,0.5292438,3.7272007
2019-01-24 09:00:00,-1.2876861,-2.2056806
2019-01-24 09:30:00,2.9213848,11.253538
2019-01-24 10:00:00,4.0102644,2.8701804
2019-01-24 10:30:00,2.2154431,1.0152764
2019-01-24 11:00:00,-17.264957,-7.346667
2019-01-24 11:30:00,-3.8930025,-6.9921994
2019-01-24 12:00:00,4.474992,5.3039956
2019-01-24 12:30:00,-8.711112,3.6972663
2019-01-24 13:00:00,-2.8645422,2.7449288
2019-01-24 13:30:00,2.650031,5.2243953
2019-01-24 14:00:00,0.60885763,5.216102
2019-01-24 14:30:00,-9.117308,-0.6029708
2019-01-24 15:00:00,0.93172145,4.0653925
2019-01-24 15:30:00,-2.2564435,6.9709873
2019-01-24 16:00:00,-12.225793,2.8745892
2019-01-24 16:30:00,0.4236412,4.508889
2019-01-24 17:00:00,1.1140105,4.7348104
2019-01-24 17:30:00,-4.597996,-0.41743538
2019-01-24 18:00:00,-9.148016,-4.8006988
2019-01-24 18:30:00,-28.317654,-19.002663
2019-01-24 19:00:00,-3.325556,-0.08314134
2019-01-24 19:30:00,-11.724345,2.735596
2019-01-24 20:00:00,1.9033234,2.5301626
2019-01-24 20:30:00,3.2793212,2.9163163
2019-01-24 21:00:00,1.521504,4.5649786
2019-01-24 21:30:00,20.81513,2.5772684
2019-01-24 22:00:00,2.5300708,6.272583
2019-01-24 22:30:00,-0.7044706,2.1793828
2019-01-24 23:00:00,1.3051561,2.3654165
2019-01-24 23:30:00,-1.2278742,4.903816
2019-01-25 00:00:00,-2.4164095,-10.67573
2019-01-25 00:30:00,0.0054383418,-0.31644678
2019-01-25 01:00:00,7.5062494,8.153218
2019-01-25 01:30:00,-1.3118923,1.3622284
2019-01-25 02:00:00,-30.873781,-16.066875
2019-01-25 02:30:00,-11.539321,-2.3525383
2019-01-25 03:00:00,2.3230338,3.3948817
2019-01-25 03:30:00,5.7501316,3.5733168
2019-01-25 04:00:00,0.21950991,2.3684707
2019-01-25 04:30:00,-17.375929,-16.290817
2019-01-25 05:00:00,-6.692694,-3.4972494
2019-01-25 05:30:00,-5.7321773,-0.3265312
2019-01-25 06:00:00,-32.869377,5.9584184
2019-01-25 06:30:00,0.6611062,2.4821784
2019-01-25 07:00:00,5.7905917,3.738325
2019-01-25 07:30:00,-11.834558,3.3411562
2019-01-25 08:00:00,7.2706413,2.6614132
2019-01-25 08:30:00,1.3769925,3.4114416
2019-01-25 09:00:00,-27.967413,4.4756517
2019-01-25 09:30:00,-21.628714,-9.906821
2019-01-25 10:00:00,30.32344,5.460733
2019-01-25 10:30:00,-0.8184449,0.49481344
2019-01-25 11:00:00,-30.114344,-23.404083
2019-01-25 11:30:00,-24.938673,-27.334597
2019-01-25 12:00:00,-6.00984,5.283486
2019-01-25 12:30:00,-1.640423,0.29159093
2019-01-25 13:00:00,-5.745058,-2.445614
2019-01-25 13:30:00,-5.91125,-18.875973
2019-01-25 14:00:00,1.42374,0.597576
2019-01-25 14:30:00,30.846014,0.03662234
2019-01-25 15:00:00,-13.788154,-27.052874
2019-01-25 15:30:00,-27.38216,-22.58111
2019-01-25 16:00:00,0.91719776,3.7965553
2019-01-25 16:30:00,-5.959955,-8.329358
2019-01-25 17:00:00,-25.46103,4.796042
2019-01-25 17:30:00,1.2897235,3.6404562
2019-01-25 18:00:00,1.0629984,2.446079
2019-01-25 18:30:00,1.0676124,1.5508442
2019-01-25 19:00:00,-6.5275025,-3.2587008
2019-01-25 19:30:00,-0.74965835,2.3345034
2019-01-25 20:00:00,-2.2726843,-1.7212952
2019-01-25 20:30:00,6.5743513,6.41214
2019-01-25 21:00:00,2.6638339,2.8964357
2019-01-25 21:30:00,-2.858766,-4.0249653
2019-01-25 22:00:00,4.9860387,3.0682428
2019-01-25 22:30:00,-20.304888,5.5138903
2019-01-25 23:00:00,2.8259146,7.068236
2019-01-25 23:30:00,-11.998469,-14.600939
2019-01-26 00:00:00,-8.274182,-4.0401225
2019-01-26 00:30:00,-7.353898,-8.940083
2019-01-26 01:00:00,7.3278666,3.5969944
2019-01-26 01:30:00,0.669692,2.9766612
2019-01-26 02:00:00,-9.744592,-12.0475235
2019-01-26 02:30:00,-6.208785,-4.5855613
2019-01-26 03:00:00,1.6620003,3.321538
2019-01-26 03:30:00,21.047073,-1.9177846
2019-01-26 04:00:00,-18.058964,-18.943758
2019-01-26 04:30:00,3.0629253,3.3658867
2019-01-26 05:00:00,11.526089,0.8228768
2019-01-26 05:30:00,-1.2588747,3.5845025
2019-01-26 06:00:00,5.05015,4.565306
2019-01-26 06:30:00,-6.4037933,5.8418355
2019-01-26 07:00:00,-1.5482475,1.6623193
2019-01-26 07:30:00,7.3590765,3.4014926
2019-01-26 08:00:00,1.412607,-1.3849477
2019-01-26 08:30:00,0.3247499,2.2864406
2019-01-26 09:00:00,1.4297304,4.5196466
2019-01-26 09:30:00,-0.5661809,3.9035823
2019-01-26 10:00:00,-16.46785,-14.217689
2019-01-26 10:30:00,-3.5590756,-14.404511
2019-01-26 11:00:00,-3.9242783,0.21919096
2019-01-26 11:30:00,-2.638621,-14.786385
2019-01-26 12:00:00,-1.4735404,-0.21945609
2019-01-26 12:30:00,1.2640362,3.6467655
2019-01-26 13:00:00,5.168533,3.213991
2019-01-26 13:30:00,-42.90288,-3.8698668
2019-01-26 14:00:00,0.37979922,-1.6834087
2019-01-26 14:30:00,-3.4452586,0.5279593
2019-01-26 15:00:00,-11.738511,-10.214112
2019-01-26 15:30:00,-4.735386,5.945258
2019-01-26 16:00:00,1.9159771,2.1056895
2019-01-26 16:30:00,3.3170943,10.725136
2019-01-26 17:00:00,9.755941,8.138274
2019-01-26 17:30:00,-22.82541,-14.462719
2019-01-26 18:00:00,-1.99666,1.4507862
2019-01-26 18:30:00,-0.71200335,-0.778129
2019-01-26 19:00:00,-23.137314,-6.725888
2019-01-26 19:30:00,0.057735004,1.264259
2019-01-26 20:00:00,-1.2490655,3.941871
2019-01-26 20:30:00,-14.38815,-16.719841
2019-01-26 21:00:00,1.5720443,0.9614112
2019-01-26 21:30:00,-0.65152293,-0.5920649
2019-01-26 22:00:00,0.79010236,1.7023599
2019-01-26 22:30:00,-17.478165,-0.43368497
2019-01-26 23:00:00,1.5949833,0.72024095
2019-01-26 23:30:00,3.9226458,5.5863953
2019-01-27 00:00:00,3.1761394,5.538066
2019-01-27 00:30:00,-0.9401005,-1.2644718
2019-01-27 01:00:00,4.5068445,3.1441338
2019-01-27 01:30:00,6.4864707,1.0970224
2019-01-27 02:00:00,-8.332932,2.0518768
2019-01-27 02:30:00,9.637746,8.527784
2019-01-27 03:00:00,1.0586246,0.6891225
2019-01-27 03:30:00,8.772979,12.390747
2019-01-27 04:00:00,-4.585277,1.5492319
2019-01-27 04:30:00,2.8420944,4.4656763
2019-01-27 05:00:00,-6.133296,2.8263428
2019-01-27 05:30:00,-7.740611,5.8523045
2019-01-27 06:00:00,1.70035,2.812029
2019-01-27 06:30:00,-16.425962,-7.758381
2019-01-27 07:00:00,11.391727,10.350587
2019-01-27 07:30:00,1.0968432,4.0229006
2019-01-27 08:00:00,13.542964,1.5856242
2019-01-27 08:30:00,-24.407295,11.412329
2019-01-27 09:00:00,-30.207924,-23.439407
2019-01-27 09:30:00,2.3938565,5.6067824
2019-01-27 10:00:00,0.7279921,5.465181
2019-01-27 10:30:00,-0.18549319,0.028438563
2019-01-27 11:00:00,2.3935595,3.0982296
2019-01-27 11:30:00,0.7652102,0.593294
2019-01-27 12:00:00,-5.4886823,6.2551317
2019-01-27 12:30:00,1.3193127,3.7091773
2019-01-27 13:00:00,-0.06347056,-1.8478402
2019-01-27 13:30:00,-4.2684646,3.4359536
2019-01-27 14:00:00,1.7298692,1.1437439
2019-01-27 14:30:00,3.3812625,1.2166419
2019-01-27 15:00:00,-10.864826,-0.1226839
2019-01-27 15:30:00,1.5213337,2.3598456
2019-01-27 16:00:00,21.051949,0.39487347
2019-01-27 16:30:00,6.8195024,1.906797
2019-01-27 17:00:00,0.3246057,2.1243029
2019-01-27 17:30:00,-0.37303412,0.57984084
2019-01-27 18:00:00,3.1376455,3.6558144
2019-01-27 18:30:00,16.920784,5.102329
2019-01-27 19:00:00,1.7031201,3.0775363
2019-01-27 19:30:00,0.89463013,-3.2564943
2019-01-27 20:00:00,0.17936876,1.9222121
2019-01-27 20:30:00,4.3916903,5.077664
2019-01-27 21:00:00,0.05770442,1.1888049
2019-01-27 21:30:00,1.5399208,5.3083215
2019-01-27 22:00:00,2.8077075,1.6803952
2019-01-27 22:30:00,19.422136,3.216193
2019-01-27 23:00:00,1.8587037,2.5538008
2019-01-27 23:30:00,1.2301694,0.8459032
2019-01-28 00:00:00,0.0651323,-2.0153477
2019-01-28 00:30:00,0.8732422,3.431995
2019-01-28 01:00:00,-12.230953,-14.374793
2019-01-28 01:30:00,2.5116935,4.0630503
2019-01-28 02:00:00,2.0319045,4.9311686
2019-01-28 02:30:00,-0.8132323,1.7319447
2019-01-28 03:00:00,0.790867,5.738387
2019-01-28 03:30:00,74.86222,8.517887
2019-01-28 04:00:00,3.0737832,4.071824
2019-01-28 04:30:00,-1.1512796,3.4998114
2019-01-28 05:00:00,-3.524125,3.4598887
2019-01-28 05:30:00,-18.290962,-11.838713
2019-01-28 06:00:00,4.55551,4.4098277
2019-01-28 06:30:00,7.622963,7.7644467
2019-01-28 07:00:00,0.5426009,1.5329648
2019-01-28 07:30:00,-10.792164,-4.441045
2019-01-28 08:00:00,-2.0262623,4.6173973
2019-01-28 08:30:00,0.2471897,2.361165
2019-01-28 09:00:00,-6.141196,0.5331719
2019-01-28 09:30:00,1.2420802,3.8009596
2019-01-28 10:00:00,-6.5025663,-2.4027684
2019-01-28 10:30:00,4.8550806,0.28432474
2019-01-28 11:00:00,1.0134325,0.5908166
2019-01-28 11:30:00,-2.1240656,0.06905597
2019-01-28 12:00:00,-5.615507,3.0184321
2019-01-28 12:30:00,1.6537117,2.5505674
2019-01-28 13:00:00,0.32405952,3.8609507
2019-01-28 13:30:00,-9.48889,4.071496
2019-01-28 14:00:00,-1.2908494,1.4122748
2019-01-28 14:30:00,9.010632,4.409242
2019-01-28 15:00:00,-18.31922,-10.403401
2019-01-28 15:30:00,0.6427506,-5.3073983
2019-01-28 16:00:00,8.654311,2.5080886
2019-01-28 16:30:00,0.82019836,3.0970936
2019-01-28 17:00:00,-0.49947417,1.3390971
2019-01-28 17:30:00,1.3332422,2.1984856
2019-01-28 18:00:00,4.4853077,11.841127
2019-01-28 18:30:00,-2.0898056,2.1758437
2019-01-28 19:00:00,1.0951699,0.7051929
2019-01-28 19:30:00,-2.4524128,1.0946586
2019-01-28 20:00:00,-15.539182,6.5190487
2019-01-28 20:30:00,2.4171758,1.6282777
2019-01-28 21:00:00,-34.93518,-22.39198
2019-01-28 21:30:00,-1.4882694,1.0907961
2019-01-28 22:00:00,-1.4924597,3.5594661
2019-01-28 22:30:00,-3.8771725,-0.12441415
2019-01-28 23:00:00,-5.214751,-5.5736923
2019-01-28 23:30:00,-9.0335,-11.3206835
2019-01-29 00:00:00,0.5284967,3.3214242
2019-01-29 00:30:00,1.6505133,2.975652
2019-01-29 01:00:00,1.7344178,1.5111313
2019-01-29 01:30:00,-1.5221057,-1.9340473
2019-01-29 02:00:00,-3.680268,0.013128385
2019-01-29 02:30:00,-0.17993538,1.8083951
2019-01-29 03:00:00,0.5049765,2.668426
2019-01-29 03:30:00,3.0142245,2.1235514
2019-01-29 04:00:00,0.09753971,1.9484631
2019-01-29 04:30:00,-2.7908971,-0.24849036
2019-01-29 05:00:00,0.04133249,1.6384583
2019-01-29 05:30:00,3.550024,7.530984
2019-01-29 06:00:00,-36.765038,3.224652
2019-01-29 06:30:00,0.8992791,1.9992611
2019-01-29 07:00:00,2.6961014,-1.3924541
2019-01-29 07:30:00,-8.39499,-6.957769
2019-01-29 08:00:00,6.0972934,3.4227319
2019-01-29 08:30:00,2.2232206,4.841763
2019-01-29 09:00:00,1.111118,0.9769617
2019-01-29 09:30:00,-5.4801755,1.3056017
2019-01-29 10:00:00,-2.2092679,-2.2807372
2019-01-29 10:30:00,4.3985457,3.3419514
2019-01-29 11:00:00,3.9723165,3.3121438
2019-01-29 11:30:00,-8.614802,2.0978334
2019-01-29 12:00:00,2.7392137,5.7925057
2019-01-29 12:30:00,1.3358856,24.73207
2019-01-29 13:00:00,5.563587,1.6869317
2019-01-29 13:30:00,6.3306603,7.390138
2019-01-29 14:00:00,-0.5520723,-1.5615696
2019-01-29 14:30:00,3.2029846,3.694409
2019-01-29 15:00:00,2.2194586,0.26349172
2019-01-29 15:30:00,-1.8833498,0.5467387
2019-01-29 16:00:00,-6.5022388,0.021810269
2019-01-29 16:30:00,-0.4438393,4.2115555
2019-01-29 17:00:00,-4.0546637,-1.7495693
2019-01-29 17:30:00,7.913717,-3.7330453
2019-01-29 18:00:00,-13.685205,-6.4819345
2019-01-29 18:30:00,-2.4344897,2.209741
2019-01-29 19:00:00,-34.30101,-22.50901
2019-01-29 19:30:00,5.1271596,1.3356453
2019-01-29 20:00:00,-10.582881,-3.5432804
2019-01-29 20:30:00,-15.485391,-19.114033
2019-01-29 21:00:00,4.913822,4.710193
2019-01-29 21:30:00,-10.250885,-0.54253405
2019-01-29 22:00:00,3.3324482,2.8724568
2019-01-29 22:30:00,7.3010254,0.14707059
2019-01-29 23:00:00,0.89754885,0.3081464
2019-01-29 23:30:00,-11.313348,-2.7202098
2019-01-30 00:00:00,-1.2042403,-0.15534909
2019-01-30 00:30:00,-0.20020913,0.96281374
2019-01-30 01:00:00,-16.988775,-14.019011
2019-01-30 01:30:00,16.781464,1.4290881
2019-01-30 02:00:00,-30.016665,4.714956
2019-01-30 02:30:00,5.5365014,6.114692
2019-01-30 03:00:00,0.9201646,0.39075753
2019-01-30 03:30:00,3.4437222,3.566208
2019-01-30 04:00:00,8.386476,2.6191573
2019-01-30 04:30:00,3.2134273,3.9886317
2019-01-30 05:00:00,2.225095,0.7567424
2019-01-30 05:30:00,2.1318052,-2.2079744
2019-01-30 06:00:00,-5.9949365,-4.815646
2019-01-30 06:30:00,1.0574843,-0.07005953
2019-01-30 07:00:00,1.441733,1.6847864
2019-01-30 07:30:00,-0.60967773,1.944002
2019-01-30 08:00:00,-0.5851701,4.0590262
2019-01-30 08:30:00,-0.5858342,0.5627567
2019-01-30 09:00:00,3.315329,3.633107
2019-01-30 09:30:00,-14.562168,-8.244391
2019-01-30 10:00:00,7.394573,5.2030554
2019-01-30 10:30:00,-20.774061,-19.166216
2019-01-30 11:00:00,-17.379286,5.9429507
2019-01-30 11:30:00,0.47747588,1.4394697
2019-01-30 12:00:00,0.7628551,-0.0027847607
2019-01-30 12:30:00,-20.18976,-3.3071043
2019-01-30 13:00:00,-10.072957,0.54793155
2019-01-30 13:30:00,-6.385385,-6.652033
2019-01-30 14:00:00,6.6476603,7.049749
2019-01-30 14:30:00,2.1947455,3.8838549
2019-01-30 15:00:00,1.3449346,4.7646704
2019-01-30 15:30:00,6.4741755,3.365546
2019-01-30 16:00:00,2.809866,-0.6354262
2019-01-30 16:30:00,-23.216227,-15.538463
2019-01-30 17:00:00,29.268768,4.155523
2019-01-30 17:30:00,-9.530451,3.6922243
2019-01-30 18:00:00,0.47000432,3.2593184
2019-01-30 18:30:00,20.579649,0.85306895
2019-01-30 19:00:00,4.422464,5.7258162
2019-01-30 19:30:00,-4.4483724,0.11904124
2019-01-30 20:00:00,-1.0852894,4.5867724
2019-01-30 20:30:00,-1.1014822,3.2418454
2019-01-30 21:00:00,1.3468046,2.8997653
2019-01-30 21:30:00,-4.1245775,-0.38198254
2019-01-30 22:00:00,-17.737295,-17.259705
2019-01-30 22:30:00,-5.2021236,3.5569189
2019-01-30 23:00:00,-11.640773,3.2383544
2019-01-30 23:30:00,-14.843127,-3.9241865
2019-01-31 00:00:00,-0.8649609,1.7746856
2019-01-31 00:30:00,0.7171911,2.30044
2019-01-31 01:00:00,-5.8822904,-2.493987
2019-01-31 01:30:00,-4.6570873,0.46657437
2019-01-31 02:00:00,30.86149,2.636722
2019-01-31 02:30:00,-4.641314,-2.415221
2019-01-31 03:00:00,-27.429016,-14.676188
2019-01-31 03:30:00,0.64520186,3.1538424
2019-01-31 04:00:00,3.4365566,0.8289589
2019-01-31 04:30:00,-39.93651,-24.74278
2019-01-31 05:00:00,-0.5619863,2.9193442
2019-01-31 05:30:00,10.10382,-10.382953
2019-01-31 06:00:00,-6.289784,-1.3088686
2019-01-31 06:30:00,-2.4545233,2.4356973
2019-01-31 07:00:00,0.7054813,1.1476413
2019-01-31 07:30:00,-37.76835,-31.992786
2019-01-31 08:00:00,4.5521197,4.2934456
2019-01-31 08:30:00,15.100184,-4.1050687
2019-01-31 09:00:00,0.19061546,2.7851663
2019-01-31 09:30:00,-0.30207163,0.5156552
2019-01-31 10:00:00,3.0600328,-0.7911671
2019-01-31 10:30:00,4.567373,3.928492
2019-01-31 11:00:00,0.32597768,2.2424018
2019-01-31 11:30:00,-5.723443,-6.133593
2019-01-31 12:00:00,3.5708308,3.7321339
2019-01-31 12:30:00,-10.2410145,-10.322141
2019-01-31 13:00:00,-1.8963224,3.7003074
2019-01-31 13:30:00,0.74853677,2.4346137
2019-01-31 14:00:00,-17.39398,-2.7883148
2019-01-31 14:30:00,-4.427823,-0.4630557
2019-01-31 15:00:00,0.30852214,1.3279903
2019-01-31 15:30:00,2.7320218,1.2749333
2019-01-31 16:00:00,-2.9695158,-2.06331
2019-01-31 16:30:00,-2.2166214,-0.051961713
2019-01-31 17:00:00,-13.104179,-10.103817
2019-01-31 17:30:00,1.250098,3.0621738
2019-01-31 18:00:00,-5.2799635,-5.770042
2019-01-31 18:30:00,0.4182713,2.8175516
2019-01-31 19:00:00,-2.517302,2.4087298
2019-01-31 19:30:00,0.7815821,1.4026492
2019-01-31 20:00:00,-16.906382,1.488686
2019-01-31 20:30:00,-21.076563,-13.780733
2019-01-31 21:00:00,3.6134887,4.2500405
2019-01-31 21:30:00,3.6225986,2.9820576
2019-01-31 22:00:00,8.776797,-4.2098017
2019-01-31 22:30:00,2.646256,0.5740602
2019-01-31 23:00:00,25.318962,5.44094
2019-01-31 23:30:00,-4.098611,-4.9546437
2019-02-01 00:00:00,5.2092857,3.4283116
2019-02-01 00:30:00,1.8031213,4.2574425
2019-02-01 01:00:00,-13.893813,-5.597208
2019-02-01 01:30:00,-31.906546,-17.774626
2019-02-01 02:00:00,1.5139889,2.03817
2019-02-01 02:30:00,-14.727631,-15.35879
2019-02-01 03:00:00,1.4063369,3.6072142
2019-02-01 03:30:00,3.3573053,3.0572538
2019-02-01 04:00:00,4.223724,4.684768
2019-02-01 04:30:00,-11.071797,-4.3573194
2019-02-01 05:00:00,5.007339,9.372405
2019-02-01 05:30:00,23.713114,2.5360088
2019-02-01 06:00:00,-11.323012,-7.0630045
2019-02-01 06:30:00,-6.9803104,4.121582
2019-02-01 07:00:00,-0.7902408,0.13451746
2019-02-01 07:30:00,0.6401509,5.3927546
2019-02-01 08:00:00,5.138957,1.0343093
2019-02-01 08:30:00,3.4416642,2.67879
2019-02-01 09:00:00,-0.9796736,-4.8830566
2019-02-01 09:30:00,31.632399,22.014769
2019-02-01 10:00:00,-12.652621,0.29072583
2019-02-01 10:30:00,-2.9571943,-0.92817223
2019-02-01 11:00:00,-22.753,-21.512867
2019-02-01 11:30:00,1.1357566,-2.2532103
2019-02-01 12:00:00,3.106942,4.4659734
2019-02-01 12:30:00,-10.038762,7.6306095
2019-02-01 13:00:00,-2.141862,1.4704483
2019-02-01 13:30:00,2.9478543,-0.25095904
2019-02-01 14:00:00,-23.47779,-2.509446
2019-02-01 14:30:00,1.8560952,2.8369079
2019-02-01 15:00:00,7.3461742,8.951602
2019-02-01 15:30:00,1.3897465,0.26054242
2019-02-01 16:00:00,10.541396,-0.8152902
2019-02-01 16:30:00,14.458364,5.4178476
2019-02-01 17:00:00,-9.990018,-13.781192
2019-02-01 17:30:00,4.9810357,2.5452805
2019-02-01 18:00:00,2.3093796,5.3188996
2019-02-01 18:30:00,-18.80062,-4.757805
2019-02-01 19:00:00,6.391621,-0.34559464
2019-02-01 19:30:00,0.7532163,1.5411574
2019-02-01 20:00:00,-2.9759867,-0.58776546
2019-02-01 20:30:00,-23.210924,5.2629066
2019-02-01 21:00:00,2.1053095,2.5722568
2019-02-01 21:30:00,1.9784019,2.6202583
2019-02-01 22:00:00,1.4962667,1.8931779
2019-02-01 22:30:00,1.9462173,2.3425868
2019-02-01 23:00:00,2.9052837,5.035491
2019-02-01 23:30:00,-4.8023243,-5.168449
2019-02-02 00:00:00,3.3756871,5.3670235
2019-02-02 00:30:00,-14.375588,-20.780043
2019-02-02 01:00:00,0.43967232,2.1642344
2019-02-02 01:30:00,0.33747777,-5.2367897
2019-02-02 02:00:00,4.051205,6.663071
2019-02-02 02:30:00,4.1565847,1.9890893
2019-02-02 03:00:00,-6.0693984,-3.2671597
2019-02-02 03:30:00,3.3974116,0.048694834
2019-02-02 04:00:00,16.51222,1.7738948
2019-02-02 04:30:00,-0.27103618,3.7777498
2019-02-02 05:00:00,-2.9328265,-1.878963
2019-02-02 05:30:00,-4.4112196,-2.3795452
2019-02-02 06:00:00,-1.22042,0.09807277
2019-02-02 06:30:00,-21.015554,-6.5549855
2019-02-02 07:00:00,1.5976006,-0.6360642
2019-02-02 07:30:00,-2.808877,-0.8506513
2019-02-02 08:00:00,-16.585285,7.445349
2019-02-02 08:30:00,-16.37545,0.35956043
2019-02-02 09:00:00,-5.3260336,-2.1906676
2019-02-02 09:30:00,-8.127852,-3.6182408
2019-02-02 10:00:00,1.4066472,0.518504
2019-02-02 10:30:00,0.47964746,3.5897806
2019-02-02 11:00:00,-1.2148798,0.25350776
2019-02-02 11:30:00,-4.479897,-0.20275646
2019-02-02 12:00:00,-24.115288,-18.34144
2019-02-02 12:30:00,39.69751,-7.485166
2019-02-02 13:00:00,0.85590464,-10.06833
2019-02-02 13:30:00,-9.692767,3.91652
2019-02-02 14:00:00,0.55650854,1.6474372
2019-02-02 14:30:00,-2.288628,4.0906644
2019-02-02 15:00:00,16.61022,1.556035
2019-02-02 15:30:00,-3.3016558,1.2861538
2019-02-02 16:00:00,8.915026,2.825976
2019-02-02 16:30:00,-6.4027705,0.5119456
2019-02-02 17:00:00,-0.9762262,-1.6107247
2019-02-02 17:30:00,0.9536993,14.453461
2019-02-02 18:00:00,1.3105085,3.084737
2019-02-02 18:30:00,1.3666633,3.1891556
2019-02-02 19:00:00,-28.257614,-0.8788117
2019-02-02 19:30:00,-7.7885776,3.5977023
2019-02-02 20:00:00,-12.364852,-1.5701641
2019-02-02 20:30:00,-3.5564802,1.748675
2019-02-02 21:00:00,0.7367614,-6.886173
2019-02-02 21:30:00,-1.0511518,0.008317739
2019-02-02 22:00:00,18.566387,2.7304444
2019-02-02 22:30:00,0.86960256,3.437889
2019-02-02 23:00:00,-5.090159,-6.8032517
2019-02-02 23:30:00,-2.7227178,-2.3779724
2019-02-03 00:00:00,1.2359544,2.4263732
2019-02-03 00:30:00,6.5542307,3.486472
2019-02-03 01:00:00,-25.822477,4.2374964
2019-02-03 01:30:00,15.260902,6.0798903
2019-02-03 02:00:00,5.8132734,-1.6301595
2019-02-03 02:30:00,2.3947434,3.2045882
2019-02-03 03:00:00,-7.718607,0.40630803
2019-02-03 03:30:00,-2.2048242,1.4135944
2019-02-03 04:00:00,-8.972071,2.9170504
2019-02-03 04:30:00,2.3176029,2.1397355
2019-02-03 05:00:00,-1.1295683,-1.0716527
2019-02-03 05:30:00,-37.18537,-24.736683
2019-02-03 06:00:00,1.2698431,2.7707212
2019-02-03 06:30:00,-1.0434704,0.80710346
2019-02-03 07:00:00,2.3103497,-3.3533144
2019-02-03 07:30:00,20.541456,2.5990233
2019-02-03 08:00:00,-0.5357965,5.585836
2019-02-03 08:30:00,1.4703697,3.7770593
2019-02-03 09:00:00,-2.9018435,0.48125535
2019-02-03 09:30:00,-5.860837,-8.932371
2019-02-03 10:00:00,3.1914933,3.8469338
2019-02-03 10:30:00,7.6820455,1.9615973
2019-02-03 11:00:00,-15.727502,2.1737726
2019-02-03 11:30:00,-11.44712,3.1686285
2019-02-03 12:00:00,-0.60080796,4.4798245
2019-02-03 12:30:00,0.1190762,-0.9584605
2019-02-03 13:00:00,13.915687,2.6748707
2019-02-03 13:30:00,0.5377772,2.2468019
2019-02-03 14:00:00,-42.17654,-22.915207
2019-02-03 14:30:00,-3.8483698,-0.9944726
2019-02-03 15:00:00,-3.1705842,2.022908
2019-02-03 15:30:00,-6.052105,-22.850803
2019-02-03 16:00:00,-17.761272,-5.7974334
2019-02-03 16:30:00,-0.566028,-11.60553
2019-02-03 17:00:00,0.7815603,0.4305273
2019-02-03 17:30:00,4.8624125,3.1895618
2019-02-03 18:00:00,-9.93939,-2.624495
2019-02-03 18:30:00,-4.2490296,-1.1921766
2019-02-03 19:00:00,-6.3637524,4.9218616
2019-02-03 19:30:00,6.0276814,4.789139
2019-02-03 20:00:00,7.57397,0.47750646
2019-02-03 20:30:00,4.1488466,0.1432212
2019-02-03 21:00:00,0.39829466,1.1805774
2019-02-03 21:30:00,-8.126368,-3.110637
2019-02-03 22:00:00,-25.141302,-22.676748
2019-02-03 22:30:00,3.6275797,-3.7097044
2019-02-03 23:00:00,-7.6971445,-3.100015
2019-02-03 23:30:00,-8.4886465,-3.0738163
2019-02-04 00:00:00,-4.0611305,1.9946208
2019-02-04 00:30:00,3.2977338,-4.9775176
2019-02-04 01:00:00,-5.9347267,-19.51603
2019-02-04 01:30:00,-2.9503126,10.839263
2019-02-04 02:00:00,1.1891719,0.74100405
2019-02-04 02:30:00,10.109976,3.1777253
2019-02-04 03:00:00,-0.10648237,2.1941512
2019-02-04 03:30:00,0.4892862,1.2528288
2019-02-04 04:00:00,2.5773647,1.4106845
2019-02-04 04:30:00,0.58023846,4.49267
2019-02-04 05:00:00,-17.241055,-7.758499
2019-02-04 05:30:00,-12.895434,3.3695307
2019-02-04 06:00:00,3.2450876,3.5594487
2019-02-04 06:30:00,-21.683052,-15.083513
2019-02-04 07:00:00,32.244404,8.554643
2019-02-04 07:30:00,2.0091927,1.6510333
2019-02-04 08:00:00,0.42039916,10.869481
2019-02-04 08:30:00,-19.349142,-20.961613
2019-02-04 09:00:00,-2.3783832,-2.662587
2019-02-04 09:30:00,17.427309,9.729979
2019-02-04 10:00:00,6.71497,-0.58991516
2019-02-04 10:30:00,0.11146917,0.10453503
2019-02-04 11:00:00,18.399225,6.708901
2019-02-04 11:30:00,1.5801756,2.102002
2019-02-04 12:00:00,6.2315025,2.4060996
2019-02-04 12:30:00,4.80548,4.0687566
2019-02-04 13:00:00,-9.432442,-5.375145
2019-02-04 13:30:00,8.528047,2.9649472
2019-02-04 14:00:00,-34.761955,-20.81386
2019-02-04 14:30:00,-1.2451899,2.6005003
2019-02-04 15:00:00,-4.54604,0.11960926
2019-02-04 15:30:00,10.779338,2.8133833
2019-02-04 16:00:00,1.1151421,-2.6449392
2019-02-04 16:30:00,-0.3209035,2.5278642
2019-02-04 17:00:00,2.0240135,-0.29099536
2019-02-04 17:30:00,0.57099295,5.070944
2019-02-04 18:00:00,16.893936,1.278905
2019-02-04 18:30:00,31.954447,24.831457
2019-02-04 19:00:00,4.565962,4.930478
2019-02-04 19:30:00,-2.5258834,-1.0513439
2019-02-04 20:00:00,-1.7488396,2.5122657
2019-02-04 20:30:00,-5.3197503,-1.6420091
2019-02-04 21:00:00,1.2888322,2.394608
2019-02-04 21:30:00,-9.335093,-8.185287
2019-02-04 22:00:00,-24.409513,-15.526818
2019-02-04 22:30:00,24.15289,3.8861618
2019-02-04 23:00:00,-11.254505,-8.196573
2019-02-04 23:30:00,1.1724198,2.7188394
2019-02-05 00:00:00,-4.3878393,-0.59758776
2019-02-05 00:30:00,23.159286,2.1485965
2019-02-05 01:00:00,-7.280777,1.1010247
2019-02-05 01:30:00,0.9680001,0.9299257
2019-02-05 02:00:00,-37.100937,-10.902498
2019-02-05 02:30:00,-19.273712,-24.051678
2019-02-05 03:00:00,4.0993247,2.4433613
2019-02-05 03:30:00,0.54730237,-6.1504283
2019-02-05 04:00:00,2.1956367,1.8998804
2019-02-05 04:30:00,10.807227,2.8557835
2019-02-05 05:00:00,0.3640958,1.5910028
2019-02-05 05:30:00,-10.076085,0.8467334
2019-02-05 06:00:00,-0.24580759,2.7620173
2019-02-05 06:30:00,-1.9620723,0.0870664
2019-02-05 07:00:00,0.8198576,-0.14033167
2019-02-05 07:30:00,-30.85283,-19.486631
2019-02-05 08:00:00,0.11627545,1.2185076
2019-02-05 08:30:00,-30.724707,-19.414444
2019-02-05 09:00:00,9.173958,9.836595
2019-02-05 09:30:00,-7.9899344,6.887179
2019-02-05 10:00:00,-4.4224534,-1.950262
2019-02-05 10:30:00,0.09041331,2.5211442
2019-02-05 11:00:00,-22.360142,-8.86254
2019-02-05 11:30:00,-5.887774,-19.6144
2019-02-05 12:00:00,-4.932238,0.19132766
2019-02-05 12:30:00,1.1988719,1.5155836
2019-02-05 13:00:00,27.127573,9.807735
2019-02-05 13:30:00,-5.9159036,-5.9012356
2019-02-05 14:00:00,-0.17470092,4.192007
2019-02-05 14:30:00,1.0471683,3.4380944
2019-02-05 15:00:00,-41.751858,-24.662556
2019-02-05 15:30:00,-7.1542144,-6.5001063
2019-02-05 16:00:00,10.053769,7.546019
2019-02-05 16:30:00,0.43456456,3.3816469
2019-02-05 17:00:00,-20.650873,-14.80873
2019-02-05 17:30:00,2.958603,4.8218822
2019-02-05 18:00:00,-13.721797,8.351062
2019-02-05 18:30:00,0.51481193,1.1331438
2019-02-05 19:00:00,-11.7118845,5.177394
2019-02-05 19:30:00,0.9833234,2.2707896
2019-02-05 20:00:00,1.0224901,1.6248827
2019-02-05 20:30:00,3.0181787,4.8200254
2019-02-05 21:00:00,1.137854,2.9453769
2019-02-05 21:30:00,3.5799932,1.2280633
2019-02-05 22:00:00,1.3428591,1.5793148
2019-02-05 22:30:00,3.523074,4.2159424
2019-02-05 23:00:00,-8.733404,0.9194043
2019-02-05 23:30:00,4.438084,6.0923476
2019-02-06 00:00:00,-14.772751,-3.0390975
2019-02-06 00:30:00,-7.1237864,-3.6170654
2019-02-06 01:00:00,-17.38002,-7.7241473
2019-02-06 01:30:00,-4.719464,-6.963956
2019-02-06 02:00:00,2.0622234,4.1344104
2019-02-06 02:30:00,-27.4396,4.189141
2019-02-06 03:00:00,-0.44123083,0.026441772
2019-02-06 03:30:00,4.250521,7.6915007
2019-02-06 04:00:00,0.46788955,-0.54290104
2019-02-06 04:30:00,17.955074,3.500257
2019-02-06 05:00:00,2.0167692,2.249843
2019-02-06 05:30:00,-5.326344,-5.761504
2019-02-06 06:00:00,-3.611844,3.5919478
2019-02-06 06:30:00,3.8154266,8.117354
2019-02-06 07:00:00,1.8056948,3.6959293
2019-02-06 07:30:00,-2.201333,3.5615196
2019-02-06 08:00:00,2.3306234,2.118212
2019-02-06 08:30:00,4.643631,2.4547215
2019-02-06 09:00:00,-13.645069,-4.353409
2019-02-06 09:30:00,31.066002,7.6169596
2019-02-06 10:00:00,-7.2978787,4.278992
2019-02-06 10:30:00,6.6328263,6.41425
2019-02-06 11:00:00,-0.007988648,1.737804
2019-02-06 11:30:00,-2.3161504,1.2030052
2019-02-06 12:00:00,7.167844,15.716957
2019-02-06 12:30:00,3.8516529,3.2527819
2019-02-06 13:00:00,31.325655,10.693379
2019-02-06 13:30:00,0.073171884,1.9065349
2019-02-06 14:00:00,1.5673385,0.54844713
2019-02-06 14:30:00,-6.369284,-3.8966117
2019-02-06 15:00:00,-15.671845,-4.502766
2019-02-06 15:30:00,-21.45697,-25.693441
2019-02-06 16:00:00,-2.4118698,0.09987294
2019-02-06 16:30:00,1.1769989,0.9639716
2019-02-06 17:00:00,-6.223182,-2.3002331
2019-02-06 17:30:00,2.9467094,3.7428737
2019-02-06 18:00:00,0.5691578,1.1265811
2019-02-06 18:30:00,-9.888269,3.5484378
2019-02-06 19:00:00,-11.012387,-6.024958
2019-02-06 19:30:00,2.53406,3.0787423
2019-02-06 20:00:00,0.5005504,2.854346
2019-02-06 20:30:00,1.948686,2.5385518
2019-02-06 21:00:00,11.363501,1.9829329
2019-02-06 21:30:00,1.4887296,1.0012509
2019-02-06 22:00:00,1.7354839,2.1888206
2019-02-06 22:30:00,-24.412333,-16.419542
2019-02-06 23:00:00,4.6291595,6.328781
2019-02-06 23:30:00,-3.052861,-2.7063153
2019-02-07 00:00:00,28.583796,2.2128608
2019-02-07 00:30:00,0.48494747,4.208405
2019-02-07 01:00:00,-3.7723563,-3.9882061
2019-02-07 01:30:00,32.455444,3.861108
2019-02-07 02:00:00,1.4574014,0.8651327
2019-02-07 02:30:00,-0.87295246,0.22299665
2019-02-07 03:00:00,5.1166997,12.809897
2019-02-07 03:30:00,3.6976597,3.5678551
2019-02-07 04:00:00,-11.752934,-8.041427
2019-02-07 04:30:00,-17.606169,-12.96741
2019-02-07 05:00:00,2.459248,9.194796
2019-02-07 05:30:00,-3.9797559,-3.542979
2019-02-07 06:00:00,-2.5672655,-2.4250607
2019-02-07 06:30:00,-12.073351,2.5113306
2019-02-07 07:00:00,-2.4751465,0.58488744
2019-02-07 07:30:00,3.3345237,1.0698582
2019-02-07 08:00:00,20.36858,8.1893
2019-02-07 08:30:00,-6.7520866,-2.5166028
2019-02-07 09:00:00,-1.5999455,2.3106992
2019-02-07 09:30:00,3.956753,2.1083374
2019-02-07 10:00:00,-1.8880424,-0.9337475
2019-02-07 10:30:00,1.301381,3.0244358
2019-02-07 11:00:00,2.0628743,6.647385
2019-02-07 11:30:00,-5.7775354,-1.0270067
2019-02-07 12:00:00,15.344444,-3.4440002
2019-02-07 12:30:00,-16.183807,-5.6496053
2019-02-07 13:00:00,-2.203295,-3.584645
2019-02-07 13:30:00,-4.0455627,-6.3071127
2019-02-07 14:00:00,-31.685522,-15.362407
2019-02-07 14:30:00,0.7155832,-3.5847847
2019-02-07 15:00:00,36.32615,1.5023358
2019-02-07 15:30:00,3.8787165,-0.09262282
2019-02-07 16:00:00,-31.500006,-27.113665
2019-02-07 16:30:00,0.6224812,4.383568
2019-02-07 17:00:00,-0.68400896,1.1541604
2019-02-07 17:30:00,1.4412174,3.117341
2019-02-07 18:00:00,27.147514,-4.8825235
2019-02-07 18:30:00,-0.50491834,-0.25330102
2019-02-07 19:00:00,-9.455586,-7.91157
2019-02-07 19:30:00,-8.302766,0.9871903
2019-02-07 20:00:00,36.75833,-1.4420681
2019-02-07 20:30:00,-1.2765661,0.5662129
2019-02-07 21:00:00,0.26893592,2.1403778
2019-02-07 21:30:00,6.144596,9.481709
2019-02-07 22:00:00,-1.7363782,0.9479099
2019-02-07 22:30:00,3.0553138,1.4776752
2019-02-07 23:00:00,3.5415912,1.0711166
2019-02-07 23:30:00,9.103161,2.8154762
2019-02-08 00:00:00,1.6692578,2.9918885
2019-02-08 00:30:00,0.7655117,-1.1900924
2019-02-08 01:00:00,2.264406,1.4325224
2019-02-08 01:30:00,0.7212939,3.1889458
2019-02-08 02:00:00,-2.0073998,-2.9033597
2019-02-08 02:30:00,2.9257367,2.9096093
2019-02-08 03:00:00,3.5000167,4.4270515
2019-02-08 03:30:00,-9.811359,-6.528385
2019-02-08 04:00:00,4.0947585,1.1925144
2019-02-08 04:30:00,-5.609482,3.8696501
2019-02-08 05:00:00,3.6639283,5.337941
2019-02-08 05:30:00,-1.0719761,2.1112125
2019-02-08 06:00:00,1.4638987,1.2746494
2019-02-08 06:30:00,-12.198349,-5.421683
2019-02-08 07:00:00,2.2206514,6.275458
2019-02-08 07:30:00,-14.945232,-6.979323
2019-02-08 08:00:00,-2.4691038,3.4544883
2019-02-08 08:30:00,5.0184197,6.8719606
2019-02-08 09:00:00,1.8718204,3.0845184
2019-02-08 09:30:00,2.0305674,1.7049334
2019-02-08 10:00:00,-34.04468,4.569396
2019-02-08 10:30:00,2.3961897,-1.1468054
2019-02-08 11:00:00,2.7713242,12.172174
2019-02-08 11:30:00,6.295111,-1.2302467
2019-02-08 12:00:00,5.91372,10.823201
2019-02-08 12:30:00,9.430687,2.5813582
2019-02-08 13:00:00,-5.1310954,-3.641866
2019-02-08 13:30:00,32.22427,-4.407733
2019-02-08 14:00:00,0.6798726,0.21433225
2019-02-08 14:30:00,0.59132785,6.326195
2019-02-08 15:00:00,-0.9635595,4.232546
2019-02-08 15:30:00,3.0120966,2.6331391
2019-02-08 16:00:00,-22.243906,-8.256141
2019-02-08 16:30:00,3.6052306,2.105174
2019-02-08 17:00:00,60.08334,4.799184
2019-02-08 17:30:00,2.5801785,2.8456204
2019-02-08 18:00:00,-13.584534,-12.1878805
2019-02-08 18:30:00,-27.860077,-3.229033
2019-02-08 19:00:00,-8.193843,-18.466688
2019-02-08 19:30:00,-17.349844,-3.9533346
2019-02-08 20:00:00,2.334674,8.612191
2019-02-08 20:30:00,-13.521618,-10.75107
2019-02-08 21:00:00,-8.855383,-5.4069757
2019-02-08 21:30:00,3.0682645,4.194515
2019-02-08 22:00:00,3.0269437,5.2211485
2019-02-08 22:30:00,-1.622583,2.6432238
2019-02-08 23:00:00,-0.3680924,0.623709
2019-02-08 23:30:00,4.167041,3.1751955
2019-02-09 00:00:00,0.5222267,-0.09841657
2019-02-09 00:30:00,0.14960043,-0.42914087
2019-02-09 01:00:00,-3.564511,5.8729453
2019-02-09 01:30:00,-19.794134,-17.31923
2019-02-09 02:00:00,0.85472494,2.4342117
2019-02-09 02:30:00,2.608269,3.4512243
2019-02-09 03:00:00,16.55504,2.7968585
2019-02-09 03:30:00,-16.41146,-11.265844
2019-02-09 04:00:00,9.165726,2.5209432
2019-02-09 04:30:00,0.48897162,3.1748502
2019-02-09 05:00:00,-4.9195538,-6.061573
2019-02-09 05:30:00,2.180108,9.427677
2019-02-09 06:00:00,-14.85087,-8.047854
2019-02-09 06:30:00,0.7543349,3.2362745
2019-02-09 07:00:00,7.8780365,1.8835958
2019-02-09 07:30:00,-12.16557,-7.168852
2019-02-09 08:00:00,4.365767,0.8212514
2019-02-09 08:30:00,-27.964685,-18.940943
2019-02-09 09:00:00,5.0736003,1.3133705
2019-02-09 09:30:00,3.355278,7.157803
2019-02-09 10:00:00,-3.2017071,2.0282123
2019-02-09 10:30:00,-2.9357977,-0.2759779
2019-02-09 11:00:00,-8.259173,-3.7647798
2019-02-09 11:30:00,-2.6951866,-0.32833138
2019-02-09 12:00:00,1.0384514,1.648866
2019-02-09 12:30:00,1.710133,4.5427213
2019-02-09 13:00:00,0.0034502912,1.6456414
2019-02-09 13:30:00,0.68474,4.0022597
2019-02-09 14:00:00,-3.2044203,-1.5356725
2019-02-09 14:30:00,-5.435595,-1.3170786
2019-02-09 15:00:00,2.0175862,0.9228211
2019-02-09 15:30:00,-2.1183505,2.8379042
2019-02-09 16:00:00,30.205189,8.766647
2019-02-09 16:30:00,7.089733,6.1562448
2019-02-09 17:00:00,1.1874373,0.86641294
2019-02-09 17:30:00,-7.682975,-2.488744
2019-02-09 18:00:00,1.410549,2.0685763
2019-02-09 18:30:00,3.4874244,2.927161
2019-02-09 19:00:00,-5.742235,-6.762411
2019-02-09 19:30:00,4.540445,-1.0566397
2019-02-09 20:00:00,12.468372,2.5546134
2019-02-09 20:30:00,10.955588,0.8439676
2019-02-09 21:00:00,0.13921013,2.4139206
2019-02-09 21:30:00,4.4586287,0.197235
2019-02-09 22:00:00,14.465922,-1.1123706
2019-02-09 22:30:00,2.456749,1.5499922
2019-02-09 23:00:00,-13.408249,-9.987352
2019-02-09 23:30:00,3.4179125,4.933969
2019-02-10 00:00:00,2.9063804,0.8291249
2019-02-10 00:30:00,3.9185169,4.6159945
2019-02-10 01:00:00,2.7795427,3.4136786
2019-02-10 01:30:00,-18.336723,-15.686347
2019-02-10 02:00:00,-14.681877,-6.1725545
2019-02-10 02:30:00,-8.345083,3.8653114
2019-02-10 03:00:00,0.7785192,3.726209
2019-02-10 03:30:00,-10.455921,-5.3852687
2019-02-10 04:00:00,-0.89085364,2.3603263
2019-02-10 04:30:00,-1.0035958,-2.8503945
2019-02-10 05:00:00,-14.06704,-8.743432
2019-02-10 05:30:00,-3.5067616,2.0789928
2019-02-10 06:00:00,0.91733325,3.22103
2019-02-10 06:30:00,1.8680673,3.5394545
2019-02-10 07:00:00,4.5169597,2.6136038
2019-02-10 07:30:00,-0.6014983,-1.8792295
2019-02-10 08:00:00,-1.8314813,-15.853492
2019-02-10 08:30:00,-6.611206,-1.5133495
2019-02-10 09:00:00,3.013093,2.8802211
2019-02-10 09:30:00,2.1096656,2.402735
2019-02-10 10:00:00,4.9407244,3.9222612
2019-02-10 10:30:00,36.76638,1.2214046
2019-02-10 11:00:00,0.7546539,1.2959629
2019-02-10 11:30:00,2.3831124,5.447529
2019-02-10 12:00:00,-10.235133,-7.5118847
2019-02-10 12:30:00,11.057809,6.7851505
2019-02-10 13:00:00,4.370407,3.9359286
2019-02-10 13:30:00,1.8676084,2.2346463
2019-02-10 14:00:00,2.5325134,1.4186454
2019-02-10 14:30:00,1.4453465,2.734814
2019-02-10 15:00:00,1.3694903,2.9626489
2019-02-10 15:30:00,-19.657978,-7.149823
2019-02-10 16:00:00,-19.35253,-10.125594
2019-02-10 16:30:00,3.1377547,5.2568984
2019-02-10 17:00:00,2.3569007,1.4569733
2019-02-10 17:30:00,-21.067085,-9.755511
2019-02-10 18:00:00,-11.486919,-2.0669014
2019-02-10 18:30:00,-8.467976,1.2953731
2019-02-10 19:00:00,31.653503,19.758541
2019-02-10 19:30:00,-1.1299834,0.78596455
2019-02-10 20:00:00,0.2298871,2.3584473
2019-02-10 20:30:00,2.3233616,2.7274122
2019-02-10 21:00:00,7.065601,5.835902
2019-02-10 21:30:00,12.569278,12.115635
2019-02-10 22:00:00,4.684825,1.4746953
2019-02-10 22:30:00,10.398222,2.5505412
2019-02-10 23:00:00,3.401615,10.706466
2019-02-10 23:30:00,-2.6933427,0.22010851
2019-02-11 00:00:00,-1.1926354,7.195694
2019-02-11 00:30:00,-35.049557,-1.4008914
2019-02-11 01:00:00,0.74460876,-10.803969
2019-02-11 01:30:00,-19.243053,-13.072782
2019-02-11 02:00:00,-2.153952,-2.5489273
2019-02-11 02:30:00,-10.539436,0.8512294
2019-02-11 03:00:00,-14.408081,-7.8327384
2019-02-11 03:30:00,-4.852799,3.0789957
2019-02-11 04:00:00,-10.470934,1.8106978
2019-02-11 04:30:00,0.11891016,2.6572669
2019-02-11 05:00:00,-1.4927087,1.4754555
2019-02-11 05:30:00,0.8373218,2.0095901
2019-02-11 06:00:00,10.43821,3.531594
2019-02-11 06:30:00,-19.436964,-15.387161
2019-02-11 07:00:00,-3.048413,-0.75692457
2019-02-11 07:30:00,0.8195692,1.023246
2019-02-11 08:00:00,5.7563014,2.949034
2019-02-11 08:30:00,-3.4421082,-0.058825947
2019-02-11 09:00:00,1.3520916,0.6551028
2019-02-11 09:30:00,15.903549,0.33909443
2019-02-11 10:00:00,0.11509136,0.93148553
2019-02-11 10:30:00,-11.992348,-11.334071
2019-02-11 11:00:00,-9.328945,7.407026
2019-02-11 11:30:00,15.348726,3.579635
2019-02-11 12:00:00,-1.7128494,4.842401
2019-02-11 12:30:00,-3.3243458,2.266206
2019-02-11 13:00:00,4.4134674,6.54547
2019-02-11 13:30:00,3.588793,-1.5394433
2019-02-11 14:00:00,-0.62402666,-5.4095974
2019-02-11 14:30:00,-17.293688,-16.626844
2019-02-11 15:00:00,2.8160837,3.3652575
2019-02-11 15:30:00,-3.4658382,1.2410579
2019-02-11 16:00:00,0.38917583,7.855421
2019-02-11 16:30:00,5.5499244,10.127454
2019-02-11 17:00:00,-14.099039,3.4005399
2019-02-11 17:30:00,1.2115473,0.12863195
2019-02-11 18:00:00,0.8747758,3.405333
2019-02-11 18:30:00,-0.45412475,1.1587132
2019-02-11 19:00:00,-39.36259,4.7033772
2019-02-11 19:30:00,4.0530357,3.0137484
2019-02-11 20:00:00,17.261284,7.5025964
2019-02-11 20:30:00,-4.0117917,1.7771412
2019-02-11 21:00:00,3.8333933,4.4729557
2019-02-11 21:30:00,11.918045,4.05952
2019-02-11 22:00:00,-4.6012907,-3.019134
2019-02-11 22:30:00,3.60752,3.530589
2019-02-11 23:00:00,-9.111418,-2.5836198
2019-02-11 23:30:00,2.8390226,3.072446
2019-02-12 00:00:00,1.746215,3.109
2019-02-12 00:30:00,4.937504,7.3819065
2019-02-12 01:00:00,2.3807704,8.063629
2019-02-12 01:30:00,0.9774467,3.0156183
2019-02-12 02:00:00,0.14890571,2.4938838
2019-02-12 02:30:00,3.591358,5.762602
2019-02-12 03:00:00,-4.5366197,1.7573307
2019-02-12 03:30:00,-12.396805,-3.9223428
2019-02-12 04:00:00,7.971466,1.383944
2019-02-12 04:30:00,2.459969,-0.38218352
2019-02-12 05:00:00,0.6176051,3.4752295
2019-02-12 05:30:00,2.5622685,9.787632
2019-02-12 06:00:00,1.8979884,0.52127856
2019-02-12 06:30:00,2.560962,1.9126782
2019-02-12 07:00:00,-1.870788,3.9490366
2019-02-12 07:30:00,-14.212365,-8.771575
2019-02-12 08:00:00,-3.364762,-1.565585
2019-02-12 08:30:00,13.667207,0.46311384
2019-02-12 09:00:00,-23.862307,-9.875991
2019-02-12 09:30:00,3.2901354,1.729996
2019-02-12 10:00:00,-6.0990577,-15.751643
2019-02-12 10:30:00,6.11897,3.1816535
2019-02-12 11:00:00,5.7652845,0.69301116
2019-02-12 11:30:00,0.89962864,2.737348
2019-02-12 12:00:00,-6.038708,3.5080914
2019-02-12 12:30:00,-18.496803,-3.4620194
2019-02-12 13:00:00,-4.512663,5.7851214
2019-02-12 13:30:00,2.980917,-0.2677679
2019-02-12 14:00:00,-2.3224905,4.0978913
2019-02-12 14:30:00,1.8216473,2.8568845
2019-02-12 15:00:00,3.573566,4.226726
2019-02-12 15:30:00,0.73577833,1.6772231
2019-02-12 16:00:00,0.90210605,4.1986003
2019-02-12 16:30:00,1.2604009,3.6091368
2019-02-12 17:00:00,-3.6330528,2.6095884
2019-02-12 17:30:00,-9.662173,-7.642126
2019-02-12 18:00:00,0.98584455,5.730522
2019-02-12 18:30:00,2.4315553,4.207728
2019-02-12 19:00:00,-9.603134,-8.499103
2019-02-12 19:30:00,-13.247457,4.679783
2019-02-12 20:00:00,14.933476,3.6949768
2019-02-12 20:30:00,3.275035,3.1341891
2019-02-12 21:00:00,3.1407783,2.137079
2019-02-12 21:30:00,-1.3488481,1.6455235
2019-02-12 22:00:00,-30.925615,-16.017094
2019-02-12 22:30:00,-8.123807,-2.7009454
2019-02-12 23:00:00,-4.9855003,3.572478
2019-02-12 23:30:00,-15.932833,-5.0483227
2019-02-13 00:00:00,-3.6542356,-2.0189393
2019-02-13 00:30:00,2.9568639,4.159023
2019-02-13 01:00:00,2.3917594,0.3368049
2019-02-13 01:30:00,-5.8376923,0.5144711
2019-02-13 02:00:00,3.2265353,13.804212
2019-02-13 02:30:00,19.591694,3.5026734
2019-02-13 03:00:00,-5.453985,-2.6361918
2019-02-13 03:30:00,20.87564,6.7566276
2019-02-13 04:00:00,-2.6201344,-0.485785
2019-02-13 04:30:00,6.14599,2.8308258
2019-02-13 05:00:00,-0.8434725,0.9713995
2019-02-13 05:30:00,0.50937647,2.397352
2019-02-13 06:00:00,-1.9890922,-0.9784371
2019-02-13 06:30:00,3.2393768,2.9502137
2019-02-13 07:00:00,-0.96934015,0.7185587
2019-02-13 07:30:00,-7.580278,-7.993967
2019-02-13 08:00:00,7.672791,-3.8954887
2019-02-13 08:30:00,-10.538978,3.6069958
2019-02-13 09:00:00,5.2238708,3.3707454
2019-02-13 09:30:00,3.7572925,3.6266885
2019-02-13 10:00:00,2.6484625,-0.7149832
2019-02-13 10:30:00,-1.6082342,4.521757
2019-02-13 11:00:00,4.5084696,-8.084727
2019-02-13 11:30:00,0.3344105,1.0044099
2019-02-13 12:00:00,-5.3416324,-2.234457
2019-02-13 12:30:00,-3.8539886,2.88061
2019-02-13 13:00:00,-0.08867293,-1.9660484
2019-02-13 13:30:00,6.251125,2.6727343
2019-02-13 14:00:00,3.7321424,3.4805863
2019-02-13 14:30:00,2.440071,4.5605874
2019-02-13 15:00:00,1.6039667,2.3511505
2019-02-13 15:30:00,-3.5748138,0.5330408
2019-02-13 16:00:00,-11.902759,-2.3737297
2019-02-13 16:30:00,-12.748585,-4.5820003
2019-02-13 17:00:00,4.251841,4.1550293
2019-02-13 17:30:00,-2.0379546,1.7704649
2019-02-13 18:00:00,-7.6959434,1.2201374
2019-02-13 18:30:00,-1.6358484,8.5645
2019-02-13 19:00:00,0.25610316,0.8680864
2019-02-13 19:30:00,3.0102746,4.939383
2019-02-13 20:00:00,-14.085853,-7.0637865
2019-02-13 20:30:00,-7.1997256,-2.3495324
2019-02-13 21:00:00,-1.5214852,0.04474058
2019-02-13 21:30:00,-6.523627,-3.3536553
2019-02-13 22:00:00,2.2334142,-11.261156
2019-02-13 22:30:00,0.50346476,-2.248072
2019-02-13 23:00:00,1.366471,3.772039
2019-02-13 23:30:00,2.208426,1.7236823
2019-02-14 00:00:00,46.747925,3.0153956
2019-02-14 00:30:00,4.6189265,4.545347
2019-02-14 01:00:00,8.047969,2.8603058
2019-02-14 01:30:00,2.5091155,1.9240997
2019-02-14 02:00:00,-14.3301735,-14.253201
2019-02-14 02:30:00,-0.24250437,0.7326193
2019-02-14 03:00:00,-0.6187703,-1.8507589
2019-02-14 03:30:00,-19.179153,-6.8227477
2019-02-14 04:00:00,30.429485,4.336545
2019-02-14 04:30:00,-3.4229486,-1.528498
2019-02-14 05:00:00,-1.7142956,0.6520879
2019-02-14 05:30:00,1.5559301,1.8446431
2019-02-14 06:00:00,24.904608,4.498141
2019-02-14 06:30:00,6.2841005,4.001014
2019-02-14 07:00:00,17.258722,9.832322
2019-02-14 07:30:00,2.9013689,3.2398925
2019-02-14 08:00:00,0.7469857,2.4617474
2019-02-14 08:30:00,0.45627147,3.2914593
2019-02-14 09:00:00,4.7621713,8.064643
2019-02-14 09:30:00,2.7337258,4.7425613
2019-02-14 10:00:00,-21.621326,-14.458484
2019-02-14 10:30:00,0.49982506,2.938281
2019-02-14 11:00:00,0.52315736,-0.30017972
2019-02-14 11:30:00,32.37103,5.302969
2019-02-14 12:00:00,-16.366024,-19.044561
2019-02-14 12:30:00,-2.6092024,5.4963865
2019-02-14 13:00:00,22.332823,-2.415103
2019-02-14 13:30:00,-2.5238864,0.70229167
2019-02-14 14:00:00,5.531787,2.018626
2019-02-14 14:30:00,1.7358203,2.486303
2019-02-14 15:00:00,-4.959651,6.45374
2019-02-14 15:30:00,26.077261,-2.118023
2019-02-14 16:00:00,3.0767019,1.6696773
2019-02-14 16:30:00,9.413289,-4.3241825
2019-02-14 17:00:00,0.37583187,3.288877
2019-02-14 17:30:00,-8.064703,-0.14117058
2019-02-14 18:00:00,-5.479144,5.466028
2019-02-14 18:30:00,2.2852564,-0.91329896
2019-02-14 19:00:00,-2.914471,0.27406117
2019-02-14 19:30:00,4.2733293,4.3987904
2019-02-14 20:00:00,16.311886,0.8812687
2019-02-14 20:30:00,-5.96962,-5.9506793
2019-02-14 21:00:00,2.586479,-5.6620317
2019-02-14 21:30:00,-18.711851,4.0125756
2019-02-14 22:00:00,11.259873,2.630155
2019-02-14 22:30:00,4.408355,2.1461103
2019-02-14 23:00:00,0.9085902,1.7803876
2019-02-14 23:30:00,27.093203,5.591669
2019-02-15 00:00:00,-11.785918,-6.9110737
2019-02-15 00:30:00,-14.074733,-8.727939
2019-02-15 01:00:00,2.801241,-1.0555997
2019-02-15 01:30:00,-23.633966,2.7302217
2019-02-15 02:00:00,-20.472126,0.7523469
2019-02-15 02:30:00,-1.887409,0.27319604
2019-02-15 03:00:00,-15.073036,-11.915967
2019-02-15 03:30:00,3.0296745,2.3055477
2019-02-15 04:00:00,-13.121299,-6.1656685
2019-02-15 04:30:00,5.845174,4.0434756
2019-02-15 05:00:00,-10.356898,-7.0698075
2019-02-15 05:30:00,1.2732292,3.8845103
2019-02-15 06:00:00,2.4069297,2.9526954
2019-02-15 06:30:00,2.6676133,3.257671
2019-02-15 07:00:00,31.253954,3.6880121
2019-02-15 07:30:00,-12.254582,-3.3129418
2019-02-15 08:00:00,-14.895494,-11.545587
2019-02-15 08:30:00,-9.751167,-6.7481194
2019-02-15 09:00:00,-1.3554939,-0.3407141
2019-02-15 09:30:00,0.7549291,1.2686546
2019-02-15 10:00:00,-2.352569,2.8315468
2019-02-15 10:30:00,-2.6511436,1.3678386
2019-02-15 11:00:00,5.8472447,1.1753342
2019-02-15 11:30:00,1.8277862,2.8330455
2019-02-15 12:00:00,3.4350884,8.240342
2019-02-15 12:30:00,0.14123313,2.246889
2019-02-15 13:00:00,-10.540472,-7.271689
2019-02-15 13:30:00,-19.213675,1.9819585
2019-02-15 14:00:00,-0.7597777,3.4811063
2019-02-15 14:30:00,-10.068308,1.780829
2019-02-15 15:00:00,3.2122388,2.5528133
2019-02-15 15:30:00,-0.2858002,2.5418024
2019-02-15 16:00:00,1.3767041,0.6352616
2019-02-15 16:30:00,1.0598394,1.9765493
2019-02-15 17:00:00,5.7325497,2.5841808
2019-02-15 17:30:00,15.4502735,8.628681
2019-02-15 18:00:00,22.304522,7.4065146
2019-02-15 18:30:00,-3.047871,5.6595774
2019-02-15 19:00:00,1.3559191,3.6685948
2019-02-15 19:30:00,-22.007843,-4.0832872
2019-02-15 20:00:00,-5.130689,-1.4358941
2019-02-15 20:30:00,-23.875122,-10.189303
2019-02-15 21:00:00,-3.3364575,1.2442561
2019-02-15 21:30:00,-8.686268,-4.360697
2019-02-15 22:00:00,-1.0093983,0.3632962
2019-02-15 22:30:00,-2.099108,0.260455
2019-02-15 23:00:00,-1.408494,1.959404
2019-02-15 23:30:00,2.5297432,1.5889187
2019-02-16 00:00:00,1.8648077,5.768055
2019-02-16 00:30:00,-1.7421327,0.66428715
2019-02-16 01:00:00,0.8492545,13.698473
2019-02-16 01:30:00,-2.4023402,2.7093494
2019-02-16 02:00:00,-2.7186894,-2.360766
2019-02-16 02:30:00,-1.2216172,-0.87709457
2019-02-16 03:00:00,-9.474676,-11.725783
2019-02-16 03:30:00,-3.2865858,2.0385416
2019-02-16 04:00:00,-0.5892598,-0.010767549
2019-02-16 04:30:00,-1.0468785,-2.6066375
2019-02-16 05:00:00,-2.53294,-2.0429401
2019-02-16 05:30:00,0.70724213,6.010042
2019-02-16 06:00:00,16.658077,0.4923972
2019-02-16 06:30:00,2.0902526,0.2553298
2019-02-16 07:00:00,5.696996,2.7789528
2019-02-16 07:30:00,-1.1022118,2.053642
2019-02-16 08:00:00,3.129846,3.8663511
2019-02-16 08:30:00,-2.0045948,4.2355695
2019-02-16 09:00:00,12.501134,3.0582807
2019-02-16 09:30:00,6.040855,1.280395
2019-02-16 10:00:00,14.986197,1.9140764
2019-02-16 10:30:00,1.9785417,5.0783587
2019-02-16 11:00:00,0.91579086,-0.5601075
2019-02-16 11:30:00,1.2942983,6.251636
2019-02-16 12:00:00,1.765475,1.9585563
2019-02-16 12:30:00,0.41118422,1.615659
2019-02-16 13:00:00,-31.803652,-6.829568
2019-02-16 13:30:00,7.517697,3.3103087
2019-02-16 14:00:00,2.5242596,3.1196086
2019-02-16 14:30:00,0.7027417,2.030965
2019-02-16 15:00:00,-0.26789463,0.28633463
2019-02-16 15:30:00,-8.877414,-8.820866
2019-02-16 16:00:00,-2.2094252,-0.6291781
2019-02-16 16:30:00,1.0962491,0.73504424
2019-02-16 17:00:00,6.1164837,10.71402
2019-02-16 17:30:00,-0.70662034,1.71147
2019-02-16 18:00:00,-2.0869918,-3.073209
2019-02-16 18:30:00,-19.468441,-9.16561
2019-02-16 19:00:00,1.6317557,-0.3668952
2019-02-16 19:30:00,24.87183,9.103288
2019-02-16 20:00:00,3.2419024,0.72143376
2019-02-16 20:30:00,2.3963776,3.5555162
2019-02-16 21:00:00,18.376492,4.041068
2019-02-16 21:30:00,-3.5827136,-3.5391338
2019-02-16 22:00:00,5.1903625,3.0426645
2019-02-16 22:30:00,1.3915685,-1.2524474
2019-02-16 23:00:00,1.1015359,0.39409134
2019-02-16 23:30:00,-6.828327,-5.804905
2019-02-17 00:00:00,-17.690166,-12.574073
2019-02-17 00:30:00,-18.3069,5.3566813
2019-02-17 01:00:00,-7.6605296,-5.76112
2019-02-17 01:30:00,-0.8430618,3.332601
2019-02-17 02:00:00,3.4967222,2.9104395
2019-02-17 02:30:00,6.7540755,8.410398
2019-02-17 03:00:00,-7.3060665,1.4861866
2019-02-17 03:30:00,-8.963918,-3.185204
2019-02-17 04:00:00,-3.5418735,1.1393396
2019-02-17 04:30:00,7.6320643,1.2020876
2019-02-17 05:00:00,-6.2442946,-12.900651
2019-02-17 05:30:00,0.7550646,2.6251695
2019-02-17 06:00:00,4.905752,2.7853932
2019-02-17 06:30:00,-22.08394,10.008319
2019-02-17 07:00:00,5.8846946,5.3475494
2019-02-17 07:30:00,5.3866243,5.8763227
2019-02-17 08:00:00,-0.22815545,-3.4259636
2019-02-17 08:30:00,-6.4538703,-4.835352
2019-02-17 09:00:00,4.2015586,3.9343164
2019-02-17 09:30:00,4.9888525,-1.5574187
2019-02-17 10:00:00,-0.12721927,-0.028008975
2019-02-17 10:30:00,-2.7614214,-1.0971347
2019-02-17 11:00:00,-0.99703306,-0.15018453
2019-02-17 11:30:00,3.137156,7.491035
2019-02-17 12:00:00,4.4426193,1.522225
2019-02-17 12:30:00,-5.845981,-2.858185
2019-02-17 13:00:00,3.6491687,5.442635
2019-02-17 13:30:00,4.0430083,3.0988936
2019-02-17 14:00:00,3.0385618,6.7597733
2019-02-17 14:30:00,-8.784215,-5.668079
2019-02-17 15:00:00,-23.631363,9.114001
2019-02-17 15:30:00,-1.4202082,4.248044
2019-02-17 16:00:00,0.79670006,1.3942732
2019-02-17 16:30:00,0.7596786,1.2234843
2019-02-17 17:00:00,-12.096024,4.3615637
2019-02-17 17:30:00,-9.119257,-2.8889713
2019-02-17 18:00:00,-34.90751,-17.700277
2019-02-17 18:30:00,-1.3893694,0.2908394
2019-02-17 19:00:00,-7.7625713,-2.1544325
2019-02-17 19:30:00,1.8189689,2.2063024
2019-02-17 20:00:00,-3.054696,0.67696697
2019-02-17 20:30:00,-10.767835,-5.666532
2019-02-17 21:00:00,-0.6249442,0.2928668
2019-02-17 21:30:00,-4.3243613,-0.02325513
2019-02-17 22:00:00,2.809368,-0.5762042
2019-02-17 22:30:00,5.86789,1.7006078
2019-02-17 23:00:00,-1.2928157,-0.7658337
2019-02-17 23:30:00,-7.2388225,0.3373467
2019-02-18 00:00:00,2.1425667,4.1512322
2019-02-18 00:30:00,-12.534823,-6.6536713
2019-02-18 01:00:00,3.265322,1.607331
2019-02-18 01:30:00,-5.7857933,2.627258
2019-02-18 02:00:00,-4.298124,-1.8593577
2019-02-18 02:30:00,5.470498,4.124798
2019-02-18 03:00:00,-4.1684155,-0.31188953
2019-02-18 03:30:00,-19.061104,2.9199166
2019-02-18 04:00:00,4.317442,2.5187018
2019-02-18 04:30:00,-16.255667,-14.766479
2019-02-18 05:00:00,-6.870863,1.3728372
2019-02-18 05:30:00,-0.45945534,2.0052907
2019-02-18 06:00:00,-2.2928357,-0.5103844
2019-02-18 06:30:00,4.3670735,6.7011194
2019-02-18 07:00:00,0.60768664,3.9937177
2019-02-18 07:30:00,0.41651043,1.0909272
2019-02-18 08:00:00,-6.636063,-13.585436
2019-02-18 08:30:00,5.585827,8.050486
2019-02-18 09:00:00,-10.537641,-6.747857
2019-02-18 09:30:00,1.0948029,1.0751538
2019-02-18 10:00:00,-17.145784,3.6389532
2019-02-18 10:30:00,-7.181082,-6.132212
2019-02-18 11:00:00,0.40464768,2.2290797
2019-02-18 11:30:00,2.457614,2.5093994
2019-02-18 12:00:00,-1.8541276,0.760771
2019-02-18 12:30:00,-1.1481512,1.9145178
2019-02-18 13:00:00,-6.4475217,-4.5621104
2019-02-18 13:30:00,1.0620109,-0.7190555
2019-02-18 14:00:00,-12.494743,-3.1241424
2019-02-18 14:30:00,0.19805644,-0.60385776
2019-02-18 15:00:00,1.3708447,3.433734
2019-02-18 15:30:00,19.207886,0.54351413
2019-02-18 16:00:00,1.6986897,0.16220161
2019-02-18 16:30:00,-1.211961,-1.4484385
2019-02-18 17:00:00,0.8543928,3.7903683
2019-02-18 17:30:00,-14.907687,2.1405132
2019-02-18 18:00:00,-7.762541,-0.99392205
2019-02-18 18:30:00,-6.4342957,-5.804219
2019-02-18 19:00:00,1.2845241,2.043824
2019-02-18 19:30:00,-10.11963,7.3968673
2019-02-18 20:00:00,-0.023421165,2.1851199
2019-02-18 20:30:00,-1.459729,2.9859898
2019-02-18 21:00:00,3.3616486,-1.3728315
2019-02-18 21:30:00,-1.5814894,2.4358852
2019-02-18 22:00:00,-16.179457,1.6238953
2019-02-18 22:30:00,-11.770385,4.6918683
2019-02-18 23:00:00,-1.5351613,1.129159
2019-02-18 23:30:00,41.51414,10.151459
2019-02-19 00:00:00,-22.21754,-14.472972
2019-02-19 00:30:00,2.5377915,3.0084484
2019-02-19 01:00:00,2.4349241,2.123984
2019-02-19 01:30:00,1.3685902,1.1638079
2019-02-19 02:00:00,-13.851147,3.8941534
2019-02-19 02:30:00,-1.440836,1.1679238
2019-02-19 03:00:00,0.6034834,2.688665
2019-02-19 03:30:00,2.8867533,2.19901
2019-02-19 04:00:00,0.70749557,2.6203153
2019-02-19 04:30:00,-3.5750804,-7.5838127
2019-02-19 05:00:00,2.5777798,2.7283297
2019-02-19 05:30:00,4.5805945,8.3578
2019-02-19 06:00:00,2.8382711,2.5921023
2019-02-19 06:30:00,3.7337155,-12.20988
2019-02-19 07:00:00,0.9885054,6.702806
2019-02-19 07:30:00,-19.302378,-12.062834
2019-02-19 08:00:00,7.2566943,2.8088174
2019-02-19 08:30:00,1.5475017,3.0312214
2019-02-19 09:00:00,2.7948225,2.5214107
2019-02-19 09:30:00,0.49630338,2.300912
2019-02-19 10:00:00,-10.897067,-1.4511126
2019-02-19 10:30:00,-33.516537,-18.56621
2019-02-19 11:00:00,11.648824,3.0974517
2019-02-19 11:30:00,14.374267,5.007558
2019-02-19 12:00:00,3.719537,5.0902123
2019-02-19 12:30:00,0.6456999,1.6751739
2019-02-19 13:00:00,22.159546,10.493263
2019-02-19 13:30:00,-0.19869296,0.64895946
2019-02-19 14:00:00,-7.260302,-0.33605638
2019-02-19 14:30:00,1.9423984,3.8942537
2019-02-19 15:00:00,3.8217227,1.4439788
2019-02-19 15:30:00,3.4739144,0.91443634
2019-02-19 16:00:00,-2.3020682,2.3058143
2019-02-19 16:30:00,1.6802554,1.4938155
2019-02-19 17:00:00,9.842909,3.4749455
2019-02-19 17:30:00,4.799446,4.795885
2019-02-19 18:00:00,6.6120853,1.2319609
2019-02-19 18:30:00,1.7566926,3.631499
2019-02-19 19:00:00,5.539189,5.09307
2019-02-19 19:30:00,-5.4704447,-2.7093172
2019-02-19 20:00:00,0.6329415,0.97726315
2019-02-19 20:30:00,-7.855284,3.4280014
2019-02-19 21:00:00,7.611511,3.2138903
2019-02-19 21:30:00,4.441807,3.4812112
2019-02-19 22:00:00,1.633119,3.3219354
2019-02-19 22:30:00,-3.871973,-0.76472384
2019-02-19 23:00:00,0.55754846,4.8901143
2019-02-19 23:30:00,0.7823555,4.099307
2019-02-20 00:00:00,1.3549229,2.5979223
2019-02-20 00:30:00,0.5768522,2.1332731
2019-02-20 01:00:00,-5.505356,-1.0609391
2019-02-20 01:30:00,-18.466064,-13.1236315
2019-02-20 02:00:00,1.5893207,0.06365109
2019-02-20 02:30:00,-0.8669009,5.9558053
2019-02-20 03:00:00,-22.823364,-28.5806
2019-02-20 03:30:00,-2.4547112,-2.6177094
2019-02-20 04:00:00,-4.43304,4.454858
2019-02-20 04:30:00,-1.8495748,1.316582
2019-02-20 05:00:00,-3.3405952,4.3836727
2019-02-20 05:30:00,-24.716469,-12.594875
2019-02-20 06:00:00,0.9613675,2.5766785
2019-02-20 06:30:00,2.0055268,0.12511463
2019-02-20 07:00:00,-3.142236,3.4364254
2019-02-20 07:30:00,1.9914443,5.862083
2019-02-20 08:00:00,-11.332162,-7.8805566
2019-02-20 08:30:00,6.7318316,3.3622952
2019-02-20 09:00:00,-11.749093,-2.675516
2019-02-20 09:30:00,-3.7217069,-10.162956
2019-02-20 10:00:00,0.89742213,4.604591
2019-02-20 10:30:00,0.7378101,2.0636914
2019-02-20 11:00:00,-8.100313,-1.1390978
2019-02-20 11:30:00,-7.7227316,-4.2226562
2019-02-20 12:00:00,1.9318771,2.947745
2019-02-20 12:30:00,-1.5989013,3.8823693
2019-02-20 13:00:00,-2.72253,1.1151814
2019-02-20 13:30:00,4.081952,4.0834203
2019-02-20 14:00:00,-2.1722026,0.49894685
2019-02-20 14:30:00,7.340931,5.824782
2019-02-20 15:00:00,0.70617163,1.100129
2019-02-20 15:30:00,-0.4029117,0.8641059
2019-02-20 16:00:00,0.16335076,2.5727332
2019-02-20 16:30:00,-5.195849,-0.87846655
2019-02-20 17:00:00,-14.290338,-9.595387
2019-02-20 17:30:00,26.569878,8.513112
2019-02-20 18:00:00,-2.0957348,-1.9228007
2019-02-20 18:30:00,-9.054438,-6.4687085
2019-02-20 19:00:00,-2.3645105,1.9562624
2019-02-20 19:30:00,2.8522618,-3.8725934
2019-02-20 20:00:00,0.5365276,5.12702
2019-02-20 20:30:00,-11.861001,-5.5125694
2019-02-20 21:00:00,-4.2098017,2.9851248
2019-02-20 21:30:00,3.3326797,1.1056345
2019-02-20 22:00:00,1.5137922,1.5248204
2019-02-20 22:30:00,2.191486,0.3360796
2019-02-20 23:00:00,3.6899564,1.6549743
2019-02-20 23:30:00,0.77645254,2.5684597
2019-02-21 00:00:00,10.742124,1.2666272
2019-02-21 00:30:00,1.07428,1.8111347
2019-02-21 01:00:00,-9.484349,-3.4199905
2019-02-21 01:30:00,-10.061976,-2.7526436
2019-02-21 02:00:00,30.74724,2.89017
2019-02-21 02:30:00,-3.1904166,-2.59169
2019-02-21 03:00:00,-32.83424,-13.968169
2019-02-21 03:30:00,0.595151,2.5730958
2019-02-21 04:00:00,2.2733018,2.6080592
2019-02-21 04:30:00,2.437537,-0.6664486
2019-02-21 05:00:00,3.953642,4.6258125
2019-02-21 05:30:00,-1.4015511,2.742539
2019-02-21 06:00:00,0.7962063,2.1763768
2019-02-21 06:30:00,3.9487484,4.912629
2019-02-21 07:00:00,-13.82071,5.2513714
2019-02-21 07:30:00,5.9094863,6.8181696
2019-02-21 08:00:00,0.6605994,5.1324115
2019-02-21 08:30:00,-5.146825,-2.209185
2019-02-21 09:00:00,-12.851316,7.970667
2019-02-21 09:30:00,0.6003637,-1.5479416
2019-02-21 10:00:00,13.501993,2.7347438
2019-02-21 10:30:00,2.4214578,2.0295844
2019-02-21 11:00:00,3.1082265,3.666314
2019-02-21 11:30:00,-5.103516,0.42104584
2019-02-21 12:00:00,-5.709155,-5.7884717
2019-02-21 12:30:00,0.93993586,11.728311
2019-02-21 13:00:00,1.3895106,2.8213792
2019-02-21 13:30:00,-31.885061,-10.764493
2019-02-21 14:00:00,11.243405,6.102362
2019-02-21 14:30:00,-6.842475,-0.2214048
2019-02-21 15:00:00,8.713237,-3.2179348
2019-02-21 15:30:00,6.2671647,11.34934
2019-02-21 16:00:00,1.0405531,5.28907
2019-02-21 16:30:00,0.31593254,-0.1425076
2019-02-21 17:00:00,5.753959,-5.8698287
2019-02-21 17:30:00,0.42901987,2.019124
2019-02-21 18:00:00,3.005617,3.1954212
2019-02-21 18:30:00,-3.00787,-0.002483276
2019-02-21 19:00:00,-17.51702,-10.274763
2019-02-21 19:30:00,0.65207046,3.1400442
2019-02-21 20:00:00,-5.6045094,-2.366411
2019-02-21 20:30:00,37.417255,3.9472802
2019-02-21 21:00:00,-19.925797,-13.809247
2019-02-21 21:30:00,4.3733873,4.7133393
2019-02-21 22:00:00,-3.2131023,-2.7565846
2019-02-21 22:30:00,-28.22736,-18.125042
2019-02-21 23:00:00,14.043363,-0.8371326
2019-02-21 23:30:00,-11.007625,9.159722
2019-02-22 00:00:00,-4.745095,-4.1326785
2019-02-22 00:30:00,-24.38215,-12.738946
2019-02-22 01:00:00,-5.1234884,-1.8429639
2019-02-22 01:30:00,-15.906318,0.029657608
2019-02-22 02:00:00,-9.964532,-5.318147
2019-02-22 02:30:00,3.6988657,4.482717
2019-02-22 03:00:00,8.003214,-0.17955525
2019-02-22 03:30:00,-24.388834,-20.252197
2019-02-22 04:00:00,-2.604064,-2.449704
2019-02-22 04:30:00,-6.7677026,-2.8276215
2019-02-22 05:00:00,0.6098801,4.051008
2019-02-22 05:30:00,2.3537505,1.5036902
2019-02-22 06:00:00,2.1334085,3.7064946
2019-02-22 06:30:00,2.1346583,5.2047243
2019-02-22 07:00:00,-8.541656,1.5715549
2019-02-22 07:30:00,2.8116925,4.6380467
2019-02-22 08:00:00,4.232,4.425614
2019-02-22 08:30:00,17.952234,-0.41639984
2019-02-22 09:00:00,-18.584581,-12.830016
2019-02-22 09:30:00,-3.5403836,4.751772
2019-02-22 10:00:00,-0.063291416,0.81717044
2019-02-22 10:30:00,-5.05513,-6.121743
2019-02-22 11:00:00,0.7353807,2.162753
2019-02-22 11:30:00,-30.93898,-18.291801
2019-02-22 12:00:00,3.313376,6.3777003
2019-02-22 12:30:00,-12.823737,-1.0310702
2019-02-22 13:00:00,6.1130233,2.4519339
2019-02-22 13:30:00,-16.435966,8.15632
2019-02-22 14:00:00,-14.077062,-4.488671
2019-02-22 14:30:00,2.9137297,3.2495573
2019-02-22 15:00:00,2.1851025,4.1347294
2019-02-22 15:30:00,3.5081613,5.6478977
2019-02-22 16:00:00,-8.072555,-5.1517625
2019-02-22 16:30:00,0.6705178,2.5271914
2019-02-22 17:00:00,-16.045195,3.971661
2019-02-22 17:30:00,5.723335,1.1494415
2019-02-22 18:00:00,16.772226,3.8690865
2019-02-22 18:30:00,28.129166,2.7495122
2019-02-22 19:00:00,-14.671389,2.9117723
2019-02-22 19:30:00,-0.09460213,3.8051019
2019-02-22 20:00:00,2.3003309,5.9640026
2019-02-22 20:30:00,1.0025835,0.5219558
2019-02-22 21:00:00,0.28735268,2.3270407
2019-02-22 21:30:00,0.6608135,0.31960717
2019-02-22 22:00:00,-7.8679466,-4.1807804
2019-02-22 22:30:00,-5.7062407,3.5319479
2019-02-22 23:00:00,1.0324173,0.8170044
2019-02-22 23:30:00,6.0812974,5.379524
2019-02-23 00:00:00,4.301778,3.452487
2019-02-23 00:30:00,-2.3593676,0.7587698
2019-02-23 01:00:00,-0.3109283,3.5080128
2019-02-23 01:30:00,0.46049225,0.834272
2019-02-23 02:00:00,2.760309,4.335278
2019-02-23 02:30:00,0.347536,2.6220586
2019-02-23 03:00:00,-2.8174758,-1.3677019
2019-02-23 03:30:00,-8.56827,-3.9380023
2019-02-23 04:00:00,2.3724031,3.3136687
2019-02-23 04:30:00,19.686491,1.7308174
2019-02-23 05:00:00,-31.887476,-14.948746
2019-02-23 05:30:00,3.4487338,3.1729627
2019-02-23 06:00:00,4.080991,1.98749
2019-02-23 06:30:00,-16.614687,-12.346785
2019-02-23 07:00:00,2.887234,2.043479
2019-02-23 07:30:00,4.014092,3.953878
2019-02-23 08:00:00,4.8171153,0.10336842
2019-02-23 08:30:00,5.391256,-1.0614634
2019-02-23 09:00:00,1.4751322,2.3401005
2019-02-23 09:30:00,1.3881518,3.6140697
2019-02-23 10:00:00,-0.5043722,2.7783456
2019-02-23 10:30:00,-9.976259,-4.2564316
2019-02-23 11:00:00,-4.3570356,1.0124013
2019-02-23 11:30:00,1.6969244,-7.6821446
2019-02-23 12:00:00,2.654335,3.9818068
2019-02-23 12:30:00,1.0746689,1.4261345
2019-02-23 13:00:00,6.0925,3.8036163
2019-02-23 13:30:00,2.0758426,-0.051489823
2019-02-23 14:00:00,35.017574,1.5346034
2019-02-23 14:30:00,-6.5377965,-2.5041153
2019-02-23 15:00:00,1.6314979,3.2255435
2019-02-23 15:30:00,5.698858,9.660808
2019-02-23 16:00:00,-21.844196,-15.715836
2019-02-23 16:30:00,1.9693267,-0.5224176
2019-02-23 17:00:00,-0.64627534,-2.374927
2019-02-23 17:30:00,2.8905897,4.0443234
2019-02-23 18:00:00,0.9456684,6.5918245
2019-02-23 18:30:00,-15.299353,-1.1271214
2019-02-23 19:00:00,-14.088948,-8.599326
2019-02-23 19:30:00,1.9807744,-0.08181307
2019-02-23 20:00:00,4.690461,7.682351
2019-02-23 20:30:00,0.67656934,0.9008084
2019-02-23 21:00:00,6.122684,4.663568
2019-02-23 21:30:00,3.808536,3.3615086
2019-02-23 22:00:00,-13.026069,-0.589369
2019-02-23 22:30:00,-14.48171,-10.506793
2019-02-23 23:00:00,-0.7551069,2.6026413
2019-02-23 23:30:00,-2.4105678,-0.8571005
2019-02-24 00:00:00,6.4636235,5.4639487
2019-02-24 00:30:00,-6.300703,-8.299393
2019-02-24 01:00:00,1.3068732,-0.07868461
2019-02-24 01:30:00,-33.836033,-15.326248
2019-02-24 02:00:00,-13.451219,-3.2237635
2019-02-24 02:30:00,-7.5466166,-1.7108438
2019-02-24 03:00:00,3.698044,11.090496
2019-02-24 03:30:00,2.9331908,4.103528
2019-02-24 04:00:00,7.007458,2.4570634
2019-02-24 04:30:00,0.6195407,0.95309633
2019-02-24 05:00:00,-9.709205,-10.51184
2019-02-24 05:30:00,45.911255,9.852766
2019-02-24 06:00:00,16.712494,6.0150886
2019-02-24 06:30:00,6.767922,2.351142
2019-02-24 07:00:00,-25.35017,-0.7838528
2019-02-24 07:30:00,-27.37057,1.1572975
2019-02-24 08:00:00,6.0291057,-0.07830011
2019-02-24 08:30:00,-20.46311,-15.4947605
2019-02-24 09:00:00,-5.123628,-8.430207
2019-02-24 09:30:00,1.89874,1.9673125
2019-02-24 10:00:00,4.98499,2.428147
2019-02-24 10:30:00,0.7109648,1.4519223
2019-02-24 11:00:00,1.7450178,9.811205
2019-02-24 11:30:00,-27.277279,5.1726665
2019-02-24 12:00:00,-22.675137,6.427454
2019-02-24 12:30:00,-2.9528599,-0.37377253
2019-02-24 13:00:00,7.185247,10.113318
2019-02-24 13:30:00,4.388658,-1.8506889
2019-02-24 14:00:00,4.85131,3.8107076
2019-02-24 14:30:00,-1.5223242,3.448074
2019-02-24 15:00:00,1.882106,2.8994246
2019-02-24 15:30:00,0.4856815,4.6381865
2019-02-24 16:00:00,-3.7849443,1.512678
2019-02-24 16:30:00,45.92723,-19.7609
2019-02-24 17:00:00,-4.9722085,-9.647733
2019-02-24 17:30:00,-23.407072,-13.267768
2019-02-24 18:00:00,5.2814455,4.187703
2019-02-24 18:30:00,0.43526804,22.951944
2019-02-24 19:00:00,-17.177326,-16.632254
2019-02-24 19:30:00,7.1769843,2.460323
2019-02-24 20:00:00,-1.7068677,7.5311546
2019-02-24 20:30:00,-2.0555108,1.0630858
2019-02-24 21:00:00,-9.808433,-5.810624
2019-02-24 21:30:00,1.7526249,1.283506
2019-02-24 22:00:00,-3.2457893,0.07235919
2019-02-24 22:30:00,7.276186,4.8025002
2019-02-24 23:00:00,8.708605,1.8424803
2019-02-24 23:30:00,-4.155373,-0.41842723
2019-02-25 00:00:00,0.78422123,2.4797578
2019-02-25 00:30:00,-6.420506,-4.3955073
2019-02-25 01:00:00,-6.7505484,0.116056986
2019-02-25 01:30:00,-13.228758,-11.07676
2019-02-25 02:00:00,-2.838903,2.081112
2019-02-25 02:30:00,-23.674404,4.8498635
2019-02-25 03:00:00,5.491764,3.6131215
2019-02-25 03:30:00,-8.374223,-7.273978
2019-02-25 04:00:00,-1.3625023,-2.0406592
2019-02-25 04:30:00,-16.504976,2.9167883
2019-02-25 05:00:00,4.4377565,-0.7184044
2019-02-25 05:30:00,-2.5872684,1.0948509
2019-02-25 06:00:00,12.461988,1.3168966
2019-02-25 06:30:00,-1.0097872,1.3415265
2019-02-25 07:00:00,-2.4404016,0.2502264
2019-02-25 07:30:00,-1.0148993,0.36685723
2019-02-25 08:00:00,17.25459,8.3436775
2019-02-25 08:30:00,-8.314139,-19.595724
2019-02-25 09:00:00,-2.1652904,0.85124254
2019-02-25 09:30:00,-17.383005,2.9149575
2019-02-25 10:00:00,7.7904224,-2.6377037
2019-02-25 10:30:00,6.380724,4.035917
2019-02-25 11:00:00,0.8083007,3.5091925
2019-02-25 11:30:00,-1.3191191,2.1792605
2019-02-25 12:00:00,0.35054213,0.49819094
2019-02-25 12:30:00,-2.842486,-2.6461887
2019-02-25 13:00:00,-0.74575216,4.43728
2019-02-25 13:30:00,1.6130811,5.4318733
2019-02-25 14:00:00,-0.2256387,2.661138
2019-02-25 14:30:00,-0.8079585,1.1314136
2019-02-25 15:00:00,0.9026697,4.3562374
2019-02-25 15:30:00,-9.981449,-2.9175687
2019-02-25 16:00:00,-30.055012,-27.746855
2019-02-25 16:30:00,11.315853,1.3445588
2019-02-25 17:00:00,-31.505653,-14.974157
2019-02-25 17:30:00,1.431369,4.1384215
2019-02-25 18:00:00,14.225372,5.813247
2019-02-25 18:30:00,4.224873,2.5856576
2019-02-25 19:00:00,7.925658,4.426239
2019-02-25 19:30:00,-24.182528,-13.046426
2019-02-25 20:00:00,6.741182,-0.4708812
2019-02-25 20:30:00,-6.07531,0.39748633
2019-02-25 21:00:00,1.0099895,6.028437
2019-02-25 21:30:00,-1.643639,3.481469
2019-02-25 22:00:00,-0.17106561,1.8201792
2019-02-25 22:30:00,3.3474743,1.0872133
2019-02-25 23:00:00,2.7963736,4.129508
2019-02-25 23:30:00,-2.3673854,2.7103236
2019-02-26 00:00:00,-0.70835495,2.2668483
2019-02-26 00:30:00,-5.722783,3.4807305
2019-02-26 01:00:00,1.4228618,0.52100766
2019-02-26 01:30:00,4.379902,3.3287518
2019-02-26 02:00:00,-6.562881,0.025611596
2019-02-26 02:30:00,2.265389,14.139882
2019-02-26 03:00:00,-7.0080166,0.6585458
2019-02-26 03:30:00,10.554936,3.7962408
2019-02-26 04:00:00,6.493619,-1.1019584
2019-02-26 04:30:00,4.539728,2.9262567
2019-02-26 05:00:00,0.4435261,5.783037
2019-02-26 05:30:00,-4.865269,0.98571783
2019-02-26 06:00:00,12.708389,3.0341313
2019-02-26 06:30:00,0.33757827,1.7185483
2019-02-26 07:00:00,4.633284,1.1502979
2019-02-26 07:30:00,-7.0233965,3.1013186
2019-02-26 08:00:00,-4.162862,-1.3288497
2019-02-26 08:30:00,5.069777,3.3080542
2019-02-26 09:00:00,-11.005492,-8.152592
2019-02-26 09:30:00,9.710465,3.067168
2019-02-26 10:00:00,-7.936672,0.28549135
2019-02-26 10:30:00,-8.98074,-5.0443506
2019-02-26 11:00:00,-8.378307,0.7853398
2019-02-26 11:30:00,-5.124266,-1.6194022
2019-02-26 12:00:00,4.521058,0.757507
2019-02-26 12:30:00,1.2142519,3.0978277
2019-02-26 13:00:00,3.8602996,5.9067116
2019-02-26 13:30:00,-0.5726606,-0.26054537
2019-02-26 14:00:00,-8.284385,7.5326924
2019-02-26 14:30:00,1.2586925,2.2513635
2019-02-26 15:00:00,-18.475042,-13.883688
2019-02-26 15:30:00,2.6788251,3.7853699
2019-02-26 16:00:00,2.259307,7.0982533
2019-02-26 16:30:00,5.281625,1.4042265
2019-02-26 17:00:00,-13.396373,-5.1042547
2019-02-26 17:30:00,-0.75621235,-0.15563747
2019-02-26 18:00:00,-2.1710405,1.9824303
2019-02-26 18:30:00,1.8703873,3.1019347
2019-02-26 19:00:00,1.5387018,6.206012
2019-02-26 19:30:00,-17.954618,-3.451083
2019-02-26 20:00:00,-6.56902,-29.645159
2019-02-26 20:30:00,0.46507132,-4.5187407
2019-02-26 21:00:00,0.5425747,2.8529608
2019-02-26 21:30:00,1.501226,1.4803754
2019-02-26 22:00:00,-2.0444694,2.3255026
2019-02-26 22:30:00,10.369908,-0.26593277
2019-02-26 23:00:00,-18.35406,-2.772297
2019-02-26 23:30:00,-7.0616455,0.23922876
2019-02-27 00:00:00,1.341994,2.3441858
2019-02-27 00:30:00,9.25075,5.9286327
2019-02-27 01:00:00,-7.7983603,-1.4569063
2019-02-27 01:30:00,4.942511,2.250542
2019-02-27 02:00:00,-1.1794007,5.5526814
2019-02-27 02:30:00,-9.100053,-1.6477898
2019-02-27 03:00:00,-27.934544,-15.084558
2019-02-27 03:30:00,2.3230557,4.0915384
2019-02-27 04:00:00,2.3408957,2.979296
2019-02-27 04:30:00,15.050899,1.3260852
2019-02-27 05:00:00,-26.206541,-14.377484
2019-02-27 05:30:00,-5.1840825,-5.8765926
2019-02-27 06:00:00,-6.4827294,-2.7704005
2019-02-27 06:30:00,4.9189563,6.532585
2019-02-27 07:00:00,-0.55735487,-0.19328809
2019-02-27 07:30:00,9.294543,4.543219
2019-02-27 08:00:00,-22.954643,0.68542165
2019-02-27 08:30:00,-17.524971,-11.439652
2019-02-27 09:00:00,0.18904686,0.82189804
2019-02-27 09:30:00,-2.347741,3.4554408
2019-02-27 10:00:00,-9.929633,6.2289376
2019-02-27 10:30:00,38.649426,3.0503328
2019-02-27 11:00:00,0.1785648,1.320156
2019-02-27 11:30:00,3.6345053,2.1155643
2019-02-27 12:00:00,-1.3641889,-1.3639442
2019-02-27 12:30:00,-2.6081407,-6.7789316
2019-02-27 13:00:00,14.693215,2.8666587
2019-02-27 13:30:00,-25.674442,-20.653042
2019-02-27 14:00:00,-1.9286686,-0.4083253
2019-02-27 14:30:00,-2.1971648,2.508141
2019-02-27 15:00:00,-5.4713974,-2.3563704
2019-02-27 15:30:00,-3.261139,2.7101095
2019-02-27 16:00:00,-13.149153,-5.291878
2019-02-27 16:30:00,6.8557763,3.147603
2019-02-27 17:00:00,0.5378995,2.9218042
2019-02-27 17:30:00,-8.967496,-3.8584805
2019-02-27 18:00:00,1.1603605,3.2840228
2019-02-27 18:30:00,4.1333137,6.3539486
2019-02-27 19:00:00,-7.0685406,-4.3871884
2019-02-27 19:30:00,-16.798637,0.44089139
2019-02-27 20:00:00,4.0357027,4.5641527
2019-02-27 20:30:00,4.123151,5.8608727
2019-02-27 21:00:00,-2.191109,-3.3318522
2019-02-27 21:30:00,-5.874718,2.7047527
2019-02-27 22:00:00,-1.1983724,0.0053291083
2019-02-27 22:30:00,7.704945,7.7388425
2019-02-27 23:00:00,0.41682068,1.4893239
2019-02-27 23:30:00,-1.0394244,-2.2279556
2019-02-28 00:00:00,-6.56843,-2.2363183
2019-02-28 00:30:00,-5.469077,-2.518674
2019-02-28 01:00:00,-0.35802543,-2.037994
2019-02-28 01:30:00,2.8900478,4.072794
2019-02-28 02:00:00,2.8448164,2.2961144
2019-02-28 02:30:00,5.7243004,4.5634713
2019-02-28 03:00:00,3.552947,8.582803
2019-02-28 03:30:00,-1.0656929,1.9641098
2019-02-28 04:00:00,-1.12689,1.3681663
2019-02-28 04:30:00,-16.924047,-11.006012
2019-02-28 05:00:00,-2.711681,-0.0370273
2019-02-28 05:30:00,-31.100393,4.8254914
2019-02-28 06:00:00,14.260598,12.136403
2019-02-28 06:30:00,-0.36478043,-0.6280289
2019-02-28 07:00:00,-34.71548,-9.167135
2019-02-28 07:30:00,-1.0873998,2.6612735
2019-02-28 08:00:00,-3.769656,-2.0420487
2019-02-28 08:30:00,1.596482,1.4965508
2019-02-28 09:00:00,5.123612,3.0640874
2019-02-28 09:30:00,9.739595,1.357776
2019-02-28 10:00:00,-5.7625484,1.2730283
2019-02-28 10:30:00,2.6492796,3.0339215
2019-02-28 11:00:00,5.4588847,4.1948385
2019-02-28 11:30:00,-1.2138529,-0.858337
2019-02-28 12:00:00,4.984658,-0.73130274
2019-02-28 12:30:00,-2.64289,0.96274817
2019-02-28 13:00:00,5.3645463,2.1463857
2019-02-28 13:30:00,1.5375658,12.04265
2019-02-28 14:00:00,1.1790612,1.7219433
2019-02-28 14:30:00,-2.2207286,1.1308805
2019-02-28 15:00:00,3.3856144,2.9298787
2019-02-28 15:30:00,2.028776,1.2942502
2019-02-28 16:00:00,2.6731799,1.7337929
2019-02-28 16:30:00,4.425863,5.931005
2019-02-28 17:00:00,-16.205416,-5.282445
2019-02-28 17:30:00,-0.65385616,-1.1181163
2019-02-28 18:00:00,7.2245445,0.5794563
2019-02-28 18:30:00,2.4102373,2.3409088
2019-02-28 19:00:00,25.286882,10.1929455
2019-02-28 19:30:00,4.5223513,4.7042203
2019-02-28 20:00:00,-11.180834,-0.095174514
2019-02-28 20:30:00,28.746939,8.469095
2019-02-28 21:00:00,-5.173067,-4.3655295
2019-02-28 21:30:00,-8.441715,2.8076246
2019-02-28 22:00:00,4.4582224,6.863615
2019-02-28 22:30:00,6.373908,-0.7584844
2019-02-28 23:00:00,44.652676,1.8480469
2019-02-28 23:30:00,-2.1011398,3.9813786
2019-03-01 00:00:00,-18.814123,-7.6100855
2019-03-01 00:30:00,0.27181968,1.0069834
2019-03-01 01:00:00,-7.3903384,-0.1747577
2019-03-01 01:30:00,6.6507187,-0.089310855
2019-03-01 02:00:00,0.55559534,3.0997326
2019-03-01 02:30:00,2.929525,1.0413702
2019-03-01 03:00:00,0.060470212,3.179744
2019-03-01 03:30:00,-0.09746405,6.296553
2019-03-01 04:00:00,0.46211764,-3.0895023
2019-03-01 04:30:00,13.274459,-0.24251747
2019-03-01 05:00:00,2.780456,3.1926248
2019-03-01 05:30:00,-0.8413577,-0.3793828
2019-03-01 06:00:00,-7.0801587,-3.9434423
2019-03-01 06:30:00,-1.1971751,0.97410846
2019-03-01 07:00:00,-11.078574,-4.0633063
2019-03-01 07:30:00,-5.190466,-2.6221225
2019-03-01 08:00:00,11.48645,5.9560676
2019-03-01 08:30:00,2.247348,3.8056436
2019-03-01 09:00:00,2.5129519,2.2633748
2019-03-01 09:30:00,0.52284276,6.2885485
2019-03-01 10:00:00,10.417551,-1.4338712
2019-03-01 10:30:00,1.3695952,0.45375472
2019-03-01 11:00:00,0.4291466,2.8941462
2019-03-01 11:30:00,3.4846716,4.058401
2019-03-01 12:00:00,1.3971832,4.828244
2019-03-01 12:30:00,16.534893,6.8487945
2019-03-01 13:00:00,16.206127,1.6492724
2019-03-01 13:30:00,-41.21951,-20.034636
2019-03-01 14:00:00,-2.7699723,4.3253155
2019-03-01 14:30:00,-4.7900987,0.6807202
2019-03-01 15:00:00,2.4999049,4.005947
2019-03-01 15:30:00,-3.2011826,-1.7039009
2019-03-01 16:00:00,-16.766808,-20.292248
2019-03-01 16:30:00,-5.5430193,0.2985819
2019-03-01 17:00:00,-7.776872,1.3647627
2019-03-01 17:30:00,0.3406674,1.3528606
2019-03-01 18:00:00,-4.4932194,-2.6403863
2019-03-01 18:30:00,2.241707,8.324409
2019-03-01 19:00:00,3.0121055,3.8788345
2019-03-01 19:30:00,2.6077971,3.2113867
2019-03-01 20:00:00,0.96568435,3.4128091
2019-03-01 20:30:00,1.9052285,2.7708697
2019-03-01 21:00:00,0.96869045,6.1670456
2019-03-01 21:30:00,-47.042557,3.3199475
2019-03-01 22:00:00,4.097817,4.4103518
2019-03-01 22:30:00,13.032861,2.6182485
2019-03-01 23:00:00,-30.858126,-16.264015
2019-03-01 23:30:00,1.804135,2.917531
2019-03-02 00:00:00,1.0148658,5.029636
2019-03-02 00:30:00,1.3820302,3.5838296
2019-03-02 01:00:00,-0.94991404,-1.5524988
2019-03-02 01:30:00,0.6484439,2.905463
2019-03-02 02:00:00,-7.7249117,2.0919523
2019-03-02 02:30:00,-1.1552906,-1.2443291
2019-03-02 03:00:00,6.0655327,-1.090537
2019-03-02 03:30:00,-21.503706,-25.416988
2019-03-02 04:00:00,4.7846513,3.0865285
2019-03-02 04:30:00,-8.447605,-5.7093954
2019-03-02 05:00:00,-36.756443,1.1581146
2019-03-02 05:30:00,26.95307,-3.71448
2019-03-02 06:00:00,0.5575659,4.258028
2019-03-02 06:30:00,5.2614865,3.9155457
2019-03-02 07:00:00,-0.15826344,1.6633723
2019-03-02 07:30:00,5.192551,3.8455007
2019-03-02 08:00:00,1.0034748,2.391864
2019-03-02 08:30:00,3.0610378,-4.3397593
2019-03-02 09:00:00,9.677726,2.7162354
2019-03-02 09:30:00,0.32212391,3.3100116
2019-03-02 10:00:00,0.7946202,1.0928366
2019-03-02 10:30:00,-4.213909,0.73329216
2019-03-02 11:00:00,-19.551182,-14.697758
2019-03-02 11:30:00,1.4472165,5.2981935
2019-03-02 12:00:00,-1.0396603,4.380234
2019-03-02 12:30:00,-5.4417295,6.9163227
2019-03-02 13:00:00,-2.495193,3.9338489
2019-03-02 13:30:00,-4.713692,-1.6798651
2019-03-02 14:00:00,-0.6553679,-3.2216837
2019-03-02 14:30:00,-0.49957466,1.944155
2019-03-02 15:00:00,-3.3671086,3.1818938
2019-03-02 15:30:00,-0.67982316,-0.5066093
2019-03-02 16:00:00,-21.450434,3.6438031
2019-03-02 16:30:00,-18.998413,-19.308826
2019-03-02 17:00:00,-2.831497,2.1154332
2019-03-02 17:30:00,-35.478313,-24.055014
2019-03-02 18:00:00,5.020478,1.8032174
2019-03-02 18:30:00,-1.4457908,5.277622
2019-03-02 19:00:00,-2.2878897,0.72036326
2019-03-02 19:30:00,-4.6394877,2.8629448
2019-03-02 20:00:00,-24.042236,-16.9698
2019-03-02 20:30:00,3.205121,7.081335
2019-03-02 21:00:00,-0.79453146,1.0998669
2019-03-02 21:30:00,-0.9961548,4.6509013
2019-03-02 22:00:00,0.15528932,6.999956
2019-03-02 22:30:00,2.465553,2.6345463
2019-03-02 23:00:00,1.6658016,2.9239278
2019-03-02 23:30:00,0.6739215,2.641712
2019-03-03 00:00:00,-13.10605,-5.6512046
2019-03-03 00:30:00,4.8540144,4.577418
2019-03-03 01:00:00,-31.526667,-13.553679
2019-03-03 01:30:00,-14.012552,-8.128534
2019-03-03 02:00:00,-7.0510325,1.199986
2019-03-03 02:30:00,4.29778,9.5759115
2019-03-03 03:00:00,-11.188013,-0.8579831
2019-03-03 03:30:00,14.480206,2.2371893
2019-03-03 04:00:00,1.9218888,-0.18524413
2019-03-03 04:30:00,1.9396589,3.256854
2019-03-03 05:00:00,2.4682403,4.6732373
2019-03-03 05:30:00,-1.4130557,1.8690416
2019-03-03 06:00:00,-6.717481,-7.85573
2019-03-03 06:30:00,6.184117,4.723485
2019-03-03 07:00:00,-1.3700395,-0.33848137
2019-03-03 07:30:00,-0.55798405,0.70071435
2019-03-03 08:00:00,-12.727476,0.968507
2019-03-03 08:30:00,-18.922386,-13.618962
2019-03-03 09:00:00,35.33831,9.75301
2019-03-03 09:30:00,-8.2726965,-1.0190676
2019-03-03 10:00:00,13.341581,1.4872702
2019-03-03 10:30:00,-9.697044,-0.5902036
2019-03-03 11:00:00,3.7123756,3.3591187
2019-03-03 11:30:00,-0.17912269,-8.66481
2019-03-03 12:00:00,19.66841,-4.607504
2019-03-03 12:30:00,-0.46389022,-0.51086503
2019-03-03 13:00:00,9.088786,-1.3996593
2019-03-03 13:30:00,-0.54294914,0.6269729
2019-03-03 14:00:00,0.5117883,2.3058667
2019-03-03 14:30:00,26.847881,2.949471
2019-03-03 15:00:00,-14.770961,-4.317008
2019-03-03 15:30:00,-17.777699,-9.970212
2019-03-03 16:00:00,-10.745608,3.3971145
2019-03-03 16:30:00,-17.690321,-9.858727
2019-03-03 17:00:00,-16.661993,-12.657471
2019-03-03 17:30:00,5.836378,4.2313747
2019-03-03 18:00:00,-1.0549662,-4.068235
2019-03-03 18:30:00,-2.4670458,1.4550071
2019-03-03 19:00:00,-14.05182,-12.347824
2019-03-03 19:30:00,-9.806706,-5.1111274
2019-03-03 20:00:00,5.229892,18.683796
2019-03-03 20:30:00,0.16443436,-0.4352055
2019-03-03 21:00:00,0.73440194,4.0146203
2019-03-03 21:30:00,0.4130106,3.8146882
2019-03-03 22:00:00,-1.5448961,1.0469104
2019-03-03 22:30:00,3.385208,-0.5074744
2019-03-03 23:00:00,0.7487334,-1.6038517
2019-03-03 23:30:00,0.74070257,1.8837706
2019-03-04 00:00:00,-14.1115465,-10.017396
2019-03-04 00:30:00,17.17301,1.6870453
2019-03-04 01:00:00,32.39213,5.349109
2019-03-04 01:30:00,-14.816455,-11.602737
2019-03-04 02:00:00,2.521092,1.9209319
2019-03-04 02:30:00,-18.483486,-9.237232
2019-03-04 03:00:00,1.8308797,1.1058005
2019-03-04 03:30:00,3.5379472,3.7921424
2019-03-04 04:00:00,0.81031054,4.8007436
2019-03-04 04:30:00,1.1469421,2.7956612
2019-03-04 05:00:00,1.0834382,-0.9951717
2019-03-04 05:30:00,0.80918765,3.0175366
2019-03-04 06:00:00,1.9545933,-1.0872163
2019-03-04 06:30:00,26.33113,9.832864
2019-03-04 07:00:00,3.6240406,3.7611024
2019-03-04 07:30:00,0.9718408,1.3308653
2019-03-04 08:00:00,1.2463622,3.1389954
2019-03-04 08:30:00,-1.1396965,1.677175
2019-03-04 09:00:00,-24.353899,2.8658416
2019-03-04 09:30:00,0.51715386,2.5265927
2019-03-04 10:00:00,-1.8641771,3.055161
2019-03-04 10:30:00,7.45733,0.7737086
2019-03-04 11:00:00,0.6750445,4.998723
2019-03-04 11:30:00,-21.740898,-1.6184279
2019-03-04 12:00:00,-2.729464,-1.1113526
2019-03-04 12:30:00,-22.255127,-8.333094
2019-03-04 13:00:00,0.87897915,4.1950393
2019-03-04 13:30:00,-1.3224791,7.3115206
2019-03-04 14:00:00,-0.21460174,1.9199313
2019-03-04 14:30:00,-12.796875,-7.5455503
2019-03-04 15:00:00,2.9645538,1.0023388
2019-03-04 15:30:00,5.2235603,8.46234
2019-03-04 16:00:00,18.113873,3.1845503
2019-03-04 16:30:00,-21.390558,-10.4520235
2019-03-04 17:00:00,-15.718724,-2.598056
2019-03-04 17:30:00,1.5771171,3.045413
2019-03-04 18:00:00,-4.9669914,-2.5241706
2019-03-04 18:30:00,0.94704914,2.0599775
2019-03-04 19:00:00,3.0445259,2.6373556
2019-03-04 19:30:00,13.362086,-0.7931945
2019-03-04 20:00:00,-13.1415415,0.46936202
2019-03-04 20:30:00,5.0674963,5.9506583
2019-03-04 21:00:00,1.6028088,2.3771002
2019-03-04 21:30:00,0.083815604,0.52867585
2019-03-04 22:00:00,42.974308,9.512612
2019-03-04 22:30:00,-1.8391058,0.62619084
2019-03-04 23:00:00,15.010093,1.8513763
2019-03-04 23:30:00,-1.6981945,-0.0077527035
2019-03-05 00:00:00,-18.542664,-11.81933
2019-03-05 00:30:00,8.390289,6.719077
2019-03-05 01:00:00,2.8988652,3.4774272
2019-03-05 01:30:00,1.4779155,4.4604945
2019-03-05 02:00:00,4.2587314,9.628369
2019-03-05 02:30:00,-5.3779545,5.7415066
2019-03-05 03:00:00,2.6597836,-2.748698
2019-03-05 03:30:00,28.70183,12.064758
2019-03-05 04:00:00,-11.286769,2.023345
2019-03-05 04:30:00,-10.071266,-0.9355564
2019-03-05 05:00:00,0.22696838,3.0133855
2019-03-05 05:30:00,0.62739676,2.1331902
2019-03-05 06:00:00,-3.4066422,8.971499
2019-03-05 06:30:00,9.052979,1.8325794
2019-03-05 07:00:00,13.108118,3.6632512
2019-03-05 07:30:00,0.43435922,-4.669186
2019-03-05 08:00:00,2.534484,4.237387
2019-03-05 08:30:00,-1.3584082,2.3512075
2019-03-05 09:00:00,-30.473797,4.3279896
2019-03-05 09:30:00,3.4040267,4.265954
2019-03-05 10:00:00,-0.2782893,1.2948444
2019-03-05 10:30:00,4.3777523,1.1702963
2019-03-05 11:00:00,0.44292748,3.190012
2019-03-05 11:30:00,-1.9899268,1.5020736
2019-03-05 12:00:00,1.3255434,2.8504703
2019-03-05 12:30:00,-5.7517037,4.200693
2019-03-05 13:00:00,24.699179,5.4744964
2019-03-05 13:30:00,0.21069695,0.60735893
2019-03-05 14:00:00,10.265464,5.1651382
2019-03-05 14:30:00,-0.3541979,0.3528229
2019-03-05 15:00:00,3.266362,1.2726045
2019-03-05 15:30:00,2.03377,4.388103
2019-03-05 16:00:00,-0.7919711,1.0455909
2019-03-05 16:30:00,1.4015831,2.4837077
2019-03-05 17:00:00,0.2017398,3.5379164
2019-03-05 17:30:00,1.2733691,3.868099
2019-03-05 18:00:00,-2.0368316,-0.19884153
2019-03-05 18:30:00,-19.974113,-4.0368414
2019-03-05 19:00:00,-2.672571,-0.36679032
2019-03-05 19:30:00,-1.8051953,-0.8005524
2019-03-05 20:00:00,4.3160396,9.256765
2019-03-05 20:30:00,0.91365427,1.9672862
2019-03-05 21:00:00,-20.937647,2.572851
2019-03-05 21:30:00,-0.086339705,0.95203894
2019-03-05 22:00:00,2.6090379,4.1202364
2019-03-05 22:30:00,3.1837814,9.110078
2019-03-05 23:00:00,-20.028536,-2.8507004
2019-03-05 23:30:00,15.951271,15.1321945
2019-03-06 00:00:00,0.08657266,3.5755801
2019-03-06 00:30:00,-24.100965,-11.896812
2019-03-06 01:00:00,-16.823952,-5.306922
2019-03-06 01:30:00,-1.0262028,0.40580556
2019-03-06 02:00:00,2.8795395,0.094708376
2019-03-06 02:30:00,1.0188375,4.4963665
2019-03-06 03:00:00,4.066087,-0.018422637
2019-03-06 03:30:00,-1.8757122,1.852875
2019-03-06 04:00:00,24.014477,2.265083
2019-03-06 04:30:00,7.954111,8.944462
2019-03-06 05:00:00,0.23432636,2.926545
2019-03-06 05:30:00,1.6577752,1.162781
2019-03-06 06:00:00,0.6002282,-4.6219707
2019-03-06 06:30:00,-1.9795715,3.8206303
2019-03-06 07:00:00,-15.718689,-12.614586
2019-03-06 07:30:00,2.8011622,3.3146868
2019-03-06 08:00:00,2.986357,6.972298
2019-03-06 08:30:00,-1.4727147,1.8045632
2019-03-06 09:00:00,0.68527305,2.8518772
2019-03-06 09:30:00,-3.2772791,-3.1326628
2019-03-06 10:00:00,1.260462,0.9589468
2019-03-06 10:30:00,-8.141311,-1.7650717
2019-03-06 11:00:00,-5.549272,-2.3809
2019-03-06 11:30:00,-6.0709496,2.9063325
2019-03-06 12:00:00,-11.532728,-11.010067
2019-03-06 12:30:00,0.9025605,-10.030404
2019-03-06 13:00:00,1.66325,6.4878516
2019-03-06 13:30:00,8.3902855,2.4018
2019-03-06 14:00:00,5.7258515,5.8785467
2019-03-06 14:30:00,0.8237157,3.5450037
2019-03-06 15:00:00,0.9228998,5.1105213
2019-03-06 15:30:00,5.5259013,1.1478074
2019-03-06 16:00:00,5.5708666,6.9291115
2019-03-06 16:30:00,-15.398501,3.127229
2019-03-06 17:00:00,3.6272783,3.2092807
2019-03-06 17:30:00,-4.1036835,-0.14351691
2019-03-06 18:00:00,2.7920828,8.741576
2019-03-06 18:30:00,-8.6596365,3.5757375
2019-03-06 19:00:00,-2.168882,-0.44470444
2019-03-06 19:30:00,7.77991,2.670969
2019-03-06 20:00:00,-12.65834,-7.1617384
2019-03-06 20:30:00,0.75099236,2.9623387
2019-03-06 21:00:00,8.059469,6.377635
2019-03-06 21:30:00,-10.193088,6.0845876
2019-03-06 22:00:00,5.4859004,9.167631
2019-03-06 22:30:00,-3.0826206,4.594528
2019-03-06 23:00:00,5.8710623,3.49847
2019-03-06 23:30:00,-15.97556,-13.953423
2019-03-07 00:00:00,2.2554705,1.8098326
2019-03-07 00:30:00,-10.743301,-10.462641
2019-03-07 01:00:00,6.990431,11.025555
2019-03-07 01:30:00,-0.96981204,4.2584734
2019-03-07 02:00:00,-5.025882,-4.0310388
2019-03-07 02:30:00,-6.852739,14.070889
2019-03-07 03:00:00,1.6546379,2.1518953
2019-03-07 03:30:00,-0.8402086,1.7233764
2019-03-07 04:00:00,-2.9021623,7.737947
2019-03-07 04:30:00,12.701992,3.5978289
2019-03-07 05:00:00,-1.5620939,0.6425453
2019-03-07 05:30:00,1.6298857,2.6253006
2019-03-07 06:00:00,18.913008,-2.230079
2019-03-07 06:30:00,1.540266,0.9482507
2019-03-07 07:00:00,3.5431945,3.3113573
2019-03-07 07:30:00,-0.77364606,4.5435905
2019-03-07 08:00:00,1.4412348,2.080225
2019-03-07 08:30:00,0.42985004,4.966193
2019-03-07 09:00:00,-23.112162,-17.711113
2019-03-07 09:30:00,-4.910168,4.058445
2019-03-07 10:00:00,2.543725,3.213873
2019-03-07 10:30:00,4.052175,4.398782
2019-03-07 11:00:00,2.278248,2.5854697
2019-03-07 11:30:00,-3.6565688,2.2598138
2019-03-07 12:00:00,-14.683609,-10.65629
2019-03-07 12:30:00,48.44938,3.7415278
2019-03-07 13:00:00,-40.024334,-8.385862
2019-03-07 13:30:00,-31.780329,-21.75394
2019-03-07 14:00:00,4.4721956,0.21351954
2019-03-07 14:30:00,-8.799058,1.8985128
2019-03-07 15:00:00,-6.9045024,-5.7455297
2019-03-07 15:30:00,-4.0490975,-0.3991628
2019-03-07 16:00:00,-22.560333,1.230886
2019-03-07 16:30:00,30.353703,12.355469
2019-03-07 17:00:00,-0.06173593,1.7348022
2019-03-07 17:30:00,-0.49176228,1.414276
2019-03-07 18:00:00,-8.262467,2.9352531
2019-03-07 18:30:00,-2.628327,3.7583847
2019-03-07 19:00:00,-4.372914,0.04140677
2019-03-07 19:30:00,-9.622451,-1.9400289
2019-03-07 20:00:00,-10.0520935,3.0670762
2019-03-07 20:30:00,-38.723614,-18.494144
2019-03-07 21:00:00,-2.6217904,4.151398
2019-03-07 21:30:00,-0.48660645,-2.7885857
2019-03-07 22:00:00,-28.536266,-13.598514
2019-03-07 22:30:00,20.79502,11.602683
2019-03-07 23:00:00,0.68654895,2.716668
2019-03-07 23:30:00,2.6609194,4.9544835
2019-03-08 00:00:00,-1.2946115,5.78683
2019-03-08 00:30:00,-32.84758,-13.734151
2019-03-08 01:00:00,-11.95246,-8.822465
2019-03-08 01:30:00,0.9957935,2.6652975
2019-03-08 02:00:00,9.264669,6.669887
2019-03-08 02:30:00,0.9423608,-9.16437
2019-03-08 03:00:00,-1.7765063,-0.48665014
2019-03-08 03:30:00,4.330454,5.417389
2019-03-08 04:00:00,19.954016,10.8971615
2019-03-08 04:30:00,15.779307,0.9978646
2019-03-08 05:00:00,6.3069873,-11.000988
2019-03-08 05:30:00,-2.030824,2.231068
2019-03-08 06:00:00,-3.154601,1.3977337
2019-03-08 06:30:00,-18.581858,-13.238869
2019-03-08 07:00:00,5.8451605,3.336717
2019-03-08 07:30:00,10.883813,15.571016
2019-03-08 08:00:00,3.073556,2.0467558
2019-03-08 08:30:00,-7.6667166,-1.8267275
2019-03-08 09:00:00,-16.531033,-11.943358
2019-03-08 09:30:00,0.4412191,-0.55835104
2019-03-08 10:00:00,-27.467735,-13.847623
2019-03-08 10:30:00,-1.5537572,0.3946288
2019-03-08 11:00:00,0.5232841,2.350294
2019-03-08 11:30:00,-14.599908,8.985639
2019-03-08 12:00:00,-9.381394,-3.7148995
2019-03-08 12:30:00,2.7535145,-5.8058095
2019-03-08 13:00:00,3.0273807,2.3450859
2019-03-08 13:30:00,-8.102925,-4.568044
2019-03-08 14:00:00,-19.217417,-10.501616
2019-03-08 14:30:00,14.412656,2.935371
2019-03-08 15:00:00,-16.830936,-10.324334
2019-03-08 15:30:00,-26.802557,-14.026659
2019-03-08 16:00:00,-9.215661,-2.5171404
2019-03-08 16:30:00,3.3763993,3.0263712
2019-03-08 17:00:00,-11.629238,-7.256549
2019-03-08 17:30:00,32.32882,7.5253606
2019-03-08 18:00:00,1.4425107,23.717415
2019-03-08 18:30:00,10.652959,5.1309347
2019-03-08 19:00:00,2.9224334,4.558324
2019-03-08 19:30:00,-19.341448,3.3282056
2019-03-08 20:00:00,-8.38976,0.9494916
2019-03-08 20:30:00,0.51488185,5.644752
2019-03-08 21:00:00,0.22837095,2.5230405
2019-03-08 21:30:00,0.70731205,23.481115
2019-03-08 22:00:00,16.625076,2.478906
2019-03-08 22:30:00,7.8392763,3.53474
2019-03-08 23:00:00,6.450542,8.070157
2019-03-08 23:30:00,-0.25895494,-0.03234336
2019-03-09 00:00:00,-13.969427,-3.8865447
2019-03-09 00:30:00,-3.2430978,1.079296
2019-03-09 01:00:00,-0.9343854,2.5586855
2019-03-09 01:30:00,6.30835,2.3141117
2019-03-09 02:00:00,-0.988941,2.7137623
2019-03-09 02:30:00,2.2858987,3.6538177
2019-03-09 03:00:00,1.0419993,2.8102374
2019-03-09 03:30:00,-26.292572,-23.308592
2019-03-09 04:00:00,-39.47429,-7.497706
2019-03-09 04:30:00,0.69578135,3.624412
2019-03-09 05:00:00,18.214918,8.274686
2019-03-09 05:30:00,1.3530791,0.49923083
2019-03-09 06:00:00,-15.275487,-12.475763
2019-03-09 06:30:00,1.7157476,1.0189292
2019-03-09 07:00:00,0.75381494,-0.84782
2019-03-09 07:30:00,2.6554492,4.4155865
2019-03-09 08:00:00,-0.007276445,0.9284751
2019-03-09 08:30:00,-1.4591129,0.9623899
2019-03-09 09:00:00,-12.150234,-7.0845146
2019-03-09 09:30:00,2.0106826,3.4338038
2019-03-09 10:00:00,1.0948553,-0.28014624
2019-03-09 10:30:00,-4.233947,-0.50422364
2019-03-09 11:00:00,0.38724023,2.2979145
2019-03-09 11:30:00,5.0630703,3.4648173
2019-03-09 12:00:00,-0.90006423,-0.50757056
2019-03-09 12:30:00,17.200022,7.9531894
2019-03-09 13:00:00,5.0759816,5.4687376
2019-03-09 13:30:00,2.1697528,1.069028
2019-03-09 14:00:00,-7.553341,-13.057488
2019-03-09 14:30:00,0.8289327,1.949171
2019-03-09 15:00:00,-9.277099,-6.3369203
2019-03-09 15:30:00,-4.5105915,-0.23695093
2019-03-09 16:00:00,-17.50991,-12.566116
2019-03-09 16:30:00,-0.2804084,-0.15201965
2019-03-09 17:00:00,4.3535023,4.869146
2019-03-09 17:30:00,6.7360916,-0.56302625
2019-03-09 18:00:00,2.0506752,4.1084566
2019-03-09 18:30:00,-4.208714,-8.162061
2019-03-09 19:00:00,2.9211576,4.6238637
2019-03-09 19:30:00,2.173825,2.52391
2019-03-09 20:00:00,-6.535564,1.1414455
2019-03-09 20:30:00,4.8469844,6.9232826
2019-03-09 21:00:00,-6.0878854,-1.7011745
2019-03-09 21:30:00,2.3033412,3.2110634
2019-03-09 22:00:00,-7.7670064,-10.860998
2019-03-09 22:30:00,-3.508531,-2.704301
2019-03-09 23:00:00,-17.807102,5.8349757
2019-03-09 23:30:00,-1.2502103,-2.9187615
2019-03-10 00:00:00,2.0948668,2.7680995
2019-03-10 00:30:00,0.93605584,-8.160457
2019-03-10 01:00:00,-28.109617,-2.4236712
2019-03-10 01:30:00,9.080121,9.853836
2019-03-10 02:00:00,-9.702616,-3.1851165
2019-03-10 02:30:00,-3.5089679,6.7692547
2019-03-10 03:00:00,2.7309775,5.311782
2019-03-10 03:30:00,-13.734462,-12.018145
2019-03-10 04:00:00,5.5136676,7.8499722
2019-03-10 04:30:00,2.2367916,1.8470333
2019-03-10 05:00:00,0.20422159,3.4638999
2019-03-10 05:30:00,-3.0830882,4.5272493
2019-03-10 06:00:00,-2.8308153,2.480103
2019-03-10 06:30:00,3.7973986,2.9040473
2019-03-10 07:00:00,19.59888,6.2209067
2019-03-10 07:30:00,-4.1171894,9.714105
2019-03-10 08:00:00,4.566171,3.963473
2019-03-10 08:30:00,1.1947297,4.0864964
2019-03-10 09:00:00,-2.3091815,3.7007575
2019-03-10 09:30:00,0.34212238,-0.3978345
2019-03-10 10:00:00,0.9680613,2.0728452
2019-03-10 10:30:00,-9.445196,4.023097
2019-03-10 11:00:00,-10.646455,-6.185641
2019-03-10 11:30:00,6.421062,7.3748546
2019-03-10 12:00:00,-6.3066454,0.56147647
2019-03-10 12:30:00,-1.5155604,-1.6358877
2019-03-10 13:00:00,-15.509883,-10.744642
2019-03-10 13:30:00,-12.096386,-17.372726
2019-03-10 14:00:00,-28.01099,1.151495
2019-03-10 14:30:00,-15.730914,-9.212192
2019-03-10 15:00:00,1.1958395,5.5531006
2019-03-10 15:30:00,17.802654,25.307732
2019-03-10 16:00:00,-11.74884,-4.854389
2019-03-10 16:30:00,4.221688,2.8974407
2019-03-10 17:00:00,-0.1450156,2.3361726
2019-03-10 17:30:00,3.0990028,2.5460277
2019-03-10 18:00:00,1.7926699,4.5636764
2019-03-10 18:30:00,10.414126,5.6120124
2019-03-10 19:00:00,-0.3196495,1.556437
2019-03-10 19:30:00,1.0448176,2.675417
2019-03-10 20:00:00,3.3359742,5.4763665
2019-03-10 20:30:00,0.9321322,2.4065976
2019-03-10 21:00:00,-27.681816,-21.73572
2019-03-10 21:30:00,-0.30028895,0.10511615
2019-03-10 22:00:00,-38.917576,-26.929808
2019-03-10 22:30:00,-0.22052658,0.19302297
2019-03-10 23:00:00,-3.0551941,-0.3127809
2019-03-10 23:30:00,-13.467141,-11.01375
2019-03-11 00:00:00,-0.8390944,4.32383
2019-03-11 00:30:00,5.9810734,2.5610275
2019-03-11 01:00:00,-11.802884,2.2202625
2019-03-11 01:30:00,3.1712937,-5.2312407
2019-03-11 02:00:00,0.4860136,0.758228
2019-03-11 02:30:00,-0.31382078,7.6097546
2019-03-11 03:00:00,3.6711552,-3.7229085
2019-03-11 03:30:00,5.00768,5.190725
2019-03-11 04:00:00,14.166801,6.1455793
2019-03-11 04:30:00,2.8415961,3.0695753
2019-03-11 05:00:00,0.9174381,0.56980884
2019-03-11 05:30:00,4.8450313,2.0125613
2019-03-11 06:00:00,-12.821303,-3.9007144
2019-03-11 06:30:00,-36.108875,11.172129
2019-03-11 07:00:00,4.0316305,3.971259
2019-03-11 07:30:00,7.0020666,6.503695
2019-03-11 08:00:00,-12.264916,0.97952646
2019-03-11 08:30:00,3.1584697,1.793535
2019-03-11 09:00:00,-0.6531745,-4.199848
2019-03-11 09:30:00,2.403587,0.12015106
2019-03-11 10:00:00,-14.5434675,-8.871314
2019-03-11 10:30:00,-1.9310237,-0.04359442
2019-03-11 11:00:00,0.7841163,2.5120516
2019-03-11 11:30:00,1.7292095,2.6825216
2019-03-11 12:00:00,1.4352969,2.227
2019-03-11 12:30:00,10.909693,7.6147532
2019-03-11 13:00:00,2.9355283,0.53962106
2019-03-11 13:30:00,-3.9039958,-4.8640676
2019-03-11 14:00:00,2.1904724,0.50883466
2019-03-11 14:30:00,2.4133832,3.9059856
2019-03-11 15:00:00,3.3763425,6.929872
2019-03-11 15:30:00,21.822815,9.293355
2019-03-11 16:00:00,-10.549237,2.8310442
2019-03-11 16:30:00,-0.15266195,0.48184085
2019-03-11 17:00:00,6.7831492,5.3237104
2019-03-11 17:30:00,32.560963,3.7789774
2019-03-11 18:00:00,1.0309886,0.39317816
2019-03-11 18:30:00,0.86886847,2.1595547
2019-03-11 19:00:00,0.5187793,3.226474
2019-03-11 19:30:00,0.6537046,2.1501608
2019-03-11 20:00:00,-5.9540086,2.299706
2019-03-11 20:30:00,11.0862665,4.398515
2019-03-11 21:00:00,-14.805492,-13.222856
2019-03-11 21:30:00,-2.39815,0.860392
2019-03-11 22:00:00,-1.8441874,-2.9405122
2019-03-11 22:30:00,3.1004536,0.70619786
2019-03-11 23:00:00,-3.2322052,2.1672974
2019-03-11 23:30:00,6.2958016,2.6476104
2019-03-12 00:00:00,-6.1850986,-3.5614743
2019-03-12 00:30:00,-12.525674,-8.659763
2019-03-12 01:00:00,3.0024493,4.1430793
2019-03-12 01:30:00,-1.0296371,3.0948827
2019-03-12 02:00:00,0.13059379,2.6784668
2019-03-12 02:30:00,0.801017,3.1000822
2019-03-12 03:00:00,0.5831397,2.5253127
2019-03-12 03:30:00,-4.8548265,-12.883597
2019-03-12 04:00:00,6.1019206,2.6352277
2019-03-12 04:30:00,3.863638,8.654714
2019-03-12 05:00:00,0.030326117,-0.49374595
2019-03-12 05:30:00,-33.314934,6.3900743
2019-03-12 06:00:00,-3.5690813,0.68859816
2019-03-12 06:30:00,-0.88180035,2.699562
2019-03-12 07:00:00,1.2973568,2.1727939
2019-03-12 07:30:00,2.163413,1.8021338
2019-03-12 08:00:00,-0.098547645,3.6816766
2019-03-12 08:30:00,0.7098506,4.1809874
2019-03-12 09:00:00,2.8758912,-6.7732344
2019-03-12 09:30:00,27.527708,5.2039814
2019-03-12 10:00:00,0.42279357,5.178526
2019-03-12 10:30:00,1.9431456,2.6981726
2019-03-12 11:00:00,-7.498541,-9.202798
2019-03-12 11:30:00,1.2158161,2.8435056
2019-03-12 12:00:00,5.1685896,2.7334592
2019-03-12 12:30:00,-3.7156248,-3.0669608
2019-03-12 13:00:00,1.5834483,3.1678376
2019-03-12 13:30:00,-7.61487,-6.5906916
2019-03-12 14:00:00,0.60969657,1.5386624
2019-03-12 14:30:00,1.9057746,4.8459444
2019-03-12 15:00:00,-36.387455,3.270836
2019-03-12 15:30:00,-4.139534,4.245007
2019-03-12 16:00:00,9.053464,4.329755
2019-03-12 16:30:00,-1.8102157,-0.55085325
2019-03-12 17:00:00,-28.311039,-23.374147
2019-03-12 17:30:00,3.1090305,0.7575595
2019-03-12 18:00:00,0.7667395,3.9356315
2019-03-12 18:30:00,0.37223154,3.0732281
2019-03-12 19:00:00,9.788816,4.7755194
2019-03-12 19:30:00,1.1502279,0.8263198
2019-03-12 20:00:00,-4.5154505,-6.11674
2019-03-12 20:30:00,3.6136808,3.921973
2019-03-12 21:00:00,-3.1227355,-0.056339793
2019-03-12 21:30:00,-7.5972266,-9.932591
2019-03-12 22:00:00,-1.150812,-0.843088
2019-03-12 22:30:00,-9.313932,-3.2510152
2019-03-12 23:00:00,-2.828657,1.9240297
2019-03-12 23:30:00,-4.314697,1.1216786
2019-03-13 00:00:00,-0.84980804,1.9544185
2019-03-13 00:30:00,0.3529933,1.2015153
2019-03-13 01:00:00,5.356965,3.1652465
2019-03-13 01:30:00,10.509819,0.20284961
2019-03-13 02:00:00,-4.9208603,5.928576
2019-03-13 02:30:00,0.6792259,13.727652
2019-03-13 03:00:00,-9.183446,-12.2037325
2019-03-13 03:30:00,-11.965411,-6.182735
2019-03-13 04:00:00,4.226481,4.474603
2019-03-13 04:30:00,-13.158597,3.6248403
2019-03-13 05:00:00,3.938524,3.3854613
2019-03-13 05:30:00,-30.567368,-23.32925
2019-03-13 06:00:00,-0.07649557,0.8052509
2019-03-13 06:30:00,4.030005,8.455131
2019-03-13 07:00:00,1.640455,4.5438704
2019-03-13 07:30:00,-8.190727,-4.7415247
2019-03-13 08:00:00,4.266714,2.4091318
2019-03-13 08:30:00,4.395356,4.8237743
2019-03-13 09:00:00,-5.9197006,-3.7438812
2019-03-13 09:30:00,-3.6572373,3.4547155
2019-03-13 10:00:00,-23.71182,-8.660266
2019-03-13 10:30:00,3.9308734,3.5558307
2019-03-13 11:00:00,1.9946208,4.5191355
2019-03-13 11:30:00,-35.070286,-17.270391
2019-03-13 12:00:00,0.05934729,2.1946144
2019-03-13 12:30:00,0.08381124,1.5103885
2019-03-13 13:00:00,1.079746,5.2006345
2019-03-13 13:30:00,0.6721432,23.489094
2019-03-13 14:00:00,-27.93697,-12.251153
2019-03-13 14:30:00,-5.593822,-3.6973784
2019-03-13 15:00:00,0.89720803,1.4073725
2019-03-13 15:30:00,11.026765,13.741219
2019-03-13 16:00:00,32.53986,2.069826
2019-03-13 16:30:00,1.6858788,1.2279497
2019-03-13 17:00:00,0.35225928,2.0425088
2019-03-13 17:30:00,-4.409699,-3.2312655
2019-03-13 18:00:00,15.513734,1.3727542
2019-03-13 18:30:00,0.2591879,-0.8770334
2019-03-13 19:00:00,-5.6070175,2.034373
2019-03-13 19:30:00,-14.270746,-12.768745
2019-03-13 20:00:00,1.3739339,2.1233242
2019-03-13 20:30:00,3.2114522,3.6072447
2019-03-13 21:00:00,-16.54307,1.7283007
2019-03-13 21:30:00,-8.561671,-5.203032
2019-03-13 22:00:00,-9.102671,8.517206
2019-03-13 22:30:00,-7.662771,-2.5953078
2019-03-13 23:00:00,3.9794648,2.415747
2019-03-13 23:30:00,-3.1555755,0.11552829
2019-03-14 00:00:00,-18.724707,-14.127739
2019-03-14 00:30:00,1.9204382,2.3197439
2019-03-14 01:00:00,-7.281546,-1.3447628
2019-03-14 01:30:00,-1.915696,0.12525009
2019-03-14 02:00:00,1.3206804,2.7131855
2019-03-14 02:30:00,-3.2129538,-2.0650008
2019-03-14 03:00:00,3.988719,10.546211
2019-03-14 03:30:00,2.8490503,3.777042
2019-03-14 04:00:00,5.078612,7.402241
2019-03-14 04:30:00,-2.3600974,1.6160916
2019-03-14 05:00:00,0.69965696,1.3621979
2019-03-14 05:30:00,6.6985326,0.70347136
2019-03-14 06:00:00,2.4757862,2.1799684
2019-03-14 06:30:00,-1.5401292,-0.40626296
2019-03-14 07:00:00,-2.879927,-0.5442031
2019-03-14 07:30:00,-10.174125,-10.045915
2019-03-14 08:00:00,-11.857999,-22.891392
2019-03-14 08:30:00,-2.1484685,-0.9606801
2019-03-14 09:00:00,-0.35353813,0.82774425
2019-03-14 09:30:00,-30.097874,4.053237
2019-03-14 10:00:00,30.282526,-0.75238484
2019-03-14 10:30:00,0.64059216,1.2831128
2019-03-14 11:00:00,-3.8230057,-15.512425
2019-03-14 11:30:00,-1.7194296,-3.3796399
2019-03-14 12:00:00,-10.984878,-9.837759
2019-03-14 12:30:00,0.7098812,0.48957458
2019-03-14 13:00:00,-0.1861748,1.2198665
2019-03-14 13:30:00,2.7468295,-0.3548795
2019-03-14 14:00:00,-7.6500387,2.3172882
2019-03-14 14:30:00,-6.534231,2.9814415
2019-03-14 15:00:00,7.8485394,2.566332
2019-03-14 15:30:00,1.014123,-0.31887612
2019-03-14 16:00:00,-7.50679,-4.5607824
2019-03-14 16:30:00,-10.801536,-4.8912973
2019-03-14 17:00:00,0.6350693,2.9941168
2019-03-14 17:30:00,4.2814517,10.080479
2019-03-14 18:00:00,-2.5830257,-2.268442
2019-03-14 18:30:00,3.1947308,1.632551
2019-03-14 19:00:00,4.703687,2.3811855
2019-03-14 19:30:00,-0.35779387,0.036853917
2019-03-14 20:00:00,0.8298721,13.992557
2019-03-14 20:30:00,6.3764334,-0.63572335
2019-03-14 21:00:00,-7.6660132,3.492886
2019-03-14 21:30:00,0.59256434,1.2040058
2019-03-14 22:00:00,0.76789737,1.3340374
2019-03-14 22:30:00,5.4748197,4.8881917
2019-03-14 23:00:00,14.661857,4.643526
2019-03-14 23:30:00,0.4217493,1.1609066
2019-03-15 00:00:00,2.1592402,0.30712834
2019-03-15 00:30:00,11.918551,5.0000906
2019-03-15 01:00:00,-22.00341,-20.840477
2019-03-15 01:30:00,2.581865,4.342426
2019-03-15 02:00:00,-9.173012,2.0465548
2019-03-15 02:30:00,-0.2277491,2.0713947
2019-03-15 03:00:00,2.46838,2.373609
2019-03-15 03:30:00,-18.281633,-17.258879
2019-03-15 04:00:00,15.492058,-13.955157
2019-03-15 04:30:00,6.4581447,8.0377445
2019-03-15 05:00:00,1.119813,1.6737757
2019-03-15 05:30:00,2.4095337,1.1476762
2019-03-15 06:00:00,3.5099483,5.410844
2019-03-15 06:30:00,-24.726028,-14.977019
2019-03-15 07:00:00,0.2690233,1.5839114
2019-03-15 07:30:00,-0.74768776,1.1680548
2019-03-15 08:00:00,0.28015202,0.8550264
2019-03-15 08:30:00,-27.601921,4.0127506
2019-03-15 09:00:00,-13.988589,-10.359507
2019-03-15 09:30:00,3.938192,3.6271036
2019-03-15 10:00:00,-37.649773,-16.499802
2019-03-15 10:30:00,-0.9676361,2.6036024
2019-03-15 11:00:00,2.0113554,-0.2921576
2019-03-15 11:30:00,3.167641,2.5842726
2019-03-15 12:00:00,-0.59022975,1.6060727
2019-03-15 12:30:00,-12.544681,2.3304312
2019-03-15 13:00:00,0.56336844,1.7815804
2019-03-15 13:30:00,2.8006992,-6.2944155
2019-03-15 14:00:00,-14.108608,2.1000881
2019-03-15 14:30:00,2.2117248,1.336493
2019-03-15 15:00:00,6.2266173,2.754821
2019-03-15 15:30:00,-5.153466,1.9517795
2019-03-15 16:00:00,8.964238,2.3067493
2019-03-15 16:30:00,6.7113695,2.2458231
2019-03-15 17:00:00,0.5637223,1.9702137
2019-03-15 17:30:00,-9.030078,6.3112297
2019-03-15 18:00:00,-1.7183722,-0.6168128
2019-03-15 18:30:00,3.676866,4.572258
2019-03-15 19:00:00,-3.8640776,5.6705794
2019-03-15 19:30:00,2.6770294,1.9219762
2019-03-15 20:00:00,10.529193,5.25308
2019-03-15 20:30:00,1.355421,1.8047117
2019-03-15 21:00:00,-3.7785783,-0.5823213
2019-03-15 21:30:00,12.452673,-10.188185
2019-03-15 22:00:00,-22.704473,-22.714506
2019-03-15 22:30:00,0.27673957,-7.754418
2019-03-15 23:00:00,1.7379657,1.7675068
2019-03-15 23:30:00,0.2802962,-0.2093192
2019-03-16 00:00:00,-6.5964503,-2.6468704
2019-03-16 00:30:00,1.4553522,2.1660259
2019-03-16 01:00:00,0.26958695,-0.7957287
2019-03-16 01:30:00,-3.9032006,-2.3823242
2019-03-16 02:00:00,-4.683513,7.681844
2019-03-16 02:30:00,-24.855576,-8.83174
2019-03-16 03:00:00,1.8562481,2.2652755
2019-03-16 03:30:00,-6.326482,-4.456989
2019-03-16 04:00:00,-24.131285,-14.13175
2019-03-16 04:30:00,-3.856309,0.55572647
2019-03-16 05:00:00,-24.144508,-23.598463
2019-03-16 05:30:00,-21.665693,-12.998022
2019-03-16 06:00:00,14.814932,2.9343705
2019-03-16 06:30:00,18.845179,1.152417
2019-03-16 07:00:00,-2.6946974,2.31984
2019-03-16 07:30:00,3.3589964,3.077698
2019-03-16 08:00:00,0.36375064,1.0022514
2019-03-16 08:30:00,0.4679682,0.8856555
2019-03-16 09:00:00,1.1033754,-5.1717477
2019-03-16 09:30:00,-8.003274,2.8745542
2019-03-16 10:00:00,1.021057,2.0377288
2019-03-16 10:30:00,-0.6523662,0.46680158
2019-03-16 11:00:00,-1.6550167,4.159512
2019-03-16 11:30:00,2.9833465,1.4958385
2019-03-16 12:00:00,-16.133144,-8.893156
2019-03-16 12:30:00,-5.7638636,-10.816951
2019-03-16 13:00:00,-14.782212,-3.5566854
2019-03-16 13:30:00,2.33993,5.154988
2019-03-16 14:00:00,3.2947452,2.2710779
2019-03-16 14:30:00,4.385923,2.1442664
2019-03-16 15:00:00,0.99509007,3.0156577
2019-03-16 15:30:00,1.1607449,3.0511193
2019-03-16 16:00:00,1.2381915,4.9216347
2019-03-16 16:30:00,-13.125812,-14.667205
2019-03-16 17:00:00,0.255758,-1.1417282
2019-03-16 17:30:00,6.591134,-0.22553384
2019-03-16 18:00:00,5.462935,3.957618
2019-03-16 18:30:00,-5.222878,-6.9675827
2019-03-16 19:00:00,1.2873597,-2.8444479
2019-03-16 19:30:00,10.960888,-2.5224402
2019-03-16 20:00:00,4.0040207,7.2833166
2019-03-16 20:30:00,0.87343884,5.008803
2019-03-16 21:00:00,-0.8010025,-5.0318413
2019-03-16 21:30:00,-1.1365374,4.6700215
2019-03-16 22:00:00,0.4355608,2.3211813
2019-03-16 22:30:00,20.149483,3.92175
2019-03-16 23:00:00,-15.778473,-4.302406
2019-03-16 23:30:00,-1.0405123,-4.856976
2019-03-17 00:00:00,4.464676,4.87116
2019-03-17 00:30:00,8.4772835,0.12649098
2019-03-17 01:00:00,0.74660116,1.8358651
2019-03-17 01:30:00,6.28639,4.971908
2019-03-17 02:00:00,0.60835516,3.4672248
2019-03-17 02:30:00,-13.127551,1.547257
2019-03-17 03:00:00,2.3597407,-5.2528863
2019-03-17 03:30:00,-17.035828,-10.647797
2019-03-17 04:00:00,-6.7403984,-1.9453027
2019-03-17 04:30:00,-10.906741,2.5573618
2019-03-17 05:00:00,3.8846805,5.9320188
2019-03-17 05:30:00,-16.79588,-8.053311
2019-03-17 06:00:00,2.9451628,-1.1717237
2019-03-17 06:30:00,-0.7651957,6.0693297
2019-03-17 07:00:00,-40.149834,-17.731121
2019-03-17 07:30:00,2.135803,25.879313
2019-03-17 08:00:00,-2.4868739,-2.8984003
2019-03-17 08:30:00,10.144611,2.9142191
2019-03-17 09:00:00,0.67985946,2.2039778
2019-03-17 09:30:00,12.717818,8.715263
2019-03-17 10:00:00,-2.2197716,0.18793269
2019-03-17 10:30:00,-16.156174,-9.576626
2019-03-17 11:00:00,16.462637,-0.34804586
2019-03-17 11:30:00,-0.2651332,0.35704368
2019-03-17 12:00:00,1.116903,2.672271
2019-03-17 12:30:00,-0.21700488,0.08513951
2019-03-17 13:00:00,1.3066024,1.9293997
2019-03-17 13:30:00,3.3410077,3.0920732
2019-03-17 14:00:00,-6.8084335,-2.878568
2019-03-17 14:30:00,-37.273167,-23.371397
2019-03-17 15:00:00,1.5865461,3.3870344
2019-03-17 15:30:00,0.8149639,1.089481
2019-03-17 16:00:00,14.248036,1.6206838
2019-03-17 16:30:00,2.4598904,2.3319516
2019-03-17 17:00:00,-3.3344607,0.34274283
2019-03-17 17:30:00,0.82041687,2.601278
2019-03-17 18:00:00,-5.97513,2.6439664
2019-03-17 18:30:00,15.085272,0.24082793
2019-03-17 19:00:00,0.95013386,3.2822661
2019-03-17 19:30:00,-2.687418,-1.2657126
2019-03-17 20:00:00,0.20069553,0.041253842
2019-03-17 20:30:00,-27.241766,-5.8666654
2019-03-17 21:00:00,-46.252167,-21.398855
2019-03-17 21:30:00,-1.3357052,-1.5426459
2019-03-17 22:00:00,-23.537508,-13.850686
2019-03-17 22:30:00,-33.445755,-9.856552
2019-03-17 23:00:00,-43.595345,-24.426428
2019-03-17 23:30:00,0.16926685,4.7859664
2019-03-18 00:00:00,2.2297745,0.42303386
2019-03-18 00:30:00,0.762925,2.5746686
2019-03-18 01:00:00,-3.0898037,2.8106306
2019-03-18 01:30:00,-1.6506168,1.0904815
2019-03-18 02:00:00,-21.960396,-11.624672
2019-03-18 02:30:00,0.47776425,3.0654244
2019-03-18 03:00:00,0.4908286,0.050809596
2019-03-18 03:30:00,3.9048364,4.593261
2019-03-18 04:00:00,-1.1571739,-1.4251456
2019-03-18 04:30:00,9.603608,1.6422421
2019-03-18 05:00:00,0.74390966,3.8954248
2019-03-18 05:30:00,1.1175584,2.2132146
2019-03-18 06:00:00,-1.6462038,-4.389382
2019-03-18 06:30:00,0.56706923,2.6761074
2019-03-18 07:00:00,-8.12233,6.233888
2019-03-18 07:30:00,-18.94262,2.2383733
2019-03-18 08:00:00,-1.2412312,1.9613614
2019-03-18 08:30:00,1.1802235,4.788125
2019-03-18 09:00:00,-9.979313,-2.7318978
2019-03-18 09:30:00,0.76146567,2.0699658
2019-03-18 10:00:00,0.16967319,2.3356044
2019-03-18 10:30:00,3.9079561,0.8645254
2019-03-18 11:00:00,-0.8144557,3.3992336
2019-03-18 11:30:00,20.61012,0.82309526
2019-03-18 12:00:00,-11.257101,-8.147947
2019-03-18 12:30:00,-11.402622,-5.2675414
2019-03-18 13:00:00,13.808585,-0.5085755
2019-03-18 13:30:00,0.1895406,-1.1423049
2019-03-18 14:00:00,1.3428154,2.2588131
2019-03-18 14:30:00,-2.2077603,-0.7712953
2019-03-18 15:00:00,3.5008907,4.1707153
2019-03-18 15:30:00,-1.2686313,1.1145741
2019-03-18 16:00:00,-0.7085647,7.1566844
2019-03-18 16:30:00,32.603172,5.488583
2019-03-18 17:00:00,17.516829,7.71991
2019-03-18 17:30:00,-0.69156796,1.1465008
2019-03-18 18:00:00,-13.758851,-5.4703093
2019-03-18 18:30:00,-6.075581,-18.725195
2019-03-18 19:00:00,-2.799614,1.1975261
2019-03-18 19:30:00,1.7050908,3.3888083
2019-03-18 20:00:00,-0.7874794,1.5600286
2019-03-18 20:30:00,-5.5072784,-1.8129816
2019-03-18 21:00:00,-4.520759,-0.19392164
2019-03-18 21:30:00,20.867466,3.783146
2019-03-18 22:00:00,-22.627043,-12.72887
2019-03-18 22:30:00,-1.1306344,-0.05595529
2019-03-18 23:00:00,-3.9373558,0.6167312
2019-03-18 23:30:00,-6.014996,0.26161727
2019-03-19 00:00:00,1.0302764,2.7561145
2019-03-19 00:30:00,7.989503,1.5263541
2019-03-19 01:00:00,-25.445415,7.2504463
2019-03-19 01:30:00,0.09850097,0.6238139
2019-03-19 02:00:00,1.7393246,0.35103148
2019-03-19 02:30:00,-24.815437,-28.268225
2019-03-19 03:00:00,1.613907,2.6853004
2019-03-19 03:30:00,-1.9296824,0.24531525
2019-03-19 04:00:00,-0.3718675,3.3237793
2019-03-19 04:30:00,19.156437,0.86313593
2019-03-19 05:00:00,5.265375,7.6540422
2019-03-19 05:30:00,2.0524883,0.98752236
2019-03-19 06:00:00,-5.746919,-6.5799212
2019-03-19 06:30:00,-23.581697,-19.338667
2019-03-19 07:00:00,13.028815,3.692469
2019-03-19 07:30:00,3.328057,-1.1808732
2019-03-19 08:00:00,-13.293428,-2.6567888
2019-03-19 08:30:00,4.7795916,3.101297
2019-03-19 09:00:00,-5.57835,1.246904
2019-03-19 09:30:00,4.662725,5.328674
2019-03-19 10:00:00,3.7107108,4.833894
2019-03-19 10:30:00,0.33989403,5.93679
2019-03-19 11:00:00,-14.309969,-1.4051777
2019-03-19 11:30:00,-9.373255,-0.02544854
2019-03-19 12:00:00,5.0655212,4.559687
2019-03-19 12:30:00,-2.308395,4.013878
2019-03-19 13:00:00,-8.331058,0.60282797
2019-03-19 13:30:00,3.8887267,2.7496915
2019-03-19 14:00:00,-0.78839254,-5.659117
2019-03-19 14:30:00,-20.788132,-15.249065
2019-03-19 15:00:00,16.357038,1.5809665
2019-03-19 15:30:00,13.252708,4.8176966
2019-03-19 16:00:00,1.3755418,1.8267682
2019-03-19 16:30:00,-6.238833,4.4296556
2019-03-19 17:00:00,0.51272774,3.5374796
2019-03-19 17:30:00,-0.7652176,-8.10379
2019-03-19 18:00:00,-33.36959,-32.07382
2019-03-19 18:30:00,24.67505,1.435546
2019-03-19 19:00:00,-11.974691,-10.507431
2019-03-19 19:30:00,4.3231835,1.3299915
2019-03-19 20:00:00,-18.222548,-11.681058
2019-03-19 20:30:00,-3.9762473,-1.0245949
2019-03-19 21:00:00,-0.5410135,3.075876
2019-03-19 21:30:00,0.69019735,0.36031196
2019-03-19 22:00:00,-21.237516,-3.5161076
2019-03-19 22:30:00,0.8656308,1.8175313
2019-03-19 23:00:00,-2.4135127,0.39330485
2019-03-19 23:30:00,-13.501545,-12.260975
2019-03-20 00:00:00,0.9194218,1.841353
2019-03-20 00:30:00,5.2414746,2.996179
2019-03-20 01:00:00,5.911168,-0.41701594
2019-03-20 01:30:00,-1.22378,1.0682678
2019-03-20 02:00:00,0.17302011,6.418947
2019-03-20 02:30:00,-21.081919,4.9905477
2019-03-20 03:00:00,8.900516,1.4171162
2019-03-20 03:30:00,5.297354,8.343957
2019-03-20 04:00:00,2.4881425,1.5202501
2019-03-20 04:30:00,-3.983754,-1.6574155
2019-03-20 05:00:00,-2.8871975,3.5394676
2019-03-20 05:30:00,5.7176065,2.5452368
2019-03-20 06:00:00,-18.932917,-12.545366
2019-03-20 06:30:00,-21.368553,-10.402728
2019-03-20 07:00:00,0.4953596,-1.5283582
2019-03-20 07:30:00,0.82644653,2.5313249
2019-03-20 08:00:00,10.819876,3.075378
2019-03-20 08:30:00,-25.604,-12.683556
2019-03-20 09:00:00,-6.375069,2.2167494
2019-03-20 09:30:00,-5.1257954,-13.872091
2019-03-20 10:00:00,2.8598382,-2.5086508
2019-03-20 10:30:00,0.5162975,2.693244
2019-03-20 11:00:00,-11.887081,-10.924944
2019-03-20 11:30:00,-6.605386,-3.5032527
2019-03-20 12:00:00,14.599017,2.7127573
2019-03-20 12:30:00,3.1258874,0.46570924
2019-03-20 13:00:00,0.61473006,2.159581
2019-03-20 13:30:00,-11.95398,-1.6131977
2019-03-20 14:00:00,-5.674528,8.295152
2019-03-20 14:30:00,0.09621143,2.2423408
2019-03-20 15:00:00,3.3611155,2.688643
2019-03-20 15:30:00,2.814244,2.571916
2019-03-20 16:00:00,-4.628446,5.3139753
2019-03-20 16:30:00,2.1997964,1.8157225
2019-03-20 17:00:00,-3.3650374,4.799223
2019-03-20 17:30:00,-14.340075,-7.8948445
2019-03-20 18:00:00,2.1214323,1.526839
2019-03-20 18:30:00,-9.400921,-0.40815052
2019-03-20 19:00:00,-1.9770547,-6.361756
2019-03-20 19:30:00,0.6074813,7.0852237
2019-03-20 20:00:00,0.25133622,1.1940262
2019-03-20 20:30:00,0.23988853,0.55126536
2019-03-20 21:00:00,0.5956928,2.2082555
2019-03-20 21:30:00,-0.38038772,4.851764
2019-03-20 22:00:00,-2.254674,0.19195247
2019-03-20 22:30:00,-2.0805862,8.014198
2019-03-20 23:00:00,9.968352,1.7633865
2019-03-20 23:30:00,-11.631785,-3.057427
2019-03-21 00:00:00,7.005208,1.5112711
2019-03-21 00:30:00,-9.210453,-3.798756
2019-03-21 01:00:00,2.5926354,1.8632872
2019-03-21 01:30:00,-3.0618007,1.8817171
2019-03-21 02:00:00,-1.4822879,1.6228772
2019-03-21 02:30:00,4.1657124,0.93391925
2019-03-21 03:00:00,4.493072,5.7716813
2019-03-21 03:30:00,-0.6151219,1.5078849
2019-03-21 04:00:00,1.8472517,4.275086
2019-03-21 04:30:00,1.9650098,2.8216195
2019-03-21 05:00:00,-10.835516,5.893665
2019-03-21 05:30:00,-1.5566192,0.12531999
2019-03-21 06:00:00,0.30714142,-0.43130803
2019-03-21 06:30:00,2.6972156,3.8106859
2019-03-21 07:00:00,8.865193,5.994793
2019-03-21 07:30:00,0.11781783,0.27012438
2019-03-21 08:00:00,-11.714615,-6.620207
2019-03-21 08:30:00,0.8105552,6.4374557
2019-03-21 09:00:00,0.61773616,3.657003
2019-03-21 09:30:00,-0.2696773,2.1110551
2019-03-21 10:00:00,-8.786278,-9.456739
2019-03-21 10:30:00,0.012538524,0.57790524
2019-03-21 11:00:00,0.48913765,1.9707468
2019-03-21 11:30:00,6.57291,14.833996
2019-03-21 12:00:00,-5.3078136,-2.3681939
2019-03-21 12:30:00,-2.8925498,-2.8149502
2019-03-21 13:00:00,2.6978886,-0.7429296
2019-03-21 13:30:00,-0.17235458,4.3271856
2019-03-21 14:00:00,0.571242,4.0217032
2019-03-21 14:30:00,-15.323473,-11.900731
2019-03-21 15:00:00,-17.26037,-12.822361
2019-03-21 15:30:00,-0.2445536,1.9910511
2019-03-21 16:00:00,3.700845,3.6117191
2019-03-21 16:30:00,4.6845407,9.14626
2019-03-21 17:00:00,0.27711532,1.8607529
2019-03-21 17:30:00,0.2024957,-1.9426025
2019-03-21 18:00:00,-3.261095,-6.1200175
2019-03-21 18:30:00,-1.4990792,8.164465
2019-03-21 19:00:00,2.034194,1.5467589
2019-03-21 19:30:00,-3.5327897,0.034197357
2019-03-21 20:00:00,-0.2746933,3.046597
2019-03-21 20:30:00,2.2460022,1.7222536
2019-03-21 21:00:00,18.595675,-1.7963955
2019-03-21 21:30:00,-18.580723,4.4562387
2019-03-21 22:00:00,-10.365541,-18.902714
2019-03-21 22:30:00,7.0207543,-0.84880745
2019-03-21 23:00:00,2.9791389,-7.240557
2019-03-21 23:30:00,4.588778,1.7260898
2019-03-22 00:00:00,0.85791457,2.733809
2019-03-22 00:30:00,3.161432,4.4095654
2019-03-22 01:00:00,-4.0040975,5.019464
2019-03-22 01:30:00,-22.64404,-8.544452
2019-03-22 02:00:00,13.97781,1.3188715
2019-03-22 02:30:00,-0.8007622,5.0778213
2019-03-22 03:00:00,-16.629477,2.0659373
2019-03-22 03:30:00,13.294484,3.537794
2019-03-22 04:00:00,1.8723142,2.679131
2019-03-22 04:30:00,-2.2037973,-3.0241282
2019-03-22 05:00:00,-7.7009244,1.8568642
2019-03-22 05:30:00,1.6204741,0.06266799
2019-03-22 06:00:00,5.1508503,4.1887693
2019-03-22 06:30:00,-0.09478564,1.6147939
2019-03-22 07:00:00,-28.600029,-16.73706
2019-03-22 07:30:00,2.0020707,5.3109517
2019-03-22 08:00:00,3.5675406,-0.36926776
2019-03-22 08:30:00,1.5286348,1.8803976
2019-03-22 09:00:00,-4.0231433,-4.0939007
2019-03-22 09:30:00,-13.438113,-10.131763
2019-03-22 10:00:00,1.5954771,1.8839017
2019-03-22 10:30:00,-23.274641,3.348724
2019-03-22 11:00:00,-0.6368332,1.7595153
2019-03-22 11:30:00,1.08107,-2.4097986
2019-03-22 12:00:00,3.0875204,1.3455507
2019-03-22 12:30:00,-14.138518,-9.322828
2019-03-22 13:00:00,2.3830292,9.322629
2019-03-22 13:30:00,17.224018,7.4025297
2019-03-22 14:00:00,-14.388814,-7.356537
2019-03-22 14:30:00,-2.3488202,3.853016
2019-03-22 15:00:00,-15.162483,-0.39416865
2019-03-22 15:30:00,2.2010067,2.9610584
2019-03-22 16:00:00,15.758256,8.846987
2019-03-22 16:30:00,1.2514787,2.5025744
2019-03-22 17:00:00,0.56341213,3.103665
2019-03-22 17:30:00,6.729166,6.8345547
2019-03-22 18:00:00,4.437442,11.523301
2019-03-22 18:30:00,-1.9483132,1.4171073
2019-03-22 19:00:00,-1.8542893,-0.4824949
2019-03-22 19:30:00,-8.269083,-5.0445604
2019-03-22 20:00:00,0.45037723,4.4919276
2019-03-22 20:30:00,2.3923185,6.614973
2019-03-22 21:00:00,3.7614214,7.254164
2019-03-22 21:30:00,-0.20397988,4.662659
2019-03-22 22:00:00,-14.680263,-8.984157
2019-03-22 22:30:00,-5.7291183,0.0858255
2019-03-22 23:00:00,-5.093362,2.3413546
2019-03-22 23:30:00,3.920837,4.3176346
2019-03-23 00:00:00,-3.9804637,-6.623794
2019-03-23 00:30:00,13.076864,1.656058
2019-03-23 01:00:00,11.897588,4.4600487
2019-03-23 01:30:00,-24.11129,-7.928829
2019-03-23 02:00:00,1.659335,0.47127578
2019-03-23 02:30:00,4.571585,5.3055077
2019-03-23 03:00:00,5.1924334,5.9542675
2019-03-23 03:30:00,2.6488645,2.843191
2019-03-23 04:00:00,-7.387913,-4.884057
2019-03-23 04:30:00,50.380962,11.004555
2019-03-23 05:00:00,3.0541646,2.3795862
2019-03-23 05:30:00,-3.7851498,-0.22425799
2019-03-23 06:00:00,-3.5584943,-7.355554
2019-03-23 06:30:00,1.4352314,2.3207574
2019-03-23 07:00:00,-0.32428536,-2.047851
2019-03-23 07:30:00,-4.561442,1.0809739
2019-03-23 08:00:00,0.3158845,3.1569228
2019-03-23 08:30:00,12.554182,12.685371
2019-03-23 09:00:00,1.3585364,1.857856
2019-03-23 09:30:00,3.5425174,0.473526
2019-03-23 10:00:00,0.79025966,1.9620517
2019-03-23 10:30:00,4.30994,4.312273
2019-03-23 11:00:00,-2.7028985,-2.240775
2019-03-23 11:30:00,2.3486557,0.6762373
2019-03-23 12:00:00,6.7777095,14.236243
2019-03-23 12:30:00,-9.729618,-2.877148
2019-03-23 13:00:00,-8.628658,-10.651108
2019-03-23 13:30:00,-13.794977,-12.28204
2019-03-23 14:00:00,3.4686668,0.35165194
2019-03-23 14:30:00,-15.244392,2.9498641
2019-03-23 15:00:00,-36.746853,-22.830332
2019-03-23 15:30:00,1.9700782,3.3698366
2019-03-23 16:00:00,3.8949661,5.5032725
2019-03-23 16:30:00,6.8985567,1.1265985
2019-03-23 17:00:00,-16.608442,-11.173795
2019-03-23 17:30:00,5.737111,3.6439517
2019-03-23 18:00:00,-11.347039,-3.6485074
2019-03-23 18:30:00,0.33640292,0.27886307
2019-03-23 19:00:00,-1.3256164,0.7736168
2019-03-23 19:30:00,2.2419388,4.266692
2019-03-23 20:00:00,29.84913,3.856778
2019-03-23 20:30:00,19.066214,5.3369317
2019-03-23 21:00:00,4.5394177,8.989772
2019-03-23 21:30:00,-4.266717,-3.0248797
2019-03-23 22:00:00,-4.547731,5.472106
2019-03-23 22:30:00,12.59947,12.427996
2019-03-23 23:00:00,-19.380302,-13.418477
2019-03-23 23:30:00,-7.3099904,-1.8474425
2019-03-24 00:00:00,-5.378942,-1.9187241
2019-03-24 00:30:00,-23.074474,-18.481112
2019-03-24 01:00:00,-3.5747309,-0.7151056
2019-03-24 01:30:00,6.9182973,7.0029316
2019-03-24 02:00:00,3.004197,0.9174163
2019-03-24 02:30:00,0.87800044,1.4239061
2019-03-24 03:00:00,-3.5122013,1.7942821
2019-03-24 03:30:00,-5.49476,-8.036975
2019-03-24 04:00:00,-17.78455,-3.5830414
2019-03-24 04:30:00,5.613664,5.411569
2019-03-24 05:00:00,-6.1974335,-0.7633606
2019-03-24 05:30:00,2.433255,5.3494196
2019-03-24 06:00:00,-5.0691776,3.466434
2019-03-24 06:30:00,14.102052,2.367186
2019-03-24 07:00:00,6.444752,6.109305
2019-03-24 07:30:00,-4.599565,-4.0481887
2019-03-24 08:00:00,2.4242148,3.18857
2019-03-24 08:30:00,-14.0345,-3.866769
2019-03-24 09:00:00,-8.511979,-0.6990832
2019-03-24 09:30:00,-4.476939,1.1127214
2019-03-24 10:00:00,-0.24525268,3.4416685
2019-03-24 10:30:00,4.062644,6.007936
2019-03-24 11:00:00,0.92763615,0.07713488
2019-03-24 11:30:00,-33.046577,-20.19724
2019-03-24 12:00:00,-0.97983533,-4.148286
2019-03-24 12:30:00,-1.4919354,-3.7769747
2019-03-24 13:00:00,2.3147016,1.6322626
2019-03-24 13:30:00,5.3792095,5.224526
2019-03-24 14:00:00,0.9195878,4.908024
2019-03-24 14:30:00,-9.315536,-7.841744
2019-03-24 15:00:00,-6.868036,-2.106846
2019-03-24 15:30:00,-8.796467,-4.515127
2019-03-24 16:00:00,1.1203941,1.0125892
2019-03-24 16:30:00,8.484773,2.6486678
2019-03-24 17:00:00,-8.764348,4.8831143
2019-03-24 17:30:00,-1.191377,0.72288877
2019-03-24 18:00:00,1.0416279,-0.26237178
2019-03-24 18:30:00,-10.826266,-1.6702745
2019-03-24 19:00:00,-3.6849039,-1.6815212
2019-03-24 19:30:00,1.1586783,7.4690356
2019-03-24 20:00:00,-4.760287,0.6914382
2019-03-24 20:30:00,-1.3040318,2.457352
2019-03-24 21:00:00,1.67676,3.9336698
2019-03-24 21:30:00,-1.6672727,3.4753563
2019-03-24 22:00:00,-1.3602477,7.838468
2019-03-24 22:30:00,-18.024336,-10.573836
2019-03-24 23:00:00,0.5771362,3.4378455
2019-03-24 23:30:00,1.170943,1.3704035
2019-03-25 00:00:00,-6.8271956,2.6549947
2019-03-25 00:30:00,0.67405695,2.8732083
2019-03-25 01:00:00,0.6691415,5.107882
2019-03-25 01:30:00,-1.0460789,11.85261
2019-03-25 02:00:00,-10.254534,2.2113054
2019-03-25 02:30:00,-2.5127797,1.2705334
2019-03-25 03:00:00,-8.716455,-12.060711
2019-03-25 03:30:00,2.6046205,3.5399876
2019-03-25 04:00:00,3.7990458,0.6689405
2019-03-25 04:30:00,0.53010464,2.77343
2019-03-25 05:00:00,1.2778302,4.3587894
2019-03-25 05:30:00,1.5022658,1.6553851
2019-03-25 06:00:00,0.6616087,7.4641986
2019-03-25 06:30:00,5.710751,7.9633613
2019-03-25 07:00:00,1.6225932,4.090507
2019-03-25 07:30:00,1.0083947,2.3931663
2019-03-25 08:00:00,-5.3333306,3.1435833
2019-03-25 08:30:00,-9.362882,-1.1811615
2019-03-25 09:00:00,-0.39828894,3.6746595
2019-03-25 09:30:00,0.9129333,4.5471997
2019-03-25 10:00:00,-7.8424034,-0.45062053
2019-03-25 10:30:00,-3.0229003,1.4552692
2019-03-25 11:00:00,4.261768,3.4652107
2019-03-25 11:30:00,-5.023867,-3.8131442
2019-03-25 12:00:00,2.1175392,3.371392
2019-03-25 12:30:00,-6.0278373,-1.2997673
2019-03-25 13:00:00,-3.5009983,4.9233956
2019-03-25 13:30:00,0.56885195,1.1520107
2019-03-25 14:00:00,0.9486964,7.0738153
2019-03-25 14:30:00,-1.2932526,-0.21515664
2019-03-25 15:00:00,6.65054,7.3440766
2019-03-25 15:30:00,14.7853775,2.8288422
2019-03-25 16:00:00,1.1154523,5.230381
2019-03-25 16:30:00,-18.533405,-6.6960893
2019-03-25 17:00:00,-1.6288924,4.6428704
2019-03-25 17:30:00,-2.3180904,2.4910307
2019-03-25 18:00:00,1.3792033,0.5948233
2019-03-25 18:30:00,3.7600188,1.3265572
2019-03-25 19:00:00,-2.5336347,1.9631048
2019-03-25 19:30:00,15.15665,7.775305
2019-03-25 20:00:00,1.4402212,-0.150403
2019-03-25 20:30:00,-24.650272,-18.83994
2019-03-25 21:00:00,-10.770654,2.194645
2019-03-25 21:30:00,-2.5104334,2.5684512
2019-03-25 22:00:00,-21.10812,2.8281124
2019-03-25 22:30:00,-1.327268,-0.9308113
2019-03-25 23:00:00,-15.283238,4.878894
2019-03-25 23:30:00,-19.62976,-4.6120524
2019-03-26 00:00:00,2.0510335,2.061144
2019-03-26 00:30:00,3.0426822,3.183423
2019-03-26 01:00:00,7.4994726,5.893647
2019-03-26 01:30:00,2.3643634,2.2154737
2019-03-26 02:00:00,16.353342,6.8412704
2019-03-26 02:30:00,1.0642437,1.6444006
2019-03-26 03:00:00,37.932888,10.06571
2019-03-26 03:30:00,2.13728,3.5857956
2019-03-26 04:00:00,-0.53995174,5.150964
2019-03-26 04:30:00,0.34380022,2.5652485
2019-03-26 05:00:00,-4.760925,-11.504039
2019-03-26 05:30:00,-5.2304454,8.245577
2019-03-26 06:00:00,14.491614,4.4578466
2019-03-26 06:30:00,-7.879779,-8.517384
2019-03-26 07:00:00,-29.947266,-17.919052
2019-03-26 07:30:00,-26.63439,-18.670387
2019-03-26 08:00:00,-7.2919583,-2.7404487
2019-03-26 08:30:00,4.33942,5.2608223
2019-03-26 09:00:00,26.489159,10.235905
2019-03-26 09:30:00,0.49317494,1.4640079
2019-03-26 10:00:00,-0.81520283,2.4851496
2019-03-26 10:30:00,-1.4105171,2.7184374
2019-03-26 11:00:00,-1.1590483,-2.25872
2019-03-26 11:30:00,2.5683112,3.8510804
2019-03-26 12:00:00,-0.90383494,4.3595977
2019-03-26 12:30:00,-0.5725995,-3.6035948
2019-03-26 13:00:00,4.010216,4.458633
2019-03-26 13:30:00,-11.998334,0.4247729
2019-03-26 14:00:00,1.1514164,0.9616471
2019-03-26 14:30:00,-34.477386,-22.219435
2019-03-26 15:00:00,-1.8833586,-0.68153155
2019-03-26 15:30:00,-1.3703191,1.2606412
2019-03-26 16:00:00,-10.824628,-12.75281
2019-03-26 16:30:00,-1.7415996,-1.0625557
2019-03-26 17:00:00,-4.7173185,-2.8852181
2019-03-26 17:30:00,4.521202,1.872856
2019-03-26 18:00:00,-10.257155,-1.7848167
2019-03-26 18:30:00,-8.76076,-12.858963
2019-03-26 19:00:00,5.2236347,3.3990762
2019-03-26 19:30:00,0.31176856,3.5720584
2019-03-26 20:00:00,0.949828,3.6056368
2019-03-26 20:30:00,2.5589173,7.9713135
2019-03-26 21:00:00,0.9673622,4.2811418
2019-03-26 21:30:00,-0.85847247,2.186566
2019-03-26 22:00:00,1.6408963,6.571717
2019-03-26 22:30:00,-3.1257198,-0.13903397
2019-03-26 23:00:00,1.7309791,1.4290706
2019-03-26 23:30:00,-10.873849,-9.987082
2019-03-27 00:00:00,-6.1053886,-5.30957
2019-03-27 00:30:00,4.3460526,-0.039107107
2019-03-27 01:00:00,-4.131263,5.504243
2019-03-27 01:30:00,1.6178218,0.45317796
2019-03-27 02:00:00,-32.68689,-23.82974
2019-03-27 02:30:00,2.5465477,5.8686895
2019-03-27 03:00:00,15.19555,2.2287128
2019-03-27 03:30:00,-15.442125,-15.318898
2019-03-27 04:00:00,7.8260283,3.0322175
2019-03-27 04:30:00,-5.528439,1.8471075
2019-03-27 05:00:00,-2.6001709,-0.7386651
2019-03-27 05:30:00,-22.218697,1.3118411
2019-03-27 06:00:00,-1.1355194,1.241805
2019-03-27 06:30:00,0.6185139,2.42127
2019-03-27 07:00:00,-1.0365493,0.44702157
2019-03-27 07:30:00,-4.232723,-1.4171716
2019-03-27 08:00:00,4.783052,2.6775842
2019-03-27 08:30:00,0.9862552,2.41538
2019-03-27 09:00:00,3.625583,4.066668
2019-03-27 09:30:00,0.27081037,6.002811
2019-03-27 10:00:00,-17.149939,-3.0496452
2019-03-27 10:30:00,-7.646871,-7.944716
2019-03-27 11:00:00,26.856655,2.4439642
2019-03-27 11:30:00,2.1027534,3.349659
2019-03-27 12:00:00,1.029302,1.3681707
2019-03-27 12:30:00,-0.6156419,3.0908628
2019-03-27 13:00:00,-3.7691753,-4.0288672
2019-03-27 13:30:00,0.4085801,2.867843
2019-03-27 14:00:00,-9.282149,1.7690405
2019-03-27 14:30:00,12.152866,3.9298816
2019-03-27 15:00:00,-2.2921193,0.87507296
2019-03-27 15:30:00,0.52573526,-0.5036644
2019-03-27 16:00:00,-8.132593,-7.3800135
2019-03-27 16:30:00,3.8898408,6.934503
2019-03-27 17:00:00,4.2985053,2.2667348
2019-03-27 17:30:00,0.58629,3.0969975
2019-03-27 18:00:00,27.957695,-2.3567593
2019-03-27 18:30:00,0.41196197,1.1002688
2019-03-27 19:00:00,8.409685,2.3020523
2019-03-27 19:30:00,0.6450577,1.7335396
2019-03-27 20:00:00,-12.112964,-9.588095
2019-03-27 20:30:00,-24.16175,-17.269316
2019-03-27 21:00:00,0.2857011,2.0831
2019-03-27 21:30:00,1.3442093,2.0700576
2019-03-27 22:00:00,5.9509907,5.9684286
2019-03-27 22:30:00,-12.189715,-5.228379
2019-03-27 23:00:00,3.8154309,5.4818234
2019-03-27 23:30:00,5.278509,1.7810649
2019-03-28 00:00:00,-3.632358,-1.6705322
2019-03-28 00:30:00,-0.78266,0.35367057
2019-03-28 01:00:00,23.463367,25.121529
2019-03-28 01:30:00,-2.799911,2.9563832
2019-03-28 02:00:00,4.40988,-4.167157
2019-03-28 02:30:00,-0.830797,3.5696073
2019-03-28 03:00:00,2.8560894,0.92727786
2019-03-28 03:30:00,54.037064,7.2370715
2019-03-28 04:00:00,-7.7300897,4.5367746
2019-03-28 04:30:00,5.12262,3.5464673
2019-03-28 05:00:00,-11.810837,-9.732917
2019-03-28 05:30:00,14.179564,5.012281
2019-03-28 06:00:00,0.92947125,4.8566713
2019-03-28 06:30:00,-23.503078,4.8299046
2019-03-28 07:00:00,-3.7532928,-0.78009516
2019-03-28 07:30:00,-23.995548,-6.015883
2019-03-28 08:00:00,1.6117965,-9.079478
2019-03-28 08:30:00,-3.3040457,10.001302
2019-03-28 09:00:00,32.18109,10.418434
2019-03-28 09:30:00,-6.1573405,-4.851003
2019-03-28 10:00:00,-21.239197,-15.014234
2019-03-28 10:30:00,3.646237,5.725231
2019-03-28 11:00:00,16.984821,5.6931205
2019-03-28 11:30:00,0.55687124,-2.2148125
2019-03-28 12:00:00,-11.443314,1.7766519
2019-03-28 12:30:00,-6.0481286,11.5647135
2019-03-28 13:00:00,10.644299,6.428376
2019-03-28 13:30:00,3.262766,7.9578776
2019-03-28 14:00:00,-3.6863675,0.689105
2019-03-28 14:30:00,-5.4068837,2.732616
2019-03-28 15:00:00,0.30126902,1.9880974
2019-03-28 15:30:00,4.078579,1.0185796
2019-03-28 16:00:00,1.6949757,6.382
2019-03-28 16:30:00,-2.6405568,2.500049
2019-03-28 17:00:00,2.2470727,1.6607506
2019-03-28 17:30:00,-1.0220693,2.3926024
2019-03-28 18:00:00,5.4032497,6.206099
2019-03-28 18:30:00,-14.505615,-20.13262
2019-03-28 19:00:00,2.836436,4.8706446
2019-03-28 19:30:00,-10.600114,0.6952133
2019-03-28 20:00:00,13.806663,4.3038797
2019-03-28 20:30:00,-12.844313,-10.002292
2019-03-28 21:00:00,-17.87755,-6.841929
2019-03-28 21:30:00,11.27001,4.514814
2019-03-28 22:00:00,-11.429117,2.5793877
2019-03-28 22:30:00,-18.416286,-6.7871637
2019-03-28 23:00:00,16.261797,4.9014397
2019-03-28 23:30:00,11.690354,3.564421
2019-03-29 00:00:00,1.2563069,3.9849615
2019-03-29 00:30:00,-1.6366873,0.050556175
2019-03-29 01:00:00,-1.434129,3.3795452
2019-03-29 01:30:00,-3.3272688,-2.5604799
2019-03-29 02:00:00,0.9279551,-1.477853
2019-03-29 02:30:00,3.1136882,5.5268674
2019-03-29 03:00:00,-30.437769,-20.70803
2019-03-29 03:30:00,-1.3855331,-1.0689087
2019-03-29 04:00:00,0.8570713,1.2404636
2019-03-29 04:30:00,-7.384518,0.6621986
2019-03-29 05:00:00,0.6693949,1.2516928
2019-03-29 05:30:00,-23.702961,4.956694
2019-03-29 06:00:00,-10.934521,-4.5614467
2019-03-29 06:30:00,-1.2409822,3.1129892
2019-03-29 07:00:00,-19.118069,-21.639118
2019-03-29 07:30:00,-8.414032,1.9346734
2019-03-29 08:00:00,-8.016521,-1.7764058
2019-03-29 08:30:00,4.751414,10.228394
2019-03-29 09:00:00,-11.733193,5.453436
2019-03-29 09:30:00,-1.8378868,-3.0020893
2019-03-29 10:00:00,1.8912203,6.2612925
2019-03-29 10:30:00,-0.52068293,-0.9030878
2019-03-29 11:00:00,-18.179066,-10.47733
2019-03-29 11:30:00,2.2904253,1.9266251
2019-03-29 12:00:00,0.6058297,4.850021
2019-03-29 12:30:00,-1.8214624,-1.1655236
2019-03-29 13:00:00,14.0436125,6.5201893
2019-03-29 13:30:00,-0.38478765,-0.05715686
2019-03-29 14:00:00,4.3108487,10.510863
2019-03-29 14:30:00,52.821037,-18.136848
2019-03-29 15:00:00,-2.0685093,0.18445905
2019-03-29 15:30:00,1.1567863,1.2143917
2019-03-29 16:00:00,-8.351606,-2.2376554
2019-03-29 16:30:00,-7.3323,-1.6189346
2019-03-29 17:00:00,1.7719198,3.0509357
2019-03-29 17:30:00,-3.1587696,-0.16321391
2019-03-29 18:00:00,0.51349676,3.1332366
2019-03-29 18:30:00,17.4376,1.681575
2019-03-29 19:00:00,-2.089941,3.3720737
2019-03-29 19:30:00,3.2572124,3.7173698
2019-03-29 20:00:00,-3.875805,-3.894095
2019-03-29 20:30:00,-11.1713705,-7.3730707
2019-03-29 21:00:00,-7.4443345,-1.7136445
2019-03-29 21:30:00,16.074905,-1.6055208
2019-03-29 22:00:00,12.992973,3.5592651
2019-03-29 22:30:00,0.64640343,2.564427
2019-03-29 23:00:00,0.9519646,3.4183102
2019-03-29 23:30:00,-12.597248,-5.9716606
2019-03-30 00:00:00,16.12213,-15.715216
2019-03-30 00:30:00,5.7708163,5.58539
2019-03-30 01:00:00,0.649025,1.3804573
2019-03-30 01:30:00,6.038443,0.7074213
2019-03-30 02:00:00,-19.711538,-12.127951
2019-03-30 02:30:00,-1.6293555,0.5636786
2019-03-30 03:00:00,0.89562196,1.9743646
2019-03-30 03:30:00,0.27320477,2.7179308
2019-03-30 04:00:00,4.1149974,3.604287
2019-03-30 04:30:00,0.041384924,0.73859215
2019-03-30 05:00:00,1.468871,1.6372086
2019-03-30 05:30:00,-11.47265,-7.733083
2019-03-30 06:00:00,6.8223906,2.6663244
2019-03-30 06:30:00,0.72824556,5.547237
2019-03-30 07:00:00,0.6423312,-4.085791
2019-03-30 07:30:00,-20.95489,-4.2211576
2019-03-30 08:00:00,-7.819639,-6.4307346
2019-03-30 08:30:00,-23.474522,5.250161
2019-03-30 09:00:00,-26.361387,-0.70727134
2019-03-30 09:30:00,-7.546241,-4.34602
2019-03-30 10:00:00,0.940849,-1.0324073
2019-03-30 10:30:00,12.799184,3.5161572
2019-03-30 11:00:00,6.1585693,3.030107
2019-03-30 11:30:00,-3.4913638,-2.1089914
2019-03-30 12:00:00,-6.3646746,-1.1836783
2019-03-30 12:30:00,-4.795517,1.1275554
2019-03-30 13:00:00,-9.056893,7.715392
2019-03-30 13:30:00,0.88504815,-2.6421602
2019-03-30 14:00:00,-5.886537,-3.3669076
2019-03-30 14:30:00,1.0321771,4.603022
2019-03-30 15:00:00,-1.0079346,5.487622
2019-03-30 15:30:00,-2.6778927,1.3202565
2019-03-30 16:00:00,-21.440096,-16.991169
2019-03-30 16:30:00,2.6346467,5.7762256
2019-03-30 17:00:00,38.43981,3.8511896
2019-03-30 17:30:00,0.66210246,2.2856321
2019-03-30 18:00:00,1.738005,10.86277
2019-03-30 18:30:00,46.604767,0.4671861
2019-03-30 19:00:00,2.2152553,3.887691
2019-03-30 19:30:00,-0.5597536,1.6848738
2019-03-30 20:00:00,0.97039014,1.9091128
2019-03-30 20:30:00,-11.693315,-11.289888
2019-03-30 21:00:00,1.5378104,22.84839
2019-03-30 21:30:00,-9.504593,-7.919457
2019-03-30 22:00:00,-32.644394,1.8502184
2019-03-30 22:30:00,-2.502158,0.6030464
2019-03-30 23:00:00,1.9833043,4.393364
2019-03-30 23:30:00,-9.289136,1.8713791
2019-03-31 00:00:00,-10.033152,-4.1477747
2019-03-31 00:30:00,1.5148453,0.89471316
2019-03-31 01:00:00,-2.3515685,0.8216053
2019-03-31 01:30:00,-35.515896,-24.134108
2019-03-31 02:00:00,-13.65263,-6.366221
2019-03-31 02:30:00,-17.502794,-3.8793135
2019-03-31 03:00:00,-3.9531336,1.4248061
2019-03-31 03:30:00,0.03849679,1.7592531
2019-03-31 04:00:00,-5.4658046,0.17449258
2019-03-31 04:30:00,-2.9383667,3.900642
2019-03-31 05:00:00,2.977413,2.9068174
2019-03-31 05:30:00,7.214364,2.2789035
2019-03-31 06:00:00,2.1185224,2.0512693
2019-03-31 06:30:00,0.36756945,4.110746
2019-03-31 07:00:00,-23.950245,-18.383635
2019-03-31 07:30:00,-7.7250605,-4.2166443
2019-03-31 08:00:00,-7.9252114,4.1540813
2019-03-31 08:30:00,-1.8194656,-1.4049199
2019-03-31 09:00:00,1.5716554,2.2030299
2019-03-31 09:30:00,2.8698745,6.4811664
2019-03-31 10:00:00,8.077838,1.0808384
2019-03-31 10:30:00,2.1412604,2.1371183
2019-03-31 11:00:00,0.94583446,2.3524613
2019-03-31 11:30:00,3.5737233,2.8445542
2019-03-31 12:00:00,1.1364863,4.6973124
2019-03-31 12:30:00,-18.390034,-11.724175
2019-03-31 13:00:00,-11.212944,-5.979224
2019-03-31 13:30:00,-5.29152,1.9724945
2019-03-31 14:00:00,1.0811399,2.02719
2019-03-31 14:30:00,0.4940051,3.0758147
2019-03-31 15:00:00,1.0629547,2.9974988
2019-03-31 15:30:00,3.1129236,1.5754087
2019-03-31 16:00:00,3.0430665,3.581326
2019-03-31 16:30:00,3.1697338,4.868416
2019-03-31 17:00:00,1.3754238,4.9340873
2019-03-31 17:30:00,8.405075,0.01116655
2019-03-31 18:00:00,3.3510485,3.5189185
2019-03-31 18:30:00,4.7622976,7.787897
2019-03-31 19:00:00,-1.7331057,-0.1597359
2019-03-31 19:30:00,-29.883286,-20.872492
2019-03-31 20:00:00,0.91126424,3.1018212
2019-03-31 20:30:00,-18.980278,-7.6293106
2019-03-31 21:00:00,-13.178655,-7.835552
2019-03-31 21:30:00,-19.236893,-13.478097
2019-03-31 22:00:00,15.420523,4.255756
2019-03-31 22:30:00,0.44485873,8.867142
2019-03-31 23:00:00,3.228414,4.5971847
2019-03-31 23:30:00,0.95499694,2.6507258
2019-04-01 00:00:00,-9.924679,-3.1538978
2019-04-01 00:30:00,3.6073978,2.6847937
2019-04-01 01:00:00,-25.416105,-5.875138
2019-04-01 01:30:00,-13.872703,1.5267429
2019-04-01 02:00:00,3.9249747,6.244086
2019-04-01 02:30:00,-1.5277466,1.545732
2019-04-01 03:00:00,3.8606143,4.799909
2019-04-01 03:30:00,-3.887152,1.1002295
2019-04-01 04:00:00,-7.9074893,3.9177215
2019-04-01 04:30:00,7.684387,19.637135
2019-04-01 05:00:00,-0.66898715,-0.075171664
2019-04-01 05:30:00,0.9672923,0.30036458
2019-04-01 06:00:00,30.323555,-1.0144842
2019-04-01 06:30:00,-0.7598345,0.9222924
2019-04-01 07:00:00,21.724169,8.457446
2019-04-01 07:30:00,0.5758516,2.751579
2019-04-01 08:00:00,4.2373085,4.1114016
2019-04-01 08:30:00,0.42053023,0.39236546
2019-04-01 09:00:00,4.0810127,1.0482125
2019-04-01 09:30:00,27.273525,6.1807566
2019-04-01 10:00:00,3.9512432,1.1911424
2019-04-01 10:30:00,2.997844,-3.7082973
2019-04-01 11:00:00,-4.3120837,-2.0593338
2019-04-01 11:30:00,3.078882,-0.555677
2019-04-01 12:00:00,-14.51367,2.0199935
2019-04-01 12:30:00,13.881125,6.6187572
2019-04-01 13:00:00,-3.3311443,-3.6875606
2019-04-01 13:30:00,14.242622,4.3889813
2019-04-01 14:00:00,2.422205,-1.1542901
2019-04-01 14:30:00,0.41987485,5.2444153
2019-04-01 15:00:00,13.004232,4.827139
2019-04-01 15:30:00,-0.8868732,1.7035527
2019-04-01 16:00:00,-11.682867,-3.0571692
2019-04-01 16:30:00,-3.3129637,-1.1700765
2019-04-01 17:00:00,1.7258669,5.209255
2019-04-01 17:30:00,0.31724337,0.690809
2019-04-01 18:00:00,-9.751233,0.8860575
2019-04-01 18:30:00,2.482528,4.7579417
2019-04-01 19:00:00,9.256884,1.5180086
2019-04-01 19:30:00,-4.5631723,-7.321298
2019-04-01 20:00:00,-12.096416,-7.793952
2019-04-01 20:30:00,0.91373724,4.427357
2019-04-01 21:00:00,-7.684404,0.41457045
2019-04-01 21:30:00,-0.02883478,3.6003544
2019-04-01 22:00:00,-4.7386236,-3.8544257
2019-04-01 22:30:00,2.5037413,1.9123199
2019-04-01 23:00:00,0.8888844,2.9586291
2019-04-01 23:30:00,0.68125767,3.0437176
2019-04-02 00:00:00,1.6744004,2.1197064
2019-04-02 00:30:00,4.616506,2.7744045
2019-04-02 01:00:00,-1.4643561,4.599946
2019-04-02 01:30:00,-3.9202936,1.1647254
2019-04-02 02:00:00,-26.952639,5.2326617
2019-04-02 02:30:00,-8.399704,-5.9747763
2019-04-02 03:00:00,1.9744782,-1.1472772
2019-04-02 03:30:00,-16.513016,-14.590887
2019-04-02 04:00:00,-0.87875056,0.29880035
2019-04-02 04:30:00,3.6510081,3.6997483
2019-04-02 05:00:00,-0.9074353,0.5184079
2019-04-02 05:30:00,0.012669604,2.3061333
2019-04-02 06:00:00,30.230295,0.68080324
2019-04-02 06:30:00,2.023441,1.701403
2019-04-02 07:00:00,0.095722064,1.1858906
2019-04-02 07:30:00,-0.095773116,1.5467545
2019-04-02 08:00:00,-0.77282023,1.3930497
2019-04-02 08:30:00,-16.943256,-15.611179
2019-04-02 09:00:00,-13.878226,-12.358363
2019-04-02 09:30:00,0.69037646,6.4804807
2019-04-02 10:00:00,14.350533,2.7676146
2019-04-02 10:30:00,0.4781269,1.4030119
2019-04-02 11:00:00,-27.080294,3.9535809
2019-04-02 11:30:00,2.9210353,4.370748
2019-04-02 12:00:00,0.52480894,0.44545296
2019-04-02 12:30:00,32.70869,4.61447
2019-04-02 13:00:00,-5.4425464,-4.6815424
2019-04-02 13:30:00,2.0102456,2.1390889
2019-04-02 14:00:00,6.498906,2.717817
2019-04-02 14:30:00,-3.8649077,2.1091502
2019-04-02 15:00:00,-10.405787,-10.765292
2019-04-02 15:30:00,-22.356169,-14.41822
2019-04-02 16:00:00,0.110787556,1.167181
2019-04-02 16:30:00,3.7866545,5.71571
2019-04-02 17:00:00,0.30108115,0.9794478
2019-04-02 17:30:00,2.7182105,1.6453269
2019-04-02 18:00:00,-5.712751,-4.6354413
2019-04-02 18:30:00,-9.862359,-1.0374146
2019-04-02 19:00:00,1.9702443,1.1564411
2019-04-02 19:30:00,-7.5993066,-2.6773422
2019-04-02 20:00:00,-2.7752156,-0.9127484
2019-04-02 20:30:00,12.654869,3.4882503
2019-04-02 21:00:00,5.066889,6.2468214
2019-04-02 21:30:00,1.3539267,2.8039455
2019-04-02 22:00:00,-4.9352484,4.7648625
2019-04-02 22:30:00,4.7744226,6.804402
2019-04-02 23:00:00,31.864542,15.83219
2019-04-02 23:30:00,-16.815865,-13.400985
2019-04-03 00:00:00,-2.0279357,1.2059021
2019-04-03 00:30:00,3.5206575,5.812762
2019-04-03 01:00:00,-1.1486886,-0.88903165
2019-04-03 01:30:00,6.2626643,5.9010444
2019-04-03 02:00:00,3.7360182,2.1688092
2019-04-03 02:30:00,-28.083092,-8.114141
2019-04-03 03:00:00,-1.5479022,1.2335426
2019-04-03 03:30:00,2.6426163,-1.9453595
2019-04-03 04:00:00,0.5799588,1.5924884
2019-04-03 04:30:00,4.2363076,2.4316251
2019-04-03 05:00:00,1.3016956,-0.46084917
2019-04-03 05:30:00,4.214592,3.5825493
2019-04-03 06:00:00,-1.8899606,3.9562461
2019-04-03 06:30:00,-11.820703,-2.1304667
2019-04-03 07:00:00,-1.8230093,10.941785
2019-04-03 07:30:00,-20.96729,-25.725979
2019-04-03 08:00:00,45.321877,-12.523245
2019-04-03 08:30:00,5.513458,3.7734153
2019-04-03 09:00:00,-23.544725,-10.400968
2019-04-03 09:30:00,-0.8167496,1.7515368
2019-04-03 10:00:00,-22.840158,-7.199118
2019-04-03 10:30:00,-25.537779,-6.5134854
2019-04-03 11:00:00,0.6350475,2.9148526
2019-04-03 11:30:00,-26.20759,2.3471527
2019-04-03 12:00:00,8.849626,2.915932
2019-04-03 12:30:00,6.3877892,5.060951
2019-04-03 13:00:00,-4.996065,0.7876861
2019-04-03 13:30:00,1.8612336,2.3335857
2019-04-03 14:00:00,-3.2062511,-0.73492056
2019-04-03 14:30:00,-15.712819,-12.643
2019-04-03 15:00:00,2.0338051,3.8041317
2019-04-03 15:30:00,2.602803,3.8722236
2019-04-03 16:00:00,-9.521415,-7.4411974
2019-04-03 16:30:00,-1.0862725,-5.459906
2019-04-03 17:00:00,-2.4768593,-2.7310982
2019-04-03 17:30:00,5.238399,10.674792
2019-04-03 18:00:00,-1.9673941,2.8829434
2019-04-03 18:30:00,2.4732957,0.65449977
2019-04-03 19:00:00,-0.29197407,1.8445296
2019-04-03 19:30:00,0.47737977,0.5836378
2019-04-03 20:00:00,22.82439,7.3933544
2019-04-03 20:30:00,-2.4979284,1.1316233
2019-04-03 21:00:00,-2.8187122,3.6400542
2019-04-03 21:30:00,-21.738514,-15.718285
2019-04-03 22:00:00,1.244715,2.4468305
2019-04-03 22:30:00,1.3744713,4.4837656
2019-04-03 23:00:00,-0.13416216,2.7494423
2019-04-03 23:30:00,-8.310661,-1.4855081
2019-04-04 00:00:00,4.625131,4.081629
2019-04-04 00:30:00,15.540453,7.1562386
2019-04-04 01:00:00,0.987435,3.4721885
2019-04-04 01:30:00,-2.6515281,2.5765388
2019-04-04 02:00:00,3.200057,4.787723
2019-04-04 02:30:00,49.56255,3.1102889
2019-04-04 03:00:00,4.3152795,1.5935938
2019-04-04 03:30:00,-0.445622,1.7507023
2019-04-04 04:00:00,-8.773257,-6.471697
2019-04-04 04:30:00,-1.0692844,0.42976704
2019-04-04 05:00:00,2.099861,3.6033518
2019-04-04 05:30:00,-12.430235,-6.8827996
2019-04-04 06:00:00,0.9799765,4.514255
2019-04-04 06:30:00,2.6147268,-0.3315778
2019-04-04 07:00:00,11.052129,-0.5094668
2019-04-04 07:30:00,2.2988584,2.79179
2019-04-04 08:00:00,-4.3040442,0.43586662
2019-04-04 08:30:00,-0.62476504,0.19146311
2019-04-04 09:00:00,-6.290269,5.2117853
2019-04-04 09:30:00,-2.1456852,2.7884693
2019-04-04 10:00:00,1.2205175,2.6445608
2019-04-04 10:30:00,1.5975394,1.7219913
2019-04-04 11:00:00,1.238126,2.777948
2019-04-04 11:30:00,2.5801697,3.2092109
2019-04-04 12:00:00,2.4138944,5.014068
2019-04-04 12:30:00,4.7877536,2.1587245
2019-04-04 13:00:00,13.257681,2.8494828
2019-04-04 13:30:00,-0.043341,-0.58288056
2019-04-04 14:00:00,0.13707352,-0.25635955
2019-04-04 14:30:00,-3.191085,-0.70315546
2019-04-04 15:00:00,-4.8140426,-1.9758095
2019-04-04 15:30:00,-9.611698,-7.659197
2019-04-04 16:00:00,7.559197,3.791736
2019-04-04 16:30:00,-18.743914,5.7323575
2019-04-04 17:00:00,-4.1027703,0.97483814
2019-04-04 17:30:00,4.589866,6.923012
2019-04-04 18:00:00,2.8333383,3.324946
2019-04-04 18:30:00,-3.3965971,-3.2750726
2019-04-04 19:00:00,1.8564929,4.323463
2019-04-04 19:30:00,-0.44360337,0.7630255
2019-04-04 20:00:00,-9.864976,0.6766786
2019-04-04 20:30:00,12.0556,6.146134
2019-04-04 21:00:00,-10.459797,-4.1479583
2019-04-04 21:30:00,2.0126357,0.46592334
2019-04-04 22:00:00,3.2603757,2.0713947
2019-04-04 22:30:00,-0.63043207,-1.3781053
2019-04-04 23:00:00,0.4299986,3.6131215
2019-04-04 23:30:00,-1.1331336,-0.30745903
2019-04-05 00:00:00,3.1891205,4.060612
2019-04-05 00:30:00,5.4718003,5.692535
2019-04-05 01:00:00,-21.107853,-7.685885
2019-04-05 01:30:00,1.5527012,3.4702003
2019-04-05 02:00:00,1.4089892,2.267023
2019-04-05 02:30:00,1.534564,2.0376065
2019-04-05 03:00:00,-4.5101852,1.8774264
2019-04-05 03:30:00,-0.80739045,1.8847494
2019-04-05 04:00:00,-5.3405924,3.07273
2019-04-05 04:30:00,-10.551111,-2.4681904
2019-04-05 05:00:00,-1.6599934,-0.2716304
2019-04-05 05:30:00,4.941515,8.241173
2019-04-05 06:00:00,1.2681828,6.717277
2019-04-05 06:30:00,-42.395603,0.27417475
2019-04-05 07:00:00,-1.3285264,1.0887775
2019-04-05 07:30:00,-3.0130563,2.4338884
2019-04-05 08:00:00,1.5743731,2.871784
2019-04-05 08:30:00,-14.936252,-8.949958
2019-04-05 09:00:00,31.611296,22.789658
2019-04-05 09:30:00,-9.48296,0.010314529
2019-04-05 10:00:00,-1.2542956,3.877895
2019-04-05 10:30:00,3.335367,1.9650316
2019-04-05 11:00:00,-28.66331,-14.997905
2019-04-05 11:30:00,-10.780847,4.202852
2019-04-05 12:00:00,3.0856066,2.933016
2019-04-05 12:30:00,-7.4497876,-2.9718447
2019-04-05 13:00:00,-35.74224,-29.512959
2019-04-05 13:30:00,2.420623,5.155298
2019-04-05 14:00:00,-3.272604,-0.600087
2019-04-05 14:30:00,0.6152325,2.0542274
2019-04-05 15:00:00,3.3912158,6.413162
2019-04-05 15:30:00,1.0486844,-0.3740784
2019-04-05 16:00:00,0.75876105,2.3793242
2019-04-05 16:30:00,-8.907693,7.504733
2019-04-05 17:00:00,0.32031062,-1.6394924
2019-04-05 17:30:00,-7.1831307,-3.1105232
2019-04-05 18:00:00,3.3678792,4.128101
2019-04-05 18:30:00,0.7588572,2.3470216
2019-04-05 19:00:00,5.294763,-0.5514475
2019-04-05 19:30:00,1.1257291,0.68616
2019-04-05 20:00:00,7.0908384,2.2086225
2019-04-05 20:30:00,-37.254337,2.997184
2019-04-05 21:00:00,-13.0160675,-6.8946714
2019-04-05 21:30:00,-0.24903217,0.7153429
2019-04-05 22:00:00,-9.477232,-3.9645157
2019-04-05 22:30:00,3.8052285,7.2244177
2019-04-05 23:00:00,1.748037,2.2221718
2019-04-05 23:30:00,-29.66188,4.689072
2019-04-06 00:00:00,1.7455683,1.4713746
2019-04-06 00:30:00,0.35312003,4.161063
2019-04-06 01:00:00,-7.724143,2.8133047
2019-04-06 01:30:00,-6.673683,-10.073866
2019-04-06 02:00:00,-7.40027,-3.9741893
2019-04-06 02:30:00,-2.71373,3.222319
2019-04-06 03:00:00,15.659836,5.613913
2019-04-06 03:30:00,2.2154825,2.0675626
2019-04-06 04:00:00,-15.040244,-22.673359
2019-04-06 04:30:00,-10.517782,-10.720738
2019-04-06 05:00:00,-27.340816,3.5895534
2019-04-06 05:30:00,-33.409824,6.9190445
2019-04-06 06:00:00,-6.2773705,-6.114897
2019-04-06 06:30:00,1.808146,-0.06640676
2019-04-06 07:00:00,19.02218,4.3995466
2019-04-06 07:30:00,2.3892686,4.824465
2019-04-06 08:00:00,-4.008611,0.50430804
2019-04-06 08:30:00,-22.642345,-15.133999
2019-04-06 09:00:00,-22.595242,-8.864925
2019-04-06 09:30:00,7.5038114,3.1794293
2019-04-06 10:00:00,11.272095,1.8869734
2019-04-06 10:30:00,6.711807,4.1753073
2019-04-06 11:00:00,-8.25643,-5.318689
2019-04-06 11:30:00,0.8943549,0.37828308
2019-04-06 12:00:00,2.289477,1.5790352
2019-04-06 12:30:00,1.0234777,3.3985562
2019-04-06 13:00:00,1.7379526,5.7991557
2019-04-06 13:30:00,17.051432,7.511344
2019-04-06 14:00:00,-19.15014,8.08146
2019-04-06 14:30:00,-0.22046977,2.1227999
2019-04-06 15:00:00,1.5116162,23.766481
2019-04-06 15:30:00,-20.068758,3.660293
2019-04-06 16:00:00,1.9419179,3.4365304
2019-04-06 16:30:00,-1.010093,-4.6549115
2019-04-06 17:00:00,5.205135,4.2139497
2019-04-06 17:30:00,19.365536,2.1594193
2019-04-06 18:00:00,-8.082818,3.0625932
2019-04-06 18:30:00,-0.0033309285,23.324646
2019-04-06 19:00:00,14.034642,2.9199386
2019-04-06 19:30:00,5.4783587,2.763573
2019-04-06 20:00:00,2.557213,3.9435663
2019-04-06 20:30:00,-1.187851,1.1440234
2019-04-06 21:00:00,-0.92630213,3.5350416
2019-04-06 21:30:00,12.382069,6.0217824
2019-04-06 22:00:00,5.161057,2.346659
2019-04-06 22:30:00,0.82995075,2.3012877
2019-04-06 23:00:00,2.0093849,2.63438
2019-04-06 23:30:00,8.137016,8.361068
2019-04-07 00:00:00,-13.93641,-7.292391
2019-04-07 00:30:00,1.6367323,1.8738434
2019-04-07 01:00:00,1.254983,6.238655
2019-04-07 01:30:00,0.791151,1.2711015
2019-04-07 02:00:00,-0.16230072,2.8938754
2019-04-07 02:30:00,0.0392221,0.824406
2019-04-07 03:00:00,-4.697565,3.3308446
2019-04-07 03:30:00,1.0762463,2.889078
2019-04-07 04:00:00,-2.2972226,4.920389
2019-04-07 04:30:00,6.584759,7.1841936
2019-04-07 05:00:00,2.3452914,5.9428244
2019-04-07 05:30:00,8.203465,5.4037127
2019-04-07 06:00:00,7.357565,-2.7023873
2019-04-07 06:30:00,-11.074991,-6.504581
2019-04-07 07:00:00,-2.8651147,9.469501
2019-04-07 07:30:00,0.55232275,-3.384503
2019-04-07 08:00:00,2.9066164,6.148974
2019-04-07 08:30:00,-2.8563848,-3.3324902
2019-04-07 09:00:00,0.16285264,-1.3166941
2019-04-07 09:30:00,47.196663,-16.625757
2019-04-07 10:00:00,1.1796554,-14.32441
2019-04-07 10:30:00,-2.7129261,4.7259665
2019-04-07 11:00:00,-6.605093,-0.7245783
2019-04-07 11:30:00,-2.8296707,0.51593924
2019-04-07 12:00:00,6.2345304,4.5235486
2019-04-07 12:30:00,-5.7414618,-11.868258
2019-04-07 13:00:00,1.2114686,0.31563106
2019-04-07 13:30:00,15.468704,2.472557
2019-04-07 14:00:00,-0.4027369,1.2215487
2019-04-07 14:30:00,-6.18443,2.452987
2019-04-07 15:00:00,11.061798,0.109079145
2019-04-07 15:30:00,1.1295041,-1.9979358
2019-04-07 16:00:00,-1.5575454,-2.768749
2019-04-07 16:30:00,-1.7034771,2.5577419
2019-04-07 17:00:00,-9.937197,-7.0642586
2019-04-07 17:30:00,1.5110439,1.7682977
2019-04-07 18:00:00,46.45563,3.7543168
2019-04-07 18:30:00,-0.022556035,0.532049
2019-04-07 19:00:00,1.669013,2.9564226
2019-04-07 19:30:00,1.0875672,2.0670733
2019-04-07 20:00:00,3.0070808,2.5962095
2019-04-07 20:30:00,27.40249,-2.4396064
2019-04-07 21:00:00,4.4005556,0.7499481
2019-04-07 21:30:00,2.3083572,1.1155223
2019-04-07 22:00:00,0.96536976,-2.1868618
2019-04-07 22:30:00,-0.826668,-1.3648443
2019-04-07 23:00:00,2.4176302,3.7468367
2019-04-07 23:30:00,-35.006565,5.464945
2019-04-08 00:00:00,-0.5882111,0.4272328
2019-04-08 00:30:00,4.0621676,4.5455785
2019-04-08 01:00:00,4.4062667,3.3604338
2019-04-08 01:30:00,3.7357385,3.0226312
2019-04-08 02:00:00,-2.1302307,1.9220505
2019-04-08 02:30:00,-18.431768,6.9389253
2019-04-08 03:00:00,-33.882774,-8.95205
2019-04-08 03:30:00,-18.642538,-11.299422
2019-04-08 04:00:00,3.0254931,3.6844075
2019-04-08 04:30:00,1.1605659,2.0792375
2019-04-08 05:00:00,3.3513544,6.9284472
2019-04-08 05:30:00,-15.911593,7.171514
2019-04-08 06:00:00,3.6563387,3.1733646
2019-04-08 06:30:00,-14.492935,1.5050972
2019-04-08 07:00:00,4.466965,2.3328867
2019-04-08 07:30:00,0.5512828,1.8553743
2019-04-08 08:00:00,1.3319969,2.3270144
2019-04-08 08:30:00,0.46926588,4.6206174
2019-04-08 09:00:00,0.39346653,2.3817317
2019-04-08 09:30:00,1.8916748,7.746266
2019-04-08 10:00:00,1.6458731,1.0050609
2019-04-08 10:30:00,1.4785928,3.9487133
2019-04-08 11:00:00,17.613646,-6.2822514
2019-04-08 11:30:00,-4.7945776,2.2923305
2019-04-08 12:00:00,-1.9550071,6.688304
2019-04-08 12:30:00,5.8247385,1.7266228
2019-04-08 13:00:00,-0.97569317,0.6076823
2019-04-08 13:30:00,-18.279957,-10.707254
2019-04-08 14:00:00,-6.3937654,1.0312551
2019-04-08 14:30:00,-30.804653,-25.115385
2019-04-08 15:00:00,0.4035903,1.312549
2019-04-08 15:30:00,0.15403968,6.0521626
2019-04-08 16:00:00,-0.07781948,-0.45891356
2019-04-08 16:30:00,-11.935546,-5.6681314
2019-04-08 17:00:00,-30.572668,-26.840569
2019-04-08 17:30:00,2.6794891,1.5955776
2019-04-08 18:00:00,-0.8433283,5.081142
2019-04-08 18:30:00,-11.883394,-7.1036353
2019-04-08 19:00:00,14.409121,-2.2907166
2019-04-08 19:30:00,-7.6944356,-3.464523
2019-04-08 20:00:00,2.0158253,1.6723819
2019-04-08 20:30:00,-6.732826,-0.6102501
2019-04-08 21:00:00,-3.826427,3.2151926
2019-04-08 21:30:00,2.8968728,3.8161125
2019-04-08 22:00:00,-10.440742,-3.0338676
2019-04-08 22:30:00,-1.1109549,1.1871839
2019-04-08 23:00:00,-1.6621869,1.7345619
2019-04-08 23:30:00,-33.348045,-18.104958
2019-04-09 00:00:00,-16.183035,-4.0622926
2019-04-09 00:30:00,-11.09197,-6.380448
2019-04-09 01:00:00,-2.0006623,2.8801208
2019-04-09 01:30:00,3.3510878,6.211268
2019-04-09 02:00:00,-0.75490594,7.679852
2019-04-09 02:30:00,-2.18587,2.3204079
2019-04-09 03:00:00,9.429835,-0.19811185
2019-04-09 03:30:00,-3.566604,0.7858597
2019-04-09 04:00:00,-32.030674,-22.899801
2019-04-09 04:30:00,0.7882934,1.7466956
2019-04-09 05:00:00,1.1291152,-2.6653965
2019-04-09 05:30:00,1.0436072,9.003938
2019-04-09 06:00:00,2.9049647,3.8891504
2019-04-09 06:30:00,-9.319551,-6.199085
2019-04-09 07:00:00,-14.22766,-11.0972395
2019-04-09 07:30:00,-1.0311445,-19.74071
2019-04-09 08:00:00,4.9660707,3.8821464
2019-04-09 08:30:00,-30.364449,-17.662893
2019-04-09 09:00:00,15.340271,4.4471765
2019-04-09 09:30:00,-27.988968,-9.706945
2019-04-09 10:00:00,2.0695813,1.4035842
2019-04-09 10:30:00,-13.4188,-4.551362
2019-04-09 11:00:00,1.8217347,0.90805274
2019-04-09 11:30:00,2.9992027,8.10207
2019-04-09 12:00:00,1.1566727,2.592583
2019-04-09 12:30:00,-12.058311,12.509519
2019-04-09 13:00:00,0.8924848,-0.37275448
2019-04-09 13:30:00,1.1247853,7.989079
2019-04-09 14:00:00,-3.409207,1.6729062
2019-04-09 14:30:00,-4.0930047,-1.2010857
2019-04-09 15:00:00,-23.625788,4.0558453
2019-04-09 15:30:00,-0.6128892,2.5969
2019-04-09 16:00:00,-6.6027336,-3.5581405
2019-04-09 16:30:00,-15.995127,-12.34089
2019-04-09 17:00:00,-20.207983,4.458148
2019-04-09 17:30:00,-1.4645877,-1.2308409
2019-04-09 18:00:00,-13.545254,-5.5204606
2019-04-09 18:30:00,-42.57278,4.5963893
2019-04-09 19:00:00,9.619321,-0.35802105
2019-04-09 19:30:00,8.19058,10.181694
2019-04-09 20:00:00,-30.227564,-27.844688
2019-04-09 20:30:00,-22.15861,-14.925861
2019-04-09 21:00:00,-0.56150573,0.87368786
2019-04-09 21:30:00,0.6330769,2.56122
2019-04-09 22:00:00,10.6875725,3.1480181
2019-04-09 22:30:00,-0.11328544,2.8420856
2019-04-09 23:00:00,-10.926084,-5.5228944
2019-04-09 23:30:00,-6.1964984,-1.9329855
2019-04-10 00:00:00,0.6259505,0.7824167
2019-04-10 00:30:00,49.071453,-17.346243
2019-04-10 01:00:00,-4.150894,2.6227403
2019-04-10 01:30:00,0.49407503,2.6092126
2019-04-10 02:00:00,-2.8690252,-0.3252204
2019-04-10 02:30:00,-17.101519,-3.9230244
2019-04-10 03:00:00,37.055603,3.1386547
2019-04-10 03:30:00,17.940868,9.424338
2019-04-10 04:00:00,0.73525834,2.61765
2019-04-10 04:30:00,2.1662705,3.714958
2019-04-10 05:00:00,-6.649857,-5.388878
2019-04-10 05:30:00,-3.9933534,2.4203873
2019-04-10 06:00:00,-6.188035,7.309987
2019-04-10 06:30:00,-1.3001868,1.9990602
2019-04-10 07:00:00,1.2466506,1.7032906
2019-04-10 07:30:00,4.6570797,4.882826
2019-04-10 08:00:00,-21.680174,3.36143
2019-04-10 08:30:00,18.10739,4.9490743
2019-04-10 09:00:00,55.01298,-11.717424
2019-04-10 09:30:00,0.7564366,2.323484
2019-04-10 10:00:00,-9.556042,-1.5799907
2019-04-10 10:30:00,-0.69418955,2.7456017
2019-04-10 11:00:00,-0.546331,-0.5899851
2019-04-10 11:30:00,-7.71017,-3.896913
2019-04-10 12:00:00,-5.7330904,2.5751362
2019-04-10 12:30:00,0.74922717,4.555956
2019-04-10 13:00:00,0.27521902,0.35478038
2019-04-10 13:30:00,-10.620724,-1.6952322
2019-04-10 14:00:00,-4.9156036,9.628283
2019-04-10 14:30:00,-20.996708,-8.32671
2019-04-10 15:00:00,3.1311743,-3.355023
2019-04-10 15:30:00,4.460442,0.104067504
2019-04-10 16:00:00,-13.302897,0.8458246
2019-04-10 16:30:00,1.0433233,5.2538533
2019-04-10 17:00:00,-0.48966497,3.4126298
2019-04-10 17:30:00,-1.5822672,-2.238761
2019-04-10 18:00:00,-0.5978805,1.6742214
2019-04-10 18:30:00,-4.0049715,2.393271
2019-04-10 19:00:00,16.168964,13.711087
2019-04-10 19:30:00,3.154926,5.000117
2019-04-10 20:00:00,-9.725756,1.215506
2019-04-10 20:30:00,1.4919935,2.0100534
2019-04-10 21:00:00,1.0687222,2.733031
2019-04-10 21:30:00,16.621725,3.0175977
2019-04-10 22:00:00,2.8908825,4.797807
2019-04-10 22:30:00,10.85695,5.7580886
2019-04-10 23:00:00,-0.76074773,-0.035659693
2019-04-10 23:30:00,-6.1948514,-12.825284
2019-04-11 00:00:00,-2.863734,0.85678285
2019-04-11 00:30:00,-16.278362,-4.7756667
2019-04-11 01:00:00,2.4511387,4.923015
2019-04-11 01:30:00,1.1340613,4.6495295
2019-04-11 02:00:00,-13.81413,-4.7375836
2019-04-11 02:30:00,-3.0197413,-1.4754193
2019-04-11 03:00:00,6.053565,6.035048
2019-04-11 03:30:00,3.7057123,4.8775306
2019-04-11 04:00:00,-31.40267,7.4609
2019-04-11 04:30:00,0.29288426,2.195759
2019-04-11 05:00:00,-5.768054,-6.795033
2019-04-11 05:30:00,6.5829287,2.238771
2019-04-11 06:00:00,0.036264054,4.8948507
2019-04-11 06:30:00,-4.524473,-3.008285
2019-04-11 07:00:00,0.9010006,3.4810843
2019-04-11 07:30:00,-3.0440087,1.3205187
2019-04-11 08:00:00,-41.822994,-19.237896
2019-04-11 08:30:00,-3.8447912,-0.95772207
2019-04-11 09:00:00,2.7924936,2.1938717
2019-04-11 09:30:00,0.78363574,0.7771429
2019-04-11 10:00:00,-4.0671034,-6.1131487
2019-04-11 10:30:00,4.7024508,0.94669956
2019-04-11 11:00:00,6.253187,10.9803705
2019-04-11 11:30:00,0.61663944,2.9919672
2019-04-11 12:00:00,3.5090263,2.5644095
2019-04-11 12:30:00,2.2730398,1.3259017
2019-04-11 13:00:00,-14.128635,7.3158855
2019-04-11 13:30:00,-21.916616,-16.459879
2019-04-11 14:00:00,12.216576,-2.7603686
2019-04-11 14:30:00,-0.5920955,0.21973275
2019-04-11 15:00:00,-3.3169878,0.9486439
2019-04-11 15:30:00,-0.33880907,0.40209162
2019-04-11 16:00:00,-6.158555,3.119648
2019-04-11 16:30:00,-11.931015,2.839477
2019-04-11 17:00:00,4.6351414,-7.5836425
2019-04-11 17:30:00,2.4751177,2.1205978
2019-04-11 18:00:00,-10.439973,-16.910982
2019-04-11 18:30:00,0.7581843,-2.322875
2019-04-11 19:00:00,0.55717707,13.1195965
2019-04-11 19:30:00,1.9810759,3.3617446
2019-04-11 20:00:00,0.41340384,1.9418786
2019-04-11 20:30:00,-2.991402,0.57798386
2019-04-11 21:00:00,-19.522102,5.878197
2019-04-11 21:30:00,-23.195084,-3.686018
2019-04-11 22:00:00,-7.5058722,2.292016
2019-04-11 22:30:00,1.9772309,3.8733685
2019-04-11 23:00:00,0.5644345,4.5351315
2019-04-11 23:30:00,-3.6582685,-5.2082667
2019-04-12 00:00:00,0.26426947,3.2751443
2019-04-12 00:30:00,1.2706513,2.3855374
2019-04-12 01:00:00,38.329014,-0.04598882
2019-04-12 01:30:00,-4.3423896,9.294831
2019-04-12 02:00:00,2.9184356,3.953275
2019-04-12 02:30:00,31.241693,1.2322798
2019-04-12 03:00:00,-7.739951,-4.896077
2019-04-12 03:30:00,5.0560136,9.264779
2019-04-12 04:00:00,-3.798948,1.4744812
2019-04-12 04:30:00,-1.2982336,0.64434546
2019-04-12 05:00:00,0.45571655,8.7632475
2019-04-12 05:30:00,10.961871,2.1914947
2019-04-12 06:00:00,-39.81807,-20.880602
2019-04-12 06:30:00,-0.7456866,1.0018363
2019-04-12 07:00:00,4.114862,4.8615036
2019-04-12 07:30:00,-18.914228,-12.227523
2019-04-12 08:00:00,-18.49497,-8.137614
2019-04-12 08:30:00,4.891923,5.5092063
2019-04-12 09:00:00,0.22115716,0.5233234
2019-04-12 09:30:00,-11.269693,10.475004
2019-04-12 10:00:00,-2.1850312,-1.625445
2019-04-12 10:30:00,-34.331787,-21.079573
2019-04-12 11:00:00,1.7466432,4.725709
2019-04-12 11:30:00,-2.8505473,4.3714995
2019-04-12 12:00:00,-8.704361,-8.745044
2019-04-12 12:30:00,4.406485,1.1776892
2019-04-12 13:00:00,-0.3395606,-1.1233507
2019-04-12 13:30:00,-1.1617354,3.2649987
2019-04-12 14:00:00,-24.216394,-15.278391
2019-04-12 14:30:00,0.44045445,-0.74022496
2019-04-12 15:00:00,33.863804,2.441692
2019-04-12 15:30:00,1.2417438,4.2274685
2019-04-12 16:00:00,-1.7038267,-6.254327
2019-04-12 16:30:00,2.539963,0.81965655
2019-04-12 17:00:00,1.1454959,1.1957827
2019-04-12 17:30:00,-0.87675816,-3.822608
2019-04-12 18:00:00,2.5503182,2.938281
2019-04-12 18:30:00,-4.3194327,1.750226
2019-04-12 19:00:00,6.587809,3.0962546
2019-04-12 19:30:00,-7.656204,-6.6894827
2019-04-12 20:00:00,5.10873,1.6605803
2019-04-12 20:30:00,-1.3194817,-5.357244
2019-04-12 21:00:00,-11.04545,-9.081846
2019-04-12 21:30:00,5.7249074,1.1054159
2019-04-12 22:00:00,-0.81006014,-5.0171213
2019-04-12 22:30:00,1.729642,-12.472023
2019-04-12 23:00:00,-0.8042227,4.009552
2019-04-12 23:30:00,4.068958,3.982532
2019-04-13 00:00:00,1.7643085,3.8402312
2019-04-13 00:30:00,0.15049177,-1.3137841
2019-04-13 01:00:00,-7.2671795,3.0652804
2019-04-13 01:30:00,4.155711,1.4768713
2019-04-13 02:00:00,0.052810755,-7.975249
2019-04-13 02:30:00,7.9691505,1.5603956
2019-04-13 03:00:00,1.255634,3.0064209
2019-04-13 03:30:00,-7.63922,-4.3478293
2019-04-13 04:00:00,-0.8970188,1.6870584
2019-04-13 04:30:00,0.14257452,2.4914503
2019-04-13 05:00:00,26.947355,7.843318
2019-04-13 05:30:00,2.093875,4.486396
2019-04-13 06:00:00,3.5752044,8.827713
2019-04-13 06:30:00,-0.98930365,0.38210624
2019-04-13 07:00:00,5.5382013,4.381025
2019-04-13 07:30:00,-2.1777256,0.6737948
2019-04-13 08:00:00,0.61511016,2.059357
2019-04-13 08:30:00,1.0437907,1.2777429
2019-04-13 09:00:00,-23.832281,-16.4378
2019-04-13 09:30:00,-0.30102298,3.930148
2019-04-13 10:00:00,-0.19321382,-1.7899202
2019-04-13 10:30:00,-9.760308,-3.5572054
2019-04-13 11:00:00,-3.1699944,1.8740095
2019-04-13 11:30:00,1.5252573,-0.26871607
2019-04-13 12:00:00,-17.216484,-10.299192
2019-04-13 12:30:00,0.97586495,-3.507714
2019-04-13 13:00:00,-6.7173457,-0.9662117
2019-04-13 13:30:00,-3.3245292,-0.95717156
2019-04-13 14:00:00,-4.8789754,2.12647
2019-04-13 14:30:00,-25.33055,-13.420026
2019-04-13 15:00:00,16.019032,1.8969923
2019-04-13 15:30:00,1.9039701,2.0555296
2019-04-13 16:00:00,-3.0958946,-1.1407145
2019-04-13 16:30:00,2.1150181,2.7126262
2019-04-13 17:00:00,-0.5956172,0.3916489
2019-04-13 17:30:00,1.2971427,3.2190769
2019-04-13 18:00:00,13.729325,-0.6150564
2019-04-13 18:30:00,-7.348008,1.4259247
2019-04-13 19:00:00,2.9315085,4.375074
2019-04-13 19:30:00,2.8725574,5.744889
2019-04-13 20:00:00,-7.1283045,-2.308041
2019-04-13 20:30:00,0.16874252,1.4593502
2019-04-13 21:00:00,-41.191685,-25.604153
2019-04-13 21:30:00,-9.663397,2.8883743
2019-04-13 22:00:00,-30.189219,-9.392585
2019-04-13 22:30:00,3.186949,2.4314678
2019-04-13 23:00:00,3.008505,2.5358646
2019-04-13 23:30:00,-29.5177,-11.586628
2019-04-14 00:00:00,0.019695507,0.83661836
2019-04-14 00:30:00,2.4649327,5.53357
2019-04-14 01:00:00,0.036596123,1.7195008
2019-04-14 01:30:00,2.5417063,1.6557347
2019-04-14 02:00:00,1.6463013,3.764668
2019-04-14 02:30:00,-1.8435495,0.7139753
2019-04-14 03:00:00,-1.6284249,1.9390428
2019-04-14 03:30:00,-45.650604,-4.459536
2019-04-14 04:00:00,-11.692961,-5.7244782
2019-04-14 04:30:00,-1.1747998,0.2658206
2019-04-14 05:00:00,25.338808,3.4611733
2019-04-14 05:30:00,-2.988505,-5.6068077
2019-04-14 06:00:00,0.6135853,3.3407717
2019-04-14 06:30:00,0.32190982,4.4810567
2019-04-14 07:00:00,1.2399567,2.8529522
2019-04-14 07:30:00,-19.661314,-12.489251
2019-04-14 08:00:00,-2.9119978,-0.59248435
2019-04-14 08:30:00,-4.480767,-4.2370796
2019-04-14 09:00:00,-14.141621,-5.1087766
2019-04-14 09:30:00,4.384822,4.9835744
2019-04-14 10:00:00,1.4777801,1.5377799
2019-04-14 10:30:00,2.9039292,6.8729568
2019-04-14 11:00:00,-8.587285,8.763213
2019-04-14 11:30:00,1.296378,25.955618
2019-04-14 12:00:00,7.3715467,3.763488
2019-04-14 12:30:00,-3.4168708,6.237012
2019-04-14 13:00:00,4.6827188,3.3420038
2019-04-14 13:30:00,21.315315,9.222099
2019-04-14 14:00:00,2.0005589,3.7264624
2019-04-14 14:30:00,1.6861453,-0.55380696
2019-04-14 15:00:00,-9.846717,-4.415746
2019-04-14 15:30:00,-10.945759,-2.8992305
2019-04-14 16:00:00,-4.002564,2.293624
2019-04-14 16:30:00,15.220223,2.4715478
2019-04-14 17:00:00,-19.843307,-16.611101
2019-04-14 17:30:00,-6.9736733,-2.9086115
2019-04-14 18:00:00,1.9463571,2.5410903
2019-04-14 18:30:00,-10.360796,-7.2650385
2019-04-14 19:00:00,-1.581437,1.2600732
2019-04-14 19:30:00,-34.99531,-28.51088
2019-04-14 20:00:00,5.3312693,4.522408
2019-04-14 20:30:00,-7.587767,-3.1912644
2019-04-14 21:00:00,-11.174241,-15.133608
2019-04-14 21:30:00,0.84235966,2.673949
2019-04-14 22:00:00,15.05383,3.5931187
2019-04-14 22:30:00,6.5611734,9.605238
2019-04-14 23:00:00,-2.455681,-0.21498625
2019-04-14 23:30:00,37.615158,24.61395
2019-04-15 00:00:00,9.485256,2.263685
2019-04-15 00:30:00,8.948093,9.615183
2019-04-15 01:00:00,0.055270694,1.4352489
2019-04-15 01:30:00,-9.171348,-1.4272866
2019-04-15 02:00:00,1.277555,-1.060856
2019-04-15 02:30:00,24.879038,4.1534476
2019-04-15 03:00:00,-29.483469,-16.137445
2019-04-15 03:30:00,3.1519244,3.150085
2019-04-15 04:00:00,3.4711006,3.2977338
2019-04-15 04:30:00,2.8482113,1.6133914
2019-04-15 05:00:00,58.445404,-14.481584
2019-04-15 05:30:00,1.0891707,1.0557846
2019-04-15 06:00:00,-10.7065115,-2.7058303
2019-04-15 06:30:00,-1.0345613,-1.7611655
2019-04-15 07:00:00,-4.112798,2.0521564
2019-04-15 07:30:00,2.0908468,3.596562
2019-04-15 08:00:00,-2.4041228,5.487473
2019-04-15 08:30:00,2.7221253,2.622561
2019-04-15 09:00:00,-8.569785,-6.4268193
2019-04-15 09:30:00,0.5919658,3.301286
2019-04-15 10:00:00,-0.19926098,1.4401863
2019-04-15 10:30:00,10.6304655,3.151422
2019-04-15 11:00:00,0.72773874,1.350405
2019-04-15 11:30:00,1.066804,1.182666
2019-04-15 12:00:00,-5.418253,6.4402695
2019-04-15 12:30:00,19.932178,2.1481028
2019-04-15 13:00:00,0.6177536,2.5582836
2019-04-15 13:30:00,-17.66012,6.7091546
2019-04-15 14:00:00,-4.9214544,-9.4823
2019-04-15 14:30:00,27.913643,1.5648392
2019-04-15 15:00:00,-5.141193,1.8889527
2019-04-15 15:30:00,0.5359202,0.87329465
2019-04-15 16:00:00,-2.5875084,1.5397505
2019-04-15 16:30:00,-1.09741,2.7382524
2019-04-15 17:00:00,-5.9973392,-2.4419658
2019-04-15 17:30:00,11.317676,3.0248857
2019-04-15 18:00:00,-7.556054,-1.8469095
2019-04-15 18:30:00,14.47383,4.2538157
2019-04-15 19:00:00,-1.7591469,-3.179808
2019-04-15 19:30:00,-1.8807107,3.7810266
2019-04-15 20:00:00,14.682751,3.409257
2019-04-15 20:30:00,0.90716577,1.5455835
2019-04-15 21:00:00,4.971358,5.4434958
2019-04-15 21:30:00,12.141934,25.335417
2019-04-15 22:00:00,0.11893201,2.0709357
2019-04-15 22:30:00,6.1551,-2.212536
2019-04-15 23:00:00,-37.878437,6.567269
2019-04-15 23:30:00,2.9063368,-0.27551037
2019-04-16 00:00:00,1.735663,3.8673737
2019-04-16 00:30:00,-8.012266,-6.8415093
2019-04-16 01:00:00,11.590113,13.17417
2019-04-16 01:30:00,-19.259926,-19.945902
2019-04-16 02:00:00,-18.936749,-10.583501
2019-04-16 02:30:00,1.6226063,3.948827
2019-04-16 03:00:00,16.400515,-0.72584546
2019-04-16 03:30:00,5.8331275,-1.0632373
2019-04-16 04:00:00,1.0866628,3.3179376
2019-04-16 04:30:00,-5.361622,-2.6115398
2019-04-16 05:00:00,5.0375795,9.863685
2019-04-16 05:30:00,3.2120378,4.803776
2019-04-16 06:00:00,4.4259152,5.2220793
2019-04-16 06:30:00,1.1680155,0.6450227
2019-04-16 07:00:00,0.5856215,5.085926
2019-04-16 07:30:00,-0.94391495,1.3759918
2019-04-16 08:00:00,0.269919,2.5961397
2019-04-16 08:30:00,-6.4524198,-12.230258
2019-04-16 09:00:00,0.74917036,0.95450324
2019-04-16 09:30:00,4.0731173,1.3628095
2019-04-16 10:00:00,7.325293,-2.2070744
2019-04-16 10:30:00,0.2989489,2.9594069
2019-04-16 11:00:00,-12.998743,-6.574783
2019-04-16 11:30:00,21.213856,13.093403
2019-04-16 12:00:00,-6.315279,1.5954509
2019-04-16 12:30:00,-1.0921056,0.6336755
2019-04-16 13:00:00,-20.231382,0.42408252
2019-04-16 13:30:00,9.136818,9.666838
2019-04-16 14:00:00,0.28132302,3.21469
2019-04-16 14:30:00,2.652054,1.6556735
2019-04-16 15:00:00,-13.453513,-9.546062
2019-04-16 15:30:00,-10.4270525,-2.6837258
2019-04-16 16:00:00,0.3744031,3.015378
2019-04-16 16:30:00,-4.884822,-3.9301813
2019-04-16 17:00:00,-3.1915395,-2.1478217
2019-04-16 17:30:00,-11.277895,0.08915931
2019-04-16 18:00:00,0.81355697,1.8518788
2019-04-16 18:30:00,-15.534401,0.017668132
2019-04-16 19:00:00,29.033033,1.6301914
2019-04-16 19:30:00,-19.110579,-11.1582575
2019-04-16 20:00:00,-0.7223456,2.6132936
2019-04-16 20:30:00,0.5749166,3.1292737
2019-04-16 21:00:00,-11.542804,0.76575637
2019-04-16 21:30:00,2.7675533,0.7221809
2019-04-16 22:00:00,2.269164,3.6204796
2019-04-16 22:30:00,31.829361,5.987387
2019-04-16 23:00:00,0.87095267,1.8106278
2019-04-16 23:30:00,-3.187664,3.3613951
2019-04-17 00:00:00,-0.5775237,4.8432837
2019-04-17 00:30:00,15.965669,0.25106966
2019-04-17 01:00:00,-15.038518,-5.239743
2019-04-17 01:30:00,-22.114265,0.94300747
2019-04-17 02:00:00,-0.1714108,4.230073
2019-04-17 02:30:00,-14.191632,-4.8305807
2019-04-17 03:00:00,-20.075586,-14.042063
2019-04-17 03:30:00,-1.5088316,0.6342697
2019-04-17 04:00:00,-6.409373,-2.8074875
2019-04-17 04:30:00,-0.0833336,1.8700684
2019-04-17 05:00:00,16.176117,-1.7256209
2019-04-17 05:30:00,-3.6233225,0.13660163
2019-04-17 06:00:00,2.3015454,2.4267316
2019-04-17 06:30:00,-9.721959,-6.609777
2019-04-17 07:00:00,2.449736,3.4118872
2019-04-17 07:30:00,0.918159,-4.622137
2019-04-17 08:00:00,10.494766,4.4990497
2019-04-17 08:30:00,-0.8353237,0.9881559
2019-04-17 09:00:00,-0.2551405,-0.47057968
2019-04-17 09:30:00,-5.606139,-4.917902
2019-04-17 10:00:00,-4.217212,-3.1198037
2019-04-17 10:30:00,-10.907383,-10.523738
2019-04-17 11:00:00,0.93655396,0.27259305
2019-04-17 11:30:00,-4.3540688,-0.22198594
2019-04-17 12:00:00,-2.124826,-0.47968104
2019-04-17 12:30:00,1.405083,3.9235635
2019-04-17 13:00:00,1.5324973,-0.10490067
2019-04-17 13:30:00,5.0915627,5.621079
2019-04-17 14:00:00,11.907375,2.9235082
2019-04-17 14:30:00,-0.8326671,-2.2511523
2019-04-17 15:00:00,7.868721,4.6553407
2019-04-17 15:30:00,2.0022016,1.6094371
2019-04-17 16:00:00,3.381695,5.6735196
2019-04-17 16:30:00,19.69969,-1.7739938
2019-04-17 17:00:00,4.031744,1.9207003
2019-04-17 17:30:00,31.84344,16.583384
2019-04-17 18:00:00,-14.716231,-12.789482
2019-04-17 18:30:00,-10.930226,5.6695437
2019-04-17 19:00:00,0.44350863,6.457655
2019-04-17 19:30:00,0.6906954,-1.2399948
2019-04-17 20:00:00,-2.4562972,-0.44210032
2019-04-17 20:30:00,-16.63348,-0.40153533
2019-04-17 21:00:00,-12.875431,-0.7344399
2019-04-17 21:30:00,3.551776,8.565798
2019-04-17 22:00:00,-21.864311,7.9073987
2019-04-17 22:30:00,20.633007,25.221691
2019-04-17 23:00:00,15.837778,1.5581323
2019-04-17 23:30:00,13.443724,4.2707686
2019-04-18 00:00:00,4.052293,3.2157211
2019-04-18 00:30:00,5.929799,3.9294052
2019-04-18 01:00:00,-0.7421562,3.6741352
2019-04-18 01:30:00,10.000847,3.6323948
2019-04-18 02:00:00,-4.5318136,2.2641482
2019-04-18 02:30:00,4.558062,4.208711
2019-04-18 03:00:00,-2.0752995,-5.501288
2019-04-18 03:30:00,-0.9986672,-8.405577
2019-04-18 04:00:00,-13.5458,-2.9533317
2019-04-18 04:30:00,2.0894444,3.2905157
2019-04-18 05:00:00,-2.1772406,0.023675978
2019-04-18 05:30:00,5.7611513,3.5793815
2019-04-18 06:00:00,14.547808,0.108882524
2019-04-18 06:30:00,14.860937,4.0976076
2019-04-18 07:00:00,-19.965218,-3.0691543
2019-04-18 07:30:00,2.559791,1.1468067
2019-04-18 08:00:00,-0.3035266,2.5584846
2019-04-18 08:30:00,2.581734,4.736711
2019-04-18 09:00:00,-2.825249,0.50307584
2019-04-18 09:30:00,4.3378253,2.090196
2019-04-18 10:00:00,7.9159365,3.0265722
2019-04-18 10:30:00,2.8863907,1.737922
2019-04-18 11:00:00,-12.120033,-8.51869
2019-04-18 11:30:00,2.5476182,6.736651
2019-04-18 12:00:00,2.8474512,6.3168707
2019-04-18 12:30:00,0.828688,2.8217244
2019-04-18 13:00:00,3.0251305,2.358998
2019-04-18 13:30:00,-1.4036266,-2.5165854
2019-04-18 14:00:00,11.711039,7.040945
2019-04-18 14:30:00,-17.43165,2.835431
2019-04-18 15:00:00,-1.9227962,-1.9480991
2019-04-18 15:30:00,7.868245,2.414209
2019-04-18 16:00:00,-6.48626,4.070395
2019-04-18 16:30:00,-10.749362,-5.7355895
2019-04-18 17:00:00,-5.875116,-1.4781064
2019-04-18 17:30:00,27.665482,-3.208899
2019-04-18 18:00:00,-10.815055,3.927522
2019-04-18 18:30:00,5.0441203,3.8416994
2019-04-18 19:00:00,-1.2639824,3.448109
2019-04-18 19:30:00,-0.15048164,1.0318056
2019-04-18 20:00:00,-6.1954846,-3.3887935
2019-04-18 20:30:00,13.772804,5.343879
2019-04-18 21:00:00,0.25060654,1.8524948
2019-04-18 21:30:00,-3.1948733,-1.2626017
2019-04-18 22:00:00,3.294356,2.4705734
2019-04-18 22:30:00,0.2139827,-0.17638311
2019-04-18 23:00:00,13.619074,1.9166281
2019-04-18 23:30:00,-7.014745,-15.133171
2019-04-19 00:00:00,-2.6045446,-1.0507323
2019-04-19 00:30:00,-1.1178585,-2.440904
2019-04-19 01:00:00,-7.2973676,-1.0706652
2019-04-19 01:30:00,-3.6759162,-4.082951
2019-04-19 02:00:00,0.31446007,22.868683
2019-04-19 02:30:00,-20.216751,-10.272793
2019-04-19 03:00:00,-14.093726,-0.8891496
2019-04-19 03:30:00,0.80027854,2.0247867
2019-04-19 04:00:00,1.004672,2.5505762
2019-04-19 04:30:00,0.47734916,-5.5540957
2019-04-19 05:00:00,3.3113618,3.2616518
2019-04-19 05:30:00,-8.2474985,-10.642391
2019-04-19 06:00:00,-14.274739,-7.2815065
2019-04-19 06:30:00,-23.246086,3.1219552
2019-04-19 07:00:00,-4.907245,-0.20257294
2019-04-19 07:30:00,2.5006783,4.0522757
2019-04-19 08:00:00,5.498523,3.033808
2019-04-19 08:30:00,1.5911733,1.2450558
2019-04-19 09:00:00,0.5332636,6.9636164
2019-04-19 09:30:00,-1.6347604,2.2815819
2019-04-19 10:00:00,19.074808,7.0331454
2019-04-19 10:30:00,-15.235584,-7.4285045
2019-04-19 11:00:00,-1.5761894,3.8728921
2019-04-19 11:30:00,0.083789386,4.559731
2019-04-19 12:00:00,1.3652345,24.029324
2019-04-19 12:30:00,-36.065903,-4.6901937
2019-04-19 13:00:00,-15.17012,-17.869682
2019-04-19 13:30:00,31.611296,20.522442
2019-04-19 14:00:00,1.0744067,3.1075363
2019-04-19 14:30:00,-16.358667,-13.104983
2019-04-19 15:00:00,-14.0370035,-8.380873
2019-04-19 15:30:00,5.229944,0.25026572
2019-04-19 16:00:00,3.1315022,2.8369777
2019-04-19 16:30:00,3.1192024,-0.628243
2019-04-19 17:00:00,-7.3085265,-0.8525214
2019-04-19 17:30:00,-5.3955717,-1.2015619
2019-04-19 18:00:00,2.04115,3.4418085
2019-04-19 18:30:00,6.56151,4.513608
2019-04-19 19:00:00,13.356603,2.4518902
2019-04-19 19:30:00,-3.9002383,-3.8716016
2019-04-19 20:00:00,0.55227464,6.223563
2019-04-19 20:30:00,2.2387972,3.4979675
2019-04-19 21:00:00,2.8681006,3.0200794
2019-04-19 21:30:00,-7.123782,-6.9939775
2019-04-19 22:00:00,4.5000763,7.2760897
2019-04-19 22:30:00,-17.54477,-11.678201
2019-04-19 23:00:00,-18.771317,-8.153064
2019-04-19 23:30:00,5.369859,3.295182
2019-04-20 00:00:00,5.0495033,9.14522
2019-04-20 00:30:00,1.0598481,4.256905
2019-04-20 01:00:00,3.119233,2.0113118
2019-04-20 01:30:00,-1.3372868,-3.095663
2019-04-20 02:00:00,-1.0806841,-0.08838893
2019-04-20 02:30:00,-4.3476458,3.0119524
2019-04-20 03:00:00,-6.0286283,-23.38074
2019-04-20 03:30:00,0.7062896,1.6178612
2019-04-20 04:00:00,4.449877,7.797798
2019-04-20 04:30:00,5.438261,4.36748
2019-04-20 05:00:00,-12.713792,-4.6849766
2019-04-20 05:30:00,-1.0299124,4.647122
2019-04-20 06:00:00,2.7900074,7.3292994
2019-04-20 06:30:00,5.844715,0.55067545
2019-04-20 07:00:00,0.7656908,6.4556103
2019-04-20 07:30:00,0.69646734,2.3369415
2019-04-20 08:00:00,9.644724,9.007267
2019-04-20 08:30:00,-0.52687865,12.130989
2019-04-20 09:00:00,-23.221128,-14.176774
2019-04-20 09:30:00,0.3948822,4.032312
2019-04-20 10:00:00,1.6463231,3.8554454
2019-04-20 10:30:00,-16.621708,5.950759
2019-04-20 11:00:00,1.7022856,2.2384608
2019-04-20 11:30:00,-12.455516,3.2291307
2019-04-20 12:00:00,0.6003156,-1.4234896
2019-04-20 12:30:00,0.36247915,3.2482727
2019-04-20 13:00:00,-24.976326,-7.7421446
2019-04-20 13:30:00,1.0477057,4.8846483
2019-04-20 14:00:00,2.643735,3.712074
2019-04-20 14:30:00,0.32788706,2.4087036
2019-04-20 15:00:00,1.8255448,3.669792
2019-04-20 15:30:00,0.53892195,4.1157446
2019-04-20 16:00:00,-32.262394,5.965418
2019-04-20 16:30:00,3.5012927,1.8225299
2019-04-20 17:00:00,-45.2076,-19.807774
2019-04-20 17:30:00,2.3316808,2.7956088
2019-04-20 18:00:00,5.1443224,0.96907496
2019-04-20 18:30:00,1.2862412,1.0215334
2019-04-20 19:00:00,-2.6503353,-0.4024791
2019-04-20 19:30:00,3.888128,3.4788604
2019-04-20 20:00:00,-6.062001,1.7013899
2019-04-20 20:30:00,-2.0674477,3.1261234
2019-04-20 21:00:00,-28.585165,-22.985912
2019-04-20 21:30:00,17.801805,5.1693587
2019-04-20 22:00:00,5.2836347,-7.5454106
2019-04-20 22:30:00,3.3616922,4.760336
2019-04-20 23:00:00,-14.257362,-15.803271
2019-04-20 23:30:00,0.5688913,-0.7989882
2019-04-21 00:00:00,2.4055314,3.7917142
2019-04-21 00:30:00,5.6501393,1.9532169
2019-04-21 01:00:00,5.252105,2.2713401
2019-04-21 01:30:00,-7.3317146,-2.5183156
2019-04-21 02:00:00,3.1661642,1.6731683
2019-04-21 02:30:00,-12.900245,-27.539686
2019-04-21 03:00:00,2.5837789,3.1543493
2019-04-21 03:30:00,0.75911933,2.9586203
2019-04-21 04:00:00,-8.642094,2.4233584
2019-04-21 04:30:00,-6.925344,-1.956711
2019-04-21 05:00:00,-3.462854,-0.12037251
2019-04-21 05:30:00,-6.419348,3.882212
2019-04-21 06:00:00,-10.499925,-3.1243565
2019-04-21 06:30:00,17.19985,1.6172495
2019-04-21 07:00:00,-0.1905791,0.70840436
2019-04-21 07:30:00,5.382705,-0.6033553
2019-04-21 08:00:00,4.4705524,0.9086208
2019-04-21 08:30:00,1.6766726,5.072132
2019-04-21 09:00:00,-3.9104013,0.13565786
2019-04-21 09:30:00,-5.4177985,0.5770969
2019-04-21 10:00:00,2.0819814,2.2997584
2019-04-21 10:30:00,-10.084116,2.560001
2019-04-21 11:00:00,-15.109393,-3.5107331
2019-04-21 11:30:00,4.2681518,2.2796943
2019-04-21 12:00:00,1.0168056,0.14126809
2019-04-21 12:30:00,-24.736992,-18.927038
2019-04-21 13:00:00,0.53664553,0.47455278
2019-04-21 13:30:00,-2.711078,-2.067806
2019-04-21 14:00:00,5.4083576,2.4804919
2019-04-21 14:30:00,3.0591283,3.6220875
2019-04-21 15:00:00,4.3755064,2.8453364
2019-04-21 15:30:00,-19.049952,-15.086983
2019-04-21 16:00:00,3.0485675,4.1392255
2019-04-21 16:30:00,-22.699343,-0.47802505
2019-04-21 17:00:00,-27.11496,5.9175344
2019-04-21 17:30:00,0.17141657,4.106193
2019-04-21 18:00:00,6.1140065,16.499191
2019-04-21 18:30:00,-12.435556,-17.67867
2019-04-21 19:00:00,-11.944547,-7.8066974
2019-04-21 19:30:00,-0.94573694,-4.0550747
2019-04-21 20:00:00,-3.5370672,-0.6890075
2019-04-21 20:30:00,1.8953581,1.6181233
2019-04-21 21:00:00,1.6371387,5.655684
2019-04-21 21:30:00,0.5266616,0.20021053
2019-04-21 22:00:00,-5.6214843,-4.182205
2019-04-21 22:30:00,8.196186,4.2305226
2019-04-21 23:00:00,4.0578465,3.229004
2019-04-21 23:30:00,0.42051715,0.49901673
2019-04-22 00:00:00,6.5119224,6.2140775
2019-04-22 00:30:00,-0.3058511,5.1855297
2019-04-22 01:00:00,4.554785,2.8591216
2019-04-22 01:30:00,-4.172693,-7.0304575
2019-04-22 02:00:00,7.026395,8.213331
2019-04-22 02:30:00,1.567522,1.9826882
2019-04-22 03:00:00,-11.092626,-7.043902
2019-04-22 03:30:00,-1.1086391,-2.72634
2019-04-22 04:00:00,-31.335903,22.075594
2019-04-22 04:30:00,-2.9239697,-4.071722
2019-04-22 05:00:00,-3.451214,-4.2649255
2019-04-22 05:30:00,5.186657,6.419192
2019-04-22 06:00:00,-2.8283556,-5.2903843
2019-04-22 06:30:00,6.368031,2.6115022
2019-04-22 07:00:00,0.58839166,2.9364939
2019-04-22 07:30:00,1.5107031,2.3905926
2019-04-22 08:00:00,-23.194616,-13.756825
2019-04-22 08:30:00,-15.046762,7.571584
2019-04-22 09:00:00,0.6514194,2.3553889
2019-04-22 09:30:00,5.588667,6.9209104
2019-04-22 10:00:00,23.272842,3.372751
2019-04-22 10:30:00,0.5483859,0.17561987
2019-04-22 11:00:00,-1.5983638,2.9451103
2019-04-22 11:30:00,1.8758185,1.7067293
2019-04-22 12:00:00,-4.284723,-9.08348
2019-04-22 12:30:00,1.8560603,2.745344
2019-04-22 13:00:00,2.7264028,4.098311
2019-04-22 13:30:00,-5.6072226,0.28171188
2019-04-22 14:00:00,-1.0730684,1.5260788
2019-04-22 14:30:00,3.8821857,1.1157014
2019-04-22 15:00:00,16.195347,6.406031
2019-04-22 15:30:00,1.4077046,9.184436
2019-04-22 16:00:00,-26.260326,0.85332674
2019-04-22 16:30:00,-2.6432831,0.2131569
2019-04-22 17:00:00,-11.74409,-1.4668423
2019-04-22 17:30:00,0.2750705,1.7274618
2019-04-22 18:00:00,-2.991922,2.4559011
2019-04-22 18:30:00,-33.025185,-23.135195
2019-04-22 19:00:00,31.273632,21.991205
2019-04-22 19:30:00,1.5110657,0.29775608
2019-04-22 20:00:00,20.154448,2.8425095
2019-04-22 20:30:00,2.3577397,2.946172
2019-04-22 21:00:00,-20.515343,-12.136222
2019-04-22 21:30:00,-23.303196,3.9300957
2019-04-22 22:00:00,2.2192137,1.0427072
2019-04-22 22:30:00,6.2091184,8.099837
2019-04-22 23:00:00,0.662251,-6.07039
2019-04-22 23:30:00,46.26907,2.3025198
2019-04-23 00:00:00,1.0848713,1.4576374
2019-04-23 00:30:00,0.64882404,1.5242829
2019-04-23 01:00:00,1.3115091,3.82188
2019-04-23 01:30:00,0.5645088,1.5245146
2019-04-23 02:00:00,16.386667,5.3540115
2019-04-23 02:30:00,3.7725327,3.6167657
2019-04-23 03:00:00,-3.8908353,-3.4865053
2019-04-23 03:30:00,-3.8519351,-2.3375385
2019-04-23 04:00:00,-0.38075474,0.88906795
2019-04-23 04:30:00,-9.523949,-2.8127744
2019-04-23 05:00:00,-17.869402,-5.733785
2019-04-23 05:30:00,-2.2701895,2.2924092
2019-04-23 06:00:00,0.547582,-4.43609
2019-04-23 06:30:00,3.5948534,2.9172294
2019-04-23 07:00:00,-19.51232,-13.929002
2019-04-23 07:30:00,-0.05415949,1.9986669
2019-04-23 08:00:00,4.9636893,5.601478
2019-04-23 08:30:00,-0.19690591,3.114501
2019-04-23 09:00:00,5.7167587,5.8419228
2019-04-23 09:30:00,0.465919,2.8388522
2019-04-23 10:00:00,-6.0514317,1.0462332
2019-04-23 10:30:00,-21.24728,-21.311117
2019-04-23 11:00:00,19.223839,1.3161056
2019-04-23 11:30:00,-9.222302,3.1076062
2019-04-23 12:00:00,4.970864,-0.09736792
2019-04-23 12:30:00,-29.220604,3.8697593
2019-04-23 13:00:00,0.26412964,1.9835577
2019-04-23 13:30:00,-1.7734696,1.8500743
2019-04-23 14:00:00,3.0149019,3.4679458
2019-04-23 14:30:00,0.54687417,-0.35355124
2019-04-23 15:00:00,4.606561,4.6417694
2019-04-23 15:30:00,-0.2904754,-1.4541492
2019-04-23 16:00:00,-29.00601,-14.99105
2019-04-23 16:30:00,-6.0703993,2.6027548
2019-04-23 17:00:00,6.6900125,4.867909
2019-04-23 17:30:00,-1.863762,11.728651
2019-04-23 18:00:00,11.884195,0.8901647
2019-04-23 18:30:00,-4.12262,-0.27748096
2019-04-23 19:00:00,4.672604,3.3190386
2019-04-23 19:30:00,-32.54735,-17.317242
2019-04-23 20:00:00,-1.0123432,1.1767193
2019-04-23 20:30:00,6.5365653,0.21985947
2019-04-23 21:00:00,-3.5775142,0.9793954
2019-04-23 21:30:00,6.1379066,16.703379
2019-04-23 22:00:00,3.18289,2.294253
2019-04-23 22:30:00,3.1493204,3.7094743
2019-04-23 23:00:00,-1.1025702,-1.6393526
2019-04-23 23:30:00,12.873031,4.7831044
2019-04-24 00:00:00,7.2465615,4.8351564
2019-04-24 00:30:00,1.2545154,6.5442815
2019-04-24 01:00:00,-5.517909,-1.1277506
2019-04-24 01:30:00,-25.617043,4.0081277
2019-04-24 02:00:00,2.4919615,5.7064605
2019-04-24 02:30:00,-3.0749087,-2.1174154
2019-04-24 03:00:00,-0.102091186,-0.6548305
2019-04-24 03:30:00,-5.546559,-7.261198
2019-04-24 04:00:00,-24.526741,-16.02268
2019-04-24 04:30:00,2.941912,5.5330806
2019-04-24 05:00:00,-0.25242278,1.68296
2019-04-24 05:30:00,43.27588,24.33966
2019-04-24 06:00:00,-31.694767,-19.35551
2019-04-24 06:30:00,-18.738815,2.2534783
2019-04-24 07:00:00,-0.89793634,3.3830013
2019-04-24 07:30:00,5.320254,3.6584187
2019-04-24 08:00:00,-2.6784956,0.20736751
2019-04-24 08:30:00,32.683907,0.79902893
2019-04-24 09:00:00,9.510227,-1.0182768
2019-04-24 09:30:00,-0.8389852,-1.4713776
2019-04-24 10:00:00,5.581047,7.9138956
2019-04-24 10:30:00,-1.9701817,6.0173783
2019-04-24 11:00:00,-41.388363,-11.015869
2019-04-24 11:30:00,-2.908485,-4.021256
2019-04-24 12:00:00,1.8603554,0.2459794
2019-04-24 12:30:00,0.3226788,2.6200793
2019-04-24 13:00:00,-1.2174227,-12.862537
2019-04-24 13:30:00,0.80432457,2.6612866
2019-04-24 14:00:00,-7.972562,-0.41384816
2019-04-24 14:30:00,3.8817182,3.7471294
2019-04-24 15:00:00,1.3734052,-3.0571125
2019-04-24 15:30:00,-17.5452,-9.656921
2019-04-24 16:00:00,-6.163173,-3.4394124
2019-04-24 16:30:00,-3.1720042,1.6200546
2019-04-24 17:00:00,2.196952,3.3852649
2019-04-24 17:30:00,0.8971469,2.3951237
2019-04-24 18:00:00,-11.864134,-7.4195952
2019-04-24 18:30:00,-17.676765,3.4411705
2019-04-24 19:00:00,2.8118672,3.523751
2019-04-24 19:30:00,-30.428066,-25.74519
2019-04-24 20:00:00,20.82068,0.9339979
2019-04-24 20:30:00,-3.8985603,0.7422143
2019-04-24 21:00:00,-2.5243146,-0.702417
2019-04-24 21:30:00,3.6186488,4.749002
2019-04-24 22:00:00,11.463651,-1.0285317
2019-04-24 22:30:00,-1.2997979,0.91765654
2019-04-24 23:00:00,-47.239807,-8.936885
2019-04-24 23:30:00,-0.7162766,5.1448116
