时间,真实值,预测值
2017-04-28 19:00:00,3.9815166,-2.8989835
2017-04-28 19:30:00,3.883183,-2.5985262
2017-04-28 20:00:00,3.1135032,-1.6419721
2017-04-28 20:30:00,4.2741365,-0.8015555
2017-04-28 21:00:00,4.9026327,-0.3167711
2017-04-28 21:30:00,5.051767,0.49280062
2017-04-28 22:00:00,5.8418956,1.0979127
2017-04-28 22:30:00,5.061944,1.7278258
2017-04-28 23:00:00,5.4606485,1.944554
2017-04-28 23:30:00,3.9218051,1.866496
2017-04-29 00:00:00,3.5646358,3.1566584
2017-04-29 00:30:00,2.9955382,3.441301
2017-04-29 01:00:00,2.980568,3.406044
2017-04-29 01:30:00,4.8063188,3.3313167
2017-04-29 02:00:00,4.851331,3.6975522
2017-04-29 02:30:00,4.3052826,3.7242825
2017-04-29 03:00:00,3.1283154,3.5467565
2017-04-29 03:30:00,2.5324876,3.533184
2017-04-29 04:00:00,8.713393,3.1492429
2017-04-29 04:30:00,2.7933695,2.8227713
2017-04-29 05:00:00,8.1307125,2.4571161
2017-04-29 05:30:00,5.280869,2.0797954
2017-04-29 06:00:00,4.4633207,1.5659596
2017-04-29 06:30:00,3.363409,0.5479115
2017-04-29 07:00:00,-2.8686924,-1.1597877
2017-04-29 07:30:00,-8.9101095,-2.9275336
2017-04-29 08:00:00,-11.509184,-5.2690496
2017-04-29 08:30:00,-7.713828,-6.295444
2017-04-29 09:00:00,-20.0258,-7.538559
2017-04-29 09:30:00,-15.869132,-9.317804
2017-04-29 10:00:00,-14.503749,-10.464296
2017-04-29 10:30:00,-18.653013,-10.983275
2017-04-29 11:00:00,-26.628038,-11.434434
2017-04-29 11:30:00,-25.448153,-12.48049
2017-04-29 12:00:00,-24.268265,-13.79929
2017-04-29 12:30:00,-23.088379,-13.970033
2017-04-29 13:00:00,-21.908491,-12.951785
2017-04-29 13:30:00,-20.728605,-12.951028
2017-04-29 14:00:00,-19.54872,-12.18437
2017-04-29 14:30:00,-18.368832,-11.262534
2017-04-29 15:00:00,-17.188948,-9.825932
2017-04-29 15:30:00,-16.00906,-8.782488
2017-04-29 16:00:00,-14.829176,-7.404934
2017-04-29 16:30:00,-13.649288,-6.5182652
2017-04-29 17:00:00,-12.4694,-5.7941594
2017-04-29 17:30:00,-11.289516,-4.63986
2017-04-29 18:00:00,-10.109629,-3.6619825
2017-04-29 18:30:00,-8.929745,-2.7088912
2017-04-29 19:00:00,-7.7498574,-1.8576002
2017-04-29 19:30:00,-6.5699697,-1.5561897
2017-04-29 20:00:00,-5.3900857,-0.63023925
2017-04-29 20:30:00,-4.210198,0.19766758
2017-04-29 21:00:00,-3.0303137,0.30212432
2017-04-29 21:30:00,-1.8504258,0.9275874
2017-04-29 22:00:00,-0.67053807,1.6417041
2017-04-29 22:30:00,0.50934595,1.9384725
2017-04-29 23:00:00,1.6892338,1.9079854
2017-04-29 23:30:00,2.8691177,2.0710235
2017-04-30 00:00:00,4.0490055,2.8863187
2017-04-30 00:30:00,4.402034,2.7935917
2017-04-30 01:00:00,3.1360586,2.8799245
2017-04-30 01:30:00,3.6348224,3.287608
2017-04-30 02:00:00,2.5813513,3.4446435
2017-04-30 02:30:00,3.3770566,3.1504185
2017-04-30 03:00:00,3.319881,3.4214025
2017-04-30 03:30:00,3.546647,3.107855
2017-04-30 04:00:00,3.0768971,3.5761771
2017-04-30 04:30:00,1.681385,3.0068235
2017-04-30 05:00:00,1.5997813,3.235406
2017-04-30 05:30:00,1.5181812,3.3386266
2017-04-30 06:00:00,2.3045082,2.5325065
2017-04-30 06:30:00,1.5486305,1.5637289
2017-04-30 07:00:00,-4.5931444,0.6428427
2017-04-30 07:30:00,-5.6566725,-1.1588908
2017-04-30 08:00:00,-12.827279,-2.94507
2017-04-30 08:30:00,-21.595823,-3.9374654
2017-04-30 09:00:00,-15.995048,-6.401958
2017-04-30 09:30:00,-17.463516,-8.637156
2017-04-30 10:00:00,-18.164124,-9.5164995
2017-04-30 10:30:00,-28.081053,-10.774133
2017-04-30 11:00:00,-22.780973,-11.991358
2017-04-30 11:30:00,-24.080145,-12.559215
2017-04-30 12:00:00,-24.742592,-13.462674
2017-04-30 12:30:00,-39.56868,-13.943072
2017-04-30 13:00:00,-19.774418,-14.031007
2017-04-30 13:30:00,-28.12152,-13.559614
2017-04-30 14:00:00,-22.585518,-12.943375
2017-04-30 14:30:00,-17.433907,-12.831586
2017-04-30 15:00:00,-15.301105,-11.28998
2017-04-30 15:30:00,-20.10085,-10.845743
2017-04-30 16:00:00,-11.108061,-9.943531
2017-04-30 16:30:00,-8.658282,-8.767901
2017-04-30 17:00:00,-2.5876744,-7.6432567
2017-04-30 17:30:00,1.5230796,-6.2413545
2017-04-30 18:00:00,-2.3123763,-4.6626
2017-04-30 18:30:00,0.94773114,-3.9398243
2017-04-30 19:00:00,0.6754812,-2.672809
2017-04-30 19:30:00,-0.471429,-2.0723202
2017-04-30 20:00:00,-3.3934329,-1.0580965
2017-04-30 20:30:00,1.6562335,-0.53849196
2017-04-30 21:00:00,6.7059035,0.11971503
2017-04-30 21:30:00,4.49926,0.99348986
2017-04-30 22:00:00,2.2926126,1.671411
2017-04-30 22:30:00,4.898838,1.8495173
2017-04-30 23:00:00,7.505068,1.7576684
2017-04-30 23:30:00,0.98324084,1.7230065
2017-05-01 00:00:00,0.12182511,2.234668
2017-05-01 00:30:00,-0.93011993,2.5580235
2017-05-01 01:00:00,-0.30778438,2.5334184
2017-05-01 01:30:00,0.32411063,2.3344262
2017-05-01 02:00:00,0.809498,2.7857468
2017-05-01 02:30:00,1.2948891,2.5759516
2017-05-01 03:00:00,1.4042329,2.3218334
2017-05-01 03:30:00,1.5135729,2.5532231
2017-05-01 04:00:00,1.622913,3.093254
2017-05-01 04:30:00,1.7322531,2.9759145
2017-05-01 05:00:00,7.2962904,3.0458524
2017-05-01 05:30:00,6.234714,2.5663245
2017-05-01 06:00:00,3.7348819,2.4034145
2017-05-01 06:30:00,-3.798961,1.6783216
2017-05-01 07:00:00,-11.3328,0.5651238
2017-05-01 07:30:00,-18.866642,-0.70567477
2017-05-01 08:00:00,-7.6316175,-3.0421038
2017-05-01 08:30:00,-19.074177,-5.733608
2017-05-01 09:00:00,-30.447622,-8.23113
2017-05-01 09:30:00,-22.100786,-10.284533
2017-05-01 10:00:00,-27.034943,-12.629729
2017-05-01 10:30:00,-18.934729,-16.002567
2017-05-01 11:00:00,-22.805279,-17.285357
2017-05-01 11:30:00,-26.34032,-19.07772
2017-05-01 12:00:00,-17.906973,-20.758875
2017-05-01 12:30:00,-23.706392,-22.341276
2017-05-01 13:00:00,-21.81065,-22.629042
2017-05-01 13:30:00,-23.861696,-22.953642
2017-05-01 14:00:00,-22.59068,-23.356005
2017-05-01 14:30:00,-20.538105,-22.820574
2017-05-01 15:00:00,-14.46871,-21.77537
2017-05-01 15:30:00,-11.047185,-20.46353
2017-05-01 16:00:00,-2.750234,-19.08266
2017-05-01 16:30:00,-1.217359,-17.300228
2017-05-01 17:00:00,-0.48492223,-15.352473
2017-05-01 17:30:00,3.0138733,-12.664546
2017-05-01 18:00:00,5.0449014,-10.543975
2017-05-01 18:30:00,4.781329,-8.9970455
2017-05-01 19:00:00,5.043733,-7.232774
2017-05-01 19:30:00,5.8523216,-5.9009485
2017-05-01 20:00:00,5.792595,-4.6506934
2017-05-01 20:30:00,4.8980093,-3.3206651
2017-05-01 21:00:00,6.630943,-2.1392965
2017-05-01 21:30:00,6.6034174,-0.9147201
2017-05-01 22:00:00,4.9410024,-0.2258415
2017-05-01 22:30:00,4.4271665,0.26266572
2017-05-01 23:00:00,5.78787,1.2422048
2017-05-01 23:30:00,5.2582345,1.5669355
2017-05-02 00:00:00,7.266794,1.823812
2017-05-02 00:30:00,7.4857607,1.3784333
2017-05-02 01:00:00,8.21914,1.7720847
2017-05-02 01:30:00,5.609281,1.0726595
2017-05-02 02:00:00,3.667751,1.0679156
2017-05-02 02:30:00,5.630804,1.0412719
2017-05-02 03:00:00,6.1747727,2.110531
2017-05-02 03:30:00,5.8053985,2.7694428
2017-05-02 04:00:00,8.337881,1.918065
2017-05-02 04:30:00,10.870359,2.5260482
2017-05-02 05:00:00,13.402839,2.4867327
2017-05-02 05:30:00,15.935317,2.3601503
2017-05-02 06:00:00,18.467802,2.0333622
2017-05-02 06:30:00,21.00028,1.1388295
2017-05-02 07:00:00,23.53276,-0.65419245
2017-05-02 07:30:00,26.065239,-2.6360254
2017-05-02 08:00:00,28.597717,-4.5306783
2017-05-02 08:30:00,31.130203,-7.32191
2017-05-02 09:00:00,46.482998,-11.282038
2017-05-02 09:30:00,18.529741,-13.793905
2017-05-02 10:00:00,-9.42352,-16.931585
2017-05-02 10:30:00,-6.3966827,-19.611998
2017-05-02 11:00:00,-11.352163,-20.864212
2017-05-02 11:30:00,-22.21755,-22.532988
2017-05-02 12:00:00,-18.626904,-23.311539
2017-05-02 12:30:00,-9.897415,-23.358662
2017-05-02 13:00:00,-4.553373,-24.236267
2017-05-02 13:30:00,-5.327209,-24.698704
2017-05-02 14:00:00,29.976099,-25.287643
2017-05-02 14:30:00,-2.9158754,-24.704454
2017-05-02 15:00:00,-5.1304626,-23.627415
2017-05-02 15:30:00,-4.853299,-22.145838
2017-05-02 16:00:00,-5.1019497,-20.26684
2017-05-02 16:30:00,-4.5954695,-17.790745
2017-05-02 17:00:00,-3.3684132,-15.298523
2017-05-02 17:30:00,-0.763005,-12.245325
2017-05-02 18:00:00,1.8424033,-9.296885
2017-05-02 18:30:00,4.877383,-6.704032
2017-05-02 19:00:00,5.702637,-4.4186745
2017-05-02 19:30:00,3.9759474,-2.816513
2017-05-02 20:00:00,4.0180774,-0.51098174
2017-05-02 20:30:00,5.2836385,0.8654152
2017-05-02 21:00:00,3.2390947,1.6370921
2017-05-02 21:30:00,2.3965342,2.8241203
2017-05-02 22:00:00,7.2779703,3.780599
2017-05-02 22:30:00,10.09002,4.0094
2017-05-02 23:00:00,6.0722866,4.7869434
2017-05-02 23:30:00,4.837269,4.4963207
2017-05-03 00:00:00,5.3399477,4.2197905
2017-05-03 00:30:00,5.4655995,3.8616753
2017-05-03 01:00:00,4.876818,3.817277
2017-05-03 01:30:00,4.470404,4.0909696
2017-05-03 02:00:00,4.803937,4.674536
2017-05-03 02:30:00,10.267117,4.3424315
2017-05-03 03:00:00,8.139303,4.756551
2017-05-03 03:30:00,7.371394,4.5102963
2017-05-03 04:00:00,10.848287,4.4749975
2017-05-03 04:30:00,8.172115,4.3240623
2017-05-03 05:00:00,7.659579,4.345461
2017-05-03 05:30:00,4.900997,4.3848968
2017-05-03 06:00:00,-0.48474514,4.4661655
2017-05-03 06:30:00,-2.2800956,3.746849
2017-05-03 07:00:00,-1.8114647,3.1874392
2017-05-03 07:30:00,-8.623432,2.0186746
2017-05-03 08:00:00,-11.974326,0.2403139
2017-05-03 08:30:00,-14.692578,-0.38540536
2017-05-03 09:00:00,-20.539312,-2.140943
2017-05-03 09:30:00,-22.89017,-4.3003626
2017-05-03 10:00:00,-29.064623,-7.364281
2017-05-03 10:30:00,-25.934633,-9.547375
2017-05-03 11:00:00,-23.358332,-11.913601
2017-05-03 11:30:00,-33.878098,-13.681498
2017-05-03 12:00:00,-25.553476,-15.914623
2017-05-03 12:30:00,-24.536655,-15.376084
2017-05-03 13:00:00,-14.461592,-15.467548
2017-05-03 13:30:00,-18.764746,-15.201671
2017-05-03 14:00:00,-20.516357,-12.285164
2017-05-03 14:30:00,-19.971416,-12.038574
2017-05-03 15:00:00,-15.865477,-12.399791
2017-05-03 15:30:00,-22.955513,-11.593889
2017-05-03 16:00:00,-10.372149,-11.344643
2017-05-03 16:30:00,-12.679297,-10.655048
2017-05-03 17:00:00,-3.9400465,-9.215029
2017-05-03 17:30:00,-1.3059373,-7.213116
2017-05-03 18:00:00,0.6841175,-4.9934273
2017-05-03 18:30:00,3.1719754,-2.9332535
2017-05-03 19:00:00,6.235773,-1.5425607
2017-05-03 19:30:00,7.694162,0.12662554
2017-05-03 20:00:00,6.5787635,1.8116112
2017-05-03 20:30:00,6.2633395,2.3266528
2017-05-03 21:00:00,6.4338684,2.5505102
2017-05-03 21:30:00,8.379661,2.7520156
2017-05-03 22:00:00,7.043321,3.6319926
2017-05-03 22:30:00,5.97731,3.787472
2017-05-03 23:00:00,7.4758472,3.253967
2017-05-03 23:30:00,9.680012,3.5932763
2017-05-04 00:00:00,7.190997,4.4473176
2017-05-04 00:30:00,7.405182,3.7457526
2017-05-04 01:00:00,8.152567,3.3674595
2017-05-04 01:30:00,8.798053,3.8000607
2017-05-04 02:00:00,7.7841644,4.133258
2017-05-04 02:30:00,8.083058,3.9758909
2017-05-04 03:00:00,8.348157,3.6872957
2017-05-04 03:30:00,9.6973295,3.4380946
2017-05-04 04:00:00,8.478876,3.2775474
2017-05-04 04:30:00,8.468597,3.5727632
2017-05-04 05:00:00,7.8022056,4.0437036
2017-05-04 05:30:00,7.1358147,3.8962054
2017-05-04 06:00:00,6.469427,3.5220912
2017-05-04 06:30:00,5.8030357,3.145132
2017-05-04 07:00:00,5.136645,1.2007567
2017-05-04 07:30:00,4.4702573,0.643634
2017-05-04 08:00:00,3.8038666,-1.8155869
2017-05-04 08:30:00,3.1374755,-3.0684497
2017-05-04 09:00:00,2.471084,-4.0909934
2017-05-04 09:30:00,1.8046968,-6.148032
2017-05-04 10:00:00,1.1383057,-8.721095
2017-05-04 10:30:00,0.47191453,-10.932803
2017-05-04 11:00:00,-0.19447283,-13.156037
2017-05-04 11:30:00,-0.8608639,-13.874017
2017-05-04 12:00:00,-1.527255,-15.22906
2017-05-04 12:30:00,-2.1936424,-15.704044
2017-05-04 13:00:00,-2.8600335,-16.06477
2017-05-04 13:30:00,-3.5264246,-15.941515
2017-05-04 14:00:00,-4.1928124,-16.861923
2017-05-04 14:30:00,-4.8592033,-16.410908
2017-05-04 15:00:00,-7.4222293,-15.252587
2017-05-04 15:30:00,-6.1755495,-15.026311
2017-05-04 16:00:00,-4.928874,-14.234087
2017-05-04 16:30:00,-0.17422733,-13.322678
2017-05-04 17:00:00,3.8704433,-11.085739
2017-05-04 17:30:00,3.6606333,-8.902977
2017-05-04 18:00:00,4.6875734,-6.9588733
2017-05-04 18:30:00,13.899334,-4.282472
2017-05-04 19:00:00,23.111105,-3.3941638
2017-05-04 19:30:00,32.322865,-1.2671871
2017-05-04 20:00:00,41.53463,-0.69044447
2017-05-04 20:30:00,50.74639,0.106918864
2017-05-04 21:00:00,9.324301,0.511701
2017-05-04 21:30:00,11.498577,1.8384507
2017-05-04 22:00:00,5.8813086,2.062391
2017-05-04 22:30:00,4.5435038,2.647589
2017-05-04 23:00:00,7.818242,3.5008168
2017-05-04 23:30:00,4.6815333,3.8058674
2017-05-05 00:00:00,10.661277,4.256898
2017-05-05 00:30:00,8.274195,4.0414543
2017-05-05 01:00:00,12.157225,4.04026
2017-05-05 01:30:00,16.684637,4.144494
2017-05-05 02:00:00,13.700617,4.7791586
2017-05-05 02:30:00,6.8047724,5.2531443
2017-05-05 03:00:00,6.6207542,5.6084223
2017-05-05 03:30:00,15.668436,5.290843
2017-05-05 04:00:00,13.571878,5.5462875
2017-05-05 04:30:00,11.267007,4.8166733
2017-05-05 05:00:00,9.693042,5.0760174
2017-05-05 05:30:00,5.835897,5.426947
2017-05-05 06:00:00,7.979988,4.2639136
2017-05-05 06:30:00,4.013447,2.4952786
2017-05-05 07:00:00,3.2326026,2.5864606
2017-05-05 07:30:00,2.403716,1.7246945
2017-05-05 08:00:00,-3.1761017,0.492047
2017-05-05 08:30:00,-2.5762799,-0.5223084
2017-05-05 09:00:00,-3.2258508,-2.633859
2017-05-05 09:30:00,-3.1313756,-5.0659766
2017-05-05 10:00:00,-3.1754386,-6.4592466
2017-05-05 10:30:00,-3.0949314,-7.5778027
2017-05-05 11:00:00,-3.5610113,-9.376254
2017-05-05 11:30:00,-4.0270915,-9.992618
2017-05-05 12:00:00,-4.4931717,-11.113381
2017-05-05 12:30:00,-6.601738,-10.831817
2017-05-05 13:00:00,-5.3896675,-10.885311
2017-05-05 13:30:00,-7.4130807,-10.137524
2017-05-05 14:00:00,-4.4908733,-11.176473
2017-05-05 14:30:00,-2.5435963,-11.862575
2017-05-05 15:00:00,3.2914286,-11.772436
2017-05-05 15:30:00,-6.0391703,-10.218788
2017-05-05 16:00:00,-11.775522,-9.480489
2017-05-05 16:30:00,-19.05657,-7.952271
2017-05-05 17:00:00,-12.755946,-6.9993496
2017-05-05 17:30:00,-12.584141,-4.7283406
2017-05-05 18:00:00,-0.66042095,-3.3074923
2017-05-05 18:30:00,1.7424192,-1.5351453
2017-05-05 19:00:00,1.7393408,0.07639423
2017-05-05 19:30:00,1.7362585,1.8099532
2017-05-05 20:00:00,1.73318,2.2840629
2017-05-05 20:30:00,-0.04310062,4.1358466
2017-05-05 21:00:00,0.4000473,3.6299314
2017-05-05 21:30:00,0.84536564,5.4930005
2017-05-05 22:00:00,1.6495378,4.9655395
2017-05-05 22:30:00,2.64725,5.3114123
2017-05-05 23:00:00,3.9894369,5.2414746
2017-05-05 23:30:00,0.97464603,6.1828322
2017-05-06 00:00:00,-43.304497,6.541743
2017-05-06 00:30:00,-31.042875,6.8596497
2017-05-06 01:00:00,-18.781254,6.2478156
2017-05-06 01:30:00,-6.519633,6.560952
2017-05-06 02:00:00,5.7419868,7.0125933
2017-05-06 02:30:00,4.6699805,6.51297
2017-05-06 03:00:00,3.597975,6.105588
2017-05-06 03:30:00,2.3684926,5.868339
2017-05-06 04:00:00,4.6890883,5.9577994
2017-05-06 04:30:00,2.4597802,5.455388
2017-05-06 05:00:00,2.0691206,5.49028
2017-05-06 05:30:00,2.7651246,4.639392
2017-05-06 06:00:00,2.2399433,4.82702
2017-05-06 06:30:00,1.7147583,3.8661327
2017-05-06 07:00:00,2.6939392,3.0783026
2017-05-06 07:30:00,-4.886891,1.8437296
2017-05-06 08:00:00,-4.993842,0.21164311
2017-05-06 08:30:00,-18.94981,-1.3448044
2017-05-06 09:00:00,-23.98089,-3.0324576
2017-05-06 09:30:00,-17.287415,-4.643685
2017-05-06 10:00:00,-24.216232,-5.197793
2017-05-06 10:30:00,-36.930447,-6.0604033
2017-05-06 11:00:00,-31.411324,-6.821028
2017-05-06 11:30:00,-34.249325,-6.644403
2017-05-06 12:00:00,-32.66194,-7.577034
2017-05-06 12:30:00,-33.462837,-7.91548
2017-05-06 13:00:00,-42.669533,-9.106333
2017-05-06 13:30:00,-41.492977,-9.20866
2017-05-06 14:00:00,-23.730951,-8.157887
2017-05-06 14:30:00,-16.080385,-8.286422
2017-05-06 15:00:00,-17.16802,-7.961608
2017-05-06 15:30:00,-28.2193,-6.5407376
2017-05-06 16:00:00,-8.994027,-6.9416084
2017-05-06 16:30:00,-4.1317782,-6.4149013
2017-05-06 17:00:00,-2.5453823,-6.1148243
2017-05-06 17:30:00,-9.981521,-5.4335384
2017-05-06 18:00:00,1.0090668,-3.8985345
2017-05-06 18:30:00,0.25382975,-1.4629277
2017-05-06 19:00:00,-0.50140727,-1.2201964
2017-05-06 19:30:00,3.2840471,-0.13550727
2017-05-06 20:00:00,6.478165,0.5979733
2017-05-06 20:30:00,7.7274747,1.0860208
2017-05-06 21:00:00,4.4491754,1.2597147
2017-05-06 21:30:00,0.5173153,1.5832736
2017-05-06 22:00:00,0.76746964,2.3629763
2017-05-06 22:30:00,1.0176202,2.9770148
2017-05-06 23:00:00,1.2677745,2.8437328
2017-05-06 23:30:00,1.517925,2.874913
2017-05-07 00:00:00,0.20389609,0.43757668
2017-05-07 00:30:00,3.5580492,-0.4826878
2017-05-07 01:00:00,0.6226274,0.17598268
2017-05-07 01:30:00,0.34654912,0.9955962
2017-05-07 02:00:00,2.8939753,2.3278208
2017-05-07 02:30:00,1.7558484,2.603929
2017-05-07 03:00:00,0.61772144,2.7324371
2017-05-07 03:30:00,-0.52040553,1.8840774
2017-05-07 04:00:00,-39.361576,2.1149282
2017-05-07 04:30:00,-24.139189,1.9632396
2017-05-07 05:00:00,-8.916801,1.7999265
2017-05-07 05:30:00,-0.9978838,0.7804429
2017-05-07 06:00:00,-4.1833057,1.1385393
2017-05-07 06:30:00,-7.368731,1.7295666
2017-05-07 07:00:00,-10.5541525,1.2370012
2017-05-07 07:30:00,-13.739577,1.4758816
2017-05-07 08:00:00,-16.964352,0.8808377
2017-05-07 08:30:00,-20.189129,-0.5734779
2017-05-07 09:00:00,-22.791685,-2.2638366
2017-05-07 09:30:00,-22.704912,-3.5540254
2017-05-07 10:00:00,-28.0935,-5.586542
2017-05-07 10:30:00,-25.648,-8.404145
2017-05-07 11:00:00,-45.75744,-10.3181095
2017-05-07 11:30:00,-34.1547,-12.167485
2017-05-07 12:00:00,-40.24468,-13.619431
2017-05-07 12:30:00,-47.77715,-14.479448
2017-05-07 13:00:00,-26.885506,-16.245197
2017-05-07 13:30:00,-30.496672,-17.282915
2017-05-07 14:00:00,-27.78632,-18.12592
2017-05-07 14:30:00,-18.105246,-16.561907
2017-05-07 15:00:00,-25.910706,-15.636039
2017-05-07 15:30:00,-16.491919,-15.466362
2017-05-07 16:00:00,-25.667257,-14.132517
2017-05-07 16:30:00,-19.72476,-12.218218
2017-05-07 17:00:00,-4.6173277,-10.706843
2017-05-07 17:30:00,-3.1834908,-8.735614
2017-05-07 18:00:00,1.3020445,-6.980091
2017-05-07 18:30:00,3.5142083,-4.622497
2017-05-07 19:00:00,4.246675,-3.793211
2017-05-07 19:30:00,2.449049,-2.6681213
2017-05-07 20:00:00,3.7809646,-1.4564655
2017-05-07 20:30:00,4.407897,-1.25262
2017-05-07 21:00:00,1.2833062,-0.46084467
2017-05-07 21:30:00,3.0479512,0.09424706
2017-05-07 22:00:00,5.0661225,0.33230606
2017-05-07 22:30:00,4.2747507,0.6523004
2017-05-07 23:00:00,6.203526,1.0916201
2017-05-07 23:30:00,4.821658,0.9943376
2017-05-08 00:00:00,4.258024,1.3130659
2017-05-08 00:30:00,3.186987,1.5954895
2017-05-08 01:00:00,4.4640703,1.6126151
2017-05-08 01:30:00,2.0136142,1.9460763
2017-05-08 02:00:00,4.8050675,1.8557421
2017-05-08 02:30:00,4.3515577,2.2644806
2017-05-08 03:00:00,3.863111,2.3470376
2017-05-08 03:30:00,3.4419417,2.083036
2017-05-08 04:00:00,3.0207763,-0.22765769
2017-05-08 04:30:00,2.5996072,-2.0922945
2017-05-08 05:00:00,2.5313911,-2.0615172
2017-05-08 05:30:00,2.4631715,-0.16966426
2017-05-08 06:00:00,2.3949516,-0.69284844
2017-05-08 06:30:00,5.707306,-1.7982992
2017-05-08 07:00:00,2.0937748,-3.3316
2017-05-08 07:30:00,2.8832178,-4.982357
2017-05-08 08:00:00,7.2420344,-5.5421324
2017-05-08 08:30:00,1.9729234,-7.223444
2017-05-08 09:00:00,51.964554,-10.24368
2017-05-08 09:30:00,33.964783,-12.2499895
2017-05-08 10:00:00,15.965024,-16.036291
2017-05-08 10:30:00,-2.0347455,-17.756786
2017-05-08 11:00:00,9.297171,-20.956676
2017-05-08 11:30:00,12.647801,-22.313223
2017-05-08 12:00:00,15.998431,-24.116268
2017-05-08 12:30:00,19.349064,-26.3585
2017-05-08 13:00:00,22.699692,-27.175009
2017-05-08 13:30:00,26.050325,-27.805254
2017-05-08 14:00:00,29.400959,-28.62188
2017-05-08 14:30:00,32.751583,-27.839413
2017-05-08 15:00:00,36.102215,-27.245016
2017-05-08 15:30:00,39.452843,-25.621662
2017-05-08 16:00:00,42.803474,-24.731894
2017-05-08 16:30:00,29.178396,-22.23908
2017-05-08 17:00:00,15.553316,-19.837645
2017-05-08 17:30:00,1.9282348,-16.160414
2017-05-08 18:00:00,-11.69685,-13.193239
2017-05-08 18:30:00,-25.32193,-10.106411
2017-05-08 19:00:00,-38.947014,-7.901991
2017-05-08 19:30:00,-25.816864,-6.304382
2017-05-08 20:00:00,-12.686717,-4.131062
2017-05-08 20:30:00,0.4434284,-2.710293
2017-05-08 21:00:00,13.573574,-2.5120618
2017-05-08 21:30:00,2.710982,-1.3384778
2017-05-08 22:00:00,-1.7626011,-0.6701575
2017-05-08 22:30:00,7.491081,-0.20707306
2017-05-08 23:00:00,16.744768,-0.34479
2017-05-08 23:30:00,14.408715,-1.5028836
2017-05-09 00:00:00,-1.4319433,-0.461018
2017-05-09 00:30:00,-17.272598,-0.81656724
2017-05-09 01:00:00,-33.113255,0.4463637
2017-05-09 01:30:00,-19.28491,0.9599508
2017-05-09 02:00:00,-20.437801,1.004451
2017-05-09 02:30:00,1.8831844,0.7532831
2017-05-09 03:00:00,1.3544801,0.817083
2017-05-09 03:30:00,4.754418,-0.24589108
2017-05-09 04:00:00,8.334995,-1.1207435
2017-05-09 04:30:00,3.5057945,-1.2778393
2017-05-09 05:00:00,2.1525028,-1.4925292
2017-05-09 05:30:00,0.79920757,-0.88861156
2017-05-09 06:00:00,-0.554084,-1.398619
2017-05-09 06:30:00,-1.9073793,-1.822795
2017-05-09 07:00:00,-3.260671,-2.7589982
2017-05-09 07:30:00,-4.6139665,-3.8691516
2017-05-09 08:00:00,-2.8146856,-5.58869
2017-05-09 08:30:00,-6.1132345,-7.3317366
2017-05-09 09:00:00,-5.644302,-6.7419043
2017-05-09 09:30:00,-9.887543,-8.280943
2017-05-09 10:00:00,-3.9987373,-10.678267
2017-05-09 10:30:00,-9.474806,-12.863395
2017-05-09 11:00:00,-8.450952,-15.592752
2017-05-09 11:30:00,-6.422603,-16.703632
2017-05-09 12:00:00,-8.505158,-16.926954
2017-05-09 12:30:00,-16.1429,-17.032154
2017-05-09 13:00:00,-23.00342,-16.028786
2017-05-09 13:30:00,-5.615322,-14.593668
2017-05-09 14:00:00,-8.349619,-13.947817
2017-05-09 14:30:00,-24.175266,-12.985818
2017-05-09 15:00:00,-16.721802,-11.988776
2017-05-09 15:30:00,-11.480151,-10.593114
2017-05-09 16:00:00,-11.290779,-8.856306
2017-05-09 16:30:00,-14.016933,-7.9827538
2017-05-09 17:00:00,-7.82535,-7.803883
2017-05-09 17:30:00,-4.3637366,-7.870336
2017-05-09 18:00:00,-1.7038918,-7.214269
2017-05-09 18:30:00,3.7084568,-6.846915
2017-05-09 19:00:00,2.0700173,-6.8402905
2017-05-09 19:30:00,0.47893056,-6.1993937
2017-05-09 20:00:00,1.3829701,-3.6198072
2017-05-09 20:30:00,2.2870095,-2.408159
2017-05-09 21:00:00,1.5873694,-2.0995667
2017-05-09 21:30:00,0.8877294,-1.0899061
2017-05-09 22:00:00,0.6783675,-0.3531173
2017-05-09 22:30:00,0.4690094,-0.19981587
2017-05-09 23:00:00,0.25964755,0.17836784
2017-05-09 23:30:00,-2.6974216,0.6185466
2017-05-10 00:00:00,-1.3749597,0.7803449
2017-05-10 00:30:00,-0.052501805,-1.4530102
2017-05-10 01:00:00,-1.0906334,-2.801117
2017-05-10 01:30:00,-0.06117199,-2.3996055
2017-05-10 02:00:00,0.9682856,-1.7580419
2017-05-10 02:30:00,1.997747,-1.3886037
2017-05-10 03:00:00,3.0272045,-0.81087756
2017-05-10 03:30:00,4.056666,-1.6546665
2017-05-10 04:00:00,2.5487504,-0.75430465
2017-05-10 04:30:00,3.809771,-0.5583456
2017-05-10 05:00:00,1.6685549,-1.2142655
2017-05-10 05:30:00,0.7458601,-1.0150282
2017-05-10 06:00:00,1.2746285,-0.8947949
2017-05-10 06:30:00,-1.7786076,-1.2227172
2017-05-10 07:00:00,-3.3067837,-1.437
2017-05-10 07:30:00,-10.9066305,-1.6867775
2017-05-10 08:00:00,-11.243592,-2.9615362
2017-05-10 08:30:00,-21.67893,-3.868639
2017-05-10 09:00:00,-25.628588,-4.9716897
2017-05-10 09:30:00,-26.869759,-6.939702
2017-05-10 10:00:00,-28.729095,-7.418525
2017-05-10 10:30:00,-20.435709,-9.330164
2017-05-10 11:00:00,-20.272379,-10.436926
2017-05-10 11:30:00,-29.276722,-11.134693
2017-05-10 12:00:00,-16.430843,-11.778367
2017-05-10 12:30:00,-28.043905,-11.014716
2017-05-10 13:00:00,-22.54114,-11.771758
2017-05-10 13:30:00,-16.31055,-10.639585
2017-05-10 14:00:00,-3.4418592,-9.997531
2017-05-10 14:30:00,-19.375072,-10.735137
2017-05-10 15:00:00,-9.843879,-10.86404
2017-05-10 15:30:00,-17.21398,-10.075016
2017-05-10 16:00:00,-11.892131,-9.329248
2017-05-10 16:30:00,-9.093812,-8.721664
2017-05-10 17:00:00,-6.1341166,-8.496711
2017-05-10 17:30:00,-1.3663536,-6.975562
2017-05-10 18:00:00,1.3223541,-6.512892
2017-05-10 18:30:00,2.4617999,-5.4344125
2017-05-10 19:00:00,1.5936017,-5.019962
2017-05-10 19:30:00,2.38075,-4.525938
2017-05-10 20:00:00,3.1678982,-3.274767
2017-05-10 20:30:00,7.3249497,-3.2778642
2017-05-10 21:00:00,6.5159016,-2.7048972
2017-05-10 21:30:00,3.316015,-2.746255
2017-05-10 22:00:00,2.2771373,-2.0093303
2017-05-10 22:30:00,2.995557,-1.887243
2017-05-10 23:00:00,7.7450976,-2.060809
2017-05-10 23:30:00,2.4906929,-2.1825306
2017-05-11 00:00:00,3.463035,-2.41672
2017-05-11 00:30:00,4.365164,-2.5803645
2017-05-11 01:00:00,2.1893125,-2.259496
2017-05-11 01:30:00,1.7180854,-1.5011315
2017-05-11 02:00:00,1.4606814,-1.0938399
2017-05-11 02:30:00,1.2032775,-0.56768274
2017-05-11 03:00:00,2.4293685,-0.46840328
2017-05-11 03:30:00,3.757068,-0.3644138
2017-05-11 04:00:00,3.1555505,-0.08789471
2017-05-11 04:30:00,3.973649,0.08071613
2017-05-11 05:00:00,4.7917476,0.5975927
2017-05-11 05:30:00,2.161192,0.72621745
2017-05-11 06:00:00,4.5134993,1.0611445
2017-05-11 06:30:00,-0.05245282,0.28831455
2017-05-11 07:00:00,-4.6184053,0.55728257
2017-05-11 07:30:00,-1.4510924,0.4627093
2017-05-11 08:00:00,-3.5698512,0.30774242
2017-05-11 08:30:00,-5.7335434,-0.09719792
2017-05-11 09:00:00,-6.273691,-3.120968
2017-05-11 09:30:00,-8.506812,-5.9169097
2017-05-11 10:00:00,-10.31395,-8.59668
2017-05-11 10:30:00,-13.144609,-8.735353
2017-05-11 11:00:00,-16.526445,-9.611009
2017-05-11 11:30:00,-21.760458,-10.691341
2017-05-11 12:00:00,-12.248068,-10.98325
2017-05-11 12:30:00,-1.8938333,-11.661619
2017-05-11 13:00:00,-2.8878717,-12.333635
2017-05-11 13:30:00,-21.576345,-12.894711
2017-05-11 14:00:00,-37.69505,-12.978149
2017-05-11 14:30:00,-36.017952,-12.686671
2017-05-11 15:00:00,-16.237839,-12.740019
2017-05-11 15:30:00,-23.178354,-12.898509
2017-05-11 16:00:00,-9.979527,-12.694697
2017-05-11 16:30:00,-2.9693887,-11.745819
2017-05-11 17:00:00,1.4954225,-11.26221
2017-05-11 17:30:00,2.1455207,-10.461248
2017-05-11 18:00:00,2.7956152,-8.657642
2017-05-11 18:30:00,1.5224693,-7.5262036
2017-05-11 19:00:00,1.2824132,-5.3387804
2017-05-11 19:30:00,13.931897,-3.4877763
2017-05-11 20:00:00,15.127214,-1.5470221
2017-05-11 20:30:00,16.322525,-0.8285909
2017-05-11 21:00:00,14.247392,-0.4621936
2017-05-11 21:30:00,12.1722555,0.21011707
2017-05-11 22:00:00,10.097119,1.134485
2017-05-11 22:30:00,8.021983,2.3024168
2017-05-11 23:00:00,5.9468455,2.385396
2017-05-11 23:30:00,8.867358,1.592946
2017-05-12 00:00:00,11.652564,1.365185
2017-05-12 00:30:00,10.999463,1.1180941
2017-05-12 01:00:00,10.346365,1.8757238
2017-05-12 01:30:00,9.693264,2.6908495
2017-05-12 02:00:00,9.040163,4.114825
2017-05-12 02:30:00,8.387065,3.9264324
2017-05-12 03:00:00,7.733963,4.2139087
2017-05-12 03:30:00,7.0808654,4.50637
2017-05-12 04:00:00,6.4277644,4.6296515
2017-05-12 04:30:00,5.774663,4.039273
2017-05-12 05:00:00,5.1215653,3.735138
2017-05-12 05:30:00,4.468464,3.2778187
2017-05-12 06:00:00,8.212248,3.2176585
2017-05-12 06:30:00,11.956032,2.8590121
2017-05-12 07:00:00,15.699817,2.309154
2017-05-12 07:30:00,19.443596,2.3455832
2017-05-12 08:00:00,23.187376,0.05766723
2017-05-12 08:30:00,26.931164,-0.8312022
2017-05-12 09:00:00,30.674944,-3.955929
2017-05-12 09:30:00,34.41873,-5.768763
2017-05-12 10:00:00,38.16251,-8.613677
2017-05-12 10:30:00,41.906292,-10.226309
2017-05-12 11:00:00,45.650078,-12.468233
2017-05-12 11:30:00,49.39386,-14.506235
2017-05-12 12:00:00,-7.262786,-16.323097
2017-05-12 12:30:00,-11.186778,-16.29254
2017-05-12 13:00:00,-24.426699,-14.881845
2017-05-12 13:30:00,-31.192484,-17.012466
2017-05-12 14:00:00,-23.102512,-20.540165
2017-05-12 14:30:00,-40.72405,-20.406378
2017-05-12 15:00:00,-30.232576,-21.099901
2017-05-12 15:30:00,-14.19623,-20.238987
2017-05-12 16:00:00,-17.73373,-17.612017
2017-05-12 16:30:00,-16.877625,-14.61492
2017-05-12 17:00:00,-12.065697,-12.674128
2017-05-12 17:30:00,-6.0037174,-10.189116
2017-05-12 18:00:00,-0.65029633,-8.6071205
2017-05-12 18:30:00,1.9469881,-6.215762
2017-05-12 19:00:00,3.5398986,-4.530486
2017-05-12 19:30:00,4.7841854,-2.0438416
2017-05-12 20:00:00,5.975818,0.2050152
2017-05-12 20:30:00,7.1300983,1.5289427
2017-05-12 21:00:00,7.8872685,1.6738791
2017-05-12 21:30:00,5.242673,2.781048
2017-05-12 22:00:00,6.1133804,3.8284829
2017-05-12 22:30:00,4.606671,4.2847395
2017-05-12 23:00:00,2.0076907,5.079341
2017-05-12 23:30:00,1.8478067,5.317095
2017-05-13 00:00:00,2.6838486,5.532587
2017-05-13 00:30:00,3.389197,5.119926
2017-05-13 01:00:00,3.1450226,4.7062325
2017-05-13 01:30:00,5.366949,5.019923
2017-05-13 02:00:00,6.7744775,5.4283414
2017-05-13 02:30:00,5.761931,5.049012
2017-05-13 03:00:00,5.0513334,5.0618987
2017-05-13 03:30:00,6.0366335,5.250793
2017-05-13 04:00:00,6.4359255,5.24967
2017-05-13 04:30:00,11.014995,4.057555
2017-05-13 05:00:00,6.6966796,3.068359
2017-05-13 05:30:00,5.934415,3.6684856
2017-05-13 06:00:00,4.3024077,3.6191587
2017-05-13 06:30:00,1.2851789,3.5327733
2017-05-13 07:00:00,-7.181951,4.2963
2017-05-13 07:30:00,-11.200581,3.6038568
2017-05-13 08:00:00,-14.880523,1.9761639
2017-05-13 08:30:00,-14.336325,1.3229079
2017-05-13 09:00:00,-17.0239,-0.6569695
2017-05-13 09:30:00,-18.94022,-1.8541976
2017-05-13 10:00:00,-16.197397,-3.0517612
2017-05-13 10:30:00,-20.495134,-4.22134
2017-05-13 11:00:00,-15.1233225,-5.065453
2017-05-13 11:30:00,-20.466894,-5.03994
2017-05-13 12:00:00,-18.875462,-7.945055
2017-05-13 12:30:00,-15.880085,-10.224512
2017-05-13 13:00:00,-17.247986,-12.895732
2017-05-13 13:30:00,-15.276608,-15.60695
2017-05-13 14:00:00,-11.507349,-16.934486
2017-05-13 14:30:00,-11.735661,-17.73742
2017-05-13 15:00:00,-11.963971,-19.027004
2017-05-13 15:30:00,-13.005321,-19.003153
2017-05-13 16:00:00,-15.231837,-18.440573
2017-05-13 16:30:00,-5.9571524,-17.528536
2017-05-13 17:00:00,-0.70420146,-16.924976
2017-05-13 17:30:00,4.548753,-14.955363
2017-05-13 18:00:00,5.0317397,-13.058307
2017-05-13 18:30:00,7.4749727,-11.115156
2017-05-13 19:00:00,6.704178,-8.779771
2017-05-13 19:30:00,6.289075,-6.7931337
2017-05-13 20:00:00,3.9981675,-4.1954045
2017-05-13 20:30:00,3.1491034,-2.7733355
2017-05-13 21:00:00,3.661839,-1.2698776
2017-05-13 21:30:00,5.958044,0.9829394
2017-05-13 22:00:00,5.6651044,2.3626523
2017-05-13 22:30:00,5.372168,3.3481598
2017-05-13 23:00:00,5.079228,4.275429
2017-05-13 23:30:00,4.786288,4.100126
2017-05-14 00:00:00,4.4933476,4.37302
2017-05-14 00:30:00,2.8383482,3.6352744
2017-05-14 01:00:00,4.2407403,3.8765929
2017-05-14 01:30:00,2.3023753,4.322612
2017-05-14 02:00:00,2.7146633,5.4857736
2017-05-14 02:30:00,3.8361735,5.85589
2017-05-14 03:00:00,4.2415204,5.593463
2017-05-14 03:30:00,4.49224,5.3000216
2017-05-14 04:00:00,4.7429557,4.8991623
2017-05-14 04:30:00,4.04925,4.9239635
2017-05-14 05:00:00,5.205897,5.1081963
2017-05-14 05:30:00,3.4603825,4.7467012
2017-05-14 06:00:00,2.5194767,4.7084446
2017-05-14 06:30:00,-1.22358,3.6880643
2017-05-14 07:00:00,-4.966637,3.090168
2017-05-14 07:30:00,-10.078423,1.7619714
2017-05-14 08:00:00,-14.44652,0.4334846
2017-05-14 08:30:00,-7.211262,-0.9198672
2017-05-14 09:00:00,-15.097625,-3.5633588
2017-05-14 09:30:00,-16.404928,-6.1339097
2017-05-14 10:00:00,-28.05864,-7.168721
2017-05-14 10:30:00,-22.246998,-9.292442
2017-05-14 11:00:00,-19.93638,-10.858476
2017-05-14 11:30:00,-15.587413,-11.282749
2017-05-14 12:00:00,-15.590325,-12.470327
2017-05-14 12:30:00,-18.370209,-14.181886
2017-05-14 13:00:00,-15.14992,-16.002094
2017-05-14 13:30:00,-20.980469,-17.658155
2017-05-14 14:00:00,-21.871012,-17.83798
2017-05-14 14:30:00,-16.52879,-17.54874
2017-05-14 15:00:00,-13.159432,-17.4506
2017-05-14 15:30:00,-14.458005,-16.459763
2017-05-14 16:00:00,-8.711894,-16.182781
2017-05-14 16:30:00,-6.2653527,-14.502923
2017-05-14 17:00:00,-4.088333,-12.941729
2017-05-14 17:30:00,-2.2411306,-10.868683
2017-05-14 18:00:00,0.3510029,-8.180458
2017-05-14 18:30:00,6.289535,-7.099503
2017-05-14 19:00:00,3.235195,-5.6131706
2017-05-14 19:30:00,1.7543826,-4.6341515
2017-05-14 20:00:00,2.9882622,-3.6082847
2017-05-14 20:30:00,5.2196126,-2.0553
2017-05-14 21:00:00,7.0374994,-1.6802287
2017-05-14 21:30:00,3.1735427,-0.28673252
2017-05-14 22:00:00,2.5899875,1.1860162
2017-05-14 22:30:00,2.2940707,2.6785018
2017-05-14 23:00:00,0.77308017,3.5786602
2017-05-14 23:30:00,0.30902353,3.6351879
2017-05-15 00:00:00,0.81302863,3.4493835
2017-05-15 00:30:00,0.40199915,2.9883828
2017-05-15 01:00:00,3.1494992,3.0137868
2017-05-15 01:30:00,1.0122168,3.0547976
2017-05-15 02:00:00,0.94067365,3.5842104
2017-05-15 02:30:00,0.86913425,3.658625
2017-05-15 03:00:00,1.4552028,4.2865143
2017-05-15 03:30:00,2.041275,4.7200274
2017-05-15 04:00:00,2.6273472,4.417822
2017-05-15 04:30:00,3.2134159,5.522082
2017-05-15 05:00:00,1.9754517,6.0554433
2017-05-15 05:30:00,4.1826677,5.821537
2017-05-15 06:00:00,4.3599715,4.961444
2017-05-15 06:30:00,1.4800829,5.1672335
2017-05-15 07:00:00,2.406979,3.9684641
2017-05-15 07:30:00,8.1828575,3.6336844
2017-05-15 08:00:00,0.34062204,2.072866
2017-05-15 08:30:00,-7.5016136,0.32106987
2017-05-15 09:00:00,-13.991051,-2.2853746
2017-05-15 09:30:00,-16.669874,-4.225568
2017-05-15 10:00:00,-11.1119795,-7.557919
2017-05-15 10:30:00,-2.753041,-9.600541
2017-05-15 11:00:00,-11.923503,-12.833888
2017-05-15 11:30:00,-14.204919,-16.583422
2017-05-15 12:00:00,-15.61284,-17.3455
2017-05-15 12:30:00,-4.6352706,-18.716038
2017-05-15 13:00:00,-3.4915707,-19.202385
2017-05-15 13:30:00,-5.808787,-20.274874
2017-05-15 14:00:00,-14.989901,-21.81688
2017-05-15 14:30:00,-16.535816,-21.493916
2017-05-15 15:00:00,-18.081732,-19.474787
2017-05-15 15:30:00,-19.62765,-18.130295
2017-05-15 16:00:00,-21.173565,-16.360111
2017-05-15 16:30:00,-24.058054,-14.728454
2017-05-15 17:00:00,-26.942545,-11.613305
2017-05-15 17:30:00,-29.827036,-9.353318
2017-05-15 18:00:00,-32.711525,-7.7319217
2017-05-15 18:30:00,-27.234001,-5.6974535
2017-05-15 19:00:00,-21.756477,-4.0072193
2017-05-15 19:30:00,-16.278952,-2.6551218
2017-05-15 20:00:00,-10.801428,-1.1406424
2017-05-15 20:30:00,-5.3239045,0.112359874
2017-05-15 21:00:00,0.15361956,0.97734016
2017-05-15 21:30:00,5.631143,1.8906075
2017-05-15 22:00:00,4.7536345,2.9085538
2017-05-15 22:30:00,6.241312,3.3089046
2017-05-15 23:00:00,5.5846157,3.5357313
2017-05-15 23:30:00,4.0603924,3.6349354
2017-05-16 00:00:00,3.6430705,3.2170897
2017-05-16 00:30:00,9.707424,3.0059757
2017-05-16 01:00:00,12.372883,2.7608705
2017-05-16 01:30:00,19.093052,2.44721
2017-05-16 02:00:00,10.855096,2.74038
2017-05-16 02:30:00,35.69819,2.9846563
2017-05-16 03:00:00,10.633096,2.6698656
2017-05-16 03:30:00,-1.3539116,2.4456766
2017-05-16 04:00:00,3.1852312,2.5308712
2017-05-16 04:30:00,0.25740182,2.1221402
2017-05-16 05:00:00,5.4164457,1.5849165
2017-05-16 05:30:00,2.4916048,1.0652741
2017-05-16 06:00:00,9.614471,0.67835623
2017-05-16 06:30:00,5.390051,-0.43454772
2017-05-16 07:00:00,1.1671574,-0.58728015
2017-05-16 07:30:00,1.1906961,-1.781411
2017-05-16 08:00:00,-2.4668908,-3.1162543
2017-05-16 08:30:00,-4.7747927,-5.5026703
2017-05-16 09:00:00,-7.082694,-8.711701
2017-05-16 09:30:00,-13.993119,-11.402471
2017-05-16 10:00:00,-12.197629,-13.985689
2017-05-16 10:30:00,-19.531456,-14.843133
2017-05-16 11:00:00,-19.309717,-15.670863
2017-05-16 11:30:00,-17.33428,-16.8209
2017-05-16 12:00:00,-29.837551,-17.777632
2017-05-16 12:30:00,-28.684946,-17.182934
2017-05-16 13:00:00,-20.020237,-16.567638
2017-05-16 13:30:00,-24.9257,-16.541227
2017-05-16 14:00:00,-19.792772,-16.967129
2017-05-16 14:30:00,-26.802792,-17.994877
2017-05-16 15:00:00,-20.30496,-17.38759
2017-05-16 15:30:00,-10.389565,-16.684134
2017-05-16 16:00:00,-5.20184,-16.261246
2017-05-16 16:30:00,-10.6603155,-14.993473
2017-05-16 17:00:00,-8.513712,-13.285974
2017-05-16 17:30:00,-4.16624,-11.35485
2017-05-16 18:00:00,-0.6677196,-10.392464
2017-05-16 18:30:00,1.1024758,-9.212459
2017-05-16 19:00:00,2.0109801,-8.09492
2017-05-16 19:30:00,1.8010833,-6.712785
2017-05-16 20:00:00,1.5911864,-5.758032
2017-05-16 20:30:00,0.7361838,-4.17898
2017-05-16 21:00:00,2.4294026,-2.557783
2017-05-16 21:30:00,4.122625,-1.2916679
2017-05-16 22:00:00,2.518448,-0.90262854
2017-05-16 22:30:00,1.7789651,-0.2077626
2017-05-16 23:00:00,2.2281833,0.7018611
2017-05-16 23:30:00,2.7166905,0.5147003
2017-05-17 00:00:00,2.012593,0.81149125
2017-05-17 00:30:00,0.97711784,1.6224797
2017-05-17 01:00:00,1.0436872,2.2978125
2017-05-17 01:30:00,1.1823161,2.869894
2017-05-17 02:00:00,0.21069358,3.5039518
2017-05-17 02:30:00,0.15788871,3.8293684
2017-05-17 03:00:00,0.105083846,3.9307353
2017-05-17 03:30:00,1.0458275,2.856382
2017-05-17 04:00:00,1.2906915,2.4692342
2017-05-17 04:30:00,2.8638954,2.341122
2017-05-17 05:00:00,3.533836,2.9300315
2017-05-17 05:30:00,3.0416963,2.6032095
2017-05-17 06:00:00,3.9185987,2.8914244
2017-05-17 06:30:00,2.6050973,2.3497317
2017-05-17 07:00:00,2.2219095,1.5840423
2017-05-17 07:30:00,-6.2445984,0.3560935
2017-05-17 08:00:00,-20.761774,-1.2090054
2017-05-17 08:30:00,-20.19973,-3.426418
2017-05-17 09:00:00,-23.14669,-5.0547595
2017-05-17 09:30:00,-11.906162,-7.7174754
2017-05-17 10:00:00,-23.753002,-9.783451
2017-05-17 10:30:00,-28.017752,-12.292613
2017-05-17 11:00:00,-26.229612,-14.309772
2017-05-17 11:30:00,-30.955965,-15.850654
2017-05-17 12:00:00,-26.154219,-17.319733
2017-05-17 12:30:00,-18.402605,-18.8656
2017-05-17 13:00:00,-20.938587,-18.774656
2017-05-17 13:30:00,-33.07058,-19.383076
2017-05-17 14:00:00,-23.229353,-19.253544
2017-05-17 14:30:00,-24.327717,-19.590212
2017-05-17 15:00:00,-13.731265,-19.675764
2017-05-17 15:30:00,-15.117749,-18.261335
2017-05-17 16:00:00,-10.899298,-16.841286
2017-05-17 16:30:00,-8.990624,-15.795527
2017-05-17 17:00:00,-7.3293443,-13.844988
2017-05-17 17:30:00,0.0059287036,-12.078055
2017-05-17 18:00:00,1.1907865,-9.687084
2017-05-17 18:30:00,4.0058126,-7.5393353
2017-05-17 19:00:00,3.9973497,-5.381653
2017-05-17 19:30:00,4.587137,-4.2878304
2017-05-17 20:00:00,2.684685,-2.6360219
2017-05-17 20:30:00,6.220151,-2.0104947
2017-05-17 21:00:00,7.044105,-0.9402408
2017-05-17 21:30:00,4.6810775,-0.2999733
2017-05-17 22:00:00,4.730273,0.70616037
2017-05-17 22:30:00,3.9031875,0.7584792
2017-05-17 23:00:00,2.058314,1.0922606
2017-05-17 23:30:00,2.6594017,1.3410321
2017-05-18 00:00:00,2.273377,2.1619568
2017-05-18 00:30:00,3.072692,2.6176748
2017-05-18 01:00:00,3.1317556,2.741661
2017-05-18 01:30:00,1.3201573,2.8325455
2017-05-18 02:00:00,1.161803,3.4680314
2017-05-18 02:30:00,0.98742336,4.1431794
2017-05-18 03:00:00,0.697916,4.03561
2017-05-18 03:30:00,1.4695212,3.9743497
2017-05-18 04:00:00,2.2411265,4.589696
2017-05-18 04:30:00,1.7589155,4.869768
2017-05-18 05:00:00,1.2767047,5.36051
2017-05-18 05:30:00,0.7944938,5.2784424
2017-05-18 06:00:00,3.658248,5.922802
2017-05-18 06:30:00,-1.6000341,5.056695
2017-05-18 07:00:00,-6.85832,5.2131205
2017-05-18 07:30:00,-14.317142,3.0892599
2017-05-18 08:00:00,-11.969533,-0.45764562
2017-05-18 08:30:00,-16.412,-4.360613
2017-05-18 09:00:00,-18.064133,-8.343495
2017-05-18 09:30:00,-14.61249,-9.878582
2017-05-18 10:00:00,-26.064991,-12.921603
2017-05-18 10:30:00,-19.450686,-15.494049
2017-05-18 11:00:00,-21.314894,-17.29458
2017-05-18 11:30:00,-21.557686,-20.10499
2017-05-18 12:00:00,-16.214888,-21.329826
2017-05-18 12:30:00,-17.757526,-22.607542
2017-05-18 13:00:00,-18.286732,-23.126635
2017-05-18 13:30:00,-17.859854,-23.587782
2017-05-18 14:00:00,-13.960055,-24.86161
2017-05-18 14:30:00,-14.080029,-24.503092
2017-05-18 15:00:00,-10.391773,-23.002886
2017-05-18 15:30:00,-8.964463,-21.59082
2017-05-18 16:00:00,-9.125553,-20.728153
2017-05-18 16:30:00,-6.3150754,-18.763351
2017-05-18 17:00:00,-4.977926,-16.706621
2017-05-18 17:30:00,-1.6864723,-13.819384
2017-05-18 18:00:00,-0.35162893,-11.078199
2017-05-18 18:30:00,1.5341727,-8.27907
2017-05-18 19:00:00,2.717915,-5.4258704
2017-05-18 19:30:00,6.3364053,-3.5268016
2017-05-18 20:00:00,6.3068185,-1.6573833
2017-05-18 20:30:00,6.557704,0.21068981
2017-05-18 21:00:00,5.7717576,1.9662917
2017-05-18 21:30:00,6.1697874,3.0880053
2017-05-18 22:00:00,3.3936698,4.2180233
2017-05-18 22:30:00,2.3864284,4.872843
2017-05-18 23:00:00,2.9496627,4.752142
2017-05-18 23:30:00,4.113043,4.697163
2017-05-19 00:00:00,3.1402524,5.364447
2017-05-19 00:30:00,3.3870645,5.133683
2017-05-19 01:00:00,2.4970834,4.9769225
2017-05-19 01:30:00,3.5364285,5.0218825
2017-05-19 02:00:00,3.4734423,6.010446
2017-05-19 02:30:00,3.070533,5.1950035
2017-05-19 03:00:00,4.7679076,4.943263
2017-05-19 03:30:00,2.6058583,4.9440694
2017-05-19 04:00:00,1.7705512,4.967808
2017-05-19 04:30:00,1.1891248,4.8680387
2017-05-19 05:00:00,1.7130513,4.5138307
2017-05-19 05:30:00,1.2848662,4.291209
2017-05-19 06:00:00,4.403292,4.075415
2017-05-19 06:30:00,-4.595876,3.7376175
2017-05-19 07:00:00,-4.9845653,2.1980243
2017-05-19 07:30:00,-5.917068,-0.10054768
2017-05-19 08:00:00,-10.939785,-2.1836874
2017-05-19 08:30:00,-18.398918,-4.510086
2017-05-19 09:00:00,-18.226763,-8.266885
2017-05-19 09:30:00,-18.125566,-10.356004
2017-05-19 10:00:00,-22.80847,-13.857286
2017-05-19 10:30:00,-26.176506,-16.106867
2017-05-19 11:00:00,-23.92565,-18.307142
2017-05-19 11:30:00,-14.653135,-21.029282
2017-05-19 12:00:00,-18.00051,-22.272152
2017-05-19 12:30:00,-21.274204,-22.307537
2017-05-19 13:00:00,-16.290323,-22.650166
2017-05-19 13:30:00,-10.7976675,-22.250046
2017-05-19 14:00:00,-16.900549,-22.846235
2017-05-19 14:30:00,-18.201624,-20.930187
2017-05-19 15:00:00,-18.229532,-20.000729
2017-05-19 15:30:00,-10.250504,-19.047943
2017-05-19 16:00:00,-9.658252,-17.059586
2017-05-19 16:30:00,-3.1538327,-15.529969
2017-05-19 17:00:00,0.6049592,-13.170514
2017-05-19 17:30:00,3.535995,-11.463735
2017-05-19 18:00:00,5.0376477,-9.007272
2017-05-19 18:30:00,3.969395,-6.696085
2017-05-19 19:00:00,5.627918,-4.5648127
2017-05-19 19:30:00,6.0574517,-3.0333772
2017-05-19 20:00:00,6.2912416,-1.0850303
2017-05-19 20:30:00,4.6518,0.30434743
2017-05-19 21:00:00,5.009358,1.3316799
2017-05-19 21:30:00,4.4946404,2.243033
2017-05-19 22:00:00,4.0150332,2.8764653
2017-05-19 22:30:00,5.0326176,3.5992222
2017-05-19 23:00:00,6.5501003,3.6775365
2017-05-19 23:30:00,4.6572485,3.4935975
2017-05-20 00:00:00,4.3709664,4.3863964
2017-05-20 00:30:00,3.5101805,4.465099
2017-05-20 01:00:00,4.14804,4.9884715
2017-05-20 01:30:00,3.746574,5.3509765
2017-05-20 02:00:00,1.0497763,5.365627
2017-05-20 02:30:00,2.3868053,5.3869123
2017-05-20 03:00:00,4.741852,5.6776934
2017-05-20 03:30:00,4.682634,4.9209113
2017-05-20 04:00:00,3.5782156,4.6673093
2017-05-20 04:30:00,4.5979815,4.205924
2017-05-20 05:00:00,4.026111,3.9755404
2017-05-20 05:30:00,5.399441,3.584738
2017-05-20 06:00:00,5.248464,3.7103899
2017-05-20 06:30:00,3.1902463,2.7735763
2017-05-20 07:00:00,1.132032,1.4848946
2017-05-20 07:30:00,-3.963318,-0.7937708
2017-05-20 08:00:00,-14.748104,-3.3391094
2017-05-20 08:30:00,-18.735321,-5.8882995
2017-05-20 09:00:00,-18.56263,-8.91404
2017-05-20 09:30:00,-13.009809,-11.875808
2017-05-20 10:00:00,-9.217907,-14.449648
2017-05-20 10:30:00,-9.9775305,-17.219118
2017-05-20 11:00:00,-11.370303,-19.168406
2017-05-20 11:30:00,-9.752934,-20.041618
2017-05-20 12:00:00,-15.965171,-20.909206
2017-05-20 12:30:00,-16.218735,-22.837452
2017-05-20 13:00:00,-13.097046,-23.308395
2017-05-20 13:30:00,-21.280054,-22.31211
2017-05-20 14:00:00,-9.461791,-22.140589
2017-05-20 14:30:00,-14.2904005,-22.212414
2017-05-20 15:00:00,-6.4385076,-21.939396
2017-05-20 15:30:00,-4.489848,-20.235415
2017-05-20 16:00:00,-4.2732553,-17.911018
2017-05-20 16:30:00,-3.131153,-15.980484
2017-05-20 17:00:00,-1.4794655,-13.270502
2017-05-20 17:30:00,0.23195268,-10.514471
2017-05-20 18:00:00,2.9360528,-7.0231557
2017-05-20 18:30:00,3.79676,-4.990055
2017-05-20 19:00:00,6.122017,-3.4061236
2017-05-20 19:30:00,4.0854535,-2.020363
2017-05-20 20:00:00,4.548361,-0.2709672
2017-05-20 20:30:00,5.507409,0.90518653
2017-05-20 21:00:00,5.1677084,1.1489692
2017-05-20 21:30:00,5.4550266,1.6605178
2017-05-20 22:00:00,6.21425,2.7002282
2017-05-20 22:30:00,6.364797,3.8906739
2017-05-20 23:00:00,5.757021,4.46028
2017-05-20 23:30:00,4.269513,4.855521
2017-05-21 00:00:00,5.6268964,4.6431904
2017-05-21 00:30:00,4.6432996,4.0165515
2017-05-21 01:00:00,3.9369714,3.7629232
2017-05-21 01:30:00,4.9915123,4.2067227
2017-05-21 02:00:00,6.9766765,4.0098257
2017-05-21 02:30:00,4.689461,4.8662148
2017-05-21 03:00:00,4.3418665,5.587419
2017-05-21 03:30:00,4.864606,5.36473
2017-05-21 04:00:00,5.024573,4.915583
2017-05-21 04:30:00,6.4676523,4.6442337
2017-05-21 05:00:00,7.354649,5.1002383
2017-05-21 05:30:00,6.3532104,5.6597724
2017-05-21 06:00:00,2.887777,4.6056647
2017-05-21 06:30:00,-0.23470762,3.9636977
2017-05-21 07:00:00,-1.2433394,2.2853968
2017-05-21 07:30:00,-8.4076,0.09009094
2017-05-21 08:00:00,-12.136407,-2.8594985
2017-05-21 08:30:00,-11.40738,-5.7780585
2017-05-21 09:00:00,-17.671825,-8.932895
2017-05-21 09:30:00,-12.050944,-11.4380665
2017-05-21 10:00:00,-21.28467,-13.067139
2017-05-21 10:30:00,-22.85947,-14.678347
2017-05-21 11:00:00,-12.579396,-16.342989
2017-05-21 11:30:00,-19.23011,-17.240477
2017-05-21 12:00:00,-17.270609,-19.275444
2017-05-21 12:30:00,-15.125685,-20.23297
2017-05-21 13:00:00,-12.467065,-20.698767
2017-05-21 13:30:00,-12.243475,-21.624926
2017-05-21 14:00:00,-16.942423,-20.699532
2017-05-21 14:30:00,-10.099304,-20.935959
2017-05-21 15:00:00,-5.5578113,-19.293179
2017-05-21 15:30:00,-2.6234517,-17.753569
2017-05-21 16:00:00,-5.1444454,-15.540486
2017-05-21 16:30:00,-2.2057302,-13.124605
2017-05-21 17:00:00,-2.5398583,-11.60927
2017-05-21 17:30:00,-0.14253837,-9.612455
2017-05-21 18:00:00,1.8900687,-6.4000325
2017-05-21 18:30:00,4.935399,-5.088856
2017-05-21 19:00:00,6.9312644,-2.790996
2017-05-21 19:30:00,5.4770656,-1.2159083
2017-05-21 20:00:00,6.0962057,0.34130406
2017-05-21 20:30:00,5.374564,1.963085
2017-05-21 21:00:00,5.6749687,3.1526453
2017-05-21 21:30:00,6.175835,4.910474
2017-05-21 22:00:00,4.522697,6.6307654
2017-05-21 22:30:00,6.050142,7.267815
2017-05-21 23:00:00,4.4516773,7.550416
2017-05-21 23:30:00,4.9974017,7.5794597
2017-05-22 00:00:00,6.7680078,7.179403
2017-05-22 00:30:00,4.939167,6.8938856
2017-05-22 01:00:00,6.444935,6.977792
2017-05-22 01:30:00,5.9519362,7.177285
2017-05-22 02:00:00,3.208706,7.345459
2017-05-22 02:30:00,4.6242523,7.1911516
2017-05-22 03:00:00,6.650412,7.719592
2017-05-22 03:30:00,4.5126586,7.134119
2017-05-22 04:00:00,5.445211,7.1954846
2017-05-22 04:30:00,3.9308822,7.2785616
2017-05-22 05:00:00,7.8699884,7.3506136
2017-05-22 05:30:00,6.9995594,7.142446
2017-05-22 06:00:00,0.3273662,6.349348
2017-05-22 06:30:00,2.1949382,4.980099
2017-05-22 07:00:00,-1.9532058,3.9245331
2017-05-22 07:30:00,-8.81464,1.4238567
2017-05-22 08:00:00,-8.647239,-1.3661388
2017-05-22 08:30:00,-9.449869,-2.9403524
2017-05-22 09:00:00,-14.322892,-5.7965484
2017-05-22 09:30:00,-15.173874,-8.758606
2017-05-22 10:00:00,-13.225727,-11.082416
2017-05-22 10:30:00,-17.467669,-12.872461
2017-05-22 11:00:00,-14.548286,-13.882178
2017-05-22 11:30:00,-10.657607,-15.721456
2017-05-22 12:00:00,-13.6511345,-16.852732
2017-05-22 12:30:00,-11.875461,-18.019794
2017-05-22 13:00:00,-8.25506,-18.427969
2017-05-22 13:30:00,-15.4725485,-18.745232
2017-05-22 14:00:00,-7.7106137,-18.288324
2017-05-22 14:30:00,-12.293457,-18.149147
2017-05-22 15:00:00,-4.6933246,-16.383842
2017-05-22 15:30:00,-1.3098259,-14.406323
2017-05-22 16:00:00,-2.1647155,-12.293612
2017-05-22 16:30:00,-0.8068533,-10.216109
2017-05-22 17:00:00,-0.799046,-8.437801
2017-05-22 17:30:00,-0.185456,-6.4488435
2017-05-22 18:00:00,1.4677314,-4.1234922
2017-05-22 18:30:00,4.7787895,-2.011866
2017-05-22 19:00:00,5.3197174,0.36021945
2017-05-22 19:30:00,6.8619895,2.0082107
2017-05-22 20:00:00,8.028671,3.5980768
2017-05-22 20:30:00,4.495801,4.2819853
2017-05-22 21:00:00,4.640986,4.9231796
2017-05-22 21:30:00,4.7084255,6.0827994
2017-05-22 22:00:00,5.694009,6.228757
2017-05-22 22:30:00,6.312079,7.9462686
2017-05-22 23:00:00,7.567421,8.170043
2017-05-22 23:30:00,5.0099454,8.321102
2017-05-23 00:00:00,5.7089224,7.9660654
2017-05-23 00:30:00,4.5404515,7.8785114
2017-05-23 01:00:00,6.7801485,7.287394
2017-05-23 01:30:00,6.335041,7.4393725
2017-05-23 02:00:00,5.7626843,7.924489
2017-05-23 02:30:00,5.6753983,7.9857874
2017-05-23 03:00:00,5.7972293,7.7162914
2017-05-23 03:30:00,6.0790424,7.308427
2017-05-23 04:00:00,4.346222,7.4684167
2017-05-23 04:30:00,5.2536755,6.839378
2017-05-23 05:00:00,6.4972687,6.6923275
2017-05-23 05:30:00,5.952931,6.56365
2017-05-23 06:00:00,4.1334915,6.9627123
2017-05-23 06:30:00,3.5281763,6.441099
2017-05-23 07:00:00,1.867973,5.629346
2017-05-23 07:30:00,2.4869363,2.6634939
2017-05-23 08:00:00,-0.67425334,1.2047131
2017-05-23 08:30:00,1.8644725,-0.97138715
2017-05-23 09:00:00,-0.1960667,-3.2957058
2017-05-23 09:30:00,-1.2820934,-6.0920396
2017-05-23 10:00:00,0.6668562,-8.290754
2017-05-23 10:30:00,1.0435102,-9.398599
2017-05-23 11:00:00,1.4201603,-11.424875
2017-05-23 11:30:00,1.7968104,-13.160725
2017-05-23 12:00:00,2.1734605,-14.067835
2017-05-23 12:30:00,2.5501106,-15.092858
2017-05-23 13:00:00,2.926761,-15.481739
2017-05-23 13:30:00,3.303411,-15.034175
2017-05-23 14:00:00,3.680061,-14.6154175
2017-05-23 14:30:00,4.0567107,-13.969087
2017-05-23 15:00:00,4.433361,-13.00898
2017-05-23 15:30:00,4.8100114,-10.969764
2017-05-23 16:00:00,5.1866612,-9.998601
2017-05-23 16:30:00,5.5633116,-8.48792
2017-05-23 17:00:00,-12.746259,-6.390134
2017-05-23 17:30:00,11.304524,-4.0428643
2017-05-23 18:00:00,23.336529,-1.2201662
2017-05-23 18:30:00,-28.389275,0.7416173
2017-05-23 19:00:00,-8.833073,2.421373
2017-05-23 19:30:00,10.723132,4.15194
2017-05-23 20:00:00,0.053707052,5.1148844
2017-05-23 20:30:00,-10.615714,6.2505436
2017-05-23 21:00:00,4.562728,7.0695653
2017-05-23 21:30:00,-1.480057,8.244295
2017-05-23 22:00:00,-7.522846,9.169899
2017-05-23 22:30:00,-13.565635,9.233036
2017-05-23 23:00:00,-9.750485,9.435724
2017-05-23 23:30:00,-5.935332,9.624804
2017-05-24 00:00:00,-2.1201813,9.609497
2017-05-24 00:30:00,1.6949687,8.899484
2017-05-24 01:00:00,5.5101185,8.908527
2017-05-24 01:30:00,9.325273,8.590364
2017-05-24 02:00:00,5.7037754,8.708424
2017-05-24 02:30:00,6.993757,8.643637
2017-05-24 03:00:00,10.414359,8.822775
2017-05-24 03:30:00,10.971806,8.558555
2017-05-24 04:00:00,12.039795,8.764989
2017-05-24 04:30:00,8.303732,8.228176
2017-05-24 05:00:00,9.471984,8.4441805
2017-05-24 05:30:00,8.647254,8.359438
2017-05-24 06:00:00,4.457887,7.932907
2017-05-24 06:30:00,0.9169428,6.9366527
2017-05-24 07:00:00,-2.6240017,6.3854833
2017-05-24 07:30:00,3.1157753,5.689317
2017-05-24 08:00:00,-4.587259,4.3622284
2017-05-24 08:30:00,-3.0342927,2.5849497
2017-05-24 09:00:00,-2.6224794,1.1315007
2017-05-24 09:30:00,-0.874945,-1.2144313
2017-05-24 10:00:00,1.2233044,-2.3185782
2017-05-24 10:30:00,-1.9417548,-3.9121106
2017-05-24 11:00:00,-2.467603,-5.6935496
2017-05-24 11:30:00,-1.6374769,-6.0768843
2017-05-24 12:00:00,-10.510979,-6.8220043
2017-05-24 12:30:00,-9.431866,-7.1415052
2017-05-24 13:00:00,-10.644965,-7.360641
2017-05-24 13:30:00,-9.790516,-8.148087
2017-05-24 14:00:00,-9.50417,-8.058046
2017-05-24 14:30:00,-9.049391,-6.964906
2017-05-24 15:00:00,-5.84993,-6.312061
2017-05-24 15:30:00,-8.531316,-6.1120586
2017-05-24 16:00:00,-6.514953,-5.3003883
2017-05-24 16:30:00,-4.2494416,-3.628519
2017-05-24 17:00:00,-2.5341234,-3.5471225
2017-05-24 17:30:00,-0.98349756,-1.122424
2017-05-24 18:00:00,0.5671246,1.7541038
2017-05-24 18:30:00,2.1177506,1.8066562
2017-05-24 19:00:00,4.5354967,1.1537696
2017-05-24 19:30:00,0.8484517,2.6833136
2017-05-24 20:00:00,1.0139275,4.125963
2017-05-24 20:30:00,1.1794034,4.1124434
2017-05-24 21:00:00,0.5456244,4.1462727
2017-05-24 21:30:00,-0.0881547,4.706745
2017-05-24 22:00:00,-0.7219375,4.9502487
2017-05-24 22:30:00,-1.3557165,5.0289927
2017-05-24 23:00:00,-0.9759201,3.1860826
2017-05-24 23:30:00,-21.310024,4.191278
2017-05-25 00:00:00,-3.2803926,4.9782677
2017-05-25 00:30:00,-1.7867616,5.116177
2017-05-25 01:00:00,-0.2931306,5.5652895
2017-05-25 01:30:00,1.2005042,6.6880693
2017-05-25 02:00:00,5.420813,7.613786
2017-05-25 02:30:00,2.6465566,7.261749
2017-05-25 03:00:00,-4.3511477,7.6232667
2017-05-25 03:30:00,-1.0355413,8.186675
2017-05-25 04:00:00,2.280065,8.645023
2017-05-25 04:30:00,5.595671,8.101834
2017-05-25 05:00:00,16.462107,8.528419
2017-05-25 05:30:00,6.239209,8.662114
2017-05-25 06:00:00,-3.9836917,8.45764
2017-05-25 06:30:00,6.842584,7.1452346
2017-05-25 07:00:00,11.111802,6.342061
2017-05-25 07:30:00,3.7103257,5.1107435
2017-05-25 08:00:00,-3.6911545,3.571742
2017-05-25 08:30:00,-9.018135,2.0320246
2017-05-25 09:00:00,-7.01013,0.44552717
2017-05-25 09:30:00,-14.605274,-1.3090045
2017-05-25 10:00:00,-16.079153,-2.1601636
2017-05-25 10:30:00,-15.131318,-2.6643345
2017-05-25 11:00:00,-11.629342,-5.2256837
2017-05-25 11:30:00,-7.9746075,-6.5823326
2017-05-25 12:00:00,-8.186837,-7.865362
2017-05-25 12:30:00,-5.4335876,-9.352753
2017-05-25 13:00:00,-9.927856,-9.954161
2017-05-25 13:30:00,-5.3671913,-10.222006
2017-05-25 14:00:00,-8.273975,-10.386099
2017-05-25 14:30:00,-8.434444,-10.205634
2017-05-25 15:00:00,-6.4804945,-9.453799
2017-05-25 15:30:00,-4.133971,-9.664258
2017-05-25 16:00:00,-3.5608418,-8.775053
2017-05-25 16:30:00,-1.3656452,-8.343198
2017-05-25 17:00:00,-0.37650532,-7.341835
2017-05-25 17:30:00,1.4148247,-5.994173
2017-05-25 18:00:00,2.8752446,-4.716893
2017-05-25 18:30:00,2.1749225,-2.8645928
2017-05-25 19:00:00,0.9942246,-1.2446997
2017-05-25 19:30:00,1.6942904,-0.3780012
2017-05-25 20:00:00,6.6467724,0.5147154
2017-05-25 20:30:00,4.3135386,1.7394764
2017-05-25 21:00:00,4.179586,2.1165562
2017-05-25 21:30:00,5.304276,3.6526036
2017-05-25 22:00:00,7.3528934,3.0114393
2017-05-25 22:30:00,6.9327602,3.4586189
2017-05-25 23:00:00,3.1118302,2.944934
2017-05-25 23:30:00,4.18263,1.4619324
2017-05-26 00:00:00,2.8445015,1.8435526
2017-05-26 00:30:00,1.506376,1.9523575
2017-05-26 01:00:00,1.7214465,2.593036
2017-05-26 01:30:00,2.4245305,3.1877255
2017-05-26 02:00:00,0.061665084,3.9305093
2017-05-26 02:30:00,-2.3011966,4.170912
2017-05-26 03:00:00,1.3981363,4.0705056
2017-05-26 03:30:00,7.139262,3.4651527
2017-05-26 04:00:00,9.662211,3.8316631
2017-05-26 04:30:00,2.242581,4.2346063
2017-05-26 05:00:00,1.3909469,6.3791003
2017-05-26 05:30:00,3.4100456,6.981168
2017-05-26 06:00:00,2.762306,5.646547
2017-05-26 06:30:00,6.358135,5.701002
2017-05-26 07:00:00,0.30513117,6.879944
2017-05-26 07:30:00,-1.810598,5.5597467
2017-05-26 08:00:00,-3.9263272,4.104135
2017-05-26 08:30:00,-3.638444,1.8333111
2017-05-26 09:00:00,-4.979991,0.17436245
2017-05-26 09:30:00,-8.386899,-2.2221363
2017-05-26 10:00:00,-3.238609,-4.415852
2017-05-26 10:30:00,-5.1209106,-6.169099
2017-05-26 11:00:00,-6.9701886,-7.115464
2017-05-26 11:30:00,-4.2224817,-9.180415
2017-05-26 12:00:00,-3.0238667,-9.9475975
2017-05-26 12:30:00,-4.433803,-10.612526
2017-05-26 13:00:00,-3.728571,-11.740306
2017-05-26 13:30:00,-4.2452292,-11.680776
2017-05-26 14:00:00,-3.8340223,-11.843602
2017-05-26 14:30:00,-3.8020432,-11.992921
2017-05-26 15:00:00,-4.973559,-11.177946
2017-05-26 15:30:00,-3.3020399,-10.861773
2017-05-26 16:00:00,-2.521968,-9.734667
2017-05-26 16:30:00,-1.9061548,-8.94753
2017-05-26 17:00:00,-0.5072966,-7.0874076
2017-05-26 17:30:00,0.3962454,-6.502142
2017-05-26 18:00:00,1.3761952,-6.2661476
2017-05-26 18:30:00,2.3561487,-3.7836516
2017-05-26 19:00:00,1.7423514,-2.1408339
2017-05-26 19:30:00,1.8830488,-1.5573502
2017-05-26 20:00:00,1.0423307,-0.40677375
2017-05-26 20:30:00,1.26057,1.340595
2017-05-26 21:00:00,2.3798306,0.8075688
2017-05-26 21:30:00,1.3263407,2.175533
2017-05-26 22:00:00,0.9145463,3.0440137
2017-05-26 22:30:00,0.5027557,3.3218703
2017-05-26 23:00:00,2.25653,4.842431
2017-05-26 23:30:00,0.8131228,5.2529144
2017-05-27 00:00:00,2.3953586,5.8153157
2017-05-27 00:30:00,1.1409358,5.947189
2017-05-27 01:00:00,2.3365474,5.7103996
2017-05-27 01:30:00,0.88707,5.6549344
2017-05-27 02:00:00,1.3078548,6.4605947
2017-05-27 02:30:00,3.0907183,5.4984565
2017-05-27 03:00:00,2.1165147,5.5864244
2017-05-27 03:30:00,3.175894,5.700331
2017-05-27 04:00:00,2.8363626,6.4518003
2017-05-27 04:30:00,1.7522838,6.691747
2017-05-27 05:00:00,3.0300834,6.7323213
2017-05-27 05:30:00,3.5860493,6.0650067
2017-05-27 06:00:00,2.2966518,6.43871
2017-05-27 06:30:00,-0.33224252,6.552278
2017-05-27 07:00:00,-2.9611368,6.3487754
2017-05-27 07:30:00,-5.725879,4.9406896
2017-05-27 08:00:00,-5.688678,3.6983283
2017-05-27 08:30:00,-4.8320475,1.7045771
2017-05-27 09:00:00,-7.8540053,-0.45214432
2017-05-27 09:30:00,-7.4654107,-2.6439686
2017-05-27 10:00:00,-8.690718,-4.878518
2017-05-27 10:30:00,-7.048488,-6.4513946
2017-05-27 11:00:00,-14.806726,-8.305615
2017-05-27 11:30:00,-18.3257,-9.525388
2017-05-27 12:00:00,2.098285,-10.673726
2017-05-27 12:30:00,-4.0693574,-11.282504
2017-05-27 13:00:00,-1.745385,-12.948635
2017-05-27 13:30:00,-2.1956697,-13.5757
2017-05-27 14:00:00,-2.838375,-13.931998
2017-05-27 14:30:00,-2.327618,-13.488892
2017-05-27 15:00:00,-2.5329592,-13.59449
2017-05-27 15:30:00,-4.1734185,-12.025326
2017-05-27 16:00:00,-0.5978758,-11.468799
2017-05-27 16:30:00,-0.33041504,-9.894785
2017-05-27 17:00:00,0.5342902,-8.08717
2017-05-27 17:30:00,1.3989991,-6.4654794
2017-05-27 18:00:00,1.9529718,-4.449557
2017-05-27 18:30:00,1.2826506,-2.572497
2017-05-27 19:00:00,1.6261648,-1.2661886
2017-05-27 19:30:00,1.4487746,-0.21067904
2017-05-27 20:00:00,4.517305,1.4272215
2017-05-27 20:30:00,7.6969275,2.5094502
2017-05-27 21:00:00,2.3166072,2.7568388
2017-05-27 21:30:00,3.4770634,3.5296948
2017-05-27 22:00:00,4.5702715,3.6431572
2017-05-27 22:30:00,5.2772856,4.235175
2017-05-27 23:00:00,7.272088,4.167931
2017-05-27 23:30:00,9.2668915,4.77654
2017-05-28 00:00:00,5.120156,5.3435082
2017-05-28 00:30:00,3.3833795,5.3144155
2017-05-28 01:00:00,1.6466025,4.8403096
2017-05-28 01:30:00,4.279977,5.0312233
2017-05-28 02:00:00,3.562386,5.445245
2017-05-28 02:30:00,4.7861295,5.373943
2017-05-28 03:00:00,5.693873,5.731915
2017-05-28 03:30:00,4.087503,6.032308
2017-05-28 04:00:00,2.9027624,6.543755
2017-05-28 04:30:00,4.8361464,6.4290943
2017-05-28 05:00:00,6.9579644,6.227687
2017-05-28 05:30:00,3.0894785,6.095543
2017-05-28 06:00:00,2.7332923,6.5636272
2017-05-28 06:30:00,2.5476274,5.5948195
2017-05-28 07:00:00,2.9842455,4.311138
2017-05-28 07:30:00,0.14666758,3.1430144
2017-05-28 08:00:00,-6.072615,0.8584067
2017-05-28 08:30:00,-3.2317703,-0.2287278
2017-05-28 09:00:00,-3.4718978,-2.632785
2017-05-28 09:30:00,-0.30559516,-4.9075623
2017-05-28 10:00:00,1.1202269,-6.5514126
2017-05-28 10:30:00,1.1899463,-7.785699
2017-05-28 11:00:00,-4.0478873,-10.413322
2017-05-28 11:30:00,1.201774,-11.897089
2017-05-28 12:00:00,-3.7078996,-12.59581
2017-05-28 12:30:00,-1.0103785,-12.665284
2017-05-28 13:00:00,-0.9985206,-13.43467
2017-05-28 13:30:00,-1.590015,-13.5554085
2017-05-28 14:00:00,1.1315722,-13.821073
2017-05-28 14:30:00,0.37218666,-13.145842
2017-05-28 15:00:00,0.63161784,-12.20971
2017-05-28 15:30:00,1.1790793,-12.241071
2017-05-28 16:00:00,1.0166442,-11.484869
2017-05-28 16:30:00,0.85421294,-10.495745
2017-05-28 17:00:00,2.774292,-9.172563
2017-05-28 17:30:00,2.4244514,-7.09676
2017-05-28 18:00:00,3.1188538,-5.734987
2017-05-28 18:30:00,4.127715,-3.7152283
2017-05-28 19:00:00,3.1017962,-2.0428581
2017-05-28 19:30:00,2.2742095,-0.91530037
2017-05-28 20:00:00,1.7021015,0.21986869
2017-05-28 20:30:00,1.1299934,2.0068278
2017-05-28 21:00:00,2.850971,2.4557598
2017-05-28 21:30:00,3.2736814,3.27396
2017-05-28 22:00:00,2.7899897,3.4782841
2017-05-28 22:30:00,1.5992914,4.29399
2017-05-28 23:00:00,3.0859969,4.87363
2017-05-28 23:30:00,1.4228733,5.5523353
2017-05-29 00:00:00,1.1420888,5.671186
2017-05-29 00:30:00,2.059825,5.689653
2017-05-29 01:00:00,1.695157,5.3184624
2017-05-29 01:30:00,2.007593,5.2690487
2017-05-29 02:00:00,1.0430542,5.6502547
2017-05-29 02:30:00,3.4255962,6.0707116
2017-05-29 03:00:00,0.40751928,6.2835736
2017-05-29 03:30:00,0.7547036,6.4316564
2017-05-29 04:00:00,0.5953809,6.521388
2017-05-29 04:30:00,0.47093487,6.343643
2017-05-29 05:00:00,0.34648508,6.821088
2017-05-29 05:30:00,1.8142488,6.877638
2017-05-29 06:00:00,4.4797416,6.6000943
2017-05-29 06:30:00,5.1032906,5.5953774
2017-05-29 07:00:00,-2.4972498,5.1837864
2017-05-29 07:30:00,-1.0412762,4.1843147
2017-05-29 08:00:00,-1.7651144,2.5364027
2017-05-29 08:30:00,-2.8962443,1.2210737
2017-05-29 09:00:00,-4.0273743,-1.5387249
2017-05-29 09:30:00,-4.7136226,-2.7292988
2017-05-29 10:00:00,-2.9033809,-4.6159935
2017-05-29 10:30:00,-4.236898,-6.263578
2017-05-29 11:00:00,-2.0457482,-8.488511
2017-05-29 11:30:00,-1.641648,-9.879785
2017-05-29 12:00:00,3.5380788,-10.7754135
2017-05-29 12:30:00,-0.1646792,-12.086183
2017-05-29 13:00:00,0.695934,-12.686671
2017-05-29 13:30:00,-2.753802,-12.775857
2017-05-29 14:00:00,-0.9847372,-13.094186
2017-05-29 14:30:00,-5.366438,-13.102581
2017-05-29 15:00:00,0.15366101,-12.569758
2017-05-29 15:30:00,1.2663465,-11.827667
2017-05-29 16:00:00,4.106377,-11.435851
2017-05-29 16:30:00,2.7611153,-10.8029995
2017-05-29 17:00:00,1.4993526,-9.953618
2017-05-29 17:30:00,0.101896115,-8.060006
2017-05-29 18:00:00,0.086601764,-6.400387
2017-05-29 18:30:00,2.777171,-4.8999205
2017-05-29 19:00:00,3.4527333,-3.475745
2017-05-29 19:30:00,2.542507,-2.0640907
2017-05-29 20:00:00,2.191287,-0.9551772
2017-05-29 20:30:00,2.6970215,0.23736732
2017-05-29 21:00:00,3.0738413,0.79146427
2017-05-29 21:30:00,3.280735,1.8133445
2017-05-29 22:00:00,5.96116,2.7617447
2017-05-29 22:30:00,4.2911077,3.2275684
2017-05-29 23:00:00,3.6257038,3.4948936
2017-05-29 23:30:00,4.9796166,3.3373306
2017-05-30 00:00:00,4.3365607,2.953461
2017-05-30 00:30:00,4.4428563,2.9418554
2017-05-30 01:00:00,4.511468,3.0222797
2017-05-30 01:30:00,3.4664903,3.5697339
2017-05-30 02:00:00,4.27261,3.735398
2017-05-30 02:30:00,3.985567,4.0880985
2017-05-30 03:00:00,4.37507,3.7433486
2017-05-30 03:30:00,4.650715,3.0581212
2017-05-30 04:00:00,5.501863,3.03017
2017-05-30 04:30:00,4.514577,3.1019168
2017-05-30 05:00:00,5.6019564,3.3210037
2017-05-30 05:30:00,5.4969077,3.5081117
2017-05-30 06:00:00,2.79947,3.131032
2017-05-30 06:30:00,0.8822055,2.7210124
2017-05-30 07:00:00,-1.6258601,1.9768157
2017-05-30 07:30:00,-1.024535,1.1310711
2017-05-30 08:00:00,-2.210022,-0.069356106
2017-05-30 08:30:00,-1.5487365,-1.3551136
2017-05-30 09:00:00,-2.5366592,-3.5675979
2017-05-30 09:30:00,-4.2187214,-5.2520823
2017-05-30 10:00:00,-2.591872,-6.9341593
2017-05-30 10:30:00,-4.9405775,-8.526115
2017-05-30 11:00:00,-9.939428,-10.120933
2017-05-30 11:30:00,-6.0489182,-10.504938
2017-05-30 12:00:00,-0.39397004,-11.190268
2017-05-30 12:30:00,-0.25966316,-11.969887
2017-05-30 13:00:00,-1.7938869,-12.430116
2017-05-30 13:30:00,1.006983,-12.550703
2017-05-30 14:00:00,1.9291165,-12.931619
2017-05-30 14:30:00,1.7485498,-12.952501
2017-05-30 15:00:00,2.6160057,-12.09641
2017-05-30 15:30:00,-0.28045127,-10.782949
2017-05-30 16:00:00,3.9925568,-9.673949
2017-05-30 16:30:00,5.5590687,-8.854882
2017-05-30 17:00:00,14.728054,-8.073529
2017-05-30 17:30:00,5.0579915,-6.794664
2017-05-30 18:00:00,4.224617,-4.736905
2017-05-30 18:30:00,4.5785613,-3.6430182
2017-05-30 19:00:00,4.7426543,-2.5918832
2017-05-30 19:30:00,5.0562844,-1.3456861
2017-05-30 20:00:00,2.086657,-0.68134093
2017-05-30 20:30:00,3.0586448,0.3097357
2017-05-30 21:00:00,4.0306325,1.4318035
2017-05-30 21:30:00,2.5906544,2.3289888
2017-05-30 22:00:00,6.742679,3.1385756
2017-05-30 22:30:00,5.444005,3.3007696
2017-05-30 23:00:00,4.145331,3.9306638
2017-05-30 23:30:00,2.532955,3.5642927
2017-05-31 00:00:00,2.2402184,3.6927705
2017-05-31 00:30:00,1.8489484,3.5734415
2017-05-31 01:00:00,2.7814362,4.0365295
2017-05-31 01:30:00,-0.53195447,4.0054812
2017-05-31 02:00:00,1.61153,4.84479
2017-05-31 02:30:00,3.7550142,4.8445225
2017-05-31 03:00:00,5.8984947,5.162554
2017-05-31 03:30:00,-11.811122,4.59889
2017-05-31 04:00:00,-1.762213,4.977522
2017-05-31 04:30:00,2.8199527,4.994523
2017-05-31 05:00:00,5.633592,5.3461084
2017-05-31 05:30:00,7.001892,5.5168443
2017-05-31 06:00:00,6.9634395,5.4047575
2017-05-31 06:30:00,6.924987,4.8872857
2017-05-31 07:00:00,6.886534,4.41902
2017-05-31 07:30:00,6.8480816,2.9513733
2017-05-31 08:00:00,6.8096294,2.0353932
2017-05-31 08:30:00,14.911541,0.4708934
2017-05-31 09:00:00,23.01346,-1.23537
2017-05-31 09:30:00,18.309486,-3.0467346
2017-05-31 10:00:00,13.605512,-4.683426
2017-05-31 10:30:00,8.901542,-6.5054955
2017-05-31 11:00:00,4.3800063,-8.071423
2017-05-31 11:30:00,0.19802931,-9.553765
2017-05-31 12:00:00,1.1757258,-9.9279995
2017-05-31 12:30:00,2.1534185,-9.986558
2017-05-31 13:00:00,2.230508,-10.671582
2017-05-31 13:30:00,-0.47907805,-10.417569
2017-05-31 14:00:00,-3.3706138,-10.020576
2017-05-31 14:30:00,4.134008,-9.956524
2017-05-31 15:00:00,3.4907901,-9.398203
2017-05-31 15:30:00,3.9919991,-9.736795
2017-05-31 16:00:00,2.9916573,-9.022928
2017-05-31 16:30:00,3.3672974,-7.937387
2017-05-31 17:00:00,3.2775812,-5.781096
2017-05-31 17:30:00,5.9954343,-4.048656
2017-05-31 18:00:00,5.1754403,-2.9949434
2017-05-31 18:30:00,6.913958,-1.3006358
2017-05-31 19:00:00,6.565285,-0.534253
2017-05-31 19:30:00,-3.6653664,0.37321532
2017-05-31 20:00:00,-13.896018,1.3896847
2017-05-31 20:30:00,4.868826,2.6582148
2017-05-31 21:00:00,4.979828,2.973552
2017-05-31 21:30:00,5.090826,3.2001562
2017-05-31 22:00:00,6.7441072,3.4956133
2017-05-31 22:30:00,3.8170621,3.7564688
2017-05-31 23:00:00,3.7148662,3.3713708
2017-05-31 23:30:00,3.8117077,3.7501009
2017-06-01 00:00:00,1.8126172,3.8443878
2017-06-01 00:30:00,1.8470079,3.6492236
2017-06-01 01:00:00,1.7486063,3.955359
2017-06-01 01:30:00,1.3807356,4.2611556
2017-06-01 02:00:00,1.3629807,4.8649826
2017-06-01 02:30:00,0.49881816,4.8391905
2017-06-01 03:00:00,-2.4291015,5.894052
2017-06-01 03:30:00,-4.6664624,5.2716975
2017-06-01 04:00:00,0.5447728,4.9165063
2017-06-01 04:30:00,-4.2122664,5.5990887
2017-06-01 05:00:00,3.5049882,6.440489
2017-06-01 05:30:00,3.7017083,7.2486963
2017-06-01 06:00:00,3.8984323,7.336348
2017-06-01 06:30:00,4.0951557,6.6098986
2017-06-01 07:00:00,5.308722,6.288555
2017-06-01 07:30:00,6.5222845,5.735796
2017-06-01 08:00:00,13.608436,4.986143
2017-06-01 08:30:00,10.176711,4.4351134
2017-06-01 09:00:00,6.744985,3.7315621
2017-06-01 09:30:00,2.1660075,1.9595959
2017-06-01 10:00:00,2.5202491,0.20633776
2017-06-01 10:30:00,3.8199635,-1.5681605
2017-06-01 11:00:00,1.1359432,-3.5068612
2017-06-01 11:30:00,1.4986818,-4.695054
2017-06-01 12:00:00,0.76464736,-7.015793
2017-06-01 12:30:00,1.3978348,-8.064671
2017-06-01 13:00:00,3.7899702,-9.231246
2017-06-01 13:30:00,-6.573926,-10.770282
2017-06-01 14:00:00,4.2200804,-10.627572
2017-06-01 14:30:00,3.83681,-10.976396
2017-06-01 15:00:00,3.9930203,-9.899446
2017-06-01 15:30:00,5.9531984,-9.4992075
2017-06-01 16:00:00,3.7523165,-9.16031
2017-06-01 16:30:00,3.064327,-7.9806137
2017-06-01 17:00:00,5.477197,-7.2957635
2017-06-01 17:30:00,4.184484,-5.616302
2017-06-01 18:00:00,6.438258,-4.2767973
2017-06-01 18:30:00,4.6855764,-2.9772186
2017-06-01 19:00:00,5.2553673,-1.220023
2017-06-01 19:30:00,5.662346,-0.4325959
2017-06-01 20:00:00,3.986705,0.20906956
2017-06-01 20:30:00,5.3116274,1.65759
2017-06-01 21:00:00,5.4044485,2.032017
2017-06-01 21:30:00,5.5827694,3.2513747
2017-06-01 22:00:00,5.492337,4.647094
2017-06-01 22:30:00,3.8237653,5.5962286
2017-06-01 23:00:00,4.234866,5.264433
2017-06-01 23:30:00,4.91275,5.211696
2017-06-02 00:00:00,3.9276304,5.506362
2017-06-02 00:30:00,2.8279824,5.224119
2017-06-02 01:00:00,3.7073338,4.7666755
2017-06-02 01:30:00,3.9192731,5.1179104
2017-06-02 02:00:00,2.9769583,5.4926653
2017-06-02 02:30:00,2.7014792,5.59286
2017-06-02 03:00:00,2.7543404,4.8910046
2017-06-02 03:30:00,3.6105263,4.9309754
2017-06-02 04:00:00,4.180769,5.4080505
2017-06-02 04:30:00,3.1334548,5.2821956
2017-06-02 05:00:00,4.3657103,5.8149767
2017-06-02 05:30:00,3.725477,6.344118
2017-06-02 06:00:00,1.9113164,6.845806
2017-06-02 06:30:00,4.412283,6.706623
2017-06-02 07:00:00,2.6186922,6.683917
2017-06-02 07:30:00,0.82509756,5.863641
2017-06-02 08:00:00,-0.96849334,6.15091
2017-06-02 08:30:00,0.4422377,5.4142303
2017-06-02 09:00:00,0.6961374,4.06985
2017-06-02 09:30:00,-0.36910874,2.3880713
2017-06-02 10:00:00,0.099601395,0.6214894
2017-06-02 10:30:00,2.9422133,-0.81717014
2017-06-02 11:00:00,2.779232,-1.8305082
2017-06-02 11:30:00,1.4856821,-3.1335006
2017-06-02 12:00:00,0.45141658,-4.29976
2017-06-02 12:30:00,1.8343511,-5.3475676
2017-06-02 13:00:00,2.7021196,-6.3712826
2017-06-02 13:30:00,3.9945726,-8.388056
2017-06-02 14:00:00,1.3025645,-8.159964
2017-06-02 14:30:00,-0.069401324,-8.307036
2017-06-02 15:00:00,1.5359625,-7.9179215
2017-06-02 15:30:00,-0.37560478,-7.5932364
2017-06-02 16:00:00,3.6117961,-7.184769
2017-06-02 16:30:00,2.7667449,-6.9472604
2017-06-02 17:00:00,3.0216582,-6.203904
2017-06-02 17:30:00,1.2868594,-4.7215466
2017-06-02 18:00:00,1.838835,-3.287435
2017-06-02 18:30:00,2.637344,-1.7743837
2017-06-02 19:00:00,3.4358528,-1.3671788
2017-06-02 19:30:00,4.1116257,-0.6163541
2017-06-02 20:00:00,3.8278537,0.9687303
2017-06-02 20:30:00,4.17546,1.7202897
2017-06-02 21:00:00,5.5657797,2.4976864
2017-06-02 21:30:00,5.872409,3.1422155
2017-06-02 22:00:00,4.837333,3.0059266
2017-06-02 22:30:00,2.6814673,3.70496
2017-06-02 23:00:00,3.5990639,4.163764
2017-06-02 23:30:00,3.80303,3.5177994
2017-06-03 00:00:00,2.7119203,4.0198936
2017-06-03 00:30:00,2.4318516,3.9386332
2017-06-03 01:00:00,2.5341191,3.7445242
2017-06-03 01:30:00,4.15899,4.3341494
2017-06-03 02:00:00,4.365077,4.527113
2017-06-03 02:30:00,4.1780972,4.462277
2017-06-03 03:00:00,4.8294353,4.130104
2017-06-03 03:30:00,2.1635582,4.2318854
2017-06-03 04:00:00,1.8390121,4.675075
2017-06-03 04:30:00,1.4601954,5.215445
2017-06-03 05:00:00,6.7814636,5.2687926
2017-06-03 05:30:00,6.5628324,5.5530586
2017-06-03 06:00:00,4.177291,5.322385
2017-06-03 06:30:00,2.0146089,5.2498884
2017-06-03 07:00:00,1.5703682,5.3773828
2017-06-03 07:30:00,1.1261313,5.3488817
2017-06-03 08:00:00,-1.6080487,4.703855
2017-06-03 08:30:00,-2.5638268,4.089485
2017-06-03 09:00:00,-0.16383138,2.9309132
2017-06-03 09:30:00,-1.3906873,1.6795311
2017-06-03 10:00:00,0.53295255,-0.21501979
2017-06-03 10:30:00,0.8792363,-1.318888
2017-06-03 11:00:00,-3.0092165,-2.8188832
2017-06-03 11:30:00,-0.1077069,-3.7129524
2017-06-03 12:00:00,-0.3801151,-5.1877284
2017-06-03 12:30:00,-0.20475197,-6.1191125
2017-06-03 13:00:00,-1.7673526,-6.5516534
2017-06-03 13:30:00,-0.08469944,-6.817008
2017-06-03 14:00:00,-0.013600884,-6.9539185
2017-06-03 14:30:00,1.1569197,-7.143295
2017-06-03 15:00:00,0.68565863,-6.7782655
2017-06-03 15:30:00,-1.1235695,-6.9809957
2017-06-03 16:00:00,-0.85998976,-6.258378
2017-06-03 16:30:00,-0.18648466,-5.2447724
2017-06-03 17:00:00,0.8036802,-4.241781
2017-06-03 17:30:00,2.6808567,-3.1389077
2017-06-03 18:00:00,2.776097,-1.7162056
2017-06-03 18:30:00,2.8713334,-1.0858178
2017-06-03 19:00:00,3.384265,-0.36855483
2017-06-03 19:30:00,5.050425,0.5007059
2017-06-03 20:00:00,4.3070836,1.8088417
2017-06-03 20:30:00,3.7950418,2.8190637
2017-06-03 21:00:00,2.568687,3.0652652
2017-06-03 21:30:00,2.7135744,3.4227438
2017-06-03 22:00:00,2.3365097,3.7676523
2017-06-03 22:30:00,4.771389,3.8642263
2017-06-03 23:00:00,2.5273068,3.234758
2017-06-03 23:30:00,2.2579467,3.2295053
2017-06-04 00:00:00,1.2448951,3.2871556
2017-06-04 00:30:00,2.613417,3.8733976
2017-06-04 01:00:00,2.0528014,3.7281485
2017-06-04 01:30:00,2.473085,3.8851914
2017-06-04 02:00:00,1.7709204,4.032701
2017-06-04 02:30:00,5.3557167,4.539397
2017-06-04 03:00:00,2.9493198,4.425614
2017-06-04 03:30:00,3.6991348,4.4574385
2017-06-04 04:00:00,3.9383166,4.3602204
2017-06-04 04:30:00,3.9059985,4.4080176
2017-06-04 05:00:00,3.87368,4.7493577
2017-06-04 05:30:00,3.096291,5.3082247
2017-06-04 06:00:00,4.2090664,5.422825
2017-06-04 06:30:00,2.256579,5.436857
2017-06-04 07:00:00,2.9490635,5.1785526
2017-06-04 07:30:00,-0.25564647,4.652109
2017-06-04 08:00:00,-0.7213798,3.3173978
2017-06-04 08:30:00,-1.0012223,2.1080403
2017-06-04 09:00:00,-1.9841224,0.37207738
2017-06-04 09:30:00,-0.048598148,-0.8071811
2017-06-04 10:00:00,-0.04418581,-1.952358
2017-06-04 10:30:00,-0.03977347,-3.2233148
2017-06-04 11:00:00,-0.035361134,-5.013108
2017-06-04 11:30:00,-0.030948795,-5.6946616
2017-06-04 12:00:00,-0.026536457,-6.5031934
2017-06-04 12:30:00,-0.02212412,-7.765246
2017-06-04 13:00:00,-0.017708013,-8.633859
2017-06-04 13:30:00,-0.013295676,-8.528456
2017-06-04 14:00:00,-0.0088833375,-8.143927
2017-06-04 14:30:00,-0.004471,-7.641976
2017-06-04 15:00:00,-5.8661877e-05,-6.906796
2017-06-04 15:30:00,0.0043536765,-6.544419
2017-06-04 16:00:00,0.008769782,-6.067103
2017-06-04 16:30:00,0.01318212,-5.425038
2017-06-04 17:00:00,0.017594459,-4.764295
2017-06-04 17:30:00,0.022006797,-3.2297392
2017-06-04 18:00:00,0.026419135,-1.7893013
2017-06-04 18:30:00,0.030831471,-0.105739996
2017-06-04 19:00:00,0.03524758,1.2321969
2017-06-04 19:30:00,0.039659917,1.8436618
2017-06-04 20:00:00,0.044072255,2.5526052
2017-06-04 20:30:00,0.04848459,3.3395462
2017-06-04 21:00:00,0.052896928,3.5519223
2017-06-04 21:30:00,0.057309266,4.1009774
2017-06-04 22:00:00,0.061725374,4.39547
2017-06-04 22:30:00,0.06613771,4.354429
2017-06-04 23:00:00,0.07055005,3.99582
2017-06-04 23:30:00,0.074962385,4.0302296
2017-06-05 00:00:00,0.07937472,4.6292186
2017-06-05 00:30:00,0.08378706,4.3679523
2017-06-05 01:00:00,0.08820317,4.3269677
2017-06-05 01:30:00,0.09261551,4.1224704
2017-06-05 02:00:00,0.097027846,4.1783195
2017-06-05 02:30:00,0.101440184,4.59973
2017-06-05 03:00:00,0.10585252,4.2066135
2017-06-05 03:30:00,0.11026486,3.9549143
2017-06-05 04:00:00,0.11468097,4.282705
2017-06-05 04:30:00,0.11909331,4.809857
2017-06-05 05:00:00,0.12350564,4.834025
2017-06-05 05:30:00,0.12791798,5.2183275
2017-06-05 06:00:00,0.13233031,5.0527916
2017-06-05 06:30:00,0.13674265,4.735495
2017-06-05 07:00:00,0.14115876,3.9023247
2017-06-05 07:30:00,0.1455711,3.1498382
2017-06-05 08:00:00,0.14998344,2.1368053
2017-06-05 08:30:00,0.15439577,1.3026738
2017-06-05 09:00:00,0.15880811,-0.29199266
2017-06-05 09:30:00,0.16322045,-1.2859555
2017-06-05 10:00:00,0.16763654,-2.2512817
2017-06-05 10:30:00,0.17204888,-3.154074
2017-06-05 11:00:00,0.17646122,-4.6048555
2017-06-05 11:30:00,0.18087356,-5.5317817
2017-06-05 12:00:00,0.1852859,-6.6490755
2017-06-05 12:30:00,0.18969823,-7.0256424
2017-06-05 13:00:00,0.18969823,-7.689532
2017-06-05 13:30:00,0.18969823,-7.917658
2017-06-05 14:00:00,0.18969823,-8.248712
2017-06-05 14:30:00,0.18969823,-8.318454
2017-06-05 15:00:00,0.18969823,-7.845893
2017-06-05 15:30:00,0.18969823,-7.0870724
2017-06-05 16:00:00,0.18969823,-6.137847
2017-06-05 16:30:00,0.18969823,-5.337601
2017-06-05 17:00:00,0.18969823,-3.8445992
2017-06-05 17:30:00,0.18969823,-2.788283
2017-06-05 18:00:00,0.18969823,-1.5158455
2017-06-05 18:30:00,0.18969823,-0.1980336
2017-06-05 19:00:00,0.18969823,0.7921915
2017-06-05 19:30:00,0.18969823,1.6542968
2017-06-05 20:00:00,0.18969823,2.645818
2017-06-05 20:30:00,0.18969823,3.1272378
2017-06-05 21:00:00,0.18969823,3.1414695
2017-06-05 21:30:00,0.18969823,2.8682775
2017-06-05 22:00:00,0.18969823,3.3542264
2017-06-05 22:30:00,0.18969823,3.6521025
2017-06-05 23:00:00,0.18969823,3.646243
2017-06-05 23:30:00,0.18969823,3.604064
2017-06-06 00:00:00,0.18969823,3.3065875
2017-06-06 00:30:00,0.18969823,2.435111
2017-06-06 01:00:00,0.18969823,2.2242532
2017-06-06 01:30:00,0.18969823,2.4680133
2017-06-06 02:00:00,0.18969823,2.5221143
2017-06-06 02:30:00,0.18969823,2.8035808
2017-06-06 03:00:00,0.18969823,2.9680204
2017-06-06 03:30:00,0.18969823,3.1530259
2017-06-06 04:00:00,0.18969823,3.1126518
2017-06-06 04:30:00,0.18969823,3.0519378
2017-06-06 05:00:00,0.18969823,3.2909765
2017-06-06 05:30:00,0.18969823,3.402551
2017-06-06 06:00:00,0.18969823,3.3922079
2017-06-06 06:30:00,0.18969823,3.209761
2017-06-06 07:00:00,0.18969823,2.8874078
2017-06-06 07:30:00,0.18969823,2.4569805
2017-06-06 08:00:00,0.18969823,1.8844317
2017-06-06 08:30:00,0.18969823,1.1432983
2017-06-06 09:00:00,0.18969823,0.4535719
2017-06-06 09:30:00,0.18969823,-0.41938904
2017-06-06 10:00:00,0.18969823,-1.5546975
2017-06-06 10:30:00,0.18969823,-2.7388732
2017-06-06 11:00:00,0.18969823,-3.486548
2017-06-06 11:30:00,0.18969823,-4.540803
2017-06-06 12:00:00,0.18969823,-5.300053
2017-06-06 12:30:00,0.18969823,-6.115563
2017-06-06 13:00:00,0.18969823,-6.3017254
2017-06-06 13:30:00,0.18969823,-7.0133815
2017-06-06 14:00:00,0.18969823,-7.1139083
2017-06-06 14:30:00,0.18969823,-7.4305263
2017-06-06 15:00:00,0.18969823,-6.6051254
2017-06-06 15:30:00,0.18969823,-6.2146616
2017-06-06 16:00:00,0.18969823,-5.1210613
2017-06-06 16:30:00,0.18969823,-4.6575775
2017-06-06 17:00:00,0.18969823,-3.2763798
2017-06-06 17:30:00,0.18969823,-2.5716755
2017-06-06 18:00:00,0.18969823,-1.1201142
2017-06-06 18:30:00,0.18969823,-0.4796847
2017-06-06 19:00:00,0.18969823,0.5627198
2017-06-06 19:30:00,0.18969823,1.0691514
2017-06-06 20:00:00,0.18969823,1.7436137
2017-06-06 20:30:00,0.18969823,1.735
2017-06-06 21:00:00,0.18969823,1.8927703
2017-06-06 21:30:00,0.18969823,1.8324294
2017-06-06 22:00:00,0.18969823,2.347938
2017-06-06 22:30:00,0.18969823,2.3650186
2017-06-06 23:00:00,0.18969823,2.3903208
2017-06-06 23:30:00,0.18969823,2.0121295
2017-06-07 00:00:00,0.18969823,2.1218312
2017-06-07 00:30:00,0.18969823,1.416754
2017-06-07 01:00:00,0.18969823,1.8212836
2017-06-07 01:30:00,0.18969823,1.4935347
2017-06-07 02:00:00,0.18969823,2.1865582
2017-06-07 02:30:00,0.18969823,1.9073638
2017-06-07 03:00:00,0.18969823,1.8320827
2017-06-07 03:30:00,0.18969823,1.6846594
2017-06-07 04:00:00,0.18969823,1.7297323
2017-06-07 04:30:00,0.18969823,1.7415262
2017-06-07 05:00:00,0.18969823,1.903901
2017-06-07 05:30:00,0.18969823,1.93822
2017-06-07 06:00:00,0.18969823,2.5280755
2017-06-07 06:30:00,0.18969823,2.2916706
2017-06-07 07:00:00,0.18969823,2.3805954
2017-06-07 07:30:00,0.18969823,2.0054753
2017-06-07 08:00:00,0.18969823,1.5614266
2017-06-07 08:30:00,0.18969823,0.7110814
2017-06-07 09:00:00,0.18969823,-0.39932063
2017-06-07 09:30:00,0.18969823,-1.3731436
2017-06-07 10:00:00,0.18969823,-1.9879355
2017-06-07 10:30:00,0.18969823,-2.3076737
2017-06-07 11:00:00,0.18969823,-3.2271996
2017-06-07 11:30:00,0.18969823,-3.6993198
2017-06-07 12:00:00,0.18969823,-4.5044303
2017-06-07 12:30:00,0.18969823,-4.7914624
2017-06-07 13:00:00,0.18969823,-5.330589
2017-06-07 13:30:00,0.18969823,-5.073279
2017-06-07 14:00:00,0.18969823,-5.2693133
2017-06-07 14:30:00,0.18969823,-5.9246907
2017-06-07 15:00:00,0.18969823,-5.222801
2017-06-07 15:30:00,0.18969823,-5.3319154
2017-06-07 16:00:00,0.18969823,-4.4669914
2017-06-07 16:30:00,0.18969823,-4.3509746
2017-06-07 17:00:00,0.18969823,-3.7960258
2017-06-07 17:30:00,0.18969823,-3.0874405
2017-06-07 18:00:00,0.18969823,-2.263991
2017-06-07 18:30:00,0.18969823,-1.5955201
2017-06-07 19:00:00,0.18969823,-1.3651252
2017-06-07 19:30:00,0.18969823,-0.9661421
2017-06-07 20:00:00,0.18969823,0.2687473
2017-06-07 20:30:00,0.18969823,-0.22733364
2017-06-07 21:00:00,0.18969823,0.064732246
2017-06-07 21:30:00,0.18969823,0.39161828
2017-06-07 22:00:00,0.18969823,0.6070241
2017-06-07 22:30:00,0.18969823,0.83258456
2017-06-07 23:00:00,0.18969823,0.697607
2017-06-07 23:30:00,0.18969823,0.6344589
2017-06-08 00:00:00,0.18969823,0.5401532
2017-06-08 00:30:00,0.18969823,0.5594944
2017-06-08 01:00:00,0.18969823,0.7063073
2017-06-08 01:30:00,0.18969823,0.8019507
2017-06-08 02:00:00,0.18969823,0.9753921
2017-06-08 02:30:00,0.18969823,1.0303522
2017-06-08 03:00:00,0.18969823,1.0337133
2017-06-08 03:30:00,0.18969823,0.8205533
2017-06-08 04:00:00,0.18969823,0.95159334
2017-06-08 04:30:00,0.18969823,0.8155758
2017-06-08 05:00:00,0.18969823,1.1727152
2017-06-08 05:30:00,0.18969823,1.4807725
2017-06-08 06:00:00,0.18969823,1.9798038
2017-06-08 06:30:00,0.18969823,1.6286819
2017-06-08 07:00:00,0.18969823,1.772552
2017-06-08 07:30:00,0.18969823,1.7825297
2017-06-08 08:00:00,0.18969823,1.2911173
2017-06-08 08:30:00,0.18969823,0.79293007
2017-06-08 09:00:00,0.18969823,-0.10274443
2017-06-08 09:30:00,0.18969823,-0.90658873
2017-06-08 10:00:00,0.18969823,-2.1392663
2017-06-08 10:30:00,0.18969823,-2.8817148
2017-06-08 11:00:00,0.18969823,-3.2695408
2017-06-08 11:30:00,0.18969823,-3.6516018
2017-06-08 12:00:00,0.18969823,-4.448509
2017-06-08 12:30:00,0.18969823,-5.2183323
2017-06-08 13:00:00,0.18969823,-5.453388
2017-06-08 13:30:00,0.18969823,-5.509456
2017-06-08 14:00:00,0.18969823,-5.425822
2017-06-08 14:30:00,0.18969823,-5.1429496
2017-06-08 15:00:00,0.18969823,-4.61047
2017-06-08 15:30:00,0.18969823,-3.981382
2017-06-08 16:00:00,0.18969823,-3.7917001
2017-06-08 16:30:00,0.18969823,-3.2927742
2017-06-08 17:00:00,0.18969823,-2.284282
2017-06-08 17:30:00,0.18969823,-1.5845251
2017-06-08 18:00:00,0.18969823,-0.7331435
2017-06-08 18:30:00,0.18969823,0.092370585
2017-06-08 19:00:00,0.18969823,0.92199564
2017-06-08 19:30:00,0.18969823,1.4208461
2017-06-08 20:00:00,0.18969823,1.8678863
2017-06-08 20:30:00,0.18969823,1.7245777
2017-06-08 21:00:00,0.18969823,1.759266
2017-06-08 21:30:00,0.18969823,2.435454
2017-06-08 22:00:00,0.18969823,2.8143384
2017-06-08 22:30:00,0.18969823,2.9173634
2017-06-08 23:00:00,0.18969823,2.8720193
2017-06-08 23:30:00,0.18969823,2.732079
2017-06-09 00:00:00,0.18969823,2.737795
2017-06-09 00:30:00,0.18969823,2.6012726
2017-06-09 01:00:00,0.18969823,2.3835874
2017-06-09 01:30:00,0.18969823,2.4267612
2017-06-09 02:00:00,0.18969823,2.7299125
2017-06-09 02:30:00,0.18969823,2.6798544
2017-06-09 03:00:00,0.18969823,2.5358262
2017-06-09 03:30:00,0.18969823,2.2825217
2017-06-09 04:00:00,0.18969823,2.1333425
2017-06-09 04:30:00,0.18969823,2.1671228
2017-06-09 05:00:00,0.18969823,2.256402
2017-06-09 05:30:00,0.18969823,2.4476886
2017-06-09 06:00:00,0.18969823,2.9103398
2017-06-09 06:30:00,0.18969823,2.6308515
2017-06-09 07:00:00,0.18969823,2.7525659
2017-06-09 07:30:00,0.18969823,2.8722303
2017-06-09 08:00:00,0.18969823,2.1769724
2017-06-09 08:30:00,0.18969823,1.1254267
2017-06-09 09:00:00,0.18969823,0.5558469
2017-06-09 09:30:00,0.18969823,-0.93791974
2017-06-09 10:00:00,0.18969823,-1.900789
2017-06-09 10:30:00,0.18969823,-3.0961974
2017-06-09 11:00:00,0.18969823,-3.766933
2017-06-09 11:30:00,0.18969823,-5.23666
2017-06-09 12:00:00,0.18969823,-6.101674
2017-06-09 12:30:00,0.18969823,-6.000224
2017-06-09 13:00:00,0.18969823,-6.4312243
2017-06-09 13:30:00,0.18969823,-5.913605
2017-06-09 14:00:00,0.18969823,-5.7820377
2017-06-09 14:30:00,0.18969823,-5.197352
2017-06-09 15:00:00,0.18969823,-5.1311593
2017-06-09 15:30:00,0.18969823,-5.0027947
2017-06-09 16:00:00,0.18969823,-5.156522
2017-06-09 16:30:00,0.18969823,-4.0865393
2017-06-09 17:00:00,0.18969823,-3.530724
2017-06-09 17:30:00,0.18969823,-2.7849522
2017-06-09 18:00:00,0.18969823,-1.7598015
2017-06-09 18:30:00,0.18969823,-0.14170942
2017-06-09 19:00:00,0.18969823,-0.021253709
2017-06-09 19:30:00,0.18969823,0.8832718
2017-06-09 20:00:00,0.18969823,1.5325035
2017-06-09 20:30:00,0.18969823,2.0822897
2017-06-09 21:00:00,0.18969823,2.055582
2017-06-09 21:30:00,0.18969823,2.154545
2017-06-09 22:00:00,0.18969823,2.5287611
2017-06-09 22:30:00,0.18969823,2.6240351
2017-06-09 23:00:00,0.18969823,1.9259552
2017-06-09 23:30:00,0.18969823,1.6658194
2017-06-10 00:00:00,0.18969823,1.994872
2017-06-10 00:30:00,0.18969823,1.7930726
2017-06-10 01:00:00,0.18969823,1.8658177
2017-06-10 01:30:00,0.18969823,2.1327698
2017-06-10 02:00:00,0.18969823,2.6868517
2017-06-10 02:30:00,0.18969823,2.4569204
2017-06-10 03:00:00,0.18969823,2.5289307
2017-06-10 03:30:00,0.18969823,2.543547
2017-06-10 04:00:00,0.18969823,3.0709963
2017-06-10 04:30:00,0.18969823,2.7704413
2017-06-10 05:00:00,0.18969823,3.4506721
2017-06-10 05:30:00,0.18969823,3.8041039
2017-06-10 06:00:00,0.18969823,3.81375
2017-06-10 06:30:00,0.18969823,3.5489945
2017-06-10 07:00:00,0.18969823,3.087033
2017-06-10 07:30:00,0.18969823,2.8997893
2017-06-10 08:00:00,0.18969823,2.0424469
2017-06-10 08:30:00,0.18969823,1.6596925
2017-06-10 09:00:00,0.18969823,-0.40650246
2017-06-10 09:30:00,0.18969823,-1.4370301
2017-06-10 10:00:00,0.18969823,-2.9251184
2017-06-10 10:30:00,0.18969823,-3.6991765
2017-06-10 11:00:00,0.18969823,-4.3042326
2017-06-10 11:30:00,0.18969823,-5.265214
2017-06-10 12:00:00,0.18969823,-6.2142925
2017-06-10 12:30:00,0.18969823,-6.870544
2017-06-10 13:00:00,0.18969823,-7.829193
2017-06-10 13:30:00,0.18969823,-8.204806
2017-06-10 14:00:00,0.18969823,-8.284259
2017-06-10 14:30:00,0.18969823,-8.111823
2017-06-10 15:00:00,0.18969823,-8.59134
2017-06-10 15:30:00,0.18969823,-8.43542
2017-06-10 16:00:00,0.18969823,-7.637428
2017-06-10 16:30:00,0.18969823,-7.1579976
2017-06-10 17:00:00,0.18969823,-5.9526005
2017-06-10 17:30:00,0.18969823,-5.131668
2017-06-10 18:00:00,0.18969823,-3.5482001
2017-06-10 18:30:00,0.18969823,-2.894458
2017-06-10 19:00:00,0.18969823,-1.4114039
2017-06-10 19:30:00,0.18969823,-0.28935507
2017-06-10 20:00:00,0.18969823,0.657553
2017-06-10 20:30:00,0.18969823,0.9703505
2017-06-10 21:00:00,0.18969823,0.8357196
2017-06-10 21:30:00,0.18969823,1.7813541
2017-06-10 22:00:00,0.18969823,2.1155047
2017-06-10 22:30:00,0.18969823,2.3282654
2017-06-10 23:00:00,0.18969823,2.5351744
2017-06-10 23:30:00,0.18969823,2.6152747
2017-06-11 00:00:00,0.18969823,2.084935
2017-06-11 00:30:00,0.18969823,1.3684783
2017-06-11 01:00:00,0.18969823,1.7139821
2017-06-11 01:30:00,0.18969823,2.1341453
2017-06-11 02:00:00,0.18969823,2.1137
2017-06-11 02:30:00,0.18969823,2.0420964
2017-06-11 03:00:00,0.18969823,2.426132
2017-06-11 03:30:00,0.18969823,2.4191911
2017-06-11 04:00:00,0.18969823,2.925977
2017-06-11 04:30:00,0.18969823,3.0270653
2017-06-11 05:00:00,0.18969823,3.3848903
2017-06-11 05:30:00,0.18969823,3.446908
2017-06-11 06:00:00,0.18969823,3.800189
2017-06-11 06:30:00,0.18969823,3.308656
2017-06-11 07:00:00,0.18969823,2.9681034
2017-06-11 07:30:00,0.18969823,2.6368654
2017-06-11 08:00:00,0.18969823,1.8464124
2017-06-11 08:30:00,0.18969823,1.5827649
2017-06-11 09:00:00,0.18969823,0.20408827
2017-06-11 09:30:00,0.18969823,-0.8705176
2017-06-11 10:00:00,0.18969823,-2.5106037
2017-06-11 10:30:00,0.18969823,-3.6260583
2017-06-11 11:00:00,0.18969823,-5.32144
2017-06-11 11:30:00,0.18969823,-5.9374795
2017-06-11 12:00:00,0.18969823,-6.6020956
2017-06-11 12:30:00,0.18969823,-7.8637986
2017-06-11 13:00:00,0.18969823,-8.152533
2017-06-11 13:30:00,0.18969823,-8.034228
2017-06-11 14:00:00,0.18969823,-8.721325
2017-06-11 14:30:00,0.18969823,-8.340986
2017-06-11 15:00:00,0.18969823,-8.34368
2017-06-11 15:30:00,0.18969823,-8.046053
2017-06-11 16:00:00,0.18969823,-7.904564
2017-06-11 16:30:00,0.18969823,-8.031874
2017-06-11 17:00:00,0.18969823,-7.3004584
2017-06-11 17:30:00,0.18969823,-6.5573053
2017-06-11 18:00:00,0.18969823,-5.265689
2017-06-11 18:30:00,0.18969823,-4.226265
2017-06-11 19:00:00,0.18969823,-3.3807008
2017-06-11 19:30:00,0.18969823,-2.5648553
2017-06-11 20:00:00,0.18969823,-1.1376204
2017-06-11 20:30:00,0.18969823,-0.46756303
2017-06-11 21:00:00,0.18969823,-0.5735156
2017-06-11 21:30:00,0.18969823,-0.015428368
2017-06-11 22:00:00,0.18969823,0.70706093
2017-06-11 22:30:00,0.18969823,1.1979232
2017-06-11 23:00:00,0.18969823,1.365769
2017-06-11 23:30:00,0.18969823,0.78643024
2017-06-12 00:00:00,0.18969823,0.938556
2017-06-12 00:30:00,0.18969823,0.71704614
2017-06-12 01:00:00,0.18969823,0.66705596
2017-06-12 01:30:00,0.18969823,0.9373503
2017-06-12 02:00:00,0.18969823,1.4728258
2017-06-12 02:30:00,0.18969823,1.3871526
2017-06-12 03:00:00,0.18969823,1.773121
2017-06-12 03:30:00,0.18969823,1.7649971
2017-06-12 04:00:00,0.18969823,1.7613497
2017-06-12 04:30:00,0.18969823,2.1145139
2017-06-12 05:00:00,0.18969823,2.4364676
2017-06-12 05:30:00,0.18969823,2.3806634
2017-06-12 06:00:00,0.18969823,2.507276
2017-06-12 06:30:00,0.18969823,2.485459
2017-06-12 07:00:00,0.18969823,2.7995718
2017-06-12 07:30:00,0.18969823,2.586276
2017-06-12 08:00:00,0.18969823,1.6310407
2017-06-12 08:30:00,0.18969823,1.7912865
2017-06-12 09:00:00,0.18969823,0.74672294
2017-06-12 09:30:00,0.18969823,-0.619003
2017-06-12 10:00:00,0.18969823,-1.2621682
2017-06-12 10:30:00,0.18969823,-2.7519107
2017-06-12 11:00:00,0.18969823,-4.739456
2017-06-12 11:30:00,0.18969823,-5.728099
2017-06-12 12:00:00,0.18969823,-6.618566
2017-06-12 12:30:00,0.18969823,-7.038152
2017-06-12 13:00:00,0.18969823,-7.361621
2017-06-12 13:30:00,0.18969823,-7.789546
2017-06-12 14:00:00,0.18969823,-7.8742094
2017-06-12 14:30:00,0.18969823,-7.8071012
2017-06-12 15:00:00,0.18969823,-7.0519733
2017-06-12 15:30:00,0.18969823,-6.8443336
2017-06-12 16:00:00,0.18969823,-5.831116
2017-06-12 16:30:00,0.18969823,-4.8919473
2017-06-12 17:00:00,0.18969823,-4.0616517
2017-06-12 17:30:00,0.18969823,-3.0538902
2017-06-12 18:00:00,0.18969823,-1.8387036
2017-06-12 18:30:00,0.18969823,-0.47569814
2017-06-12 19:00:00,0.18969823,0.21414885
2017-06-12 19:30:00,0.18969823,0.39929372
2017-06-12 20:00:00,0.18969823,1.280371
2017-06-12 20:30:00,0.18969823,1.1207619
2017-06-12 21:00:00,0.18969823,1.0669509
2017-06-12 21:30:00,0.18969823,1.3569934
2017-06-12 22:00:00,0.18969823,0.8601438
2017-06-12 22:30:00,0.18969823,1.0886585
2017-06-12 23:00:00,0.18969823,1.2582754
2017-06-12 23:30:00,0.18969823,1.5426959
2017-06-13 00:00:00,0.18969823,0.81811917
2017-06-13 00:30:00,0.18969823,1.049588
2017-06-13 01:00:00,0.18969823,1.1411958
2017-06-13 01:30:00,0.18969823,1.3149348
2017-06-13 02:00:00,0.18969823,1.7804459
2017-06-13 02:30:00,0.18969823,1.7384628
2017-06-13 03:00:00,0.18969823,1.5342556
2017-06-13 03:30:00,0.18969823,1.4364381
2017-06-13 04:00:00,0.18969823,1.8931584
2017-06-13 04:30:00,0.18969823,1.6752093
2017-06-13 05:00:00,0.18969823,1.9063766
2017-06-13 05:30:00,0.18969823,2.4212072
2017-06-13 06:00:00,0.18969823,2.5895693
2017-06-13 06:30:00,0.18969823,2.1477778
2017-06-13 07:00:00,0.18969823,2.23558
2017-06-13 07:30:00,0.18969823,1.6662188
2017-06-13 08:00:00,0.18969823,0.855999
2017-06-13 08:30:00,0.18969823,0.80494624
2017-06-13 09:00:00,0.18969823,0.01935035
2017-06-13 09:30:00,0.18969823,-0.69224554
2017-06-13 10:00:00,0.18969823,-1.9212607
2017-06-13 10:30:00,0.18969823,-1.7748321
2017-06-13 11:00:00,0.18969823,-2.6948628
2017-06-13 11:30:00,0.18969823,-3.6259568
2017-06-13 12:00:00,0.18969823,-4.140162
2017-06-13 12:30:00,0.18969823,-4.0097475
2017-06-13 13:00:00,0.18969823,-4.37515
2017-06-13 13:30:00,0.18969823,-4.041101
2017-06-13 14:00:00,0.18969823,-3.2011967
2017-06-13 14:30:00,0.18969823,-3.530758
2017-06-13 15:00:00,0.18969823,-3.2598457
2017-06-13 15:30:00,0.18969823,-3.7370753
2017-06-13 16:00:00,0.18969823,-2.840406
2017-06-13 16:30:00,0.18969823,-2.329302
2017-06-13 17:00:00,0.18969823,-1.6516634
2017-06-13 17:30:00,0.18969823,-0.54707175
2017-06-13 18:00:00,0.18969823,-0.0017429616
2017-06-13 18:30:00,0.18969823,0.48137602
2017-06-13 19:00:00,0.18969823,1.1479555
2017-06-13 19:30:00,0.18969823,1.7430183
2017-06-13 20:00:00,0.18969823,2.9240139
2017-06-13 20:30:00,0.18969823,2.9885185
2017-06-13 21:00:00,0.18969823,3.0644588
2017-06-13 21:30:00,0.18969823,3.580175
2017-06-13 22:00:00,0.18969823,3.640045
2017-06-13 22:30:00,0.18969823,3.5871532
2017-06-13 23:00:00,0.18969823,4.0878873
2017-06-13 23:30:00,0.18969823,3.5505018
2017-06-14 00:00:00,0.18969823,3.748115
2017-06-14 00:30:00,0.18969823,3.7946913
2017-06-14 01:00:00,0.18969823,3.513549
2017-06-14 01:30:00,0.18969823,3.2888777
2017-06-14 02:00:00,0.18969823,3.5535011
2017-06-14 02:30:00,0.18969823,3.533463
2017-06-14 03:00:00,0.18969823,3.7373877
2017-06-14 03:30:00,0.18969823,3.662924
2017-06-14 04:00:00,0.18969823,3.7558734
2017-06-14 04:30:00,0.18969823,3.9540515
2017-06-14 05:00:00,0.18969823,4.2180343
2017-06-14 05:30:00,0.18969823,4.0867834
2017-06-14 06:00:00,0.18969823,4.5890026
2017-06-14 06:30:00,0.18969823,4.123638
2017-06-14 07:00:00,0.18969823,4.1512804
2017-06-14 07:30:00,0.18969823,3.6116867
2017-06-14 08:00:00,0.18969823,3.0133271
2017-06-14 08:30:00,0.18969823,2.4174128
2017-06-14 09:00:00,0.18969823,1.2070794
2017-06-14 09:30:00,0.18969823,0.64617366
2017-06-14 10:00:00,0.18969823,-0.7725644
2017-06-14 10:30:00,0.18969823,-1.1477827
2017-06-14 11:00:00,0.18969823,-2.4006643
2017-06-14 11:30:00,0.18969823,-3.0926592
2017-06-14 12:00:00,0.18969823,-3.1855407
2017-06-14 12:30:00,0.18969823,-4.047028
2017-06-14 13:00:00,0.18969823,-3.8141952
2017-06-14 13:30:00,0.18969823,-3.9343908
2017-06-14 14:00:00,0.18969823,-3.6790178
2017-06-14 14:30:00,0.18969823,-4.377166
2017-06-14 15:00:00,0.18969823,-3.882283
2017-06-14 15:30:00,0.18969823,-3.7040448
2017-06-14 16:00:00,0.18969823,-3.157616
2017-06-14 16:30:00,0.18969823,-3.039651
2017-06-14 17:00:00,0.18969823,-1.9836287
2017-06-14 17:30:00,0.18969823,-1.2796065
2017-06-14 18:00:00,0.18969823,-0.12019408
2017-06-14 18:30:00,0.18969823,0.9818957
2017-06-14 19:00:00,0.18969823,1.6690447
2017-06-14 19:30:00,0.18969823,2.038532
2017-06-14 20:00:00,0.18969823,3.126337
2017-06-14 20:30:00,0.18969823,3.4784951
2017-06-14 21:00:00,0.18969823,3.8640304
2017-06-14 21:30:00,0.18969823,4.199319
2017-06-14 22:00:00,0.18969823,4.3690224
2017-06-14 22:30:00,0.18969823,4.3719125
2017-06-14 23:00:00,0.18969823,4.034551
2017-06-14 23:30:00,0.18969823,3.668403
2017-06-15 00:00:00,0.18969823,4.097368
2017-06-15 00:30:00,0.18969823,4.0287447
2017-06-15 01:00:00,0.18969823,4.015802
2017-06-15 01:30:00,0.18969823,4.0874615
2017-06-15 02:00:00,0.18969823,4.4532523
2017-06-15 02:30:00,0.18969823,4.816658
2017-06-15 03:00:00,0.18969823,4.2050424
2017-06-15 03:30:00,0.18969823,3.7164788
2017-06-15 04:00:00,0.18969823,4.077431
2017-06-15 04:30:00,0.18969823,4.3410788
2017-06-15 05:00:00,0.18969823,4.575313
2017-06-15 05:30:00,0.18969823,4.9312015
2017-06-15 06:00:00,0.18969823,4.636321
2017-06-15 06:30:00,0.18969823,4.496464
2017-06-15 07:00:00,0.18969823,4.520255
2017-06-15 07:30:00,0.18969823,4.186285
2017-06-15 08:00:00,0.18969823,4.108766
2017-06-15 08:30:00,0.18969823,3.4684875
2017-06-15 09:00:00,0.18969823,2.2945569
2017-06-15 09:30:00,0.18969823,1.1483248
2017-06-15 10:00:00,0.18969823,0.7128448
2017-06-15 10:30:00,0.18969823,-0.6910172
2017-06-15 11:00:00,0.18969823,-1.8042113
2017-06-15 11:30:00,0.18969823,-2.5695202
2017-06-15 12:00:00,0.18969823,-2.8571322
2017-06-15 12:30:00,0.18969823,-4.0125585
2017-06-15 13:00:00,0.18969823,-4.287084
2017-06-15 13:30:00,0.18969823,-4.149209
2017-06-15 14:00:00,0.18969823,-3.8270667
2017-06-15 14:30:00,0.18969823,-3.8110337
2017-06-15 15:00:00,0.18969823,-4.178019
2017-06-15 15:30:00,0.18969823,-4.3216367
2017-06-15 16:00:00,0.18969823,-4.071019
2017-06-15 16:30:00,0.18969823,-3.5407922
2017-06-15 17:00:00,0.18969823,-2.709709
2017-06-15 17:30:00,0.18969823,-1.6683142
2017-06-15 18:00:00,0.18969823,-0.33391553
2017-06-15 18:30:00,0.18969823,0.7787209
2017-06-15 19:00:00,0.18969823,1.6210705
2017-06-15 19:30:00,0.18969823,2.175175
2017-06-15 20:00:00,0.18969823,2.6480486
2017-06-15 20:30:00,0.18969823,3.5042157
2017-06-15 21:00:00,0.18969823,3.5501025
2017-06-15 21:30:00,0.18969823,4.275252
2017-06-15 22:00:00,0.18969823,4.137934
2017-06-15 22:30:00,0.18969823,4.7027926
2017-06-15 23:00:00,0.18969823,4.9674234
2017-06-15 23:30:00,0.18969823,4.4357686
2017-06-16 00:00:00,0.18969823,4.7303405
2017-06-16 00:30:00,0.18969823,4.4391637
2017-06-16 01:00:00,0.18969823,4.5939083
2017-06-16 01:30:00,0.18969823,4.5476637
2017-06-16 02:00:00,0.18969823,4.6296215
2017-06-16 02:30:00,0.18969823,4.3760724
2017-06-16 03:00:00,0.18969823,4.759301
2017-06-16 03:30:00,0.18969823,4.532162
2017-06-16 04:00:00,0.18969823,4.5075192
2017-06-16 04:30:00,0.18969823,4.4497747
2017-06-16 05:00:00,0.18969823,5.0660324
2017-06-16 05:30:00,0.18969823,5.1382914
2017-06-16 06:00:00,0.18969823,5.4381685
2017-06-16 06:30:00,0.18969823,5.033149
2017-06-16 07:00:00,0.18969823,5.1351676
2017-06-16 07:30:00,0.18969823,5.1256084
2017-06-16 08:00:00,0.18969823,3.88931
2017-06-16 08:30:00,0.18969823,3.2764847
2017-06-16 09:00:00,0.18969823,1.6346315
2017-06-16 09:30:00,0.18969823,0.44801405
2017-06-16 10:00:00,0.18969823,-0.8351812
2017-06-16 10:30:00,0.18969823,-2.2895195
2017-06-16 11:00:00,0.18969823,-3.9373486
2017-06-16 11:30:00,0.18969823,-4.009393
2017-06-16 12:00:00,0.18969823,-5.188437
2017-06-16 12:30:00,0.18969823,-5.74383
2017-06-16 13:00:00,0.18969823,-6.6515737
2017-06-16 13:30:00,0.18969823,-6.832193
2017-06-16 14:00:00,0.18969823,-7.020944
2017-06-16 14:30:00,0.18969823,-6.5275083
2017-06-16 15:00:00,0.18969823,-5.7548704
2017-06-16 15:30:00,0.18969823,-5.76709
2017-06-16 16:00:00,0.18969823,-4.952477
2017-06-16 16:30:00,0.18969823,-4.634212
2017-06-16 17:00:00,0.18969823,-3.88402
2017-06-16 17:30:00,0.18969823,-2.7455275
2017-06-16 18:00:00,0.18969823,-1.2382677
2017-06-16 18:30:00,0.18969823,0.20458187
2017-06-16 19:00:00,0.18969823,0.8763425
2017-06-16 19:30:00,0.18969823,1.6830655
2017-06-16 20:00:00,0.18969823,2.470342
2017-06-16 20:30:00,0.18969823,2.8302772
2017-06-16 21:00:00,0.18969823,3.24674
2017-06-16 21:30:00,0.18969823,3.1719754
2017-06-16 22:00:00,0.18969823,3.7327642
2017-06-16 22:30:00,0.18969823,3.6640093
2017-06-16 23:00:00,0.18969823,3.598868
2017-06-16 23:30:00,0.18969823,3.5468922
2017-06-17 00:00:00,0.18969823,3.6700156
2017-06-17 00:30:00,0.18969823,3.5530264
2017-06-17 01:00:00,0.18969823,3.4415424
2017-06-17 01:30:00,0.18969823,3.5740933
2017-06-17 02:00:00,0.18969823,4.0454936
2017-06-17 02:30:00,0.18969823,3.858107
2017-06-17 03:00:00,0.18969823,4.5281944
2017-06-17 03:30:00,0.18969823,4.078362
2017-06-17 04:00:00,0.18969823,4.089357
2017-06-17 04:30:00,0.18969823,3.9781818
2017-06-17 05:00:00,0.18969823,4.64313
2017-06-17 05:30:00,0.18969823,5.2038136
2017-06-17 06:00:00,0.18969823,5.0584435
2017-06-17 06:30:00,0.18969823,4.475367
2017-06-17 07:00:00,0.18969823,4.323452
2017-06-17 07:30:00,0.18969823,3.672461
2017-06-17 08:00:00,0.18969823,2.4130683
2017-06-17 08:30:00,0.18969823,2.1252074
2017-06-17 09:00:00,0.18969823,1.2235155
2017-06-17 09:30:00,0.18969823,-1.0872346
2017-06-17 10:00:00,0.18969823,-2.0408611
2017-06-17 10:30:00,0.18969823,-3.6336887
2017-06-17 11:00:00,0.18969823,-5.0867424
2017-06-17 11:30:00,0.18969823,-6.046028
2017-06-17 12:00:00,0.18969823,-6.9012985
2017-06-17 12:30:00,0.18969823,-6.9917793
2017-06-17 13:00:00,0.18969823,-7.9992466
2017-06-17 13:30:00,0.18969823,-8.267812
2017-06-17 14:00:00,0.18969823,-7.9089837
2017-06-17 14:30:00,0.18969823,-7.9330764
2017-06-17 15:00:00,0.18969823,-7.8796167
2017-06-17 15:30:00,0.18969823,-8.00798
2017-06-17 16:00:00,0.18969823,-7.227823
2017-06-17 16:30:00,0.18969823,-6.202144
2017-06-17 17:00:00,0.18969823,-4.941135
2017-06-17 17:30:00,0.18969823,-3.81077
2017-06-17 18:00:00,0.18969823,-2.7399247
2017-06-17 18:30:00,0.18969823,-1.3018792
2017-06-17 19:00:00,0.18969823,-0.27692062
2017-06-17 19:30:00,0.18969823,0.18008228
2017-06-17 20:00:00,0.18969823,0.9068294
2017-06-17 20:30:00,0.18969823,1.5387998
2017-06-17 21:00:00,0.18969823,1.8174101
2017-06-17 21:30:00,0.18969823,2.5779562
2017-06-17 22:00:00,0.18969823,3.1618166
2017-06-17 22:30:00,0.18969823,3.3725953
2017-06-17 23:00:00,0.18969823,3.3649726
2017-06-17 23:30:00,0.18969823,2.9318438
2017-06-18 00:00:00,0.18969823,3.1473851
2017-06-18 00:30:00,0.18969823,3.1676495
2017-06-18 01:00:00,0.18969823,3.122426
2017-06-18 01:30:00,0.18969823,3.149955
2017-06-18 02:00:00,0.18969823,3.8611064
2017-06-18 02:30:00,0.18969823,3.842545
2017-06-18 03:00:00,0.18969823,3.4842265
2017-06-18 03:30:00,0.18969823,3.442243
2017-06-18 04:00:00,0.18969823,3.7342374
2017-06-18 04:30:00,0.18969823,3.2848082
2017-06-18 05:00:00,0.18969823,3.9194992
2017-06-18 05:30:00,0.18969823,4.347786
2017-06-18 06:00:00,0.18969823,4.447329
2017-06-18 06:30:00,0.18969823,4.1823063
2017-06-18 07:00:00,0.18969823,3.739573
2017-06-18 07:30:00,0.18969823,2.860033
2017-06-18 08:00:00,0.18969823,2.2137141
2017-06-18 08:30:00,0.18969823,1.3314538
2017-06-18 09:00:00,0.18969823,-0.22091295
2017-06-18 09:30:00,0.18969823,-1.694174
2017-06-18 10:00:00,0.18969823,-3.5186589
2017-06-18 10:30:00,0.18969823,-5.0532823
2017-06-18 11:00:00,0.18969823,-6.6671844
2017-06-18 11:30:00,0.18969823,-7.3535876
2017-06-18 12:00:00,0.18969823,-8.744879
2017-06-18 12:30:00,0.18969823,-9.153945
2017-06-18 13:00:00,0.18969823,-9.678391
2017-06-18 13:30:00,0.18969823,-9.998752
2017-06-18 14:00:00,0.18969823,-10.080649
2017-06-18 14:30:00,0.18969823,-10.049465
2017-06-18 15:00:00,0.18969823,-9.834383
2017-06-18 15:30:00,0.18969823,-9.289575
2017-06-18 16:00:00,0.18969823,-8.57542
2017-06-18 16:30:00,0.18969823,-7.526275
2017-06-18 17:00:00,0.18969823,-6.3508525
2017-06-18 17:30:00,0.18969823,-5.362779
2017-06-18 18:00:00,0.18969823,-3.4370966
2017-06-18 18:30:00,0.18969823,-2.1595457
2017-06-18 19:00:00,0.18969823,-1.169543
2017-06-18 19:30:00,0.18969823,-0.29312307
2017-06-18 20:00:00,0.18969823,0.6948375
2017-06-18 20:30:00,0.18969823,1.484906
2017-06-18 21:00:00,0.18969823,1.5693357
2017-06-18 21:30:00,0.18969823,1.8801588
2017-06-18 22:00:00,0.18969823,2.4127479
2017-06-18 22:30:00,0.18969823,2.8022056
2017-06-18 23:00:00,0.18969823,2.7879813
2017-06-18 23:30:00,0.18969823,2.865527
2017-06-19 00:00:00,0.18969823,2.881168
2017-06-19 00:30:00,0.18969823,2.743176
2017-06-19 01:00:00,0.18969823,2.8615441
2017-06-19 01:30:00,0.18969823,2.906289
2017-06-19 02:00:00,0.18969823,3.2499654
2017-06-19 02:30:00,0.18969823,3.6951933
2017-06-19 03:00:00,0.18969823,3.6734219
2017-06-19 03:30:00,0.18969823,3.34874
2017-06-19 04:00:00,0.18969823,3.3916879
2017-06-19 04:30:00,0.18969823,3.3141422
2017-06-19 05:00:00,0.18969823,3.6761348
2017-06-19 05:30:00,0.18969823,3.90558
2017-06-19 06:00:00,0.18969823,3.975224
2017-06-19 06:30:00,0.18969823,3.8075328
2017-06-19 07:00:00,0.18969823,3.1363826
2017-06-19 07:30:00,0.18969823,2.5323331
2017-06-19 08:00:00,0.18969823,2.0030372
2017-06-19 08:30:00,0.18969823,1.4937193
2017-06-19 09:00:00,0.18969823,0.38659176
2017-06-19 09:30:00,0.18969823,-1.4319018
2017-06-19 10:00:00,0.18969823,-2.4557076
2017-06-19 10:30:00,0.18969823,-3.6605358
2017-06-19 11:00:00,0.18969823,-5.2515774
2017-06-19 11:30:00,0.18969823,-6.1979017
2017-06-19 12:00:00,0.18969823,-7.4604597
2017-06-19 12:30:00,0.18969823,-7.9102535
2017-06-19 13:00:00,0.18969823,-8.461359
2017-06-19 13:30:00,0.18969823,-9.013726
2017-06-19 14:00:00,0.18969823,-9.247577
2017-06-19 14:30:00,0.18969823,-9.514833
2017-06-19 15:00:00,0.18969823,-9.567424
2017-06-19 15:30:00,0.18969823,-8.926033
2017-06-19 16:00:00,0.18969823,-8.154326
2017-06-19 16:30:00,0.18969823,-7.1526284
2017-06-19 17:00:00,0.18969823,-6.204869
2017-06-19 17:30:00,0.18969823,-4.9242015
2017-06-19 18:00:00,0.18969823,-3.5616293
2017-06-19 18:30:00,0.18969823,-2.0513663
2017-06-19 19:00:00,0.18969823,-0.7034742
2017-06-19 19:30:00,0.18969823,0.5343618
2017-06-19 20:00:00,0.18969823,1.5934812
2017-06-19 20:30:00,0.18969823,1.8085289
2017-06-19 21:00:00,0.18969823,1.6399407
2017-06-19 21:30:00,0.18969823,2.4872415
2017-06-19 22:00:00,0.18969823,3.0263755
2017-06-19 22:30:00,0.18969823,2.9705374
2017-06-19 23:00:00,0.18969823,3.3465283
2017-06-19 23:30:00,0.18969823,3.43817
2017-06-20 00:00:00,0.18969823,3.198743
2017-06-20 00:30:00,0.18969823,2.749913
2017-06-20 01:00:00,0.18969823,2.56331
2017-06-20 01:30:00,0.18969823,2.7439597
2017-06-20 02:00:00,0.18969823,2.9133956
2017-06-20 02:30:00,0.18969823,3.0719986
2017-06-20 03:00:00,0.18969823,3.26029
2017-06-20 03:30:00,0.18969823,3.1822996
2017-06-20 04:00:00,0.18969823,3.0095665
2017-06-20 04:30:00,0.18969823,3.3654437
2017-06-20 05:00:00,0.18969823,3.6775138
2017-06-20 05:30:00,0.18969823,3.9167373
2017-06-20 06:00:00,0.18969823,4.386208
2017-06-20 06:30:00,0.18969823,3.8707864
2017-06-20 07:00:00,0.18969823,3.79858
2017-06-20 07:30:00,0.18969823,3.2652032
2017-06-20 08:00:00,0.18969823,2.911813
2017-06-20 08:30:00,0.18969823,1.9392147
2017-06-20 09:00:00,0.18969823,0.9824684
2017-06-20 09:30:00,0.18969823,-0.06526028
2017-06-20 10:00:00,0.18969823,-1.2280564
2017-06-20 10:30:00,0.18969823,-2.6244276
2017-06-20 11:00:00,0.18969823,-4.098789
2017-06-20 11:30:00,0.18969823,-4.3941975
2017-06-20 12:00:00,0.18969823,-5.4983783
2017-06-20 12:30:00,0.18969823,-5.8603897
2017-06-20 13:00:00,0.18969823,-6.3551254
2017-06-20 13:30:00,0.18969823,-6.5207067
2017-06-20 14:00:00,0.18969823,-6.723893
2017-06-20 14:30:00,0.18969823,-7.1718755
2017-06-20 15:00:00,0.18969823,-6.8167706
2017-06-20 15:30:00,0.18969823,-6.541148
2017-06-20 16:00:00,0.18969823,-6.016924
2017-06-20 16:30:00,0.18969823,-4.939707
2017-06-20 17:00:00,0.18969823,-3.749943
2017-06-20 17:30:00,0.18969823,-2.3481686
2017-06-20 18:00:00,0.18969823,-1.3147055
2017-06-20 18:30:00,0.18969823,0.32508656
2017-06-20 19:00:00,0.18969823,1.3847938
2017-06-20 19:30:00,0.18969823,1.6666973
2017-06-20 20:00:00,0.18969823,3.1438282
2017-06-20 20:30:00,0.18969823,3.5831704
2017-06-20 21:00:00,0.18969823,3.405569
2017-06-20 21:30:00,0.18969823,4.02648
2017-06-20 22:00:00,0.18969823,4.4918027
2017-06-20 22:30:00,0.18969823,4.0786824
2017-06-20 23:00:00,0.18969823,4.4216805
2017-06-20 23:30:00,0.18969823,4.2307854
2017-06-21 00:00:00,0.18969823,4.50117
2017-06-21 00:30:00,0.18969823,3.5546126
2017-06-21 01:00:00,0.18969823,3.4769351
2017-06-21 01:30:00,0.18969823,3.5096264
2017-06-21 02:00:00,0.18969823,4.3025885
2017-06-21 02:30:00,0.18969823,4.2974567
2017-06-21 03:00:00,0.18969823,3.6676946
2017-06-21 03:30:00,0.18969823,4.024125
2017-06-21 04:00:00,0.18969823,4.466866
2017-06-21 04:30:00,0.18969823,4.739738
2017-06-21 05:00:00,0.18969823,5.1981688
2017-06-21 05:30:00,0.18969823,5.6481895
2017-06-21 06:00:00,0.18969823,5.457295
2017-06-21 06:30:00,0.18969823,4.9075875
2017-06-21 07:00:00,0.18969823,4.637331
2017-06-21 07:30:00,0.18969823,4.12117
2017-06-21 08:00:00,0.18969823,3.7376363
2017-06-21 08:30:00,0.18969823,3.2130766
2017-06-21 09:00:00,0.18969823,2.1082098
2017-06-21 09:30:00,0.18969823,1.047022
2017-06-21 10:00:00,0.18969823,-0.1672565
2017-06-21 10:30:00,0.18969823,-1.4463296
2017-06-21 11:00:00,0.18969823,-3.4504051
2017-06-21 11:30:00,0.18969823,-4.09868
2017-06-21 12:00:00,0.18969823,-5.0619297
2017-06-21 12:30:00,0.18969823,-5.2806325
2017-06-21 13:00:00,0.18969823,-5.417536
2017-06-21 13:30:00,0.18969823,-4.617904
2017-06-21 14:00:00,0.18969823,-4.834455
2017-06-21 14:30:00,0.18969823,-4.719079
2017-06-21 15:00:00,0.18969823,-3.993741
2017-06-21 15:30:00,0.18969823,-3.3956485
2017-06-21 16:00:00,0.18969823,-2.4118667
2017-06-21 16:30:00,0.18969823,-0.67365044
2017-06-21 17:00:00,0.18969823,-0.22563803
2017-06-21 17:30:00,0.18969823,0.47384375
2017-06-21 18:00:00,0.18969823,1.0845513
2017-06-21 18:30:00,0.18969823,1.7543977
2017-06-21 19:00:00,0.18969823,1.756342
2017-06-21 19:30:00,0.18969823,2.3385558
2017-06-21 20:00:00,0.18969823,2.82455
2017-06-21 20:30:00,0.18969823,3.1752949
2017-06-21 21:00:00,0.18969823,2.8591175
2017-06-21 21:30:00,0.18969823,2.8782551
2017-06-21 22:00:00,0.18969823,3.7146816
2017-06-21 22:30:00,0.18969823,3.5780234
2017-06-21 23:00:00,0.18969823,3.434304
2017-06-21 23:30:00,0.18969823,3.5115557
2017-06-22 00:00:00,0.18969823,3.5739012
2017-06-22 00:30:00,0.18969823,3.7526782
2017-06-22 01:00:00,0.18969823,4.1972237
2017-06-22 01:30:00,0.18969823,4.1215167
2017-06-22 02:00:00,0.18969823,4.252406
2017-06-22 02:30:00,0.18969823,5.2814193
2017-06-22 03:00:00,0.18969823,5.341534
2017-06-22 03:30:00,0.18969823,5.001464
2017-06-22 04:00:00,0.18969823,5.440949
2017-06-22 04:30:00,0.18969823,5.6652813
2017-06-22 05:00:00,0.18969823,5.6407104
2017-06-22 05:30:00,0.18969823,6.2321706
2017-06-22 06:00:00,0.18969823,6.352031
2017-06-22 06:30:00,0.18969823,5.829921
2017-06-22 07:00:00,0.18969823,5.368498
2017-06-22 07:30:00,0.18969823,4.5081487
2017-06-22 08:00:00,0.18969823,4.3900967
2017-06-22 08:30:00,0.18969823,3.3832588
2017-06-22 09:00:00,0.18969823,2.101921
2017-06-22 09:30:00,0.18969823,1.2197474
2017-06-22 10:00:00,0.18969823,-0.4377204
2017-06-22 10:30:00,0.18969823,-1.565376
2017-06-22 11:00:00,0.18969823,-3.219332
2017-06-22 11:30:00,0.18969823,-4.067432
2017-06-22 12:00:00,0.18969823,-4.0626464
2017-06-22 12:30:00,0.18969823,-3.3059888
2017-06-22 13:00:00,0.18969823,-3.2402635
2017-06-22 13:30:00,0.18969823,-3.1747792
2017-06-22 14:00:00,0.18969823,-3.9232073
2017-06-22 14:30:00,0.18969823,-3.5480494
2017-06-22 15:00:00,0.18969823,-3.4898412
2017-06-22 15:30:00,0.18969823,-2.3813457
2017-06-22 16:00:00,0.18969823,-1.3024745
2017-06-22 16:30:00,0.18969823,-0.31033534
2017-06-22 17:00:00,0.18969823,0.217476
2017-06-22 17:30:00,0.18969823,0.94654423
2017-06-22 18:00:00,0.18969823,1.2419786
2017-06-22 18:30:00,0.18969823,2.1641574
2017-06-22 19:00:00,0.18969823,2.6891577
2017-06-22 19:30:00,0.18969823,3.161406
2017-06-22 20:00:00,0.18969823,3.8166816
2017-06-22 20:30:00,0.18969823,4.371317
2017-06-22 21:00:00,0.18969823,4.184096
2017-06-22 21:30:00,0.18969823,4.232534
2017-06-22 22:00:00,0.18969823,5.0147986
2017-06-22 22:30:00,0.18969823,5.442675
2017-06-22 23:00:00,0.18969823,5.46832
2017-06-22 23:30:00,0.18969823,5.60092
2017-06-23 00:00:00,0.18969823,5.915138
2017-06-23 00:30:00,0.18969823,5.516023
2017-06-23 01:00:00,0.18969823,4.893348
2017-06-23 01:30:00,0.18969823,5.381279
2017-06-23 02:00:00,0.18969823,5.5718684
2017-06-23 02:30:00,0.18969823,6.070478
2017-06-23 03:00:00,0.18969823,6.4767523
2017-06-23 03:30:00,0.18969823,5.5336533
2017-06-23 04:00:00,0.18969823,6.132198
2017-06-23 04:30:00,0.18969823,6.069438
2017-06-23 05:00:00,0.18969823,6.1880774
2017-06-23 05:30:00,0.18969823,6.332038
2017-06-23 06:00:00,0.18969823,6.1436
2017-06-23 06:30:00,0.18969823,5.8149166
2017-06-23 07:00:00,0.18969823,5.9616504
2017-06-23 07:30:00,0.18969823,5.7674546
2017-06-23 08:00:00,0.18969823,5.2346053
2017-06-23 08:30:00,0.18969823,4.701719
2017-06-23 09:00:00,0.18969823,2.9655073
2017-06-23 09:30:00,0.18969823,2.5953193
2017-06-23 10:00:00,0.18969823,-0.74092823
2017-06-23 10:30:00,0.18969823,-1.0248929
2017-06-23 11:00:00,0.18969823,-2.3746388
2017-06-23 11:30:00,0.18969823,-3.4980252
2017-06-23 12:00:00,0.18969823,-3.8715894
2017-06-23 12:30:00,0.18969823,-3.5216205
2017-06-23 13:00:00,0.18969823,-4.3336606
2017-06-23 13:30:00,0.18969823,-4.255644
2017-06-23 14:00:00,0.18969823,-4.147668
2017-06-23 14:30:00,0.18969823,-4.466072
2017-06-23 15:00:00,0.18969823,-3.680457
2017-06-23 15:30:00,0.18969823,-2.7207115
2017-06-23 16:00:00,0.18969823,-1.935029
2017-06-23 16:30:00,0.18969823,-2.1164398
2017-06-23 17:00:00,0.18969823,-1.0351758
2017-06-23 17:30:00,0.18969823,-0.44313502
2017-06-23 18:00:00,0.18969823,0.4475016
2017-06-23 18:30:00,0.18969823,1.2870215
2017-06-23 19:00:00,0.18969823,2.2119393
2017-06-23 19:30:00,0.18969823,3.034232
2017-06-23 20:00:00,0.18969823,3.933957
2017-06-23 20:30:00,0.18969823,4.119079
2017-06-23 21:00:00,0.18969823,4.1042857
2017-06-23 21:30:00,0.18969823,4.5323014
2017-06-23 22:00:00,0.18969823,5.1286793
2017-06-23 22:30:00,0.18969823,5.578037
2017-06-23 23:00:00,0.18969823,5.257236
2017-06-23 23:30:00,0.18969823,4.487575
2017-06-24 00:00:00,0.18969823,4.5069427
2017-06-24 00:30:00,0.18969823,4.1804676
2017-06-24 01:00:00,0.18969823,4.939789
2017-06-24 01:30:00,0.18969823,4.7380686
2017-06-24 02:00:00,0.18969823,5.113705
2017-06-24 02:30:00,0.18969823,5.2233167
2017-06-24 03:00:00,0.18969823,5.0442457
2017-06-24 03:30:00,0.18969823,4.866098
2017-06-24 04:00:00,0.18969823,4.9731092
2017-06-24 04:30:00,0.18969823,5.043228
2017-06-24 05:00:00,0.18969823,5.6731076
2017-06-24 05:30:00,0.18969823,5.553462
2017-06-24 06:00:00,0.18969823,6.0425267
2017-06-24 06:30:00,0.18969823,5.8980465
2017-06-24 07:00:00,0.18969823,5.913631
2017-06-24 07:30:00,0.18969823,4.888107
2017-06-24 08:00:00,0.18969823,4.4352074
2017-06-24 08:30:00,0.18969823,4.048105
2017-06-24 09:00:00,0.18969823,2.7964518
2017-06-24 09:30:00,0.18969823,1.6968753
2017-06-24 10:00:00,0.18969823,1.0780478
2017-06-24 10:30:00,0.18969823,-0.055719685
2017-06-24 11:00:00,0.18969823,-0.9894774
2017-06-24 11:30:00,0.18969823,-2.1721046
2017-06-24 12:00:00,0.18969823,-3.4688082
2017-06-24 12:30:00,0.18969823,-3.6464887
2017-06-24 13:00:00,0.18969823,-4.6995907
2017-06-24 13:30:00,0.18969823,-5.51313
2017-06-24 14:00:00,0.18969823,-6.1236343
2017-06-24 14:30:00,0.18969823,-6.4087896
2017-06-24 15:00:00,0.18969823,-6.0815306
2017-06-24 15:30:00,0.18969823,-6.7143183
2017-06-24 16:00:00,0.18969823,-5.176432
2017-06-24 16:30:00,0.18969823,-4.498119
2017-06-24 17:00:00,0.18969823,-3.383783
2017-06-24 17:30:00,0.18969823,-2.2342203
2017-06-24 18:00:00,0.18969823,-1.8231682
2017-06-24 18:30:00,0.18969823,-0.35234863
2017-06-24 19:00:00,0.18969823,0.7500953
2017-06-24 19:30:00,0.18969823,1.6997163
2017-06-24 20:00:00,0.18969823,2.2718658
2017-06-24 20:30:00,0.18969823,2.9099932
2017-06-24 21:00:00,0.18969823,2.766756
2017-06-24 21:30:00,0.18969823,3.3449419
2017-06-24 22:00:00,0.18969823,3.6173766
2017-06-24 22:30:00,0.18969823,3.5824244
2017-06-24 23:00:00,0.18969823,3.4764907
2017-06-24 23:30:00,0.18969823,3.5626688
2017-06-25 00:00:00,0.18969823,3.8709521
2017-06-25 00:30:00,0.18969823,3.1099916
2017-06-25 01:00:00,0.18969823,3.5965996
2017-06-25 01:30:00,0.18969823,3.759894
2017-06-25 02:00:00,0.18969823,4.360684
2017-06-25 02:30:00,0.18969823,4.4935813
2017-06-25 03:00:00,0.18969823,4.4294877
2017-06-25 03:30:00,0.18969823,4.774931
2017-06-25 04:00:00,0.18969823,4.665519
2017-06-25 04:30:00,0.18969823,4.5749555
2017-06-25 05:00:00,0.18969823,4.3213534
2017-06-25 05:30:00,0.18969823,4.8072004
2017-06-25 06:00:00,0.18969823,5.4093432
2017-06-25 06:30:00,0.18969823,5.499594
2017-06-25 07:00:00,0.18969823,4.605386
2017-06-25 07:30:00,0.18969823,4.887557
2017-06-25 08:00:00,0.18969823,4.7955155
2017-06-25 08:30:00,0.18969823,4.303278
2017-06-25 09:00:00,0.18969823,2.4040174
2017-06-25 09:30:00,0.18969823,1.1407775
2017-06-25 10:00:00,0.18969823,-0.5752602
2017-06-25 10:30:00,0.18969823,-2.2125127
2017-06-25 11:00:00,0.18969823,-3.8631604
2017-06-25 11:30:00,0.18969823,-4.034552
2017-06-25 12:00:00,0.18969823,-5.6679688
2017-06-25 12:30:00,0.18969823,-5.986479
2017-06-25 13:00:00,0.18969823,-7.7215486
2017-06-25 13:30:00,0.18969823,-7.3179607
2017-06-25 14:00:00,0.18969823,-7.1857076
2017-06-25 14:30:00,0.18969823,-7.52412
2017-06-25 15:00:00,0.18969823,-6.7442517
2017-06-25 15:30:00,0.18969823,-6.1948533
2017-06-25 16:00:00,0.18969823,-5.275787
2017-06-25 16:30:00,0.18969823,-5.052815
2017-06-25 17:00:00,0.18969823,-3.609498
2017-06-25 17:30:00,0.18969823,-2.9576552
2017-06-25 18:00:00,0.18969823,-1.7181386
2017-06-25 18:30:00,0.18969823,-0.3961329
2017-06-25 19:00:00,0.18969823,0.5527572
2017-06-25 19:30:00,0.18969823,0.9956489
2017-06-25 20:00:00,0.18969823,2.6847491
2017-06-25 20:30:00,0.18969823,2.8196175
2017-06-25 21:00:00,0.18969823,2.8259742
2017-06-25 21:30:00,0.18969823,4.032189
2017-06-25 22:00:00,0.18969823,3.6921337
2017-06-25 22:30:00,0.18969823,4.402757
2017-06-25 23:00:00,0.18969823,4.1733985
2017-06-25 23:30:00,0.18969823,4.3120914
2017-06-26 00:00:00,0.18969823,4.2349906
2017-06-26 00:30:00,0.18969823,3.9190357
2017-06-26 01:00:00,0.18969823,3.6535795
2017-06-26 01:30:00,0.18969823,3.9483583
2017-06-26 02:00:00,0.18969823,4.4559994
2017-06-26 02:30:00,0.18969823,4.0827327
2017-06-26 03:00:00,0.18969823,4.1580706
2017-06-26 03:30:00,0.18969823,3.8486304
2017-06-26 04:00:00,0.18969823,3.8742151
2017-06-26 04:30:00,0.18969823,4.788982
2017-06-26 05:00:00,0.18969823,4.9984417
2017-06-26 05:30:00,0.18969823,5.5340753
2017-06-26 06:00:00,0.18969823,5.256219
2017-06-26 06:30:00,0.18969823,5.4717336
2017-06-26 07:00:00,0.18969823,5.3902583
2017-06-26 07:30:00,0.18969823,5.074277
2017-06-26 08:00:00,0.18969823,4.3012247
2017-06-26 08:30:00,0.18969823,3.643843
2017-06-26 09:00:00,0.18969823,2.2731507
2017-06-26 09:30:00,0.18969823,1.0251524
2017-06-26 10:00:00,0.18969823,0.27674678
2017-06-26 10:30:00,0.18969823,-0.9441068
2017-06-26 11:00:00,0.18969823,-1.7424347
2017-06-26 11:30:00,0.18969823,-2.8656743
2017-06-26 12:00:00,0.18969823,-4.1901298
2017-06-26 12:30:00,0.18969823,-5.751935
2017-06-26 13:00:00,0.18969823,-6.530696
2017-06-26 13:30:00,0.18969823,-6.3136473
2017-06-26 14:00:00,0.18969823,-6.5685983
2017-06-26 14:30:00,0.18969823,-6.932015
2017-06-26 15:00:00,0.18969823,-6.6856027
2017-06-26 15:30:00,0.18969823,-6.5130577
2017-06-26 16:00:00,0.18969823,-5.7750745
2017-06-26 16:30:00,0.18969823,-5.0110393
2017-06-26 17:00:00,0.18969823,-4.2539334
2017-06-26 17:30:00,0.18969823,-3.2266006
2017-06-26 18:00:00,0.18969823,-2.1945205
2017-06-26 18:30:00,0.18969823,-0.9921037
2017-06-26 19:00:00,0.18969823,0.28246284
2017-06-26 19:30:00,0.18969823,0.6586608
2017-06-26 20:00:00,0.18969823,1.710783
2017-06-26 20:30:00,0.18969823,2.585903
2017-06-26 21:00:00,0.18969823,2.4047484
2017-06-26 21:30:00,0.18969823,2.6817122
2017-06-26 22:00:00,0.18969823,3.1841083
2017-06-26 22:30:00,0.18969823,3.285822
2017-06-26 23:00:00,0.18969823,3.7553608
2017-06-26 23:30:00,0.18969823,4.0589643
2017-06-27 00:00:00,0.18969823,2.9929383
2017-06-27 00:30:00,0.18969823,2.594121
2017-06-27 01:00:00,0.18969823,2.9905608
2017-06-27 01:30:00,0.18969823,2.4268477
2017-06-27 02:00:00,0.18969823,2.9873655
2017-06-27 02:30:00,0.18969823,3.0876398
2017-06-27 03:00:00,0.18969823,3.5155346
2017-06-27 03:30:00,0.18969823,3.5866332
2017-06-27 04:00:00,0.18969823,3.8154984
2017-06-27 04:30:00,0.18969823,3.5669568
2017-06-27 05:00:00,0.18969823,4.0752497
2017-06-27 05:30:00,0.18969823,4.4046226
2017-06-27 06:00:00,0.18969823,4.35857
2017-06-27 06:30:00,0.18969823,4.963324
2017-06-27 07:00:00,0.18969823,4.9013777
2017-06-27 07:30:00,0.18969823,4.415983
2017-06-27 08:00:00,0.18969823,3.8256493
2017-06-27 08:30:00,0.18969823,3.0526311
2017-06-27 09:00:00,0.18969823,1.7172527
2017-06-27 09:30:00,0.18969823,0.3750767
2017-06-27 10:00:00,0.18969823,-0.98170024
2017-06-27 10:30:00,0.18969823,-2.637642
2017-06-27 11:00:00,0.18969823,-3.7931395
2017-06-27 11:30:00,0.18969823,-4.9684305
2017-06-27 12:00:00,0.18969823,-5.129724
2017-06-27 12:30:00,0.18969823,-6.485393
2017-06-27 13:00:00,0.18969823,-6.839013
2017-06-27 13:30:00,0.18969823,-7.1883526
2017-06-27 14:00:00,0.18969823,-6.9162498
2017-06-27 14:30:00,0.18969823,-7.0364604
2017-06-27 15:00:00,0.18969823,-6.221904
2017-06-27 15:30:00,0.18969823,-6.2018013
2017-06-27 16:00:00,0.18969823,-5.7263465
2017-06-27 16:30:00,0.18969823,-4.6817226
2017-06-27 17:00:00,0.18969823,-3.5115638
2017-06-27 17:30:00,0.18969823,-1.9091164
2017-06-27 18:00:00,0.18969823,-0.05390727
2017-06-27 18:30:00,0.18969823,0.7721005
2017-06-27 19:00:00,0.18969823,1.9086751
2017-06-27 19:30:00,0.18969823,2.5196426
2017-06-27 20:00:00,0.18969823,3.2908332
2017-06-27 20:30:00,0.18969823,3.8099291
2017-06-27 21:00:00,0.18969823,4.1233706
2017-06-27 21:30:00,0.18969823,4.655229
2017-06-27 22:00:00,0.18969823,4.615725
2017-06-27 22:30:00,0.18969823,4.9834113
2017-06-27 23:00:00,0.18969823,5.282749
2017-06-27 23:30:00,0.18969823,4.8423257
2017-06-28 00:00:00,0.18969823,4.837427
2017-06-28 00:30:00,0.18969823,4.264321
2017-06-28 01:00:00,0.18969823,4.6673694
2017-06-28 01:30:00,0.18969823,4.641374
2017-06-28 02:00:00,0.18969823,4.992575
2017-06-28 02:30:00,0.18969823,5.0940814
2017-06-28 03:00:00,0.18969823,5.5705423
2017-06-28 03:30:00,0.18969823,4.799551
2017-06-28 04:00:00,0.18969823,4.8827715
2017-06-28 04:30:00,0.18969823,4.9772544
2017-06-28 05:00:00,0.18969823,5.3833776
2017-06-28 05:30:00,0.18969823,6.118791
2017-06-28 06:00:00,0.18969823,6.2426004
2017-06-28 06:30:00,0.18969823,5.6612535
2017-06-28 07:00:00,0.18969823,5.7158027
2017-06-28 07:30:00,0.18969823,5.042731
2017-06-28 08:00:00,0.18969823,4.3876176
2017-06-28 08:30:00,0.18969823,4.0649967
2017-06-28 09:00:00,0.18969823,2.7857618
2017-06-28 09:30:00,0.18969823,1.9063201
2017-06-28 10:00:00,0.18969823,-0.3343074
2017-06-28 10:30:00,0.18969823,-1.2444661
2017-06-28 11:00:00,0.18969823,-3.079814
2017-06-28 11:30:00,0.18969823,-4.6517444
2017-06-28 12:00:00,0.18969823,-5.845521
2017-06-28 12:30:00,0.18969823,-6.665059
2017-06-28 13:00:00,0.18969823,-6.31023
2017-06-28 13:30:00,0.18969823,-6.4923563
2017-06-28 14:00:00,0.18969823,-6.239659
2017-06-28 14:30:00,0.18969823,-5.692039
2017-06-28 15:00:00,0.18969823,-5.125632
2017-06-28 15:30:00,0.18969823,-5.198102
2017-06-28 16:00:00,0.18969823,-4.4737134
2017-06-28 16:30:00,0.18969823,-2.9507146
2017-06-28 17:00:00,0.18969823,-1.7475668
2017-06-28 17:30:00,0.18969823,-0.39300168
2017-06-28 18:00:00,0.18969823,0.7567873
2017-06-28 18:30:00,0.18969823,2.084543
2017-06-28 19:00:00,0.18969823,2.8241165
2017-06-28 19:30:00,0.18969823,3.4091752
2017-06-28 20:00:00,0.18969823,4.510191
2017-06-28 20:30:00,0.18969823,4.6255746
2017-06-28 21:00:00,0.18969823,4.752447
2017-06-28 21:30:00,0.18969823,4.9527736
2017-06-28 22:00:00,0.18969823,5.2889853
2017-06-28 22:30:00,0.18969823,5.37314
2017-06-28 23:00:00,0.18969823,4.5786858
2017-06-28 23:30:00,0.18969823,4.840969
2017-06-29 00:00:00,0.18969823,5.0153375
2017-06-29 00:30:00,0.18969823,4.9835167
2017-06-29 01:00:00,0.18969823,5.2653074
2017-06-29 01:30:00,0.18969823,5.0851927
2017-06-29 02:00:00,0.18969823,5.463791
2017-06-29 02:30:00,0.18969823,5.6665473
2017-06-29 03:00:00,0.18969823,5.811416
2017-06-29 03:30:00,0.18969823,6.1819806
2017-06-29 04:00:00,0.18969823,6.1423035
2017-06-29 04:30:00,0.18969823,6.242525
2017-06-29 05:00:00,0.18969823,6.9349794
2017-06-29 05:30:00,0.18969823,6.9384313
2017-06-29 06:00:00,0.18969823,6.5207624
2017-06-29 06:30:00,0.18969823,6.611285
2017-06-29 07:00:00,0.18969823,6.4746494
2017-06-29 07:30:00,0.18969823,6.067147
2017-06-29 08:00:00,0.18969823,5.337133
2017-06-29 08:30:00,0.18969823,4.3781295
2017-06-29 09:00:00,0.18969823,2.3036904
2017-06-29 09:30:00,0.18969823,0.95008236
2017-06-29 10:00:00,0.18969823,-1.2128562
2017-06-29 10:30:00,0.18969823,-2.2365298
2017-06-29 11:00:00,0.18969823,-3.031252
2017-06-29 11:30:00,0.18969823,-4.293034
2017-06-29 12:00:00,0.18969823,-5.1679916
2017-06-29 12:30:00,0.18969823,-5.849135
2017-06-29 13:00:00,0.18969823,-7.1529145
2017-06-29 13:30:00,0.18969823,-7.2278566
2017-06-29 14:00:00,0.18969823,-7.093267
2017-06-29 14:30:00,0.18969823,-6.4050817
2017-06-29 15:00:00,0.18969823,-6.113758
2017-06-29 15:30:00,0.18969823,-5.5561266
2017-06-29 16:00:00,0.18969823,-4.9820027
2017-06-29 16:30:00,0.18969823,-4.4251475
2017-06-29 17:00:00,0.18969823,-3.274733
2017-06-29 17:30:00,0.18969823,-1.9942244
2017-06-29 18:00:00,0.18969823,-0.25508502
2017-06-29 18:30:00,0.18969823,0.6080339
2017-06-29 19:00:00,0.18969823,1.6246238
2017-06-29 19:30:00,0.18969823,2.68022
2017-06-29 20:00:00,0.18969823,3.541323
2017-06-29 20:30:00,0.18969823,4.04419
2017-06-29 21:00:00,0.18969823,4.021156
2017-06-29 21:30:00,0.18969823,4.752896
2017-06-29 22:00:00,0.18969823,5.165583
2017-06-29 22:30:00,0.18969823,5.3377886
2017-06-29 23:00:00,0.18969823,5.398544
2017-06-29 23:30:00,0.18969823,5.4509645
2017-06-30 00:00:00,0.18969823,5.227503
2017-06-30 00:30:00,0.18969823,4.7138667
2017-06-30 01:00:00,0.18969823,5.207197
2017-06-30 01:30:00,0.18969823,5.474552
2017-06-30 02:00:00,0.18969823,5.507413
2017-06-30 02:30:00,0.18969823,6.0065346
2017-06-30 03:00:00,0.18969823,5.72569
2017-06-30 03:30:00,0.18969823,5.9961047
2017-06-30 04:00:00,0.18969823,5.9759235
2017-06-30 04:30:00,0.18969823,5.957483
2017-06-30 05:00:00,0.18969823,6.4770007
2017-06-30 05:30:00,0.18969823,7.01199
2017-06-30 06:00:00,0.18969823,7.206796
2017-06-30 06:30:00,0.18969823,6.314562
2017-06-30 07:00:00,0.18969823,5.551397
2017-06-30 07:30:00,0.18969823,5.215046
2017-06-30 08:00:00,0.18969823,4.8627934
2017-06-30 08:30:00,0.18969823,4.1216187
2017-06-30 09:00:00,0.18969823,2.8150733
2017-06-30 09:30:00,0.18969823,1.2981446
2017-06-30 10:00:00,0.18969823,-0.2681713
2017-06-30 10:30:00,0.18969823,-1.9051373
2017-06-30 11:00:00,0.18969823,-4.0285687
2017-06-30 11:30:00,0.18969823,-5.163478
2017-06-30 12:00:00,0.18969823,-6.588471
2017-06-30 12:30:00,0.18969823,-7.207905
2017-06-30 13:00:00,0.18969823,-8.009006
2017-06-30 13:30:00,0.18969823,-8.170194
2017-06-30 14:00:00,0.18969823,-8.371477
2017-06-30 14:30:00,0.18969823,-8.05608
2017-06-30 15:00:00,0.18969823,-7.23852
2017-06-30 15:30:00,0.18969823,-6.964073
2017-06-30 16:00:00,0.18969823,-5.8075094
2017-06-30 16:30:00,0.18969823,-5.581282
2017-06-30 17:00:00,0.18969823,-4.5524197
2017-06-30 17:30:00,0.18969823,-3.4326541
2017-06-30 18:00:00,0.18969823,-2.17143
2017-06-30 18:30:00,0.18969823,-0.8691347
2017-06-30 19:00:00,0.18969823,0.3744211
2017-06-30 19:30:00,0.18969823,1.2971424
2017-06-30 20:00:00,0.18969823,2.250034
2017-06-30 20:30:00,0.18969823,2.9135954
2017-06-30 21:00:00,0.18969823,3.0551972
2017-06-30 21:30:00,0.18969823,3.7089918
2017-06-30 22:00:00,0.18969823,4.08372
2017-06-30 22:30:00,0.18969823,4.32323
2017-06-30 23:00:00,0.18969823,4.1812434
2017-06-30 23:30:00,0.18969823,4.075302
2017-07-01 00:00:00,0.18969823,4.5516615
2017-07-01 00:30:00,0.18969823,4.176089
2017-07-01 01:00:00,0.18969823,4.519445
2017-07-01 01:30:00,0.18969823,4.9293404
2017-07-01 02:00:00,0.18969823,5.263721
2017-07-01 02:30:00,0.18969823,5.220061
2017-07-01 03:00:00,0.18969823,5.2754693
2017-07-01 03:30:00,0.18969823,5.379847
2017-07-01 04:00:00,0.18969823,5.5229635
2017-07-01 04:30:00,0.18969823,6.051826
2017-07-01 05:00:00,0.18969823,6.1537433
2017-07-01 05:30:00,0.18969823,6.230641
2017-07-01 06:00:00,0.18969823,5.975577
2017-07-01 06:30:00,0.18969823,5.968998
2017-07-01 07:00:00,0.18969823,5.9364195
2017-07-01 07:30:00,0.18969823,5.7838607
2017-07-01 08:00:00,0.18969823,5.566164
2017-07-01 08:30:00,0.18969823,4.9912333
2017-07-01 09:00:00,0.18969823,3.6803436
2017-07-01 09:30:00,0.18969823,2.3318148
2017-07-01 10:00:00,0.18969823,0.5479982
2017-07-01 10:30:00,0.18969823,-0.88060075
2017-07-01 11:00:00,0.18969823,-1.9395167
2017-07-01 11:30:00,0.18969823,-3.3992922
2017-07-01 12:00:00,0.18969823,-3.9605145
2017-07-01 12:30:00,0.18969823,-4.490613
2017-07-01 13:00:00,0.18969823,-6.620073
2017-07-01 13:30:00,0.18969823,-6.9497776
2017-07-01 14:00:00,0.18969823,-6.8601556
2017-07-01 14:30:00,0.18969823,-7.422602
2017-07-01 15:00:00,0.18969823,-6.933556
2017-07-01 15:30:00,0.18969823,-6.32601
2017-07-01 16:00:00,0.18969823,-4.8800178
2017-07-01 16:30:00,0.18969823,-4.2745895
2017-07-01 17:00:00,0.18969823,-3.6217854
2017-07-01 17:30:00,0.18969823,-3.1939545
2017-07-01 18:00:00,0.18969823,-1.877111
2017-07-01 18:30:00,0.18969823,-0.7695726
2017-07-01 19:00:00,0.18969823,-0.29485634
2017-07-01 19:30:00,0.18969823,0.61831677
2017-07-01 20:00:00,0.18969823,2.078808
2017-07-01 20:30:00,0.18969823,2.7824385
2017-07-01 21:00:00,0.18969823,3.195382
2017-07-01 21:30:00,0.18969823,3.4908466
2017-07-01 22:00:00,0.18969823,4.35909
2017-07-01 22:30:00,0.18969823,5.136886
2017-07-01 23:00:00,0.18969823,4.3987217
2017-07-01 23:30:00,0.18969823,4.52703
2017-07-02 00:00:00,0.18969823,5.44139
2017-07-02 00:30:00,0.18969823,5.326142
2017-07-02 01:00:00,0.18969823,4.655862
2017-07-02 01:30:00,0.18969823,4.845438
2017-07-02 02:00:00,0.18969823,4.852974
2017-07-02 02:30:00,0.18969823,5.5285707
2017-07-02 03:00:00,0.18969823,5.4828343
2017-07-02 03:30:00,0.18969823,5.7481475
2017-07-02 04:00:00,0.18969823,5.8217745
2017-07-02 04:30:00,0.18969823,6.1307435
2017-07-02 05:00:00,0.18969823,5.845784
2017-07-02 05:30:00,0.18969823,6.3270946
2017-07-02 06:00:00,0.18969823,6.151882
2017-07-02 06:30:00,0.18969823,5.855264
2017-07-02 07:00:00,0.18969823,5.8345327
2017-07-02 07:30:00,0.18969823,5.2616973
2017-07-02 08:00:00,0.18969823,4.587337
2017-07-02 08:30:00,0.18969823,3.789921
2017-07-02 09:00:00,0.18969823,2.7272484
2017-07-02 09:30:00,0.18969823,1.545424
2017-07-02 10:00:00,0.18969823,0.9395621
2017-07-02 10:30:00,0.18969823,-0.21003094
2017-07-02 11:00:00,0.18969823,-1.7072077
2017-07-02 11:30:00,0.18969823,-2.7344158
2017-07-02 12:00:00,0.18969823,-4.135011
2017-07-02 12:30:00,0.18969823,-4.6613793
2017-07-02 13:00:00,0.18969823,-5.525538
2017-07-02 13:30:00,0.18969823,-6.032987
2017-07-02 14:00:00,0.18969823,-5.5255833
2017-07-02 14:30:00,0.18969823,-6.590671
2017-07-02 15:00:00,0.18969823,-6.111147
2017-07-02 15:30:00,0.18969823,-6.0747557
2017-07-02 16:00:00,0.18969823,-5.1772084
2017-07-02 16:30:00,0.18969823,-4.6887727
2017-07-02 17:00:00,0.18969823,-3.9921358
2017-07-02 17:30:00,0.18969823,-2.6444168
2017-07-02 18:00:00,0.18969823,-1.6916269
2017-07-02 18:30:00,0.18969823,-0.72176415
2017-07-02 19:00:00,0.18969823,0.28363845
2017-07-02 19:30:00,0.18969823,1.2197851
2017-07-02 20:00:00,0.18969823,2.1288774
2017-07-02 20:30:00,0.18969823,2.930314
2017-07-02 21:00:00,0.18969823,3.2437859
2017-07-02 21:30:00,0.18969823,3.5271628
2017-07-02 22:00:00,0.18969823,3.5537198
2017-07-02 22:30:00,0.18969823,3.1263409
2017-07-02 23:00:00,0.18969823,3.205586
2017-07-02 23:30:00,0.18969823,2.5600204
2017-07-03 00:00:00,0.18969823,2.7226214
2017-07-03 00:30:00,0.18969823,2.598085
2017-07-03 01:00:00,0.18969823,2.8842275
2017-07-03 01:30:00,0.18969823,3.154812
2017-07-03 02:00:00,0.18969823,3.4320772
2017-07-03 02:30:00,0.18969823,2.8709226
2017-07-03 03:00:00,0.18969823,3.5586445
2017-07-03 03:30:00,0.18969823,3.5697074
2017-07-03 04:00:00,0.18969823,3.64373
2017-07-03 04:30:00,0.18969823,3.6797974
2017-07-03 05:00:00,0.18969823,3.9676163
2017-07-03 05:30:00,0.18969823,4.17416
2017-07-03 06:00:00,0.18969823,4.507998
2017-07-03 06:30:00,0.18969823,4.46866
2017-07-03 07:00:00,0.18969823,4.961312
2017-07-03 07:30:00,0.18969823,3.936813
2017-07-03 08:00:00,0.18969823,3.488925
2017-07-03 08:30:00,0.18969823,3.527016
2017-07-03 09:00:00,0.18969823,3.0502837
2017-07-03 09:30:00,0.18969823,2.1999156
2017-07-03 10:00:00,0.18969823,0.7034926
2017-07-03 10:30:00,0.18969823,0.25485086
2017-07-03 11:00:00,0.18969823,-0.5108687
2017-07-03 11:30:00,0.18969823,-1.2746667
2017-07-03 12:00:00,0.18969823,-2.705617
2017-07-03 12:30:00,0.18969823,-3.2140567
2017-07-03 13:00:00,0.18969823,-4.165087
2017-07-03 13:30:00,0.18969823,-4.464444
2017-07-03 14:00:00,0.18969823,-4.693147
2017-07-03 14:30:00,0.18969823,-4.91494
2017-07-03 15:00:00,0.18969823,-4.662457
2017-07-03 15:30:00,0.18969823,-4.1942554
2017-07-03 16:00:00,0.18969823,-4.089663
2017-07-03 16:30:00,0.18969823,-3.0876024
2017-07-03 17:00:00,0.18969823,-2.3394153
2017-07-03 17:30:00,0.18969823,-1.8549211
2017-07-03 18:00:00,0.18969823,-0.24669743
2017-07-03 18:30:00,0.18969823,0.4757918
2017-07-03 19:00:00,0.18969823,0.36138
2017-07-03 19:30:00,0.18969823,0.04129523
2017-07-03 20:00:00,0.18969823,0.8088198
2017-07-03 20:30:00,0.18969823,1.8146783
2017-07-03 21:00:00,0.18969823,1.4598035
2017-07-03 21:30:00,0.18969823,2.3207483
2017-07-03 22:00:00,0.18969823,2.351955
2017-07-03 22:30:00,0.18969823,2.139541
2017-07-03 23:00:00,0.18969823,1.7487909
2017-07-03 23:30:00,0.18969823,1.3630034
2017-07-04 00:00:00,0.18969823,1.0460762
2017-07-04 00:30:00,0.18969823,0.9419774
2017-07-04 01:00:00,0.18969823,0.97328204
2017-07-04 01:30:00,0.18969823,0.715392
2017-07-04 02:00:00,0.18969823,0.99099165
2017-07-04 02:30:00,0.18969823,1.2979374
2017-07-04 03:00:00,0.18969823,1.4106197
2017-07-04 03:30:00,0.18969823,1.1164438
2017-07-04 04:00:00,0.18969823,1.5108073
2017-07-04 04:30:00,0.18969823,1.3888067
2017-07-04 05:00:00,0.18969823,2.3334389
2017-07-04 05:30:00,0.18969823,2.0951161
2017-07-04 06:00:00,0.18969823,1.956299
2017-07-04 06:30:00,0.18969823,2.5878057
2017-07-04 07:00:00,0.18969823,2.3232012
2017-07-04 07:30:00,0.18969823,2.3549693
2017-07-04 08:00:00,0.18969823,2.190782
2017-07-04 08:30:00,0.18969823,2.1366773
2017-07-04 09:00:00,0.18969823,1.4201866
2017-07-04 09:30:00,0.18969823,0.90997946
2017-07-04 10:00:00,0.18969823,-0.6528096
2017-07-04 10:30:00,0.18969823,-1.1333777
2017-07-04 11:00:00,0.18969823,-2.4260345
2017-07-04 11:30:00,0.18969823,-2.8702977
2017-07-04 12:00:00,0.18969823,-3.8137429
2017-07-04 12:30:00,0.18969823,-4.32022
2017-07-04 13:00:00,0.18969823,-4.983559
2017-07-04 13:30:00,0.18969823,-4.7818236
2017-07-04 14:00:00,0.18969823,-4.5374455
2017-07-04 14:30:00,0.18969823,-4.1422195
2017-07-04 15:00:00,0.18969823,-4.730477
2017-07-04 15:30:00,0.18969823,-4.0815244
2017-07-04 16:00:00,0.18969823,-3.3369882
2017-07-04 16:30:00,0.18969823,-2.6987252
2017-07-04 17:00:00,0.18969823,-2.1107764
2017-07-04 17:30:00,0.18969823,-1.1513661
2017-07-04 18:00:00,0.18969823,-0.23953068
2017-07-04 18:30:00,0.18969823,0.78616273
2017-07-04 19:00:00,0.18969823,2.229992
2017-07-04 19:30:00,0.18969823,3.079983
2017-07-04 20:00:00,0.18969823,3.8096957
2017-07-04 20:30:00,0.18969823,3.7945144
2017-07-04 21:00:00,0.18969823,3.0709398
2017-07-04 21:30:00,0.18969823,3.7247872
2017-07-04 22:00:00,0.18969823,3.6744692
2017-07-04 22:30:00,0.18969823,4.003556
2017-07-04 23:00:00,0.18969823,4.1689563
2017-07-04 23:30:00,0.18969823,3.814511
2017-07-05 00:00:00,0.18969823,3.7240639
2017-07-05 00:30:00,0.18969823,3.686203
2017-07-05 01:00:00,0.18969823,3.2165961
2017-07-05 01:30:00,0.18969823,3.4097705
2017-07-05 02:00:00,0.18969823,3.2908332
2017-07-05 02:30:00,0.18969823,3.7567098
2017-07-05 03:00:00,0.18969823,3.5304637
2017-07-05 03:30:00,0.18969823,2.6818743
2017-07-05 04:00:00,0.18969823,2.787921
2017-07-05 04:30:00,0.18969823,3.1286771
2017-07-05 05:00:00,0.18969823,2.9704998
2017-07-05 05:30:00,0.18969823,3.1335642
2017-07-05 06:00:00,0.18969823,3.1105304
2017-07-05 06:30:00,0.18969823,3.2562053
2017-07-05 07:00:00,0.18969823,3.542992
2017-07-05 07:30:00,0.18969823,3.5682342
2017-07-05 08:00:00,0.18969823,2.7392647
2017-07-05 08:30:00,0.18969823,2.0795693
2017-07-05 09:00:00,0.18969823,1.3050853
2017-07-05 09:30:00,0.18969823,1.0861866
2017-07-05 10:00:00,0.18969823,0.69963413
2017-07-05 10:30:00,0.18969823,0.31319472
2017-07-05 11:00:00,0.18969823,-0.39737254
2017-07-05 11:30:00,0.18969823,-0.8771983
2017-07-05 12:00:00,0.18969823,-2.4241352
2017-07-05 12:30:00,0.18969823,-3.361503
2017-07-05 13:00:00,0.18969823,-4.492064
2017-07-05 13:30:00,0.18969823,-4.5132475
2017-07-05 14:00:00,0.18969823,-4.8716
2017-07-05 14:30:00,0.18969823,-4.9794254
2017-07-05 15:00:00,0.18969823,-4.4768863
2017-07-05 15:30:00,0.18969823,-5.408903
2017-07-05 16:00:00,0.18969823,-4.478307
2017-07-05 16:30:00,0.18969823,-3.7235067
2017-07-05 17:00:00,0.18969823,-2.573469
2017-07-05 17:30:00,0.18969823,-0.8221439
2017-07-05 18:00:00,0.18969823,0.11306449
2017-07-05 18:30:00,0.18969823,0.69824755
2017-07-05 19:00:00,0.18969823,1.6545078
2017-07-05 19:30:00,0.18969823,1.7775635
2017-07-05 20:00:00,0.18969823,2.5059533
2017-07-05 20:30:00,0.18969823,3.6031032
2017-07-05 21:00:00,0.18969823,3.661869
2017-07-05 21:30:00,0.18969823,3.9694664
2017-07-05 22:00:00,0.18969823,4.843893
2017-07-05 22:30:00,0.18969823,4.7574477
2017-07-05 23:00:00,0.18969823,4.0766325
2017-07-05 23:30:00,0.18969823,3.9561276
2017-07-06 00:00:00,0.18969823,3.1225088
2017-07-06 00:30:00,0.18969823,3.1895041
2017-07-06 01:00:00,0.18969823,3.72559
2017-07-06 01:30:00,0.18969823,3.56502
2017-07-06 02:00:00,0.18969823,3.627648
2017-07-06 02:30:00,0.18969823,3.9299517
2017-07-06 03:00:00,0.18969823,3.7048244
2017-07-06 03:30:00,0.18969823,3.3103216
2017-07-06 04:00:00,0.18969823,3.124065
2017-07-06 04:30:00,0.18969823,3.561218
2017-07-06 05:00:00,0.18969823,4.4442735
2017-07-06 05:30:00,0.18969823,4.937227
2017-07-06 06:00:00,0.18969823,4.712853
2017-07-06 06:30:00,0.18969823,4.1385293
2017-07-06 07:00:00,0.18969823,4.038289
2017-07-06 07:30:00,0.18969823,4.3053164
2017-07-06 08:00:00,0.18969823,4.0921
2017-07-06 08:30:00,0.18969823,3.2162683
2017-07-06 09:00:00,0.18969823,2.2351542
2017-07-06 09:30:00,0.18969823,0.8476302
2017-07-06 10:00:00,0.18969823,0.05789331
2017-07-06 10:30:00,0.18969823,-1.059016
2017-07-06 11:00:00,0.18969823,-2.4912548
2017-07-06 11:30:00,0.18969823,-4.3933344
2017-07-06 12:00:00,0.18969823,-4.9920297
2017-07-06 12:30:00,0.18969823,-5.3607554
2017-07-06 13:00:00,0.18969823,-5.4575257
2017-07-06 13:30:00,0.18969823,-5.620526
2017-07-06 14:00:00,0.18969823,-5.2668114
2017-07-06 14:30:00,0.18969823,-5.4064765
2017-07-06 15:00:00,0.18969823,-5.9445634
2017-07-06 15:30:00,0.18969823,-5.51856
2017-07-06 16:00:00,0.18969823,-3.9443045
2017-07-06 16:30:00,0.18969823,-4.0191674
2017-07-06 17:00:00,0.18969823,-2.6741652
2017-07-06 17:30:00,0.18969823,-1.7209458
2017-07-06 18:00:00,0.18969823,-0.1348328
2017-07-06 18:30:00,0.18969823,0.1781719
2017-07-06 19:00:00,0.18969823,1.1011871
2017-07-06 19:30:00,0.18969823,1.696099
2017-07-06 20:00:00,0.18969823,2.9486303
2017-07-06 20:30:00,0.18969823,3.8017564
2017-07-06 21:00:00,0.18969823,3.3553944
2017-07-06 21:30:00,0.18969823,3.5909626
2017-07-06 22:00:00,0.18969823,3.4475372
2017-07-06 22:30:00,0.18969823,3.6048517
2017-07-06 23:00:00,0.18969823,3.884012
2017-07-06 23:30:00,0.18969823,3.3570447
2017-07-07 00:00:00,0.18969823,3.346453
2017-07-07 00:30:00,0.18969823,2.489913
2017-07-07 01:00:00,0.18969823,2.7486396
2017-07-07 01:30:00,0.18969823,3.1968932
2017-07-07 02:00:00,0.18969823,3.1432705
2017-07-07 02:30:00,0.18969823,3.4521418
2017-07-07 03:00:00,0.18969823,3.1590698
2017-07-07 03:30:00,0.18969823,3.6192453
2017-07-07 04:00:00,0.18969823,3.9978735
2017-07-07 04:30:00,0.18969823,3.7733607
2017-07-07 05:00:00,0.18969823,3.9315305
2017-07-07 05:30:00,0.18969823,4.507267
2017-07-07 06:00:00,0.18969823,4.067265
2017-07-07 06:30:00,0.18969823,4.2860246
2017-07-07 07:00:00,0.18969823,4.195042
2017-07-07 07:30:00,0.18969823,4.259656
2017-07-07 08:00:00,0.18969823,3.5963247
2017-07-07 08:30:00,0.18969823,2.980485
2017-07-07 09:00:00,0.18969823,1.5921209
2017-07-07 09:30:00,0.18969823,0.5578365
2017-07-07 10:00:00,0.18969823,-0.54633695
2017-07-07 10:30:00,0.18969823,-1.6078
2017-07-07 11:00:00,0.18969823,-2.1997654
2017-07-07 11:30:00,0.18969823,-3.9082673
2017-07-07 12:00:00,0.18969823,-4.9832387
2017-07-07 12:30:00,0.18969823,-6.174766
2017-07-07 13:00:00,0.18969823,-6.6002645
2017-07-07 13:30:00,0.18969823,-7.0204086
2017-07-07 14:00:00,0.18969823,-6.531849
2017-07-07 14:30:00,0.18969823,-6.170169
2017-07-07 15:00:00,0.18969823,-5.9158096
2017-07-07 15:30:00,0.18969823,-6.1662164
2017-07-07 16:00:00,0.18969823,-5.017426
2017-07-07 16:30:00,0.18969823,-4.0845914
2017-07-07 17:00:00,0.18969823,-3.4338636
2017-07-07 17:30:00,0.18969823,-2.8738923
2017-07-07 18:00:00,0.18969823,-1.5241766
2017-07-07 18:30:00,0.18969823,-0.29055706
2017-07-07 19:00:00,0.18969823,0.78700674
2017-07-07 19:30:00,0.18969823,1.6372051
2017-07-07 20:00:00,0.18969823,2.3175719
2017-07-07 20:30:00,0.18969823,3.424722
2017-07-07 21:00:00,0.18969823,3.3110676
2017-07-07 21:30:00,0.18969823,3.4796557
2017-07-07 22:00:00,0.18969823,4.0507765
2017-07-07 22:30:00,0.18969823,4.196783
2017-07-07 23:00:00,0.18969823,3.9205956
2017-07-07 23:30:00,0.18969823,3.7236834
2017-07-08 00:00:00,0.18969823,3.6640093
2017-07-08 00:30:00,0.18969823,3.2530553
2017-07-08 01:00:00,0.18969823,2.9316554
2017-07-08 01:30:00,0.18969823,3.605914
2017-07-08 02:00:00,0.18969823,4.2257323
2017-07-08 02:30:00,0.18969823,3.5660713
2017-07-08 03:00:00,0.18969823,3.4060364
2017-07-08 03:30:00,0.18969823,3.697616
2017-07-08 04:00:00,0.18969823,3.3621693
2017-07-08 04:30:00,0.18969823,3.9882312
2017-07-08 05:00:00,0.18969823,4.175294
2017-07-08 05:30:00,0.18969823,4.8924627
2017-07-08 06:00:00,0.18969823,5.2832956
2017-07-08 06:30:00,0.18969823,5.715456
2017-07-08 07:00:00,0.18969823,4.785606
2017-07-08 07:30:00,0.18969823,4.351128
2017-07-08 08:00:00,0.18969823,3.4373937
2017-07-08 08:30:00,0.18969823,2.2791193
2017-07-08 09:00:00,0.18969823,1.4366604
2017-07-08 09:30:00,0.18969823,-0.22257088
2017-07-08 10:00:00,0.18969823,-1.1443237
2017-07-08 10:30:00,0.18969823,-1.5085318
2017-07-08 11:00:00,0.18969823,-2.2370725
2017-07-08 11:30:00,0.18969823,-4.769841
2017-07-08 12:00:00,0.18969823,-5.8174305
2017-07-08 12:30:00,0.18969823,-6.268657
2017-07-08 13:00:00,0.18969823,-6.8862453
2017-07-08 13:30:00,0.18969823,-7.164166
2017-07-08 14:00:00,0.18969823,-6.281171
2017-07-08 14:30:00,0.18969823,-5.744938
2017-07-08 15:00:00,0.18969823,-5.120432
2017-07-08 15:30:00,0.18969823,-5.3426166
2017-07-08 16:00:00,0.18969823,-3.980436
2017-07-08 16:30:00,0.18969823,-3.1635919
2017-07-08 17:00:00,0.18969823,-1.980068
2017-07-08 17:30:00,0.18969823,-1.2006403
2017-07-08 18:00:00,0.18969823,-0.111663304
2017-07-08 18:30:00,0.18969823,0.6149858
2017-07-08 19:00:00,0.18969823,1.154056
2017-07-08 19:30:00,0.18969823,1.6972747
2017-07-08 20:00:00,0.18969823,2.543916
2017-07-08 20:30:00,0.18969823,3.0029047
2017-07-08 21:00:00,0.18969823,3.2727017
2017-07-08 21:30:00,0.18969823,3.907385
2017-07-08 22:00:00,0.18969823,2.9833713
2017-07-08 22:30:00,0.18969823,3.2692163
2017-07-08 23:00:00,0.18969823,2.5558908
2017-07-08 23:30:00,0.18969823,2.3816204
2017-07-09 00:00:00,0.18969823,2.646598
2017-07-09 00:30:00,0.18969823,2.5122385
2017-07-09 01:00:00,0.18969823,2.6162016
2017-07-09 01:30:00,0.18969823,2.9731488
2017-07-09 02:00:00,0.18969823,2.697534
2017-07-09 02:30:00,0.18969823,3.059632
2017-07-09 03:00:00,0.18969823,3.1951184
2017-07-09 03:30:00,0.18969823,2.9776778
2017-07-09 04:00:00,0.18969823,3.1842928
2017-07-09 04:30:00,0.18969823,3.4422092
2017-07-09 05:00:00,0.18969823,3.774167
2017-07-09 05:30:00,0.18969823,4.3172045
2017-07-09 06:00:00,0.18969823,4.509494
2017-07-09 06:30:00,0.18969823,4.401887
2017-07-09 07:00:00,0.18969823,4.060882
2017-07-09 07:30:00,0.18969823,3.9666216
2017-07-09 08:00:00,0.18969823,3.3743398
2017-07-09 08:30:00,0.18969823,3.8078117
2017-07-09 09:00:00,0.18969823,2.6736825
2017-07-09 09:30:00,0.18969823,1.248682
2017-07-09 10:00:00,0.18969823,-0.8937398
2017-07-09 10:30:00,0.18969823,-2.357694
2017-07-09 11:00:00,0.18969823,-3.6348078
2017-07-09 11:30:00,0.18969823,-4.758767
2017-07-09 12:00:00,0.18969823,-5.2670903
2017-07-09 12:30:00,0.18969823,-6.490608
2017-07-09 13:00:00,0.18969823,-6.2534833
2017-07-09 13:30:00,0.18969823,-7.8766546
2017-07-09 14:00:00,0.18969823,-8.20891
2017-07-09 14:30:00,0.18969823,-8.433887
2017-07-09 15:00:00,0.18969823,-8.075598
2017-07-09 15:30:00,0.18969823,-7.802282
2017-07-09 16:00:00,0.18969823,-6.8479586
2017-07-09 16:30:00,0.18969823,-6.141042
2017-07-09 17:00:00,0.18969823,-5.093634
2017-07-09 17:30:00,0.18969823,-4.2726827
2017-07-09 18:00:00,0.18969823,-2.9891105
2017-07-09 18:30:00,0.18969823,-2.0623763
2017-07-09 19:00:00,0.18969823,-2.2417185
2017-07-09 19:30:00,0.18969823,-2.0041003
2017-07-09 20:00:00,0.18969823,-0.6040516
2017-07-09 20:30:00,0.18969823,0.26791078
2017-07-09 21:00:00,0.18969823,-0.015639378
2017-07-09 21:30:00,0.18969823,0.67369145
2017-07-09 22:00:00,0.18969823,0.97155625
2017-07-09 22:30:00,0.18969823,1.3083221
2017-07-09 23:00:00,0.18969823,1.0313244
2017-07-09 23:30:00,0.18969823,0.5968655
2017-07-10 00:00:00,0.18969823,0.69478095
2017-07-10 00:30:00,0.18969823,0.46822566
2017-07-10 01:00:00,0.18969823,0.29416627
2017-07-10 01:30:00,0.18969823,1.3330138
2017-07-10 02:00:00,0.18969823,1.6534452
2017-07-10 02:30:00,0.18969823,1.3888294
2017-07-10 03:00:00,0.18969823,1.8277948
2017-07-10 03:30:00,0.18969823,1.5469538
2017-07-10 04:00:00,0.18969823,1.4668157
2017-07-10 04:30:00,0.18969823,1.8736062
2017-07-10 05:00:00,0.18969823,2.1879108
2017-07-10 05:30:00,0.18969823,2.2081451
2017-07-10 06:00:00,0.18969823,2.4648368
2017-07-10 06:30:00,0.18969823,2.5546625
2017-07-10 07:00:00,0.18969823,2.7274935
2017-07-10 07:30:00,0.18969823,2.6595488
2017-07-10 08:00:00,0.18969823,1.8413596
2017-07-10 08:30:00,0.18969823,1.0456127
2017-07-10 09:00:00,0.18969823,-0.23369403
2017-07-10 09:30:00,0.18969823,-2.0271192
2017-07-10 10:00:00,0.18969823,-2.801848
2017-07-10 10:30:00,0.18969823,-4.2422676
2017-07-10 11:00:00,0.18969823,-4.424221
2017-07-10 11:30:00,0.18969823,-6.2930512
2017-07-10 12:00:00,0.18969823,-5.831768
2017-07-10 12:30:00,0.18969823,-7.282911
2017-07-10 13:00:00,0.18969823,-7.365438
2017-07-10 13:30:00,0.18969823,-7.5813184
2017-07-10 14:00:00,0.18969823,-7.620513
2017-07-10 14:30:00,0.18969823,-7.267443
2017-07-10 15:00:00,0.18969823,-6.8686748
2017-07-10 15:30:00,0.18969823,-7.2500877
2017-07-10 16:00:00,0.18969823,-6.217921
2017-07-10 16:30:00,0.18969823,-6.267312
2017-07-10 17:00:00,0.18969823,-5.2798038
2017-07-10 17:30:00,0.18969823,-3.7084534
2017-07-10 18:00:00,0.18969823,-3.0799685
2017-07-10 18:30:00,0.18969823,-2.5155923
2017-07-10 19:00:00,0.18969823,-2.0060446
2017-07-10 19:30:00,0.18969823,-1.3487419
2017-07-10 20:00:00,0.18969823,-0.29767483
2017-07-10 20:30:00,0.18969823,1.0366675
2017-07-10 21:00:00,0.18969823,1.6685059
2017-07-10 21:30:00,0.18969823,2.036991
2017-07-10 22:00:00,0.18969823,1.917545
2017-07-10 22:30:00,0.18969823,2.743485
2017-07-10 23:00:00,0.18969823,2.0551074
2017-07-10 23:30:00,0.18969823,1.6551484
2017-07-11 00:00:00,0.18969823,1.1348542
2017-07-11 00:30:00,0.18969823,1.1770333
2017-07-11 01:00:00,0.18969823,1.4712696
2017-07-11 01:30:00,0.18969823,1.2746549
2017-07-11 02:00:00,0.18969823,1.8730975
2017-07-11 02:30:00,0.18969823,1.2483127
2017-07-11 03:00:00,0.18969823,2.0933375
2017-07-11 03:30:00,0.18969823,2.08963
2017-07-11 04:00:00,0.18969823,1.7707735
2017-07-11 04:30:00,0.18969823,1.5580732
2017-07-11 05:00:00,0.18969823,2.2438169
2017-07-11 05:30:00,0.18969823,2.7663229
2017-07-11 06:00:00,0.18969823,3.0200229
2017-07-11 06:30:00,0.18969823,2.5794747
2017-07-11 07:00:00,0.18969823,2.845545
2017-07-11 07:30:00,0.18969823,2.6919384
2017-07-11 08:00:00,0.18969823,2.9204307
2017-07-11 08:30:00,0.18969823,3.124845
2017-07-11 09:00:00,0.18969823,2.6901977
2017-07-11 09:30:00,0.18969823,1.5555637
2017-07-11 10:00:00,0.18969823,0.63828343
2017-07-11 10:30:00,0.18969823,-0.4900618
2017-07-11 11:00:00,0.18969823,-1.3064724
2017-07-11 11:30:00,0.18969823,-1.7214922
2017-07-11 12:00:00,0.18969823,-2.1095366
2017-07-11 12:30:00,0.18969823,-2.911079
2017-07-11 13:00:00,0.18969823,-4.011677
2017-07-11 13:30:00,0.18969823,-5.0843644
2017-07-11 14:00:00,0.18969823,-4.891895
2017-07-11 14:30:00,0.18969823,-5.449854
2017-07-11 15:00:00,0.18969823,-5.411258
2017-07-11 15:30:00,0.18969823,-5.1501164
2017-07-11 16:00:00,0.18969823,-4.5438323
2017-07-11 16:30:00,0.18969823,-4.193668
2017-07-11 17:00:00,0.18969823,-3.4521122
2017-07-11 17:30:00,0.18969823,-2.1148872
2017-07-11 18:00:00,0.18969823,-0.8782872
2017-07-11 18:30:00,0.18969823,-0.2859789
2017-07-11 19:00:00,0.18969823,0.80762154
2017-07-11 19:30:00,0.18969823,1.9459181
2017-07-11 20:00:00,0.18969823,3.1267517
2017-07-11 20:30:00,0.18969823,4.147064
2017-07-11 21:00:00,0.18969823,4.2651234
2017-07-11 21:30:00,0.18969823,4.78096
2017-07-11 22:00:00,0.18969823,5.157384
2017-07-11 22:30:00,0.18969823,5.247345
2017-07-11 23:00:00,0.18969823,5.6174955
2017-07-11 23:30:00,0.18969823,4.821692
2017-07-12 00:00:00,0.18969823,5.2133956
2017-07-12 00:30:00,0.18969823,4.501536
2017-07-12 01:00:00,0.18969823,4.632282
2017-07-12 01:30:00,0.18969823,4.529061
2017-07-12 02:00:00,0.18969823,4.567355
2017-07-12 02:30:00,0.18969823,4.607654
2017-07-12 03:00:00,0.18969823,4.5060196
2017-07-12 03:30:00,0.18969823,3.7616649
2017-07-12 04:00:00,0.18969823,3.6522381
2017-07-12 04:30:00,0.18969823,3.575254
2017-07-12 05:00:00,0.18969823,4.2247944
2017-07-12 05:30:00,0.18969823,4.3481436
2017-07-12 06:00:00,0.18969823,4.479455
2017-07-12 06:30:00,0.18969823,4.6022434
2017-07-12 07:00:00,0.18969823,4.8670626
2017-07-12 07:30:00,0.18969823,4.799129
2017-07-12 08:00:00,0.18969823,4.775142
2017-07-12 08:30:00,0.18969823,4.11776
2017-07-12 09:00:00,0.18969823,2.6516058
2017-07-12 09:30:00,0.18969823,1.7423401
2017-07-12 10:00:00,0.18969823,1.0394633
2017-07-12 10:30:00,0.18969823,0.09739334
2017-07-12 11:00:00,0.18969823,-0.92400825
2017-07-12 11:30:00,0.18969823,-1.9116749
2017-07-12 12:00:00,0.18969823,-2.8957243
2017-07-12 12:30:00,0.18969823,-3.8843968
2017-07-12 13:00:00,0.18969823,-4.672073
2017-07-12 13:30:00,0.18969823,-3.8660166
2017-07-12 14:00:00,0.18969823,-4.3359513
2017-07-12 14:30:00,0.18969823,-4.145343
2017-07-12 15:00:00,0.18969823,-4.32912
2017-07-12 15:30:00,0.18969823,-4.7883086
2017-07-12 16:00:00,0.18969823,-3.4989598
2017-07-12 16:30:00,0.18969823,-3.0519233
2017-07-12 17:00:00,0.18969823,-2.141953
2017-07-12 17:30:00,0.18969823,-0.8539346
2017-07-12 18:00:00,0.18969823,0.38642597
2017-07-12 18:30:00,0.18969823,1.3053981
2017-07-12 19:00:00,0.18969823,1.8245957
2017-07-12 19:30:00,0.18969823,2.3233557
2017-07-12 20:00:00,0.18969823,2.875124
2017-07-12 20:30:00,0.18969823,3.7430584
2017-07-12 21:00:00,0.18969823,4.7092395
2017-07-12 21:30:00,0.18969823,4.3457513
2017-07-12 22:00:00,0.18969823,4.723867
2017-07-12 22:30:00,0.18969823,4.682351
2017-07-12 23:00:00,0.18969823,4.302291
2017-07-12 23:30:00,0.18969823,4.189398
2017-07-13 00:00:00,0.18969823,4.4484706
2017-07-13 00:30:00,0.18969823,3.927668
2017-07-13 01:00:00,0.18969823,3.9167712
2017-07-13 01:30:00,0.18969823,4.032445
2017-07-13 02:00:00,0.18969823,4.298165
2017-07-13 02:30:00,0.18969823,4.6584544
2017-07-13 03:00:00,0.18969823,4.8221555
2017-07-13 03:30:00,0.18969823,4.1312423
2017-07-13 04:00:00,0.18969823,4.221049
2017-07-13 04:30:00,0.18969823,4.2550964
2017-07-13 05:00:00,0.18969823,4.1195536
2017-07-13 05:30:00,0.18969823,4.571172
2017-07-13 06:00:00,0.18969823,4.78434
2017-07-13 06:30:00,0.18969823,5.0155864
2017-07-13 07:00:00,0.18969823,5.040191
2017-07-13 07:30:00,0.18969823,5.2290816
2017-07-13 08:00:00,0.18969823,5.104417
2017-07-13 08:30:00,0.18969823,4.219323
2017-07-13 09:00:00,0.18969823,3.3964243
2017-07-13 09:30:00,0.18969823,2.1779218
2017-07-13 10:00:00,0.18969823,0.9264268
2017-07-13 10:30:00,0.18969823,-0.45165825
2017-07-13 11:00:00,0.18969823,-0.8433879
2017-07-13 11:30:00,0.18969823,-1.4714094
2017-07-13 12:00:00,0.18969823,-2.707388
2017-07-13 12:30:00,0.18969823,-3.762238
2017-07-13 13:00:00,0.18969823,-4.9683514
2017-07-13 13:30:00,0.18969823,-5.3696856
2017-07-13 14:00:00,0.18969823,-6.0835123
2017-07-13 14:30:00,0.18969823,-5.899558
2017-07-13 15:00:00,0.18969823,-4.7110415
2017-07-13 15:30:00,0.18969823,-5.0548425
2017-07-13 16:00:00,0.18969823,-4.568317
2017-07-13 16:30:00,0.18969823,-4.3483367
2017-07-13 17:00:00,0.18969823,-3.5562146
2017-07-13 17:30:00,0.18969823,-2.6625636
2017-07-13 18:00:00,0.18969823,-1.0050882
2017-07-13 18:30:00,0.18969823,0.013027632
2017-07-13 19:00:00,0.18969823,0.28972757
2017-07-13 19:30:00,0.18969823,0.97052383
2017-07-13 20:00:00,0.18969823,1.7144153
2017-07-13 20:30:00,0.18969823,2.9534383
2017-07-13 21:00:00,0.18969823,2.8544114
2017-07-13 21:30:00,0.18969823,3.3383555
2017-07-13 22:00:00,0.18969823,3.513794
2017-07-13 22:30:00,0.18969823,3.8190742
2017-07-13 23:00:00,0.18969823,4.619742
2017-07-13 23:30:00,0.18969823,4.0400486
2017-07-14 00:00:00,0.18969823,4.5127378
2017-07-14 00:30:00,0.18969823,3.7724264
2017-07-14 01:00:00,0.18969823,3.8840008
2017-07-14 01:30:00,0.18969823,4.3355207
2017-07-14 02:00:00,0.18969823,4.7310224
2017-07-14 02:30:00,0.18969823,4.5802646
2017-07-14 03:00:00,0.18969823,4.6209135
2017-07-14 03:30:00,0.18969823,4.8967204
2017-07-14 04:00:00,0.18969823,5.28154
2017-07-14 04:30:00,0.18969823,5.1460085
2017-07-14 05:00:00,0.18969823,5.3110657
2017-07-14 05:30:00,0.18969823,5.858889
2017-07-14 06:00:00,0.18969823,6.011825
2017-07-14 06:30:00,0.18969823,5.4769263
2017-07-14 07:00:00,0.18969823,5.1453714
2017-07-14 07:30:00,0.18969823,4.982752
2017-07-14 08:00:00,0.18969823,3.9559243
2017-07-14 08:30:00,0.18969823,3.1320493
2017-07-14 09:00:00,0.18969823,1.9648108
2017-07-14 09:30:00,0.18969823,0.9587601
2017-07-14 10:00:00,0.18969823,-1.1364335
2017-07-14 10:30:00,0.18969823,-2.1558154
2017-07-14 11:00:00,0.18969823,-3.3202808
2017-07-14 11:30:00,0.18969823,-3.8871062
2017-07-14 12:00:00,0.18969823,-4.313837
2017-07-14 12:30:00,0.18969823,-4.99345
2017-07-14 13:00:00,0.18969823,-5.5578976
2017-07-14 13:30:00,0.18969823,-6.50695
2017-07-14 14:00:00,0.18969823,-6.9119053
2017-07-14 14:30:00,0.18969823,-7.244745
2017-07-14 15:00:00,0.18969823,-6.69971
2017-07-14 15:30:00,0.18969823,-6.677901
2017-07-14 16:00:00,0.18969823,-5.825385
2017-07-14 16:30:00,0.18969823,-6.1721888
2017-07-14 17:00:00,0.18969823,-5.591942
2017-07-14 17:30:00,0.18969823,-4.571143
2017-07-14 18:00:00,0.18969823,-3.6601138
2017-07-14 18:30:00,0.18969823,-2.7583048
2017-07-14 19:00:00,0.18969823,-1.4129187
2017-07-14 19:30:00,0.18969823,-0.8427285
2017-07-14 20:00:00,0.18969823,0.6551189
2017-07-14 20:30:00,0.18969823,0.75354683
2017-07-14 21:00:00,0.18969823,0.79449
2017-07-14 21:30:00,0.18969823,1.1409734
2017-07-14 22:00:00,0.18969823,1.7704117
2017-07-14 22:30:00,0.18969823,2.7826383
2017-07-14 23:00:00,0.18969823,2.4882324
2017-07-14 23:30:00,0.18969823,2.9595952
2017-07-15 00:00:00,0.18969823,3.2984183
2017-07-15 00:30:00,0.18969823,2.9010253
2017-07-15 01:00:00,0.18969823,2.8073752
2017-07-15 01:30:00,0.18969823,3.605364
2017-07-15 02:00:00,0.18969823,3.3463511
2017-07-15 02:30:00,0.18969823,3.6205378
2017-07-15 03:00:00,0.18969823,4.256404
2017-07-15 03:30:00,0.18969823,3.7218256
2017-07-15 04:00:00,0.18969823,3.8802478
2017-07-15 04:30:00,0.18969823,3.6123273
2017-07-15 05:00:00,0.18969823,3.6702719
2017-07-15 05:30:00,0.18969823,4.1084685
2017-07-15 06:00:00,0.18969823,3.9238324
2017-07-15 06:30:00,0.18969823,3.8436756
2017-07-15 07:00:00,0.18969823,4.171507
2017-07-15 07:30:00,0.18969823,3.338167
2017-07-15 08:00:00,0.18969823,3.1501548
2017-07-15 08:30:00,0.18969823,1.8295996
2017-07-15 09:00:00,0.18969823,0.60451454
2017-07-15 09:30:00,0.18969823,-1.1311432
2017-07-15 10:00:00,0.18969823,-2.5983644
2017-07-15 10:30:00,0.18969823,-3.0417798
2017-07-15 11:00:00,0.18969823,-4.4177175
2017-07-15 11:30:00,0.18969823,-4.992448
2017-07-15 12:00:00,0.18969823,-5.1834145
2017-07-15 12:30:00,0.18969823,-6.056292
2017-07-15 13:00:00,0.18969823,-7.1760316
2017-07-15 13:30:00,0.18969823,-7.871071
2017-07-15 14:00:00,0.18969823,-8.01927
2017-07-15 14:30:00,0.18969823,-8.342572
2017-07-15 15:00:00,0.18969823,-8.103862
2017-07-15 15:30:00,0.18969823,-8.423321
2017-07-15 16:00:00,0.18969823,-7.8897223
2017-07-15 16:30:00,0.18969823,-7.150963
2017-07-15 17:00:00,0.18969823,-6.1689444
2017-07-15 17:30:00,0.18969823,-5.632527
2017-07-15 18:00:00,0.18969823,-4.1128626
2017-07-15 18:30:00,0.18969823,-2.9097488
2017-07-15 19:00:00,0.18969823,-1.6879833
2017-07-15 19:30:00,0.18969823,-1.1071485
2017-07-15 20:00:00,0.18969823,0.73000807
2017-07-15 20:30:00,0.18969823,1.7843949
2017-07-15 21:00:00,0.18969823,2.2650194
2017-07-15 21:30:00,0.18969823,3.0118048
2017-07-15 22:00:00,0.18969823,2.7612247
2017-07-15 22:30:00,0.18969823,2.6766667
2017-07-15 23:00:00,0.18969823,3.3245344
2017-07-15 23:30:00,0.18969823,2.4365807
2017-07-16 00:00:00,8.764077,2.848424
2017-07-16 00:30:00,6.859834,1.956981
2017-07-16 01:00:00,4.901585,2.4833264
2017-07-16 01:30:00,4.0112762,2.77751
2017-07-16 02:00:00,9.209847,3.3615851
2017-07-16 02:30:00,5.6638417,3.1724951
2017-07-16 03:00:00,7.11471,3.4014847
2017-07-16 03:30:00,7.5332603,3.7872233
2017-07-16 04:00:00,8.263256,3.8130417
2017-07-16 04:30:00,6.9782777,3.5216842
2017-07-16 05:00:00,6.372578,3.743228
2017-07-16 05:30:00,4.6424217,3.8490074
2017-07-16 06:00:00,6.7813053,4.4995384
2017-07-16 06:30:00,1.950937,3.9198608
2017-07-16 07:00:00,0.6676023,3.8494744
2017-07-16 07:30:00,9.423584,3.8793058
2017-07-16 08:00:00,-2.4239242,3.1709127
2017-07-16 08:30:00,-8.91976,2.428517
2017-07-16 09:00:00,-13.392476,1.0431371
2017-07-16 09:30:00,-11.581387,-0.8044267
2017-07-16 10:00:00,-16.983791,-2.8662357
2017-07-16 10:30:00,-13.849728,-4.2031817
2017-07-16 11:00:00,-6.6213617,-6.311383
2017-07-16 11:30:00,-11.37724,-6.23733
2017-07-16 12:00:00,-11.072848,-7.1964765
2017-07-16 12:30:00,-11.786645,-7.3896813
2017-07-16 13:00:00,-8.244807,-8.052032
2017-07-16 13:30:00,-1.2802885,-8.766575
2017-07-16 14:00:00,-10.089232,-10.086584
2017-07-16 14:30:00,-10.153331,-10.493306
2017-07-16 15:00:00,-10.687743,-9.438603
2017-07-16 15:30:00,-7.876135,-8.943302
2017-07-16 16:00:00,-10.42997,-8.537111
2017-07-16 16:30:00,-7.8313146,-7.3868966
2017-07-16 17:00:00,-9.321396,-6.796099
2017-07-16 17:30:00,-9.545765,-5.586659
2017-07-16 18:00:00,-4.818886,-4.2817187
2017-07-16 18:30:00,0.9349049,-2.1428573
2017-07-16 19:00:00,3.598638,-1.2505288
2017-07-16 19:30:00,6.262371,-0.01665674
2017-07-16 20:00:00,8.116549,1.388622
2017-07-16 20:30:00,9.216705,2.1516588
2017-07-16 21:00:00,6.8306737,2.1856425
2017-07-16 21:30:00,4.476467,2.5458376
2017-07-16 22:00:00,7.144722,3.1515188
2017-07-16 22:30:00,9.812982,3.3196285
2017-07-16 23:00:00,7.103293,3.1340692
2017-07-16 23:30:00,6.3279195,2.8373234
2017-07-17 00:00:00,9.458532,3.6019351
2017-07-17 00:30:00,12.962791,4.2934623
2017-07-17 01:00:00,6.10182,4.0926466
2017-07-17 01:30:00,4.68792,4.3839436
2017-07-17 02:00:00,5.397263,4.629177
2017-07-17 02:30:00,6.467415,4.7222805
2017-07-17 03:00:00,4.7619653,4.5880527
2017-07-17 03:30:00,2.0577526,4.223261
2017-07-17 04:00:00,3.310653,4.9227653
2017-07-17 04:30:00,4.5635533,5.587415
2017-07-17 05:00:00,2.1590328,5.7394204
2017-07-17 05:30:00,4.8448277,6.188771
2017-07-17 06:00:00,7.5306187,6.2275434
2017-07-17 06:30:00,9.729836,6.3574195
2017-07-17 07:00:00,4.743061,5.273815
2017-07-17 07:30:00,-2.5689437,5.7408185
2017-07-17 08:00:00,-9.880948,4.9569635
2017-07-17 08:30:00,-11.45627,3.0990567
2017-07-17 09:00:00,-11.100404,1.213176
2017-07-17 09:30:00,-15.999067,-0.08902134
2017-07-17 10:00:00,-18.590002,-2.952704
2017-07-17 10:30:00,-18.244719,-5.42604
2017-07-17 11:00:00,-20.284853,-6.856945
2017-07-17 11:30:00,-27.131561,-8.311204
2017-07-17 12:00:00,-18.728666,-10.585826
2017-07-17 12:30:00,-14.79705,-11.094247
2017-07-17 13:00:00,-15.84531,-12.660974
2017-07-17 13:30:00,-18.295412,-12.261316
2017-07-17 14:00:00,-9.36131,-13.223078
2017-07-17 14:30:00,0.19008258,-14.008934
2017-07-17 15:00:00,-21.579443,-13.326125
2017-07-17 15:30:00,-43.34897,-13.077407
2017-07-17 16:00:00,-14.356416,-12.397266
2017-07-17 16:30:00,-11.529366,-11.570791
2017-07-17 17:00:00,-13.113956,-9.495741
2017-07-17 17:30:00,-20.820663,-9.048124
2017-07-17 18:00:00,7.5147367,-6.9516764
2017-07-17 18:30:00,5.950143,-4.457074
2017-07-17 19:00:00,5.828632,-1.9916885
2017-07-17 19:30:00,7.959893,-0.94889593
2017-07-17 20:00:00,4.274532,1.0498366
2017-07-17 20:30:00,27.479921,2.0300238
2017-07-17 21:00:00,28.53755,2.7241852
2017-07-17 21:30:00,29.59517,3.0156255
2017-07-17 22:00:00,30.652796,3.6472228
2017-07-17 22:30:00,31.710415,4.7806997
2017-07-17 23:00:00,32.76804,4.878521
2017-07-17 23:30:00,9.000783,4.799536
2017-07-18 00:00:00,1.8594611,4.4368806
2017-07-18 00:30:00,11.103453,5.224093
2017-07-18 01:00:00,7.761873,4.7882547
2017-07-18 01:30:00,4.420294,4.4695415
2017-07-18 02:00:00,-2.8676488,4.0940633
2017-07-18 02:30:00,6.7739162,4.63657
2017-07-18 03:00:00,2.5871727,4.6942883
2017-07-18 03:30:00,23.840176,4.798202
2017-07-18 04:00:00,14.997708,5.216459
2017-07-18 04:30:00,2.610429,5.3486667
2017-07-18 05:00:00,3.1904874,5.513958
2017-07-18 05:30:00,4.8781066,5.9068484
2017-07-18 06:00:00,15.349949,6.7608147
2017-07-18 06:30:00,1.0123488,7.1478195
2017-07-18 07:00:00,21.646034,6.9539404
2017-07-18 07:30:00,12.1759405,5.341542
2017-07-18 08:00:00,2.8605871,3.3640118
2017-07-18 08:30:00,-6.4547706,1.2155688
2017-07-18 09:00:00,-10.395556,-0.87635046
2017-07-18 09:30:00,-14.336348,-3.5658646
2017-07-18 10:00:00,-11.887624,-6.2969813
2017-07-18 10:30:00,-5.8570175,-9.0538025
2017-07-18 11:00:00,-11.656713,-11.899607
2017-07-18 11:30:00,-13.229118,-14.250467
2017-07-18 12:00:00,-7.4191847,-15.331916
2017-07-18 12:30:00,-12.066379,-17.06058
2017-07-18 13:00:00,-15.075167,-17.437943
2017-07-18 13:30:00,-12.16958,-18.90304
2017-07-18 14:00:00,-4.866453,-18.481644
2017-07-18 14:30:00,-5.3770256,-17.66013
2017-07-18 15:00:00,-10.593023,-17.821148
2017-07-18 15:30:00,-11.349631,-20.709091
2017-07-18 16:00:00,-6.8517265,-19.119143
2017-07-18 16:30:00,-8.479461,-17.552961
2017-07-18 17:00:00,-1.8376598,-15.559917
2017-07-18 17:30:00,20.578836,-12.329434
2017-07-18 18:00:00,3.8027248,-8.11876
2017-07-18 18:30:00,8.956728,-4.4718223
2017-07-18 19:00:00,11.342397,-2.4454434
2017-07-18 19:30:00,14.48125,-0.81420094
2017-07-18 20:00:00,26.082338,-0.09774428
2017-07-18 20:30:00,9.118699,2.307353
2017-07-18 21:00:00,5.948372,5.2718673
2017-07-18 21:30:00,5.6890197,6.8841944
2017-07-18 22:00:00,2.9887822,7.5518327
2017-07-18 22:30:00,2.3647811,7.5381474
2017-07-18 23:00:00,7.295627,8.68256
2017-07-18 23:30:00,8.59284,9.108496
2017-07-19 00:00:00,6.6667237,7.797228
2017-07-19 00:30:00,7.0424204,7.6543527
2017-07-19 01:00:00,5.0577087,7.781636
2017-07-19 01:30:00,4.238103,7.234333
2017-07-19 02:00:00,1.0654739,6.3408628
2017-07-19 02:30:00,5.3634524,6.156637
2017-07-19 03:00:00,9.661436,6.0932217
2017-07-19 03:30:00,8.035292,7.6413455
2017-07-19 04:00:00,6.3688817,8.718544
2017-07-19 04:30:00,5.6697087,8.464227
2017-07-19 05:00:00,3.988966,7.638497
2017-07-19 05:30:00,2.186204,7.6721454
2017-07-19 06:00:00,1.3686742,7.104736
2017-07-19 06:30:00,3.0917203,5.7254415
2017-07-19 07:00:00,7.853002,6.2309346
2017-07-19 07:30:00,-7.6709557,5.595724
2017-07-19 08:00:00,-5.5185747,3.9079201
2017-07-19 08:30:00,-6.7295074,0.8834489
2017-07-19 09:00:00,-7.940439,-2.5368214
2017-07-19 09:30:00,-10.897426,-6.4034915
2017-07-19 10:00:00,-15.943934,-9.269416
2017-07-19 10:30:00,-12.058933,-10.4997835
2017-07-19 11:00:00,-10.077616,-12.621199
2017-07-19 11:30:00,-11.021939,-14.543671
2017-07-19 12:00:00,-8.552191,-16.43277
2017-07-19 12:30:00,-15.135387,-17.324226
2017-07-19 13:00:00,-10.68148,-18.46123
2017-07-19 13:30:00,-11.230141,-19.643898
2017-07-19 14:00:00,-8.7118,-18.631351
2017-07-19 14:30:00,-3.468194,-18.192076
2017-07-19 15:00:00,-10.248013,-17.82764
2017-07-19 15:30:00,-13.304452,-18.011086
2017-07-19 16:00:00,-12.910107,-16.380138
2017-07-19 16:30:00,-7.882205,-15.854053
2017-07-19 17:00:00,-9.356464,-14.066844
2017-07-19 17:30:00,-5.6179485,-8.919273
2017-07-19 18:00:00,-0.6607111,-5.5023346
2017-07-19 18:30:00,1.3288765,-2.7820208
2017-07-19 19:00:00,3.3184605,-0.49385995
2017-07-19 19:30:00,6.048981,1.1054034
2017-07-19 20:00:00,4.399803,3.5787845
2017-07-19 20:30:00,5.192705,4.449217
2017-07-19 21:00:00,5.985611,4.6226583
2017-07-19 21:30:00,13.01138,4.9166307
2017-07-19 22:00:00,11.001551,5.581718
2017-07-19 22:30:00,8.991721,5.755725
2017-07-19 23:00:00,6.981891,6.553627
2017-07-19 23:30:00,2.1730723,6.9922686
2017-07-20 00:00:00,3.9098644,7.4669847
2017-07-20 00:30:00,3.1434815,7.065157
2017-07-20 01:00:00,2.0735216,7.089325
2017-07-20 01:30:00,1.0035617,7.13592
2017-07-20 02:00:00,15.5622015,6.774146
2017-07-20 02:30:00,8.991582,7.0350204
2017-07-20 03:00:00,3.3830667,7.5920525
2017-07-20 03:30:00,3.9426422,6.734823
2017-07-20 04:00:00,2.3099341,6.364021
2017-07-20 04:30:00,1.7934946,6.359047
2017-07-20 05:00:00,8.485678,6.496293
2017-07-20 05:30:00,10.504893,6.4802566
2017-07-20 06:00:00,6.8264008,7.148475
2017-07-20 06:30:00,8.346962,6.216443
2017-07-20 07:00:00,7.9119077,6.0314713
2017-07-20 07:30:00,-4.498108,3.6643033
2017-07-20 08:00:00,-2.6773908,1.7407651
2017-07-20 08:30:00,-11.323727,-0.84748
2017-07-20 09:00:00,-7.3307986,-4.261737
2017-07-20 09:30:00,-10.446515,-7.2295938
2017-07-20 10:00:00,-10.261574,-9.24096
2017-07-20 10:30:00,-13.663158,-11.264112
2017-07-20 11:00:00,-19.180294,-13.422975
2017-07-20 11:30:00,-12.641357,-15.046613
2017-07-20 12:00:00,-14.243571,-16.376652
2017-07-20 12:30:00,-15.28055,-18.881716
2017-07-20 13:00:00,-13.71891,-19.67911
2017-07-20 13:30:00,-16.648792,-20.373331
2017-07-20 14:00:00,-10.853988,-19.596485
2017-07-20 14:30:00,-19.837862,-18.850145
2017-07-20 15:00:00,-16.899038,-17.103727
2017-07-20 15:30:00,-11.063448,-15.69338
2017-07-20 16:00:00,-10.265033,-14.65659
2017-07-20 16:30:00,-9.430992,-14.033135
2017-07-20 17:00:00,-5.376758,-11.938843
2017-07-20 17:30:00,-4.640512,-8.379872
2017-07-20 18:00:00,-1.2439799,-5.41922
2017-07-20 18:30:00,1.5533744,-2.020171
2017-07-20 19:00:00,3.3247378,0.6690907
2017-07-20 19:30:00,4.346689,1.5816985
2017-07-20 20:00:00,5.368637,3.477738
2017-07-20 20:30:00,3.8250277,4.5440273
2017-07-20 21:00:00,6.620875,5.1026797
2017-07-20 21:30:00,5.3320575,6.0151258
2017-07-20 22:00:00,6.051363,6.980987
2017-07-20 22:30:00,4.521909,7.687956
2017-07-20 23:00:00,-1.6447492,7.0944567
2017-07-20 23:30:00,1.5596368,6.39311
2017-07-21 00:00:00,6.35488,6.8368006
2017-07-21 00:30:00,6.4696307,6.775005
2017-07-21 01:00:00,8.697342,6.4764957
2017-07-21 01:30:00,4.2451754,5.795489
2017-07-21 02:00:00,3.5856047,7.090704
2017-07-21 02:30:00,2.9260335,8.889755
2017-07-21 03:00:00,2.2664664,7.9794116
2017-07-21 03:30:00,6.754375,7.020875
2017-07-21 04:00:00,6.174848,6.8493404
2017-07-21 04:30:00,4.869715,6.8444643
2017-07-21 05:00:00,4.367014,7.8290524
2017-07-21 05:30:00,2.594287,8.94935
2017-07-21 06:00:00,6.7715535,9.076889
2017-07-21 06:30:00,3.1404784,8.72489
2017-07-21 07:00:00,-0.49059686,7.2851634
2017-07-21 07:30:00,-4.121672,5.8250713
2017-07-21 08:00:00,-7.7527475,3.7767217
2017-07-21 08:30:00,-10.934551,1.5020844
2017-07-21 09:00:00,-11.007602,-2.0448663
2017-07-21 09:30:00,-10.780146,-4.96591
2017-07-21 10:00:00,-9.1164875,-8.374785
2017-07-21 10:30:00,-4.960755,-11.386159
2017-07-21 11:00:00,-10.349621,-13.823906
2017-07-21 11:30:00,-14.860221,-14.887973
2017-07-21 12:00:00,-15.4045515,-15.959534
2017-07-21 12:30:00,-16.916204,-17.574678
2017-07-21 13:00:00,-12.738052,-18.486282
2017-07-21 13:30:00,-24.129627,-18.798126
2017-07-21 14:00:00,-27.578716,-18.914354
2017-07-21 14:30:00,-13.222765,-18.507927
2017-07-21 15:00:00,-18.051544,-18.404823
2017-07-21 15:30:00,-21.18141,-17.840715
2017-07-21 16:00:00,-13.034496,-15.629708
2017-07-21 16:30:00,-12.470053,-14.132627
2017-07-21 17:00:00,-10.744716,-11.434389
2017-07-21 17:30:00,-4.520987,-9.733333
2017-07-21 18:00:00,-1.7928131,-6.272003
2017-07-21 18:30:00,2.5798779,-4.818087
2017-07-21 19:00:00,2.6250224,-1.82226
2017-07-21 19:30:00,2.6701632,-0.58292055
2017-07-21 20:00:00,3.787924,0.9732217
2017-07-21 20:30:00,4.905681,2.5140357
2017-07-21 21:00:00,3.872727,2.8313246
2017-07-21 21:30:00,5.3229804,4.5086346
2017-07-21 22:00:00,9.45776,4.9258475
2017-07-21 22:30:00,17.604492,6.530891
2017-07-21 23:00:00,7.079272,6.482698
2017-07-21 23:30:00,8.965537,6.366975
2017-07-22 00:00:00,7.2946663,7.362528
2017-07-22 00:30:00,3.133794,7.601005
2017-07-22 01:00:00,3.1772468,6.9277
2017-07-22 01:30:00,3.2206993,7.9102235
2017-07-22 02:00:00,-10.55586,7.50991
2017-07-22 02:30:00,4.798824,7.5310783
2017-07-22 03:00:00,5.2247787,7.896899
2017-07-22 03:30:00,5.650733,6.669516
2017-07-22 04:00:00,6.076684,7.870267
2017-07-22 04:30:00,6.5026383,7.6335535
2017-07-22 05:00:00,2.7065132,8.026067
2017-07-22 05:30:00,-13.398463,8.793302
2017-07-22 06:00:00,-2.2757173,8.518742
2017-07-22 06:30:00,8.84703,7.679018
2017-07-22 07:00:00,-1.082841,6.707098
2017-07-22 07:30:00,-11.012712,5.2731824
2017-07-22 08:00:00,-2.8936667,2.0750139
2017-07-22 08:30:00,-15.665373,-1.2053051
2017-07-22 09:00:00,-10.300723,-4.5401134
2017-07-22 09:30:00,-17.015089,-6.672874
2017-07-22 10:00:00,-17.13181,-9.962364
2017-07-22 10:30:00,-23.027315,-11.157757
2017-07-22 11:00:00,-16.971685,-13.3547325
2017-07-22 11:30:00,-19.379244,-14.870146
2017-07-22 12:00:00,-14.550706,-17.910925
2017-07-22 12:30:00,-20.335455,-19.049412
2017-07-22 13:00:00,-26.798727,-20.721209
2017-07-22 13:30:00,-30.304953,-21.599005
2017-07-22 14:00:00,-22.61594,-22.070484
2017-07-22 14:30:00,-19.054205,-22.428461
2017-07-22 15:00:00,-18.123125,-20.19111
2017-07-22 15:30:00,-17.213346,-20.09905
2017-07-22 16:00:00,-14.120647,-19.403435
2017-07-22 16:30:00,-12.849906,-16.762312
2017-07-22 17:00:00,-11.600189,-15.354949
2017-07-22 17:30:00,-6.223053,-13.087527
2017-07-22 18:00:00,-4.7293544,-8.936878
2017-07-22 18:30:00,-3.235655,-7.0848303
2017-07-22 19:00:00,-1.7419562,-5.277238
2017-07-22 19:30:00,28.447681,-3.8537667
2017-07-22 20:00:00,17.844574,-0.38373238
2017-07-22 20:30:00,7.2414694,0.78676933
2017-07-22 21:00:00,6.988244,1.7568771
2017-07-22 21:30:00,1.4621359,2.2242608
2017-07-22 22:00:00,3.9900022,3.2803018
2017-07-22 22:30:00,2.6747262,5.2880435
2017-07-22 23:00:00,2.6409988,5.677874
2017-07-22 23:30:00,3.3900864,5.8573895
2017-07-23 00:00:00,4.13917,6.88118
2017-07-23 00:30:00,1.3363447,6.9136076
2017-07-23 01:00:00,5.4055033,5.801035
2017-07-23 01:30:00,2.3172855,6.5988355
2017-07-23 02:00:00,0.07180103,5.6934924
2017-07-23 02:30:00,1.484744,5.9655085
2017-07-23 03:00:00,8.610259,7.335315
2017-07-23 03:30:00,1.560692,7.5143485
2017-07-23 04:00:00,2.188947,7.0451336
2017-07-23 04:30:00,4.6759114,7.1698017
2017-07-23 05:00:00,4.1720457,8.043739
2017-07-23 05:30:00,13.304342,7.026105
2017-07-23 06:00:00,5.2642484,5.818854
2017-07-23 06:30:00,9.359392,6.1662908
2017-07-23 07:00:00,7.4623537,4.703742
2017-07-23 07:30:00,-3.2071953,2.9113874
2017-07-23 08:00:00,-13.213696,0.6745468
2017-07-23 08:30:00,-22.831854,-2.2304897
2017-07-23 09:00:00,-11.322611,-6.552479
2017-07-23 09:30:00,-18.121735,-9.433279
2017-07-23 10:00:00,-15.56991,-11.622582
2017-07-23 10:30:00,-13.263682,-14.539967
2017-07-23 11:00:00,-26.547508,-16.864267
2017-07-23 11:30:00,-14.171131,-19.001637
2017-07-23 12:00:00,-28.376152,-20.587856
2017-07-23 12:30:00,-18.17079,-23.117844
2017-07-23 13:00:00,-28.997368,-23.983953
2017-07-23 13:30:00,-34.49069,-24.92435
2017-07-23 14:00:00,-31.193655,-26.281599
2017-07-23 14:30:00,-23.563765,-25.83705
2017-07-23 15:00:00,-25.374954,-24.834541
2017-07-23 15:30:00,-18.015797,-24.456474
2017-07-23 16:00:00,-29.747189,-23.251484
2017-07-23 16:30:00,-7.4061246,-21.423603
2017-07-23 17:00:00,-4.8295,-19.167942
2017-07-23 17:30:00,-6.1989264,-17.733946
2017-07-23 18:00:00,-7.367412,-14.059339
2017-07-23 18:30:00,-2.3645368,-11.825045
2017-07-23 19:00:00,2.6383348,-10.222587
2017-07-23 19:30:00,6.096164,-5.5935283
2017-07-23 20:00:00,11.117281,-2.360878
2017-07-23 20:30:00,28.291325,-0.7232412
2017-07-23 21:00:00,10.890138,-0.8611541
2017-07-23 21:30:00,1.455606,0.010736682
2017-07-23 22:00:00,7.223692,1.4171458
2017-07-23 22:30:00,8.579297,2.1116576
2017-07-23 23:00:00,4.273085,4.2807946
2017-07-23 23:30:00,3.5581584,4.861207
2017-07-24 00:00:00,3.3177295,4.8943205
2017-07-24 00:30:00,1.7705135,4.679902
2017-07-24 01:00:00,3.0089674,4.1504664
2017-07-24 01:30:00,4.247425,3.6773858
2017-07-24 02:00:00,16.609262,4.022716
2017-07-24 02:30:00,-0.7683066,4.7098575
2017-07-24 03:00:00,0.8597481,5.371599
2017-07-24 03:30:00,7.3916774,4.658974
2017-07-24 04:00:00,3.0781293,4.5415106
2017-07-24 04:30:00,8.014255,4.8456793
2017-07-24 05:00:00,2.4415016,4.387757
2017-07-24 05:30:00,2.8786886,4.532339
2017-07-24 06:00:00,3.3158755,4.712857
2017-07-24 06:30:00,-0.4106887,3.8149934
2017-07-24 07:00:00,-4.1372495,3.9883518
2017-07-24 07:30:00,-7.8638134,1.5197148
2017-07-24 08:00:00,-11.590377,-2.4602027
2017-07-24 08:30:00,-3.401975,-6.3391943
2017-07-24 09:00:00,-13.669783,-9.9311495
2017-07-24 09:30:00,-16.891611,-13.344049
2017-07-24 10:00:00,-8.565967,-15.669446
2017-07-24 10:30:00,-13.949945,-18.598412
2017-07-24 11:00:00,-8.769854,-22.42261
2017-07-24 11:30:00,-10.09444,-24.45213
2017-07-24 12:00:00,-12.497639,-26.353315
2017-07-24 12:30:00,-16.445883,-28.05559
2017-07-24 13:00:00,-17.42286,-28.912178
2017-07-24 13:30:00,-14.844516,-31.341522
2017-07-24 14:00:00,-16.594748,-30.607342
2017-07-24 14:30:00,-12.967015,-30.91399
2017-07-24 15:00:00,-11.268604,-30.069656
2017-07-24 15:30:00,-10.746675,-27.860577
2017-07-24 16:00:00,-10.578218,-27.408451
2017-07-24 16:30:00,-10.606618,-25.740076
2017-07-24 17:00:00,-9.0590105,-21.705156
2017-07-24 17:30:00,-4.630263,-19.711086
2017-07-24 18:00:00,6.682794,-16.593267
2017-07-24 18:30:00,17.995844,-14.39575
2017-07-24 19:00:00,-4.7998085,-12.117333
2017-07-24 19:30:00,-7.6517687,-9.583328
2017-07-24 20:00:00,-10.503729,-6.3004932
2017-07-24 20:30:00,3.9082403,-3.4869776
2017-07-24 21:00:00,-10.945237,-2.6371257
2017-07-24 21:30:00,39.160828,-2.2216952
2017-07-24 22:00:00,38.82461,0.08446907
2017-07-24 22:30:00,38.488384,1.3440351
2017-07-24 23:00:00,19.852547,1.6693914
2017-07-24 23:30:00,1.2166991,1.2656343
2017-07-25 00:00:00,-17.419147,0.84614563
2017-07-25 00:30:00,1.7887243,0.8945909
2017-07-25 01:00:00,4.9042907,1.0192442
2017-07-25 01:30:00,-8.806942,1.5347002
2017-07-25 02:00:00,-22.518177,3.7736962
2017-07-25 02:30:00,-35.972443,3.8216064
2017-07-25 03:00:00,-16.60336,2.4531937
2017-07-25 03:30:00,2.7657237,1.0182682
2017-07-25 04:00:00,4.3157463,1.1464069
2017-07-25 04:30:00,5.865773,0.48407012
2017-07-25 05:00:00,7.4157963,0.5476478
2017-07-25 05:30:00,8.96582,0.96922386
2017-07-25 06:00:00,9.9415045,1.5509667
2017-07-25 06:30:00,17.384207,0.45535415
2017-07-25 07:00:00,13.317139,-1.255593
2017-07-25 07:30:00,-2.9963112,-3.5555892
2017-07-25 08:00:00,-4.416357,-7.7495446
2017-07-25 08:30:00,-19.000301,-9.096103
2017-07-25 09:00:00,-18.621523,-12.80235
2017-07-25 09:30:00,-29.396845,-16.658518
2017-07-25 10:00:00,-17.118092,-18.259996
2017-07-25 10:30:00,-29.365309,-20.232483
2017-07-25 11:00:00,-36.534622,-22.205067
2017-07-25 11:30:00,-24.608273,-23.50249
2017-07-25 12:00:00,-41.814396,-26.352224
2017-07-25 12:30:00,-31.382336,-28.234488
2017-07-25 13:00:00,-36.40095,-27.229364
2017-07-25 13:30:00,-30.963316,-26.313692
2017-07-25 14:00:00,-30.485275,-26.23804
2017-07-25 14:30:00,-22.256844,-26.412039
2017-07-25 15:00:00,-22.169418,-24.400885
2017-07-25 15:30:00,-24.604055,-24.125978
2017-07-25 16:00:00,-20.994488,-21.862875
2017-07-25 16:30:00,-10.556138,-20.62639
2017-07-25 17:00:00,-6.0876307,-17.9529
2017-07-25 17:30:00,-2.2441752,-17.237684
2017-07-25 18:00:00,-0.3979076,-13.826807
2017-07-25 18:30:00,3.3930066,-11.27542
2017-07-25 19:00:00,7.7991495,-7.2142615
2017-07-25 19:30:00,9.567115,-7.4165998
2017-07-25 20:00:00,10.394751,-5.533353
2017-07-25 20:30:00,10.156567,-3.897276
2017-07-25 21:00:00,9.977308,-3.148889
2017-07-25 21:30:00,7.7992477,0.86212575
2017-07-25 22:00:00,8.372603,3.2512617
2017-07-25 22:30:00,8.945963,4.639912
2017-07-25 23:00:00,8.210662,4.457891
2017-07-25 23:30:00,7.5741773,4.398492
2017-07-26 00:00:00,7.710831,2.9089608
2017-07-26 00:30:00,21.565527,2.5653749
2017-07-26 01:00:00,7.892743,3.1308587
2017-07-26 01:30:00,3.4810612,2.237106
2017-07-26 02:00:00,12.340263,1.4319956
2017-07-26 02:30:00,9.477131,-0.50488514
2017-07-26 03:00:00,10.53148,-1.4516312
2017-07-26 03:30:00,2.3821592,-0.6969179
2017-07-26 04:00:00,26.577793,0.94713956
2017-07-26 04:30:00,50.773426,0.38793316
2017-07-26 05:00:00,9.690521,0.7440439
2017-07-26 05:30:00,13.058861,0.7817504
2017-07-26 06:00:00,41.69859,1.0968539
2017-07-26 06:30:00,23.133705,1.3909997
2017-07-26 07:00:00,5.4703774,0.77205527
2017-07-26 07:30:00,-4.773971,-2.4701352
2017-07-26 08:00:00,-18.209284,-4.4010553
2017-07-26 08:30:00,-17.609745,-8.113059
2017-07-26 09:00:00,-18.796097,-10.966052
2017-07-26 09:30:00,-23.881365,-14.102783
2017-07-26 10:00:00,-19.22793,-16.141943
2017-07-26 10:30:00,-21.615725,-18.82913
2017-07-26 11:00:00,-26.477753,-20.60031
2017-07-26 11:30:00,-27.732487,-22.983334
2017-07-26 12:00:00,-22.183716,-24.949932
2017-07-26 12:30:00,-14.708185,-26.544357
2017-07-26 13:00:00,-28.723902,-27.615541
2017-07-26 13:30:00,-22.342394,-28.084019
2017-07-26 14:00:00,-23.141914,-27.95631
2017-07-26 14:30:00,-22.93591,-27.890467
2017-07-26 15:00:00,-20.258701,-25.853743
2017-07-26 15:30:00,-9.8907,-26.127506
2017-07-26 16:00:00,-12.194871,-24.691288
2017-07-26 16:30:00,-15.0760975,-22.857233
2017-07-26 17:00:00,-9.001472,-20.083689
2017-07-26 17:30:00,-7.547131,-18.11713
2017-07-26 18:00:00,-0.8363568,-15.661854
2017-07-26 18:30:00,3.230176,-12.889044
2017-07-26 19:00:00,6.2296915,-10.789683
2017-07-26 19:30:00,8.89159,-7.3314314
2017-07-26 20:00:00,8.02704,-3.6524608
2017-07-26 20:30:00,8.953404,-2.9866726
2017-07-26 21:00:00,9.1626005,-1.0766541
2017-07-26 21:30:00,7.0589695,0.8137973
2017-07-26 22:00:00,10.326109,2.4752102
2017-07-26 22:30:00,7.547978,3.585597
2017-07-26 23:00:00,7.833058,3.6603959
2017-07-26 23:30:00,11.693115,3.6708972
2017-07-27 00:00:00,11.448474,4.2373266
2017-07-27 00:30:00,6.146972,4.667042
2017-07-27 01:00:00,4.7816267,4.6048355
2017-07-27 01:30:00,4.1772833,4.951579
2017-07-27 02:00:00,9.774596,5.7749453
2017-07-27 02:30:00,12.938966,5.286069
2017-07-27 03:00:00,10.098004,5.9448524
2017-07-27 03:30:00,5.4404445,4.6642156
2017-07-27 04:00:00,2.763606,5.8958607
2017-07-27 04:30:00,2.3172402,7.4929767
2017-07-27 05:00:00,8.016997,6.9905806
2017-07-27 05:30:00,7.8100014,6.22572
2017-07-27 06:00:00,11.015673,6.7478604
2017-07-27 06:30:00,2.3745103,6.2939587
2017-07-27 07:00:00,-6.700354,4.349945
2017-07-27 07:30:00,-12.951115,1.2135077
2017-07-27 08:00:00,-15.521145,-2.4286983
2017-07-27 08:30:00,-27.490473,-6.3776016
2017-07-27 09:00:00,-19.67767,-10.189209
2017-07-27 09:30:00,-23.728048,-12.346872
2017-07-27 10:00:00,-34.060535,-16.078438
2017-07-27 10:30:00,-19.331354,-18.046091
2017-07-27 11:00:00,-24.99237,-20.845448
2017-07-27 11:30:00,-18.708519,-23.245405
2017-07-27 12:00:00,-29.98163,-25.246256
2017-07-27 12:30:00,-32.94631,-25.947638
2017-07-27 13:00:00,-31.885748,-27.753017
2017-07-27 13:30:00,-21.874659,-28.662796
2017-07-27 14:00:00,-27.940706,-29.059397
2017-07-27 14:30:00,-26.327032,-29.838999
2017-07-27 15:00:00,-14.838807,-29.185448
2017-07-27 15:30:00,-19.407383,-28.096222
2017-07-27 16:00:00,-10.877289,-25.792582
2017-07-27 16:30:00,-8.920875,-23.918478
2017-07-27 17:00:00,-7.5341578,-21.06874
2017-07-27 17:30:00,-5.312732,-18.324566
2017-07-27 18:00:00,0.40244377,-15.585261
2017-07-27 18:30:00,3.890316,-13.57706
2017-07-27 19:00:00,4.296074,-10.009679
2017-07-27 19:30:00,2.694983,-7.56492
2017-07-27 20:00:00,3.9668515,-3.8316183
2017-07-27 20:30:00,5.2388783,-1.6961825
2017-07-27 21:00:00,9.203619,0.6087498
2017-07-27 21:30:00,5.450083,2.3358805
2017-07-27 22:00:00,2.189953,3.626804
2017-07-27 22:30:00,4.918443,4.2379146
2017-07-27 23:00:00,3.3652854,3.911903
2017-07-27 23:30:00,4.4040837,4.2804327
2017-07-28 00:00:00,4.7276273,7.0678096
2017-07-28 00:30:00,6.775838,6.61708
2017-07-28 01:00:00,6.371127,5.6497645
2017-07-28 01:30:00,2.6665761,5.783902
2017-07-28 02:00:00,4.755341,6.593538
2017-07-28 02:30:00,5.3411875,9.011778
2017-07-28 03:00:00,4.2910395,10.268318
2017-07-28 03:30:00,8.536945,10.47268
2017-07-28 04:00:00,6.049633,9.576188
2017-07-28 04:30:00,5.372507,8.83013
2017-07-28 05:00:00,4.133273,10.013903
2017-07-28 05:30:00,10.623563,9.90038
2017-07-28 06:00:00,4.354749,10.06783
2017-07-28 06:30:00,0.08237029,8.892324
2017-07-28 07:00:00,-4.190009,5.9520645
2017-07-28 07:30:00,-8.462384,2.4760242
2017-07-28 08:00:00,-14.034066,-2.3121688
2017-07-28 08:30:00,-13.445368,-6.2541842
2017-07-28 09:00:00,-29.884995,-10.054567
2017-07-28 09:30:00,-35.616425,-13.127518
2017-07-28 10:00:00,-26.437143,-17.262327
2017-07-28 10:30:00,-21.448746,-19.879873
2017-07-28 11:00:00,-14.092497,-22.718641
2017-07-28 11:30:00,-19.982328,-25.107706
2017-07-28 12:00:00,-32.22771,-26.792608
2017-07-28 12:30:00,-28.764648,-29.618711
2017-07-28 13:00:00,-24.523558,-31.77366
2017-07-28 13:30:00,-25.825325,-32.491024
2017-07-28 14:00:00,-25.81679,-32.246647
2017-07-28 14:30:00,-20.08998,-31.464214
2017-07-28 15:00:00,-20.07194,-29.462006
2017-07-28 15:30:00,-18.466969,-26.627325
2017-07-28 16:00:00,-13.922363,-24.407234
2017-07-28 16:30:00,-14.801481,-22.237238
2017-07-28 17:00:00,-12.308782,-19.326925
2017-07-28 17:30:00,-7.4503875,-16.288315
2017-07-28 18:00:00,-2.5919888,-12.934595
2017-07-28 18:30:00,2.5385654,-9.673787
2017-07-28 19:00:00,3.9074264,-6.1833043
2017-07-28 19:30:00,5.276287,-4.5845833
2017-07-28 20:00:00,6.694709,-2.686901
2017-07-28 20:30:00,5.15839,-0.03304381
2017-07-28 21:00:00,6.2635655,0.6565922
2017-07-28 21:30:00,5.9158463,2.671497
2017-07-28 22:00:00,5.239331,4.3867807
2017-07-28 22:30:00,7.629081,5.5222363
2017-07-28 23:00:00,5.1667776,7.027635
2017-07-28 23:30:00,7.8717256,7.318201
2017-07-29 00:00:00,7.031207,8.102626
2017-07-29 00:30:00,6.7046413,8.399319
2017-07-29 01:00:00,10.760048,9.00801
2017-07-29 01:30:00,5.8658752,9.675596
2017-07-29 02:00:00,3.971799,9.575006
2017-07-29 02:30:00,4.4730873,10.578336
2017-07-29 03:00:00,4.393793,10.483947
2017-07-29 03:30:00,8.210157,10.986019
2017-07-29 04:00:00,9.791481,11.294543
2017-07-29 04:30:00,10.859078,10.519351
2017-07-29 05:00:00,6.9284573,10.019163
2017-07-29 05:30:00,10.757692,11.23623
2017-07-29 06:00:00,8.441927,9.727399
2017-07-29 06:30:00,2.9286072,7.1417603
2017-07-29 07:00:00,-2.5847127,4.3498697
2017-07-29 07:30:00,-5.6802187,0.7700243
2017-07-29 08:00:00,-18.770996,-2.480678
2017-07-29 08:30:00,-18.808308,-6.538895
2017-07-29 09:00:00,-22.631851,-11.527403
2017-07-29 09:30:00,-15.04355,-16.595198
2017-07-29 10:00:00,-24.037521,-19.086802
2017-07-29 10:30:00,-28.144724,-23.042536
2017-07-29 11:00:00,-29.727375,-24.586327
2017-07-29 11:30:00,-20.551191,-27.094791
2017-07-29 12:00:00,-35.108074,-29.561413
2017-07-29 12:30:00,-23.157856,-31.506449
2017-07-29 13:00:00,-17.472471,-33.37657
2017-07-29 13:30:00,-20.85857,-33.539913
2017-07-29 14:00:00,-17.912308,-33.75355
2017-07-29 14:30:00,-12.640781,-32.757896
2017-07-29 15:00:00,-19.96086,-30.581118
2017-07-29 15:30:00,-15.525561,-29.030516
2017-07-29 16:00:00,-11.042,-26.592869
2017-07-29 16:30:00,-12.476319,-22.670784
2017-07-29 17:00:00,-9.400531,-20.824778
2017-07-29 17:30:00,-5.4294767,-18.097734
2017-07-29 18:00:00,-3.8317955,-14.023682
2017-07-29 18:30:00,3.723035,-10.261713
2017-07-29 19:00:00,3.3109581,-9.07181
2017-07-29 19:30:00,7.6087446,-6.358253
2017-07-29 20:00:00,6.7722692,-2.3290043
2017-07-29 20:30:00,5.5047417,-0.8722132
2017-07-29 21:00:00,8.924003,1.0684807
2017-07-29 21:30:00,7.008275,3.4180865
2017-07-29 22:00:00,5.9087925,5.1528697
2017-07-29 22:30:00,5.3283157,6.147624
2017-07-29 23:00:00,5.4497175,6.102732
2017-07-29 23:30:00,5.8354406,6.5085316
2017-07-30 00:00:00,6.705357,6.575376
2017-07-30 00:30:00,8.067911,6.5672297
2017-07-30 01:00:00,7.3532887,7.326295
2017-07-30 01:30:00,6.733459,8.484129
2017-07-30 02:00:00,8.387498,8.590673
2017-07-30 02:30:00,7.33001,7.866793
2017-07-30 03:00:00,5.6922264,7.781568
2017-07-30 03:30:00,5.2658157,8.196954
2017-07-30 04:00:00,4.5132203,8.574764
2017-07-30 04:30:00,4.329918,8.822858
2017-07-30 05:00:00,6.1741657,7.947165
2017-07-30 05:30:00,6.482084,7.308706
2017-07-30 06:00:00,4.5160575,6.1999993
2017-07-30 06:30:00,2.4087424,5.5941563
2017-07-30 07:00:00,-3.1066911,4.0377955
2017-07-30 07:30:00,-7.3767796,1.6647304
2017-07-30 08:00:00,-11.646871,-3.5547376
2017-07-30 08:30:00,-16.977133,-6.87837
2017-07-30 09:00:00,-21.163162,-11.881531
2017-07-30 09:30:00,-12.96015,-15.581907
2017-07-30 10:00:00,-23.815111,-18.007238
2017-07-30 10:30:00,-34.670074,-22.055126
2017-07-30 11:00:00,-27.327162,-24.616976
2017-07-30 11:30:00,-23.504751,-26.729208
2017-07-30 12:00:00,-18.50682,-29.631191
2017-07-30 12:30:00,-32.068226,-31.653238
2017-07-30 13:00:00,-26.518267,-31.959694
2017-07-30 13:30:00,-20.968306,-32.00705
2017-07-30 14:00:00,-15.41835,-32.145607
2017-07-30 14:30:00,-9.86839,-31.697403
2017-07-30 15:00:00,-4.3184304,-30.274763
2017-07-30 15:30:00,-11.736474,-29.984068
2017-07-30 16:00:00,-19.739855,-26.357698
2017-07-30 16:30:00,-28.332748,-24.559072
2017-07-30 17:00:00,-20.415419,-21.399708
2017-07-30 17:30:00,-12.248964,-18.78926
2017-07-30 18:00:00,1.7549742,-14.751725
2017-07-30 18:30:00,15.758906,-12.693051
2017-07-30 19:00:00,29.762846,-9.260621
2017-07-30 19:30:00,43.76678,-6.9918475
2017-07-30 20:00:00,57.770714,-2.6703672
2017-07-30 20:30:00,6.8882184,-0.26027358
2017-07-30 21:00:00,8.457854,0.4353837
2017-07-30 21:30:00,6.4060416,2.4427638
2017-07-30 22:00:00,5.3334103,4.241362
2017-07-30 22:30:00,5.906558,4.649381
2017-07-30 23:00:00,6.570274,5.9627357
2017-07-30 23:30:00,8.163596,6.4726524
2017-07-31 00:00:00,7.4674783,7.599227
2017-07-31 00:30:00,4.5836406,7.054531
2017-07-31 01:00:00,8.5413685,7.5849986
2017-07-31 01:30:00,6.3071275,8.201853
2017-07-31 02:00:00,3.505459,8.368459
2017-07-31 02:30:00,5.661212,9.18797
2017-07-31 03:00:00,8.710085,8.716682
2017-07-31 03:30:00,6.9381447,7.9175487
2017-07-31 04:00:00,5.461315,7.6687617
2017-07-31 04:30:00,9.377046,7.210255
2017-07-31 05:00:00,4.98132,7.3385034
2017-07-31 05:30:00,8.320375,6.9040065
2017-07-31 06:00:00,5.640175,6.368904
2017-07-31 06:30:00,0.6975241,5.4266987
2017-07-31 07:00:00,-9.858684,3.5528343
2017-07-31 07:30:00,-22.333435,1.2676011
2017-07-31 08:00:00,-22.394094,-3.0718787
2017-07-31 08:30:00,-25.646467,-7.440169
2017-07-31 09:00:00,-35.900032,-12.240325
2017-07-31 09:30:00,-32.717224,-15.93968
2017-07-31 10:00:00,-15.832292,-18.268536
2017-07-31 10:30:00,-40.88333,-21.795189
2017-07-31 11:00:00,-33.702614,-24.89672
2017-07-31 11:30:00,-24.951838,-27.503548
2017-07-31 12:00:00,-31.582918,-27.099216
2017-07-31 12:30:00,-25.738804,-29.21625
2017-07-31 13:00:00,-29.33338,-31.209755
2017-07-31 13:30:00,-24.718145,-30.680786
2017-07-31 14:00:00,-22.793325,-29.997627
2017-07-31 14:30:00,-21.897106,-30.12202
2017-07-31 15:00:00,-12.941762,-27.03715
2017-07-31 15:30:00,-17.012934,-25.511915
2017-07-31 16:00:00,-13.838545,-23.600676
2017-07-31 16:30:00,-13.565024,-23.37963
2017-07-31 17:00:00,-6.540587,-21.079645
2017-07-31 17:30:00,-6.304382,-17.92096
2017-07-31 18:00:00,-1.0944504,-13.385592
2017-07-31 18:30:00,1.0559182,-8.370052
2017-07-31 19:00:00,4.0996246,-4.10995
2017-07-31 19:30:00,5.811341,0.11321898
2017-07-31 20:00:00,5.1857157,2.6972628
2017-07-31 20:30:00,7.3156652,4.5947037
2017-07-31 21:00:00,7.211687,3.0993922
2017-07-31 21:30:00,7.6928277,4.4769645
2017-07-31 22:00:00,9.464222,4.758254
2017-07-31 22:30:00,8.692278,5.51328
2017-07-31 23:00:00,7.630618,7.4317465
2017-07-31 23:30:00,7.4011955,8.432749
2017-08-01 00:00:00,8.263407,7.871895
2017-08-01 00:30:00,8.889597,9.088374
2017-08-01 01:00:00,5.997944,9.236178
2017-08-01 01:30:00,8.297669,8.577207
2017-08-01 02:00:00,6.1342554,8.348541
2017-08-01 02:30:00,7.983534,8.478221
2017-08-01 03:00:00,7.5749116,8.831284
2017-08-01 03:30:00,8.107731,7.4026875
2017-08-01 04:00:00,7.7496986,7.8783154
2017-08-01 04:30:00,8.630671,6.9426813
2017-08-01 05:00:00,7.517653,5.8732376
2017-08-01 05:30:00,6.2341113,6.4274893
2017-08-01 06:00:00,3.3104646,6.097231
2017-08-01 06:30:00,-0.75080794,4.9997983
2017-08-01 07:00:00,-6.377304,3.0429661
2017-08-01 07:30:00,-11.113272,-2.5877197
2017-08-01 08:00:00,-15.421639,-6.519908
2017-08-01 08:30:00,-23.428373,-9.463853
2017-08-01 09:00:00,-28.821306,-13.234212
2017-08-01 09:30:00,-29.274334,-17.28876
2017-08-01 10:00:00,-33.81037,-18.454832
2017-08-01 10:30:00,-38.853687,-22.294134
2017-08-01 11:00:00,-35.960186,-24.41168
2017-08-01 11:30:00,-44.908817,-26.447355
2017-08-01 12:00:00,-34.469654,-28.292492
2017-08-01 12:30:00,-38.865185,-29.199612
2017-08-01 13:00:00,-46.366657,-28.949162
2017-08-01 13:30:00,-27.054499,-28.073431
2017-08-01 14:00:00,-18.149595,-28.001171
2017-08-01 14:30:00,-23.17732,-27.048824
2017-08-01 15:00:00,-29.846664,-25.254395
2017-08-01 15:30:00,-22.586405,-23.632109
2017-08-01 16:00:00,-18.355494,-21.609985
2017-08-01 16:30:00,-19.96759,-18.521627
2017-08-01 17:00:00,-13.335644,-15.565991
2017-08-01 17:30:00,-11.720811,-11.881836
2017-08-01 18:00:00,-3.700876,-8.529168
2017-08-01 18:30:00,4.319062,-5.4721494
2017-08-01 19:00:00,7.0807185,-2.2997382
2017-08-01 19:30:00,6.0186186,0.631128
2017-08-01 20:00:00,6.2695303,2.7328515
2017-08-01 20:30:00,7.7373204,4.8527293
2017-08-01 21:00:00,7.782631,5.055542
2017-08-01 21:30:00,7.8513517,5.865302
2017-08-01 22:00:00,6.55556,7.1824174
2017-08-01 22:30:00,7.819968,8.409673
2017-08-01 23:00:00,7.6950245,8.955363
2017-08-01 23:30:00,8.689772,9.882558
2017-08-02 00:00:00,8.165468,10.598705
2017-08-02 00:30:00,7.461943,9.943079
2017-08-02 01:00:00,8.810695,9.494769
2017-08-02 01:30:00,7.1352077,9.476638
2017-08-02 02:00:00,7.33371,9.210669
2017-08-02 02:30:00,7.785189,9.172137
2017-08-02 03:00:00,7.673875,9.086377
2017-08-02 03:30:00,8.249284,8.798064
2017-08-02 04:00:00,6.1825047,8.759465
2017-08-02 04:30:00,7.4968123,8.579226
2017-08-02 05:00:00,4.980638,8.237491
2017-08-02 05:30:00,6.122186,7.7799177
2017-08-02 06:00:00,3.3571954,6.9620643
2017-08-02 06:30:00,-6.268469,5.1702857
2017-08-02 07:00:00,-13.401595,3.505753
2017-08-02 07:30:00,-16.888456,0.007360547
2017-08-02 08:00:00,-17.843971,-4.3213468
2017-08-02 08:30:00,-28.213778,-8.448381
2017-08-02 09:00:00,-42.390903,-12.396852
2017-08-02 09:30:00,-31.757837,-14.87021
2017-08-02 10:00:00,-35.888775,-17.769234
2017-08-02 10:30:00,-38.56179,-19.10762
2017-08-02 11:00:00,-42.968113,-22.713882
2017-08-02 11:30:00,-30.429398,-25.416595
2017-08-02 12:00:00,-22.722996,-27.865875
2017-08-02 12:30:00,-15.366649,-29.593567
2017-08-02 13:00:00,-14.922977,-30.329021
2017-08-02 13:30:00,-23.439606,-28.932955
2017-08-02 14:00:00,-19.721672,-27.10096
2017-08-02 14:30:00,-26.369652,-24.136818
2017-08-02 15:00:00,-27.520002,-24.477715
2017-08-02 15:30:00,-18.119217,-23.554903
2017-08-02 16:00:00,-24.085419,-22.394047
2017-08-02 16:30:00,-25.230204,-20.466488
2017-08-02 17:00:00,-10.556967,-17.127413
2017-08-02 17:30:00,-3.7357905,-13.662457
2017-08-02 18:00:00,1.458707,-9.697107
2017-08-02 18:30:00,4.7503295,-6.5213475
2017-08-02 19:00:00,6.6956735,-4.097218
2017-08-02 19:30:00,6.4759493,-2.1425521
2017-08-02 20:00:00,8.204893,-1.0531567
2017-08-02 20:30:00,6.289467,1.0524554
2017-08-02 21:00:00,7.575937,1.638068
2017-08-02 21:30:00,6.87378,2.8968277
2017-08-02 22:00:00,7.3030424,4.0133147
2017-08-02 22:30:00,7.1189227,4.9158206
2017-08-02 23:00:00,5.099594,4.9710107
2017-08-02 23:30:00,6.0941033,5.405311
2017-08-03 00:00:00,6.6739545,5.6668034
2017-08-03 00:30:00,4.993909,5.7026978
2017-08-03 01:00:00,4.8808875,5.05561
2017-08-03 01:30:00,5.1810093,5.9687796
2017-08-03 02:00:00,4.268484,5.391121
2017-08-03 02:30:00,4.0504484,5.566797
2017-08-03 03:00:00,5.5427194,5.826326
2017-08-03 03:30:00,4.095382,5.38496
2017-08-03 04:00:00,6.606492,4.4227843
2017-08-03 04:30:00,6.1762834,3.999392
2017-08-03 05:00:00,6.5942388,4.5957584
2017-08-03 05:30:00,6.5613174,4.381502
2017-08-03 06:00:00,3.8682392,3.0377965
2017-08-03 06:30:00,-4.0068045,0.7399481
2017-08-03 07:00:00,-10.973008,-2.6269822
2017-08-03 07:30:00,-15.191621,-5.995416
2017-08-03 08:00:00,-27.391481,-9.591252
2017-08-03 08:30:00,-25.35735,-13.35561
2017-08-03 09:00:00,-26.084557,-16.968256
2017-08-03 09:30:00,-30.957521,-19.711111
2017-08-03 10:00:00,-36.751633,-22.707357
2017-08-03 10:30:00,-40.70252,-24.576693
2017-08-03 11:00:00,-45.36919,-27.881382
2017-08-03 11:30:00,-24.74664,-30.962261
2017-08-03 12:00:00,-36.52004,-31.86447
2017-08-03 12:30:00,-33.470158,-33.08656
2017-08-03 13:00:00,-29.751026,-32.89426
2017-08-03 13:30:00,-36.926502,-32.78682
2017-08-03 14:00:00,-34.41541,-32.77353
2017-08-03 14:30:00,-29.25084,-32.087467
2017-08-03 15:00:00,-31.528713,-30.754347
2017-08-03 15:30:00,-26.119461,-28.809471
2017-08-03 16:00:00,-25.825891,-28.045622
2017-08-03 16:30:00,-12.894764,-26.27959
2017-08-03 17:00:00,-4.7125487,-23.590351
2017-08-03 17:30:00,-2.5293493,-20.244251
2017-08-03 18:00:00,-2.7440355,-16.034761
2017-08-03 18:30:00,0.6651305,-12.813243
2017-08-03 19:00:00,6.4897704,-10.105748
2017-08-03 19:30:00,6.827723,-8.371933
2017-08-03 20:00:00,2.7784934,-6.2223144
2017-08-03 20:30:00,8.57036,-5.004091
2017-08-03 21:00:00,1.7572387,-3.1645226
2017-08-03 21:30:00,3.8249485,-2.0300505
2017-08-03 22:00:00,6.7476344,-1.7560259
2017-08-03 22:30:00,9.597635,-0.37710822
2017-08-03 23:00:00,5.3879333,0.014248466
2017-08-03 23:30:00,10.000289,0.08144713
2017-08-04 00:00:00,14.795924,0.84293526
2017-08-04 00:30:00,7.51413,0.87145156
2017-08-04 01:00:00,9.043802,0.92841256
2017-08-04 01:30:00,11.540274,1.0133133
2017-08-04 02:00:00,17.460026,1.0654739
2017-08-04 02:30:00,1.8830601,0.05590757
2017-08-04 03:00:00,-0.23090948,0.26014492
2017-08-04 03:30:00,24.451513,-0.24687076
2017-08-04 04:00:00,7.2532935,-0.55537266
2017-08-04 04:30:00,11.449762,-0.94958925
2017-08-04 05:00:00,15.646235,-1.1291914
2017-08-04 05:30:00,6.2155347,-1.8811616
2017-08-04 06:00:00,-3.2151647,-1.4075493
2017-08-04 06:30:00,3.4389086,-3.7275498
2017-08-04 07:00:00,-2.4945216,-6.8218384
2017-08-04 07:30:00,-8.427948,-9.609674
2017-08-04 08:00:00,-9.733035,-13.93643
2017-08-04 08:30:00,-22.903204,-17.422983
2017-08-04 09:00:00,-30.580194,-19.79706
2017-08-04 09:30:00,-28.540821,-23.438833
2017-08-04 10:00:00,-33.794144,-25.163986
2017-08-04 10:30:00,-31.845041,-27.166363
2017-08-04 11:00:00,-36.092873,-29.409529
2017-08-04 11:30:00,-40.3407,-31.869812
2017-08-04 12:00:00,-44.588528,-33.916393
2017-08-04 12:30:00,-38.155342,-35.80027
2017-08-04 13:00:00,-31.726952,-35.314777
2017-08-04 13:30:00,-31.578085,-35.899014
2017-08-04 14:00:00,-31.673792,-35.055946
2017-08-04 14:30:00,-16.285896,-35.493618
2017-08-04 15:00:00,-6.0274405,-32.945698
2017-08-04 15:30:00,-2.95686,-32.86337
2017-08-04 16:00:00,0.11372389,-30.361538
2017-08-04 16:30:00,3.1843042,-27.823393
2017-08-04 17:00:00,3.0333276,-24.475313
2017-08-04 17:30:00,4.59583,-21.694109
2017-08-04 18:00:00,5.910556,-18.310251
2017-08-04 18:30:00,2.9896,-15.095951
2017-08-04 19:00:00,8.6462965,-12.577528
2017-08-04 19:30:00,14.602685,-10.538285
2017-08-04 20:00:00,8.252121,-7.6863065
2017-08-04 20:30:00,8.148565,-5.7583294
2017-08-04 21:00:00,8.137895,-4.4514184
2017-08-04 21:30:00,8.127227,-4.0104256
2017-08-04 22:00:00,8.116556,-2.4541173
2017-08-04 22:30:00,7.800227,-1.010062
2017-08-04 23:00:00,7.4630585,-0.31445754
2017-08-04 23:30:00,6.152259,-0.3496055
2017-08-05 00:00:00,2.9113798,0.97925055
2017-08-05 00:30:00,3.4423902,0.8384363
2017-08-05 01:00:00,1.3488657,0.89567614
2017-08-05 01:30:00,7.812805,1.7629662
2017-08-05 02:00:00,14.090666,2.0361469
2017-08-05 02:30:00,25.204422,1.4727843
2017-08-05 03:00:00,21.519964,0.81209415
2017-08-05 03:30:00,17.8355,1.2090086
2017-08-05 04:00:00,14.151044,1.0568941
2017-08-05 04:30:00,9.985706,0.06370358
2017-08-05 05:00:00,5.820365,0.6140853
2017-08-05 05:30:00,8.446019,-0.42844355
2017-08-05 06:00:00,21.556507,-2.7977183
2017-08-05 06:30:00,34.666996,-5.06147
2017-08-05 07:00:00,7.727682,-5.818542
2017-08-05 07:30:00,-6.835411,-8.184742
2017-08-05 08:00:00,-22.947624,-10.992522
2017-08-05 08:30:00,-20.656775,-14.141911
2017-08-05 09:00:00,-39.362064,-18.29859
2017-08-05 09:30:00,-32.072323,-21.70169
2017-08-05 10:00:00,-30.889038,-24.554108
2017-08-05 10:30:00,-40.811737,-27.56259
2017-08-05 11:00:00,-31.283396,-29.702908
2017-08-05 11:30:00,-31.953386,-32.689053
2017-08-05 12:00:00,-43.382915,-33.52456
2017-08-05 12:30:00,-41.77802,-34.947063
2017-08-05 13:00:00,-33.79351,-35.832825
2017-08-05 13:30:00,-36.987568,-36.410824
2017-08-05 14:00:00,-45.96298,-35.877636
2017-08-05 14:30:00,-45.661114,-34.579742
2017-08-05 15:00:00,-35.474762,-32.106773
2017-08-05 15:30:00,-30.639702,-30.344772
2017-08-05 16:00:00,-45.6661,-27.352964
2017-08-05 16:30:00,-16.458735,-24.338486
2017-08-05 17:00:00,-13.440092,-21.500147
2017-08-05 17:30:00,-1.1574665,-17.022692
2017-08-05 18:00:00,3.5568094,-13.078251
2017-08-05 18:30:00,3.5160358,-10.273786
2017-08-05 19:00:00,1.4891639,-8.326739
2017-08-05 19:30:00,32.65016,-4.9542403
2017-08-05 20:00:00,7.282507,-3.0989215
2017-08-05 20:30:00,8.313212,-1.7135454
2017-08-05 21:00:00,9.343917,-0.8835587
2017-08-05 21:30:00,10.374621,0.22381002
2017-08-05 22:00:00,29.70995,1.7271776
2017-08-05 22:30:00,40.83873,2.4147413
2017-08-05 23:00:00,14.182823,2.4918873
2017-08-05 23:30:00,11.839397,1.9929127
2017-08-06 00:00:00,9.495971,1.835131
2017-08-06 00:30:00,8.804059,1.228233
2017-08-06 01:00:00,8.112147,1.7046901
2017-08-06 01:30:00,7.9768643,2.6309118
2017-08-06 02:00:00,8.376451,3.8360415
2017-08-06 02:30:00,5.37658,4.445193
2017-08-06 03:00:00,4.2053175,4.6575537
2017-08-06 03:30:00,9.028335,3.5669568
2017-08-06 04:00:00,8.400269,3.1306515
2017-08-06 04:30:00,6.199336,2.902186
2017-08-06 05:00:00,6.140363,2.7513638
2017-08-06 05:30:00,2.239005,2.1148002
2017-08-06 06:00:00,2.0106788,2.1276867
2017-08-06 06:30:00,1.4283745,1.8998955
2017-08-06 07:00:00,-2.3623512,-0.0870243
2017-08-06 07:30:00,-5.3841624,-3.7873104
2017-08-06 08:00:00,-18.667835,-7.7765613
2017-08-06 08:30:00,-17.623867,-11.324457
2017-08-06 09:00:00,-25.148027,-15.676636
2017-08-06 09:30:00,-32.672188,-18.698101
2017-08-06 10:00:00,-39.835987,-20.688684
2017-08-06 10:30:00,-46.99979,-23.487513
2017-08-06 11:00:00,-47.894028,-25.33023
2017-08-06 11:30:00,-48.78827,-28.241228
2017-08-06 12:00:00,-45.49752,-30.057476
2017-08-06 12:30:00,-42.20677,-32.257236
2017-08-06 13:00:00,-46.596424,-32.732857
2017-08-06 13:30:00,-45.702244,-33.524628
2017-08-06 14:00:00,-39.58616,-33.860634
2017-08-06 14:30:00,-36.25475,-34.765305
2017-08-06 15:00:00,-32.92334,-31.919659
2017-08-06 15:30:00,-34.72443,-30.94322
2017-08-06 16:00:00,-26.601614,-29.08619
2017-08-06 16:30:00,-23.035975,-27.129553
2017-08-06 17:00:00,-23.137676,-22.95857
2017-08-06 17:30:00,-7.528385,-19.45749
2017-08-06 18:00:00,-0.16446441,-14.829572
2017-08-06 18:30:00,2.6929748,-11.9474
2017-08-06 19:00:00,8.473891,-9.252305
2017-08-06 19:30:00,7.1810646,-5.746818
2017-08-06 20:00:00,6.4022436,-3.6600797
2017-08-06 20:30:00,2.3123078,-2.7832003
2017-08-06 21:00:00,2.2513604,-1.0895444
2017-08-06 21:30:00,2.190409,0.4383303
2017-08-06 22:00:00,8.611699,3.1992972
2017-08-06 22:30:00,4.269747,5.3806233
2017-08-06 23:00:00,3.082244,5.7738943
2017-08-06 23:30:00,6.672018,5.378106
2017-08-07 00:00:00,1.1076831,5.652617
2017-08-07 00:30:00,5.67099,4.806066
2017-08-07 01:00:00,2.9866457,5.629436
2017-08-07 01:30:00,6.739861,5.0513296
2017-08-07 02:00:00,6.8568125,6.051095
2017-08-07 02:30:00,3.1869493,6.070757
2017-08-07 03:00:00,4.103461,6.035292
2017-08-07 03:30:00,2.579859,4.779875
2017-08-07 04:00:00,8.401907,5.673469
2017-08-07 04:30:00,14.223955,4.5512958
2017-08-07 05:00:00,-2.246553,4.548557
2017-08-07 05:30:00,1.445892,2.5878322
2017-08-07 06:00:00,1.7424418,2.4962733
2017-08-07 06:30:00,12.245747,0.5566684
2017-08-07 07:00:00,5.406438,-0.10130505
2017-08-07 07:30:00,-8.617536,-2.999646
2017-08-07 08:00:00,-22.641506,-6.575554
2017-08-07 08:30:00,-14.333269,-10.5317135
2017-08-07 09:00:00,-24.933094,-14.005105
2017-08-07 09:30:00,-15.974312,-18.701298
2017-08-07 10:00:00,-16.299517,-21.595304
2017-08-07 10:30:00,-29.567972,-25.017754
2017-08-07 11:00:00,-17.905943,-27.779602
2017-08-07 11:30:00,-24.366829,-29.821674
2017-08-07 12:00:00,-34.374737,-31.717276
2017-08-07 12:30:00,-33.491528,-33.328312
2017-08-07 13:00:00,-31.512848,-33.97286
2017-08-07 13:30:00,-22.17693,-36.115887
2017-08-07 14:00:00,-22.551517,-35.947773
2017-08-07 14:30:00,-23.018118,-36.611786
2017-08-07 15:00:00,-20.485886,-34.582764
2017-08-07 15:30:00,-12.4731045,-32.75229
2017-08-07 16:00:00,6.7294383,-30.371166
2017-08-07 16:30:00,-28.613089,-29.212852
2017-08-07 17:00:00,-9.3721695,-26.189936
2017-08-07 17:30:00,5.406351,-22.862041
2017-08-07 18:00:00,2.2378898,-17.82195
2017-08-07 18:30:00,3.4821277,-15.101065
2017-08-07 19:00:00,7.3112226,-11.300354
2017-08-07 19:30:00,6.6205244,-8.455726
2017-08-07 20:00:00,5.2115526,-6.2346134
2017-08-07 20:30:00,6.5447874,-4.6115813
2017-08-07 21:00:00,7.8780255,-2.8143954
2017-08-07 21:30:00,9.211261,-1.3227314
2017-08-07 22:00:00,10.544498,-0.12276386
2017-08-07 22:30:00,11.877733,1.6700094
2017-08-07 23:00:00,6.2384405,2.2351654
2017-08-07 23:30:00,20.065619,2.2596123
2017-08-08 00:00:00,36.26058,2.993658
2017-08-08 00:30:00,21.345167,3.0050185
2017-08-08 01:00:00,6.42975,4.2956176
2017-08-08 01:30:00,34.430584,4.537961
2017-08-08 02:00:00,28.908705,4.7060256
2017-08-08 02:30:00,23.386818,4.4927335
2017-08-08 03:00:00,17.86493,3.8160145
2017-08-08 03:30:00,12.343044,2.804847
2017-08-08 04:00:00,9.1139965,3.365549
2017-08-08 04:30:00,3.0984426,2.5478725
2017-08-08 05:00:00,9.35883,1.4343431
2017-08-08 05:30:00,7.5004897,1.1287313
2017-08-08 06:00:00,22.06983,-0.0006427032
2017-08-08 06:30:00,7.2329235,-2.0145113
2017-08-08 07:00:00,3.2956753,-2.5275407
2017-08-08 07:30:00,-0.6415772,-5.350567
2017-08-08 08:00:00,-4.578826,-8.871571
2017-08-08 08:30:00,-8.516074,-12.675349
2017-08-08 09:00:00,-12.453326,-16.413261
2017-08-08 09:30:00,-16.390575,-19.647425
2017-08-08 10:00:00,-20.327826,-21.913437
2017-08-08 10:30:00,-24.265076,-25.083471
2017-08-08 11:00:00,-28.202326,-27.231804
2017-08-08 11:30:00,-32.139576,-29.629162
2017-08-08 12:00:00,-31.5773,-31.230536
2017-08-08 12:30:00,-31.015022,-33.460712
2017-08-08 13:00:00,-30.452745,-34.85748
2017-08-08 13:30:00,-29.890469,-34.52248
2017-08-08 14:00:00,-29.32819,-33.702496
2017-08-08 14:30:00,-28.765915,-32.736664
2017-08-08 15:00:00,-24.707615,-31.836477
2017-08-08 15:30:00,-20.649317,-30.880585
2017-08-08 16:00:00,-16.591022,-27.744015
2017-08-08 16:30:00,-11.529464,-25.65372
2017-08-08 17:00:00,-6.4679093,-22.303934
2017-08-08 17:30:00,-4.4387956,-17.837
2017-08-08 18:00:00,-2.0607336,-14.517554
2017-08-08 18:30:00,2.8031287,-11.685859
2017-08-08 19:00:00,5.4716997,-7.3126855
2017-08-08 19:30:00,5.2205358,-6.1186304
2017-08-08 20:00:00,19.305107,-3.9988203
2017-08-08 20:30:00,33.38968,-2.2550347
2017-08-08 21:00:00,19.43701,0.36480135
2017-08-08 21:30:00,5.484338,2.1761584
2017-08-08 22:00:00,5.2002826,3.6084614
2017-08-08 22:30:00,7.8377643,3.6691263
2017-08-08 23:00:00,4.2896004,3.2503574
2017-08-08 23:30:00,3.9829447,3.8907492
2017-08-09 00:00:00,3.8631864,5.4653773
2017-08-09 00:30:00,6.8674755,5.777817
2017-08-09 01:00:00,5.0445924,5.722261
2017-08-09 01:30:00,3.2217093,6.77499
2017-08-09 02:00:00,6.2642856,7.3182163
2017-08-09 02:30:00,7.4631224,6.417617
2017-08-09 03:00:00,6.1499567,6.2957897
2017-08-09 03:30:00,6.6984653,5.4770656
2017-08-09 04:00:00,9.352304,4.716497
2017-08-09 04:30:00,12.006146,3.7675467
2017-08-09 05:00:00,14.659989,3.1372907
2017-08-09 05:30:00,6.4520493,2.8750072
2017-08-09 06:00:00,77.28127,2.926776
2017-08-09 06:30:00,-30.783688,2.0566258
2017-08-09 07:00:00,-15.043437,1.5285169
2017-08-09 07:30:00,0.69681567,-0.6795436
2017-08-09 08:00:00,16.437065,-2.8683422
2017-08-09 08:30:00,-2.7743416,-5.9560857
2017-08-09 09:00:00,-6.2555523,-9.782574
2017-08-09 09:30:00,-4.1769075,-12.033246
2017-08-09 10:00:00,-7.3494463,-14.862271
2017-08-09 10:30:00,-25.855526,-17.24755
2017-08-09 11:00:00,-18.439404,-20.8343
2017-08-09 11:30:00,-15.627738,-22.021801
2017-08-09 12:00:00,-18.935259,-23.404537
2017-08-09 12:30:00,-16.553486,-25.038277
2017-08-09 13:00:00,-20.509893,-25.56399
2017-08-09 13:30:00,-21.38461,-26.257175
2017-08-09 14:00:00,-7.914922,-26.101665
2017-08-09 14:30:00,-11.7178,-25.945831
2017-08-09 15:00:00,-5.9913807,-26.324818
2017-08-09 15:30:00,-7.944769,-25.090544
2017-08-09 16:00:00,-9.898157,-23.005436
2017-08-09 16:30:00,-7.5292673,-21.93025
2017-08-09 17:00:00,-5.5922656,-18.990774
2017-08-09 17:30:00,-5.568218,-15.5824995
2017-08-09 18:00:00,-1.5366224,-12.215659
2017-08-09 18:30:00,2.889778,-9.559198
2017-08-09 19:00:00,2.5519192,-7.441096
2017-08-09 19:30:00,1.8423355,-5.3936844
2017-08-09 20:00:00,4.3396544,-2.3273616
2017-08-09 20:30:00,2.9953763,0.2056859
2017-08-09 21:00:00,6.239827,1.5290632
2017-08-09 21:30:00,4.414088,2.3126848
2017-08-09 22:00:00,3.72091,3.190578
2017-08-09 22:30:00,5.888242,4.265338
2017-08-09 23:00:00,5.9706635,4.0697446
2017-08-09 23:30:00,8.351537,3.719983
2017-08-10 00:00:00,6.433039,4.6256313
2017-08-10 00:30:00,5.7088547,5.0824723
2017-08-10 01:00:00,9.986091,5.142711
2017-08-10 01:30:00,6.3157525,5.6491394
2017-08-10 02:00:00,4.495537,6.3786106
2017-08-10 02:30:00,8.214942,6.760129
2017-08-10 03:00:00,6.122635,7.3817825
2017-08-10 03:30:00,5.0000396,6.56833
2017-08-10 04:00:00,9.501928,6.2610865
2017-08-10 04:30:00,6.054652,5.391875
2017-08-10 05:00:00,5.9920692,5.885506
2017-08-10 05:30:00,5.2894034,6.551464
2017-08-10 06:00:00,4.187122,7.9216027
2017-08-10 06:30:00,4.2405934,6.589702
2017-08-10 07:00:00,-1.2160515,1.9839523
2017-08-10 07:30:00,-9.351008,-0.875205
2017-08-10 08:00:00,-29.12653,0.5725656
2017-08-10 08:30:00,-25.719193,-2.5626247
2017-08-10 09:00:00,-23.501148,-6.1300244
2017-08-10 09:30:00,-24.052433,-7.503234
2017-08-10 10:00:00,-16.306345,-10.693523
2017-08-10 10:30:00,-31.760777,-11.999217
2017-08-10 11:00:00,-28.898344,-14.785652
2017-08-10 11:30:00,-33.291355,-15.977014
2017-08-10 12:00:00,-31.787048,-18.321955
2017-08-10 12:30:00,-27.60108,-19.844265
2017-08-10 13:00:00,-26.04372,-20.466526
2017-08-10 13:30:00,-22.526476,-20.283735
2017-08-10 14:00:00,-28.182533,-20.961134
2017-08-10 14:30:00,-21.815878,-21.019983
2017-08-10 15:00:00,-25.337408,-20.484432
2017-08-10 15:30:00,-11.958542,-18.996336
2017-08-10 16:00:00,-12.82821,-18.816917
2017-08-10 16:30:00,-20.6047,-16.723274
2017-08-10 17:00:00,-12.508091,-15.233375
2017-08-10 17:30:00,-4.553343,-12.785977
2017-08-10 18:00:00,0.7059908,-10.041236
2017-08-10 18:30:00,5.96532,-7.009979
2017-08-10 19:00:00,0.82180053,-4.9915285
2017-08-10 19:30:00,24.046783,-3.1904163
2017-08-10 20:00:00,14.079067,-1.8973376
2017-08-10 20:30:00,4.111355,-0.7783446
2017-08-10 21:00:00,2.2291214,0.89712304
2017-08-10 21:30:00,5.143966,1.6330527
2017-08-10 22:00:00,12.262477,2.8072095
2017-08-10 22:30:00,6.6645045,4.199179
2017-08-10 23:00:00,3.5658753,6.2056813
2017-08-10 23:30:00,5.028763,5.8761916
2017-08-11 00:00:00,4.7914047,5.940037
2017-08-11 00:30:00,17.041536,6.2214093
2017-08-11 01:00:00,17.734858,7.518109
2017-08-11 01:30:00,7.62497,7.4935718
2017-08-11 02:00:00,4.4899907,7.0796185
2017-08-11 02:30:00,23.782465,7.511161
2017-08-11 03:00:00,19.104853,7.122272
2017-08-11 03:30:00,14.427239,7.435198
2017-08-11 04:00:00,9.74963,6.9277225
2017-08-11 04:30:00,5.072016,7.795977
2017-08-11 05:00:00,5.290447,7.7030654
2017-08-11 05:30:00,5.5088825,7.4453487
2017-08-11 06:00:00,5.727314,6.359718
2017-08-11 06:30:00,9.401809,4.9085975
2017-08-11 07:00:00,4.988924,3.6203833
2017-08-11 07:30:00,-9.869501,2.1797493
2017-08-11 08:00:00,-10.238321,-2.4851205
2017-08-11 08:30:00,-19.405231,-4.9081874
2017-08-11 09:00:00,-22.585331,-8.132607
2017-08-11 09:30:00,-36.936615,-9.8361845
2017-08-11 10:00:00,-41.96473,-11.99759
2017-08-11 10:30:00,-38.94491,-14.917706
2017-08-11 11:00:00,-41.577705,-17.637571
2017-08-11 11:30:00,-44.210503,-19.185686
2017-08-11 12:00:00,-40.842445,-21.471468
2017-08-11 12:30:00,-29.683563,-22.578913
2017-08-11 13:00:00,-35.454773,-24.252579
2017-08-11 13:30:00,-44.36316,-23.948128
2017-08-11 14:00:00,-14.423354,-23.922043
2017-08-11 14:30:00,-18.003109,-23.127893
2017-08-11 15:00:00,-24.343973,-22.330503
2017-08-11 15:30:00,-16.52879,-20.116837
2017-08-11 16:00:00,-12.554212,-18.730507
2017-08-11 16:30:00,-4.061693,-17.168375
2017-08-11 17:00:00,-6.1181064,-14.743786
2017-08-11 17:30:00,-3.0150006,-12.040824
2017-08-11 18:00:00,0.08810143,-9.414733
2017-08-11 18:30:00,3.1912034,-7.4940815
2017-08-11 19:00:00,6.835195,-5.0405993
2017-08-11 19:30:00,5.6149144,-0.90306944
2017-08-11 20:00:00,5.029185,1.3521175
2017-08-11 20:30:00,6.235871,1.748546
2017-08-11 21:00:00,8.759846,1.6407998
2017-08-11 21:30:00,7.3900647,2.300887
2017-08-11 22:00:00,8.221081,3.4910614
2017-08-11 22:30:00,9.489735,4.9727626
2017-08-11 23:00:00,7.6729326,5.084405
2017-08-11 23:30:00,7.6470313,4.5313597
2017-08-12 00:00:00,8.407963,6.001094
2017-08-12 00:30:00,4.840498,6.8387523
2017-08-12 01:00:00,7.5663624,6.50462
2017-08-12 01:30:00,6.9462986,7.7737837
2017-08-12 02:00:00,8.5396805,7.426087
2017-08-12 02:30:00,7.207113,7.3922577
2017-08-12 03:00:00,9.501822,8.400246
2017-08-12 03:30:00,8.3525505,7.9367957
2017-08-12 04:00:00,-16.833754,8.349687
2017-08-12 04:30:00,6.908879,7.5347786
2017-08-12 05:00:00,6.5474586,7.1586714
2017-08-12 05:30:00,11.727793,8.176621
2017-08-12 06:00:00,4.9492164,4.7584987
2017-08-12 06:30:00,5.239248,5.7453513
2017-08-12 07:00:00,5.375499,6.179833
2017-08-12 07:30:00,8.291136,3.7005816
2017-08-12 08:00:00,11.206771,0.03919645
2017-08-12 08:30:00,14.122407,-4.701799
2017-08-12 09:00:00,17.038048,-8.810235
2017-08-12 09:30:00,19.953688,-13.088715
2017-08-12 10:00:00,22.86932,-17.082129
2017-08-12 10:30:00,25.784958,-18.935452
2017-08-12 11:00:00,28.700598,-21.57997
2017-08-12 11:30:00,31.616236,-24.84936
2017-08-12 12:00:00,34.531868,-26.558138
2017-08-12 12:30:00,37.44751,-27.361668
2017-08-12 13:00:00,40.363148,-28.885992
2017-08-12 13:30:00,43.27878,-29.880915
2017-08-12 14:00:00,46.19442,-29.481436
2017-08-12 14:30:00,49.11006,-28.617802
2017-08-12 15:00:00,52.025692,-27.601908
2017-08-12 15:30:00,54.941334,-25.834986
2017-08-12 16:00:00,57.85697,-22.829731
2017-08-12 16:30:00,60.772602,-19.642561
2017-08-12 17:00:00,63.688244,-17.771536
2017-08-12 17:30:00,38.088997,-14.713239
2017-08-12 18:00:00,12.489756,-10.855793
2017-08-12 18:30:00,-13.109491,-9.972262
2017-08-12 19:00:00,25.55211,-7.5898113
2017-08-12 19:30:00,64.213715,-3.9398432
2017-08-12 20:00:00,9.463627,-1.6786838
2017-08-12 20:30:00,-45.28646,-0.10181373
2017-08-12 21:00:00,4.7675157,1.3497852
2017-08-12 21:30:00,3.9360633,2.0329854
2017-08-12 22:00:00,5.3024974,4.236705
2017-08-12 22:30:00,4.950509,5.2042165
2017-08-12 23:00:00,4.649166,6.21529
2017-08-12 23:30:00,4.168214,6.0516
2017-08-13 00:00:00,6.7294497,7.137412
2017-08-13 00:30:00,5.345611,5.724944
2017-08-13 01:00:00,3.9617722,6.4748607
2017-08-13 01:30:00,3.6396227,7.0049515
2017-08-13 02:00:00,3.3174694,7.237468
2017-08-13 02:30:00,4.5323467,6.9382124
2017-08-13 03:00:00,5.7472243,7.0057955
2017-08-13 03:30:00,6.962102,7.179516
2017-08-13 04:00:00,7.627189,5.051744
2017-08-13 04:30:00,6.6977797,4.695068
2017-08-13 05:00:00,6.388362,5.424901
2017-08-13 05:30:00,5.5938663,5.7198343
2017-08-13 06:00:00,4.7993665,5.1094246
2017-08-13 06:30:00,2.1851904,3.939594
2017-08-13 07:00:00,-3.452421,1.7336284
2017-08-13 07:30:00,-3.7274368,-0.42056465
2017-08-13 08:00:00,-7.541622,-1.080324
2017-08-13 08:30:00,-10.592073,-2.1433697
2017-08-13 09:00:00,-13.95808,-5.6106086
2017-08-13 09:30:00,-23.380335,-7.7940187
2017-08-13 10:00:00,-36.068123,-10.494893
2017-08-13 10:30:00,-30.831038,-10.586904
2017-08-13 11:00:00,-48.548122,-12.061439
2017-08-13 11:30:00,-31.281824,-13.501439
2017-08-13 12:00:00,-20.845575,-13.165114
2017-08-13 12:30:00,-27.607874,-13.540623
2017-08-13 13:00:00,-20.27085,-12.943691
2017-08-13 13:30:00,-8.880116,-11.234391
2017-08-13 14:00:00,-8.531685,-10.939126
2017-08-13 14:30:00,-8.183253,-11.383243
2017-08-13 15:00:00,-7.834826,-9.877253
2017-08-13 15:30:00,-7.486395,-9.423847
2017-08-13 16:00:00,-7.1379633,-7.9567738
2017-08-13 16:30:00,-6.7895317,-6.1080346
2017-08-13 17:00:00,-6.441104,-3.8742006
2017-08-13 17:30:00,-6.0926723,-3.4936619
2017-08-13 18:00:00,-5.7442408,-2.9178197
2017-08-13 18:30:00,51.924625,-3.232976
2017-08-13 19:00:00,33.57866,-1.4254699
2017-08-13 19:30:00,5.6551304,1.90239
2017-08-13 20:00:00,6.9361024,3.0478194
2017-08-13 20:30:00,7.7992177,-0.6075558
2017-08-13 21:00:00,5.2088814,0.06415197
2017-08-13 21:30:00,5.6894794,2.6052177
2017-08-13 22:00:00,6.2757363,3.3058639
2017-08-13 22:30:00,5.447121,4.154212
2017-08-13 23:00:00,3.391311,5.234206
2017-08-13 23:30:00,6.860965,5.2286105
2017-08-14 00:00:00,5.097337,5.686239
2017-08-14 00:30:00,4.6479945,5.089786
2017-08-14 01:00:00,5.7237043,4.6326246
2017-08-14 01:30:00,18.317888,4.8122115
2017-08-14 02:00:00,5.0738397,5.134497
2017-08-14 02:30:00,4.836244,4.5460396
2017-08-14 03:00:00,4.5986447,4.037464
2017-08-14 03:30:00,4.361049,3.2901514
2017-08-14 04:00:00,3.1969194,4.2087464
2017-08-14 04:30:00,3.7606852,4.386197
2017-08-14 05:00:00,4.5859656,4.4759245
2017-08-14 05:30:00,2.4665136,4.7640114
2017-08-14 06:00:00,4.2364335,4.9656863
2017-08-14 06:30:00,6.0063577,3.805905
2017-08-14 07:00:00,12.87971,2.677801
2017-08-14 07:30:00,19.753063,0.6266893
2017-08-14 08:00:00,40.20744,-1.2620777
2017-08-14 08:30:00,-6.8909364,-3.655675
2017-08-14 09:00:00,-10.57783,-6.1031437
2017-08-14 09:30:00,-18.360765,-8.090772
2017-08-14 10:00:00,-19.773903,-10.040102
2017-08-14 10:30:00,-24.236216,-12.425436
2017-08-14 11:00:00,-23.101656,-14.810811
2017-08-14 11:30:00,-23.584879,-15.717345
2017-08-14 12:00:00,-19.280972,-16.19468
2017-08-14 12:30:00,-21.598726,-16.109123
2017-08-14 13:00:00,-25.275066,-17.05405
2017-08-14 13:30:00,-17.182922,-15.965005
2017-08-14 14:00:00,-26.68527,-15.4378605
2017-08-14 14:30:00,-23.585558,-15.254603
2017-08-14 15:00:00,-9.858582,-13.291223
2017-08-14 15:30:00,-1.6051624,-12.611146
2017-08-14 16:00:00,-3.6490922,-10.40579
2017-08-14 16:30:00,-3.0100982,-10.216946
2017-08-14 17:00:00,-1.5705608,-8.15508
2017-08-14 17:30:00,-0.5197273,-7.6235313
2017-08-14 18:00:00,0.65520555,-6.767854
2017-08-14 18:30:00,1.304603,-0.35042316
2017-08-14 19:00:00,4.764535,2.3488462
2017-08-14 19:30:00,4.215649,2.5666597
2017-08-14 20:00:00,7.6573935,2.68548
2017-08-14 20:30:00,6.6706614,2.1132402
2017-08-14 21:00:00,3.5125806,0.978399
2017-08-14 21:30:00,5.5005064,0.7656685
2017-08-14 22:00:00,3.2617404,1.2051426
2017-08-14 22:30:00,5.411412,2.0312483
2017-08-14 23:00:00,4.5075455,1.3068638
2017-08-14 23:30:00,4.8556604,1.0295271
2017-08-15 00:00:00,5.203772,1.1172953
2017-08-15 00:30:00,4.665414,0.22226891
2017-08-15 01:00:00,3.8409212,0.33955193
2017-08-15 01:30:00,3.1276221,0.82416683
2017-08-15 02:00:00,7.295714,0.5098245
2017-08-15 02:30:00,3.5481055,0.16436969
2017-08-15 03:00:00,8.657548,0.49486175
2017-08-15 03:30:00,11.349689,-0.34072056
2017-08-15 04:00:00,6.215516,0.50494117
2017-08-15 04:30:00,6.3661194,0.6371229
2017-08-15 05:00:00,2.4821923,0.83950263
2017-08-15 05:30:00,4.58566,1.8603429
2017-08-15 06:00:00,5.663288,1.9544413
2017-08-15 06:30:00,1.9352319,1.7731097
2017-08-15 07:00:00,-0.22189264,3.33906
2017-08-15 07:30:00,-1.760913,3.488571
2017-08-15 08:00:00,-3.2999372,3.660829
2017-08-15 08:30:00,-3.2208316,2.9611099
2017-08-15 09:00:00,-17.893076,-0.04685356
2017-08-15 09:30:00,-15.124848,-2.085708
2017-08-15 10:00:00,-14.302409,-4.112588
2017-08-15 10:30:00,20.91022,-6.68925
2017-08-15 11:00:00,-19.528387,-8.427274
2017-08-15 11:30:00,-20.42463,-9.302774
2017-08-15 12:00:00,-31.103949,-8.84813
2017-08-15 12:30:00,-27.738495,-10.367315
2017-08-15 13:00:00,-34.961613,-9.970005
2017-08-15 13:30:00,-27.66493,-11.1400175
2017-08-15 14:00:00,-41.356316,-12.596281
2017-08-15 14:30:00,-48.95068,-13.387115
2017-08-15 15:00:00,-42.370804,-12.626869
2017-08-15 15:30:00,-23.735926,-12.018773
2017-08-15 16:00:00,-29.75303,-10.244538
2017-08-15 16:30:00,-19.09595,-8.8689785
2017-08-15 17:00:00,-21.281168,-7.902141
2017-08-15 17:30:00,-5.866558,-6.0797973
2017-08-15 18:00:00,7.705722,-3.1097696
2017-08-15 18:30:00,4.2932816,-0.3284557
2017-08-15 19:00:00,7.0364633,2.633655
2017-08-15 19:30:00,4.0755095,2.3340607
2017-08-15 20:00:00,7.0698404,2.9148276
2017-08-15 20:30:00,8.363462,5.489707
2017-08-15 21:00:00,10.0991955,6.4572563
2017-08-15 21:30:00,3.6345246,6.100049
2017-08-15 22:00:00,5.1887264,6.7747264
2017-08-15 22:30:00,4.314684,7.4839935
2017-08-15 23:00:00,17.945738,8.501047
2017-08-15 23:30:00,-0.3688977,8.378896
2017-08-16 00:00:00,2.944478,8.265049
2017-08-16 00:30:00,13.321494,7.0958962
2017-08-16 01:00:00,12.151769,6.9875207
2017-08-16 01:30:00,10.982047,6.138566
2017-08-16 02:00:00,18.169813,7.051358
2017-08-16 02:30:00,17.090754,7.1127467
2017-08-16 03:00:00,16.011686,7.2035255
2017-08-16 03:30:00,14.932627,7.393825
2017-08-16 04:00:00,-19.585629,7.543739
2017-08-16 04:30:00,9.967639,7.0408006
2017-08-16 05:00:00,11.362876,6.3973904
2017-08-16 05:30:00,13.548419,7.4968123
2017-08-16 06:00:00,18.926203,7.349242
2017-08-16 06:30:00,3.0273778,6.48471
2017-08-16 07:00:00,4.99129,5.619764
2017-08-16 07:30:00,12.833956,3.5263488
2017-08-16 08:00:00,20.676624,1.3310846
2017-08-16 08:30:00,28.519289,-0.2838387
2017-08-16 09:00:00,0.9676413,-3.2624304
2017-08-16 09:30:00,11.170105,-6.55899
2017-08-16 10:00:00,21.372568,-8.003889
2017-08-16 10:30:00,31.575031,-9.089542
2017-08-16 11:00:00,-34.40528,-9.609091
2017-08-16 11:30:00,-24.576836,-10.55018
2017-08-16 12:00:00,-22.11799,-13.84093
2017-08-16 12:30:00,-23.145285,-15.359629
2017-08-16 13:00:00,-39.16657,-16.028658
2017-08-16 13:30:00,-40.3466,-17.993298
2017-08-16 14:00:00,-28.067673,-18.068031
2017-08-16 14:30:00,-23.882467,-18.708166
2017-08-16 15:00:00,-19.664652,-18.227295
2017-08-16 15:30:00,-26.95933,-17.723127
2017-08-16 16:00:00,-26.544937,-15.55199
2017-08-16 16:30:00,-13.077561,-14.541817
2017-08-16 17:00:00,-12.804512,-12.54235
2017-08-16 17:30:00,-2.3709197,-9.147102
2017-08-16 18:00:00,-1.9277831,-3.9648063
2017-08-16 18:30:00,1.9077556,-3.311328
2017-08-16 19:00:00,1.1213422,-1.7953112
2017-08-16 19:30:00,3.0062582,-0.5362123
2017-08-16 20:00:00,4.8911705,1.6183802
2017-08-16 20:30:00,6.7760863,2.292993
2017-08-16 21:00:00,2.780468,3.6797936
2017-08-16 21:30:00,3.393274,5.315964
2017-08-16 22:00:00,4.0060763,7.183917
2017-08-16 22:30:00,7.620682,7.9070134
2017-08-16 23:00:00,7.5981,8.129046
2017-08-16 23:30:00,2.2084088,7.957776
2017-08-17 00:00:00,3.5871344,7.8583603
2017-08-17 00:30:00,6.9372177,8.147638
2017-08-17 01:00:00,0.72679776,8.130983
2017-08-17 01:30:00,5.4196296,8.915129
2017-08-17 02:00:00,5.7820144,9.767738
2017-08-17 02:30:00,5.9982905,9.876401
2017-08-17 03:00:00,4.3351254,10.329707
2017-08-17 03:30:00,5.460328,10.376295
2017-08-17 04:00:00,7.366258,9.146726
2017-08-17 04:30:00,2.7948503,9.133688
2017-08-17 05:00:00,3.5401511,10.298169
2017-08-17 05:30:00,6.839155,11.051936
2017-08-17 06:00:00,8.292786,10.975921
2017-08-17 06:30:00,6.294154,9.574757
2017-08-17 07:00:00,25.375309,8.907473
2017-08-17 07:30:00,1.8068144,8.704656
2017-08-17 08:00:00,-21.761675,7.850146
2017-08-17 08:30:00,-11.473855,8.125429
2017-08-17 09:00:00,-22.42563,4.115085
2017-08-17 09:30:00,-30.714188,1.0347646
2017-08-17 10:00:00,-34.468807,-1.3075839
2017-08-17 10:30:00,-27.764858,-2.1524055
2017-08-17 11:00:00,-42.710434,-6.808801
2017-08-17 11:30:00,-38.933422,-10.5564165
2017-08-17 12:00:00,-38.4218,-12.6428385
2017-08-17 12:30:00,-37.91017,-14.480964
2017-08-17 13:00:00,-43.388863,-15.401624
2017-08-17 13:30:00,-31.16733,-17.971914
2017-08-17 14:00:00,-45.644268,-19.318087
2017-08-17 14:30:00,-28.278723,-19.884407
2017-08-17 15:00:00,-49.768284,-19.567204
2017-08-17 15:30:00,-31.793839,-20.032097
2017-08-17 16:00:00,-17.017662,-18.868343
2017-08-17 16:30:00,-7.8624043,-18.440506
2017-08-17 17:00:00,-12.9666,-16.51641
2017-08-17 17:30:00,-1.4815718,-14.451641
2017-08-17 18:00:00,1.8892208,-11.337713
2017-08-17 18:30:00,5.260013,-9.57039
2017-08-17 19:00:00,6.058767,-6.4476676
2017-08-17 19:30:00,6.184445,-4.482949
2017-08-17 20:00:00,6.9930897,-1.7545639
2017-08-17 20:30:00,8.075198,0.31449845
2017-08-17 21:00:00,8.913253,1.4792125
2017-08-17 21:30:00,12.46795,2.8142216
2017-08-17 22:00:00,5.96737,4.6361513
2017-08-17 22:30:00,5.200196,4.60311
2017-08-17 23:00:00,8.429203,6.116116
2017-08-17 23:30:00,5.9790473,6.0749993
2017-08-18 00:00:00,6.3690434,7.371654
2017-08-18 00:30:00,11.316357,7.5133915
2017-08-18 01:00:00,9.3702965,7.3345466
2017-08-18 01:30:00,5.9279265,7.457052
2017-08-18 02:00:00,6.644828,8.409734
2017-08-18 02:30:00,6.751643,8.175213
2017-08-18 03:00:00,8.963654,8.799669
2017-08-18 03:30:00,9.010659,8.12286
2017-08-18 04:00:00,4.7470965,8.64558
2017-08-18 04:30:00,6.96379,8.097742
2017-08-18 05:00:00,8.281267,8.371028
2017-08-18 05:30:00,6.618723,8.871306
2017-08-18 06:00:00,4.9561834,9.055977
2017-08-18 06:30:00,3.2936404,8.305955
2017-08-18 07:00:00,5.790707,9.491393
2017-08-18 07:30:00,0.73544157,8.577908
2017-08-18 08:00:00,-16.14926,5.3492923
2017-08-18 08:30:00,-17.118694,3.0714712
2017-08-18 09:00:00,-20.063738,0.41205597
2017-08-18 09:30:00,-38.250877,-3.8586388
2017-08-18 10:00:00,-31.472822,-7.345686
2017-08-18 10:30:00,-37.532013,-10.657644
2017-08-18 11:00:00,-41.684093,-13.691855
2017-08-18 11:30:00,-45.836178,-16.350819
2017-08-18 12:00:00,-47.206795,-19.139381
2017-08-18 12:30:00,-35.195965,-21.854065
2017-08-18 13:00:00,-21.719717,-22.524887
2017-08-18 13:30:00,-39.29165,-24.898205
2017-08-18 14:00:00,-38.59183,-25.089718
2017-08-18 14:30:00,-22.241604,-26.56427
2017-08-18 15:00:00,-27.235275,-26.219353
2017-08-18 15:30:00,-27.150106,-25.925272
2017-08-18 16:00:00,-18.390797,-24.520617
2017-08-18 16:30:00,-17.03745,-22.491816
2017-08-18 17:00:00,-12.200618,-18.782377
2017-08-18 17:30:00,-3.6894438,-15.612327
2017-08-18 18:00:00,4.096697,-12.5044775
2017-08-18 18:30:00,3.4920714,-9.665983
2017-08-18 19:00:00,4.7657976,-6.8552833
2017-08-18 19:30:00,4.149031,-5.1971073
2017-08-18 20:00:00,6.1729712,-3.1339076
2017-08-18 20:30:00,6.040522,-1.0252396
2017-08-18 21:00:00,5.908073,0.34021133
2017-08-18 21:30:00,5.775624,2.9659216
2017-08-18 22:00:00,5.6431746,4.58118
2017-08-18 22:30:00,5.510725,5.401988
2017-08-18 23:00:00,5.378272,6.0707717
2017-08-18 23:30:00,5.245823,5.879598
2017-08-19 00:00:00,5.1133738,6.9697585
2017-08-19 00:30:00,4.980924,7.391519
2017-08-19 01:00:00,4.848475,8.080975
2017-08-19 01:30:00,4.716026,7.691603
2017-08-19 02:00:00,4.5835767,8.446878
2017-08-19 02:30:00,4.451123,8.973058
2017-08-19 03:00:00,4.318674,9.036391
2017-08-19 03:30:00,5.143103,8.491733
2017-08-19 04:00:00,5.967536,9.223073
2017-08-19 04:30:00,8.637272,9.413327
2017-08-19 05:00:00,6.175357,10.284408
2017-08-19 05:30:00,5.9242415,10.145029
2017-08-19 06:00:00,4.344308,9.494889
2017-08-19 06:30:00,-0.5552295,8.788651
2017-08-19 07:00:00,-5.4547634,7.714905
2017-08-19 07:30:00,-10.3543005,6.8789268
2017-08-19 08:00:00,-15.253835,4.7640944
2017-08-19 08:30:00,-10.108295,0.9268526
2017-08-19 09:00:00,-10.695712,-2.9457633
2017-08-19 09:30:00,-11.669174,-7.319065
2017-08-19 10:00:00,-18.176155,-11.470566
2017-08-19 10:30:00,-24.892761,-17.962362
2017-08-19 11:00:00,-35.52216,-21.088467
2017-08-19 11:30:00,-24.34823,-23.919518
2017-08-19 12:00:00,-36.316803,-26.352625
2017-08-19 12:30:00,-29.716898,-28.059824
2017-08-19 13:00:00,-30.79454,-29.261246
2017-08-19 13:30:00,-21.356146,-30.138725
2017-08-19 14:00:00,-31.48761,-30.807062
2017-08-19 14:30:00,-13.589671,-30.935854
2017-08-19 15:00:00,-6.876392,-30.344904
2017-08-19 15:30:00,-3.3073225,-28.95393
2017-08-19 16:00:00,0.26174632,-27.503593
2017-08-19 16:30:00,3.8308153,-25.76913
2017-08-19 17:00:00,5.5742426,-22.524435
2017-08-19 17:30:00,7.31767,-17.247902
2017-08-19 18:00:00,9.061098,-13.499322
2017-08-19 18:30:00,30.424665,-10.314767
2017-08-19 19:00:00,31.85179,-7.5280423
2017-08-19 19:30:00,33.278915,-5.266506
2017-08-19 20:00:00,34.70604,-2.5623233
2017-08-19 20:30:00,36.133167,-1.198323
2017-08-19 21:00:00,37.56029,1.1724815
2017-08-19 21:30:00,38.98741,2.7426484
2017-08-19 22:00:00,40.414536,3.8997474
2017-08-19 22:30:00,41.841663,5.3004026
2017-08-19 23:00:00,43.268787,6.3130546
2017-08-19 23:30:00,44.695915,7.1283536
2017-08-20 00:00:00,46.12304,7.386658
2017-08-20 00:30:00,47.550163,6.9268785
2017-08-20 01:00:00,33.9962,7.062851
2017-08-20 01:30:00,20.44224,6.7314997
2017-08-20 02:00:00,6.888279,7.975689
2017-08-20 02:30:00,7.343801,7.8079743
2017-08-20 03:00:00,31.230854,8.177813
2017-08-20 03:30:00,55.1179,7.5332413
2017-08-20 04:00:00,3.0975382,7.869634
2017-08-20 04:30:00,5.9403834,8.236081
2017-08-20 05:00:00,8.78323,7.943088
2017-08-20 05:30:00,11.626072,7.6527176
2017-08-20 06:00:00,4.207714,7.1904507
2017-08-20 06:30:00,2.1993845,5.617322
2017-08-20 07:00:00,1.1389915,3.4689357
2017-08-20 07:30:00,-6.058056,0.04138943
2017-08-20 08:00:00,-10.228396,-1.5997252
2017-08-20 08:30:00,-23.404455,-4.5354147
2017-08-20 09:00:00,-19.289513,-8.118432
2017-08-20 09:30:00,-12.16256,-11.014716
2017-08-20 10:00:00,-4.0925155,-15.365579
2017-08-20 10:30:00,-16.873667,-18.792814
2017-08-20 11:00:00,-2.2202032,-22.159103
2017-08-20 11:30:00,-7.042957,-24.106087
2017-08-20 12:00:00,-6.4811277,-26.954506
2017-08-20 12:30:00,-14.793625,-28.688654
2017-08-20 13:00:00,-15.142377,-29.495543
2017-08-20 13:30:00,-15.491125,-30.01751
2017-08-20 14:00:00,-15.839877,-31.156954
2017-08-20 14:30:00,-16.188625,-30.818808
2017-08-20 15:00:00,-16.537373,-28.689241
2017-08-20 15:30:00,-28.060793,-26.226118
2017-08-20 16:00:00,-19.201433,-23.392557
2017-08-20 16:30:00,-15.435498,-20.500687
2017-08-20 17:00:00,-5.433836,-17.423359
2017-08-20 17:30:00,-9.549021,-13.448311
2017-08-20 18:00:00,-0.56982297,-9.374362
2017-08-20 18:30:00,2.458077,-6.039427
2017-08-20 19:00:00,7.2932796,-1.6343908
2017-08-20 19:30:00,1.2501025,1.1418628
2017-08-20 20:00:00,-32.57742,2.6573331
2017-08-20 20:30:00,0.93303216,2.9283206
2017-08-20 21:00:00,4.7136145,3.8827422
2017-08-20 21:30:00,8.494197,4.968392
2017-08-20 22:00:00,7.069701,5.0570345
2017-08-20 22:30:00,5.6452055,6.6162663
2017-08-20 23:00:00,12.677602,7.640373
2017-08-20 23:30:00,-5.1602182,7.3981133
2017-08-21 00:00:00,-1.8431989,8.459192
2017-08-21 00:30:00,-9.398116,8.971272
2017-08-21 01:00:00,-1.1531371,8.878195
2017-08-21 01:30:00,7.0918455,8.753104
2017-08-21 02:00:00,8.261082,7.5322013
2017-08-21 02:30:00,5.4340763,6.935379
2017-08-21 03:00:00,2.6070678,7.7998734
2017-08-21 03:30:00,5.7750735,8.555306
2017-08-21 04:00:00,7.159621,9.358948
2017-08-21 04:30:00,11.192844,7.721491
2017-08-21 05:00:00,15.226072,7.6903825
2017-08-21 05:30:00,10.833644,7.1861854
2017-08-21 06:00:00,2.1062355,6.927202
2017-08-21 06:30:00,-4.2646947,4.581979
2017-08-21 07:00:00,-0.9255908,3.6622384
2017-08-21 07:30:00,-15.282574,1.0753423
2017-08-21 08:00:00,-13.166795,-1.1604055
2017-08-21 08:30:00,-10.56529,-5.92662
2017-08-21 09:00:00,-26.967999,-9.999675
2017-08-21 09:30:00,-22.990715,-11.371991
2017-08-21 10:00:00,-14.059146,-13.623451
2017-08-21 10:30:00,-31.339506,-16.061014
2017-08-21 11:00:00,-37.29242,-18.596132
2017-08-21 11:30:00,-36.686657,-19.489952
2017-08-21 12:00:00,-20.460997,-19.471605
2017-08-21 12:30:00,-24.73124,-19.219885
2017-08-21 13:00:00,-21.965672,-22.310427
2017-08-21 13:30:00,-17.410688,-21.035076
2017-08-21 14:00:00,-17.988419,-20.70836
2017-08-21 14:30:00,-18.303997,-19.859022
2017-08-21 15:00:00,-15.68034,-19.781212
2017-08-21 15:30:00,-15.280357,-18.958042
2017-08-21 16:00:00,-12.70191,-18.629015
2017-08-21 16:30:00,-9.192657,-16.041454
2017-08-21 17:00:00,-8.7888365,-14.332945
2017-08-21 17:30:00,-5.661861,-11.6694565
2017-08-21 18:00:00,-1.9071344,-9.176493
2017-08-21 18:30:00,3.0477552,-7.1958284
2017-08-21 19:00:00,6.647492,-5.0505543
2017-08-21 19:30:00,3.648666,-3.885384
2017-08-21 20:00:00,2.9025438,-3.899145
2017-08-21 20:30:00,3.8117719,-3.7103677
2017-08-21 21:00:00,1.8553501,-0.7520514
2017-08-21 21:30:00,6.470358,1.8709347
2017-08-21 22:00:00,3.8968308,3.952548
2017-08-21 22:30:00,4.95439,4.5580673
2017-08-21 23:00:00,6.380317,5.596696
2017-08-21 23:30:00,5.230314,5.648431
2017-08-22 00:00:00,5.1136675,5.1098466
2017-08-22 00:30:00,6.0183134,4.3048873
2017-08-22 01:00:00,1.5721618,4.773149
2017-08-22 01:30:00,4.0830193,5.7118616
2017-08-22 02:00:00,3.5179424,6.284546
2017-08-22 02:30:00,6.3941045,5.3784757
2017-08-22 03:00:00,3.9680007,4.9172034
2017-08-22 03:30:00,3.3404164,4.737752
2017-08-22 04:00:00,5.5196853,4.9216123
2017-08-22 04:30:00,6.8397884,4.437434
2017-08-22 05:00:00,7.160683,5.015123
2017-08-22 05:30:00,6.2840977,5.1828256
2017-08-22 06:00:00,6.58931,3.4000454
2017-08-22 06:30:00,3.6191173,1.3176516
2017-08-22 07:00:00,1.1269866,0.49973753
2017-08-22 07:30:00,-15.316779,-2.9591813
2017-08-22 08:00:00,-19.917128,-4.1930346
2017-08-22 08:30:00,-24.517477,-5.910606
2017-08-22 09:00:00,-21.783775,-9.948799
2017-08-22 09:30:00,-24.42785,-11.751675
2017-08-22 10:00:00,-40.46926,-13.601224
2017-08-22 10:30:00,-30.840977,-16.040606
2017-08-22 11:00:00,-38.754974,-17.84746
2017-08-22 11:30:00,-41.07857,-19.876984
2017-08-22 12:00:00,-38.10393,-20.86802
2017-08-22 12:30:00,-38.492065,-21.086945
2017-08-22 13:00:00,-48.79762,-21.164219
2017-08-22 13:30:00,-33.227394,-21.010359
2017-08-22 14:00:00,-21.677011,-19.113039
2017-08-22 14:30:00,-16.923048,-18.252016
2017-08-22 15:00:00,-14.530215,-16.606361
2017-08-22 15:30:00,-12.68013,-15.362591
2017-08-22 16:00:00,-18.89008,-13.541629
2017-08-22 16:30:00,-15.007667,-11.66824
2017-08-22 17:00:00,-11.125258,-9.20478
2017-08-22 17:30:00,-3.170766,-6.129637
2017-08-22 18:00:00,3.555596,-4.315378
2017-08-22 18:30:00,5.6903725,-2.6789055
2017-08-22 19:00:00,4.7354236,-1.5391544
2017-08-22 19:30:00,7.0879455,-0.39011914
2017-08-22 20:00:00,7.5171895,0.9012904
2017-08-22 20:30:00,8.389002,2.7107635
2017-08-22 21:00:00,8.733417,2.8072734
2017-08-22 21:30:00,8.594807,4.0438848
2017-08-22 22:00:00,10.56564,6.343244
2017-08-22 22:30:00,8.865199,7.3916774
2017-08-22 23:00:00,5.3663125,9.049217
2017-08-22 23:30:00,7.5934315,10.45812
2017-08-23 00:00:00,6.758249,10.449711
2017-08-23 00:30:00,6.6648965,10.261039
2017-08-23 01:00:00,5.9400673,10.013375
2017-08-23 01:30:00,5.3348155,9.965733
2017-08-23 02:00:00,6.801441,10.57046
2017-08-23 02:30:00,6.9148884,10.851772
2017-08-23 03:00:00,7.462425,11.709446
2017-08-23 03:30:00,9.118149,10.364372
2017-08-23 04:00:00,9.180879,9.906228
2017-08-23 04:30:00,6.17758,9.752102
2017-08-23 05:00:00,7.968579,9.435732
2017-08-23 05:30:00,7.2907023,9.1872015
2017-08-23 06:00:00,5.8787503,8.365249
2017-08-23 06:30:00,3.1796243,7.6435084
2017-08-23 07:00:00,-4.2419963,6.557704
2017-08-23 07:30:00,-12.658739,3.7274022
2017-08-23 08:00:00,-16.961435,-0.34787598
2017-08-23 08:30:00,-19.65874,-2.3774648
2017-08-23 09:00:00,-29.613487,-5.9034734
2017-08-23 09:30:00,-29.388186,-8.140634
2017-08-23 10:00:00,-37.5358,-11.102537
2017-08-23 10:30:00,-37.891994,-13.003324
2017-08-23 11:00:00,-38.359005,-16.340424
2017-08-23 11:30:00,-38.82602,-18.565031
2017-08-23 12:00:00,-35.408596,-21.429682
2017-08-23 12:30:00,-40.230003,-22.930128
2017-08-23 13:00:00,-30.923494,-24.152132
2017-08-23 13:30:00,-30.64787,-25.016352
2017-08-23 14:00:00,-40.124386,-23.57631
2017-08-23 14:30:00,-34.401493,-23.033459
2017-08-23 15:00:00,-24.122631,-22.058857
2017-08-23 15:30:00,-22.839125,-19.194054
2017-08-23 16:00:00,-18.056253,-18.519215
2017-08-23 16:30:00,-16.12287,-17.089563
2017-08-23 17:00:00,-6.301959,-15.207515
2017-08-23 17:30:00,-5.6713824,-11.449555
2017-08-23 18:00:00,-2.727735,-7.834845
2017-08-23 18:30:00,3.7935686,-4.875809
2017-08-23 19:00:00,5.5065203,-2.1010625
2017-08-23 19:30:00,5.593655,-1.6466746
2017-08-23 20:00:00,12.350053,2.1575408
2017-08-23 20:30:00,8.732712,3.8257172
2017-08-23 21:00:00,8.8678255,5.3747907
2017-08-23 21:30:00,8.916542,6.4068027
2017-08-23 22:00:00,7.303046,7.6592436
2017-08-23 22:30:00,7.775159,8.961423
2017-08-23 23:00:00,5.150688,8.360493
2017-08-23 23:30:00,6.099985,7.6924624
2017-08-24 00:00:00,6.8423467,9.195687
2017-08-24 00:30:00,7.3569098,9.118631
2017-08-24 01:00:00,6.667862,9.741476
2017-08-24 01:30:00,6.3003564,10.246374
2017-08-24 02:00:00,1.4630026,11.486463
2017-08-24 02:30:00,4.933206,11.428308
2017-08-24 03:00:00,5.4881134,11.422045
2017-08-24 03:30:00,5.584642,10.64894
2017-08-24 04:00:00,6.568778,11.230208
2017-08-24 04:30:00,4.4645224,10.238883
2017-08-24 05:00:00,2.7136536,9.912732
2017-08-24 05:30:00,1.8988744,9.382595
2017-08-24 06:00:00,14.301373,9.422047
2017-08-24 06:30:00,8.2670355,8.595541
2017-08-24 07:00:00,7.03392,6.3547363
2017-08-24 07:30:00,-3.484743,2.9633858
2017-08-24 08:00:00,-18.174524,-1.0768274
2017-08-24 08:30:00,-29.991133,-4.924311
2017-08-24 09:00:00,-30.046064,-9.611069
2017-08-24 09:30:00,-33.416603,-14.045706
2017-08-24 10:00:00,-27.972721,-17.73789
2017-08-24 10:30:00,-35.53096,-21.073736
2017-08-24 11:00:00,-22.03987,-23.565514
2017-08-24 11:30:00,-29.579172,-24.557705
2017-08-24 12:00:00,-28.845215,-27.280865
2017-08-24 12:30:00,-37.233795,-29.185497
2017-08-24 13:00:00,-27.52202,-30.63028
2017-08-24 13:30:00,-27.337406,-31.091896
2017-08-24 14:00:00,-35.112957,-31.577717
2017-08-24 14:30:00,-26.477448,-30.894558
2017-08-24 15:00:00,-45.321007,-30.374897
2017-08-24 15:30:00,-22.215038,-27.23202
2017-08-24 16:00:00,-7.2155013,-26.004581
2017-08-24 16:30:00,-19.32804,-22.929968
2017-08-24 17:00:00,-13.488493,-19.709507
2017-08-24 17:30:00,-7.648947,-16.081251
2017-08-24 18:00:00,-1.8093998,-13.287548
2017-08-24 18:30:00,4.0301466,-9.126299
2017-08-24 19:00:00,1.2680571,-6.3248343
2017-08-24 19:30:00,22.268917,-4.0059304
2017-08-24 20:00:00,8.727617,-1.4325914
2017-08-24 20:30:00,10.9949,0.6416332
2017-08-24 21:00:00,13.262186,2.5613544
2017-08-24 21:30:00,15.529465,4.577676
2017-08-24 22:00:00,17.98326,5.7774963
2017-08-24 22:30:00,20.437046,7.134013
2017-08-24 23:00:00,10.711459,7.542526
2017-08-24 23:30:00,11.566564,7.553664
2017-08-25 00:00:00,7.8141127,8.563762
2017-08-25 00:30:00,12.501353,7.841261
2017-08-25 01:00:00,8.181075,8.593801
2017-08-25 01:30:00,7.7670197,8.764974
2017-08-25 02:00:00,7.352965,8.817093
2017-08-25 02:30:00,12.830462,8.812812
2017-08-25 03:00:00,20.499641,9.088555
2017-08-25 03:30:00,11.89221,8.090425
2017-08-25 04:00:00,10.219764,8.009865
2017-08-25 04:30:00,12.3088875,7.911806
2017-08-25 05:00:00,7.014624,6.9646864
2017-08-25 05:30:00,11.675252,6.766256
2017-08-25 06:00:00,16.335878,7.4168777
2017-08-25 06:30:00,13.61809,6.4826074
2017-08-25 07:00:00,4.9873714,4.405165
2017-08-25 07:30:00,-3.6433384,2.0443158
2017-08-25 08:00:00,-12.039889,-2.5508535
2017-08-25 08:30:00,-25.988808,-7.2700205
2017-08-25 09:00:00,-12.739578,-12.808183
2017-08-25 09:30:00,-24.904049,-17.702362
2017-08-25 10:00:00,-27.289642,-21.272243
2017-08-25 10:30:00,-34.053715,-24.696613
2017-08-25 11:00:00,-31.049973,-26.946901
2017-08-25 11:30:00,-41.094112,-28.97788
2017-08-25 12:00:00,-44.749943,-31.271338
2017-08-25 12:30:00,-11.544031,-32.462143
2017-08-25 13:00:00,-13.776022,-33.87165
2017-08-25 13:30:00,-16.008009,-34.190735
2017-08-25 14:00:00,-18.24,-35.67038
2017-08-25 14:30:00,-30.089634,-35.294685
2017-08-25 15:00:00,-41.939266,-35.392563
2017-08-25 15:30:00,-23.086975,-32.983562
2017-08-25 16:00:00,-15.003198,-30.31135
2017-08-25 16:30:00,-12.150849,-26.083767
2017-08-25 17:00:00,-4.827251,-22.455118
2017-08-25 17:30:00,2.4963486,-18.706532
2017-08-25 18:00:00,2.192018,-14.976992
2017-08-25 18:30:00,1.4713185,-12.561528
2017-08-25 19:00:00,5.9500823,-8.377604
2017-08-25 19:30:00,2.8869028,-4.2121496
2017-08-25 20:00:00,6.645465,-1.3725632
2017-08-25 20:30:00,11.367232,0.19027098
2017-08-25 21:00:00,6.0224247,1.5234226
2017-08-25 21:30:00,7.9081736,3.9987967
2017-08-25 22:00:00,7.448152,5.673718
2017-08-25 22:30:00,4.941157,6.2858043
2017-08-25 23:00:00,8.271074,7.07108
2017-08-25 23:30:00,4.7065,6.151023
2017-08-26 00:00:00,13.901798,7.411105
2017-08-26 00:30:00,6.146388,7.4012556
2017-08-26 01:00:00,10.698346,7.2589455
2017-08-26 01:30:00,21.687761,7.2742662
2017-08-26 02:00:00,6.562565,7.973074
2017-08-26 02:30:00,4.9386625,8.747784
2017-08-26 03:00:00,8.976148,9.615119
2017-08-26 03:30:00,6.8035893,8.603658
2017-08-26 04:00:00,7.946547,8.158822
2017-08-26 04:30:00,7.409225,7.4649124
2017-08-26 05:00:00,5.5374103,6.6490784
2017-08-26 05:30:00,5.2418704,7.407126
2017-08-26 06:00:00,6.884801,6.9701653
2017-08-26 06:30:00,5.195132,6.579852
2017-08-26 07:00:00,-0.11579304,4.2496405
2017-08-26 07:30:00,-8.0643015,0.62060773
2017-08-26 08:00:00,-7.005465,-3.3892505
2017-08-26 08:30:00,-9.26457,-7.688744
2017-08-26 09:00:00,-19.61324,-11.953602
2017-08-26 09:30:00,-15.973441,-16.059511
2017-08-26 10:00:00,-18.234243,-20.114574
2017-08-26 10:30:00,-23.9261,-22.364777
2017-08-26 11:00:00,-25.81378,-25.538198
2017-08-26 11:30:00,-37.49945,-28.073341
2017-08-26 12:00:00,-28.117846,-30.822418
2017-08-26 12:30:00,-26.389957,-30.87572
2017-08-26 13:00:00,-25.324875,-30.44145
2017-08-26 13:30:00,-28.219707,-30.73378
2017-08-26 14:00:00,-18.174374,-31.209253
2017-08-26 14:30:00,-14.11405,-31.498388
2017-08-26 15:00:00,-11.794735,-31.7329
2017-08-26 15:30:00,-10.0867605,-29.777302
2017-08-26 16:00:00,-4.848623,-26.99748
2017-08-26 16:30:00,-13.697624,-23.76362
2017-08-26 17:00:00,-7.2140846,-19.408047
2017-08-26 17:30:00,-3.4334228,-15.406974
2017-08-26 18:00:00,-0.54352605,-11.466613
2017-08-26 18:30:00,1.8297051,-9.303159
2017-08-26 19:00:00,4.625703,-7.197607
2017-08-26 19:30:00,4.529061,-5.3471494
2017-08-26 20:00:00,6.9769664,-2.4161623
2017-08-26 20:30:00,8.027077,0.62989587
2017-08-26 21:00:00,5.8861885,2.3807726
2017-08-26 21:30:00,4.7421684,3.0207727
2017-08-26 22:00:00,2.3610547,5.3194685
2017-08-26 22:30:00,3.9532225,6.5860095
2017-08-26 23:00:00,2.529541,6.9104724
2017-08-26 23:30:00,3.0827074,7.384978
2017-08-27 00:00:00,3.6358697,8.72905
2017-08-27 00:30:00,5.24386,7.9015794
2017-08-27 01:00:00,14.769864,7.860508
2017-08-27 01:30:00,2.508071,8.773309
2017-08-27 02:00:00,9.946968,9.574154
2017-08-27 02:30:00,9.046745,8.5836115
2017-08-27 03:00:00,8.146519,8.804455
2017-08-27 03:30:00,7.5199027,9.375331
2017-08-27 04:00:00,2.7618916,9.218409
2017-08-27 04:30:00,6.5376544,9.279578
2017-08-27 05:00:00,2.2142491,9.339799
2017-08-27 05:30:00,4.6087317,8.793181
2017-08-27 06:00:00,7.0032144,7.6673145
2017-08-27 06:30:00,16.76819,6.8594236
2017-08-27 07:00:00,4.665101,3.9394696
2017-08-27 07:30:00,-1.1187502,-0.08560376
2017-08-27 08:00:00,-12.745928,-3.698585
2017-08-27 08:30:00,-15.523997,-5.9228444
2017-08-27 09:00:00,-19.823631,-9.484618
2017-08-27 09:30:00,-27.96184,-12.571126
2017-08-27 10:00:00,-29.562716,-15.956998
2017-08-27 10:30:00,-26.652128,-18.380518
2017-08-27 11:00:00,-24.91763,-21.539923
2017-08-27 11:30:00,-32.881027,-24.775948
2017-08-27 12:00:00,-36.759693,-26.962845
2017-08-27 12:30:00,-30.40488,-27.457205
2017-08-27 13:00:00,-33.69525,-27.985199
2017-08-27 13:30:00,-31.747747,-28.646244
2017-08-27 14:00:00,-22.78201,-27.911358
2017-08-27 14:30:00,-16.34271,-28.492949
2017-08-27 15:00:00,-20.561365,-25.592054
2017-08-27 15:30:00,-20.648981,-23.653206
2017-08-27 16:00:00,-13.654541,-20.906788
2017-08-27 16:30:00,-13.27387,-19.749704
2017-08-27 17:00:00,-8.948943,-15.287943
2017-08-27 17:30:00,-2.342087,-11.875238
2017-08-27 18:00:00,3.207549,-8.164659
2017-08-27 18:30:00,5.5794234,-5.79642
2017-08-27 19:00:00,3.9270692,-2.4937003
2017-08-27 19:30:00,4.5049305,-1.507865
2017-08-27 20:00:00,8.092234,1.3669937
2017-08-27 20:30:00,7.6054816,2.1988568
2017-08-27 21:00:00,7.8106947,4.238148
2017-08-27 21:30:00,9.811105,4.514999
2017-08-27 22:00:00,8.216638,5.104903
2017-08-27 22:30:00,8.207659,5.0456133
2017-08-27 23:00:00,10.21895,6.243904
2017-08-27 23:30:00,9.459245,7.2093205
2017-08-28 00:00:00,7.8753276,7.593612
2017-08-28 00:30:00,6.2633924,6.816355
2017-08-28 01:00:00,5.5116634,7.116726
2017-08-28 01:30:00,4.8307767,7.487656
2017-08-28 02:00:00,5.7584414,8.378805
2017-08-28 02:30:00,2.2174747,8.331691
2017-08-28 03:00:00,4.39059,8.467414
2017-08-28 03:30:00,1.5723652,7.762178
2017-08-28 04:00:00,3.0764222,7.6009903
2017-08-28 04:30:00,8.379887,7.0454803
2017-08-28 05:00:00,4.579869,6.9660883
2017-08-28 05:30:00,6.4363136,7.3435297
2017-08-28 06:00:00,5.8453546,5.918439
2017-08-28 06:30:00,7.0523005,5.698568
2017-08-28 07:00:00,13.6107645,4.1394715
2017-08-28 07:30:00,-6.322035,1.3075081
2017-08-28 08:00:00,-15.602647,-2.8417664
2017-08-28 08:30:00,-19.20848,-5.540795
2017-08-28 09:00:00,-32.82144,-10.184726
2017-08-28 09:30:00,-24.873512,-13.508523
2017-08-28 10:00:00,-32.564022,-16.626528
2017-08-28 10:30:00,-30.736126,-19.613976
2017-08-28 11:00:00,-33.58762,-20.356274
2017-08-28 11:30:00,-30.892471,-23.71182
2017-08-28 12:00:00,-39.809547,-24.524328
2017-08-28 12:30:00,-22.340868,-27.200274
2017-08-28 13:00:00,-29.55654,-28.231468
2017-08-28 13:30:00,-28.121164,-27.727196
2017-08-28 14:00:00,-23.208984,-26.990278
2017-08-28 14:30:00,-21.614405,-26.910604
2017-08-28 15:00:00,-27.45177,-23.884611
2017-08-28 15:30:00,-12.3029,-24.464165
2017-08-28 16:00:00,-10.430219,-22.408833
2017-08-28 16:30:00,-9.554258,-20.519207
2017-08-28 17:00:00,-2.4651916,-16.90401
2017-08-28 17:30:00,0.9746837,-13.749152
2017-08-28 18:00:00,3.4398167,-9.841746
2017-08-28 18:30:00,6.7815237,-6.1307898
2017-08-28 19:00:00,10.123232,-3.963691
2017-08-28 19:30:00,20.801693,-2.8641407
2017-08-28 20:00:00,6.7716136,-0.6344142
2017-08-28 20:30:00,11.11577,1.3665378
2017-08-28 21:00:00,11.474695,2.6802802
2017-08-28 21:30:00,8.671403,4.718641
2017-08-28 22:00:00,8.659941,4.8911476
2017-08-28 22:30:00,8.344053,6.2810116
2017-08-28 23:00:00,8.028166,7.3010116
2017-08-28 23:30:00,7.712282,8.23899
2017-08-29 00:00:00,8.767498,7.4318743
2017-08-29 00:30:00,9.822714,6.646418
2017-08-29 01:00:00,9.965611,7.31328
2017-08-29 01:30:00,10.10851,6.8137627
2017-08-29 02:00:00,10.251408,6.8143806
2017-08-29 02:30:00,10.394306,7.039504
2017-08-29 03:00:00,10.537204,7.028238
2017-08-29 03:30:00,10.680101,6.006934
2017-08-29 04:00:00,10.823,6.0396256
2017-08-29 04:30:00,11.271721,6.0383897
2017-08-29 05:00:00,5.088957,6.0302734
2017-08-29 05:30:00,-1.0938097,5.854533
2017-08-29 06:00:00,-7.276573,5.515642
2017-08-29 06:30:00,-13.459335,4.749173
2017-08-29 07:00:00,-19.6421,4.1813493
2017-08-29 07:30:00,-25.824863,2.3850794
2017-08-29 08:00:00,-32.007626,-1.1493917
2017-08-29 08:30:00,-38.19039,-5.6543927
2017-08-29 09:00:00,1.8936294,-9.785569
2017-08-29 09:30:00,1.9284345,-13.2163515
2017-08-29 10:00:00,1.9632434,-17.218029
2017-08-29 10:30:00,1.9980484,-18.88085
2017-08-29 11:00:00,2.0328574,-21.325798
2017-08-29 11:30:00,2.0676625,-23.53402
2017-08-29 12:00:00,2.1024675,-24.129128
2017-08-29 12:30:00,-4.277973,-25.833021
2017-08-29 13:00:00,-10.658413,-26.377287
2017-08-29 13:30:00,-12.160971,-27.349745
2017-08-29 14:00:00,-9.077466,-28.194279
2017-08-29 14:30:00,-5.6701317,-28.098711
2017-08-29 15:00:00,-5.1007934,-26.469845
2017-08-29 15:30:00,-3.368078,-23.989376
2017-08-29 16:00:00,-3.940966,-21.605286
2017-08-29 16:30:00,0.89292926,-18.846573
2017-08-29 17:00:00,2.393712,-16.343441
2017-08-29 17:30:00,3.0220764,-13.145506
2017-08-29 18:00:00,3.013866,-9.588988
2017-08-29 18:30:00,3.005659,-7.4312534
2017-08-29 19:00:00,4.3475823,-3.558208
2017-08-29 19:30:00,4.0761805,-1.1801461
2017-08-29 20:00:00,4.275508,1.802455
2017-08-29 20:30:00,3.056124,3.1310923
2017-08-29 21:00:00,3.6620688,4.6217613
2017-08-29 21:30:00,3.6752305,6.30885
2017-08-29 22:00:00,4.0590773,7.4657035
2017-08-29 22:30:00,3.2411294,8.758757
2017-08-29 23:00:00,4.709718,9.964738
2017-08-29 23:30:00,5.4313784,9.67635
2017-08-30 00:00:00,4.049363,11.012372
2017-08-30 00:30:00,3.5717082,10.634426
2017-08-30 01:00:00,2.9487998,10.317936
2017-08-30 01:30:00,5.816239,10.785455
2017-08-30 02:00:00,4.06176,10.983192
2017-08-30 02:30:00,5.9038415,11.771505
2017-08-30 03:00:00,5.1901054,12.125675
2017-08-30 03:30:00,5.6985717,11.299178
2017-08-30 04:00:00,5.5910554,11.607635
2017-08-30 04:30:00,4.2067795,11.104741
2017-08-30 05:00:00,6.0007205,10.26504
2017-08-30 05:30:00,3.7150507,8.803491
2017-08-30 06:00:00,13.923193,7.870124
2017-08-30 06:30:00,8.234857,6.4510846
2017-08-30 07:00:00,4.0539527,3.7489102
2017-08-30 07:30:00,4.2306156,-0.72205806
2017-08-30 08:00:00,-6.46089,-4.235063
2017-08-30 08:30:00,-5.5806904,-8.865964
2017-08-30 09:00:00,-5.8563695,-10.405014
2017-08-30 09:30:00,-2.8857238,-11.570512
2017-08-30 10:00:00,-8.624562,-11.8535385
2017-08-30 10:30:00,-7.42056,-11.806604
2017-08-30 11:00:00,-6.216553,-13.525035
2017-08-30 11:30:00,-11.8397255,-15.800407
2017-08-30 12:00:00,-15.020143,-16.244942
2017-08-30 12:30:00,-4.2872763,-17.975193
2017-08-30 13:00:00,-6.956993,-19.521748
2017-08-30 13:30:00,-9.62671,-20.714224
2017-08-30 14:00:00,-12.296423,-20.367157
2017-08-30 14:30:00,-14.96614,-18.527939
2017-08-30 15:00:00,-17.635857,-16.572113
2017-08-30 15:30:00,-12.770469,-15.116717
2017-08-30 16:00:00,0.1324848,-14.089272
2017-08-30 16:30:00,-1.4059666,-12.598161
2017-08-30 17:00:00,-0.2505182,-10.604583
2017-08-30 17:30:00,0.91392833,-7.419769
2017-08-30 18:00:00,1.4950495,-4.92309
2017-08-30 18:30:00,2.075662,-3.9739099
2017-08-30 19:00:00,7.7507687,-2.253972
2017-08-30 19:30:00,4.6957955,0.12507689
2017-08-30 20:00:00,3.8625042,2.1663654
2017-08-30 20:30:00,5.651121,2.5658083
2017-08-30 21:00:00,4.5819564,4.247741
2017-08-30 21:30:00,6.541204,5.909222
2017-08-30 22:00:00,5.987608,7.0158787
2017-08-30 22:30:00,7.177014,6.9632998
2017-08-30 23:00:00,4.5702453,7.3780746
2017-08-30 23:30:00,5.132711,7.3473053
2017-08-31 00:00:00,3.016639,7.02233
2017-08-31 00:30:00,7.535691,6.0094137
2017-08-31 01:00:00,9.649901,6.4920955
2017-08-31 01:30:00,9.275407,7.7676415
2017-08-31 02:00:00,3.6950088,8.096438
2017-08-31 02:30:00,4.2639813,7.782435
2017-08-31 03:00:00,3.7495282,7.646146
2017-08-31 03:30:00,8.713009,6.773144
2017-08-31 04:00:00,7.9195495,6.58249
2017-08-31 04:30:00,9.626266,4.776303
2017-08-31 05:00:00,3.8081205,5.3607435
2017-08-31 05:30:00,4.8154297,6.0091424
2017-08-31 06:00:00,6.3636174,5.378189
2017-08-31 06:30:00,4.931149,5.270277
2017-08-31 07:00:00,1.9664198,2.868658
2017-08-31 07:30:00,-3.9161837,0.3165294
2017-08-31 08:00:00,-5.670742,-1.4902645
2017-08-31 08:30:00,-11.800643,-3.4887898
2017-08-31 09:00:00,-29.326532,-5.1958675
2017-08-31 09:30:00,-37.862503,-7.4341774
2017-08-31 10:00:00,-24.130201,-9.287763
2017-08-31 10:30:00,-36.898808,-11.09786
2017-08-31 11:00:00,-22.65785,-12.767412
2017-08-31 11:30:00,-26.164118,-14.4926405
2017-08-31 12:00:00,-21.221077,-15.557913
2017-08-31 12:30:00,-16.278036,-16.347431
2017-08-31 13:00:00,-11.334992,-16.066542
2017-08-31 13:30:00,-12.045654,-15.098247
2017-08-31 14:00:00,-12.756316,-16.00761
2017-08-31 14:30:00,-13.466977,-16.307611
2017-08-31 15:00:00,-14.177639,-14.886521
2017-08-31 15:30:00,-10.075966,-14.177582
2017-08-31 16:00:00,3.4727263,-12.26487
2017-08-31 16:30:00,17.021423,-9.568569
2017-08-31 17:00:00,-3.3479605,-8.419605
2017-08-31 17:30:00,-0.015100552,-6.9138947
2017-08-31 18:00:00,1.5460908,-5.4470277
2017-08-31 18:30:00,24.23969,-4.3587365
2017-08-31 19:00:00,15.197835,-2.837535
2017-08-31 19:30:00,6.1559777,-0.7778585
2017-08-31 20:00:00,11.936823,1.0760808
2017-08-31 20:30:00,6.2353096,2.4051893
2017-08-31 21:00:00,9.077827,2.076404
2017-08-31 21:30:00,2.4706132,2.460628
2017-08-31 22:00:00,5.252624,3.027412
2017-08-31 22:30:00,13.457399,4.4519525
2017-08-31 23:00:00,8.555223,4.803666
2017-08-31 23:30:00,4.5144224,4.581858
2017-09-01 00:00:00,14.837681,5.3517303
2017-09-01 00:30:00,11.441243,4.5004883
2017-09-01 01:00:00,9.103156,5.0342455
2017-09-01 01:30:00,10.923726,5.4429536
2017-09-01 02:00:00,4.9711013,5.5783873
2017-09-01 02:30:00,10.301451,5.24236
2017-09-01 03:00:00,9.48394,4.979994
2017-09-01 03:30:00,5.6972756,5.0789113
2017-09-01 04:00:00,6.782473,5.168251
2017-09-01 04:30:00,4.6639595,4.971165
2017-09-01 05:00:00,1.6437389,4.435641
2017-09-01 05:30:00,4.2663555,3.5952544
2017-09-01 06:00:00,5.5424666,3.606306
2017-09-01 06:30:00,2.629401,3.1267967
2017-09-01 07:00:00,-3.1498652,2.276915
2017-09-01 07:30:00,-8.929127,1.5326428
2017-09-01 08:00:00,-11.253386,1.3336393
2017-09-01 08:30:00,-26.031998,1.8254133
2017-09-01 09:00:00,-11.36505,-2.1468098
2017-09-01 09:30:00,-19.207178,-6.60303
2017-09-01 10:00:00,-25.406685,-8.353948
2017-09-01 10:30:00,-22.205318,-10.38388
2017-09-01 11:00:00,-23.293842,-12.1963825
2017-09-01 11:30:00,-26.4963,-12.883924
2017-09-01 12:00:00,-21.352528,-14.822605
2017-09-01 12:30:00,-20.998524,-15.729211
2017-09-01 13:00:00,-24.964685,-16.956684
2017-09-01 13:30:00,-23.31553,-16.970505
2017-09-01 14:00:00,-21.328777,-15.854847
2017-09-01 14:30:00,-23.413122,-14.902769
2017-09-01 15:00:00,-19.935415,-14.95793
2017-09-01 15:30:00,-16.45771,-14.28025
2017-09-01 16:00:00,-15.943139,-12.185843
2017-09-01 16:30:00,-10.989534,-8.510867
2017-09-01 17:00:00,-6.8680043,-6.2304497
2017-09-01 17:30:00,-2.7464733,-5.0786448
2017-09-01 18:00:00,1.2440963,-3.4473155
2017-09-01 18:30:00,1.7294044,-0.5947408
2017-09-01 19:00:00,1.6177659,0.4695784
2017-09-01 19:30:00,1.8193694,1.268822
2017-09-01 20:00:00,3.2182426,2.5490067
2017-09-01 20:30:00,2.1968184,2.752272
2017-09-01 21:00:00,1.6002861,3.4303024
2017-09-01 21:30:00,1.5981083,3.861762
2017-09-01 22:00:00,3.5134623,4.087582
2017-09-01 22:30:00,3.553,6.252812
2017-09-01 23:00:00,4.296805,7.4846945
2017-09-01 23:30:00,6.419603,7.0695953
2017-09-02 00:00:00,4.151066,7.9115195
2017-09-02 00:30:00,2.6423175,7.408912
2017-09-02 01:00:00,8.376352,7.9292445
2017-09-02 01:30:00,14.110388,8.099468
2017-09-02 02:00:00,4.6780405,8.079271
2017-09-02 02:30:00,3.848864,8.287077
2017-09-02 03:00:00,4.730299,9.058335
2017-09-02 03:30:00,5.611734,8.650215
2017-09-02 04:00:00,5.702332,8.917676
2017-09-02 04:30:00,5.83939,8.92742
2017-09-02 05:00:00,4.5032125,8.390155
2017-09-02 05:30:00,1.7989959,8.038735
2017-09-02 06:00:00,7.1683397,7.4367504
2017-09-02 06:30:00,9.926124,6.457603
2017-09-02 07:00:00,4.4063067,4.943327
2017-09-02 07:30:00,-1.1135089,3.5346272
2017-09-02 08:00:00,-8.25659,1.2795382
2017-09-02 08:30:00,-6.9815454,-2.2796397
2017-09-02 09:00:00,-3.297006,-4.6470118
2017-09-02 09:30:00,-14.423588,-6.8462324
2017-09-02 10:00:00,-10.859569,-9.666624
2017-09-02 10:30:00,-12.845764,-11.970584
2017-09-02 11:00:00,-9.72357,-14.457557
2017-09-02 11:30:00,-14.0232935,-16.369057
2017-09-02 12:00:00,-13.558348,-17.127026
2017-09-02 12:30:00,-17.424864,-17.526562
2017-09-02 13:00:00,-25.744112,-18.325697
2017-09-02 13:30:00,-4.8693433,-17.838938
2017-09-02 14:00:00,-7.8476224,-18.02696
2017-09-02 14:30:00,-32.682983,-18.09569
2017-09-02 15:00:00,-12.937546,-16.36239
2017-09-02 15:30:00,-11.131418,-14.674055
2017-09-02 16:00:00,-3.0893848,-13.040326
2017-09-02 16:30:00,-1.8985132,-10.867236
2017-09-02 17:00:00,-6.5140076,-8.128836
2017-09-02 17:30:00,0.8781473,-5.628887
2017-09-02 18:00:00,3.708355,-3.1785622
2017-09-02 18:30:00,4.580626,-1.6732051
2017-09-02 19:00:00,4.091456,-0.42073044
2017-09-02 19:30:00,1.5892684,0.47905868
2017-09-02 20:00:00,4.643993,2.2340915
2017-09-02 20:30:00,4.7791247,3.1016002
2017-09-02 21:00:00,5.4300447,3.6038682
2017-09-02 21:30:00,6.128818,4.800271
2017-09-02 22:00:00,5.209944,5.4625926
2017-09-02 22:30:00,5.282644,5.77747
2017-09-02 23:00:00,5.5604362,6.306853
2017-09-02 23:30:00,2.3362575,6.216089
2017-09-03 00:00:00,3.552337,6.4710097
2017-09-03 00:30:00,4.768416,6.031645
2017-09-03 01:00:00,4.763932,5.3303127
2017-09-03 01:30:00,4.7594485,5.857823
2017-09-03 02:00:00,4.7549644,6.397428
2017-09-03 02:30:00,6.4850984,6.107201
2017-09-03 03:00:00,6.0368786,5.7610264
2017-09-03 03:30:00,5.5886626,5.5025864
2017-09-03 04:00:00,8.576856,5.996904
2017-09-03 04:30:00,4.336655,5.3639913
2017-09-03 05:00:00,5.1105213,4.896276
2017-09-03 05:30:00,6.694927,4.71144
2017-09-03 06:00:00,6.004711,3.8975732
2017-09-03 06:30:00,3.5120757,3.6310544
2017-09-03 07:00:00,4.8022943,2.8359594
2017-09-03 07:30:00,-3.0573869,1.2848209
2017-09-03 08:00:00,-6.079409,-1.2954736
2017-09-03 08:30:00,-4.4022307,-4.02208
2017-09-03 09:00:00,-9.047514,-6.023876
2017-09-03 09:30:00,-12.620314,-7.8714776
2017-09-03 10:00:00,25.93139,-10.428934
2017-09-03 10:30:00,-22.954393,-10.825924
2017-09-03 11:00:00,-20.816317,-11.86574
2017-09-03 11:30:00,-19.582993,-12.431958
2017-09-03 12:00:00,-13.876779,-13.971118
2017-09-03 12:30:00,-13.200206,-14.85949
2017-09-03 13:00:00,-26.152464,-16.36569
2017-09-03 13:30:00,4.955939,-15.419548
2017-09-03 14:00:00,44.713932,-13.987599
2017-09-03 14:30:00,44.056602,-14.939003
2017-09-03 15:00:00,43.399265,-13.211774
2017-09-03 15:30:00,42.74193,-12.25788
2017-09-03 16:00:00,42.084595,-10.866697
2017-09-03 16:30:00,41.427258,-10.034351
2017-09-03 17:00:00,40.769928,-8.551828
2017-09-03 17:30:00,40.11259,-6.2923994
2017-09-03 18:00:00,39.455254,-3.836645
2017-09-03 18:30:00,38.797916,-2.7574158
2017-09-03 19:00:00,38.14058,-2.5741022
2017-09-03 19:30:00,37.483253,-1.9003633
2017-09-03 20:00:00,36.825916,-0.4241292
2017-09-03 20:30:00,36.16858,0.221764
2017-09-03 21:00:00,35.511242,1.0225261
2017-09-03 21:30:00,34.853905,2.2174597
2017-09-03 22:00:00,34.196575,2.69692
2017-09-03 22:30:00,33.539238,2.8412344
2017-09-03 23:00:00,32.881905,3.2224176
2017-09-03 23:30:00,32.224567,3.4172726
2017-09-04 00:00:00,31.567232,3.0501103
2017-09-04 00:30:00,30.909903,2.7362728
2017-09-04 01:00:00,30.252565,2.7682257
2017-09-04 01:30:00,29.59523,2.8157854
2017-09-04 02:00:00,28.937893,3.053509
2017-09-04 02:30:00,28.280556,3.4762833
2017-09-04 03:00:00,27.623226,3.2509
2017-09-04 03:30:00,26.96589,3.1579847
2017-09-04 04:00:00,26.308554,3.2947333
2017-09-04 04:30:00,25.651217,3.1784298
2017-09-04 05:00:00,24.993881,2.8809984
2017-09-04 05:30:00,24.336552,3.163923
2017-09-04 06:00:00,23.679214,3.1110165
2017-09-04 06:30:00,23.021877,2.53271
2017-09-04 07:00:00,22.364542,1.9234079
2017-09-04 07:30:00,21.707205,1.0768721
2017-09-04 08:00:00,21.049875,-0.61781234
2017-09-04 08:30:00,20.39254,-1.9269202
2017-09-04 09:00:00,19.735203,-4.5766706
2017-09-04 09:30:00,19.077866,-6.8191295
2017-09-04 10:00:00,18.42053,-6.775922
2017-09-04 10:30:00,17.7632,-8.952553
2017-09-04 11:00:00,17.105864,-11.808835
2017-09-04 11:30:00,16.448526,-13.618003
2017-09-04 12:00:00,15.79119,-15.109317
2017-09-04 12:30:00,15.133854,-15.454413
2017-09-04 13:00:00,14.476524,-16.737383
2017-09-04 13:30:00,13.819188,-15.552212
2017-09-04 14:00:00,13.161852,-11.6165085
2017-09-04 14:30:00,12.504515,-8.818182
2017-09-04 15:00:00,11.847182,-7.0390644
2017-09-04 15:30:00,11.189845,-6.250518
2017-09-04 16:00:00,10.532509,-5.5267324
2017-09-04 16:30:00,9.875175,-4.165204
2017-09-04 17:00:00,9.217839,-2.9838278
2017-09-04 17:30:00,9.217839,-1.874624
2017-09-04 18:00:00,9.217839,-0.5246332
2017-09-04 18:30:00,9.217839,0.9899781
2017-09-04 19:00:00,9.217839,2.2919946
2017-09-04 19:30:00,9.217839,2.8476627
2017-09-04 20:00:00,9.217839,3.711117
2017-09-04 20:30:00,9.217839,4.2885714
2017-09-04 21:00:00,9.217839,4.957657
2017-09-04 21:30:00,9.217839,4.7963033
2017-09-04 22:00:00,9.217839,5.0639296
2017-09-04 22:30:00,9.217839,4.3048267
2017-09-04 23:00:00,9.217839,4.787976
2017-09-04 23:30:00,0.6724819,4.795165
2017-09-05 00:00:00,6.4632134,4.848784
2017-09-05 00:30:00,4.299446,4.642199
2017-09-05 01:00:00,4.0614023,5.114421
2017-09-05 01:30:00,3.2660625,5.0888853
2017-09-05 02:00:00,3.8012629,5.3803368
2017-09-05 02:30:00,3.9786415,6.0429263
2017-09-05 03:00:00,4.666985,5.884572
2017-09-05 03:30:00,4.1058307,5.678266
2017-09-05 04:00:00,2.9652774,6.3552713
2017-09-05 04:30:00,3.097896,5.849085
2017-09-05 05:00:00,4.0561795,5.746772
2017-09-05 05:30:00,5.5007854,6.148182
2017-09-05 06:00:00,4.204097,6.1697497
2017-09-05 06:30:00,1.2932801,6.1310225
2017-09-05 07:00:00,-1.370148,5.880615
2017-09-05 07:30:00,-7.735863,5.4455724
2017-09-05 08:00:00,-11.7459955,4.596143
2017-09-05 08:30:00,-7.640099,4.150459
2017-09-05 09:00:00,-11.564216,3.0583622
2017-09-05 09:30:00,-7.272338,2.1867843
2017-09-05 10:00:00,-9.568374,1.0023446
2017-09-05 10:30:00,-26.470663,0.8597557
2017-09-05 11:00:00,-23.014555,0.29891396
2017-09-05 11:30:00,-20.125195,-0.0066187647
2017-09-05 12:00:00,-29.166441,-0.8587086
2017-09-05 12:30:00,-37.900387,-0.88927096
2017-09-05 13:00:00,-31.698465,-0.25515285
2017-09-05 13:30:00,-37.081173,-0.3416324
2017-09-05 14:00:00,-24.61888,0.014369043
2017-09-05 14:30:00,-17.646034,0.65302014
2017-09-05 15:00:00,-10.151887,0.95827025
2017-09-05 15:30:00,-7.635702,1.4518794
2017-09-05 16:00:00,-16.26819,2.025031
2017-09-05 16:30:00,-9.1959505,2.2276444
2017-09-05 17:00:00,-4.974972,3.3991408
2017-09-05 17:30:00,-1.5985646,3.69551
2017-09-05 18:00:00,2.399349,4.713693
2017-09-05 18:30:00,10.459986,5.3746324
2017-09-05 19:00:00,6.6254225,5.6614566
2017-09-05 19:30:00,7.434354,5.848444
2017-09-05 20:00:00,6.3340726,5.7330604
2017-09-05 20:30:00,5.854371,5.6471043
2017-09-05 21:00:00,2.6841388,5.673051
2017-09-05 21:30:00,5.9915757,5.75288
2017-09-05 22:00:00,2.386191,5.9058685
2017-09-05 22:30:00,4.2439733,6.0692644
2017-09-05 23:00:00,6.204137,6.122446
2017-09-05 23:30:00,6.666087,5.2630353
2017-09-06 00:00:00,2.117042,5.3110585
2017-09-06 00:30:00,4.4916635,4.8904505
2017-09-06 01:00:00,3.708988,4.9501886
2017-09-06 01:30:00,12.6564,4.6297197
2017-09-06 02:00:00,3.0930393,4.828987
2017-09-06 02:30:00,3.3904104,4.108928
2017-09-06 03:00:00,3.0579515,3.9456453
2017-09-06 03:30:00,3.4100945,3.7727919
2017-09-06 04:00:00,3.7622375,3.5359085
2017-09-06 04:30:00,4.1450105,3.3236754
2017-09-06 05:00:00,3.1772618,3.6295094
2017-09-06 05:30:00,2.2095165,3.855722
2017-09-06 06:00:00,1.2417715,3.8755226
2017-09-06 06:30:00,0.2740225,3.4151776
2017-09-06 07:00:00,-0.6937226,2.6821418
2017-09-06 07:30:00,-1.6614678,1.8818318
2017-09-06 08:00:00,-2.6292167,1.4000014
2017-09-06 08:30:00,-2.9318783,1.1544214
2017-09-06 09:00:00,-7.9146433,0.41383824
2017-09-06 09:30:00,-12.897412,0.52500206
2017-09-06 10:00:00,-17.880178,-1.7309047
2017-09-06 10:30:00,-21.650923,-2.7607126
2017-09-06 11:00:00,-7.8872805,-4.511326
2017-09-06 11:30:00,-9.770452,-4.9616857
2017-09-06 12:00:00,-20.102064,-5.560931
2017-09-06 12:30:00,-24.108763,-6.4719563
2017-09-06 13:00:00,-13.489303,-5.567943
2017-09-06 13:30:00,-10.430516,-5.029853
2017-09-06 14:00:00,-1.987653,-5.0608673
2017-09-06 14:30:00,7.0765777,-5.4894934
2017-09-06 15:00:00,1.3771334,-4.711445
2017-09-06 15:30:00,1.597901,-4.003097
2017-09-06 16:00:00,1.8186724,-4.442104
2017-09-06 16:30:00,2.0394437,-4.2168407
2017-09-06 17:00:00,2.2602153,-3.303611
2017-09-06 17:30:00,2.4809828,-2.5660083
2017-09-06 18:00:00,2.701754,-1.658442
2017-09-06 18:30:00,2.9225256,0.25294426
2017-09-06 19:00:00,3.1432931,1.1577222
2017-09-06 19:30:00,3.3640645,1.8310956
2017-09-06 20:00:00,3.584836,2.866902
2017-09-06 20:30:00,3.8056035,2.7300708
2017-09-06 21:00:00,4.026375,3.1673028
2017-09-06 21:30:00,4.247146,3.633756
2017-09-06 22:00:00,4.4679136,4.0474267
2017-09-06 22:30:00,3.45542,4.450758
2017-09-06 23:00:00,4.4771266,4.5129266
2017-09-06 23:30:00,5.1379676,4.5458665
2017-09-07 00:00:00,12.570711,4.3751154
2017-09-07 00:30:00,3.0122907,4.022991
2017-09-07 01:00:00,10.48961,4.584104
2017-09-07 01:30:00,2.5287573,5.1977844
2017-09-07 02:00:00,2.6048222,5.4261637
2017-09-07 02:30:00,9.699338,5.0062604
2017-09-07 03:00:00,6.997547,5.0940285
2017-09-07 03:30:00,8.831796,5.0407944
2017-09-07 04:00:00,8.9400425,5.108799
2017-09-07 04:30:00,9.49047,4.9043922
2017-09-07 05:00:00,8.769978,5.1771736
2017-09-07 05:30:00,6.7977376,4.7877874
2017-09-07 06:00:00,12.538457,4.9769945
2017-09-07 06:30:00,3.3469992,4.937046
2017-09-07 07:00:00,-0.2487736,4.069115
2017-09-07 07:30:00,-4.1855855,3.0547788
2017-09-07 08:00:00,-13.314686,2.9578168
2017-09-07 08:30:00,-28.110762,1.6864793
2017-09-07 09:00:00,-43.610176,0.5571394
2017-09-07 09:30:00,-31.326326,-1.1585215
2017-09-07 10:00:00,-44.349792,-3.081359
2017-09-07 10:30:00,-21.584047,-4.82057
2017-09-07 11:00:00,-21.29941,-6.401566
2017-09-07 11:30:00,-20.288532,-7.225151
2017-09-07 12:00:00,-24.45156,-8.841823
2017-09-07 12:30:00,-16.085917,-10.893808
2017-09-07 13:00:00,-28.40579,-11.355521
2017-09-07 13:30:00,-18.437159,-11.9521885
2017-09-07 14:00:00,-30.13446,-11.436726
2017-09-07 14:30:00,-32.94478,-10.00446
2017-09-07 15:00:00,-31.616798,-8.821972
2017-09-07 15:30:00,-19.211678,-8.139081
2017-09-07 16:00:00,-24.27243,-7.937033
2017-09-07 16:30:00,-9.094569,-6.8274755
2017-09-07 17:00:00,-9.193374,-5.708961
2017-09-07 17:30:00,-6.906521,-4.7285666
2017-09-07 18:00:00,-3.212527,-2.8291886
2017-09-07 18:30:00,0.48146644,-2.1204603
2017-09-07 19:00:00,1.0078233,-1.0303226
2017-09-07 19:30:00,2.9629903,0.3073543
2017-09-07 20:00:00,4.9181604,1.5028907
2017-09-07 20:30:00,3.0499785,2.649944
2017-09-07 21:00:00,2.2002285,3.0316772
2017-09-07 21:30:00,1.3504785,3.6977632
2017-09-07 22:00:00,1.5795169,4.093532
2017-09-07 22:30:00,1.8085552,4.4581056
2017-09-07 23:00:00,1.3468688,4.5530934
2017-09-07 23:30:00,5.4023347,4.096961
2017-09-08 00:00:00,2.2463074,5.102412
2017-09-08 00:30:00,1.055564,4.4395256
2017-09-08 01:00:00,1.2665386,5.730038
2017-09-08 01:30:00,2.024289,5.971319
2017-09-08 02:00:00,2.7820392,5.7471075
2017-09-08 02:30:00,3.5397894,6.039015
2017-09-08 03:00:00,23.082573,6.324419
2017-09-08 03:30:00,1.7799411,6.2744026
2017-09-08 04:00:00,1.995166,5.6884923
2017-09-08 04:30:00,2.2103908,4.8012166
2017-09-08 05:00:00,2.4256194,5.3648167
2017-09-08 05:30:00,-13.967923,4.9586744
2017-09-08 06:00:00,48.91805,5.247771
2017-09-08 06:30:00,1.4326813,4.9006166
2017-09-08 07:00:00,-5.9401736,3.7660546
2017-09-08 07:30:00,-47.61008,2.5699267
2017-09-08 08:00:00,-12.9741745,0.37031773
2017-09-08 08:30:00,-19.1494,-3.0456607
2017-09-08 09:00:00,-28.878885,-8.121066
2017-09-08 09:30:00,-32.471813,-9.667333
2017-09-08 10:00:00,-29.51733,-12.565218
2017-09-08 10:30:00,-46.361046,-13.757588
2017-09-08 11:00:00,-19.854769,-14.352708
2017-09-08 11:30:00,-30.897503,-15.414845
2017-09-08 12:00:00,-45.577545,-17.300606
2017-09-08 12:30:00,-33.957882,-17.476456
2017-09-08 13:00:00,-34.689,-18.896717
2017-09-08 13:30:00,-31.821615,-18.841915
2017-09-08 14:00:00,-32.910862,-19.362812
2017-09-08 14:30:00,-26.606173,-19.08658
2017-09-08 15:00:00,-21.136885,-17.83883
2017-09-08 15:30:00,-19.464558,-16.25435
2017-09-08 16:00:00,-17.774426,-14.760241
2017-09-08 16:30:00,-13.718801,-12.893702
2017-09-08 17:00:00,-6.78868,-10.777407
2017-09-08 17:30:00,-2.3857505,-8.803419
2017-09-08 18:00:00,1.5509328,-6.259437
2017-09-08 18:30:00,2.8294067,-4.9453664
2017-09-08 19:00:00,4.2804103,-3.661293
2017-09-08 19:30:00,3.9665124,-2.093941
2017-09-08 20:00:00,4.804857,-0.26182976
2017-09-08 20:30:00,5.1866913,0.17601283
2017-09-08 21:00:00,5.979737,0.43289682
2017-09-08 21:30:00,5.216003,1.3067809
2017-09-08 22:00:00,4.0874276,1.8115282
2017-09-08 22:30:00,4.548941,3.3704288
2017-09-08 23:00:00,2.866258,3.3432012
2017-09-08 23:30:00,2.9667017,3.4679487
2017-09-09 00:00:00,5.2845616,3.9535203
2017-09-09 00:30:00,3.5542247,2.9875576
2017-09-09 01:00:00,5.7792673,2.5816376
2017-09-09 01:30:00,5.8132396,2.8042252
2017-09-09 02:00:00,2.7395473,3.0110362
2017-09-09 02:30:00,2.935107,3.4521794
2017-09-09 03:00:00,2.6111448,4.984259
2017-09-09 03:30:00,1.0664686,4.1352363
2017-09-09 04:00:00,4.06066,3.9683247
2017-09-09 04:30:00,7.3984823,4.1450143
2017-09-09 05:00:00,4.318105,2.6513534
2017-09-09 05:30:00,5.237503,1.9714878
2017-09-09 06:00:00,3.3945177,4.1583343
2017-09-09 06:30:00,2.4090025,2.8856933
2017-09-09 07:00:00,2.715775,2.3809497
2017-09-09 07:30:00,-2.9996948,-2.0679605
2017-09-09 08:00:00,-15.171263,-5.002392
2017-09-09 08:30:00,-15.291594,-6.1783457
2017-09-09 09:00:00,-24.221102,-9.1486435
2017-09-09 09:30:00,-24.046553,-11.535704
2017-09-09 10:00:00,-35.376324,-14.1009
2017-09-09 10:30:00,-27.323109,-16.344854
2017-09-09 11:00:00,-16.547762,-18.956722
2017-09-09 11:30:00,-19.103699,-20.214146
2017-09-09 12:00:00,-24.176561,-22.527761
2017-09-09 12:30:00,-11.62109,-23.472858
2017-09-09 13:00:00,-15.077285,-24.45535
2017-09-09 13:30:00,-6.165685,-24.231705
2017-09-09 14:00:00,-8.306848,-24.254065
2017-09-09 14:30:00,-14.884352,-24.03303
2017-09-09 15:00:00,-18.367092,-22.300838
2017-09-09 15:30:00,-5.415599,-21.304195
2017-09-09 16:00:00,-2.2759206,-19.292698
2017-09-09 16:30:00,0.9354437,-17.875622
2017-09-09 17:00:00,1.8575131,-14.886107
2017-09-09 17:30:00,1.2288698,-11.912305
2017-09-09 18:00:00,3.6164157,-8.845526
2017-09-09 18:30:00,2.9336112,-7.096662
2017-09-09 19:00:00,4.4506073,-5.101995
2017-09-09 19:30:00,5.21569,-3.5809855
2017-09-09 20:00:00,5.262466,-2.0064213
2017-09-09 20:30:00,5.1099596,-0.18623973
2017-09-09 21:00:00,5.873901,0.67450154
2017-09-09 21:30:00,7.319324,2.2116191
2017-09-09 22:00:00,6.53964,3.3120923
2017-09-09 22:30:00,4.8999987,4.2986245
2017-09-09 23:00:00,4.602085,4.8067746
2017-09-09 23:30:00,6.3730564,5.675372
2017-09-10 00:00:00,4.9705133,5.5075674
2017-09-10 00:30:00,5.699122,4.580705
2017-09-10 01:00:00,5.363626,5.2397337
2017-09-10 01:30:00,7.6140084,5.175335
2017-09-10 02:00:00,5.714608,5.6355667
2017-09-10 02:30:00,7.2395062,5.8812637
2017-09-10 03:00:00,4.9306664,5.705471
2017-09-10 03:30:00,6.174825,5.419615
2017-09-10 04:00:00,6.2066236,5.6764045
2017-09-10 04:30:00,5.7653217,5.3421144
2017-09-10 05:00:00,5.313123,5.1724935
2017-09-10 05:30:00,6.557847,4.4335947
2017-09-10 06:00:00,5.0972652,2.3069913
2017-09-10 06:30:00,10.215744,1.5959982
2017-09-10 07:00:00,5.4083333,0.6250427
2017-09-10 07:30:00,4.4008546,0.07914111
2017-09-10 08:00:00,2.2765834,-3.3162754
2017-09-10 08:30:00,-1.8715154,-6.2132673
2017-09-10 09:00:00,-7.479371,-9.0942335
2017-09-10 09:30:00,-12.227992,-12.988881
2017-09-10 10:00:00,-12.984016,-16.330574
2017-09-10 10:30:00,-10.68867,-18.535244
2017-09-10 11:00:00,-3.2001417,-21.295465
2017-09-10 11:30:00,-10.822695,-21.97319
2017-09-10 12:00:00,-14.152322,-22.64098
2017-09-10 12:30:00,-16.267324,-24.080637
2017-09-10 13:00:00,-11.342503,-24.259087
2017-09-10 13:30:00,-5.840996,-24.127874
2017-09-10 14:00:00,-4.822228,-23.118292
2017-09-10 14:30:00,-10.401902,-22.99379
2017-09-10 15:00:00,-5.3390517,-21.815805
2017-09-10 15:30:00,-7.971476,-20.384357
2017-09-10 16:00:00,-2.9200315,-17.07685
2017-09-10 16:30:00,-2.2977338,-14.942989
2017-09-10 17:00:00,-1.836635,-11.421272
2017-09-10 17:30:00,1.127955,-9.520704
2017-09-10 18:00:00,2.9069374,-6.4136767
2017-09-10 18:30:00,4.0104513,-4.717033
2017-09-10 19:00:00,5.2577863,-3.096446
2017-09-10 19:30:00,4.7120166,-2.3155036
2017-09-10 20:00:00,4.166247,0.4217435
2017-09-10 20:30:00,3.6204774,0.6315387
2017-09-10 21:00:00,3.074708,1.252401
2017-09-10 21:30:00,2.5289383,2.675996
2017-09-10 22:00:00,1.9831686,3.8131847
2017-09-10 22:30:00,1.4373989,4.915067
2017-09-10 23:00:00,0.8916293,5.1860433
2017-09-10 23:30:00,0.3458596,5.653333
2017-09-11 00:00:00,-0.19991007,5.0781994
2017-09-11 00:30:00,-0.7456797,5.4524493
2017-09-11 01:00:00,-1.2914493,5.4424076
2017-09-11 01:30:00,-1.8372152,6.0211244
2017-09-11 02:00:00,-2.3829849,5.461014
2017-09-11 02:30:00,-2.9287546,5.645262
2017-09-11 03:00:00,-3.4745243,4.339952
2017-09-11 03:30:00,-4.020294,5.1220436
2017-09-11 04:00:00,-4.566064,4.4476156
2017-09-11 04:30:00,-5.1118336,4.8969393
2017-09-11 05:00:00,-5.6576033,4.49747
2017-09-11 05:30:00,-6.2033725,4.5965533
2017-09-11 06:00:00,-6.749142,2.3414686
2017-09-11 06:30:00,-7.294912,2.0914273
2017-09-11 07:00:00,-7.8406816,0.40285826
2017-09-11 07:30:00,-8.386451,0.7723341
2017-09-11 08:00:00,-8.93222,-0.71985376
2017-09-11 08:30:00,-9.47799,-3.4147484
2017-09-11 09:00:00,-10.02376,-6.2692075
2017-09-11 09:30:00,-10.56953,-8.875802
2017-09-11 10:00:00,-11.115295,-11.688651
2017-09-11 10:30:00,-11.661065,-13.141131
2017-09-11 11:00:00,-12.206835,-14.509958
2017-09-11 11:30:00,-12.7526045,-15.406771
2017-09-11 12:00:00,-13.298374,-15.184921
2017-09-11 12:30:00,-13.844144,-17.089884
2017-09-11 13:00:00,-14.389914,-17.16031
2017-09-11 13:30:00,-14.935683,-16.98646
2017-09-11 14:00:00,-19.200254,-15.329131
2017-09-11 14:30:00,-0.9566919,-15.59363
2017-09-11 15:00:00,-4.085846,-13.952613
2017-09-11 15:30:00,-5.945279,-12.494522
2017-09-11 16:00:00,-12.741624,-10.776408
2017-09-11 16:30:00,-6.0626564,-9.175909
2017-09-11 17:00:00,-3.8487327,-6.477194
2017-09-11 17:30:00,-1.8809882,-4.3022995
2017-09-11 18:00:00,0.14106455,-1.7835249
2017-09-11 18:30:00,4.0103116,-0.0065471726
2017-09-11 19:00:00,5.6167755,0.65849507
2017-09-11 19:30:00,9.924262,0.62888604
2017-09-11 20:00:00,0.962302,2.2185524
2017-09-11 20:30:00,4.320464,2.2306814
2017-09-11 21:00:00,3.5278373,2.4102347
2017-09-11 21:30:00,7.242408,2.6279955
2017-09-11 22:00:00,5.029867,3.534081
2017-09-11 22:30:00,6.1363463,3.8505483
2017-09-11 23:00:00,4.0345135,3.927766
2017-09-11 23:30:00,4.224685,3.9967394
2017-09-12 00:00:00,4.4148602,3.488488
2017-09-12 00:30:00,2.369152,3.123824
2017-09-12 01:00:00,4.5062833,3.3699954
2017-09-12 01:30:00,3.2677393,3.020863
2017-09-12 02:00:00,1.0712012,3.8876896
2017-09-12 02:30:00,0.54845035,3.7630627
2017-09-12 03:00:00,-4.358522,3.691335
2017-09-12 03:30:00,-6.8263187,2.9388297
2017-09-12 04:00:00,-9.294115,2.69224
2017-09-12 04:30:00,-1.7188809,2.1857216
2017-09-12 05:00:00,5.8563495,2.2206662
2017-09-12 05:30:00,0.9547811,1.5275297
2017-09-12 06:00:00,7.329584,1.2831066
2017-09-12 06:30:00,4.720928,0.06177059
2017-09-12 07:00:00,-2.701193,-0.65747064
2017-09-12 07:30:00,-10.123314,-2.0146093
2017-09-12 08:00:00,-17.545431,-2.5733523
2017-09-12 08:30:00,-24.967554,-4.169304
2017-09-12 09:00:00,-36.18264,-5.8848515
2017-09-12 09:30:00,-37.576138,-7.9560084
2017-09-12 10:00:00,-37.463715,-7.873377
2017-09-12 10:30:00,-43.1697,-8.190333
2017-09-12 11:00:00,-46.212543,-9.136737
2017-09-12 11:30:00,-49.468414,-10.619305
2017-09-12 12:00:00,-41.90512,-9.39526
2017-09-12 12:30:00,-34.34183,-11.033198
2017-09-12 13:00:00,-32.73195,-10.269875
2017-09-12 13:30:00,-35.222515,-10.8437195
2017-09-12 14:00:00,-30.366379,-11.497085
2017-09-12 14:30:00,-18.760422,-10.477477
2017-09-12 15:00:00,-12.289347,-8.612086
2017-09-12 15:30:00,-10.644604,-8.698389
2017-09-12 16:00:00,-9.7178955,-7.267285
2017-09-12 16:30:00,-10.651024,-6.166318
2017-09-12 17:00:00,-2.7491674,-4.888232
2017-09-12 17:30:00,-1.7634075,-3.5314739
2017-09-12 18:00:00,2.6618133,-1.7938907
2017-09-12 18:30:00,2.1103313,-0.69413334
2017-09-12 19:00:00,1.3138535,0.66055614
2017-09-12 19:30:00,3.3854706,1.3721257
2017-09-12 20:00:00,3.315103,2.0416179
2017-09-12 20:30:00,2.3897216,2.0416858
2017-09-12 21:00:00,1.0841707,2.4801877
2017-09-12 21:30:00,2.9006145,3.36472
2017-09-12 22:00:00,1.660092,3.874509
2017-09-12 22:30:00,0.6501941,4.000967
2017-09-12 23:00:00,2.8707645,4.2645845
2017-09-12 23:30:00,5.0913305,4.297539
2017-09-13 00:00:00,3.8540263,4.3226795
2017-09-13 00:30:00,25.93246,4.124716
2017-09-13 01:00:00,25.291319,4.5765038
2017-09-13 01:30:00,24.650177,4.4590287
2017-09-13 02:00:00,24.009037,4.3543496
2017-09-13 02:30:00,18.137657,4.512418
2017-09-13 03:00:00,52.77268,4.3765583
2017-09-13 03:30:00,13.037451,3.121386
2017-09-13 04:00:00,14.260324,2.7410884
2017-09-13 04:30:00,15.483193,2.7815042
2017-09-13 05:00:00,16.70607,3.2713037
2017-09-13 05:30:00,17.92894,3.564519
2017-09-13 06:00:00,8.24988,3.5202599
2017-09-13 06:30:00,-6.850057,3.298735
2017-09-13 07:00:00,-1.1792268,2.3178656
2017-09-13 07:30:00,-4.854433,0.73020023
2017-09-13 08:00:00,-8.529643,-1.1886241
2017-09-13 08:30:00,-14.967258,-3.5174532
2017-09-13 09:00:00,-21.404879,-7.4188266
2017-09-13 09:30:00,-18.547852,-9.548783
2017-09-13 10:00:00,-17.214186,-11.401242
2017-09-13 10:30:00,-17.805798,-13.016825
2017-09-13 11:00:00,-16.599648,-15.01792
2017-09-13 11:30:00,-19.839577,-16.147358
2017-09-13 12:00:00,-18.353098,-17.456518
2017-09-13 12:30:00,-18.392391,-18.056559
2017-09-13 13:00:00,-19.64699,-18.829138
2017-09-13 13:30:00,-18.8835,-18.970978
2017-09-13 14:00:00,-19.776499,-18.855951
2017-09-13 14:30:00,-20.673454,-18.321047
2017-09-13 15:00:00,-15.023598,-16.96571
2017-09-13 15:30:00,-10.932992,-15.558256
2017-09-13 16:00:00,-9.22995,-13.441449
2017-09-13 16:30:00,-8.4356575,-12.21896
2017-09-13 17:00:00,-4.9923425,-10.080378
2017-09-13 17:30:00,-2.5862312,-8.381493
2017-09-13 18:00:00,2.2907624,-5.284608
2017-09-13 18:30:00,4.202582,-3.9120164
2017-09-13 19:00:00,3.723785,-2.5283132
2017-09-13 19:30:00,3.7631984,-1.87274
2017-09-13 20:00:00,5.0332546,0.23398364
2017-09-13 20:30:00,2.992833,0.33856094
2017-09-13 21:00:00,5.159328,1.4256012
2017-09-13 21:30:00,4.9578075,2.2505841
2017-09-13 22:00:00,4.250865,3.704813
2017-09-13 22:30:00,3.543923,2.9148726
2017-09-13 23:00:00,2.3747928,2.8174207
2017-09-13 23:30:00,2.7088153,2.5791469
2017-09-14 00:00:00,2.7317023,3.2074246
2017-09-14 00:30:00,2.754589,4.0243096
2017-09-14 01:00:00,2.777476,4.520014
2017-09-14 01:30:00,16.01192,5.163285
2017-09-14 02:00:00,5.7982807,5.663077
2017-09-14 02:30:00,5.4681654,5.1506543
2017-09-14 03:00:00,7.7472076,5.8419333
2017-09-14 03:30:00,2.734325,4.8595905
2017-09-14 04:00:00,11.364745,4.621543
2017-09-14 04:30:00,13.052383,4.5012717
2017-09-14 05:00:00,2.4075217,4.125138
2017-09-14 05:30:00,7.5577335,4.424853
2017-09-14 06:00:00,1.926185,4.5456367
2017-09-14 06:30:00,3.5642853,2.3327947
2017-09-14 07:00:00,-0.22944373,1.4712696
2017-09-14 07:30:00,-4.023169,-0.1168933
2017-09-14 08:00:00,-7.056401,-2.119963
2017-09-14 08:30:00,-10.133978,-5.0969386
2017-09-14 09:00:00,-13.211559,-8.698951
2017-09-14 09:30:00,-16.289137,-11.096101
2017-09-14 10:00:00,-21.487982,-13.5712
2017-09-14 10:30:00,-19.257637,-15.418847
2017-09-14 11:00:00,-22.90982,-17.194914
2017-09-14 11:30:00,-28.705359,-18.786646
2017-09-14 12:00:00,-18.835598,-20.202192
2017-09-14 12:30:00,-20.929306,-20.779037
2017-09-14 13:00:00,-17.19142,-21.287504
2017-09-14 13:30:00,-29.729326,-21.758984
2017-09-14 14:00:00,-24.387115,-20.789215
2017-09-14 14:30:00,-18.717293,-20.810621
2017-09-14 15:00:00,-15.118786,-19.408356
2017-09-14 15:30:00,-12.464604,-18.616276
2017-09-14 16:00:00,-9.10669,-16.900993
2017-09-14 16:30:00,-6.586127,-15.211874
2017-09-14 17:00:00,-4.0655594,-12.404594
2017-09-14 17:30:00,-1.5449911,-9.4678545
2017-09-14 18:00:00,0.97557294,-6.7305775
2017-09-14 18:30:00,3.4961407,-4.0347934
2017-09-14 19:00:00,4.1434507,-2.0446553
2017-09-14 19:30:00,4.7907605,-0.9884939
2017-09-14 20:00:00,5.7059116,0.8761164
2017-09-14 20:30:00,5.0736775,1.8679128
2017-09-14 21:00:00,1.6113678,2.9610722
2017-09-14 21:30:00,2.6110091,3.883085
2017-09-14 22:00:00,1.8713492,4.743679
2017-09-14 22:30:00,4.089666,4.4578533
2017-09-14 23:00:00,2.7841341,4.501517
2017-09-14 23:30:00,1.4067575,5.05607
2017-09-15 00:00:00,2.3155522,5.4172106
2017-09-15 00:30:00,3.5554605,4.9427657
2017-09-15 01:00:00,14.737121,4.835965
2017-09-15 01:30:00,16.40399,5.1784997
2017-09-15 02:00:00,12.983278,5.8549175
2017-09-15 02:30:00,16.910522,5.430376
2017-09-15 03:00:00,9.814583,5.995645
2017-09-15 03:30:00,3.0703106,5.604699
2017-09-15 04:00:00,4.1284614,6.545307
2017-09-15 04:30:00,4.065773,6.658709
2017-09-15 05:00:00,3.94612,5.8770285
2017-09-15 05:30:00,5.5364947,5.756565
2017-09-15 06:00:00,5.703172,5.0932903
2017-09-15 06:30:00,6.1507893,4.515202
2017-09-15 07:00:00,-0.38894728,3.261326
2017-09-15 07:30:00,-5.1186047,1.974001
2017-09-15 08:00:00,-9.848261,-0.1595547
2017-09-15 08:30:00,-9.463981,-3.440126
2017-09-15 09:00:00,-15.942054,-6.6982255
2017-09-15 09:30:00,-14.783037,-9.851407
2017-09-15 10:00:00,-22.968906,-12.662783
2017-09-15 10:30:00,-22.220034,-15.265583
2017-09-15 11:00:00,-18.027733,-16.831625
2017-09-15 11:30:00,-25.23861,-18.400154
2017-09-15 12:00:00,-19.236214,-19.377296
2017-09-15 12:30:00,-24.457722,-20.072422
2017-09-15 13:00:00,-22.90449,-20.380062
2017-09-15 13:30:00,-23.913326,-21.150152
2017-09-15 14:00:00,-16.810799,-20.475676
2017-09-15 14:30:00,-20.74718,-19.54215
2017-09-15 15:00:00,-14.291372,-18.39567
2017-09-15 15:30:00,-12.990772,-17.263973
2017-09-15 16:00:00,-9.094019,-15.531205
2017-09-15 16:30:00,-5.1972694,-13.380072
2017-09-15 17:00:00,-3.9663324,-11.08358
2017-09-15 17:30:00,-0.95649225,-8.305951
2017-09-15 18:00:00,2.053344,-5.492037
2017-09-15 18:30:00,5.063184,-4.0003085
2017-09-15 19:00:00,5.872827,-2.36731
2017-09-15 19:30:00,3.9475596,-0.71708053
2017-09-15 20:00:00,3.7900832,0.9258729
2017-09-15 20:30:00,3.508285,2.4586046
2017-09-15 21:00:00,2.8936663,2.800299
2017-09-15 21:30:00,4.4600725,3.6642656
2017-09-15 22:00:00,3.614151,4.348347
2017-09-15 22:30:00,11.46791,4.97196
2017-09-15 23:00:00,10.733333,5.263604
2017-09-15 23:30:00,11.335517,5.0865755
2017-09-16 00:00:00,8.392717,6.045549
2017-09-16 00:30:00,7.4427676,5.969819
2017-09-16 01:00:00,8.377679,5.9815907
2017-09-16 01:30:00,7.2837086,5.952818
2017-09-16 02:00:00,6.234484,5.5246215
2017-09-16 02:30:00,8.052933,5.8098297
2017-09-16 03:00:00,12.211801,5.562456
2017-09-16 03:30:00,5.430651,5.8017173
2017-09-16 04:00:00,4.7014475,5.732457
2017-09-16 04:30:00,9.185917,5.5236344
2017-09-16 05:00:00,12.166604,5.5559187
2017-09-16 05:30:00,9.655825,4.880503
2017-09-16 06:00:00,15.428067,4.523454
2017-09-16 06:30:00,7.589,4.7186594
2017-09-16 07:00:00,-8.229438,4.309254
2017-09-16 07:30:00,-13.854992,3.3909907
2017-09-16 08:00:00,-16.666193,1.2836076
2017-09-16 08:30:00,-21.810795,-1.3090535
2017-09-16 09:00:00,-19.126099,-3.75639
2017-09-16 09:30:00,-21.087326,-6.7705297
2017-09-16 10:00:00,-19.63656,-9.250832
2017-09-16 10:30:00,-22.345272,-11.897775
2017-09-16 11:00:00,-22.545982,-14.073174
2017-09-16 11:30:00,-25.854017,-15.713724
2017-09-16 12:00:00,-18.440903,-16.547596
2017-09-16 12:30:00,-18.842867,-17.818533
2017-09-16 13:00:00,-32.62017,-18.479012
2017-09-16 13:30:00,-23.521307,-19.632029
2017-09-16 14:00:00,-23.898113,-19.496181
2017-09-16 14:30:00,-16.244263,-19.677011
2017-09-16 15:00:00,-14.26957,-18.226824
2017-09-16 15:30:00,-10.618939,-16.881453
2017-09-16 16:00:00,-8.569851,-14.765237
2017-09-16 16:30:00,-5.3516746,-13.01309
2017-09-16 17:00:00,-1.3914938,-10.649162
2017-09-16 17:30:00,0.9224365,-7.620208
2017-09-16 18:00:00,3.594972,-4.980722
2017-09-16 18:30:00,3.0093744,-3.2790701
2017-09-16 19:00:00,4.7119374,-1.0831162
2017-09-16 19:30:00,3.566094,0.16202976
2017-09-16 20:00:00,7.455402,1.1470777
2017-09-16 20:30:00,2.5108178,2.2620993
2017-09-16 21:00:00,4.9798427,2.4591208
2017-09-16 21:30:00,3.5986495,3.3230045
2017-09-16 22:00:00,9.653605,4.3328457
2017-09-16 22:30:00,7.525807,5.402274
2017-09-16 23:00:00,5.404324,5.5765824
2017-09-16 23:30:00,6.879601,6.2335496
2017-09-17 00:00:00,9.034518,6.1697726
2017-09-17 00:30:00,6.0737295,5.6945815
2017-09-17 01:00:00,3.031647,5.681299
2017-09-17 01:30:00,6.5563397,5.6615434
2017-09-17 02:00:00,8.362622,5.9118295
2017-09-17 02:30:00,6.653144,6.3445253
2017-09-17 03:00:00,3.416097,5.931642
2017-09-17 03:30:00,5.188696,5.722642
2017-09-17 04:00:00,4.900451,5.4731846
2017-09-17 04:30:00,4.8078446,5.573734
2017-09-17 05:00:00,6.697629,5.348011
2017-09-17 05:30:00,8.952383,5.396739
2017-09-17 06:00:00,6.002337,5.4958415
2017-09-17 06:30:00,2.6174788,5.5037355
2017-09-17 07:00:00,-4.4313836,4.1438236
2017-09-17 07:30:00,-13.921361,1.6619233
2017-09-17 08:00:00,-18.494,-0.9602753
2017-09-17 08:30:00,-21.85022,-4.184704
2017-09-17 09:00:00,-29.221094,-6.750352
2017-09-17 09:30:00,-43.549164,-9.233409
2017-09-17 10:00:00,-35.29223,-11.642251
2017-09-17 10:30:00,-33.926807,-13.723876
2017-09-17 11:00:00,-36.7644,-15.408482
2017-09-17 11:30:00,-37.503716,-16.83236
2017-09-17 12:00:00,-29.145622,-18.614195
2017-09-17 12:30:00,-37.714424,-19.747368
2017-09-17 13:00:00,-36.58408,-21.083797
2017-09-17 13:30:00,-30.846783,-21.574562
2017-09-17 14:00:00,-22.42987,-21.203876
2017-09-17 14:30:00,-28.098621,-20.77017
2017-09-17 15:00:00,-13.062843,-19.367516
2017-09-17 15:30:00,-14.906967,-17.640099
2017-09-17 16:00:00,-17.813948,-15.925222
2017-09-17 16:30:00,-14.063769,-14.148029
2017-09-17 17:00:00,-1.2497563,-11.4011135
2017-09-17 17:30:00,0.24447379,-8.368718
2017-09-17 18:00:00,1.7387078,-6.181175
2017-09-17 18:30:00,3.2329378,-4.3011236
2017-09-17 19:00:00,3.2961388,-2.3777738
2017-09-17 19:30:00,1.3500866,-0.7839137
2017-09-17 20:00:00,2.876115,0.82643896
2017-09-17 20:30:00,4.662019,2.124303
2017-09-17 21:00:00,2.7540503,3.3944235
2017-09-17 21:30:00,1.4758439,4.3346353
2017-09-17 22:00:00,1.3341969,5.3374834
2017-09-17 22:30:00,0.7420657,5.7611017
2017-09-17 23:00:00,0.54201835,5.545029
2017-09-17 23:30:00,2.1304035,5.38409
2017-09-18 00:00:00,3.7187886,6.286679
2017-09-18 00:30:00,6.293088,5.8180366
2017-09-18 01:00:00,9.548068,5.3500156
2017-09-18 01:30:00,5.149396,5.517357
2017-09-18 02:00:00,2.1024337,5.591187
2017-09-18 02:30:00,2.8585298,5.672983
2017-09-18 03:00:00,7.24578,5.384037
2017-09-18 03:30:00,4.1330585,4.9716134
2017-09-18 04:00:00,2.0427935,4.996373
2017-09-18 04:30:00,4.2253933,5.2518177
2017-09-18 05:00:00,1.9266032,4.6822643
2017-09-18 05:30:00,0.5451948,4.5969076
2017-09-18 06:00:00,0.62031007,4.121747
2017-09-18 06:30:00,0.047101732,3.7557416
2017-09-18 07:00:00,1.6584605,2.5642068
2017-09-18 07:30:00,-8.452101,0.25075883
2017-09-18 08:00:00,-8.614118,-2.2666626
2017-09-18 08:30:00,-8.7761345,-5.777139
2017-09-18 09:00:00,-8.938151,-8.012219
2017-09-18 09:30:00,-13.596581,-12.472095
2017-09-18 10:00:00,-14.804692,-15.414706
2017-09-18 10:30:00,-24.464567,-17.381268
2017-09-18 11:00:00,-26.609348,-19.054993
2017-09-18 11:30:00,-33.55243,-20.33764
2017-09-18 12:00:00,-23.592505,-22.147217
2017-09-18 12:30:00,-29.93782,-23.2453
2017-09-18 13:00:00,-21.57617,-24.33519
2017-09-18 13:30:00,-31.074657,-25.194792
2017-09-18 14:00:00,-31.667889,-25.946688
2017-09-18 14:30:00,-23.712248,-25.28264
2017-09-18 15:00:00,-20.773695,-23.254784
2017-09-18 15:30:00,-11.642473,-21.1228
2017-09-18 16:00:00,-12.934347,-19.845755
2017-09-18 16:30:00,-6.914603,-17.712057
2017-09-18 17:00:00,-0.78575623,-14.825985
2017-09-18 17:30:00,0.19990577,-11.728641
2017-09-18 18:00:00,1.1855679,-8.879849
2017-09-18 18:30:00,2.171226,-6.111034
2017-09-18 19:00:00,29.256018,-3.957229
2017-09-18 19:30:00,56.34081,-2.2311757
2017-09-18 20:00:00,39.86459,-0.8692289
2017-09-18 20:30:00,23.38837,1.3667186
2017-09-18 21:00:00,6.9121494,1.7834867
2017-09-18 21:30:00,10.403952,2.740832
2017-09-18 22:00:00,9.838773,3.687454
2017-09-18 22:30:00,2.6249206,4.1782293
2017-09-18 23:00:00,0.3118759,4.7575607
2017-09-18 23:30:00,1.9240485,4.2453074
2017-09-19 00:00:00,3.5362248,3.8828402
2017-09-19 00:30:00,2.504789,3.7077181
2017-09-19 01:00:00,0.90047276,4.1876793
2017-09-19 01:30:00,1.7490735,4.1379566
2017-09-19 02:00:00,2.5976741,4.291944
2017-09-19 02:30:00,1.157304,4.007207
2017-09-19 03:00:00,4.736226,3.6425128
2017-09-19 03:30:00,2.3714995,4.000741
2017-09-19 04:00:00,1.4352474,3.8980591
2017-09-19 04:30:00,0.4989915,3.5997498
2017-09-19 05:00:00,-0.034599997,2.9102192
2017-09-19 05:30:00,1.8917718,2.6700766
2017-09-19 06:00:00,4.318591,2.8824792
2017-09-19 06:30:00,6.745411,1.9160528
2017-09-19 07:00:00,7.0993814,1.5286337
2017-09-19 07:30:00,7.453352,-0.6050614
2017-09-19 08:00:00,3.8541656,-3.2793489
2017-09-19 08:30:00,0.25497898,-5.8920445
2017-09-19 09:00:00,-3.344204,-8.307462
2017-09-19 09:30:00,-6.0804944,-11.02013
2017-09-19 10:00:00,-12.744677,-13.831099
2017-09-19 10:30:00,-16.25432,-16.235865
2017-09-19 11:00:00,-18.683464,-18.86594
2017-09-19 11:30:00,-21.432991,-20.714104
2017-09-19 12:00:00,-24.52962,-22.467953
2017-09-19 12:30:00,-29.991316,-23.568144
2017-09-19 13:00:00,-47.01999,-23.227842
2017-09-19 13:30:00,-9.949052,-23.763971
2017-09-19 14:00:00,-9.022317,-24.435154
2017-09-19 14:30:00,-12.279671,-23.779665
2017-09-19 15:00:00,-11.126705,-22.55216
2017-09-19 15:30:00,-11.243231,-20.799234
2017-09-19 16:00:00,-3.1002102,-18.786901
2017-09-19 16:30:00,-2.4186604,-16.267704
2017-09-19 17:00:00,1.2400533,-13.023358
2017-09-19 17:30:00,4.8987665,-9.920712
2017-09-19 18:00:00,5.056145,-7.0060563
2017-09-19 18:30:00,2.4835262,-4.344889
2017-09-19 19:00:00,3.8358607,-1.5959233
2017-09-19 19:30:00,3.3521314,1.8803546
2017-09-19 20:00:00,5.10118,3.8748107
2017-09-19 20:30:00,-0.48860735,5.366606
2017-09-19 21:00:00,-6.078399,5.8174562
2017-09-19 21:30:00,-9.886668,6.2685394
2017-09-19 22:00:00,8.168596,6.3953934
2017-09-19 22:30:00,26.223864,6.448281
2017-09-19 23:00:00,2.6866596,6.816875
2017-09-19 23:30:00,9.896006,6.4903545
2017-09-20 00:00:00,4.2635145,6.5601606
2017-09-20 00:30:00,13.434444,6.1980777
2017-09-20 01:00:00,6.929701,6.34353
2017-09-20 01:30:00,8.086397,6.2024713
2017-09-20 02:00:00,8.577605,5.815301
2017-09-20 02:30:00,3.9765842,5.7868977
2017-09-20 03:00:00,9.327907,5.630638
2017-09-20 03:30:00,13.315345,5.3045244
2017-09-20 04:00:00,6.4258013,5.4757543
2017-09-20 04:30:00,2.7389407,4.5857697
2017-09-20 05:00:00,3.6035178,4.209123
2017-09-20 05:30:00,-4.789744,4.708441
2017-09-20 06:00:00,-0.15287025,5.0556703
2017-09-20 06:30:00,4.4839993,5.1868196
2017-09-20 07:00:00,4.9356327,4.9930763
2017-09-20 07:30:00,5.38727,3.0024188
2017-09-20 08:00:00,5.8389034,0.3672129
2017-09-20 08:30:00,6.290537,-0.9044711
2017-09-20 09:00:00,4.410825,-4.726871
2017-09-20 09:30:00,2.5311086,-6.3093143
2017-09-20 10:00:00,0.65139234,-8.448439
2017-09-20 10:30:00,-1.2283239,-10.879482
2017-09-20 11:00:00,-3.10804,-13.579136
2017-09-20 11:30:00,-4.9877567,-15.592714
2017-09-20 12:00:00,-6.867473,-17.606323
2017-09-20 12:30:00,-8.747185,-18.512833
2017-09-20 13:00:00,-10.626902,-20.694746
2017-09-20 13:30:00,-14.97536,-20.894018
2017-09-20 14:00:00,-10.020791,-20.114262
2017-09-20 14:30:00,-10.457884,-18.348463
2017-09-20 15:00:00,-8.000795,-18.385685
2017-09-20 15:30:00,-7.677026,-17.63164
2017-09-20 16:00:00,-7.1470966,-15.963618
2017-09-20 16:30:00,-1.8415446,-13.276097
2017-09-20 17:00:00,0.99526834,-11.643201
2017-09-20 17:30:00,1.5204043,-8.695243
2017-09-20 18:00:00,2.0455368,-5.060566
2017-09-20 18:30:00,3.2662773,-3.4105546
2017-09-20 19:00:00,0.66429025,-1.3601891
2017-09-20 19:30:00,0.8155758,0.12314768
2017-09-20 20:00:00,-3.222452,1.7178216
2017-09-20 20:30:00,0.943722,2.6608713
2017-09-20 21:00:00,7.746744,3.34845
2017-09-20 21:30:00,14.5497675,3.633383
2017-09-20 22:00:00,10.167343,4.906879
2017-09-20 22:30:00,5.784923,6.714845
2017-09-20 23:00:00,-14.138828,7.569384
2017-09-20 23:30:00,-30.41481,7.093296
2017-09-21 00:00:00,10.182615,7.3490763
2017-09-21 00:30:00,10.298851,6.804599
2017-09-21 01:00:00,6.0740724,6.705847
2017-09-21 01:30:00,2.9658577,7.1061225
2017-09-21 02:00:00,17.37413,7.3147645
2017-09-21 02:30:00,12.677723,7.312014
2017-09-21 03:00:00,14.903591,6.139229
2017-09-21 03:30:00,15.745824,6.4330883
2017-09-21 04:00:00,9.416244,6.4484243
2017-09-21 04:30:00,3.08666,5.617375
2017-09-21 05:00:00,11.348501,5.557938
2017-09-21 05:30:00,28.20142,5.233701
2017-09-21 06:00:00,45.05434,4.9920588
2017-09-21 06:30:00,41.542587,5.432053
2017-09-21 07:00:00,7.678091,4.6500783
2017-09-21 07:30:00,5.0681577,4.8191524
2017-09-21 08:00:00,-2.625023,4.1824946
2017-09-21 08:30:00,-10.318199,2.1302452
2017-09-21 09:00:00,-11.706338,-0.7549678
2017-09-21 09:30:00,-25.28189,-4.0105762
2017-09-21 10:00:00,-25.969542,-6.0567555
2017-09-21 10:30:00,-36.031303,-8.005369
2017-09-21 11:00:00,-29.441767,-10.298942
2017-09-21 11:30:00,-27.920403,-11.171202
2017-09-21 12:00:00,-18.240868,-12.5314865
2017-09-21 12:30:00,-27.123074,-13.938306
2017-09-21 13:00:00,-34.583782,-14.660984
2017-09-21 13:30:00,-25.620152,-14.412657
2017-09-21 14:00:00,-27.727674,-14.002849
2017-09-21 14:30:00,-19.491201,-14.252992
2017-09-21 15:00:00,-17.196308,-12.91117
2017-09-21 15:30:00,-18.831274,-11.785858
2017-09-21 16:00:00,-8.03872,-11.0105715
2017-09-21 16:30:00,2.9128191,-9.98923
2017-09-21 17:00:00,3.9097514,-7.9107924
2017-09-21 17:30:00,2.6717458,-5.5982003
2017-09-21 18:00:00,4.1600184,-3.3742688
2017-09-21 18:30:00,6.2897234,-0.40340137
2017-09-21 19:00:00,4.704115,0.9708705
2017-09-21 19:30:00,4.988886,1.1743618
2017-09-21 20:00:00,5.2736573,0.6591959
2017-09-21 20:30:00,3.2344036,1.0260115
2017-09-21 21:00:00,5.002892,2.4276202
2017-09-21 21:30:00,1.9849433,3.8094244
2017-09-21 22:00:00,2.8511066,4.2329144
2017-09-21 22:30:00,3.7172663,4.7465014
2017-09-21 23:00:00,4.583426,3.6950352
2017-09-21 23:30:00,0.49485797,1.1592407
2017-09-22 00:00:00,-3.5937102,2.3621624
2017-09-22 00:30:00,-7.682282,4.154442
2017-09-22 01:00:00,28.293278,5.700591
2017-09-22 01:30:00,3.9512558,5.5355263
2017-09-22 02:00:00,1.7559766,6.3220224
2017-09-22 02:30:00,-3.829041,6.8126774
2017-09-22 03:00:00,-9.414059,8.009021
2017-09-22 03:30:00,6.2789655,7.689998
2017-09-22 04:00:00,6.248369,7.3792806
2017-09-22 04:30:00,6.217769,7.315767
2017-09-22 05:00:00,5.226847,7.421565
2017-09-22 05:30:00,4.235925,8.032051
2017-09-22 06:00:00,10.227692,8.255773
2017-09-22 06:30:00,17.09652,8.595052
2017-09-22 07:00:00,17.380981,8.936064
2017-09-22 07:30:00,17.665443,8.818171
2017-09-22 08:00:00,2.8306842,6.565338
2017-09-22 08:30:00,-12.00407,3.3800297
2017-09-22 09:00:00,-34.777504,-0.050712
2017-09-22 09:30:00,-46.829193,-2.9253821
2017-09-22 10:00:00,-38.6157,-5.8442135
2017-09-22 10:30:00,-26.411922,-8.5705185
2017-09-22 11:00:00,-28.163172,-11.299385
2017-09-22 11:30:00,-34.258705,-13.365904
2017-09-22 12:00:00,-31.9494,-14.232885
2017-09-22 12:30:00,-21.519163,-14.496066
2017-09-22 13:00:00,-29.570162,-14.960729
2017-09-22 13:30:00,-36.411736,-15.77815
2017-09-22 14:00:00,-33.085125,-17.53502
2017-09-22 14:30:00,-31.820843,-17.775078
2017-09-22 15:00:00,-23.401873,-16.390553
2017-09-22 15:30:00,-19.213572,-15.83557
2017-09-22 16:00:00,-15.275494,-14.352196
2017-09-22 16:30:00,-5.8291717,-11.324488
2017-09-22 17:00:00,-0.97167355,-8.676697
2017-09-22 17:30:00,0.3668097,-6.442091
2017-09-22 18:00:00,1.7052892,-4.15075
2017-09-22 18:30:00,1.5712386,-2.6319258
2017-09-22 19:00:00,4.3500767,-1.9112566
2017-09-22 19:30:00,4.539932,-0.9238085
2017-09-22 20:00:00,3.734682,-0.25195757
2017-09-22 20:30:00,4.2397757,0.8171131
2017-09-22 21:00:00,4.744866,1.9272588
2017-09-22 21:30:00,3.1800086,3.2548187
2017-09-22 22:00:00,15.4769535,4.141702
2017-09-22 22:30:00,9.750123,4.5654182
2017-09-22 23:00:00,4.0232964,5.163202
2017-09-22 23:30:00,5.530835,5.320976
2017-09-23 00:00:00,5.489421,5.007779
2017-09-23 00:30:00,5.448003,4.1148286
2017-09-23 01:00:00,2.9955118,5.6870303
2017-09-23 01:30:00,3.6304214,5.825316
2017-09-23 02:00:00,4.7586946,5.4341855
2017-09-23 02:30:00,1.4907652,5.669223
2017-09-23 03:00:00,2.1124754,4.9854574
2017-09-23 03:30:00,2.7341855,5.1359854
2017-09-23 04:00:00,3.3558955,5.9450636
2017-09-23 04:30:00,3.9776015,6.420217
2017-09-23 05:00:00,4.599312,6.3013887
2017-09-23 05:30:00,5.2210217,6.94923
2017-09-23 06:00:00,6.057158,7.3457756
2017-09-23 06:30:00,14.271312,7.2416277
2017-09-23 07:00:00,10.208054,7.557869
2017-09-23 07:30:00,6.1448016,6.940217
2017-09-23 08:00:00,2.0815475,5.147557
2017-09-23 08:30:00,-1.9817071,2.3823175
2017-09-23 09:00:00,-12.838398,-2.8204997
2017-09-23 09:30:00,-20.846657,-7.3484063
2017-09-23 10:00:00,-25.335579,-10.930339
2017-09-23 10:30:00,-34.14847,-12.397925
2017-09-23 11:00:00,-22.832478,-14.379303
2017-09-23 11:30:00,-27.484854,-16.641924
2017-09-23 12:00:00,-27.520493,-18.665712
2017-09-23 12:30:00,-28.976484,-20.2098
2017-09-23 13:00:00,-22.41955,-21.571356
2017-09-23 13:30:00,-26.306639,-22.726107
2017-09-23 14:00:00,-19.861246,-23.855383
2017-09-23 14:30:00,-17.563047,-24.073845
2017-09-23 15:00:00,-14.8251295,-23.356222
2017-09-23 15:30:00,-14.241962,-21.207346
2017-09-23 16:00:00,-9.159311,-19.63202
2017-09-23 16:30:00,-3.1774318,-16.474571
2017-09-23 17:00:00,-1.7636185,-13.898203
2017-09-23 17:30:00,-0.8949983,-10.745985
2017-09-23 18:00:00,-0.02638197,-7.739974
2017-09-23 18:30:00,0.84223443,-6.3809705
2017-09-23 19:00:00,1.5403032,-5.545912
2017-09-23 19:30:00,5.414155,-3.4478505
2017-09-23 20:00:00,5.8726873,-2.1028109
2017-09-23 20:30:00,2.4297907,-0.025583152
2017-09-23 21:00:00,5.753509,0.9316681
2017-09-23 21:30:00,5.2264814,1.8979739
2017-09-23 22:00:00,4.4238806,3.2292867
2017-09-23 22:30:00,3.121853,4.3092127
2017-09-23 23:00:00,4.1794577,4.786416
2017-09-23 23:30:00,6.4616313,6.032707
2017-09-24 00:00:00,4.5553994,6.0252542
2017-09-24 00:30:00,5.137289,5.934686
2017-09-24 01:00:00,2.0790794,5.6827235
2017-09-24 01:30:00,5.4668126,5.991734
2017-09-24 02:00:00,4.160817,6.061653
2017-09-24 02:30:00,2.854822,6.1848974
2017-09-24 03:00:00,-8.645878,7.0632124
2017-09-24 03:30:00,3.0083268,6.5762877
2017-09-24 04:00:00,3.6836708,7.340289
2017-09-24 04:30:00,4.3590145,7.248621
2017-09-24 05:00:00,4.179013,7.1089635
2017-09-24 05:30:00,3.1407762,6.979676
2017-09-24 06:00:00,3.7143273,6.939961
2017-09-24 06:30:00,5.3860307,6.286166
2017-09-24 07:00:00,2.6113334,5.9740996
2017-09-24 07:30:00,0.6883339,4.730521
2017-09-24 08:00:00,-8.220241,1.9784473
2017-09-24 08:30:00,-13.249917,-1.4383715
2017-09-24 09:00:00,-11.831891,-6.529999
2017-09-24 09:30:00,-18.150457,-9.870383
2017-09-24 10:00:00,-19.434593,-13.329343
2017-09-24 10:30:00,-18.61439,-16.083004
2017-09-24 11:00:00,-16.781841,-18.693237
2017-09-24 11:30:00,-18.064053,-19.658232
2017-09-24 12:00:00,-15.251303,-21.988628
2017-09-24 12:30:00,-15.40555,-23.303108
2017-09-24 13:00:00,-15.559797,-23.99096
2017-09-24 13:30:00,-15.714045,-24.962029
2017-09-24 14:00:00,-15.868296,-25.655956
2017-09-24 14:30:00,-16.022543,-25.005047
2017-09-24 15:00:00,-16.17679,-24.058458
2017-09-24 15:30:00,-16.331038,-22.215458
2017-09-24 16:00:00,-16.485285,-20.22537
2017-09-24 16:30:00,-16.639534,-17.072094
2017-09-24 17:00:00,-16.793781,-14.66745
2017-09-24 17:30:00,-16.948029,-11.05009
2017-09-24 18:00:00,-17.102276,-8.360685
2017-09-24 18:30:00,-17.256527,-6.2110066
2017-09-24 19:00:00,-17.410774,-4.92104
2017-09-24 19:30:00,-17.565022,-2.4212415
2017-09-24 20:00:00,-17.719269,-1.002266
2017-09-24 20:30:00,-17.87352,0.6316932
2017-09-24 21:00:00,-18.027767,1.0573802
2017-09-24 21:30:00,-18.182014,2.7358057
2017-09-24 22:00:00,-18.336262,3.7961836
2017-09-24 22:30:00,-18.49051,3.8585894
2017-09-24 23:00:00,-18.64476,3.8927915
2017-09-24 23:30:00,-18.799007,4.6072736
2017-09-25 00:00:00,-18.953257,4.9838786
2017-09-25 00:30:00,-19.107504,5.3852353
2017-09-25 01:00:00,-19.261753,5.3651104
2017-09-25 01:30:00,-19.416,5.0509152
2017-09-25 02:00:00,-19.57025,4.714771
2017-09-25 02:30:00,-19.724495,4.9926467
2017-09-25 03:00:00,-19.878744,4.37929
2017-09-25 03:30:00,-20.032991,4.4931293
2017-09-25 04:00:00,-20.187239,4.3825307
2017-09-25 04:30:00,-20.341488,4.600457
2017-09-25 05:00:00,-20.495735,4.137294
2017-09-25 05:30:00,-20.649984,3.6163063
2017-09-25 06:00:00,-20.804232,3.8310075
2017-09-25 06:30:00,-20.95848,3.565099
2017-09-25 07:00:00,-21.112728,2.7839308
2017-09-25 07:30:00,-21.266977,1.3307266
2017-09-25 08:00:00,-21.421225,-0.978147
2017-09-25 08:30:00,-21.575474,-4.7445955
2017-09-25 09:00:00,-21.729721,-8.241236
2017-09-25 09:30:00,-21.88397,-10.102745
2017-09-25 10:00:00,-22.038218,-12.8005295
2017-09-25 10:30:00,-22.192467,-14.98914
2017-09-25 11:00:00,-22.346714,-17.73322
2017-09-25 11:30:00,-22.500963,-18.790466
2017-09-25 12:00:00,-22.655209,-19.942114
2017-09-25 12:30:00,-22.809458,-21.073292
2017-09-25 13:00:00,-22.963705,-22.879223
2017-09-25 13:30:00,-23.117954,-22.686172
2017-09-25 14:00:00,-23.272202,-23.149378
2017-09-25 14:30:00,-23.42645,-21.859898
2017-09-25 15:00:00,-23.580698,-20.881441
2017-09-25 15:30:00,-23.580698,-19.634893
2017-09-25 16:00:00,-23.580698,-18.009861
2017-09-25 16:30:00,-23.580698,-15.678625
2017-09-25 17:00:00,-23.580698,-14.160739
2017-09-25 17:30:00,-23.580698,-11.705128
2017-09-25 18:00:00,-23.580698,-10.314778
2017-09-25 18:30:00,-23.580698,-8.194219
2017-09-25 19:00:00,-23.580698,-7.2531776
2017-09-25 19:30:00,-23.580698,-6.186884
2017-09-25 20:00:00,-23.580698,-5.420396
2017-09-25 20:30:00,-23.580698,-4.245508
2017-09-25 21:00:00,-23.580698,-4.022065
2017-09-25 21:30:00,-23.580698,-2.889296
2017-09-25 22:00:00,-23.580698,-3.3070927
2017-09-25 22:30:00,-23.580698,-3.235184
2017-09-25 23:00:00,-23.580698,-3.248161
2017-09-25 23:30:00,-23.580698,-3.78673
2017-09-26 00:00:00,-23.580698,-3.5499446
2017-09-26 00:30:00,-23.580698,-4.111657
2017-09-26 01:00:00,-23.580698,-3.9615018
2017-09-26 01:30:00,-23.580698,-3.8992918
2017-09-26 02:00:00,-23.580698,-4.75368
2017-09-26 02:30:00,-23.580698,-5.0150747
2017-09-26 03:00:00,-23.580698,-5.435513
2017-09-26 03:30:00,-23.580698,-5.574074
2017-09-26 04:00:00,-23.580698,-5.454568
2017-09-26 04:30:00,-23.580698,-5.437288
2017-09-26 05:00:00,-23.580698,-5.5198674
2017-09-26 05:30:00,-23.580698,-5.8637695
2017-09-26 06:00:00,-23.580698,-5.8448997
2017-09-26 06:30:00,-23.580698,-6.08147
2017-09-26 07:00:00,-23.580698,-7.181254
2017-09-26 07:30:00,-23.580698,-8.214306
2017-09-26 08:00:00,-23.580698,-8.780008
2017-09-26 08:30:00,-28.979382,-11.181341
2017-09-26 09:00:00,-8.743191,-13.85342
2017-09-26 09:30:00,-7.7541947,-15.411292
2017-09-26 10:00:00,-6.9581275,-18.669823
2017-09-26 10:30:00,-14.813238,-19.490025
2017-09-26 11:00:00,-16.478012,-21.60943
2017-09-26 11:30:00,-22.745941,-22.552828
2017-09-26 12:00:00,-15.680995,-23.412664
2017-09-26 12:30:00,-22.1466,-23.96009
2017-09-26 13:00:00,-21.820194,-24.459131
2017-09-26 13:30:00,-14.248756,-23.87761
2017-09-26 14:00:00,-21.23427,-23.236382
2017-09-26 14:30:00,-13.977938,-22.90859
2017-09-26 15:00:00,-12.398912,-22.126955
2017-09-26 15:30:00,-12.836096,-21.441946
2017-09-26 16:00:00,-11.64103,-19.936367
2017-09-26 16:30:00,-11.344417,-18.273094
2017-09-26 17:00:00,-4.7378173,-16.425037
2017-09-26 17:30:00,1.8687869,-14.27341
2017-09-26 18:00:00,4.6260533,-13.345165
2017-09-26 18:30:00,4.693207,-12.788283
2017-09-26 19:00:00,5.3892107,-11.969096
2017-09-26 19:30:00,2.937786,-11.282738
2017-09-26 20:00:00,6.678292,-10.581241
2017-09-26 20:30:00,4.2436004,-10.39955
2017-09-26 21:00:00,3.0595756,-10.521615
2017-09-26 21:30:00,3.2798119,-9.940837
2017-09-26 22:00:00,5.151758,-10.12481
2017-09-26 22:30:00,5.401856,-10.706519
2017-09-26 23:00:00,4.448004,-10.788221
2017-09-26 23:30:00,3.7868652,-11.825106
2017-09-27 00:00:00,4.6596603,-11.828775
2017-09-27 00:30:00,3.683961,-11.957777
2017-09-27 01:00:00,2.9619954,-11.375149
2017-09-27 01:30:00,14.373643,-12.165666
2017-09-27 02:00:00,5.5998874,-11.985298
2017-09-27 02:30:00,5.6132903,-12.905129
2017-09-27 03:00:00,7.369058,-11.786822
2017-09-27 03:30:00,6.5782285,-12.31544
2017-09-27 04:00:00,6.3194265,-12.542474
2017-09-27 04:30:00,6.3079944,-12.151102
2017-09-27 05:00:00,7.0560117,-12.911475
2017-09-27 05:30:00,3.507833,-13.32047
2017-09-27 06:00:00,-5.1922617,-13.770736
2017-09-27 06:30:00,1.6794482,-14.236831
2017-09-27 07:00:00,8.551162,-14.925216
2017-09-27 07:30:00,4.6024013,-15.977914
2017-09-27 08:00:00,-0.064698845,-17.4223
2017-09-27 08:30:00,-5.7473645,-18.655844
2017-09-27 09:00:00,-9.383914,-18.893152
2017-09-27 09:30:00,-13.020461,-19.377327
2017-09-27 10:00:00,-16.657007,-19.616806
2017-09-27 10:30:00,-20.293556,-19.841974
2017-09-27 11:00:00,-23.930101,-22.642178
2017-09-27 11:30:00,-18.559677,-24.430202
2017-09-27 12:00:00,-27.200516,-25.887842
2017-09-27 12:30:00,-20.36446,-26.898407
2017-09-27 13:00:00,-15.685535,-27.411612
2017-09-27 13:30:00,-17.960094,-25.800531
2017-09-27 14:00:00,-20.23465,-25.42581
2017-09-27 14:30:00,-6.528054,-23.783873
2017-09-27 15:00:00,-3.0835934,-22.832926
2017-09-27 15:30:00,-0.60410434,-21.785925
2017-09-27 16:00:00,-0.16996194,-21.570473
2017-09-27 16:30:00,0.2641767,-21.301823
2017-09-27 17:00:00,2.1862943,-19.507368
2017-09-27 17:30:00,2.9073255,-16.39542
2017-09-27 18:00:00,3.882584,-13.997758
2017-09-27 18:30:00,6.7498913,-11.439544
2017-09-27 19:00:00,6.3055563,-10.826158
2017-09-27 19:30:00,7.1605177,-9.762674
2017-09-27 20:00:00,5.6763406,-7.6849575
2017-09-27 20:30:00,7.8966208,-6.814894
2017-09-27 21:00:00,6.9290977,-6.005021
2017-09-27 21:30:00,6.8429723,-5.054017
2017-09-27 22:00:00,7.894793,-3.7407491
2017-09-27 22:30:00,8.946618,-3.1728084
2017-09-27 23:00:00,9.998439,-3.1194649
2017-09-27 23:30:00,11.050263,-3.5938647
2017-09-28 00:00:00,12.102084,-3.1891541
2017-09-28 00:30:00,13.153909,-3.711694
2017-09-28 01:00:00,2.9644823,-3.3437667
2017-09-28 01:30:00,-7.2249436,-1.6112176
2017-09-28 02:00:00,3.0343714,-0.5853246
2017-09-28 02:30:00,1.5070732,-1.72497
2017-09-28 03:00:00,-5.3688,-1.8912936
2017-09-28 03:30:00,-12.244677,-2.2989771
2017-09-28 04:00:00,-19.120554,-2.0664155
2017-09-28 04:30:00,-25.996431,-1.5760432
2017-09-28 05:00:00,-32.87231,-1.4950688
2017-09-28 05:30:00,7.8081665,-1.0640048
2017-09-28 06:00:00,7.357569,-1.9967602
2017-09-28 06:30:00,2.5289044,-2.663841
2017-09-28 07:00:00,3.58311,-1.4544345
2017-09-28 07:30:00,-0.8175545,-0.6139464
2017-09-28 08:00:00,-10.951119,-1.4884182
2017-09-28 08:30:00,-18.69169,-3.5720139
2017-09-28 09:00:00,-33.3497,-5.440935
2017-09-28 09:30:00,-29.041046,-8.822929
2017-09-28 10:00:00,-36.24624,-10.4857025
2017-09-28 10:30:00,-34.315865,-12.627201
2017-09-28 11:00:00,-30.352575,-15.334222
2017-09-28 11:30:00,-28.06377,-16.096882
2017-09-28 12:00:00,-24.09108,-17.417274
2017-09-28 12:30:00,-29.72886,-18.148245
2017-09-28 13:00:00,-23.144875,-18.363142
2017-09-28 13:30:00,-25.8867,-18.46247
2017-09-28 14:00:00,-36.030914,-19.055645
2017-09-28 14:30:00,-26.27956,-18.603739
2017-09-28 15:00:00,-9.274611,-16.412832
2017-09-28 15:30:00,-11.1141615,-14.985485
2017-09-28 16:00:00,-6.3790827,-13.542944
2017-09-28 16:30:00,-6.2177362,-12.291166
2017-09-28 17:00:00,-1.3805816,-9.848295
2017-09-28 17:30:00,1.6436032,-8.47613
2017-09-28 18:00:00,2.5039074,-6.5620418
2017-09-28 18:30:00,1.687817,-4.742636
2017-09-28 19:00:00,1.7572953,-3.0561209
2017-09-28 19:30:00,1.8267736,-1.4419022
2017-09-28 20:00:00,2.6197133,0.28653607
2017-09-28 20:30:00,1.1671423,0.7886873
2017-09-28 21:00:00,2.2089515,1.4306165
2017-09-28 21:30:00,8.420356,1.8394417
2017-09-28 22:00:00,1.8514202,2.661478
2017-09-28 22:30:00,-20.69118,3.2840433
2017-09-28 23:00:00,2.241767,4.548406
2017-09-28 23:30:00,13.052338,4.6293426
2017-09-29 00:00:00,-1.6306982,5.0973673
2017-09-29 00:30:00,11.604123,5.67605
2017-09-29 01:00:00,2.1523936,5.0017276
2017-09-29 01:30:00,0.8750011,3.3018434
2017-09-29 02:00:00,0.41320142,3.2967188
2017-09-29 02:30:00,0.8509988,3.5594432
2017-09-29 03:00:00,1.2887925,3.9876735
2017-09-29 03:30:00,-4.813957,2.2339296
2017-09-29 04:00:00,-2.8356621,0.9407754
2017-09-29 04:30:00,-0.8573672,-1.1283926
2017-09-29 05:00:00,-0.5805618,-2.2722318
2017-09-29 05:30:00,-0.3037564,-0.30513924
2017-09-29 06:00:00,-0.026950939,1.4842503
2017-09-29 06:30:00,0.24985449,2.6628268
2017-09-29 07:00:00,7.56143,3.0362215
2017-09-29 07:30:00,14.873002,2.003674
2017-09-29 08:00:00,0.0005216114,-0.28681165
2017-09-29 08:30:00,-14.871963,-3.1732192
2017-09-29 09:00:00,-9.066177,-7.186269
2017-09-29 09:30:00,-16.947216,-9.765312
2017-09-29 10:00:00,-24.410236,-12.433397
2017-09-29 10:30:00,-26.47036,-14.688294
2017-09-29 11:00:00,-28.8253,-16.460442
2017-09-29 11:30:00,-20.69199,-18.042889
2017-09-29 12:00:00,-27.581081,-19.66267
2017-09-29 12:30:00,-36.39921,-20.95018
2017-09-29 13:00:00,-15.452273,-20.968338
2017-09-29 13:30:00,-14.628832,-23.130587
2017-09-29 14:00:00,-11.479473,-23.240082
2017-09-29 14:30:00,-7.7300754,-23.994614
2017-09-29 15:00:00,-21.892054,-21.48679
2017-09-29 15:30:00,-12.990046,-20.24049
2017-09-29 16:00:00,-6.9269586,-17.653687
2017-09-29 16:30:00,-2.3824008,-15.686971
2017-09-29 17:00:00,-0.50089103,-12.760905
2017-09-29 17:30:00,0.45828187,-10.036816
2017-09-29 18:00:00,1.4174548,-7.07477
2017-09-29 18:30:00,1.4130462,-5.083867
2017-09-29 19:00:00,3.400524,-3.6932306
2017-09-29 19:30:00,3.678893,-2.7161295
2017-09-29 20:00:00,3.9572618,-0.9247995
2017-09-29 20:30:00,3.043064,0.67933214
2017-09-29 21:00:00,3.4144578,1.4279487
2017-09-29 21:30:00,3.4732049,3.367433
2017-09-29 22:00:00,3.4574697,4.107255
2017-09-29 22:30:00,3.8832018,3.094848
2017-09-29 23:00:00,2.7180283,4.1027107
2017-09-29 23:30:00,2.6462364,5.574148
2017-09-30 00:00:00,4.2873807,5.187204
2017-09-30 00:30:00,3.1674538,3.972771
2017-09-30 01:00:00,4.266883,3.9670587
2017-09-30 01:30:00,4.0487266,2.652269
2017-09-30 02:00:00,3.0737884,3.0939248
2017-09-30 02:30:00,2.644831,2.2069356
2017-09-30 03:00:00,2.5727527,2.1121626
2017-09-30 03:30:00,4.4644623,1.4068291
2017-09-30 04:00:00,4.474817,1.4509186
2017-09-30 04:30:00,3.4502313,1.1447641
2017-09-30 05:00:00,2.7594085,0.9145915
2017-09-30 05:30:00,2.0685892,0.67890257
2017-09-30 06:00:00,4.1128654,1.8282431
2017-09-30 06:30:00,4.210532,1.5453185
2017-09-30 07:00:00,3.1121016,1.1575829
2017-09-30 07:30:00,-4.800072,0.19546328
2017-09-30 08:00:00,-9.325853,-1.6984357
2017-09-30 08:30:00,-15.543926,-5.83557
2017-09-30 09:00:00,-18.717041,-8.576999
2017-09-30 09:30:00,-19.303505,-11.172803
2017-09-30 10:00:00,-20.103481,-13.806305
2017-09-30 10:30:00,-18.431335,-16.965328
2017-09-30 11:00:00,-25.991491,-18.66416
2017-09-30 11:30:00,-23.32087,-20.95339
2017-09-30 12:00:00,-13.762713,-21.662899
2017-09-30 12:30:00,-8.398131,-23.076365
2017-09-30 13:00:00,-9.109705,-23.272453
2017-09-30 13:30:00,-5.828094,-23.04554
2017-09-30 14:00:00,-4.62876,-21.511518
2017-09-30 14:30:00,-19.456375,-20.648901
2017-09-30 15:00:00,-14.653165,-21.189001
2017-09-30 15:30:00,-9.8499565,-19.828087
2017-09-30 16:00:00,-5.046745,-17.855448
2017-09-30 16:30:00,-0.4952503,-15.014269
2017-09-30 17:00:00,0.11525747,-11.812671
2017-09-30 17:30:00,0.7257653,-8.997969
2017-09-30 18:00:00,1.3362769,-6.109214
2017-09-30 18:30:00,1.9467847,-4.1153836
2017-09-30 19:00:00,2.5572925,-2.8051035
2017-09-30 19:30:00,3.167804,-1.6757749
2017-09-30 20:00:00,3.778312,0.08721218
2017-09-30 20:30:00,4.388819,1.2106967
2017-09-30 21:00:00,4.999331,1.8506477
2017-09-30 21:30:00,5.609839,2.3322294
2017-09-30 22:00:00,6.2203465,2.7613678
2017-09-30 22:30:00,6.830858,3.3678777
2017-09-30 23:00:00,7.441366,3.7874644
2017-09-30 23:30:00,8.051874,3.4961407
2017-10-01 00:00:00,8.662386,3.9092276
2017-10-01 00:30:00,9.272894,3.0254073
2017-10-01 01:00:00,9.883402,2.8206537
2017-10-01 01:30:00,10.493909,2.5432603
2017-10-01 02:00:00,11.104421,2.5547454
2017-10-01 02:30:00,11.714929,1.9370482
2017-10-01 03:00:00,1.840297,2.0065603
2017-10-01 03:30:00,3.4120502,1.7331762
2017-10-01 04:00:00,3.4790378,1.8305643
2017-10-01 04:30:00,3.5460293,2.3942432
2017-10-01 05:00:00,3.6130207,4.5765867
2017-10-01 05:30:00,3.680012,4.5552034
2017-10-01 06:00:00,3.7470036,3.794149
2017-10-01 06:30:00,5.437411,3.3471198
2017-10-01 07:00:00,7.127815,2.6448083
2017-10-01 07:30:00,3.2829168,0.6291724
2017-10-01 08:00:00,-0.5619855,-1.9366492
2017-10-01 08:30:00,-3.4492598,-5.1591296
2017-10-01 09:00:00,-3.2738023,-8.348115
2017-10-01 09:30:00,-5.63845,-11.308534
2017-10-01 10:00:00,-14.331261,-13.488907
2017-10-01 10:30:00,-17.785944,-16.188633
2017-10-01 11:00:00,-19.612703,-18.689514
2017-10-01 11:30:00,-6.583512,-19.905602
2017-10-01 12:00:00,-6.2352614,-21.33483
2017-10-01 12:30:00,-8.132182,-20.987242
2017-10-01 13:00:00,-10.029099,-21.226408
2017-10-01 13:30:00,-7.1021934,-21.053684
2017-10-01 14:00:00,-0.8985252,-18.944868
2017-10-01 14:30:00,-2.5809524,-17.713915
2017-10-01 15:00:00,-4.2633758,-18.885689
2017-10-01 15:30:00,-14.078175,-16.169254
2017-10-01 16:00:00,13.413923,-14.256891
2017-10-01 16:30:00,5.5162187,-12.372932
2017-10-01 17:00:00,5.678296,-9.1079645
2017-10-01 17:30:00,5.840373,-5.9896097
2017-10-01 18:00:00,6.002454,-4.7160416
2017-10-01 18:30:00,6.164531,-2.3185935
2017-10-01 19:00:00,5.964947,-1.661336
2017-10-01 19:30:00,5.765363,-0.48275188
2017-10-01 20:00:00,5.5657835,0.59091204
2017-10-01 20:30:00,7.7822275,1.0315166
2017-10-01 21:00:00,6.0432954,1.2016007
2017-10-01 21:30:00,1.1365083,0.8891876
2017-10-01 22:00:00,-3.770279,1.6373746
2017-10-01 22:30:00,-8.677066,3.3967972
2017-10-01 23:00:00,-13.583854,3.1065361
2017-10-01 23:30:00,-18.49064,3.4291117
2017-10-02 00:00:00,-23.397429,4.3007274
2017-10-02 00:30:00,-28.304214,4.4951563
2017-10-02 01:00:00,-27.675303,4.3660984
2017-10-02 01:30:00,-27.04639,5.074284
2017-10-02 02:00:00,-26.417475,4.84976
2017-10-02 02:30:00,-25.788563,5.853723
2017-10-02 03:00:00,-25.15965,5.0833387
2017-10-02 03:30:00,-24.530735,5.2590446
2017-10-02 04:00:00,-23.901823,5.6576247
2017-10-02 04:30:00,-23.272911,5.398092
2017-10-02 05:00:00,-22.643995,6.08194
2017-10-02 05:30:00,-22.015083,5.369809
2017-10-02 06:00:00,-21.386171,4.664005
2017-10-02 06:30:00,-20.757256,3.4836574
2017-10-02 07:00:00,-20.128344,2.346171
2017-10-02 07:30:00,-19.499432,0.8998737
2017-10-02 08:00:00,-18.870516,-1.8321925
2017-10-02 08:30:00,-18.241602,-4.267189
2017-10-02 09:00:00,-17.612692,-6.5554066
2017-10-02 09:30:00,-16.983776,-8.5582905
2017-10-02 10:00:00,-16.354866,-11.226655
2017-10-02 10:30:00,-15.725951,-12.594317
2017-10-02 11:00:00,-15.097036,-14.85767
2017-10-02 11:30:00,-14.468126,-14.27956
2017-10-02 12:00:00,-13.839211,-14.673569
2017-10-02 12:30:00,-13.210297,-12.963896
2017-10-02 13:00:00,-12.581386,-13.156388
2017-10-02 13:30:00,-11.952472,-12.285828
2017-10-02 14:00:00,-11.323557,-11.735058
2017-10-02 14:30:00,-10.694646,-12.116297
2017-10-02 15:00:00,-10.065732,-10.110563
2017-10-02 15:30:00,-4.7278204,-9.32337
2017-10-02 16:00:00,-8.172703,-6.972819
2017-10-02 16:30:00,-8.899371,-5.0831776
2017-10-02 17:00:00,-3.4545915,-4.1905627
2017-10-02 17:30:00,1.9901847,-1.9346522
2017-10-02 18:00:00,5.677501,-1.4956415
2017-10-02 18:30:00,5.332521,0.5609865
2017-10-02 19:00:00,4.1338687,0.86391556
2017-10-02 19:30:00,2.9352162,0.8175615
2017-10-02 20:00:00,4.995812,1.3522344
2017-10-02 20:30:00,3.0501142,1.6340702
2017-10-02 21:00:00,1.7216274,1.7601854
2017-10-02 21:30:00,2.2590847,1.8475655
2017-10-02 22:00:00,2.0962992,1.9634317
2017-10-02 22:30:00,2.132721,2.2715116
2017-10-02 23:00:00,4.5321884,1.0080419
2017-10-02 23:30:00,3.7764618,-0.9843303
2017-10-03 00:00:00,3.871589,-1.7547184
2017-10-03 00:30:00,6.186604,-3.001545
2017-10-03 01:00:00,4.407893,-3.4970155
2017-10-03 01:30:00,1.9839976,-3.5135946
2017-10-03 02:00:00,3.187394,-3.1291976
2017-10-03 02:30:00,3.8602848,-3.885271
2017-10-03 03:00:00,4.47265,-4.714052
2017-10-03 03:30:00,2.7373807,-4.1491146
2017-10-03 04:00:00,3.8577793,-5.119961
2017-10-03 04:30:00,6.915122,-6.182102
2017-10-03 05:00:00,6.391188,-5.638733
2017-10-03 05:30:00,3.5348947,-5.4974327
2017-10-03 06:00:00,3.8096392,-6.057438
2017-10-03 06:30:00,2.8110113,-6.910786
2017-10-03 07:00:00,0.5500744,-7.357574
2017-10-03 07:30:00,-3.0188966,-8.127333
2017-10-03 08:00:00,-6.781351,-9.243726
2017-10-03 08:30:00,-4.6604147,-9.960838
2017-10-03 09:00:00,-8.376402,-10.934503
2017-10-03 09:30:00,-7.5793853,-12.157745
2017-10-03 10:00:00,-10.146363,-13.418589
2017-10-03 10:30:00,-7.6304455,-13.959237
2017-10-03 11:00:00,-5.5302367,-14.258301
2017-10-03 11:30:00,-14.973973,-13.649906
2017-10-03 12:00:00,-13.726367,-13.6859665
2017-10-03 12:30:00,-12.478757,-12.61902
2017-10-03 13:00:00,-13.349499,-12.067358
2017-10-03 13:30:00,-14.22024,-11.351707
2017-10-03 14:00:00,-9.401138,-11.685403
2017-10-03 14:30:00,-4.5820365,-11.027143
2017-10-03 15:00:00,-7.158352,-10.627723
2017-10-03 15:30:00,-5.157656,-9.45894
2017-10-03 16:00:00,-3.156964,-8.256417
2017-10-03 16:30:00,-2.1675942,-7.7224226
2017-10-03 17:00:00,3.2997634,-6.2753906
2017-10-03 17:30:00,5.48242,-4.385565
2017-10-03 18:00:00,4.6684284,-2.6590142
2017-10-03 18:30:00,4.7445307,-2.1379023
2017-10-03 19:00:00,-3.7394114,-1.814238
2017-10-03 19:30:00,-12.223353,-1.9500332
2017-10-03 20:00:00,-4.519834,-0.9614095
2017-10-03 20:30:00,4.3771424,-0.38803166
2017-10-03 21:00:00,3.7171156,-0.17150682
2017-10-03 21:30:00,3.2112794,0.07348156
2017-10-03 22:00:00,2.152582,0.13428967
2017-10-03 22:30:00,3.770904,-0.50583464
2017-10-03 23:00:00,4.8900175,0.5251151
2017-10-03 23:30:00,4.3576055,-0.5070932
2017-10-04 00:00:00,6.8014374,-0.81091523
2017-10-04 00:30:00,9.245271,-1.612446
2017-10-04 01:00:00,11.689107,-1.593361
2017-10-04 01:30:00,14.132936,-1.5541399
2017-10-04 02:00:00,2.3258915,-2.2894592
2017-10-04 02:30:00,2.766221,-2.5629525
2017-10-04 03:00:00,2.6844704,-2.3620913
2017-10-04 03:30:00,3.3251147,-2.4136753
2017-10-04 04:00:00,2.1169217,-2.868783
2017-10-04 04:30:00,2.436181,-3.0244243
2017-10-04 05:00:00,2.2519143,-2.7720017
2017-10-04 05:30:00,2.8524518,-2.5455518
2017-10-04 06:00:00,3.5292766,-3.109344
2017-10-04 06:30:00,3.4087381,-3.0002863
2017-10-04 07:00:00,-3.1872663,-2.9883268
2017-10-04 07:30:00,-9.783271,-3.27407
2017-10-04 08:00:00,-20.186728,-4.2335143
2017-10-04 08:30:00,-16.353935,-4.6347885
2017-10-04 09:00:00,-17.781105,-5.341343
2017-10-04 09:30:00,-14.1816025,-6.531065
2017-10-04 10:00:00,-13.561072,-7.7205048
2017-10-04 10:30:00,-10.675313,-8.203435
2017-10-04 11:00:00,-16.354145,-7.695259
2017-10-04 11:30:00,-14.40806,-8.65627
2017-10-04 12:00:00,-13.804425,-9.00038
2017-10-04 12:30:00,-13.513384,-9.187582
2017-10-04 13:00:00,-9.961851,-8.933159
2017-10-04 13:30:00,-9.030098,-9.026214
2017-10-04 14:00:00,-10.96453,-8.629178
2017-10-04 14:30:00,-7.049076,-8.283855
2017-10-04 15:00:00,-3.1336212,-7.6108255
2017-10-04 15:30:00,24.638754,-6.5147347
2017-10-04 16:00:00,1.090972,-5.7674747
2017-10-04 16:30:00,1.467249,-5.678384
2017-10-04 17:00:00,1.8435299,-4.4092507
2017-10-04 17:30:00,3.6413448,-3.5741653
2017-10-04 18:00:00,-25.451332,-2.2310512
2017-10-04 18:30:00,4.6917295,-1.929102
2017-10-04 19:00:00,4.3143034,-1.9220746
2017-10-04 19:30:00,3.9368773,-2.506406
2017-10-04 20:00:00,3.5594509,-1.9299308
2017-10-04 20:30:00,5.272244,-1.0222553
2017-10-04 21:00:00,6.985034,-0.8362513
2017-10-04 21:30:00,8.6978245,-0.743336
2017-10-04 22:00:00,10.410614,-1.2359805
2017-10-04 22:30:00,12.123404,-1.219292
2017-10-04 23:00:00,13.836197,-1.9653803
2017-10-04 23:30:00,15.548983,-2.5676398
2017-10-05 00:00:00,17.261776,-1.9845821
2017-10-05 00:30:00,18.97457,-2.2892632
2017-10-05 01:00:00,20.687355,-2.0028758
2017-10-05 01:30:00,22.400148,-1.7334594
2017-10-05 02:00:00,24.112936,-1.6227703
2017-10-05 02:30:00,25.82573,-1.480611
2017-10-05 03:00:00,27.538515,-0.9216796
2017-10-05 03:30:00,19.666964,-1.1372323
2017-10-05 04:00:00,11.795405,-0.6257553
2017-10-05 04:30:00,1.5858735,-0.67513883
2017-10-05 05:00:00,2.9777458,-0.24953474
2017-10-05 05:30:00,0.22235557,-0.12986656
2017-10-05 06:00:00,2.0860426,-0.2114364
2017-10-05 06:30:00,0.3365526,-0.4616774
2017-10-05 07:00:00,0.5638653,-1.1526396
2017-10-05 07:30:00,-0.36429322,-2.3094146
2017-10-05 08:00:00,-1.2924554,-3.2086499
2017-10-05 08:30:00,-3.4737403,-4.545038
2017-10-05 09:00:00,-2.7036688,-5.640564
2017-10-05 09:30:00,-8.291534,-6.2806206
2017-10-05 10:00:00,-11.317151,-6.5613675
2017-10-05 10:30:00,-10.688309,-7.117514
2017-10-05 11:00:00,-11.381551,-8.15063
2017-10-05 11:30:00,-12.074792,-9.210394
2017-10-05 12:00:00,-12.768034,-10.074616
2017-10-05 12:30:00,-13.461272,-10.750066
2017-10-05 13:00:00,-14.154514,-10.446353
2017-10-05 13:30:00,-14.847756,-9.815837
2017-10-05 14:00:00,-15.540998,-9.256921
2017-10-05 14:30:00,-16.23424,-9.424865
2017-10-05 15:00:00,-16.927483,-8.581958
2017-10-05 15:30:00,-17.620724,-6.7323484
2017-10-05 16:00:00,-18.313963,-5.349553
2017-10-05 16:30:00,-19.007206,-5.3400087
2017-10-05 17:00:00,-19.700447,-4.5856047
2017-10-05 17:30:00,0.5413062,-3.7557456
2017-10-05 18:00:00,1.1309129,-4.179206
2017-10-05 18:30:00,1.7343482,-3.3229184
2017-10-05 19:00:00,1.2670435,-1.6903986
2017-10-05 19:30:00,3.1110466,-0.91894025
2017-10-05 20:00:00,3.8979914,-0.13260214
2017-10-05 20:30:00,4.0141926,0.4789871
2017-10-05 21:00:00,18.425488,1.1550809
2017-10-05 21:30:00,1.5654736,1.433013
2017-10-05 22:00:00,0.42342028,2.0109086
2017-10-05 22:30:00,1.5020089,2.137559
2017-10-05 23:00:00,1.7722769,2.0928967
2017-10-05 23:30:00,1.4824228,2.4048314
2017-10-06 00:00:00,1.8290646,2.451841
2017-10-06 00:30:00,1.0886358,2.4249148
2017-10-06 01:00:00,0.90485495,3.0955336
2017-10-06 01:30:00,0.85888904,3.3917482
2017-10-06 02:00:00,1.3356174,3.7780368
2017-10-06 02:30:00,1.8267623,4.0035596
2017-10-06 03:00:00,1.5610461,4.33216
2017-10-06 03:30:00,1.0354805,4.0000286
2017-10-06 04:00:00,0.9940965,4.305407
2017-10-06 04:30:00,2.8159099,3.0695984
2017-10-06 05:00:00,3.136439,2.6640477
2017-10-06 05:30:00,3.8500774,2.3907466
2017-10-06 06:00:00,2.0823388,2.1192389
2017-10-06 06:30:00,0.24314743,1.2267483
2017-10-06 07:00:00,-1.7085792,0.8152442
2017-10-06 07:30:00,-4.2170258,-0.124907866
2017-10-06 08:00:00,-8.139108,-0.7234748
2017-10-06 08:30:00,-14.01968,-2.1297936
2017-10-06 09:00:00,-18.621475,-3.6816704
2017-10-06 09:30:00,-14.456106,-5.33239
2017-10-06 10:00:00,-16.457758,-6.320226
2017-10-06 10:30:00,-17.245592,-7.3343253
2017-10-06 11:00:00,-17.688665,-7.9852934
2017-10-06 11:30:00,-22.874641,-8.658483
2017-10-06 12:00:00,-28.645897,-9.019476
2017-10-06 12:30:00,-35.48296,-9.768783
2017-10-06 13:00:00,-28.740211,-10.125085
2017-10-06 13:30:00,-21.11127,-10.364497
2017-10-06 14:00:00,-16.962679,-10.1360655
2017-10-06 14:30:00,-15.299575,-9.716758
2017-10-06 15:00:00,-10.783299,-9.695336
2017-10-06 15:30:00,-7.9865522,-9.611487
2017-10-06 16:00:00,-7.261776,-9.161342
2017-10-06 16:30:00,-5.600736,-8.998813
2017-10-06 17:00:00,-2.456348,-8.2526455
2017-10-06 17:30:00,0.2419153,-6.8089256
2017-10-06 18:00:00,2.3758893,-4.9066124
2017-10-06 18:30:00,1.3751062,-4.4052978
2017-10-06 19:00:00,2.0650098,-3.6878726
2017-10-06 19:30:00,1.278875,-2.2862375
2017-10-06 20:00:00,0.49273655,-1.4644387
2017-10-06 20:30:00,0.74101067,-1.4707613
2017-10-06 21:00:00,1.5156982,-0.42403123
2017-10-06 21:30:00,2.290382,0.17328103
2017-10-06 22:00:00,0.27471206,0.08506819
2017-10-06 22:30:00,0.91488165,0.54182243
2017-10-06 23:00:00,0.42998037,0.7024677
2017-10-06 23:30:00,1.0152011,0.17889158
2017-10-07 00:00:00,1.6004181,0.7524692
2017-10-07 00:30:00,2.9364672,0.8073804
2017-10-07 01:00:00,1.7146,1.1834615
2017-10-07 01:30:00,1.6291378,1.0982668
2017-10-07 02:00:00,1.235396,1.8370829
2017-10-07 02:30:00,2.958544,1.9251639
2017-10-07 03:00:00,2.3657873,2.0003242
2017-10-07 03:30:00,1.1444024,1.8608892
2017-10-07 04:00:00,1.211827,1.8837459
2017-10-07 04:30:00,2.995493,1.4569775
2017-10-07 05:00:00,2.7207148,1.7197924
2017-10-07 05:30:00,2.4459329,1.8143505
2017-10-07 06:00:00,1.7385155,1.7430409
2017-10-07 06:30:00,1.0310946,0.855008
2017-10-07 07:00:00,0.32367355,-0.085245796
2017-10-07 07:30:00,-2.8287027,-1.1802291
2017-10-07 08:00:00,-5.981079,-1.7891241
2017-10-07 08:30:00,-8.984954,-3.4638495
2017-10-07 09:00:00,-10.626634,-5.4400797
2017-10-07 09:30:00,-23.876316,-6.988038
2017-10-07 10:00:00,-15.978845,-7.569969
2017-10-07 10:30:00,-22.926239,-9.407645
2017-10-07 11:00:00,-24.497768,-10.737311
2017-10-07 11:30:00,-21.873058,-12.518004
2017-10-07 12:00:00,-17.969303,-13.744766
2017-10-07 12:30:00,-18.231352,-14.558769
2017-10-07 13:00:00,-18.46243,-15.166813
2017-10-07 13:30:00,-17.821487,-15.578739
2017-10-07 14:00:00,-19.644228,-14.401523
2017-10-07 14:30:00,-15.77139,-13.8433485
2017-10-07 15:00:00,-12.48436,-12.347551
2017-10-07 15:30:00,-11.547494,-12.241888
2017-10-07 16:00:00,-5.098054,-11.340863
2017-10-07 16:30:00,-3.0861065,-10.254068
2017-10-07 17:00:00,-0.8953977,-9.011861
2017-10-07 17:30:00,1.5007994,-7.6830506
2017-10-07 18:00:00,4.0262203,-5.171466
2017-10-07 18:30:00,3.8670712,-4.149533
2017-10-07 19:00:00,3.5894556,-3.3973856
2017-10-07 19:30:00,5.3089895,-1.6997131
2017-10-07 20:00:00,3.6908941,-0.5816168
2017-10-07 20:30:00,3.6792207,0.21214427
2017-10-07 21:00:00,2.3919673,0.5561936
2017-10-07 21:30:00,2.684474,1.2575142
2017-10-07 22:00:00,3.4541879,1.3640772
2017-10-07 22:30:00,4.4451437,1.9580548
2017-10-07 23:00:00,3.6716697,1.9127445
2017-10-07 23:30:00,3.4484792,1.4480398
2017-10-08 00:00:00,4.55792,1.5751799
2017-10-08 00:30:00,2.4127178,1.7068379
2017-10-08 01:00:00,2.4459553,1.8111703
2017-10-08 01:30:00,3.7631907,1.8822688
2017-10-08 02:00:00,1.6019629,1.8099834
2017-10-08 02:30:00,2.1381242,2.0557027
2017-10-08 03:00:00,0.2187006,2.0059423
2017-10-08 03:30:00,0.48864827,1.7347589
2017-10-08 04:00:00,1.3341668,1.3915385
2017-10-08 04:30:00,13.666802,1.5108638
2017-10-08 05:00:00,3.2212458,1.9358009
2017-10-08 05:30:00,2.0025964,1.9327978
2017-10-08 06:00:00,1.7251391,1.77814
2017-10-08 06:30:00,1.4476818,1.4451497
2017-10-08 07:00:00,14.543595,1.1238742
2017-10-08 07:30:00,26.519577,-0.084292494
2017-10-08 08:00:00,-2.3320565,-1.1123823
2017-10-08 08:30:00,-6.6448703,-2.28597
2017-10-08 09:00:00,-12.844144,-3.9586344
2017-10-08 09:30:00,-18.309347,-6.4493294
2017-10-08 10:00:00,-15.435042,-8.693766
2017-10-08 10:30:00,-22.676222,-10.340416
2017-10-08 11:00:00,-22.985083,-12.348911
2017-10-08 11:30:00,-25.800714,-13.450756
2017-10-08 12:00:00,-22.868992,-14.241642
2017-10-08 12:30:00,-21.519665,-15.398858
2017-10-08 13:00:00,-16.517986,-16.473211
2017-10-08 13:30:00,-18.881996,-16.516167
2017-10-08 14:00:00,-15.039737,-16.425594
2017-10-08 14:30:00,-12.913954,-16.382175
2017-10-08 15:00:00,-18.089584,-15.233887
2017-10-08 15:30:00,-7.107454,-14.01107
2017-10-08 16:00:00,-7.138675,-12.563224
2017-10-08 16:30:00,-3.7678223,-10.323407
2017-10-08 17:00:00,-0.9140117,-7.2982316
2017-10-08 17:30:00,2.6821907,-5.1069765
2017-10-08 18:00:00,4.71378,-3.5342207
2017-10-08 18:30:00,5.236855,-1.8486059
2017-10-08 19:00:00,3.8798559,-0.63384145
2017-10-08 19:30:00,3.2679842,0.9789265
2017-10-08 20:00:00,3.733853,1.8571664
2017-10-08 20:30:00,2.720402,2.4744453
2017-10-08 21:00:00,2.8367205,2.1838527
2017-10-08 21:30:00,3.4125814,2.449147
2017-10-08 22:00:00,3.7297497,3.0592816
2017-10-08 22:30:00,2.646813,3.2139847
2017-10-08 23:00:00,3.1783319,2.87824
2017-10-08 23:30:00,4.1916547,3.3255367
2017-10-09 00:00:00,3.0873759,3.1801217
2017-10-09 00:30:00,0.58666176,2.8402324
2017-10-09 01:00:00,1.4810137,2.7511415
2017-10-09 01:30:00,1.2056853,2.8584769
2017-10-09 02:00:00,0.49067545,2.479875
2017-10-09 02:30:00,2.408215,2.4864464
2017-10-09 03:00:00,7.3509827,2.3188567
2017-10-09 03:30:00,2.8486423,1.919753
2017-10-09 04:00:00,1.1293944,2.3460882
2017-10-09 04:30:00,4.407991,2.5922823
2017-10-09 05:00:00,11.261826,2.5084553
2017-10-09 05:30:00,10.475596,2.4587064
2017-10-09 06:00:00,4.889452,2.7930982
2017-10-09 06:30:00,2.1111,2.542763
2017-10-09 07:00:00,0.34539235,2.7853625
2017-10-09 07:30:00,-3.5382714,2.6051388
2017-10-09 08:00:00,-5.1502934,1.1295714
2017-10-09 08:30:00,-12.412986,-1.541743
2017-10-09 09:00:00,-15.78578,-4.0077353
2017-10-09 09:30:00,-15.558745,-6.2787895
2017-10-09 10:00:00,-21.393167,-8.526447
2017-10-09 10:30:00,-20.457016,-10.395143
2017-10-09 11:00:00,-25.293247,-12.6809635
2017-10-09 11:30:00,-20.032524,-14.388334
2017-10-09 12:00:00,-16.689823,-15.440954
2017-10-09 12:30:00,-20.134855,-15.940468
2017-10-09 13:00:00,-20.24228,-16.497526
2017-10-09 13:30:00,-19.613016,-16.029905
2017-10-09 14:00:00,-24.553638,-15.9282255
2017-10-09 14:30:00,-15.594296,-15.447801
2017-10-09 15:00:00,-13.00205,-15.276722
2017-10-09 15:30:00,-7.988255,-14.070386
2017-10-09 16:00:00,-4.430404,-12.496986
2017-10-09 16:30:00,-3.520019,-10.877602
2017-10-09 17:00:00,0.6237917,-8.074818
2017-10-09 17:30:00,1.8709159,-5.230865
2017-10-09 18:00:00,7.664741,-3.0107727
2017-10-09 18:30:00,4.101467,-1.692599
2017-10-09 19:00:00,3.0346615,-0.8143592
2017-10-09 19:30:00,3.8220246,0.4365819
2017-10-09 20:00:00,6.0376887,1.4540497
2017-10-09 20:30:00,5.1525946,2.2377203
2017-10-09 21:00:00,5.9414196,2.4066248
2017-10-09 21:30:00,5.772873,3.0373142
2017-10-09 22:00:00,10.117945,3.6046104
2017-10-09 22:30:00,7.9844456,3.628997
2017-10-09 23:00:00,7.362366,3.8341951
2017-10-09 23:30:00,7.792239,3.8181248
2017-10-10 00:00:00,6.4947104,3.6617184
2017-10-10 00:30:00,5.0957847,3.1359344
2017-10-10 01:00:00,5.3457465,2.8460991
2017-10-10 01:30:00,4.4681773,2.5015411
2017-10-10 02:00:00,5.1132755,2.687349
2017-10-10 02:30:00,7.06949,2.8747623
2017-10-10 03:00:00,6.6549034,3.2461748
2017-10-10 03:30:00,8.650325,3.2764244
2017-10-10 04:00:00,6.328413,3.7785304
2017-10-10 04:30:00,7.6250377,3.5938
2017-10-10 05:00:00,8.530095,4.133895
2017-10-10 05:30:00,5.7848177,4.0869226
2017-10-10 06:00:00,5.483128,3.9696662
2017-10-10 06:30:00,5.690244,3.7661827
2017-10-10 07:00:00,4.5837836,3.1795828
2017-10-10 07:30:00,1.3096182,2.3059664
2017-10-10 08:00:00,-1.9645513,0.85789806
2017-10-10 08:30:00,-4.050212,-1.055165
2017-10-10 09:00:00,-6.5593705,-3.339102
2017-10-10 09:30:00,-15.544966,-5.2448177
2017-10-10 10:00:00,-29.908422,-7.919312
2017-10-10 10:30:00,-24.08327,-9.446897
2017-10-10 11:00:00,-14.373519,-11.602242
2017-10-10 11:30:00,-8.773328,-13.2528
2017-10-10 12:00:00,-13.518079,-13.92071
2017-10-10 12:30:00,-21.9763,-14.173535
2017-10-10 13:00:00,-8.530321,-14.776228
2017-10-10 13:30:00,-6.904411,-15.450298
2017-10-10 14:00:00,-5.853076,-15.489633
2017-10-10 14:30:00,-11.1547575,-15.526172
2017-10-10 15:00:00,-14.462771,-14.47709
2017-10-10 15:30:00,-11.343098,-12.958575
2017-10-10 16:00:00,-5.914988,-10.858355
2017-10-10 16:30:00,0.6808506,-9.039756
2017-10-10 17:00:00,1.4291885,-7.0905204
2017-10-10 17:30:00,4.521005,-4.788591
2017-10-10 18:00:00,7.615192,-1.7871761
2017-10-10 18:30:00,17.864786,-0.33114228
2017-10-10 19:00:00,10.758202,0.79903424
2017-10-10 19:30:00,-2.740113,1.4902867
2017-10-10 20:00:00,-16.23843,3.0039785
2017-10-10 20:30:00,-9.049511,3.7779992
2017-10-10 21:00:00,-1.8605957,4.3486485
2017-10-10 21:30:00,5.3283234,5.1451077
2017-10-10 22:00:00,5.04356,5.9198256
2017-10-10 22:30:00,4.758793,5.8362436
2017-10-10 23:00:00,4.474029,6.4573617
2017-10-10 23:30:00,4.542852,5.7229505
2017-10-11 00:00:00,4.5588884,5.6333437
2017-10-11 00:30:00,3.9816597,4.9589076
2017-10-11 01:00:00,3.3168325,5.40059
2017-10-11 01:30:00,2.6520052,5.531408
2017-10-11 02:00:00,1.9871815,5.5602818
2017-10-11 02:30:00,1.3223541,5.686314
2017-10-11 03:00:00,0.6575267,5.491855
2017-10-11 03:30:00,1.9226996,5.495687
2017-10-11 04:00:00,4.447634,6.4525313
2017-10-11 04:30:00,4.225932,6.268185
2017-10-11 05:00:00,13.720187,6.127518
2017-10-11 05:30:00,4.447521,5.9242716
2017-10-11 06:00:00,-4.8251405,5.872876
2017-10-11 06:30:00,2.5634644,5.902643
2017-10-11 07:00:00,11.507003,5.8603134
2017-10-11 07:30:00,7.5277023,3.9870102
2017-10-11 08:00:00,3.548403,2.3729992
2017-10-11 08:30:00,-0.43089277,0.52035606
2017-10-11 09:00:00,-4.4101925,-1.6914988
2017-10-11 09:30:00,-8.389492,-3.454403
2017-10-11 10:00:00,-12.368792,-6.9056616
2017-10-11 10:30:00,-16.348087,-9.345168
2017-10-11 11:00:00,-20.327387,-10.127112
2017-10-11 11:30:00,-24.306686,-10.988619
2017-10-11 12:00:00,-28.285984,-11.733279
2017-10-11 12:30:00,-32.26528,-12.376662
2017-10-11 13:00:00,-36.244583,-12.488448
2017-10-11 13:30:00,-40.22388,-11.742756
2017-10-11 14:00:00,-29.64023,-11.2549305
2017-10-11 14:30:00,-19.056578,-12.416494
2017-10-11 15:00:00,-8.47293,-11.638008
2017-10-11 15:30:00,2.1107233,-11.336432
2017-10-11 16:00:00,3.177597,-10.394306
2017-10-11 16:30:00,2.6070378,-8.224683
2017-10-11 17:00:00,2.9625118,-6.0158014
2017-10-11 17:30:00,3.3179893,-3.639838
2017-10-11 18:00:00,3.6734633,-1.134655
2017-10-11 18:30:00,4.028937,0.6279064
2017-10-11 19:00:00,4.3844147,1.7038311
2017-10-11 19:30:00,4.7398887,2.0884316
2017-10-11 20:00:00,4.125206,2.2232547
2017-10-11 20:30:00,3.5105233,2.3093388
2017-10-11 21:00:00,3.921564,2.9547985
2017-10-11 21:30:00,4.3326044,3.8736162
2017-10-11 22:00:00,4.421733,4.408854
2017-10-11 22:30:00,3.0009718,4.870763
2017-10-11 23:00:00,4.61779,5.872288
2017-10-11 23:30:00,6.2346125,6.084947
2017-10-12 00:00:00,-1.4368869,5.978802
2017-10-12 00:30:00,-9.10839,5.559822
2017-10-12 01:00:00,1.8408961,5.403593
2017-10-12 01:30:00,3.754566,5.3384895
2017-10-12 02:00:00,5.6682315,4.8843503
2017-10-12 02:30:00,4.48074,4.765259
2017-10-12 03:00:00,2.2179306,5.032987
2017-10-12 03:30:00,1.8687606,5.217088
2017-10-12 04:00:00,1.7473214,5.4122105
2017-10-12 04:30:00,2.0860426,6.009685
2017-10-12 05:00:00,2.8915865,6.5452847
2017-10-12 05:30:00,-20.106106,6.3579993
2017-10-12 06:00:00,-16.572788,5.6431065
2017-10-12 06:30:00,-13.039467,4.4406595
2017-10-12 07:00:00,-9.506148,5.080087
2017-10-12 07:30:00,-5.972831,4.5533648
2017-10-12 08:00:00,-2.4395125,2.5889099
2017-10-12 08:30:00,1.0938092,1.3358774
2017-10-12 09:00:00,4.627127,-0.32438624
2017-10-12 09:30:00,8.160446,-3.4385436
2017-10-12 10:00:00,11.693768,-5.3356457
2017-10-12 10:30:00,15.227082,-7.8138423
2017-10-12 11:00:00,18.760405,-9.039553
2017-10-12 11:30:00,22.293726,-11.168647
2017-10-12 12:00:00,25.82704,-14.084233
2017-10-12 12:30:00,29.360361,-14.855733
2017-10-12 13:00:00,32.89368,-16.565788
2017-10-12 13:30:00,36.426994,-17.078312
2017-10-12 14:00:00,26.55618,-16.341301
2017-10-12 14:30:00,16.685362,-15.560592
2017-10-12 15:00:00,6.814543,-14.336185
2017-10-12 15:30:00,-3.0562754,-12.778223
2017-10-12 16:00:00,-12.9270935,-10.515372
2017-10-12 16:30:00,-22.797913,-8.171003
2017-10-12 17:00:00,-3.148584,-6.7847576
2017-10-12 17:30:00,10.555791,-4.48336
2017-10-12 18:00:00,2.6355917,-3.3540986
2017-10-12 18:30:00,4.125609,-2.6061943
2017-10-12 19:00:00,2.369235,-2.186555
2017-10-12 19:30:00,3.0927603,-1.2501633
2017-10-12 20:00:00,2.0609856,-0.31802207
2017-10-12 20:30:00,4.987447,0.39523932
2017-10-12 21:00:00,4.4178634,0.8316463
2017-10-12 21:30:00,4.9197316,2.1714447
2017-10-12 22:00:00,4.119667,2.7985733
2017-10-12 22:30:00,4.0966706,3.03329
2017-10-12 23:00:00,4.6056647,2.8880858
2017-10-12 23:30:00,4.2754703,3.6242907
2017-10-13 00:00:00,3.51743,3.3160412
2017-10-13 00:30:00,3.2722268,1.6954359
2017-10-13 01:00:00,1.5051289,2.2250445
2017-10-13 01:30:00,4.6835494,2.7943604
2017-10-13 02:00:00,3.8996644,3.7939491
2017-10-13 02:30:00,2.6398835,4.03812
2017-10-13 03:00:00,3.1078286,4.2038593
2017-10-13 03:30:00,4.22077,4.121641
2017-10-13 04:00:00,3.3212712,4.162999
2017-10-13 04:30:00,3.1499662,4.104832
2017-10-13 05:00:00,2.1226263,3.6819263
2017-10-13 05:30:00,2.104133,2.2103117
2017-10-13 06:00:00,1.1710196,1.2936306
2017-10-13 06:30:00,2.7643785,-0.38587636
2017-10-13 07:00:00,-0.13824661,-1.3746244
2017-10-13 07:30:00,-3.0408678,-1.3136882
2017-10-13 08:00:00,-3.0613055,-1.3134997
2017-10-13 08:30:00,-8.9979725,-2.271452
2017-10-13 09:00:00,-14.612086,-4.157446
2017-10-13 09:30:00,-8.803663,-4.452786
2017-10-13 10:00:00,-12.831963,-5.151341
2017-10-13 10:30:00,-14.53474,-6.079187
2017-10-13 11:00:00,-16.985239,-6.170214
2017-10-13 11:30:00,-15.387282,-6.456221
2017-10-13 12:00:00,-19.836332,-6.5813265
2017-10-13 12:30:00,-16.630224,-6.009211
2017-10-13 13:00:00,-15.472907,-6.1909456
2017-10-13 13:30:00,-18.085983,-5.379784
2017-10-13 14:00:00,-17.345196,-4.645795
2017-10-13 14:30:00,-11.337159,-4.279842
2017-10-13 15:00:00,-10.290568,-4.5066085
2017-10-13 15:30:00,-6.7940607,-5.514739
2017-10-13 16:00:00,-4.2273765,-6.0715265
2017-10-13 16:30:00,1.4971595,-6.6885037
2017-10-13 17:00:00,1.7922398,-6.084929
2017-10-13 17:30:00,4.108442,-4.102497
2017-10-13 18:00:00,2.607215,-2.6212814
2017-10-13 18:30:00,0.98769087,-1.6567767
2017-10-13 19:00:00,0.39623785,-2.9492111
2017-10-13 19:30:00,2.1812265,-2.352743
2017-10-13 20:00:00,2.7746048,-1.0166937
2017-10-13 20:30:00,0.61564523,-0.9214912
2017-10-13 21:00:00,1.8525167,-0.5011661
2017-10-13 21:30:00,2.668004,0.111237004
2017-10-13 22:00:00,2.090101,0.14349115
2017-10-13 22:30:00,1.3468612,0.24371263
2017-10-13 23:00:00,1.6766486,0.88013685
2017-10-13 23:30:00,2.0551565,1.3118677
2017-10-14 00:00:00,2.6124976,2.2512398
2017-10-14 00:30:00,1.7127461,2.0692413
2017-10-14 01:00:00,4.372033,2.1577706
2017-10-14 01:30:00,2.28031,1.9478736
2017-10-14 02:00:00,2.3392265,2.128527
2017-10-14 02:30:00,3.4227061,1.9227448
2017-10-14 03:00:00,1.765389,2.1778767
2017-10-14 03:30:00,2.1194537,2.274722
2017-10-14 04:00:00,2.3909876,2.166339
2017-10-14 04:30:00,2.153882,1.6295184
2017-10-14 05:00:00,2.5983148,0.9985729
2017-10-14 05:30:00,2.0082898,1.3271734
2017-10-14 06:00:00,2.1202638,1.3549963
2017-10-14 06:30:00,2.4156418,0.8653813
2017-10-14 07:00:00,-33.210007,0.77709687
2017-10-14 07:30:00,-4.522581,-0.50826126
2017-10-14 08:00:00,-1.5692835,-1.3704494
2017-10-14 08:30:00,-3.687398,-2.7200935
2017-10-14 09:00:00,-4.259065,-4.237403
2017-10-14 09:30:00,-7.4616466,-5.0700803
2017-10-14 10:00:00,-12.758723,-5.7670374
2017-10-14 10:30:00,-16.40802,-6.744195
2017-10-14 11:00:00,-9.125659,-8.586547
2017-10-14 11:30:00,-7.938732,-9.052541
2017-10-14 12:00:00,-11.887507,-9.640949
2017-10-14 12:30:00,-7.377104,-9.850484
2017-10-14 13:00:00,-4.246514,-9.59568
2017-10-14 13:30:00,-1.5211886,-8.775472
2017-10-14 14:00:00,-2.5344927,-8.153859
2017-10-14 14:30:00,-2.1698022,-7.271969
2017-10-14 15:00:00,-1.3721639,-5.8088546
2017-10-14 15:30:00,22.664007,-5.1855245
2017-10-14 16:00:00,23.096802,-4.1954536
2017-10-14 16:30:00,23.529602,-3.2240496
2017-10-14 17:00:00,23.962397,-2.2605283
2017-10-14 17:30:00,24.39519,-1.7440889
2017-10-14 18:00:00,24.82799,-0.88979095
2017-10-14 18:30:00,25.260784,-0.12780169
2017-10-14 19:00:00,18.934862,0.3418881
2017-10-14 19:30:00,12.608941,0.32061392
2017-10-14 20:00:00,6.28302,1.7786034
2017-10-14 20:30:00,-0.04290092,1.0622936
2017-10-14 21:00:00,0.5642948,0.7455737
2017-10-14 21:30:00,2.0998337,1.1179547
2017-10-14 22:00:00,2.0453482,0.7732761
2017-10-14 22:30:00,3.0463612,0.8089441
2017-10-14 23:00:00,8.876684,0.82773894
2017-10-14 23:30:00,7.9277034,0.6011799
2017-10-15 00:00:00,6.9787188,0.5508355
2017-10-15 00:30:00,6.029738,0.9198479
2017-10-15 01:00:00,5.0807576,1.4140184
2017-10-15 01:30:00,4.1317735,1.4868013
2017-10-15 02:00:00,2.8371878,0.9140565
2017-10-15 02:30:00,-2.8139734,1.2409801
2017-10-15 03:00:00,1.0406502,1.5246019
2017-10-15 03:30:00,4.8952737,1.2256482
2017-10-15 04:00:00,4.479851,1.4189131
2017-10-15 04:30:00,4.711395,1.1326236
2017-10-15 05:00:00,-12.175334,0.7457697
2017-10-15 05:30:00,0.70932925,1.5686575
2017-10-15 06:00:00,4.384181,2.3042443
2017-10-15 06:30:00,-5.7623878,2.0402842
2017-10-15 07:00:00,-15.908959,0.7811965
2017-10-15 07:30:00,-8.375836,0.25695342
2017-10-15 08:00:00,-0.8427135,0.4893981
2017-10-15 08:30:00,-2.7656639,0.5974081
2017-10-15 09:00:00,-4.929518,-0.100630574
2017-10-15 09:30:00,-10.860958,-0.6072544
2017-10-15 10:00:00,-12.306834,-2.0867667
2017-10-15 10:30:00,-8.4230795,-3.638376
2017-10-15 11:00:00,-11.993799,-4.837206
2017-10-15 11:30:00,-12.210908,-6.350615
2017-10-15 12:00:00,-14.960066,-6.3872366
2017-10-15 12:30:00,-13.126692,-6.9880304
2017-10-15 13:00:00,-13.985052,-7.217615
2017-10-15 13:30:00,-9.716008,-7.6637964
2017-10-15 14:00:00,-10.568316,-7.687535
2017-10-15 14:30:00,-9.006024,-8.600127
2017-10-15 15:00:00,-7.443737,-8.058148
2017-10-15 15:30:00,-3.107279,-6.5356207
2017-10-15 16:00:00,-2.5655034,-3.8359704
2017-10-15 16:30:00,0.6565281,-2.710843
2017-10-15 17:00:00,4.7535024,-1.1858509
2017-10-15 17:30:00,5.556465,-0.14510062
2017-10-15 18:00:00,6.805752,1.1372243
2017-10-15 18:30:00,6.2580533,1.9020245
2017-10-15 19:00:00,4.936722,2.6501966
2017-10-15 19:30:00,5.147101,2.9568522
2017-10-15 20:00:00,4.53619,3.8728023
2017-10-15 20:30:00,5.2060966,3.8425639
2017-10-15 21:00:00,4.8894596,3.1931138
2017-10-15 21:30:00,13.100049,2.967523
2017-10-15 22:00:00,5.172452,3.0712414
2017-10-15 22:30:00,4.161616,3.3867743
2017-10-15 23:00:00,4.641713,3.4906733
2017-10-15 23:30:00,5.450305,3.2659984
2017-10-16 00:00:00,4.5310955,3.4087796
2017-10-16 00:30:00,5.505529,3.0464969
2017-10-16 01:00:00,6.309283,2.9295793
2017-10-16 01:30:00,5.1112785,3.126729
2017-10-16 02:00:00,5.061439,2.9574325
2017-10-16 02:30:00,5.673017,2.667386
2017-10-16 03:00:00,5.1074467,2.9381893
2017-10-16 03:30:00,5.3174076,3.0622432
2017-10-16 04:00:00,3.8696108,3.445186
2017-10-16 04:30:00,6.0643325,3.237512
2017-10-16 05:00:00,4.297509,3.0069969
2017-10-16 05:30:00,4.7070656,2.8877544
2017-10-16 06:00:00,3.5413833,2.903241
2017-10-16 06:30:00,2.3756971,2.1998103
2017-10-16 07:00:00,1.2100109,1.1594819
2017-10-16 07:30:00,0.044328477,-0.1518152
2017-10-16 08:00:00,-1.1213577,-0.7996112
2017-10-16 08:30:00,-2.28704,-1.4759047
2017-10-16 09:00:00,-3.4527264,-2.503889
2017-10-16 09:30:00,-7.3380103,-4.1432366
2017-10-16 10:00:00,-8.620203,-5.52278
2017-10-16 10:30:00,-23.559761,-6.7164927
2017-10-16 11:00:00,-11.386543,-7.1215043
2017-10-16 11:30:00,-10.935841,-8.405453
2017-10-16 12:00:00,-9.835321,-8.9031725
2017-10-16 12:30:00,-10.263835,-9.757629
2017-10-16 13:00:00,-8.758346,-9.689688
2017-10-16 13:30:00,-7.2527556,-9.574164
2017-10-16 14:00:00,-5.747161,-8.510335
2017-10-16 14:30:00,-4.2415705,-7.9590154
2017-10-16 15:00:00,-2.7359796,-7.2390323
2017-10-16 15:30:00,-1.2303851,-6.311605
2017-10-16 16:00:00,0.27520564,-5.3642597
2017-10-16 16:30:00,1.7808001,-4.610828
2017-10-16 17:00:00,3.2863908,-2.6946933
2017-10-16 17:30:00,4.791981,-1.603026
2017-10-16 18:00:00,3.7324703,0.036675654
2017-10-16 18:30:00,-7.5359516,0.99571675
2017-10-16 19:00:00,-1.6633028,1.0150164
2017-10-16 19:30:00,4.209349,1.7286434
2017-10-16 20:00:00,10.081998,2.556588
2017-10-16 20:30:00,10.597711,3.2665787
2017-10-16 21:00:00,11.113426,3.0898252
2017-10-16 21:30:00,11.629139,3.203913
2017-10-16 22:00:00,12.144851,3.4945772
2017-10-16 22:30:00,7.525547,3.426052
2017-10-16 23:00:00,2.9062402,2.6193328
2017-10-16 23:30:00,3.0954168,2.3150434
2017-10-17 00:00:00,2.4858284,2.1429434
2017-10-17 00:30:00,3.6379497,1.8621703
2017-10-17 01:00:00,2.515852,1.8799403
2017-10-17 01:30:00,2.7843564,1.5087198
2017-10-17 02:00:00,2.5537694,1.2418581
2017-10-17 02:30:00,2.0655448,1.210497
2017-10-17 03:00:00,1.8749024,1.5225823
2017-10-17 03:30:00,2.3778636,1.2262058
2017-10-17 04:00:00,2.126726,1.5302125
2017-10-17 04:30:00,5.4453726,1.492133
2017-10-17 05:00:00,8.76402,1.5656657
2017-10-17 05:30:00,1.8054429,1.315078
2017-10-17 06:00:00,12.68475,1.0177972
2017-10-17 06:30:00,6.005231,0.13626789
2017-10-17 07:00:00,3.2200212,0.9900685
2017-10-17 07:30:00,-1.6269943,0.9740017
2017-10-17 08:00:00,-4.2586246,-0.03310033
2017-10-17 08:30:00,-9.186463,-0.72441304
2017-10-17 09:00:00,27.231173,-1.7719232
2017-10-17 09:30:00,15.386257,-2.9352808
2017-10-17 10:00:00,3.5413456,-4.1247582
2017-10-17 10:30:00,-8.303566,-5.3937483
2017-10-17 11:00:00,-20.148476,-6.756249
2017-10-17 11:30:00,-31.993387,-7.0870914
2017-10-17 12:00:00,-16.527441,-6.7464786
2017-10-17 12:30:00,-9.612369,-6.8152633
2017-10-17 13:00:00,-10.099316,-6.893985
2017-10-17 13:30:00,-9.528647,-6.8445334
2017-10-17 14:00:00,-3.9224386,-6.594688
2017-10-17 14:30:00,-6.9504595,-5.7950187
2017-10-17 15:00:00,-3.7200928,-4.9311085
2017-10-17 15:30:00,2.4164066,-4.5044756
2017-10-17 16:00:00,-0.28229758,-3.694003
2017-10-17 16:30:00,1.6794444,-2.7688665
2017-10-17 17:00:00,2.597226,-1.3328221
2017-10-17 17:30:00,2.5168993,-0.0094749145
2017-10-17 18:00:00,2.2551548,1.1435131
2017-10-17 18:30:00,2.1874738,1.0654023
2017-10-17 19:00:00,1.4292299,1.1042542
2017-10-17 19:30:00,1.1709179,1.6148382
2017-10-17 20:00:00,1.6919506,2.558389
2017-10-17 20:30:00,2.3578782,3.546308
2017-10-17 21:00:00,2.1738071,3.5852242
2017-10-17 21:30:00,4.2587514,4.3870673
2017-10-17 22:00:00,3.711411,4.753793
2017-10-17 22:30:00,2.7260427,4.235002
2017-10-17 23:00:00,1.6240058,3.8534384
2017-10-17 23:30:00,1.8346789,3.3298473
2017-10-18 00:00:00,1.8053751,3.1872206
2017-10-18 00:30:00,2.9679601,2.6968708
2017-10-18 01:00:00,4.1305413,2.8741632
2017-10-18 01:30:00,3.5497973,2.699633
2017-10-18 02:00:00,2.5651715,3.0602462
2017-10-18 02:30:00,3.2766128,2.714539
2017-10-18 03:00:00,2.1159117,3.1206927
2017-10-18 03:30:00,3.559349,2.7983623
2017-10-18 04:00:00,1.6504534,2.6326375
2017-10-18 04:30:00,2.3872724,2.0908659
2017-10-18 05:00:00,2.275046,2.8992054
2017-10-18 05:30:00,3.297431,3.214241
2017-10-18 06:00:00,3.5061147,3.0092878
2017-10-18 06:30:00,1.1816717,3.0026937
2017-10-18 07:00:00,1.9252769,2.8351717
2017-10-18 07:30:00,-1.5075108,2.2307947
2017-10-18 08:00:00,-4.9402947,1.2905822
2017-10-18 08:30:00,-8.036105,-0.041789357
2017-10-18 09:00:00,-7.803601,-0.192992
2017-10-18 09:30:00,-9.393545,-0.35435697
2017-10-18 10:00:00,-11.4354105,-1.1417011
2017-10-18 10:30:00,-13.477279,-2.4677916
2017-10-18 11:00:00,-12.924173,-4.980115
2017-10-18 11:30:00,-12.2908535,-7.564513
2017-10-18 12:00:00,-11.359421,-8.505923
2017-10-18 12:30:00,-17.555334,-7.704359
2017-10-18 13:00:00,-10.765805,-8.067662
2017-10-18 13:30:00,-11.948335,-7.3231344
2017-10-18 14:00:00,-15.536556,-6.680621
2017-10-18 14:30:00,-9.169462,-5.949801
2017-10-18 15:00:00,-1.0161964,-6.0379043
2017-10-18 15:30:00,-1.918186,-5.435087
2017-10-18 16:00:00,-2.1273367,-5.0639834
2017-10-18 16:30:00,1.1885597,-4.1494427
2017-10-18 17:00:00,0.47030184,-3.2812932
2017-10-18 17:30:00,2.4346514,-2.0755455
2017-10-18 18:00:00,3.5179613,-1.3130928
2017-10-18 18:30:00,4.067804,-0.3767088
2017-10-18 19:00:00,3.4376237,0.3202183
2017-10-18 19:30:00,3.620387,0.92740273
2017-10-18 20:00:00,3.6398413,1.8901402
2017-10-18 20:30:00,3.2296069,1.9130535
2017-10-18 21:00:00,2.82614,2.1594737
2017-10-18 21:30:00,3.385056,2.458518
2017-10-18 22:00:00,3.185932,2.8197193
2017-10-18 22:30:00,4.7821016,2.3826904
2017-10-18 23:00:00,4.1458507,2.1137526
2017-10-18 23:30:00,2.5623717,1.8321393
2017-10-19 00:00:00,3.002023,1.9822341
2017-10-19 00:30:00,2.598213,1.9181403
2017-10-19 01:00:00,3.4701567,2.2111707
2017-10-19 01:30:00,3.7171648,2.0934505
2017-10-19 02:00:00,2.6105382,2.6772923
2017-10-19 02:30:00,3.1906834,2.4084334
2017-10-19 03:00:00,3.0523522,2.483334
2017-10-19 03:30:00,3.1960301,2.4056377
2017-10-19 04:00:00,3.193321,2.9668336
2017-10-19 04:30:00,3.442002,3.079516
2017-10-19 05:00:00,3.1714516,2.79271
2017-10-19 05:30:00,2.7454066,3.098921
2017-10-19 06:00:00,2.422605,2.5355284
2017-10-19 06:30:00,2.08781,2.2057147
2017-10-19 07:00:00,1.925631,1.7989695
2017-10-19 07:30:00,2.4631827,1.4881427
2017-10-19 08:00:00,-4.8070393,0.6134071
2017-10-19 08:30:00,-6.3386893,0.26586854
2017-10-19 09:00:00,-7.9429336,-1.3703364
2017-10-19 09:30:00,-11.042463,-2.3741791
2017-10-19 10:00:00,-13.789813,-4.5054326
2017-10-19 10:30:00,-10.648842,-4.7549915
2017-10-19 11:00:00,-19.73184,-6.524995
2017-10-19 11:30:00,-9.606528,-7.3682675
2017-10-19 12:00:00,-15.607387,-8.60729
2017-10-19 12:30:00,-14.382954,-9.335319
2017-10-19 13:00:00,-15.494452,-9.678946
2017-10-19 13:30:00,-18.72006,-9.535287
2017-10-19 14:00:00,-10.435445,-9.587745
2017-10-19 14:30:00,-10.300667,-8.934719
2017-10-19 15:00:00,-13.629676,-7.9139237
2017-10-19 15:30:00,-12.8751135,-6.594601
2017-10-19 16:00:00,-5.7176914,-6.020828
2017-10-19 16:30:00,-1.2968414,-5.3679
2017-10-19 17:00:00,1.941144,-4.208122
2017-10-19 17:30:00,3.4500506,-3.2437828
2017-10-19 18:00:00,3.8567317,-2.331525
2017-10-19 18:30:00,4.689175,-1.110634
2017-10-19 19:00:00,2.1356637,0.16450156
2017-10-19 19:30:00,3.8946943,0.6043337
2017-10-19 20:00:00,4.043711,1.1219677
2017-10-19 20:30:00,2.841845,1.791068
2017-10-19 21:00:00,4.0431123,2.1755857
2017-10-19 21:30:00,4.901084,2.3725622
2017-10-19 22:00:00,3.8469687,2.2229307
2017-10-19 22:30:00,3.7082872,2.6112654
2017-10-19 23:00:00,4.209553,2.4495275
2017-10-19 23:30:00,3.1494312,2.2710557
2017-10-20 00:00:00,4.0306625,2.895328
2017-10-20 00:30:00,3.6634705,2.5739508
2017-10-20 01:00:00,3.9791577,2.8414154
2017-10-20 01:30:00,1.6615615,3.1516995
2017-10-20 02:00:00,5.5589933,3.2329717
2017-10-20 02:30:00,4.2625194,3.5933478
2017-10-20 03:00:00,4.811149,3.5175016
2017-10-20 03:30:00,4.088739,3.4849272
2017-10-20 04:00:00,4.696775,3.8417313
2017-10-20 04:30:00,5.930421,4.0927706
2017-10-20 05:00:00,6.3402863,4.407
2017-10-20 05:30:00,3.9395564,5.141332
2017-10-20 06:00:00,4.5821786,4.746351
2017-10-20 06:30:00,4.4332743,4.16379
2017-10-20 07:00:00,1.5839895,3.171866
2017-10-20 07:30:00,-1.4653354,2.681407
2017-10-20 08:00:00,-10.3644705,2.2005148
2017-10-20 08:30:00,-10.162072,1.9282725
2017-10-20 09:00:00,-8.463333,-0.5534171
2017-10-20 09:30:00,-13.492539,-2.1704202
2017-10-20 10:00:00,-16.250578,-3.870346
2017-10-20 10:30:00,-19.617445,-5.379347
2017-10-20 11:00:00,-12.51262,-7.7166276
2017-10-20 11:30:00,-12.647126,-7.5395613
2017-10-20 12:00:00,-13.383546,-8.104291
2017-10-20 12:30:00,-12.311167,-8.926757
2017-10-20 13:00:00,-12.461831,-9.093571
2017-10-20 13:30:00,-16.71873,-10.383872
2017-10-20 14:00:00,-10.42979,-10.213826
2017-10-20 14:30:00,-8.527925,-9.6920805
2017-10-20 15:00:00,-4.51197,-9.1806
2017-10-20 15:30:00,-3.573834,-8.572779
2017-10-20 16:00:00,-3.9429066,-7.5530887
2017-10-20 16:30:00,-1.2653898,-6.1238527
2017-10-20 17:00:00,1.7092494,-4.461607
2017-10-20 17:30:00,1.8753583,-3.163641
2017-10-20 18:00:00,0.9890624,-1.7382448
2017-10-20 18:30:00,0.41609526,-0.38540536
2017-10-20 19:00:00,1.5547875,0.14226654
2017-10-20 19:30:00,0.8628643,0.46234757
2017-10-20 20:00:00,2.0765398,1.6509734
2017-10-20 20:30:00,5.7147365,2.2719073
2017-10-20 21:00:00,1.8627619,2.6400607
2017-10-20 21:30:00,2.983654,3.1670053
2017-10-20 22:00:00,2.4030378,3.0024788
2017-10-20 22:30:00,1.3303196,3.2530968
2017-10-20 23:00:00,1.329698,2.7726908
2017-10-20 23:30:00,5.3364472,3.183999
2017-10-21 00:00:00,4.253921,3.4063604
2017-10-21 00:30:00,2.4271493,3.4091337
2017-10-21 01:00:00,3.885881,3.7052238
2017-10-21 01:30:00,0.8343932,3.4511921
2017-10-21 02:00:00,6.893358,4.442412
2017-10-21 02:30:00,5.3812904,4.283462
2017-10-21 03:00:00,5.424449,4.761615
2017-10-21 03:30:00,3.0982542,4.623849
2017-10-21 04:00:00,4.2537436,4.704364
2017-10-21 04:30:00,5.4816175,4.59375
2017-10-21 05:00:00,6.004956,4.9176483
2017-10-21 05:30:00,4.621373,5.1979766
2017-10-21 06:00:00,7.2439413,5.2485247
2017-10-21 06:30:00,9.16115,4.5186915
2017-10-21 07:00:00,4.2488832,4.0312996
2017-10-21 07:30:00,-0.66337883,2.562417
2017-10-21 08:00:00,-7.9173603,1.3433042
2017-10-21 08:30:00,-8.673686,0.09997066
2017-10-21 09:00:00,-18.099522,-1.3228369
2017-10-21 09:30:00,-11.26703,-2.9458199
2017-10-21 10:00:00,-16.286247,-4.4524093
2017-10-21 10:30:00,-12.813129,-6.7458153
2017-10-21 11:00:00,-8.364201,-7.6326237
2017-10-21 11:30:00,-10.167754,-8.514363
2017-10-21 12:00:00,-12.215908,-10.281914
2017-10-21 12:30:00,-13.78962,-9.547348
2017-10-21 13:00:00,-9.322725,-10.17832
2017-10-21 13:30:00,-7.500363,-10.668334
2017-10-21 14:00:00,-6.5632176,-9.881627
2017-10-21 14:30:00,-6.9442725,-9.532133
2017-10-21 15:00:00,-4.9101543,-9.032649
2017-10-21 15:30:00,-3.2912483,-7.7866335
2017-10-21 16:00:00,-1.4112419,-6.68006
2017-10-21 16:30:00,2.1783025,-5.145346
2017-10-21 17:00:00,2.0960393,-3.4983757
2017-10-21 17:30:00,3.143719,-2.2777708
2017-10-21 18:00:00,1.7732077,-1.5398967
2017-10-21 18:30:00,1.6906241,-0.2424961
2017-10-21 19:00:00,1.2724769,0.35869718
2017-10-21 19:30:00,1.8255264,0.9237741
2017-10-21 20:00:00,2.21911,1.9473348
2017-10-21 20:30:00,1.6583964,2.6650689
2017-10-21 21:00:00,1.1697837,2.6890635
2017-10-21 21:30:00,5.8212166,3.1462624
2017-10-21 22:00:00,7.5226045,3.683226
2017-10-21 22:30:00,4.4784417,3.6198559
2017-10-21 23:00:00,7.5766263,3.6041923
2017-10-21 23:30:00,4.438904,3.5773528
2017-10-22 00:00:00,4.3343678,3.8431933
2017-10-22 00:30:00,3.6951141,3.511405
2017-10-22 01:00:00,5.548993,3.4315987
2017-10-22 01:30:00,3.6398866,3.8320775
2017-10-22 02:00:00,8.536779,4.304744
2017-10-22 02:30:00,4.913198,4.0320115
2017-10-22 03:00:00,1.6965287,4.5140343
2017-10-22 03:30:00,1.3998507,4.59141
2017-10-22 04:00:00,0.93789667,4.8535504
2017-10-22 04:30:00,3.2036378,4.884535
2017-10-22 05:00:00,3.491815,5.229609
2017-10-22 05:30:00,3.5311832,5.1296663
2017-10-22 06:00:00,1.0802407,4.782211
2017-10-22 06:30:00,4.4983177,4.5028243
2017-10-22 07:00:00,5.9212875,4.0587606
2017-10-22 07:30:00,0.17591487,2.8291092
2017-10-22 08:00:00,-5.569454,1.0020846
2017-10-22 08:30:00,-6.9465747,-0.43069682
2017-10-22 09:00:00,-14.243364,-2.2848585
2017-10-22 09:30:00,-11.607947,-4.2032986
2017-10-22 10:00:00,-12.688748,-5.639321
2017-10-22 10:30:00,-10.595175,-7.415496
2017-10-22 11:00:00,-11.336862,-7.5747657
2017-10-22 11:30:00,-6.776351,-8.48055
2017-10-22 12:00:00,-7.495223,-9.508425
2017-10-22 12:30:00,-6.775575,-10.156251
2017-10-22 13:00:00,-9.119634,-10.822834
2017-10-22 13:30:00,-6.131347,-10.093298
2017-10-22 14:00:00,-8.485847,-9.972488
2017-10-22 14:30:00,-7.51476,-9.870692
2017-10-22 15:00:00,-4.864554,-9.063758
2017-10-22 15:30:00,-3.6262732,-7.8136163
2017-10-22 16:00:00,-1.2491497,-7.1129775
2017-10-22 16:30:00,1.5660124,-5.2571163
2017-10-22 17:00:00,4.3811703,-3.862746
2017-10-22 17:30:00,3.7729084,-1.9772985
2017-10-22 18:00:00,4.707337,-0.8134172
2017-10-22 18:30:00,2.8564384,-0.36315528
2017-10-22 19:00:00,2.3448107,0.22708441
2017-10-22 19:30:00,1.7891048,1.3560551
2017-10-22 20:00:00,3.8669393,1.8710251
2017-10-22 20:30:00,2.7588773,2.6636522
2017-10-22 21:00:00,4.7417536,2.875173
2017-10-22 21:30:00,4.6123605,3.4850667
2017-10-22 22:00:00,5.203071,3.5156064
2017-10-22 22:30:00,4.6070514,3.841867
2017-10-22 23:00:00,5.7570662,3.8223786
2017-10-22 23:30:00,2.8176355,3.4660683
2017-10-23 00:00:00,2.5373182,3.7953243
2017-10-23 00:30:00,2.1091633,3.2252889
2017-10-23 01:00:00,3.3870947,3.3818157
2017-10-23 01:30:00,2.1115823,3.3992918
2017-10-23 02:00:00,2.0823538,3.7661827
2017-10-23 02:30:00,2.2649817,3.4969282
2017-10-23 03:00:00,2.2481651,3.4326763
2017-10-23 03:30:00,3.2511034,3.7583
2017-10-23 04:00:00,2.0576885,3.6129076
2017-10-23 04:30:00,2.1457505,3.3844345
2017-10-23 05:00:00,1.6212853,3.6996472
2017-10-23 05:30:00,1.567885,3.7500858
2017-10-23 06:00:00,1.3939236,3.545434
2017-10-23 06:30:00,0.8652532,3.1506107
2017-10-23 07:00:00,0.65597427,2.895343
2017-10-23 07:30:00,-0.6855046,2.2159448
2017-10-23 08:00:00,-3.1788523,0.6374507
2017-10-23 08:30:00,-5.3858843,-0.3861326
2017-10-23 09:00:00,-7.1471195,-2.8098927
2017-10-23 09:30:00,-10.891992,-4.84389
2017-10-23 10:00:00,-11.824536,-6.1726522
2017-10-23 10:30:00,-16.285278,-6.647885
2017-10-23 11:00:00,-20.071005,-8.667548
2017-10-23 11:30:00,-10.038361,-8.501605
2017-10-23 12:00:00,-14.375064,-9.360669
2017-10-23 12:30:00,-10.17702,-9.767279
2017-10-23 13:00:00,-11.580976,-10.354934
2017-10-23 13:30:00,-10.075999,-10.061949
2017-10-23 14:00:00,-5.4159417,-9.689405
2017-10-23 14:30:00,-6.866983,-10.171315
2017-10-23 15:00:00,-7.659998,-9.112316
2017-10-23 15:30:00,-6.5748305,-8.691588
2017-10-23 16:00:00,-4.409164,-7.3315296
2017-10-23 16:30:00,-2.0094585,-5.725141
2017-10-23 17:00:00,1.0929766,-4.0474315
2017-10-23 17:30:00,3.0256445,-2.514658
2017-10-23 18:00:00,5.369583,-1.2425708
2017-10-23 18:30:00,3.6802607,-0.2669505
2017-10-23 19:00:00,3.2164829,0.44007486
2017-10-23 19:30:00,1.3806301,0.9165471
2017-10-23 20:00:00,0.99422836,2.037458
2017-10-23 20:30:00,0.80479175,2.5152867
2017-10-23 21:00:00,0.09099903,2.8921554
2017-10-23 21:30:00,-0.081500396,3.3184152
2017-10-23 22:00:00,0.57578725,3.821173
2017-10-23 22:30:00,2.5420697,3.9815693
2017-10-23 23:00:00,1.7104515,4.0418196
2017-10-23 23:30:00,2.3476517,3.916383
2017-10-24 00:00:00,1.8944734,3.47033
2017-10-24 00:30:00,1.9051595,3.1283793
2017-10-24 01:00:00,2.5387163,2.6794062
2017-10-24 01:30:00,3.373952,2.9227102
2017-10-24 02:00:00,3.709361,3.0028746
2017-10-24 02:30:00,3.466494,2.9269943
2017-10-24 03:00:00,4.405523,2.8645434
2017-10-24 03:30:00,3.7633982,2.7808862
2017-10-24 04:00:00,3.849305,2.7409866
2017-10-24 04:30:00,3.1773634,3.2043085
2017-10-24 05:00:00,3.7021868,2.8219311
2017-10-24 05:30:00,1.1783069,2.7226553
2017-10-24 06:00:00,1.1370058,2.7612774
2017-10-24 06:30:00,1.8705428,2.407597
2017-10-24 07:00:00,3.7070475,2.197444
2017-10-24 07:30:00,2.3502405,1.6094952
2017-10-24 08:00:00,-1.9621737,0.725754
2017-10-24 08:30:00,-5.093506,0.015710454
2017-10-24 09:00:00,-6.181002,-1.2009757
2017-10-24 09:30:00,-7.2285876,-2.5646029
2017-10-24 10:00:00,-10.43214,-3.8938923
2017-10-24 10:30:00,-9.817378,-5.019962
2017-10-24 11:00:00,-11.115253,-7.1597686
2017-10-24 11:30:00,-9.652732,-7.717543
2017-10-24 12:00:00,-11.194374,-8.479691
2017-10-24 12:30:00,-10.89047,-8.41407
2017-10-24 13:00:00,-13.0998335,-8.628794
2017-10-24 13:30:00,-7.0968804,-8.995093
2017-10-24 14:00:00,-6.3056026,-8.487418
2017-10-24 14:30:00,-5.8705406,-8.400845
2017-10-24 15:00:00,-4.8693695,-7.8178625
2017-10-24 15:30:00,-1.2953492,-7.3637385
2017-10-24 16:00:00,-1.0064673,-5.802027
2017-10-24 16:30:00,0.760755,-4.631759
2017-10-24 17:00:00,1.1937143,-3.0455666
2017-10-24 17:30:00,3.293407,-1.7349741
2017-10-24 18:00:00,2.5468588,0.09471052
2017-10-24 18:30:00,2.1207197,0.7623414
2017-10-24 19:00:00,1.2211266,2.1963172
2017-10-24 19:30:00,1.7629435,2.6480563
2017-10-24 20:00:00,0.8976204,3.0106027
2017-10-24 20:30:00,-0.19650756,3.1658409
2017-10-24 21:00:00,1.6160364,3.553554
2017-10-24 21:30:00,0.5881199,3.5404036
2017-10-24 22:00:00,1.8757313,3.4938536
2017-10-24 22:30:00,1.651403,3.4367607
2017-10-24 23:00:00,1.4270709,3.8171487
2017-10-24 23:30:00,1.6508566,3.5732229
2017-10-25 00:00:00,0.5107891,3.51977
2017-10-25 00:30:00,0.37495238,3.592018
2017-10-25 01:00:00,0.8248564,3.4369605
2017-10-25 01:30:00,1.2747566,3.4072874
2017-10-25 02:00:00,-0.43691403,2.99642
2017-10-25 02:30:00,0.7478044,2.9301445
2017-10-25 03:00:00,1.9325228,3.17716
2017-10-25 03:30:00,1.6706235,3.4790454
2017-10-25 04:00:00,1.4087244,3.44057
2017-10-25 04:30:00,2.8082945,3.843442
2017-10-25 05:00:00,2.3738244,3.844693
2017-10-25 05:30:00,2.109103,3.7487442
2017-10-25 06:00:00,1.8443816,3.8629377
2017-10-25 06:30:00,1.5796639,3.5846024
2017-10-25 07:00:00,14.560167,3.3699012
2017-10-25 07:30:00,8.138335,2.62107
2017-10-25 08:00:00,4.8787246,2.2683163
2017-10-25 08:30:00,1.6191149,1.1729224
2017-10-25 09:00:00,-1.6404912,-0.42341328
2017-10-25 09:30:00,-10.003827,-1.6198087
2017-10-25 10:00:00,-6.0716543,-2.85434
2017-10-25 10:30:00,-10.124287,-4.413806
2017-10-25 11:00:00,-9.457277,-5.4491568
2017-10-25 11:30:00,-7.6422544,-6.805719
2017-10-25 12:00:00,-10.669231,-7.475328
2017-10-25 12:30:00,-9.901168,-8.839071
2017-10-25 13:00:00,-8.865297,-8.729317
2017-10-25 13:30:00,-8.352385,-8.954538
2017-10-25 14:00:00,-7.997939,-8.323736
2017-10-25 14:30:00,-5.804653,-8.166474
2017-10-25 15:00:00,-5.6973443,-7.71246
2017-10-25 15:30:00,-5.0299735,-6.9499736
2017-10-25 16:00:00,-3.5589502,-5.9700465
2017-10-25 16:30:00,-1.6681032,-4.323698
2017-10-25 17:00:00,1.3659312,-2.791614
2017-10-25 17:30:00,1.3907924,-1.1836919
2017-10-25 18:00:00,2.0978556,0.20955187
2017-10-25 18:30:00,2.2350185,0.9592763
2017-10-25 19:00:00,2.982889,2.254759
2017-10-25 19:30:00,2.6636596,2.539063
2017-10-25 20:00:00,1.1607027,3.2781653
2017-10-25 20:30:00,0.2794635,3.2796574
2017-10-25 21:00:00,0.36991078,3.0649977
2017-10-25 21:30:00,0.497375,3.3412569
2017-10-25 22:00:00,0.6428277,3.4378948
2017-10-25 22:30:00,0.38306868,3.1681206
2017-10-25 23:00:00,0.320369,2.9298732
2017-10-25 23:30:00,0.029000219,2.9536192
2017-10-26 00:00:00,0.14558616,3.1751103
2017-10-26 00:30:00,0.26216835,2.5899987
2017-10-26 01:00:00,0.88421005,2.8163884
2017-10-26 01:30:00,4.155026,3.0186589
2017-10-26 02:00:00,2.615237,2.7666507
2017-10-26 02:30:00,1.0754516,2.856348
2017-10-26 03:00:00,1.2399176,3.2149758
2017-10-26 03:30:00,1.0729873,3.2296484
2017-10-26 04:00:00,0.9952608,3.6123047
2017-10-26 04:30:00,0.91753054,3.9386444
2017-10-26 05:00:00,-10.756502,4.335732
2017-10-26 05:30:00,0.7787096,4.4044228
2017-10-26 06:00:00,2.1249664,4.1971483
2017-10-26 06:30:00,3.4712193,3.4872708
2017-10-26 07:00:00,2.0243454,3.7108533
2017-10-26 07:30:00,-0.6322212,3.3899019
2017-10-26 08:00:00,-3.2887914,2.7871258
2017-10-26 08:30:00,-8.514089,1.2576838
2017-10-26 09:00:00,-4.060092,0.030160766
2017-10-26 09:30:00,-2.7242458,-1.5946158
2017-10-26 10:00:00,-7.278005,-3.374265
2017-10-26 10:30:00,-11.382832,-5.012991
2017-10-26 11:00:00,-13.081876,-6.56405
2017-10-26 11:30:00,-10.037928,-8.496085
2017-10-26 12:00:00,-13.651026,-8.810959
2017-10-26 12:30:00,-11.028985,-9.758808
2017-10-26 13:00:00,-5.9118795,-10.040987
2017-10-26 13:30:00,-13.805518,-9.930143
2017-10-26 14:00:00,-9.524424,-9.438505
2017-10-26 14:30:00,-10.457303,-8.94964
2017-10-26 15:00:00,-7.6337276,-8.293751
2017-10-26 15:30:00,-2.0993142,-7.845731
2017-10-26 16:00:00,-0.44267157,-6.649878
2017-10-26 16:30:00,1.2139673,-5.247987
2017-10-26 17:00:00,1.5526096,-3.6393783
2017-10-26 17:30:00,3.129668,-2.0610688
2017-10-26 18:00:00,2.1550612,-0.48230347
2017-10-26 18:30:00,2.2856002,0.7285084
2017-10-26 19:00:00,0.7277096,1.9836208
2017-10-26 19:30:00,0.7559056,2.7088983
2017-10-26 20:00:00,0.5184419,3.1886675
2017-10-26 20:30:00,0.19188368,3.5638483
2017-10-26 21:00:00,0.55435485,3.2606666
2017-10-26 21:30:00,0.748396,3.2654295
2017-10-26 22:00:00,0.20123588,3.2474976
2017-10-26 22:30:00,0.24419118,3.1158319
2017-10-26 23:00:00,-1.4509944,2.8324587
2017-10-26 23:30:00,0.1452282,2.801226
2017-10-27 00:00:00,1.4427872,2.9782846
2017-10-27 00:30:00,5.5003443,2.4735599
2017-10-27 01:00:00,2.0190287,2.6251845
2017-10-27 01:30:00,0.70445347,2.9572515
2017-10-27 02:00:00,0.93290025,3.1140308
2017-10-27 02:30:00,0.7757178,3.4206865
2017-10-27 03:00:00,2.3870575,3.5728347
2017-10-27 03:30:00,0.71472126,3.5498989
2017-10-27 04:00:00,1.3066301,3.982127
2017-10-27 04:30:00,1.8985391,3.7157667
2017-10-27 05:00:00,1.1916908,3.2364383
2017-10-27 05:30:00,3.786903,3.691139
2017-10-27 06:00:00,6.382115,4.385643
2017-10-27 06:30:00,5.660594,5.162949
2017-10-27 07:00:00,1.9609109,5.0329833
2017-10-27 07:30:00,16.025034,3.997866
2017-10-27 08:00:00,4.768499,2.7219884
2017-10-27 08:30:00,-6.488038,1.4315623
2017-10-27 09:00:00,-5.321365,0.034972515
2017-10-27 09:30:00,-9.298324,-1.0917336
2017-10-27 10:00:00,-13.275288,-2.9108038
2017-10-27 10:30:00,-10.738159,-4.672638
2017-10-27 11:00:00,-8.827847,-6.1397986
2017-10-27 11:30:00,-7.151102,-7.694332
2017-10-27 12:00:00,-12.2638,-8.706174
2017-10-27 12:30:00,-10.430535,-9.311406
2017-10-27 13:00:00,-9.163995,-9.111194
2017-10-27 13:30:00,-10.401962,-9.9472275
2017-10-27 14:00:00,-1.8163141,-9.888929
2017-10-27 14:30:00,-7.8806453,-10.129001
2017-10-27 15:00:00,-4.591999,-10.019939
2017-10-27 15:30:00,-2.8207257,-8.916467
2017-10-27 16:00:00,-3.862064,-7.571974
2017-10-27 16:30:00,-0.8203051,-5.8199778
2017-10-27 17:00:00,2.2214499,-4.2243958
2017-10-27 17:30:00,2.2099123,-2.4041648
2017-10-27 18:00:00,3.1435344,-0.88520527
2017-10-27 18:30:00,1.5203215,-0.01697702
2017-10-27 19:00:00,0.94377095,0.8671711
2017-10-27 19:30:00,1.2395823,1.8920996
2017-10-27 20:00:00,0.8654077,2.7836971
2017-10-27 20:30:00,0.4912369,2.7272825
2017-10-27 21:00:00,0.43175888,2.8871439
2017-10-27 21:30:00,0.37228087,2.8237886
2017-10-27 22:00:00,1.8900988,3.0493793
2017-10-27 22:30:00,3.4079165,3.3453639
2017-10-27 23:00:00,3.2099907,3.0109155
2017-10-27 23:30:00,3.5862112,2.9197598
2017-10-28 00:00:00,4.1972504,2.9169264
2017-10-28 00:30:00,7.8850417,2.5881977
2017-10-28 01:00:00,2.735979,2.7678564
2017-10-28 01:30:00,4.4046564,2.846947
2017-10-28 02:00:00,2.737573,2.7148743
2017-10-28 02:30:00,2.109819,2.715202
2017-10-28 03:00:00,6.0400023,2.8557827
2017-10-28 03:30:00,15.903703,2.5719802
2017-10-28 04:00:00,8.157903,2.9640415
2017-10-28 04:30:00,4.24215,3.092896
2017-10-28 05:00:00,2.7334168,3.1609952
2017-10-28 05:30:00,3.604117,3.414718
2017-10-28 06:00:00,1.6011603,4.1103787
2017-10-28 06:30:00,5.090886,4.210954
2017-10-28 07:00:00,5.1729116,4.4868402
2017-10-28 07:30:00,1.1136328,4.5136876
2017-10-28 08:00:00,-2.9456427,3.4616597
2017-10-28 08:30:00,-2.2012765,2.1164997
2017-10-28 09:00:00,-6.515292,-0.44741547
2017-10-28 09:30:00,-10.829308,-2.727863
2017-10-28 10:00:00,-5.7149825,-4.681587
2017-10-28 10:30:00,-7.4587674,-5.870085
2017-10-28 11:00:00,-1.3836826,-7.4524865
2017-10-28 11:30:00,-6.3218274,-8.420789
2017-10-28 12:00:00,-6.4573026,-9.738925
2017-10-28 12:30:00,-8.009322,-10.308881
2017-10-28 13:00:00,-3.728571,-11.404972
2017-10-28 13:30:00,-1.4021949,-10.871912
2017-10-28 14:00:00,-2.6591988,-9.983047
2017-10-28 14:30:00,-1.0684435,-10.080984
2017-10-28 15:00:00,0.5061469,-9.205639
2017-10-28 15:30:00,0.64782405,-8.418464
2017-10-28 16:00:00,1.7047806,-7.708447
2017-10-28 16:30:00,3.1676269,-5.933082
2017-10-28 17:00:00,3.9131727,-4.0554457
2017-10-28 17:30:00,3.0056176,-2.455941
2017-10-28 18:00:00,3.2524862,-0.629252
2017-10-28 18:30:00,1.8851777,0.15457663
2017-10-28 19:00:00,1.9594866,0.6843059
2017-10-28 19:30:00,1.7840859,1.4280844
2017-10-28 20:00:00,1.4266714,2.3226962
2017-10-28 20:30:00,1.658355,2.2862935
2017-10-28 21:00:00,2.39699,2.3872423
2017-10-28 21:30:00,4.801763,2.5230112
2017-10-28 22:00:00,3.392641,3.2989118
2017-10-28 22:30:00,2.0725381,3.2075038
2017-10-28 23:00:00,5.106625,2.559429
2017-10-28 23:30:00,6.6982923,2.4575984
2017-10-29 00:00:00,1.7229687,2.5107877
2017-10-29 00:30:00,2.114118,2.7750833
2017-10-29 01:00:00,2.3382657,2.916135
2017-10-29 01:30:00,2.8273983,2.8477457
2017-10-29 02:00:00,3.6498945,2.3918016
2017-10-29 02:30:00,4.680132,1.9607716
2017-10-29 03:00:00,8.459312,1.9036711
2017-10-29 03:30:00,4.0775595,2.4446065
2017-10-29 04:00:00,6.425639,2.9656203
2017-10-29 04:30:00,4.0652833,3.002935
2017-10-29 05:00:00,4.4437156,2.981201
2017-10-29 05:30:00,6.828164,3.2276437
2017-10-29 06:00:00,1.8990402,3.3550553
2017-10-29 06:30:00,4.928481,3.1048293
2017-10-29 07:00:00,6.428631,2.6599858
2017-10-29 07:30:00,1.2461762,2.4330764
2017-10-29 08:00:00,-0.37339294,1.5128684
2017-10-29 08:30:00,-1.9929621,1.0936962
2017-10-29 09:00:00,-3.6125312,-1.5265316
2017-10-29 09:30:00,-4.984942,-3.9561627
2017-10-29 10:00:00,-3.8889825,-5.5503507
2017-10-29 10:30:00,-0.16584727,-6.763943
2017-10-29 11:00:00,2.8827467,-7.808039
2017-10-29 11:30:00,5.4596987,-8.53167
2017-10-29 12:00:00,-3.6950357,-9.529503
2017-10-29 12:30:00,-3.6966558,-9.874814
2017-10-29 13:00:00,0.07570092,-10.400643
2017-10-29 13:30:00,13.252766,-10.031134
2017-10-29 14:00:00,-2.3364425,-10.363464
2017-10-29 14:30:00,-2.9128158,-9.51035
2017-10-29 15:00:00,3.1311865,-9.100062
2017-10-29 15:30:00,1.6617838,-8.067915
2017-10-29 16:00:00,11.178888,-6.9640393
2017-10-29 16:30:00,3.46513,-5.6047077
2017-10-29 17:00:00,12.927074,-4.1454525
2017-10-29 17:30:00,13.823476,-2.8531985
2017-10-29 18:00:00,14.250753,-1.0797966
2017-10-29 18:30:00,13.834381,-0.24202888
2017-10-29 19:00:00,3.588084,-0.09978654
2017-10-29 19:30:00,5.032271,0.6287014
2017-10-29 20:00:00,5.3359537,0.9843298
2017-10-29 20:30:00,4.528432,1.8442346
2017-10-29 21:00:00,5.0425725,1.9046018
2017-10-29 21:30:00,2.4554658,2.3199456
2017-10-29 22:00:00,1.7431238,2.8109248
2017-10-29 22:30:00,2.552232,2.6630754
2017-10-29 23:00:00,2.0522022,2.3722982
2017-10-29 23:30:00,4.500699,2.4211543
2017-10-30 00:00:00,8.209242,2.6518734
2017-10-30 00:30:00,5.594341,2.0850856
2017-10-30 01:00:00,13.83686,1.9343126
2017-10-30 01:30:00,9.930837,1.8552446
2017-10-30 02:00:00,1.969065,2.055846
2017-10-30 02:30:00,6.615573,1.8861122
2017-10-30 03:00:00,2.1906917,1.891753
2017-10-30 03:30:00,8.840243,1.8491669
2017-10-30 04:00:00,2.4110937,2.701532
2017-10-30 04:30:00,2.301961,2.6443222
2017-10-30 05:00:00,2.9204645,3.1892328
2017-10-30 05:30:00,2.9657032,3.2469435
2017-10-30 06:00:00,2.9509702,3.1005602
2017-10-30 06:30:00,2.7719522,2.7547286
2017-10-30 07:00:00,5.835682,2.9251368
2017-10-30 07:30:00,2.3846347,2.012868
2017-10-30 08:00:00,0.85521525,1.1260861
2017-10-30 08:30:00,-2.1778243,0.32571205
2017-10-30 09:00:00,0.3801824,-1.1440825
2017-10-30 09:30:00,-2.3515146,-2.5581484
2017-10-30 10:00:00,-5.2276506,-3.711434
2017-10-30 10:30:00,-3.0641391,-4.282231
2017-10-30 11:00:00,-4.091046,-4.816354
2017-10-30 11:30:00,-5.2887564,-5.395263
2017-10-30 12:00:00,-6.657305,-6.3218236
2017-10-30 12:30:00,-2.1939628,-7.598915
2017-10-30 13:00:00,-3.452941,-7.7891617
2017-10-30 13:30:00,-4.9174194,-6.5791826
2017-10-30 14:00:00,-5.519291,-7.472566
2017-10-30 14:30:00,-5.2773657,-7.321047
2017-10-30 15:00:00,-1.9532586,-7.1883
2017-10-30 15:30:00,0.059001103,-6.3644814
2017-10-30 16:00:00,0.15205583,-5.0320044
2017-10-30 16:30:00,0.4244188,-3.8789785
2017-10-30 17:00:00,0.31232807,-2.7568166
2017-10-30 17:30:00,-0.5870277,-1.0140448
2017-10-30 18:00:00,-1.4863836,0.3697299
2017-10-30 18:30:00,-2.3857393,1.6030594
2017-10-30 19:00:00,1.880513,2.21544
2017-10-30 19:30:00,-0.045598812,2.3972275
2017-10-30 20:00:00,0.26964408,2.414402
2017-10-30 20:30:00,0.5848908,3.0609396
2017-10-30 21:00:00,-0.06599881,3.1491976
2017-10-30 21:30:00,2.81516,3.2327533
2017-10-30 22:00:00,0.84024495,2.9359434
2017-10-30 22:30:00,-1.13467,2.9694147
2017-10-30 23:00:00,-0.46893835,2.6877258
2017-10-30 23:30:00,0.19678964,2.7345548
2017-10-31 00:00:00,0.22071649,2.3653953
2017-10-31 00:30:00,1.1194657,1.9316223
2017-10-31 01:00:00,2.15294,1.9287171
2017-10-31 01:30:00,1.9081249,1.8718767
2017-10-31 02:00:00,1.6633061,1.5180155
2017-10-31 02:30:00,1.418491,1.4546262
2017-10-31 03:00:00,1.173676,1.5252086
2017-10-31 03:30:00,0.9288572,1.5560422
2017-10-31 04:00:00,0.68404216,1.917251
2017-10-31 04:30:00,0.4392233,1.9475081
2017-10-31 05:00:00,0.63656145,2.0570366
2017-10-31 05:30:00,2.6185,2.2849069
2017-10-31 06:00:00,-5.4415946,2.3458734
2017-10-31 06:30:00,-0.468132,2.4743474
2017-10-31 07:00:00,4.5053263,2.059889
2017-10-31 07:30:00,9.4787855,1.8010983
2017-10-31 08:00:00,20.969769,1.5056903
2017-10-31 08:30:00,13.464709,0.77300483
2017-10-31 09:00:00,5.9596496,-0.19235522
2017-10-31 09:30:00,-1.5454131,-0.96795076
2017-10-31 10:00:00,-5.2578926,-2.1158068
2017-10-31 10:30:00,-5.637207,-2.5825536
2017-10-31 11:00:00,-5.4230294,-3.947055
2017-10-31 11:30:00,-6.297347,-5.223193
2017-10-31 12:00:00,-4.603435,-6.0901065
2017-10-31 12:30:00,-6.572121,-6.1853127
2017-10-31 13:00:00,-8.645912,-6.5284123
2017-10-31 13:30:00,-8.023343,-6.4547405
2017-10-31 14:00:00,-6.9129376,-6.4670806
2017-10-31 14:30:00,-10.309639,-6.4292083
2017-10-31 15:00:00,-3.2991197,-6.4704604
2017-10-31 15:30:00,-3.2912745,-5.282328
2017-10-31 16:00:00,-1.8134505,-4.2306166
2017-10-31 16:30:00,1.0072469,-3.1863582
2017-10-31 17:00:00,1.0285097,-1.771471
2017-10-31 17:30:00,0.80578274,-0.9447624
2017-10-31 18:00:00,0.58305573,0.41004762
2017-10-31 18:30:00,4.033229,1.1041336
2017-10-31 19:00:00,2.2203045,1.8505422
2017-10-31 19:30:00,0.40737608,2.3540688
2017-10-31 20:00:00,3.2526333,3.0381658
2017-10-31 20:30:00,2.4331667,3.3564985
2017-10-31 21:00:00,2.8911493,3.0276718
2017-10-31 21:30:00,1.8861537,2.9154418
2017-10-31 22:00:00,0.72314274,3.1822054
2017-10-31 22:30:00,1.4035434,2.575526
2017-10-31 23:00:00,0.77554446,2.891771
2017-10-31 23:30:00,3.4335315,2.100836
2017-11-01 00:00:00,1.7646655,2.0899727
2017-11-01 00:30:00,1.6284369,1.387827
2017-11-01 01:00:00,0.7404116,1.4071681
2017-11-01 01:30:00,1.2894782,1.54331
2017-11-01 02:00:00,0.8842176,1.799757
2017-11-01 02:30:00,0.47896072,1.5498928
2017-11-01 03:00:00,0.07370011,1.5186372
2017-11-01 03:30:00,0.07387343,1.4597621
2017-11-01 04:00:00,0.07405053,1.734676
2017-11-01 04:30:00,0.07422386,1.5668526
2017-11-01 05:00:00,0.074400954,2.0547192
2017-11-01 05:30:00,-0.26037908,1.9563102
2017-11-01 06:00:00,-0.4617113,1.8467214
2017-11-01 06:30:00,-0.66303974,1.7223244
2017-11-01 07:00:00,-4.948671,1.9107776
2017-11-01 07:30:00,7.7571855,2.4352617
2017-11-01 08:00:00,8.221069,2.930947
2017-11-01 08:30:00,2.2741868,2.3311026
2017-11-01 09:00:00,-3.6726952,1.314852
2017-11-01 09:30:00,-4.4432306,0.31660852
2017-11-01 10:00:00,-6.369052,-1.2345449
2017-11-01 10:30:00,-8.492532,-2.5930514
2017-11-01 11:00:00,-8.687699,-3.9136102
2017-11-01 11:30:00,-9.02997,-5.0268574
2017-11-01 12:00:00,-6.5099983,-5.655482
2017-11-01 12:30:00,-13.124356,-5.8524394
2017-11-01 13:00:00,-5.0099277,-6.096738
2017-11-01 13:30:00,-5.1620574,-6.595136
2017-11-01 14:00:00,-6.14215,-6.8730645
2017-11-01 14:30:00,-3.6465225,-6.7527523
2017-11-01 15:00:00,-3.011308,-6.487605
2017-11-01 15:30:00,-0.7198161,-6.017998
2017-11-01 16:00:00,-1.0999591,-5.430072
2017-11-01 16:30:00,-0.09260095,-4.2796197
2017-11-01 17:00:00,0.9147573,-3.1271062
2017-11-01 17:30:00,1.6513351,-1.5614799
2017-11-01 18:00:00,2.5078223,-0.6228238
2017-11-01 18:30:00,3.7707531,0.4669521
2017-11-01 19:00:00,1.2954279,1.061152
2017-11-01 19:30:00,0.67038685,1.3603319
2017-11-01 20:00:00,1.377804,1.8797443
2017-11-01 20:30:00,0.7071551,2.2030244
2017-11-01 21:00:00,1.1565014,2.3873854
2017-11-01 21:30:00,1.6058477,2.3078616
2017-11-01 22:00:00,2.1852996,2.347599
2017-11-01 22:30:00,0.52187085,2.1451101
2017-11-01 23:00:00,0.5125865,1.4147758
2017-11-01 23:30:00,0.5029592,1.5621614
2017-11-02 00:00:00,1.3857809,2.1509051
2017-11-02 00:30:00,0.8741231,1.8823856
2017-11-02 01:00:00,0.29259503,2.1182516
2017-11-02 01:30:00,0.74454504,1.9074618
2017-11-02 02:00:00,0.31105825,1.9611936
2017-11-02 02:30:00,0.17594501,1.835749
2017-11-02 03:00:00,0.2791583,1.930213
2017-11-02 03:30:00,0.38236782,2.173683
2017-11-02 04:00:00,0.7447372,2.5236065
2017-11-02 04:30:00,1.3666998,2.8701804
2017-11-02 05:00:00,0.4288726,3.246759
2017-11-02 05:30:00,0.66190886,3.7865524
2017-11-02 06:00:00,0.8949489,3.9041746
2017-11-02 06:30:00,1.1698289,3.921741
2017-11-02 07:00:00,1.4447088,3.783007
2017-11-02 07:30:00,1.7195926,3.6614432
2017-11-02 08:00:00,11.459032,3.1270607
2017-11-02 08:30:00,-2.006723,2.1013446
2017-11-02 09:00:00,4.101735,0.56318706
2017-11-02 09:30:00,-4.4187913,-0.34397987
2017-11-02 10:00:00,-4.63876,-1.61066
2017-11-02 10:30:00,-4.8587327,-2.5202534
2017-11-02 11:00:00,-5.746709,-3.7392042
2017-11-02 11:30:00,-7.9159284,-4.9939284
2017-11-02 12:00:00,-8.457956,-5.9299507
2017-11-02 12:30:00,-3.944587,-7.0080914
2017-11-02 13:00:00,-3.4244435,-7.62306
2017-11-02 13:30:00,-3.4125216,-7.593135
2017-11-02 14:00:00,-1.1401601,-7.847833
2017-11-02 14:30:00,-3.7704108,-7.467901
2017-11-02 15:00:00,-1.7318692,-6.77033
2017-11-02 15:30:00,-0.1666461,-6.82344
2017-11-02 16:00:00,0.8456332,-6.1720834
2017-11-02 16:30:00,1.9470824,-4.9618363
2017-11-02 17:00:00,2.1202939,-3.8631377
2017-11-02 17:30:00,2.2935054,-2.3012793
2017-11-02 18:00:00,2.466717,-1.2447939
2017-11-02 18:30:00,2.6399286,-0.22327927
2017-11-02 19:00:00,2.8131402,0.67211264
2017-11-02 19:30:00,2.986352,1.235995
2017-11-02 20:00:00,3.1595635,1.7784828
2017-11-02 20:30:00,3.332775,2.0636156
2017-11-02 21:00:00,2.7625473,2.1817012
2017-11-02 21:30:00,2.1923156,2.3207672
2017-11-02 22:00:00,1.6220878,2.120147
2017-11-02 22:30:00,1.0518563,2.131907
2017-11-02 23:00:00,0.48162848,1.8739114
2017-11-02 23:30:00,-0.088603094,1.7486477
2017-11-03 00:00:00,-0.6588309,2.1035337
2017-11-03 00:30:00,-1.2290624,1.8638433
2017-11-03 01:00:00,-1.7992902,1.5134939
2017-11-03 01:30:00,-2.3695219,1.5683787
2017-11-03 02:00:00,1.0180535,1.4152505
2017-11-03 02:30:00,-1.9266,1.5421382
2017-11-03 03:00:00,-0.5867941,1.7209867
2017-11-03 03:30:00,0.3042231,1.8102132
2017-11-03 04:00:00,1.1952404,1.8546003
2017-11-03 04:30:00,-1.1056904,2.2678792
2017-11-03 05:00:00,5.365936,2.2753398
2017-11-03 05:30:00,11.837559,2.3216074
2017-11-03 06:00:00,17.664131,2.830635
2017-11-03 06:30:00,3.002396,2.7906077
2017-11-03 07:00:00,0.8662367,3.213412
2017-11-03 07:30:00,3.269985,3.2457604
2017-11-03 08:00:00,10.8163,2.8766236
2017-11-03 08:30:00,18.362616,1.9927543
2017-11-03 09:00:00,10.926461,0.6738233
2017-11-03 09:30:00,-4.1117926,-0.5309334
2017-11-03 10:00:00,-1.9403795,-1.669535
2017-11-03 10:30:00,2.2095203,-2.946645
2017-11-03 11:00:00,3.5302186,-4.1950393
2017-11-03 11:30:00,2.4381971,-5.1329417
2017-11-03 12:00:00,1.3461716,-6.3315225
2017-11-03 12:30:00,-0.08139866,-6.853942
2017-11-03 13:00:00,3.5902166,-7.0365357
2017-11-03 13:30:00,0.65799767,-6.9534965
2017-11-03 14:00:00,4.5739155,-6.471199
2017-11-03 14:30:00,5.692117,-6.3391867
2017-11-03 15:00:00,6.8103228,-6.2866497
2017-11-03 15:30:00,9.254114,-5.692201
2017-11-03 16:00:00,6.1124835,-5.2500668
2017-11-03 16:30:00,9.25451,-3.812978
2017-11-03 17:00:00,5.1076236,-2.8596041
2017-11-03 17:30:00,7.411075,-1.96792
2017-11-03 18:00:00,7.9971967,-1.0453117
2017-11-03 18:30:00,6.7000856,0.004319764
2017-11-03 19:00:00,1.3994701,0.0515932
2017-11-03 19:30:00,2.471902,0.6085765
2017-11-03 20:00:00,3.5890448,1.1445982
2017-11-03 20:30:00,3.1198676,1.2081947
2017-11-03 21:00:00,3.3100803,0.83959305
2017-11-03 21:30:00,6.6077394,1.1014131
2017-11-03 22:00:00,0.9606328,1.3387939
2017-11-03 22:30:00,2.1798887,1.5327522
2017-11-03 23:00:00,2.342727,0.6291121
2017-11-03 23:30:00,4.3339987,0.6479182
2017-11-04 00:00:00,7.8376174,0.7248874
2017-11-04 00:30:00,10.58112,-0.19181262
2017-11-04 01:00:00,8.562541,-0.18318011
2017-11-04 01:30:00,6.543958,-0.21183582
2017-11-04 02:00:00,4.877986,0.06641655
2017-11-04 02:30:00,-1.6700325,-0.34272888
2017-11-04 03:00:00,-8.218051,0.0039957156
2017-11-04 03:30:00,-14.766069,0.08199349
2017-11-04 04:00:00,1.3026135,0.55232763
2017-11-04 04:30:00,1.7821679,0.6920529
2017-11-04 05:00:00,2.5417457,0.85882497
2017-11-04 05:30:00,1.6298085,1.1685176
2017-11-04 06:00:00,5.0060267,1.7355275
2017-11-04 06:30:00,2.5647457,1.6404833
2017-11-04 07:00:00,2.0047855,2.1357353
2017-11-04 07:30:00,3.0433807,1.7947004
2017-11-04 08:00:00,2.3118255,1.2888753
2017-11-04 08:30:00,1.5802667,0.8699067
2017-11-04 09:00:00,0.65476847,0.1806814
2017-11-04 09:30:00,5.517097,-0.8189449
2017-11-04 10:00:00,-0.351855,-1.654934
2017-11-04 10:30:00,0.16906463,-2.7921643
2017-11-04 11:00:00,3.082519,-3.967007
2017-11-04 11:30:00,0.14159207,-4.3242784
2017-11-04 12:00:00,-0.14510816,-5.1609454
2017-11-04 12:30:00,2.308035,-5.302653
2017-11-04 13:00:00,1.4499389,-5.995921
2017-11-04 13:30:00,7.974476,-6.1260495
2017-11-04 14:00:00,1.8120558,-6.013657
2017-11-04 14:30:00,11.013164,-5.553267
2017-11-04 15:00:00,7.841061,-4.9768634
2017-11-04 15:30:00,4.6689596,-4.4245677
2017-11-04 16:00:00,4.7467575,-3.9753342
2017-11-04 16:30:00,4.0391746,-2.889149
2017-11-04 17:00:00,4.766634,-2.5932171
2017-11-04 17:30:00,5.4940968,-1.285413
2017-11-04 18:00:00,6.22156,-0.5696233
2017-11-04 18:30:00,6.9490194,-0.08402873
2017-11-04 19:00:00,3.7138677,0.10322622
2017-11-04 19:30:00,0.47871202,0.44137105
2017-11-04 20:00:00,3.2172253,1.1709065
2017-11-04 20:30:00,5.955738,0.6639888
2017-11-04 21:00:00,8.694248,0.5934705
2017-11-04 21:30:00,-0.17677073,0.97128874
2017-11-04 22:00:00,-1.4751134,0.6349149
2017-11-04 22:30:00,-0.3602539,0.69878256
2017-11-04 23:00:00,-1.4900309,0.49539304
2017-11-04 23:30:00,-0.3382789,0.19319873
2017-11-05 00:00:00,0.8134732,0.1455824
2017-11-05 00:30:00,1.965229,0.12795942
2017-11-05 01:00:00,1.1841699,0.4637907
2017-11-05 01:30:00,1.4057665,0.15921128
2017-11-05 02:00:00,0.44771263,-0.13111377
2017-11-05 02:30:00,1.5001702,-0.11987756
2017-11-05 03:00:00,1.5819058,-0.72535884
2017-11-05 03:30:00,1.2996707,-1.1546179
2017-11-05 04:00:00,1.0174392,-0.48980933
2017-11-05 04:30:00,0.73520416,-0.6640533
2017-11-05 05:00:00,0.107713915,0.06466442
2017-11-05 05:30:00,-0.5197763,0.36533642
2017-11-05 06:00:00,3.199587,0.6522816
2017-11-05 06:30:00,-0.47936442,0.6736198
2017-11-05 07:00:00,7.4287996,1.0375793
2017-11-05 07:30:00,15.336972,1.145171
2017-11-05 08:00:00,4.980536,-0.009248834
2017-11-05 08:30:00,1.3878459,-0.26086515
2017-11-05 09:00:00,-2.2048485,-1.4007517
2017-11-05 09:30:00,0.734119,-1.8061442
2017-11-05 10:00:00,-0.76853645,-2.252525
2017-11-05 10:30:00,-2.2711918,-3.157533
2017-11-05 11:00:00,-3.7738473,-3.996194
2017-11-05 11:30:00,-5.770402,-4.254001
2017-11-05 12:00:00,-1.4544911,-5.0051875
2017-11-05 12:30:00,8.163158,-5.1817865
2017-11-05 13:00:00,6.6240625,-5.028986
2017-11-05 13:30:00,10.489851,-5.1758933
2017-11-05 14:00:00,0.4047385,-5.2202053
2017-11-05 14:30:00,-2.6632154,-4.6353273
2017-11-05 15:00:00,0.0824984,-4.36518
2017-11-05 15:30:00,-5.3791246,-4.136296
2017-11-05 16:00:00,-1.7631588,-3.6943083
2017-11-05 16:30:00,1.8528105,-2.7463076
2017-11-05 17:00:00,1.7218949,-2.2119586
2017-11-05 17:30:00,1.364876,-1.6275105
2017-11-05 18:00:00,1.1218508,-0.8258026
2017-11-05 18:30:00,0.9359297,-0.20173378
2017-11-05 19:00:00,1.1571156,0.28433177
2017-11-05 19:30:00,0.5868991,0.4800685
2017-11-05 20:00:00,0.8867384,1.3715228
2017-11-05 20:30:00,0.8207342,1.6931902
2017-11-05 21:00:00,1.0106645,1.470011
2017-11-05 21:30:00,0.6113422,1.0929615
2017-11-05 22:00:00,1.0258344,0.76544994
2017-11-05 22:30:00,1.0595543,0.74817365
2017-11-05 23:00:00,1.0932742,0.24167039
2017-11-05 23:30:00,0.83527493,-0.07616113
2017-11-06 00:00:00,0.84243035,-0.11002045
2017-11-06 00:30:00,0.8495821,-0.097457916
2017-11-06 01:00:00,0.9002693,-0.22743161
2017-11-06 01:30:00,0.6382646,-0.14963354
2017-11-06 02:00:00,0.685376,-0.49820444
2017-11-06 02:30:00,0.22405495,-0.6840388
2017-11-06 03:00:00,0.25093967,-0.4792853
2017-11-06 03:30:00,0.27782065,-0.11689707
2017-11-06 04:00:00,0.18945709,0.3273172
2017-11-06 04:30:00,0.058699664,0.41839752
2017-11-06 05:00:00,0.3482146,0.72434855
2017-11-06 05:30:00,0.6377258,0.94062465
2017-11-06 06:00:00,2.652691,0.7263418
2017-11-06 06:30:00,4.6676598,0.8670242
2017-11-06 07:00:00,4.571436,0.99982387
2017-11-06 07:30:00,4.475216,1.4739411
2017-11-06 08:00:00,4.3789964,1.0440189
2017-11-06 08:30:00,2.0327857,0.47447303
2017-11-06 09:00:00,-0.3134251,-0.5514426
2017-11-06 09:30:00,-5.3645687,-1.2024791
2017-11-06 10:00:00,-1.966296,-1.5160114
2017-11-06 10:30:00,-3.106141,-2.2930765
2017-11-06 11:00:00,-4.7487106,-3.107637
2017-11-06 11:30:00,-1.3185753,-4.202402
2017-11-06 12:00:00,-4.1947794,-4.814632
2017-11-06 12:30:00,-5.7978783,-3.8824902
2017-11-06 13:00:00,-4.110425,-3.6231608
2017-11-06 13:30:00,-2.4229748,-3.807243
2017-11-06 14:00:00,-3.2050323,-3.5407093
2017-11-06 14:30:00,-4.3406386,-4.0489535
2017-11-06 15:00:00,-1.1077702,-3.6777291
2017-11-06 15:30:00,2.1250982,-3.511575
2017-11-06 16:00:00,2.0298994,-3.2085142
2017-11-06 16:30:00,1.9125674,-2.8421957
2017-11-06 17:00:00,0.41231972,-1.7135454
2017-11-06 17:30:00,0.53154707,-0.9277348
2017-11-06 18:00:00,0.17971301,0.17726004
2017-11-06 18:30:00,0.62359196,0.69558734
2017-11-06 19:00:00,0.25242805,1.1975539
2017-11-06 19:30:00,-0.38232315,1.3476261
2017-11-06 20:00:00,0.82931393,1.8070519
2017-11-06 20:30:00,0.4044898,2.0200875
2017-11-06 21:00:00,0.14893216,1.5978671
2017-11-06 21:30:00,-0.106625475,1.505679
2017-11-06 22:00:00,-0.36218312,1.5673047
2017-11-06 22:30:00,-0.03239948,1.5878141
2017-11-06 23:00:00,1.9615666,1.1131505
2017-11-06 23:30:00,2.387099,0.9967039
2017-11-07 00:00:00,1.7049049,0.29748213
2017-11-07 00:30:00,2.2996588,0.0961499
2017-11-07 01:00:00,2.8944125,0.23260832
2017-11-07 01:30:00,3.0884273,-0.017854966
2017-11-07 02:00:00,0.78868353,-0.6134603
2017-11-07 02:30:00,2.5998409,-0.5735307
2017-11-07 03:00:00,4.4110017,-0.32017738
2017-11-07 03:30:00,3.5170155,0.094838634
2017-11-07 04:00:00,2.6230292,-0.19958602
2017-11-07 04:30:00,-4.7412724,-0.11095492
2017-11-07 05:00:00,-7.147613,0.2678731
2017-11-07 05:30:00,-5.3054075,0.6045221
2017-11-07 06:00:00,-3.4632013,0.7443152
2017-11-07 06:30:00,-1.6209918,1.0295534
2017-11-07 07:00:00,0.22121386,1.4069873
2017-11-07 07:30:00,2.0634196,1.6072042
2017-11-07 08:00:00,5.158311,1.5782056
2017-11-07 08:30:00,3.783734,1.1051811
2017-11-07 09:00:00,2.4091532,0.46144325
2017-11-07 09:30:00,1.0345762,-0.22036283
2017-11-07 10:00:00,-0.34000462,-0.6489775
2017-11-07 10:30:00,0.3795418,-1.3554866
2017-11-07 11:00:00,1.9805046,-2.0469425
2017-11-07 11:30:00,1.4736773,-2.6429586
2017-11-07 12:00:00,0.96685004,-2.4493923
2017-11-07 12:30:00,1.2778728,-2.6192014
2017-11-07 13:00:00,0.8897264,-2.882879
2017-11-07 13:30:00,-0.3660755,-3.332007
2017-11-07 14:00:00,-1.4000999,-3.3423612
2017-11-07 14:30:00,-0.05255079,-3.866868
2017-11-07 15:00:00,1.2949983,-3.4520178
2017-11-07 15:30:00,3.846479,-3.18906
2017-11-07 16:00:00,-0.10009929,-2.4117348
2017-11-07 16:30:00,-0.8548879,-1.5459143
2017-11-07 17:00:00,0.183059,-0.91546994
2017-11-07 17:30:00,0.51482844,0.043518357
2017-11-07 18:00:00,0.20347784,1.0524554
2017-11-07 18:30:00,2.4027326,1.4816957
2017-11-07 19:00:00,-3.0983753,1.5723501
2017-11-07 19:30:00,-3.4173222,2.244902
2017-11-07 20:00:00,-2.035484,2.6880877
2017-11-07 20:30:00,-3.1251395,2.622449
2017-11-07 21:00:00,-4.214795,2.51962
2017-11-07 21:30:00,0.30551174,2.618372
2017-11-07 22:00:00,-5.764897,2.2852347
2017-11-07 22:30:00,0.01910166,2.5490782
2017-11-07 23:00:00,0.021098707,2.3368413
2017-11-07 23:30:00,-0.69808596,1.8225082
2017-11-08 00:00:00,-1.417267,1.9071
2017-11-08 00:30:00,-0.83173347,1.6820972
2017-11-08 01:00:00,-0.24619628,1.547504
2017-11-08 01:30:00,-0.7097593,1.2308894
2017-11-08 02:00:00,-0.10560058,1.5026646
2017-11-08 02:30:00,-0.6849658,1.6194427
2017-11-08 03:00:00,-1.3595184,2.1320426
2017-11-08 03:30:00,2.7857356,1.8146595
2017-11-08 04:00:00,6.9309893,1.9209286
2017-11-08 04:30:00,5.668013,2.011926
2017-11-08 05:00:00,4.075374,1.2728199
2017-11-08 05:30:00,4.224312,1.6085457
2017-11-08 06:00:00,4.266092,1.9173867
2017-11-08 06:30:00,5.170474,1.6275401
2017-11-08 07:00:00,4.5563903,2.2859883
2017-11-08 07:30:00,1.6123099,2.4887297
2017-11-08 08:00:00,11.136856,2.2632296
2017-11-08 08:30:00,12.343241,1.8591219
2017-11-08 09:00:00,8.7473545,0.8227576
2017-11-08 09:30:00,5.151472,0.04779128
2017-11-08 10:00:00,3.6966214,-0.8071246
2017-11-08 10:30:00,6.5247526,-1.4662887
2017-11-08 11:00:00,4.5701547,-1.8943759
2017-11-08 11:30:00,3.2651656,-2.1970901
2017-11-08 12:00:00,2.791248,-2.6120007
2017-11-08 12:30:00,4.221908,-3.43204
2017-11-08 13:00:00,1.7420914,-3.6067398
2017-11-08 13:30:00,4.141152,-4.1559877
2017-11-08 14:00:00,6.4688883,-4.1090307
2017-11-08 14:30:00,3.563087,-4.339825
2017-11-08 15:00:00,1.0884888,-4.236608
2017-11-08 15:30:00,0.99274755,-3.580119
2017-11-08 16:00:00,1.1189607,-3.092919
2017-11-08 16:30:00,1.0647618,-2.7193136
2017-11-08 17:00:00,2.222795,-1.924731
2017-11-08 17:30:00,1.9157175,-1.1974262
2017-11-08 18:00:00,1.6086437,-0.28065848
2017-11-08 18:30:00,1.3015697,0.5695776
2017-11-08 19:00:00,1.7849035,0.7490478
2017-11-08 19:30:00,2.2682374,0.47550544
2017-11-08 20:00:00,2.8716197,1.1876138
2017-11-08 20:30:00,2.357897,1.2445296
2017-11-08 21:00:00,2.1143255,1.0460122
2017-11-08 21:30:00,1.6045591,0.72802234
2017-11-08 22:00:00,-15.589093,1.1580237
2017-11-08 22:30:00,-0.96231,1.0283854
2017-11-08 23:00:00,0.5164675,0.83583635
2017-11-08 23:30:00,0.05260679,0.32862094
2017-11-09 00:00:00,-0.4112539,0.7567647
2017-11-09 00:30:00,-0.87511456,0.31776908
2017-11-09 01:00:00,-0.19148481,1.0291089
2017-11-09 01:30:00,-6.66764,0.7553291
2017-11-09 02:00:00,-2.008407,0.4658179
2017-11-09 02:30:00,1.6430079,0.461025
2017-11-09 03:00:00,5.294419,0.82210195
2017-11-09 03:30:00,-5.062005,0.76197207
2017-11-09 04:00:00,-4.728047,1.0026724
2017-11-09 04:30:00,-4.3940883,1.4444941
2017-11-09 05:00:00,-4.0601296,1.6362216
2017-11-09 05:30:00,-3.7261705,2.1665876
2017-11-09 06:00:00,-3.3879654,2.1386442
2017-11-09 06:30:00,-3.0497642,2.1548767
2017-11-09 07:00:00,-2.7115629,2.3224702
2017-11-09 07:30:00,-2.3733613,2.2466881
2017-11-09 08:00:00,-2.03516,2.2190232
2017-11-09 08:30:00,-1.6969587,1.7078892
2017-11-09 09:00:00,-1.3587573,0.93952817
2017-11-09 09:30:00,-1.0205522,0.15503633
2017-11-09 10:00:00,-0.68235075,-0.7144165
2017-11-09 10:30:00,-0.04079837,-1.6701417
2017-11-09 11:00:00,1.2561389,-2.1395414
2017-11-09 11:30:00,0.72135293,-2.639447
2017-11-09 12:00:00,0.8663346,-3.5980508
2017-11-09 12:30:00,0.8322492,-4.003583
2017-11-09 13:00:00,-0.43530133,-4.088559
2017-11-09 13:30:00,0.43321708,-4.7463856
2017-11-09 14:00:00,8.058909,-4.4963293
2017-11-09 14:30:00,1.5628774,-4.5091705
2017-11-09 15:00:00,2.1782534,-4.0043707
2017-11-09 15:30:00,6.0778217,-3.9263687
2017-11-09 16:00:00,4.2899885,-3.145562
2017-11-09 16:30:00,2.3108346,-2.7928877
2017-11-09 17:00:00,3.286327,-1.8029678
2017-11-09 17:30:00,4.4668813,-0.83557683
2017-11-09 18:00:00,4.0349092,-0.21688871
2017-11-09 18:30:00,4.2947435,-0.04664632
2017-11-09 19:00:00,1.766022,0.44398606
2017-11-09 19:30:00,3.734991,0.96290493
2017-11-09 20:00:00,1.6637055,1.4362572
2017-11-09 20:30:00,3.3875506,1.7573029
2017-11-09 21:00:00,3.1525023,1.5916687
2017-11-09 21:30:00,3.223597,1.7629812
2017-11-09 22:00:00,-2.3721857,1.199208
2017-11-09 22:30:00,-7.593941,0.60133433
2017-11-09 23:00:00,-12.815696,0.17352971
2017-11-09 23:30:00,-9.525523,-0.3181577
2017-11-10 00:00:00,-6.2353554,-0.006829773
2017-11-10 00:30:00,-2.945183,-0.3622698
2017-11-10 01:00:00,0.34498918,-0.09440959
2017-11-10 01:30:00,3.6351614,-0.07585592
2017-11-10 02:00:00,6.9253335,0.25537086
2017-11-10 02:30:00,3.105877,0.0649847
2017-11-10 03:00:00,-0.71358,0.45003372
2017-11-10 03:30:00,13.233576,0.26472306
2017-11-10 04:00:00,12.1625,0.06116771
2017-11-10 04:30:00,11.091425,0.007364315
2017-11-10 05:00:00,10.0203495,0.5883121
2017-11-10 05:30:00,15.540452,0.8305159
2017-11-10 06:00:00,0.2712756,1.5015568
2017-11-10 06:30:00,-0.23516355,1.6099058
2017-11-10 07:00:00,-0.7416027,1.6675979
2017-11-10 07:30:00,-1.2480457,1.9479527
2017-11-10 08:00:00,-1.7544849,1.5040739
2017-11-10 08:30:00,-2.260924,1.1341006
2017-11-10 09:00:00,-2.7673633,0.47430724
2017-11-10 09:30:00,-3.273806,-0.04665762
2017-11-10 10:00:00,-1.6506386,-1.0820122
2017-11-10 10:30:00,-0.90358937,-1.9768087
2017-11-10 11:00:00,1.5529524,-3.0529783
2017-11-10 11:30:00,1.9595771,-3.7692163
2017-11-10 12:00:00,1.869175,-4.2189736
2017-11-10 12:30:00,2.7438805,-4.49668
2017-11-10 13:00:00,2.929112,-5.291074
2017-11-10 13:30:00,3.1143398,-4.922446
2017-11-10 14:00:00,3.9897196,-4.9066014
2017-11-10 14:30:00,6.912304,-4.7419395
2017-11-10 15:00:00,7.565262,-4.4202304
2017-11-10 15:30:00,8.218221,-4.075356
2017-11-10 16:00:00,16.751602,-3.5335877
2017-11-10 16:30:00,11.431925,-2.5646293
2017-11-10 17:00:00,6.11225,-1.99173
2017-11-10 17:30:00,5.357303,-0.79232013
2017-11-10 18:00:00,11.105981,0.3803331
2017-11-10 18:30:00,6.122337,0.36541933
2017-11-10 19:00:00,3.7397501,1.3348601
2017-11-10 19:30:00,1.357163,1.0332047
2017-11-10 20:00:00,1.096884,1.9728216
2017-11-10 20:30:00,1.8393211,2.4037688
2017-11-10 21:00:00,-0.93301,2.5975235
2017-11-10 21:30:00,2.4257212,2.2326334
2017-11-10 22:00:00,5.1611595,2.2837653
2017-11-10 22:30:00,0.7873948,1.4025939
2017-11-10 23:00:00,-2.7742171,0.35512513
2017-11-10 23:30:00,-0.0933018,-0.19091961
2017-11-11 00:00:00,2.6912942,-0.44180113
2017-11-11 00:30:00,1.4293957,-0.89745885
2017-11-11 01:00:00,2.3117464,-0.5871784
2017-11-11 01:30:00,0.5481979,-0.7599642
2017-11-11 02:00:00,-0.36955336,-0.61151224
2017-11-11 02:30:00,1.3749177,-0.5781955
2017-11-11 03:00:00,1.6938157,-0.11285023
2017-11-11 03:30:00,0.52718747,0.17857884
2017-11-11 04:00:00,-0.038100477,0.54745185
2017-11-11 04:30:00,1.3319625,1.0765631
2017-11-11 05:00:00,1.3307455,1.4791372
2017-11-11 05:30:00,1.864043,2.1986423
2017-11-11 06:00:00,1.9858966,2.0889027
2017-11-11 06:30:00,2.1077464,1.9618944
2017-11-11 07:00:00,2.955654,1.8621892
2017-11-11 07:30:00,0.18351494,1.7158171
2017-11-11 08:00:00,1.7984645,1.2494808
2017-11-11 08:30:00,3.4049172,0.6660913
2017-11-11 09:00:00,7.1725373,-0.35814005
2017-11-11 09:30:00,10.940155,-1.8045843
2017-11-11 10:00:00,7.1254826,-2.9415658
2017-11-11 10:30:00,3.3108113,-3.4253669
2017-11-11 11:00:00,4.258337,-3.8810961
2017-11-11 11:30:00,3.3344593,-4.142664
2017-11-11 12:00:00,5.080321,-4.6220226
2017-11-11 12:30:00,3.5728047,-5.3711705
2017-11-11 13:00:00,2.8796682,-5.6578894
2017-11-11 13:30:00,2.6283722,-5.677645
2017-11-11 14:00:00,1.5665889,-5.254223
2017-11-11 14:30:00,-0.23208132,-4.8413544
2017-11-11 15:00:00,2.1698847,-4.3538985
2017-11-11 15:30:00,2.355184,-3.9738157
2017-11-11 16:00:00,5.6006866,-3.0073476
2017-11-11 16:30:00,3.6395211,-1.9212569
2017-11-11 17:00:00,3.794032,-1.0750074
2017-11-11 17:30:00,2.4477828,-0.4572236
2017-11-11 18:00:00,1.1015338,0.7263305
2017-11-11 18:30:00,1.5628096,1.0576289
2017-11-11 19:00:00,2.0240853,1.1528276
2017-11-11 19:30:00,0.8017472,1.164987
2017-11-11 20:00:00,0.8855402,1.8236349
2017-11-11 20:30:00,1.4308878,1.9838619
2017-11-11 21:00:00,1.5068735,1.3881322
2017-11-11 21:30:00,3.350217,1.2260852
2017-11-11 22:00:00,2.472064,1.748139
2017-11-11 22:30:00,0.44548574,1.4085171
2017-11-11 23:00:00,-0.012300922,0.69982255
2017-11-11 23:30:00,-1.6249256,-0.008125968
2017-11-12 00:00:00,3.7104914,0.022952566
2017-11-12 00:30:00,0.015299741,-0.5198893
2017-11-12 01:00:00,2.8780406,-0.43283328
2017-11-12 01:30:00,1.6544362,-0.59499705
2017-11-12 02:00:00,1.0281216,-0.20068628
2017-11-12 02:30:00,4.8613577,-0.11635824
2017-11-12 03:00:00,3.6683688,-0.42668766
2017-11-12 03:30:00,2.4753797,-0.5826644
2017-11-12 04:00:00,1.2823868,-0.44211388
2017-11-12 04:30:00,1.4592308,-0.029863609
2017-11-12 05:00:00,1.137066,0.25180632
2017-11-12 05:30:00,0.8149051,0.7117822
2017-11-12 06:00:00,0.49274033,0.4104847
2017-11-12 06:30:00,0.17057936,0.5849322
2017-11-12 07:00:00,6.490121,0.53000593
2017-11-12 07:30:00,2.2535985,0.39743233
2017-11-12 08:00:00,-0.43243012,0.6065681
2017-11-12 08:30:00,-3.1184626,0.48279655
2017-11-12 09:00:00,-3.8774788,-0.048228882
2017-11-12 09:30:00,-1.5412909,-0.24265435
2017-11-12 10:00:00,-0.5552031,-1.0133289
2017-11-12 10:30:00,-0.3825831,-1.8553431
2017-11-12 11:00:00,-1.5161997,-2.6338024
2017-11-12 11:30:00,3.483499,-3.7489107
2017-11-12 12:00:00,8.483198,-3.9574513
2017-11-12 12:30:00,-0.18914111,-4.491031
2017-11-12 13:00:00,0.4229568,-4.826874
2017-11-12 13:30:00,10.222865,-4.959459
2017-11-12 14:00:00,2.8737977,-5.125006
2017-11-12 14:30:00,7.631021,-5.1028013
2017-11-12 15:00:00,4.3949614,-4.3046656
2017-11-12 15:30:00,1.1589054,-3.7468946
2017-11-12 16:00:00,2.6975152,-2.847064
2017-11-12 16:30:00,1.1569347,-2.098312
2017-11-12 17:00:00,0.43450576,-1.3783321
2017-11-12 17:30:00,1.671607,-0.5593253
2017-11-12 18:00:00,2.53924,0.08657539
2017-11-12 18:30:00,5.4485116,0.76589084
2017-11-12 19:00:00,1.6087981,0.9243657
2017-11-12 19:30:00,1.6291642,1.1625868
2017-11-12 20:00:00,1.0961492,1.036253
2017-11-12 20:30:00,1.060647,0.80433583
2017-11-12 21:00:00,0.065500915,1.1145296
2017-11-12 21:30:00,1.3879325,0.61560005
2017-11-12 22:00:00,-0.83519626,0.46344405
2017-11-12 22:30:00,-0.09469973,0.10997096
2017-11-12 23:00:00,-0.35974145,0.15572964
2017-11-12 23:30:00,-2.7741117,-0.14894399
2017-11-13 00:00:00,-0.05629996,-0.37010348
2017-11-13 00:30:00,1.8206732,-0.68534636
2017-11-13 01:00:00,2.1654122,-0.6035881
2017-11-13 01:30:00,1.0770756,-0.23334739
2017-11-13 02:00:00,-1.6591278,-0.08774775
2017-11-13 02:30:00,-4.3953314,-0.31564823
2017-11-13 03:00:00,2.904616,0.3427472
2017-11-13 03:30:00,0.38277853,0.049788322
2017-11-13 04:00:00,-2.139059,-0.03763701
2017-11-13 04:30:00,2.8710847,-0.086700246
2017-11-13 05:00:00,7.8812284,0.123822145
2017-11-13 05:30:00,1.6059005,0.26357004
2017-11-13 06:00:00,0.87485784,0.6365577
2017-11-13 06:30:00,4.0335417,0.59461224
2017-11-13 07:00:00,7.1922293,0.9624791
2017-11-13 07:30:00,10.350913,0.91227794
2017-11-13 08:00:00,1.9900867,0.5528062
2017-11-13 08:30:00,3.4135687,0.29880846
2017-11-13 09:00:00,1.9823283,-0.3892789
2017-11-13 09:30:00,0.5510842,-0.9098066
2017-11-13 10:00:00,-0.8801599,-1.2969884
2017-11-13 10:30:00,-1.9745667,-1.8401693
2017-11-13 11:00:00,-1.2654124,-2.2311115
2017-11-13 11:30:00,8.390904,-2.6155727
2017-11-13 12:00:00,6.780269,-2.5186672
2017-11-13 12:30:00,5.16963,-3.1993504
2017-11-13 13:00:00,3.558995,-3.5398088
2017-11-13 13:30:00,3.3087993,-2.8721478
2017-11-13 14:00:00,3.4157088,-3.1450534
2017-11-13 14:30:00,3.6902423,-2.5964992
2017-11-13 15:00:00,2.663185,-2.002789
2017-11-13 15:30:00,1.6361275,-1.8908641
2017-11-13 16:00:00,0.8372079,-1.7369636
2017-11-13 16:30:00,-0.2670409,-1.4273388
2017-11-13 17:00:00,0.7692745,-1.0868766
2017-11-13 17:30:00,0.63752234,-0.6770454
2017-11-13 18:00:00,0.5057739,0.09637221
2017-11-13 18:30:00,0.37402168,1.0082943
2017-11-13 19:00:00,0.49157602,1.1842452
2017-11-13 19:30:00,-1.8576642,1.1531668
2017-11-13 20:00:00,-1.6825159,1.1926253
2017-11-13 20:30:00,-1.5073713,1.3946584
2017-11-13 21:00:00,4.4326754,1.5274506
2017-11-13 21:30:00,-1.1826217,1.5650741
2017-11-13 22:00:00,-13.893463,1.0075105
2017-11-13 22:30:00,-8.9700775,1.0920949
2017-11-13 23:00:00,-5.09221,0.84788644
2017-11-13 23:30:00,-1.2143408,0.8697183
2017-11-14 00:00:00,2.6635277,-0.15566611
2017-11-14 00:30:00,-5.753627,-0.3257314
2017-11-14 01:00:00,-4.9096384,-0.25873998
2017-11-14 01:30:00,-4.0656495,-0.35800818
2017-11-14 02:00:00,-3.2216606,-0.01606893
2017-11-14 02:30:00,-2.3776681,-0.34453756
2017-11-14 03:00:00,1.9768609,-0.08439046
2017-11-14 03:30:00,6.33139,-0.33017012
2017-11-14 04:00:00,10.685924,-0.1494263
2017-11-14 04:30:00,15.040452,0.088568665
2017-11-14 05:00:00,19.394981,0.652308
2017-11-14 05:30:00,25.039263,1.0311586
2017-11-14 06:00:00,5.988569,1.2937096
2017-11-14 06:30:00,-0.21342969,1.4783685
2017-11-14 07:00:00,-6.4154325,1.6347898
2017-11-14 07:30:00,-3.1819835,1.6192204
2017-11-14 08:00:00,0.051461317,1.5697502
2017-11-14 08:30:00,3.28491,1.0140406
2017-11-14 09:00:00,1.5709937,0.9364158
2017-11-14 09:30:00,6.370788,0.40868735
2017-11-14 10:00:00,3.8553941,-0.2282568
2017-11-14 10:30:00,1.3399997,-0.8778878
2017-11-14 11:00:00,4.2624817,-1.6276574
2017-11-14 11:30:00,2.7289743,-1.7197589
2017-11-14 12:00:00,2.0098348,-1.7121851
2017-11-14 12:30:00,3.4565127,-1.8814592
2017-11-14 13:00:00,1.3755244,-2.0718868
2017-11-14 13:30:00,4.021454,-2.7281609
2017-11-14 14:00:00,2.2319589,-2.3055108
2017-11-14 14:30:00,2.8508806,-2.2377431
2017-11-14 15:00:00,2.151218,-1.5894611
2017-11-14 15:30:00,2.8146813,-1.5236264
2017-11-14 16:00:00,3.8512154,-1.0549616
2017-11-14 16:30:00,1.5992386,-1.0938022
2017-11-14 17:00:00,1.9953656,-0.41294575
2017-11-14 17:30:00,0.9037849,0.441518
2017-11-14 18:00:00,1.5752968,1.1861104
2017-11-14 18:30:00,2.2468085,1.494473
2017-11-14 19:00:00,-0.20176393,1.808186
2017-11-14 19:30:00,-1.0058908,1.7434216
2017-11-14 20:00:00,1.9198961,2.2391293
2017-11-14 20:30:00,0.4393401,1.9743251
2017-11-14 21:00:00,2.1141672,2.0606313
2017-11-14 21:30:00,1.9184153,2.052756
2017-11-14 22:00:00,-0.18232101,1.7064762
2017-11-14 22:30:00,-2.2830572,1.1250725
2017-11-14 23:00:00,-4.383794,1.3056015
2017-11-14 23:30:00,2.4847734,1.2696924
2017-11-15 00:00:00,9.353341,1.4232349
2017-11-15 00:30:00,1.9746642,0.9659005
2017-11-15 01:00:00,-7.9821095,0.9988517
2017-11-15 01:30:00,-8.453167,0.45554253
2017-11-15 02:00:00,-8.924225,0.5769855
2017-11-15 02:30:00,-9.395287,0.6396965
2017-11-15 03:00:00,-9.8663435,0.729051
2017-11-15 03:30:00,-10.337401,0.7335086
2017-11-15 04:00:00,-10.808463,0.9339553
2017-11-15 04:30:00,-10.1265135,1.2739992
2017-11-15 05:00:00,-9.444564,1.8631725
2017-11-15 05:30:00,-8.762615,2.6957405
2017-11-15 06:00:00,-8.080666,2.954418
2017-11-15 06:30:00,-7.398717,2.5807106
2017-11-15 07:00:00,-6.716768,2.5919733
2017-11-15 07:30:00,-6.034818,1.9596637
2017-11-15 08:00:00,-5.352869,1.7953334
2017-11-15 08:30:00,-4.67092,1.7745603
2017-11-15 09:00:00,-3.9889708,1.5310678
2017-11-15 09:30:00,-4.1337676,1.1331397
2017-11-15 10:00:00,-0.4467297,1.4772757
2017-11-15 10:30:00,3.240308,1.3696426
2017-11-15 11:00:00,0.7916226,1.0532467
2017-11-15 11:30:00,2.229521,0.70838726
2017-11-15 12:00:00,3.6674194,-0.15773852
2017-11-15 12:30:00,2.125034,-0.68744135
2017-11-15 13:00:00,2.4958098,-0.80894834
2017-11-15 13:30:00,3.019853,-1.3111447
2017-11-15 14:00:00,7.0391574,-0.47417212
2017-11-15 14:30:00,5.495235,-0.7473565
2017-11-15 15:00:00,5.307256,-0.3512936
2017-11-15 15:30:00,6.3884225,-0.32106662
2017-11-15 16:00:00,2.2250032,-0.21397229
2017-11-15 16:30:00,1.9364076,0.010827115
2017-11-15 17:00:00,1.6478083,0.07073845
2017-11-15 17:30:00,1.4806783,0.579137
2017-11-15 18:00:00,1.6827942,1.1567237
2017-11-15 18:30:00,0.99437535,1.5270134
2017-11-15 19:00:00,0.30595636,1.327
2017-11-15 19:30:00,0.69204164,1.3709313
2017-11-15 20:00:00,1.0781306,1.5835412
2017-11-15 20:30:00,1.4832255,1.9827164
2017-11-15 21:00:00,1.4126167,1.6463652
2017-11-15 21:30:00,1.1345075,1.5650063
2017-11-15 22:00:00,0.8563984,1.6163228
2017-11-15 22:30:00,-0.7461846,0.92605
2017-11-15 23:00:00,-0.4313713,0.28533405
2017-11-15 23:30:00,-0.11655795,0.62687016
2017-11-16 00:00:00,2.502027,0.8055868
2017-11-16 00:30:00,2.2907925,0.7267525
2017-11-16 01:00:00,-1.4747742,0.21709543
2017-11-16 01:30:00,0.78447086,-0.1312645
2017-11-16 02:00:00,-14.177273,-0.19645104
2017-11-16 02:30:00,2.170706,-0.38958785
2017-11-16 03:00:00,1.8892208,-0.6079364
2017-11-16 03:30:00,1.6077355,-0.9735651
2017-11-16 04:00:00,1.348911,-0.4085673
2017-11-16 04:30:00,-1.7291374,-0.5732481
2017-11-16 05:00:00,-0.4508783,-0.8529022
2017-11-16 05:30:00,-1.0535147,-0.6052046
2017-11-16 06:00:00,-0.9677737,-0.27813393
2017-11-16 06:30:00,-0.88203263,0.16761771
2017-11-16 07:00:00,-11.913303,0.2882053
2017-11-16 07:30:00,-1.9623545,0.060059913
2017-11-16 08:00:00,0.06530122,-0.011498336
2017-11-16 08:30:00,-4.4772253,0.122152925
2017-11-16 09:00:00,-1.2939287,-0.7739963
2017-11-16 09:30:00,-0.10938743,-1.0235213
2017-11-16 10:00:00,-1.1464112,-1.3148373
2017-11-16 10:30:00,0.2814643,-1.7310026
2017-11-16 11:00:00,-1.5395162,-2.316634
2017-11-16 11:30:00,-3.6179686,-3.17158
2017-11-16 12:00:00,-1.8562851,-3.4464827
2017-11-16 12:30:00,-1.6027924,-3.5954585
2017-11-16 13:00:00,-0.9453389,-4.467873
2017-11-16 13:30:00,-0.25355896,-4.207549
2017-11-16 14:00:00,-1.0738205,-3.9534686
2017-11-16 14:30:00,-1.8940858,-3.6463566
2017-11-16 15:00:00,-1.7033116,-3.2136009
2017-11-16 15:30:00,0.44091514,-2.8446715
2017-11-16 16:00:00,1.2161791,-2.4279373
2017-11-16 16:30:00,0.218158,-2.6200266
2017-11-16 17:00:00,1.9230086,-2.0413961
2017-11-16 17:30:00,-0.29328886,-1.2453666
2017-11-16 18:00:00,2.6694133,-0.3834121
2017-11-16 18:30:00,4.4536405,-0.2559856
2017-11-16 19:00:00,1.9849998,0.060214404
2017-11-16 19:30:00,1.6155692,0.6045861
2017-11-16 20:00:00,1.2987022,0.8656074
2017-11-16 20:30:00,2.7052395,1.5426205
2017-11-16 21:00:00,0.15675454,1.4655949
2017-11-16 21:30:00,1.0707567,1.2407466
2017-11-16 22:00:00,-5.5710783,1.0090178
2017-11-16 22:30:00,-0.15981846,1.1544516
2017-11-16 23:00:00,2.280472,1.2165598
2017-11-16 23:30:00,0.32495466,0.86859167
2017-11-17 00:00:00,1.3427277,0.45034647
2017-11-17 00:30:00,1.710361,0.16555661
2017-11-17 01:00:00,-1.4528708,-0.14311488
2017-11-17 01:30:00,3.45756,-0.16116364
2017-11-17 02:00:00,1.720738,-0.9305909
2017-11-17 02:30:00,-0.016084002,-1.2487653
2017-11-17 03:00:00,-1.7529061,-0.3605629
2017-11-17 03:30:00,-3.4897282,-0.22312477
2017-11-17 04:00:00,-5.2265506,0.4908714
2017-11-17 04:30:00,-6.9633727,0.5173454
2017-11-17 05:00:00,-8.700191,0.49423248
2017-11-17 05:30:00,-10.437013,0.24854323
2017-11-17 06:00:00,-10.25556,0.17415898
2017-11-17 06:30:00,-10.074108,0.23545316
2017-11-17 07:00:00,-9.892655,0.22677167
2017-11-17 07:30:00,-9.711204,0.4364915
2017-11-17 08:00:00,-9.529748,0.5184721
2017-11-17 08:30:00,-9.348295,0.17272337
2017-11-17 09:00:00,-9.166843,-0.32322192
2017-11-17 09:30:00,-8.985391,-0.25807306
2017-11-17 10:00:00,-8.803939,-0.6936171
2017-11-17 10:30:00,-8.622486,-1.427806
2017-11-17 11:00:00,-8.4410305,-1.6153322
2017-11-17 11:30:00,-8.259579,-2.41727
2017-11-17 12:00:00,-8.078126,-3.0937896
2017-11-17 12:30:00,-7.896674,-3.290374
2017-11-17 13:00:00,-7.715222,-3.5024867
2017-11-17 13:30:00,-7.5337663,-3.154948
2017-11-17 14:00:00,-7.352314,-3.046226
2017-11-17 14:30:00,-7.1708617,-3.0624888
2017-11-17 15:00:00,-6.9894094,-2.528106
2017-11-17 15:30:00,-6.807957,-2.3627923
2017-11-17 16:00:00,-6.626505,-2.3924239
2017-11-17 16:30:00,-6.445049,-1.5071
2017-11-17 17:00:00,-6.263597,-0.82106626
2017-11-17 17:30:00,-6.0821447,-0.3088432
2017-11-17 18:00:00,-5.9006925,0.37349793
2017-11-17 18:30:00,-5.71924,0.6554166
2017-11-17 19:00:00,-5.537788,1.0696375
2017-11-17 19:30:00,-5.356332,1.4725506
2017-11-17 20:00:00,-5.1748796,1.5850333
2017-11-17 20:30:00,-4.9934273,1.9347346
2017-11-17 21:00:00,-4.8119755,1.897744
2017-11-17 21:30:00,-4.630523,1.5183357
2017-11-17 22:00:00,-4.449067,1.2691084
2017-11-17 22:30:00,-4.267615,0.8897415
2017-11-17 23:00:00,-4.0861626,1.0607902
2017-11-17 23:30:00,-3.9047103,0.43897083
2017-11-18 00:00:00,-3.723258,0.6174087
2017-11-18 00:30:00,-3.5418057,-0.12272618
2017-11-18 01:00:00,-3.36035,-0.19717826
2017-11-18 01:30:00,-3.1788976,-0.10575507
2017-11-18 02:00:00,-2.9974453,0.22008723
2017-11-18 02:30:00,-2.815993,-0.018013222
2017-11-18 03:00:00,-2.6345408,-0.20045643
2017-11-18 03:30:00,-2.453085,-0.15172102
2017-11-18 04:00:00,-2.2716327,0.016256815
2017-11-18 04:30:00,-2.0901804,0.005107278
2017-11-18 05:00:00,-1.9087282,-0.26511168
2017-11-18 05:30:00,-1.7272761,0.012959808
2017-11-18 06:00:00,-1.5458238,-0.4202293
2017-11-18 06:30:00,-1.3643678,-0.52863866
2017-11-18 07:00:00,-1.1829157,-0.5176059
2017-11-18 07:30:00,-2.2808192,-0.42273125
2017-11-18 08:00:00,-3.3787227,-0.3865998
2017-11-18 08:30:00,-4.47663,-0.7878098
2017-11-18 09:00:00,15.233706,-1.1325675
2017-11-18 09:30:00,8.545901,-2.2443411
2017-11-18 10:00:00,5.40374,-3.547616
2017-11-18 10:30:00,5.3703327,-4.055706
2017-11-18 11:00:00,5.336926,-4.039326
2017-11-18 11:30:00,6.009161,-4.31814
2017-11-18 12:00:00,6.1895056,-4.9429436
2017-11-18 12:30:00,5.352774,-5.039548
2017-11-18 13:00:00,10.943836,-5.66951
2017-11-18 13:30:00,5.392662,-5.9101276
2017-11-18 14:00:00,-0.15851472,-5.997338
2017-11-18 14:30:00,-0.7983414,-6.315859
2017-11-18 15:00:00,-1.438168,-6.48008
2017-11-18 15:30:00,-2.0779948,-6.234523
2017-11-18 16:00:00,-2.7178214,-6.163737
2017-11-18 16:30:00,-3.3576481,-5.8652015
2017-11-18 17:00:00,-3.9974751,-5.378925
2017-11-18 17:30:00,-4.6373053,-4.833434
2017-11-18 18:00:00,-6.0023723,-4.2381153
2017-11-18 18:30:00,-7.367439,-3.8962963
2017-11-18 19:00:00,-8.732505,-3.847056
2017-11-18 19:30:00,-8.43626,-3.4144056
2017-11-18 20:00:00,-8.140016,-3.4251633
2017-11-18 20:30:00,-7.8437676,-3.116424
2017-11-18 21:00:00,-7.547523,-3.4693131
2017-11-18 21:30:00,-7.2512784,-3.457813
2017-11-18 22:00:00,-6.95503,-3.3128352
2017-11-18 22:30:00,-6.6587853,-3.208337
2017-11-18 23:00:00,-6.3625407,-3.6215858
2017-11-18 23:30:00,-6.066293,-3.8713257
2017-11-19 00:00:00,-5.770048,-4.072466
2017-11-19 00:30:00,-5.4738035,-4.444154
2017-11-19 01:00:00,-5.177555,-3.7341287
2017-11-19 01:30:00,-4.8813105,-4.2855353
2017-11-19 02:00:00,-4.585066,-3.9326425
2017-11-19 02:30:00,-4.2888174,-3.8891973
2017-11-19 03:00:00,-3.9925728,-4.120346
2017-11-19 03:30:00,-3.696328,-4.235146
2017-11-19 04:00:00,-3.4000835,-4.598668
2017-11-19 04:30:00,-3.103835,-4.497806
2017-11-19 05:00:00,-2.8075905,-4.442748
2017-11-19 05:30:00,-2.5113459,-4.4799047
2017-11-19 06:00:00,-2.2150974,-4.780271
2017-11-19 06:30:00,-1.9188529,-4.852711
2017-11-19 07:00:00,-1.6226083,-4.4102
2017-11-19 07:30:00,-1.32636,-4.623605
2017-11-19 08:00:00,-1.0301154,-5.647874
2017-11-19 08:30:00,-0.73387074,-5.5436244
2017-11-19 09:00:00,-0.43762243,-5.4553814
2017-11-19 09:30:00,-0.14137782,-5.9665384
2017-11-19 10:00:00,3.0813773,-6.354357
2017-11-19 10:30:00,4.5777287,-6.669867
2017-11-19 11:00:00,2.637668,-7.158295
2017-11-19 11:30:00,-1.8409191,-7.1409626
2017-11-19 12:00:00,2.065036,-7.7990565
2017-11-19 12:30:00,-1.9848646,-7.5776334
2017-11-19 13:00:00,2.044915,-7.7137413
2017-11-19 13:30:00,3.024307,-7.9083357
2017-11-19 14:00:00,-0.13196911,-7.991296
2017-11-19 14:30:00,-0.25344592,-7.9633975
2017-11-19 15:00:00,-0.6626855,-8.449075
2017-11-19 15:30:00,-1.071929,-8.577908
2017-11-19 16:00:00,-1.4811686,-8.353443
2017-11-19 16:30:00,-2.672191,-8.544586
2017-11-19 17:00:00,-3.8632092,-8.474155
2017-11-19 17:30:00,-6.734948,-7.8586135
2017-11-19 18:00:00,-9.606683,-7.368034
2017-11-19 18:30:00,2.0961185,-7.8167396
2017-11-19 19:00:00,-2.6833065,-7.6784425
2017-11-19 19:30:00,-3.022563,-7.011987
2017-11-19 20:00:00,-3.3618155,-6.614975
2017-11-19 20:30:00,-1.0073867,-6.526502
2017-11-19 21:00:00,1.3470459,-7.1461697
2017-11-19 21:30:00,0.7652277,-7.165722
2017-11-19 22:00:00,0.18340944,-7.0489063
2017-11-19 22:30:00,-0.39841253,-7.2232933
2017-11-19 23:00:00,-0.9802307,-7.4779806
2017-11-19 23:30:00,-1.5620489,-7.7835283
2017-11-20 00:00:00,-2.1438708,-7.5439734
2017-11-20 00:30:00,-2.725689,-8.034681
2017-11-20 01:00:00,-3.3075073,-7.601304
2017-11-20 01:30:00,-3.8893292,-8.114265
2017-11-20 02:00:00,-5.5084767,-8.368387
2017-11-20 02:30:00,-7.1276236,-8.500211
2017-11-20 03:00:00,-8.746771,-8.728314
2017-11-20 03:30:00,-10.365917,-8.7831545
2017-11-20 04:00:00,-11.9850645,-8.69684
2017-11-20 04:30:00,-13.604212,-7.9449005
2017-11-20 05:00:00,-15.223363,-8.165374
2017-11-20 05:30:00,-15.359317,-7.593832
2017-11-20 06:00:00,-15.495274,-7.839404
2017-11-20 06:30:00,-15.631231,-7.775288
2017-11-20 07:00:00,-12.397205,-7.615396
2017-11-20 07:30:00,-9.16318,-7.537549
2017-11-20 08:00:00,-5.929156,-7.301257
2017-11-20 08:30:00,-4.696433,-6.531461
2017-11-20 09:00:00,-3.46371,-6.797256
2017-11-20 09:30:00,-2.2309835,-7.162316
2017-11-20 10:00:00,-0.9003489,-6.8613234
2017-11-20 10:30:00,0.43028557,-7.033209
2017-11-20 11:00:00,-1.833142,-7.283661
2017-11-20 11:30:00,-0.8857592,-7.364251
2017-11-20 12:00:00,0.96426517,-8.161433
2017-11-20 12:30:00,-0.7384037,-8.371387
2017-11-20 13:00:00,0.30629173,-8.580842
2017-11-20 13:30:00,-1.4978759,-8.508772
2017-11-20 14:00:00,-2.1999915,-8.092091
2017-11-20 14:30:00,-0.44613057,-8.305371
2017-11-20 15:00:00,1.3077343,-8.129175
2017-11-20 15:30:00,0.15778698,-8.118113
2017-11-20 16:00:00,0.24403292,-8.126451
2017-11-20 16:30:00,0.33027887,-8.049478
2017-11-20 17:00:00,-0.6502775,-7.4399805
2017-11-20 17:30:00,-2.605908,-7.2001843
2017-11-20 18:00:00,-4.561538,-6.8848696
2017-11-20 18:30:00,-3.3905203,-6.064499
2017-11-20 19:00:00,1.4561598,-5.893936
2017-11-20 19:30:00,-0.2551001,-5.937178
2017-11-20 20:00:00,-1.9663562,-5.6672416
2017-11-20 20:30:00,-3.6776161,-5.351825
2017-11-20 21:00:00,-12.620555,-5.494256
2017-11-20 21:30:00,-21.563496,-5.2605
2017-11-20 22:00:00,-20.81964,-5.3347826
2017-11-20 22:30:00,-20.075783,-4.831275
2017-11-20 23:00:00,-19.331928,-5.438324
2017-11-20 23:30:00,-18.588072,-5.9631243
2017-11-21 00:00:00,-17.844215,-6.1799283
2017-11-21 00:30:00,-17.100363,-6.324642
2017-11-21 01:00:00,-16.356504,-5.8014317
2017-11-21 01:30:00,-15.612651,-5.6950006
2017-11-21 02:00:00,-14.868797,-5.7988997
2017-11-21 02:30:00,-14.124939,-6.211406
2017-11-21 03:00:00,-13.381085,-6.1339884
2017-11-21 03:30:00,-12.637228,-6.3844295
2017-11-21 04:00:00,-11.893374,-6.239135
2017-11-21 04:30:00,-11.14952,-6.217149
2017-11-21 05:00:00,-10.405663,-6.1451983
2017-11-21 05:30:00,-9.661809,-5.486238
2017-11-21 06:00:00,-8.917951,-5.677404
2017-11-21 06:30:00,-8.174097,-5.729508
2017-11-21 07:00:00,-7.430244,-5.775798
2017-11-21 07:30:00,-6.686386,-5.4865847
2017-11-21 08:00:00,-5.9425325,-4.6901817
2017-11-21 08:30:00,-5.1986747,-3.9552584
2017-11-21 09:00:00,-4.4548206,-4.2004576
2017-11-21 09:30:00,-1.3088048,-4.4879565
2017-11-21 10:00:00,0.28929046,-5.078562
2017-11-21 10:30:00,1.887382,-4.692695
2017-11-21 11:00:00,-2.5075026,-5.941767
2017-11-21 11:30:00,-0.53121597,-6.3174305
2017-11-21 12:00:00,-1.7729895,-6.2749987
2017-11-21 12:30:00,-0.8388663,-6.29151
2017-11-21 13:00:00,-1.4557571,-7.010974
2017-11-21 13:30:00,-3.59056,-6.43587
2017-11-21 14:00:00,-0.50019395,-6.1941485
2017-11-21 14:30:00,-0.33865193,-6.542731
2017-11-21 15:00:00,-0.17710985,-5.954439
2017-11-21 15:30:00,-3.3273344,-5.6409597
2017-11-21 16:00:00,0.014598891,-5.610009
2017-11-21 16:30:00,0.32803315,-5.151458
2017-11-21 17:00:00,0.31565523,-4.2604065
2017-11-21 17:30:00,-3.9485962,-4.0653296
2017-11-21 18:00:00,-8.212848,-3.458499
2017-11-21 18:30:00,-12.477098,-3.3165202
2017-11-21 19:00:00,-1.1855344,-3.5554044
2017-11-21 19:30:00,-3.6435683,-2.6805332
2017-11-21 20:00:00,-2.1640637,-2.108346
2017-11-21 20:30:00,-0.6845588,-2.2289336
2017-11-21 21:00:00,-3.49252,-2.815797
2017-11-21 21:30:00,-2.25927,-4.018749
2017-11-21 22:00:00,-1.0260196,-4.077681
2017-11-21 22:30:00,-0.82646954,-4.74752
2017-11-21 23:00:00,0.43805522,-4.525403
2017-11-21 23:30:00,-9.451464,-4.949078
2017-11-22 00:00:00,-19.34098,-4.747471
2017-11-22 00:30:00,-29.2305,-5.180494
2017-11-22 01:00:00,-25.433052,-5.029216
2017-11-22 01:30:00,-21.635605,-5.676899
2017-11-22 02:00:00,-17.838158,-5.5372453
2017-11-22 02:30:00,-14.0407095,-6.2228456
2017-11-22 03:00:00,-10.243261,-5.582209
2017-11-22 03:30:00,-6.4458175,-5.6670117
2017-11-22 04:00:00,-2.6483696,-5.3531365
2017-11-22 04:30:00,-5.376668,-5.4608755
2017-11-22 05:00:00,-8.104969,-4.7386346
2017-11-22 05:30:00,-10.833267,-4.705789
2017-11-22 06:00:00,-7.035733,-4.8431745
2017-11-22 06:30:00,-1.4436505,-4.639299
2017-11-22 07:00:00,0.51051784,-4.4180603
2017-11-22 07:30:00,2.4646823,-4.1167965
2017-11-22 08:00:00,4.4188466,-3.9819734
2017-11-22 08:30:00,-2.1928701,-4.310555
2017-11-22 09:00:00,-3.9437053,-4.5853786
2017-11-22 09:30:00,-4.354618,-4.9836497
2017-11-22 10:00:00,-1.5212301,-4.6850386
2017-11-22 10:30:00,1.0283854,-4.465311
2017-11-22 11:00:00,-1.0549164,-4.574346
2017-11-22 11:30:00,-0.5791865,-5.0550795
2017-11-22 12:00:00,0.26337788,-5.627018
2017-11-22 12:30:00,0.95461154,-5.7018585
2017-11-22 13:00:00,-1.7751373,-5.1978493
2017-11-22 13:30:00,1.0402621,-5.4566097
2017-11-22 14:00:00,0.0027485043,-4.5577817
2017-11-22 14:30:00,0.3442318,-4.4213834
2017-11-22 15:00:00,1.7022786,-3.929225
2017-11-22 15:30:00,1.9890994,-4.0442886
2017-11-22 16:00:00,2.2759166,-4.123191
2017-11-22 16:30:00,2.5627372,-3.686923
2017-11-22 17:00:00,3.3024464,-3.4921699
2017-11-22 17:30:00,2.76312,-2.2021017
2017-11-22 18:00:00,2.1071813,-2.0094547
2017-11-22 18:30:00,2.2565262,-2.013234
2017-11-22 19:00:00,1.086944,-1.7759813
2017-11-22 19:30:00,1.0788842,-1.9574109
2017-11-22 20:00:00,8.173204,-1.7008209
2017-11-22 20:30:00,2.2063477,-1.5965563
2017-11-22 21:00:00,1.9961343,-2.0291953
2017-11-22 21:30:00,-2.748772,-2.6650355
2017-11-22 22:00:00,1.7273359,-2.5930023
2017-11-22 22:30:00,2.438766,-2.914971
2017-11-22 23:00:00,-3.4683144,-3.4215422
2017-11-22 23:30:00,-1.6409962,-4.3128157
2017-11-23 00:00:00,-2.4313662,-5.1828074
2017-11-23 00:30:00,-3.221736,-6.8974547
2017-11-23 01:00:00,-3.2746954,-6.214232
2017-11-23 01:30:00,-3.3276587,-6.3746214
2017-11-23 02:00:00,-2.1635587,-6.452438
2017-11-23 02:30:00,-2.2306895,-5.835992
2017-11-23 03:00:00,-2.2978241,-5.420388
2017-11-23 03:30:00,0.44414055,-4.884276
2017-11-23 04:00:00,0.61935675,-4.5192385
2017-11-23 04:30:00,0.7945729,-4.5278673
2017-11-23 05:00:00,0.9697891,-4.695996
2017-11-23 05:30:00,1.1450014,-4.609844
2017-11-23 06:00:00,1.3202176,-3.8829877
2017-11-23 06:30:00,1.4954338,-3.107019
2017-11-23 07:00:00,1.67065,-2.4034264
2017-11-23 07:30:00,1.8458661,-1.4440461
2017-11-23 08:00:00,2.0210786,-1.6645424
2017-11-23 08:30:00,2.1962948,-1.976104
2017-11-23 09:00:00,-0.24655426,-1.9077561
2017-11-23 09:30:00,-2.689403,-2.483553
2017-11-23 10:00:00,-2.8506777,-3.0385091
2017-11-23 10:30:00,-3.0119522,-3.2268682
2017-11-23 11:00:00,-1.3728797,-3.7492309
2017-11-23 11:30:00,-1.3952693,-4.256458
2017-11-23 12:00:00,1.1275368,-4.6974506
2017-11-23 12:30:00,1.774127,-4.575593
2017-11-23 13:00:00,0.32720795,-5.252026
2017-11-23 13:30:00,-1.119711,-4.9252377
2017-11-23 14:00:00,-1.0768952,-4.716618
2017-11-23 14:30:00,0.10151931,-4.4405403
2017-11-23 15:00:00,4.583226,-3.6384816
2017-11-23 15:30:00,2.2003188,-3.2242944
2017-11-23 16:00:00,1.3278517,-2.8993793
2017-11-23 16:30:00,0.6403295,-2.9763896
2017-11-23 17:00:00,0.9835159,-2.1576202
2017-11-23 17:30:00,6.2801976,-1.7100977
2017-11-23 18:00:00,1.779828,-0.8873455
2017-11-23 18:30:00,-1.4272182,-0.32813916
2017-11-23 19:00:00,-4.6342683,-0.4974885
2017-11-23 19:30:00,-12.951755,-0.7128
2017-11-23 20:00:00,-7.2123246,-0.3192278
2017-11-23 20:30:00,-3.745267,-0.96137935
2017-11-23 21:00:00,-0.07228008,-1.1080227
2017-11-23 21:30:00,3.6007068,-1.5247381
2017-11-23 22:00:00,-3.482938,-2.1701903
2017-11-23 22:30:00,6.656795,-1.7486633
2017-11-23 23:00:00,0.75855076,-2.5698292
2017-11-23 23:30:00,-5.139694,-2.8120818
2017-11-24 00:00:00,-5.136608,-2.448714
2017-11-24 00:30:00,-5.133518,-2.708002
2017-11-24 01:00:00,-5.130432,-2.9131663
2017-11-24 01:30:00,-5.1273465,-3.1327093
2017-11-24 02:00:00,-5.1242566,-3.167032
2017-11-24 02:30:00,-5.1211705,-3.1233609
2017-11-24 03:00:00,-5.1180844,-2.4264262
2017-11-24 03:30:00,-5.1149945,-2.4984856
2017-11-24 04:00:00,-5.111909,-2.0553753
2017-11-24 04:30:00,-5.108823,-2.1170425
2017-11-24 05:00:00,-5.1057367,-1.54293
2017-11-24 05:30:00,-5.102647,-1.2851304
2017-11-24 06:00:00,-5.099561,-1.4417703
2017-11-24 06:30:00,-5.096475,-1.0778447
2017-11-24 07:00:00,-5.093385,-0.65566576
2017-11-24 07:30:00,-5.090299,-0.27202222
2017-11-24 08:00:00,-5.087213,-0.44243795
2017-11-24 08:30:00,-5.0841236,-0.19178624
2017-11-24 09:00:00,-5.0810375,-0.7127812
2017-11-24 09:30:00,-5.0779514,-1.3478187
2017-11-24 10:00:00,-15.0264845,-2.009824
2017-11-24 10:30:00,-9.955875,-2.7720318
2017-11-24 11:00:00,-5.169695,-3.1117668
2017-11-24 11:30:00,-0.38351005,-3.7991722
2017-11-24 12:00:00,-0.83458585,-4.397901
2017-11-24 12:30:00,-0.2710614,-4.6296186
2017-11-24 13:00:00,0.33199707,-5.2124467
2017-11-24 13:30:00,-1.2929603,-5.5175953
2017-11-24 14:00:00,1.6542478,-5.422807
2017-11-24 14:30:00,1.0281329,-5.2649465
2017-11-24 15:00:00,2.6897304,-4.7328696
2017-11-24 15:30:00,1.4706705,-4.08247
2017-11-24 16:00:00,0.2291003,-3.650769
2017-11-24 16:30:00,2.3614993,-3.0172915
2017-11-24 17:00:00,-5.0048294,-2.4860737
2017-11-24 17:30:00,-7.950609,-1.7832122
2017-11-24 18:00:00,-2.9769473,-0.98470706
2017-11-24 18:30:00,1.9967146,-1.1444631
2017-11-24 19:00:00,1.3874917,-0.936258
2017-11-24 19:30:00,-1.4643897,-1.2469077
2017-11-24 20:00:00,-4.3162713,-1.127541
2017-11-24 20:30:00,-2.1172347,-0.79438496
2017-11-24 21:00:00,-2.2624464,-0.70912623
2017-11-24 21:30:00,-2.4076579,-0.5231524
2017-11-24 22:00:00,-8.437907,-1.2180259
2017-11-24 22:30:00,-14.468156,-1.233
2017-11-24 23:00:00,-13.640257,-2.0746074
2017-11-24 23:30:00,-12.812357,-2.6927528
2017-11-25 00:00:00,-11.984454,-3.4264596
2017-11-25 00:30:00,-11.156555,-3.478213
2017-11-25 01:00:00,-10.328656,-3.2422228
2017-11-25 01:30:00,-9.500756,-3.3023639
2017-11-25 02:00:00,-7.934625,-3.1155272
2017-11-25 02:30:00,-10.519604,-3.347335
2017-11-25 03:00:00,-8.686742,-3.2025418
2017-11-25 03:30:00,-7.485871,-3.1305993
2017-11-25 04:00:00,-10.585476,-3.1576536
2017-11-25 04:30:00,-13.685077,-2.7381687
2017-11-25 05:00:00,-16.784683,-2.7569032
2017-11-25 05:30:00,-19.884285,-2.3360431
2017-11-25 06:00:00,-17.205908,-2.146644
2017-11-25 06:30:00,-14.527533,-2.0629492
2017-11-25 07:00:00,-11.849156,-1.9868805
2017-11-25 07:30:00,-9.170781,-1.6439842
2017-11-25 08:00:00,-6.4924054,-1.823737
2017-11-25 08:30:00,-3.8140292,-2.1944752
2017-11-25 09:00:00,-2.2565343,-2.584969
2017-11-25 09:30:00,-0.6990355,-3.2515447
2017-11-25 10:00:00,-8.626228,-3.97761
2017-11-25 10:30:00,-4.5348344,-4.765026
2017-11-25 11:00:00,-0.44344398,-5.566048
2017-11-25 11:30:00,-1.7834119,-5.728547
2017-11-25 12:00:00,-3.1233835,-6.282821
2017-11-25 12:30:00,1.6496961,-6.6947813
2017-11-25 13:00:00,1.4533414,-6.961485
2017-11-25 13:30:00,0.046736237,-7.0433445
2017-11-25 14:00:00,-1.3598726,-7.0189734
2017-11-25 14:30:00,0.20081009,-6.6699085
2017-11-25 15:00:00,-0.3107498,-6.0068445
2017-11-25 15:30:00,0.257123,-5.900082
2017-11-25 16:00:00,0.8249958,-5.4443865
2017-11-25 16:30:00,0.6796072,-4.729761
2017-11-25 17:00:00,0.9447356,-4.161858
2017-11-25 17:30:00,1.209864,-4.1901407
2017-11-25 18:00:00,1.4749924,-3.4597385
2017-11-25 18:30:00,-0.8334215,-2.4273646
2017-11-25 19:00:00,-1.0501951,-1.5453755
2017-11-25 19:30:00,-9.209614,-1.4409564
2017-11-25 20:00:00,-1.2196612,-1.3766817
2017-11-25 20:30:00,-7.664998,-1.2042991
2017-11-25 21:00:00,-22.060427,-1.6485661
2017-11-25 21:30:00,-8.95406,-1.3890973
2017-11-25 22:00:00,-16.101704,-1.7489383
2017-11-25 22:30:00,-3.2282887,-2.413193
2017-11-25 23:00:00,-1.7890714,-3.6120338
2017-11-25 23:30:00,-8.700646,-4.2581835
2017-11-26 00:00:00,-1.3216574,-3.9496965
2017-11-26 00:30:00,-4.2410917,-4.611672
2017-11-26 01:00:00,-7.1605296,-4.370583
2017-11-26 01:30:00,-10.079964,-4.579105
2017-11-26 02:00:00,-6.6409063,-4.469109
2017-11-26 02:30:00,-10.783865,-4.4621496
2017-11-26 03:00:00,-14.529412,-4.36391
2017-11-26 03:30:00,-7.382447,-4.5279503
2017-11-26 04:00:00,-11.738679,-4.190408
2017-11-26 04:30:00,-9.820352,-4.233548
2017-11-26 05:00:00,-7.902021,-4.4131694
2017-11-26 05:30:00,-5.9836903,-4.6124706
2017-11-26 06:00:00,-26.974463,-4.664816
2017-11-26 06:30:00,-23.111734,-4.2281904
2017-11-26 07:00:00,-19.249004,-3.7715073
2017-11-26 07:30:00,-15.386276,-3.5028107
2017-11-26 08:00:00,-5.1693745,-3.4215798
2017-11-26 08:30:00,-8.889431,-3.5258822
2017-11-26 09:00:00,4.2911,-3.7581308
2017-11-26 09:30:00,2.5496962,-4.4129734
2017-11-26 10:00:00,0.80829597,-5.5553956
2017-11-26 10:30:00,1.3654337,-5.7896757
2017-11-26 11:00:00,-0.35928553,-5.8129544
2017-11-26 11:30:00,-0.86402905,-6.3543305
2017-11-26 12:00:00,0.15883449,-7.282048
2017-11-26 12:30:00,1.2207422,-7.4886026
2017-11-26 13:00:00,3.0967584,-7.992807
2017-11-26 13:30:00,3.4718409,-7.8183036
2017-11-26 14:00:00,6.1983714,-7.830828
2017-11-26 14:30:00,7.1983294,-7.90473
2017-11-26 15:00:00,5.6308985,-7.8593106
2017-11-26 15:30:00,6.9708056,-7.508117
2017-11-26 16:00:00,13.154274,-7.1508083
2017-11-26 16:30:00,8.542232,-6.4342914
2017-11-26 17:00:00,-3.5996335,-5.2821774
2017-11-26 17:30:00,5.0733423,-4.346498
2017-11-26 18:00:00,1.3295925,-3.311784
2017-11-26 18:30:00,1.8150023,-2.7289445
2017-11-26 19:00:00,-0.17744143,-2.5824633
2017-11-26 19:30:00,-8.532861,-2.7783732
2017-11-26 20:00:00,-9.517859,-2.1508114
2017-11-26 20:30:00,-3.0665092,-2.051713
2017-11-26 21:00:00,-0.98631227,-2.6290095
2017-11-26 21:30:00,-3.790709,-3.003135
2017-11-26 22:00:00,-6.5951023,-2.7738516
2017-11-26 22:30:00,-9.399499,-2.9182982
2017-11-26 23:00:00,-0.12723273,-3.291139
2017-11-26 23:30:00,-8.742268,-4.0493755
2017-11-27 00:00:00,-3.5101883,-4.261816
2017-11-27 00:30:00,-23.564182,-4.768666
2017-11-27 01:00:00,-22.886074,-4.7199454
2017-11-27 01:30:00,-22.207962,-4.674285
2017-11-27 02:00:00,-21.529852,-4.6942024
2017-11-27 02:30:00,-20.851742,-5.270052
2017-11-27 03:00:00,-20.173634,-5.676914
2017-11-27 03:30:00,-19.495522,-5.556477
2017-11-27 04:00:00,-14.9172125,-5.4653893
2017-11-27 04:30:00,-10.338904,-5.2498293
2017-11-27 05:00:00,-5.7605977,-4.875704
2017-11-27 05:30:00,-7.8178854,-4.5061827
2017-11-27 06:00:00,-9.875175,-4.945544
2017-11-27 06:30:00,-11.932464,-5.5925107
2017-11-27 07:00:00,-9.92292,-5.573701
2017-11-27 07:30:00,-7.9133773,-5.505357
2017-11-27 08:00:00,-5.903831,-4.9364853
2017-11-27 08:30:00,-3.8942878,-4.6855736
2017-11-27 09:00:00,-1.8847449,-4.219833
2017-11-27 09:30:00,0.12479806,-4.7734246
2017-11-27 10:00:00,-2.9474251,-5.460295
2017-11-27 10:30:00,-1.8027493,-5.3741093
2017-11-27 11:00:00,-1.5340451,-6.44237
2017-11-27 11:30:00,-2.9788766,-6.9627733
2017-11-27 12:00:00,-1.659354,-7.6656427
2017-11-27 12:30:00,-2.1162212,-7.8025494
2017-11-27 13:00:00,-2.6023471,-7.869311
2017-11-27 13:30:00,-2.0558012,-7.8300295
2017-11-27 14:00:00,-1.3977524,-6.911525
2017-11-27 14:30:00,-0.38607985,-6.5981054
2017-11-27 15:00:00,0.625589,-5.985921
2017-11-27 15:30:00,1.9822454,-5.8089075
2017-11-27 16:00:00,2.6950095,-4.983823
2017-11-27 16:30:00,-3.343081,-4.36226
2017-11-27 17:00:00,-2.3422565,-4.3856177
2017-11-27 17:30:00,-1.3414358,-3.4510307
2017-11-27 18:00:00,-0.33084083,-2.878919
2017-11-27 18:30:00,0.0049000373,-2.2832081
2017-11-27 19:00:00,-0.5490575,-2.1502237
2017-11-27 19:30:00,0.32611144,-2.2638292
2017-11-27 20:00:00,-3.0009005,-1.7553364
2017-11-27 20:30:00,-4.2554593,-1.9697134
2017-11-27 21:00:00,-5.3666263,-2.2137372
2017-11-27 21:30:00,-2.7412698,-2.0697806
2017-11-27 22:00:00,-3.3061018,-2.1602578
2017-11-27 22:30:00,-6.8370385,-2.9607978
2017-11-27 23:00:00,-10.367975,-3.2690961
2017-11-27 23:30:00,-2.0859,-4.023565
2017-11-28 00:00:00,-5.93968,-3.9970002
2017-11-28 00:30:00,-3.1917803,-5.1367927
2017-11-28 01:00:00,-26.107899,-6.027546
2017-11-28 01:30:00,2.05461,-6.584458
2017-11-28 02:00:00,-13.802168,-7.198255
2017-11-28 02:30:00,-8.3743515,-7.6803904
2017-11-28 03:00:00,-2.9465358,-6.6205816
2017-11-28 03:30:00,-4.4974747,-7.155066
2017-11-28 04:00:00,-14.5156145,-7.1935678
2017-11-28 04:30:00,-5.1110797,-6.466975
2017-11-28 05:00:00,-20.41447,-6.0080504
2017-11-28 05:30:00,-3.4013758,-5.8334675
2017-11-28 06:00:00,-4.920807,-5.676718
2017-11-28 06:30:00,-6.4402337,-5.841979
2017-11-28 07:00:00,-3.6424153,-5.549589
2017-11-28 07:30:00,-0.84459746,-5.325634
2017-11-28 08:00:00,-2.190854,-4.7890205
2017-11-28 08:30:00,-3.5371146,-4.177081
2017-11-28 09:00:00,-4.8833714,-4.1361604
2017-11-28 09:30:00,-1.3850429,-4.3280725
2017-11-28 10:00:00,-4.220854,-4.931885
2017-11-28 10:30:00,-1.1342367,-5.105782
2017-11-28 11:00:00,-2.2297475,-5.811741
2017-11-28 11:30:00,-0.36867163,-6.440569
2017-11-28 12:00:00,1.492408,-7.017843
2017-11-28 12:30:00,-2.9400585,-7.1872487
2017-11-28 13:00:00,-0.960995,-7.4607573
2017-11-28 13:30:00,1.0180686,-7.0042367
2017-11-28 14:00:00,1.3458703,-6.5011544
2017-11-28 14:30:00,1.6736757,-6.4370008
2017-11-28 15:00:00,2.0014772,-5.4465947
2017-11-28 15:30:00,2.7117205,-4.6297545
2017-11-28 16:00:00,0.8493635,-3.6411192
2017-11-28 16:30:00,0.36384428,-3.298818
2017-11-28 17:00:00,0.69103557,-2.5208526
2017-11-28 17:30:00,-0.17441949,-1.515058
2017-11-28 18:00:00,-1.5859531,-1.3161675
2017-11-28 18:30:00,-2.7923677,-0.5824383
2017-11-28 19:00:00,-2.8555195,-0.57764536
2017-11-28 19:30:00,7.379371,-0.3917017
2017-11-28 20:00:00,1.0918009,-0.4456822
2017-11-28 20:30:00,-5.19577,-0.28954345
2017-11-28 21:00:00,-0.2591281,-0.33099157
2017-11-28 21:30:00,-3.1361344,-0.35328308
2017-11-28 22:00:00,4.5601544,-0.10938743
2017-11-28 22:30:00,5.108784,-0.5587036
2017-11-28 23:00:00,5.6574173,-1.2320429
2017-11-28 23:30:00,2.6550987,-1.494628
2017-11-29 00:00:00,4.3238516,-2.2150939
2017-11-29 00:30:00,8.446732,-2.7676194
2017-11-29 01:00:00,12.569614,-3.6807888
2017-11-29 01:30:00,4.3100605,-3.883093
2017-11-29 02:00:00,5.274339,-3.6144643
2017-11-29 02:30:00,3.8209543,-4.258255
2017-11-29 03:00:00,6.829607,-4.138896
2017-11-29 03:30:00,6.1633368,-3.4214668
2017-11-29 04:00:00,6.187497,-3.963789
2017-11-29 04:30:00,-10.036466,-3.5157726
2017-11-29 05:00:00,9.76902,-4.0872817
2017-11-29 05:30:00,3.8387885,-4.236389
2017-11-29 06:00:00,3.4822407,-3.445684
2017-11-29 06:30:00,3.125689,-3.112931
2017-11-29 07:00:00,2.7691374,-2.4340603
2017-11-29 07:30:00,3.6209674,-1.9181294
2017-11-29 08:00:00,4.472797,-1.7820064
2017-11-29 08:30:00,5.324627,-1.5734961
2017-11-29 09:00:00,4.3290586,-2.1259654
2017-11-29 09:30:00,3.3334947,-2.44131
2017-11-29 10:00:00,2.3379266,-2.5020766
2017-11-29 10:30:00,3.3369462,-2.956668
2017-11-29 11:00:00,5.3113785,-3.3356016
2017-11-29 11:30:00,2.7299426,-3.7405796
2017-11-29 12:00:00,2.5484114,-4.178671
2017-11-29 12:30:00,2.3668838,-4.442605
2017-11-29 13:00:00,2.1853561,-5.001898
2017-11-29 13:30:00,-1.5702895,-4.898922
2017-11-29 14:00:00,-29.557356,-4.554594
2017-11-29 14:30:00,3.1152177,-4.4046383
2017-11-29 15:00:00,6.121568,-3.6354747
2017-11-29 15:30:00,0.5567098,-3.8842988
2017-11-29 16:00:00,-5.008153,-3.8804555
2017-11-29 16:30:00,6.126772,-3.7673023
2017-11-29 17:00:00,3.7850301,-2.5695238
2017-11-29 17:30:00,4.087413,-1.6782731
2017-11-29 18:00:00,4.3897953,-0.76004714
2017-11-29 18:30:00,5.677972,-0.5947898
2017-11-29 19:00:00,5.1995177,-0.44299182
2017-11-29 19:30:00,3.866001,-0.37334397
2017-11-29 20:00:00,2.3083553,0.8214087
2017-11-29 20:30:00,4.5276365,0.40387183
2017-11-29 21:00:00,5.5598903,-0.24335898
2017-11-29 21:30:00,5.856523,-0.44089305
2017-11-29 22:00:00,-16.260859,-0.35323787
2017-11-29 22:30:00,6.1400504,-0.14846168
2017-11-29 23:00:00,-29.773376,-0.5475465
2017-11-29 23:30:00,-8.949391,-0.9009254
2017-11-30 00:00:00,-5.5683165,-1.6391311
2017-11-30 00:30:00,-2.1872406,-1.9895633
2017-11-30 01:00:00,1.1938386,-1.1503901
2017-11-30 01:30:00,6.050112,-1.1177781
2017-11-30 02:00:00,10.906385,-0.9815608
2017-11-30 02:30:00,15.762659,-0.7818488
2017-11-30 03:00:00,20.618937,-0.31145066
2017-11-30 03:30:00,25.475206,-0.32185414
2017-11-30 04:00:00,30.331484,0.6614793
2017-11-30 04:30:00,22.845453,-0.17183088
2017-11-30 05:00:00,15.359422,0.17266308
2017-11-30 05:30:00,7.8733945,0.87899137
2017-11-30 06:00:00,0.3873642,0.85689956
2017-11-30 06:30:00,1.684358,0.9384204
2017-11-30 07:00:00,3.64243,1.5667132
2017-11-30 07:30:00,1.6784158,1.5548629
2017-11-30 08:00:00,0.4491407,1.5092963
2017-11-30 08:30:00,-0.7801306,1.4440796
2017-11-30 09:00:00,-2.009402,1.3353236
2017-11-30 09:30:00,-3.238677,0.7900287
2017-11-30 10:00:00,11.856553,-0.25118512
2017-11-30 10:30:00,1.1703337,-0.8034621
2017-11-30 11:00:00,1.1703337,-1.0727315
2017-11-30 11:30:00,1.1703337,-1.3802801
2017-11-30 12:00:00,1.1703337,-1.7988268
2017-11-30 12:30:00,1.1703337,-2.6823306
2017-11-30 13:00:00,1.1703337,-2.8374934
2017-11-30 13:30:00,1.1703337,-2.5472813
2017-11-30 14:00:00,1.1703337,-4.945284
2017-11-30 14:30:00,1.1703337,-5.33499
2017-11-30 15:00:00,1.1703337,-3.636771
2017-11-30 15:30:00,1.1703337,-3.121703
2017-11-30 16:00:00,1.1703337,-3.2945378
2017-11-30 16:30:00,1.1703337,-2.575338
2017-11-30 17:00:00,1.1703337,-1.789128
2017-11-30 17:30:00,1.1703337,-0.642376
2017-11-30 18:00:00,1.1703337,-0.032670774
2017-11-30 18:30:00,1.1703337,-0.010812558
2017-11-30 19:00:00,1.1703337,-0.055625483
2017-11-30 19:30:00,1.1703337,0.07175581
2017-11-30 20:00:00,1.1703337,0.2646326
2017-11-30 20:30:00,1.1703337,0.28881946
2017-11-30 21:00:00,1.1703337,0.6600324
2017-11-30 21:30:00,1.1703337,0.90496427
2017-11-30 22:00:00,1.1703337,0.13573281
2017-11-30 22:30:00,1.1703337,0.5326737
2017-11-30 23:00:00,1.1703337,-0.84293574
2017-11-30 23:30:00,1.1703337,-2.2456071
